ensemble,seed,candidate_name,r_birth,r_death,p_swap,p_triad,p_del,meeting,first_meeting_time,final_radius_control,total_unequal_time,avg_local_overlap,avg_same_descriptor,shared_token_fraction_final,shared_node_fraction_final,fit_speed_control,final_edge_diff_count,abs_delta_tokens,abs_delta_nodes,abs_delta_beta1,abs_delta_triangles,abs_delta_spectral_radius,abs_delta_clustering,abs_delta_dim_proxy,initial_nodes,initial_tokens,initial_beta1,initial_triangles,initial_spectral_radius,initial_dim_proxy
toy_cycle8,101,refined_winner_pdel0.00,0.08,0.02,0.02,0.0,0.0,0,-1.0,2.0,11.4074159776247,0.2997864949038705,0.2689075630252101,0.8235294117647058,1.0,0.17169479275934996,6.0,1.0,0.0,0.0,0.0,0.20278898470586393,0.0,0.06938216856898904,8.0,4.0,1.0,0.0,2.0,1.0968571310647857
toy_cycle8,102,refined_winner_pdel0.00,0.08,0.02,0.02,0.0,0.0,0,-1.0,3.0,12.340869983219642,0.4791585056769938,0.5333333333333333,0.8,1.0,0.2615650334250806,6.0,4.0,0.0,0.0,0.0,0.27548607480540843,0.0,0.29294652940825316,8.0,4.0,1.0,0.0,2.0,1.0968571310647857
toy_cycle8,103,refined_winner_pdel0.00,0.08,0.02,0.02,0.0,0.0,0,-1.0,3.0,13.84755889251957,0.46074794468819225,0.4700854700854701,0.9375,1.0,0.2318636639494505,2.0,1.0,0.0,0.0,0.0,0.0,0.0,0.08670557050490757,8.0,4.0,1.0,0.0,2.0,1.0968571310647857
toy_cycle8,104,refined_winner_pdel0.00,0.08,0.02,0.02,0.0,0.0,0,-1.0,3.0,13.652468840379345,0.6979895609805933,0.7,0.6842105263157895,1.0,0.11322254285883651,0.0,0.0,0.0,0.0,0.0,0.0,0.0,0.0,8.0,4.0,1.0,0.0,2.0,1.0968571310647857
toy_cycle8,105,refined_winner_pdel0.00,0.08,0.02,0.02,0.0,0.0,0,-1.0,3.0,11.809183460882778,0.387992789448153,0.39166666666666666,0.875,1.0,0.21426732283880037,6.0,0.0,0.0,0.0,0.0,0.014171711421182565,0.0,0.11729680449252156,8.0,4.0,1.0,0.0,2.0,1.0968571310647857
natural24,101,refined_winner_pdel0.00,0.08,0.02,0.02,0.0,0.0,0,-1.0,3.0,48.594156355231185,0.446129508121575,0.46236559139784944,0.48484848484848486,1.0,0.37811458815286275,2.0,9.0,0.0,0.0,0.0,0.06981909029753508,0.0,0.16879994171344137,26.0,8.0,1.0,0.0,2.6237013224059,1.6473098575341685
natural24,102,refined_winner_pdel0.00,0.08,0.02,0.02,0.0,0.0,0,-1.0,3.0,61.83768044698997,0.7394235869521553,0.7029702970297029,0.5,1.0,0.5185572978173836,4.0,7.0,0.0,0.0,0.0,0.13363083474516513,0.005381944444444453,0.09663628497849741,32.0,6.0,3.0,2.0,3.447641427497026,2.5464416979494686
natural24,103,refined_winner_pdel0.00,0.08,0.02,0.02,0.0,0.0,0,-1.0,4.0,126.31864995404311,0.21732020956743237,0.25609756097560976,0.3333333333333333,1.0,0.2136165862646256,2.0,6.0,0.0,0.0,0.0,0.012317924310211392,0.0,0.0,45.0,2.0,2.0,1.0,3.4244254690327125,2.3690795840246075
natural24,104,refined_winner_pdel0.00,0.08,0.02,0.02,0.0,0.0,0,-1.0,3.0,75.7134625117874,0.5211872600842056,0.5625,0.5714285714285714,1.0,0.36464460428795614,4.0,5.0,0.0,0.0,0.0,0.10518340826873152,0.0,0.008575232105170638,34.0,3.0,2.0,0.0,3.266229954316078,2.4594367145855713
natural24,105,refined_winner_pdel0.00,0.08,0.02,0.02,0.0,0.0,0,-1.0,4.0,60.89729707756659,0.339397692926392,0.2761904761904762,0.3125,1.0,0.32980539684392673,8.0,6.0,0.0,0.0,0.0,0.31026353299692433,0.0,0.13230153086245533,29.0,4.0,2.0,0.0,3.0576180360933045,2.3651992796878725
natural48,101,refined_winner_pdel0.00,0.08,0.02,0.02,0.0,0.0,0,-1.0,3.0,130.5084439769274,0.7696078678185327,0.7522123893805309,0.7586206896551724,1.0,0.546740065205892,6.0,5.0,0.0,0.0,0.0,0.05944771336135535,0.001029159519725556,0.009379844265559711,53.0,10.0,7.0,4.0,4.145887947686547,2.9525170294252394
natural48,102,refined_winner_pdel0.00,0.08,0.02,0.02,0.0,0.0,0,-1.0,4.0,134.66692863045105,0.8657492765913342,0.8771929824561403,0.8611111111111112,1.0,1.046054143077223,1.0,3.0,0.0,1.0,1.0,0.01630583718699441,0.025831087151841903,0.14949047341747645,53.0,12.0,13.0,13.0,4.3344201912397295,2.320558330419931
natural48,103,refined_winner_pdel0.00,0.08,0.02,0.02,0.0,0.0,0,-1.0,3.0,161.70068529706813,0.8820950831901102,0.8416666666666667,0.7714285714285715,1.0,0.5068201528840058,2.0,0.0,0.0,0.0,1.0,0.05132298880198061,0.008022437332782156,0.0015567846968225219,58.0,8.0,10.0,8.0,4.25628009890024,3.0098543544915417
natural48,104,refined_winner_pdel0.00,0.08,0.02,0.02,0.0,0.0,0,-1.0,4.0,120.22121749506618,0.8466119403244177,0.7916666666666666,0.9259259259259259,1.0,1.3506254727377873,2.0,0.0,0.0,0.0,2.0,0.06728496549123886,0.029619047619047614,0.030194087674623837,49.0,24.0,10.0,5.0,3.890674850160077,2.4612490891036085
natural48,105,refined_winner_pdel0.00,0.08,0.02,0.02,0.0,0.0,0,-1.0,6.0,108.30878249705216,0.5314518114836574,0.5048543689320388,0.5333333333333333,1.0,1.5346219469938802,10.0,7.0,0.0,0.0,1.0,0.07349421760573449,0.018617920540997465,0.0026166240361051862,52.0,12.0,8.0,5.0,4.217988168411378,3.2843759802351147
natural_jitter,101,refined_winner_pdel0.00,0.08,0.02,0.02,0.0,0.0,0,-1.0,3.0,109.47043331698212,0.5153122084290584,0.45535714285714285,0.4864864864864865,1.0,0.4193802336523916,4.0,1.0,0.0,0.0,0.0,0.0,0.0,0.0,37.0,7.0,3.0,2.0,3.647122786241368,2.640672306896578
natural_jitter,102,refined_winner_pdel0.00,0.08,0.02,0.02,0.0,0.0,0,-1.0,2.0,99.3988519535397,0.925700332706939,0.9416666666666667,1.0,1.0,0.6452054142757648,4.0,0.0,0.0,0.0,1.0,0.050577800486822255,0.03169027941755215,0.15014235082250904,44.0,15.0,12.0,8.0,4.710923791321034,2.963513679088454
natural_jitter,103,refined_winner_pdel0.00,0.08,0.02,0.02,0.0,0.0,0,-1.0,3.0,99.20745025257008,0.9389527217596969,0.9495798319327731,0.9629629629629629,1.0,0.4011980930216003,2.0,1.0,0.0,0.0,0.0,0.006759303207108935,0.0,0.045667527002175134,44.0,12.0,7.0,4.0,4.0149994395325495,2.716468719175102
natural_jitter,104,refined_winner_pdel0.00,0.08,0.02,0.02,0.0,0.0,0,-1.0,3.0,93.07334033612293,0.5813121502384578,0.5431034482758621,0.59375,1.0,0.4723811643503562,4.0,1.0,0.0,0.0,1.0,0.02184199338087378,0.037037037037037035,0.051154763404531955,36.0,5.0,4.0,3.0,3.1331209922810506,2.003606472056166
natural_jitter,105,refined_winner_pdel0.00,0.08,0.02,0.02,0.0,0.0,0,-1.0,3.0,90.02183644498437,0.44098028025795644,0.35344827586206895,0.4827586206896552,1.0,0.270237720298537,12.0,3.0,0.0,0.0,0.0,0.09561433692629073,0.0004429678848283519,0.04066357197358483,43.0,6.0,4.0,2.0,3.1932418807283804,2.1834073397980256
toy_cycle8,101,refined_winner_pdel0.01,0.08,0.02,0.02,0.0,0.01,0,-1.0,3.0,11.18552163460549,0.3249858128299825,0.35714285714285715,0.9375,1.0,0.2687294668963787,6.0,1.0,0.0,0.0,1.0,0.4894341513533642,0.17916666666666667,0.09975481745540149,8.0,4.0,1.0,0.0,2.0,1.0968571310647857
toy_cycle8,102,refined_winner_pdel0.01,0.08,0.02,0.02,0.0,0.01,0,-1.0,4.0,10.649702134934635,0.3071620826724488,0.32075471698113206,0.4074074074074074,0.875,0.3963203555428035,5.0,4.0,1.0,0.0,0.0,0.06030789338956488,0.0,0.02715497047067128,8.0,4.0,1.0,0.0,2.0,1.0968571310647857
toy_cycle8,103,refined_winner_pdel0.01,0.08,0.02,0.02,0.0,0.01,0,-1.0,3.0,14.329376813922657,0.46680155953161717,0.45,0.7647058823529411,1.0,0.24305055589599167,4.0,0.0,0.0,0.0,0.0,0.06807836527323641,0.0,0.056092134143000294,8.0,4.0,1.0,0.0,2.0,1.0968571310647857
toy_cycle8,104,refined_winner_pdel0.01,0.08,0.02,0.02,0.0,0.01,0,-1.0,3.0,14.003242233899478,0.5236349457316793,0.5,0.6470588235294118,0.875,0.18306688370280558,2.0,0.0,1.0,1.0,0.0,0.2476770834258606,0.0,0.13967881010788064,8.0,4.0,1.0,0.0,2.0,1.0968571310647857
toy_cycle8,105,refined_winner_pdel0.01,0.08,0.02,0.02,0.0,0.01,0,-1.0,2.0,12.604665828110472,0.4360244317190096,0.3898305084745763,0.7222222222222222,1.0,0.09503325292512496,5.0,1.0,0.0,1.0,0.0,0.4109660918494906,0.0,0.17389640473564705,8.0,4.0,1.0,0.0,2.0,1.0968571310647857
natural24,101,refined_winner_pdel0.01,0.08,0.02,0.02,0.0,0.01,0,-1.0,8.0,48.04744150667619,0.37231941958197323,0.3229166666666667,0.41025641025641024,1.0,1.233174999083984,3.0,7.0,0.0,1.0,0.0,0.2821048537651567,0.0,0.36945833480560886,26.0,8.0,1.0,0.0,2.6237013224059,1.6473098575341685
natural24,102,refined_winner_pdel0.01,0.08,0.02,0.02,0.0,0.01,0,-1.0,3.0,62.01523094864622,0.7340866409354573,0.696078431372549,0.48484848484848486,1.0,0.4820876208482349,6.0,9.0,0.0,0.0,0.0,0.026096010178268347,0.0,0.04428429034425729,32.0,6.0,3.0,2.0,3.447641427497026,2.5464416979494686
natural24,103,refined_winner_pdel0.01,0.08,0.02,0.02,0.0,0.01,0,-1.0,5.0,126.47510373455009,0.21066243610832705,0.2441860465116279,0.38095238095238093,0.9777777777777777,0.28982398694967454,3.0,3.0,1.0,0.0,0.0,0.11538043142227838,0.0007267115600448903,0.022858690869606235,45.0,2.0,2.0,1.0,3.4244254690327125,2.3690795840246075
natural24,104,refined_winner_pdel0.01,0.08,0.02,0.02,0.0,0.01,0,-1.0,3.0,75.39352797352389,0.6384295600780281,0.6869565217391305,0.6071428571428571,1.0,0.3032049518650373,4.0,1.0,0.0,0.0,0.0,0.04393887655766182,0.0,0.032693751747077116,34.0,3.0,2.0,0.0,3.266229954316078,2.4594367145855713
natural24,105,refined_winner_pdel0.01,0.08,0.02,0.02,0.0,0.01,0,-1.0,3.0,61.84281636075397,0.36103129758934566,0.3142857142857143,0.5172413793103449,1.0,0.28487512325747183,9.0,4.0,0.0,1.0,1.0,0.21780598291123754,0.01379310344827586,0.4966116045287656,29.0,4.0,2.0,0.0,3.0576180360933045,2.3651992796878725
natural48,101,refined_winner_pdel0.01,0.08,0.02,0.02,0.0,0.01,0,-1.0,2.0,129.44958522443568,0.65407956422588,0.6,0.475,1.0,0.5792024505716703,2.0,1.0,0.0,0.0,0.0,0.07971565045806717,0.00015246807699637738,0.125431457760393,53.0,10.0,7.0,4.0,4.145887947686547,2.9525170294252394
natural48,102,refined_winner_pdel0.01,0.08,0.02,0.02,0.0,0.01,0,-1.0,3.0,134.93325065787036,0.799573610231637,0.7368421052631579,0.6829268292682927,1.0,0.6418457212900237,3.0,1.0,0.0,1.0,1.0,0.006930821276354138,0.025516621743036844,0.00770921627284471,53.0,12.0,13.0,13.0,4.3344201912397295,2.320558330419931
natural48,103,refined_winner_pdel0.01,0.08,0.02,0.02,0.0,0.01,0,-1.0,3.0,162.26617926828357,0.8965012265937469,0.896551724137931,0.8076923076923077,1.0,0.42314140328206623,2.0,3.0,0.0,0.0,1.0,0.05132298880198061,0.008022437332782156,0.0015567846968225219,58.0,8.0,10.0,8.0,4.25628009890024,3.0098543544915417
natural48,104,refined_winner_pdel0.01,0.08,0.02,0.02,0.0,0.01,0,-1.0,4.0,120.3199208811552,0.8670777791693656,0.8235294117647058,0.9152542372881356,1.0,1.4272389030232395,3.0,1.0,0.0,0.0,2.0,0.11758542934279914,0.016047619047619047,0.6948237303489557,49.0,24.0,10.0,5.0,3.890674850160077,2.4612490891036085
natural48,105,refined_winner_pdel0.01,0.08,0.02,0.02,0.0,0.01,0,-1.0,1.0,108.2762211215709,0.9677515883945444,0.975,0.9555555555555556,1.0,0.22026552378013992,4.0,0.0,0.0,0.0,0.0,0.09694987585476245,7.044237813468024e-05,0.1845718476521614,52.0,12.0,8.0,5.0,4.217988168411378,3.2843759802351147
natural_jitter,101,refined_winner_pdel0.01,0.08,0.02,0.02,0.0,0.01,0,-1.0,2.0,109.20724940994774,0.5454129065343761,0.5339805825242718,0.4146341463414634,1.0,0.3089129805616575,4.0,6.0,0.0,0.0,0.0,0.16240111323828454,0.0012831012831012803,0.04796483918373218,37.0,7.0,3.0,2.0,3.647122786241368,2.640672306896578
natural_jitter,102,refined_winner_pdel0.01,0.08,0.02,0.02,0.0,0.01,0,-1.0,4.0,99.92412106763086,0.876651731307263,0.905982905982906,0.9743589743589743,1.0,1.0836423657992584,4.0,1.0,0.0,0.0,1.0,0.04785485601344952,0.021084218811491556,0.19778302667645242,44.0,15.0,12.0,8.0,4.710923791321034,2.963513679088454
natural_jitter,103,refined_winner_pdel0.01,0.08,0.02,0.02,0.0,0.01,0,-1.0,4.0,99.0398845627493,0.913230559060941,0.9487179487179487,0.875,1.0,0.7255344699475081,2.0,2.0,0.0,0.0,1.0,0.03254473445555872,0.009415584415584433,0.04580956610423703,44.0,12.0,7.0,4.0,4.0149994395325495,2.716468719175102
natural_jitter,104,refined_winner_pdel0.01,0.08,0.02,0.02,0.0,0.01,0,-1.0,3.0,92.53520850750662,0.6337720851815031,0.6083333333333333,0.8064516129032258,0.972972972972973,0.4901378074102561,5.0,0.0,1.0,0.0,1.0,0.05068324408932945,0.042717717717717714,0.0024326430065442217,36.0,5.0,4.0,3.0,3.1331209922810506,2.003606472056166
natural_jitter,105,refined_winner_pdel0.01,0.08,0.02,0.02,0.0,0.01,0,-1.0,5.0,90.15670420063708,0.48755441180222503,0.4690265486725664,0.5333333333333333,1.0,0.4706103595026502,8.0,2.0,0.0,0.0,1.0,0.05225463604436076,0.012403100775193798,0.034940321471392366,43.0,6.0,4.0,2.0,3.1932418807283804,2.1834073397980256
toy_cycle8,101,refined_winner_pdel0.02,0.08,0.02,0.02,0.0,0.02,0,-1.0,2.0,10.307442526721388,0.3036860721515644,0.28703703703703703,0.5833333333333334,0.875,0.1367175253915874,7.0,4.0,1.0,0.0,0.0,0.008148133286225212,0.0,0.020078504638878614,8.0,4.0,1.0,0.0,2.0,1.0968571310647857
toy_cycle8,102,refined_winner_pdel0.02,0.08,0.02,0.02,0.0,0.02,0,-1.0,2.0,10.542444302002327,0.3094732475249908,0.3137254901960784,0.47619047619047616,0.875,0.2376192712324073,7.0,7.0,1.0,0.0,0.0,0.22808741029592738,0.0,0.003344734155614315,8.0,4.0,1.0,0.0,2.0,1.0968571310647857
toy_cycle8,103,refined_winner_pdel0.02,0.08,0.02,0.02,0.0,0.02,0,-1.0,2.0,14.06855256429138,0.4090183813202976,0.5,0.7692307692307693,0.875,0.18512038692282903,3.0,3.0,1.0,0.0,0.0,0.2287132076106002,0.0,0.28994879099603765,8.0,4.0,1.0,0.0,2.0,1.0968571310647857
toy_cycle8,104,refined_winner_pdel0.02,0.08,0.02,0.02,0.0,0.02,0,-1.0,1.0,13.88713740468419,0.3502648620198302,0.38333333333333336,0.7777777777777778,0.875,0.015282332722197938,5.0,0.0,1.0,0.0,0.0,0.16557763614131393,0.0,0.02185485974010476,8.0,4.0,1.0,0.0,2.0,1.0968571310647857
toy_cycle8,105,refined_winner_pdel0.02,0.08,0.02,0.02,0.0,0.02,0,-1.0,3.0,13.826524994170708,0.4346163365479922,0.3697478991596639,0.6875,0.875,0.16969338869434408,3.0,1.0,1.0,0.0,0.0,0.13774067430337178,0.0,0.14413862689060064,8.0,4.0,1.0,0.0,2.0,1.0968571310647857
natural24,101,refined_winner_pdel0.02,0.08,0.02,0.02,0.0,0.02,0,-1.0,7.0,48.26700955032255,0.30855435422439853,0.3010752688172043,0.4444444444444444,1.0,1.2323971363129653,1.0,8.0,0.0,1.0,0.0,0.24563067299526686,0.0,0.21137711013081684,26.0,8.0,1.0,0.0,2.6237013224059,1.6473098575341685
natural24,102,refined_winner_pdel0.02,0.08,0.02,0.02,0.0,0.02,0,-1.0,2.0,62.859924465073476,0.599584661031519,0.5327102803738317,0.4838709677419355,1.0,0.40160264543241847,7.0,4.0,0.0,1.0,1.0,0.2458209224497847,0.022401433691756276,0.018855433854425563,32.0,6.0,3.0,2.0,3.447641427497026,2.5464416979494686
natural24,103,refined_winner_pdel0.02,0.08,0.02,0.02,0.0,0.02,0,-1.0,6.0,128.1974841445656,0.4245630616985585,0.5,0.7647058823529411,0.9772727272727273,0.2784669537135417,3.0,2.0,1.0,0.0,0.0,0.028253544976347023,0.0006283767911674891,0.09845411778752089,45.0,2.0,2.0,1.0,3.4244254690327125,2.3690795840246075
natural24,104,refined_winner_pdel0.02,0.08,0.02,0.02,0.0,0.02,0,-1.0,4.0,73.88148767499392,0.2848090288964308,0.3069306930693069,0.18867924528301888,1.0,0.5044235400506278,6.0,5.0,0.0,0.0,0.0,0.05736176315041552,0.0,0.022928138677783316,34.0,3.0,2.0,0.0,3.266229954316078,2.4594367145855713
natural24,105,refined_winner_pdel0.02,0.08,0.02,0.02,0.0,0.02,0,-1.0,3.0,61.83650039200336,0.7630939649142177,0.775,0.9130434782608695,1.0,0.2418336851923009,10.0,0.0,0.0,0.0,1.0,0.3848507898035023,0.008538587848932676,0.08808798994171285,29.0,4.0,2.0,0.0,3.0576180360933045,2.3651992796878725
natural48,101,refined_winner_pdel0.02,0.08,0.02,0.02,0.0,0.02,0,-1.0,3.0,130.32636555293894,0.7450076682109505,0.7542372881355932,0.7586206896551724,0.9811320754716981,0.5876446736652402,3.0,1.0,1.0,0.0,0.0,0.017618424928739884,0.0009364848987490487,0.005181726222971417,53.0,10.0,7.0,4.0,4.145887947686547,2.9525170294252394
natural48,102,refined_winner_pdel0.02,0.08,0.02,0.02,0.0,0.02,0,-1.0,7.0,134.17046217138633,0.5910834915453091,0.5252525252525253,0.5208333333333334,0.9811320754716981,1.4844762439644157,9.0,7.0,1.0,0.0,1.0,0.26101745464510806,0.016702479910027046,0.3431110738052201,53.0,12.0,13.0,13.0,4.3344201912397295,2.320558330419931
natural48,103,refined_winner_pdel0.02,0.08,0.02,0.02,0.0,0.02,0,-1.0,5.0,161.8500824832913,0.693053164705439,0.6574074074074074,0.4827586206896552,1.0,0.9304590225784277,2.0,5.0,0.0,0.0,1.0,0.050656965817965194,0.008022437332782156,0.0015567846968220778,58.0,8.0,10.0,8.0,4.25628009890024,3.0098543544915417
natural48,104,refined_winner_pdel0.02,0.08,0.02,0.02,0.0,0.02,0,-1.0,5.0,120.17627248380713,0.8144832888193284,0.75,0.9230769230769231,1.0,2.0722463792874866,4.0,2.0,0.0,0.0,1.0,0.06679758086594623,0.005247813411078717,0.012110876556567618,49.0,24.0,10.0,5.0,3.890674850160077,2.4612490891036085
natural48,105,refined_winner_pdel0.02,0.08,0.02,0.02,0.0,0.02,0,-1.0,0.0,108.60899735105244,0.987405911586759,1.0,1.0,1.0,0.0,2.0,0.0,0.0,0.0,1.0,0.06826964042818062,0.007903634826711733,0.0,52.0,12.0,8.0,5.0,4.217988168411378,3.2843759802351147
natural_jitter,101,refined_winner_pdel0.02,0.08,0.02,0.02,0.0,0.02,0,-1.0,4.0,108.13169239397159,0.35651262871913864,0.3170731707317073,0.2553191489361702,0.9444444444444444,0.6123238746134165,5.0,15.0,2.0,1.0,1.0,0.273688916140737,0.0320832036518311,0.3263956281429481,37.0,7.0,3.0,2.0,3.647122786241368,2.640672306896578
natural_jitter,102,refined_winner_pdel0.02,0.08,0.02,0.02,0.0,0.02,0,-1.0,1.0,99.28296473689683,0.9377606307188971,0.9416666666666667,1.0,1.0,0.3416752156035637,2.0,0.0,0.0,0.0,1.0,0.04231516695057991,0.017388167388167397,0.14059379683921014,44.0,15.0,12.0,8.0,4.710923791321034,2.963513679088454
natural_jitter,103,refined_winner_pdel0.02,0.08,0.02,0.02,0.0,0.02,0,-1.0,4.0,98.34647956915423,0.8433214157389297,0.8173913043478261,0.9032258064516129,1.0,0.9926001723763532,2.0,1.0,0.0,0.0,1.0,0.02103687351512651,0.010173160173160167,0.04580956610423703,44.0,12.0,7.0,4.0,4.0149994395325495,2.716468719175102
natural_jitter,104,refined_winner_pdel0.02,0.08,0.02,0.02,0.0,0.02,0,-1.0,8.0,93.48375044370697,0.5863024037479153,0.5213675213675214,0.6666666666666666,0.9722222222222222,1.226743896318634,4.0,1.0,1.0,0.0,1.0,0.03502885427517777,0.040952380952380955,0.24932850145559926,36.0,5.0,4.0,3.0,3.1331209922810506,2.003606472056166
natural_jitter,105,refined_winner_pdel0.02,0.08,0.02,0.02,0.0,0.02,0,-1.0,6.0,90.93999571463426,0.41918743803220326,0.43137254901960786,0.6923076923076923,1.0,0.588662001484787,11.0,4.0,0.0,1.0,1.0,0.1635897630800578,0.026356589147286818,0.17876862259871729,43.0,6.0,4.0,2.0,3.1932418807283804,2.1834073397980256
toy_cycle8,101,refined_winner_pdel0.04,0.08,0.02,0.02,0.0,0.04,0,-1.0,0.0,10.374336817798524,0.26285443201259995,0.2782608695652174,0.9375,0.7142857142857143,0.0,7.0,1.0,2.0,0.0,0.0,0.5594869792068364,0.0,0.8967049133521269,8.0,4.0,1.0,0.0,2.0,1.0968571310647857
toy_cycle8,102,refined_winner_pdel0.04,0.08,0.02,0.02,0.0,0.04,0,-1.0,1.0,13.032309367188986,0.4009607829510309,0.37168141592920356,0.35,0.625,0.16470742376101713,4.0,1.0,3.0,0.0,0.0,3.311369178859991e-09,0.0,0.0,8.0,4.0,1.0,0.0,2.0,1.0968571310647857
toy_cycle8,103,refined_winner_pdel0.04,0.08,0.02,0.02,0.0,0.04,0,-1.0,2.0,16.67932860392849,0.3577389105964447,0.375,1.0,1.0,0.14069222842401163,4.0,0.0,0.0,0.0,0.0,2.220446049250313e-16,0.0,0.09036900139061022,8.0,4.0,1.0,0.0,2.0,1.0968571310647857
toy_cycle8,104,refined_winner_pdel0.04,0.08,0.02,0.02,0.0,0.04,0,-1.0,3.0,12.469005559544566,0.3095166508495957,0.3305084745762712,0.7058823529411765,1.0,0.2210360770120818,2.0,1.0,0.0,0.0,0.0,0.06932591060585502,0.0,0.15540502551236018,8.0,4.0,1.0,0.0,2.0,1.0968571310647857
toy_cycle8,105,refined_winner_pdel0.04,0.08,0.02,0.02,0.0,0.04,0,-1.0,1.0,11.890306857796174,0.15055616281238765,0.11711711711711711,0.3,0.75,0.0,7.0,2.0,2.0,0.0,0.0,0.6666666666666659,0.0,0.8840524526736974,8.0,4.0,1.0,0.0,2.0,1.0968571310647857
natural24,101,refined_winner_pdel0.04,0.08,0.02,0.02,0.0,0.04,0,-1.0,3.0,47.99878705999388,0.337185615678402,0.31313131313131315,0.4838709677419355,0.96,0.45417856581067323,4.0,6.0,1.0,0.0,0.0,0.025587502129031492,0.0,0.054296013212403516,26.0,8.0,1.0,0.0,2.6237013224059,1.6473098575341685
natural24,102,refined_winner_pdel0.04,0.08,0.02,0.02,0.0,0.04,0,-1.0,3.0,64.86820081732742,0.8964735335745537,0.9017857142857143,0.6923076923076923,1.0,0.30635706799373846,2.0,6.0,0.0,0.0,0.0,0.11754724774098468,0.0001792114695340491,0.10984976255451295,32.0,6.0,3.0,2.0,3.447641427497026,2.5464416979494686
natural24,103,refined_winner_pdel0.04,0.08,0.02,0.02,0.0,0.04,0,-1.0,10.0,125.69997885782942,0.329324003183427,0.3925233644859813,0.5714285714285714,0.9148936170212766,0.7007169379814048,12.0,1.0,2.0,1.0,0.0,0.011480491294006079,0.0011747913921826975,0.0855250167675039,45.0,2.0,2.0,1.0,3.4244254690327125,2.3690795840246075
natural24,104,refined_winner_pdel0.04,0.08,0.02,0.02,0.0,0.04,0,-1.0,7.0,76.69028559031811,0.44882981672459693,0.42727272727272725,0.39285714285714285,0.9117647058823529,0.7268832944781143,7.0,3.0,1.0,0.0,0.0,0.10343324709850066,0.0,0.7776594822270513,34.0,3.0,2.0,0.0,3.266229954316078,2.4594367145855713
natural24,105,refined_winner_pdel0.04,0.08,0.02,0.02,0.0,0.04,0,-1.0,3.0,61.943712270334494,0.7075878807503284,0.7333333333333333,0.9130434782608695,0.9310344827586207,0.21259335729053874,10.0,0.0,2.0,0.0,0.0,0.1804857386318437,0.0,0.4232703074005002,29.0,4.0,2.0,0.0,3.0576180360933045,2.3651992796878725
natural48,101,refined_winner_pdel0.04,0.08,0.02,0.02,0.0,0.04,0,-1.0,4.0,129.18978886745234,0.8939740203938057,0.9067796610169492,0.9090909090909091,1.0,0.9383792077604928,2.0,1.0,0.0,0.0,0.0,0.08203216914756783,0.00032679738562091387,0.03461520033356802,53.0,10.0,7.0,4.0,4.145887947686547,2.9525170294252394
natural48,102,refined_winner_pdel0.04,0.08,0.02,0.02,0.0,0.04,0,-1.0,2.0,134.8909222502804,0.9296328817397117,0.9416666666666667,1.0,1.0,0.48379534458136814,1.0,0.0,0.0,1.0,1.0,0.03450220344320165,0.026327838827838845,0.09310216110223957,53.0,12.0,13.0,13.0,4.3344201912397295,2.320558330419931
natural48,103,refined_winner_pdel0.04,0.08,0.02,0.02,0.0,0.04,0,-1.0,2.0,162.37990463414872,0.9017626425281694,0.8833333333333333,0.8125,1.0,0.3334588649061489,2.0,0.0,0.0,0.0,1.0,0.05062893256655698,0.00816318184739237,0.0009865843580572076,58.0,8.0,10.0,8.0,4.25628009890024,3.0098543544915417
natural48,104,refined_winner_pdel0.04,0.08,0.02,0.02,0.0,0.04,0,-1.0,3.0,120.18051838873554,0.8173731185866004,0.7916666666666666,0.9591836734693877,0.9795918367346939,1.263076748075887,4.0,0.0,1.0,1.0,3.0,0.16857854025066654,0.04649504643127092,0.0010901352954744148,49.0,24.0,10.0,5.0,3.890674850160077,2.4612490891036085
natural48,105,refined_winner_pdel0.04,0.08,0.02,0.02,0.0,0.04,0,-1.0,2.0,108.54406563807255,0.968461334402043,0.975,0.95,1.0,0.4255515693086109,3.0,0.0,0.0,1.0,0.0,0.018767238879566328,0.0013071895424836555,0.08079103234599572,52.0,12.0,8.0,5.0,4.217988168411378,3.2843759802351147
natural_jitter,101,refined_winner_pdel0.04,0.08,0.02,0.02,0.0,0.04,0,-1.0,3.0,109.09846760890571,0.6103270948661833,0.5238095238095238,0.4473684210526316,1.0,0.46269017265335366,4.0,5.0,0.0,0.0,0.0,0.0015015437051162372,0.0,0.10633296852130947,37.0,7.0,3.0,2.0,3.647122786241368,2.640672306896578
natural_jitter,102,refined_winner_pdel0.04,0.08,0.02,0.02,0.0,0.04,0,-1.0,1.0,100.13549165694667,0.8980724966442692,0.9416666666666667,1.0,1.0,0.2554057028554859,4.0,0.0,0.0,0.0,1.0,0.0526040719286458,0.0207993556830766,0.21166286515138566,44.0,15.0,12.0,8.0,4.710923791321034,2.963513679088454
natural_jitter,103,refined_winner_pdel0.04,0.08,0.02,0.02,0.0,0.04,0,-1.0,3.0,98.79434695915491,0.7742000906083928,0.7435897435897436,0.9032258064516129,0.9534883720930233,0.6656648991454516,4.0,1.0,2.0,0.0,0.0,0.032385509184841066,0.0024579315560597434,0.08329873835366275,44.0,12.0,7.0,4.0,4.0149994395325495,2.716468719175102
natural_jitter,104,refined_winner_pdel0.04,0.08,0.02,0.02,0.0,0.04,0,-1.0,4.0,92.33587166204691,0.41216452107534035,0.4444444444444444,0.7666666666666667,0.9444444444444444,0.6843921087704791,8.0,3.0,2.0,1.0,0.0,0.10864345157937727,0.002287581699346404,0.3029913595473257,36.0,5.0,4.0,3.0,3.1331209922810506,2.003606472056166
natural_jitter,105,refined_winner_pdel0.04,0.08,0.02,0.02,0.0,0.04,0,-1.0,4.0,91.56046628413917,0.4206718603888352,0.39823008849557523,0.68,1.0,0.187761469411247,15.0,2.0,0.0,0.0,0.0,0.07923327027816773,0.00011337868480726376,0.08411958608345582,43.0,6.0,4.0,2.0,3.1932418807283804,2.1834073397980256
toy_cycle8,101,coarse_balanced_pdel0.00,0.02,0.02,0.02,0.0,0.0,0,-1.0,3.0,14.960361768506216,0.2806831801919521,0.2882882882882883,0.7777777777777778,1.0,0.16194948455234232,4.0,0.0,0.0,0.0,0.0,0.007146583193484268,0.0,0.17120947059701908,8.0,4.0,1.0,0.0,2.0,1.0968571310647857
toy_cycle8,102,coarse_balanced_pdel0.00,0.02,0.02,0.02,0.0,0.0,0,-1.0,2.0,31.76151945953339,0.22552199074074075,0.2,0.6,1.0,0.06835118065236306,10.0,0.0,0.0,0.0,0.0,0.13580824298694338,0.0,0.26335446441919674,8.0,4.0,1.0,0.0,2.0,1.0968571310647857
toy_cycle8,103,coarse_balanced_pdel0.00,0.02,0.02,0.02,0.0,0.0,0,-1.0,4.0,18.853972636281853,0.33285809466298594,0.3333333333333333,1.0,1.0,0.20435425479372155,8.0,0.0,0.0,0.0,0.0,0.1969349488904224,0.0,0.019952676520117674,8.0,4.0,1.0,0.0,2.0,1.0968571310647857
toy_cycle8,104,coarse_balanced_pdel0.00,0.02,0.02,0.02,0.0,0.0,0,-1.0,2.0,21.93988233023198,0.24772986401957592,0.2916666666666667,1.0,1.0,0.07982089447117223,6.0,0.0,0.0,0.0,0.0,0.028378102472156996,0.0,0.024727700012241005,8.0,4.0,1.0,0.0,2.0,1.0968571310647857
toy_cycle8,105,coarse_balanced_pdel0.00,0.02,0.02,0.02,0.0,0.0,0,-1.0,3.0,30.35533076598016,0.27331086182336184,0.25833333333333336,1.0,1.0,0.08019856820300418,8.0,0.0,0.0,0.0,0.0,0.02281095414739287,0.0,0.0459315735429906,8.0,4.0,1.0,0.0,2.0,1.0968571310647857
natural24,101,coarse_balanced_pdel0.00,0.02,0.02,0.02,0.0,0.0,0,-1.0,3.0,53.53065787925358,0.6254980293105207,0.625,0.625,1.0,0.251342702851969,6.0,0.0,0.0,0.0,0.0,0.15938684292990546,0.0,0.3180791663591478,26.0,8.0,1.0,0.0,2.6237013224059,1.6473098575341685
natural24,102,coarse_balanced_pdel0.00,0.02,0.02,0.02,0.0,0.0,0,-1.0,2.0,71.89978601953551,0.7596323774007909,0.6916666666666667,1.0,1.0,0.1331639250788829,6.0,0.0,0.0,0.0,0.0,0.04064316705968585,0.0,0.14599165955958204,32.0,6.0,3.0,2.0,3.447641427497026,2.5464416979494686
natural24,103,coarse_balanced_pdel0.00,0.02,0.02,0.02,0.0,0.0,0,-1.0,4.0,153.8130722902753,0.29821327620526705,0.2882882882882883,0.5,1.0,0.08628085189421265,10.0,1.0,0.0,0.0,0.0,0.006075826470616441,0.0,0.09357002229583156,45.0,2.0,2.0,1.0,3.4244254690327125,2.3690795840246075
natural24,104,coarse_balanced_pdel0.00,0.02,0.02,0.02,0.0,0.0,0,-1.0,5.0,80.64929539007714,0.5697387967967087,0.514018691588785,0.6666666666666666,1.0,0.3929072065157555,4.0,2.0,0.0,0.0,0.0,0.12786969242084956,0.0,0.0032388994494256806,34.0,3.0,2.0,0.0,3.266229954316078,2.4594367145855713
natural24,105,coarse_balanced_pdel0.00,0.02,0.02,0.02,0.0,0.0,0,-1.0,3.0,74.09395635559375,0.5199724863189172,0.5083333333333333,0.8,1.0,0.08543423628330903,6.0,0.0,0.0,0.0,0.0,0.11703867934689294,0.0,0.026528988107194618,29.0,4.0,2.0,0.0,3.0576180360933045,2.3651992796878725
natural48,101,coarse_balanced_pdel0.00,0.02,0.02,0.02,0.0,0.0,0,-1.0,4.0,133.9487522688757,0.7662829859833354,0.7583333333333333,0.8666666666666667,1.0,0.4983338332928121,2.0,0.0,0.0,0.0,0.0,0.08217780826027443,0.00022870211549456954,0.10006396701462084,53.0,10.0,7.0,4.0,4.145887947686547,2.9525170294252394
natural48,102,coarse_balanced_pdel0.00,0.02,0.02,0.02,0.0,0.0,0,-1.0,2.0,140.31905880701262,0.9155962887351942,0.9487179487179487,0.9333333333333333,1.0,0.2597897976002982,1.0,1.0,0.0,1.0,1.0,0.008562547949023447,0.025831087151841875,0.0,53.0,12.0,13.0,13.0,4.3344201912397295,2.320558330419931
natural48,103,coarse_balanced_pdel0.00,0.02,0.02,0.02,0.0,0.0,0,-1.0,3.0,165.605462330703,0.8974605726812385,0.9,1.0,1.0,0.21681398549147343,2.0,0.0,0.0,0.0,1.0,0.050656965817965194,0.008022437332782156,0.0015567846968220778,58.0,8.0,10.0,8.0,4.25628009890024,3.0098543544915417
natural48,104,coarse_balanced_pdel0.00,0.02,0.02,0.02,0.0,0.0,0,-1.0,5.0,121.68689315229061,0.8379866009282825,0.8347826086956521,0.9117647058823529,1.0,0.8009536430354033,2.0,1.0,0.0,0.0,2.0,0.0904760634518218,0.03022351797862001,0.02411776174173852,49.0,24.0,10.0,5.0,3.890674850160077,2.4612490891036085
natural48,105,coarse_balanced_pdel0.00,0.02,0.02,0.02,0.0,0.0,0,-1.0,4.0,113.46033350363325,0.7493336317408722,0.7678571428571429,0.9375,1.0,0.4306186960182822,6.0,1.0,0.0,0.0,1.0,0.08473107044798844,0.007903634826711761,0.14375481368979814,52.0,12.0,8.0,5.0,4.217988168411378,3.2843759802351147
natural_jitter,101,coarse_balanced_pdel0.00,0.02,0.02,0.02,0.0,0.0,0,-1.0,4.0,112.0294457594574,0.3214122181642521,0.28169014084507044,0.3181818181818182,0.9487179487179487,0.36951409124079554,6.0,9.0,0.0,0.0,0.0,0.16601632968467817,0.0038809144072301967,0.04025562291088747,37.0,7.0,3.0,2.0,3.647122786241368,2.640672306896578
natural_jitter,102,coarse_balanced_pdel0.00,0.02,0.02,0.02,0.0,0.0,0,-1.0,3.0,102.74845940211169,0.7810724800215054,0.7372881355932204,0.8571428571428571,1.0,0.47131687781073345,4.0,1.0,0.0,0.0,3.0,0.18349631936355504,0.016630591630591635,0.09911861447774051,44.0,15.0,12.0,8.0,4.710923791321034,2.963513679088454
natural_jitter,103,coarse_balanced_pdel0.00,0.02,0.02,0.02,0.0,0.0,0,-1.0,3.0,100.89371091092453,0.7690043520685722,0.7321428571428571,0.9444444444444444,1.0,0.5149235481262711,2.0,1.0,0.0,0.0,1.0,0.03254473445555872,0.009415584415584433,0.04580956610423703,44.0,12.0,7.0,4.0,4.0149994395325495,2.716468719175102
natural_jitter,104,coarse_balanced_pdel0.00,0.02,0.02,0.02,0.0,0.0,0,-1.0,5.0,99.3424803821528,0.43637041215350403,0.3652173913043478,0.6428571428571429,1.0,0.32470351146408166,8.0,1.0,0.0,0.0,1.0,0.02325458079145637,0.023148148148148154,0.09927065459666284,36.0,5.0,4.0,3.0,3.1331209922810506,2.003606472056166
natural_jitter,105,coarse_balanced_pdel0.00,0.02,0.02,0.02,0.0,0.0,0,-1.0,4.0,96.73773312818452,0.41973248604319163,0.4083333333333333,1.0,1.0,0.2209510392137573,8.0,0.0,0.0,0.0,0.0,0.16772857888687165,0.0010822510822510803,0.1020681759858646,43.0,6.0,4.0,2.0,3.1932418807283804,2.1834073397980256
toy_cycle8,101,coarse_balanced_pdel0.01,0.02,0.02,0.02,0.0,0.01,0,-1.0,2.0,18.378901779887567,0.3286811081905798,0.3050847457627119,0.8333333333333334,1.0,0.048838317926406694,5.0,1.0,0.0,0.0,0.0,0.19126891063866913,0.0,0.46379305352738476,8.0,4.0,1.0,0.0,2.0,1.0968571310647857
toy_cycle8,102,coarse_balanced_pdel0.01,0.02,0.02,0.02,0.0,0.01,0,-1.0,2.0,25.147172843543466,0.34171889325507526,0.4144144144144144,0.8,1.0,0.07454787782153802,4.0,1.0,0.0,0.0,0.0,0.19869966334348232,0.0,0.37632812312214337,8.0,4.0,1.0,0.0,2.0,1.0968571310647857
toy_cycle8,103,coarse_balanced_pdel0.01,0.02,0.02,0.02,0.0,0.01,0,-1.0,2.0,19.120188082579475,0.37754681365598125,0.39166666666666666,1.0,1.0,0.13172458086653632,5.0,0.0,0.0,1.0,0.0,0.3566163632748338,0.0,0.08120572285780348,8.0,4.0,1.0,0.0,2.0,1.0968571310647857
toy_cycle8,104,coarse_balanced_pdel0.01,0.02,0.02,0.02,0.0,0.01,0,-1.0,5.0,24.690523589144906,0.2706124847374847,0.26666666666666666,1.0,1.0,0.1850061602555023,4.0,0.0,0.0,0.0,0.0,0.09876285817443442,0.0,0.0079560104316313,8.0,4.0,1.0,0.0,2.0,1.0968571310647857
toy_cycle8,105,coarse_balanced_pdel0.01,0.02,0.02,0.02,0.0,0.01,0,-1.0,3.0,22.834546448378198,0.18693931385643342,0.14166666666666666,0.7777777777777778,1.0,0.12565313145297496,12.0,0.0,0.0,0.0,0.0,0.13221208599797585,0.0,0.2350152041690261,8.0,4.0,1.0,0.0,2.0,1.0968571310647857
natural24,101,coarse_balanced_pdel0.01,0.02,0.02,0.02,0.0,0.01,0,-1.0,3.0,52.269413609836604,0.3956609177900068,0.48333333333333334,1.0,1.0,0.30654989908102137,8.0,0.0,0.0,0.0,0.0,0.07231637987201944,0.0,0.06568867603262407,26.0,8.0,1.0,0.0,2.6237013224059,1.6473098575341685
natural24,102,coarse_balanced_pdel0.01,0.02,0.02,0.02,0.0,0.01,0,-1.0,2.0,71.53682698951877,0.7461561521905623,0.7,1.0,1.0,0.10769119110483265,6.0,0.0,0.0,0.0,0.0,0.22355327445222795,0.005341291704928058,0.13235195622821427,32.0,6.0,3.0,2.0,3.447641427497026,2.5464416979494686
natural24,103,coarse_balanced_pdel0.01,0.02,0.02,0.02,0.0,0.01,0,-1.0,4.0,152.05756171504777,0.3040267361111111,0.3,1.0,1.0,0.08510977079942904,14.0,0.0,0.0,0.0,0.0,0.01692798832469844,0.0,0.000338040460430733,45.0,2.0,2.0,1.0,3.4244254690327125,2.3690795840246075
natural24,104,coarse_balanced_pdel0.01,0.02,0.02,0.02,0.0,0.01,0,-1.0,4.0,79.38855315416379,0.5851259011447079,0.5486725663716814,0.7222222222222222,1.0,0.3138372107610758,4.0,1.0,0.0,0.0,0.0,0.0015340291363474812,0.0,0.03450426819449204,34.0,3.0,2.0,0.0,3.266229954316078,2.4594367145855713
natural24,105,coarse_balanced_pdel0.01,0.02,0.02,0.02,0.0,0.01,0,-1.0,3.0,78.41057676248177,0.35384996996834117,0.33620689655172414,0.9,0.9655172413793104,0.07741583891368929,9.0,1.0,1.0,0.0,0.0,0.05335822274319346,0.0,0.21127779857297702,29.0,4.0,2.0,0.0,3.0576180360933045,2.3651992796878725
natural48,101,coarse_balanced_pdel0.01,0.02,0.02,0.02,0.0,0.01,0,-1.0,4.0,132.26648129836923,0.6300886472887598,0.6160714285714286,0.6,0.9811320754716981,0.5034240780913782,3.0,0.0,1.0,0.0,0.0,0.08143354732418473,0.0009161436048228527,0.033788583068072864,53.0,10.0,7.0,4.0,4.145887947686547,2.9525170294252394
natural48,102,coarse_balanced_pdel0.01,0.02,0.02,0.02,0.0,0.01,0,-1.0,0.0,138.88007571667208,0.984469008603787,0.9916666666666667,1.0,1.0,0.0,1.0,0.0,0.0,1.0,1.0,0.0063861275903631665,0.026327838827838845,0.0063682754645553175,53.0,12.0,13.0,13.0,4.3344201912397295,2.320558330419931
natural48,103,coarse_balanced_pdel0.01,0.02,0.02,0.02,0.0,0.01,0,-1.0,4.0,165.60019558852483,0.8976230640318728,0.9,1.0,1.0,0.40047456860433034,2.0,0.0,0.0,0.0,1.0,0.050656965817965194,0.008022437332782156,0.0015567846968220778,58.0,8.0,10.0,8.0,4.25628009890024,3.0098543544915417
natural48,104,coarse_balanced_pdel0.01,0.02,0.02,0.02,0.0,0.01,0,-1.0,1.0,121.89284430828027,0.8315103906870533,0.8333333333333334,0.9375,1.0,0.16210378771372502,3.0,0.0,0.0,1.0,2.0,0.1606029080208886,0.029543245869776483,0.053203550487610496,49.0,24.0,10.0,5.0,3.890674850160077,2.4612490891036085
natural48,105,coarse_balanced_pdel0.01,0.02,0.02,0.02,0.0,0.01,0,-1.0,3.0,112.85148669069603,0.9579974878200496,0.9663865546218487,0.9444444444444444,1.0,0.35331882314170954,2.0,1.0,0.0,0.0,1.0,0.067858812014987,0.007903634826711747,0.0,52.0,12.0,8.0,5.0,4.217988168411378,3.2843759802351147
natural_jitter,101,coarse_balanced_pdel0.01,0.02,0.02,0.02,0.0,0.01,0,-1.0,4.0,110.34520340012112,0.3122898675465485,0.3142857142857143,0.4583333333333333,0.9487179487179487,0.5174938207477142,8.0,7.0,0.0,0.0,1.0,0.06660924746558283,0.011403508771929825,0.10672941354810783,37.0,7.0,3.0,2.0,3.647122786241368,2.640672306896578
natural_jitter,102,coarse_balanced_pdel0.01,0.02,0.02,0.02,0.0,0.01,0,-1.0,2.0,103.38481833660603,0.8797384179594003,0.8916666666666667,1.0,1.0,0.30695999648590083,2.0,0.0,0.0,0.0,1.0,0.04381681497409673,0.017628108325782738,0.06358463499011702,44.0,15.0,12.0,8.0,4.710923791321034,2.963513679088454
natural_jitter,103,coarse_balanced_pdel0.01,0.02,0.02,0.02,0.0,0.01,0,-1.0,2.0,100.38486723393281,0.9252782286805724,0.9166666666666666,1.0,1.0,0.2678559357864993,2.0,0.0,0.0,0.0,1.0,0.03254473445555872,0.009415584415584433,0.04580956610423703,44.0,12.0,7.0,4.0,4.0149994395325495,2.716468719175102
natural_jitter,104,coarse_balanced_pdel0.01,0.02,0.02,0.02,0.0,0.01,0,-1.0,4.0,97.71418771500075,0.39020868886348964,0.3364485981308411,0.5625,0.9722222222222222,0.30348010805533876,8.0,1.0,1.0,1.0,1.0,0.17677631308791408,0.037936507936507935,0.09807679982872353,36.0,5.0,4.0,3.0,3.1331209922810506,2.003606472056166
natural_jitter,105,coarse_balanced_pdel0.01,0.02,0.02,0.02,0.0,0.01,0,-1.0,4.0,94.5057910676646,0.45525415106140543,0.40350877192982454,0.7333333333333333,1.0,0.2597421662035459,10.0,0.0,0.0,0.0,1.0,0.1357848729899933,0.02713178294573643,0.01855643906898008,43.0,6.0,4.0,2.0,3.1932418807283804,2.1834073397980256
toy_cycle8,101,coarse_balanced_pdel0.02,0.02,0.02,0.02,0.0,0.02,0,-1.0,4.0,19.82594749284871,0.5555141238391239,0.55,0.75,1.0,0.1920870729862754,4.0,0.0,0.0,0.0,0.0,0.15450777599503884,0.0,0.095128394714596,8.0,4.0,1.0,0.0,2.0,1.0968571310647857
toy_cycle8,102,coarse_balanced_pdel0.02,0.02,0.02,0.02,0.0,0.02,0,-1.0,3.0,20.455913847948224,0.44301887694039604,0.48214285714285715,0.8888888888888888,0.8888888888888888,0.1588290660836866,3.0,1.0,1.0,0.0,0.0,0.08787181645864073,0.0,0.23674427795088127,8.0,4.0,1.0,0.0,2.0,1.0968571310647857
toy_cycle8,103,coarse_balanced_pdel0.02,0.02,0.02,0.02,0.0,0.02,0,-1.0,2.0,21.577801726443386,0.2386707051897657,0.308411214953271,0.8571428571428571,0.875,0.1671076400765185,6.0,1.0,1.0,0.0,0.0,0.2163833507370596,0.0,0.6003320377932511,8.0,4.0,1.0,0.0,2.0,1.0968571310647857
toy_cycle8,104,coarse_balanced_pdel0.02,0.02,0.02,0.02,0.0,0.02,0,-1.0,5.0,23.398849291805984,0.45020545634920633,0.45,1.0,1.0,0.2034576340886169,4.0,0.0,0.0,0.0,0.0,0.1216468126049488,0.0,0.04390209273377699,8.0,4.0,1.0,0.0,2.0,1.0968571310647857
toy_cycle8,105,coarse_balanced_pdel0.02,0.02,0.02,0.02,0.0,0.02,0,-1.0,2.0,30.747979408871096,0.21856145122625853,0.19827586206896552,0.75,0.7777777777777778,0.045078216238532566,10.0,1.0,0.0,0.0,0.0,0.09813181418893269,0.0,0.1499197069610021,8.0,4.0,1.0,0.0,2.0,1.0968571310647857
natural24,101,coarse_balanced_pdel0.02,0.02,0.02,0.02,0.0,0.02,0,-1.0,4.0,51.88611526517805,0.4871985183509901,0.4957983193277311,0.65,0.9615384615384616,0.4272878548068586,7.0,1.0,1.0,1.0,0.0,0.1597742904452195,0.0,0.4727312106809939,26.0,8.0,1.0,0.0,2.6237013224059,1.6473098575341685
natural24,102,coarse_balanced_pdel0.02,0.02,0.02,0.02,0.0,0.02,0,-1.0,1.0,69.6078599719179,0.6659937286497661,0.675,0.8333333333333334,1.0,0.12160118168004341,5.0,0.0,0.0,0.0,0.0,0.15784718998223113,0.005050505050505069,0.7365949068021176,32.0,6.0,3.0,2.0,3.447641427497026,2.5464416979494686
natural24,103,coarse_balanced_pdel0.02,0.02,0.02,0.02,0.0,0.02,0,-1.0,5.0,154.44670911021697,0.2858597222222222,0.275,0.6666666666666666,1.0,0.10518245468893148,10.0,0.0,0.0,0.0,0.0,0.02377029392071872,0.0,0.045978710873143314,45.0,2.0,2.0,1.0,3.4244254690327125,2.3690795840246075
natural24,104,coarse_balanced_pdel0.02,0.02,0.02,0.02,0.0,0.02,0,-1.0,3.0,91.7919008937976,0.519444918878157,0.4956521739130435,0.9,0.9705882352941176,0.08352436137724002,6.0,1.0,1.0,1.0,0.0,0.2622888609427836,0.0,0.04443540283479486,34.0,3.0,2.0,0.0,3.266229954316078,2.4594367145855713
natural24,105,coarse_balanced_pdel0.02,0.02,0.02,0.02,0.0,0.02,0,-1.0,3.0,70.81762338677115,0.5676940227949346,0.55,0.8181818181818182,0.9310344827586207,0.10483714313640945,6.0,0.0,2.0,0.0,0.0,0.10155873180968866,0.0,0.10376393138135809,29.0,4.0,2.0,0.0,3.0576180360933045,2.3651992796878725
natural48,101,coarse_balanced_pdel0.02,0.02,0.02,0.02,0.0,0.02,0,-1.0,2.0,133.2069546988944,0.700797428279259,0.675,0.7647058823529411,1.0,0.28493718591866085,4.0,0.0,0.0,0.0,0.0,0.11732914099813474,0.00036211168286639367,0.1393042113009182,53.0,10.0,7.0,4.0,4.145887947686547,2.9525170294252394
natural48,102,coarse_balanced_pdel0.02,0.02,0.02,0.02,0.0,0.02,0,-1.0,0.0,138.735072821941,0.9680138746197403,0.9833333333333333,1.0,1.0,0.0,1.0,0.0,0.0,1.0,1.0,0.006361624184015646,0.025831087151841847,0.0,53.0,12.0,13.0,13.0,4.3344201912397295,2.320558330419931
natural48,103,coarse_balanced_pdel0.02,0.02,0.02,0.02,0.0,0.02,0,-1.0,2.0,164.39163925759175,0.870888860267026,0.9,0.8823529411764706,1.0,0.18422228297505241,2.0,0.0,0.0,0.0,1.0,0.0506622030183248,0.008163181847392384,0.0009865843580572076,58.0,8.0,10.0,8.0,4.25628009890024,3.0098543544915417
natural48,104,coarse_balanced_pdel0.02,0.02,0.02,0.02,0.0,0.02,0,-1.0,2.0,121.47421127042298,0.8064950470014339,0.7916666666666666,0.9375,1.0,0.48578135483303925,2.0,0.0,0.0,0.0,2.0,0.08173903630489532,0.04421768707482993,0.01769192669419084,49.0,24.0,10.0,5.0,3.890674850160077,2.4612490891036085
natural48,105,coarse_balanced_pdel0.02,0.02,0.02,0.02,0.0,0.02,0,-1.0,3.0,113.23169970366983,0.9765739387634278,0.975,1.0,1.0,0.34922630044643577,2.0,0.0,0.0,0.0,1.0,0.07459240177533477,0.00809451985922574,0.0,52.0,12.0,8.0,5.0,4.217988168411378,3.2843759802351147
natural_jitter,101,coarse_balanced_pdel0.02,0.02,0.02,0.02,0.0,0.02,0,-1.0,5.0,111.79824185900006,0.31584858893745743,0.27692307692307694,0.46153846153846156,0.9210526315789473,0.5463701329909246,8.0,7.0,1.0,1.0,0.0,0.0795654064021365,0.00980146813480147,0.004462842672399159,37.0,7.0,3.0,2.0,3.647122786241368,2.640672306896578
natural_jitter,102,coarse_balanced_pdel0.02,0.02,0.02,0.02,0.0,0.02,0,-1.0,4.0,101.94907472248465,0.7167193207006933,0.6386554621848739,0.7916666666666666,0.9767441860465116,0.7156698208493426,10.0,1.0,1.0,1.0,2.0,0.04860617719777771,0.05380270031432821,0.14776274093399966,44.0,15.0,12.0,8.0,4.710923791321034,2.963513679088454
natural_jitter,103,coarse_balanced_pdel0.02,0.02,0.02,0.02,0.0,0.02,0,-1.0,2.0,100.69412539261711,0.8282348238284309,0.8416666666666667,1.0,1.0,0.2630039026553456,4.0,0.0,0.0,0.0,1.0,0.0025168130851698223,0.010173160173160167,0.11278200932285909,44.0,12.0,7.0,4.0,4.0149994395325495,2.716468719175102
natural_jitter,104,coarse_balanced_pdel0.02,0.02,0.02,0.02,0.0,0.02,0,-1.0,4.0,100.70069483919144,0.4597682313574902,0.4434782608695652,0.9090909090909091,0.9722222222222222,0.24347284998186833,5.0,1.0,1.0,0.0,1.0,0.4066259588935188,0.041666666666666664,0.12349381587679042,36.0,5.0,4.0,3.0,3.1331209922810506,2.003606472056166
natural_jitter,105,coarse_balanced_pdel0.02,0.02,0.02,0.02,0.0,0.02,0,-1.0,5.0,95.66303874711637,0.4305482405903961,0.3652173913043478,0.9090909090909091,0.9767441860465116,0.2983827619986354,15.0,1.0,1.0,0.0,1.0,0.1679828881624621,0.02846068660022148,0.09907003974052353,43.0,6.0,4.0,2.0,3.1932418807283804,2.1834073397980256
toy_cycle8,101,coarse_balanced_pdel0.04,0.02,0.02,0.02,0.0,0.04,0,-1.0,4.0,20.244402718128253,0.2872151389188154,0.325,1.0,1.0,0.19517870620102018,4.0,0.0,0.0,0.0,0.0,0.09990651060518463,0.0,0.12705296005878575,8.0,4.0,1.0,0.0,2.0,1.0968571310647857
toy_cycle8,102,coarse_balanced_pdel0.04,0.02,0.02,0.02,0.0,0.04,0,-1.0,1.0,26.975754042996464,0.2395460987425273,0.2653061224489796,0.6,0.5,0.04023600237138971,4.0,2.0,0.0,0.0,0.0,0.11803398873859794,0.0,0.030105135303080954,8.0,4.0,1.0,0.0,2.0,1.0968571310647857
toy_cycle8,103,coarse_balanced_pdel0.04,0.02,0.02,0.02,0.0,0.04,0,-1.0,1.0,26.77427887956943,0.47794933688387636,0.49166666666666664,1.0,0.5,0.056026705647638606,6.0,0.0,0.0,0.0,0.0,0.11803398873859794,0.0,0.0165407380212661,8.0,4.0,1.0,0.0,2.0,1.0968571310647857
toy_cycle8,104,coarse_balanced_pdel0.04,0.02,0.02,0.02,0.0,0.04,0,-1.0,1.0,20.391210945454045,0.17358910937989885,0.2,0.7777777777777778,1.0,0.08350038812886752,7.0,0.0,0.0,0.0,0.0,0.11538956550388879,0.0,0.282481695623974,8.0,4.0,1.0,0.0,2.0,1.0968571310647857
toy_cycle8,105,coarse_balanced_pdel0.04,0.02,0.02,0.02,0.0,0.04,0,-1.0,2.0,26.92689590965572,0.29960331881606095,0.25,1.0,0.7142857142857143,0.05521854315880159,7.0,0.0,0.0,0.0,0.0,0.25048310308302724,0.0,0.5918622533588804,8.0,4.0,1.0,0.0,2.0,1.0968571310647857
natural24,101,coarse_balanced_pdel0.04,0.02,0.02,0.02,0.0,0.04,0,-1.0,2.0,51.34977652636906,0.4396863948227412,0.3983050847457627,0.5,0.8695652173913043,0.27815677796406996,11.0,1.0,1.0,0.0,0.0,0.4989726838613051,0.0,0.36855437803411273,26.0,8.0,1.0,0.0,2.6237013224059,1.6473098575341685
natural24,102,coarse_balanced_pdel0.04,0.02,0.02,0.02,0.0,0.04,0,-1.0,2.0,71.93828160261978,0.7572457911676718,0.6916666666666667,1.0,0.9696969696969697,0.1675449813667781,10.0,0.0,1.0,0.0,0.0,0.014800081276122867,0.005715638528138528,0.19720975379030103,32.0,6.0,3.0,2.0,3.447641427497026,2.5464416979494686
natural24,103,coarse_balanced_pdel0.04,0.02,0.02,0.02,0.0,0.04,0,-1.0,5.0,148.05185800071555,0.22838329152731326,0.22826086956521738,0.3333333333333333,0.9333333333333333,0.12424930578303729,11.0,4.0,1.0,1.0,0.0,0.23740215542141518,0.0009421457095875677,0.04560765876187167,45.0,2.0,2.0,1.0,3.4244254690327125,2.3690795840246075
natural24,104,coarse_balanced_pdel0.04,0.02,0.02,0.02,0.0,0.04,0,-1.0,2.0,89.97148568680008,0.3548587521241567,0.4,0.45454545454545453,0.96875,0.06432738396840565,7.0,6.0,1.0,0.0,0.0,0.02114462031863029,0.0,0.0910633047373195,34.0,3.0,2.0,0.0,3.266229954316078,2.4594367145855713
natural24,105,coarse_balanced_pdel0.04,0.02,0.02,0.02,0.0,0.04,0,-1.0,5.0,78.16623048592818,0.3548857099255721,0.25833333333333336,0.7142857142857143,0.9285714285714286,0.14324452599613394,14.0,0.0,0.0,1.0,0.0,0.25811609520100554,0.0,0.012257161887619272,29.0,4.0,2.0,0.0,3.0576180360933045,2.3651992796878725
natural48,101,coarse_balanced_pdel0.04,0.02,0.02,0.02,0.0,0.04,0,-1.0,2.0,133.2643898897713,0.7281813253527152,0.75,1.0,1.0,0.2050352047439035,6.0,0.0,0.0,0.0,0.0,0.054722558079522976,0.007407407407407404,0.030025596485445227,53.0,10.0,7.0,4.0,4.145887947686547,2.9525170294252394
natural48,102,coarse_balanced_pdel0.04,0.02,0.02,0.02,0.0,0.04,0,-1.0,0.0,139.0787940312277,0.9878936197427323,0.9916666666666667,1.0,1.0,0.0,1.0,0.0,0.0,1.0,1.0,0.006643805876344722,0.025831087151841847,0.0,53.0,12.0,13.0,13.0,4.3344201912397295,2.320558330419931
natural48,103,coarse_balanced_pdel0.04,0.02,0.02,0.02,0.0,0.04,0,-1.0,4.0,164.05151562582085,0.858159217183409,0.8083333333333333,0.6842105263157895,1.0,0.4415241698438783,2.0,0.0,0.0,0.0,1.0,0.05228010508738734,0.008022437332782156,0.0013952689313501132,58.0,8.0,10.0,8.0,4.25628009890024,3.0098543544915417
natural48,104,coarse_balanced_pdel0.04,0.02,0.02,0.02,0.0,0.04,0,-1.0,4.0,122.08354411933087,0.8992568236207328,0.8833333333333333,1.0,1.0,0.588585082372656,2.0,0.0,0.0,0.0,2.0,0.15891099891096339,0.030223517978620017,0.030594404386729224,49.0,24.0,10.0,5.0,3.890674850160077,2.4612490891036085
natural48,105,coarse_balanced_pdel0.04,0.02,0.02,0.02,0.0,0.04,0,-1.0,4.0,112.86316555914165,0.9106682706221891,0.9051724137931034,0.9375,1.0,0.5426225423924977,5.0,1.0,0.0,1.0,2.0,0.09782343641471014,0.017599067599067604,0.0,52.0,12.0,8.0,5.0,4.217988168411378,3.2843759802351147
natural_jitter,101,coarse_balanced_pdel0.04,0.02,0.02,0.02,0.0,0.04,0,-1.0,7.0,112.40298946452627,0.36966881318497047,0.3763440860215054,0.5625,0.972972972972973,0.8540817377953419,7.0,3.0,1.0,3.0,1.0,0.6844751222956611,0.01025132275132275,0.29418047695004157,37.0,7.0,3.0,2.0,3.647122786241368,2.640672306896578
natural_jitter,102,coarse_balanced_pdel0.04,0.02,0.02,0.02,0.0,0.04,0,-1.0,4.0,102.71457040301328,0.790805490051388,0.7699115044247787,0.8,1.0,0.686409358404986,7.0,1.0,0.0,1.0,2.0,0.3880378974614951,0.03490259740259739,0.09132588188230084,44.0,15.0,12.0,8.0,4.710923791321034,2.963513679088454
natural_jitter,103,coarse_balanced_pdel0.04,0.02,0.02,0.02,0.0,0.04,0,-1.0,2.0,101.90735439063116,0.7306995692718204,0.7327586206896551,0.9411764705882353,1.0,0.4231742875619657,2.0,1.0,0.0,0.0,1.0,0.02398021166618003,0.01093073593073593,0.05228156066642109,44.0,12.0,7.0,4.0,4.0149994395325495,2.716468719175102
natural_jitter,104,coarse_balanced_pdel0.04,0.02,0.02,0.02,0.0,0.04,0,-1.0,4.0,99.90694642836772,0.5082796135369644,0.5,0.9230769230769231,0.9714285714285714,0.2647775039062943,6.0,1.0,1.0,2.0,1.0,0.02420419269207441,0.041176470588235294,0.02322565436882118,36.0,5.0,4.0,3.0,3.1331209922810506,2.003606472056166
natural_jitter,105,coarse_balanced_pdel0.04,0.02,0.02,0.02,0.0,0.04,0,-1.0,4.0,100.64415599383995,0.6118331995334474,0.625,1.0,0.9761904761904762,0.16719016767260686,9.0,0.0,1.0,1.0,1.0,0.11492397438863433,0.03155245838172667,0.333010072948825,43.0,6.0,4.0,2.0,3.1932418807283804,2.1834073397980256
toy_cycle8,101,macro_stable_pdel0.00,0.02,0.05,0.02,0.0,0.0,0,-1.0,3.0,15.451130937715593,0.4882360566125145,0.44166666666666665,0.6666666666666666,1.0,0.14270765885106293,4.0,0.0,0.0,0.0,0.0,0.24192854966732158,0.0,0.22971784891882163,8.0,4.0,1.0,0.0,2.0,1.0968571310647857
toy_cycle8,102,macro_stable_pdel0.00,0.02,0.05,0.02,0.0,0.0,0,-1.0,3.0,26.54874785756165,0.23895204305498424,0.19166666666666668,0.3333333333333333,0.8181818181818182,0.11199654151124833,12.0,0.0,0.0,0.0,0.0,0.13808072466351362,0.0,0.3429545109160239,8.0,4.0,1.0,0.0,2.0,1.0968571310647857
toy_cycle8,103,macro_stable_pdel0.00,0.02,0.05,0.02,0.0,0.0,1,3.893951546436924,-1.0,3.893951546436924,0.9598192401960784,0.975,1.0,1.0,0.0,0.0,0.0,0.0,0.0,0.0,0.0,0.0,0.0,8.0,4.0,1.0,0.0,2.0,1.0968571310647857
toy_cycle8,104,macro_stable_pdel0.00,0.02,0.05,0.02,0.0,0.0,0,-1.0,3.0,22.52212020540295,0.2286766428016428,0.2545454545454545,0.8571428571428571,1.0,0.10068062696115503,4.0,1.0,0.0,0.0,0.0,0.038006685230155046,0.0,0.04237128629477449,8.0,4.0,1.0,0.0,2.0,1.0968571310647857
toy_cycle8,105,macro_stable_pdel0.00,0.02,0.05,0.02,0.0,0.0,0,-1.0,2.0,60.770228735242924,0.2523711165377832,0.2222222222222222,0.5,1.0,0.017143082819001974,8.0,1.0,0.0,0.0,0.0,0.16557742717885438,0.0,0.13158571386441675,8.0,4.0,1.0,0.0,2.0,1.0968571310647857
natural24,101,macro_stable_pdel0.00,0.02,0.05,0.02,0.0,0.0,0,-1.0,3.0,51.836781960758735,0.5510288113567159,0.5333333333333333,0.6190476190476191,1.0,0.2968053260343458,4.0,0.0,0.0,0.0,0.0,0.08200003168466452,0.0,0.22865442233790434,26.0,8.0,1.0,0.0,2.6237013224059,1.6473098575341685
natural24,102,macro_stable_pdel0.00,0.02,0.05,0.02,0.0,0.0,0,-1.0,1.0,79.5339244948508,0.8206293179913987,0.8235294117647058,0.875,1.0,0.05523150439770373,2.0,1.0,0.0,0.0,0.0,0.09856167890824308,0.00016835016835017869,0.05470709045271249,32.0,6.0,3.0,2.0,3.447641427497026,2.5464416979494686
natural24,103,macro_stable_pdel0.00,0.02,0.05,0.02,0.0,0.0,0,-1.0,5.0,138.79779008668893,0.22505034200571766,0.22429906542056074,0.5714285714285714,1.0,0.1828064500535705,4.0,1.0,0.0,0.0,0.0,0.004509723000206467,0.0,0.08755073835876992,45.0,2.0,2.0,1.0,3.4244254690327125,2.3690795840246075
natural24,104,macro_stable_pdel0.00,0.02,0.05,0.02,0.0,0.0,0,-1.0,3.0,92.3265593703918,0.5286656294033012,0.6083333333333333,1.0,1.0,0.0884924219578867,6.0,0.0,0.0,0.0,0.0,0.039216977379394,0.0,0.008906504595353582,34.0,3.0,2.0,0.0,3.266229954316078,2.4594367145855713
natural24,105,macro_stable_pdel0.00,0.02,0.05,0.02,0.0,0.0,0,-1.0,3.0,73.51820707509378,0.45873497752845477,0.43333333333333335,0.7777777777777778,1.0,0.08656912550514013,8.0,0.0,0.0,0.0,0.0,0.1579781859303795,0.0,0.07386322939654866,29.0,4.0,2.0,0.0,3.0576180360933045,2.3651992796878725
natural48,101,macro_stable_pdel0.00,0.02,0.05,0.02,0.0,0.0,0,-1.0,4.0,133.6520101781826,0.7627516219861468,0.75,0.7647058823529411,1.0,0.5128866111317396,2.0,0.0,0.0,0.0,0.0,0.08217780826027443,0.00022870211549456954,0.10006396701462084,53.0,10.0,7.0,4.0,4.145887947686547,2.9525170294252394
natural48,102,macro_stable_pdel0.00,0.02,0.05,0.02,0.0,0.0,0,-1.0,3.0,138.54678382985793,0.8547978270181177,0.853448275862069,0.9444444444444444,1.0,0.4671339453625577,5.0,1.0,0.0,1.0,1.0,0.008325660227823661,0.027717879604672063,0.037273179057839556,53.0,12.0,13.0,13.0,4.3344201912397295,2.320558330419931
natural48,103,macro_stable_pdel0.00,0.02,0.05,0.02,0.0,0.0,0,-1.0,2.0,166.0783131294575,0.8877970466045874,0.85,1.0,1.0,0.2192074087791918,2.0,0.0,0.0,0.0,1.0,0.050656965817965194,0.008022437332782156,0.0015567846968220778,58.0,8.0,10.0,8.0,4.25628009890024,3.0098543544915417
natural48,104,macro_stable_pdel0.00,0.02,0.05,0.02,0.0,0.0,0,-1.0,1.0,122.01296419012317,0.8577176857855802,0.8333333333333334,0.875,1.0,0.15814883294321155,2.0,0.0,0.0,0.0,3.0,0.12446258018639345,0.035325558794946546,0.02411776174173852,49.0,24.0,10.0,5.0,3.890674850160077,2.4612490891036085
natural48,105,macro_stable_pdel0.00,0.02,0.05,0.02,0.0,0.0,0,-1.0,5.0,113.58710754939631,0.7639472493982526,0.7678571428571429,0.9166666666666666,1.0,0.5346541014572599,8.0,1.0,0.0,0.0,1.0,0.08473107044798844,0.007903634826711761,0.14375481368979814,52.0,12.0,8.0,5.0,4.217988168411378,3.2843759802351147
natural_jitter,101,macro_stable_pdel0.00,0.02,0.05,0.02,0.0,0.0,0,-1.0,4.0,112.71558911542772,0.3278908371955974,0.2898550724637681,0.375,0.9487179487179487,0.38054859802143215,6.0,6.0,0.0,0.0,0.0,0.11359758641523543,0.0020467836257309947,0.025570512661843292,37.0,7.0,3.0,2.0,3.647122786241368,2.640672306896578
natural_jitter,102,macro_stable_pdel0.00,0.02,0.05,0.02,0.0,0.0,0,-1.0,2.0,103.79473779058519,0.7389407679212172,0.6608695652173913,0.75,1.0,0.23624504804062638,2.0,1.0,0.0,0.0,1.0,0.04115131732224331,0.017296340023612758,0.037068832089767856,44.0,15.0,12.0,8.0,4.710923791321034,2.963513679088454
natural_jitter,103,macro_stable_pdel0.00,0.02,0.05,0.02,0.0,0.0,0,-1.0,3.0,100.83732141570711,0.7690043520685722,0.7321428571428571,0.9444444444444444,1.0,0.5187654279977997,2.0,1.0,0.0,0.0,1.0,0.03254473445555872,0.009415584415584433,0.04580956610423703,44.0,12.0,7.0,4.0,4.0149994395325495,2.716468719175102
natural_jitter,104,macro_stable_pdel0.00,0.02,0.05,0.02,0.0,0.0,0,-1.0,5.0,99.92358616856949,0.5724740761718176,0.5603448275862069,0.9230769230769231,1.0,0.3559771276311517,2.0,1.0,0.0,0.0,1.0,0.1028416878294025,0.0398148148148148,0.01012832649211548,36.0,5.0,4.0,3.0,3.1331209922810506,2.003606472056166
natural_jitter,105,macro_stable_pdel0.00,0.02,0.05,0.02,0.0,0.0,0,-1.0,3.0,98.09879436827424,0.3056678617851949,0.31666666666666665,0.7777777777777778,1.0,0.1626061659970326,12.0,0.0,0.0,0.0,0.0,0.16473505022133095,0.0022727272727272735,0.04838293149686246,43.0,6.0,4.0,2.0,3.1932418807283804,2.1834073397980256
toy_cycle8,101,macro_stable_pdel0.01,0.02,0.05,0.02,0.0,0.01,0,-1.0,3.0,15.898634544128424,0.34834670782458027,0.34579439252336447,0.8571428571428571,0.8888888888888888,0.13254612083167056,3.0,1.0,1.0,0.0,0.0,0.05510417795815048,0.0,0.10703620175682271,8.0,4.0,1.0,0.0,2.0,1.0968571310647857
toy_cycle8,102,macro_stable_pdel0.01,0.02,0.05,0.02,0.0,0.01,0,-1.0,2.0,38.10809016810772,0.41202593722755015,0.4864864864864865,0.3333333333333333,1.0,0.05601218623459837,18.0,0.0,0.0,0.0,0.0,0.4132673215207432,0.0,0.12020723372623898,8.0,4.0,1.0,0.0,2.0,1.0968571310647857
toy_cycle8,103,macro_stable_pdel0.01,0.02,0.05,0.02,0.0,0.01,1,3.893951546436924,-1.0,3.893951546436924,0.9598192401960784,0.975,1.0,1.0,0.0,0.0,0.0,0.0,0.0,0.0,0.0,0.0,0.0,8.0,4.0,1.0,0.0,2.0,1.0968571310647857
toy_cycle8,104,macro_stable_pdel0.01,0.02,0.05,0.02,0.0,0.01,0,-1.0,5.0,23.81194568541456,0.2695137351074851,0.25,1.0,0.875,0.19681591429232415,8.0,0.0,1.0,1.0,0.0,0.2745352841462354,0.0,0.0259261227620875,8.0,4.0,1.0,0.0,2.0,1.0968571310647857
toy_cycle8,105,macro_stable_pdel0.01,0.02,0.05,0.02,0.0,0.01,0,-1.0,3.0,24.511949087235802,0.17703710350866644,0.13333333333333333,0.6,1.0,0.11516742601050127,12.0,0.0,0.0,0.0,0.0,0.07049824156552109,0.0,0.22897521296243029,8.0,4.0,1.0,0.0,2.0,1.0968571310647857
natural24,101,macro_stable_pdel0.01,0.02,0.05,0.02,0.0,0.01,0,-1.0,2.0,53.477821958060716,0.5311377183172344,0.55,0.6842105263157895,1.0,0.2179363087134538,6.0,0.0,0.0,0.0,0.0,0.0873210602849217,0.0,0.10767659440833621,26.0,8.0,1.0,0.0,2.6237013224059,1.6473098575341685
natural24,102,macro_stable_pdel0.01,0.02,0.05,0.02,0.0,0.01,0,-1.0,3.0,75.4740784883026,0.6556641931443603,0.6153846153846154,0.8888888888888888,1.0,0.1418807790502948,4.0,1.0,0.0,1.0,1.0,0.13525195857658856,0.016493055555555552,0.044603666190361047,32.0,6.0,3.0,2.0,3.447641427497026,2.5464416979494686
natural24,103,macro_stable_pdel0.01,0.02,0.05,0.02,0.0,0.01,0,-1.0,4.0,136.57785587825649,0.3250731501533078,0.34579439252336447,0.6666666666666666,0.9565217391304348,0.16809313483696947,8.0,1.0,0.0,0.0,0.0,0.06381453958171157,0.0,0.0008805348272455937,45.0,2.0,2.0,1.0,3.4244254690327125,2.3690795840246075
natural24,104,macro_stable_pdel0.01,0.02,0.05,0.02,0.0,0.01,0,-1.0,3.0,92.27952295830961,0.550683509708622,0.6083333333333333,1.0,1.0,0.08862589033128933,6.0,0.0,0.0,0.0,0.0,0.08119503627326052,0.0,0.008065625055346803,34.0,3.0,2.0,0.0,3.266229954316078,2.4594367145855713
natural24,105,macro_stable_pdel0.01,0.02,0.05,0.02,0.0,0.01,0,-1.0,3.0,79.13123321519862,0.36447411383355427,0.3728813559322034,0.875,1.0,0.07538510220796431,6.0,1.0,0.0,0.0,0.0,0.013577199902640835,0.0,0.011842617087959972,29.0,4.0,2.0,0.0,3.0576180360933045,2.3651992796878725
natural48,101,macro_stable_pdel0.01,0.02,0.05,0.02,0.0,0.01,0,-1.0,5.0,133.52401297427326,0.5957213956474897,0.5909090909090909,0.8125,1.0,0.5540019537431358,2.0,3.0,0.0,0.0,0.0,0.09292785881885512,0.00015246807699637738,0.13038810753974728,53.0,10.0,7.0,4.0,4.145887947686547,2.9525170294252394
natural48,102,macro_stable_pdel0.01,0.02,0.05,0.02,0.0,0.01,0,-1.0,1.0,138.7003577694288,0.9684944634454414,0.9833333333333333,1.0,1.0,0.12242834713638728,1.0,0.0,0.0,1.0,1.0,0.006931456209042786,0.025831087151841847,0.0,53.0,12.0,13.0,13.0,4.3344201912397295,2.320558330419931
natural48,103,macro_stable_pdel0.01,0.02,0.05,0.02,0.0,0.01,0,-1.0,1.0,165.6679651683395,0.887650793412292,0.8833333333333333,1.0,1.0,0.12328694000175591,2.0,0.0,0.0,0.0,1.0,0.050656965817965194,0.008022437332782156,0.0015567846968220778,58.0,8.0,10.0,8.0,4.25628009890024,3.0098543544915417
natural48,104,macro_stable_pdel0.01,0.02,0.05,0.02,0.0,0.01,0,-1.0,3.0,121.69549424395308,0.8128471364531119,0.7916666666666666,0.9333333333333333,1.0,0.7822289275309604,4.0,0.0,0.0,0.0,2.0,0.07798241399241368,0.030223517978620024,0.13047538949611992,49.0,24.0,10.0,5.0,3.890674850160077,2.4612490891036085
natural48,105,macro_stable_pdel0.01,0.02,0.05,0.02,0.0,0.01,0,-1.0,4.0,113.21260795803376,0.9514793686533225,0.9416666666666667,0.8571428571428571,0.9807692307692307,0.5111309360674197,3.0,0.0,1.0,0.0,1.0,0.07505880785357544,0.00572268355073785,0.20595836926379407,52.0,12.0,8.0,5.0,4.217988168411378,3.2843759802351147
natural_jitter,101,macro_stable_pdel0.01,0.02,0.05,0.02,0.0,0.01,0,-1.0,4.0,111.69977533445353,0.3053582969672473,0.2878787878787879,0.35294117647058826,0.9487179487179487,0.4201039034595776,6.0,7.0,0.0,0.0,0.0,0.11381463407607484,0.0020467836257309947,0.025570512661843292,37.0,7.0,3.0,2.0,3.647122786241368,2.640672306896578
natural_jitter,102,macro_stable_pdel0.01,0.02,0.05,0.02,0.0,0.01,0,-1.0,2.0,102.9574148936227,0.8724628045003066,0.8583333333333333,1.0,1.0,0.32726702328069235,4.0,0.0,0.0,0.0,1.0,0.037430713774097235,0.01772924045651318,0.02176255561409679,44.0,15.0,12.0,8.0,4.710923791321034,2.963513679088454
natural_jitter,103,macro_stable_pdel0.01,0.02,0.05,0.02,0.0,0.01,0,-1.0,4.0,100.13987670895925,0.8429413224236928,0.8333333333333334,0.9473684210526315,1.0,0.7294410298003223,2.0,1.0,0.0,0.0,1.0,0.03254473445555872,0.009415584415584433,0.04580956610423703,44.0,12.0,7.0,4.0,4.0149994395325495,2.716468719175102
natural_jitter,104,macro_stable_pdel0.01,0.02,0.05,0.02,0.0,0.01,0,-1.0,4.0,100.3586567953581,0.4162730254637152,0.375,0.6,1.0,0.23628322543197675,6.0,2.0,0.0,0.0,1.0,0.23756907981515107,0.05675675675675675,0.11736544597972154,36.0,5.0,4.0,3.0,3.1331209922810506,2.003606472056166
natural_jitter,105,macro_stable_pdel0.01,0.02,0.05,0.02,0.0,0.01,0,-1.0,5.0,96.8742591674881,0.3696366444786645,0.37168141592920356,0.8181818181818182,1.0,0.25324897413222786,14.0,0.0,0.0,0.0,1.0,0.12256003700371654,0.015503875968992248,0.087433212680605,43.0,6.0,4.0,2.0,3.1932418807283804,2.1834073397980256
toy_cycle8,101,macro_stable_pdel0.02,0.02,0.05,0.02,0.0,0.02,0,-1.0,2.0,22.496619856103827,0.26370296079725425,0.2833333333333333,1.0,0.9,0.05344876440318353,9.0,0.0,1.0,0.0,0.0,0.005009111063466465,0.0,0.27476652376709554,8.0,4.0,1.0,0.0,2.0,1.0968571310647857
toy_cycle8,102,macro_stable_pdel0.02,0.02,0.05,0.02,0.0,0.02,0,-1.0,0.0,44.22085456144774,0.7478743055555556,0.825,1.0,1.0,0.0,1.0,0.0,0.0,1.0,0.0,0.07023082768717304,0.0,0.004887695010542092,8.0,4.0,1.0,0.0,2.0,1.0968571310647857
toy_cycle8,103,macro_stable_pdel0.02,0.02,0.05,0.02,0.0,0.02,1,3.893951546436924,-1.0,3.893951546436924,0.9598192401960784,0.975,1.0,1.0,0.0,0.0,0.0,0.0,0.0,0.0,0.0,0.0,0.0,8.0,4.0,1.0,0.0,2.0,1.0968571310647857
toy_cycle8,104,macro_stable_pdel0.02,0.02,0.05,0.02,0.0,0.02,0,-1.0,4.0,23.605417545002656,0.36649166374166375,0.40540540540540543,0.875,1.0,0.17757739820718318,6.0,1.0,0.0,0.0,0.0,0.11371381251247747,0.0,0.06908970694047323,8.0,4.0,1.0,0.0,2.0,1.0968571310647857
toy_cycle8,105,macro_stable_pdel0.02,0.02,0.05,0.02,0.0,0.02,0,-1.0,3.0,26.524068025399604,0.246506488181531,0.20388349514563106,0.8,0.75,0.10543712978724179,8.0,1.0,0.0,0.0,0.0,0.0977097678956369,0.0,0.12429468134135035,8.0,4.0,1.0,0.0,2.0,1.0968571310647857
natural24,101,macro_stable_pdel0.02,0.02,0.05,0.02,0.0,0.02,0,-1.0,5.0,52.93169743874896,0.48603925464059494,0.4957983193277311,0.5882352941176471,1.0,0.4321899194302707,9.0,1.0,0.0,0.0,0.0,0.17323950262606536,0.0,0.014105792371390757,26.0,8.0,1.0,0.0,2.6237013224059,1.6473098575341685
natural24,102,macro_stable_pdel0.02,0.02,0.05,0.02,0.0,0.02,0,-1.0,1.0,79.18317967892179,0.7691188737246043,0.7583333333333333,0.5555555555555556,1.0,0.05316741026195442,2.0,0.0,0.0,0.0,0.0,0.11646289623004069,0.00024050024050023544,0.06466924467475721,32.0,6.0,3.0,2.0,3.447641427497026,2.5464416979494686
natural24,103,macro_stable_pdel0.02,0.02,0.05,0.02,0.0,0.02,0,-1.0,6.0,137.59623866284232,0.3078556879638447,0.32926829268292684,0.4444444444444444,1.0,0.23721926044114705,9.0,3.0,0.0,0.0,0.0,0.026191626879803476,0.0,0.326070764091404,45.0,2.0,2.0,1.0,3.4244254690327125,2.3690795840246075
natural24,104,macro_stable_pdel0.02,0.02,0.05,0.02,0.0,0.02,0,-1.0,3.0,92.25935920401737,0.2646564461928346,0.2708333333333333,0.7142857142857143,0.9705882352941176,0.09289734084974757,14.0,2.0,1.0,1.0,0.0,0.18803185251291943,0.0,0.13001931388687726,34.0,3.0,2.0,0.0,3.266229954316078,2.4594367145855713
natural24,105,macro_stable_pdel0.02,0.02,0.05,0.02,0.0,0.02,0,-1.0,4.0,79.48390249880245,0.6811496590045828,0.652542372881356,0.8571428571428571,0.9354838709677419,0.10522750755302841,10.0,1.0,0.0,0.0,0.0,0.07286600902624674,0.0,0.10459331958100959,29.0,4.0,2.0,0.0,3.0576180360933045,2.3651992796878725
natural48,101,macro_stable_pdel0.02,0.02,0.05,0.02,0.0,0.02,0,-1.0,2.0,133.13103215636644,0.700797428279259,0.675,0.7647058823529411,1.0,0.2874280121947161,4.0,0.0,0.0,0.0,0.0,0.11732914099813474,0.00036211168286639367,0.1393042113009182,53.0,10.0,7.0,4.0,4.145887947686547,2.9525170294252394
natural48,102,macro_stable_pdel0.02,0.02,0.05,0.02,0.0,0.02,0,-1.0,0.0,138.67607750005754,0.9680138746197403,0.9833333333333333,1.0,1.0,0.0,1.0,0.0,0.0,1.0,1.0,0.006361624184015646,0.025831087151841847,0.0,53.0,12.0,13.0,13.0,4.3344201912397295,2.320558330419931
natural48,103,macro_stable_pdel0.02,0.02,0.05,0.02,0.0,0.02,0,-1.0,4.0,164.1225607393657,0.8334987990868991,0.85,0.7647058823529411,1.0,0.4813592925442037,2.0,0.0,0.0,0.0,1.0,0.0506622030183248,0.008163181847392384,0.0009865843580572076,58.0,8.0,10.0,8.0,4.25628009890024,3.0098543544915417
natural48,104,macro_stable_pdel0.02,0.02,0.05,0.02,0.0,0.02,0,-1.0,3.0,121.62664792693755,0.7952401722534758,0.7606837606837606,0.9,1.0,0.5020542669853224,2.0,1.0,0.0,0.0,2.0,0.06188505164331337,0.044217687074829926,0.012144013428777356,49.0,24.0,10.0,5.0,3.890674850160077,2.4612490891036085
natural48,105,macro_stable_pdel0.02,0.02,0.05,0.02,0.0,0.02,0,-1.0,3.0,114.88296364917309,0.9312974247424854,0.925,0.8181818181818182,1.0,0.2433393637249118,3.0,0.0,0.0,1.0,1.0,0.08790064906621442,0.00809451985922574,0.09841227336338321,52.0,12.0,8.0,5.0,4.217988168411378,3.2843759802351147
natural_jitter,101,macro_stable_pdel0.02,0.02,0.05,0.02,0.0,0.02,0,-1.0,5.0,111.72478568141423,0.31584858893745743,0.27692307692307694,0.46153846153846156,0.9210526315789473,0.5508565431542215,8.0,7.0,1.0,1.0,0.0,0.0795654064021365,0.00980146813480147,0.004462842672399159,37.0,7.0,3.0,2.0,3.647122786241368,2.640672306896578
natural_jitter,102,macro_stable_pdel0.02,0.02,0.05,0.02,0.0,0.02,0,-1.0,4.0,103.18246325226148,0.795171308792575,0.7586206896551724,0.6,1.0,0.6061760439518357,1.0,2.0,0.0,1.0,0.0,0.02123855194173707,0.015503875968992248,0.08599228960594996,44.0,15.0,12.0,8.0,4.710923791321034,2.963513679088454
natural_jitter,103,macro_stable_pdel0.02,0.02,0.05,0.02,0.0,0.02,0,-1.0,2.0,99.57729266593914,0.8724248808012103,0.8416666666666667,1.0,1.0,0.4113745606114781,4.0,0.0,0.0,0.0,0.0,0.012275733613497763,0.01904761904761905,0.05272102312694571,44.0,12.0,7.0,4.0,4.0149994395325495,2.716468719175102
natural_jitter,104,macro_stable_pdel0.02,0.02,0.05,0.02,0.0,0.02,0,-1.0,4.0,98.44345072269957,0.5484437447996061,0.5416666666666666,1.0,1.0,0.2746159167718417,6.0,0.0,0.0,1.0,1.0,0.12644003018145167,0.018095238095238095,0.38710345236589716,36.0,5.0,4.0,3.0,3.1331209922810506,2.003606472056166
natural_jitter,105,macro_stable_pdel0.02,0.02,0.05,0.02,0.0,0.02,0,-1.0,4.0,97.50568564424576,0.3179915996404222,0.33035714285714285,0.6363636363636364,1.0,0.19034517887993357,12.0,2.0,0.0,0.0,1.0,0.23251985564300526,0.02713178294573643,0.12212721818917771,43.0,6.0,4.0,2.0,3.1932418807283804,2.1834073397980256
toy_cycle8,101,macro_stable_pdel0.04,0.02,0.05,0.02,0.0,0.04,0,-1.0,1.0,27.62207734114662,0.6956327773533656,0.6974789915966386,0.75,0.8888888888888888,0.007083986871321378,1.0,1.0,1.0,0.0,0.0,0.08766031478131375,0.0,0.037248890753286856,8.0,4.0,1.0,0.0,2.0,1.0968571310647857
toy_cycle8,102,macro_stable_pdel0.04,0.02,0.05,0.02,0.0,0.04,0,-1.0,1.0,30.971727946695346,0.2329359185918592,0.26732673267326734,0.25,0.625,0.02925733631144548,9.0,1.0,1.0,0.0,0.0,0.2836116248915035,0.0,0.08247996823404496,8.0,4.0,1.0,0.0,2.0,1.0968571310647857
toy_cycle8,103,macro_stable_pdel0.04,0.02,0.05,0.02,0.0,0.04,1,3.27339448647509,-1.0,3.27339448647509,0.965374795751634,0.9833333333333333,1.0,1.0,0.0,0.0,0.0,0.0,0.0,0.0,0.0,0.0,0.0,8.0,4.0,1.0,0.0,2.0,1.0968571310647857
toy_cycle8,104,macro_stable_pdel0.04,0.02,0.05,0.02,0.0,0.04,0,-1.0,1.0,32.9387975850218,0.1477581692644244,0.16981132075471697,0.5,1.0,0.0,7.0,2.0,0.0,0.0,0.0,0.4502783048033514,0.0,0.285716332828008,8.0,4.0,1.0,0.0,2.0,1.0968571310647857
toy_cycle8,105,macro_stable_pdel0.04,0.02,0.05,0.02,0.0,0.04,0,-1.0,3.0,26.152274421213495,0.2123360691332291,0.13861386138613863,0.8333333333333334,0.625,0.09773752994926492,10.0,1.0,1.0,0.0,0.0,0.25075161272065594,0.0,0.40042441099382153,8.0,4.0,1.0,0.0,2.0,1.0968571310647857
natural24,101,macro_stable_pdel0.04,0.02,0.05,0.02,0.0,0.04,0,-1.0,3.0,52.038791096402434,0.46747158174419184,0.48333333333333334,0.5,0.8695652173913043,0.31181810915927827,10.0,0.0,1.0,1.0,0.0,0.13469012567198568,0.0,0.01652994897411375,26.0,8.0,1.0,0.0,2.6237013224059,1.6473098575341685
natural24,102,macro_stable_pdel0.04,0.02,0.05,0.02,0.0,0.04,0,-1.0,1.0,80.5398752477919,0.8475565827599801,0.85,1.0,0.967741935483871,0.01824985951798356,3.0,0.0,1.0,0.0,0.0,0.10008375061747365,0.002803379416282642,0.06822434366210661,32.0,6.0,3.0,2.0,3.447641427497026,2.5464416979494686
natural24,103,macro_stable_pdel0.04,0.02,0.05,0.02,0.0,0.04,0,-1.0,4.0,138.65751721621984,0.272342868306743,0.2717391304347826,0.18181818181818182,0.9782608695652174,0.15830230710470097,7.0,1.0,1.0,0.0,0.0,0.07384117002719304,0.0005743424584004307,0.5099744770149004,45.0,2.0,2.0,1.0,3.4244254690327125,2.3690795840246075
natural24,104,macro_stable_pdel0.04,0.02,0.05,0.02,0.0,0.04,0,-1.0,3.0,90.61886397603378,0.34028779699948897,0.3333333333333333,0.46153846153846156,0.9714285714285714,0.15630099970256903,12.0,1.0,1.0,1.0,0.0,0.15553780275538687,0.0,0.20190672318143976,34.0,3.0,2.0,0.0,3.266229954316078,2.4594367145855713
natural24,105,macro_stable_pdel0.04,0.02,0.05,0.02,0.0,0.04,0,-1.0,6.0,80.8441674087004,0.2970572569646291,0.19626168224299065,0.75,0.9310344827586207,0.16342880423202344,9.0,1.0,2.0,1.0,0.0,0.48687420892052025,0.0,0.4882517924772536,29.0,4.0,2.0,0.0,3.0576180360933045,2.3651992796878725
natural48,101,macro_stable_pdel0.04,0.02,0.05,0.02,0.0,0.04,0,-1.0,2.0,132.6542048504382,0.7453094615023568,0.75,1.0,1.0,0.22341744133018182,6.0,0.0,0.0,0.0,1.0,0.10549052774572587,0.0018674136321195148,0.16831378217178106,53.0,10.0,7.0,4.0,4.145887947686547,2.9525170294252394
natural48,102,macro_stable_pdel0.04,0.02,0.05,0.02,0.0,0.04,0,-1.0,1.0,139.88451458174362,0.9455243243775815,0.9833333333333333,1.0,1.0,0.11437736654905307,1.0,0.0,0.0,1.0,1.0,0.00728413618425261,0.03840970350404313,0.0,53.0,12.0,13.0,13.0,4.3344201912397295,2.320558330419931
natural48,103,macro_stable_pdel0.04,0.02,0.05,0.02,0.0,0.04,0,-1.0,2.0,164.56008219476325,0.8871434488045175,0.8833333333333333,1.0,1.0,0.25132298061478053,4.0,0.0,0.0,0.0,1.0,0.07769793272748515,0.020055091107722703,0.008777636470987282,58.0,8.0,10.0,8.0,4.25628009890024,3.0098543544915417
natural48,104,macro_stable_pdel0.04,0.02,0.05,0.02,0.0,0.04,0,-1.0,1.0,122.17021452766583,0.9192833884433841,0.9333333333333333,1.0,1.0,0.15570401717646537,2.0,0.0,0.0,0.0,2.0,0.05462764043318602,0.030709426627793968,0.03652031129103195,49.0,24.0,10.0,5.0,3.890674850160077,2.4612490891036085
natural48,105,macro_stable_pdel0.04,0.02,0.05,0.02,0.0,0.04,0,-1.0,2.0,112.70238820124483,0.9815919033364588,0.975,1.0,1.0,0.24125262670792966,3.0,0.0,0.0,1.0,0.0,0.015469954198510827,0.0013071895424836555,0.07664493347580414,52.0,12.0,8.0,5.0,4.217988168411378,3.2843759802351147
natural_jitter,101,macro_stable_pdel0.04,0.02,0.05,0.02,0.0,0.04,0,-1.0,7.0,112.27509237225263,0.38513425000703283,0.3763440860215054,0.5882352941176471,0.972972972972973,0.8644739515373998,7.0,3.0,1.0,3.0,1.0,0.6844751222956611,0.01025132275132275,0.29418047695004157,37.0,7.0,3.0,2.0,3.647122786241368,2.640672306896578
natural_jitter,102,macro_stable_pdel0.04,0.02,0.05,0.02,0.0,0.04,0,-1.0,5.0,102.70014695414892,0.7881146633241783,0.7610619469026548,0.8636363636363636,1.0,0.7817448661739039,7.0,1.0,0.0,1.0,2.0,0.3900928646899251,0.03464187327823691,0.18196013762263785,44.0,15.0,12.0,8.0,4.710923791321034,2.963513679088454
natural_jitter,103,macro_stable_pdel0.04,0.02,0.05,0.02,0.0,0.04,0,-1.0,3.0,101.06716088449622,0.7400190828599831,0.7105263157894737,0.9444444444444444,1.0,0.5004481008860597,2.0,1.0,0.0,0.0,1.0,0.016602536539295,0.011904761904761904,0.0447251997514555,44.0,12.0,7.0,4.0,4.0149994395325495,2.716468719175102
natural_jitter,104,macro_stable_pdel0.04,0.02,0.05,0.02,0.0,0.04,0,-1.0,4.0,101.61281216266752,0.5472359623626449,0.5504587155963303,0.5833333333333334,0.972972972972973,0.27313604307191236,8.0,3.0,1.0,1.0,0.0,0.11519059821054611,0.01686686686686687,0.4637617851635836,36.0,5.0,4.0,3.0,3.1331209922810506,2.003606472056166
natural_jitter,105,macro_stable_pdel0.04,0.02,0.05,0.02,0.0,0.04,0,-1.0,5.0,100.1035798688033,0.4806644874341114,0.48333333333333334,0.7777777777777778,1.0,0.2104830920036333,11.0,0.0,0.0,2.0,2.0,0.14463226762438763,0.05714285714285714,0.12375003526951511,43.0,6.0,4.0,2.0,3.1932418807283804,2.1834073397980256
toy_cycle8,101,low_death_pdel0.00,0.02,0.0,0.02,0.0,0.0,0,-1.0,3.0,16.562290839290192,0.2348018226439279,0.26126126126126126,0.6666666666666666,1.0,0.1451352356652839,4.0,1.0,0.0,0.0,0.0,0.10273059913828675,0.0,0.1754463746442836,8.0,4.0,1.0,0.0,2.0,1.0968571310647857
toy_cycle8,102,low_death_pdel0.00,0.02,0.0,0.02,0.0,0.0,0,-1.0,3.0,17.788002378911173,0.2628355139073889,0.24166666666666667,0.5384615384615384,0.8,0.17940170097078714,14.0,0.0,0.0,0.0,0.0,0.17677567907531033,0.0,0.2737323675536327,8.0,4.0,1.0,0.0,2.0,1.0968571310647857
toy_cycle8,103,low_death_pdel0.00,0.02,0.0,0.02,0.0,0.0,0,-1.0,3.0,20.7931266287658,0.3351983796296296,0.35833333333333334,1.0,1.0,0.17821560148686574,10.0,0.0,0.0,0.0,0.0,0.05216817968243914,0.0,0.16686184324197906,8.0,4.0,1.0,0.0,2.0,1.0968571310647857
toy_cycle8,104,low_death_pdel0.00,0.02,0.0,0.02,0.0,0.0,0,-1.0,3.0,21.118314192257053,0.2530806272045855,0.25,1.0,1.0,0.09120540991896567,6.0,0.0,0.0,0.0,0.0,0.17292324049303298,0.0,0.17081048955672573,8.0,4.0,1.0,0.0,2.0,1.0968571310647857
toy_cycle8,105,low_death_pdel0.00,0.02,0.0,0.02,0.0,0.0,0,-1.0,3.0,25.7331107948908,0.2308353054109633,0.19166666666666668,0.8,1.0,0.09802077603781943,8.0,0.0,0.0,0.0,0.0,0.06233718277922451,0.0,0.1944480243692872,8.0,4.0,1.0,0.0,2.0,1.0968571310647857
natural24,101,low_death_pdel0.00,0.02,0.0,0.02,0.0,0.0,0,-1.0,3.0,53.60294438097171,0.6254980293105207,0.625,0.625,1.0,0.24978886110418425,6.0,0.0,0.0,0.0,0.0,0.15938684292990546,0.0,0.3180791663591478,26.0,8.0,1.0,0.0,2.6237013224059,1.6473098575341685
natural24,102,low_death_pdel0.00,0.02,0.0,0.02,0.0,0.0,0,-1.0,2.0,72.00730731822898,0.7596323774007909,0.6916666666666667,1.0,1.0,0.1323345620094639,6.0,0.0,0.0,0.0,0.0,0.04064316705968585,0.0,0.14599165955958204,32.0,6.0,3.0,2.0,3.447641427497026,2.5464416979494686
natural24,103,low_death_pdel0.00,0.02,0.0,0.02,0.0,0.0,0,-1.0,4.0,153.30486076929128,0.3093614360634079,0.29906542056074764,0.375,1.0,0.08680709813139002,10.0,3.0,0.0,0.0,0.0,0.006075826470616441,0.0,0.09357002229583156,45.0,2.0,2.0,1.0,3.4244254690327125,2.3690795840246075
natural24,104,low_death_pdel0.00,0.02,0.0,0.02,0.0,0.0,0,-1.0,4.0,80.81592238061585,0.546810189686449,0.5225225225225225,0.6666666666666666,1.0,0.2885817355156762,2.0,1.0,0.0,0.0,0.0,0.10518340826873329,0.0,0.008575232105170638,34.0,3.0,2.0,0.0,3.266229954316078,2.4594367145855713
natural24,105,low_death_pdel0.00,0.02,0.0,0.02,0.0,0.0,0,-1.0,3.0,74.22527469005716,0.5199724863189172,0.5083333333333333,0.8,1.0,0.08490315035445385,6.0,0.0,0.0,0.0,0.0,0.11703867934689294,0.0,0.026528988107194618,29.0,4.0,2.0,0.0,3.0576180360933045,2.3651992796878725
natural48,101,low_death_pdel0.00,0.02,0.0,0.02,0.0,0.0,0,-1.0,4.0,133.99980365483364,0.7662829859833354,0.7583333333333333,0.8666666666666667,1.0,0.4956781285328948,2.0,0.0,0.0,0.0,0.0,0.08217780826027443,0.00022870211549456954,0.10006396701462084,53.0,10.0,7.0,4.0,4.145887947686547,2.9525170294252394
natural48,102,low_death_pdel0.00,0.02,0.0,0.02,0.0,0.0,0,-1.0,4.0,140.15201387052127,0.9072606670385369,0.9487179487179487,0.9411764705882353,1.0,0.39447266856489144,1.0,1.0,0.0,1.0,1.0,0.008562547949023447,0.025831087151841875,0.0,53.0,12.0,13.0,13.0,4.3344201912397295,2.320558330419931
natural48,103,low_death_pdel0.00,0.02,0.0,0.02,0.0,0.0,0,-1.0,3.0,165.65929470241232,0.8974605726812385,0.9,1.0,1.0,0.21577806283722953,2.0,0.0,0.0,0.0,1.0,0.050656965817965194,0.008022437332782156,0.0015567846968220778,58.0,8.0,10.0,8.0,4.25628009890024,3.0098543544915417
natural48,104,low_death_pdel0.00,0.02,0.0,0.02,0.0,0.0,0,-1.0,5.0,121.70665553421628,0.8379866009282825,0.8347826086956521,0.9117647058823529,1.0,0.7970425621590838,2.0,1.0,0.0,0.0,2.0,0.0904760634518218,0.03022351797862001,0.02411776174173852,49.0,24.0,10.0,5.0,3.890674850160077,2.4612490891036085
natural48,105,low_death_pdel0.00,0.02,0.0,0.02,0.0,0.0,0,-1.0,4.0,113.34465293227692,0.7364962363806573,0.7631578947368421,0.9411764705882353,1.0,0.3941270913889487,6.0,1.0,0.0,0.0,0.0,0.06228578252762862,0.03326289095519863,0.0008666609520422419,52.0,12.0,8.0,5.0,4.217988168411378,3.2843759802351147
natural_jitter,101,low_death_pdel0.00,0.02,0.0,0.02,0.0,0.0,0,-1.0,4.0,112.07073765356755,0.3214122181642521,0.28169014084507044,0.3181818181818182,0.9487179487179487,0.3679404226183617,6.0,9.0,0.0,0.0,0.0,0.16601632968467817,0.0038809144072301967,0.04025562291088747,37.0,7.0,3.0,2.0,3.647122786241368,2.640672306896578
natural_jitter,102,low_death_pdel0.00,0.02,0.0,0.02,0.0,0.0,0,-1.0,3.0,102.47337743340016,0.7716160000132034,0.7372881355932204,0.7916666666666666,1.0,0.486423271282393,4.0,1.0,0.0,0.0,3.0,0.1840508134155625,0.016630591630591635,0.09870292822248494,44.0,15.0,12.0,8.0,4.710923791321034,2.963513679088454
natural_jitter,103,low_death_pdel0.00,0.02,0.0,0.02,0.0,0.0,0,-1.0,3.0,100.64127087912547,0.8285390579062472,0.8083333333333333,0.8095238095238095,1.0,0.5055140827368292,2.0,0.0,0.0,0.0,0.0,0.015875989476175523,0.0007575757575757486,0.047511145535415356,44.0,12.0,7.0,4.0,4.0149994395325495,2.716468719175102
natural_jitter,104,low_death_pdel0.00,0.02,0.0,0.02,0.0,0.0,0,-1.0,5.0,99.4210878858849,0.43637041215350403,0.3652173913043478,0.6428571428571429,1.0,0.3228706788078829,8.0,1.0,0.0,0.0,1.0,0.02325458079145637,0.023148148148148154,0.09927065459666284,36.0,5.0,4.0,3.0,3.1331209922810506,2.003606472056166
natural_jitter,105,low_death_pdel0.00,0.02,0.0,0.02,0.0,0.0,0,-1.0,3.0,95.16180772785816,0.473113273717072,0.43103448275862066,0.8571428571428571,1.0,0.18635063331930188,6.0,2.0,0.0,0.0,1.0,0.16487081487343813,0.02713178294573643,0.0005410515345998235,43.0,6.0,4.0,2.0,3.1932418807283804,2.1834073397980256
toy_cycle8,101,low_death_pdel0.01,0.02,0.0,0.02,0.0,0.01,0,-1.0,1.0,21.311369075349557,0.3466548536209553,0.3220338983050847,0.8333333333333334,0.8888888888888888,0.009163500964080362,5.0,1.0,1.0,0.0,0.0,0.24881729496347083,0.0,0.5445101769654775,8.0,4.0,1.0,0.0,2.0,1.0968571310647857
toy_cycle8,102,low_death_pdel0.01,0.02,0.0,0.02,0.0,0.01,0,-1.0,1.0,19.687938699216254,0.64394719146259,0.7166666666666667,1.0,1.0,0.020782490780118224,2.0,0.0,0.0,0.0,0.0,0.06776797964069248,0.0,0.03541549326913529,8.0,4.0,1.0,0.0,2.0,1.0968571310647857
toy_cycle8,103,low_death_pdel0.01,0.02,0.0,0.02,0.0,0.01,0,-1.0,3.0,21.28312799514396,0.3430201388888889,0.3333333333333333,1.0,0.875,0.14928427109926462,5.0,0.0,1.0,0.0,0.0,0.10717466971083689,0.0,0.24367730788202313,8.0,4.0,1.0,0.0,2.0,1.0968571310647857
toy_cycle8,104,low_death_pdel0.01,0.02,0.0,0.02,0.0,0.01,0,-1.0,5.0,24.86340577001463,0.2706124847374847,0.26666666666666666,1.0,1.0,0.183700621875432,4.0,0.0,0.0,0.0,0.0,0.09876285817443442,0.0,0.0079560104316313,8.0,4.0,1.0,0.0,2.0,1.0968571310647857
toy_cycle8,105,low_death_pdel0.01,0.02,0.0,0.02,0.0,0.01,0,-1.0,3.0,24.38341507661332,0.1767235576923077,0.11666666666666667,0.7142857142857143,0.8,0.11752133656964552,12.0,0.0,0.0,0.0,0.0,0.11696092314374473,0.0,0.22718203741762943,8.0,4.0,1.0,0.0,2.0,1.0968571310647857
natural24,101,low_death_pdel0.01,0.02,0.0,0.02,0.0,0.01,0,-1.0,3.0,54.103221268297354,0.5992069431163405,0.625,0.8333333333333334,0.9615384615384616,0.24248095066291597,5.0,0.0,1.0,0.0,0.0,0.012656951924384874,0.0,0.1488133076225795,26.0,8.0,1.0,0.0,2.6237013224059,1.6473098575341685
natural24,102,low_death_pdel0.01,0.02,0.0,0.02,0.0,0.01,0,-1.0,2.0,71.6390385958823,0.7461561521905623,0.7,1.0,1.0,0.10703342378497528,6.0,0.0,0.0,0.0,0.0,0.22355327445222795,0.005341291704928058,0.13235195622821427,32.0,6.0,3.0,2.0,3.447641427497026,2.5464416979494686
natural24,103,low_death_pdel0.01,0.02,0.0,0.02,0.0,0.01,0,-1.0,5.0,156.02205426340237,0.3062451388888889,0.3,1.0,1.0,0.09072812099500357,10.0,0.0,0.0,0.0,0.0,0.020764283480179557,0.0,0.032022242573340076,45.0,2.0,2.0,1.0,3.4244254690327125,2.3690795840246075
natural24,104,low_death_pdel0.01,0.02,0.0,0.02,0.0,0.01,0,-1.0,4.0,79.46191836899868,0.5851259011447079,0.5486725663716814,0.7222222222222222,1.0,0.31226543435044246,4.0,1.0,0.0,0.0,0.0,0.0015340291363474812,0.0,0.03450426819449204,34.0,3.0,2.0,0.0,3.266229954316078,2.4594367145855713
natural24,105,low_death_pdel0.01,0.02,0.0,0.02,0.0,0.01,0,-1.0,3.0,78.56900669757432,0.35384996996834117,0.33620689655172414,0.9,0.9655172413793104,0.07694299238283817,9.0,1.0,1.0,0.0,0.0,0.05335822274319346,0.0,0.21127779857297702,29.0,4.0,2.0,0.0,3.0576180360933045,2.3651992796878725
natural48,101,low_death_pdel0.01,0.02,0.0,0.02,0.0,0.01,0,-1.0,1.0,133.7268678888682,0.7691376462629708,0.8,0.8666666666666667,1.0,0.07102419608218678,2.0,0.0,0.0,0.0,0.0,0.09292785881885512,0.00015246807699637738,0.13038810753974728,53.0,10.0,7.0,4.0,4.145887947686547,2.9525170294252394
natural48,102,low_death_pdel0.01,0.02,0.0,0.02,0.0,0.01,0,-1.0,0.0,138.97033177746007,0.9805086624603195,0.9916666666666667,1.0,1.0,0.0,1.0,0.0,0.0,1.0,1.0,0.007032714846358701,0.025831087151841875,0.0,53.0,12.0,13.0,13.0,4.3344201912397295,2.320558330419931
natural48,103,low_death_pdel0.01,0.02,0.0,0.02,0.0,0.01,0,-1.0,4.0,165.65026906478678,0.8976230640318728,0.9,1.0,1.0,0.3986557302713269,2.0,0.0,0.0,0.0,1.0,0.050656965817965194,0.008022437332782156,0.0015567846968220778,58.0,8.0,10.0,8.0,4.25628009890024,3.0098543544915417
natural48,104,low_death_pdel0.01,0.02,0.0,0.02,0.0,0.01,0,-1.0,3.0,121.72206147562069,0.8004157688911978,0.7916666666666666,1.0,1.0,0.8222948068644871,4.0,0.0,0.0,0.0,2.0,0.041746510386096336,0.03070942662779397,0.04895971839408286,49.0,24.0,10.0,5.0,3.890674850160077,2.4612490891036085
natural48,105,low_death_pdel0.01,0.02,0.0,0.02,0.0,0.01,0,-1.0,0.0,111.0233255221595,0.9837578324684252,0.9916666666666667,1.0,1.0,0.0,2.0,0.0,0.0,0.0,1.0,0.0641628193169188,0.008579881656804733,0.0,52.0,12.0,8.0,5.0,4.217988168411378,3.2843759802351147
natural_jitter,101,low_death_pdel0.01,0.02,0.0,0.02,0.0,0.01,0,-1.0,4.0,111.7347013231728,0.30957261727683405,0.2753623188405797,0.4444444444444444,0.9487179487179487,0.4696372349787256,6.0,8.0,0.0,0.0,0.0,0.11381463407607484,0.0020467836257309947,0.025570512661843292,37.0,7.0,3.0,2.0,3.647122786241368,2.640672306896578
natural_jitter,102,low_death_pdel0.01,0.02,0.0,0.02,0.0,0.01,0,-1.0,2.0,103.44602899646229,0.8763986935051266,0.8916666666666667,1.0,1.0,0.3038667472975957,2.0,0.0,0.0,0.0,0.0,0.015762080722045546,0.014393939393939403,0.037068832089767856,44.0,15.0,12.0,8.0,4.710923791321034,2.963513679088454
natural_jitter,103,low_death_pdel0.01,0.02,0.0,0.02,0.0,0.01,0,-1.0,4.0,100.39715998751464,0.8408765639294218,0.7796610169491526,0.9523809523809523,1.0,0.73427277988353,2.0,1.0,0.0,0.0,0.0,0.015875989476175523,0.0007575757575757486,0.047511145535415356,44.0,12.0,7.0,4.0,4.0149994395325495,2.716468719175102
natural_jitter,104,low_death_pdel0.01,0.02,0.0,0.02,0.0,0.01,0,-1.0,4.0,97.93649404796246,0.38965482495568665,0.3364485981308411,0.6428571428571429,0.9722222222222222,0.33496719247181916,8.0,1.0,1.0,1.0,0.0,0.06596074970355259,0.00015873015873016372,0.10319235640240532,36.0,5.0,4.0,3.0,3.1331209922810506,2.003606472056166
natural_jitter,105,low_death_pdel0.01,0.02,0.0,0.02,0.0,0.01,0,-1.0,4.0,94.5812754062242,0.45525415106140543,0.40350877192982454,0.7333333333333333,1.0,0.2581974109771104,10.0,0.0,0.0,0.0,1.0,0.1357848729899933,0.02713178294573643,0.01855643906898008,43.0,6.0,4.0,2.0,3.1932418807283804,2.1834073397980256
toy_cycle8,101,low_death_pdel0.02,0.02,0.0,0.02,0.0,0.02,0,-1.0,2.0,20.638357380350516,0.5447350233100233,0.5333333333333333,0.7142857142857143,1.0,0.10115841941333542,5.0,0.0,0.0,0.0,0.0,0.3382463498838526,0.0,0.29097596162380945,8.0,4.0,1.0,0.0,2.0,1.0968571310647857
toy_cycle8,102,low_death_pdel0.02,0.02,0.0,0.02,0.0,0.02,0,-1.0,0.0,22.598623792253065,0.6610727588383839,0.725,1.0,1.0,0.05500082744295785,2.0,0.0,0.0,0.0,0.0,0.06933515246739463,0.0,0.004220520672317818,8.0,4.0,1.0,0.0,2.0,1.0968571310647857
toy_cycle8,103,low_death_pdel0.02,0.02,0.0,0.02,0.0,0.02,0,-1.0,4.0,18.817360547805265,0.28719247646607926,0.35051546391752575,0.6666666666666666,1.0,0.24393338637806122,3.0,3.0,0.0,0.0,0.0,0.1866924231513769,0.0,0.36738213660704466,8.0,4.0,1.0,0.0,2.0,1.0968571310647857
toy_cycle8,104,low_death_pdel0.02,0.02,0.0,0.02,0.0,0.02,0,-1.0,5.0,23.556953610771018,0.45020545634920633,0.45,1.0,1.0,0.20207114772470583,4.0,0.0,0.0,0.0,0.0,0.1216468126049488,0.0,0.04390209273377699,8.0,4.0,1.0,0.0,2.0,1.0968571310647857
toy_cycle8,105,low_death_pdel0.02,0.02,0.0,0.02,0.0,0.02,0,-1.0,2.0,23.962904653062825,0.24233436648821263,0.23076923076923078,0.875,0.875,0.06488001669434164,7.0,1.0,1.0,0.0,0.0,0.30194268555030623,0.0,0.3328163499971422,8.0,4.0,1.0,0.0,2.0,1.0968571310647857
natural24,101,low_death_pdel0.02,0.02,0.0,0.02,0.0,0.02,0,-1.0,2.0,54.91170118123439,0.6558834487001214,0.6916666666666667,0.8181818181818182,1.0,0.17201775362825836,2.0,0.0,0.0,0.0,0.0,0.07854150345852196,0.0,0.19055362388925978,26.0,8.0,1.0,0.0,2.6237013224059,1.6473098575341685
natural24,102,low_death_pdel0.02,0.02,0.0,0.02,0.0,0.02,0,-1.0,1.0,69.69217974328481,0.6659937286497661,0.675,0.8333333333333334,1.0,0.12090429890749638,5.0,0.0,0.0,0.0,0.0,0.15784718998223113,0.005050505050505069,0.7365949068021176,32.0,6.0,3.0,2.0,3.447641427497026,2.5464416979494686
natural24,103,low_death_pdel0.02,0.02,0.0,0.02,0.0,0.02,0,-1.0,5.0,156.0601909826894,0.3062451388888889,0.3,1.0,1.0,0.09068825978091692,10.0,0.0,0.0,0.0,0.0,0.020764283480179557,0.0,0.032022242573340076,45.0,2.0,2.0,1.0,3.4244254690327125,2.3690795840246075
natural24,104,low_death_pdel0.02,0.02,0.0,0.02,0.0,0.02,0,-1.0,4.0,87.90345421830862,0.5411100401776001,0.5384615384615384,0.8888888888888888,1.0,0.1817417993377025,5.0,1.0,0.0,1.0,0.0,0.1994030479152502,0.0,0.011016254157153238,34.0,3.0,2.0,0.0,3.266229954316078,2.4594367145855713
natural24,105,low_death_pdel0.02,0.02,0.0,0.02,0.0,0.02,0,-1.0,2.0,70.86484975927114,0.683440116395731,0.6666666666666666,1.0,0.9310344827586207,0.048016347392656526,10.0,0.0,2.0,0.0,0.0,0.12421724796786604,0.0,0.5199425468039764,29.0,4.0,2.0,0.0,3.0576180360933045,2.3651992796878725
natural48,101,low_death_pdel0.02,0.02,0.0,0.02,0.0,0.02,0,-1.0,2.0,132.7998338042998,0.7209263592177726,0.7,0.8823529411764706,1.0,0.3018766382829764,2.0,0.0,0.0,0.0,0.0,0.06808910401116108,0.0002096436058700163,0.12264489261232603,53.0,10.0,7.0,4.0,4.145887947686547,2.9525170294252394
natural48,102,low_death_pdel0.02,0.02,0.0,0.02,0.0,0.02,0,-1.0,0.0,138.3543351033879,0.9850187022719764,0.9916666666666667,1.0,1.0,0.0,1.0,0.0,0.0,1.0,1.0,0.012364742170799303,0.026556776556776573,0.006760229396101991,53.0,12.0,13.0,13.0,4.3344201912397295,2.320558330419931
natural48,103,low_death_pdel0.02,0.02,0.0,0.02,0.0,0.02,0,-1.0,6.0,162.6874527225432,0.8468294866906465,0.825,0.8260869565217391,1.0,0.920080773702812,2.0,0.0,0.0,0.0,1.0,0.05085803960687052,0.008163181847392356,0.0009865843580580957,58.0,8.0,10.0,8.0,4.25628009890024,3.0098543544915417
natural48,104,low_death_pdel0.02,0.02,0.0,0.02,0.0,0.02,0,-1.0,5.0,121.9889042120564,0.8298289051491009,0.8347826086956521,0.9666666666666667,1.0,1.325716266529048,3.0,1.0,0.0,1.0,3.0,0.17967371892088213,0.04613095238095238,0.023513955663846176,49.0,24.0,10.0,5.0,3.890674850160077,2.4612490891036085
natural48,105,low_death_pdel0.02,0.02,0.0,0.02,0.0,0.02,0,-1.0,1.0,111.34026895145558,0.970574221192769,0.975,1.0,1.0,0.17098768323459068,2.0,0.0,0.0,0.0,1.0,0.06791372492884662,0.008058608058608044,0.0,52.0,12.0,8.0,5.0,4.217988168411378,3.2843759802351147
natural_jitter,101,low_death_pdel0.02,0.02,0.0,0.02,0.0,0.02,0,-1.0,5.0,111.2628269107653,0.37894966540715336,0.36486486486486486,0.4090909090909091,0.9210526315789473,0.585607791926592,7.0,7.0,1.0,0.0,0.0,0.010198310341494654,0.0005422088755422071,0.053853215594212855,37.0,7.0,3.0,2.0,3.647122786241368,2.640672306896578
natural_jitter,102,low_death_pdel0.02,0.02,0.0,0.02,0.0,0.02,0,-1.0,4.0,101.74913237370218,0.776824509567432,0.6916666666666667,0.8571428571428571,0.9767441860465116,0.7360733017829303,6.0,0.0,1.0,1.0,1.0,0.0432833812137261,0.024798850712471968,0.1055604904710794,44.0,15.0,12.0,8.0,4.710923791321034,2.963513679088454
natural_jitter,103,low_death_pdel0.02,0.02,0.0,0.02,0.0,0.02,0,-1.0,3.0,100.83014215392294,0.7574518171058545,0.7456140350877193,0.95,1.0,0.5972535289262813,2.0,1.0,0.0,0.0,1.0,0.006944681387728746,0.01093073593073593,0.05400374155764265,44.0,12.0,7.0,4.0,4.0149994395325495,2.716468719175102
natural_jitter,104,low_death_pdel0.02,0.02,0.0,0.02,0.0,0.02,0,-1.0,4.0,101.42310720237865,0.532179810886983,0.5042735042735043,0.9166666666666666,1.0,0.24335234813812226,4.0,1.0,0.0,2.0,1.0,0.3474477533980762,0.036036036036036036,0.10447484642019367,36.0,5.0,4.0,3.0,3.1331209922810506,2.003606472056166
natural_jitter,105,low_death_pdel0.02,0.02,0.0,0.02,0.0,0.02,0,-1.0,4.0,95.37357071208862,0.4513480470620384,0.41739130434782606,0.9166666666666666,1.0,0.25821517674976596,12.0,1.0,0.0,0.0,1.0,0.23274712478178694,0.02713178294573643,0.26574324992626064,43.0,6.0,4.0,2.0,3.1932418807283804,2.1834073397980256
toy_cycle8,101,low_death_pdel0.04,0.02,0.0,0.02,0.0,0.04,0,-1.0,4.0,20.385404409643556,0.2872151389188154,0.325,1.0,1.0,0.19382349955867084,4.0,0.0,0.0,0.0,0.0,0.09990651060518463,0.0,0.12705296005878575,8.0,4.0,1.0,0.0,2.0,1.0968571310647857
toy_cycle8,102,low_death_pdel0.04,0.02,0.0,0.02,0.0,0.04,0,-1.0,0.0,23.041129164872704,0.2717652077089577,0.25,0.75,0.875,0.0,5.0,0.0,1.0,0.0,0.0,9.934106870446158e-09,0.0,1.1102230246251565e-16,8.0,4.0,1.0,0.0,2.0,1.0968571310647857
toy_cycle8,103,low_death_pdel0.04,0.02,0.0,0.02,0.0,0.04,0,-1.0,0.0,20.44212881335479,0.5527036087414764,0.5833333333333334,1.0,0.6666666666666666,0.03912396625048861,8.0,0.0,1.0,0.0,0.0,0.1612767460031559,0.0,0.8307322371401195,8.0,4.0,1.0,0.0,2.0,1.0968571310647857
toy_cycle8,104,low_death_pdel0.04,0.02,0.0,0.02,0.0,0.04,0,-1.0,1.0,18.432481780190137,0.16388287144618666,0.16666666666666666,0.8,0.6666666666666666,0.035050286805462676,6.0,0.0,1.0,0.0,0.0,0.21428571428594378,0.0,0.015170329733230348,8.0,4.0,1.0,0.0,2.0,1.0968571310647857
toy_cycle8,105,low_death_pdel0.04,0.02,0.0,0.02,0.0,0.04,0,-1.0,3.0,24.11290662342956,0.23605814788281895,0.16666666666666666,0.5555555555555556,0.6,0.0913185582929108,10.0,0.0,0.0,0.0,0.0,0.15424107576904977,0.0,0.08842705800226502,8.0,4.0,1.0,0.0,2.0,1.0968571310647857
natural24,101,low_death_pdel0.04,0.02,0.0,0.02,0.0,0.04,0,-1.0,8.0,52.839621262162524,0.764457021135622,0.775,1.0,1.0,0.8133454397649367,2.0,0.0,0.0,0.0,0.0,0.0007484811521809576,0.0,0.024910314313348003,26.0,8.0,1.0,0.0,2.6237013224059,1.6473098575341685
natural24,102,low_death_pdel0.04,0.02,0.0,0.02,0.0,0.04,0,-1.0,2.0,72.04384780247149,0.7572457911676718,0.6916666666666667,1.0,0.9696969696969697,0.16651376674067728,10.0,0.0,1.0,0.0,0.0,0.014800081276122867,0.005715638528138528,0.19720975379030103,32.0,6.0,3.0,2.0,3.447641427497026,2.5464416979494686
natural24,103,low_death_pdel0.04,0.02,0.0,0.02,0.0,0.04,0,-1.0,5.0,148.92055447990433,0.21258774167794786,0.21649484536082475,0.375,0.9777777777777777,0.12148329944137919,9.0,3.0,1.0,1.0,0.0,0.026183301178460905,0.0006004489337822667,1.2818476891011439,45.0,2.0,2.0,1.0,3.4244254690327125,2.3690795840246075
natural24,104,low_death_pdel0.04,0.02,0.0,0.02,0.0,0.04,0,-1.0,6.0,92.05259643165112,0.6147165514797094,0.6491228070175439,0.8333333333333334,0.9714285714285714,0.2031624361590682,9.0,1.0,1.0,0.0,0.0,0.26238462044477817,0.0,0.2567021575892241,34.0,3.0,2.0,0.0,3.266229954316078,2.4594367145855713
natural24,105,low_death_pdel0.04,0.02,0.0,0.02,0.0,0.04,0,-1.0,4.0,77.8496884208998,0.39627162741924254,0.3,0.7777777777777778,0.9259259259259259,0.12250745424387006,14.0,0.0,0.0,1.0,0.0,0.21585527675551885,0.0,0.22518004954580917,29.0,4.0,2.0,0.0,3.0576180360933045,2.3651992796878725
natural48,101,low_death_pdel0.04,0.02,0.0,0.02,0.0,0.04,0,-1.0,2.0,133.31643523888422,0.7281813253527152,0.75,1.0,1.0,0.2037932578423361,6.0,0.0,0.0,0.0,0.0,0.054722558079522976,0.007407407407407404,0.030025596485445227,53.0,10.0,7.0,4.0,4.145887947686547,2.9525170294252394
natural48,102,low_death_pdel0.04,0.02,0.0,0.02,0.0,0.04,0,-1.0,0.0,139.01660178678625,0.9885345846040208,0.9916666666666667,1.0,1.0,0.0,1.0,0.0,0.0,1.0,1.0,0.006643805876344722,0.025831087151841847,0.0,53.0,12.0,13.0,13.0,4.3344201912397295,2.320558330419931
natural48,103,low_death_pdel0.04,0.02,0.0,0.02,0.0,0.04,0,-1.0,3.0,163.41220888620947,0.8270665694165374,0.8,0.8,1.0,0.5181505683143895,2.0,0.0,0.0,0.0,1.0,0.04057026801110819,0.008179539758487148,0.000797081349745099,58.0,8.0,10.0,8.0,4.25628009890024,3.0098543544915417
natural48,104,low_death_pdel0.04,0.02,0.0,0.02,0.0,0.04,0,-1.0,2.0,122.23622149444655,0.8909161558500306,0.8833333333333333,1.0,1.0,0.2828721632951817,2.0,0.0,0.0,0.0,2.0,0.15891099891096339,0.030223517978620017,0.030594404386729224,49.0,24.0,10.0,5.0,3.890674850160077,2.4612490891036085
natural48,105,low_death_pdel0.04,0.02,0.0,0.02,0.0,0.04,0,-1.0,0.0,111.51893758422922,0.9975318433353889,1.0,1.0,1.0,0.0,2.0,0.0,0.0,0.0,1.0,0.06916648894378641,0.008140225787284613,0.0,52.0,12.0,8.0,5.0,4.217988168411378,3.2843759802351147
natural_jitter,101,low_death_pdel0.04,0.02,0.0,0.02,0.0,0.04,0,-1.0,8.0,112.53754920498294,0.37955606840287087,0.3763440860215054,0.6428571428571429,0.972972972972973,0.9032862913299157,7.0,3.0,1.0,3.0,1.0,0.6844751222956611,0.01025132275132275,0.29418047695004157,37.0,7.0,3.0,2.0,3.647122786241368,2.640672306896578
natural_jitter,102,low_death_pdel0.04,0.02,0.0,0.02,0.0,0.04,0,-1.0,4.0,102.7471417953301,0.790805490051388,0.7699115044247787,0.8,1.0,0.6832602358351855,7.0,1.0,0.0,1.0,2.0,0.3880378974614951,0.03490259740259739,0.09132588188230084,44.0,15.0,12.0,8.0,4.710923791321034,2.963513679088454
natural_jitter,103,low_death_pdel0.04,0.02,0.0,0.02,0.0,0.04,0,-1.0,5.0,101.25744325512684,0.7776590297090388,0.775,1.0,1.0,0.8008197377568118,3.0,0.0,0.0,3.0,0.0,0.05417861067813767,0.0,0.1967174945466219,44.0,12.0,7.0,4.0,4.0149994395325495,2.716468719175102
natural_jitter,104,low_death_pdel0.04,0.02,0.0,0.02,0.0,0.04,0,-1.0,7.0,99.98714659265082,0.5383381292515542,0.5304347826086957,0.9166666666666666,0.9714285714285714,0.5229134573196642,7.0,1.0,1.0,1.0,1.0,0.08782564179772923,0.04215686274509804,0.07338886473856343,36.0,5.0,4.0,3.0,3.1331209922810506,2.003606472056166
natural_jitter,105,low_death_pdel0.04,0.02,0.0,0.02,0.0,0.04,0,-1.0,5.0,96.69919619792094,0.6116659896319325,0.625,0.8461538461538461,0.975609756097561,0.28506151323182527,8.0,0.0,1.0,1.0,1.0,0.006684127603424184,0.016321138211382116,0.036126770275328735,43.0,6.0,4.0,2.0,3.1932418807283804,2.1834073397980256
toy_cycle8,101,triad_sensitive_pdel0.00,0.02,0.02,0.02,0.02,0.0,0,-1.0,2.0,18.76177054601571,0.284725885668277,0.2833333333333333,0.3333333333333333,1.0,0.08574836975931434,8.0,0.0,0.0,2.0,2.0,0.78289861030304,0.07777777777777778,0.07173701703408986,8.0,4.0,1.0,0.0,2.0,1.0968571310647857
toy_cycle8,102,triad_sensitive_pdel0.00,0.02,0.02,0.02,0.02,0.0,0,-1.0,2.0,19.908712880051763,0.33351512546600043,0.3486238532110092,0.8333333333333334,1.0,0.09933162188124672,14.0,1.0,0.0,0.0,2.0,0.02764919975040847,0.18148148148148147,0.14564665299723623,8.0,4.0,1.0,0.0,2.0,1.0968571310647857
toy_cycle8,103,triad_sensitive_pdel0.00,0.02,0.02,0.02,0.02,0.0,0,-1.0,2.0,18.81284852452431,0.46257622753027444,0.425,1.0,1.0,0.10851652966987878,4.0,0.0,0.0,0.0,1.0,0.025304564578525923,0.1875,0.2412865849600503,8.0,4.0,1.0,0.0,2.0,1.0968571310647857
toy_cycle8,104,triad_sensitive_pdel0.00,0.02,0.02,0.02,0.02,0.0,1,17.232703436347812,-1.0,17.232703436347812,0.6431617063492063,0.625,1.0,1.0,0.16284591941249893,0.0,0.0,0.0,0.0,0.0,0.0,0.0,0.0,8.0,4.0,1.0,0.0,2.0,1.0968571310647857
toy_cycle8,105,triad_sensitive_pdel0.00,0.02,0.02,0.02,0.02,0.0,0,-1.0,2.0,26.304362967338182,0.13757729601782234,0.10833333333333334,1.0,1.0,0.05719014073962958,12.0,0.0,0.0,4.0,5.0,0.7612830737544969,0.16666666666666657,0.43637914254800625,8.0,4.0,1.0,0.0,2.0,1.0968571310647857
natural24,101,triad_sensitive_pdel0.00,0.02,0.02,0.02,0.02,0.0,0,-1.0,2.0,53.078233059670005,0.7918911463058751,0.8083333333333333,1.0,1.0,0.1916696587335285,6.0,0.0,0.0,2.0,2.0,0.5179348492442934,0.012820512820512817,0.32128835905508835,26.0,8.0,1.0,0.0,2.6237013224059,1.6473098575341685
natural24,102,triad_sensitive_pdel0.00,0.02,0.02,0.02,0.02,0.0,0,-1.0,3.0,70.75958220280286,0.650027612790745,0.6083333333333333,0.8181818181818182,1.0,0.19378091739181866,5.0,0.0,0.0,1.0,3.0,0.28242646500594226,0.039822467095194373,0.05328388018656938,32.0,6.0,3.0,2.0,3.447641427497026,2.5464416979494686
natural24,103,triad_sensitive_pdel0.00,0.02,0.02,0.02,0.02,0.0,0,-1.0,5.0,157.96075991744505,0.1718130081300813,0.15853658536585366,0.3333333333333333,1.0,0.08463160083969967,12.0,2.0,0.0,0.0,0.0,0.003359995044254216,0.01489361702127659,0.005562072283258779,45.0,2.0,2.0,1.0,3.4244254690327125,2.3690795840246075
natural24,104,triad_sensitive_pdel0.00,0.02,0.02,0.02,0.02,0.0,0,-1.0,4.0,96.8336708181173,0.4996485226969212,0.5148514851485149,0.5,1.0,0.1447790886500634,5.0,2.0,0.0,1.0,1.0,0.06156220764851028,0.027777777777777783,0.07517113956858434,34.0,3.0,2.0,0.0,3.266229954316078,2.4594367145855713
natural24,105,triad_sensitive_pdel0.00,0.02,0.02,0.02,0.02,0.0,0,-1.0,3.0,68.16538196063736,0.5414646889681691,0.5384615384615384,0.8461538461538461,1.0,0.12138046347820522,10.0,0.0,0.0,0.0,1.0,0.1170371277799167,0.04137931034482757,0.1629773068885516,29.0,4.0,2.0,0.0,3.0576180360933045,2.3651992796878725
natural48,101,triad_sensitive_pdel0.00,0.02,0.02,0.02,0.02,0.0,0,-1.0,3.0,134.35750779584117,0.8107869833582121,0.8416666666666667,1.0,1.0,0.24766277482186366,2.0,0.0,0.0,0.0,0.0,0.08795115353319982,0.0002858776443682015,0.11803855546570485,53.0,10.0,7.0,4.0,4.145887947686547,2.9525170294252394
natural48,102,triad_sensitive_pdel0.00,0.02,0.02,0.02,0.02,0.0,1,135.8369002614619,-1.0,135.8369002614619,0.9366956628070295,0.95,1.0,1.0,0.1693271161769553,0.0,0.0,0.0,0.0,0.0,0.0,0.0,0.0,53.0,12.0,13.0,13.0,4.3344201912397295,2.320558330419931
natural48,103,triad_sensitive_pdel0.00,0.02,0.02,0.02,0.02,0.0,0,-1.0,1.0,165.4188677137587,0.8544030473428927,0.8666666666666667,1.0,1.0,0.1271405780295428,2.0,0.0,0.0,0.0,1.0,0.03508289228411865,0.007954880368673464,0.0005032767022590257,58.0,8.0,10.0,8.0,4.25628009890024,3.0098543544915417
natural48,104,triad_sensitive_pdel0.00,0.02,0.02,0.02,0.02,0.0,0,-1.0,4.0,121.73370491762337,0.8092693220465206,0.8034188034188035,0.9090909090909091,1.0,1.1698398753026635,2.0,1.0,0.0,0.0,2.0,0.03865950250518013,0.030223517978620038,0.027914398925040995,49.0,24.0,10.0,5.0,3.890674850160077,2.4612490891036085
natural48,105,triad_sensitive_pdel0.00,0.02,0.02,0.02,0.02,0.0,0,-1.0,2.0,111.30185670207912,0.964480725065634,0.9416666666666667,1.0,1.0,0.22987193977686624,1.0,0.0,0.0,1.0,1.0,0.07575860909420307,0.025852352775429674,0.0,52.0,12.0,8.0,5.0,4.217988168411378,3.2843759802351147
natural_jitter,101,triad_sensitive_pdel0.00,0.02,0.02,0.02,0.02,0.0,0,-1.0,4.0,112.4698064426707,0.28840698412469884,0.2631578947368421,0.3333333333333333,1.0,0.41611882555534196,7.0,8.0,0.0,1.0,2.0,0.045161728894379305,0.06831831831831832,0.13466951935162275,37.0,7.0,3.0,2.0,3.647122786241368,2.640672306896578
natural_jitter,102,triad_sensitive_pdel0.00,0.02,0.02,0.02,0.02,0.0,0,-1.0,3.0,101.84517438977174,0.8802736482687594,0.9152542372881356,0.96,1.0,0.569783123130563,2.0,1.0,0.0,0.0,1.0,0.04892423702459325,0.017025777253049962,0.10759713669450788,44.0,15.0,12.0,8.0,4.710923791321034,2.963513679088454
natural_jitter,103,triad_sensitive_pdel0.00,0.02,0.02,0.02,0.02,0.0,0,-1.0,2.0,101.29834573358508,0.7685008799271361,0.7666666666666667,1.0,1.0,0.26615816476671567,4.0,0.0,0.0,0.0,2.0,0.007156017909305312,0.03636363636363635,0.11522154240403948,44.0,12.0,7.0,4.0,4.0149994395325495,2.716468719175102
natural_jitter,104,triad_sensitive_pdel0.00,0.02,0.02,0.02,0.02,0.0,0,-1.0,5.0,100.91545312267905,0.48650378723953414,0.4444444444444444,0.7857142857142857,1.0,0.2860215735949904,4.0,1.0,0.0,0.0,1.0,0.008457303607362299,0.03703703703703702,0.03370954258823122,36.0,5.0,4.0,3.0,3.1331209922810506,2.003606472056166
natural_jitter,105,triad_sensitive_pdel0.00,0.02,0.02,0.02,0.02,0.0,0,-1.0,4.0,97.73152530310645,0.4434625320913834,0.44166666666666665,1.0,1.0,0.17840977999134408,8.0,0.0,0.0,0.0,1.0,0.06784823747294322,0.010631229235880377,0.18195878116191588,43.0,6.0,4.0,2.0,3.1932418807283804,2.1834073397980256
toy_cycle8,101,triad_sensitive_pdel0.01,0.02,0.02,0.02,0.02,0.01,0,-1.0,2.0,20.51745746789827,0.2938819833488951,0.3333333333333333,0.5555555555555556,1.0,0.07862411250728511,5.0,0.0,0.0,1.0,1.0,0.30207704256599444,0.16666666666666666,0.20030802495512345,8.0,4.0,1.0,0.0,2.0,1.0968571310647857
toy_cycle8,102,triad_sensitive_pdel0.01,0.02,0.02,0.02,0.02,0.01,0,-1.0,2.0,25.501652896300197,0.31548794083550785,0.33962264150943394,0.2857142857142857,1.0,0.057473110109828446,7.0,1.0,0.0,1.0,2.0,0.2949245288813449,0.10416666666666669,0.26206646378310205,8.0,4.0,1.0,0.0,2.0,1.0968571310647857
toy_cycle8,103,triad_sensitive_pdel0.01,0.02,0.02,0.02,0.02,0.01,0,-1.0,3.0,19.892099812737847,0.4207448242864899,0.4083333333333333,1.0,0.875,0.12906841823864967,7.0,0.0,1.0,0.0,0.0,0.0016569774052492825,0.026785714285714274,0.15257445652164114,8.0,4.0,1.0,0.0,2.0,1.0968571310647857
toy_cycle8,104,triad_sensitive_pdel0.01,0.02,0.02,0.02,0.02,0.01,0,-1.0,1.0,22.42718824930198,0.2573694914369256,0.26666666666666666,1.0,1.0,0.1071271438714097,9.0,0.0,0.0,2.0,1.0,0.6577446415582657,5.551115123125783e-17,0.4419788260029034,8.0,4.0,1.0,0.0,2.0,1.0968571310647857
toy_cycle8,105,triad_sensitive_pdel0.01,0.02,0.02,0.02,0.02,0.01,0,-1.0,2.0,28.407844260900735,0.14762651629316104,0.13333333333333333,0.75,1.0,0.053678677904299935,16.0,0.0,0.0,0.0,3.0,0.5441408187769992,0.14333333333333334,0.029471558033094203,8.0,4.0,1.0,0.0,2.0,1.0968571310647857
natural24,101,triad_sensitive_pdel0.01,0.02,0.02,0.02,0.02,0.01,0,-1.0,3.0,53.14346306971514,0.7556655038868891,0.7711864406779662,0.9230769230769231,1.0,0.29661124660333854,3.0,1.0,0.0,1.0,1.0,0.28792714842025857,0.04871794871794871,0.2582246857346848,26.0,8.0,1.0,0.0,2.6237013224059,1.6473098575341685
natural24,102,triad_sensitive_pdel0.01,0.02,0.02,0.02,0.02,0.01,0,-1.0,3.0,69.4077967062814,0.7369444877088355,0.6896551724137931,0.5625,1.0,0.21337163496604716,4.0,1.0,0.0,0.0,0.0,0.1010842956501552,0.0001736111111111105,0.0564676544593814,32.0,6.0,3.0,2.0,3.447641427497026,2.5464416979494686
natural24,103,triad_sensitive_pdel0.01,0.02,0.02,0.02,0.02,0.01,0,-1.0,9.0,140.58070073834156,0.2073892117008059,0.18840579710144928,0.2,1.0,0.32352315634216416,7.0,6.0,0.0,1.0,0.0,0.12384823549864743,0.006913580246913582,0.052451322552575785,45.0,2.0,2.0,1.0,3.4244254690327125,2.3690795840246075
natural24,104,triad_sensitive_pdel0.01,0.02,0.02,0.02,0.02,0.01,0,-1.0,4.0,92.92909817084862,0.4844246662306521,0.44642857142857145,0.6666666666666666,0.9714285714285714,0.07668364242159546,8.0,2.0,1.0,1.0,1.0,0.40162180313428353,0.05926916221033868,0.2270806419740783,34.0,3.0,2.0,0.0,3.266229954316078,2.4594367145855713
natural24,105,triad_sensitive_pdel0.01,0.02,0.02,0.02,0.02,0.01,0,-1.0,2.0,69.17473221909366,0.524451966606973,0.525,1.0,0.9642857142857143,0.0509530876617572,12.0,0.0,1.0,1.0,0.0,0.09714525719372702,0.002645502645502673,0.12955733977539552,29.0,4.0,2.0,0.0,3.0576180360933045,2.3651992796878725
natural48,101,triad_sensitive_pdel0.01,0.02,0.02,0.02,0.02,0.01,0,-1.0,3.0,132.73645855530663,0.6903659746339689,0.625,0.75,1.0,0.34754434088624947,4.0,0.0,0.0,2.0,2.0,0.14126115463490407,0.05965423465423467,0.002154288313428676,53.0,10.0,7.0,4.0,4.145887947686547,2.9525170294252394
natural48,102,triad_sensitive_pdel0.01,0.02,0.02,0.02,0.02,0.01,0,-1.0,1.0,137.49879569751528,0.943749350511316,0.9583333333333334,1.0,1.0,0.08178457806079885,0.0,0.0,0.0,0.0,0.0,0.0,0.0,0.0,53.0,12.0,13.0,13.0,4.3344201912397295,2.320558330419931
natural48,103,triad_sensitive_pdel0.01,0.02,0.02,0.02,0.02,0.01,0,-1.0,1.0,164.9356197381681,0.924264583145269,0.9583333333333334,1.0,1.0,0.1318961599487955,2.0,0.0,0.0,0.0,1.0,0.04501240166909337,0.00811908398115295,0.0010291466637282198,58.0,8.0,10.0,8.0,4.25628009890024,3.0098543544915417
natural48,104,triad_sensitive_pdel0.01,0.02,0.02,0.02,0.02,0.01,0,-1.0,5.0,121.92472067111292,0.9261415437008848,0.9333333333333333,0.9444444444444444,1.0,1.2464612018727423,2.0,0.0,0.0,0.0,2.0,0.004849932349418218,0.03123809523809523,0.05817052358816088,49.0,24.0,10.0,5.0,3.890674850160077,2.4612490891036085
natural48,105,triad_sensitive_pdel0.01,0.02,0.02,0.02,0.02,0.01,0,-1.0,2.0,112.00034808959153,0.9543974302119034,0.9333333333333333,1.0,1.0,0.20635492019204793,1.0,0.0,0.0,1.0,1.0,0.07533477874103767,0.026395173453996987,0.0,52.0,12.0,8.0,5.0,4.217988168411378,3.2843759802351147
natural_jitter,101,triad_sensitive_pdel0.01,0.02,0.02,0.02,0.02,0.01,0,-1.0,6.0,111.55977511571393,0.3367570381828001,0.2647058823529412,0.4444444444444444,0.9487179487179487,0.6882405058925607,9.0,8.0,0.0,1.0,0.0,0.012036181095938403,0.02573099415204679,0.02649017867303538,37.0,7.0,3.0,2.0,3.647122786241368,2.640672306896578
natural_jitter,102,triad_sensitive_pdel0.01,0.02,0.02,0.02,0.02,0.01,0,-1.0,3.0,102.62333086552145,0.8835444823484736,0.9,0.92,1.0,0.4750085388949822,2.0,0.0,0.0,0.0,1.0,0.03977839212405421,0.017698580489278165,0.15586219425371528,44.0,15.0,12.0,8.0,4.710923791321034,2.963513679088454
natural_jitter,103,triad_sensitive_pdel0.01,0.02,0.02,0.02,0.02,0.01,0,-1.0,3.0,99.77017064676035,0.8532158000234975,0.7844827586206896,0.95,1.0,0.6723476974295071,4.0,1.0,0.0,0.0,0.0,0.0298385524303999,0.0060802833530106265,0.035711623830880335,44.0,12.0,7.0,4.0,4.0149994395325495,2.716468719175102
natural_jitter,104,triad_sensitive_pdel0.01,0.02,0.02,0.02,0.02,0.01,0,-1.0,4.0,99.45602609981236,0.4433289200187122,0.42105263157894735,0.6923076923076923,1.0,0.2824332635686142,4.0,2.0,0.0,2.0,2.0,0.07766468304941831,0.09737654320987656,0.18399153936937473,36.0,5.0,4.0,3.0,3.1331209922810506,2.003606472056166
natural_jitter,105,triad_sensitive_pdel0.01,0.02,0.02,0.02,0.02,0.01,0,-1.0,4.0,97.21363759464099,0.6207163731882946,0.5897435897435898,0.9090909090909091,0.9767441860465116,0.14315822707787637,10.0,1.0,1.0,1.0,4.0,0.28207832790400067,0.05121816168327796,0.16477930400354213,43.0,6.0,4.0,2.0,3.1932418807283804,2.1834073397980256
toy_cycle8,101,triad_sensitive_pdel0.02,0.02,0.02,0.02,0.02,0.02,0,-1.0,2.0,21.362611991159042,0.3774101777213653,0.36666666666666664,1.0,1.0,0.07313000694169589,7.0,0.0,0.0,1.0,3.0,0.45183996639446944,0.24074074074074073,0.100174478741625,8.0,4.0,1.0,0.0,2.0,1.0968571310647857
toy_cycle8,102,triad_sensitive_pdel0.02,0.02,0.02,0.02,0.02,0.02,0,-1.0,2.0,24.955284123998865,0.3753868822925193,0.4,0.6666666666666666,1.0,0.0735824158640844,8.0,0.0,0.0,2.0,2.0,0.9319792224095476,0.31428571428571433,0.06152686773559091,8.0,4.0,1.0,0.0,2.0,1.0968571310647857
toy_cycle8,103,triad_sensitive_pdel0.02,0.02,0.02,0.02,0.02,0.02,0,-1.0,2.0,20.766835125098723,0.3884538744660393,0.4528301886792453,0.875,0.75,0.13311493861000925,8.0,1.0,2.0,1.0,1.0,0.41951429503715243,0.013888888888888895,0.4686617454028116,8.0,4.0,1.0,0.0,2.0,1.0968571310647857
toy_cycle8,104,triad_sensitive_pdel0.02,0.02,0.02,0.02,0.02,0.02,0,-1.0,3.0,29.2056727353232,0.15667757936507937,0.15833333333333333,1.0,0.625,0.08739640242379093,5.0,0.0,3.0,1.0,1.0,0.5884899234293235,0.20833333333333331,0.5289870444394134,8.0,4.0,1.0,0.0,2.0,1.0968571310647857
toy_cycle8,105,triad_sensitive_pdel0.02,0.02,0.02,0.02,0.02,0.02,0,-1.0,3.0,32.94528111896539,0.16892485032024507,0.15,1.0,1.0,0.07439427432837567,20.0,0.0,0.0,0.0,1.0,0.011849777803602635,0.13636363636363635,0.14875724776431665,8.0,4.0,1.0,0.0,2.0,1.0968571310647857
natural24,101,triad_sensitive_pdel0.02,0.02,0.02,0.02,0.02,0.02,0,-1.0,4.0,51.64336247229408,0.49068367055503714,0.5462184873949579,0.6875,1.0,0.35447056084019424,7.0,1.0,0.0,1.0,1.0,0.4761229259899995,0.01282051282051282,0.094599035802589,26.0,8.0,1.0,0.0,2.6237013224059,1.6473098575341685
natural24,102,triad_sensitive_pdel0.02,0.02,0.02,0.02,0.02,0.02,0,-1.0,3.0,71.97839399669168,0.7341433781143505,0.6916666666666667,1.0,1.0,0.17231055346560079,7.0,0.0,0.0,3.0,3.0,0.7244082094598987,0.02121212121212121,0.38529903284377154,32.0,6.0,3.0,2.0,3.447641427497026,2.5464416979494686
natural24,103,triad_sensitive_pdel0.02,0.02,0.02,0.02,0.02,0.02,0,-1.0,5.0,149.47331209518117,0.1590810324129652,0.17346938775510204,0.6,1.0,0.11704973131866074,5.0,2.0,0.0,3.0,1.0,0.4744993680555982,0.026419753086419754,0.0,45.0,2.0,2.0,1.0,3.4244254690327125,2.3690795840246075
natural24,104,triad_sensitive_pdel0.02,0.02,0.02,0.02,0.02,0.02,0,-1.0,1.0,92.02055345969579,0.4691392312079307,0.45132743362831856,0.75,1.0,0.07919953168155267,6.0,1.0,0.0,2.0,1.0,0.6324213596473038,0.019567099567099566,0.060172794186390544,34.0,3.0,2.0,0.0,3.266229954316078,2.4594367145855713
natural24,105,triad_sensitive_pdel0.02,0.02,0.02,0.02,0.02,0.02,0,-1.0,4.0,67.55394493801833,0.5023558696109119,0.5083333333333333,0.8571428571428571,1.0,0.13194723487548027,10.0,0.0,0.0,0.0,1.0,0.14094538750827423,0.07500000000000001,0.28414593486096695,29.0,4.0,2.0,0.0,3.0576180360933045,2.3651992796878725
natural48,101,triad_sensitive_pdel0.02,0.02,0.02,0.02,0.02,0.02,0,-1.0,4.0,132.27969921044107,0.6686041453762892,0.625,0.875,1.0,0.47930861133768854,6.0,0.0,0.0,2.0,3.0,0.368112562023601,0.00017152658662092368,0.12213955795288234,53.0,10.0,7.0,4.0,4.145887947686547,2.9525170294252394
natural48,102,triad_sensitive_pdel0.02,0.02,0.02,0.02,0.02,0.02,0,-1.0,2.0,137.51601999993065,0.9441063295981885,0.9583333333333334,1.0,1.0,0.1631674660799787,0.0,0.0,0.0,0.0,0.0,0.0,0.0,0.0,53.0,12.0,13.0,13.0,4.3344201912397295,2.320558330419931
natural48,103,triad_sensitive_pdel0.02,0.02,0.02,0.02,0.02,0.02,0,-1.0,1.0,164.4761361534095,0.9497993470907736,0.9666666666666667,1.0,1.0,0.13877027708131426,2.0,0.0,0.0,0.0,0.0,0.0025805452463547596,0.0002884089090985642,0.0006941312038271086,58.0,8.0,10.0,8.0,4.25628009890024,3.0098543544915417
natural48,104,triad_sensitive_pdel0.02,0.02,0.02,0.02,0.02,0.02,0,-1.0,3.0,121.80962729332512,0.8309493012993725,0.8333333333333334,0.9393939393939394,1.0,0.7513262571336278,3.0,0.0,0.0,1.0,3.0,0.21873867084931842,0.02118055555555555,0.13352502155268553,49.0,24.0,10.0,5.0,3.890674850160077,2.4612490891036085
natural48,105,triad_sensitive_pdel0.02,0.02,0.02,0.02,0.02,0.02,0,-1.0,0.0,112.6565168736499,0.9798286041279562,0.975,1.0,1.0,0.0,2.0,0.0,0.0,0.0,1.0,0.0579424446167085,0.008058608058608085,0.0,52.0,12.0,8.0,5.0,4.217988168411378,3.2843759802351147
natural_jitter,101,triad_sensitive_pdel0.02,0.02,0.02,0.02,0.02,0.02,0,-1.0,5.0,110.80063197426891,0.4251834843071732,0.3888888888888889,0.5,0.9444444444444444,0.5692577519624279,7.0,5.0,0.0,1.0,0.0,0.002225795518178586,0.047278911564625846,0.07936093957563628,37.0,7.0,3.0,2.0,3.647122786241368,2.640672306896578
natural_jitter,102,triad_sensitive_pdel0.02,0.02,0.02,0.02,0.02,0.02,0,-1.0,2.0,103.18047664725175,0.6903076250740097,0.6186440677966102,0.7083333333333334,1.0,0.32446428042166653,9.0,1.0,0.0,1.0,1.0,0.04282213974479809,0.02949626131444312,0.18810077574244577,44.0,15.0,12.0,8.0,4.710923791321034,2.963513679088454
natural_jitter,103,triad_sensitive_pdel0.02,0.02,0.02,0.02,0.02,0.02,0,-1.0,2.0,100.60759113855711,0.9353695947072612,0.9583333333333334,1.0,1.0,0.2657551265701443,2.0,0.0,0.0,0.0,1.0,0.019473182187692117,0.009415584415584419,0.04580956610423659,44.0,12.0,7.0,4.0,4.0149994395325495,2.716468719175102
natural_jitter,104,triad_sensitive_pdel0.02,0.02,0.02,0.02,0.02,0.02,0,-1.0,3.0,99.74753124932967,0.32323570712200067,0.3142857142857143,0.46153846153846156,1.0,0.25146045779282733,13.0,3.0,0.0,4.0,4.0,0.5905432764170642,0.05785296574770256,0.7278686473333751,36.0,5.0,4.0,3.0,3.1331209922810506,2.003606472056166
natural_jitter,105,triad_sensitive_pdel0.02,0.02,0.02,0.02,0.02,0.02,0,-1.0,4.0,99.31504865490724,0.5541385390417433,0.48333333333333334,1.0,0.9534883720930233,0.17663945006455625,15.0,0.0,0.0,3.0,3.0,0.31177079875088687,0.0215419501133787,0.3513178880924741,43.0,6.0,4.0,2.0,3.1932418807283804,2.1834073397980256
toy_cycle8,101,triad_sensitive_pdel0.04,0.02,0.02,0.02,0.02,0.04,0,-1.0,2.0,19.834492774131807,0.13916825396825397,0.14444444444444443,0.4444444444444444,1.0,0.04417465463275775,10.0,3.0,0.0,1.0,0.0,0.32718734199494337,0.0625,0.5101976713760328,8.0,4.0,1.0,0.0,2.0,1.0968571310647857
toy_cycle8,102,triad_sensitive_pdel0.04,0.02,0.02,0.02,0.02,0.04,0,-1.0,1.0,23.25864358996224,0.23481358709987743,0.25833333333333336,0.7142857142857143,0.625,0.018282041533403966,8.0,0.0,1.0,1.0,1.0,0.5520524969087204,0.33333333333333337,0.24762343967910713,8.0,4.0,1.0,0.0,2.0,1.0968571310647857
toy_cycle8,103,triad_sensitive_pdel0.04,0.02,0.02,0.02,0.02,0.04,0,-1.0,2.0,21.14735163658185,0.2791655504522514,0.3055555555555556,0.625,0.7777777777777778,0.06951560394592636,7.0,1.0,0.0,0.0,0.0,0.28361116852026536,0.0,0.2401437919856083,8.0,4.0,1.0,0.0,2.0,1.0968571310647857
toy_cycle8,104,triad_sensitive_pdel0.04,0.02,0.02,0.02,0.02,0.04,0,-1.0,3.0,17.557347496414412,0.14719052823824497,0.16666666666666666,0.8,0.625,0.15005575070394603,5.0,0.0,1.0,0.0,0.0,0.4686044153435178,0.0,0.7209205436420151,8.0,4.0,1.0,0.0,2.0,1.0968571310647857
toy_cycle8,105,triad_sensitive_pdel0.04,0.02,0.02,0.02,0.02,0.04,0,-1.0,1.0,64.42447064700603,0.13287084985066153,0.11666666666666667,0.0,0.6363636363636364,0.0018339638782388734,11.0,0.0,2.0,1.0,1.0,0.21441772840990314,0.375,1.5051820330170915,8.0,4.0,1.0,0.0,2.0,1.0968571310647857
natural24,101,triad_sensitive_pdel0.04,0.02,0.02,0.02,0.02,0.04,0,-1.0,5.0,52.36156924636948,0.5288173553022322,0.5333333333333333,0.5555555555555556,0.9565217391304348,0.5414159894798977,13.0,0.0,1.0,0.0,1.0,0.12036482600654175,0.03787878787878787,0.7244086811193968,26.0,8.0,1.0,0.0,2.6237013224059,1.6473098575341685
natural24,102,triad_sensitive_pdel0.04,0.02,0.02,0.02,0.02,0.04,0,-1.0,1.0,72.18316591996619,0.8257528359929992,0.8,1.0,0.96875,0.09922443498370484,6.0,0.0,1.0,0.0,0.0,0.19077463379803827,0.004708301331285192,0.26871109610226895,32.0,6.0,3.0,2.0,3.447641427497026,2.5464416979494686
natural24,103,triad_sensitive_pdel0.04,0.02,0.02,0.02,0.02,0.04,0,-1.0,10.0,149.58944067496327,0.2576834344979265,0.2773109243697479,0.875,1.0,0.26355811133533463,14.0,1.0,0.0,2.0,2.0,0.025201090596044917,0.039716312056737584,0.0033176434234087893,45.0,2.0,2.0,1.0,3.4244254690327125,2.3690795840246075
natural24,104,triad_sensitive_pdel0.04,0.02,0.02,0.02,0.02,0.04,0,-1.0,8.0,95.57479213797693,0.21321941888509702,0.23300970873786409,0.375,0.9428571428571428,0.28997920151653994,13.0,1.0,2.0,2.0,0.0,0.16043924444158675,0.002481962481962481,0.08971767896709237,34.0,3.0,2.0,0.0,3.266229954316078,2.4594367145855713
natural24,105,triad_sensitive_pdel0.04,0.02,0.02,0.02,0.02,0.04,0,-1.0,2.0,72.7304793929794,0.6925451899839001,0.7333333333333333,1.0,0.9642857142857143,0.04022610713057012,12.0,0.0,1.0,2.0,2.0,0.32172829326582963,0.11671075837742506,0.08267330628907743,29.0,4.0,2.0,0.0,3.0576180360933045,2.3651992796878725
natural48,101,triad_sensitive_pdel0.04,0.02,0.02,0.02,0.02,0.04,0,-1.0,0.0,132.61633286156462,0.9871130827403481,1.0,1.0,1.0,0.0,2.0,0.0,0.0,0.0,0.0,0.08445790808641673,0.0002136752136752268,0.050704947194951,53.0,10.0,7.0,4.0,4.145887947686547,2.9525170294252394
natural48,102,triad_sensitive_pdel0.04,0.02,0.02,0.02,0.02,0.04,0,-1.0,2.0,138.07265233046516,0.9196411979148243,0.9416666666666667,1.0,1.0,0.2986936838198154,0.0,0.0,0.0,0.0,0.0,0.0,0.0,0.0,53.0,12.0,13.0,13.0,4.3344201912397295,2.320558330419931
natural48,103,triad_sensitive_pdel0.04,0.02,0.02,0.02,0.02,0.04,0,-1.0,4.0,163.8691612508125,0.8494501250777511,0.8416666666666667,0.6842105263157895,0.9827586206896551,0.5221817594208762,4.0,0.0,1.0,1.0,0.0,0.05596229698002908,0.01707000903915605,0.013146207404326038,58.0,8.0,10.0,8.0,4.25628009890024,3.0098543544915417
natural48,104,triad_sensitive_pdel0.04,0.02,0.02,0.02,0.02,0.04,0,-1.0,4.0,121.50033064093203,0.7650969230928771,0.75,0.9032258064516129,1.0,0.8469030691622337,5.0,1.0,0.0,1.0,4.0,0.28906562876661157,0.03241010689990281,0.14725615863012287,49.0,24.0,10.0,5.0,3.890674850160077,2.4612490891036085
natural48,105,triad_sensitive_pdel0.04,0.02,0.02,0.02,0.02,0.04,0,-1.0,3.0,112.81641444996094,0.9290796956831147,0.9083333333333333,0.7894736842105263,1.0,0.38416266236802077,4.0,0.0,0.0,2.0,1.0,0.055937278033149074,0.024183006535947724,0.021559282392786816,52.0,12.0,8.0,5.0,4.217988168411378,3.2843759802351147
natural_jitter,101,triad_sensitive_pdel0.04,0.02,0.02,0.02,0.02,0.04,0,-1.0,4.0,111.86034891735326,0.3997748106540537,0.4020618556701031,0.5,0.972972972972973,0.421703493074491,9.0,2.0,1.0,1.0,0.0,0.2607934969548258,0.0005594880594880589,0.13344297534025884,37.0,7.0,3.0,2.0,3.647122786241368,2.640672306896578
natural_jitter,102,triad_sensitive_pdel0.04,0.02,0.02,0.02,0.02,0.04,0,-1.0,5.0,102.70156418240771,0.8760052884246633,0.896551724137931,0.96,1.0,0.8076831532647754,2.0,1.0,0.0,2.0,3.0,0.23514449101713542,0.018191885633746095,0.09791571721595993,44.0,15.0,12.0,8.0,4.710923791321034,2.963513679088454
natural_jitter,103,triad_sensitive_pdel0.04,0.02,0.02,0.02,0.02,0.04,0,-1.0,2.0,100.56868368136877,0.921880340067975,0.9583333333333334,1.0,0.9767441860465116,0.36539609399577705,3.0,0.0,1.0,0.0,1.0,0.06527869033691847,0.006017459838057834,0.05479312207866771,44.0,12.0,7.0,4.0,4.0149994395325495,2.716468719175102
natural_jitter,104,triad_sensitive_pdel0.04,0.02,0.02,0.02,0.02,0.04,0,-1.0,3.0,99.16289102271072,0.4754800112396339,0.423728813559322,0.7692307692307693,0.9444444444444444,0.35429612799466703,11.0,1.0,0.0,4.0,5.0,0.6709760221242966,0.07333333333333332,0.258070900688512,36.0,5.0,4.0,3.0,3.1331209922810506,2.003606472056166
natural_jitter,105,triad_sensitive_pdel0.04,0.02,0.02,0.02,0.02,0.04,0,-1.0,2.0,95.16821449825451,0.6403092841389766,0.65,1.0,0.9534883720930233,0.03607087421071169,12.0,0.0,2.0,2.0,2.0,0.12107886688166314,0.0073413823839235115,0.08359290145885723,43.0,6.0,4.0,2.0,3.1932418807283804,2.1834073397980256
