{
  "aggregate_rows": [
    {
      "mean_final_core_l1": 8.0,
      "mean_final_delta_beta1": 6.0,
      "mean_final_edge_jaccard_distance": 0.6935366666666667,
      "mean_final_radius_control": 1.6666666666666667,
      "mean_final_regime_l1": 285.71809233333335,
      "mean_fit_speed_control": -0.0029606666666666666,
      "mean_max_radius_control": 2.6666666666666665,
      "num_runs": 3,
      "perturbation": "add_chord",
      "regime": "aggressive_triad_delete",
      "std_final_core_l1": 6.0,
      "std_final_delta_beta1": 4.0,
      "std_final_edge_jaccard_distance": 0.20129469814759982,
      "std_final_radius_control": 0.5773502691896257,
      "std_final_regime_l1": 115.25274675561933,
      "std_fit_speed_control": 0.003064833002519604,
      "std_max_radius_control": 0.5773502691896257
    },
    {
      "mean_final_core_l1": 7.0,
      "mean_final_delta_beta1": 5.333333333333333,
      "mean_final_edge_jaccard_distance": 0.7070086666666666,
      "mean_final_radius_control": 1.6666666666666667,
      "mean_final_regime_l1": 414.70247766666665,
      "mean_fit_speed_control": -0.002480333333333333,
      "mean_max_radius_control": 2.3333333333333335,
      "num_runs": 3,
      "perturbation": "local_swap",
      "regime": "aggressive_triad_delete",
      "std_final_core_l1": 6.0,
      "std_final_delta_beta1": 4.725815626252609,
      "std_final_edge_jaccard_distance": 0.2360699848886625,
      "std_final_radius_control": 0.5773502691896257,
      "std_final_regime_l1": 448.4780913534443,
      "std_fit_speed_control": 0.004645892845657693,
      "std_max_radius_control": 0.5773502691896257
    },
    {
      "mean_final_core_l1": 1.0,
      "mean_final_delta_beta1": 1.0,
      "mean_final_edge_jaccard_distance": 0.812938,
      "mean_final_radius_control": 2.6666666666666665,
      "mean_final_regime_l1": 6.027019,
      "mean_fit_speed_control": 0.011955,
      "mean_max_radius_control": 3.3333333333333335,
      "num_runs": 3,
      "perturbation": "add_chord",
      "regime": "closed_topological",
      "std_final_core_l1": 0.0,
      "std_final_delta_beta1": 0.0,
      "std_final_edge_jaccard_distance": 0.03551177668041965,
      "std_final_radius_control": 0.5773502691896257,
      "std_final_regime_l1": 2.0663199487153485,
      "std_fit_speed_control": 0.011703935107475605,
      "std_max_radius_control": 0.5773502691896257
    },
    {
      "mean_final_core_l1": 0.0,
      "mean_final_delta_beta1": 0.0,
      "mean_final_edge_jaccard_distance": 0.84036,
      "mean_final_radius_control": 2.6666666666666665,
      "mean_final_regime_l1": 21.345283000000002,
      "mean_fit_speed_control": 0.018182666666666666,
      "mean_max_radius_control": 3.3333333333333335,
      "num_runs": 3,
      "perturbation": "local_swap",
      "regime": "closed_topological",
      "std_final_core_l1": 0.0,
      "std_final_delta_beta1": 0.0,
      "std_final_edge_jaccard_distance": 0.026402409340815884,
      "std_final_radius_control": 0.5773502691896257,
      "std_final_regime_l1": 20.861406060224777,
      "std_fit_speed_control": 0.016214745521695162,
      "std_max_radius_control": 0.5773502691896257
    },
    {
      "mean_final_core_l1": 7.0,
      "mean_final_delta_beta1": 4.0,
      "mean_final_edge_jaccard_distance": 0.745505,
      "mean_final_radius_control": 1.6666666666666667,
      "mean_final_regime_l1": 211.55013133333333,
      "mean_fit_speed_control": -0.011930333333333333,
      "mean_max_radius_control": 3.0,
      "num_runs": 3,
      "perturbation": "add_chord",
      "regime": "open_topological",
      "std_final_core_l1": 5.5677643628300215,
      "std_final_delta_beta1": 5.5677643628300215,
      "std_final_edge_jaccard_distance": 0.16453316723688263,
      "std_final_radius_control": 0.5773502691896257,
      "std_final_regime_l1": 111.98759159333916,
      "std_fit_speed_control": 0.017170282768007444,
      "std_max_radius_control": 1.0
    },
    {
      "mean_final_core_l1": 8.666666666666666,
      "mean_final_delta_beta1": -1.0,
      "mean_final_edge_jaccard_distance": 0.824362,
      "mean_final_radius_control": 1.6666666666666667,
      "mean_final_regime_l1": 297.59292566666664,
      "mean_fit_speed_control": -0.011930333333333333,
      "mean_max_radius_control": 3.0,
      "num_runs": 3,
      "perturbation": "local_swap",
      "regime": "open_topological",
      "std_final_core_l1": 2.8867513459481287,
      "std_final_delta_beta1": 8.717797887081348,
      "std_final_edge_jaccard_distance": 0.09100780355551935,
      "std_final_radius_control": 0.5773502691896257,
      "std_final_regime_l1": 200.15192195077188,
      "std_fit_speed_control": 0.017170282768007444,
      "std_max_radius_control": 1.0
    }
  ],
  "answers": {
    "bounded_cone": "Ja, tentativt. aggressive_triad_delete/add_chord har monotone first-hit-kurver og endelig frontfart. aggressive_triad_delete/local_swap har monotone first-hit-kurver og endelig frontfart. closed_topological/add_chord har monotone first-hit-kurver og endelig frontfart.",
    "speed_variation": "Ja. Effektiv frontfart varierer tydelig mellom gruppene; max/min-forholdet er omtrent 1.52.",
    "universality": "Dataene peker mot en ikke-universell effektiv hastighet; regimer og perturbasjonstype flytter frontfarten merkbart."
  },
  "label": "perturbation_multirun_v05",