r_birth,r_death,p_swap,p_triad,p_del,runs,mean_meeting,sd_meeting,ci_low_meeting,ci_high_meeting,mean_first_meeting_time,sd_first_meeting_time,ci_low_first_meeting_time,ci_high_first_meeting_time,mean_final_radius_control,sd_final_radius_control,ci_low_final_radius_control,ci_high_final_radius_control,mean_total_unequal_time,sd_total_unequal_time,ci_low_total_unequal_time,ci_high_total_unequal_time,mean_avg_local_overlap,sd_avg_local_overlap,ci_low_avg_local_overlap,ci_high_avg_local_overlap,mean_avg_same_descriptor,sd_avg_same_descriptor,ci_low_avg_same_descriptor,ci_high_avg_same_descriptor,mean_shared_token_fraction_final,sd_shared_token_fraction_final,ci_low_shared_token_fraction_final,ci_high_shared_token_fraction_final,mean_shared_node_fraction_final,sd_shared_node_fraction_final,ci_low_shared_node_fraction_final,ci_high_shared_node_fraction_final,mean_fit_speed_control,sd_fit_speed_control,ci_low_fit_speed_control,ci_high_fit_speed_control,mean_final_edge_diff_count,sd_final_edge_diff_count,ci_low_final_edge_diff_count,ci_high_final_edge_diff_count,mean_abs_delta_tokens,sd_abs_delta_tokens,ci_low_abs_delta_tokens,ci_high_abs_delta_tokens,mean_abs_delta_nodes,sd_abs_delta_nodes,ci_low_abs_delta_nodes,ci_high_abs_delta_nodes,mean_abs_delta_beta1,sd_abs_delta_beta1,ci_low_abs_delta_beta1,ci_high_abs_delta_beta1,mean_abs_delta_triangles,sd_abs_delta_triangles,ci_low_abs_delta_triangles,ci_high_abs_delta_triangles,mean_abs_delta_spectral_radius,sd_abs_delta_spectral_radius,ci_low_abs_delta_spectral_radius,ci_high_abs_delta_spectral_radius,mean_abs_delta_clustering,sd_abs_delta_clustering,ci_low_abs_delta_clustering,ci_high_abs_delta_clustering,mean_abs_delta_dim_proxy,sd_abs_delta_dim_proxy,ci_low_abs_delta_dim_proxy,ci_high_abs_delta_dim_proxy,repair_score,causal_score,quasi_score,geom_score,composite_score,pareto,phase_label
0.07,0.01,0.01,0.0,0.0,3,0.0,0.0,0.0,0.0,nan,0.0,nan,nan,3.0,0.816496580927726,2.0,4.0,26.710195776435043,5.056412467845001,21.372200001433953,33.49991100403797,0.3535480712455762,0.14809310193984457,0.23422280000911866,0.5155980574976033,0.3463680205840485,0.15503654122196728,0.14512471655328799,0.5223577235772358,0.6163330600377462,0.15854727255978682,0.43283582089552236,0.819672131147541,1.0,0.0,1.0,1.0,0.10286747314893176,0.025968914749080217,0.06901120530551082,0.13212003994414193,9.333333333333334,1.8856180831641267,8.0,12.0,5.333333333333333,3.2998316455372216,3.0,10.0,0.0,0.0,0.0,0.0,0.0,0.0,0.0,0.0,0.3333333333333333,0.4714045207910317,0.0,1.0,0.2733659798985297,0.13828503357623845,0.10148060038678519,0.440090400258232,0.04222222222222222,0.05971123930019734,0.0,0.12666666666666665,0.24268632026223355,0.06568791429197018,0.19445420859703924,0.3353494722604321,0.5312535586743734,0.5127873833197235,0.9647162038449801,0.858245820612111,0.6787279962573798,0,mixed
0.07,0.01,0.01,0.0,0.01,3,0.0,0.0,0.0,0.0,nan,0.0,nan,nan,3.6666666666666665,1.247219128924647,2.6666666666666665,5.0,25.28332549901453,3.7908954743254153,20.585733893838988,29.869487516402547,0.27074370445544604,0.0391625101117014,0.22937766704157866,0.32332016306590167,0.28172892720306514,0.04404731005952892,0.24568965517241378,0.34375,0.5186717791022867,0.18721118906085402,0.2676056338028169,0.6684636118598383,0.9363636363636364,0.045150498259852546,0.9,1.0,0.15782563777768097,0.06254260498796926,0.0699308694479078,0.2103315517937374,7.666666666666667,2.0548046676563256,5.0,10.0,11.333333333333334,9.104333522498441,4.333333333333333,24.0,0.6666666666666666,0.4714045207910317,0.0,1.0,0.0,0.0,0.0,0.0,0.0,0.0,0.0,0.0,0.3296020379985398,0.1153469752537122,0.17446339523280652,0.45083356490145987,0.0,0.0,0.0,0.0,0.5304386861614051,0.2269247129304819,0.20961656606577583,0.6977136700783815,0.44664729156357286,0.36704469052026195,0.8667035398230089,0.78122551899057,0.5776735364400318,0,mixed
0.07,0.01,0.01,0.0,0.02,3,0.0,0.0,0.0,0.0,nan,0.0,nan,nan,2.0,0.816496580927726,1.3333333333333333,3.0,24.342000045181297,4.797854600736375,20.91333929537878,31.127062837769724,0.2511704030328036,0.07498570339747712,0.19507674092439667,0.35656068820517517,0.253265550362189,0.08548702444572566,0.17515274949083504,0.3722334004024145,0.6465378421900161,0.17261473400611088,0.5169082125603864,0.8888888888888888,0.5378787878787878,0.1599902430450218,0.36363636363636365,0.75,0.07252555629258774,0.014719123781996654,0.05194007966434208,0.08549364904221496,8.666666666666666,2.0548046676563256,6.0,11.0,5.666666666666667,6.018490028422596,0.0,14.0,1.6666666666666667,1.247219128924647,0.6666666666666666,3.0,0.0,0.0,0.0,0.0,0.0,0.0,0.0,0.0,0.1910048733364711,0.17192473882029038,0.0,0.32993672591774187,0.0,0.0,0.0,0.0,0.279218849608808,0.20502216796500985,0.0,0.48649480641359955,0.3426732841805595,0.690361335777892,0.8105641592920354,0.8846567168222702,0.63157015863053,0,mixed
0.07,0.01,0.01,0.01,0.0,3,0.0,0.0,0.0,0.0,nan,0.0,nan,nan,2.6666666666666665,0.4714045207910317,2.0,3.0,23.244955879945937,5.688821135121241,19.16569376962035,31.289896613847183,0.22507819702133472,0.0937406001292993,0.11220382734094111,0.30158604223610197,0.24430039258986627,0.10723973892708091,0.1291866028708134,0.33036099865047236,0.4516304347826087,0.2511673282496914,0.21739130434782608,0.8,0.9487179487179487,0.0725237724293895,0.8461538461538461,1.0,0.13256189836630705,0.027378309551526283,0.09740569791241538,0.1641895155985856,14.0,4.320493798938574,10.0,17.333333333333332,21.0,16.87206764645835,4.0,44.0,0.0,0.0,0.0,0.0,4.666666666666667,2.494438257849294,2.0,8.0,6.333333333333333,5.436502143433364,2.0,14.0,1.0739464668016316,0.8888245387413145,0.290648220900553,2.3169747558581344,0.305489417989418,0.1274740809632779,0.2017195767195767,0.45416666666666666,0.2362285368227603,0.16220243900221784,0.11255557238390801,0.46537668996678777,0.4204319968020238,0.41674214708302254,0.6431476960634727,0.5764133353570465,0.49524894193556784,0,drift_dominant
0.07,0.01,0.01,0.01,0.01,3,0.0,0.0,0.0,0.0,nan,0.0,nan,nan,2.6666666666666665,0.4714045207910317,2.3333333333333335,3.0,22.967573906098345,5.446685453725828,18.187407146806404,30.588534646451894,0.17078313701821254,0.0673147766088962,0.07622711602241432,0.22761561740930955,0.16897003250753231,0.0787930647288571,0.05755395683453238,0.226215644820296,0.455207344096233,0.2148661312274808,0.16049382716049382,0.6666666666666666,0.8421717171717172,0.024023103018232867,0.8181818181818182,0.875,0.10910166537805344,0.03542404808088707,0.0787899027901089,0.15880016614803769,14.0,2.160246899469287,12.0,17.0,15.666666666666666,17.21110752456745,3.0,40.0,1.0,0.816496580927726,0.0,2.0,3.0,1.632993161855452,1.0,5.0,2.0,0.816496580927726,1.0,3.0,0.8173011411039702,0.5193269117207668,0.08543681036833828,1.2364462081386551,0.2273709315375982,0.04696356613607599,0.1734006734006734,0.265530303030303,0.5306348120338578,0.2503380574292651,0.3369903018566032,0.8777665952330941,0.3472049873142992,0.4593942435472039,0.690830408910589,0.5680956443289924,0.488155517094722,0,drift_dominant
0.07,0.01,0.01,0.01,0.02,3,0.0,0.0,0.0,0.0,nan,0.0,nan,nan,2.3333333333333335,0.9428090415820634,1.6666666666666667,3.0,25.215764438461715,6.363094746598616,20.19886255899753,33.91052267322908,0.21745218797521298,0.10041952053665913,0.0942140640605637,0.34018911775952354,0.22427056208737736,0.0963227578555128,0.10326086956521739,0.3389473684210526,0.5366912972085386,0.2193427039897003,0.23214285714285715,0.74,0.654040404040404,0.08398125832482775,0.5454545454545454,0.75,0.09264539995998652,0.06171194967626985,0.01313789606034531,0.16356748065881285,10.333333333333334,1.247219128924647,9.0,12.0,14.333333333333334,17.46106780494506,1.0,39.0,1.0,1.4142135623730951,0.0,3.0,0.0,0.0,0.0,0.0,0.0,0.0,0.0,0.0,0.3671763723928074,0.18489514933398604,0.15608097674700905,0.6063593006892363,0.0,0.0,0.0,0.0,0.5516582233363029,0.40374000828453854,0.08927256533320904,0.8795514021529033,0.32416078360359074,0.588496640818468,0.8155420353982301,0.76840695706654,0.5773702329588278,0,mixed
0.07,0.01,0.02,0.0,0.0,3,0.3333333333333333,0.4714045207910317,0.0,1.0,13.297569731868629,0.0,13.297569731868629,13.297569731868629,1.6666666666666667,1.8856180831641267,-1.0,3.0,20.207580629216555,5.880998490558497,13.297569731868629,27.671080423380687,0.5003285521554418,0.3236285590751755,0.25737407234408044,0.9577120392913647,0.5015464805978106,0.31852692365405355,0.27538747257447,0.7277054886211513,0.7988304093567251,0.16473384232914098,0.5964912280701754,1.0,1.0,0.0,1.0,1.0,0.08765141628349767,0.0624489691940695,0.0,0.1408436898430244,9.333333333333334,6.79869268479038,0.0,14.666666666666666,1.3333333333333333,1.247219128924647,0.0,3.0,0.0,0.0,0.0,0.0,0.0,0.0,0.0,0.0,0.3333333333333333,0.4714045207910317,0.0,1.0,0.07316560271459194,0.08217784014296466,0.0,0.1879461792985646,0.02,0.0282842712474619,0.0,0.06,0.18189122291981139,0.20031824876062782,0.0,0.4609266758075272,0.8916450147341851,0.6885992262638233,0.9912648764113519,0.922878670866468,0.8670542711784847,1,spacetime_candidate
0.07,0.01,0.02,0.0,0.01,3,0.3333333333333333,0.4714045207910317,0.0,1.0,13.291607148399832,0.0,13.291607148399832,13.291607148399832,1.6666666666666667,1.8856180831641267,-1.0,3.0,21.793255934817818,8.028323249850859,13.291607148399832,32.56116842321487,0.47391067807903936,0.3462351565899432,0.16670171822275973,0.957719892567892,0.46568736151176887,0.34818387651632016,0.15565031982942432,0.952,0.6552511415525114,0.24417485337534478,0.4657534246575342,1.0,0.9666666666666667,0.04714045207910316,0.9,1.0,0.0947106122598451,0.06816068286029874,0.0,0.14724325120800622,5.333333333333333,3.858612300930075,0.0,8.333333333333334,4.666666666666667,4.642796092394707,1.0,11.0,0.3333333333333333,0.4714045207910317,0.0,1.0,0.3333333333333333,0.4714045207910317,0.0,1.0,0.0,0.0,0.0,0.0,0.09195834618555147,0.12776762149256565,0.0,0.27263939223455225,0.0,0.0,0.0,0.0,0.4571719313100822,0.3303464239084315,0.0,0.7690556076196833,0.8099177035641927,0.7435617990265473,0.9322013274336283,0.8425141448202974,0.8243047404548893,0,mixed
0.07,0.01,0.02,0.0,0.02,3,0.0,0.0,0.0,0.0,nan,0.0,nan,nan,0.6666666666666666,0.4714045207910317,0.3333333333333333,1.0,27.21302154890308,3.6847556803988253,23.098643029011768,32.03969698549592,0.3796147149814905,0.16143104250000828,0.19337852784257448,0.5870876692868534,0.372530687923313,0.15520103300571716,0.19430051813471502,0.5725806451612904,0.5237716164440303,0.23423728584168307,0.33783783783783783,0.8541666666666666,0.6558857808857809,0.050630596751799616,0.6153846153846154,0.7272727272727273,0.055893730440221105,0.03841189198511839,0.024573963952402904,0.10430197854084229,10.0,3.559026084010437,7.333333333333333,13.0,11.333333333333334,6.236095644623235,3.0,18.0,1.6666666666666667,0.9428090415820634,1.0,2.3333333333333335,0.0,0.0,0.0,0.0,0.0,0.0,0.0,0.0,0.4797120169265403,0.3356527231192675,0.07067260881585491,0.8928203059174318,0.0,0.0,0.0,0.0,0.6764798289853181,0.21042907972663005,0.43053548092376803,0.9445524152633675,0.4060314983359847,0.8461482607414131,0.7729535398230089,0.7101240826456462,0.650263614096679,0,mixed
0.07,0.01,0.02,0.01,0.0,3,0.0,0.0,0.0,0.0,nan,0.0,nan,nan,2.3333333333333335,0.4714045207910317,2.0,3.0,23.37082946092783,5.54720393123433,19.04957486308541,31.201754477563846,0.19402816447004964,0.04890504190054001,0.1573854703455114,0.23525043404187101,0.21711521865543304,0.05968806884456775,0.13494809688581316,0.2749445676274945,0.45323202826447473,0.11953528136412425,0.3556763285024155,0.5970149253731343,1.0,0.0,1.0,1.0,0.10585456159490235,0.017099380751185642,0.09233537732966392,0.1299781099504831,16.0,2.160246899469287,14.0,19.0,14.666666666666666,12.498888839501783,3.0,32.0,0.0,0.0,0.0,0.0,4.0,2.449489742783178,1.0,7.0,4.0,2.160246899469287,1.0,6.0,0.8732381869818977,0.13830623578586523,0.7204802804686081,0.9848807330222571,0.24019841269841272,0.11678146009974558,0.14583333333333337,0.3265079365079365,0.19697706321933198,0.023423780536997375,0.1682083994954935,0.22558402608351835,0.4181391584269898,0.46843640296577443,0.7353555080866647,0.6599128387340395,0.5425114755550309,0,mixed
0.07,0.01,0.02,0.01,0.01,3,0.0,0.0,0.0,0.0,nan,0.0,nan,nan,1.0,0.816496580927726,0.0,1.6666666666666667,23.011429998546202,2.8648893294477538,20.514369866643875,25.181004419094865,0.18918465312952895,0.055942650026106544,0.1127638531249785,0.24512260606258213,0.1914110707258897,0.05481452454703302,0.11475409836065574,0.23972602739726026,0.43292448292448293,0.1844497963846145,0.18333333333333332,0.6233766233766234,0.8333333333333334,0.12472191289246473,0.7,0.9333333333333333,0.03777262441582106,0.03322116472366569,0.0,0.08085377722976542,9.666666666666666,2.494438257849294,7.0,11.666666666666666,18.666666666666668,9.809292646374773,7.0,26.666666666666668,0.3333333333333333,0.4714045207910317,0.0,1.0,3.0,1.4142135623730951,2.0,5.0,2.6666666666666665,2.494438257849294,0.0,6.0,1.3053804101537536,0.4924991225570569,0.6163888308937466,1.738199647184816,0.34814814814814815,0.2566535724306728,0.14444444444444443,0.6111111111111112,0.5024513190957729,0.260433550110133,0.13471677051874587,0.7041210474732137,0.3508896031071318,0.8477061878653412,0.7247982148306378,0.4279256418971497,0.5652826793993889,0,mixed
0.07,0.01,0.02,0.01,0.02,3,0.0,0.0,0.0,0.0,nan,0.0,nan,nan,1.6666666666666667,1.699673171197595,0.0,4.0,25.588554133389884,3.6409898623708985,22.62117746395844,30.195857305822766,0.17847117580464023,0.08218926349174877,0.07642660370017498,0.2776888094330301,0.18215469401131146,0.09655541840234563,0.07216494845360824,0.3072289156626506,0.4770833333333333,0.2756206753624314,0.18055555555555555,0.8444444444444444,0.7348484848484849,0.07499617376220961,0.6363636363636364,0.7954545454545455,0.05599013857630884,0.04972596441242638,0.0,0.12083402862949104,12.333333333333334,1.8856180831641267,11.0,15.0,14.666666666666666,11.440668201153676,1.0,29.0,1.3333333333333333,0.9428090415820634,0.0,2.0,1.3333333333333333,0.4714045207910317,1.0,2.0,1.3333333333333333,0.4714045207910317,1.0,2.0,1.0956792162021138,0.24948119004191896,0.7699383715167996,1.375942026947391,0.22193362193362193,0.06085943052606444,0.1515151515151515,0.3,0.7309579465476095,0.26636379671721144,0.3596560609825174,0.9716151674651774,0.3056732775907876,0.6953138513160372,0.7248382667073543,0.4623842528322191,0.5182586138936996,0,mixed
0.07,0.01,0.03,0.0,0.0,3,0.0,0.0,0.0,0.0,nan,0.0,nan,nan,2.3333333333333335,0.4714045207910317,2.0,2.6666666666666665,25.78419749476039,5.402238962446773,21.4900397566298,31.352364864307376,0.22349155725015718,0.05846845305457814,0.15537569031185844,0.2710813933831192,0.2317781378192154,0.04224196570190104,0.1759656652360515,0.2781316348195329,0.6257740209257641,0.009823960704485005,0.6119402985074627,0.6338028169014085,1.0,0.0,1.0,1.0,0.10677611337184006,0.04697882044865457,0.051954865833074126,0.16669039031806454,12.666666666666666,2.494438257849294,10.0,16.0,3.6666666666666665,2.6246692913372702,0.0,6.0,0.0,0.0,0.0,0.0,0.0,0.0,0.0,0.0,0.3333333333333333,0.4714045207910317,0.0,1.0,0.16853177672799827,0.1838856900355864,0.019711219605694996,0.4276316647238745,0.07380952380952381,0.05677793530958706,0.0,0.1380952380952381,0.15435450822537886,0.15827818663281643,0.022830180341115947,0.3769732624868325,0.4622786858140256,0.5232581422617568,0.9757781507476351,0.8845588503802508,0.6646794758259253,0,mixed
0.07,0.01,0.03,0.0,0.01,3,0.0,0.0,0.0,0.0,nan,0.0,nan,nan,2.0,0.816496580927726,1.0,3.0,24.61717624091916,1.7932171975198494,23.33035339043505,25.90399909140327,0.22911317596838807,0.015105903941427024,0.20859740414275635,0.24452953361519575,0.23758650637760276,0.019455430866452673,0.21063829787234042,0.2526632552871356,0.5227071100488823,0.047763079399853796,0.46835443037974683,0.5846153846153846,0.7796296296296296,0.0799090704088571,0.7,0.8888888888888888,0.07160157830623969,0.02170338345297704,0.04218023843522992,0.09388482046697523,12.333333333333334,2.0548046676563256,10.0,15.0,11.0,4.546060565661952,6.0,17.0,1.0,0.0,1.0,1.0,0.3333333333333333,0.4714045207910317,0.0,1.0,0.0,0.0,0.0,0.0,0.49163220751729675,0.22155793584921088,0.2243828153836509,0.766908589807024,0.0,0.0,0.0,0.0,0.6834755751576407,0.19596087887633662,0.4329758174408673,0.8429443614160433,0.37380182200335205,0.6298942899605434,0.8276659292035398,0.7059717769377309,0.5950317514195632,0,mixed
0.07,0.01,0.03,0.0,0.02,3,0.0,0.0,0.0,0.0,nan,0.0,nan,nan,2.3333333333333335,1.247219128924647,1.0,4.0,26.060345903713074,4.406670803041607,22.923511513448386,32.29227292038634,0.14981174070125255,0.02558490796246452,0.11425264726053126,0.17338304263287768,0.14551708106530586,0.023890448292165866,0.11440677966101695,0.17248459958932238,0.58840224103382,0.08973355072077996,0.46153846153846156,0.6545454545454545,0.5166666666666667,0.04906533814626583,0.4666666666666667,0.5555555555555556,0.09300269213341525,0.06752355833006914,0.019733632358367885,0.1826738136732291,13.0,2.943920288775949,9.0,16.0,4.666666666666667,2.8674417556808756,1.0,8.0,2.0,0.816496580927726,1.3333333333333333,3.0,0.0,0.0,0.0,0.0,0.0,0.0,0.0,0.0,0.22065342631134746,0.045337254776357375,0.18604863323850251,0.28470067527318355,0.0,0.0,0.0,0.0,0.38469305239519985,0.10684112605570016,0.24655010719715936,0.5067733388300664,0.24050522408682354,0.542649322320868,0.7859513274336283,0.8457353774009378,0.5461764999775185,0,mixed
0.07,0.01,0.03,0.01,0.0,3,0.0,0.0,0.0,0.0,nan,0.0,nan,nan,2.6666666666666665,0.9428090415820634,2.0,4.0,21.85840884980121,4.82491863473297,16.225324993741843,25.786557945186278,0.18323419330110222,0.061421506815359656,0.09646715145914042,0.22779681871751592,0.1882735261579536,0.06624147204345952,0.09497206703910614,0.2422062350119904,0.4022128556375132,0.07342272383597899,0.3230769230769231,0.5,1.0,0.0,1.0,1.0,0.13119142531884811,0.022708406585935873,0.10229905395748196,0.1577797175855378,16.0,2.943920288775949,13.0,20.0,14.666666666666666,11.897712198383164,1.0,30.0,0.0,0.0,0.0,0.0,3.3333333333333335,1.699673171197595,1.0,5.0,4.666666666666667,2.3570226039551585,3.0,6.333333333333333,0.8643929903848938,0.31530534246598424,0.5208529746146584,1.282356787092612,0.14706349206349204,0.05550439821504606,0.1,0.22499999999999992,0.372435141099179,0.22559286250332786,0.0533986565457234,0.5319770793159103,0.4025245510394215,0.3853354433669011,0.7467348184314923,0.6600956671331689,0.5185835508184551,0,mixed
0.07,0.01,0.03,0.01,0.01,3,0.0,0.0,0.0,0.0,nan,0.0,nan,nan,1.0,0.816496580927726,0.0,2.0,23.2855779089326,2.181460185291748,20.72251237935266,26.05411239810926,0.19003493644441344,0.06022606470984481,0.1101220015067846,0.25551022888406744,0.20929308142173125,0.056920899244848756,0.13367609254498714,0.2550705183605171,0.5550908956729231,0.05104472698576543,0.49056603773584906,0.6153846153846154,0.7547619047619047,0.03515434061960335,0.7142857142857143,0.8,0.05264492138957144,0.039411229640339815,0.0,0.0948183038733189,13.333333333333334,2.8674417556808756,10.0,17.0,5.0,1.4142135623730951,4.0,6.0,1.3333333333333333,0.9428090415820634,0.6666666666666666,2.0,2.3333333333333335,2.0548046676563256,0.0,4.0,2.6666666666666665,2.494438257849294,0.0,6.0,0.8263714172942248,0.5016996179509082,0.20384918964644116,1.4324262166703376,0.36369047619047623,0.26989218123831454,0.0,0.6458333333333334,0.3029010569856887,0.21032660686579147,0.01094980906091264,0.4653059027457364,0.3625999020797921,0.7585205763069708,0.7417561794324077,0.5589987095662233,0.5766910876043962,0,mixed
0.07,0.01,0.03,0.01,0.02,3,0.0,0.0,0.0,0.0,nan,0.0,nan,nan,1.3333333333333333,0.9428090415820634,0.0,2.0,25.73125116749241,3.1379206856611903,22.010695876083187,29.68626521354092,0.1675190017635501,0.044062470738623016,0.13155441746029273,0.2222796169458073,0.16961730534428957,0.05407796918019647,0.11990407673860912,0.24480369515011546,0.5134739459781574,0.0036835181828867316,0.5084745762711864,0.5163962136578769,0.7806637806637806,0.0821624291225787,0.7171717171717171,0.8571428571428571,0.07858934910629119,0.03605575852253257,0.034242984450088,0.12255878203597699,15.0,3.7416573867739413,12.0,19.0,8.0,5.715476066494082,0.0,13.0,0.6666666666666666,0.4714045207910317,0.0,1.0,2.3333333333333335,1.247219128924647,1.3333333333333333,4.0,1.6666666666666667,0.9428090415820634,1.0,3.0,0.8527297561242484,0.22216253693551685,0.5981854866194891,1.1395001678991517,0.24854497354497354,0.09333995435369141,0.11666666666666664,0.3194444444444445,0.7146293522063952,0.3089059843915599,0.493796726363523,1.1514795394605735,0.32216797717936724,0.6460664417260492,0.7972757094903875,0.49009563761724895,0.5317496718658181,0,mixed
0.07,0.02,0.01,0.0,0.0,3,0.0,0.0,0.0,0.0,nan,0.0,nan,nan,2.3333333333333335,0.4714045207910317,2.0,3.0,31.06030354588531,7.28500936849875,21.43719162433028,39.05836699254622,0.4171445148640923,0.11337948958750431,0.3313193185208557,0.5773511441846492,0.42283185840707965,0.12676344503628725,0.328,0.602,0.6752677274416405,0.20661937047118464,0.391304347826087,0.8371406371406371,0.9393939393939394,0.08570991287109665,0.8181818181818182,1.0,0.08072747021204055,0.02708624691870799,0.05943565976523194,0.10748575618454659,8.0,1.632993161855452,6.0,10.0,0.6666666666666666,0.9428090415820634,0.0,2.0,0.0,0.0,0.0,0.0,0.0,0.0,0.0,0.0,0.0,0.0,0.0,0.0,0.12718467714284523,0.06433070225715845,0.040099907629713716,0.19352708533102891,0.0,0.0,0.0,0.0,0.15599272268234224,0.08714515585823321,0.08489072105006194,0.2602966577221333,0.5407366750726922,0.6497121672958052,1.0,0.934733871080241,0.7386326523154418,1,spacetime_candidate
0.07,0.02,0.01,0.0,0.01,3,0.0,0.0,0.0,0.0,nan,0.0,nan,nan,3.3333333333333335,2.0548046676563256,1.0,6.0,29.485047299136937,6.375672508420028,21.05899939596144,34.62453930210034,0.27733788204381227,0.06270254821775437,0.20468677473502522,0.32834061671957004,0.2770742922262979,0.07962265111645016,0.18550106609808104,0.3796095444685466,0.6031746031746031,0.07360014678964844,0.5,0.6666666666666666,0.8379629629629629,0.15727118288391692,0.625,1.0,0.12345757259975115,0.09628838474219881,0.02300489920181904,0.25330253061181734,7.333333333333333,0.4714045207910317,7.0,8.0,4.333333333333333,2.0548046676563256,2.6666666666666665,7.0,1.3333333333333333,1.247219128924647,0.0,2.3333333333333335,0.0,0.0,0.0,0.0,0.0,0.0,0.0,0.0,0.28247152784734686,0.046587783157495705,0.22433147935387643,0.320488515453404,0.0,0.0,0.0,0.0,0.23715004333949524,0.13545090751503788,0.14103322104214414,0.42870292475287297,0.40786054083234863,0.47221462808116943,0.8506637168141593,0.8838802109568552,0.6077136318658174,0,mixed
0.07,0.02,0.01,0.0,0.02,3,0.0,0.0,0.0,0.0,nan,0.0,nan,nan,2.3333333333333335,0.4714045207910317,2.0,3.0,28.06298865542807,5.741081811541927,19.961476680424735,32.57651709174714,0.21609609262908752,0.06003681781687199,0.16742813031691936,0.28402045497300754,0.21881614173126313,0.0705307023725244,0.12043010752688173,0.2822222222222222,0.5976512784912646,0.06915579777400414,0.5,0.6511627906976745,0.694017094017094,0.0778106439435285,0.6153846153846154,0.8,0.08388361370891323,0.04303748275144355,0.049977621007860816,0.14461017658752048,8.0,2.943920288775949,5.666666666666667,11.0,5.333333333333333,1.247219128924647,4.0,7.0,1.0,0.816496580927726,0.0,2.0,0.0,0.0,0.0,0.0,0.0,0.0,0.0,0.0,0.0967923937014384,0.13289141624102743,2.220446049250313e-16,0.19169261326582335,0.0,0.0,0.0,0.0,0.19924681068077152,0.19681153427162917,0.016540738021266183,0.4724405418330354,0.331244203031605,0.6439741110305152,0.8752765486725663,0.9254874775290394,0.6370818040590117,0,macro_stable_weak_repair
0.07,0.02,0.01,0.01,0.0,3,0.0,0.0,0.0,0.0,nan,0.0,nan,nan,3.0,0.0,3.0,3.0,25.467479507681592,4.7395734029115495,19.20596361406964,30.669565071720903,0.22343571088170341,0.08927452064380222,0.1197452090549515,0.3376598037806298,0.2358088588673729,0.10949232620263469,0.11578947368421053,0.38054968287526425,0.39443052074631024,0.24759651062138857,0.1111111111111111,0.7142857142857143,0.9111111111111111,0.12570787221094182,0.7333333333333333,1.0,0.12593432330270218,0.0274236593094177,0.09939981631329708,0.16369699655295142,13.666666666666666,2.494438257849294,11.0,17.0,15.0,16.268579122549905,3.3333333333333335,38.0,0.0,0.0,0.0,0.0,4.333333333333333,3.39934634239519,1.0,9.0,5.0,3.7416573867739413,1.0,10.0,1.0848598144540271,0.8888888339944778,0.3659357679096214,2.249401795705627,0.14902874902874905,0.20103480313120842,0.0060606060606061,0.2914529914529915,0.24094742347317102,0.24938957108161772,0.006884673568797517,0.5864601085511795,0.37307972990994326,0.39740415252112,0.710212084223375,0.6668154913732517,0.5053344587180855,0,mixed
0.07,0.02,0.01,0.01,0.01,3,0.0,0.0,0.0,0.0,nan,0.0,nan,nan,3.0,0.0,3.0,3.0,25.24130943999251,5.4546544424613606,17.723706219280654,30.49814776283323,0.1779614958154528,0.054470320365880086,0.10213076007544526,0.2197897815934076,0.18482775989168926,0.05132100847458289,0.1125,0.226215644820296,0.43223443223443225,0.2070164271200702,0.14285714285714285,0.6153846153846154,0.8308080808080808,0.06497313298115456,0.75,0.8838383838383839,0.12182972354464804,0.030227816608542433,0.0976732818600017,0.16244732941052206,15.0,2.160246899469287,13.333333333333334,17.0,14.666666666666666,15.084944665313014,4.0,36.0,0.6666666666666666,0.4714045207910317,0.3333333333333333,1.0,3.0,2.160246899469287,0.0,4.666666666666667,2.0,0.816496580927726,1.0,3.0,0.8485709961154823,0.41107992717362885,0.26731282817362834,1.1422599718469066,0.2222222222222222,0.049997449174806384,0.16666666666666666,0.28787878787878785,0.5436247992868632,0.31641150922879935,0.29683306470133064,0.7747728228168164,0.3279938329307162,0.38226768852491366,0.7287175770521819,0.5620257211313634,0.46851342329368817,0,drift_dominant
0.07,0.02,0.01,0.01,0.02,3,0.0,0.0,0.0,0.0,nan,0.0,nan,nan,1.3333333333333333,0.4714045207910317,1.0,2.0,26.5119461129925,1.8875693745442625,24.110847022847448,28.049215057409576,0.23160569345909857,0.056781388539916995,0.17886552546570383,0.27545606837888637,0.24447647528489996,0.06428540729450083,0.17926565874730022,0.33194154488517746,0.5893886587767155,0.13136460064659794,0.410958904109589,0.723404255319149,0.6565656565656566,0.18200514143757007,0.5084175084175084,0.8888888888888888,0.05824236632547553,0.009694537215617062,0.04681415611463438,0.07051567003058005,12.333333333333334,1.8856180831641267,11.0,15.0,5.333333333333333,2.8674417556808756,2.0,9.0,1.3333333333333333,0.4714045207910317,1.0,2.0,0.6666666666666666,0.4714045207910317,0.3333333333333333,1.0,0.6666666666666666,0.4714045207910317,0.0,1.0,0.591831092894416,0.09019280005816391,0.49966444982361624,0.7142760160519188,0.10004409171075833,0.07320926365418069,0.0,0.17314814814814805,0.41717213169854656,0.27307935272700207,0.0771658465152061,0.7457794793276821,0.3410231981388581,0.7282562045848072,0.8154058590173939,0.7167299439836321,0.6078493310950074,0,mixed
0.07,0.02,0.02,0.0,0.0,3,0.3333333333333333,0.4714045207910317,0.0,1.0,1.876023231954115,0.0,1.876023231954115,1.876023231954115,2.3333333333333335,2.3570226039551585,-1.0,4.0,16.1377875003642,10.704624319248799,1.876023231954115,27.665831524766737,0.5369685571690854,0.32410011227025026,0.2915671935057719,0.994922803030303,0.5329366499884745,0.3232783597498935,0.29528535980148884,0.99,0.7222222222222222,0.20786985482077452,0.5555555555555556,1.0,1.0,0.0,1.0,1.0,0.12206454995951999,0.08973272284317503,0.0,0.2131488890224671,8.0,7.483314773547883,0.0,18.0,6.0,7.788880963698615,0.0,17.0,0.0,0.0,0.0,0.0,0.0,0.0,0.0,0.0,0.3333333333333333,0.4714045207910317,0.0,1.0,0.11501097759748369,0.1518391651686155,0.0,0.3295580353921652,0.022222222222222223,0.03142696805273545,0.0,0.044444444444444446,0.1838281064878088,0.13005003931052736,0.0,0.2807361096548384,0.9218500297117594,0.5745589020311409,0.9602914250839183,0.9143160645536454,0.8412087338344139,1,mixed
0.07,0.02,0.02,0.0,0.01,3,0.3333333333333333,0.4714045207910317,0.0,1.0,1.876023231954115,0.0,1.876023231954115,1.876023231954115,2.3333333333333335,2.494438257849294,-1.0,4.333333333333333,18.58645855149252,12.883754292191778,1.876023231954115,33.23116749164344,0.49252417140137567,0.35615105230533334,0.2103076137635255,0.994922803030303,0.4948930589978625,0.35014235037840263,0.24017467248908297,0.99,0.6685277088502894,0.2579185009813449,0.3709677419354839,1.0,0.8838383838383839,0.08237124459747518,0.8181818181818182,1.0,0.14175311048301734,0.1054560857866166,0.0,0.22600884023586376,8.666666666666666,6.599663291074443,0.0,16.0,4.0,3.7416573867739413,0.0,9.0,0.0,0.0,0.0,0.0,0.0,0.0,0.0,0.0,0.0,0.0,0.0,0.0,0.18160365253617253,0.12848092888213067,0.0,0.2775151430558038,0.0,0.0,0.0,0.0,0.054147005855299,0.06510458467448497,0.0,0.14571071529630553,0.8248595737398942,0.5274644950130768,0.9778761061946902,0.959210586860998,0.8079843131733697,1,mixed
0.07,0.02,0.02,0.0,0.02,3,0.3333333333333333,0.4714045207910317,0.0,1.0,1.876023231954115,0.0,1.876023231954115,1.876023231954115,1.3333333333333333,1.699673171197595,-1.0,3.0,17.773915644474645,12.402390363422963,1.876023231954115,32.13937903064114,0.5558619270093503,0.3307542498324684,0.19662923048404662,0.994922803030303,0.5530015086761493,0.3298069336991474,0.19331742243436753,0.99,0.653393665158371,0.27423353077537294,0.32941176470588235,1.0,0.7717948717948718,0.16502146574055473,0.6153846153846154,1.0,0.07484644794047503,0.056048706212502755,0.0,0.13486819233049863,6.666666666666667,4.988876515698588,0.0,12.0,6.333333333333333,6.342099196813483,0.0,15.0,1.3333333333333333,1.247219128924647,0.0,3.0,0.0,0.0,0.0,0.0,0.0,0.0,0.0,0.0,0.4046495922847185,0.3399156537128323,0.0,0.6818876776029951,0.0,0.0,0.0,0.0,0.16916356669352517,0.14061013496686608,0.0,0.34426927428545284,0.8286950013229145,0.7941141961238269,0.8373893805309734,0.8866714158683138,0.8333839587738342,0,mixed
0.07,0.02,0.02,0.01,0.0,3,0.0,0.0,0.0,0.0,nan,0.0,nan,nan,2.3333333333333335,0.4714045207910317,2.0,3.0,23.079413216778807,3.7751189755602654,17.825942064378,26.52959615475906,0.20876721091146172,0.061651333796384745,0.12228674408501598,0.26160833394075106,0.21720469280744004,0.06424763561922346,0.12734082397003746,0.2737556561085973,0.4182969630539963,0.18198668674758842,0.17391304347826086,0.6103896103896104,0.9333333333333333,0.09428090415820632,0.8666666666666667,1.0,0.11043116353086148,0.042157910220592294,0.07710383107150263,0.14136562657162333,14.333333333333334,1.8856180831641267,13.0,15.666666666666666,18.0,12.355835328567093,6.0,35.0,0.0,0.0,0.0,0.0,4.333333333333333,0.9428090415820634,3.0,5.0,5.0,2.449489742783178,2.0,8.0,1.1816612460840086,0.1096476058394694,1.0317357920533081,1.290911942924907,0.16474587141253805,0.13785077484909541,0.05619047619047618,0.35925925925925917,0.3149687837966535,0.34879186065367596,0.06573371933790521,0.8081498892842633,0.3936231746783034,0.48836445649274757,0.6903005797985963,0.6180999049298534,0.5215393222062831,0,mixed
0.07,0.02,0.02,0.01,0.01,3,0.0,0.0,0.0,0.0,nan,0.0,nan,nan,2.6666666666666665,0.9428090415820634,2.0,4.0,27.205110625738456,4.749644504217778,20.751416380948797,32.04473712571282,0.1884300720469595,0.056017425278741505,0.11102506198326163,0.2417365565045747,0.18594291274505542,0.06691638637707693,0.09859154929577464,0.2611464968152866,0.4965031271129141,0.12524548789186915,0.390625,0.6724137931034483,0.835016835016835,0.11846876825427057,0.7272727272727273,1.0,0.11827043085382641,0.05679165290702126,0.07061074114298291,0.1980855705853757,11.0,2.160246899469287,9.333333333333334,12.666666666666666,7.0,7.118052168020874,1.0,17.0,0.3333333333333333,0.4714045207910317,0.0,1.0,1.6666666666666667,0.4714045207910317,1.0,2.0,1.6666666666666667,0.4714045207910317,1.0,2.0,0.4329909651127623,0.2242725854258025,0.21471984839449876,0.7414142013781873,0.2703395061728395,0.2689642993315117,0.03,0.6458333333333334,0.06815720767109652,0.01971023197833522,0.04867020564074709,0.0951614279894043,0.33657306591636216,0.49357234116728727,0.8551628776319804,0.7531673687950008,0.5628597076479448,0,mixed
0.07,0.02,0.02,0.01,0.02,3,0.0,0.0,0.0,0.0,nan,0.0,nan,nan,1.3333333333333333,0.9428090415820634,0.0,2.0,29.326622268368045,3.3328430083159524,25.47307097556065,32.03686390370933,0.1670057461914567,0.060188021943402614,0.11576554079973624,0.25148778898233926,0.1643253792814343,0.07645348960576591,0.10198300283286119,0.22099771167048057,0.4516184439445485,0.25515306742147476,0.2112676056338028,0.8048780487804879,0.6565656565656566,0.014284985478516098,0.6363636363636364,0.6666666666666666,0.04599141868277003,0.034278898134189974,0.0,0.08225951822339471,10.666666666666666,4.4969125210773475,7.0,17.0,10.333333333333334,8.178562764256865,0.0,20.0,1.0,0.816496580927726,0.0,2.0,0.3333333333333333,0.4714045207910317,0.0,1.0,0.0,0.0,0.0,0.0,0.4278962593420546,0.2868972670646489,0.11777042920837077,0.8095238227692858,0.03144139810806478,0.044464851624396985,0.0,0.09432419432419434,0.29655361029515004,0.256696004711812,0.019079447979401698,0.6380105108784819,0.23660035056119533,0.7787777423386572,0.8320907079646017,0.8228246816045882,0.6084876361949206,0,mixed
0.07,0.02,0.03,0.0,0.0,3,0.0,0.0,0.0,0.0,nan,0.0,nan,nan,3.6666666666666665,0.4714045207910317,3.0,4.0,24.974420668584695,5.050909775599072,18.417789047056388,30.707419896114587,0.2469554289563052,0.03660521317352463,0.2169537827278686,0.29849169191879377,0.25309000559611305,0.03267328032300263,0.22033898305084745,0.2976939203354298,0.6071103026326907,0.05907254142774902,0.5324675324675324,0.676923076923077,1.0,0.0,1.0,1.0,0.14096537463032494,0.020636354583497264,0.11672566989024018,0.16716060377432534,12.666666666666666,0.9428090415820634,12.0,14.0,1.6666666666666667,1.247219128924647,0.0,3.0,0.0,0.0,0.0,0.0,0.0,0.0,0.0,0.0,1.0,0.0,1.0,1.0,0.4674226202647834,0.07724735532454177,0.39920884341456775,0.5754273526559079,0.1576984126984127,0.07544935513458177,0.07666666666666666,0.21825396825396828,0.16666403180058267,0.1019609467756324,0.022830180341115947,0.24740815311141984,0.47733847815131075,0.3129518872454404,0.9804317973756485,0.7831794510890951,0.5980286888572676,0,mixed
0.07,0.02,0.03,0.0,0.01,3,0.0,0.0,0.0,0.0,nan,0.0,nan,nan,2.3333333333333335,0.4714045207910317,2.0,3.0,28.30844965532695,3.6213527180945877,23.642658848640508,32.4700304811682,0.17644025308516673,0.019397255864806954,0.15807998803256404,0.20327132901474865,0.1668532467433706,0.011608132868120511,0.15254237288135594,0.17633061510233083,0.37230392156862746,0.06744517331363617,0.27941176470588236,0.425,0.719047619047619,0.0642416074439621,0.6428571428571429,0.8,0.0858696957995371,0.01643655340901507,0.07245595050486872,0.10562463374342128,16.0,2.8284271247461903,12.0,18.0,9.666666666666666,2.8674417556808756,6.0,13.0,1.0,0.816496580927726,0.0,2.0,0.3333333333333333,0.4714045207910317,0.0,1.0,0.0,0.0,0.0,0.0,0.3227434879125075,0.2235004888307601,0.1217274363939389,0.634493349100516,0.0,0.0,0.0,0.0,0.19738612952192747,0.11409923443610602,0.04965787535045707,0.3274661363743736,0.2465287680668804,0.5047700755322161,0.8365154867256637,0.8904344053653658,0.557867566124668,0,macro_stable_weak_repair
0.07,0.02,0.03,0.0,0.02,3,0.0,0.0,0.0,0.0,nan,0.0,nan,nan,2.0,0.816496580927726,1.3333333333333333,3.0,24.705509788158352,1.5943136652922008,22.87377305942718,26.759934041564566,0.15897573158277478,0.0045745205585732895,0.1526981165874337,0.1634684297661789,0.14824249787183066,0.002925332927753646,0.14516129032258066,0.15217391304347827,0.3262006786939236,0.11825799044753743,0.18518518518518517,0.4745762711864407,0.6853174603174603,0.16795514794383792,0.4666666666666667,0.875,0.08412996376563986,0.05545492925206042,0.04017363521739559,0.12808629231388413,9.0,5.0990195135927845,4.0,13.0,6.0,4.546060565661952,1.0,9.666666666666666,1.6666666666666667,0.4714045207910317,1.0,2.0,0.0,0.0,0.0,0.0,0.0,0.0,0.0,0.0,0.22058380934198354,0.07538520595759192,0.11428571905372475,0.28079903568282116,0.0,0.0,0.0,0.0,0.38747171386741,0.22953543501781448,0.06460177801536926,0.5779932299798403,0.2373826196784974,0.6636141164956436,0.8083517699115044,0.8448442625384192,0.5796266525013698,0,mixed
0.07,0.02,0.03,0.01,0.0,3,0.0,0.0,0.0,0.0,nan,0.0,nan,nan,2.6666666666666665,0.9428090415820634,2.0,4.0,21.275222669419303,4.84436817091005,15.906632329706017,27.645373613209927,0.1742240038710497,0.066336893722426,0.08091742349620845,0.2293204420007742,0.18160267196703092,0.075272056349854,0.07534246575342465,0.2402464065708419,0.33499775078722444,0.19685522425722,0.09473684210526316,0.5769230769230769,1.0,0.0,1.0,1.0,0.1364854208937966,0.06851347244971119,0.07541882134739122,0.23216698753232137,15.666666666666666,2.3570226039551585,14.0,19.0,18.333333333333332,13.572848714334889,3.0,36.0,0.0,0.0,0.0,0.0,3.6666666666666665,2.0548046676563256,1.0,6.0,6.0,2.943920288775949,3.6666666666666665,9.0,0.9145276162860659,0.46439397347794237,0.2713587691782009,1.3511903587641232,0.2212345679012346,0.08527710195752816,0.1266666666666667,0.33333333333333337,0.43687296209533133,0.13850700060116963,0.2440219502883576,0.5630078816091282,0.38324743357277824,0.3813603626082756,0.6951571559353067,0.586865682012585,0.4858812599921196,0,drift_dominant
0.07,0.02,0.03,0.01,0.01,3,0.0,0.0,0.0,0.0,nan,0.0,nan,nan,2.0,0.816496580927726,1.0,2.6666666666666665,20.919650743697613,2.196081576744549,18.964323656525885,23.986975366072244,0.16303758829026377,0.05743759652029521,0.08188810845886844,0.20672483256143065,0.16472973565479573,0.06625372852692006,0.07204610951008646,0.22297297297297297,0.5245702306079665,0.2584420595116721,0.16037735849056603,0.7333333333333333,0.8371212121212122,0.07891161612121081,0.7272727272727273,0.9090909090909091,0.09761189249525923,0.021548390443814482,0.07151078233188034,0.12428407494881516,12.0,2.160246899469287,10.333333333333334,14.0,13.0,10.03327796219494,4.0,27.0,1.0,0.0,1.0,1.0,1.3333333333333333,0.4714045207910317,1.0,2.0,1.0,0.816496580927726,0.0,2.0,0.5769153158816515,0.11583170182667506,0.4164177031223657,0.6855518299183667,0.07701819785153119,0.043322982724235445,0.04164662497995834,0.11238977072310403,0.46140698852371803,0.32042739348033994,0.1274669587974797,0.8936572592460628,0.3756025526487579,0.5882557119829225,0.7714605584375953,0.7185059634459616,0.5765181257995073,0,mixed
0.07,0.02,0.03,0.01,0.02,3,0.0,0.0,0.0,0.0,nan,0.0,nan,nan,1.0,0.816496580927726,0.0,2.0,23.10050149445347,2.270639429624027,20.405989555104917,25.960506347973332,0.1608688199421648,0.04858875468584858,0.0962054349887432,0.1999110812609383,0.16015951767625536,0.059068454148332776,0.07878787878787878,0.2172043010752688,0.37073808974062955,0.12425167832604217,0.19672131147540983,0.4788732394366197,0.6884615384615385,0.05555884276928319,0.6153846153846154,0.75,0.03468910122780346,0.025755050074278064,0.0,0.06165049116126644,12.333333333333334,4.0276819911981905,9.0,15.333333333333334,9.333333333333334,7.408703590297623,1.0,19.0,2.6666666666666665,0.4714045207910317,2.0,3.0,1.6666666666666667,0.9428090415820634,1.0,3.0,1.3333333333333333,1.247219128924647,0.0,2.3333333333333335,0.6039548562087408,0.2150304201586442,0.3173593394858605,0.8353115705949006,0.10833333333333334,0.07899184726385615,0.0462962962962963,0.18611111111111112,0.4542583057029545,0.14536389716230563,0.3387058178150591,0.6041126215400379,0.26663446046053263,0.8081144759844926,0.6252364967958498,0.6978146735344525,0.55996091422337,0,mixed
0.07,0.03,0.01,0.0,0.0,3,0.0,0.0,0.0,0.0,nan,0.0,nan,nan,2.6666666666666665,0.4714045207910317,2.0,3.0,29.046032639886207,4.8802613496490785,22.3828084464541,33.935370249124844,0.3241719007695874,0.13526208538025936,0.17090679511645182,0.4999311561236515,0.3382432735426009,0.15094205515447734,0.18125,0.542,0.6259783368273935,0.2112679920399649,0.3584905660377358,0.875,1.0,0.0,1.0,1.0,0.08679026810737141,0.029020124209064968,0.06497514298720226,0.12780309018565084,9.333333333333334,3.39934634239519,6.0,14.0,0.6666666666666666,0.9428090415820634,0.0,2.0,0.0,0.0,0.0,0.0,0.0,0.0,0.0,0.0,0.3333333333333333,0.4714045207910317,0.0,1.0,0.2474616121009022,0.228879549119336,0.0009135193160227928,0.5523652278528206,0.046913580246913576,0.06634582144466371,0.0,0.09382716049382715,0.14652759166076468,0.07071262118319303,0.06242365118827786,0.23543367153156347,0.5048577668883586,0.5790537336653878,0.9956896551724138,0.8907437780971182,0.6987503384811788,0,mixed
0.07,0.03,0.01,0.0,0.01,3,0.0,0.0,0.0,0.0,nan,0.0,nan,nan,3.0,0.816496580927726,2.0,4.0,29.071458340537138,5.771514228944256,21.48383917697875,35.470376617545796,0.27343811121474904,0.0947504755043727,0.1460014837485388,0.3491119369146132,0.27555219220693206,0.09135278202200384,0.15184381778741865,0.3696581196581197,0.5405429311204387,0.12807184380076214,0.3888888888888889,0.7021276595744681,0.8000841750841751,0.11590667627549771,0.6363636363636364,0.8888888888888888,0.11753391089337363,0.05905813842949059,0.07083265522128493,0.16423516656546233,8.0,2.449489742783178,5.0,11.0,3.3333333333333335,1.247219128924647,2.0,5.0,0.6666666666666666,0.4714045207910317,0.3333333333333333,1.0,0.0,0.0,0.0,0.0,0.0,0.0,0.0,0.0,0.22299415153314742,0.07837121501434229,0.15903036715120025,0.3173588831143106,0.0,0.0,0.0,0.0,0.2916702083499773,0.09573348042666668,0.18005633375944663,0.4138405855882672,0.37947336693635,0.5087217987744673,0.9198008849557522,0.8755661441155161,0.6190695339355929,0,macro_stable_weak_repair
0.07,0.03,0.01,0.0,0.02,3,0.0,0.0,0.0,0.0,nan,0.0,nan,nan,2.3333333333333335,1.699673171197595,0.0,4.0,31.509256378370743,5.605099639151691,26.97118123379914,37.80355678153505,0.19808894503406324,0.04811099284973885,0.13096791678329098,0.24129710780565883,0.20178786981688202,0.04512085535415359,0.13953488372093023,0.24504950495049505,0.4030944385530812,0.06654729095129536,0.3170731707317073,0.4791666666666667,0.6918803418803419,0.08845431243454416,0.5833333333333334,0.8,0.07345469068844966,0.03876828539005944,0.04317934252593977,0.11086506047995502,11.333333333333334,2.0548046676563256,9.0,14.0,6.666666666666667,2.6246692913372702,4.666666666666667,9.0,0.3333333333333333,0.4714045207910317,0.0,1.0,0.0,0.0,0.0,0.0,0.0,0.0,0.0,0.0,0.22520540445967194,0.1050524733698306,0.11137901347871781,0.36480292602750586,0.0,0.0,0.0,0.0,0.4694552038572591,0.2761094288311095,0.08699211228773973,0.7288491492805025,0.24088802000478945,0.6064373371311973,0.9289269911504424,0.8174987385318238,0.5852052872209289,0,macro_stable_weak_repair
0.07,0.03,0.01,0.01,0.0,3,0.0,0.0,0.0,0.0,nan,0.0,nan,nan,3.0,0.0,3.0,3.0,25.510203845209116,4.84729126608518,19.154467084967163,30.91243878758559,0.22213333226632567,0.08944702266597432,0.1197452090549515,0.3376598037806298,0.2323979524713919,0.11036522590815775,0.11578947368421053,0.38054968287526425,0.3647380098993002,0.2554153495631111,0.1111111111111111,0.5657962109575013,0.9111111111111111,0.12570787221094182,0.8222222222222222,1.0,0.1258814941968427,0.027868335049118908,0.10401604925554117,0.16413390650100126,12.333333333333334,0.9428090415820634,11.0,13.0,16.0,15.57776192739723,4.0,27.333333333333332,0.0,0.0,0.0,0.0,3.6666666666666665,3.7712361663282534,1.0,9.0,4.0,4.242640687119285,1.0,10.0,0.9110832586684902,0.954152740435396,0.0926296560724098,2.249401795705627,0.17125097125097127,0.18740604786409223,0.028826728826728848,0.43333333333333335,0.24424316215179542,0.24632105601222717,0.016771889604670687,0.5864601085511795,0.36311549002721955,0.4200990690286632,0.7365059505645408,0.6798669645866444,0.5153897717969297,0,mixed
0.07,0.03,0.01,0.01,0.01,3,0.0,0.0,0.0,0.0,nan,0.0,nan,nan,2.6666666666666665,0.4714045207910317,2.3333333333333335,3.0,25.45322208196408,5.722191752461236,17.674223429416813,29.986547010111554,0.17520243526228244,0.052216354193192115,0.10189364724607376,0.2195501814356833,0.18179554425569638,0.04900245494393253,0.1125,0.21711899791231734,0.41751827485380116,0.19988785399996792,0.140625,0.6052631578947368,0.835081585081585,0.06541878202668407,0.782051282051282,0.9090909090909091,0.12032274836495427,0.032316394938473124,0.08465948512115083,0.1629055984181058,16.0,4.320493798938574,12.0,22.0,14.0,16.30950643030009,1.0,37.0,0.6666666666666666,0.4714045207910317,0.0,1.0,1.3333333333333333,1.8856180831641267,0.0,4.0,1.3333333333333333,0.4714045207910317,1.0,2.0,0.5424301717347957,0.4721125449579527,0.15314141008336835,1.2068362769473904,0.16296296296296295,0.08622553130979864,0.05555555555555555,0.26666666666666666,0.4431162127556835,0.40020399373045473,0.04421197667134158,0.9902771352911898,0.32196524777866475,0.4050953433690713,0.7917630454684162,0.6784401896525871,0.5080023195890011,0,mixed
0.07,0.03,0.01,0.01,0.02,3,0.0,0.0,0.0,0.0,nan,0.0,nan,nan,2.3333333333333335,1.699673171197595,0.0,4.0,27.3452463760902,2.414746181430579,24.028933572892036,29.23864514079789,0.25101867859922605,0.03653392039135709,0.22441719365305973,0.30260997863246736,0.26657587391584403,0.03760894405949165,0.2348993288590604,0.31941544885177453,0.6093010303536619,0.09741734081606979,0.5263157894736842,0.746031746031746,0.6717948717948717,0.03988807483616418,0.6153846153846154,0.7,0.11876158658058479,0.06691392148743945,0.04581358965709901,0.20743857003245203,11.666666666666666,0.4714045207910317,11.0,12.0,3.6666666666666665,2.0548046676563256,1.0,6.0,1.0,0.0,1.0,1.0,1.3333333333333333,1.247219128924647,0.3333333333333333,3.0,1.6666666666666667,1.699673171197595,0.0,4.0,0.6579877240671519,0.5276598032962663,0.2608005291292663,1.4036819074935694,0.09127384960718293,0.08105660941804661,0.0,0.19696969696969696,0.5611347358784723,0.27314806684145926,0.29468415089123223,0.9365745282452577,0.3587003079426672,0.5184169929037096,0.8247867714372902,0.6648017297059902,0.553067056234517,0,mixed
0.07,0.03,0.02,0.0,0.0,3,0.3333333333333333,0.4714045207910317,0.0,1.0,1.8701416825618993,0.0,1.8701416825618993,1.8701416825618993,1.6666666666666667,2.0548046676563256,-1.0,4.0,16.665635197363873,11.30168394139764,1.8701416825618993,29.299040328547235,0.5115856001085377,0.342211224355017,0.24866507366042648,0.7603381765651632,0.5093210613564237,0.34056919976256295,0.24267782426778242,0.7584284532671629,0.6418350168350169,0.25397800417554856,0.4393939393939394,0.8287037037037037,1.0,0.0,1.0,1.0,0.0963150226849705,0.08848865486923091,0.0,0.2136673702852576,8.0,7.483314773547883,0.0,18.0,8.666666666666666,6.944222218666553,3.0,17.0,0.0,0.0,0.0,0.0,0.0,0.0,0.0,0.0,0.3333333333333333,0.4714045207910317,0.0,1.0,0.09490056222033634,0.12342904355131797,0.0,0.2692267892607232,0.04242424242424242,0.059996939009767665,0.0,0.08484848484848484,0.18147161558864058,0.1283253410996678,0.0,0.27366663695733373,0.8802581617359667,0.6954471455028953,0.9425923100396705,0.9061619103697104,0.8517029870651883,0,mixed
0.07,0.03,0.02,0.0,0.01,3,0.3333333333333333,0.4714045207910317,0.0,1.0,1.8701416825618993,0.0,1.8701416825618993,1.8701416825618993,2.0,2.449489742783178,-1.0,5.0,19.13022290531603,13.459634919168536,1.8701416825618993,34.7107926601396,0.4906535814608141,0.3587231284634828,0.19047900319878192,0.994922803030303,0.49728578210301444,0.3502582007931786,0.20681818181818182,0.99,0.6454374853389632,0.26387932266816955,0.3673469387755102,1.0,0.9666666666666667,0.04714045207910316,0.9333333333333333,1.0,0.08935715093571106,0.06966664143418286,0.0,0.16997506523398917,7.333333333333333,5.185449728701348,3.6666666666666665,11.0,7.333333333333333,6.128258770283412,0.0,12.333333333333334,0.3333333333333333,0.4714045207910317,0.0,1.0,0.3333333333333333,0.4714045207910317,0.0,1.0,0.0,0.0,0.0,0.0,0.16114807934961028,0.13597787729098032,0.0,0.33259811728737887,0.0,0.0,0.0,0.0,0.11822973262687346,0.11490401555971151,0.026933614128260563,0.2738883554958387,0.8418682270690377,0.6823593674401609,0.9145022123893805,0.9416340074855882,0.8364709653091972,0,mixed
0.07,0.03,0.02,0.0,0.02,3,0.3333333333333333,0.4714045207910317,0.0,1.0,1.8701416825618993,0.0,1.8701416825618993,1.8701416825618993,1.0,1.632993161855452,-1.0,3.0,17.59081536832891,12.377930257878512,1.8701416825618993,27.67388952144203,0.5563607946286219,0.33044382238735726,0.19730424456598256,0.994922803030303,0.5547617448117339,0.3278910680798499,0.1985981308411215,0.99,0.6410826844642195,0.28225476155057544,0.3103448275862069,1.0,0.8111111111111111,0.13425606637327306,0.7,1.0,0.0675030275227539,0.048635654577843836,0.0,0.1126846025599841,8.333333333333334,6.944222218666553,0.0,17.0,5.333333333333333,4.988876515698588,0.0,9.333333333333334,1.6666666666666667,1.247219128924647,0.0,3.0,0.0,0.0,0.0,0.0,0.0,0.0,0.0,0.0,0.18870291852706012,0.15608393977289264,0.0,0.38223452089932564,0.0,0.0,0.0,0.0,0.16281163786412153,0.13276816663121974,0.0,0.3252134877972419,0.8402419196100829,0.8162534199065292,0.8127765486725663,0.9228119483143308,0.8452657262375408,1,spacetime_candidate
0.07,0.03,0.02,0.01,0.0,3,0.0,0.0,0.0,0.0,nan,0.0,nan,nan,2.6666666666666665,0.4714045207910317,2.0,3.0,22.976659301461996,3.6614562985403465,17.807274825060478,25.647948588968028,0.21231618304297878,0.06616148752456236,0.11902354172809727,0.2610274479978625,0.2163629396857421,0.0720493956375082,0.11475409836065574,0.2737556561085973,0.4036547063862187,0.1960219559778592,0.2522762602709305,0.5857142857142857,1.0,0.0,1.0,1.0,0.12131470573189514,0.03700185139152706,0.09154069080868013,0.15108872065511014,11.666666666666666,2.6246692913372702,8.0,14.0,20.333333333333332,18.517259216441534,6.0,46.0,0.0,0.0,0.0,0.0,3.6666666666666665,3.2998316455372216,0.0,8.0,6.333333333333333,5.436502143433364,2.0,14.0,1.0554803805151531,0.9038601769199786,0.19720732248478212,2.3049646086964417,0.4949494949494949,0.15715431858207077,0.3181818181818182,0.6222222222222222,0.3078014031392088,0.2710534957451545,0.06216513847058169,0.6854765845093218,0.41309424818080515,0.47673823366464835,0.6775724748245346,0.4426814761832935,0.4878183354810096,0,drift_dominant
0.07,0.03,0.02,0.01,0.01,3,0.0,0.0,0.0,0.0,nan,0.0,nan,nan,2.3333333333333335,1.247219128924647,1.0,4.0,26.991102680459658,4.8160556901644505,20.477635172495056,31.97197227107581,0.17762585666925831,0.05432554036382981,0.11237325773676254,0.24537295130232,0.16893993761397819,0.06951547017361627,0.10121457489878542,0.2645161290322581,0.4280294231513744,0.18007468282528227,0.23170731707317074,0.6666666666666666,0.6697746697746698,0.045730968048367245,0.6153846153846154,0.7272727272727273,0.1305417893206462,0.05277911864924543,0.07204976695439623,0.19994331740638713,14.666666666666666,2.0548046676563256,12.0,17.0,3.6666666666666665,0.9428090415820634,3.0,5.0,1.0,0.0,1.0,1.0,1.3333333333333333,0.9428090415820634,0.6666666666666666,2.0,1.0,1.4142135623730951,0.0,3.0,0.31668834150838804,0.2467764019154545,0.07979171086640546,0.6570778170641676,0.08015873015873017,0.08063273337865885,0.0,0.19047619047619052,0.395188734799022,0.20677397575438553,0.23334149989704372,0.5464190770665452,0.2562774238954862,0.446152427275648,0.8334074610924627,0.7791902168610818,0.5237547407730411,0,mixed
0.07,0.03,0.02,0.01,0.02,3,0.0,0.0,0.0,0.0,nan,0.0,nan,nan,1.6666666666666667,1.247219128924647,0.0,3.0,27.17215002033406,1.4352859021515223,25.388398304447758,28.902918477736087,0.17498728096666016,0.05605724334835836,0.11872658546692856,0.25148778898233926,0.17498951433178256,0.0700861248775211,0.10888252148997135,0.272,0.5044037940379404,0.21314722783418158,0.3333333333333333,0.8048780487804879,0.693939393939394,0.15035922703097307,0.5454545454545454,0.8121212121212121,0.05819655921714042,0.04133147545287897,0.0,0.09201783217022283,10.0,2.160246899469287,8.0,13.0,6.0,5.887840577551898,0.0,14.0,0.6666666666666666,0.4714045207910317,0.0,1.0,1.0,1.4142135623730951,0.0,3.0,1.6666666666666667,1.699673171197595,0.0,4.0,0.5610825913482013,0.4736454564765142,0.1944683658076034,0.9276968168887992,0.1365432098765432,0.1786361308522066,0.0,0.3888888888888889,0.4196475201960349,0.16489957889834556,0.2325708720275664,0.6337659108908654,0.2849165788081846,0.7308504701892736,0.8505500457735734,0.6989305509531966,0.592329539475537,0,mixed
0.07,0.03,0.03,0.0,0.0,3,0.0,0.0,0.0,0.0,nan,0.0,nan,nan,2.3333333333333335,0.4714045207910317,2.0,3.0,27.91661700135334,7.530644924549603,18.861999464906397,37.29947367078916,0.2133541770002875,0.022939885142269207,0.18141408952850321,0.23424667995204232,0.21718177601944494,0.04184512388339549,0.15800865800865802,0.24742268041237114,0.42281472671005826,0.14669202872085566,0.2894736842105263,0.5353630466624817,1.0,0.0,1.0,1.0,0.0900311440154627,0.03131831848127602,0.06727320230858518,0.1140697595313714,16.0,3.265986323710904,12.0,20.0,8.333333333333334,7.408703590297623,0.0,18.0,0.0,0.0,0.0,0.0,0.0,0.0,0.0,0.0,0.3333333333333333,0.4714045207910317,0.0,1.0,0.23919187587505508,0.06221013628879714,0.19296573027169384,0.3271317115343604,0.025555555555555554,0.03614101326064576,0.0,0.07666666666666666,0.26986850772643406,0.1277361053031815,0.0922095688154172,0.38703073147440215,0.38316079964074706,0.49720431560028255,0.9448046994202014,0.8647905882202349,0.6203264163024194,0,macro_stable_weak_repair
0.07,0.03,0.03,0.0,0.01,3,0.0,0.0,0.0,0.0,nan,0.0,nan,nan,2.3333333333333335,0.9428090415820634,1.0,3.0,29.28767478838525,3.020213723346602,25.215039280385724,32.43878688049084,0.18217517893441798,0.045442749298806207,0.13422386712103707,0.24320578008844573,0.1726136332912326,0.04462258797835884,0.12556053811659193,0.23255813953488372,0.4592367317665232,0.15843420359299415,0.3125,0.6792452830188679,0.7475524475524475,0.11707527373705233,0.6153846153846154,0.9,0.07823939024711349,0.021515077607001363,0.04798735026634163,0.09618647464730516,13.0,2.449489742783178,10.0,16.0,4.0,2.943920288775949,0.0,7.0,1.6666666666666667,0.9428090415820634,1.0,3.0,0.3333333333333333,0.4714045207910317,0.0,1.0,0.0,0.0,0.0,0.0,0.36328025567175154,0.13309110256415396,0.18678806361039646,0.47040532877760904,0.0,0.0,0.0,0.0,0.40891116605019584,0.1307472481178862,0.31292468081677005,0.593770073919375,0.27634926633373896,0.5694898816835843,0.8116261061946902,0.815365074349509,0.5644929497465445,0,mixed
0.07,0.03,0.03,0.0,0.02,3,0.0,0.0,0.0,0.0,nan,0.0,nan,nan,1.6666666666666667,0.4714045207910317,1.0,2.0,24.478290189256807,1.3648382078505805,23.32130498375323,26.39477155358231,0.1574742480732015,0.007343414141250137,0.14878887905573104,0.16674763949349028,0.1431252279515412,0.014415926991694252,0.125,0.16027088036117382,0.3091339717845742,0.15035754133836055,0.13253012048192772,0.5,0.5472222222222223,0.1826164434877067,0.375,0.6888888888888889,0.07880500347678461,0.008729502822843562,0.06786947249309941,0.08592661804409048,10.333333333333334,3.858612300930075,5.0,14.0,10.0,8.524474568362947,3.0,22.0,1.6666666666666667,0.4714045207910317,1.0,2.0,0.0,0.0,0.0,0.0,0.0,0.0,0.0,0.0,0.2899924288732103,0.15893917777738248,0.16666667328911022,0.40590325783602776,0.0,0.0,0.0,0.0,0.34651319464811065,0.26184366236788714,0.031593305672806715,0.6726807350796881,0.18696882321593145,0.6877333774372668,0.7818030973451328,0.8471882580924942,0.5631707035724182,0,mixed
0.07,0.03,0.03,0.01,0.0,3,0.0,0.0,0.0,0.0,nan,0.0,nan,nan,2.6666666666666665,0.9428090415820634,2.0,4.0,21.213828387076326,4.8151165141467835,15.873971518011123,27.543328795301544,0.1678617150689204,0.06314603138079641,0.08091742349620845,0.22898745938096585,0.1714309919986576,0.07002949088075441,0.11646301172618519,0.2402464065708419,0.38730766309713677,0.21136866726746353,0.09473684210526316,0.5866666666666667,1.0,0.0,1.0,1.0,0.13752871414386217,0.06804784331450021,0.07774434266439996,0.23272890218604014,18.333333333333332,3.0912061651652345,14.0,21.0,15.0,14.89966442575134,3.0,36.0,0.0,0.0,0.0,0.0,3.0,2.160246899469287,1.0,4.666666666666667,4.0,2.160246899469287,2.0,7.0,0.7391370974604601,0.45187513636432003,0.27395704305635205,1.3511903587641232,0.19666666666666666,0.10158010887235021,0.09000000000000002,0.33333333333333337,0.3878209352998648,0.20079251253187289,0.10668521865451619,0.5630078816091282,0.3928127742831274,0.33426585342378456,0.7631431187061337,0.6451749944600061,0.5027145569882687,0,drift_dominant
0.07,0.03,0.03,0.01,0.01,3,0.0,0.0,0.0,0.0,nan,0.0,nan,nan,1.6666666666666667,0.9428090415820634,1.0,3.0,21.542235818021233,1.8903521360364268,19.665207264034002,24.129300868562233,0.16588920144000557,0.05024107933283829,0.09792036320433094,0.21780200170233965,0.1700839951200657,0.06696666012000477,0.07586206896551724,0.2254697286012526,0.44579970563903437,0.21682286856231658,0.13924050632911392,0.6049382716049383,0.8977272727272727,0.0759467335445584,0.8181818181818182,0.9583333333333334,0.10531569263935917,0.05198966575178411,0.06354010323483797,0.1745030916081534,14.333333333333334,3.0912061651652345,12.0,17.0,16.0,14.514360704718161,2.0,36.0,0.3333333333333333,0.4714045207910317,0.0,1.0,2.6666666666666665,1.699673171197595,1.3333333333333333,5.0,1.6666666666666667,1.247219128924647,0.0,3.0,0.9000650109774698,0.807762381958069,0.23618561379992542,2.037093653759519,0.1859848484848485,0.13432931212323118,0.0,0.3125,0.42710797130255257,0.3977541842840874,0.05509796705606007,0.9785154969921298,0.3719150443986527,0.5717387603656182,0.7654283643576442,0.6134185106280726,0.5488743306280763,0,mixed
0.07,0.03,0.03,0.01,0.02,3,0.0,0.0,0.0,0.0,nan,0.0,nan,nan,1.3333333333333333,0.4714045207910317,1.0,2.0,24.451562666969767,3.25627278229632,21.625591493863457,29.013418502622564,0.14893722739740978,0.03038560255469742,0.12576749656285266,0.17600969496660498,0.14609970209830023,0.03885545960118207,0.09451219512195122,0.18828451882845187,0.3559672303411236,0.10376128064923221,0.2153846153846154,0.43840121426764483,0.7029914529914529,0.03484937271431645,0.6666666666666666,0.75,0.04476799593950012,0.012859671692386101,0.03150951834242684,0.062177601749871934,12.666666666666666,2.494438257849294,10.0,16.0,13.666666666666666,7.039570693980958,6.0,23.0,2.0,0.0,2.0,2.0,0.6666666666666666,0.4714045207910317,0.3333333333333333,1.0,1.0,0.0,1.0,1.0,0.5534304338145345,0.4018086331568487,0.25752572448465383,1.119987909736075,0.1691666666666667,0.05691530419713006,0.09500000000000003,0.23333333333333334,0.6446051025345233,0.043404414418453746,0.5848884860338056,0.6867662182609411,0.2492561162247577,0.7471036924387832,0.6932857796765334,0.6075767569149256,0.5341880711066529,0,mixed
0.08,0.01,0.01,0.0,0.0,3,0.0,0.0,0.0,0.0,nan,0.0,nan,nan,3.0,0.816496580927726,2.0,4.0,23.64852915739569,2.423925510329637,20.338059671386723,26.074293689631475,0.3842801799558318,0.11326702024512879,0.30009990023758687,0.544393144695289,0.3889309984088052,0.12989927822095562,0.27154046997389036,0.48841750841750836,0.6541985002829654,0.24255653639231206,0.3118279569892473,0.84375,1.0,0.0,1.0,1.0,0.13617996601578253,0.012034529003861875,0.11957139676066382,0.14770316396784028,8.666666666666666,2.494438257849294,6.0,10.666666666666666,6.333333333333333,8.259674462242579,0.3333333333333333,18.0,0.0,0.0,0.0,0.0,0.0,0.0,0.0,0.0,0.0,0.0,0.0,0.0,0.14807368932896692,0.08458861873026234,0.038350340481756895,0.24420813524123774,0.0,0.0,0.0,0.0,0.15654605363726062,0.020396267918263773,0.1277014840984103,0.1710370667066441,0.5871929212617876,0.46352272847168313,0.9623893805309734,0.931257753403484,0.700127631346438,0,mixed
0.08,0.01,0.01,0.0,0.01,3,0.0,0.0,0.0,0.0,nan,0.0,nan,nan,2.6666666666666665,0.4714045207910317,2.0,3.0,23.78174727177451,3.508682418426879,19.229492708220818,27.767848898832675,0.3460693548822016,0.138139722660184,0.23830253427177972,0.5410683516638528,0.33855492607372306,0.14305300486340172,0.2336842105263158,0.5408163265306123,0.6847223460495772,0.1620240948320284,0.5064935064935064,0.8985507246376812,0.8585858585858586,0.057732081479738184,0.7777777777777778,0.9090909090909091,0.11879657419519886,0.008777856736289539,0.10900353050920754,0.13029978771008557,7.0,2.160246899469287,5.0,10.0,3.6666666666666665,0.4714045207910317,3.0,4.0,1.3333333333333333,0.4714045207910317,1.0,2.0,0.0,0.0,0.0,0.0,0.0,0.0,0.0,0.0,0.47065298332902067,0.24150416946217168,0.1367842876089782,0.6999184334981483,0.0,0.0,0.0,0.0,0.6494932779381349,0.47322568053868397,0.12185036823260631,1.269837574920353,0.5200228497719804,0.5604123915037439,0.8550884955752213,0.7203149483706407,0.6371917840853015,0,mixed
0.08,0.01,0.01,0.0,0.02,3,0.0,0.0,0.0,0.0,nan,0.0,nan,nan,1.6666666666666667,0.4714045207910317,1.0,2.0,23.201371159386632,2.8909520744040917,20.519454875017363,27.21476257996723,0.2524028465963539,0.0644319877231455,0.19986858492382908,0.32878472802440617,0.2566476838346415,0.07015401716595371,0.1646090534979424,0.3347457627118644,0.6075137743853025,0.1452167974152241,0.45588235294117646,0.8032786885245902,0.49166666666666664,0.1711886548681178,0.36666666666666664,0.6166666666666667,0.09019926600572449,0.030428601062387626,0.062148949574112836,0.13248631472775352,7.666666666666667,1.699673171197595,6.0,10.0,8.0,3.559026084010437,5.0,13.0,2.3333333333333335,2.6246692913372702,0.0,4.333333333333333,0.0,0.0,0.0,0.0,0.0,0.0,0.0,0.0,0.341438775237157,0.12628578570199295,0.19098300562420367,0.4999999999994098,0.0,0.0,0.0,0.0,0.2697984579582561,0.11522113706893054,0.10875915218801298,0.3718499974064387,0.3265202376622806,0.7122156717673533,0.7325774336283185,0.8639752313366625,0.6116465341166328,0,mixed
0.08,0.01,0.01,0.01,0.0,3,0.0,0.0,0.0,0.0,nan,0.0,nan,nan,2.0,0.0,2.0,2.0,20.183716040088225,6.084446914303626,14.079940992153906,28.488097162588293,0.2942058120987067,0.13421426666923808,0.12485038064303909,0.45310790012897584,0.2813749265138154,0.16171666357593306,0.07738095238095238,0.47291666666666665,0.41514815933420585,0.22622870604487155,0.13636363636363635,0.6904761904761905,1.0,0.0,1.0,1.0,0.1085291732403714,0.028128730299306653,0.06947938916002623,0.13462475587100053,9.666666666666666,2.8674417556808756,6.0,13.0,19.0,12.832251036613439,2.0,33.0,0.0,0.0,0.0,0.0,3.0,1.4142135623730951,2.0,5.0,3.0,2.160246899469287,1.0,6.0,0.9013462438052898,0.4519491611547122,0.4076351628046724,1.4997328537369836,0.18214646464646464,0.13074619748317953,0.05666666666666664,0.3625,0.22621435505163168,0.06104890852624051,0.14282725060795853,0.28728307069840175,0.48354498867602796,0.6079554700014612,0.7495254806225207,0.6807346880515087,0.607281647271781,0,mixed
0.08,0.01,0.01,0.01,0.01,3,0.0,0.0,0.0,0.0,nan,0.0,nan,nan,2.3333333333333335,0.4714045207910317,2.0,3.0,21.03176075876197,6.4947716682079415,15.082249805201187,30.066679442365263,0.1822020251993377,0.061860657781316115,0.09944541202950549,0.2481489846614411,0.18346824306734266,0.0624805340415468,0.09829059829059829,0.24641148325358853,0.471875,0.19218114826902247,0.2125,0.671875,0.9629629629629629,0.052378280087892436,0.8888888888888888,1.0,0.15670405930156497,0.057680930635632253,0.11172495220402655,0.19883850074068496,8.666666666666666,0.9428090415820634,8.0,10.0,17.333333333333332,14.884742374510738,1.0,37.0,0.3333333333333333,0.4714045207910317,0.0,1.0,1.3333333333333333,0.4714045207910317,1.0,2.0,1.0,0.816496580927726,0.0,2.0,0.48073318869844206,0.16687042888243986,0.2474284453465021,0.6076340431901929,0.35851571268237936,0.1672438689971065,0.21212121212121213,0.4853395061728395,0.44775186659943617,0.28598651832117655,0.06784186764411537,0.7578473151878315,0.4136795563728885,0.5002827823864794,0.8051994964906927,0.5696148985751595,0.5448214193403013,0,mixed
0.08,0.01,0.01,0.01,0.02,3,0.0,0.0,0.0,0.0,nan,0.0,nan,nan,2.3333333333333335,0.4714045207910317,2.0,3.0,20.888272240495773,4.70572729041183,14.970660653148299,26.48378219344832,0.23730664629693254,0.1037067551732189,0.11256210079951937,0.3664751418379483,0.2521754885546256,0.1181878103307075,0.11016949152542373,0.39952153110047844,0.47112631955627127,0.18490966209180712,0.21739130434782608,0.6527777777777778,0.7560541310541311,0.10709489437714845,0.6153846153846154,0.875,0.08777522250391925,0.03023374089456976,0.05526871792868765,0.11204660704111168,11.333333333333334,2.0548046676563256,9.0,14.0,15.333333333333334,10.530379332620877,1.0,26.0,2.0,0.816496580927726,1.0,3.0,1.0,0.816496580927726,0.3333333333333333,2.0,1.3333333333333333,0.4714045207910317,1.0,1.6666666666666667,0.49093427314070187,0.2321466768342097,0.2789050446290253,0.6693066590288242,0.2631172839506173,0.005456070842488778,0.25925925925925924,0.2708333333333333,0.38604264979117314,0.179654111245142,0.23939916539684686,0.6091008049559024,0.38615189286452734,0.5804017600455983,0.6679134879462924,0.6451440686771921,0.542865113838681,0,mixed
0.08,0.01,0.02,0.0,0.0,3,0.3333333333333333,0.4714045207910317,0.0,1.0,13.119620392095689,0.0,13.119620392095689,13.119620392095689,1.6666666666666667,1.8856180831641267,-1.0,3.0,19.7545463340522,5.8829834512821515,14.988039243637738,27.419141663339076,0.48794779094317786,0.3324338680114205,0.23695423815616803,0.9577120392913647,0.4920318736337353,0.3255111657416833,0.24597701149425288,0.952,0.7174603174603175,0.2130061739329048,0.546031746031746,1.0,1.0,0.0,1.0,1.0,0.09513638141291993,0.06921769740628907,0.0,0.1626654375836944,9.333333333333334,7.363574011458174,0.0,18.0,4.0,4.320493798938574,0.0,10.0,0.0,0.0,0.0,0.0,0.0,0.0,0.0,0.0,0.3333333333333333,0.4714045207910317,0.0,1.0,0.17439397702785442,0.12622375466868,0.0761984535291879,0.29458657049599957,0.015151515151515152,0.021427478217774167,0.0,0.030303030303030304,0.2947747764001858,0.2117149556149651,0.0,0.4876122146028399,0.8655444886857561,0.6749911152578075,0.973565761367104,0.873158185543098,0.8410331392365069,0,mixed
0.08,0.01,0.02,0.0,0.01,3,0.3333333333333333,0.4714045207910317,0.0,1.0,13.11294583463584,0.0,13.11294583463584,13.11294583463584,1.6666666666666667,1.8856180831641267,-1.0,3.0,21.86194518036847,7.61250911334549,15.676469701251413,31.669372271987008,0.4469763025796469,0.36417988846553295,0.1341917415087056,0.957719892567892,0.44383545032538274,0.36253614538362045,0.1308016877637131,0.952,0.5614035087719298,0.3130976894311359,0.2894736842105263,0.7982456140350878,0.8257575757575758,0.1235568668962128,0.7272727272727273,1.0,0.08198362402224268,0.05860374480112902,0.0,0.13349267907555182,6.666666666666667,4.988876515698588,0.0,12.0,6.0,5.887840577551898,0.0,10.666666666666666,1.3333333333333333,1.247219128924647,0.0,3.0,0.0,0.0,0.0,0.0,0.0,0.0,0.0,0.0,0.2603207269873316,0.2909751626328336,0.03816117434905294,0.6664786579148361,0.0,0.0,0.0,0.0,0.30217299289782584,0.29769884744170966,0.0,0.7071404012415903,0.7217994340375925,0.7441013492184982,0.8396017699115044,0.8662659077632511,0.7798286747527331,0,mixed
0.08,0.01,0.02,0.0,0.02,3,0.0,0.0,0.0,0.0,nan,0.0,nan,nan,1.0,0.0,1.0,1.0,26.09539135127333,5.37281947852648,18.618180405936943,31.004155395442247,0.3042007933922183,0.08567153767001622,0.19226322141825405,0.40031809785183764,0.28828363721381983,0.09395081979178953,0.1687041564792176,0.39823008849557523,0.4655388763578855,0.14891268486369133,0.2558139534883721,0.5869565217391305,0.7047138047138047,0.05782822156545259,0.6575757575757576,0.7777777777777778,0.05932145151501979,0.028157211467206605,0.022737625028362116,0.09123175548960172,7.666666666666667,1.247219128924647,6.666666666666667,9.0,10.0,5.715476066494082,5.0,18.0,1.0,0.816496580927726,0.0,2.0,0.0,0.0,0.0,0.0,0.0,0.0,0.0,0.0,0.6074446315030858,0.08090480707449728,0.5036004107093963,0.700968004710764,0.0,0.0,0.0,0.0,0.5496592128470675,0.20564657923158475,0.2630908452184255,0.7358933830463724,0.3631672481807066,0.8424274458770601,0.8443030973451328,0.7311394144554483,0.6528039006926285,0,mixed
0.08,0.01,0.02,0.01,0.0,3,0.0,0.0,0.0,0.0,nan,0.0,nan,nan,2.0,0.0,2.0,2.0,19.478948553005484,4.20134452259273,15.157158591282725,25.170925852553896,0.2140522653647395,0.0715907452162489,0.11509742961650787,0.28207173173564154,0.2214305323487771,0.09074980995452187,0.0967741935483871,0.31019522776572667,0.521586269043395,0.1751463348292124,0.27631578947368424,0.6741573033707865,1.0,0.0,1.0,1.0,0.11684894722710269,0.02062747226902156,0.1021299296718318,0.14602019160669336,13.0,0.816496580927726,12.0,14.0,11.666666666666666,10.873004286866728,3.0,27.0,0.0,0.0,0.0,0.0,1.0,0.816496580927726,0.0,2.0,2.0,1.4142135623730951,1.0,4.0,0.27064794648013385,0.2552916410282001,0.07502195531940403,0.6312509469219729,0.12472222222222219,0.006098471777805593,0.12,0.1333333333333333,0.040998005561649786,0.02884419000007845,0.013208607300115971,0.0807537362522237,0.47300945656404053,0.5363324517869664,0.8711290814769607,0.8747695006058994,0.6488161391607279,0,mixed
0.08,0.01,0.02,0.01,0.01,3,0.0,0.0,0.0,0.0,nan,0.0,nan,nan,3.6666666666666665,1.699673171197595,2.0,6.0,19.854582442226334,4.554889879674944,14.3693862753948,25.522073683089108,0.17868789416867634,0.05617523511144659,0.09946687741657032,0.22344703715123976,0.1775484222811873,0.07575990464213182,0.08011049723756906,0.26485148514851486,0.3201620436907157,0.13230447568023873,0.21875,0.5070422535211268,0.8111888111888113,0.15709641441020275,0.6153846153846154,0.9393939393939394,0.20744367209223244,0.05120413933288354,0.135584151563492,0.24595440567143037,16.0,3.559026084010437,13.0,21.0,23.0,6.531972647421808,15.0,28.333333333333332,0.3333333333333333,0.4714045207910317,0.0,0.6666666666666666,2.3333333333333335,1.247219128924647,1.0,4.0,0.6666666666666666,0.4714045207910317,0.0,1.0,0.6289737151332103,0.30081618339701355,0.26955686208618435,1.00578670426157,0.1534090909090909,0.07440908422444738,0.054166666666666696,0.23333333333333334,0.6498991813526352,0.5710699994205883,0.02968288948216069,1.4079807972960583,0.3277440861337037,0.13559322033898305,0.7418992218492523,0.6033689843272888,0.4176623764668503,0,drift_dominant
0.08,0.01,0.02,0.01,0.02,3,0.0,0.0,0.0,0.0,nan,0.0,nan,nan,1.0,0.816496580927726,0.0,2.0,21.544952103649756,3.9802877816229394,15.91599379710483,24.36361487828601,0.16568959834280128,0.06034049045583201,0.08343532605033527,0.22649256229635092,0.15097411456341567,0.0724432601366773,0.0918519501780934,0.21009627894873795,0.28634734793916733,0.17594016422496186,0.14634146341463414,0.5344827586206896,0.7461538461538462,0.19122773684086236,0.5384615384615384,1.0,0.05216944202432484,0.03935223392886839,0.0,0.09503687622421493,9.333333333333334,2.494438257849294,6.0,12.0,29.333333333333332,15.923427883328248,7.0,43.0,1.0,0.816496580927726,0.0,2.0,1.6666666666666667,1.247219128924647,0.0,3.0,1.0,0.816496580927726,0.0,2.0,0.7134370283160755,0.32990230397594095,0.25048310168987187,0.9949993349841548,0.22808641975308644,0.21978646230107424,0.0,0.525,0.4958911803251538,0.24838146069942058,0.16861363281247568,0.7700156101610571,0.27231948747543583,0.827181636192856,0.6530534787915777,0.5953376916326804,0.5517854637494681,0,mixed
0.08,0.01,0.03,0.0,0.0,3,0.0,0.0,0.0,0.0,nan,0.0,nan,nan,3.0,0.816496580927726,2.0,4.0,20.435899307266624,2.808669500509423,18.17825430477806,22.508132631399594,0.23583179800653148,0.0071522983412346565,0.2263905295479321,0.24369566222463795,0.24560885156712106,0.013622093291673793,0.23045267489711935,0.26348547717842324,0.6452593373141318,0.03396813672613024,0.6133333333333333,0.6923076923076923,1.0,0.0,1.0,1.0,0.16450257855861367,0.013106066719612066,0.14705611059833557,0.1786451339050888,12.0,2.8284271247461903,8.0,14.0,3.3333333333333335,4.0276819911981905,0.0,9.0,0.0,0.0,0.0,0.0,0.0,0.0,0.0,0.0,0.0,0.0,0.0,0.0,0.0071378759398446805,0.005206214695113375,0.0,0.01227048026738986,0.0,0.0,0.0,0.0,0.11907883170381155,0.02533492150056998,0.09398649625540556,0.15377377811823956,0.5147425251427586,0.35553336214464437,0.9823008849557522,0.9656625627322223,0.6586359138737216,1,mixed
0.08,0.01,0.03,0.0,0.01,3,0.0,0.0,0.0,0.0,nan,0.0,nan,nan,3.3333333333333335,0.9428090415820634,2.0,4.0,23.134702642969824,0.736347484260686,22.380248768202403,24.133549190325645,0.15964310321015518,0.026215891766650505,0.12256853542839266,0.17830996151102213,0.16243846962783876,0.030100295047647278,0.11991434689507495,0.185378590078329,0.4001021809240987,0.03772121750364568,0.36363636363636365,0.4520547945205479,0.7281746031746031,0.10427526463072152,0.6428571428571429,0.875,0.12059846699380396,0.03935959292438803,0.06541860286812434,0.15452506056440604,13.0,2.160246899469287,11.333333333333334,16.0,12.333333333333334,5.436502143433364,8.0,20.0,1.6666666666666667,0.9428090415820634,1.0,3.0,0.6666666666666666,0.4714045207910317,0.0,1.0,0.0,0.0,0.0,0.0,0.17882606985172034,0.1505625363103544,0.06071868453835124,0.3855256450911497,0.0,0.0,0.0,0.0,0.17297974426247142,0.0383873456620458,0.13993641515126765,0.22680403957520068,0.28779303171234133,0.3813674540847763,0.7463163716814158,0.9210694980706307,0.5295465985709229,0,mixed
0.08,0.01,0.03,0.0,0.02,3,0.0,0.0,0.0,0.0,nan,0.0,nan,nan,2.0,0.816496580927726,1.0,3.0,25.018765313162973,4.035557276877086,20.81873262612287,30.465179402510532,0.1458722522387981,0.014344843611878166,0.12559003846608216,0.1563816806317934,0.134194849934561,0.01918701831354975,0.1070615034168565,0.14798206278026907,0.5407722315102301,0.12750856186375442,0.4339622641509434,0.72,0.4925925925925926,0.20574732462712814,0.3,0.6518518518518519,0.07782234041415423,0.05825382232849683,0.014982622681836906,0.1553793765922392,10.333333333333334,2.0548046676563256,8.666666666666666,13.0,7.333333333333333,0.9428090415820634,6.0,8.0,1.3333333333333333,1.247219128924647,0.0,2.3333333333333335,0.0,0.0,0.0,0.0,0.0,0.0,0.0,0.0,0.38888889482156164,0.4374448774564067,0.055555565213518975,0.9999999999999991,0.0,0.0,0.0,0.0,0.398936756779214,0.3953873597231824,0.09356830524054642,0.9476986602888093,0.22223725051736845,0.6524828801912065,0.8307522123893805,0.8145620198807393,0.5699666041829046,0,mixed
0.08,0.01,0.03,0.01,0.0,3,0.0,0.0,0.0,0.0,nan,0.0,nan,nan,2.3333333333333335,0.4714045207910317,2.0,2.6666666666666665,17.19313823857228,3.436081224043357,13.911105483598451,21.93756838379854,0.22154433355918654,0.09506633086075858,0.14413880881763658,0.3326434105264307,0.23057968229953313,0.12327780092619589,0.13036923563239353,0.37270341207349084,0.39297204357445326,0.1696960870399758,0.15384615384615385,0.5301204819277109,1.0,0.0,1.0,1.0,0.15159117193080815,0.01622458743378961,0.12871446071832723,0.16456181966669875,16.333333333333332,1.699673171197595,14.0,17.666666666666668,20.0,14.165686240583852,1.0,35.0,0.0,0.0,0.0,0.0,2.3333333333333335,1.247219128924647,1.0,3.3333333333333335,2.3333333333333335,0.4714045207910317,2.0,3.0,0.515538376350277,0.2901946745671186,0.1059527551026429,0.7426725806429326,0.20688271604938271,0.07175841629665508,0.10999999999999999,0.2640432098765432,0.19283435847470023,0.06391661166374896,0.14101392207898913,0.2652125928581386,0.45952506949611754,0.37963481236631197,0.7715090021361001,0.7376486492685586,0.5575740076961508,0,mixed
0.08,0.01,0.03,0.01,0.01,3,0.0,0.0,0.0,0.0,nan,0.0,nan,nan,2.6666666666666665,1.247219128924647,1.0,3.6666666666666665,18.582036300173982,4.055525554912798,13.543461863120612,23.474192461885345,0.15555444934926163,0.03565752381482612,0.10637378748782825,0.18979544766937953,0.15652856435008863,0.037635678927632886,0.10540540540540541,0.19491525423728814,0.2991442918630867,0.09510871421643574,0.1951219512195122,0.425,0.7788461538461539,0.07489308618940976,0.6923076923076923,0.875,0.13203133854056606,0.06950156150440313,0.05922831661304889,0.22562105262342594,16.666666666666668,3.2998316455372216,12.0,19.0,11.666666666666666,8.013876853447538,6.0,17.333333333333332,0.6666666666666666,0.4714045207910317,0.0,1.0,2.0,2.160246899469287,0.0,5.0,2.3333333333333335,1.8856180831641267,1.0,5.0,0.4314091679228049,0.28562130913959616,0.08134576137748573,0.780971690537895,0.17705627705627708,0.042843293635921424,0.11904761904761904,0.22121212121212125,0.28383701911729714,0.12686634404597807,0.12074598392739322,0.43014046717565146,0.30645989729627376,0.3725089962338626,0.7743187366493745,0.7392346324786082,0.503098886937758,0,drift_dominant
0.08,0.01,0.03,0.01,0.02,3,0.0,0.0,0.0,0.0,nan,0.0,nan,nan,2.6666666666666665,0.9428090415820634,2.0,4.0,18.31272849651137,3.2359779917525624,14.796833306227947,22.60764103088004,0.20396952884212302,0.08077004084132344,0.0948315615534028,0.28773401416616423,0.2064531026906089,0.10074608502155298,0.07260726072607261,0.287473416703577,0.5027155681248779,0.2634886781658431,0.16326530612244897,0.8055555555555556,0.7237179487179487,0.09183013933598706,0.625,0.8461538461538461,0.15153167355014818,0.035708129045004665,0.10853708615553119,0.19596812178543038,11.666666666666666,1.247219128924647,10.0,13.0,17.666666666666668,12.283683848458853,2.0,32.0,1.3333333333333333,1.247219128924647,0.0,3.0,1.6666666666666667,0.4714045207910317,1.0,2.0,1.3333333333333333,0.4714045207910317,1.0,2.0,0.5459058134648865,0.17624751243039885,0.34292218293578114,0.772669384364032,0.3623456790123457,0.225004868785067,0.1993827160493827,0.5333333333333333,0.42772764702611543,0.237087932132067,0.1370203271396689,0.7177636209103275,0.3777117603359465,0.4218019921156196,0.6949267622825755,0.5635383935573719,0.4893426453144757,0,drift_dominant
0.08,0.02,0.01,0.0,0.0,3,0.0,0.0,0.0,0.0,nan,0.0,nan,nan,2.6666666666666665,0.4714045207910317,2.0,3.0,23.510680273897535,2.732992525035436,20.23146231773627,26.92198883425545,0.4013872622411154,0.10815751954984118,0.2981322868163533,0.550743359328056,0.39476102490884024,0.12684431997870788,0.2551546391752577,0.5621181262729125,0.5571004159239453,0.21958128361693333,0.24705882352941178,0.7272727272727273,1.0,0.0,1.0,1.0,0.10253670920179282,0.016563384785509973,0.08200739345448363,0.12257014230777603,8.0,2.8284271247461903,6.0,10.0,8.0,7.118052168020874,2.0,13.333333333333334,0.0,0.0,0.0,0.0,0.0,0.0,0.0,0.0,0.0,0.0,0.0,0.0,0.22666131927055902,0.09953195204560926,0.12971100901167087,0.3635128978541302,0.0,0.0,0.0,0.0,0.14599406846155483,0.15945311033100862,0.019510232158295393,0.3709125803330453,0.5689035236091098,0.5730246389074226,0.9513274336283186,0.9222816417181826,0.7170942080593444,0,mixed
0.08,0.02,0.01,0.0,0.01,3,0.0,0.0,0.0,0.0,nan,0.0,nan,nan,2.0,1.632993161855452,0.0,4.0,25.21048744486512,4.297933019042901,19.167791232569876,28.799910562523866,0.29392110114119857,0.07362482889388218,0.22656452329548607,0.3963616014171374,0.28381111369048273,0.08563835910086956,0.2069672131147541,0.4033018867924528,0.6481508257824047,0.010676975860347113,0.6346153846153846,0.6607142857142857,0.8518518518518519,0.1385799032138497,0.6666666666666666,0.9629629629629629,0.10872762370849667,0.06692075423293754,0.018009315398467625,0.1774367762293083,5.666666666666667,0.9428090415820634,5.0,7.0,7.333333333333333,4.0276819911981905,4.0,13.0,0.3333333333333333,0.4714045207910317,0.0,1.0,0.0,0.0,0.0,0.0,0.0,0.0,0.0,0.0,0.43641972937933865,0.1964563062410081,0.22838836706474885,0.6999184334981483,0.0,0.0,0.0,0.0,0.7605318383071529,0.3637104297437807,0.44355991154912355,1.269837574920353,0.4632673714239801,0.6753912854374103,0.9245022123893805,0.6896682560900592,0.6538254950536335,0,repair_cone_candidate
0.08,0.02,0.01,0.0,0.02,3,0.0,0.0,0.0,0.0,nan,0.0,nan,nan,2.6666666666666665,0.9428090415820634,2.0,4.0,26.24566120738523,4.839697437944144,19.547972232283563,30.815050135284658,0.26031274411738387,0.09804628409053506,0.17414376340076299,0.3347567816798319,0.27199373196491605,0.10873381472353283,0.18690484593639814,0.4215686274509804,0.5144051350947902,0.04775945954479099,0.45454545454545453,0.5714285714285714,0.825925925925926,0.12711853556837419,0.7259259259259259,1.0,0.12434199662643808,0.08568742472694425,0.056181327018912056,0.18734578303284405,7.333333333333333,2.0548046676563256,5.666666666666667,10.0,7.333333333333333,5.2493385826745405,3.3333333333333335,12.0,1.0,0.816496580927726,0.0,2.0,0.0,0.0,0.0,0.0,0.0,0.0,0.0,0.0,0.07517926334664334,0.09292129439094743,6.622737913630772e-09,0.20611025416792872,0.0,0.0,0.0,0.0,0.29447052116900374,0.2620112756326209,5.551115123125783e-17,0.6364882166900043,0.39584338970858973,0.5446807667643044,0.8620022123893805,0.8979835544018302,0.6267125314473247,0,macro_stable_weak_repair
0.08,0.02,0.01,0.01,0.0,3,0.0,0.0,0.0,0.0,nan,0.0,nan,nan,1.6666666666666667,0.4714045207910317,1.0,2.0,22.914257789288733,2.5923370243866737,20.04662697581137,26.3261624281414,0.27813412188959824,0.057213199892883995,0.2149124249923145,0.35347468728273496,0.2678861788617886,0.06399308823144352,0.21666666666666667,0.35365853658536583,0.47499960357103216,0.22795354554693584,0.24242424242424243,0.7846153846153846,0.9393939393939394,0.08570991287109665,0.8181818181818182,1.0,0.06607599542555541,0.016677643594356757,0.04300440953349212,0.08185350230694892,10.333333333333334,0.9428090415820634,9.0,11.0,18.0,12.675435561221029,7.666666666666667,33.0,0.0,0.0,0.0,0.0,1.6666666666666667,0.9428090415820634,1.0,3.0,1.6666666666666667,1.247219128924647,0.0,2.6666666666666665,0.4131598192900127,0.38267029011827874,0.07395823351941866,0.9479476047788897,0.20666666666666664,0.12403703150747034,0.03333333333333327,0.3011111111111111,0.1005498639525458,0.07203911129186985,0.021182373903919416,0.19555134099941673,0.45087790437923275,0.7108754698268097,0.8134040280744583,0.7838946943139103,0.6549858784671077,0,mixed
0.08,0.02,0.01,0.01,0.01,3,0.0,0.0,0.0,0.0,nan,0.0,nan,nan,3.3333333333333335,1.247219128924647,2.0,5.0,21.717990231726265,3.261094390978112,18.336076119783474,26.124476268372515,0.22316222698638521,0.04724173569525043,0.18174678226908866,0.2892708644393492,0.21396219879192016,0.03814733288196706,0.17272727272727273,0.2647058823529412,0.46289167996947883,0.1777043119677248,0.24731182795698925,0.6825396825396826,0.8720538720538721,0.11197501109977029,0.7272727272727273,1.0,0.16983362841482003,0.09321291742720077,0.0918227788182062,0.23951423766760468,12.0,3.559026084010437,9.0,17.0,10.0,9.092121131323903,0.0,22.0,0.6666666666666666,0.4714045207910317,0.0,1.0,2.3333333333333335,1.247219128924647,1.0,4.0,2.3333333333333335,1.247219128924647,1.0,4.0,0.8883408899892401,0.26490184222785856,0.6588360528312296,1.2595209324982273,0.1866161616161616,0.14614399475868586,0.027777777777777735,0.38055555555555554,0.3322711368174349,0.16665588774009854,0.09809410263964158,0.4724272692020216,0.3993333012884151,0.30880415995152716,0.7753806835520293,0.6456798561437448,0.5011798033779818,0,drift_dominant
0.08,0.02,0.01,0.01,0.02,3,0.0,0.0,0.0,0.0,nan,0.0,nan,nan,2.6666666666666665,0.4714045207910317,2.0,3.0,22.042362316652447,3.5320775112417815,19.29468402316633,27.028825899281255,0.21797228296819812,0.11836838789629231,0.12239186425453698,0.3737455436412654,0.2130937321725327,0.12921028913196037,0.06179775280898876,0.37748344370860926,0.3757159994002099,0.2520448449339731,0.18575498575498575,0.5921052631578947,0.8630952380952381,0.11694573038326488,0.7142857142857143,1.0,0.12604100891597853,0.014620277411973682,0.10798923742977826,0.14379781254107177,13.0,3.559026084010437,10.0,18.0,25.666666666666668,22.895899681432528,8.0,58.0,0.3333333333333333,0.4714045207910317,0.0,1.0,1.6666666666666667,0.4714045207910317,1.0,2.0,1.3333333333333333,1.247219128924647,0.0,3.0,0.7519303828715561,0.33799187072102305,0.30746490670085125,1.1264640972489421,0.10787037037037038,0.07758187409394458,0.0,0.17916666666666667,0.43757041183664885,0.1161172385042539,0.2753529348951709,0.5407910757738973,0.36811796568283506,0.44554666380728275,0.7355794171498321,0.6801576859957789,0.5233753745699352,0,mixed
0.08,0.02,0.02,0.0,0.0,3,0.3333333333333333,0.4714045207910317,0.0,1.0,1.8511836141820353,0.0,1.8511836141820353,1.8511836141820353,2.0,2.160246899469287,-1.0,4.0,17.252980158011052,11.363026679481656,1.8511836141820353,26.2774283867878,0.47795439288145525,0.3665917609159848,0.21480093559850064,0.9963734307359308,0.4820975802627986,0.36119303026141886,0.22087745839636913,0.7394241417497232,0.6622540068979509,0.248049924961768,0.4112903225806452,0.8584905660377359,1.0,0.0,1.0,1.0,0.08700022540924018,0.06259206789148045,0.0,0.14463791316949112,11.333333333333334,8.055363982396381,5.333333333333333,18.0,9.333333333333334,7.039570693980958,0.0,17.0,0.0,0.0,0.0,0.0,0.0,0.0,0.0,0.0,0.3333333333333333,0.4714045207910317,0.0,1.0,0.1412454318784119,0.19816221095930753,0.0007500629207544129,0.4214861068729725,0.04545454545454545,0.06428243465332249,0.0,0.13636363636363635,0.13972462174910447,0.13018190420208312,0.0,0.3134077630495533,0.8621268201710576,0.618847787814239,0.9381675312786084,0.9105876366616749,0.8262073676014866,0,mixed
0.08,0.02,0.02,0.0,0.01,3,0.3333333333333333,0.4714045207910317,0.0,1.0,1.8511836141820353,0.0,1.8511836141820353,1.8511836141820353,2.3333333333333335,2.494438257849294,-1.0,5.0,16.618982453838193,10.89557871308137,7.965588764056062,25.272376143620324,0.4591990783411245,0.3809371428254879,0.14214648231696683,0.7434578519122366,0.45125005617292274,0.38135017961252077,0.16058394160583941,0.99,0.5817052854762986,0.29858062001211,0.3225806451612903,1.0,0.9722222222222222,0.039283710065919325,0.9166666666666666,1.0,0.12359540138295359,0.10048048699422597,0.0,0.2461189200403925,8.0,6.164414002968976,0.0,15.0,9.666666666666666,6.944222218666553,4.333333333333333,16.0,0.3333333333333333,0.4714045207910317,0.0,1.0,0.0,0.0,0.0,0.0,0.0,0.0,0.0,0.0,0.12716883712299776,0.09422957480540993,0.0,0.22524795528604225,0.0,0.0,0.0,0.0,0.15221174028214893,0.20380248867842146,0.0,0.4402772084071007,0.81969858611594,0.5717757232529372,0.9090154867256637,0.9359638784317781,0.7988343089853017,0,mixed
0.08,0.02,0.02,0.0,0.02,3,0.3333333333333333,0.4714045207910317,0.0,1.0,1.8511836141820353,0.0,1.8511836141820353,1.8511836141820353,0.6666666666666666,1.247219128924647,-1.0,2.0,15.772274524186052,10.415510013026223,1.8511836141820353,26.901356191544497,0.4909471239418176,0.35839841529810895,0.19226322141825405,0.994922803030303,0.4811669101183402,0.36290742379026797,0.1687041564792176,0.7549321912919343,0.5713824289405685,0.31415313831406283,0.3233204134366925,1.0,0.6883116883116883,0.23615899042399752,0.4978354978354978,1.0,0.05929830966632225,0.041981890671076875,0.0,0.09149728204493494,4.333333333333333,3.681787005729087,0.0,9.0,7.666666666666667,7.586537784494028,0.0,18.0,1.3333333333333333,0.9428090415820634,0.0,2.0,0.0,0.0,0.0,0.0,0.0,0.0,0.0,0.0,0.3447671126813658,0.28628317495058636,0.0,0.700968004710764,0.0,0.0,0.0,0.0,0.3540569465368038,0.3010686996353921,0.0,0.7358933830463724,0.7496284228156928,0.9360037313102606,0.8285398230088495,0.8360952098715924,0.829297887389146,1,spacetime_candidate
0.08,0.02,0.02,0.01,0.0,3,0.0,0.0,0.0,0.0,nan,0.0,nan,nan,2.0,0.0,2.0,2.0,22.709888305870226,3.2929332382893928,18.32893524842751,26.268045974005695,0.21973132644606735,0.052316593671199514,0.17723715487936698,0.2797046899781378,0.23657646322264567,0.06366418443630963,0.15804597701149425,0.2885539690933662,0.5040646486667785,0.1891519835745225,0.2375,0.6567164179104478,1.0,0.0,1.0,1.0,0.0869464566500357,0.011119599303507855,0.07343414826525385,0.10066905718125492,15.0,2.943920288775949,11.0,17.333333333333332,11.333333333333334,11.145502331533658,2.0,27.0,0.0,0.0,0.0,0.0,2.3333333333333335,2.0548046676563256,0.0,5.0,3.3333333333333335,3.39934634239519,0.0,8.0,0.6413342236639675,0.5487097785851909,0.1505093151726946,1.0602535825355563,0.19636363636363635,0.09098885389715043,0.09666666666666668,0.31666666666666665,0.20060164882993883,0.2338284734206602,0.01627161529652499,0.5305280197451543,0.4513749606260009,0.5567986499554886,0.8161000915471468,0.7215718954599354,0.6047152961093889,0,mixed
0.08,0.02,0.02,0.01,0.01,3,0.0,0.0,0.0,0.0,nan,0.0,nan,nan,3.6666666666666665,1.699673171197595,2.3333333333333335,6.0,22.354452883024333,2.4664334867910336,19.43725837721762,25.469076518149485,0.23705606401627485,0.021559619652530095,0.21198527939910777,0.2646186855555701,0.22766812723247104,0.04999196940661135,0.159375,0.27765237020316025,0.37121837286881026,0.1450817114058026,0.18181818181818182,0.5342465753424658,0.8044548044548044,0.13394696139725973,0.6153846153846154,0.9090909090909091,0.17847637157710744,0.07126449602489289,0.08784606508932953,0.2619694405573425,13.666666666666666,2.3570226039551585,12.0,17.0,22.333333333333332,11.897712198383164,13.333333333333334,39.0,1.0,0.0,1.0,1.0,2.0,1.632993161855452,0.0,4.0,2.0,1.4142135623730951,0.0,3.0,0.7392189452368294,0.5106962929850517,0.3634175391017451,1.4612507491243676,0.1741321949655283,0.08567553986500341,0.0683982683982684,0.27824074074074073,0.5479607912016402,0.2210831266176332,0.36802004072255606,0.8054272724784917,0.35617892479800695,0.22780551513398425,0.6765826212999695,0.6066611723091465,0.4382627611846217,0,drift_dominant
0.08,0.02,0.02,0.01,0.02,3,0.0,0.0,0.0,0.0,nan,0.0,nan,nan,1.3333333333333333,0.9428090415820634,0.0,2.0,23.5975616327081,0.3532971831500165,23.150624344782873,24.014456347636177,0.21205538882876904,0.018473900555340997,0.1859294286739477,0.22517455684491514,0.21363850448827923,0.04419139570452208,0.1523809523809524,0.2549889135254989,0.39919425789612595,0.16990752565892747,0.16346153846153846,0.5573770491803278,0.7294871794871794,0.148308454798196,0.6089743589743589,0.9,0.07177350695315371,0.051589958772689855,0.0,0.11900523923032578,11.0,2.160246899469287,9.333333333333334,14.0,19.666666666666668,13.695092389449425,9.0,39.0,1.3333333333333333,0.4714045207910317,1.0,1.6666666666666667,1.6666666666666667,0.4714045207910317,1.0,2.0,1.3333333333333333,0.4714045207910317,1.0,2.0,0.6861911127183004,0.13705962744898864,0.5650577078236787,0.877803745581859,0.2398428731762065,0.025707584584606643,0.21212121212121213,0.2740740740740741,0.1623077989982081,0.05452621986796063,0.09666527661041413,0.23017128358845584,0.31773831497918714,0.7262546576031998,0.6816524259993897,0.7008988846337205,0.5692823367701375,0,mixed
0.08,0.02,0.03,0.0,0.0,3,0.0,0.0,0.0,0.0,nan,0.0,nan,nan,2.6666666666666665,0.4714045207910317,2.0,3.0,25.008371827355564,5.322262379454793,17.663916461637907,30.106764574074653,0.2214245851407143,0.008645079504143472,0.20954923182215784,0.22987981758269724,0.22812829657399744,0.01183832508334931,0.2151029748283753,0.24375,0.5610266112147262,0.07848854524490786,0.4520547945205479,0.6338028169014085,1.0,0.0,1.0,1.0,0.10909164186638373,0.00630170751584256,0.10373731609125232,0.11793854324461195,11.333333333333334,1.8856180831641267,10.0,12.666666666666666,5.666666666666667,3.0912061651652345,3.0,10.0,0.0,0.0,0.0,0.0,0.0,0.0,0.0,0.0,0.6666666666666666,0.4714045207910317,0.0,1.0,0.2644943797502326,0.11316329396846685,0.13366099820705335,0.3565169728706811,0.10416666666666667,0.07599646677946918,0.0,0.17916666666666667,0.16681072202969505,0.10358903110640014,0.08265318795570331,0.30035973650304393,0.44828539374185916,0.5046102069995343,0.958193469636863,0.8471995291462195,0.6441310393161509,0,mixed
0.08,0.02,0.03,0.0,0.01,3,0.0,0.0,0.0,0.0,nan,0.0,nan,nan,2.3333333333333335,0.4714045207910317,2.0,3.0,25.809334181420347,4.453877417611984,22.316092762652936,32.09506101088176,0.1827504542421795,0.012529396706841415,0.17030454253421032,0.19989600750127748,0.17920929371090816,0.005667340759780608,0.1716937354988399,0.185378590078329,0.39042735042735044,0.006820491399405135,0.38461538461538464,0.4,0.7726190476190476,0.09672939555129463,0.6428571428571429,0.875,0.08659746953078927,0.0320063256876926,0.06344656590065241,0.13182283387419122,12.666666666666666,3.2998316455372216,9.0,17.0,13.0,5.0990195135927845,8.0,20.0,0.6666666666666666,0.4714045207910317,0.0,1.0,0.3333333333333333,0.4714045207910317,0.0,1.0,0.0,0.0,0.0,0.0,0.09158193681961684,0.046121729954532176,0.0265495678538068,0.12844716729207484,0.0,0.0,0.0,0.0,0.3658938247796675,0.2553396016413274,0.14684212698561927,0.7240353077781825,0.2931096143431862,0.5599441148203322,0.845641592920354,0.8722072657696692,0.5861441654632029,0,macro_stable_weak_repair
0.08,0.02,0.03,0.0,0.02,3,0.0,0.0,0.0,0.0,nan,0.0,nan,nan,2.0,1.4142135623730951,1.0,3.0,24.37489210374423,4.90301651812542,17.998514733961787,29.92225759297014,0.14438928913771473,0.014780038447177183,0.13246783649850452,0.1638944263456292,0.12848374778274962,0.015438222216820627,0.11032863849765258,0.1480637813211845,0.3025670794633643,0.016428260415481684,0.27941176470588236,0.3157894736842105,0.6107744107744107,0.1321787921496059,0.45454545454545453,0.7777777777777778,0.08956030699330862,0.08566934546929854,0.015851757358407513,0.2096860800124039,10.666666666666666,1.247219128924647,9.0,12.0,9.0,1.632993161855452,7.0,11.0,0.6666666666666666,0.9428090415820634,0.0,1.3333333333333333,0.3333333333333333,0.4714045207910317,0.0,1.0,0.3333333333333333,0.4714045207910317,0.0,1.0,0.3748355761923232,0.15906989025722512,0.20411080614267574,0.5870625924123296,0.041666666666666664,0.05892556509887896,0.0,0.125,0.469921910630771,0.26078127637234466,0.10875915218801309,0.715167094218251,0.19789944463991357,0.6254928425243325,0.8678799206591394,0.7687928043878026,0.5529725612644413,0,mixed
0.08,0.02,0.03,0.01,0.0,3,0.0,0.0,0.0,0.0,nan,0.0,nan,nan,2.3333333333333335,0.4714045207910317,2.0,3.0,19.565992864188836,3.011564711490193,15.312390450281393,21.878355100294982,0.2476552338032692,0.06950518579715209,0.16239183819923417,0.3326434105264307,0.2605902768144116,0.08771309497823687,0.15856236786469344,0.37270341207349084,0.5355714002772827,0.0539162422317371,0.494949494949495,0.611764705882353,1.0,0.0,1.0,1.0,0.12581084622598027,0.01627462529336532,0.1044534771984467,0.13896591326776114,14.666666666666666,0.4714045207910317,14.0,15.0,9.666666666666666,10.208928554075703,1.0,24.0,0.0,0.0,0.0,0.0,1.3333333333333333,0.4714045207910317,1.0,2.0,1.6666666666666667,1.247219128924647,0.6666666666666666,3.0,0.48873668796119096,0.17160227060078503,0.2776636119033902,0.6979897933052555,0.1379012345679012,0.10189172433163195,0.05555555555555558,0.28148148148148144,0.24331975993543453,0.061019500940195405,0.19512756535097378,0.3046616353507736,0.49943925487637153,0.4547535627094383,0.8787137625877327,0.7667798444037325,0.6175908512823827,0,mixed
0.08,0.02,0.03,0.01,0.01,3,0.0,0.0,0.0,0.0,nan,0.0,nan,nan,3.0,0.816496580927726,2.0,3.6666666666666665,21.584640145575673,2.1311258520457694,18.677773623202384,23.72737839130528,0.172133508470819,0.02406034274592946,0.14351964673824524,0.20238676578363468,0.17088103955038914,0.029868006957653834,0.13513513513513514,0.20824295010845986,0.36377967088976265,0.04439667675547228,0.3211009174311927,0.3984126984126984,0.8205128205128205,0.13074409009212268,0.6923076923076923,1.0,0.14700592231730641,0.060641841862137176,0.07895751261885497,0.22623200688167733,18.333333333333332,2.494438257849294,15.0,21.0,8.333333333333334,2.0548046676563256,6.0,11.0,0.3333333333333333,0.4714045207910317,0.0,1.0,3.0,1.632993161855452,1.0,5.0,3.0,2.160246899469287,1.0,6.0,0.9572481829776159,0.39488943354667655,0.4319100518530341,1.3839946177293272,0.13142857142857142,0.08350669174129317,0.07223665223665222,0.19090909090909092,0.14500592161206063,0.027109159349757002,0.12074598392739322,0.18284486454181792,0.32603063336364696,0.27999868924234683,0.7890719407995117,0.728636835995156,0.4876521493467967,0,drift_dominant
0.08,0.02,0.03,0.01,0.02,3,0.0,0.0,0.0,0.0,nan,0.0,nan,nan,2.6666666666666665,0.9428090415820634,2.0,4.0,21.575525539938333,2.093858270512073,18.628439465907693,23.298821334052978,0.18661036587293292,0.04960758225064322,0.11647380355809198,0.22309825793613847,0.19149170530092383,0.05103110227014943,0.11974110032362459,0.23408624229979466,0.532857249333855,0.16975327670896256,0.31666666666666665,0.7313432835820896,0.828956228956229,0.05738543375189141,0.7851851851851852,0.8727272727272727,0.12199187371819993,0.03427473866083779,0.07688606778349075,0.15991475614677564,12.333333333333334,1.8856180831641267,11.0,15.0,12.333333333333334,13.224556283251582,2.0,31.0,1.6666666666666667,0.4714045207910317,1.0,2.0,0.3333333333333333,0.4714045207910317,0.0,0.6666666666666666,0.6666666666666666,0.4714045207910317,0.3333333333333333,1.0,0.16888151718522493,0.1073059711153814,0.059347602631075524,0.31460779683969986,0.1497314413981081,0.11083604697799421,0.02116402116402122,0.2916666666666667,0.4287169704449193,0.3182605609947334,0.14464814715857344,0.87309779723892,0.386515417431666,0.4642076670321745,0.7476956820262435,0.7499846470554966,0.5508683786754748,0,mixed
0.08,0.03,0.01,0.0,0.0,3,0.0,0.0,0.0,0.0,nan,0.0,nan,nan,3.0,0.816496580927726,2.0,4.0,26.696918747979314,4.777028232232323,20.353004494820734,31.880358426992398,0.31396415464055893,0.15782775157355933,0.13375728641448584,0.5181224537671528,0.30497361009933543,0.17076978139027751,0.11471861471861472,0.5289256198347108,0.4353774817136886,0.1821243438572442,0.2727272727272727,0.5743534482758621,1.0,0.0,1.0,1.0,0.10340285598350799,0.03335460454423191,0.06720481859972399,0.14769483238591402,8.666666666666666,0.9428090415820634,8.0,10.0,9.333333333333334,7.542472332656507,4.0,20.0,0.0,0.0,0.0,0.0,0.0,0.0,0.0,0.0,0.3333333333333333,0.4714045207910317,0.0,1.0,0.2274414499117503,0.19011956782032047,0.08556673548527094,0.4961712467102326,0.018518518518518517,0.026189140043946204,0.0,0.05555555555555555,0.12326496941355725,0.04197074481353253,0.06733750072537736,0.16844508592416219,0.4557412538968935,0.5231134605677215,0.9381675312786084,0.9184525324097348,0.6616118167435118,0,mixed
0.08,0.03,0.01,0.0,0.01,3,0.0,0.0,0.0,0.0,nan,0.0,nan,nan,3.0,0.816496580927726,2.3333333333333335,4.0,25.662725270904197,4.680158687680287,19.142466100469306,29.907991027203426,0.2399126622134974,0.05874470260090011,0.15685046691206356,0.28282720096601227,0.23735637339133994,0.06682417763629166,0.1898426776475557,0.2853982300884956,0.46520763187429853,0.03040677257944796,0.42592592592592593,0.5,0.8622895622895623,0.0598739923954161,0.7777777777777778,0.906060606060606,0.128361827073951,0.060074494131376666,0.0726087075386833,0.21175513669490234,7.666666666666667,2.8674417556808756,4.0,11.0,8.666666666666666,2.8674417556808756,5.0,12.0,0.6666666666666666,0.4714045207910317,0.0,1.0,0.0,0.0,0.0,0.0,0.0,0.0,0.0,0.0,0.1302261856118158,0.135276646877962,0.0036004107093958737,0.31773283954745324,0.0,0.0,0.0,0.0,0.5353298093486871,0.40026973383180936,0.09370658453647263,1.0628179373417015,0.3809704434645839,0.49468572179237785,0.8844026548672567,0.8111009326778514,0.5961118031697205,0,macro_stable_weak_repair
0.08,0.03,0.01,0.0,0.02,3,0.0,0.0,0.0,0.0,nan,0.0,nan,nan,1.3333333333333333,1.699673171197595,-1.0,3.0,26.168085835185558,4.164013023061806,20.56540338472288,30.539767375062304,0.24398531739488372,0.11065054568437993,0.13601853469082406,0.3960640463770851,0.25497863384312447,0.1323304684230573,0.11142061281337047,0.43073047858942065,0.4530617038922687,0.043330811660940785,0.40816326530612246,0.5116279069767442,0.5925925925925926,0.2618914004394621,0.2222222222222222,0.7777777777777778,0.11214200697916085,0.0382833779687746,0.07204380913127287,0.1636954935350492,5.333333333333333,1.247219128924647,4.0,6.333333333333333,15.666666666666666,2.494438257849294,13.0,19.0,1.6666666666666667,0.4714045207910317,1.0,2.0,0.0,0.0,0.0,0.0,0.0,0.0,0.0,0.0,0.15009277268293722,0.21226322537642572,6.622737913630772e-09,0.4502783048033354,0.0,0.0,0.0,0.0,0.013312284500108656,0.018826413286222723,5.551115123125783e-17,0.03993685350032586,0.2923896077370065,0.7489075255192373,0.7441924778761062,0.9774404105547679,0.6338898217739364,1,mixed
0.08,0.03,0.01,0.01,0.0,3,0.0,0.0,0.0,0.0,nan,0.0,nan,nan,2.0,0.0,2.0,2.0,22.343971074425006,2.3151583439435814,19.474211083438952,25.143876868904695,0.27070444351326045,0.03733706848155194,0.22331239583434298,0.3011217468836283,0.2560200775271964,0.040823998372411394,0.20245398773006135,0.2890205154356098,0.3937237222919724,0.13553542561224663,0.21782178217821782,0.5476190476190477,0.9393939393939394,0.08570991287109665,0.8181818181818182,1.0,0.07770802851159779,0.013719841880966695,0.05855002951836457,0.08994774178266436,11.333333333333334,2.494438257849294,8.0,14.0,19.666666666666668,11.32352516764202,10.666666666666666,35.0,0.0,0.0,0.0,0.0,3.3333333333333335,0.9428090415820634,2.6666666666666665,4.0,4.333333333333333,1.247219128924647,3.0,6.0,0.9088844748058853,0.05546810412618328,0.8345338038991246,0.9677173531673517,0.23623015873015873,0.043638851180175714,0.18666666666666668,0.29285714285714287,0.13503836958472196,0.07532458845429746,0.05587128416343812,0.23634808079899194,0.4265309543674296,0.635741553474659,0.7178593225511138,0.6767714896229914,0.5871473848320862,0,mixed
0.08,0.03,0.01,0.01,0.01,3,0.0,0.0,0.0,0.0,nan,0.0,nan,nan,2.6666666666666665,0.4714045207910317,2.0,3.0,21.894401394534547,3.562709765470951,18.342026084190106,26.76491022733435,0.2221509998246319,0.04797193611204078,0.17795479884951948,0.2591076251605788,0.22184213749630138,0.044609269060260526,0.1839080459770115,0.2844638949671772,0.45983565319470066,0.16885438122534935,0.32209737827715357,0.6716417910447762,0.9333333333333333,0.09428090415820632,0.8,1.0,0.11808019902499194,0.028830221865946606,0.09050001107986394,0.15787553216090763,13.0,1.632993161855452,11.0,15.0,13.666666666666666,12.39175353029407,0.0,30.0,0.0,0.0,0.0,0.0,1.6666666666666667,0.9428090415820634,1.0,3.0,2.3333333333333335,1.247219128924647,1.0,4.0,0.625409927034685,0.4489873667295018,0.11653367441600126,1.2087374007917853,0.22121212121212122,0.08807015040701945,0.14949494949494951,0.3333333333333333,0.24692085808651412,0.28985138733110444,0.0011473160603835408,0.6539154689009412,0.4194439258189022,0.4600198888418925,0.8335444003661886,0.6941730717602548,0.5673538406723775,0,mixed
0.08,0.03,0.01,0.01,0.02,3,0.0,0.0,0.0,0.0,nan,0.0,nan,nan,2.3333333333333335,0.4714045207910317,2.0,3.0,22.837245156219755,2.910813584261843,20.73211470404577,26.953398624545287,0.2148086803526618,0.12047537067263286,0.08218220581692888,0.3737455436412654,0.20940072534108894,0.1305727973102458,0.05913978494623656,0.37748344370860926,0.422795771479982,0.2630428978315864,0.05128205128205128,0.625,0.7441077441077442,0.2239500221995406,0.45454545454545453,1.0,0.1049256330238449,0.015735993008565256,0.09002296246298204,0.12669007493995174,12.0,0.816496580927726,11.0,13.0,23.333333333333332,23.32857094256359,5.666666666666667,56.0,1.3333333333333333,0.9428090415820634,0.0,2.0,3.0,1.4142135623730951,2.0,5.0,2.6666666666666665,1.247219128924647,1.0,4.0,1.2402781775867042,0.3330587629862156,0.8218621446648751,1.6368047114139788,0.25308641975308643,0.12593802895117623,0.14444444444444446,0.42962962962962964,0.49009341066895856,0.3485841321495521,0.20698475006563696,0.8894075690214717,0.33409994509740953,0.5379218604302146,0.6000747635032042,0.4991147618563488,0.4712533509635576,0,drift_dominant
0.08,0.03,0.02,0.0,0.0,3,0.3333333333333333,0.4714045207910317,0.0,1.0,1.8454565178420745,0.0,1.8454565178420745,1.8454565178420745,1.6666666666666667,1.8856180831641267,-1.0,3.0,16.701891256207745,11.440374765371544,1.8454565178420745,29.678804175403783,0.5037040176670261,0.3473452144347198,0.25703365103549586,0.994922803030303,0.5082815808045166,0.3406859996964798,0.25961538461538464,0.99,0.6342592592592593,0.26164576205453316,0.4027777777777778,1.0,1.0,0.0,1.0,1.0,0.08513560995711415,0.06346292228794768,0.0,0.15230544119189096,8.0,5.887840577551898,0.0,14.0,7.666666666666667,5.557777333511022,3.3333333333333335,13.0,0.0,0.0,0.0,0.0,0.0,0.0,0.0,0.0,0.0,0.0,0.0,0.0,0.07089469422039925,0.06349269784894743,0.019539833969989335,0.15406458075122975,0.0,0.0,0.0,0.0,0.12422022800034527,0.12098644747937325,0.0,0.28823020425349344,0.8750177774993398,0.7157719815912739,0.9535398230088495,0.9539319837733132,0.8666935788790201,1,spacetime_candidate
0.08,0.03,0.02,0.0,0.01,3,0.3333333333333333,0.4714045207910317,0.0,1.0,1.8454565178420745,0.0,1.8454565178420745,1.8454565178420745,2.3333333333333335,2.494438257849294,-1.0,5.0,16.562501703138576,10.855638359862105,1.8454565178420745,27.705698926533863,0.45977418058158565,0.3806077400121828,0.14214648231696683,0.7440329541526977,0.4517903918827975,0.3809992733744741,0.16058394160583941,0.99,0.5815230365242301,0.2987388549627955,0.3220338983050847,1.0,0.9722222222222222,0.039283710065919325,0.9166666666666666,1.0,0.12398745963076442,0.10076749992996747,0.04171383842312382,0.2468208636229218,8.0,6.164414002968976,0.0,13.0,9.666666666666666,6.944222218666553,0.0,15.0,0.3333333333333333,0.4714045207910317,0.0,1.0,0.0,0.0,0.0,0.0,0.0,0.0,0.0,0.0,0.12716883712299776,0.09422957480540993,0.052086185360983674,0.22524795528604225,0.0,0.0,0.0,0.0,0.15221174028214893,0.20380248867842146,0.0,0.4402772084071007,0.820414426285406,0.5710629380809581,0.9090154867256637,0.9359638784317781,0.79890665675162,0,mixed
0.08,0.03,0.02,0.0,0.02,3,0.3333333333333333,0.4714045207910317,0.0,1.0,1.8454565178420745,0.0,1.8454565178420745,1.8454565178420745,0.6666666666666666,1.247219128924647,-1.0,2.0,16.750853038040724,11.557784354171593,1.8454565178420745,30.012633385530275,0.4821641770548874,0.3633280860387213,0.19715112919564062,0.994922803030303,0.4756202233980012,0.3650551461643093,0.18024691358024691,0.99,0.5550314465408805,0.3217781797237397,0.25,1.0,0.75,0.1800205749557739,0.5833333333333334,1.0,0.05063404960139972,0.051212677404043665,0.0,0.12079806154792926,4.666666666666667,3.2998316455372216,0.0,7.0,11.0,8.286535263104035,0.0,17.666666666666668,1.3333333333333333,1.247219128924647,0.0,3.0,0.0,0.0,0.0,0.0,0.0,0.0,0.0,0.0,0.1934622226899753,0.2735968921105327,3.311368956815386e-09,0.3869244420685816,0.0,0.0,0.0,0.0,0.3199344559146091,0.37816691278302667,0.0,0.8510442155558143,0.7536683997160069,0.9461061530125225,0.8064159292035398,0.8710504768871977,0.8358037593718807,1,spacetime_candidate
0.08,0.03,0.02,0.01,0.0,3,0.0,0.0,0.0,0.0,nan,0.0,nan,nan,2.3333333333333335,0.4714045207910317,2.0,3.0,21.805132262408105,3.139511598298051,19.262339523781765,25.900249037578625,0.22539281641127973,0.05427039197102419,0.15361907407488415,0.28482348931803353,0.24100499965037409,0.07015929247707073,0.15416666666666667,0.32599118942731276,0.39510166736106,0.21638316077446998,0.11494252873563218,0.6417910447761194,1.0,0.0,1.0,1.0,0.10617581989547382,0.00976222137014873,0.0974434972787307,0.11980272390664845,15.333333333333334,2.494438257849294,12.0,18.0,23.666666666666668,18.080068829760823,8.0,49.0,0.0,0.0,0.0,0.0,1.3333333333333333,1.8856180831641267,0.0,4.0,1.6666666666666667,0.9428090415820634,1.0,3.0,0.5006202856257885,0.44506909605575606,0.1430745548856871,0.8289296713281934,0.11382716049382716,0.05950130608652328,0.03666666666666668,0.18148148148148147,0.2508913996347168,0.0554851469574165,0.19834881004634053,0.2939864854828451,0.43121053198223963,0.4791517713296914,0.7857934086054318,0.7768569387687112,0.5832416985010354,0,mixed
0.08,0.03,0.02,0.01,0.01,3,0.0,0.0,0.0,0.0,nan,0.0,nan,nan,2.3333333333333335,0.4714045207910317,2.0,3.0,22.81840596427796,2.951623962676572,19.41030517008913,26.609742340354874,0.20913709224025723,0.04457309201729628,0.15547601977446474,0.26461213535212186,0.2009474022597926,0.053250675755493575,0.15625,0.2757847533632287,0.34482570806100216,0.11984083386409804,0.25,0.5138888888888888,0.7741841491841491,0.1672610921584849,0.5384615384615384,0.8977272727272727,0.12208518926007844,0.04558625559741308,0.08205595911807503,0.18586515135093032,14.333333333333334,2.6246692913372702,12.333333333333334,18.0,21.0,9.626352718795768,11.0,34.0,1.3333333333333333,0.4714045207910317,1.0,2.0,1.6666666666666667,1.247219128924647,0.0,3.0,1.0,0.816496580927726,0.3333333333333333,2.0,0.7820113739276772,0.3248153745624138,0.3634175391017451,1.045919993802938,0.1977272727272727,0.14714208129934744,0.086002886002886,0.4035714285714285,0.5685140545262612,0.2932164655936392,0.1553237710022961,0.8054272724784917,0.31816872156052073,0.4671767457889581,0.677113213304852,0.5791115884973496,0.4793981993538621,0,drift_dominant
0.08,0.03,0.02,0.01,0.02,3,0.0,0.0,0.0,0.0,nan,0.0,nan,nan,1.3333333333333333,1.247219128924647,0.0,2.3333333333333335,23.842146466283502,0.7518694440155478,23.100716375955884,24.872916476684267,0.20925602362735168,0.026801543524247396,0.17150692103254633,0.23108659300459358,0.2151826617518189,0.049216055679711636,0.1787974683544304,0.2549889135254989,0.43897336579438995,0.19435967653748398,0.16494845360824742,0.5945945945945946,0.7294871794871794,0.148308454798196,0.5384615384615384,0.9,0.05877685886318693,0.0513971702461913,0.0,0.1251985748165936,10.0,3.265986323710904,6.0,14.0,12.0,6.97614984548545,4.0,21.0,1.3333333333333333,0.4714045207910317,1.0,2.0,1.0,0.0,1.0,1.0,1.3333333333333333,0.4714045207910317,1.0,2.0,0.35999845458333196,0.22039458354979247,0.07780885281808203,0.6157118847493632,0.2745390412057079,0.07378286422636052,0.21212121212121213,0.37816257816257814,0.3605541662382582,0.3740008548646315,0.03690742739164554,0.8846682345273746,0.326471605156129,0.7668324880159858,0.7525373817516021,0.667244860034871,0.5899296321659363,0,mixed
0.08,0.03,0.03,0.0,0.0,3,0.0,0.0,0.0,0.0,nan,0.0,nan,nan,2.3333333333333335,0.4714045207910317,2.0,3.0,25.210085224947527,6.648344871132246,17.295866759926447,33.56316919057531,0.21358252915018458,0.012605106575544941,0.20244964060016526,0.2312062186358925,0.21727077648146154,0.014595899438800191,0.19831223628691982,0.23382045929018788,0.5083182038247398,0.04452154321608565,0.4625,0.5686274509803921,1.0,0.0,1.0,1.0,0.10134854128795537,0.012383996865448445,0.08394485686549746,0.11174711386603031,16.0,1.632993161855452,14.0,18.0,5.333333333333333,3.2998316455372216,1.0,9.0,0.0,0.0,0.0,0.0,0.0,0.0,0.0,0.0,0.3333333333333333,0.4714045207910317,0.0,1.0,0.12943209551401566,0.12139658730056867,0.01837492949333841,0.29834245183439156,0.028395061728395062,0.040156681400717514,0.0,0.056790123456790124,0.2884586550231462,0.11823091250730362,0.13038042582599063,0.41468122115807504,0.42637869462272815,0.4766286154172745,0.9647162038449801,0.8743766252125127,0.6362082627837721,0,mixed
0.08,0.03,0.03,0.0,0.01,3,0.0,0.0,0.0,0.0,nan,0.0,nan,nan,2.3333333333333335,0.4714045207910317,2.0,3.0,26.276159612407568,3.390411334710074,23.815628742370784,31.070365900750105,0.1955714390720612,0.048656512049422174,0.15029114078135178,0.23316876853417212,0.19008140380401028,0.04038743340172659,0.15633423180592992,0.24686192468619247,0.4875375542450206,0.14334460343243458,0.37114103087175304,0.6515151515151515,0.7166666666666667,0.1649915822768611,0.5,0.9,0.099141879761147,0.01192403886843326,0.08564791733493819,0.11464721629553801,11.333333333333334,2.0548046676563256,9.0,14.0,11.666666666666666,7.84573486395988,3.0,18.0,1.0,0.0,1.0,1.0,0.3333333333333333,0.4714045207910317,0.0,1.0,0.0,0.0,0.0,0.0,0.18011244868734874,0.1214910799395322,0.025405274130245736,0.3221915437872318,0.0,0.0,0.0,0.0,0.26164437243264427,0.1843807792943895,0.014292821559844349,0.45678563163865893,0.3056604861531706,0.5597365022856559,0.8232411504424779,0.89208124946851,0.5899797757072213,0,mixed
0.08,0.03,0.03,0.0,0.02,3,0.0,0.0,0.0,0.0,nan,0.0,nan,nan,1.6666666666666667,0.9428090415820634,1.0,2.3333333333333335,24.061895785499612,5.05769575255599,17.4053401928548,29.656917991687447,0.14420045230128267,0.009973403228721667,0.13380448560567912,0.15765349865865258,0.13195220788323922,0.01174736086137228,0.12278604249124243,0.14814814814814814,0.3218266253869969,0.036457874474098914,0.27941176470588236,0.3684210526315789,0.6478114478114478,0.1805140911317496,0.45454545454545453,0.8888888888888888,0.09040790651223779,0.08647228557090055,0.01624590726286307,0.21169806631730498,11.666666666666666,3.2998316455372216,8.0,14.333333333333334,9.666666666666666,1.247219128924647,8.0,11.0,1.0,0.816496580927726,0.3333333333333333,1.6666666666666667,0.3333333333333333,0.4714045207910317,0.0,1.0,0.0,0.0,0.0,0.0,0.41782931873567497,0.29722113656648524,1.6556845006121534e-08,0.6664253472378503,0.0,0.0,0.0,0.0,0.42172643125939857,0.2479497457038984,0.10875915218801287,0.715167094218251,0.21862928845456972,0.6440397407695224,0.8365154867256637,0.802596218011118,0.5653525270988363,0,mixed
0.08,0.03,0.03,0.01,0.0,3,0.0,0.0,0.0,0.0,nan,0.0,nan,nan,2.0,0.0,2.0,2.0,19.720663738225586,3.4584224324675996,16.907812395859683,23.724898069940572,0.23747436394411997,0.0519272010352431,0.16912843563867494,0.2794024473672345,0.25044807044807044,0.07314211740280786,0.16083916083916083,0.3101683501683502,0.4605605968176504,0.10764701019756318,0.34177215189873417,0.6024096385542169,1.0,0.0,1.0,1.0,0.11518605623184859,0.020484824229422036,0.10002842063751666,0.14414539315174765,13.0,1.632993161855452,11.0,15.0,15.0,9.899494936611665,1.0,22.0,0.0,0.0,0.0,0.0,2.3333333333333335,0.9428090415820634,1.0,3.0,2.0,0.816496580927726,1.0,3.0,0.42506756503308596,0.2803569651251284,0.02861522937777261,0.6276756281520264,0.15450617283950616,0.13679711507737233,0.01851851851851849,0.3416666666666667,0.32706857039608866,0.048404376284450656,0.26388976281950094,0.3814791084710566,0.4712041436607209,0.5393556863462527,0.8090051876716509,0.73969849042245,0.6095011074866357,0,mixed
0.08,0.03,0.03,0.01,0.01,3,0.0,0.0,0.0,0.0,nan,0.0,nan,nan,3.3333333333333335,0.4714045207910317,3.0,4.0,21.57051820110027,2.1329202998249475,18.64219239629292,23.661342490364945,0.17315347011503007,0.02285851081144296,0.1465538704974498,0.20236280322664213,0.1658651065868579,0.036069587288284195,0.12008733624454149,0.19525031120816402,0.3801834130781499,0.052867415413020806,0.3181818181818182,0.4473684210526316,0.8205128205128205,0.13074409009212268,0.6923076923076923,1.0,0.15637741154287058,0.05123139556775925,0.10620387574124242,0.2267294648907288,16.333333333333332,5.2493385826745405,9.0,21.0,5.666666666666667,2.8674417556808756,2.0,9.0,0.3333333333333333,0.4714045207910317,0.0,0.6666666666666666,2.6666666666666665,1.699673171197595,1.0,5.0,2.6666666666666665,2.3570226039551585,1.0,6.0,0.7087033808529365,0.48008114446289063,0.3102041104975055,1.0666335499302104,0.13562610229276897,0.07757054391099823,0.025925925925925936,0.19090909090909092,0.4427235546215403,0.41767244117948565,0.11329082605104146,1.0320349732717615,0.32940433015106957,0.25982203346969396,0.8210814006713457,0.6686919097971528,0.47820168601399754,0,drift_dominant
0.08,0.03,0.03,0.01,0.02,3,0.0,0.0,0.0,0.0,nan,0.0,nan,nan,2.0,0.0,2.0,2.0,22.012150986408667,2.4672207758261737,18.538979774493416,23.845103273183096,0.20190224202118573,0.06451445167112452,0.12022399639960546,0.27795031051023206,0.2111155452751129,0.06750974103908224,0.15727237243630687,0.2816593886462882,0.48885574042200547,0.13246268913071765,0.39382928539555045,0.5838821954484605,0.6381766381766382,0.05935232665526966,0.5925925925925926,0.6923076923076923,0.09202236185288794,0.027073249795161358,0.06950878914873043,0.13009883434738392,12.666666666666666,4.642796092394707,9.0,19.0,14.0,11.045361017187261,1.0,28.0,2.3333333333333335,0.4714045207910317,2.0,2.6666666666666665,1.0,0.816496580927726,0.0,2.0,1.0,0.816496580927726,0.0,2.0,0.3359314859440931,0.28249360064306,0.0022620721837252056,0.6930357209863827,0.26141975308641974,0.11097299371717723,0.16388888888888892,0.41666666666666663,0.35174654161561725,0.3085691620990897,0.026037206114995937,0.5984379974150953,0.3198350572279604,0.5871183755266397,0.6498233902960024,0.6817553945667584,0.5250376208839982,0,mixed
0.09,0.01,0.01,0.0,0.0,3,0.0,0.0,0.0,0.0,nan,0.0,nan,nan,3.0,0.816496580927726,2.0,3.6666666666666665,22.713044328526504,3.020222391386126,18.605073842029487,25.779970242148796,0.280783266964192,0.10980838093418117,0.14801507120201285,0.3704202629457123,0.2696220587256585,0.10787854748444983,0.14647887323943662,0.40919037199124725,0.4555196041111534,0.11050357421106763,0.35,0.6081081081081081,0.9047619047619048,0.13468700594029476,0.7142857142857143,1.0,0.1385086727668179,0.04436083965164968,0.08671696551767126,0.19506460527359698,6.666666666666667,0.9428090415820634,6.0,8.0,13.333333333333334,4.9216076867444665,7.0,19.0,0.0,0.0,0.0,0.0,0.0,0.0,0.0,0.0,0.0,0.0,0.0,0.0,0.11385525028034553,0.08070078181498665,0.05075705669187869,0.22776263598789592,0.0,0.0,0.0,0.0,0.12193848351869534,0.1476160885028288,0.008680874416974627,0.3304399316322917,0.43703351161754583,0.49318730642201875,0.915929203539823,0.9478931907440411,0.6490230345284186,0,mixed
0.09,0.01,0.01,0.0,0.01,3,0.0,0.0,0.0,0.0,nan,0.0,nan,nan,2.0,1.4142135623730951,0.0,3.0,21.215175377637202,3.1757283760458734,18.02228852204714,25.546939851156957,0.25855962780189445,0.030899957607561354,0.22428057762092432,0.28352305579198095,0.25051369269959795,0.04030292874972812,0.21294363256784968,0.3064182194616977,0.604858267965219,0.066730116095758,0.5487804878048781,0.6548081510256935,0.8222222222222222,0.048005486654873,0.7777777777777778,0.8888888888888888,0.13769155759320448,0.025402681210073295,0.10237393704945405,0.16104629433376413,8.666666666666666,1.247219128924647,7.666666666666667,10.0,1.3333333333333333,0.4714045207910317,1.0,2.0,1.0,0.816496580927726,0.0,2.0,0.0,0.0,0.0,0.0,0.0,0.0,0.0,0.0,0.16099380085016812,0.1157808681298803,0.000268509637614045,0.26843687686002005,0.0,0.0,0.0,0.0,0.17424932015454975,0.08714912906422544,0.09221841416674675,0.2418179773746306,0.4486481367992019,0.571885676348144,0.901825221238938,0.9234714213752576,0.6650575954895959,0,mixed
0.09,0.01,0.01,0.0,0.02,3,0.0,0.0,0.0,0.0,nan,0.0,nan,nan,1.3333333333333333,0.4714045207910317,1.0,2.0,21.963916442103216,4.208959885778905,17.935504958889904,27.773111073229877,0.24669937613282764,0.07867884822175325,0.1441427201179557,0.31043715377381015,0.26388912120255403,0.10299131176194395,0.13859275053304904,0.3908523908523909,0.5135615413393191,0.08993929165032645,0.43209876543209874,0.6388888888888888,0.7196969696969697,0.1683796270522187,0.5,0.9090909090909091,0.0595557899669599,0.013269565172882847,0.04152839816173123,0.0700743630643298,8.666666666666666,2.494438257849294,6.666666666666667,12.0,3.6666666666666665,3.0912061651652345,1.0,8.0,1.3333333333333333,0.4714045207910317,1.0,2.0,0.0,0.0,0.0,0.0,0.0,0.0,0.0,0.0,0.3429772679907684,0.23578326783558318,0.11178202097713696,0.6666666799121417,0.0,0.0,0.0,0.0,0.44897364633709586,0.1995396630429761,0.2879691749580494,0.7301803559127834,0.38483206619707294,0.7880152150787748,0.8550884955752213,0.8055626630346323,0.66382525866064,0,mixed
0.09,0.01,0.01,0.01,0.0,3,0.0,0.0,0.0,0.0,nan,0.0,nan,nan,3.0,0.816496580927726,2.0,4.0,17.771822080984727,4.161043236825069,13.74351495550552,23.500942333373317,0.20853834067232976,0.06472908109916173,0.1571031606868582,0.2599735206578013,0.19238512074198655,0.06907484136209913,0.1027190332326284,0.27078891257995735,0.31087231549481165,0.16741684484650338,0.19008264462809918,0.5476190476190477,0.9393939393939394,0.08570991287109665,0.8181818181818182,1.0,0.15915257152971637,0.029138855673604185,0.1325201569554158,0.199701943073112,12.666666666666666,0.4714045207910317,12.0,13.0,27.666666666666668,15.58489297008128,15.666666666666666,42.0,0.0,0.0,0.0,0.0,1.3333333333333333,1.247219128924647,0.3333333333333333,3.0,0.0,0.0,0.0,0.0,0.3346376259911672,0.3058279797359501,0.038543515246707294,0.5736928238384861,0.05535353535353533,0.035958460996729835,0.026666666666666644,0.10606060606060602,0.15400918111247677,0.051091154345595274,0.08305960977655369,0.19342911603806723,0.396694293449355,0.3539605575379619,0.7807964601769912,0.8695055804113884,0.5573935502094406,0,mixed
0.09,0.01,0.01,0.01,0.01,3,0.0,0.0,0.0,0.0,nan,0.0,nan,nan,3.3333333333333335,0.4714045207910317,3.0,4.0,19.23736082322403,4.926689900425081,13.3924808507977,25.444072972850716,0.1664673710786045,0.04844879746505108,0.10034856598078039,0.21508815766111952,0.15085832340465147,0.05526010307677098,0.07272727272727272,0.1913978494623656,0.27987134928373975,0.1429601300541603,0.16322011948030246,0.45121951219512196,0.85,0.10801234497346433,0.75,1.0,0.16210479848245982,0.041655231066461365,0.13178004829993722,0.22100553839885065,11.0,1.4142135623730951,10.0,13.0,30.666666666666668,22.125902367034787,5.0,59.0,1.0,0.816496580927726,0.0,2.0,2.0,1.4142135623730951,1.0,4.0,2.3333333333333335,2.0548046676563256,0.0,5.0,0.7009853451196181,0.5692455146132419,0.29762385413082165,1.5060147278000586,0.2652777777777778,0.1978569598048294,0.0,0.4236111111111111,0.29386625743996037,0.1704408379918851,0.10424663730815131,0.5175497212480684,0.3215254550037627,0.3398047841905083,0.6169625419591089,0.6406281826787877,0.4490032502265233,0,drift_dominant
0.09,0.01,0.01,0.01,0.02,3,0.0,0.0,0.0,0.0,nan,0.0,nan,nan,1.6666666666666667,0.4714045207910317,1.0,2.0,19.875938113232866,3.541412516230835,15.959380299632922,24.53751779588475,0.2475660888986127,0.13629420234796938,0.09029834109035548,0.42271061514222474,0.25085829497051393,0.14076018667917423,0.08059701492537313,0.42531120331950206,0.5086377255051954,0.22373168245628938,0.1927710843373494,0.6825396825396826,0.7840909090909091,0.06494859166470547,0.7272727272727273,0.875,0.07351861890780255,0.02492905686668559,0.05103732302281709,0.108277989517406,10.666666666666666,0.9428090415820634,10.0,12.0,10.666666666666666,11.61416759345623,1.0,27.0,1.6666666666666667,0.9428090415820634,1.0,3.0,0.6666666666666666,0.4714045207910317,0.0,1.0,0.6666666666666666,0.4714045207910317,0.0,1.0,0.5585405059173112,0.30496254838372,0.27983363484586987,0.9829291917085299,0.10753968253968253,0.0961284440349604,0.0,0.23333333333333334,0.33550267771908,0.2802893916446682,0.0022587982392030526,0.6880132997253368,0.41592379432808607,0.6916946209351612,0.7487576289288983,0.7440109301574599,0.617050695065892,0,repair_cone_candidate
0.09,0.01,0.02,0.0,0.0,3,0.0,0.0,0.0,0.0,nan,0.0,nan,nan,3.0,0.816496580927726,2.0,4.0,21.135285727408384,2.7703763380390987,17.3806975001373,23.98200132537281,0.47139811184886615,0.30110419342267797,0.20100840547835883,0.7015565007036572,0.4691789056206234,0.3040729415884419,0.2308157236991593,0.8868686868686869,0.5422244179089744,0.28637557046814,0.1652892561983471,0.8589743589743589,0.8974358974358975,0.145047544858779,0.6923076923076923,1.0,0.14381974396205455,0.03620842901904121,0.1083543003465334,0.19354038895820197,8.0,4.320493798938574,2.0,12.0,17.0,15.748015748023622,5.0,39.0,0.0,0.0,0.0,0.0,0.0,0.0,0.0,0.0,0.3333333333333333,0.4714045207910317,0.0,1.0,0.21228189642823572,0.24200465532085974,0.035013224817004605,0.38955056803946686,0.015151515151515152,0.021427478217774167,0.0,0.045454545454545456,0.17577288061752094,0.18118970066374285,0.028040189701961094,0.3100782223774133,0.5945242460752292,0.4609325936012665,0.8872825755263961,0.9058134597250262,0.6819358415769313,0,mixed
0.09,0.01,0.02,0.0,0.01,3,0.0,0.0,0.0,0.0,nan,0.0,nan,nan,2.0,0.816496580927726,1.0,3.0,22.369060345373637,2.02648276355805,19.848180223113225,24.810102432332638,0.40246018366851194,0.27617132101607633,0.19194335107230795,0.7926183985325193,0.41206774641056665,0.279252633760166,0.2122905027932961,0.8069815195071869,0.49960788004266266,0.2237814424644365,0.2976190476190476,0.8115942028985508,0.85,0.10801234497346433,0.75,1.0,0.0957060467046231,0.03697332850065745,0.04405767378950078,0.12388430084840168,6.0,2.160246899469287,3.0,8.0,17.0,7.118052168020874,7.0,23.0,1.6666666666666667,1.247219128924647,0.0,3.0,0.0,0.0,0.0,0.0,0.0,0.0,0.0,0.0,0.13320013583903986,0.07256728771652876,0.0691580295037244,0.23466881914554616,0.027777777777777776,0.039283710065919304,0.0,0.05555555555555555,0.24488146565882132,0.17301949296131322,0.04727424929498747,0.3853412837920736,0.5179595696512918,0.6934155680392723,0.7353429203539823,0.8882989658902489,0.6793681186366165,0,repair_cone_candidate
0.09,0.01,0.02,0.0,0.02,3,0.0,0.0,0.0,0.0,nan,0.0,nan,nan,2.3333333333333335,1.699673171197595,0.0,4.0,22.22801814088886,2.4278805123385188,20.304438976551925,25.528337836294472,0.3977473841738252,0.1660876930740812,0.23433977380602455,0.6255715073885151,0.4025096624497844,0.15403715256612746,0.25389755011135856,0.6147540983606558,0.7052804280882427,0.07363432288541051,0.6333333333333333,0.8064516129032258,0.75,0.1262794601572764,0.5833333333333334,0.8888888888888888,0.1251927080328599,0.08977881714261912,0.0019838780966536145,0.2133497533905311,8.0,0.816496580927726,7.0,9.0,4.333333333333333,1.699673171197595,2.0,6.0,0.6666666666666666,0.4714045207910317,0.3333333333333333,1.0,0.3333333333333333,0.4714045207910317,0.0,0.6666666666666666,0.0,0.0,0.0,0.0,0.3331611337165021,0.14001348887397427,0.14285714280831563,0.47568357231087477,0.0,0.0,0.0,0.0,0.3888562873919797,0.22534781044382562,0.17695718063999502,0.7009527057114457,0.5382027385962688,0.5688717249273966,0.9031637168141593,0.8266290256070264,0.6765474382247804,0,mixed
0.09,0.01,0.02,0.01,0.0,3,0.0,0.0,0.0,0.0,nan,0.0,nan,nan,2.3333333333333335,0.4714045207910317,2.0,3.0,17.01829767919857,4.820323286485759,12.59643934405081,23.72240517923028,0.202898399914202,0.07409279373555738,0.12195746577917567,0.3009973062397913,0.1904918145282805,0.07489819486145183,0.10752688172043011,0.289002557544757,0.28097902433177513,0.08667313431284572,0.168,0.3786407766990291,1.0,0.0,1.0,1.0,0.14955725586528465,0.019144874463298732,0.1224829655138768,0.1632569704075675,12.333333333333334,0.4714045207910317,12.0,13.0,26.666666666666668,21.31248981752771,6.0,56.0,0.0,0.0,0.0,0.0,3.6666666666666665,2.0548046676563256,1.0,6.0,5.0,4.08248290463863,0.0,10.0,0.9015837299393819,0.7849978944280359,0.008437167682871394,1.9191644148127267,0.33670634920634923,0.23642286341463492,0.033333333333333326,0.6101190476190477,0.4114833728359932,0.20378097619085642,0.17523204909065448,0.6725391344335944,0.4113762443641377,0.4511292027015074,0.652778455904791,0.5280304644006922,0.4929257702639217,0,drift_dominant
0.09,0.01,0.02,0.01,0.01,3,0.0,0.0,0.0,0.0,nan,0.0,nan,nan,2.6666666666666665,0.4714045207910317,2.0,3.0,19.144501675261903,4.670764083329197,13.245671076002271,24.66819432088724,0.18149134083485105,0.023244672084401525,0.15321301625878742,0.2101468538986505,0.16410400733247593,0.01812124356944621,0.13897280966767372,0.18101545253863136,0.31567046032462065,0.07390454437082573,0.2524271844660194,0.41935483870967744,0.7505827505827506,0.17657246493618298,0.6153846153846154,1.0,0.15848718405824738,0.020854923816147907,0.14164268491225213,0.18159498394063256,13.333333333333334,2.6246692913372702,11.333333333333334,17.0,18.666666666666668,10.530379332620877,8.0,33.0,0.3333333333333333,0.4714045207910317,0.0,1.0,1.3333333333333333,0.9428090415820634,0.0,2.0,1.3333333333333333,0.9428090415820634,0.6666666666666666,2.0,0.675288152772899,0.2261914796816774,0.48403618079118527,0.9929746949881997,0.09838383838383839,0.09870459814067856,0.0,0.23333333333333334,0.310328349479901,0.16280867173633062,0.13615924125080192,0.5278308344660629,0.30848870029503545,0.38090787347556604,0.7920395941409826,0.7392406393279632,0.5094540601659431,0,mixed
0.09,0.01,0.02,0.01,0.02,3,0.0,0.0,0.0,0.0,nan,0.0,nan,nan,1.6666666666666667,0.4714045207910317,1.0,2.0,19.18087856777646,3.0994890095046026,15.91691100970208,23.34666088161041,0.17119788369558586,0.06449181599539854,0.08076642082283454,0.22668027903009147,0.1732545733874575,0.07360463538398679,0.06986899563318777,0.2354368932038835,0.3688023578847818,0.14890067937354146,0.16176470588235295,0.5056179775280899,0.6759259259259259,0.12491423669659298,0.5,0.7777777777777778,0.0917927389402603,0.02597988396506212,0.06098956673931484,0.12453805569553487,10.333333333333334,3.681787005729087,6.0,15.0,25.0,12.027745701779144,12.0,41.0,2.3333333333333335,0.4714045207910317,2.0,3.0,0.6666666666666666,0.9428090415820634,0.0,2.0,1.0,1.4142135623730951,0.0,3.0,0.4061770579421155,0.09164679866685888,0.30869175208626376,0.4795754853018024,0.005291005291005291,0.007482611441127486,0.0,0.015873015873015872,0.5045381484347242,0.28861216282984925,0.2697242489511175,0.7393520479183309,0.2978615714218605,0.6641209032509791,0.5868145407384803,0.7743828078477764,0.5425212455276472,0,mixed
0.09,0.01,0.03,0.0,0.0,3,0.0,0.0,0.0,0.0,nan,0.0,nan,nan,3.0,0.0,3.0,3.0,18.608010080158135,2.899388830021834,15.447552685595547,20.942361901364684,0.23183607692320085,0.020447442394349424,0.21386074768063285,0.2604403800096072,0.2316326758490839,0.02884709242073458,0.20726495726495728,0.2721518987341772,0.5512820022756608,0.03517609029204486,0.5057471264367817,0.5798322432841888,1.0,0.0,1.0,1.0,0.14085769938921214,0.0020708089161379584,0.13893717762312596,0.14373265906324734,15.333333333333334,3.39934634239519,12.0,20.0,2.6666666666666665,3.0912061651652345,0.0,7.0,0.0,0.0,0.0,0.0,0.0,0.0,0.0,0.0,0.0,0.0,0.0,0.0,0.05687936215404236,0.04343446187072113,0.009616859132480116,0.11448885042162571,0.0,0.0,0.0,0.0,0.14072927814565409,0.0679272430395187,0.09063262059138055,0.18943936509180967,0.4964757198699689,0.3420239811878061,0.9867256637168141,0.9507840170033671,0.6467744333954769,1,mixed
0.09,0.01,0.03,0.0,0.01,3,0.0,0.0,0.0,0.0,nan,0.0,nan,nan,1.6666666666666667,0.4714045207910317,1.0,2.0,20.96884917758256,1.5900720177722858,18.871881590726904,22.720567453463588,0.165609510204457,0.04914855008096827,0.12597322307531236,0.23487554067589492,0.1697280823259969,0.0653644219694436,0.117096018735363,0.2618556701030928,0.461038961038961,0.07462563961847567,0.40115440115440115,0.5606060606060606,0.7509259259259259,0.11386253835482313,0.6,0.875,0.10201282148044334,0.027664409575706983,0.07898482035556492,0.14091774588460704,8.666666666666666,0.9428090415820634,8.0,10.0,8.0,5.715476066494082,1.0,15.0,1.6666666666666667,0.4714045207910317,1.0,2.0,0.0,0.0,0.0,0.0,0.0,0.0,0.0,0.0,0.2775731298303083,0.09269247893927943,0.2026159970598973,0.3809523941971342,0.0,0.0,0.0,0.0,0.5568719062381524,0.3492510797818524,0.068198028451982,0.8633607233832659,0.3319247160431454,0.6737887739721967,0.7950774336283185,0.7808545294902062,0.599807236731855,0,mixed
0.09,0.01,0.03,0.0,0.02,3,0.0,0.0,0.0,0.0,nan,0.0,nan,nan,2.6666666666666665,0.4714045207910317,2.0,3.0,21.045552948707588,2.762571827820183,17.141642775193286,23.129108467254582,0.17334775284446574,0.008888457219193084,0.16078618406780965,0.18003133992412373,0.17093658275252427,0.01783512804570061,0.1566774138808756,0.18976545842217485,0.5171199171199171,0.11082704913890544,0.4230769230769231,0.6727272727272727,0.7416666666666667,0.18295415333416792,0.6,1.0,0.13640316211379228,0.015100535111940722,0.11672805212505682,0.15343145950368522,7.666666666666667,2.0548046676563256,5.0,10.0,8.0,3.559026084010437,5.0,13.0,1.0,0.816496580927726,0.0,2.0,0.0,0.0,0.0,0.0,0.0,0.0,0.0,0.0,0.08763782065431742,0.06831145884557818,0.032083908515683435,0.16666173641590198,0.0,0.0,0.0,0.0,0.1583637414446893,0.10022291985454887,0.056595353603282106,0.2946841508912323,0.34665048418214583,0.5171031342932119,0.8575774336283186,0.940204967940946,0.6101599333509069,0,macro_stable_weak_repair
0.09,0.01,0.03,0.01,0.0,3,0.0,0.0,0.0,0.0,nan,0.0,nan,nan,2.0,0.0,2.0,2.0,16.62265426213078,3.6550832261937174,13.301735981753504,21.7135764056028,0.23285874709574594,0.08696159164041037,0.11052612400504316,0.30495779053945077,0.223295301314112,0.11305706134743476,0.06472491909385113,0.3203125,0.32583509762408847,0.13506031451441394,0.14423076923076922,0.46788990825688076,1.0,0.0,1.0,1.0,0.1390435025871977,0.03496188186719239,0.10140470681579833,0.1856296173332401,14.666666666666666,0.9428090415820634,14.0,16.0,19.0,13.92838827718412,8.0,33.0,0.0,0.0,0.0,0.0,2.6666666666666665,0.9428090415820634,2.0,3.3333333333333335,4.666666666666667,0.9428090415820634,4.0,6.0,0.7670143159004149,0.10398676907285238,0.6675061039938979,0.9105418671124026,0.25783509700176366,0.07189984832836972,0.20027336860670195,0.3541666666666667,0.1531451665350064,0.1621181321800755,0.03657900178988949,0.3824039199832923,0.4466120212622077,0.46773284482653904,0.7379737564845896,0.6803488881280332,0.5569119475709321,0,mixed
0.09,0.01,0.03,0.01,0.01,3,0.0,0.0,0.0,0.0,nan,0.0,nan,nan,1.3333333333333333,0.9428090415820634,0.0,2.0,17.46491375790598,3.886584989484511,14.691470116628357,22.96129762027304,0.1769387277087514,0.05484165008057058,0.1007763795055951,0.22770384490683945,0.1703713119767464,0.06359778919697663,0.08405797101449275,0.23542600896860988,0.30220776660753007,0.09974726431788818,0.20175438596491227,0.43820224719101125,0.7954545454545454,0.08088695645478264,0.7272727272727273,0.8560606060606061,0.10904752805487623,0.05451987994987531,0.04576864754763117,0.1788375046865836,12.666666666666666,2.494438257849294,10.0,14.666666666666666,17.666666666666668,9.46337971105226,10.0,24.666666666666668,1.3333333333333333,0.4714045207910317,1.0,2.0,1.6666666666666667,0.9428090415820634,1.0,3.0,1.3333333333333333,0.4714045207910317,1.0,2.0,0.7176044706092134,0.3613384476268532,0.3214688569348412,1.1952355838444273,0.12066137566137564,0.07415718127021563,0.026984126984126944,0.20833333333333331,0.42183951761576505,0.27877044122788297,0.12256583338563098,0.7937282096648075,0.33214819389692796,0.630239686619651,0.6949267622825755,0.6830250960690171,0.5494021611891561,0,mixed
0.09,0.01,0.03,0.01,0.02,3,0.0,0.0,0.0,0.0,nan,0.0,nan,nan,2.3333333333333335,0.4714045207910317,2.0,2.6666666666666665,18.886077411804948,3.2334501125375055,15.037836689429021,22.949375641331333,0.17444358476718747,0.056165916610050215,0.09596289005598324,0.21721947704709038,0.17544437477933356,0.05985288694836756,0.131068701320153,0.2242798353909465,0.4068965517241379,0.11641962784915477,0.26666666666666666,0.5517241379310345,0.6121212121212121,0.0834296963511285,0.5,0.7,0.12248312675404845,0.00572670930585612,0.11545580006196367,0.1294832365549648,12.333333333333334,1.699673171197595,11.0,13.666666666666666,12.333333333333334,8.178562764256865,1.0,20.0,1.6666666666666667,0.4714045207910317,1.3333333333333333,2.0,1.3333333333333333,1.247219128924647,0.0,2.3333333333333335,2.0,1.4142135623730951,1.0,4.0,0.7626496108211804,0.4475607601049425,0.13006888873114808,1.0975725645094858,0.3476190476190476,0.11214934433432187,0.23333333333333334,0.5,0.6817725549049194,0.19292865418192595,0.4258548817797982,0.8916570092151752,0.2912936239171934,0.500351576883142,0.7004543027158987,0.4556730445427601,0.4582661320435349,0,drift_dominant
0.09,0.02,0.01,0.0,0.0,3,0.0,0.0,0.0,0.0,nan,0.0,nan,nan,3.0,0.0,3.0,3.0,22.391410817651163,1.9738869962221859,20.013593119101973,24.84674457789847,0.40579598288950486,0.08930439094917217,0.28695999870263517,0.5022466363909106,0.39547216842455685,0.11200715288638174,0.25132275132275134,0.524416135881104,0.5364460239247664,0.14226640406447535,0.3411764705882353,0.676056338028169,0.9444444444444444,0.0785674201318386,0.8333333333333334,1.0,0.14003081833328854,0.01121798026689797,0.12601786577752322,0.15347876124581047,7.333333333333333,3.39934634239519,4.0,12.0,7.333333333333333,7.586537784494028,1.0,18.0,0.0,0.0,0.0,0.0,0.0,0.0,0.0,0.0,0.0,0.0,0.0,0.0,0.1106415032602442,0.018476152798542693,0.08646606526354228,0.1313148778307318,0.0,0.0,0.0,0.0,0.14634642687907803,0.09660871995035106,0.010137418809353926,0.22368113926285682,0.5547812743680287,0.47912052038041336,0.9557522123893805,0.9404762349603507,0.6931992655938596,0,mixed
0.09,0.02,0.01,0.0,0.01,3,0.0,0.0,0.0,0.0,nan,0.0,nan,nan,3.0,0.816496580927726,2.0,3.6666666666666665,23.077746498877847,3.7484259204793022,17.845894365576765,26.433157361475097,0.26268358887456955,0.09045640963765696,0.15639490892431626,0.37747677679211816,0.26661379067236807,0.09803998978417423,0.15384615384615385,0.34628412034269773,0.565058407595721,0.14991298750081106,0.35384615384615387,0.6865671641791045,0.8606902356902357,0.030588118368024577,0.8371212121212122,0.8888888888888888,0.13997599496984367,0.05013247983044978,0.06911022414872625,0.17726095904296718,9.0,0.816496580927726,8.0,9.666666666666666,6.666666666666667,6.649979114420001,1.0,16.0,1.3333333333333333,0.4714045207910317,1.0,2.0,0.0,0.0,0.0,0.0,0.0,0.0,0.0,0.0,0.12065011651064735,0.11564290433365185,0.03518910445836173,0.2836116248912084,0.0,0.0,0.0,0.0,0.2684305997860518,0.29257455159570345,0.017306284292199048,0.678777300631701,0.44320901544925,0.4509716049395321,0.8351769911504425,0.8992617792889342,0.6147538107299959,0,mixed
0.09,0.02,0.01,0.0,0.02,3,0.0,0.0,0.0,0.0,nan,0.0,nan,nan,1.0,0.816496580927726,0.0,2.0,22.81311953211387,3.9356088557996323,17.331276459932155,25.832044465017056,0.2804930054751783,0.09001505145984151,0.17198049747395536,0.39239334797964476,0.27638968451923757,0.09294235823172328,0.16198704103671707,0.38963963963963966,0.521412037037037,0.09888554557221119,0.421875,0.65625,0.7037037037037037,0.13857990321384966,0.5555555555555556,0.8888888888888888,0.041363476715332845,0.03216657506582539,0.0,0.07844124882245092,5.333333333333333,1.247219128924647,4.0,7.0,6.0,2.449489742783178,3.0,9.0,0.6666666666666666,0.4714045207910317,0.3333333333333333,1.0,0.0,0.0,0.0,0.0,0.0,0.0,0.0,0.0,0.1269809019662748,0.0918695021004579,0.05555391655379253,0.21428096617155368,0.0,0.0,0.0,0.0,0.3036328203185324,0.1523337152358803,0.10875915218801298,0.42758281945401194,0.39052490397261036,0.9146241328707422,0.9021017699115044,0.8868342135047378,0.7231269462913477,1,macro_stable_weak_repair
0.09,0.02,0.01,0.01,0.0,3,0.0,0.0,0.0,0.0,nan,0.0,nan,nan,2.3333333333333335,0.4714045207910317,2.0,3.0,20.86016844863812,3.490169065154958,18.165823989049716,24.097930821393884,0.26367346473307973,0.033913736539130164,0.2364256470635522,0.30027458387905503,0.24981982590678242,0.03913080480460807,0.1956521739130435,0.2801735301735302,0.42522362654052204,0.16102806286322255,0.1981981981981982,0.5542168674698795,0.9393939393939394,0.08570991287109665,0.8181818181818182,1.0,0.11847400663675085,0.019788436408173828,0.09090255230636964,0.1364111796707065,11.0,3.559026084010437,6.0,14.0,23.0,17.281975195754296,7.0,47.0,0.0,0.0,0.0,0.0,1.0,0.816496580927726,0.0,2.0,1.0,0.816496580927726,0.3333333333333333,2.0,0.20001973029273237,0.2366770878303243,4.440892098500626e-16,0.37750227626988586,0.12262626262626262,0.10412529634554243,0.0,0.2545454545454545,0.13980129171781416,0.13447734642348744,0.004130705626534947,0.3230547553601608,0.4417080331112639,0.5302392653441744,0.8088388770216661,0.8550931141107215,0.6199440261514635,0,mixed
0.09,0.02,0.01,0.01,0.01,3,0.0,0.0,0.0,0.0,nan,0.0,nan,nan,2.0,0.816496580927726,1.0,3.0,21.641235367612026,2.5369048955577047,19.50481384493921,23.541485589935196,0.23013700476565452,0.04090078986124321,0.19103348584936974,0.2866007950969849,0.21263969254050796,0.0431216970501385,0.17891373801916932,0.27350427350427353,0.39831871498049726,0.10060246432274783,0.25806451612903225,0.4891304347826087,0.85,0.10801234497346433,0.75,1.0,0.09574773719972417,0.037526326742310184,0.0506443855630692,0.1425193129251761,9.666666666666666,5.436502143433364,4.0,17.0,14.333333333333334,16.110727964792762,1.0,37.0,1.0,0.816496580927726,0.0,2.0,1.3333333333333333,0.9428090415820634,0.0,2.0,1.6666666666666667,1.247219128924647,0.0,3.0,0.6067152856659808,0.17627580944495966,0.46289954975956915,0.8175037018887585,0.13295454545454544,0.041518330999681115,0.10303030303030303,0.19166666666666665,0.5844764211332739,0.22767477678142561,0.39981100127749397,0.8799654682374115,0.37676833878604965,0.6311928795885444,0.753990311260299,0.6403652334531619,0.5685382474149456,0,mixed
0.09,0.02,0.01,0.01,0.02,3,0.0,0.0,0.0,0.0,nan,0.0,nan,nan,2.6666666666666665,1.247219128924647,1.0,4.0,21.09268161575619,1.6604514524094702,19.90572857793244,22.27106129884843,0.29626572513850236,0.1956342633625194,0.13960998803007416,0.5582792683511849,0.3031928884153751,0.19651554969114302,0.09055118110236221,0.46116983791402394,0.4411008230452675,0.22904784969502437,0.13580246913580246,0.6875,0.8452380952380952,0.11040022018447267,0.75,1.0,0.11147400997692695,0.06380701955959843,0.02613411005324762,0.16260845919140185,10.666666666666666,3.681787005729087,6.0,15.0,20.0,16.97056274847714,8.0,44.0,0.3333333333333333,0.4714045207910317,0.0,0.6666666666666666,1.3333333333333333,0.4714045207910317,1.0,2.0,1.3333333333333333,0.4714045207910317,1.0,2.0,0.4220663299668029,0.3643136653491231,0.08052382358733468,0.9269007619000083,0.24365079365079365,0.11478616178689703,0.15,0.38095238095238093,0.2853142691157705,0.15993213602713965,0.15891809162733053,0.4464981709661344,0.44085346878085546,0.511578355355781,0.7831900366188587,0.7003663605258398,0.5789045823411844,0,mixed
0.09,0.02,0.02,0.0,0.0,3,0.3333333333333333,0.4714045207910317,0.0,1.0,1.8269933110138785,0.0,1.8269933110138785,1.8269933110138785,2.0,2.160246899469287,-1.0,4.0,14.357464820619732,9.233458770772689,1.8269933110138785,23.804776017261783,0.4850437404909845,0.3611353086832654,0.20469608149307042,0.994922803030303,0.4809621144055106,0.3622835430351132,0.1761006289308176,0.99,0.5906172839506173,0.33265848467872516,0.18518518518518517,1.0,0.8974358974358975,0.145047544858779,0.6923076923076923,1.0,0.1251273641218524,0.10004878309050622,0.04349656214272738,0.24489240593737507,8.666666666666666,6.182412330330469,0.0,14.0,14.333333333333334,14.383632673594278,3.0,34.0,0.0,0.0,0.0,0.0,0.0,0.0,0.0,0.0,0.0,0.0,0.0,0.0,0.207256552682716,0.15613935918486457,0.0,0.3768605083123364,0.0,0.0,0.0,0.0,0.1837775805942412,0.1380866287857308,0.0,0.33286100549381126,0.8317440688576775,0.5947281260460249,0.9092920353982301,0.9130773569769,0.8042663340867194,0,mixed
0.09,0.02,0.02,0.0,0.01,3,0.3333333333333333,0.4714045207910317,0.0,1.0,1.8269933110138785,0.0,1.8269933110138785,1.8269933110138785,0.6666666666666666,1.247219128924647,-1.0,2.0,15.641304501945186,10.002028500987558,1.8269933110138785,25.181797512542765,0.4714043565357985,0.3705789842854692,0.18868081774855036,0.7401516849630494,0.4629171483622351,0.37277037393870044,0.1965009633911368,0.7293333333333333,0.5318015318015318,0.3310673166397231,0.2967032967032967,1.0,0.8285714285714285,0.1261680123761121,0.7,0.9285714285714286,0.05891699773924651,0.041729372656985474,0.0,0.09130830184678898,7.0,5.354126134736337,0.0,13.0,16.0,11.430952132988164,0.0,26.0,0.6666666666666666,0.4714045207910317,0.0,1.0,0.0,0.0,0.0,0.0,0.0,0.0,0.0,0.0,0.10152533286104763,0.08423335841065765,0.0,0.20625412843103796,0.0,0.0,0.0,0.0,0.09395780273435698,0.115777461583793,0.0,0.2570641315042759,0.7735984597817339,0.8914992389201136,0.8357300884955752,0.9589229791344799,0.8525648841796464,1,spacetime_candidate
0.09,0.02,0.02,0.0,0.02,3,0.3333333333333333,0.4714045207910317,0.0,0.6666666666666666,1.8269933110138785,0.0,1.8269933110138785,1.8269933110138785,1.0,1.632993161855452,-1.0,3.0,15.494516533075782,9.916957762447431,7.752876832820138,25.05191241178081,0.6000420418991074,0.31234174710823853,0.23117255398508998,0.994922803030303,0.6084005621027754,0.30192323781263836,0.25170068027210885,0.99,0.7385240775484678,0.18755222971355498,0.5692307692307692,1.0,0.8141025641025641,0.13354273497435679,0.6923076923076923,1.0,0.06077571370489841,0.057095599900180725,0.0,0.13720263831167387,6.0,4.242640687119285,0.0,9.0,3.0,3.559026084010437,0.0,8.0,0.3333333333333333,0.4714045207910317,0.0,1.0,0.0,0.0,0.0,0.0,0.0,0.0,0.0,0.0,0.10971284284495542,0.1306755016307494,0.0,0.2933576534018212,0.0,0.0,0.0,0.0,0.20407726865526296,0.14499458004675117,0.0,0.32342178863074045,0.9142333668187327,0.8680320984433715,0.9532632743362831,0.9218802894007965,0.9120184157448153,1,spacetime_candidate
0.09,0.02,0.02,0.01,0.0,3,0.0,0.0,0.0,0.0,nan,0.0,nan,nan,1.6666666666666667,0.4714045207910317,1.0,2.0,19.243719441674955,3.5670470893845496,14.696227022092181,22.147806998780823,0.21067638103542322,0.06505668287055996,0.14644881249144534,0.26180674450200325,0.21028366745406551,0.0648660479660885,0.15463917525773196,0.3012658227848101,0.2739361595207944,0.11012496191428318,0.12173913043478261,0.3786407766990291,1.0,0.0,1.0,1.0,0.11236765579928555,0.03636639180414621,0.08381860696417597,0.16368925212862448,13.333333333333334,1.247219128924647,12.0,15.0,27.0,19.510680835549195,6.0,53.0,0.0,0.0,0.0,0.0,3.3333333333333335,2.0548046676563256,1.0,6.0,3.6666666666666665,3.2998316455372216,0.0,8.0,0.7821593057131738,0.7060945950739629,0.008437167682871394,1.715710328569036,0.2141975308641975,0.26103594633629096,0.025925925925925908,0.39999999999999997,0.28528205750283214,0.19508566858973433,0.12120805698727644,0.5594060664305655,0.40204714654487117,0.5758670251909069,0.6778074458346048,0.66118139486788,0.5524810257289287,0,mixed
0.09,0.02,0.02,0.01,0.01,3,0.0,0.0,0.0,0.0,nan,0.0,nan,nan,3.3333333333333335,1.247219128924647,2.0,5.0,21.989171727321985,1.356332690691419,20.9369975891993,23.866625800761962,0.22470007888089263,0.011135762300970922,0.21014833757761547,0.23371417729594304,0.21992837411197108,0.010977422715119058,0.2097130242825607,0.23515981735159816,0.44592267286661497,0.07127321951796757,0.35714285714285715,0.5316455696202531,0.9074074074074074,0.06928995160692483,0.8518518518518519,1.0,0.1490808459258751,0.06963550226393138,0.0913153137213276,0.2470361263168949,13.333333333333334,1.699673171197595,11.0,15.0,6.666666666666667,6.018490028422596,1.0,15.0,1.0,0.816496580927726,0.0,2.0,1.6666666666666667,2.3570226039551585,0.0,5.0,2.3333333333333335,2.0548046676563256,0.0,5.0,0.6380978689223583,0.4637438132818947,0.2627833115553561,1.2444678552782005,0.17175925925925928,0.1349286209034679,0.0,0.32962962962962966,0.5449693759473624,0.1235491753799584,0.3981965809497219,0.7004527167025367,0.4066643403351024,0.3239350806034958,0.7862545773573391,0.6250105992757627,0.5055693245947801,0,mixed
0.09,0.02,0.02,0.01,0.02,3,0.0,0.0,0.0,0.0,nan,0.0,nan,nan,2.0,0.0,2.0,2.0,21.470133219566176,2.3041002224480835,18.228657647721782,23.37887072854381,0.21489236011992963,0.008663283790318941,0.20803447034965233,0.22668027903009147,0.21744429186414535,0.012797913115731278,0.20788234574695774,0.2354368932038835,0.45450327398221857,0.028335455740999514,0.4331631688409907,0.4942528735632184,0.8425925925925926,0.11188005531106085,0.75,1.0,0.10130436370974219,0.0166701883390504,0.08940691747988772,0.12487641023933123,11.666666666666666,3.0912061651652345,9.333333333333334,16.0,12.333333333333334,7.133644853010899,5.0,18.0,1.6666666666666667,1.247219128924647,0.0,3.0,0.3333333333333333,0.4714045207910317,0.0,1.0,0.3333333333333333,0.4714045207910317,0.0,1.0,0.43132182850547157,0.301984356386046,0.19513619010408742,0.8469153243171517,0.05245149911816579,0.0539527821881954,0.0,0.12666666666666665,0.5491745713029974,0.2761240976905041,0.19901213440014764,0.8739437212144632,0.3875578037656968,0.58719229759805,0.7520060268538297,0.7276934019640816,0.5783831914810887,0,mixed
0.09,0.02,0.03,0.0,0.0,3,0.0,0.0,0.0,0.0,nan,0.0,nan,nan,2.6666666666666665,0.4714045207910317,2.0,3.0,20.448959885765156,3.645073531278313,17.620043231990635,23.27787653953968,0.19819011092225242,0.04481053404481223,0.15678616608818363,0.23274151556272693,0.19906585040448602,0.05261249954096341,0.1504424778761062,0.2721518987341772,0.38307058697827123,0.15056968749313174,0.24074074074074073,0.5913978494623656,1.0,0.0,1.0,1.0,0.12302840105544957,0.02110453130766345,0.09419766917919065,0.14412908951262557,12.666666666666666,1.8856180831641267,10.0,14.0,14.666666666666666,10.873004286866728,0.0,26.0,0.0,0.0,0.0,0.0,0.0,0.0,0.0,0.0,0.6666666666666666,0.4714045207910317,0.0,1.0,0.3184670176033402,0.22390258135249724,0.009616859132480116,0.5333671628896721,0.09604938271604938,0.06799858341495865,0.0,0.14814814814814814,0.2463972748060189,0.1105353434159005,0.09479233241573448,0.35520049293567,0.41573061828790764,0.4566734812777617,0.8984589563625267,0.8177030882562022,0.6029064956439538,0,mixed
0.09,0.02,0.03,0.0,0.01,3,0.0,0.0,0.0,0.0,nan,0.0,nan,nan,1.6666666666666667,0.4714045207910317,1.0,2.0,23.64024423819057,3.397847700472126,19.243128399146247,27.517218886932483,0.20980366240736148,0.08627998639578936,0.14533169581418084,0.3317551862830078,0.22269034197867488,0.11090645056038849,0.14320388349514562,0.3014660197617429,0.553882905712174,0.1531082898575213,0.41818181818181815,0.7678571428571429,0.8472222222222222,0.1374929852307176,0.6666666666666666,1.0,0.05352292740110099,0.02032189056974529,0.036953947688612855,0.07760743557306565,9.666666666666666,2.0548046676563256,7.0,12.0,2.0,1.4142135623730951,0.0,3.0,0.6666666666666666,0.4714045207910317,0.0,1.0,0.0,0.0,0.0,0.0,0.0,0.0,0.0,0.0,0.2221547452138978,0.11185999963481989,0.06914833127063513,0.33345403309444865,0.0,0.0,0.0,0.0,0.6034555767907231,0.14626957294834164,0.484201931993319,0.7879324836716679,0.4006526544128559,0.7449971278299342,0.9286504424778761,0.7744765241730631,0.667103104332171,0,mixed
0.09,0.02,0.03,0.0,0.02,3,0.0,0.0,0.0,0.0,nan,0.0,nan,nan,2.6666666666666665,1.699673171197595,1.0,5.0,22.061660463215436,4.518511359920754,15.941287554437451,26.712819562787786,0.15114795082739266,0.035129117495123645,0.1067774172756218,0.19268584425259072,0.14307403374759275,0.04254772101521033,0.0906801007556675,0.19489559164733178,0.29623015873015873,0.038686914773002574,0.24285714285714285,0.3333333333333333,0.7032828282828283,0.08300747431259398,0.625,0.7676767676767677,0.12519682395205958,0.0680991171434344,0.029094237940473076,0.1786753036127428,10.0,2.160246899469287,8.333333333333334,13.0,15.666666666666666,8.013876853447538,10.0,27.0,1.3333333333333333,0.4714045207910317,1.0,2.0,0.3333333333333333,0.4714045207910317,0.0,1.0,0.0,0.0,0.0,0.0,0.630571474167286,0.1069440341418581,0.4999950498810213,0.7619496834602322,0.0,0.0,0.0,0.0,1.0400492380948207,0.26637971824132156,0.666534148297671,1.2692578101406768,0.25002143274149063,0.49792889982013655,0.7654424778761062,0.568283146110177,0.47873485121181253,0,drift_dominant
0.09,0.02,0.03,0.01,0.0,3,0.0,0.0,0.0,0.0,nan,0.0,nan,nan,2.3333333333333335,0.4714045207910317,2.0,2.6666666666666665,18.684578805684108,3.2806034910925472,14.450370079961727,22.443982242683518,0.24220794704885387,0.05192577613130355,0.16901846313730623,0.28398958825450354,0.24054488000366994,0.05910463087998885,0.19852593246764574,0.2830188679245283,0.40495986485291297,0.04958885438658995,0.3516483516483517,0.47107438016528924,1.0,0.0,1.0,1.0,0.1355896865390061,0.007724546101376836,0.12716613329291018,0.14582522708016077,12.0,0.816496580927726,11.0,13.0,19.666666666666668,11.440668201153676,6.0,34.0,0.0,0.0,0.0,0.0,2.0,0.816496580927726,1.3333333333333333,3.0,4.0,2.160246899469287,2.3333333333333335,7.0,0.7081669368539912,0.1353214646750111,0.5367302901868505,0.8675395563102581,0.20578483245149917,0.22072890513169804,0.025925925925925963,0.5166666666666667,0.19993337508160994,0.1876054204458441,0.04896721669749937,0.46436249137963537,0.4618704982918469,0.48217279053963313,0.7621696673787001,0.7056025701737022,0.5757523195475351,0,mixed
0.09,0.02,0.03,0.01,0.01,3,0.0,0.0,0.0,0.0,nan,0.0,nan,nan,2.3333333333333335,0.4714045207910317,2.0,3.0,20.033495230981764,3.768193654846664,17.367117688026894,22.70360120037448,0.19136161449647018,0.042448018724041706,0.1591059527792711,0.22876346957199092,0.18710657917706375,0.044645694516699364,0.1277533039647577,0.23543123543123542,0.3817055662262577,0.07413647024584447,0.2777777777777778,0.44565217391304346,0.8300958300958301,0.09777937271020863,0.6923076923076923,0.9090909090909091,0.1201692092330834,0.036436631248187024,0.07664342999922823,0.16581874892152196,16.333333333333332,4.109609335312651,11.0,21.0,15.0,2.449489742783178,12.0,17.0,0.6666666666666666,0.4714045207910317,0.3333333333333333,1.0,3.0,1.632993161855452,1.0,5.0,2.0,0.816496580927726,1.0,3.0,0.726496599225762,0.2124217340300156,0.4543129737012803,0.9726863008403308,0.16666666666666666,0.0,0.16666666666666666,0.16666666666666666,0.6464371601172264,0.26246958494461287,0.2871244289860113,0.9067545166683553,0.3566889794884134,0.4367618061497199,0.7265051876716508,0.5811670353075531,0.49556603895421547,0,drift_dominant
0.09,0.02,0.03,0.01,0.02,3,0.0,0.0,0.0,0.0,nan,0.0,nan,nan,3.0,0.0,3.0,3.0,21.34758997192849,2.1035018092075948,18.62076768021301,23.74076319422044,0.18885773066668776,0.03971055013809234,0.1346974996023357,0.22879839504784044,0.19930149718499585,0.04030447809024772,0.14244186046511628,0.23118279569892472,0.3837484472538013,0.11900703382203483,0.29069767441860467,0.5517241379310345,0.8047138047138047,0.1496707796019722,0.6363636363636364,1.0,0.12701842453433776,0.009680401753354446,0.11576414440535841,0.13939620540125258,12.0,2.8284271247461903,8.0,14.0,20.333333333333332,13.888444437333106,1.0,33.0,0.6666666666666666,0.9428090415820634,0.0,2.0,0.6666666666666666,0.4714045207910317,0.3333333333333333,1.0,0.6666666666666666,0.4714045207910317,0.3333333333333333,1.0,0.5367639070545291,0.5419880419882567,0.13006888873114808,0.9276616844528255,0.17500000000000002,0.12601440246904172,0.0,0.2916666666666667,0.5958536586533829,0.2488139967924459,0.41404240375700385,0.9476636904233466,0.34240819981316745,0.42368177968688053,0.7783483368935001,0.6225423974493942,0.5059414617249076,0,mixed
0.09,0.03,0.01,0.0,0.0,3,0.0,0.0,0.0,0.0,nan,0.0,nan,nan,2.3333333333333335,0.4714045207910317,2.0,3.0,24.28182324665623,3.2211039736356173,21.684571020523876,27.819279962799644,0.30419173448247916,0.12604854079926175,0.15926605098905358,0.4665420706564331,0.2954063987286958,0.13904970431526034,0.15789473684210525,0.4047415587545739,0.4067468668163113,0.12488501228523495,0.2840909090909091,0.578125,0.8777777777777778,0.08748897637790899,0.8,1.0,0.10139448468318113,0.03859724585991216,0.06069634073422023,0.15324541202029066,7.333333333333333,0.9428090415820634,6.0,8.0,9.333333333333334,8.73053390247253,2.3333333333333335,21.0,0.0,0.0,0.0,0.0,0.0,0.0,0.0,0.0,0.0,0.0,0.0,0.0,0.13789915258289134,0.09088667568403062,0.06445247994046206,0.21134582522532064,0.0,0.0,0.0,0.0,0.05235717201120749,0.03394188869580469,0.024780469619646157,0.09134104563377599,0.41911649161176917,0.6234377429642137,0.9424778761061947,0.9666886315562242,0.6843835093376565,1,mixed
0.09,0.03,0.01,0.0,0.01,3,0.0,0.0,0.0,0.0,nan,0.0,nan,nan,3.6666666666666665,0.4714045207910317,3.0,4.0,22.37338850058142,5.212432900695603,15.014117684180125,26.42049486617753,0.3492145128650711,0.21226128976566516,0.19546378945728815,0.6493673230230397,0.35462197377997573,0.22019031753998608,0.19517543859649122,0.6659877800407332,0.5999644435868023,0.16784721853776804,0.3978494623655914,0.8088235294117647,0.8727272727272727,0.05142594772265797,0.8,0.9090909090909091,0.16589950065735717,0.032658134679766485,0.1379036964875491,0.21170945789132328,8.666666666666666,2.3570226039551585,7.0,12.0,7.666666666666667,4.642796092394707,3.0,14.0,1.3333333333333333,0.4714045207910317,1.0,1.6666666666666667,0.0,0.0,0.0,0.0,0.0,0.0,0.0,0.0,0.14395198270147147,0.05638440680005308,0.09057118368419603,0.22194218452453085,0.0,0.0,0.0,0.0,0.3756638841719091,0.15232823708814622,0.2528193566660186,0.5903432987138619,0.5176211308971276,0.33541677589760854,0.8285398230088495,0.8607709137648886,0.6028837371431444,0,mixed
0.09,0.03,0.01,0.0,0.02,3,0.0,0.0,0.0,0.0,nan,0.0,nan,nan,1.6666666666666667,1.699673171197595,0.0,4.0,23.40267011780854,5.027837018632509,16.7163458582209,28.84071137314505,0.2624554015994848,0.0675918849555777,0.17991504934885563,0.34547856630679935,0.25175675988980994,0.07796596508602381,0.14672686230248308,0.3333333333333333,0.4534077034077034,0.1045878703225632,0.3484848484848485,0.5961538461538461,0.6666666666666666,0.11785113019775792,0.5,0.75,0.08361877418100319,0.10934218545793832,0.0,0.23807582318433396,6.333333333333333,2.0548046676563256,4.0,9.0,6.333333333333333,0.9428090415820634,5.0,7.0,1.0,0.816496580927726,0.0,2.0,0.0,0.0,0.0,0.0,0.0,0.0,0.0,0.0,0.415934559295772,0.2941491683693775,0.20601132957557042,0.6297696891606048,0.0,0.0,0.0,0.0,0.5121837138967302,0.43232664767968243,0.15970699307490863,1.057430162465465,0.3418229547791553,0.746778266661123,0.8686393805309734,0.7735279912800938,0.6347660752001985,0,mixed
0.09,0.03,0.01,0.01,0.0,3,0.0,0.0,0.0,0.0,nan,0.0,nan,nan,2.3333333333333335,0.4714045207910317,2.0,3.0,21.10761351646786,3.5453438439639613,16.25754629553226,24.633478822611373,0.25770807314471067,0.03084749146947709,0.22339858978263116,0.2981972552199314,0.24750103819871264,0.033807790552177114,0.2042042042042042,0.2867132867132867,0.41073083778966135,0.10965184969163869,0.32484848484848483,0.5176470588235295,0.9393939393939394,0.08570991287109665,0.8181818181818182,1.0,0.11651248279909658,0.01824524491954505,0.09107277431651756,0.1329672222464298,13.666666666666666,2.6246692913372702,11.666666666666666,16.0,18.333333333333332,11.264496832477201,8.0,34.0,0.0,0.0,0.0,0.0,1.6666666666666667,2.3570226039551585,0.0,5.0,3.0,2.8284271247461903,1.0,7.0,0.444321975825032,0.5367782804662417,0.05925989750887295,0.8257068033581908,0.21654040404040403,0.044048468472096425,0.18333333333333332,0.2787878787878788,0.18864690864757291,0.17134429659765987,0.06660444239218581,0.4309445620688608,0.43326018742446276,0.4886076920285138,0.7939502593835825,0.7444656848583859,0.5814761774540841,0,mixed
0.09,0.03,0.01,0.01,0.01,3,0.0,0.0,0.0,0.0,nan,0.0,nan,nan,2.6666666666666665,1.247219128924647,1.0,4.0,21.805614090212455,2.4278944453194375,19.53697354344313,25.171964764058792,0.23593873575481297,0.03962207233225483,0.20318558436556905,0.2916889857688149,0.23785146231458112,0.04732420763526049,0.18289085545722714,0.2984054669703872,0.39649350649350645,0.16035243272783187,0.17,0.5194805194805194,0.9153846153846154,0.06374257894695412,0.8461538461538461,1.0,0.13036167325876383,0.028492569407196598,0.09581329193923323,0.16559545128255576,11.666666666666666,1.699673171197595,10.0,14.0,17.0,11.775681155103795,5.0,33.0,0.3333333333333333,0.4714045207910317,0.0,1.0,0.6666666666666666,0.4714045207910317,0.0,1.0,1.0,0.0,1.0,1.0,0.1842499033769339,0.1544633858992988,0.0010372030150191947,0.3788768155578386,0.20816498316498316,0.06603630579601084,0.11944444444444445,0.2777777777777778,0.18841113801811496,0.1264890457064532,0.010462671066706397,0.29319598052150675,0.4062980131151012,0.4602903095601638,0.8274118858712236,0.7905974536922384,0.5808787498930188,0,mixed
0.09,0.03,0.01,0.01,0.02,3,0.0,0.0,0.0,0.0,nan,0.0,nan,nan,2.3333333333333335,0.4714045207910317,2.0,3.0,20.648246760967687,1.7239871595630956,18.943246437016516,23.010027549931657,0.3269568239511105,0.22966597710583858,0.08446145048790996,0.6353319724478844,0.33557684787419056,0.23923479482568646,0.08306709265175719,0.6568421052631579,0.48979377104377103,0.2526977963416913,0.15625,0.7676767676767676,0.8461538461538461,0.21757131728816848,0.5384615384615384,1.0,0.11171858737289787,0.014679287222860347,0.09467186770265865,0.13050251353839398,8.333333333333334,0.4714045207910317,8.0,9.0,15.333333333333334,9.741092797468305,7.0,29.0,0.6666666666666666,0.9428090415820634,0.0,2.0,0.6666666666666666,0.4714045207910317,0.0,1.0,1.0,0.0,1.0,1.0,0.2049407017116874,0.057407658106084516,0.1253018899129108,0.25842405855130224,0.21576479076479077,0.11524493104237266,0.10606060606060605,0.375,0.23972622647472247,0.16928465256744651,0.0922809593006968,0.47679162936392006,0.4779046616480722,0.5877187587646535,0.8072238327738785,0.7661234565585376,0.628865779134472,0,mixed
0.09,0.03,0.02,0.0,0.0,3,0.3333333333333333,0.4714045207910317,0.0,1.0,1.8214146615012803,0.0,1.8214146615012803,1.8214146615012803,1.6666666666666667,1.8856180831641267,-1.0,3.0,14.397881444502081,9.270425980198503,7.040611143568855,23.89322556430096,0.48690764698059436,0.3600419664868744,0.20313805683548783,0.994922803030303,0.4818634434131952,0.36170853159628674,0.17682926829268292,0.99,0.5918593320931881,0.32752710741402397,0.19811320754716982,1.0,0.8974358974358975,0.145047544858779,0.6923076923076923,1.0,0.11458787407173257,0.08793168882300317,0.0,0.18582689062886035,9.333333333333334,6.79869268479038,0.0,16.0,13.666666666666666,14.055445761538676,0.0,33.0,0.0,0.0,0.0,0.0,0.0,0.0,0.0,0.0,0.0,0.0,0.0,0.0,0.14610756006441092,0.1369287138197824,0.0,0.3292233438559893,0.0,0.0,0.0,0.0,0.08000945342894335,0.07909494748672316,0.0,0.18771116381619435,0.8326825366319502,0.639627146721289,0.9137168141592921,0.9564158709802708,0.8253722115294173,1,mixed
0.09,0.03,0.02,0.0,0.01,3,0.3333333333333333,0.4714045207910317,0.0,0.6666666666666666,1.8214146615012803,0.0,1.8214146615012803,1.8214146615012803,1.3333333333333333,1.699673171197595,-1.0,3.0,15.61793651958965,9.968258708204393,1.8214146615012803,25.02443606866313,0.4702337382570287,0.37145342817226246,0.18569657349161994,0.994922803030303,0.4634485097038783,0.37236631589394176,0.1936416184971098,0.99,0.5492753623188406,0.31930795783799115,0.3,1.0,0.8285714285714285,0.1261680123761121,0.7,1.0,0.07658716107375996,0.05724494334239557,0.0,0.13760254559728632,7.333333333333333,5.734883511361751,0.0,14.0,15.666666666666666,11.145502331533658,0.0,25.0,0.6666666666666666,0.4714045207910317,0.3333333333333333,1.0,0.0,0.0,0.0,0.0,0.0,0.0,0.0,0.0,0.05539377563009188,0.0574414234369147,0.0,0.13454863567268172,0.0,0.0,0.0,0.0,0.08328467463343188,0.08692676071284672,0.0,0.2032349925169158,0.7783558313792641,0.779650041268861,0.8379424778761062,0.9696680246590637,0.8288591518069917,1,spacetime_candidate
0.09,0.03,0.02,0.0,0.02,3,0.3333333333333333,0.4714045207910317,0.0,1.0,1.8214146615012803,0.0,1.8214146615012803,1.8214146615012803,1.6666666666666667,2.0548046676563256,-1.0,4.0,14.510815229154963,9.327359275863122,1.8214146615012803,21.895482473822792,0.5940542352909197,0.3336878348745066,0.177982175825704,0.994922803030303,0.5963730271092235,0.33129894807583826,0.1794871794871795,0.8665439672801636,0.7373692300064455,0.24537068212234323,0.40963855421686746,1.0,0.809116809116809,0.19668439423468043,0.5384615384615384,1.0,0.10467057748478303,0.08641418229845013,0.0,0.21163341431617613,5.0,3.7416573867739413,0.0,9.0,2.3333333333333335,1.699673171197595,1.0,4.0,1.0,0.816496580927726,0.0,2.0,0.0,0.0,0.0,0.0,0.0,0.0,0.0,0.0,0.16393858147705376,0.11712212592560864,0.0,0.26638944196669456,0.0,0.0,0.0,0.0,0.26265163469253566,0.2065347042626843,0.0,0.5046366820755058,0.9136913070726691,0.7311037084141859,0.8951880530973451,0.894306622744629,0.8604668197473754,0,mixed
0.09,0.03,0.02,0.01,0.0,3,0.0,0.0,0.0,0.0,nan,0.0,nan,nan,2.3333333333333335,0.4714045207910317,2.0,3.0,19.556765733111217,3.598218114436224,14.719909208337679,23.344272012870334,0.2157084101601848,0.06071572711894657,0.15877598200237528,0.29983990289118534,0.20779453909034187,0.0692580199455424,0.1357142857142857,0.2629783847805167,0.2711121386863961,0.11986257491197252,0.10576923076923077,0.38613861386138615,1.0,0.0,1.0,1.0,0.1288057753124658,0.048188751221363874,0.08983851337332709,0.16442906753807235,14.0,0.816496580927726,13.0,15.0,25.666666666666668,16.131404843417148,8.0,47.0,0.0,0.0,0.0,0.0,3.3333333333333335,1.247219128924647,2.0,5.0,3.6666666666666665,2.494438257849294,1.0,7.0,0.7439811073308799,0.5038364594667801,0.19679526669324998,1.4128176344117755,0.15391975308641972,0.17115520270828374,0.025925925925925908,0.3958333333333333,0.21108341359688024,0.1079995745222533,0.12120805698727644,0.291670117681115,0.3998638746165783,0.4606080388421754,0.6866570033567287,0.7273769860367598,0.537911163705044,0,mixed
0.09,0.03,0.02,0.01,0.01,3,0.0,0.0,0.0,0.0,nan,0.0,nan,nan,3.3333333333333335,1.247219128924647,2.0,5.0,22.551097042989547,1.8870225931241518,20.647761158587805,25.122723559908604,0.19959682483317556,0.0162711265248351,0.17661334584559116,0.21206021642583744,0.19711918642144052,0.016314841031816307,0.18052256532066507,0.21929824561403508,0.4815435676258508,0.10768961668293404,0.32954545454545453,0.5602915740054362,0.7916666666666666,0.05892556509887896,0.75,0.8333333333333334,0.15721592625445396,0.06794622086122051,0.08411606441428937,0.24777827281385267,9.666666666666666,3.681787005729087,5.0,14.0,6.0,5.0990195135927845,1.0,13.0,2.0,0.816496580927726,1.0,3.0,2.6666666666666665,0.9428090415820634,2.0,4.0,3.3333333333333335,1.8856180831641267,2.0,6.0,0.8351207974693083,0.44448402890458555,0.4629214604884284,1.4599114940081046,0.5147927689594356,0.08943925548681748,0.3925925925925926,0.6041666666666666,0.18746532561333354,0.11862411629729921,0.033015336396238326,0.32140382896628994,0.35911075214670257,0.37129191422184743,0.6539983216356423,0.5046456527166346,0.45024053667726316,0,drift_dominant
0.09,0.03,0.02,0.01,0.02,3,0.0,0.0,0.0,0.0,nan,0.0,nan,nan,2.3333333333333335,0.4714045207910317,2.0,3.0,21.423015495876083,2.2596632055595665,19.741204343246334,23.10482664850583,0.21577370057456358,0.007505560074102053,0.20916040294497348,0.2214770686489989,0.21636003947690874,0.013190945109605721,0.20693972762512436,0.23501199040767387,0.4597767742501206,0.021547249296483148,0.43023255813953487,0.4810126582278481,0.8233618233618234,0.12968440657254748,0.6923076923076923,1.0,0.1108959022399868,0.029827422490135005,0.08944144450455448,0.15307614973972664,14.333333333333334,1.247219128924647,13.0,16.0,12.0,5.715476066494082,7.333333333333333,16.666666666666668,1.3333333333333333,0.9428090415820634,0.0,2.0,1.3333333333333333,0.4714045207910317,1.0,2.0,1.6666666666666667,0.9428090415820634,1.0,3.0,0.6777529103398704,0.14784498360121465,0.4867514654399221,0.8469153243171517,0.1033774250440917,0.02798483618837655,0.06402116402116398,0.12666666666666665,0.26493834044224646,0.23266807895405905,0.013693172918842977,0.5745678582943815,0.38299157417127255,0.4875195339268814,0.7382270369240158,0.7505985552157742,0.5536920528696236,0,mixed
0.09,0.03,0.03,0.0,0.0,3,0.0,0.0,0.0,0.0,nan,0.0,nan,nan,3.0,0.0,3.0,3.0,20.204447499207152,3.4282285898524663,15.36235015901256,22.836912600745084,0.19342865766023498,0.04797269579470817,0.15074994995105348,0.2604403800096072,0.18261699888047903,0.06352275136092193,0.13149847094801223,0.2295014748092007,0.316772538794343,0.19465147367248278,0.17398774839384432,0.5913978494623656,1.0,0.0,1.0,1.0,0.13208319745904065,0.013170789624716284,0.12186070452876456,0.1445255136085241,13.333333333333334,0.9428090415820634,12.0,14.0,19.0,13.589211407093005,0.0,29.333333333333332,0.0,0.0,0.0,0.0,0.0,0.0,0.0,0.0,0.3333333333333333,0.4714045207910317,0.0,1.0,0.10258148187383354,0.08548537752075298,0.009616859132480116,0.21599516738038815,0.025555555555555554,0.03614101326064576,0.0,0.07666666666666666,0.10267058267104774,0.08426556825602369,0.0036316573707035893,0.20958775822670517,0.39257552437347837,0.3918748517452906,0.8740082392432102,0.9406302815709243,0.5982978506298671,0,macro_stable_weak_repair
0.09,0.03,0.03,0.0,0.01,3,0.0,0.0,0.0,0.0,nan,0.0,nan,nan,2.3333333333333335,0.4714045207910317,2.0,3.0,22.283191005265227,2.920473305565858,20.13500883173952,24.609045180375897,0.20316396851186663,0.07467078280298477,0.12922180894510754,0.3054267513329886,0.1917934517290685,0.08454133706038325,0.10888888888888888,0.30785123966942146,0.38890888099200815,0.21032058932862374,0.19767441860465115,0.6818181818181818,0.7518518518518519,0.1851110962903674,0.6037037037037037,1.0,0.09020334811425144,0.010959820895695265,0.07723585292720535,0.10403961653596873,11.333333333333334,2.494438257849294,8.0,14.0,7.666666666666667,5.734883511361751,3.0,15.0,1.6666666666666667,1.699673171197595,0.0,4.0,0.3333333333333333,0.4714045207910317,0.0,1.0,0.3333333333333333,0.4714045207910317,0.0,1.0,0.2974270266894686,0.25031580284392874,4.440892098500626e-16,0.6123929823503915,0.046913580246913576,0.06634582144466371,0.0,0.14074074074074072,0.3403801138688913,0.22250673605297805,0.031593305672806715,0.5472320892063443,0.32202939674197123,0.5759872835222453,0.7829794781812633,0.8199239569574894,0.5772877967680018,0,mixed
0.09,0.03,0.03,0.0,0.02,3,0.0,0.0,0.0,0.0,nan,0.0,nan,nan,1.6666666666666667,0.9428090415820634,1.0,3.0,22.583843659267455,5.531798445924628,15.981885842232463,29.519627350172737,0.1629652331656419,0.03455446563052165,0.11628385087445087,0.1904779615574506,0.158304978172182,0.042883274522163645,0.09776536312849161,0.19168591224018475,0.32585227272727274,0.050451538096285956,0.2545454545454545,0.36363636363636365,0.8143939393939394,0.05110127864860622,0.75,0.875,0.08926718446194962,0.07817072915525135,0.02362000933289366,0.19912213345269664,8.333333333333334,1.247219128924647,7.0,10.0,13.333333333333334,2.8674417556808756,10.0,17.0,1.6666666666666667,0.4714045207910317,1.0,2.0,0.0,0.0,0.0,0.0,0.0,0.0,0.0,0.0,0.3451809436035351,0.2574425402968252,9.934106870446158e-09,0.6180339887267114,0.0,0.0,0.0,0.0,0.3911765188060855,0.28804925981990565,0.10875915218801292,0.7866269913602775,0.2994317884258865,0.7026108163256534,0.759679203539823,0.8239789194169044,0.5971854546218192,0,mixed
0.09,0.03,0.03,0.01,0.0,3,0.0,0.0,0.0,0.0,nan,0.0,nan,nan,2.6666666666666665,0.4714045207910317,2.0,3.0,17.767262126079356,3.380218978178233,14.380581376480897,20.434518743905155,0.24598442191189693,0.04344485929358882,0.18498836351144027,0.28286949606778805,0.2514276560666201,0.04069167145711207,0.19390581717451524,0.28165374677002586,0.36004273504273504,0.03773087224842898,0.3162393162393162,0.4083333333333333,1.0,0.0,1.0,1.0,0.1441861553941167,0.007508531173965604,0.1341442333655676,0.1502036053593823,14.0,1.632993161855452,12.0,16.0,23.666666666666668,13.719410418171119,9.0,34.666666666666664,0.0,0.0,0.0,0.0,2.6666666666666665,0.9428090415820634,2.0,4.0,2.6666666666666665,1.699673171197595,1.0,5.0,0.6608863912169266,0.3260984308750149,0.39684182748333424,1.027280950393346,0.1548148148148148,0.1632802746887186,0.025925925925925963,0.38518518518518513,0.32621108635794,0.17101528278704953,0.0864704171676951,0.4736975226378033,0.46080866831703693,0.3956085576458324,0.7328623741226732,0.7025777577331157,0.5472731996935789,0,mixed
0.09,0.03,0.03,0.01,0.01,3,0.0,0.0,0.0,0.0,nan,0.0,nan,nan,2.6666666666666665,0.4714045207910317,2.0,3.0,19.620616921994525,3.406612672744787,14.8581325584618,22.631598628078518,0.19627777927044465,0.03195181083694854,0.1515130273180276,0.2239954209962803,0.18389417599943916,0.034808613172817686,0.13596491228070176,0.2175824175824176,0.3421077832842539,0.04870865613052262,0.2777777777777778,0.3956043956043956,0.8233618233618234,0.12968440657254748,0.6923076923076923,1.0,0.15998839490122418,0.04484930089639719,0.10219189051960119,0.2115110310017057,14.666666666666666,4.642796092394707,10.0,21.0,11.0,4.96655480858378,7.0,18.0,0.0,0.0,0.0,0.0,2.3333333333333335,1.8856180831641267,1.0,5.0,2.3333333333333335,0.9428090415820634,1.0,3.0,0.6095646025326948,0.2829781785480385,0.2823262037523748,0.8396846348953468,0.19166666666666665,0.04762896722078401,0.15,0.2583333333333333,0.27547885720794835,0.03177761680442771,0.2320660342329408,0.3005388819319324,0.3471849977923686,0.3555797129759697,0.8312435154104364,0.7050878912147324,0.5176759587963552,0,mixed
0.09,0.03,0.03,0.01,0.02,3,0.0,0.0,0.0,0.0,nan,0.0,nan,nan,2.0,0.816496580927726,1.3333333333333333,3.0,22.019765902007006,3.299396907678661,17.5206122123494,25.34043657523252,0.21988340369204476,0.07386430675624688,0.12904147901481838,0.3099665677181504,0.23504388186483732,0.08760271171927687,0.1362397820163488,0.34917355371900827,0.5022880371660859,0.19422263787226463,0.31,0.7682926829268293,0.7079124579124579,0.11127041941291087,0.5555555555555556,0.8181818181818182,0.08678194411339057,0.02824544976035312,0.04719096336965391,0.11117350139716874,11.666666666666666,2.0548046676563256,9.0,14.0,20.666666666666668,17.78263822446552,3.0,45.0,1.3333333333333333,0.9428090415820634,0.0,2.0,1.6666666666666667,1.247219128924647,0.0,3.0,2.3333333333333335,1.699673171197595,0.0,4.0,0.6659757285973492,0.6878675446240187,0.17531232393937848,1.6386519437670761,0.30185185185185187,0.2293457026045071,0.0,0.48703703703703705,0.41803316451686023,0.16308279545879897,0.2630908452184257,0.6434524756577442,0.3596905984497158,0.6135949186558649,0.6620842233750381,0.5839488358331354,0.5284970509630015,0,mixed
0.04,0.0,0.01,0.01,0.0,3,0.0,0.0,0.0,0.0,nan,0.0,nan,nan,2.3333333333333335,0.4714045207910317,2.0,3.0,34.03837503053068,1.2313497378483398,32.70042656281351,35.67262315746248,0.22607591670919513,0.046206935894869815,0.18497923048069287,0.29062332996096096,0.22576742031914446,0.05785007079452454,0.1717948717948718,0.306,0.5369125427948958,0.16981678044382978,0.40105820105820106,0.7647058823529411,0.8505050505050505,0.11123959513483803,0.7333333333333333,1.0,0.05979055037549914,0.012317007730799074,0.044819268572753715,0.07498712896615024,15.333333333333334,2.6246692913372702,13.0,19.0,8.333333333333334,5.90668171555645,0.0,13.0,0.0,0.0,0.0,0.0,2.6666666666666665,1.247219128924647,1.0,4.0,4.0,1.632993161855452,2.0,6.0,0.5988030384027678,0.11731072068012416,0.433799249496714,0.6962387875062186,0.21635031635031632,0.13775153041011665,0.05641025641025632,0.3926406926406926,0.12017970707149361,0.12458864360359734,0.006984854994329437,0.2937116843338179,0.32798762542181154,0.5634829453241527,0.8173909063167532,0.742429035531167,0.5676303935982562,0,mixed
0.04,0.0,0.01,0.01,0.01,3,0.0,0.0,0.0,0.0,nan,0.0,nan,nan,3.6666666666666665,0.4714045207910317,3.0,4.0,34.0631011863802,1.333831375695077,32.94820433361332,35.938279844620986,0.23531920081670746,0.03313157111671888,0.20862586438191777,0.27155791031915066,0.22532855710914898,0.03584546968430487,0.17579908675799086,0.2594458438287154,0.48189209164818925,0.0428955678215969,0.4318181818181818,0.5168144863266815,0.9363636363636364,0.045150498259852546,0.9,1.0,0.12193279592625893,0.019825092083609757,0.09650128297183067,0.1448700995379322,10.666666666666666,3.2998316455372216,7.0,15.0,10.333333333333334,3.39934634239519,7.666666666666667,15.0,0.6666666666666666,0.4714045207910317,0.0,1.0,1.6666666666666667,0.4714045207910317,1.0,2.0,1.3333333333333333,0.4714045207910317,1.0,2.0,0.5255703873085579,0.16747445684188877,0.3564877592558995,0.7537426144762902,0.19113355780022445,0.057573679141102625,0.13333333333333333,0.2696969696969697,0.44609913125908696,0.39801338929419344,0.15977236487717805,0.7324258976409959,0.34371062362651933,0.38145255042502696,0.8060993286542569,0.6632696611744481,0.5095356538412795,0,mixed
0.04,0.0,0.01,0.01,0.02,3,0.0,0.0,0.0,0.0,nan,0.0,nan,nan,2.3333333333333335,0.4714045207910317,2.0,3.0,35.86386505883365,4.390901936062044,32.710035542978225,42.071101609855674,0.17705074434142165,0.004113005567099832,0.17379184552547944,0.18123688798112544,0.1731315708899039,0.012736524384934738,0.15812917594654788,0.18926553672316385,0.4719422507284107,0.04173404229135299,0.4146341463414634,0.5128205128205128,0.7535353535353535,0.1914188054121159,0.5333333333333333,1.0,0.0648083475863637,0.018141861283752544,0.04817620983272825,0.09004244505892656,12.666666666666666,1.699673171197595,11.0,14.0,7.666666666666667,7.586537784494028,0.0,18.0,1.3333333333333333,1.247219128924647,0.0,3.0,2.0,0.816496580927726,1.0,3.0,2.0,0.816496580927726,1.0,2.6666666666666665,0.8156510028318323,0.30434537632655334,0.42686975414482253,1.169966664736859,0.0890993265993266,0.06234240524043833,0.0382996632996633,0.16249999999999998,0.4075807100596258,0.13276711358658774,0.24046535760884347,0.5652666798483315,0.23264352829314608,0.5995580321888756,0.7426777540433322,0.6910744693458083,0.5180651876276481,0,mixed
0.04,0.0,0.01,0.02,0.0,3,0.0,0.0,0.0,0.0,nan,0.0,nan,nan,2.6666666666666665,0.4714045207910317,2.0,3.0,32.35810747260786,4.934101785378025,28.41505401807135,38.988178608398805,0.2477796832298367,0.04334455782695586,0.20537300121193902,0.3073155304182172,0.24331994188055667,0.04717472557458736,0.20092378752886836,0.3091286307053942,0.4752447595549161,0.011345841878228523,0.4603174603174603,0.4878048780487805,0.9393939393939394,0.08570991287109665,0.8181818181818182,1.0,0.07931894715373489,0.02373921041359536,0.049839452329865835,0.10797072911452459,14.0,2.943920288775949,11.0,18.0,6.666666666666667,4.4969125210773475,1.0,12.0,0.0,0.0,0.0,0.0,4.0,2.160246899469287,2.3333333333333335,5.666666666666667,4.666666666666667,3.39934634239519,0.0,8.0,0.6569729720482714,0.3393058811192072,0.394432428328592,0.974177079967351,0.07995319495319497,0.07360620651405224,0.01309523809523816,0.1824786324786325,0.2696057199262062,0.08728371422808633,0.16874330171464758,0.3816628131924813,0.3649267404726601,0.513540993551997,0.7798321635642356,0.7663841386410529,0.565352867994488,0,mixed
0.04,0.0,0.01,0.02,0.01,3,0.0,0.0,0.0,0.0,nan,0.0,nan,nan,2.6666666666666665,0.4714045207910317,2.0,3.0,33.644584277827995,4.686809943681707,27.029900308869486,37.31764222503391,0.19998545814226956,0.03482471430470334,0.1568281416331983,0.242112245591654,0.19717035130375044,0.039011337796379594,0.16621754042136208,0.23708920187793428,0.34891764197263997,0.029843218825037116,0.3076923076923077,0.37735849056603776,0.8786324786324786,0.09459032705816697,0.7692307692307693,1.0,0.09430207048773488,0.0443659623963593,0.05311789849714466,0.15588691086865117,15.0,5.715476066494082,10.0,23.0,7.333333333333333,3.2998316455372216,3.0,11.0,0.3333333333333333,0.4714045207910317,0.0,1.0,3.3333333333333335,1.8856180831641267,2.0,6.0,5.333333333333333,4.784233364802441,1.6666666666666667,9.0,0.7899076309703648,0.2950515115588743,0.48148648848415876,1.1875116919793043,0.08952592821640443,0.08786726217459934,0.021639009139009124,0.21360544217687077,0.25490589751004117,0.053088056307401106,0.17988041955535872,0.29484676889733796,0.2709256622366795,0.4693516332036543,0.7555366951480011,0.7444479986270203,0.5121588288387557,0,mixed
0.04,0.0,0.01,0.02,0.02,3,0.0,0.0,0.0,0.0,nan,0.0,nan,nan,2.3333333333333335,0.4714045207910317,2.0,3.0,35.27004195428778,5.238116998682296,28.12782007328715,39.408633143073196,0.2404305264330876,0.05176746609469144,0.1849243266757391,0.30952491511811786,0.2498812215915237,0.04651955937148454,0.21208848275380532,0.30985915492957744,0.5618385574654533,0.20637518611957076,0.2826086956521739,0.775,0.9027777777777778,0.07081971546656644,0.8333333333333334,1.0,0.07351440832352926,0.018672441539970212,0.04865224610678671,0.09365229013171703,11.666666666666666,3.7712361663282534,9.0,17.0,10.666666666666666,9.177266598624136,1.0,23.0,1.0,0.816496580927726,0.0,2.0,2.6666666666666665,0.4714045207910317,2.0,3.0,2.6666666666666665,1.247219128924647,1.0,4.0,1.0147211148802173,0.272162640232184,0.6972243622849628,1.361898823225248,0.266015466015466,0.1747306400468772,0.09487179487179484,0.5059523809523809,0.3561284653839892,0.18230775274596958,0.11308466113402449,0.5024864008716015,0.35528318182721835,0.6006790494109159,0.7253955599633811,0.5704626160580408,0.5336905111965398,0,mixed
0.04,0.0,0.01,0.03,0.0,3,0.0,0.0,0.0,0.0,nan,0.0,nan,nan,2.0,0.0,2.0,2.0,29.3272459650968,2.724673508132841,25.52096990256613,31.74996603101681,0.14971875563734033,0.02426791324400197,0.12734977965523964,0.18344474102678374,0.14789447666622638,0.019422550668589608,0.125,0.17248459958932238,0.3999245852187029,0.05033833555414985,0.3382352941176471,0.46153846153846156,0.8634920634920634,0.10895874477289218,0.7746031746031745,1.0,0.07341072323122487,0.006906359756662971,0.06373358538927258,0.07939448210307029,21.333333333333332,7.586537784494028,15.0,32.0,11.666666666666666,13.695092389449425,1.0,31.0,0.0,0.0,0.0,0.0,6.666666666666667,3.2998316455372216,3.0,9.333333333333334,12.666666666666666,7.84573486395988,4.0,23.0,1.1474930897714988,0.8999290788891868,0.38188776802247926,2.4107472763007123,0.23246506579839915,0.1043201370317351,0.13553113553113555,0.3772486772486773,0.5989054848195904,0.16677889535381338,0.4367300420992095,0.8283075488341367,0.27944999074941695,0.4740627841921959,0.563198046994202,0.4907747340330162,0.42711774901578853,0,drift_dominant
0.04,0.0,0.01,0.03,0.01,3,0.0,0.0,0.0,0.0,nan,0.0,nan,nan,2.0,0.816496580927726,1.0,3.0,30.98362118810703,2.0030645787008226,29.550418510002878,33.81576047170437,0.1368834275951074,0.017632004537189144,0.12011610624851149,0.16125064472947434,0.14349634887746848,0.015864512559611136,0.12864077669902912,0.16548463356973994,0.4563950542211412,0.11901936049639708,0.3181818181818182,0.6086956521739131,0.8881118881118881,0.07993672820271443,0.8275058275058276,1.0,0.04924655519422966,0.022191347644942353,0.017864980520925524,0.0650324703489362,18.333333333333332,3.7712361663282534,13.0,21.0,10.0,2.160246899469287,8.0,13.0,0.0,0.0,0.0,0.0,4.0,2.943920288775949,1.0,8.0,8.333333333333334,4.0276819911981905,5.333333333333333,11.333333333333334,0.8588654484344088,0.5507603147981976,0.4180890159084685,1.635394374349346,0.16244268077601418,0.15081710318157937,0.024867724867724927,0.3723809523809525,0.609690691504356,0.1583884005007996,0.44114606045114235,0.8217317771868762,0.28548116467732426,0.5688421339964574,0.7102944766554775,0.5747363275033718,0.4991351019679477,0,drift_dominant
0.04,0.0,0.01,0.03,0.02,3,0.0,0.0,0.0,0.0,nan,0.0,nan,nan,2.0,0.816496580927726,1.0,3.0,32.27592200448873,3.2024647758190654,29.508423638693056,36.76440717568436,0.13521143674447278,0.02035181046343364,0.11153401995548115,0.1612215682982555,0.14282836151956807,0.031822571536869716,0.12,0.18783068783068782,0.38204771664966153,0.11450893790934176,0.22388059701492538,0.49122807017543857,0.795995670995671,0.06074601188192093,0.7467532467532467,0.875,0.0590524515448377,0.03093767372148661,0.02349247404630872,0.09890789007828166,18.0,3.7416573867739413,15.0,23.0,7.333333333333333,5.557777333511022,2.0,15.0,1.0,0.0,1.0,1.0,3.0,1.4142135623730951,2.0,5.0,2.6666666666666665,1.247219128924647,1.0,4.0,0.5969084155856565,0.18734731164348017,0.34866362256401606,0.801214443987849,0.121665988332655,0.0694892461707516,0.03928571428571426,0.2092592592592593,0.29978885848435716,0.22823719733022169,0.10168204325334773,0.47240523586575683,0.2247235405377175,0.5566641497450745,0.7375194537686909,0.7410948065901005,0.5135421286962281,0,mixed
0.04,0.0,0.02,0.01,0.0,3,0.0,0.0,0.0,0.0,nan,0.0,nan,nan,3.3333333333333335,0.9428090415820634,2.0,4.0,33.1552229669355,1.3251341959840384,31.776940319006997,34.94401135376301,0.17342673775813822,0.020968860393496748,0.1446113531118943,0.19390030718763918,0.17862396854332338,0.017751608889279985,0.16433185384798288,0.2021505376344086,0.5044117647058823,0.05936974074052006,0.4611111111111111,0.5882352941176471,1.0,0.0,1.0,1.0,0.09504595648377527,0.022012008085449744,0.06572407110457312,0.11876024266004225,16.666666666666668,3.7712361663282534,14.0,19.333333333333332,5.0,4.08248290463863,0.0,10.0,0.0,0.0,0.0,0.0,2.0,0.0,2.0,2.0,2.6666666666666665,2.494438257849294,0.0,6.0,0.5432055845995197,0.24283542354962728,0.20121679889690958,0.7232450327975689,0.17429249762583096,0.182243946776373,0.01851851851851849,0.43,0.04681597644962088,0.019786709564404443,0.019438565955168574,0.06551755103913304,0.3425420114369027,0.3656765426518224,0.8767561794324077,0.800196133093276,0.5466993021710083,0,mixed
0.04,0.0,0.02,0.01,0.01,3,0.0,0.0,0.0,0.0,nan,0.0,nan,nan,2.3333333333333335,1.247219128924647,1.0,4.0,34.83972877062737,2.7006340563353017,32.63874167399253,38.257200809459675,0.15604885623313636,0.03720806417577073,0.12464605819354574,0.20831606258746105,0.15467665489576055,0.035536607004888775,0.1279826464208243,0.20489977728285078,0.4524410774410774,0.14176068849410176,0.2777777777777778,0.5681818181818181,0.814935064935065,0.06815604542785189,0.75,0.9090909090909091,0.07224282826188215,0.04203351903450695,0.025937395301692073,0.12767681241246054,17.666666666666668,2.6246692913372702,14.0,19.666666666666668,4.666666666666667,3.2998316455372216,1.0,7.333333333333333,1.3333333333333333,0.4714045207910317,1.0,2.0,2.3333333333333335,2.0548046676563256,0.0,5.0,2.0,2.160246899469287,0.0,5.0,0.7928652266703129,0.7859346525015476,0.1873030754759979,1.8851038035445142,0.22315462315462314,0.2728990982002503,0.023581973581973576,0.6083333333333333,0.2066159035757018,0.18433848228974245,0.05717601856141541,0.3429996339926928,0.24220945843064431,0.5012959422055782,0.7525892584681111,0.6796694535695615,0.4965490384096546,0,drift_dominant
0.04,0.0,0.02,0.01,0.02,3,0.0,0.0,0.0,0.0,nan,0.0,nan,nan,1.3333333333333333,0.4714045207910317,1.0,2.0,29.48768886591618,1.435950604991024,27.82156862144953,31.32621589869153,0.175902999205465,0.03461600051069528,0.14776469855243496,0.220414961618697,0.17848182835447227,0.032760196222199896,0.13333333333333333,0.21005917159763313,0.4662250865258384,0.1710619965370562,0.22448979591836735,0.5952380952380952,0.7222222222222222,0.039283710065919325,0.6666666666666666,0.75,0.040281872090675394,0.02332412272679079,0.021643488399679705,0.07162549850209961,11.0,1.632993161855452,9.0,13.0,9.666666666666666,7.586537784494028,3.6666666666666665,20.0,1.3333333333333333,0.4714045207910317,1.0,2.0,1.6666666666666667,0.9428090415820634,1.0,3.0,2.0,1.4142135623730951,1.0,4.0,0.651178802534865,0.5123556193142815,0.2695084538965129,1.37540710550503,0.25077561327561326,0.08519564489456823,0.1303030303030303,0.3125,0.7260919064687921,0.5199577770070216,0.008205331856361187,1.1309980825471808,0.26830819577126225,0.783508319518737,0.7394034177601465,0.5168456196290964,0.5410347558774746,0,mixed
0.04,0.0,0.02,0.02,0.0,3,0.0,0.0,0.0,0.0,nan,0.0,nan,nan,2.0,0.0,2.0,2.0,29.724847291916443,1.3075162497907187,27.90137266304271,30.902297465640412,0.16594521966220274,0.07045025898841695,0.07213509275795288,0.2419123469598108,0.16333699098886684,0.08424767842142933,0.047619047619047616,0.22938487907065322,0.3495805436799226,0.1484613245608257,0.15217391304347827,0.4689239332096475,0.8111111111111111,0.16405358955814892,0.6777777777777778,1.0,0.06761786719684923,0.006860443519813806,0.061110542698740986,0.07710366983585551,20.666666666666668,7.586537784494028,13.0,26.666666666666668,18.666666666666668,12.762793146051099,2.0,29.0,0.0,0.0,0.0,0.0,7.333333333333333,4.189935029992178,3.0,10.666666666666666,14.0,12.569805089976535,1.0,31.0,1.583671665803988,1.1365378731115499,0.30117159892892875,3.063952502832476,0.22560186726853393,0.058097853500004,0.14615384615384613,0.2834656084656085,0.3505906741509332,0.20471875571249884,0.06771424086963207,0.545417522832945,0.25568113919711005,0.4958939754270011,0.4794964906927067,0.5066662082987774,0.41069443237403563,0,drift_dominant
0.04,0.0,0.02,0.02,0.01,3,0.0,0.0,0.0,0.0,nan,0.0,nan,nan,2.0,0.0,2.0,2.0,31.452356424645554,0.34092815208644717,31.008396217430004,31.72862230307762,0.13585198252226685,0.05216378554861471,0.06244037933374995,0.1746565449178766,0.1391808457885954,0.07101323590883883,0.04113924050632911,0.20704845814977973,0.4109108059951787,0.17907272299945518,0.20689655172413793,0.6428571428571429,0.8238636363636364,0.18850168613285964,0.678030303030303,1.0,0.04993504156699467,0.007574467774566854,0.04104842648439714,0.05610493525127554,16.0,8.04155872120988,8.0,27.0,9.333333333333334,10.402991022884823,1.0,17.0,0.6666666666666666,0.4714045207910317,0.0,1.0,3.0,3.559026084010437,0.0,8.0,5.0,5.656854249492381,1.0,13.0,0.772658717058294,0.8940756807453851,0.003171452666268504,2.0262947458169327,0.2976754726754727,0.11847405853826105,0.16666666666666669,0.45363247863247863,0.16560285038076852,0.06632555373413689,0.07577665969128611,0.21831238520397522,0.2468291866889705,0.6071384474925171,0.7253227036924016,0.6515655233107107,0.5135524726148915,0,mixed
0.04,0.0,0.02,0.02,0.02,3,0.0,0.0,0.0,0.0,nan,0.0,nan,nan,1.3333333333333333,0.4714045207910317,1.0,2.0,32.453301447664074,1.5489627392957253,30.384831868355636,34.112038880384326,0.14246617107915543,0.05748250073182694,0.06632988341345945,0.20520831156721756,0.13689585782877753,0.0699198595503172,0.0391566265060241,0.19874476987447698,0.44753874441817704,0.21251562400548732,0.14814814814814814,0.62,0.7692307692307693,0.22645540682891913,0.46153846153846156,0.9487179487179487,0.04012003387573844,0.01531536975220321,0.0262877684498739,0.061470228763310805,12.333333333333334,4.988876515698588,8.333333333333334,19.0,5.0,2.449489742783178,2.0,7.0,1.0,1.4142135623730951,0.0,3.0,2.0,0.816496580927726,1.3333333333333333,3.0,2.0,1.4142135623730951,1.0,4.0,0.801047174926529,0.5478160338185913,0.1100795291326877,1.4499719224079322,0.2702861952861953,0.08998438547423747,0.15530303030303033,0.375,0.5334531505385954,0.1739683720489939,0.29666614188892065,0.709694957441122,0.23317362687094143,0.7612036809457267,0.7916268690875801,0.5440568765060303,0.5390484387599833,0,mixed
0.04,0.0,0.02,0.03,0.0,3,0.0,0.0,0.0,0.0,nan,0.0,nan,nan,1.6666666666666667,0.4714045207910317,1.0,2.0,31.55908035460315,2.3165541690292475,28.68215061892011,34.35478186320678,0.15765285066543538,0.014613960783941105,0.14643353180105817,0.17829404155175152,0.16042717885715121,0.01330917197143131,0.14953271028037382,0.17916666666666667,0.5446127168816244,0.07723987677071163,0.4897959183673469,0.6538461538461539,0.9583333333333334,0.05892556509887896,0.875,1.0,0.04245054059055335,0.020150109479723996,0.027632058289554673,0.07086881270462346,20.0,2.943920288775949,17.0,24.0,4.333333333333333,2.3570226039551585,1.0,6.0,0.0,0.0,0.0,0.0,1.3333333333333333,1.247219128924647,0.0,2.3333333333333335,5.333333333333333,5.436502143433364,1.0,9.333333333333334,0.4571346421736127,0.402013070823239,0.1514630362147913,1.0251154989017248,0.10045855379188713,0.11936211903384183,0.012627865961199322,0.2687830687830688,0.1959833318806731,0.20195275559115428,0.04468044136973537,0.48141549533628336,0.3406572820759539,0.5899861415084015,0.8666981995727799,0.8095478099483847,0.6019757860079172,0,macro_stable_weak_repair
0.04,0.0,0.02,0.03,0.01,3,0.0,0.0,0.0,0.0,nan,0.0,nan,nan,2.6666666666666665,0.9428090415820634,2.0,4.0,29.220707482138824,0.8623168136635714,28.002065815670765,29.869648982344867,0.1733591328152308,0.02075151546581924,0.15587055983195902,0.20251298697619238,0.1724450824487667,0.01979884256666161,0.15801389255443107,0.20040080160320642,0.47822853279242733,0.21112897610023354,0.3088235294117647,0.7758620689655172,1.0,0.0,1.0,1.0,0.07086463684863756,0.0412667342647119,0.02670279499235114,0.12598665080057134,15.0,4.546060565661952,11.333333333333334,20.0,9.666666666666666,9.568466729604882,1.0,23.0,0.0,0.0,0.0,0.0,3.6666666666666665,1.699673171197595,2.3333333333333335,6.0,9.333333333333334,3.858612300930075,4.0,13.0,1.2003202893351475,0.3880028778169466,0.6532530813408934,1.5106975121064568,0.05815897065897065,0.04467499203775833,0.024518999518999513,0.12083333333333335,0.31376920805497743,0.18886592571023078,0.06830294101209228,0.5276902829370893,0.3618976509000757,0.5119622790974164,0.7095758315532499,0.6793470391131914,0.5324393217226688,0,mixed
0.04,0.0,0.02,0.03,0.02,3,0.0,0.0,0.0,0.0,nan,0.0,nan,nan,2.3333333333333335,0.4714045207910317,2.0,3.0,33.52245772940253,4.833372341435884,28.126624720290135,39.85437642022195,0.13824599034978002,0.04226469330120528,0.08975375864106831,0.19275485637160877,0.1393975287997027,0.06212028020907638,0.06538461538461539,0.21739130434782608,0.32853535353535357,0.11163272878555178,0.20833333333333334,0.4181818181818182,0.7634615384615385,0.10909118925909872,0.6153846153846154,0.875,0.05421798707447635,0.01947680677272665,0.03503758619008468,0.06951493955583808,19.666666666666668,2.8674417556808756,16.0,23.0,22.0,0.816496580927726,21.0,22.666666666666668,1.0,0.816496580927726,0.0,1.6666666666666667,4.333333333333333,2.8674417556808756,1.0,8.0,6.0,4.898979485566356,0.0,10.0,1.0381756929166197,0.4751406078238263,0.6559073637107629,1.7078922320063388,0.17680214846881517,0.08941548938656206,0.05925925925925929,0.27595238095238095,0.42448995425624475,0.15311328994167803,0.23797639677418725,0.6130097320666235,0.19022949010601128,0.5001678685785383,0.557070872749466,0.5979700370158766,0.4226304706348071,0,drift_dominant
0.04,0.0,0.03,0.01,0.0,3,0.0,0.0,0.0,0.0,nan,0.0,nan,nan,2.3333333333333335,0.4714045207910317,2.0,3.0,35.224250337207266,2.9579866237435026,32.79302190009592,39.387978107562475,0.1648132665322717,0.06832079694207684,0.11313579555974325,0.2613533187503575,0.16991950800458594,0.06437367062285446,0.11373390557939914,0.26004728132387706,0.4302243419890479,0.18825370557500054,0.16666666666666666,0.5945945945945946,0.9393939393939394,0.08570991287109665,0.8181818181818182,1.0,0.06330654796455064,0.011429854788134049,0.05077462757424384,0.07841420478506989,19.0,5.715476066494082,11.0,24.0,12.666666666666666,10.208928554075703,4.0,27.0,0.0,0.0,0.0,0.0,2.3333333333333335,0.4714045207910317,2.0,3.0,4.666666666666667,1.8856180831641267,2.0,6.0,0.8312474958186339,0.1118680431005752,0.7302610294418641,0.9168959227236398,0.11009700176366845,0.009818304293083085,0.09642857142857147,0.11904761904761901,0.33843316894942405,0.15744647563950465,0.15817318454409013,0.5417614056331486,0.2817520707141876,0.4949437602984948,0.790009154714678,0.6984930859202129,0.5200496129515675,0,mixed
0.04,0.0,0.03,0.01,0.01,3,0.0,0.0,0.0,0.0,nan,0.0,nan,nan,2.0,0.0,2.0,2.0,33.86132250076601,5.264729094793066,29.961826612737177,41.303930130479266,0.18458474426449054,0.024775541054841806,0.15350308885368977,0.21413232657377426,0.17356262505002001,0.01376965594644102,0.1556122448979592,0.18907563025210083,0.4570297096159816,0.12534679872334883,0.3636050911592707,0.5609756097560976,0.9363636363636364,0.045150498259852546,0.9,1.0,0.06317122986913587,0.011622923225923227,0.04831353713315451,0.0766890204309859,13.666666666666666,2.6246692913372702,10.0,16.0,4.333333333333333,4.784233364802441,0.0,11.0,0.6666666666666666,0.4714045207910317,0.3333333333333333,1.0,3.3333333333333335,0.9428090415820634,2.0,4.0,2.6666666666666665,1.247219128924647,1.0,4.0,0.8331287884249791,0.5093268383600821,0.1362519617669684,1.339341593722743,0.1447795414462081,0.11337927107152254,0.024338624338624326,0.2966666666666667,0.32729505593276415,0.24582582659969296,0.13138526632373929,0.6589709062000789,0.3055898017813548,0.6226222938931515,0.7786809581934696,0.6810514711346425,0.5545584899623845,0,mixed
0.04,0.0,0.03,0.01,0.02,3,0.0,0.0,0.0,0.0,nan,0.0,nan,nan,3.3333333333333335,1.247219128924647,2.0,5.0,35.49446228906593,1.8023987033400493,33.819442453923756,37.99591122072769,0.17578781633669002,0.04363058162464067,0.12283212092153079,0.2296921516370933,0.17577372485232343,0.041424092003660644,0.1282608695652174,0.20942307664701432,0.6107142857142857,0.096455512599378,0.475,0.6904761904761905,0.7380952380952381,0.0700933402089512,0.6666666666666666,0.8333333333333334,0.08630923547195486,0.029425547182870448,0.0477618030695651,0.11916108968630885,13.333333333333334,5.436502143433364,9.0,17.333333333333332,3.0,1.632993161855452,1.0,4.333333333333333,1.0,0.816496580927726,0.0,2.0,1.3333333333333333,1.247219128924647,0.0,3.0,1.6666666666666667,1.699673171197595,0.0,4.0,0.5937930877509476,0.1410957547864336,0.41121668347456497,0.7548051056141856,0.2837301587301587,0.22188537395149632,0.10317460317460315,0.5416666666666666,0.6435149083127053,0.3254925577067587,0.3162717580864838,1.0874970515452387,0.26882021619551916,0.43805759531309607,0.8292115501983521,0.5329841023750651,0.4760406050113892,0,drift_dominant
0.04,0.0,0.03,0.02,0.0,3,0.0,0.0,0.0,0.0,nan,0.0,nan,nan,1.6666666666666667,0.4714045207910317,1.0,2.0,29.37477170947516,4.816220331274347,23.265738831212282,35.0376890741351,0.11776725482241969,0.031218451001940668,0.07688767574757689,0.15264770000418812,0.08685823342831031,0.046699006965822645,0.022727272727272728,0.13258426966292136,0.21862139917695472,0.1200026919431389,0.08333333333333333,0.375,0.8560606060606061,0.1055180930089706,0.75,1.0,0.05472281403912459,0.04139081396004971,0.02136270865942976,0.10008031613908448,17.0,7.2571803523590805,10.0,27.0,14.666666666666666,12.970050972229146,5.0,33.0,0.0,0.0,0.0,0.0,3.6666666666666665,1.247219128924647,2.0,5.0,7.0,2.943920288775949,3.0,10.0,0.7139890264661513,0.2958584356518174,0.3224082273347273,1.0374378735909944,0.21014550264550264,0.09739045121983012,0.09333333333333332,0.2896164021164021,0.22513731721233063,0.13378048101735346,0.0757260143601739,0.40035676165641987,0.19730404511525823,0.6185218773710621,0.7065624046383888,0.6938909832529725,0.5037775627113782,0,mixed
0.04,0.0,0.03,0.02,0.01,3,0.0,0.0,0.0,0.0,nan,0.0,nan,nan,2.0,0.0,2.0,2.0,32.514952725726616,3.2905136827847397,28.380944765010682,36.43228210461408,0.15882456943188747,0.06926897891138037,0.06257051260310204,0.2227203824265386,0.15339091049182546,0.0784602901743416,0.0972909578307042,0.210752688172043,0.4325771483521287,0.21464025422321129,0.12903225806451613,0.5853658536585366,0.7808857808857809,0.16153022041091294,0.6526806526806527,1.0,0.04431437882621117,0.021088257828101507,0.016152659363162382,0.0668958323605314,16.666666666666668,6.599663291074443,8.0,24.0,13.0,16.268579122549905,1.0,36.0,0.6666666666666666,0.4714045207910317,0.0,1.0,3.6666666666666665,4.4969125210773475,0.0,10.0,4.666666666666667,5.185449728701348,1.0,8.333333333333334,0.8083134571297533,0.9555405565013098,0.02631709571797458,2.1537475449201904,0.18544572711239374,0.16039449934868563,0.039259259259259244,0.30860750360750355,0.28403191702328034,0.14503196977485389,0.08886444764593715,0.4362384725636258,0.2429332630479628,0.6060577110395368,0.6852967653341471,0.674670543562368,0.5085345316059742,0,mixed
0.04,0.0,0.03,0.02,0.02,3,0.0,0.0,0.0,0.0,nan,0.0,nan,nan,3.0,1.632993161855452,1.0,5.0,31.12791786323751,1.692293740707999,28.847104667210846,32.896182351925304,0.0938449470857606,0.028489450477115822,0.06029445220308918,0.12993978051070196,0.08503676544358406,0.040454555357570546,0.030837004405286344,0.11742443064182195,0.21372960372960373,0.09976352847058625,0.14181818181818182,0.28846153846153844,0.8352272727272727,0.10445895631164905,0.6875,0.9090909090909091,0.08224495761771104,0.04171263815714982,0.038601118431561096,0.13843732598388292,17.666666666666668,0.4714045207910317,17.0,18.0,16.0,11.343133018115703,0.0,25.0,1.0,0.0,1.0,1.0,4.333333333333333,3.681787005729087,0.0,9.0,4.0,3.265986323710904,0.0,8.0,1.5280248703745278,0.7809006056833144,0.4847215231560198,2.1542110827719227,0.2071739371739372,0.18515232088095027,0.0009157509157509125,0.3568686868686869,0.1649877215143479,0.14520784265335546,0.01731136589074378,0.2800188691205761,0.16805540041282283,0.4090374031116708,0.6227559505645408,0.5867351992726432,0.4029769708898425,0,drift_dominant
0.04,0.0,0.03,0.03,0.0,3,0.0,0.0,0.0,0.0,nan,0.0,nan,nan,1.3333333333333333,0.4714045207910317,1.0,1.6666666666666667,28.84500894461034,1.4628296842720063,27.718230490276717,30.910923966536814,0.11562248706920422,0.031224188374022795,0.09028908944058942,0.156100323056772,0.10696773156644995,0.035944042479976714,0.0796849887495982,0.15725806451612903,0.2876556912073005,0.20330580607937324,0.09433962264150944,0.5686274509803921,1.0,0.0,1.0,1.0,0.03587988166630199,0.01696349227570039,0.018788022017078843,0.05900460964371283,19.333333333333332,3.2998316455372216,17.0,24.0,24.666666666666668,18.354533197248273,0.0,39.333333333333336,0.0,0.0,0.0,0.0,7.333333333333333,5.436502143433364,0.0,13.0,18.666666666666668,13.097921802925667,2.0,34.0,1.7894625638753083,1.2317274308844752,0.18493559339566268,3.178964158183729,0.29190917107583775,0.21511689354080535,0.07830687830687832,0.5863095238095237,0.6732926086287554,0.3322432383090142,0.33362215919239124,1.1242796489872857,0.2729093179374846,0.6502684616141018,0.37932865425694234,0.32973320093638586,0.3998977477203107,0,drift_dominant
0.04,0.0,0.03,0.03,0.01,3,0.0,0.0,0.0,0.0,nan,0.0,nan,nan,2.3333333333333335,0.4714045207910317,2.0,3.0,30.09480367032555,2.452905890408971,26.687155846539117,32.360831453236415,0.11111068454852513,0.01646526287502398,0.09587749756395687,0.13397915769662053,0.10148895194902006,0.026107228396857994,0.0759493670886076,0.13734939759036144,0.2743038194629135,0.15180007937251583,0.10869565217391304,0.47540983606557374,0.9487179487179487,0.0725237724293895,0.8461538461538461,1.0,0.06290788447961695,0.03912768635439671,0.0238712370756332,0.11639043758203613,18.666666666666668,4.784233364802441,12.0,23.0,22.0,6.48074069840786,16.0,31.0,0.0,0.0,0.0,0.0,4.666666666666667,0.4714045207910317,4.0,5.0,8.0,2.943920288775949,5.0,12.0,1.2888142514797007,0.06605962983273644,1.2007450476418717,1.3598428072028552,0.10057319223985887,0.09558739182403075,0.008333333333333304,0.2322751322751322,0.23947684572925484,0.17874744312361648,0.07347154757215935,0.487578414769976,0.2401828506855216,0.5013182716978567,0.6149588037839487,0.6641122393860575,0.465207774298398,0,drift_dominant
0.04,0.0,0.03,0.03,0.02,3,0.0,0.0,0.0,0.0,nan,0.0,nan,nan,2.3333333333333335,0.4714045207910317,2.0,2.6666666666666665,29.754511008822842,2.761975404438978,27.50097034139631,33.061201954583574,0.10493328002607394,0.01862489849970496,0.07876070147472054,0.12058420673546232,0.10722656011339614,0.029312090935899086,0.06666666666666667,0.1299778828647189,0.3558697439511393,0.16841286816477413,0.14583333333333334,0.49330514446793516,0.7634615384615385,0.10909118925909872,0.6153846153846154,0.875,0.06504597652765429,0.03205598725904974,0.019745123518354907,0.0891977411690764,19.333333333333332,5.734883511361751,12.0,26.0,19.666666666666668,11.469767022723502,5.0,29.0,1.3333333333333333,0.4714045207910317,1.0,2.0,8.0,5.0990195135927845,3.0,15.0,15.0,10.198039027185569,5.0,29.0,2.0674972003483396,1.007072371399582,1.2481446224405255,3.356471003819032,0.3300216450216451,0.14936373303629544,0.1364285714285715,0.5000000000000001,0.31592948497018797,0.11482063703775776,0.1942580125074822,0.46989259433212227,0.20411260366405792,0.48613165838251066,0.3149282880683552,0.3790619493630421,0.33177037336432735,0,drift_dominant
0.04,0.01,0.01,0.01,0.0,3,0.0,0.0,0.0,0.0,nan,0.0,nan,nan,2.6666666666666665,0.4714045207910317,2.0,3.0,35.46042179543911,2.259842219321135,33.00913654199472,38.461939062732526,0.22806810484597273,0.04995784967355179,0.18292180722352314,0.29770545421607986,0.2274810004648969,0.05121302286338218,0.18867676584890866,0.29918032786885246,0.5122420964205954,0.15830518108644936,0.3103448275862069,0.696969696969697,1.0,0.0,1.0,1.0,0.0679675786769415,0.016719543555865413,0.04568403845652562,0.08595752967761602,14.666666666666666,1.699673171197595,13.0,17.0,8.666666666666666,4.988876515698588,2.0,14.0,0.0,0.0,0.0,0.0,2.6666666666666665,1.247219128924647,1.0,4.0,4.0,1.632993161855452,2.0,6.0,0.6905005416392599,0.3070571292897398,0.2954275400871569,0.9400670695950756,0.08655202821869488,0.021256503549915595,0.059259259259259234,0.11111111111111113,0.32837207111757993,0.1566772396713519,0.19953778867965521,0.5489075389291629,0.3611025580187117,0.5228790203731288,0.8151785169362222,0.7380644831387655,0.5677542504148289,0,mixed
0.04,0.01,0.01,0.01,0.01,3,0.0,0.0,0.0,0.0,nan,0.0,nan,nan,2.6666666666666665,0.4714045207910317,2.0,3.0,32.24306816027689,2.8974965333685634,29.943837410093572,34.54229891046021,0.2638379581276652,0.02864582735185413,0.22553706319067732,0.29441890087316763,0.2560360415101566,0.03227554863903405,0.2149122807017544,0.29375,0.5378847600960333,0.06491732415370532,0.4772727272727273,0.627906976744186,0.9090909090909091,0.07422696190252052,0.8181818181818182,0.9696969696969697,0.10055636369456894,0.016623494109352252,0.08235344172553272,0.1225419644814715,13.666666666666666,3.2998316455372216,10.0,18.0,6.666666666666667,3.2998316455372216,2.0,9.0,1.0,0.816496580927726,0.0,1.6666666666666667,1.3333333333333333,0.4714045207910317,1.0,2.0,1.0,0.0,1.0,1.0,0.24235672852243675,0.14169848656083867,0.04264384196283588,0.3564877592558995,0.14455667789001123,0.02005621407108695,0.12951739618406286,0.17272727272727276,0.2862155611782216,0.18098456343797673,0.13777109343240757,0.5410099365929485,0.38226079013913883,0.4805798268774095,0.8134959566676838,0.7877506923824882,0.5741855630780853,0,mixed
0.04,0.01,0.01,0.01,0.02,3,0.0,0.0,0.0,0.0,nan,0.0,nan,nan,2.0,0.816496580927726,1.3333333333333333,3.0,36.97429151786094,3.8907105422383124,33.7011109242947,39.88764679722275,0.27637600691652864,0.14821900855068712,0.16577477816935463,0.48588050546082795,0.2722811644894325,0.14662398321180162,0.15730337078651685,0.47921225382932164,0.49475951801533197,0.12027293647533899,0.32558139534883723,0.5945945945945946,0.7628205128205128,0.1886402431995149,0.5384615384615384,1.0,0.04733737630638666,0.035770229610702434,0.018519323651688565,0.08645415796409428,9.333333333333334,5.312459150169742,3.0,16.0,7.666666666666667,5.2493385826745405,3.0,15.0,0.0,0.0,0.0,0.0,2.3333333333333335,1.247219128924647,1.3333333333333333,4.0,2.3333333333333335,1.247219128924647,1.0,4.0,1.1754238908163595,0.43167570170228065,0.6666666799121415,1.7220189270607074,0.3831349206349206,0.08301574023480231,0.26666666666666666,0.45416666666666666,0.30293403970512456,0.06428964199217255,0.21751830437602585,0.3726206252759161,0.29733999229684593,0.7248555074485421,0.8533674092157462,0.4922650071478687,0.5544093574387545,0,mixed
0.04,0.01,0.01,0.02,0.0,3,0.0,0.0,0.0,0.0,nan,0.0,nan,nan,1.6666666666666667,0.4714045207910317,1.0,2.0,34.59169105429129,4.83637269239884,29.73458780013455,38.41037305948839,0.21111655031020274,0.058251438120605376,0.15926238096033354,0.25552246342760204,0.2123396204536026,0.07273026463947986,0.15384615384615385,0.3148558758314856,0.4097222222222222,0.0687464926153588,0.3333333333333333,0.5,1.0,0.0,1.0,1.0,0.05484448534377189,0.01218173027905515,0.044739336917113404,0.07198036665176172,12.0,3.559026084010437,7.0,14.666666666666666,8.0,4.242640687119285,5.0,14.0,0.0,0.0,0.0,0.0,1.3333333333333333,1.247219128924647,0.0,3.0,3.0,2.160246899469287,1.0,6.0,0.33577123792478575,0.17090214924867325,0.19695967237758008,0.5563289371992042,0.10634920634920636,0.03452560003559564,0.05779220779220784,0.13506493506493505,0.0927526657584788,0.05426632042802298,0.017820726683271504,0.14457668805463442,0.32894843700180587,0.703046434427154,0.8725343301800428,0.8586881121500203,0.6371380500234332,0,macro_stable_weak_repair
0.04,0.01,0.01,0.02,0.01,3,0.0,0.0,0.0,0.0,nan,0.0,nan,nan,2.3333333333333335,1.247219128924647,1.0,4.0,35.051552089265314,5.062654644791288,27.99238192055615,39.616412728989175,0.20083172429250867,0.02336031104871313,0.17141170622968788,0.2285572279870664,0.20076943232230143,0.01984750401389065,0.1734475374732334,0.22,0.35273149789278824,0.08367797309218059,0.23809523809523808,0.43548387096774194,0.9523809523809523,0.0673435029701474,0.8571428571428571,1.0,0.07659505379592346,0.051541870979437604,0.02655341307839522,0.14751491926256377,11.666666666666666,2.494438257849294,9.0,15.0,6.333333333333333,5.436502143433364,2.0,14.0,0.0,0.0,0.0,0.0,2.0,1.4142135623730951,1.0,3.0,4.0,2.160246899469287,1.0,5.666666666666667,0.5644636385330021,0.4333310168772568,0.23396872137360525,1.1696030772710246,0.2623901098901099,0.15858692002572367,0.13438339438339436,0.3903968253968254,0.36585014786985737,0.18635308127006636,0.23127030673404647,0.6292010873381457,0.28736165527155627,0.5950782530366305,0.8506652425999389,0.6405313028769745,0.547585451699585,0,mixed
0.04,0.01,0.01,0.02,0.02,3,0.0,0.0,0.0,0.0,nan,0.0,nan,nan,1.3333333333333333,0.4714045207910317,1.0,2.0,32.801988452251045,0.8422110613319813,31.792330874003106,33.85401271719677,0.15625645226316195,0.012930907192641594,0.14407766863779925,0.1662838422036575,0.15886231993036473,0.01568578363963599,0.1455026455026455,0.18087855297157623,0.4834471568342536,0.14587117967892632,0.2916666666666667,0.6012786980528916,0.6439393939393939,0.08367697740293381,0.5454545454545454,0.75,0.03669865919787182,0.0237933024828603,0.01729726768469346,0.06493464772343,13.333333333333334,2.8674417556808756,10.0,17.0,9.333333333333334,6.018490028422596,1.0,15.0,2.0,0.816496580927726,1.0,3.0,1.6666666666666667,1.699673171197595,0.0,4.0,1.3333333333333333,1.247219128924647,0.0,3.0,0.49601514050653067,0.49644318209950894,0.02105988989080254,1.1812615476807085,0.20336940836940837,0.08649672453871177,0.0814285714285714,0.2727272727272727,0.6028866870810514,0.048376788418028345,0.563676861503011,0.657566330234447,0.21081220332340145,0.7504747907031161,0.6877364967958498,0.609707879437469,0.5208918440856333,0,mixed
0.04,0.01,0.01,0.03,0.0,3,0.0,0.0,0.0,0.0,nan,0.0,nan,nan,2.0,0.0,2.0,2.0,31.88187153544098,4.969946221248801,25.736905210963524,37.909027237308486,0.16133646725256792,0.013061137127295626,0.14452134382824752,0.17636435167254863,0.1610640471381848,0.013920682663717569,0.15006743438115988,0.18004866180048662,0.4425006493496744,0.05854194330602148,0.36619718309859156,0.5084745762711864,0.8158730158730159,0.13042945132808978,0.7142857142857143,1.0,0.06311320054582098,0.013185355018193469,0.046408561667259374,0.07864163734662365,18.0,2.160246899469287,16.0,21.0,12.333333333333334,7.363574011458174,3.0,21.0,0.0,0.0,0.0,0.0,4.0,2.943920288775949,1.6666666666666667,7.0,7.666666666666667,4.988876515698588,1.0,13.0,0.8087507672972065,0.46532928625487757,0.15323320235874416,1.186704753845834,0.021355650522317176,0.014574382539910849,0.0007936507936507908,0.03287037037037033,0.41769342750613225,0.19597017310053835,0.26976665956249535,0.6946216276700545,0.26494097087485297,0.5492814669646654,0.7034284406469331,0.72943120764754,0.5166216362062596,0,mixed
0.04,0.01,0.01,0.03,0.01,3,0.0,0.0,0.0,0.0,nan,0.0,nan,nan,2.0,0.0,2.0,2.0,33.45073155549698,3.9945568484954133,29.537777256278606,38.93585123630194,0.1206858277343983,0.004918090766411,0.11392713905943357,0.12453910604831425,0.12656357865144718,0.0076908132617154795,0.11627906976744186,0.1347708894878706,0.3647179937219428,0.07513534454978991,0.2692307692307692,0.4528301886792453,0.9155844155844156,0.07479286815225537,0.8181818181818182,1.0,0.06011803116929398,0.004896028849664255,0.053593198205578826,0.06538707762247889,16.333333333333332,4.4969125210773475,12.666666666666666,22.0,12.0,7.2571803523590805,5.0,22.0,0.3333333333333333,0.4714045207910317,0.0,1.0,4.0,2.160246899469287,2.0,7.0,6.666666666666667,2.6246692913372702,3.0,9.0,0.6909287018765832,0.2578652795650132,0.48359112440397745,1.0336462321829294,0.09220594220594223,0.08816849638365584,0.023443223443223415,0.21666666666666667,0.2624746287663178,0.1628835356477925,0.04722640797519184,0.44114606045114235,0.240828343354576,0.5829754502923603,0.6873218645102227,0.7560063266386993,0.5186994209769761,0,mixed
0.04,0.01,0.01,0.03,0.02,3,0.0,0.0,0.0,0.0,nan,0.0,nan,nan,1.3333333333333333,0.4714045207910317,1.0,2.0,37.358543441763686,6.065605963304308,28.9087216440406,42.86319933207938,0.1512853571200625,0.009680203323017176,0.13843407945341976,0.15907289827136764,0.16488343159614438,0.014109936779490156,0.1456953642384106,0.17922077922077922,0.4444099271685479,0.12254360458358643,0.2777777777777778,0.5689655172413793,0.8237179487179487,0.053440166668375214,0.782051282051282,0.875,0.04513031891777199,0.009840210314412755,0.031215388276704465,0.052247901347081606,17.0,3.7416573867739413,13.0,20.0,5.0,3.265986323710904,1.0,9.0,0.6666666666666666,0.4714045207910317,0.0,1.0,1.0,0.0,1.0,1.0,1.3333333333333333,1.247219128924647,0.0,3.0,0.2462526650456387,0.10334645140498147,0.10689469138319785,0.3540793898114618,0.19870610870610875,0.049487729169776784,0.1440476190476191,0.2638888888888889,0.43169629589172487,0.1827715304065445,0.18925712942436987,0.6305405299309695,0.2262724241508435,0.6729986400686658,0.8614975587427525,0.7074915942288861,0.5612428390642894,0,mixed
0.04,0.01,0.02,0.01,0.0,3,0.0,0.0,0.0,0.0,nan,0.0,nan,nan,1.6666666666666667,0.4714045207910317,1.0,2.0,32.086253315930755,1.424565130071907,30.621358533541397,34.016465780969845,0.17232306458412458,0.01954685463728973,0.14918678542273317,0.1969928731135316,0.17671824623372814,0.02425723506093775,0.14867617107942974,0.20785219399538107,0.5389201477692527,0.03422094798974398,0.5098039215686274,0.5869565217391305,1.0,0.0,1.0,1.0,0.05161628090027008,0.02031459673010133,0.023694827837902166,0.07143521574325506,15.666666666666666,2.6246692913372702,12.0,18.0,5.333333333333333,4.4969125210773475,1.6666666666666667,9.0,0.0,0.0,0.0,0.0,1.6666666666666667,1.247219128924647,0.0,3.0,2.3333333333333335,1.247219128924647,1.3333333333333333,4.0,0.2840343608364225,0.22387133847605262,0.03134397686322199,0.5755710830907588,0.15080484330484328,0.06347965709996145,0.10416666666666667,0.24055555555555552,0.20997356413416543,0.04369403876647601,0.1536839088411701,0.24547713235705917,0.3588172839913842,0.6467686091164837,0.888854134879463,0.8021856686561666,0.6254861623832314,0,mixed
0.04,0.01,0.02,0.01,0.01,3,0.0,0.0,0.0,0.0,nan,0.0,nan,nan,2.6666666666666665,0.9428090415820634,2.0,4.0,35.05833771433583,1.4461013886343426,33.98240669070397,37.093403974947904,0.16829437363087185,0.02188369900834151,0.14981446218475797,0.18470071755114945,0.16614065676041986,0.0236977225336042,0.1486465031356672,0.18363481038517251,0.36991685563114135,0.04843108982177358,0.30158730158730157,0.40816326530612246,0.8506493506493507,0.050577149114926064,0.8095238095238095,0.8917748917748918,0.07508714184086923,0.030293839842221077,0.05314040904087304,0.11788722361915024,14.333333333333334,4.9216076867444665,8.0,18.333333333333332,5.0,5.0990195135927845,0.0,12.0,1.0,0.0,1.0,1.0,1.0,0.0,1.0,1.0,1.0,0.0,1.0,1.0,0.39225438544412633,0.23690939494261584,0.09646126236494279,0.6764187471876244,0.21428571428571427,0.06073373482447298,0.16666666666666666,0.3,0.2853160077395773,0.14914934468747407,0.10680417855759505,0.4718778094219028,0.2372317504758652,0.5155849493493165,0.8345579035703388,0.7226481472785936,0.5233685601736684,0,mixed
0.04,0.01,0.02,0.01,0.02,3,0.0,0.0,0.0,0.0,nan,0.0,nan,nan,1.3333333333333333,0.4714045207910317,1.0,2.0,31.213836045966687,1.411212536611019,29.26968774173286,32.57641853805947,0.1693051181255897,0.039242912598609535,0.12657227866648502,0.2213380930522122,0.1649656950207936,0.04411167545054324,0.12952407825432655,0.2125748502994012,0.38649068322981367,0.16292675502444942,0.175,0.5714285714285714,0.7002164502164502,0.04744655891078566,0.6623376623376623,0.75,0.033380395444438396,0.020660685905474704,0.013790891033908641,0.061949715576539784,12.666666666666666,3.0912061651652345,10.333333333333334,15.0,8.0,6.683312551921141,1.0,17.0,2.0,0.0,2.0,2.0,1.0,0.0,1.0,1.0,1.0,0.816496580927726,0.0,2.0,0.4267087953360477,0.145666590003009,0.22574690925969754,0.5664182155704398,0.189520202020202,0.10202473362272843,0.04583333333333334,0.2727272727272727,0.6105484885050856,0.36278348829634016,0.15433169303041283,1.0419238676137372,0.2202845387840812,0.7678070262485592,0.7208963991455599,0.6264476754309491,0.5385201600518701,0,mixed
0.04,0.01,0.02,0.02,0.0,3,0.0,0.0,0.0,0.0,nan,0.0,nan,nan,2.0,0.0,2.0,2.0,31.829308796291667,1.2222954425113817,30.507225441338353,33.45475750666091,0.1566479967718459,0.06026219273717911,0.07334358075787237,0.21387513703125374,0.14950450018702724,0.07626309435645297,0.041884816753926704,0.20944558521560575,0.3584774398727887,0.15701203107164138,0.13953488372093023,0.5,0.8418803418803419,0.12576016213300995,0.6923076923076923,1.0,0.05838082175331297,0.005498069817385214,0.05113106492866891,0.06443961205042224,19.0,2.943920288775949,15.0,22.0,15.666666666666666,11.953614051360738,0.0,29.0,0.0,0.0,0.0,0.0,5.0,2.943920288775949,1.0,8.0,6.0,3.559026084010437,1.0,9.0,0.9708965380522435,0.5144933252562817,0.25233767147163544,1.4292211077385009,0.19882154882154882,0.030281511251982293,0.15606060606060607,0.2222222222222222,0.4456146654015565,0.2165101270121414,0.15661130146511648,0.6777105502218295,0.24560408565052053,0.5409360600400005,0.6728562709795545,0.588548423634769,0.47347638391054697,0,drift_dominant
0.04,0.01,0.02,0.02,0.01,3,0.0,0.0,0.0,0.0,nan,0.0,nan,nan,2.3333333333333335,0.4714045207910317,2.0,3.0,33.78702462763142,3.452354233777161,31.240090142413035,38.667841060327795,0.11697424266066535,0.04249839643225928,0.07211838519698884,0.17404513009075792,0.1244870918439977,0.05267129091785084,0.06648936170212766,0.1939655172413793,0.34249980273021385,0.0664194294717377,0.25862068965517243,0.42105263157894735,0.7747252747252747,0.1885824428761595,0.6208791208791209,0.9285714285714286,0.06581716701482683,0.016810263180552877,0.047363876926626934,0.08802396945357092,18.666666666666668,2.0548046676563256,16.0,21.0,6.0,6.48074069840786,0.0,15.0,1.0,0.816496580927726,0.3333333333333333,2.0,1.3333333333333333,0.4714045207910317,1.0,2.0,1.3333333333333333,1.247219128924647,0.0,3.0,0.5461222979092053,0.050238563804447446,0.48019841041714395,0.5867320498608654,0.13404311737645067,0.09428820963426238,0.0222222222222222,0.25286195286195273,0.35289103661525856,0.3509502293467715,0.011211683815786744,0.8354846386049184,0.18424044917586105,0.49602902331761006,0.8136103906011596,0.724460661067662,0.49610562337471825,0,drift_dominant
0.04,0.01,0.02,0.02,0.02,3,0.0,0.0,0.0,0.0,nan,0.0,nan,nan,1.3333333333333333,0.4714045207910317,1.0,2.0,35.14870916228178,3.399527175531237,32.37756950042105,39.9365967703473,0.10676148160773849,0.033229539763963485,0.08063533182141455,0.1396127744897577,0.09189704058125112,0.04266821925098442,0.03333333333333333,0.1253765727449938,0.2628548644338118,0.07621655974094405,0.1590909090909091,0.34,0.6094276094276094,0.03809329460937628,0.5555555555555556,0.6363636363636364,0.028510693825589083,0.021000433714883165,0.0,0.04996899690286496,13.333333333333334,3.2998316455372216,9.0,17.0,13.0,5.656854249492381,9.0,21.0,1.3333333333333333,0.9428090415820634,0.0,2.0,1.3333333333333333,1.8856180831641267,0.0,4.0,1.6666666666666667,2.3570226039551585,0.0,5.0,0.5651988863352341,0.7238780372819217,0.050322405896944845,1.588862694614194,0.15048500881834215,0.17321492405243732,0.0,0.3931216931216931,0.13252460302991168,0.16187877181916605,0.008967818063224331,0.36120834538270763,0.08475107484450417,0.7653609978894999,0.7315898687824229,0.783150832562803,0.5239512659369967,0,mixed
0.04,0.01,0.02,0.03,0.0,3,0.0,0.0,0.0,0.0,nan,0.0,nan,nan,2.3333333333333335,1.247219128924647,1.0,4.0,32.033915836155195,3.8569293024414875,28.892575491957174,36.9381175422901,0.16175643015083657,0.03865285821266805,0.12881185069863674,0.21600511707877668,0.16409086570767675,0.03962224937669262,0.12468827930174564,0.2182952182952183,0.44067460317460316,0.08055506685284552,0.32857142857142857,0.5142857142857142,0.9607843137254902,0.05545935538718021,0.8823529411764706,1.0,0.06484948288209177,0.03924715993967155,0.013818875052256055,0.10927026598647668,24.0,4.898979485566356,18.0,30.0,7.666666666666667,5.734883511361751,3.0,15.0,0.0,0.0,0.0,0.0,2.6666666666666665,1.8856180831641267,0.0,4.0,4.666666666666667,1.247219128924647,3.6666666666666665,6.0,0.5915364058063944,0.3034639078546076,0.25822096181805865,0.9923118890975826,0.13378968253968251,0.046865474172765445,0.09809523809523807,0.16775793650793647,0.3319792874934043,0.07747263495069644,0.2573657708014355,0.4387672022377157,0.3119337562175322,0.4073928502987126,0.8131949954226426,0.7242346683791913,0.5185109600111811,0,mixed
0.04,0.01,0.02,0.03,0.01,3,0.0,0.0,0.0,0.0,nan,0.0,nan,nan,2.6666666666666665,0.9428090415820634,2.0,4.0,29.525520034656125,0.9578897462838509,28.27350313470693,30.59948987887672,0.17473410534543032,0.015915629094561526,0.16169385163754096,0.19714211159339384,0.1737692312088551,0.0117815245207436,0.16416464460620928,0.18864097363083165,0.46112086625695053,0.21722043940734678,0.26865671641791045,0.7647058823529411,0.9090909090909091,0.07422696190252052,0.8181818181818182,0.9696969696969697,0.06980278930561008,0.04187821294188992,0.02627788952944693,0.12634834433707454,18.0,1.632993161855452,16.0,20.0,8.666666666666666,7.408703590297623,2.0,19.0,0.3333333333333333,0.4714045207910317,0.0,1.0,3.6666666666666665,2.494438257849294,1.0,7.0,6.666666666666667,3.2998316455372216,3.0,11.0,1.0537404443857488,0.45085426879034685,0.7150104974741675,1.4370102745580922,0.06795334295334289,0.025021833879733228,0.033730158730158666,0.08766233766233761,0.38839542439041846,0.07836081876055857,0.3215128292473235,0.44734416254403775,0.3260428681630286,0.463045323348013,0.7194457583155325,0.6723881958263882,0.5082431255224474,0,mixed
0.04,0.01,0.02,0.03,0.02,3,0.0,0.0,0.0,0.0,nan,0.0,nan,nan,2.6666666666666665,0.4714045207910317,2.0,3.0,33.64781022311339,5.08557950423839,28.091142411753793,40.38054173987689,0.13885912214508625,0.043652687050350636,0.08829998915025389,0.19481712053172903,0.14108217876861237,0.05847444943916914,0.0726643598615917,0.21551724137931033,0.3478340173278614,0.08479122706497927,0.27450980392156865,0.4666666666666667,0.7634615384615385,0.10909118925909872,0.6153846153846154,0.875,0.062058352007227716,0.019622368022888567,0.0350891091677125,0.07743009191634542,22.0,0.816496580927726,21.0,23.0,19.0,3.559026084010437,16.333333333333332,22.0,1.0,0.816496580927726,0.0,2.0,4.666666666666667,4.4969125210773475,1.0,11.0,6.333333333333333,8.956685895029603,0.0,12.666666666666666,0.9295155985107523,0.8381440216304036,0.06752944669533001,2.065109985126164,0.09693562610229274,0.0358959198844027,0.06827601410934743,0.14523809523809522,0.488177585440939,0.0680582779692909,0.4224837339279235,0.5819435739385732,0.19535350590031442,0.40932855999320555,0.5626720323466585,0.6422488098600124,0.4116900355047457,0,drift_dominant
0.04,0.01,0.03,0.01,0.0,3,0.0,0.0,0.0,0.0,nan,0.0,nan,nan,2.6666666666666665,0.9428090415820634,2.0,4.0,35.262907371662976,2.903147762731886,32.31115645206395,39.21017419663868,0.15304502205372794,0.05677353252834879,0.10635813398869325,0.23295790885991427,0.15880198507317153,0.06873550604352621,0.08783783783783784,0.25181598062953997,0.2802555168408827,0.16493669288047788,0.14285714285714285,0.5121951219512195,0.8881118881118881,0.07993672820271443,0.8181818181818182,1.0,0.07661021681342893,0.017918983198390047,0.060987585104450966,0.10170114412652728,18.0,5.887840577551898,10.0,24.0,12.333333333333334,8.956685895029603,6.0,25.0,0.0,0.0,0.0,0.0,2.0,1.632993161855452,0.0,4.0,4.666666666666667,1.699673171197595,3.0,7.0,0.8114360990668903,0.2856531390105863,0.44979443188425483,1.1481673305087843,0.11257495590828923,0.05344467698649917,0.05809523809523803,0.18518518518518523,0.47554512269567184,0.1223615376346413,0.3381206463178784,0.6353309784018693,0.21611578627472985,0.4506690159651415,0.802221544095209,0.6556223968589939,0.47987656737828144,0,drift_dominant
0.04,0.01,0.03,0.01,0.01,3,0.0,0.0,0.0,0.0,nan,0.0,nan,nan,3.0,1.4142135623730951,2.0,5.0,35.04533229697941,3.5006577366709424,30.849480696769007,39.4187863644832,0.1986847975217872,0.03679436104249717,0.1725821138976264,0.22495860817039606,0.19457409719332316,0.032298126893917936,0.15056179775280898,0.2271604938271605,0.4552188552188552,0.11793935625909444,0.3589225589225589,0.5515151515151515,0.9696969696969697,0.04285495643554835,0.9090909090909091,1.0,0.08338237501457706,0.03388476716783313,0.04953687616404802,0.1296841616040599,14.333333333333334,4.784233364802441,10.0,18.0,4.333333333333333,3.2998316455372216,0.0,8.0,0.3333333333333333,0.4714045207910317,0.0,0.6666666666666666,3.3333333333333335,1.699673171197595,1.0,5.0,3.6666666666666665,2.6246692913372702,0.0,6.0,1.0763613590478789,0.5398130560760965,0.31936190092639727,1.5403658749229248,0.28483405483405483,0.28781604917658654,0.023333333333333317,0.6857142857142857,0.37738276154425787,0.28672009100281315,0.08049797723635706,0.7650053880651613,0.3186171063639786,0.4634666858941526,0.7969999237107109,0.5425702587655377,0.4952966951961804,0,drift_dominant
0.04,0.01,0.03,0.01,0.02,3,0.0,0.0,0.0,0.0,nan,0.0,nan,nan,2.6666666666666665,0.9428090415820634,2.0,4.0,33.79351290225037,2.715386045679336,29.960557644879334,35.91327004748609,0.16577378242839186,0.029016451257513683,0.1401242976022138,0.20633856109746382,0.1651714411997114,0.031234421262134927,0.14228605022255816,0.20924574209245742,0.4700986700986701,0.05185633963786137,0.4,0.5238095238095238,0.7480769230769231,0.11326036054249945,0.6,0.875,0.0771140876436367,0.023884114139144055,0.0586170272594825,0.0956111480277909,12.666666666666666,3.0912061651652345,10.0,17.0,9.0,0.816496580927726,8.0,10.0,0.6666666666666666,0.4714045207910317,0.0,1.0,0.3333333333333333,0.4714045207910317,0.0,1.0,0.0,0.0,0.0,0.0,0.41633091147255064,0.1835759693041937,0.1876188869762312,0.6370744800750963,0.10934343434343437,0.03246169313103121,0.06414141414141414,0.13425925925925927,0.5767950809512854,0.134159322076704,0.4763044859134755,0.7664115224772314,0.23918000808880258,0.5401484291057662,0.8721902654867256,0.6870368631225614,0.5305955358293799,0,mixed
0.04,0.01,0.03,0.02,0.0,3,0.0,0.0,0.0,0.0,nan,0.0,nan,nan,2.0,0.816496580927726,1.0,3.0,33.175136706176644,2.425295999374073,31.439596475405526,34.95264112911582,0.12108710683272837,0.032194207415796705,0.07688767574757689,0.15264770000418812,0.10028381616449349,0.05509522182150258,0.022727272727272728,0.14553990610328638,0.2824074074074074,0.14088077828428647,0.08333333333333333,0.3888888888888889,0.8917748917748918,0.0781622081613324,0.8181818181818182,1.0,0.04812170947912486,0.03463951822500369,0.0,0.08012423544680879,18.333333333333332,9.104333522498441,10.0,31.0,15.333333333333334,12.498888839501783,6.0,33.0,0.0,0.0,0.0,0.0,3.0,0.816496580927726,2.3333333333333335,4.0,5.0,2.160246899469287,3.0,8.0,0.52499237668147,0.19159901941132618,0.3224082273347273,0.7821209784727321,0.11409340659340657,0.06765307752426956,0.0435897435897436,0.2053571428571428,0.1455238057965888,0.05171236815409347,0.0757260143601739,0.18672485954999687,0.2042958196523088,0.5708871702913652,0.747999694842844,0.8070593425792171,0.5252371369355616,0,mixed
0.04,0.01,0.03,0.02,0.01,3,0.0,0.0,0.0,0.0,nan,0.0,nan,nan,2.3333333333333335,0.4714045207910317,2.0,3.0,34.71459500807084,4.536311358129159,28.559290123879627,39.357925400393206,0.12946405778364187,0.05077632623137691,0.05948313595349478,0.1783956769427407,0.1276343820083374,0.0671698362862642,0.036036036036036036,0.19522776572668113,0.35853759476288116,0.1908588335432664,0.1016949152542373,0.5588235294117647,0.753968253968254,0.16460554711978936,0.5333333333333333,0.9285714285714286,0.045533529010353284,0.013385417480629602,0.026910832030526022,0.05582526685570271,21.666666666666668,2.0548046676563256,19.0,24.0,12.333333333333334,13.299958228840001,1.0,31.0,0.6666666666666666,0.4714045207910317,0.0,1.0,5.666666666666667,6.599663291074443,1.0,15.0,7.666666666666667,8.73053390247253,1.0,20.0,1.1843732068898387,1.2450023062697837,0.13277896931373823,2.9331414142765424,0.1993013159679826,0.189127143824724,0.059259259259259234,0.4666666666666666,0.41077418841028385,0.3856115419029289,0.03544404998947881,0.9410612902862695,0.18017984745427318,0.48205842387193026,0.5909284406469332,0.5658837370982245,0.4149399881260097,0,drift_dominant
0.04,0.01,0.03,0.02,0.02,3,0.0,0.0,0.0,0.0,nan,0.0,nan,nan,3.0,1.632993161855452,1.0,5.0,34.720946606809136,4.388958904143543,29.132197694973662,38.29484047262952,0.10137250232702606,0.0505758572406087,0.04665040057912725,0.16862082797192346,0.08763736013619935,0.05552975529074124,0.024390243902439025,0.1595744680851064,0.2756145936635524,0.13948630407505927,0.15217391304347827,0.47058823529411764,0.7834757834757835,0.08088358727395092,0.6923076923076923,0.849002849002849,0.07212506326385977,0.04924782821061101,0.017382756709006922,0.1367853943276583,18.0,3.559026084010437,15.0,23.0,10.666666666666666,10.208928554075703,2.0,18.333333333333332,0.6666666666666666,0.4714045207910317,0.0,1.0,5.333333333333333,4.784233364802441,1.0,12.0,4.333333333333333,4.714045207910317,1.0,11.0,1.2805258934963921,1.0460118983969244,0.1593399414623704,2.6768328655090903,0.16297498797498797,0.19467406542166663,0.009595959595959602,0.30566378066378064,0.4098451179038957,0.3043745570993094,0.14666485693864806,0.6397645811824294,0.14533247656872147,0.42178625437578093,0.6550938358254501,0.5727563038220546,0.4018829583224987,0,drift_dominant
0.04,0.01,0.03,0.03,0.0,3,0.0,0.0,0.0,0.0,nan,0.0,nan,nan,1.6666666666666667,0.9428090415820634,1.0,3.0,29.179300540266624,1.1111452175678163,27.66634420366414,30.303457759421374,0.12071787000366414,0.03922443839504061,0.08040279566566766,0.1738732243269965,0.1131545291551166,0.046690677367219664,0.07540983606557378,0.17894736842105263,0.2981132623989767,0.21251017698748192,0.09615384615384616,0.5918367346938775,0.9333333333333333,0.09428090415820632,0.8,1.0,0.04514646045667521,0.032497839848275915,0.0187948190767548,0.09093144611055828,19.333333333333332,3.858612300930075,14.0,23.0,23.666666666666668,14.613540144521982,4.0,39.0,0.0,0.0,0.0,0.0,7.333333333333333,1.699673171197595,5.0,9.0,13.666666666666666,5.436502143433364,8.0,21.0,1.3673305902497217,0.5090215018093568,0.6738293120509131,1.8812527484809554,0.23441358024691358,0.0823947085352729,0.14074074074074072,0.34126984126984133,0.5564272195306341,0.11904282181247763,0.39182871219617854,0.6693416438664672,0.25510205445638784,0.59638423415667,0.45062099481232837,0.4687066987573294,0.4222473163128348,0,drift_dominant
0.04,0.01,0.03,0.03,0.01,3,0.0,0.0,0.0,0.0,nan,0.0,nan,nan,2.3333333333333335,0.4714045207910317,2.0,3.0,29.995816767299896,2.2284320733530882,26.878470778875595,31.955088999734368,0.10893806229466094,0.018731283068051455,0.08922143386729385,0.13411735463169097,0.10492965295645862,0.02420535365089435,0.0759493670886076,0.1351981351981352,0.3311036789297659,0.16416942496688805,0.10869565217391304,0.5,0.9487179487179487,0.0725237724293895,0.8461538461538461,1.0,0.06292791802551892,0.038556355575431904,0.02454726418280969,0.11566050025034567,17.666666666666668,4.4969125210773475,12.0,23.0,20.0,7.874007874011811,14.0,31.0,0.0,0.0,0.0,0.0,2.0,1.632993161855452,0.0,4.0,4.0,2.449489742783178,1.0,7.0,0.7866300896326335,0.4947818409457108,0.15248381874207695,1.3598428072028552,0.051216931216931195,0.03166062143656449,0.008333333333333304,0.08380952380952378,0.3776237714041577,0.15579008601671565,0.15738057484562917,0.4927978076003605,0.2568826039508658,0.5182310020643391,0.759957277998169,0.7280560139184069,0.517069320282203,0,mixed
0.04,0.01,0.03,0.03,0.02,3,0.0,0.0,0.0,0.0,nan,0.0,nan,nan,2.3333333333333335,0.4714045207910317,2.0,3.0,30.975888136767402,1.963729966279568,29.37138887701865,33.74118123656184,0.10541331207555624,0.019544526758538423,0.07876133533395537,0.12508255601008034,0.10846014596314717,0.03244992748193567,0.08209150326797386,0.1457725947521866,0.2742857142857143,0.10505586463342993,0.14285714285714285,0.4,0.7054131054131054,0.11840066461190472,0.5384615384615384,0.8,0.06013667257797843,0.029563219523194174,0.018837708324779788,0.08642287241745102,19.0,5.715476066494082,12.0,26.0,22.666666666666668,12.036980056845191,6.0,32.0,0.6666666666666666,0.9428090415820634,0.0,2.0,8.333333333333334,6.236095644623235,0.0,15.0,17.0,10.614455552060438,4.0,30.0,2.1193940569923053,1.2488776731533444,0.41335408275767893,3.368158745257346,0.27488095238095245,0.012911042225082728,0.2571428571428572,0.2875000000000001,0.12366268563466902,0.06176013147949618,0.07942738579248161,0.2109819323071842,0.15434637283754996,0.5007067819545544,0.3216547146780592,0.46629903876605255,0.3367886766706034,0,drift_dominant
0.05,0.0,0.01,0.01,0.0,3,0.0,0.0,0.0,0.0,nan,0.0,nan,nan,2.3333333333333335,0.4714045207910317,2.0,3.0,27.570082355364324,5.505468700776961,22.484374696353996,35.218517604077775,0.19011255826646237,0.03056455490386174,0.15144727407886557,0.22617944291037492,0.18976189066455668,0.03636390738518901,0.14099783080260303,0.228287841191067,0.4231038621630211,0.03727214733942645,0.3950686994165255,0.47540983606557374,0.9487179487179487,0.0725237724293895,0.8461538461538461,1.0,0.07979849630994193,0.006031654661168485,0.07131026314655294,0.08477316764684008,10.666666666666666,1.8856180831641267,9.333333333333334,12.0,6.666666666666667,2.494438257849294,4.0,8.666666666666666,0.0,0.0,0.0,0.0,0.6666666666666666,0.9428090415820634,0.0,2.0,1.3333333333333333,0.9428090415820634,0.0,2.0,0.29381730273983625,0.1056499070538477,0.2179897583111511,0.44317587727395047,0.11935185185185186,0.040660906628435675,0.07333333333333336,0.15231481481481482,0.19405168929930727,0.05871802658731433,0.12078783701237017,0.26453647249386125,0.35277509445536276,0.6062033568922837,0.9229356118400976,0.8246384820343303,0.6245369410573335,0,macro_stable_weak_repair
0.05,0.0,0.01,0.01,0.01,3,0.0,0.0,0.0,0.0,nan,0.0,nan,nan,3.0,0.816496580927726,2.0,4.0,28.685621951310857,3.537366777863985,25.61721351126853,33.64153595088836,0.20046391168127561,0.044835513763311644,0.13875249820769125,0.24393354036762002,0.2134432209300996,0.04335334984338383,0.1565040650406504,0.2616033755274262,0.6752707662012173,0.24998283831813511,0.47406462585034015,0.9473684210526315,0.877104377104377,0.03203080402431049,0.8333333333333334,0.9023569023569024,0.09442644316545387,0.02472278594545162,0.07475681569810058,0.12000184009033145,12.666666666666666,3.7712361663282534,10.0,18.0,7.0,7.788880963698615,1.0,18.0,0.6666666666666666,0.4714045207910317,0.0,1.0,0.3333333333333333,0.4714045207910317,0.0,1.0,1.6666666666666667,0.9428090415820634,1.0,3.0,0.27104347748932084,0.19865969004638936,0.030544048558612147,0.517064918455481,0.18114478114478114,0.1589132851257538,0.003030303030303022,0.3888888888888889,0.1570651652217482,0.038957363407838196,0.12256392534114124,0.21151474456364205,0.40131899705580815,0.47163650185308353,0.8639128776319804,0.8032513263735369,0.5918036152339072,0,mixed
0.05,0.0,0.01,0.01,0.02,3,0.0,0.0,0.0,0.0,nan,0.0,nan,nan,3.0,1.4142135623730951,2.0,5.0,27.881019172692998,2.9479416959040328,25.488248525577415,31.696375483665243,0.17129190088750698,0.0687827008588277,0.1151337325273289,0.22745006924768504,0.17104111209701273,0.07719659909110343,0.08163265306122448,0.27,0.6682336182336183,0.27670763253531017,0.27692307692307694,0.8666666666666667,0.7037037037037037,0.13857990321384966,0.5555555555555556,0.8148148148148148,0.10184087675466358,0.05718016072167954,0.0450215099637077,0.18008052942909825,10.0,1.632993161855452,8.0,11.333333333333334,11.333333333333334,15.326085243430198,0.0,33.0,1.6666666666666667,0.4714045207910317,1.3333333333333333,2.0,0.0,0.0,0.0,0.0,0.3333333333333333,0.4714045207910317,0.0,1.0,0.22143617606057023,0.24170220716531338,0.008579526076057498,0.4050719922991098,0.03703703703703704,0.05237828008789242,0.0,0.11111111111111113,0.44375324175129044,0.22464439431831748,0.13709333083963887,0.6689680365524817,0.32557546305089485,0.5033543614877988,0.7686431949954227,0.8042676388741578,0.5543721692136789,0,mixed
0.05,0.0,0.01,0.02,0.0,3,0.0,0.0,0.0,0.0,nan,0.0,nan,nan,2.6666666666666665,0.4714045207910317,2.0,3.0,27.26960081301095,2.790366901623438,24.092989308092598,30.885485337954353,0.16725562184730464,0.029439934864067045,0.14344210465368554,0.19106913904092376,0.16869816596820972,0.03370796150376603,0.14327387843468137,0.215962441314554,0.42427248677248675,0.12590046177778752,0.2638888888888889,0.5714285714285714,1.0,0.0,1.0,1.0,0.08809147380214863,0.01161880349245089,0.07982041670623054,0.09647431638947486,18.333333333333332,1.247219128924647,17.333333333333332,20.0,17.666666666666668,9.46337971105226,10.0,31.0,0.0,0.0,0.0,0.0,4.333333333333333,1.247219128924647,3.0,6.0,6.333333333333333,1.247219128924647,5.0,8.0,1.0640400221931354,0.13845744268320942,0.8769742544719814,1.2076777367762364,0.23859547859547858,0.08567644540513719,0.1611111111111111,0.358008658008658,0.46009495910504294,0.31963648122765836,0.20398677956318986,0.8877335477723638,0.35804043330334423,0.4241456915751554,0.6752715898687824,0.5453400312455907,0.475472898772834,0,drift_dominant
0.05,0.0,0.01,0.02,0.01,3,0.0,0.0,0.0,0.0,nan,0.0,nan,nan,3.0,0.0,3.0,3.0,25.480636164523556,1.8383722728098053,23.654277194149223,27.996229018243866,0.20780573228894314,0.05376263392293468,0.15168322564225475,0.2802891579507327,0.19689883236501307,0.059187354218326216,0.1440922190201729,0.27954545454545454,0.44930947897049595,0.06960460993323563,0.375,0.5423728813559322,0.9743589743589743,0.03626188621469472,0.9230769230769231,1.0,0.1158706230108878,0.004395011714114318,0.1096569225048183,0.11910645569085294,17.666666666666668,0.4714045207910317,17.333333333333332,18.0,17.666666666666668,8.055363982396381,11.0,29.0,0.3333333333333333,0.4714045207910317,0.0,1.0,8.0,2.943920288775949,5.0,10.333333333333334,13.666666666666666,7.039570693980958,6.0,23.0,1.9766457686408427,0.5187024280083521,1.4813736051746025,2.692904754534912,0.36697253363920035,0.20639935464677495,0.0756410256410256,0.5283068783068784,0.3993638215544247,0.25152751936237305,0.161579129502186,0.7473696103640262,0.391529004227934,0.3479039469887006,0.4391940036618858,0.34419334777780436,0.3806886085148901,0,drift_dominant
0.05,0.0,0.01,0.02,0.02,3,0.0,0.0,0.0,0.0,nan,0.0,nan,nan,2.0,0.0,2.0,2.0,26.724555442850026,3.7007344051620876,23.758737103068157,30.672624635568692,0.1706607613156719,0.03646803093845675,0.11931340863979222,0.20051330719889326,0.16422212676931647,0.051920138693486495,0.09164969450101833,0.20373122565245783,0.41456587036582887,0.11812466455242321,0.2911392405063291,0.5737704918032787,0.6762820512820513,0.1691749130820083,0.46153846153846156,0.875,0.07245357872587953,0.015384347555517375,0.05333114924048987,0.09100182537547528,16.333333333333332,1.247219128924647,15.0,18.0,11.666666666666666,13.02134998974974,1.0,30.0,1.3333333333333333,0.4714045207910317,1.0,2.0,1.6666666666666667,1.699673171197595,0.0,4.0,1.6666666666666667,1.699673171197595,0.0,4.0,0.3156059667008629,0.38489532452680303,0.014439942920881244,0.8588604517771627,0.23729717813051146,0.18630138860432163,0.09740740740740739,0.5005952380952381,0.5218715345452406,0.11869519448947369,0.42721498637619426,0.6818668541264175,0.252893445317187,0.5605486924427935,0.7304394263045468,0.6441709645284203,0.5035719571383073,0,mixed
0.05,0.0,0.01,0.03,0.0,3,0.0,0.0,0.0,0.0,nan,0.0,nan,nan,2.3333333333333335,0.4714045207910317,2.0,3.0,24.46047036682649,4.771339857359526,17.75229011221332,28.446038368135753,0.2226523650105162,0.024813509787159287,0.20370317772869573,0.25770549707634516,0.2025456618330327,0.0325872441648918,0.16790123456790124,0.2286410382552065,0.36151265924850834,0.029239250079808623,0.32051282051282054,0.38666666666666666,0.9333333333333333,0.09428090415820632,0.8,1.0,0.09336196784446787,0.022624364217464714,0.06872830041464176,0.12336155038653701,10.666666666666666,0.4714045207910317,10.333333333333334,11.0,16.666666666666668,9.533566430716728,4.0,27.0,0.0,0.0,0.0,0.0,3.3333333333333335,1.699673171197595,1.0,5.0,8.333333333333334,5.734883511361751,1.0,15.0,0.7391687256226929,0.5154819400270148,0.350602790509343,1.1819347928019859,0.07320987654320987,0.047682112527908514,0.024867724867724816,0.11095238095238098,0.2181434329108021,0.16233245654464,0.004277613381554968,0.3973521899519452,0.3679443306743455,0.5815441603459649,0.6860466890448581,0.7741567967726267,0.5662072529860092,0,mixed
0.05,0.0,0.01,0.03,0.01,3,0.0,0.0,0.0,0.0,nan,0.0,nan,nan,2.0,0.816496580927726,1.0,3.0,26.451111896264106,2.565388632514629,24.356933439127946,29.554672020820075,0.2050449646344606,0.09377416046434994,0.13858314418288256,0.3376605810008659,0.2194446686882129,0.09579478447499365,0.15041782729805014,0.3549107142857143,0.4455603582224482,0.17897278090399227,0.23684210526315788,0.5912506709608158,0.9444444444444444,0.0785674201318386,0.8333333333333334,1.0,0.07327882288002699,0.02972123168277787,0.0510941906740763,0.09803770939147229,15.666666666666666,5.792715732327589,8.0,20.333333333333332,20.666666666666668,11.440668201153676,5.0,32.0,0.0,0.0,0.0,0.0,6.333333333333333,1.8856180831641267,5.0,9.0,9.333333333333334,2.0548046676563256,7.0,12.0,1.4831012247941235,0.4404325647559721,1.1014698489496677,2.1002259389808513,0.21074875741542407,0.0354058145727861,0.17830687830687825,0.25999999999999995,0.20197666063688116,0.1874118755094997,0.014574698388730711,0.4579896716051408,0.3798167875727971,0.5703477846020338,0.5565669819957277,0.5796761223320621,0.5027714426665454,0,drift_dominant
0.05,0.0,0.01,0.03,0.02,3,0.0,0.0,0.0,0.0,nan,0.0,nan,nan,1.3333333333333333,0.4714045207910317,1.0,2.0,28.008216059267692,2.995003892451245,25.655855269482903,30.958118156161,0.19286994136611746,0.05325275055250282,0.1291522011464753,0.25949690529897235,0.19613747039965296,0.056476649792731475,0.1471861471861472,0.2752688172043011,0.5832166199813259,0.059826722336891174,0.5294117647058824,0.6666666666666666,0.7752136752136752,0.0601821085206289,0.7282051282051282,0.8222222222222223,0.051466135360755075,0.01314325407994521,0.036287149157568,0.068346294482478,18.333333333333332,6.548960901462833,10.0,26.0,5.0,4.96655480858378,1.3333333333333333,12.0,0.0,0.0,0.0,0.0,4.666666666666667,4.109609335312651,0.0,10.0,6.666666666666667,5.312459150169742,0.0,13.0,1.0213890460172934,0.8965720581634861,0.32591093030962554,2.2624783264269777,0.2162097162097162,0.22960130336215273,0.0521645021645023,0.5409090909090909,0.04979616893651986,0.04985389586088767,0.0017763676264258565,0.11851278508674354,0.3396220128281084,0.6388808795458734,0.7450320415013731,0.6986754968138075,0.5673294320393424,0,mixed
0.05,0.0,0.02,0.01,0.0,3,0.0,0.0,0.0,0.0,nan,0.0,nan,nan,2.3333333333333335,0.4714045207910317,2.0,2.6666666666666665,26.64334549964513,4.485798556576398,22.201487384961787,32.78677444889765,0.19293881366423216,0.021278762244470943,0.16296485245761863,0.2102387623117202,0.2024635787764136,0.01800974596469839,0.18226600985221675,0.226,0.5851876836782816,0.08812712398920257,0.4925373134328358,0.7037037037037037,1.0,0.0,1.0,1.0,0.0857279409554917,0.036225481546485215,0.05799928721491434,0.1368986961084971,15.0,5.887840577551898,9.0,23.0,8.0,5.887840577551898,0.0,14.0,0.0,0.0,0.0,0.0,1.6666666666666667,0.9428090415820634,1.0,3.0,2.0,1.632993161855452,0.0,4.0,0.3914482421835008,0.23152450258437277,0.20780820307794956,0.6280618122430583,0.1694147827481161,0.14656737501078487,0.06296296296296294,0.3766666666666667,0.10467802899550427,0.018902063405297615,0.08739486768690652,0.130980335933073,0.42575720666909306,0.521976946797396,0.8754653646628013,0.8082795040682168,0.6162582327797352,0,mixed
0.05,0.0,0.02,0.01,0.01,3,0.0,0.0,0.0,0.0,nan,0.0,nan,nan,2.0,0.816496580927726,1.3333333333333333,3.0,28.855328141820483,5.023457713857328,24.33053658446956,35.860864981677175,0.16602111569271175,0.021867215496973506,0.13540945305691726,0.18512921651589725,0.1638453917162051,0.028590118337472135,0.125,0.19298245614035087,0.4473563760437183,0.10117009979446681,0.3269230769230769,0.574468085106383,0.9259259259259259,0.10475656017578482,0.7777777777777778,1.0,0.0721123355185066,0.039705283230198785,0.035169753413696006,0.12720600354397923,14.333333333333334,2.8674417556808756,11.0,18.0,10.0,6.48074069840786,4.0,15.0,0.6666666666666666,0.9428090415820634,0.0,2.0,2.3333333333333335,1.699673171197595,0.0,4.0,2.0,1.4142135623730951,0.0,3.0,0.8707207408147195,0.5179637693726853,0.47833367286332945,1.3226721918633644,0.33504489337822674,0.2258464237010296,0.07407407407407407,0.625,0.8874146109941459,0.3883607327806777,0.3388243877690743,1.1845715551079723,0.3266873058560123,0.5950673979389888,0.7796910283796155,0.3793829121815973,0.49492219464659404,0,drift_dominant
0.05,0.0,0.02,0.01,0.02,3,0.0,0.0,0.0,0.0,nan,0.0,nan,nan,1.6666666666666667,0.9428090415820634,1.0,3.0,27.577290437650614,1.5876831543035985,26.022993847879388,29.757730676843714,0.1631817035132736,0.016875245905020708,0.13935735857179168,0.176302729827265,0.1602384337199152,0.02577975090784533,0.124,0.18181818181818182,0.6996793057913602,0.14851515899619352,0.5087719298245614,0.8709677419354839,0.6484848484848484,0.10942709142586542,0.5454545454545454,0.8,0.06843753160744712,0.03623343877601591,0.03397254195536776,0.11850927877751082,12.666666666666666,3.7712361663282534,10.0,18.0,2.0,1.632993161855452,0.0,4.0,2.3333333333333335,2.0548046676563256,0.0,5.0,1.0,0.816496580927726,0.0,2.0,1.3333333333333333,0.4714045207910317,1.0,2.0,0.6244446834563198,0.20748033683725384,0.351867753113293,0.8547996040980486,0.4041666666666667,0.42282942449907884,0.0625,1.0,0.30859944427388386,0.2707158719051301,0.032101515874847886,0.676178512570778,0.3122894361878073,0.6670340342390692,0.7251590631675313,0.5647857990275478,0.5340487836645157,0,mixed
0.05,0.0,0.02,0.02,0.0,3,0.0,0.0,0.0,0.0,nan,0.0,nan,nan,2.0,0.816496580927726,1.0,3.0,23.25131775399971,1.16683376959384,22.409567221683172,24.900392195816558,0.14316651157973304,0.039855747814265,0.0915681371446639,0.18861071769507567,0.14906607683742648,0.05342103291691666,0.08012820512820513,0.21030042918454936,0.3770529591425114,0.1698779209882109,0.14285714285714285,0.5405405405405406,0.8838383838383839,0.08237124459747518,0.8181818181818182,1.0,0.09209659561666739,0.02646843058336035,0.06966323681416332,0.12926370923293465,11.0,1.632993161855452,9.0,13.0,13.666666666666666,10.780641085864152,2.0,28.0,0.0,0.0,0.0,0.0,2.3333333333333335,0.9428090415820634,1.0,3.0,3.0,1.4142135623730951,1.0,4.0,0.5473157716453275,0.13187258663196333,0.3758268955813291,0.6965365257112377,0.04489898989898989,0.056659419043530376,0.003030303030303022,0.08555555555555555,0.08349078638145703,0.05673903546847835,0.008748939529967137,0.14614449971973315,0.3220906491368713,0.6152320017072697,0.8049237107110162,0.86509506618297,0.6005434830035197,0,mixed
0.05,0.0,0.02,0.02,0.01,3,0.0,0.0,0.0,0.0,nan,0.0,nan,nan,1.6666666666666667,0.9428090415820634,1.0,3.0,25.239706073475745,2.8748681736136152,21.25563285367738,27.933647917682833,0.1288852143533835,0.03973926350496749,0.08248106038895475,0.17954279109448143,0.12174768030443332,0.045353288669513915,0.08474152584741526,0.17608695652173914,0.35054237011663,0.12313003186178584,0.1791044776119403,0.4626865671641791,0.9296296296296296,0.0499656946786372,0.8925925925925926,1.0,0.06409497448200009,0.051220089770723204,0.02248667112289146,0.13624898704611482,19.333333333333332,2.3570226039551585,17.666666666666668,21.0,13.0,6.97614984548545,4.0,21.0,0.6666666666666666,0.4714045207910317,0.0,1.0,4.333333333333333,2.6246692913372702,2.0,8.0,5.333333333333333,1.8856180831641267,4.0,8.0,1.0811817095374625,0.7067850985952298,0.27300283784464785,1.9946363845849757,0.2734976751643418,0.1523963204460782,0.05806878306878305,0.38666666666666666,0.2982591386935398,0.19305743444856674,0.026073248833911045,0.45286938674193755,0.3021996021693683,0.5619347106389067,0.6566760756789747,0.5742831790737324,0.49244538936954696,0,drift_dominant
0.05,0.0,0.02,0.02,0.02,3,0.0,0.0,0.0,0.0,nan,0.0,nan,nan,1.6666666666666667,0.4714045207910317,1.0,2.0,25.63051805978616,4.63032083508782,19.63994497638858,30.915909872673783,0.10232330274830241,0.026847655801259942,0.07681039679923238,0.1394316274283105,0.10027485666150376,0.03172467917703327,0.06551724137931035,0.14222222222222222,0.3064568874677519,0.08399133412247442,0.1896551724137931,0.3835616438356164,0.8,0.14142135623730953,0.6,0.9,0.05408424786559152,0.029051550270907202,0.023561806178289103,0.09316298904194088,16.0,1.632993161855452,14.0,17.333333333333332,15.333333333333334,3.681787005729087,12.333333333333334,20.0,2.0,1.4142135623730951,1.0,4.0,6.0,2.160246899469287,4.0,9.0,6.333333333333333,4.714045207910317,3.0,13.0,1.7116380887793616,0.5839309672063431,0.8942014642093623,2.221899915394462,0.42938271604938266,0.12658373334889605,0.32407407407407407,0.6074074074074073,0.5004345540319995,0.17577602937183753,0.2548620279278274,0.6566336824162509,0.2293645855328602,0.636631981130157,0.45325831553249923,0.31584270862663094,0.3932558050508664,0,drift_dominant
0.05,0.0,0.02,0.03,0.0,3,0.0,0.0,0.0,0.0,nan,0.0,nan,nan,2.3333333333333335,0.4714045207910317,2.0,3.0,22.013637257266133,1.9334072637171442,20.525144840937948,23.502129673594318,0.15757606105943028,0.04514629963119815,0.09377426671540674,0.19016663081455484,0.147693293685685,0.03927942844140054,0.09243697478991597,0.18025751072961374,0.45768985572464954,0.19185752492927766,0.20634920634920634,0.671875,0.8888888888888888,0.15713484026367724,0.6666666666666666,1.0,0.07973940527979426,0.03343522526037381,0.03602203117787585,0.1067992122266412,17.333333333333332,3.681787005729087,13.0,22.0,14.666666666666666,16.579773487261185,1.0,38.0,0.0,0.0,0.0,0.0,5.333333333333333,3.2998316455372216,1.0,8.0,9.666666666666666,6.182412330330469,1.0,15.0,1.1699102923011704,0.8335459399090747,0.49535055813874845,2.1034792684387447,0.21685425685425685,0.11260934560725483,0.05761904761904757,0.2985714285714286,0.4016335206056311,0.17246558082978397,0.16123806272038688,0.5575255449964049,0.3591493623597602,0.4933164376109856,0.6220796460176992,0.5606265821200019,0.4855726318562027,0,drift_dominant
0.05,0.0,0.02,0.03,0.01,3,0.0,0.0,0.0,0.0,nan,0.0,nan,nan,2.3333333333333335,0.4714045207910317,2.0,3.0,26.613119892857288,3.027039778008779,22.52397566329392,29.75479242639863,0.2078517774140148,0.07501033483386034,0.14687362638596782,0.3135144807554372,0.20466125261474097,0.06714735814283468,0.14285714285714285,0.2563755383290267,0.5408312366042307,0.22597209822729292,0.2465753424657534,0.7239455782312925,1.0,0.0,1.0,1.0,0.06205919725796252,0.0023011631948255634,0.05885157738951073,0.0641388319062005,13.666666666666666,4.4969125210773475,10.0,17.0,12.666666666666666,13.27487183449325,0.0,31.0,0.0,0.0,0.0,0.0,3.3333333333333335,4.0276819911981905,0.0,9.0,8.0,9.201449161228174,1.0,21.0,1.2030363313864385,0.8477746435603575,0.39680821690031287,2.3746423794498006,0.17045454545454547,0.23891958501825547,0.0,0.3398989898989899,0.29463476323468435,0.2477597759657665,0.07324986421535906,0.6405269252113536,0.419333456858179,0.5876069981673295,0.716905706438816,0.6179110470898572,0.5606318101479297,0,mixed
0.05,0.0,0.02,0.03,0.02,3,0.0,0.0,0.0,0.0,nan,0.0,nan,nan,2.0,0.0,2.0,2.0,29.964621612719657,6.610417551035087,23.33389306809927,35.18236771153099,0.1857494586313475,0.08848477614540454,0.12056242452202591,0.3105071434972965,0.1841298746097815,0.09857681041564118,0.1097155938909694,0.32231404958677684,0.46875,0.22963966338592295,0.1875,0.65625,0.8757575757575757,0.11265230482085518,0.7272727272727273,1.0,0.05688737471394649,0.047874489158614295,0.0034703719400533167,0.11962250415970303,14.0,2.449489742783178,12.0,17.0,7.333333333333333,3.39934634239519,4.0,12.0,0.6666666666666666,0.4714045207910317,0.0,1.0,3.0,0.0,3.0,3.0,5.333333333333333,1.247219128924647,4.0,7.0,0.9207348327983312,0.19869189132076218,0.7017943884239024,1.1827387000537013,0.08593474426807762,0.030242992634626983,0.06137566137566134,0.1250000000000001,0.8160640782324018,0.4564741547995012,0.17815335680217692,1.2207831527964144,0.32086452017696937,0.6283969981390446,0.7342866951480012,0.5437701885483542,0.5250132083359715,0,mixed
0.05,0.0,0.03,0.01,0.0,3,0.0,0.0,0.0,0.0,nan,0.0,nan,nan,2.0,0.0,2.0,2.0,27.884144691424183,6.808276902045003,18.95058780517632,35.46100714989389,0.1598128146520344,0.054992234752954075,0.09581273581316152,0.2300778675452638,0.16233465314958323,0.06596364869901872,0.08240534521158129,0.24395604395604395,0.5004970899767947,0.16413184355492008,0.328125,0.7213114754098361,0.8881118881118881,0.07993672820271443,0.8181818181818182,0.9487179487179487,0.07061993062368074,0.008514574374717629,0.0626593183063096,0.08242445903274279,16.333333333333332,3.681787005729087,12.0,21.0,5.333333333333333,4.4969125210773475,1.6666666666666667,9.0,0.0,0.0,0.0,0.0,2.3333333333333335,1.247219128924647,1.0,4.0,2.6666666666666665,0.4714045207910317,2.0,3.0,0.7022600101114557,0.40701531879784153,0.3801308080081099,1.2562020834379113,0.15264550264550264,0.014736755805445317,0.13666666666666666,0.1644973544973545,0.14480718791166783,0.061608690487930086,0.06512958020404969,0.19482251833919073,0.3334371199369073,0.5638823735607732,0.8645437900518766,0.7562404969607409,0.5818304427706344,0,mixed
0.05,0.0,0.03,0.01,0.01,3,0.0,0.0,0.0,0.0,nan,0.0,nan,nan,1.6666666666666667,0.4714045207910317,1.0,2.0,26.713816173377655,5.750682765425882,21.415356733209922,34.70629154320686,0.16713167287661412,0.042854571051837285,0.12163204652131425,0.2245529352769535,0.17167461959317656,0.049678105179928135,0.11349036402569593,0.23486682808716708,0.47095575818980073,0.0649620199001048,0.38095238095238093,0.5319148936170213,0.8472222222222222,0.04943091783347827,0.7777777777777778,0.8842592592592592,0.060361787370093505,0.018553535250310244,0.03859512234552231,0.08393408066361879,10.0,1.632993161855452,8.0,12.0,8.666666666666666,4.109609335312651,4.0,14.0,0.6666666666666666,0.4714045207910317,0.0,1.0,0.6666666666666666,0.4714045207910317,0.0,1.0,1.0,0.816496580927726,0.0,2.0,0.3145264027517178,0.24199140150872586,0.009125163194816377,0.6009705074708083,0.1845238095238095,0.17995495783132112,0.0,0.42857142857142855,0.26659922364248817,0.17291265937443984,0.12808381469441188,0.49802619507827384,0.32570075874066806,0.7269139568523023,0.851471620384498,0.7588060864660928,0.6177792961424275,0,mixed
0.05,0.0,0.03,0.01,0.02,3,0.0,0.0,0.0,0.0,nan,0.0,nan,nan,2.0,0.816496580927726,1.0,3.0,27.832860460438347,5.2776057164624195,21.154330043227088,34.05788497076046,0.12546391474506755,0.01907829584823161,0.10302421137096925,0.14965746455835804,0.12332165431435396,0.022725517124786775,0.09635974304068523,0.15195071868583163,0.49529940419004725,0.14822431044523385,0.2982456140350877,0.6557377049180327,0.781986531986532,0.027993752774942596,0.7592592592592593,0.8047138047138047,0.0716148060333487,0.030863561802306334,0.04135461903777656,0.11398604456822763,14.666666666666666,4.4969125210773475,9.0,20.0,5.666666666666667,4.642796092394707,1.0,12.0,2.0,0.0,2.0,2.0,2.3333333333333335,1.247219128924647,1.0,4.0,2.0,1.4142135623730951,1.0,4.0,1.0115851521870078,0.5649701101205252,0.5593114490851412,1.8081369501640416,0.2549623216289883,0.19729551267327042,0.05589225589225588,0.5238095238095238,0.5166795526881243,0.29496262389612027,0.19308816237202753,0.906446481400974,0.2741713113030238,0.5903222185684266,0.6834520903265181,0.5254504351508827,0.4853210186936452,0,drift_dominant
0.05,0.0,0.03,0.02,0.0,3,0.0,0.0,0.0,0.0,nan,0.0,nan,nan,2.6666666666666665,0.9428090415820634,2.0,4.0,24.93746025568165,2.9865227522333133,21.13243431789929,28.4275217857241,0.11145584382489329,0.03296939470778256,0.06948636561871605,0.1500301723325772,0.11110969655193931,0.03793675240531925,0.06198347107438017,0.15434782608695652,0.37057974705033525,0.20678461672393986,0.1038961038961039,0.6078431372549019,0.8498168498168498,0.12572162858410635,0.6923076923076923,1.0,0.09964000899456311,0.06534000979276411,0.03375528793781025,0.18869277825459257,23.0,7.788880963698615,14.0,33.0,18.333333333333332,18.873850222522755,4.0,45.0,0.0,0.0,0.0,0.0,3.6666666666666665,3.0912061651652345,1.0,8.0,5.0,2.8284271247461903,1.0,7.0,0.8239841514436171,0.43058283765198485,0.3943302086869367,1.41250951354084,0.16512376512376511,0.08463653613495968,0.10059385059385058,0.2833333333333333,0.0852376356369811,0.046175008143913066,0.02374286495139144,0.1350111070034623,0.2747163366504923,0.3240537237327646,0.7080881904180654,0.7489013442096089,0.4685620556863983,0,drift_dominant
0.05,0.0,0.03,0.02,0.01,3,0.0,0.0,0.0,0.0,nan,0.0,nan,nan,2.3333333333333335,0.4714045207910317,2.0,3.0,22.278851246598304,1.8967828954945631,19.619388376812015,23.91209703392336,0.09674313852142771,0.025550425438847505,0.07719555325662078,0.13283527633158668,0.08946957321106516,0.04308979576880962,0.05394190871369295,0.15011037527593818,0.2611123995052566,0.2033548279704392,0.08163265306122448,0.5454545454545454,0.8888888888888888,0.15713484026367724,0.6666666666666666,1.0,0.08846208192179243,0.013324844165613744,0.0702369712156962,0.10172327715674623,16.333333333333332,2.494438257849294,13.0,19.0,33.0,16.990193249832878,20.666666666666668,46.0,0.0,0.0,0.0,0.0,5.333333333333333,1.8856180831641267,4.0,8.0,6.0,2.449489742783178,3.0,8.0,1.358180089639123,0.9250023178858099,0.3323622321202193,2.1054243015904803,0.28696275946275945,0.2948299460984409,0.003333333333333355,0.6934523809523809,0.05924843774494789,0.012869943353874341,0.041054944363993484,0.06879324899079375,0.2651277975957211,0.49440724613151327,0.5478120231919439,0.6001057516084253,0.4459800956514546,0,drift_dominant
0.05,0.0,0.03,0.02,0.02,3,0.0,0.0,0.0,0.0,nan,0.0,nan,nan,1.6666666666666667,0.9428090415820634,1.0,3.0,23.78719351225335,4.910191901816549,18.951351444819167,30.520893779564606,0.09153017033577313,0.027770855166533912,0.06609310828743978,0.13016293491570669,0.082761145421284,0.030767762164105112,0.05475504322766571,0.12560386473429952,0.26508098410700465,0.06978750889995819,0.2112676056338028,0.31587057010785824,0.6293650793650793,0.20152792526378002,0.4166666666666667,0.9,0.04888739015486729,0.06500207680261791,0.0,0.14075083230883997,12.333333333333334,2.0548046676563256,10.666666666666666,15.0,20.666666666666668,9.428090415820634,14.0,34.0,2.3333333333333335,0.9428090415820634,1.0,3.0,2.0,1.4142135623730951,1.0,4.0,2.0,1.4142135623730951,1.0,4.0,0.9178345649469969,0.9546757139278065,0.08972285287956616,2.2553522893856357,0.3261904761904762,0.33577900985890874,0.06190476190476191,0.5722222222222222,0.5443510340505262,0.21112378258716957,0.3773853842879686,0.8319273908920106,0.1663995096217404,0.7082270696538012,0.5626445682026243,0.4886247723599431,0.44555046389357295,0,drift_dominant
0.05,0.0,0.03,0.03,0.0,3,0.0,0.0,0.0,0.0,nan,0.0,nan,nan,1.6666666666666667,0.4714045207910317,1.0,2.0,25.291482142355356,3.639999871388895,20.857960620880156,29.773703956505468,0.15025134187492148,0.026008887635678494,0.1293288392657474,0.18478434672334984,0.14432727157693037,0.037326616000045124,0.0967741935483871,0.18795180722891566,0.32726737166477304,0.18092532265364447,0.07547169811320754,0.4925373134328358,0.9523809523809523,0.0673435029701474,0.8571428571428571,1.0,0.05144694051551388,0.02196059201983967,0.03327711563627808,0.08234456715319059,18.0,4.96655480858378,14.0,21.666666666666668,25.666666666666668,12.657891697365017,10.0,41.0,0.0,0.0,0.0,0.0,6.0,2.160246899469287,3.0,8.0,15.333333333333334,6.944222218666553,7.0,24.0,1.3089835236537957,0.5798034146964158,0.4905720183231681,1.7327569555260165,0.21862026862026865,0.1098620571980889,0.08571428571428574,0.35476190476190483,0.3319732308409437,0.06357388326629843,0.26781889292327044,0.41859967701858636,0.3169213538750085,0.607528457391254,0.45579493439121144,0.560237860212187,0.46601114712474623,0,drift_dominant
0.05,0.0,0.03,0.03,0.01,3,0.0,0.0,0.0,0.0,nan,0.0,nan,nan,1.6666666666666667,0.9428090415820634,1.0,3.0,24.994133263570827,3.4498170241222246,20.73966119005838,29.189328869966243,0.14380067502463292,0.03953983879650076,0.0917877352818955,0.18758603272872826,0.1505245406230478,0.06014669391150066,0.07906976744186046,0.226215644820296,0.4139295771009326,0.20629866108024844,0.14545454545454545,0.6470588235294118,0.8585858585858586,0.14069079067862747,0.6666666666666666,0.9696969696969697,0.05587949205643642,0.06308346228044354,0.011108941449831086,0.14509115518532376,20.666666666666668,2.494438257849294,18.0,24.0,11.666666666666666,12.498888839501783,0.0,29.0,0.3333333333333333,0.4714045207910317,0.0,0.6666666666666666,5.333333333333333,3.0912061651652345,3.0,8.0,12.0,7.788880963698615,1.0,18.0,1.1116361012137765,0.6922662095731514,0.13838955370482475,1.6901404159756153,0.19219977553310888,0.03277707591173782,0.14666666666666672,0.2224867724867725,0.46271695961997994,0.17367359600109425,0.31827609345546803,0.5922827442121507,0.3119829772560937,0.5542720754054129,0.5805687366493744,0.5647498735703417,0.4768257829349293,0,drift_dominant
0.05,0.0,0.03,0.03,0.02,3,0.0,0.0,0.0,0.0,nan,0.0,nan,nan,3.0,0.816496580927726,2.0,4.0,24.11863607857001,2.4190511736256384,21.76753148282856,27.446383361994307,0.13317071795501903,0.044537761970496303,0.09600357773372442,0.195792579674661,0.12501105225273176,0.04791187852493387,0.08759124087591241,0.19264069264069264,0.28639082751744765,0.15478905469835538,0.11764705882352941,0.4915254237288136,0.8166666666666667,0.13123346456686352,0.7,1.0,0.08359822199153356,0.039388804020095036,0.04325022384589228,0.13703249928672748,17.666666666666668,2.0548046676563256,15.0,20.0,22.666666666666668,14.704496666741852,2.0,35.0,0.6666666666666666,0.4714045207910317,0.0,1.0,5.0,3.7416573867739413,1.0,10.0,8.666666666666666,6.128258770283412,1.0,16.0,1.454286221935578,0.9185624872469594,0.43744784981001406,2.196078109009653,0.3836980920314253,0.27642817684623067,0.12424242424242421,0.5978395061728394,0.3250287855442171,0.2198111921260477,0.09289306177925244,0.6201502555721328,0.25807029682023946,0.40657708813343857,0.5294133353677144,0.4407477436470229,0.3860010917233909,0,drift_dominant
0.05,0.01,0.01,0.01,0.0,3,0.0,0.0,0.0,0.0,nan,0.0,nan,nan,2.0,0.0,2.0,2.0,26.583845337321883,4.31065190269095,22.304831982584187,32.48368621150649,0.1992578420902048,0.04365289453597961,0.16364261622408585,0.253886651686574,0.19294536141842886,0.041941323742379834,0.14316239316239315,0.2457627118644068,0.41664492942642667,0.11176072973902233,0.27419354838709675,0.5076370170709793,1.0,0.0,1.0,1.0,0.08211092827861297,0.010219360205711342,0.07166516034808859,0.09598351939367718,13.0,3.7416573867739413,9.0,18.0,8.333333333333334,10.402991022884823,0.0,23.0,0.0,0.0,0.0,0.0,2.3333333333333335,1.247219128924647,1.0,4.0,2.3333333333333335,0.9428090415820634,1.0,3.0,0.5318381805725626,0.2006660880992484,0.2760758615674703,0.766206642146464,0.10757575757575759,0.050388754994896624,0.050000000000000044,0.17272727272727273,0.0826447419468584,0.04543017612989869,0.02283872777180651,0.1328770839020219,0.37893814627412653,0.5994882327166527,0.8489426304546841,0.8302943192183044,0.6183477993097052,0,macro_stable_weak_repair
0.05,0.01,0.01,0.01,0.01,3,0.0,0.0,0.0,0.0,nan,0.0,nan,nan,1.6666666666666667,0.4714045207910317,1.0,2.0,29.75881929545034,3.9982144244073994,26.880235711739253,35.41017759384031,0.18489879631852116,0.037896272638525845,0.1313293536184316,0.21307179949931523,0.1811695278969957,0.032391821299662206,0.13541666666666666,0.20470016690510254,0.6601139601139601,0.0593236008360561,0.5769230769230769,0.7111111111111111,0.8307692307692308,0.12748515789390824,0.6923076923076923,1.0,0.056270558937675276,0.01592851781471099,0.03647880686095316,0.06927183228395976,14.0,2.160246899469287,11.0,16.0,2.3333333333333335,1.699673171197595,0.0,4.0,0.0,0.0,0.0,0.0,1.6666666666666667,0.4714045207910317,1.0,2.0,1.6666666666666667,0.4714045207910317,1.0,2.0,0.6537807301519653,0.2766865383026386,0.28132658368249075,0.9438903924000579,0.20123456790123456,0.14411674697675367,0.018181818181818188,0.37037037037037035,0.8142447200124511,0.28358526430279807,0.5356833952714162,1.2033925360134958,0.3590051259686214,0.6665554428792072,0.9173863289594141,0.5174708892088414,0.5792620984424703,0,mixed
0.05,0.01,0.01,0.01,0.02,3,0.0,0.0,0.0,0.0,nan,0.0,nan,nan,1.0,0.0,1.0,1.0,27.554966095237926,4.288446185776892,22.55054317191882,33.024157407836014,0.16363529278607178,0.039352061916303804,0.11218422193757192,0.19548425904790415,0.1650392440144598,0.0415487147311048,0.11586901763224182,0.19891090764664077,0.5993989662219017,0.15462031574422547,0.47397523740834235,0.724822695035461,0.6531986531986532,0.09558969405103294,0.5454545454545454,0.7777777777777778,0.04823509091496512,0.012200424024570307,0.035530319608594804,0.057957559143936986,12.0,0.816496580927726,11.0,13.0,6.666666666666667,3.7712361663282534,4.0,12.0,1.0,0.816496580927726,0.3333333333333333,2.0,0.6666666666666666,0.4714045207910317,0.0,1.0,1.3333333333333333,0.4714045207910317,1.0,1.6666666666666667,0.6093227623865017,0.18080322925860967,0.36485351734062954,0.7964480832839971,0.2391975308641975,0.08622663607838885,0.125,0.3333333333333333,0.4537051270726832,0.24853547580287388,0.26175557277855954,0.6456546813668068,0.28808169406762096,0.7891367799887465,0.8291856118400976,0.6188126654019684,0.5877124433692671,0,mixed
0.05,0.01,0.01,0.02,0.0,3,0.0,0.0,0.0,0.0,nan,0.0,nan,nan,2.3333333333333335,0.9428090415820634,1.0,3.0,26.46147219955592,4.343339882304256,23.182848816350305,32.59910285863371,0.17798248894238589,0.021250893430395365,0.160033304609456,0.2078322049102061,0.18430336033314274,0.03746400844772725,0.1440677966101695,0.23427331887201736,0.5389369889369889,0.21455447144350406,0.25,0.7636363636363637,1.0,0.0,1.0,1.0,0.08091174796647811,0.04147167736817452,0.026442075599294228,0.12697850199594202,17.666666666666668,3.681787005729087,13.0,22.0,10.0,9.899494936611665,3.0,24.0,0.0,0.0,0.0,0.0,3.6666666666666665,3.0912061651652345,1.0,8.0,6.0,5.715476066494082,1.0,14.0,0.8821176777376764,0.9554423564523962,0.0017753011521515205,2.210012426462274,0.267660734327401,0.17210471936324057,0.04814814814814816,0.4684704184704185,0.18665753500932192,0.09566079048003241,0.05226463522764413,0.26728497961763886,0.4037992526615553,0.4855353314876112,0.750466890448581,0.6454230658315335,0.54189156255947,0,mixed
0.05,0.01,0.01,0.02,0.01,3,0.0,0.0,0.0,0.0,nan,0.0,nan,nan,2.6666666666666665,0.4714045207910317,2.0,3.0,26.425714576928186,1.4444834330921146,24.6968644550279,28.232533676866478,0.17260690298411274,0.01878162422805902,0.1532387544432939,0.1875379894153365,0.16616176907856564,0.025937851391634775,0.14754306065234268,0.2028301886792453,0.4066259611035731,0.030775743474397824,0.3838986883763003,0.45,0.9285714285714286,0.10101525445522108,0.7857142857142857,1.0,0.11344075888879718,0.03302894000916007,0.07039606305756188,0.15067080993983115,17.333333333333332,1.8856180831641267,16.0,20.0,17.333333333333332,6.128258770283412,13.0,26.0,0.3333333333333333,0.4714045207910317,0.0,1.0,3.6666666666666665,3.0912061651652345,1.0,8.0,6.0,6.377042156569663,1.0,15.0,0.8289601956979732,0.8230611739094531,0.04465391320959533,1.965957136293916,0.21109199442532778,0.22901864600392668,0.0010822510822510734,0.5296296296296297,0.2547844432248751,0.1359066363162163,0.07218621568041583,0.3980386930800641,0.336835884161695,0.3950083387808115,0.6705443240768996,0.6655558863923617,0.4838646862456484,0,drift_dominant
0.05,0.01,0.01,0.02,0.02,3,0.0,0.0,0.0,0.0,nan,0.0,nan,nan,2.0,0.0,2.0,2.0,24.055604444785686,2.649445445613473,21.32476985022915,27.642788734077943,0.15954953771134325,0.04547988207746808,0.12724213215345265,0.19185694326923386,0.1545902003802952,0.05656223042226513,0.07471264367816093,0.19821826280623608,0.34299548757618376,0.1252679801387313,0.2222222222222222,0.515625,0.6783216783216783,0.04673645141203594,0.6153846153846154,0.7272727272727273,0.08610394761675452,0.009101024786951474,0.07324632792402103,0.09303693018831723,18.333333333333332,3.681787005729087,14.0,23.0,20.0,12.083045973594572,3.0,30.0,1.3333333333333333,0.4714045207910317,1.0,2.0,2.0,2.160246899469287,0.0,5.0,2.6666666666666665,3.0912061651652345,0.0,7.0,0.6930354319149993,0.7850036083562377,0.07351750540454471,1.8006002310398386,0.11922799422799425,0.06141230740289748,0.04682539682539688,0.19696969696969696,0.328395893217849,0.05395420928545904,0.2663732656478357,0.39789720961927855,0.2465892884871875,0.5018332062585772,0.6521986573085139,0.7180970903647624,0.4858237020698152,0,drift_dominant
0.05,0.01,0.01,0.03,0.0,3,0.0,0.0,0.0,0.0,nan,0.0,nan,nan,1.6666666666666667,0.4714045207910317,1.0,2.0,24.35249091935642,3.9861752786168463,21.111831808944945,29.475000279199513,0.19675696630094935,0.036845624388928355,0.14872168641197625,0.23826343037417594,0.20482721956406166,0.05422922927198949,0.14,0.2727272727272727,0.38579234972677595,0.13694369775196832,0.2222222222222222,0.5573770491803278,1.0,0.0,1.0,1.0,0.0761565958783778,0.02693627569958187,0.04138698975778701,0.09803398901703876,13.666666666666666,4.109609335312651,10.333333333333334,19.0,12.333333333333334,8.65383665716478,5.333333333333333,22.0,0.0,0.0,0.0,0.0,2.3333333333333335,0.9428090415820634,1.0,3.0,5.666666666666667,2.6246692913372702,2.0,8.0,0.6466567212210408,0.3396715913889502,0.3820075681760355,0.9718041718735724,0.10039682539682539,0.07210056472462946,0.03392857142857142,0.2005952380952381,0.16330699784338384,0.15564968030943052,0.046767344927534205,0.38329916797815455,0.38953017201808066,0.6360511645523782,0.7792905096124504,0.7902849167949538,0.6092634366259037,0,mixed
0.05,0.01,0.01,0.03,0.01,3,0.0,0.0,0.0,0.0,nan,0.0,nan,nan,2.3333333333333335,0.4714045207910317,2.0,3.0,26.726706701460476,3.6725238535948823,23.63476899070813,31.886688295809183,0.21712622042048466,0.10334282970743658,0.14202187619681034,0.3632560780250566,0.2138890713090111,0.0988922708029161,0.13649025069637882,0.3534675615212528,0.4923776455026455,0.1166721803435325,0.3392857142857143,0.6222222222222222,0.9666666666666667,0.04714045207910316,0.9,1.0,0.07358764602019346,0.025452610213911177,0.039709087671435266,0.10105951809514947,15.0,4.242640687119285,12.0,18.0,9.666666666666666,6.599663291074443,5.0,19.0,0.3333333333333333,0.4714045207910317,0.0,1.0,5.333333333333333,1.247219128924647,4.0,7.0,8.0,4.242640687119285,5.0,14.0,1.1366445222935988,0.38862978493581835,0.6417086927329696,1.4530959762310032,0.2962962962962962,0.22814393935511826,0.12999999999999995,0.6188888888888888,0.5099783641284614,0.26545929875528945,0.26234262156718935,0.8781532758193762,0.40017501023520063,0.5440487237888358,0.6455672108635948,0.48314822489420733,0.5018165216810896,0,drift_dominant
0.05,0.01,0.01,0.03,0.02,3,0.0,0.0,0.0,0.0,nan,0.0,nan,nan,2.0,0.0,2.0,2.0,27.983082282863414,5.871878235240825,23.740110046061925,36.28650345127408,0.17536907911536476,0.06636417516741987,0.09667315881914196,0.25900608661184316,0.18079486374262885,0.07409055571869362,0.1,0.27896995708154504,0.46867167919799496,0.24589518970247687,0.14285714285714285,0.6666666666666666,0.7986531986531987,0.01652234901870075,0.7777777777777778,0.8181818181818182,0.060734656646203915,0.011690557796628956,0.04422416678210514,0.06973589469491173,13.333333333333334,3.39934634239519,10.0,18.0,12.333333333333334,9.030811456096044,2.0,19.666666666666668,0.6666666666666666,0.9428090415820634,0.0,1.3333333333333333,1.0,0.816496580927726,0.0,2.0,0.3333333333333333,0.4714045207910317,0.0,1.0,0.22419519791796075,0.08952909931644787,0.15658755684385137,0.3496822688361183,0.08162257495590824,0.024943085680695438,0.05555555555555547,0.10151675485008815,0.19031374532787082,0.15762338462846587,0.043454373035660354,0.3121536469363869,0.30549259213540597,0.6327018461918906,0.8257560268538298,0.8594235321398194,0.6021337805940945,0,mixed
0.05,0.01,0.02,0.01,0.0,3,0.0,0.0,0.0,0.0,nan,0.0,nan,nan,2.6666666666666665,0.9428090415820634,2.0,4.0,26.17522352674976,4.27615921883956,23.000311948904173,32.220061826961704,0.18700372410901545,0.030103480915035667,0.14901400803329864,0.22263935884652622,0.20847582681902452,0.03198008557168413,0.163727959697733,0.23653395784543327,0.5822519023712545,0.11419870478519063,0.47058823529411764,0.7391304347826086,0.9444444444444444,0.0785674201318386,0.8333333333333334,1.0,0.09956874907033642,0.04038731833636204,0.06283082732341716,0.15581180469062658,16.333333333333332,0.9428090415820634,15.0,17.0,11.0,2.449489742783178,8.0,14.0,0.0,0.0,0.0,0.0,2.3333333333333335,1.8856180831641267,1.0,5.0,2.0,0.816496580927726,1.0,3.0,0.6098381324873223,0.4055555841710265,0.3188335095366157,1.1833594036413815,0.17003367003367006,0.04449288249159862,0.12424242424242427,0.2303030303030303,0.236153492342788,0.21494955291201018,0.0674913177935017,0.5395045983436635,0.4100745026409583,0.4371776287883709,0.8355538602380226,0.7307612044614741,0.5660834960613275,0,mixed
0.05,0.01,0.02,0.01,0.01,3,0.0,0.0,0.0,0.0,nan,0.0,nan,nan,2.3333333333333335,0.4714045207910317,2.0,2.6666666666666665,29.144818840519303,5.75004681919119,24.221932050914035,37.21147827726747,0.13811244946933407,0.013073851961776699,0.12308405632635501,0.1487357537608531,0.1283101666221153,0.014335381658933976,0.11264367816091954,0.14728682170542637,0.36164927968206656,0.05355919313241352,0.29508196721311475,0.4262295081967213,0.8699494949494949,0.040364564048347894,0.8181818181818182,0.9166666666666666,0.08275899243659247,0.032475516275824776,0.05215334855911816,0.12771749946615082,14.333333333333334,2.6246692913372702,12.0,16.333333333333332,8.333333333333334,1.8856180831641267,7.0,11.0,0.6666666666666666,0.4714045207910317,0.3333333333333333,1.0,2.0,0.816496580927726,1.0,2.6666666666666665,1.0,0.816496580927726,0.0,2.0,0.5875607413448765,0.41748210697927635,0.14452809102425546,1.1470541626732538,0.12989898989898988,0.11385509812495873,0.0196969696969697,0.2866666666666667,0.5968087061067484,0.2840160700702081,0.19940060708986485,0.845988435046261,0.26245198327213476,0.5386741065067543,0.813684009765029,0.6412133176579592,0.5175061862565334,0,mixed
0.05,0.01,0.02,0.01,0.02,3,0.0,0.0,0.0,0.0,nan,0.0,nan,nan,1.3333333333333333,0.4714045207910317,1.0,2.0,27.764881297358777,1.8843650657964721,26.144268731159595,30.4072516444308,0.15561604125139628,0.008950947950507746,0.1461868506954363,0.167644799360049,0.15677713234016807,0.015282124628951694,0.13541666666666666,0.1703056768558952,0.6264143494216982,0.1687194140203174,0.47619047619047616,0.7550405125306199,0.6185185185185186,0.13031564507969765,0.5,0.8,0.056465804888277564,0.016891485859610957,0.03264048317302943,0.06987812427098312,14.0,4.242640687119285,8.0,17.0,6.333333333333333,4.189935029992178,2.0,12.0,2.3333333333333335,2.0548046676563256,0.0,5.0,2.6666666666666665,2.0548046676563256,1.0,5.0,2.6666666666666665,2.494438257849294,0.0,6.0,1.1438892078084175,0.5731808758071636,0.33333332671059523,1.551613172339686,0.23395061728395064,0.2319197497183111,0.0,0.55,0.328703578631079,0.10085123044216672,0.21751830437602596,0.461657912444821,0.27741500291172455,0.7032375111858187,0.6291566219102838,0.5781761037367747,0.51437117394497,0,mixed
0.05,0.01,0.02,0.02,0.0,3,0.0,0.0,0.0,0.0,nan,0.0,nan,nan,1.6666666666666667,0.4714045207910317,1.0,2.0,23.721575578057116,0.9781674424618745,22.634528687463842,25.006020147008105,0.1428043404790621,0.043821207619098315,0.08406849462304392,0.1892901681993562,0.13953799086796892,0.04495159315508684,0.1030029903943495,0.19130434782608696,0.36442577030812323,0.14420248596494328,0.16470588235294117,0.5,0.8838383838383839,0.08237124459747518,0.8232323232323233,1.0,0.0706587898724946,0.021277625477611296,0.04107071913109477,0.09019788280867035,19.333333333333332,6.018490028422596,11.0,25.0,9.333333333333334,8.339997335464536,3.0,21.0,0.0,0.0,0.0,0.0,3.3333333333333335,1.699673171197595,1.0,5.0,6.0,2.8284271247461903,2.0,8.0,0.6460290888853496,0.2941133628768112,0.2764433637488941,0.9960756932132742,0.22245310245310246,0.10217328565058338,0.125,0.36357142857142855,0.23054983771703166,0.24447134778938354,0.053289238329068844,0.57624699595836,0.31211093368633375,0.5500013045491792,0.7648916692096429,0.6954912383791884,0.5388157344452779,0,mixed
0.05,0.01,0.02,0.02,0.01,3,0.0,0.0,0.0,0.0,nan,0.0,nan,nan,1.6666666666666667,0.4714045207910317,1.0,2.0,25.340171296251224,2.618894893624858,21.729952960926617,27.86128212190466,0.1435066801468278,0.05454703471132762,0.08248106038895475,0.21488480286653175,0.13922506915940233,0.061368722640236364,0.08913062942071806,0.21535181236673773,0.3744073748902546,0.15011082641928428,0.1791044776119403,0.5441176470588235,0.9296296296296296,0.0499656946786372,0.8888888888888888,1.0,0.062408227573016825,0.021846861085203853,0.03363247853830198,0.08653751931440394,15.666666666666666,3.858612300930075,12.666666666666666,21.0,13.0,8.640987597877148,1.0,21.0,0.6666666666666666,0.4714045207910317,0.3333333333333333,1.0,1.6666666666666667,1.247219128924647,0.0,3.0,2.3333333333333335,1.247219128924647,1.0,4.0,0.55375134680851,0.38273827308390185,0.27300283784464785,1.0948974622797043,0.135662177328844,0.06188753668661705,0.05806878306878305,0.20952380952380953,0.07804944685555164,0.0509772767343548,0.03763960405939922,0.1473027772223683,0.31827090763928517,0.6271482093211038,0.7754691791272506,0.811515741911702,0.5855788542118163,0,mixed
0.05,0.01,0.02,0.02,0.02,3,0.0,0.0,0.0,0.0,nan,0.0,nan,nan,2.0,0.816496580927726,1.0,3.0,25.683655877386,4.573595301276373,19.746648117025256,30.87490920585068,0.10381153575899452,0.02580240009791198,0.08083445409361603,0.13984974186080684,0.10319920810934584,0.02823723308389697,0.07534246575342465,0.1419068736141907,0.3299252870191085,0.0844166944976277,0.26102114260008996,0.43478260869565216,0.8092592592592592,0.06515782253984882,0.75,0.9,0.05969915373442417,0.02838823344365078,0.023338781901576802,0.09261976763681994,15.333333333333334,4.0276819911981905,12.0,21.0,14.666666666666666,3.2998316455372216,11.0,19.0,1.3333333333333333,0.4714045207910317,1.0,2.0,4.666666666666667,2.494438257849294,2.0,8.0,5.666666666666667,3.858612300930075,2.0,11.0,1.4370916481675644,0.7283706197150495,0.40728089439625315,1.9720718366052807,0.3624579124579124,0.15608273034152345,0.23148148148148148,0.5818181818181818,0.2306517356022869,0.23096643091664065,0.03739409841493968,0.5553306639681984,0.2398673549001664,0.6006861468811066,0.5688037839487337,0.48681524562541306,0.4452489168501642,0,drift_dominant
0.05,0.01,0.02,0.03,0.0,3,0.0,0.0,0.0,0.0,nan,0.0,nan,nan,1.3333333333333333,0.4714045207910317,1.0,2.0,22.132503709780433,2.613229826199623,20.00115282527577,25.416089944176893,0.1440828726562295,0.0460186516400815,0.0929496028378786,0.18127140254580748,0.13745943805082325,0.0423132575451563,0.09215017064846416,0.1939655172413793,0.37519045899327585,0.185314554926019,0.19718309859154928,0.6307692307692307,1.0,0.0,1.0,1.0,0.05568294773971699,0.03196931589211834,0.014876070634399814,0.09294327875803281,16.0,3.7416573867739413,12.0,21.0,18.0,12.832251036613439,4.0,35.0,0.0,0.0,0.0,0.0,4.666666666666667,2.8674417556808756,1.0,8.0,11.333333333333334,7.760297817881877,2.0,21.0,1.0102528342286972,0.6679693510925611,0.2399216802166677,1.5532569419014794,0.1345959595959596,0.09222803279554907,0.004166666666666652,0.20021645021645018,0.15528777774377808,0.09609286203680904,0.043031491803719346,0.2777457925804533,0.36443637935200485,0.6707624868773038,0.5984040280744584,0.7150382022100907,0.5579318005494375,0,mixed
0.05,0.01,0.02,0.03,0.01,3,0.0,0.0,0.0,0.0,nan,0.0,nan,nan,1.6666666666666667,0.4714045207910317,1.0,2.0,28.343872074425796,4.27700445153112,23.69073842524252,31.786006071642802,0.2296287298668114,0.08534061699440629,0.15429279074711624,0.34895393163051286,0.23664648045453,0.08850097034787772,0.1407563025210084,0.354251012145749,0.5730880230880231,0.22151197850605997,0.31666666666666665,0.8571428571428571,0.928030303030303,0.052759046504485305,0.875,1.0,0.03922185745242658,0.01590601280091233,0.016778769230989286,0.05088217613798942,12.333333333333334,4.0276819911981905,9.0,18.0,4.0,1.4142135623730951,2.0,5.0,0.6666666666666666,0.4714045207910317,0.0,1.0,5.0,2.160246899469287,3.3333333333333335,6.666666666666667,9.0,3.559026084010437,6.0,14.0,1.2647841660220676,0.5860867568936269,0.821819346413503,1.707748985630632,0.17333694083694087,0.06964833003682153,0.099404761904762,0.2666666666666667,0.40567873847591723,0.1979889895860992,0.24562995275374622,0.6846698361838959,0.4091769432703576,0.7257995819732064,0.6489967958498627,0.5703905197735725,0.5685392887626137,0,repair_cone_candidate
0.05,0.01,0.02,0.03,0.02,3,0.0,0.0,0.0,0.0,nan,0.0,nan,nan,1.6666666666666667,0.4714045207910317,1.0,2.0,30.176201519355203,6.497316374041647,23.267205997809437,38.87684222128304,0.18876326241609895,0.08673238429443403,0.1149460411693317,0.3105071434972965,0.18683856393324202,0.0971815854772601,0.09907120743034056,0.2612528446520541,0.464546783625731,0.22971658419839402,0.1875,0.75,0.8757575757575757,0.11265230482085518,0.7272727272727273,1.0,0.05588746723146136,0.049314559636258366,0.0,0.09587432679344765,13.666666666666666,2.8674417556808756,10.0,17.0,7.0,3.7416573867739413,3.0,12.0,0.6666666666666666,0.4714045207910317,0.0,1.0,2.0,1.4142135623730951,0.0,3.0,4.0,0.816496580927726,3.0,5.0,0.7370501039909273,0.3503980781590121,0.3266172234951781,1.1827387000537013,0.13871252204585538,0.10300087878033863,0.05132275132275127,0.2833333333333334,0.8198728639403818,0.45115223286553313,0.18957971392611717,1.2207831527964144,0.32000665535977096,0.672901643860322,0.783740463838877,0.5399283342360551,0.5449614999559868,0,mixed
0.05,0.01,0.03,0.01,0.0,3,0.0,0.0,0.0,0.0,nan,0.0,nan,nan,2.3333333333333335,0.4714045207910317,2.0,3.0,27.085957415926377,5.170363567626316,19.990294390981333,32.162730984029885,0.14562254398172608,0.04765728630599762,0.08987576252355793,0.1844303232517045,0.14441528767984982,0.05460910685559415,0.10072920749159749,0.21767241379310345,0.4411178961866522,0.12307805083263387,0.3050847457627119,0.6031746031746031,0.9487179487179487,0.0725237724293895,0.8461538461538461,1.0,0.08933168955196766,0.02503812218534129,0.06234597343924147,0.10944261788988759,19.666666666666668,3.7712361663282534,17.0,25.0,9.0,8.48528137423857,3.0,21.0,0.0,0.0,0.0,0.0,3.6666666666666665,2.494438257849294,1.0,7.0,4.666666666666667,4.109609335312651,0.0,10.0,0.7111712902666875,0.4888896554669805,0.0564464035756842,1.2309425039282118,0.33726070226070226,0.22142566537145936,0.024242424242424232,0.5014285714285714,0.0905001808600054,0.06769149931697165,0.0067799207020819985,0.17256475284513684,0.3325321352581704,0.43632907268787524,0.7743454379005188,0.6619556434784833,0.5127287317881288,0,mixed
0.05,0.01,0.03,0.01,0.01,3,0.0,0.0,0.0,0.0,nan,0.0,nan,nan,2.3333333333333335,0.4714045207910317,2.0,3.0,27.30126171137354,3.29005471346203,22.74852050815812,30.408956966031447,0.13406725298428734,0.02166324561426985,0.11638685078125201,0.1517476551873227,0.12929817613193853,0.019841614596450084,0.10239651416122005,0.14965986394557823,0.45463910201761865,0.21649760603050344,0.20833333333333334,0.6302926967888605,0.8560606060606061,0.1055180930089706,0.7727272727272727,1.0,0.07671657239929433,0.0055532008441691585,0.06955089243465026,0.08308272558834419,13.0,4.96655480858378,9.0,20.0,10.0,9.201449161228174,3.0,16.666666666666668,1.0,0.816496580927726,0.0,2.0,1.0,0.0,1.0,1.0,0.3333333333333333,0.4714045207910317,0.0,1.0,0.21901361476377254,0.06781638921463448,0.16511951502362368,0.2729077145039214,0.08525252525252525,0.12056527743867597,0.0,0.25575757575757574,0.09832338758770065,0.05099192892809324,0.0344154909951494,0.13992156725446922,0.2958090088132435,0.5722584549443478,0.8099927525175465,0.8879333223306974,0.586182981790371,0,mixed
0.05,0.01,0.03,0.01,0.02,3,0.0,0.0,0.0,0.0,nan,0.0,nan,nan,2.0,0.816496580927726,1.0,3.0,28.14848668248677,4.761399292481997,22.704882066461956,34.30274604368529,0.16172201515497545,0.027937389325568777,0.1406707589989561,0.20090694262326944,0.16121386203353416,0.016318939163087288,0.14316239316239315,0.18269230769230768,0.4784848484848485,0.1897629536385196,0.21212121212121213,0.64,0.8666666666666667,0.09428090415820632,0.8,1.0,0.07372010282470956,0.039671789341763915,0.01792214530953085,0.10330948775363018,10.666666666666666,1.699673171197595,9.0,13.0,10.0,11.430952132988164,0.0,26.0,1.3333333333333333,0.9428090415820634,0.0,2.0,1.3333333333333333,0.4714045207910317,1.0,2.0,0.6666666666666666,0.4714045207910317,0.0,1.0,0.8445918892521206,0.35512168339141265,0.5548790092087637,1.2894344931209352,0.05555555555555556,0.05196746370519363,0.0,0.125,0.5728150962957359,0.29090757827447866,0.34331502260266633,0.8640473166479922,0.3187111346036691,0.6542912741745933,0.7644324076899603,0.6529425701455988,0.5585967112220444,0,mixed
0.05,0.01,0.03,0.02,0.0,3,0.0,0.0,0.0,0.0,nan,0.0,nan,nan,1.6666666666666667,0.4714045207910317,1.0,2.0,23.51301729754732,1.5675829243273072,21.547384611421844,25.38363454418596,0.11485525235658166,0.04347361798161408,0.06720007254987564,0.17232316135488185,0.12131643647764741,0.0559335084632329,0.058823529411764705,0.19456066945606695,0.3288655788655789,0.21390060162027127,0.11538461538461539,0.6212121212121212,0.8917748917748918,0.0781622081613324,0.8181818181818182,0.9523809523809523,0.05933872509172904,0.0433389173241183,0.0,0.10229640621468587,23.333333333333332,8.219218670625303,14.0,34.0,16.666666666666668,9.030811456096044,5.0,27.0,0.0,0.0,0.0,0.0,2.6666666666666665,2.494438257849294,0.6666666666666666,6.0,2.6666666666666665,1.699673171197595,1.0,5.0,0.5906913825915234,0.3566941784378974,0.08636428554838282,0.8521683509070739,0.1629846696513363,0.059316123079941885,0.09890109890109894,0.24190476190476184,0.28808400354103153,0.030695162657113587,0.2446776809821768,0.31024311137158445,0.29163176231206883,0.5027852442511123,0.7793225511138236,0.7211428230284199,0.5278605027004509,0,mixed
0.05,0.01,0.03,0.02,0.01,3,0.0,0.0,0.0,0.0,nan,0.0,nan,nan,2.3333333333333335,0.4714045207910317,2.0,3.0,22.248933584568395,2.060945665701334,19.339302606650214,23.851333743171175,0.09829867878319234,0.025421843985914794,0.0774359446113711,0.13408679979430463,0.08772466844957438,0.0434879884681721,0.05394190871369295,0.11945163455085801,0.23606110201854882,0.18727563799488073,0.0851063829787234,0.5,0.8888888888888888,0.15713484026367724,0.6666666666666666,1.0,0.08764044481741394,0.0136495816545756,0.06874760559819416,0.10051645459130346,15.333333333333334,2.3570226039551585,12.0,17.0,31.0,17.682382946499793,18.333333333333332,43.666666666666664,0.0,0.0,0.0,0.0,3.6666666666666665,0.4714045207910317,3.0,4.0,4.0,1.632993161855452,2.0,5.333333333333333,0.8649982152714485,0.33984240733943205,0.39043263415575113,1.1680831688228572,0.12105921855921858,0.1430119110007107,0.014722222222222229,0.3223443223443224,0.31345993174510284,0.2797330597523196,0.06879324899079375,0.5255333532550088,0.25841914007775024,0.5128501837122551,0.6369484284406469,0.6947126379305678,0.4849914582295193,0,drift_dominant
0.05,0.01,0.03,0.02,0.02,3,0.0,0.0,0.0,0.0,nan,0.0,nan,nan,1.6666666666666667,0.4714045207910317,1.0,2.0,24.380158721208222,4.071388066661819,19.3897891118095,29.36260297261326,0.09206572951415881,0.02370627544161338,0.07298166234099382,0.12349228251495872,0.08782496354779505,0.02566300562950697,0.062162162162162166,0.1228813559322034,0.289949595657472,0.11965903049513356,0.20089730807577266,0.4583333333333333,0.7348484848484849,0.22293846923579033,0.553030303030303,1.0,0.029108688894902677,0.021746513565176605,0.0,0.05225834901284816,13.666666666666666,3.7712361663282534,11.0,19.0,16.333333333333332,13.816254517375137,2.0,35.0,0.6666666666666666,0.9428090415820634,0.0,2.0,2.0,0.816496580927726,1.0,3.0,1.6666666666666667,0.9428090415820634,1.0,3.0,0.44680965164889663,0.3543346402202384,0.04214220892155707,0.9050979617336816,0.11694444444444443,0.07372475504315247,0.020833333333333343,0.19999999999999996,0.21011235007640622,0.0669116040148489,0.12215094126656478,0.28430624775679647,0.20528368377340453,0.7215870527978936,0.7519659749771133,0.7967218066997165,0.561983608855531,0,mixed
0.05,0.01,0.03,0.03,0.0,3,0.0,0.0,0.0,0.0,nan,0.0,nan,nan,1.6666666666666667,0.9428090415820634,1.0,3.0,24.36312564435964,2.822724492820135,20.749056483993275,27.638335425810233,0.15326103925701623,0.027117218643354823,0.1208457897842542,0.187215608001908,0.1463710643347999,0.043408674904634265,0.08943089430894309,0.19471153846153846,0.30430006277463906,0.17208053201806278,0.06779661016949153,0.4722222222222222,0.8857142857142857,0.08411200825074139,0.8,0.9523809523809523,0.05202243136552114,0.0544430654101263,0.0,0.1271897355113772,17.0,5.887840577551898,9.0,21.666666666666668,30.666666666666668,14.337208778404378,14.0,49.0,0.0,0.0,0.0,0.0,6.333333333333333,3.39934634239519,3.0,11.0,15.0,9.626352718795768,5.0,28.0,1.483220248958566,1.118637809052976,0.46474364000825563,3.0408167315055437,0.2408017908017908,0.06991697808170604,0.18095238095238092,0.3388888888888889,0.237660315721796,0.0897145441981167,0.13079856578360105,0.35032356326808956,0.2970980432712323,0.6234313334000114,0.4169194385108331,0.5500829711956888,0.4532426304362386,0,drift_dominant
0.05,0.01,0.03,0.03,0.01,3,0.0,0.0,0.0,0.0,nan,0.0,nan,nan,2.0,0.0,2.0,2.0,23.71717033189111,1.5827281141364602,21.59872861845872,25.4022473661826,0.13956339793412087,0.026466199871160716,0.11989170389202934,0.1613250879823038,0.13806644557045739,0.03406011384776091,0.09,0.16481069042316257,0.33562424597260665,0.1509080943182151,0.16393442622950818,0.53125,0.9722222222222222,0.039283710065919325,0.9166666666666666,1.0,0.05560523705531434,0.02076809390799357,0.029860652250014944,0.08072019468081973,17.333333333333332,2.8674417556808756,14.0,21.0,17.333333333333332,13.960261060914616,6.0,37.0,0.3333333333333333,0.4714045207910317,0.0,1.0,5.0,2.160246899469287,3.0,8.0,8.0,4.546060565661952,2.0,13.0,1.1880827334331459,0.7501992485695979,0.6364947465754417,1.7847864185922813,0.18245550745550745,0.164678026180158,0.0015873015873015817,0.39994588744588744,0.3911894375967106,0.2708632389206728,0.01314968083087853,0.6337331240113719,0.3316865451528752,0.5742308253848504,0.6046822551113823,0.5817403861257208,0.49693252539713956,0,drift_dominant
0.05,0.01,0.03,0.03,0.02,3,0.0,0.0,0.0,0.0,nan,0.0,nan,nan,2.3333333333333335,0.9428090415820634,1.0,3.0,23.97833768439142,1.5401234558053931,22.831592888658133,26.155362996319234,0.1404162978946663,0.05779603126809083,0.09662104491864316,0.2220805848890823,0.13589147033441012,0.06724707055185719,0.08633093525179857,0.23096446700507614,0.3122896755956387,0.21299298315066137,0.11764705882352941,0.6086956521739131,0.7717948717948718,0.16502146574055473,0.6435897435897436,1.0,0.07218153173102893,0.05116757607385865,0.034616877597737426,0.11269396239987448,15.0,2.449489742783178,12.0,18.0,24.333333333333332,11.08552609887726,10.0,37.0,0.6666666666666666,0.4714045207910317,0.3333333333333333,1.0,3.6666666666666665,2.6246692913372702,0.0,6.0,4.666666666666667,3.681787005729087,0.0,9.0,1.1461897073909262,0.5767439523219451,0.3372599112611083,1.6410693084080399,0.09000841750841748,0.07147358789685311,0.009722222222222188,0.14787878787878786,0.5465744754109332,0.1703877908988278,0.4176575101661313,0.6698011570917506,0.25726296063696713,0.5466051230509889,0.610075526396094,0.5932435075813347,0.46735712378117145,0,drift_dominant
0.06,0.0,0.01,0.01,0.0,3,0.0,0.0,0.0,0.0,nan,0.0,nan,nan,2.0,0.816496580927726,1.0,2.6666666666666665,25.09922910160628,4.929840915617371,21.257750286967045,31.90257465206824,0.22182933245441985,0.056263119449303796,0.16945563239065903,0.29989155787263705,0.2151251920978999,0.058772526532628905,0.16741071428571427,0.2979214780600462,0.4615106771453521,0.11328836612605885,0.3026315789473684,0.5588235294117647,1.0,0.0,1.0,1.0,0.08543024135391064,0.046407072527828414,0.028260528891660083,0.14192822269926103,11.333333333333334,1.699673171197595,9.0,12.666666666666666,7.333333333333333,2.0548046676563256,5.0,10.0,0.0,0.0,0.0,0.0,2.0,1.4142135623730951,1.0,3.0,3.0,2.943920288775949,0.0,7.0,0.7110322181271779,0.34117699774176463,0.4662503779895131,1.1935120213016126,0.12555555555555556,0.12725981977197307,0.0,0.30000000000000004,0.16227900251447977,0.08215985010691564,0.06370843615418109,0.2648394585234781,0.4163321754444868,0.6217021120406298,0.8569591089411046,0.7653997574227516,0.6256135626884991,0,mixed
0.06,0.0,0.01,0.01,0.01,3,0.0,0.0,0.0,0.0,nan,0.0,nan,nan,1.6666666666666667,1.247219128924647,0.0,3.0,24.81284908430342,5.97446941074448,20.406151919037413,33.25936931122986,0.19312562306837783,0.08876707800746934,0.0768187320298825,0.26491693062965105,0.18364542699793351,0.0938527207774644,0.0539568345323741,0.27294685990338163,0.4293348442602174,0.19222050902483714,0.16883116883116883,0.6268656716417911,0.9583333333333334,0.05892556509887896,0.875,1.0,0.08779997331526401,0.07403648096551448,0.0,0.18110111669027135,10.0,2.160246899469287,7.0,12.0,20.0,15.253414918196734,3.0,40.0,0.3333333333333333,0.4714045207910317,0.0,1.0,1.3333333333333333,0.4714045207910317,1.0,2.0,1.3333333333333333,0.4714045207910317,1.0,2.0,0.642323387620707,0.3778904603508899,0.13244520704989293,1.0358986231556793,0.2807359307359307,0.10484430828300584,0.19696969696969696,0.42857142857142855,0.5077374121560918,0.27934961688230886,0.11722662953691643,0.7547645058914109,0.3766869691234242,0.6770297057316285,0.7831900366188587,0.5711984885307811,0.5719755706560335,0,mixed
0.06,0.0,0.01,0.01,0.02,3,0.0,0.0,0.0,0.0,nan,0.0,nan,nan,1.3333333333333333,0.4714045207910317,1.0,2.0,25.41815899287473,5.59498935999143,20.455407619669256,33.236592203379224,0.1765098186848724,0.059744191972101984,0.09309160743411304,0.22984235906043796,0.16674685903871223,0.06839268109830997,0.0718562874251497,0.2304147465437788,0.3723389355742297,0.08132836272653354,0.3059523809523809,0.47058823529411764,0.6527777777777778,0.07081971546656644,0.5972222222222222,0.75,0.046861323579288156,0.020855821220419124,0.019044096780691463,0.0692610698884933,9.666666666666666,1.699673171197595,8.0,12.0,16.666666666666668,5.792715732327589,9.0,23.0,1.0,0.0,1.0,1.0,1.0,0.816496580927726,0.0,2.0,1.0,0.816496580927726,0.0,2.0,0.4327670087971162,0.1881971009205518,0.16666172317013106,0.5700864904153955,0.277056277056277,0.2568623634760093,0.0,0.619047619047619,0.40816651312094054,0.02746551131702535,0.37184999740643865,0.43825642981622503,0.24574310284506676,0.7941453561307742,0.7571242752517546,0.6387970193437651,0.563730683947571,0,mixed
0.06,0.0,0.01,0.02,0.0,3,0.0,0.0,0.0,0.0,nan,0.0,nan,nan,2.3333333333333335,0.4714045207910317,2.0,3.0,24.00626859935408,3.909240758687217,18.599611365307013,27.70924121761856,0.19334679221282494,0.05786068258714325,0.11571130330479099,0.2545550710660722,0.17943117221345756,0.05221740479868548,0.10632183908045977,0.225,0.42349184884681845,0.08002882541161088,0.3103448275862069,0.4823529411764706,0.9487179487179487,0.0725237724293895,0.8461538461538461,1.0,0.10198421328548957,0.0072506351566479785,0.09512492202673246,0.11201462840280536,15.0,2.449489742783178,12.0,18.0,15.0,7.2571803523590805,5.0,22.0,0.0,0.0,0.0,0.0,5.0,3.559026084010437,2.0,10.0,7.0,7.874007874011811,0.0,18.0,0.704846507335494,0.8359350729758,0.06436616739154255,1.8856213192339553,0.19206349206349208,0.07451641358232482,0.09166666666666673,0.2700000000000001,0.2607317821267932,0.1781888346643373,0.03390974213088516,0.4692254652533261,0.376525433803601,0.49242207852672565,0.6643500152578578,0.694601682077458,0.5266797609300049,0,mixed
0.06,0.0,0.01,0.02,0.01,3,0.0,0.0,0.0,0.0,nan,0.0,nan,nan,2.3333333333333335,0.4714045207910317,2.0,3.0,23.400421938440374,3.2109922218897844,19.949309779314383,27.68196612877474,0.21601428925877464,0.04618730767847152,0.17499308447254242,0.2805458713580853,0.2029710872248481,0.035040107098714524,0.17814726840855108,0.25252525252525254,0.5279836916234247,0.1112503972586902,0.43859649122807015,0.676056338028169,0.8927738927738927,0.09491502597436982,0.8158508158508159,1.0,0.0911300294893591,0.00985892252354238,0.08368226821332714,0.10506153810694241,15.0,2.160246899469287,12.0,17.0,6.666666666666667,4.189935029992178,1.0,11.0,0.6666666666666666,0.4714045207910317,0.0,1.0,1.6666666666666667,1.699673171197595,0.0,3.0,1.6666666666666667,1.247219128924647,0.0,3.0,0.41607108728820413,0.3209151373162617,0.15693922297457666,0.8384032464308495,0.20925925925925923,0.09362759460947098,0.1424242424242424,0.34166666666666673,0.16581987631627756,0.11444480712092525,0.012053220059520031,0.28644428791467114,0.4060572162658001,0.5121556291075877,0.8261252670125114,0.7606932480596321,0.5875226359843557,0,mixed
0.06,0.0,0.01,0.02,0.02,3,0.0,0.0,0.0,0.0,nan,0.0,nan,nan,2.3333333333333335,0.4714045207910317,2.0,3.0,23.152991685020588,2.459362725278314,20.930106863578796,25.036644834442413,0.23994861057952782,0.08863174245601337,0.11518308414991758,0.3127501653384756,0.23717330999890046,0.10061147477412818,0.1595168810037861,0.3304535637149028,0.4719618109448618,0.22496428788265332,0.15384615384615385,0.6349206349206349,0.8653198653198654,0.09665117908691799,0.7777777777777778,1.0,0.1031163605603421,0.021041400300000332,0.08745116768246464,0.13285927623363827,14.0,3.559026084010437,11.0,19.0,18.0,19.096247449870006,4.0,45.0,0.0,0.0,0.0,0.0,4.333333333333333,2.6246692913372702,2.0,8.0,5.666666666666667,3.858612300930075,2.0,8.666666666666666,1.4780204229603513,0.8274165699140271,0.38357894877142673,2.3838156501315915,0.324320987654321,0.12609151543097305,0.21000000000000002,0.42098765432098767,0.09371303772611403,0.03784841707960499,0.041704422806773334,0.1306755381835556,0.40196066330931074,0.5073129201050579,0.6816798901434239,0.5476424093711381,0.5133789220874356,0,mixed
0.06,0.0,0.01,0.03,0.0,3,0.0,0.0,0.0,0.0,nan,0.0,nan,nan,1.6666666666666667,0.4714045207910317,1.0,2.0,20.836886313836885,1.4491431665861036,18.830369230576366,21.960533472422853,0.19026907356063127,0.03464299171714364,0.14179824836786128,0.21656306283683052,0.20681411005340344,0.04899514485117824,0.13783783783783785,0.24700239808153476,0.43040582086493134,0.12522691602918684,0.2571428571428571,0.5487804878048781,0.9333333333333333,0.09428090415820632,0.8,1.0,0.09048856883457548,0.015789277980401955,0.0682518838724824,0.10336740276293917,17.333333333333332,4.0276819911981905,14.333333333333334,23.0,18.666666666666668,4.0276819911981905,13.0,22.0,0.0,0.0,0.0,0.0,2.6666666666666665,1.247219128924647,1.0,4.0,6.333333333333333,4.642796092394707,2.6666666666666665,11.0,0.6210645544918213,0.43201526218513925,0.01462588898272088,0.9885480986940971,0.2223544973544973,0.11378494940559715,0.0698412698412697,0.34305555555555556,0.2789231589173229,0.17656274015976636,0.0640645063795533,0.4965269894570609,0.4039169127474249,0.5478478941382797,0.7186344217271895,0.6837853458913362,0.5588168465198737,0,mixed
0.06,0.0,0.01,0.03,0.01,3,0.0,0.0,0.0,0.0,nan,0.0,nan,nan,1.6666666666666667,0.4714045207910317,1.0,2.0,23.678531984796194,2.8293876845853285,20.55591916337907,25.962112495534633,0.17988969968337262,0.04261168725593796,0.12663314282404267,0.23094006237735695,0.1857435287057696,0.038772833749011464,0.13135593220338984,0.21897810218978103,0.4926846100759144,0.021262535642290914,0.463768115942029,0.5142857142857142,0.8796296296296297,0.10227186127025241,0.75,1.0,0.06550780071358164,0.0252674055785452,0.031447223308458956,0.09189599928578163,16.333333333333332,1.247219128924647,15.0,18.0,10.666666666666666,8.65383665716478,1.0,22.0,0.6666666666666666,0.4714045207910317,0.0,1.0,3.3333333333333335,2.0548046676563256,1.0,6.0,4.666666666666667,3.858612300930075,1.0,10.0,0.6203226862120625,0.33120040419244207,0.3448237397692484,1.0861206459221746,0.1796015712682379,0.06108359084408248,0.10454545454545455,0.22947530864197527,0.5623022651501652,0.44457813956645587,0.18614749286635324,1.186676882244368,0.37285730602837885,0.6102135662940537,0.7107834909978639,0.6174941502162573,0.5487089769262703,0,mixed
0.06,0.0,0.01,0.03,0.02,3,0.0,0.0,0.0,0.0,nan,0.0,nan,nan,2.0,0.816496580927726,1.0,3.0,21.64213501114542,2.286953231871538,19.73560688086849,24.857940897665,0.1913581973869566,0.020194627468184016,0.16310050600311174,0.20907335401208504,0.190359477124183,0.028487086299049166,0.16737891737891739,0.22171945701357465,0.4456139178472779,0.011625484990675488,0.4362469927826784,0.4583333333333333,0.8161421911421911,0.06393413983292208,0.7272727272727273,0.875,0.08210028133275243,0.01778082360500548,0.05839998466245503,0.10122768776511039,15.333333333333334,1.699673171197595,13.0,17.0,12.0,2.943920288775949,9.0,16.0,1.3333333333333333,1.247219128924647,0.0,3.0,1.6666666666666667,1.699673171197595,0.0,4.0,3.0,2.160246899469287,1.0,6.0,0.5921329054778193,0.26613369726551434,0.37323406563718553,0.9667298139165776,0.1269240019240019,0.0723375575315188,0.06826599326599325,0.2089285714285714,0.45435693358639034,0.27237559088201657,0.09548536041583089,0.6741949880398883,0.35904274613237597,0.5599595668974924,0.710985657613671,0.6885200069966405,0.545555985792767,0,mixed
0.06,0.0,0.02,0.01,0.0,3,0.0,0.0,0.0,0.0,nan,0.0,nan,nan,2.3333333333333335,0.4714045207910317,2.0,3.0,24.335051161732938,5.237414235836498,19.661506038440255,31.64819225897073,0.19040449620737662,0.03177653337283187,0.1493331666204233,0.2162051557171315,0.20195070405612006,0.03656116026609895,0.16056338028169015,0.24948453608247423,0.443168880455408,0.1893137381433756,0.2,0.6617647058823529,0.9444444444444444,0.0785674201318386,0.8333333333333334,1.0,0.09490492663580169,0.022671455827980098,0.0648447298040698,0.11959322306518089,15.666666666666666,7.93025150224688,5.0,24.0,11.333333333333334,10.077477638553983,3.3333333333333335,25.0,0.0,0.0,0.0,0.0,1.6666666666666667,0.4714045207910317,1.0,2.0,2.0,0.816496580927726,1.3333333333333333,3.0,0.25691594740750184,0.02866543936151716,0.22238044386283384,0.2925694373175989,0.17032227032227032,0.1312894667761696,0.06666666666666665,0.26661856661856664,0.2571759625062418,0.1354888633343273,0.07011912117565533,0.38666480189837804,0.3842420086754504,0.49399320694221016,0.8533414708574916,0.7794577868859248,0.5845428563206434,0,mixed
0.06,0.0,0.02,0.01,0.01,3,0.0,0.0,0.0,0.0,nan,0.0,nan,nan,2.3333333333333335,0.9428090415820634,1.0,3.0,24.063361502793835,3.6497764951860012,19.88273970545264,28.775332893960567,0.17078953187846543,0.04518822557027204,0.13441160349263537,0.22002045126936007,0.17290386801687485,0.04023756276899028,0.11641791044776119,0.20711297071129708,0.4549719174880081,0.08699294230870244,0.3387096774193548,0.5247170935080405,0.8974358974358975,0.145047544858779,0.6923076923076923,1.0,0.10258905217015217,0.02035130621419349,0.07540586466338754,0.12437022678368004,16.0,2.160246899469287,13.0,18.0,18.0,12.24744871391589,3.0,33.0,0.0,0.0,0.0,0.0,5.333333333333333,2.494438257849294,2.0,8.0,6.333333333333333,3.2998316455372216,2.0,9.0,1.7268986374160893,0.25867119497575614,1.474725467654218,2.0824905599353167,0.3454304954304954,0.05361018475668538,0.3055555555555556,0.3839826839826839,0.42567456681206944,0.4518577084874932,0.07190547881027576,1.0634263990426007,0.35855324741368827,0.474373292981269,0.6430592004882515,0.38795879310520925,0.4502905585588003,0,drift_dominant
0.06,0.0,0.02,0.01,0.02,3,0.0,0.0,0.0,0.0,nan,0.0,nan,nan,1.6666666666666667,1.247219128924647,0.0,3.0,28.812570847358522,3.081298168534241,26.18869031490901,31.128837079851923,0.205035468437358,0.04482904668935323,0.14164878917167045,0.2377592494154314,0.20292353308364544,0.06088139927780928,0.15923595505617977,0.24791666666666667,0.5888888888888889,0.2510471895043334,0.25,0.7888888888888889,0.772053872053872,0.08336172695888738,0.7,0.8888888888888888,0.05183682054153508,0.03681877969316103,0.0,0.08201455402718141,10.666666666666666,2.3570226039551585,9.0,14.0,3.6666666666666665,3.2998316455372216,0.0,8.0,2.3333333333333335,0.9428090415820634,1.0,3.0,0.6666666666666666,0.4714045207910317,0.0,1.0,0.6666666666666666,0.4714045207910317,0.0,1.0,0.35679023278249566,0.2217916570078982,0.18713672083122201,0.6700914361027164,0.17537918871252206,0.12153967461874753,0.007619047619047581,0.27006172839506176,0.2744004539938961,0.19596514608043664,0.06794405434082673,0.5377390032648355,0.34040794407782116,0.7311134176665494,0.7327178059200488,0.7550776872865272,0.59948023348519,0,mixed
0.06,0.0,0.02,0.02,0.0,3,0.0,0.0,0.0,0.0,nan,0.0,nan,nan,2.0,0.0,2.0,2.0,23.09145288516918,1.2099853120763333,21.38884049276552,24.090846771898644,0.12324349843475496,0.03465839859609172,0.077318702284828,0.15114993572442603,0.11219628354630513,0.04472289651501889,0.050980392156862744,0.15657620041753653,0.19252464403066813,0.09588772761806469,0.10227272727272728,0.3253012048192771,0.8461538461538461,0.12561485860426555,0.6923076923076923,1.0,0.09339739096942999,0.01076615914888152,0.08462008685355488,0.10698082858307452,17.666666666666668,4.714045207910317,11.0,21.0,29.666666666666668,19.601587237318874,2.0,45.0,0.0,0.0,0.0,0.0,7.0,2.8284271247461903,5.0,9.0,13.0,9.201449161228174,0.0,20.0,1.4147486547527584,0.9995573929591063,0.02113062395513854,2.3166041548949825,0.35278980278980276,0.22752886711817247,0.10555555555555551,0.6547619047619048,0.5033951089930561,0.12877355193420328,0.32370946326420147,0.6189039221146282,0.24212971392777008,0.4998727282420528,0.4294186756179432,0.40758146326266714,0.37711360971135477,0,drift_dominant
0.06,0.0,0.02,0.02,0.01,3,0.0,0.0,0.0,0.0,nan,0.0,nan,nan,2.3333333333333335,0.4714045207910317,2.0,3.0,23.04000256366476,3.082077893084394,19.59106200806446,27.07259177070381,0.1515511324054289,0.04734892020664767,0.08793212009129399,0.20145335315245477,0.1491984978601916,0.054500457371044427,0.07641196013289037,0.20754716981132076,0.31771003740313203,0.09627738274249893,0.21621621621621623,0.4470588235294118,0.9351851851851851,0.04721314364437766,0.8888888888888888,1.0,0.09924584622004304,0.044327312850993124,0.053806552868084896,0.15936628114494475,16.0,1.4142135623730951,15.0,18.0,20.666666666666668,12.39175353029407,7.0,37.0,0.6666666666666666,0.4714045207910317,0.0,1.0,5.333333333333333,2.6246692913372702,3.0,9.0,9.0,4.546060565661952,4.0,15.0,1.2222347032905303,0.9780977403450944,0.043963954887997314,2.020540746005034,0.5568606701940035,0.04092163813633259,0.5074074074074074,0.6076190476190476,0.4736328502919224,0.2893651558696342,0.2196194753508831,0.6932595464961467,0.32691936968215957,0.48045143989289923,0.5283773268233141,0.3254687822191693,0.40530386117047734,0,drift_dominant
0.06,0.0,0.02,0.02,0.02,3,0.0,0.0,0.0,0.0,nan,0.0,nan,nan,1.6666666666666667,0.4714045207910317,1.0,2.0,23.141030367023546,4.761459830763812,18.778302157151046,29.76448874212708,0.15719017888047865,0.05828517469516239,0.11112623268643089,0.21593402396409297,0.15245161080437641,0.06426322583702913,0.06177606177606178,0.20309050772626933,0.3077192272995925,0.13843476772993019,0.14754098360655737,0.4852941176470588,0.9074074074074074,0.06928995160692483,0.8333333333333334,1.0,0.0731122649912061,0.020194902338927023,0.048817816427497315,0.09826279452431032,15.666666666666666,3.2998316455372216,12.0,20.0,10.333333333333334,6.548960901462833,2.0,18.0,1.0,0.816496580927726,0.0,2.0,2.3333333333333335,0.9428090415820634,1.0,3.0,2.6666666666666665,1.247219128924647,1.0,3.6666666666666665,1.0867265244655089,0.23418027864191737,0.7561873526667853,1.2698425746412898,0.2167989417989418,0.14720889110591787,0.03703703703703709,0.39761904761904765,0.20633968579923742,0.1164326770816648,0.0827265857415021,0.3623518808776035,0.31719054854051293,0.6076876337698973,0.737607949343912,0.6371896008972836,0.537898110479893,0,mixed
0.06,0.0,0.02,0.03,0.0,3,0.0,0.0,0.0,0.0,nan,0.0,nan,nan,2.0,0.0,2.0,2.0,21.474559777917865,2.6276854609780065,18.62069851077682,24.962728685848457,0.1413310032053706,0.029280440900284935,0.11819263451830846,0.18264036659760285,0.1620702075229954,0.04268637746665276,0.12435233160621761,0.22174840085287847,0.44067148669108985,0.21406272525829126,0.2808988764044944,0.7432432432432432,1.0,0.0,1.0,1.0,0.07612520209271531,0.021191707847157657,0.04817427437563847,0.09946506406512011,13.666666666666666,5.436502143433364,6.0,18.0,15.0,10.23067283548187,3.0,28.0,0.0,0.0,0.0,0.0,3.0,1.4142135623730951,2.0,4.0,5.666666666666667,4.0276819911981905,0.0,9.0,0.5614722872820687,0.34947082705852744,0.0692935379268862,0.8464827033104911,0.10392857142857147,0.04749457939393189,0.051785714285714324,0.14222222222222225,0.37809766432203606,0.23252307310624742,0.19907467953409796,0.5472357487833772,0.39401177765927825,0.5990712032816016,0.7415913945682027,0.7318812625264162,0.5823664544200715,0,mixed
0.06,0.0,0.02,0.03,0.01,3,0.0,0.0,0.0,0.0,nan,0.0,nan,nan,2.0,0.816496580927726,1.0,3.0,22.60672977366148,2.3169697862725105,19.449866291631174,24.945545103805923,0.15736727108567689,0.04696682523965119,0.10271334123513899,0.2173826892254567,0.1660683292867201,0.042094921686237574,0.1225071225071225,0.22298850574712645,0.43136879704043884,0.05797445714622204,0.3582089552238806,0.5,0.9487179487179487,0.0725237724293895,0.8461538461538461,1.0,0.1057002921577969,0.05269244290599364,0.03747101517285065,0.16576323754466513,19.0,2.160246899469287,17.0,22.0,20.333333333333332,8.956685895029603,14.0,33.0,0.0,0.0,0.0,0.0,5.0,3.7416573867739413,1.0,10.0,9.666666666666666,5.436502143433364,4.0,17.0,1.3807797870267777,0.4472847541771762,0.9847161841428225,2.0059482104434356,0.15570546737213403,0.16537262020085214,0.022751322751322745,0.3888095238095238,0.677855304185165,0.2544213978978564,0.4302496345779697,1.0277420743893753,0.37291729492812126,0.45490645337170516,0.5944690265486726,0.4742764754175093,0.4579967669610051,0,drift_dominant
0.06,0.0,0.02,0.03,0.02,3,0.0,0.0,0.0,0.0,nan,0.0,nan,nan,2.0,0.0,2.0,2.0,28.982362490673406,5.83818875328853,23.496019925437686,37.06891339869681,0.13501005074163097,0.025757486245169436,0.09885074019038204,0.1569041970513112,0.1320890115096285,0.035138183658884964,0.08333333333333333,0.16478555304740405,0.4128775976047194,0.12659965367630746,0.24050632911392406,0.5409836065573771,0.8484848484848485,0.154515742836145,0.6363636363636364,1.0,0.0459915922111379,0.012222282998139303,0.02929399921682662,0.05820938000799335,14.333333333333334,3.858612300930075,9.0,18.0,10.666666666666666,3.39934634239519,6.0,14.0,1.0,0.816496580927726,0.0,2.0,5.0,3.265986323710904,1.0,9.0,7.0,3.559026084010437,2.0,10.0,1.2108041477972202,0.7386012789692041,0.25356846463601546,2.051461571612407,0.36224747474747476,0.1641576332313162,0.23308080808080808,0.525,0.7296848328330029,0.6174779319802065,0.18078211311059567,1.5923095072323936,0.27084521347650964,0.6425564601243404,0.5993610772047604,0.36063880709198703,0.4474349166072129,0,drift_dominant
0.06,0.0,0.03,0.01,0.0,3,0.0,0.0,0.0,0.0,nan,0.0,nan,nan,2.6666666666666665,0.4714045207910317,2.0,3.0,22.71108585472651,3.5247519935116185,18.82202890404858,27.356029473970935,0.14993095343798354,0.024817959070450615,0.11833991595319279,0.17014111198712484,0.15532799762419186,0.027746982697899936,0.13268013098112355,0.1887966804979253,0.4136517106653121,0.11114521451335406,0.30337078651685395,0.5011246063877642,1.0,0.0,1.0,1.0,0.12205493321161898,0.016352706366810663,0.10904310767526924,0.14511789298212469,18.333333333333332,2.8674417556808756,16.0,22.0,14.0,10.23067283548187,5.666666666666667,26.0,0.0,0.0,0.0,0.0,1.0,0.816496580927726,0.0,1.6666666666666667,3.0,1.632993161855452,1.0,5.0,0.5166248838204789,0.25951486137132196,0.3232044076020233,0.8834523824730383,0.2596897546897547,0.1444701844462329,0.07272727272727278,0.4245238095238095,0.4506583193547442,0.09114524864721346,0.3229969175086873,0.5196326180833325,0.37831753798462925,0.3623981058749047,0.8427113213304852,0.6221638758356501,0.5159857041965735,0,mixed
0.06,0.0,0.03,0.01,0.01,3,0.0,0.0,0.0,0.0,nan,0.0,nan,nan,2.3333333333333335,0.4714045207910317,2.0,3.0,24.174966222557888,4.722307884838004,20.03979735634312,30.78408910367172,0.14278377250114999,0.028420317008955087,0.10773216323807942,0.1659871171358324,0.14354319225281184,0.04410029248600183,0.0975609756097561,0.20302375809935205,0.5250373160559585,0.13227023441733543,0.3835616438356164,0.7017543859649122,0.8946969696969697,0.014413861810939727,0.875,0.9090909090909091,0.09445073785411746,0.021103667825711266,0.07361573976126908,0.12337429899922149,19.333333333333332,4.189935029992178,16.0,25.0,3.6666666666666665,2.494438257849294,1.0,7.0,1.0,0.0,1.0,1.0,1.3333333333333333,0.4714045207910317,1.0,2.0,0.6666666666666666,0.4714045207910317,0.0,1.0,0.3728824913807392,0.1074477847580174,0.23090120076074871,0.49076156286947503,0.033354577521244176,0.0340707410658892,0.007272727272727236,0.08148148148148149,0.20861335521202728,0.1278870911556954,0.037624698079020136,0.31112016767610157,0.3577833986079279,0.4326720564582461,0.8377178059200489,0.8589112160651214,0.5727180080243703,0,macro_stable_weak_repair
0.06,0.0,0.03,0.01,0.02,3,0.0,0.0,0.0,0.0,nan,0.0,nan,nan,2.0,0.816496580927726,1.3333333333333333,3.0,26.003933660303858,3.864541741190503,21.186696567304374,30.64810457623671,0.16642631467291488,0.031262452509034734,0.12272387400554852,0.1940726980850602,0.16670807888027087,0.0341822641723061,0.12050739957716702,0.20212765957446807,0.5390453296703297,0.06841240279957117,0.44285714285714284,0.5961538461538461,0.762962962962963,0.18599821525169954,0.5,0.9,0.08800929504067441,0.05518680571193633,0.035050786257108016,0.1641365357722499,10.666666666666666,2.494438257849294,8.0,14.0,2.3333333333333335,0.9428090415820634,1.0,3.0,2.0,1.4142135623730951,1.0,4.0,1.3333333333333333,0.4714045207910317,1.0,2.0,1.3333333333333333,0.4714045207910317,1.0,2.0,0.7880562504700181,0.3245879911343799,0.5235747985125152,1.170086485983147,0.2891975308641975,0.02350141953185365,0.2592592592592593,0.31666666666666665,0.08696905388845619,0.031408088168563955,0.05435233075332346,0.12938898439683888,0.32015076563975686,0.6283126743416029,0.7441966737870003,0.6797392007019334,0.5539181114571023,0,mixed
0.06,0.0,0.03,0.02,0.0,3,0.0,0.0,0.0,0.0,nan,0.0,nan,nan,2.0,0.0,2.0,2.0,21.45391251071446,1.4646674716124854,19.510402581290922,23.04611333871621,0.1301032701505866,0.034672650719157413,0.0831977867910187,0.16593324031428425,0.12808435088663164,0.04225920411780397,0.06885245901639345,0.16458852867830423,0.2854224158799322,0.10537678271503555,0.13725490196078433,0.37333333333333335,0.8881118881118881,0.07993672820271443,0.8275058275058276,0.9487179487179487,0.08507564809198047,0.027475246192678788,0.06264436863958811,0.1184526538202457,19.0,2.160246899469287,16.0,21.0,16.666666666666668,3.858612300930075,13.0,22.0,0.0,0.0,0.0,0.0,2.3333333333333335,1.247219128924647,1.0,4.0,2.6666666666666665,1.247219128924647,1.0,3.6666666666666665,0.384866969087491,0.27821553362832374,0.07724556309243402,0.7511220828337084,0.08078042328042329,0.006069944257241768,0.07428571428571429,0.0888888888888889,0.0721187647002014,0.07471695466196462,0.017628771490504125,0.17776698477795627,0.3004995061626973,0.4924032808190311,0.7893225511138235,0.8729445314045011,0.5607290638653668,0,mixed
0.06,0.0,0.03,0.02,0.01,3,0.0,0.0,0.0,0.0,nan,0.0,nan,nan,2.3333333333333335,0.4714045207910317,2.0,3.0,19.597197087501836,2.475916256489086,17.423489272708757,23.061336782440762,0.1300286184306671,0.06761380532702224,0.07760034419019275,0.225495171041809,0.11446721542809862,0.07246072085430025,0.06321839080459771,0.21694214876033058,0.2546031746031746,0.1786170664785137,0.11428571428571428,0.5066666666666667,0.8347578347578347,0.16161657668014623,0.6153846153846154,1.0,0.09345958111347526,0.022268043924547308,0.07095234197035749,0.12378849386637825,16.0,4.08248290463863,11.0,21.0,32.666666666666664,20.07209228976613,17.0,52.0,0.6666666666666666,0.4714045207910317,0.0,1.0,4.333333333333333,0.9428090415820634,3.0,5.0,5.666666666666667,2.8674417556808756,2.0,9.0,1.3992534124245837,0.22225114459787954,1.1045800253125742,1.6412951908945104,0.28083814333814333,0.09635890683867529,0.14722222222222225,0.3708333333333333,0.36232642149852085,0.2512553813338472,0.17946994196664603,0.5560675858430328,0.28370074530548106,0.4909712134013817,0.521834757400061,0.4988949564261318,0.42618400697250236,0,drift_dominant
0.06,0.0,0.03,0.02,0.02,3,0.0,0.0,0.0,0.0,nan,0.0,nan,nan,1.6666666666666667,0.4714045207910317,1.3333333333333333,2.0,22.294363844502566,4.289126301393567,18.46056765554012,28.2820618272222,0.08886305180385284,0.03546691093136255,0.05396985994570284,0.13751383860502958,0.07605531126824072,0.04268857189613277,0.03640776699029126,0.13530655391120508,0.2726512830984957,0.1790885824664533,0.13253012048192772,0.5254237288135594,0.7484848484848484,0.18870784820533656,0.5454545454545454,1.0,0.05371654720356506,0.042299970077040276,0.0011455532611122526,0.08824252116816386,13.333333333333334,2.494438257849294,11.333333333333334,15.333333333333334,15.666666666666666,20.038851153585515,1.0,44.0,2.0,1.4142135623730951,0.0,3.0,2.3333333333333335,0.9428090415820634,1.0,3.0,2.0,1.632993161855452,0.6666666666666666,4.0,0.7565935686351298,0.13069811898852535,0.6426631649136838,0.9396059632119516,0.14583333333333331,0.09905424848082636,0.028571428571428525,0.27083333333333337,0.9696228112121617,0.3079990290830389,0.6447185036577888,1.3833178675231352,0.2153842012380697,0.6824982228780051,0.6170804089105889,0.48396493914429045,0.4662180957638015,0,drift_dominant
0.06,0.0,0.03,0.03,0.0,3,0.0,0.0,0.0,0.0,nan,0.0,nan,nan,1.3333333333333333,0.4714045207910317,1.0,2.0,21.697609342802508,2.155335750637508,18.84096665322732,24.046747012943154,0.1409733880269235,0.01900993688895488,0.12640958840890007,0.16782537614175583,0.12262215266910102,0.025786403440153215,0.09259259259259259,0.15555555555555556,0.21531899473075944,0.1185255805667298,0.07352941176470588,0.36363636363636365,1.0,0.0,1.0,1.0,0.0451968701539117,0.03503049069232513,0.0,0.08536331916060505,16.666666666666668,4.0276819911981905,11.0,20.0,38.333333333333336,17.326921891156037,14.0,51.333333333333336,0.0,0.0,0.0,0.0,7.333333333333333,2.8674417556808756,4.0,11.0,17.666666666666668,9.741092797468305,10.333333333333334,26.0,1.6585009916626796,0.8117230573337204,0.6855826724259115,2.672609600045042,0.25396825396825395,0.17759942690614114,0.05714285714285716,0.4875,0.25854202193010334,0.21050040754360527,0.08881682295310211,0.5552079499764877,0.3179816789497231,0.6785273634841781,0.301551724137931,0.5077613941952858,0.442788052170091,0,drift_dominant
0.06,0.0,0.03,0.03,0.01,3,0.0,0.0,0.0,0.0,nan,0.0,nan,nan,1.3333333333333333,0.4714045207910317,1.0,2.0,21.70451393841698,2.520223742818983,18.17544721118076,23.9009704396863,0.13931224383965493,0.026169198776970267,0.10851033222482531,0.16063558775020143,0.13502661994594523,0.034242888357098114,0.10767326732673267,0.18106995884773663,0.34233210192289476,0.19928270365014217,0.12941176470588237,0.6086956521739131,0.9333333333333333,0.09428090415820632,0.8,1.0,0.050033961509887495,0.0296135203904012,0.026171799720099108,0.09177089436219994,16.333333333333332,1.699673171197595,14.0,18.0,21.666666666666668,19.154343864744856,3.0,48.0,0.0,0.0,0.0,0.0,5.666666666666667,2.8674417556808756,3.3333333333333335,9.0,9.0,5.354126134736337,2.0,15.0,1.200292303390451,0.7870526300530346,0.27872912835552155,2.2016465035371104,0.3259082892416225,0.12154496259178238,0.196031746031746,0.42335097001763666,0.35025770287287067,0.08083576007506806,0.2440614783569326,0.4400082582184608,0.33433019107442746,0.6753829617231683,0.5742401586817211,0.5072322760283089,0.5021557942488477,0,drift_dominant
0.06,0.0,0.03,0.03,0.02,3,0.0,0.0,0.0,0.0,nan,0.0,nan,nan,2.0,0.816496580927726,1.0,2.6666666666666665,23.306892401783557,2.3473382733996293,21.030882650668694,26.537701655268528,0.13406929578985588,0.03257186760642251,0.09150073602237291,0.160434346924622,0.14052189535144846,0.040688362932393425,0.08904109589041095,0.1885245901639344,0.37334056964685725,0.17196259979157685,0.15384615384615385,0.5737704918032787,0.8166666666666667,0.08249579113843057,0.7583333333333333,0.875,0.05083934881233314,0.050129161540098006,0.0,0.11904827086698382,13.333333333333334,1.247219128924647,12.0,15.0,19.333333333333332,13.199326582148887,2.0,34.0,1.0,0.0,1.0,1.0,0.6666666666666666,0.9428090415820634,0.0,2.0,1.6666666666666667,0.9428090415820634,1.0,2.3333333333333335,0.4495397824453116,0.18726267978748748,0.18945309044458947,0.6227936751313803,0.08835978835978842,0.04786377077890964,0.02083333333333337,0.1261904761904763,0.44043530264737946,0.2548799939271343,0.10897306109704269,0.7288257230139921,0.2930028429656827,0.6506921033425485,0.7408044705523344,0.7386265042222385,0.5611102158285407,0,mixed
0.06,0.01,0.01,0.01,0.0,3,0.0,0.0,0.0,0.0,nan,0.0,nan,nan,2.6666666666666665,0.4714045207910317,2.0,3.0,24.883206545353474,4.869669655818824,20.71657247422269,31.715196471650867,0.20876043854433027,0.05349031841773985,0.15725581263602728,0.2505067655842477,0.20435224913342084,0.05785992696032525,0.15968007879586946,0.2846715328467153,0.387579799479113,0.12593140301921124,0.21052631578947367,0.4927536231884058,0.9444444444444444,0.0785674201318386,0.8333333333333334,1.0,0.11100868243014311,0.023501440116959527,0.0811379267666004,0.13856467825087404,14.333333333333334,2.0548046676563256,12.0,17.0,9.333333333333334,6.548960901462833,1.0,17.0,0.0,0.0,0.0,0.0,3.0,2.160246899469287,1.0,6.0,2.0,2.8284271247461903,0.0,6.0,0.7501382867050831,0.41036012411536654,0.2847385790762149,1.283080511447059,0.08745791245791247,0.02321798464467433,0.05833333333333335,0.11515151515151517,0.12810705033038094,0.12646510548400497,0.02559882677248515,0.3062831162184352,0.3717259528493862,0.4502774558081039,0.8266158071406774,0.7931275046734294,0.5666221098121325,0,mixed
0.06,0.01,0.01,0.01,0.01,3,0.0,0.0,0.0,0.0,nan,0.0,nan,nan,2.0,1.4142135623730951,0.0,3.0,24.62501183357611,6.395132820672197,19.087211734383892,33.586339778359864,0.17851229382603467,0.0887588068795636,0.08149786815422581,0.2960002257557722,0.1687323054799891,0.08635575045217238,0.09838817138171382,0.27007299270072993,0.40012304071042637,0.17345978961642233,0.16666666666666666,0.582089552238806,0.8611111111111112,0.10393492741038726,0.75,1.0,0.08464626839083801,0.06236314460574841,0.0,0.1484170048603084,12.0,1.4142135623730951,10.0,13.0,17.0,13.638181696985855,2.0,28.0,0.0,0.0,0.0,0.0,2.6666666666666665,1.247219128924647,1.0,4.0,2.6666666666666665,1.8856180831641267,0.0,4.0,1.0513283302831076,0.6619565274403102,0.1668360217125664,1.5821023730749681,0.33282828282828286,0.2526635984672291,0.015151515151515138,0.538888888888889,0.2600289882168268,0.12512506261163395,0.11052723427667133,0.4167636508823753,0.32870832481002066,0.6118279864056436,0.7771101617332926,0.5558909193229575,0.5346051264961682,0,mixed
0.06,0.01,0.01,0.01,0.02,3,0.0,0.0,0.0,0.0,nan,0.0,nan,nan,1.0,0.0,1.0,1.0,26.802654684643038,5.6093666433198415,21.43975228701597,34.54641263176098,0.18562112630668093,0.060538532225593036,0.14220438982456837,0.23028413956913438,0.1791325639364855,0.07199146866378266,0.0777027027027027,0.2374727668845316,0.4575158342600203,0.20384406401411684,0.18461538461538463,0.6744186046511628,0.5858585858585859,0.09367291409591619,0.5151515151515151,0.6666666666666666,0.024097991316179873,0.016030063767582974,0.010166448952257165,0.046551774381880046,7.666666666666667,1.247219128924647,6.0,8.666666666666666,13.0,10.424330514074592,2.0,27.0,1.0,0.816496580927726,0.0,2.0,0.6666666666666666,0.4714045207910317,0.3333333333333333,1.0,0.6666666666666666,0.4714045207910317,0.0,1.0,0.4459475454040543,0.27774496919411024,0.2163888116121262,0.8367531658952894,0.22222222222222224,0.16077551253875313,0.0,0.375,0.21869271995490688,0.0708074961216293,0.16436673813143962,0.3173096385008144,0.2440328538793427,0.90646578782172,0.7957709032651815,0.731053588360638,0.6173928441383638,0,mixed
0.06,0.01,0.01,0.02,0.0,3,0.0,0.0,0.0,0.0,nan,0.0,nan,nan,2.3333333333333335,0.4714045207910317,2.0,3.0,24.821500973235167,3.846611781232063,19.472697138880203,28.354597509856713,0.20003737882379638,0.05528967741460874,0.12759734952390636,0.2617476712123332,0.19177027855074047,0.04557231642694168,0.13002364066193853,0.23863636363636365,0.43777333777333777,0.046995541028692744,0.37142857142857144,0.47435897435897434,1.0,0.0,1.0,1.0,0.08919777769261704,0.018609924225998355,0.06484277383731775,0.10425469429752254,15.333333333333334,4.109609335312651,10.0,20.0,12.0,6.164414002968976,7.0,19.0,0.0,0.0,0.0,0.0,2.6666666666666665,2.494438257849294,0.0,6.0,4.333333333333333,4.189935029992178,0.0,10.0,0.6709999187386596,0.4718581079248431,0.12704137581772912,1.2777282584713503,0.1679100529100529,0.0494280010931971,0.12261904761904757,0.2366666666666667,0.18446780567297127,0.1077731212485328,0.10629423091773911,0.33671662289198434,0.3974023896663145,0.5100188600824658,0.7887442783033263,0.7391604178423824,0.5721764906329683,0,mixed
0.06,0.01,0.01,0.02,0.01,3,0.0,0.0,0.0,0.0,nan,0.0,nan,nan,3.0,0.816496580927726,2.0,4.0,23.20202611549779,2.847636689314026,19.799529090622134,26.768968216999816,0.213768339213805,0.05701907174017476,0.1687919994389273,0.2555772189412858,0.20327076223763357,0.050847371931945,0.15472779369627507,0.27348643006263046,0.4592845592845593,0.10771166376773417,0.34285714285714286,0.6025641025641025,0.9696969696969697,0.04285495643554835,0.9090909090909091,1.0,0.11467507260706358,0.02034807215092528,0.09999036684543679,0.12997222912165202,14.333333333333334,2.494438257849294,11.0,16.333333333333332,16.333333333333332,10.338708279513881,5.0,30.0,0.3333333333333333,0.4714045207910317,0.0,1.0,6.0,3.7416573867739413,1.0,10.0,5.666666666666667,4.9216076867444665,0.0,9.666666666666666,1.4212408424262486,0.646614166473788,0.5190190000930457,2.0014317033183877,0.19939073272406604,0.12265481037118844,0.051515151515151486,0.35185185185185186,0.224364766736141,0.1785422069156216,0.014395110458380378,0.450801383900133,0.41319240287385933,0.4065747037468539,0.6114918370460787,0.588968731045545,0.4863531305608889,0,drift_dominant
0.06,0.01,0.01,0.02,0.02,3,0.0,0.0,0.0,0.0,nan,0.0,nan,nan,2.0,0.0,2.0,2.0,23.65192471182442,3.6439335316007186,20.020480909191175,28.63416509647942,0.2419389787053719,0.09940497061479037,0.1616762467029759,0.35188824640410526,0.2326886074219292,0.10296563411149444,0.08950617283950617,0.32723577235772355,0.4789929968111395,0.2226124187510508,0.17105263157894737,0.6518605104227547,0.9351851851851851,0.04721314364437766,0.8888888888888888,1.0,0.08309025835715562,0.019000825457350094,0.058783403168946244,0.10516485751693688,14.0,2.449489742783178,11.0,16.0,18.0,15.121728296285006,6.333333333333333,29.666666666666668,0.6666666666666666,0.4714045207910317,0.0,1.0,3.6666666666666665,3.0912061651652345,1.0,6.0,5.333333333333333,4.784233364802441,1.0,12.0,1.1759976210944425,0.9670904327205082,0.4153601909730922,1.9366350512157926,0.24261463844797176,0.07797751496148354,0.16719576719576712,0.35000000000000003,0.3193291747456018,0.1437062816414605,0.12311917726859012,0.46329778370370817,0.42242970874840297,0.580758599946262,0.6434902349710101,0.5709663027119721,0.535931355585103,0,mixed
0.06,0.01,0.01,0.03,0.0,3,0.0,0.0,0.0,0.0,nan,0.0,nan,nan,2.0,0.816496580927726,1.0,2.6666666666666665,20.814383659675933,0.8087335815663359,19.675746968826704,21.4770019173117,0.1854326803839359,0.033748580714347366,0.13770576589152198,0.2095333614160214,0.2051602944797583,0.04855203439531645,0.13966480446927373,0.2438588158778652,0.40412758065902754,0.11665007985885863,0.25688073394495414,0.5421686746987951,0.9333333333333333,0.09428090415820632,0.8,1.0,0.10539197734359039,0.02622053834919101,0.08127800449471281,0.14184490978503764,18.666666666666668,5.312459150169742,12.0,25.0,23.666666666666668,6.128258770283412,18.666666666666668,31.0,0.0,0.0,0.0,0.0,0.6666666666666666,0.4714045207910317,0.0,1.0,4.0,2.160246899469287,1.0,6.0,0.26523925454722913,0.19706139500791378,0.018096844148598024,0.5003463814958335,0.17371794871794874,0.03779132744851899,0.13504273504273506,0.2250000000000001,0.17168796162290897,0.07528670190312368,0.1151162395136186,0.2773727850004884,0.3947617218515738,0.4611167055234631,0.7756209948123284,0.8038656053428167,0.5693430990599456,0,mixed
0.06,0.01,0.01,0.03,0.01,3,0.0,0.0,0.0,0.0,nan,0.0,nan,nan,1.6666666666666667,0.4714045207910317,1.0,2.0,24.04257141669974,4.39031226118303,19.144292356217868,29.79586126287285,0.21140414115496625,0.05942255865669721,0.1325972420835264,0.27607941709917616,0.19357155025140324,0.04977938880457994,0.12738853503184713,0.2474437627811861,0.4493342595483108,0.09151164262236938,0.3563218390804598,0.5737704918032787,0.9,0.14142135623730953,0.7,1.0,0.07653076391102119,0.02544956188372569,0.04072060897188867,0.09755752402571126,13.666666666666666,5.436502143433364,6.0,18.0,5.0,2.943920288775949,2.0,9.0,0.3333333333333333,0.4714045207910317,0.0,1.0,4.0,0.816496580927726,3.0,5.0,7.666666666666667,2.6246692913372702,4.0,10.0,1.2288636204780288,0.056216369551568994,1.1533177901033307,1.288085100724278,0.1430246913580247,0.033482633178778885,0.11333333333333334,0.18981481481481477,0.33350987857055214,0.19211506556406838,0.06621603745429377,0.5093207588693976,0.3777076277057585,0.6353709048537592,0.7208510070186145,0.6176336781775807,0.5587373329496944,0,mixed
0.06,0.01,0.01,0.03,0.02,3,0.0,0.0,0.0,0.0,nan,0.0,nan,nan,1.6666666666666667,0.9428090415820634,1.0,2.3333333333333335,23.580523448034864,5.038906071214865,19.900320617878418,30.7053142521378,0.20646807196150668,0.06396203344247978,0.12931887653202778,0.28594149382295486,0.2185157520056101,0.08215811702133442,0.12200435729847495,0.28544733192793936,0.5454520049590472,0.10881007697479432,0.46193829644533874,0.696969696969697,0.8257575757575758,0.1235568668962128,0.7272727272727273,1.0,0.057303870311688425,0.05302393487761359,0.019375520801285684,0.13228935112468052,13.0,2.943920288775949,10.0,17.0,4.333333333333333,2.6246692913372702,2.0,8.0,1.0,1.4142135623730951,0.0,3.0,2.0,0.816496580927726,1.3333333333333333,3.0,4.0,2.160246899469287,2.0,7.0,0.66301417365699,0.20322986825781897,0.44374042524982693,0.8262885518135373,0.3663820747154081,0.12062404118969215,0.22348484848484856,0.5185185185185186,0.6184375161750875,0.31213484586824386,0.2707738282457812,1.0278319061425676,0.38933571538506584,0.6816259739933951,0.7701895788831248,0.4807269125462077,0.5568572921689883,0,mixed
0.06,0.01,0.02,0.01,0.0,3,0.0,0.0,0.0,0.0,nan,0.0,nan,nan,2.6666666666666665,0.4714045207910317,2.0,3.0,26.19285707749123,6.405061768156033,20.098582157384534,35.04362135871942,0.2026710415334907,0.0520967554238896,0.1447880881207099,0.2710875820993005,0.20926664048183866,0.05860366651354548,0.14285714285714285,0.2854122621564482,0.4929339143064633,0.15894419721042746,0.28,0.6617647058823529,1.0,0.0,1.0,1.0,0.10688627751464522,0.01941451804773755,0.0922709412536419,0.13412489240695954,18.333333333333332,4.714045207910317,15.0,25.0,8.666666666666666,3.858612300930075,5.0,14.0,0.0,0.0,0.0,0.0,3.0,1.632993161855452,1.0,5.0,4.0,2.160246899469287,1.0,6.0,0.7949371539853548,0.34985300677180137,0.30380098027211666,1.0577763910759626,0.15858986692320023,0.1086207722643602,0.008333333333333331,0.2613756613756613,0.197852437594931,0.18178649995262114,0.050373683103999145,0.45395686104687005,0.4089649680293584,0.3899756225322719,0.8051785169362222,0.7208356323516915,0.5458344743009262,0,mixed
0.06,0.01,0.02,0.01,0.01,3,0.0,0.0,0.0,0.0,nan,0.0,nan,nan,2.3333333333333335,1.699673171197595,1.0,4.0,24.256503950799722,3.7896450929556487,19.304902932119365,28.508072015226144,0.18182555239101966,0.04413859477723174,0.12078940730847748,0.22366904185442435,0.18184514744653743,0.035878517342554934,0.13110539845758354,0.2073170731707317,0.4656664356664357,0.04448310803949769,0.4313929313929314,0.5066666666666667,0.9326599326599326,0.04832558954345902,0.8956228956228955,1.0,0.12938585661862093,0.0516855991896384,0.07370327916478277,0.19823555511062246,15.333333333333334,4.642796092394707,9.0,20.0,10.666666666666666,6.128258770283412,3.0,18.0,0.6666666666666666,0.4714045207910317,0.0,1.0,2.3333333333333335,2.0548046676563256,0.0,5.0,1.0,0.816496580927726,0.0,2.0,0.6607424470605409,0.460983553155609,0.09683933431933545,1.2260113414119664,0.0917929292929293,0.07124457495317911,0.01666666666666669,0.1875,0.4044377240393234,0.2665471608179031,0.027533042973944877,0.5982032042635312,0.378039957906077,0.43695454653023913,0.7881972841013122,0.7149284617858167,0.5421777710771125,0,mixed
0.06,0.01,0.02,0.01,0.02,3,0.0,0.0,0.0,0.0,nan,0.0,nan,nan,2.3333333333333335,0.4714045207910317,2.0,3.0,28.43550671425526,2.7468483597958318,26.000246430329724,32.27418519223184,0.19518314720055108,0.028934341450697572,0.17326950761626916,0.2356983667249722,0.20271057347670252,0.03379694137487798,0.17562724014336917,0.24791666666666667,0.5524366471734893,0.13137765268226653,0.3684210526315789,0.6666666666666666,0.7962962962962963,0.1510139484287045,0.5833333333333334,0.9166666666666666,0.06203568070132199,0.0303306917929646,0.01916463582083317,0.08468834327361788,11.0,2.8284271247461903,9.0,15.0,6.0,5.715476066494082,1.0,14.0,1.6666666666666667,0.9428090415820634,1.0,3.0,0.3333333333333333,0.4714045207910317,0.0,1.0,0.6666666666666666,0.4714045207910317,0.0,1.0,0.24303345308918742,0.039681684298163426,0.21364670070124556,0.27242020547712925,0.08748597081930418,0.09961286558456962,0.0,0.22685185185185192,0.363558764875025,0.21450393830096615,0.06137833270487525,0.5377390032648355,0.3377892271933945,0.632847492776532,0.789731080256332,0.7966963585867162,0.5937235904804308,0,mixed
0.06,0.01,0.02,0.02,0.0,3,0.0,0.0,0.0,0.0,nan,0.0,nan,nan,2.3333333333333335,0.4714045207910317,2.0,3.0,23.059535273805658,2.0112480009224285,20.4067482894782,25.274589946430662,0.13639630083259258,0.03287749950390475,0.09353388499933413,0.17343215363933423,0.13000786673552278,0.04714486904279639,0.06734006734006734,0.18105263157894738,0.2880801687763713,0.2206372344491596,0.125,0.6,0.8505050505050505,0.11123959513483803,0.7333333333333333,1.0,0.10842472338360991,0.025456800541073805,0.08319864984076888,0.1432820167371328,19.666666666666668,4.642796092394707,15.0,26.0,27.0,21.27596452964393,0.0,52.0,0.0,0.0,0.0,0.0,4.333333333333333,3.681787005729087,0.0,9.0,9.666666666666666,7.363574011458174,1.0,19.0,1.3398457976110791,1.0221823729627986,0.2840516030782334,2.722879825133026,0.3177838827838828,0.2980614962369464,0.043589743589743574,0.7321428571428572,0.2039881223981854,0.24508200080033538,0.029862857278623922,0.5505744251763912,0.27991959716912596,0.40161680358173174,0.5702212389380531,0.537559550680384,0.41993221782831447,0,drift_dominant
0.06,0.01,0.02,0.02,0.01,3,0.0,0.0,0.0,0.0,nan,0.0,nan,nan,1.6666666666666667,0.4714045207910317,1.0,2.0,23.14828924417526,2.8491865153119957,20.876098768788516,26.988772518781555,0.14667245385095062,0.041665505771849236,0.11667529798792935,0.17777087978715225,0.1414901585858315,0.04605201278518102,0.07641196013289037,0.1762208067940552,0.37082386734560646,0.12091075365843376,0.21333333333333335,0.5072463768115942,0.9326599326599326,0.04832558954345902,0.8888888888888888,0.9696969696969697,0.08263534271709301,0.034299628914957137,0.03518730374713788,0.11508916827006888,14.666666666666666,3.39934634239519,10.0,17.333333333333332,14.0,4.546060565661952,8.0,19.0,0.6666666666666666,0.4714045207910317,0.0,1.0,3.3333333333333335,1.247219128924647,2.0,4.333333333333333,3.0,1.4142135623730951,2.0,5.0,0.6807396382038893,0.5018404107144548,0.16504589072236042,1.3608549879707739,0.19298540965207633,0.05764763618846088,0.12592592592592594,0.2666666666666666,0.22224597938887125,0.01945566189298357,0.20374435330944274,0.24913344584849195,0.33590317665201336,0.607323265598141,0.7102113213304853,0.7103486473587441,0.5535089219655858,0,mixed
0.06,0.01,0.02,0.02,0.02,3,0.0,0.0,0.0,0.0,nan,0.0,nan,nan,2.3333333333333335,0.4714045207910317,2.0,3.0,22.547042356401043,4.2814417969091805,18.55734766255188,25.856671813617215,0.14656398924075167,0.05367724908270782,0.07157594457841991,0.19427884675896023,0.14404177191654183,0.05856126371403669,0.06130268199233716,0.18854415274463007,0.25590067250528903,0.09701101063917848,0.14285714285714285,0.379746835443038,0.887962962962963,0.010227186127025249,0.875,0.9,0.10523702353567711,0.03389581817956821,0.06649297834314404,0.14905416745875927,12.666666666666666,1.699673171197595,11.0,14.0,20.666666666666668,4.0276819911981905,15.0,24.0,1.0,0.0,1.0,1.0,2.0,0.816496580927726,1.0,3.0,2.6666666666666665,0.4714045207910317,2.0,3.0,0.46868972245711243,0.27355005086447576,0.1019870748085685,0.7587711809556965,0.4203703703703704,0.20110008382108807,0.271604938271605,0.5833333333333334,0.29724861002827074,0.19937169640134486,0.07975788614997315,0.5613868571298221,0.29477748508309076,0.5260562989634372,0.6790238785474519,0.5833510028801837,0.48716117080546817,0,drift_dominant
0.06,0.01,0.02,0.03,0.0,3,0.0,0.0,0.0,0.0,nan,0.0,nan,nan,1.6666666666666667,0.4714045207910317,1.0,2.0,20.919061578194846,3.6001436963598583,16.06327657838426,24.67268632043655,0.12199482872726707,0.02873309811682062,0.09855058245177559,0.14543907500275854,0.12296022801299425,0.0345457702929372,0.07909604519774012,0.16352201257861634,0.34317398794142984,0.12410989646529941,0.24351851851851852,0.47674418604651164,1.0,0.0,1.0,1.0,0.06271704417910047,0.028330423663469186,0.04204829241216206,0.10271508582427967,18.0,4.320493798938574,12.0,21.333333333333332,16.0,9.41629792788369,5.0,28.0,0.0,0.0,0.0,0.0,2.6666666666666665,0.9428090415820634,2.0,4.0,4.666666666666667,3.39934634239519,2.0,8.0,0.6383137582955634,0.21815755092264458,0.4780193266929009,0.9460282078573954,0.1907287157287157,0.11388809756645392,0.10909090909090907,0.35178571428571426,0.3032561333393279,0.14056210634632532,0.15010746283659804,0.4164147277334325,0.3526869768045308,0.5870387397971748,0.7578852609093684,0.6920944844746928,0.5601960759076917,0,mixed
0.06,0.01,0.02,0.03,0.01,3,0.0,0.0,0.0,0.0,nan,0.0,nan,nan,2.6666666666666665,0.4714045207910317,2.0,3.0,23.268780580652084,3.4301883087942215,19.007301686324304,26.068610287096938,0.14107341198490403,0.027172249462399933,0.10267106181812669,0.1606747727920513,0.1502458773407208,0.019939535679064663,0.1225071225071225,0.1685082872928177,0.3711066711066711,0.11595648683527901,0.24175824175824176,0.5230769230769231,0.9487179487179487,0.0725237724293895,0.8461538461538461,1.0,0.12984038057436117,0.02584855130003368,0.09599761585358352,0.1587292966617246,21.333333333333332,4.0276819911981905,18.0,27.0,25.0,9.93310961716756,11.0,33.0,0.0,0.0,0.0,0.0,6.333333333333333,2.6246692913372702,4.333333333333333,10.0,9.666666666666666,5.90668171555645,5.0,18.0,1.3134991889971581,0.5965559986179961,0.8602250851843554,2.1563549758834344,0.2260846560846561,0.13411870819672023,0.12777777777777782,0.41571428571428576,0.4675134769428399,0.0431719723868281,0.43430853218265886,0.5070747566406644,0.34128846346006075,0.2973962427012277,0.5234955752212389,0.5110535501692689,0.40070984796442977,0,drift_dominant
0.06,0.01,0.02,0.03,0.02,3,0.0,0.0,0.0,0.0,nan,0.0,nan,nan,2.0,0.0,2.0,2.0,28.852148170858,5.7622165165689845,23.500648732666555,36.85009659894685,0.1284015941036448,0.0309668860691582,0.08481073220094507,0.15141264644000077,0.11903369190298199,0.045884531030491726,0.05621301775147929,0.16452442159383032,0.36695724366957244,0.1238684357246671,0.1917808219178082,0.45454545454545453,0.8018648018648019,0.15023667174193026,0.6363636363636364,0.9230769230769231,0.046232240738285205,0.012222013466952135,0.029509754877889666,0.05585554854470732,16.0,3.7416573867739413,12.0,21.0,12.333333333333334,7.133644853010899,6.666666666666667,22.0,1.0,0.816496580927726,0.0,2.0,3.3333333333333335,4.0276819911981905,0.0,9.0,4.0,2.943920288775949,1.0,8.0,1.0494513268743562,1.0144650466578031,0.3053912097101561,2.4837854393270162,0.3256854256854257,0.15904575571625065,0.1401515151515152,0.5285714285714286,0.44103161389777434,0.31185091387865316,0.1899662874646507,0.7808852483245501,0.2376384936932854,0.6138703592434721,0.6770922337503814,0.5016997342086152,0.47239945619531726,0,drift_dominant
0.06,0.01,0.03,0.01,0.0,3,0.0,0.0,0.0,0.0,nan,0.0,nan,nan,2.3333333333333335,0.4714045207910317,2.0,3.0,22.79778698166196,4.024152917539915,19.636697787375677,28.476666165554015,0.1500744553235046,0.024881606408525936,0.11655842149621294,0.17611407304568982,0.1567592397610111,0.03384642804915753,0.10909090909090909,0.18435754189944134,0.38109192394906677,0.09783672125886582,0.28205128205128205,0.5142857142857142,1.0,0.0,1.0,1.0,0.0942590552068792,0.016229819583925487,0.0729958918436284,0.10738549779379991,17.666666666666668,2.3570226039551585,16.0,21.0,12.666666666666666,9.843215373488933,0.0,24.0,0.0,0.0,0.0,0.0,4.333333333333333,1.247219128924647,3.0,6.0,5.333333333333333,1.8856180831641267,4.0,8.0,0.8288874392810709,0.3357782112669628,0.4773574271689327,1.281131194395348,0.33257575757575764,0.07230252652080497,0.2484848484848485,0.42500000000000004,0.2894074168253942,0.2077538146480986,0.12040069809168319,0.4584141355591052,0.3692338587927348,0.4612691344622153,0.7213884650595057,0.5816074874057283,0.5051483246860577,0,mixed
0.06,0.01,0.03,0.01,0.01,3,0.0,0.0,0.0,0.0,nan,0.0,nan,nan,2.6666666666666665,0.9428090415820634,2.0,4.0,24.485745910469614,4.581745348410029,20.918990541699145,30.953915773919537,0.16822708338345918,0.04531482988360214,0.10421861993412823,0.20294022009196028,0.16207679291543803,0.05251981688622045,0.09131403118040089,0.21700223713646533,0.36875078944044465,0.1121753786361774,0.24615384615384617,0.5172413793103449,0.8024891774891775,0.06654304189567585,0.7142857142857143,0.8560606060606061,0.09535793551044097,0.04058963690352337,0.04827948349964483,0.12837809239571094,15.0,2.449489742783178,12.0,17.0,12.333333333333334,9.104333522498441,5.333333333333333,25.0,0.3333333333333333,0.4714045207910317,0.0,1.0,2.0,0.816496580927726,1.0,3.0,1.3333333333333333,1.247219128924647,0.0,3.0,0.5373668811294013,0.400101526154731,0.24910059464291479,1.1031619243630106,0.20055555555555557,0.183132887054695,0.04999999999999999,0.4583333333333334,0.4212502707306715,0.23037520479481832,0.14414417575370764,0.708188834936066,0.29643612842585354,0.46743200790308026,0.8140749923710711,0.6638353769349563,0.5161927207860243,0,mixed
0.06,0.01,0.03,0.01,0.02,3,0.0,0.0,0.0,0.0,nan,0.0,nan,nan,2.0,0.816496580927726,1.0,3.0,27.865636649748918,2.617575530000549,25.909931009717297,31.545695220171567,0.1846124050287068,0.04224342836558135,0.12545308652746565,0.22139568392284922,0.18629640911090806,0.04192074012307094,0.1279317697228145,0.22448979591836735,0.4570626903960237,0.07577120372710053,0.35185185185185186,0.5272727272727272,0.869023569023569,0.036235589494509085,0.8181818181818182,0.9,0.078159382113227,0.015428567457202187,0.06431234610645288,0.0996861783801576,12.0,0.816496580927726,11.0,13.0,5.666666666666667,5.436502143433364,0.0,10.0,0.6666666666666666,0.4714045207910317,0.0,1.0,1.6666666666666667,0.4714045207910317,1.3333333333333333,2.0,1.3333333333333333,0.4714045207910317,1.0,1.6666666666666667,0.46489778792406117,0.20252393353478526,0.3003821738107577,0.7261256672953131,0.17376543209876544,0.08968373192834718,0.1,0.3,0.3615811205393684,0.42761970611575906,0.00020319024578419054,0.9622015243881661,0.33096083082798244,0.6236215308006788,0.8370727799816906,0.7106798380300315,0.5812921970923081,0,mixed
0.06,0.01,0.03,0.02,0.0,3,0.0,0.0,0.0,0.0,nan,0.0,nan,nan,2.6666666666666665,0.4714045207910317,2.0,3.0,21.134619839760244,1.500998151215851,19.9091719611593,22.987139047704197,0.13710023688191333,0.03901537611783909,0.0831977867910187,0.17425899669701161,0.14098684237136627,0.051494510422052255,0.10203290013873552,0.18571428571428572,0.28598574314712955,0.11970700283138949,0.13725490196078433,0.43037974683544306,0.8881118881118881,0.07993672820271443,0.8181818181818182,1.0,0.10957477991783676,0.02792114962961046,0.0858327660500595,0.14877019861273771,16.0,0.816496580927726,15.0,17.0,21.666666666666668,8.576453553512405,11.0,28.666666666666668,0.0,0.0,0.0,0.0,4.0,2.449489742783178,1.0,6.0,5.333333333333333,4.988876515698588,0.0,12.0,1.0468601050009827,0.644898560269943,0.5487545846136257,1.9418873966656554,0.3034656084656085,0.2153034847580893,0.07428571428571429,0.5916666666666667,0.24568509637561017,0.1272705483027486,0.13529375804376675,0.3419186924627237,0.30928879405084486,0.4246357881391622,0.6716539517851694,0.5788291492756473,0.4645066451647496,0,drift_dominant
0.06,0.01,0.03,0.02,0.01,3,0.0,0.0,0.0,0.0,nan,0.0,nan,nan,2.0,0.0,2.0,2.0,20.02997216618452,2.17141990928954,18.322155752891273,23.004073476898903,0.13257655748375013,0.07129389082919331,0.07741911524007185,0.1845193476148653,0.1289265227526097,0.09409972550504347,0.06153846153846154,0.19574703557312254,0.29587355287252864,0.2540714467619939,0.11536153615361536,0.6551724137931034,0.7930911680911681,0.12578537134017098,0.6153846153846154,0.8888888888888888,0.08663256609137117,0.03533089565699154,0.043758737414612316,0.13029074035880914,15.333333333333334,4.0276819911981905,12.0,21.0,33.666666666666664,25.037749277618563,0.0,60.0,1.0,0.0,1.0,1.0,5.0,2.449489742783178,3.0,8.0,7.333333333333333,3.0912061651652345,3.0,10.0,1.556155833225474,0.8956186750787815,0.5151101403905143,2.701472338219241,0.38222703222703225,0.26624553897079317,0.0888888888888889,0.7333333333333333,0.2440065857066146,0.18584767435643454,0.007498147247408493,0.46154250515702344,0.2836060635322138,0.5517196041134683,0.44239586512053714,0.4518564632769559,0.4160424889441405,0,drift_dominant
0.06,0.01,0.03,0.02,0.02,3,0.0,0.0,0.0,0.0,nan,0.0,nan,nan,2.0,0.816496580927726,1.0,3.0,21.576469291920958,4.418969886929514,17.460518820181758,27.70693222918723,0.10235540118779485,0.03380619277906446,0.0699666208775975,0.14900489252210872,0.08712229245808531,0.04169719006182507,0.05442176870748299,0.14596949891067537,0.2911538224296105,0.17629824556904813,0.08433734939759036,0.5151515151515151,0.6397306397306397,0.21527767492452227,0.36363636363636365,0.8888888888888888,0.06621058787179313,0.0558435901150712,0.0017641877515622982,0.13796549633247543,14.666666666666666,2.0548046676563256,12.0,17.0,25.0,27.58018612458347,5.0,44.666666666666664,1.6666666666666667,0.9428090415820634,1.0,3.0,5.666666666666667,2.494438257849294,3.0,9.0,5.666666666666667,3.858612300930075,2.0,11.0,1.7875117167965897,0.6566396269350273,1.2698607827882002,2.684884489635906,0.39320987654320994,0.27089870302516467,0.010185185185185242,0.5916666666666667,0.5981299716672742,0.4035959945277468,0.2686801894113118,1.0987849327026062,0.19787906072043157,0.6001474080478133,0.4389697131522734,0.2938048732480422,0.3658494405441675,0,drift_dominant
0.06,0.01,0.03,0.03,0.0,3,0.0,0.0,0.0,0.0,nan,0.0,nan,nan,1.3333333333333333,0.4714045207910317,1.0,2.0,21.666915835715468,2.530172657371748,18.25522518067637,24.30707142749769,0.1489364234360271,0.01854712825456458,0.12880141905202433,0.1735617465013269,0.13169247632163233,0.029211252401987152,0.10784313725490197,0.16770186335403728,0.24419438192881554,0.13818496295704485,0.13154121863799284,0.4186046511627907,1.0,0.0,1.0,1.0,0.05804731885134055,0.05157572135331009,0.0,0.12531969237695845,15.0,3.559026084010437,10.0,18.0,34.666666666666664,19.293061504650375,8.0,53.0,0.0,0.0,0.0,0.0,7.666666666666667,4.4969125210773475,4.0,13.0,19.333333333333332,11.55662388223981,3.0,28.0,1.7295750574596704,1.2960855991080993,0.10289576312402104,3.274483344850582,0.3762698412698413,0.1902310260852902,0.23690476190476195,0.6452380952380954,0.3423993030511319,0.2629738065705302,0.11980638929652776,0.7117115161778702,0.3315776402578913,0.6834130723602367,0.29433628318584076,0.39611176137693177,0.42499505109287566,0,drift_dominant
0.06,0.01,0.03,0.03,0.01,3,0.0,0.0,0.0,0.0,nan,0.0,nan,nan,2.0,0.816496580927726,1.3333333333333333,3.0,20.67527562864607,3.5714638018085445,18.0802359259577,23.41587878162967,0.13799626821943875,0.029105466549688316,0.10851033222482531,0.17761144879431298,0.14242579836523622,0.04079317803333649,0.09900990099009901,0.19703389830508475,0.29076152390780874,0.12280577998012249,0.12941176470588237,0.4270833333333333,0.9333333333333333,0.09428090415820632,0.8,1.0,0.06251923548795965,0.03431765480175851,0.026216558918863514,0.10856571496373826,18.666666666666668,1.247219128924647,17.0,19.666666666666668,27.0,17.568911937472585,12.666666666666666,41.333333333333336,0.0,0.0,0.0,0.0,6.333333333333333,4.4969125210773475,0.0,10.0,11.333333333333334,8.178562764256865,0.0,19.0,1.5055664628886232,0.9376110285451401,0.18014417649223846,2.2016465035371104,0.27590989257655923,0.1253558409965883,0.17878787878787872,0.45291005291005293,0.3848246037338002,0.054062919525354115,0.32955859505300866,0.45821184410517324,0.3294993849291589,0.53906189567677,0.4886695148001221,0.4777637009411442,0.4433769017926514,0,drift_dominant
0.06,0.01,0.03,0.03,0.02,3,0.0,0.0,0.0,0.0,nan,0.0,nan,nan,2.0,0.816496580927726,1.0,2.6666666666666665,23.410775386461843,2.3015794446469338,20.97685698674041,26.49934694673671,0.12750675699937664,0.02337906938420869,0.09473346055340184,0.14515411965631092,0.1375213675213675,0.026299655003685488,0.10256410256410256,0.15866666666666668,0.45833791964777104,0.24237516267540019,0.2,0.782608695652174,0.825,0.16708281379802853,0.6,1.0,0.057542224074541355,0.04483949360430786,0.02107883873903603,0.10939015600651597,14.333333333333334,2.6246692913372702,12.0,16.333333333333332,18.666666666666668,14.079141387961917,0.0,34.0,0.3333333333333333,0.4714045207910317,0.0,1.0,2.0,0.816496580927726,1.0,3.0,2.6666666666666665,1.247219128924647,1.0,4.0,0.5927274936309375,0.3155053047771873,0.19215917159658868,0.9632296341648434,0.1281746031746032,0.05785218913189003,0.05833333333333335,0.19999999999999996,0.44824789797990877,0.07230604490821972,0.3474928591024099,0.5137437110062129,0.3152680838555216,0.6215567256073472,0.7547982148306377,0.689660890760028,0.5546248318694025,0,mixed
