ensemble,seed,candidate_name,r_birth,r_death,p_swap,p_triad,p_del,meeting,first_meeting_time,final_radius_control,total_unequal_time,avg_local_overlap,avg_same_descriptor,shared_token_fraction_final,shared_node_fraction_final,fit_speed_control,final_edge_diff_count,abs_delta_tokens,abs_delta_nodes,abs_delta_beta1,abs_delta_triangles,abs_delta_spectral_radius,abs_delta_clustering,abs_delta_dim_proxy,initial_nodes,initial_tokens,initial_beta1,initial_triangles,initial_spectral_radius,initial_dim_proxy
toy_cycle8,101,refined_winner_pdel0.00,0.08,0.02,0.02,0.0,0.0,0,-1.0,2.0,15.509513488493992,0.23415844719667686,0.20833333333333334,0.475,1.0,0.09263101262371212,4.0,3.0,0.0,0.0,0.0,0.1040917678678932,0.008333333333333331,0.12075400399927494,8.0,4.0,1.0,0.0,2.0,1.096857131064786
toy_cycle8,102,refined_winner_pdel0.00,0.08,0.02,0.02,0.0,0.0,0,-1.0,3.0,16.33973739063896,0.36125921933355937,0.366120218579235,0.6176470588235294,1.0,0.17291965620591845,12.0,9.0,0.0,0.0,1.0,0.4718074067139679,0.14074074074074072,0.4414326022339745,8.0,4.0,1.0,0.0,2.0,1.096857131064786
toy_cycle8,103,refined_winner_pdel0.00,0.08,0.02,0.02,0.0,0.0,0,-1.0,3.0,17.126622073558153,0.4400956269350901,0.4195121951219512,0.8181818181818182,1.0,0.15132900317822276,4.0,4.0,0.0,0.0,0.0,0.1474936763906478,0.0,0.17957501157978917,8.0,4.0,1.0,0.0,2.0,1.096857131064786
toy_cycle8,104,refined_winner_pdel0.00,0.08,0.02,0.02,0.0,0.0,0,-1.0,2.0,18.325229723129112,0.7671651180185396,0.7636363636363637,0.7575757575757576,1.0,0.11747618527889256,0.0,0.0,0.0,0.0,0.0,0.0,0.0,0.0,8.0,4.0,1.0,0.0,2.0,1.096857131064786
toy_cycle8,105,refined_winner_pdel0.00,0.08,0.02,0.02,0.0,0.0,0,-1.0,3.0,16.31158118021592,0.29541658934660997,0.29545454545454547,0.8709677419354839,1.0,0.16325318323741697,8.0,0.0,0.0,0.0,0.0,0.07907900045840055,0.0,0.22819191123950344,8.0,4.0,1.0,0.0,2.0,1.096857131064786
natural24,101,refined_winner_pdel0.00,0.08,0.02,0.02,0.0,0.0,0,-1.0,3.0,51.44248936168639,0.3251861931998378,0.32515337423312884,0.44,1.0,0.276435134104426,6.0,10.0,0.0,0.0,0.0,0.017070159555838682,0.0,0.07398157407229378,26.0,8.0,1.0,0.0,2.6237013224059,1.6473098575341685
natural24,102,refined_winner_pdel0.00,0.08,0.02,0.02,0.0,0.0,0,-1.0,4.0,64.70726600008368,0.5609387221387847,0.514792899408284,0.30357142857142855,1.0,0.477891633847469,6.0,15.0,0.0,0.0,1.0,0.13803057424109788,0.04670138888888888,0.012960658946091552,32.0,6.0,3.0,2.0,3.447641427497026,2.5464416979494686
natural24,103,refined_winner_pdel0.00,0.08,0.02,0.02,0.0,0.0,0,-1.0,6.0,129.6039146385701,0.15064157518385274,0.18382352941176472,0.275,1.0,0.2700688734110945,6.0,15.0,0.0,0.0,0.0,0.011527364332003742,0.0,0.06453732423674374,45.0,2.0,2.0,1.0,3.4244254690327125,2.369079584024607
natural24,104,refined_winner_pdel0.00,0.08,0.02,0.02,0.0,0.0,0,-1.0,4.0,79.2451613398113,0.368724721967988,0.40828402366863903,0.4666666666666667,1.0,0.2925562744751971,12.0,8.0,0.0,0.0,0.0,0.07666543156513983,0.0,0.09637640547543924,34.0,3.0,2.0,0.0,3.266229954316078,2.459436714585571
natural24,105,refined_winner_pdel0.00,0.08,0.02,0.02,0.0,0.0,0,-1.0,4.0,63.74207248423273,0.272685677140247,0.2711864406779661,0.28,1.0,0.2823428859780606,8.0,12.0,0.0,0.0,0.0,0.2803398786467115,0.0,0.028154312398827486,29.0,4.0,2.0,0.0,3.0576180360933045,2.3651992796878725
natural48,101,refined_winner_pdel0.00,0.08,0.02,0.02,0.0,0.0,0,-1.0,5.0,132.74689456714358,0.5913865494186409,0.5531914893617021,0.4888888888888889,1.0,0.5762928958836209,6.0,7.0,0.0,0.0,0.0,0.05944771336135535,0.001029159519725556,0.009379844265559267,53.0,10.0,7.0,4.0,4.145887947686547,2.952517029425239
natural48,102,refined_winner_pdel0.00,0.08,0.02,0.02,0.0,0.0,0,-1.0,4.0,136.42891414645527,0.7608914464743255,0.7412935323383084,0.7666666666666667,1.0,0.7562941682187057,1.0,6.0,0.0,1.0,1.0,0.01630583718699441,0.025831087151841903,0.14949047341747645,53.0,12.0,13.0,13.0,4.3344201912397295,2.320558330419931
natural48,103,refined_winner_pdel0.00,0.08,0.02,0.02,0.0,0.0,0,-1.0,5.0,163.68388354802147,0.7963072225483525,0.7535545023696683,0.6730769230769231,1.0,0.653447109795294,2.0,3.0,0.0,0.0,1.0,0.05132298880198061,0.008022437332782156,0.0015567846968220778,58.0,8.0,10.0,8.0,4.25628009890024,3.0098543544915417
natural48,104,refined_winner_pdel0.00,0.08,0.02,0.02,0.0,0.0,0,-1.0,4.0,121.57234812321862,0.8218411229737691,0.7954545454545454,0.92,1.0,0.9327399564206507,2.0,0.0,0.0,0.0,2.0,0.09926491323406061,0.02961904761904762,0.03590064540890303,49.0,24.0,10.0,5.0,3.890674850160077,2.4612490891036085
natural48,105,refined_winner_pdel0.00,0.08,0.02,0.02,0.0,0.0,0,-1.0,6.0,109.87629045539249,0.43787452125702264,0.45549738219895286,0.4788732394366197,1.0,0.9733183244971777,12.0,7.0,0.0,0.0,2.0,0.07604119091684325,0.02892011834319526,0.008805487387497646,52.0,12.0,8.0,5.0,4.217988168411378,3.2843759802351147
natural_jitter,101,refined_winner_pdel0.00,0.08,0.02,0.02,0.0,0.0,0,-1.0,4.0,112.0465766343414,0.49024137789789923,0.4834123222748815,0.5081967213114754,1.0,0.4361246991615345,8.0,2.0,0.0,0.0,1.0,0.0930287737040909,0.009759759759759762,0.12267237725133207,37.0,7.0,3.0,2.0,3.647122786241368,2.640672306896578
natural_jitter,102,refined_winner_pdel0.00,0.08,0.02,0.02,0.0,0.0,0,-1.0,3.0,100.86935106462616,0.9152405531223098,0.9318181818181818,0.9701492537313433,1.0,0.42470074046897843,4.0,0.0,0.0,0.0,1.0,0.08114824804747833,0.031511544011544004,0.07492251781154735,44.0,15.0,12.0,8.0,4.710923791321034,2.9635136790884538
natural_jitter,103,refined_winner_pdel0.00,0.08,0.02,0.02,0.0,0.0,0,-1.0,2.0,101.23302175078277,0.908422641585733,0.9174311926605505,0.8837209302325582,1.0,0.3265979235465375,2.0,1.0,0.0,0.0,0.0,0.006759303207108935,0.0,0.045667527002175134,44.0,12.0,7.0,4.0,4.0149994395325495,2.7164687191751016
natural_jitter,104,refined_winner_pdel0.00,0.08,0.02,0.02,0.0,0.0,0,-1.0,4.0,95.5730400998145,0.4817044181677801,0.44761904761904764,0.48214285714285715,1.0,0.40943268033977737,4.0,1.0,0.0,0.0,1.0,0.02184199338087378,0.037037037037037035,0.051154763404531955,36.0,5.0,4.0,3.0,3.1331209922810506,2.0036064720561657
natural_jitter,105,refined_winner_pdel0.00,0.08,0.02,0.02,0.0,0.0,0,-1.0,4.0,92.99606491836606,0.33673146178722374,0.2766990291262136,0.4,1.0,0.291390710302109,12.0,3.0,0.0,0.0,0.0,0.02186884526989985,0.00043290043290043073,0.017222968001880723,43.0,6.0,4.0,2.0,3.1932418807283804,2.183407339798025
toy_cycle8,101,refined_winner_pdel0.01,0.08,0.02,0.02,0.0,0.01,0,-1.0,3.0,15.299657134597426,0.26519824691689614,0.2914572864321608,0.625,1.0,0.17610373994429987,8.0,5.0,0.0,0.0,1.0,0.519820403745026,0.17916666666666667,0.1911721431469917,8.0,4.0,1.0,0.0,2.0,1.096857131064786
toy_cycle8,102,refined_winner_pdel0.01,0.08,0.02,0.02,0.0,0.01,0,-1.0,3.0,14.918101211808047,0.22556056115572753,0.25287356321839083,0.2608695652173913,0.875,0.23080138611795697,3.0,10.0,1.0,0.0,0.0,0.01152689141802865,0.0,0.0319723348314469,8.0,4.0,1.0,0.0,2.0,1.096857131064786
toy_cycle8,103,refined_winner_pdel0.01,0.08,0.02,0.02,0.0,0.01,0,-1.0,5.0,18.17232512931619,0.473684219421404,0.4790697674418605,0.625,0.7777777777777778,0.3027189398113413,7.0,4.0,2.0,1.0,0.0,0.14328151082907992,0.0,0.07665327988563209,8.0,4.0,1.0,0.0,2.0,1.096857131064786
toy_cycle8,104,refined_winner_pdel0.01,0.08,0.02,0.02,0.0,0.01,0,-1.0,3.0,18.873930338102138,0.4373922096990442,0.423963133640553,0.5161290322580645,0.875,0.16214611586807845,5.0,1.0,1.0,0.0,0.0,0.0374018745060718,0.0,0.13034821099082994,8.0,4.0,1.0,0.0,2.0,1.096857131064786
toy_cycle8,105,refined_winner_pdel0.01,0.08,0.02,0.02,0.0,0.01,0,-1.0,3.0,17.47291663685581,0.2839879144244364,0.25365853658536586,0.5161290322580645,0.875,0.14524339083685323,7.0,5.0,1.0,0.0,0.0,0.1557883085032319,0.0,0.35564741005712186,8.0,4.0,1.0,0.0,2.0,1.096857131064786
natural24,101,refined_winner_pdel0.01,0.08,0.02,0.02,0.0,0.01,0,-1.0,3.0,50.80219006437638,0.27270334848790717,0.24404761904761904,0.4,1.0,0.6147812183245176,10.0,10.0,0.0,1.0,0.0,0.4382799262965906,0.0,0.395563171823444,26.0,8.0,1.0,0.0,2.6237013224059,1.6473098575341685
natural24,102,refined_winner_pdel0.01,0.08,0.02,0.02,0.0,0.01,0,-1.0,4.0,64.87061409482064,0.5183140257872344,0.48255813953488375,0.3148148148148148,1.0,0.493740562483083,11.0,15.0,0.0,1.0,0.0,0.12996891599978344,0.0,0.08668825090131582,32.0,6.0,3.0,2.0,3.447641427497026,2.5464416979494686
natural24,103,refined_winner_pdel0.01,0.08,0.02,0.02,0.0,0.01,0,-1.0,5.0,129.78886377024668,0.1329946625197151,0.13259668508287292,0.23404255319148937,0.9777777777777777,0.27561271111369096,4.0,4.0,1.0,0.0,0.0,0.11489050797599631,0.0007267115600448903,0.029592631682969106,45.0,2.0,2.0,1.0,3.4244254690327125,2.369079584024607
natural24,104,refined_winner_pdel0.01,0.08,0.02,0.02,0.0,0.01,0,-1.0,4.0,78.14149058649056,0.5452919900539783,0.5913461538461539,0.46,1.0,0.34046606729985246,4.0,1.0,0.0,0.0,0.0,0.025403503521536752,0.0,0.031647581266054825,34.0,3.0,2.0,0.0,3.266229954316078,2.459436714585571
natural24,105,refined_winner_pdel0.01,0.08,0.02,0.02,0.0,0.01,0,-1.0,6.0,64.587776994631,0.25666206431824684,0.23737373737373738,0.4090909090909091,1.0,0.415138868516914,12.0,4.0,0.0,0.0,1.0,0.32591222084314886,0.013333333333333332,0.09349637527608579,29.0,4.0,2.0,0.0,3.0576180360933045,2.3651992796878725
natural48,101,refined_winner_pdel0.01,0.08,0.02,0.02,0.0,0.01,0,-1.0,4.0,131.42026439511514,0.543986011396623,0.5283018867924528,0.4782608695652174,1.0,0.6535645836284258,6.0,2.0,0.0,0.0,0.0,0.1275015552103067,0.00027195027195027477,0.046649489765252294,53.0,10.0,7.0,4.0,4.145887947686547,2.952517029425239
natural48,102,refined_winner_pdel0.01,0.08,0.02,0.02,0.0,0.01,0,-1.0,4.0,136.7278103587404,0.7534712547449683,0.7571428571428571,0.6060606060606061,1.0,0.4665793839645477,3.0,2.0,0.0,1.0,1.0,0.005517259267689312,0.026100628930817604,0.00770921627284471,53.0,12.0,13.0,13.0,4.3344201912397295,2.320558330419931
natural48,103,refined_winner_pdel0.01,0.08,0.02,0.02,0.0,0.01,0,-1.0,5.0,164.83667050418714,0.7722417245837789,0.7259615384615384,0.6122448979591837,0.9827586206896551,0.5010111509793616,6.0,5.0,1.0,1.0,2.0,0.11530576454041963,0.04359197970813216,0.10316412095329852,58.0,8.0,10.0,8.0,4.25628009890024,3.0098543544915417
natural48,104,refined_winner_pdel0.01,0.08,0.02,0.02,0.0,0.01,0,-1.0,4.0,121.66386755402029,0.815074172223062,0.772093023255814,0.8904109589041096,1.0,1.096020705423252,3.0,2.0,0.0,0.0,2.0,0.1192950574297349,0.016047619047619047,0.6889167016999203,49.0,24.0,10.0,5.0,3.890674850160077,2.4612490891036085
natural48,105,refined_winner_pdel0.01,0.08,0.02,0.02,0.0,0.01,0,-1.0,2.0,109.6186745617077,0.9107487482455434,0.9136363636363637,0.9117647058823529,1.0,0.37649067929775853,4.0,0.0,0.0,0.0,1.0,0.16411252455391034,0.020701520701520704,0.12486838770915965,52.0,12.0,8.0,5.0,4.217988168411378,3.2843759802351147
natural_jitter,101,refined_winner_pdel0.01,0.08,0.02,0.02,0.0,0.01,0,-1.0,3.0,111.29733636534722,0.4181155049416699,0.4,0.3235294117647059,1.0,0.3557058831932792,6.0,8.0,0.0,0.0,1.0,0.0598905826802838,0.00821730821730822,0.01433365742777104,37.0,7.0,3.0,2.0,3.647122786241368,2.640672306896578
natural_jitter,102,refined_winner_pdel0.01,0.08,0.02,0.02,0.0,0.01,0,-1.0,3.0,101.81976716246092,0.8432149790626603,0.8940092165898618,0.8888888888888888,0.9772727272727273,0.499481348939041,7.0,1.0,1.0,0.0,1.0,0.0034249091612670313,0.02365988486495886,0.1610179606659674,44.0,15.0,12.0,8.0,4.710923791321034,2.9635136790884538
natural_jitter,103,refined_winner_pdel0.01,0.08,0.02,0.02,0.0,0.01,0,-1.0,5.0,100.7105309472854,0.7865806342855076,0.7738693467336684,0.6666666666666666,1.0,0.7814763496168143,4.0,8.0,0.0,0.0,1.0,0.07962947743219306,0.00984848484848485,0.008716735831651334,44.0,12.0,7.0,4.0,4.0149994395325495,2.7164687191751016
natural_jitter,104,refined_winner_pdel0.01,0.08,0.02,0.02,0.0,0.01,0,-1.0,3.0,94.52956229345855,0.5883903799054462,0.5694444444444444,0.6101694915254238,0.9736842105263158,0.3575261800606642,7.0,1.0,1.0,0.0,1.0,0.011500007742021978,0.04153627311522049,0.01357581676298203,36.0,5.0,4.0,3.0,3.1331209922810506,2.0036064720561657
natural_jitter,105,refined_winner_pdel0.01,0.08,0.02,0.02,0.0,0.01,0,-1.0,5.0,92.88442154302642,0.38847380932823744,0.3951219512195122,0.5476190476190477,1.0,0.3315318270027062,8.0,3.0,0.0,0.0,1.0,0.05225463604436076,0.012403100775193798,0.03494032147139192,43.0,6.0,4.0,2.0,3.1932418807283804,2.183407339798025
toy_cycle8,101,refined_winner_pdel0.02,0.08,0.02,0.02,0.0,0.02,0,-1.0,2.0,14.182806402729291,0.245035701897136,0.2538860103626943,0.5641025641025641,0.75,0.1360572508162128,3.0,5.0,2.0,0.0,0.0,0.018326566911700315,0.0,0.613556660385352,8.0,4.0,1.0,0.0,2.0,1.096857131064786
toy_cycle8,102,refined_winner_pdel0.02,0.08,0.02,0.02,0.0,0.02,0,-1.0,3.0,15.142815111413574,0.20837618890733653,0.21341463414634146,0.375,0.625,0.18890167848750072,7.0,14.0,1.0,0.0,0.0,0.01929665232417177,0.0,0.059663142504042144,8.0,4.0,1.0,0.0,2.0,1.096857131064786
toy_cycle8,103,refined_winner_pdel0.02,0.08,0.02,0.02,0.0,0.02,0,-1.0,1.0,18.587611327938397,0.3027105822544035,0.3546511627906977,0.6296296296296297,0.875,0.09316396662885544,8.0,6.0,1.0,0.0,0.0,0.37195235134603943,0.0,0.5571825845623175,8.0,4.0,1.0,0.0,2.0,1.096857131064786
toy_cycle8,104,refined_winner_pdel0.02,0.08,0.02,0.02,0.0,0.02,0,-1.0,1.0,17.745115593419897,0.24117295474305703,0.2636363636363636,0.696969696969697,0.8571428571428571,0.0,3.0,0.0,1.0,0.0,0.0,0.11776547910096835,0.0,0.01654073802126621,8.0,4.0,1.0,0.0,2.0,1.096857131064786
toy_cycle8,105,refined_winner_pdel0.02,0.08,0.02,0.02,0.0,0.02,0,-1.0,3.0,18.727036046634403,0.28510430980867835,0.2488479262672811,0.6666666666666666,0.5,0.14419399789431753,6.0,1.0,2.0,0.0,0.0,0.45027830480336695,0.0,0.815679216232252,8.0,4.0,1.0,0.0,2.0,1.096857131064786
natural24,101,refined_winner_pdel0.02,0.08,0.02,0.02,0.0,0.02,0,-1.0,8.0,50.631822541946825,0.222739706778247,0.22580645161290322,0.40816326530612246,1.0,0.9806314908063158,5.0,11.0,0.0,1.0,0.0,0.30514934509840286,0.0,0.2776533262374503,26.0,8.0,1.0,0.0,2.6237013224059,1.6473098575341685
natural24,102,refined_winner_pdel0.02,0.08,0.02,0.02,0.0,0.02,0,-1.0,3.0,66.05896029357878,0.4084592675056247,0.3770491803278688,0.2711864406779661,1.0,0.27835018128280203,12.0,11.0,0.0,1.0,1.0,0.4456464905484525,0.01702508960573476,0.012019505016733323,32.0,6.0,3.0,2.0,3.447641427497026,2.5464416979494686
natural24,103,refined_winner_pdel0.02,0.08,0.02,0.02,0.0,0.02,0,-1.0,6.0,131.74895256842657,0.3246795679831069,0.34065934065934067,0.48484848484848486,0.9545454545454546,0.2744098648278536,10.0,5.0,2.0,0.0,0.0,0.18527453618180756,0.0014189514189514169,0.22850994262861724,45.0,2.0,2.0,1.0,3.4244254690327125,2.369079584024607
natural24,104,refined_winner_pdel0.02,0.08,0.02,0.02,0.0,0.02,0,-1.0,4.0,75.76126797343919,0.21635496681602445,0.22162162162162163,0.1518987341772152,1.0,0.4341189635758179,8.0,7.0,0.0,0.0,0.0,0.044221628516164735,0.0,0.09749084797343155,34.0,3.0,2.0,0.0,3.266229954316078,2.459436714585571
natural24,105,refined_winner_pdel0.02,0.08,0.02,0.02,0.0,0.02,0,-1.0,3.0,64.32285445901142,0.6698510915434358,0.6886792452830188,0.6976744186046512,1.0,0.1862806763834198,11.0,3.0,0.0,1.0,0.0,0.14238241207406732,0.0,0.282753079211463,29.0,4.0,2.0,0.0,3.0576180360933045,2.3651992796878725
natural48,101,refined_winner_pdel0.02,0.08,0.02,0.02,0.0,0.02,0,-1.0,3.0,132.82401523471418,0.6163890018512281,0.6372093023255814,0.5901639344262295,0.9811320754716981,0.4384855223767213,9.0,1.0,1.0,0.0,0.0,0.1980940212197413,0.023813555417329005,0.8638548240156507,53.0,10.0,7.0,4.0,4.145887947686547,2.952517029425239
natural48,102,refined_winner_pdel0.02,0.08,0.02,0.02,0.0,0.02,0,-1.0,9.0,135.92673428471278,0.4470543003185201,0.3815028901734104,0.33707865168539325,0.9811320754716981,1.4914910036579112,14.0,19.0,1.0,1.0,0.0,0.11453640216338101,0.0029536501234614654,0.31428074830797526,53.0,12.0,13.0,13.0,4.3344201912397295,2.320558330419931
natural48,103,refined_winner_pdel0.02,0.08,0.02,0.02,0.0,0.02,0,-1.0,6.0,164.33032516625096,0.5076716933196501,0.510989010989011,0.40384615384615385,1.0,0.6327175109688519,9.0,9.0,0.0,1.0,1.0,0.03210933762536694,0.028743095984475303,0.01893292714880257,58.0,8.0,10.0,8.0,4.25628009890024,3.0098543544915417
natural48,104,refined_winner_pdel0.02,0.08,0.02,0.02,0.0,0.02,0,-1.0,4.0,121.48550847842408,0.762819551991491,0.7238095238095238,0.8382352941176471,0.9795918367346939,1.3076958575784756,6.0,3.0,1.0,1.0,2.0,0.09148172938240196,0.005286925376211088,0.1538894353608753,49.0,24.0,10.0,5.0,3.890674850160077,2.4612490891036085
natural48,105,refined_winner_pdel0.02,0.08,0.02,0.02,0.0,0.02,0,-1.0,2.0,110.80723303751135,0.9629103956776892,0.9818181818181818,1.0,1.0,0.24358184523874937,2.0,0.0,0.0,0.0,1.0,0.08160804574449809,0.00825641025641026,0.0,52.0,12.0,8.0,5.0,4.217988168411378,3.2843759802351147
natural_jitter,101,refined_winner_pdel0.02,0.08,0.02,0.02,0.0,0.02,0,-1.0,5.0,110.08934516617406,0.2490650156571831,0.23484848484848486,0.22580645161290322,0.9444444444444444,0.5920085215491832,8.0,18.0,2.0,1.0,1.0,0.2766204398637018,0.0320832036518311,0.8698615112680235,37.0,7.0,3.0,2.0,3.647122786241368,2.640672306896578
natural_jitter,102,refined_winner_pdel0.02,0.08,0.02,0.02,0.0,0.02,0,-1.0,2.0,100.66804310939959,0.928934928161164,0.9318181818181818,0.9701492537313433,1.0,0.35030979955600655,4.0,0.0,0.0,0.0,2.0,0.06446170926510053,0.04933261183261183,0.0758877927863395,44.0,15.0,12.0,8.0,4.710923791321034,2.9635136790884538
natural_jitter,103,refined_winner_pdel0.02,0.08,0.02,0.02,0.0,0.02,0,-1.0,4.0,100.1942266601121,0.7719621957891776,0.7311320754716981,0.6792452830188679,0.9767441860465116,0.6739238953258752,4.0,3.0,1.0,1.0,1.0,0.026598625631399475,0.009127823081311437,0.06383998304947003,44.0,12.0,7.0,4.0,4.0149994395325495,2.7164687191751016
natural_jitter,104,refined_winner_pdel0.02,0.08,0.02,0.02,0.0,0.02,0,-1.0,9.0,96.47396748107586,0.48257636590334957,0.45754716981132076,0.5416666666666666,0.972972972972973,0.9303803352907489,8.0,0.0,1.0,0.0,1.0,0.08414049765203124,0.02014514514514515,0.7005679382853987,36.0,5.0,4.0,3.0,3.1331209922810506,2.0036064720561657
natural_jitter,105,refined_winner_pdel0.02,0.08,0.02,0.02,0.0,0.02,0,-1.0,7.0,93.35653920245507,0.32113000309242373,0.3160621761658031,0.5555555555555556,0.9772727272727273,0.49564161456223654,17.0,4.0,1.0,0.0,1.0,0.030341506381924788,0.028558844256518667,0.0002019653986278236,43.0,6.0,4.0,2.0,3.1932418807283804,2.183407339798025
toy_cycle8,101,refined_winner_pdel0.04,0.08,0.02,0.02,0.0,0.04,0,-1.0,0.0,14.791695158901396,0.1757966209474829,0.18041237113402062,0.6538461538461539,0.6666666666666666,0.0,4.0,5.0,2.0,0.0,0.0,0.4999999999997051,0.0,0.5577749961096581,8.0,4.0,1.0,0.0,2.0,1.096857131064786
toy_cycle8,102,refined_winner_pdel0.04,0.08,0.02,0.02,0.0,0.04,0,-1.0,1.0,18.37347446700449,0.25896957749086874,0.25380710659898476,0.38235294117647056,0.5,0.02862997054497762,7.0,5.0,4.0,0.0,0.0,0.3333333300219643,0.0,0.10875915218801303,8.0,4.0,1.0,0.0,2.0,1.096857131064786
toy_cycle8,103,refined_winner_pdel0.04,0.08,0.02,0.02,0.0,0.04,0,-1.0,2.0,24.06043291658416,0.2919270759107917,0.3090909090909091,0.875,0.8571428571428571,0.08511650970260758,5.0,0.0,1.0,0.0,0.0,0.10000000000029474,0.0,0.1197089612489256,8.0,4.0,1.0,0.0,2.0,1.096857131064786
toy_cycle8,104,refined_winner_pdel0.04,0.08,0.02,0.02,0.0,0.04,0,-1.0,4.0,17.249898683256607,0.2414638896456604,0.2641509433962264,0.59375,1.0,0.22014661744378028,4.0,1.0,0.0,0.0,0.0,0.007079258942771061,0.0,0.36915695306085505,8.0,4.0,1.0,0.0,2.0,1.096857131064786
toy_cycle8,105,refined_winner_pdel0.04,0.08,0.02,0.02,0.0,0.04,0,-1.0,1.0,16.066739714587328,0.1030170844930648,0.0851063829787234,0.25,0.375,0.0,4.0,5.0,5.0,0.0,0.0,0.33333333333333326,0.0,0.29002440583470135,8.0,4.0,1.0,0.0,2.0,1.096857131064786
natural24,101,refined_winner_pdel0.04,0.08,0.02,0.02,0.0,0.04,0,-1.0,2.0,50.93343104114434,0.24226492446032244,0.21142857142857144,0.4418604651162791,0.88,0.277260111338214,9.0,8.0,3.0,0.0,0.0,0.7054650945697827,0.0,1.0419932119502153,26.0,8.0,1.0,0.0,2.6237013224059,1.6473098575341685
natural24,102,refined_winner_pdel0.04,0.08,0.02,0.02,0.0,0.04,0,-1.0,4.0,67.17851523295923,0.6655334975563276,0.644808743169399,0.3770491803278688,0.9666666666666667,0.34006343899195957,10.0,14.0,1.0,0.0,0.0,0.015570121007420834,0.0,0.40787208989364654,32.0,6.0,3.0,2.0,3.447641427497026,2.5464416979494686
natural24,103,refined_winner_pdel0.04,0.08,0.02,0.02,0.0,0.04,0,-1.0,10.0,128.6786181855063,0.35902957508243905,0.375,0.5384615384615384,0.8723404255319149,0.6008172789696921,18.0,4.0,0.0,1.0,1.0,0.4503361851793195,0.02702020202020202,0.07717323526293995,45.0,2.0,2.0,1.0,3.4244254690327125,2.369079584024607
natural24,104,refined_winner_pdel0.04,0.08,0.02,0.02,0.0,0.04,0,-1.0,6.0,79.01561947439019,0.3605858086319832,0.3383838383838384,0.3617021276595745,0.9117647058823529,0.5526247216992061,14.0,4.0,1.0,1.0,0.0,0.03110297338379242,0.0,0.7804060622159481,34.0,3.0,2.0,0.0,3.266229954316078,2.459436714585571
natural24,105,refined_winner_pdel0.04,0.08,0.02,0.02,0.0,0.04,0,-1.0,3.0,64.9463660482663,0.6528655150441672,0.6545454545454545,0.7714285714285715,0.8620689655172413,0.1451643864983376,15.0,0.0,4.0,1.0,0.0,0.011571932517107975,0.0,0.5285654771115027,29.0,4.0,2.0,0.0,3.0576180360933045,2.3651992796878725
natural48,101,refined_winner_pdel0.04,0.08,0.02,0.02,0.0,0.04,0,-1.0,4.0,131.51663781536587,0.8053856289343498,0.7990654205607477,0.7169811320754716,1.0,0.6987686965122353,1.0,1.0,0.0,1.0,0.0,0.020487933851098372,0.0,0.16107555610258073,53.0,10.0,7.0,4.0,4.145887947686547,2.952517029425239
natural48,102,refined_winner_pdel0.04,0.08,0.02,0.02,0.0,0.04,0,-1.0,4.0,136.27673813335258,0.8478049616220573,0.8585858585858586,0.765625,1.0,0.6719618478132728,4.0,9.0,0.0,2.0,1.0,0.11617041064436506,0.03579209461562402,0.22794821224772654,53.0,12.0,13.0,13.0,4.3344201912397295,2.320558330419931
natural48,103,refined_winner_pdel0.04,0.08,0.02,0.02,0.0,0.04,0,-1.0,5.0,164.222473588068,0.7425288137746147,0.6995305164319249,0.6607142857142857,0.9464285714285714,0.5703947275219085,9.0,5.0,1.0,0.0,1.0,0.2545842643691416,0.01483121816455149,0.21956794581486472,58.0,8.0,10.0,8.0,4.25628009890024,3.0098543544915417
natural48,104,refined_winner_pdel0.04,0.08,0.02,0.02,0.0,0.04,0,-1.0,4.0,121.7366793570833,0.742254590364483,0.7247706422018348,0.8428571428571429,0.9791666666666666,0.9110359056413887,6.0,1.0,1.0,2.0,3.0,0.2933415187531785,0.047310874704491725,0.03639926629025503,49.0,24.0,10.0,5.0,3.890674850160077,2.4612490891036085
natural48,105,refined_winner_pdel0.04,0.08,0.02,0.02,0.0,0.04,0,-1.0,3.0,109.90161690514586,0.9322343558249219,0.9363636363636364,0.9402985074626866,1.0,0.4908195017480648,3.0,0.0,0.0,1.0,0.0,0.021218832338133264,0.0013333333333333253,0.1222989318166201,52.0,12.0,8.0,5.0,4.217988168411378,3.2843759802351147
natural_jitter,101,refined_winner_pdel0.04,0.08,0.02,0.02,0.0,0.04,0,-1.0,3.0,111.35629264038229,0.434389108912631,0.3862433862433862,0.3492063492063492,0.972972972972973,0.4022468759016273,10.0,9.0,1.0,2.0,1.0,0.8150941962218106,0.010030864197530864,0.7146246501272482,37.0,7.0,3.0,2.0,3.647122786241368,2.640672306896578
natural_jitter,102,refined_winner_pdel0.04,0.08,0.02,0.02,0.0,0.04,0,-1.0,3.0,101.62349012216836,0.8905932292840767,0.9308755760368663,0.953125,1.0,0.3950685286983884,4.0,1.0,0.0,0.0,1.0,0.054790149771191565,0.02129457843743557,0.21280217812108804,44.0,15.0,12.0,8.0,4.710923791321034,2.9635136790884538
natural_jitter,103,refined_winner_pdel0.04,0.08,0.02,0.02,0.0,0.04,0,-1.0,3.0,100.73808052154348,0.6872437971950225,0.6790697674418604,0.7301587301587301,0.9534883720930233,0.45697792834499934,5.0,1.0,2.0,1.0,0.0,0.09569058211112536,0.0024579315560597434,0.09871717089935261,44.0,12.0,7.0,4.0,4.0149994395325495,2.7164687191751016
natural_jitter,104,refined_winner_pdel0.04,0.08,0.02,0.02,0.0,0.04,0,-1.0,3.0,94.3436011386918,0.3462130007437907,0.34196891191709844,0.5918367346938775,0.9166666666666666,0.6913966969775394,16.0,2.0,1.0,1.0,0.0,0.02268600062519477,0.0011764705882352927,0.21971026325329768,36.0,5.0,4.0,3.0,3.1331209922810506,2.0036064720561657
natural_jitter,105,refined_winner_pdel0.04,0.08,0.02,0.02,0.0,0.04,0,-1.0,6.0,94.30691114418586,0.31828063539874696,0.3,0.5510204081632653,0.9302325581395349,0.3651708580966322,19.0,0.0,1.0,1.0,1.0,0.02780738499877966,0.016376306620209065,0.2273893519071204,43.0,6.0,4.0,2.0,3.1932418807283804,2.183407339798025
toy_cycle8,101,coarse_balanced_pdel0.00,0.02,0.02,0.02,0.0,0.0,0,-1.0,2.0,24.243947916029857,0.22428915489435697,0.22926829268292684,0.8181818181818182,1.0,0.042431735349297034,10.0,2.0,0.0,0.0,1.0,0.22893291002452187,0.15,0.32725991332524984,8.0,4.0,1.0,0.0,2.0,1.096857131064786
toy_cycle8,102,coarse_balanced_pdel0.00,0.02,0.02,0.02,0.0,0.0,0,-1.0,2.0,46.36648594666252,0.1606794776664445,0.15165876777251186,0.5384615384615384,1.0,0.019849019057150294,10.0,2.0,0.0,0.0,0.0,0.04602475484020285,0.0,0.3780433837557333,8.0,4.0,1.0,0.0,2.0,1.096857131064786
toy_cycle8,103,coarse_balanced_pdel0.00,0.02,0.02,0.02,0.0,0.0,0,-1.0,3.0,32.99805914719121,0.24620110540012785,0.25,1.0,1.0,0.0876817195667219,14.0,0.0,0.0,0.0,0.0,0.0908005249058852,0.0,0.018512705982282496,8.0,4.0,1.0,0.0,2.0,1.096857131064786
toy_cycle8,104,coarse_balanced_pdel0.00,0.02,0.02,0.02,0.0,0.0,0,-1.0,2.0,40.129032789539686,0.22862250875383303,0.25462962962962965,0.8888888888888888,1.0,0.0224739394333499,8.0,1.0,0.0,0.0,0.0,0.06010069499471982,0.0,0.04805764706748672,8.0,4.0,1.0,0.0,2.0,1.096857131064786
toy_cycle8,105,coarse_balanced_pdel0.00,0.02,0.02,0.02,0.0,0.0,0,-1.0,3.0,45.53572535367673,0.18299592099819373,0.17727272727272728,1.0,1.0,0.060787518764804746,14.0,0.0,0.0,0.0,0.0,0.08039099356057866,0.0,0.34371542988780157,8.0,4.0,1.0,0.0,2.0,1.096857131064786
natural24,101,coarse_balanced_pdel0.00,0.02,0.02,0.02,0.0,0.0,0,-1.0,3.0,61.54076144587571,0.5590828333619818,0.5636363636363636,0.5789473684210527,1.0,0.14324503274438158,4.0,0.0,0.0,0.0,0.0,0.013883602821611607,0.0,0.15339532829975466,26.0,8.0,1.0,0.0,2.6237013224059,1.6473098575341685
natural24,102,coarse_balanced_pdel0.00,0.02,0.02,0.02,0.0,0.0,0,-1.0,3.0,83.11695887880624,0.6693234865460078,0.591743119266055,0.9090909090909091,1.0,0.12119839005472897,8.0,1.0,0.0,0.0,1.0,0.04234218306083637,0.0505050505050505,0.0439951417146065,32.0,6.0,3.0,2.0,3.447641427497026,2.5464416979494686
natural24,103,coarse_balanced_pdel0.00,0.02,0.02,0.02,0.0,0.0,0,-1.0,6.0,169.0024477550567,0.2103858338583525,0.1925133689839572,0.375,0.9607843137254902,0.09234944511191184,16.0,1.0,0.0,0.0,1.0,0.3883896597539187,0.023777777777777776,0.22379150638296474,45.0,2.0,2.0,1.0,3.4244254690327125,2.369079584024607
natural24,104,coarse_balanced_pdel0.00,0.02,0.02,0.02,0.0,0.0,0,-1.0,5.0,87.06232976634,0.46351788864117777,0.4175257731958763,0.65,1.0,0.24657774767188634,6.0,3.0,0.0,0.0,0.0,0.06413176627754291,0.0,0.035791971496587305,34.0,3.0,2.0,0.0,3.266229954316078,2.459436714585571
natural24,105,coarse_balanced_pdel0.00,0.02,0.02,0.02,0.0,0.0,0,-1.0,3.0,82.23801573953699,0.4192054244783962,0.40454545454545454,0.8461538461538461,1.0,0.07300989271458638,6.0,0.0,0.0,0.0,0.0,0.11703867934689294,0.0,0.026528988107194618,29.0,4.0,2.0,0.0,3.0576180360933045,2.3651992796878725
natural48,101,coarse_balanced_pdel0.00,0.02,0.02,0.02,0.0,0.0,0,-1.0,4.0,139.57786439178264,0.7278893379047494,0.6954545454545454,0.6923076923076923,1.0,0.31238156950628243,6.0,0.0,0.0,0.0,1.0,0.01620637816869941,0.025576519916142564,0.13141978581713554,53.0,10.0,7.0,4.0,4.145887947686547,2.952517029425239
natural48,102,coarse_balanced_pdel0.00,0.02,0.02,0.02,0.0,0.0,0,-1.0,4.0,145.92130837039667,0.7433432006099306,0.7233009708737864,0.76,1.0,0.278730589004102,1.0,2.0,0.0,1.0,1.0,0.00783246486033562,0.025831087151841875,0.0,53.0,12.0,13.0,13.0,4.3344201912397295,2.320558330419931
natural48,103,coarse_balanced_pdel0.00,0.02,0.02,0.02,0.0,0.0,0,-1.0,4.0,170.1641937016257,0.839600936387133,0.8318181818181818,0.84,1.0,0.3158166847475896,2.0,0.0,0.0,0.0,1.0,0.05798442146057603,0.007872353635065499,0.0018445639904203226,58.0,8.0,10.0,8.0,4.25628009890024,3.0098543544915417
natural48,104,coarse_balanced_pdel0.00,0.02,0.02,0.02,0.0,0.0,0,-1.0,5.0,124.39598313049756,0.7511362868002796,0.7440758293838863,0.8974358974358975,1.0,0.9496765931366218,6.0,2.0,0.0,0.0,2.0,0.10938164954250684,0.0300952380952381,0.10447762183089315,49.0,24.0,10.0,5.0,3.890674850160077,2.4612490891036085
natural48,105,coarse_balanced_pdel0.00,0.02,0.02,0.02,0.0,0.0,0,-1.0,5.0,117.21600990118823,0.6699466790653963,0.6792452830188679,0.782608695652174,1.0,0.4056102586887296,6.0,1.0,0.0,0.0,1.0,0.09438932599397543,0.00793885601577908,0.14301463564597494,52.0,12.0,8.0,5.0,4.217988168411378,3.2843759802351147
natural_jitter,101,coarse_balanced_pdel0.00,0.02,0.02,0.02,0.0,0.0,0,-1.0,3.0,116.27685405769093,0.22145870422879196,0.2037037037037037,0.2692307692307692,0.9487179487179487,0.19221333621933656,8.0,11.0,0.0,0.0,0.0,0.1879820498306155,0.0038809144072301967,0.09320179688935637,37.0,7.0,3.0,2.0,3.647122786241368,2.640672306896578
natural_jitter,102,coarse_balanced_pdel0.00,0.02,0.02,0.02,0.0,0.0,0,-1.0,4.0,108.50569088435832,0.692595531896144,0.6930232558139535,0.7916666666666666,1.0,0.26573441145861315,4.0,1.0,0.0,0.0,0.0,0.017730232757037,0.01608290699199791,0.11101478653559926,44.0,15.0,12.0,8.0,4.710923791321034,2.9635136790884538
natural_jitter,103,coarse_balanced_pdel0.00,0.02,0.02,0.02,0.0,0.0,0,-1.0,4.0,105.19914789431418,0.6810695651929121,0.6859903381642513,0.8,1.0,0.3416046629862686,4.0,1.0,0.0,0.0,1.0,0.18156747249071037,0.014343434343434353,0.026042790752198286,44.0,12.0,7.0,4.0,4.0149994395325495,2.7164687191751016
natural_jitter,104,coarse_balanced_pdel0.00,0.02,0.02,0.02,0.0,0.0,0,-1.0,5.0,105.61805440499256,0.2857193852730358,0.2571428571428571,0.7083333333333334,1.0,0.23615837113604313,10.0,1.0,0.0,0.0,0.0,0.19523892990908243,0.0,0.14606236312481702,36.0,5.0,4.0,3.0,3.1331209922810506,2.0036064720561657
natural_jitter,105,coarse_balanced_pdel0.00,0.02,0.02,0.02,0.0,0.0,0,-1.0,4.0,104.32812248513123,0.28512978681510787,0.2909090909090909,1.0,1.0,0.12636933799615996,10.0,0.0,0.0,0.0,0.0,0.178557626769146,0.0010822510822510803,0.10758101964770406,43.0,6.0,4.0,2.0,3.1932418807283804,2.183407339798025
toy_cycle8,101,coarse_balanced_pdel0.01,0.02,0.02,0.02,0.0,0.01,0,-1.0,2.0,35.7072344722919,0.2386943431899751,0.22772277227722773,0.6666666666666666,0.8888888888888888,0.026616945018596423,6.0,2.0,1.0,0.0,0.0,0.11413872966968341,0.0,0.2696659590620236,8.0,4.0,1.0,0.0,2.0,1.096857131064786
toy_cycle8,102,coarse_balanced_pdel0.01,0.02,0.02,0.02,0.0,0.01,0,-1.0,2.0,40.79727571796011,0.25617615478006106,0.2857142857142857,0.2727272727272727,1.0,0.028850692825283752,6.0,4.0,0.0,0.0,0.0,0.31365003158309057,0.0,0.22035980422180734,8.0,4.0,1.0,0.0,2.0,1.096857131064786
toy_cycle8,103,coarse_balanced_pdel0.01,0.02,0.02,0.02,0.0,0.01,0,-1.0,4.0,30.645478011230516,0.30070298561373576,0.3269230769230769,0.7777777777777778,1.0,0.0822896471681795,8.0,2.0,0.0,1.0,0.0,0.5076557012187302,0.0,0.727809951705317,8.0,4.0,1.0,0.0,2.0,1.096857131064786
toy_cycle8,104,coarse_balanced_pdel0.01,0.02,0.02,0.02,0.0,0.01,0,-1.0,4.0,37.2058743050826,0.3468901889862777,0.31336405529953915,0.9,1.0,0.0776792620639323,5.0,1.0,0.0,0.0,0.0,0.042707040795542106,0.0,0.058718603008565795,8.0,4.0,1.0,0.0,2.0,1.096857131064786
toy_cycle8,105,coarse_balanced_pdel0.01,0.02,0.02,0.02,0.0,0.01,0,-1.0,4.0,32.065402416750764,0.12969422980584047,0.10454545454545454,0.4666666666666667,1.0,0.13144885971415815,13.0,0.0,0.0,1.0,0.0,0.06876098760949834,0.0,0.08279936298319912,8.0,4.0,1.0,0.0,2.0,1.096857131064786
natural24,101,coarse_balanced_pdel0.01,0.02,0.02,0.02,0.0,0.01,0,-1.0,3.0,58.51290475313307,0.30608031535703323,0.35,0.9047619047619048,1.0,0.17199633731490988,14.0,0.0,0.0,0.0,0.0,0.1291562773006274,0.0,0.22962515464873134,26.0,8.0,1.0,0.0,2.6237013224059,1.6473098575341685
natural24,102,coarse_balanced_pdel0.01,0.02,0.02,0.02,0.0,0.01,0,-1.0,3.0,82.5084023131546,0.6480333911354554,0.5779816513761468,0.6428571428571429,1.0,0.0981459172542971,6.0,1.0,0.0,0.0,0.0,0.23587854248331652,0.0054593554593554625,0.1654134605384261,32.0,6.0,3.0,2.0,3.447641427497026,2.5464416979494686
natural24,103,coarse_balanced_pdel0.01,0.02,0.02,0.02,0.0,0.01,0,-1.0,4.0,169.06849172236005,0.23467184908789387,0.23880597014925373,0.6666666666666666,1.0,0.09497131850913233,16.0,2.0,0.0,0.0,0.0,0.0007716634508385667,0.0,0.16427773504747178,45.0,2.0,2.0,1.0,3.4244254690327125,2.369079584024607
natural24,104,coarse_balanced_pdel0.01,0.02,0.02,0.02,0.0,0.01,0,-1.0,3.0,84.90001773581118,0.44581499287699367,0.44711538461538464,0.7083333333333334,1.0,0.16168780325643242,8.0,3.0,0.0,0.0,0.0,0.10335918468832883,0.0,0.06867685260286693,34.0,3.0,2.0,0.0,3.266229954316078,2.459436714585571
natural24,105,coarse_balanced_pdel0.01,0.02,0.02,0.02,0.0,0.01,0,-1.0,5.0,86.9238366621612,0.24687156274494457,0.23414634146341465,0.7692307692307693,0.9655172413793104,0.10419540536757413,9.0,1.0,1.0,2.0,0.0,0.41352822719106674,0.0,0.08776446193468646,29.0,4.0,2.0,0.0,3.0576180360933045,2.3651992796878725
natural48,101,coarse_balanced_pdel0.01,0.02,0.02,0.02,0.0,0.01,0,-1.0,6.0,138.4089689762745,0.5805049082947843,0.5660377358490566,0.5833333333333334,0.9807692307692307,0.3833674810037968,7.0,0.0,1.0,0.0,0.0,0.08120168184787069,0.0008434648140530424,0.12279126767357429,53.0,10.0,7.0,4.0,4.145887947686547,2.952517029425239
natural48,102,coarse_balanced_pdel0.01,0.02,0.02,0.02,0.0,0.01,0,-1.0,4.0,142.92465594053016,0.8538397818216461,0.8428571428571429,0.8076923076923077,1.0,0.3064218079046843,1.0,1.0,0.0,1.0,1.0,0.006069282853989222,0.026327838827838845,0.006368275464554873,53.0,12.0,13.0,13.0,4.3344201912397295,2.320558330419931
natural48,103,coarse_balanced_pdel0.01,0.02,0.02,0.02,0.0,0.01,0,-1.0,3.0,170.0110285656724,0.8120757214741479,0.8,0.8461538461538461,1.0,0.23211540810194944,5.0,0.0,0.0,0.0,0.0,0.0630689842309975,0.0002218120862188394,0.16469846682571765,58.0,8.0,10.0,8.0,4.25628009890024,3.0098543544915417
natural48,104,coarse_balanced_pdel0.01,0.02,0.02,0.02,0.0,0.01,0,-1.0,1.0,125.06645581622563,0.8264307156143532,0.8318181818181818,0.9512195121951219,1.0,0.1234527103246307,4.0,0.0,0.0,2.0,2.0,0.2908065672824627,0.015937803692905733,0.05118411344646079,49.0,24.0,10.0,5.0,3.890674850160077,2.4612490891036085
natural48,105,coarse_balanced_pdel0.01,0.02,0.02,0.02,0.0,0.01,0,-1.0,4.0,117.63939785054994,0.8284213532752216,0.8511627906976744,0.782608695652174,1.0,0.3247223088304971,4.0,1.0,0.0,0.0,0.0,0.1389103892222847,0.030038357868546542,0.03951447916598827,52.0,12.0,8.0,5.0,4.217988168411378,3.2843759802351147
natural_jitter,101,coarse_balanced_pdel0.01,0.02,0.02,0.02,0.0,0.01,0,-1.0,4.0,114.4136002492091,0.1990173525759334,0.18518518518518517,0.3333333333333333,0.9487179487179487,0.2874703794957675,12.0,8.0,0.0,0.0,1.0,0.12017294426019598,0.00975544922913344,0.022386528822009755,37.0,7.0,3.0,2.0,3.647122786241368,2.640672306896578
natural_jitter,102,coarse_balanced_pdel0.01,0.02,0.02,0.02,0.0,0.01,0,-1.0,4.0,107.55405855223833,0.8254679869889704,0.8388625592417062,0.96,0.9767441860465116,0.2951798198009804,3.0,1.0,1.0,0.0,1.0,0.036654293647469416,0.021125908667436882,0.10395041249650605,44.0,15.0,12.0,8.0,4.710923791321034,2.9635136790884538
natural_jitter,103,coarse_balanced_pdel0.01,0.02,0.02,0.02,0.0,0.01,0,-1.0,3.0,104.32485141687948,0.8900064580749631,0.8818181818181818,1.0,1.0,0.3290404259435759,2.0,0.0,0.0,0.0,1.0,0.0475619270939025,0.009415584415584415,0.04580956610423703,44.0,12.0,7.0,4.0,4.0149994395325495,2.7164687191751016
natural_jitter,104,coarse_balanced_pdel0.01,0.02,0.02,0.02,0.0,0.01,0,-1.0,4.0,103.59724558243981,0.24728327681890686,0.215,0.5,0.9722222222222222,0.24451241893085157,16.0,0.0,1.0,1.0,1.0,0.17895158365397457,0.037936507936507935,0.08533861284395328,36.0,5.0,4.0,3.0,3.1331209922810506,2.0036064720561657
natural_jitter,105,coarse_balanced_pdel0.01,0.02,0.02,0.02,0.0,0.01,0,-1.0,5.0,100.34627423001726,0.39299512368846184,0.3130841121495327,0.6470588235294118,0.9767441860465116,0.20034837334083744,9.0,0.0,1.0,0.0,1.0,0.13676378054955318,0.026448874123292727,0.012537155131917999,43.0,6.0,4.0,2.0,3.1932418807283804,2.183407339798025
toy_cycle8,101,coarse_balanced_pdel0.02,0.02,0.02,0.02,0.0,0.02,0,-1.0,1.0,30.417809450749022,0.4347951255444178,0.42790697674418604,0.6363636363636364,0.8,0.044784903954907335,5.0,2.0,2.0,0.0,0.0,0.0693351524677559,0.0,0.09133002421557934,8.0,4.0,1.0,0.0,2.0,1.096857131064786
toy_cycle8,102,coarse_balanced_pdel0.02,0.02,0.02,0.02,0.0,0.02,0,-1.0,1.0,30.474189286128222,0.3213056845460096,0.34054054054054056,0.5555555555555556,0.7777777777777778,0.012592657140958852,11.0,6.0,0.0,0.0,0.0,0.1945364170422883,0.0,0.03816143340751965,8.0,4.0,1.0,0.0,2.0,1.096857131064786
toy_cycle8,103,coarse_balanced_pdel0.02,0.02,0.02,0.02,0.0,0.02,0,-1.0,2.0,34.28408477805673,0.18429641193764001,0.21025641025641026,0.7,0.7777777777777778,0.05300619025549612,8.0,1.0,2.0,0.0,0.0,0.10920868102622161,0.0,0.31346590039947286,8.0,4.0,1.0,0.0,2.0,1.096857131064786
toy_cycle8,104,coarse_balanced_pdel0.02,0.02,0.02,0.02,0.0,0.02,0,-1.0,3.0,32.01899058207227,0.4578510852903506,0.41148325358851673,0.8461538461538461,1.0,0.10463057046562871,3.0,2.0,0.0,0.0,0.0,0.042012262805393163,0.0,0.310209462616194,8.0,4.0,1.0,0.0,2.0,1.096857131064786
toy_cycle8,105,coarse_balanced_pdel0.02,0.02,0.02,0.02,0.0,0.02,0,-1.0,2.0,51.25317525242052,0.13467366441002526,0.11917098445595854,0.5,0.5555555555555556,0.02890884830570862,10.0,1.0,2.0,0.0,0.0,0.32341615454756,0.0,0.403202827005845,8.0,4.0,1.0,0.0,2.0,1.096857131064786
natural24,101,coarse_balanced_pdel0.02,0.02,0.02,0.02,0.0,0.02,0,-1.0,2.0,57.17247661298759,0.3462523891545627,0.3627906976744186,0.5666666666666667,0.9259259259259259,0.13587864319500628,15.0,1.0,0.0,1.0,0.0,0.402623166395887,0.0,0.518997020952764,26.0,8.0,1.0,0.0,2.6237013224059,1.6473098575341685
natural24,102,coarse_balanced_pdel0.02,0.02,0.02,0.02,0.0,0.02,0,-1.0,3.0,77.23145275677608,0.6047707711121708,0.591743119266055,0.7222222222222222,1.0,0.12807392807786488,8.0,1.0,0.0,0.0,0.0,0.06699227882821379,0.0,0.13206191101249232,32.0,6.0,3.0,2.0,3.447641427497026,2.5464416979494686
natural24,103,coarse_balanced_pdel0.02,0.02,0.02,0.02,0.0,0.02,0,-1.0,6.0,163.8000757717705,0.23111197650467813,0.225,0.35714285714285715,0.9591836734693877,0.1054571186730631,14.0,3.0,0.0,0.0,0.0,0.08373335516435132,0.013773148148148149,0.030379924789932122,45.0,2.0,2.0,1.0,3.4244254690327125,2.369079584024607
natural24,104,coarse_balanced_pdel0.02,0.02,0.02,0.02,0.0,0.02,0,-1.0,4.0,98.4983075767206,0.40829222113849817,0.3872549019607843,0.7333333333333333,0.9705882352941176,0.14067004815145212,10.0,2.0,1.0,1.0,0.0,0.545904308637589,0.0,0.09520077734226229,34.0,3.0,2.0,0.0,3.266229954316078,2.459436714585571
natural24,105,coarse_balanced_pdel0.02,0.02,0.02,0.02,0.0,0.02,0,-1.0,4.0,77.35046603787156,0.48005732601337353,0.4772727272727273,0.7333333333333333,0.896551724137931,0.11210097298064768,10.0,0.0,1.0,1.0,0.0,0.47855685762732714,0.0,0.3333458645152698,29.0,4.0,2.0,0.0,3.0576180360933045,2.3651992796878725
natural48,101,coarse_balanced_pdel0.02,0.02,0.02,0.02,0.0,0.02,0,-1.0,3.0,138.39846733573,0.650306719375021,0.6559633027522935,0.72,1.0,0.18015098566231558,6.0,1.0,0.0,0.0,1.0,0.03305652518246216,0.02138364779874214,0.002260059862758901,53.0,10.0,7.0,4.0,4.145887947686547,2.952517029425239
natural48,102,coarse_balanced_pdel0.02,0.02,0.02,0.02,0.0,0.02,0,-1.0,6.0,142.89624580939312,0.8943529332870332,0.92018779342723,0.8888888888888888,1.0,0.4273065842269077,1.0,1.0,0.0,1.0,1.0,0.0013562288832797975,0.03840970350404313,0.0,53.0,12.0,13.0,13.0,4.3344201912397295,2.320558330419931
natural48,103,coarse_balanced_pdel0.02,0.02,0.02,0.02,0.0,0.02,0,-1.0,3.0,168.77435058524335,0.8271885566774613,0.85,0.7777777777777778,1.0,0.08989485854219283,3.0,0.0,0.0,1.0,1.0,0.11861745882214425,0.006448149551597823,0.10837308753398522,58.0,8.0,10.0,8.0,4.25628009890024,3.0098543544915417
natural48,104,coarse_balanced_pdel0.02,0.02,0.02,0.02,0.0,0.02,0,-1.0,5.0,124.15750145307922,0.7429336940762487,0.7363636363636363,0.9473684210526315,1.0,0.7966915760717537,7.0,0.0,0.0,0.0,2.0,0.05063766029878769,0.04457142857142857,0.05829114635699195,49.0,24.0,10.0,5.0,3.890674850160077,2.4612490891036085
natural48,105,coarse_balanced_pdel0.02,0.02,0.02,0.02,0.0,0.02,0,-1.0,2.0,119.50705975690312,0.9431458282902826,0.9590909090909091,1.0,1.0,0.17912432464635145,4.0,0.0,0.0,0.0,1.0,0.07817367982283319,0.007429677240997995,0.008267134153815636,52.0,12.0,8.0,5.0,4.217988168411378,3.2843759802351147
natural_jitter,101,coarse_balanced_pdel0.02,0.02,0.02,0.02,0.0,0.02,0,-1.0,5.0,117.43613610201591,0.23936569797887594,0.23469387755102042,0.3181818181818182,0.8947368421052632,0.2561790164582761,13.0,13.0,2.0,1.0,0.0,0.17937220671003518,0.005546362689219831,0.3922598747739081,37.0,7.0,3.0,2.0,3.647122786241368,2.640672306896578
natural_jitter,102,coarse_balanced_pdel0.02,0.02,0.02,0.02,0.0,0.02,0,-1.0,3.0,105.65480907277048,0.5813185747689616,0.541871921182266,0.7058823529411765,0.9767441860465116,0.24977085443183444,12.0,4.0,1.0,1.0,2.0,0.032270993852131724,0.0691007927718891,0.30870347724293845,44.0,15.0,12.0,8.0,4.710923791321034,2.9635136790884538
natural_jitter,103,coarse_balanced_pdel0.02,0.02,0.02,0.02,0.0,0.02,0,-1.0,4.0,105.64526807757079,0.7278597542130091,0.7064220183486238,0.95,0.9767441860465116,0.3768445652366982,8.0,1.0,1.0,1.0,0.0,0.02051463163355116,0.0013042943275501373,0.11142188443335677,44.0,12.0,7.0,4.0,4.0149994395325495,2.7164687191751016
natural_jitter,104,coarse_balanced_pdel0.02,0.02,0.02,0.02,0.0,0.02,0,-1.0,7.0,106.79255090952879,0.41247971303795106,0.4097560975609756,0.7368421052631579,0.9722222222222222,0.2654638031943138,8.0,1.0,1.0,0.0,1.0,1.104183230807004,0.014153439153439147,0.5159846506281871,36.0,5.0,4.0,3.0,3.1331209922810506,2.0036064720561657
natural_jitter,105,coarse_balanced_pdel0.02,0.02,0.02,0.02,0.0,0.02,0,-1.0,5.0,102.6345944594672,0.30455771858504804,0.26108374384236455,0.7857142857142857,0.9545454545454546,0.16850095988703964,21.0,1.0,0.0,0.0,1.0,0.1758417000123127,0.027131782945736427,0.09612796562097703,43.0,6.0,4.0,2.0,3.1932418807283804,2.183407339798025
toy_cycle8,101,coarse_balanced_pdel0.04,0.02,0.02,0.02,0.0,0.04,0,-1.0,1.0,29.46685128746113,0.2179945013453253,0.25,0.75,1.0,0.0123567620309543,8.0,3.0,0.0,0.0,0.0,0.418223237482757,0.0,0.43709847376990174,8.0,4.0,1.0,0.0,2.0,1.096857131064786
toy_cycle8,102,coarse_balanced_pdel0.04,0.02,0.02,0.02,0.0,0.04,0,-1.0,1.0,43.049433342082786,0.17859190995319044,0.18902439024390244,0.3333333333333333,0.25,0.0,5.0,4.0,2.0,0.0,0.0,0.0,0.0,0.0,8.0,4.0,1.0,0.0,2.0,1.096857131064786
toy_cycle8,103,coarse_balanced_pdel0.04,0.02,0.02,0.02,0.0,0.04,0,-1.0,1.0,45.72529094388561,0.2878435776942356,0.30454545454545456,1.0,0.5,0.013377939999329977,7.0,0.0,0.0,0.0,0.0,0.4999999999997051,0.0,0.37184999740643865,8.0,4.0,1.0,0.0,2.0,1.096857131064786
toy_cycle8,104,coarse_balanced_pdel0.04,0.02,0.02,0.02,0.0,0.04,0,-1.0,1.0,31.171849168904583,0.1096129990557024,0.11363636363636363,0.7777777777777778,0.6,0.0,8.0,0.0,2.0,0.0,0.0,0.28443215900123975,0.0,0.2009775663547598,8.0,4.0,1.0,0.0,2.0,1.096857131064786
toy_cycle8,105,coarse_balanced_pdel0.04,0.02,0.02,0.02,0.0,0.04,0,-1.0,2.0,51.824522834367365,0.19284111507614018,0.16818181818181818,0.6666666666666666,0.5714285714285714,0.028545212966570196,7.0,0.0,1.0,0.0,0.0,0.5999999999999996,0.0,0.9831179173107286,8.0,4.0,1.0,0.0,2.0,1.096857131064786
natural24,101,coarse_balanced_pdel0.04,0.02,0.02,0.02,0.0,0.04,0,-1.0,2.0,57.76604312465237,0.28629335323050537,0.2616822429906542,0.42857142857142855,0.9047619047619048,0.09715397345195041,13.0,0.0,2.0,0.0,0.0,0.5645494382692386,0.0,0.47917103625848645,26.0,8.0,1.0,0.0,2.6237013224059,1.6473098575341685
natural24,102,coarse_balanced_pdel0.04,0.02,0.02,0.02,0.0,0.04,0,-1.0,2.0,81.40186869267727,0.6053187531695841,0.5395348837209303,0.7857142857142857,0.9375,0.0847025015898314,12.0,1.0,2.0,1.0,0.0,0.030286116709339783,0.008124999999999993,0.5056016387469122,32.0,6.0,3.0,2.0,3.447641427497026,2.5464416979494686
natural24,103,coarse_balanced_pdel0.04,0.02,0.02,0.02,0.0,0.04,0,-1.0,7.0,160.27828741212983,0.1556459249084249,0.15714285714285714,0.3333333333333333,0.8478260869565217,0.14149826582242891,21.0,4.0,5.0,1.0,1.0,0.3431777163328271,0.026419753086419754,0.5412304208404048,45.0,2.0,2.0,1.0,3.4244254690327125,2.369079584024607
natural24,104,coarse_balanced_pdel0.04,0.02,0.02,0.02,0.0,0.04,0,-1.0,5.0,96.92854465604347,0.25882775885870546,0.29245283018867924,0.3076923076923077,0.96875,0.14564688838692014,11.0,9.0,1.0,0.0,0.0,0.14721612477165946,0.0,0.08196368350853467,34.0,3.0,2.0,0.0,3.266229954316078,2.459436714585571
natural24,105,coarse_balanced_pdel0.04,0.02,0.02,0.02,0.0,0.04,0,-1.0,3.0,89.02232063521392,0.23411378811404732,0.19545454545454546,0.8181818181818182,0.7931034482758621,0.011336778815050765,23.0,0.0,0.0,1.0,0.0,0.1832722991143525,0.0,0.38752919780217754,29.0,4.0,2.0,0.0,3.0576180360933045,2.3651992796878725
natural48,101,coarse_balanced_pdel0.04,0.02,0.02,0.02,0.0,0.04,0,-1.0,2.0,141.68860913648092,0.614938711900719,0.6454545454545455,0.8666666666666667,1.0,0.07961216549601617,12.0,0.0,0.0,0.0,1.0,0.038514431580163766,0.022331154684095862,0.12106949221483987,53.0,10.0,7.0,4.0,4.145887947686547,2.952517029425239
natural48,102,coarse_balanced_pdel0.04,0.02,0.02,0.02,0.0,0.04,0,-1.0,6.0,143.69526001102489,0.8641000485586111,0.8502415458937198,0.76,0.9811320754716981,0.4823422473102906,6.0,2.0,1.0,3.0,4.0,0.525665132554844,0.07155054065431424,0.10609421871690206,53.0,12.0,13.0,13.0,4.3344201912397295,2.320558330419931
natural48,103,coarse_balanced_pdel0.04,0.02,0.02,0.02,0.0,0.04,0,-1.0,5.0,168.9741164528914,0.792493812395687,0.7545454545454545,0.6923076923076923,0.9827586206896551,0.42491241286042686,3.0,0.0,1.0,0.0,1.0,0.05390914954141923,0.0062840919918959876,0.13041743637424386,58.0,8.0,10.0,8.0,4.25628009890024,3.0098543544915417
natural48,104,coarse_balanced_pdel0.04,0.02,0.02,0.02,0.0,0.04,0,-1.0,8.0,125.14571564500596,0.8317283563022012,0.8194444444444444,0.9411764705882353,1.0,1.0248117155004794,4.0,0.0,0.0,2.0,1.0,0.4055891373913081,0.0069940476190476185,0.06055259641757882,49.0,24.0,10.0,5.0,3.890674850160077,2.4612490891036085
natural48,105,coarse_balanced_pdel0.04,0.02,0.02,0.02,0.0,0.04,0,-1.0,6.0,116.84304686746705,0.7864199955970709,0.772093023255814,0.7916666666666666,0.98,0.5012241950097928,10.0,1.0,1.0,2.0,2.0,0.2143278989150752,0.017036487322201616,0.8757866085916084,52.0,12.0,8.0,5.0,4.217988168411378,3.2843759802351147
natural_jitter,101,coarse_balanced_pdel0.04,0.02,0.02,0.02,0.0,0.04,0,-1.0,6.0,119.20661113097621,0.2384497494261468,0.23783783783783785,0.3333333333333333,0.972972972972973,0.38635351555551783,11.0,0.0,1.0,0.0,0.0,0.051968231998039904,0.0,0.0037209440430929774,37.0,7.0,3.0,2.0,3.647122786241368,2.640672306896578
natural_jitter,102,coarse_balanced_pdel0.04,0.02,0.02,0.02,0.0,0.04,0,-1.0,6.0,105.7628050336408,0.6659032490958325,0.703125,0.631578947368421,0.9761904761904762,0.6724027612729369,10.0,4.0,1.0,1.0,2.0,0.3498920898734781,0.03008083992404549,0.11613260333636743,44.0,15.0,12.0,8.0,4.710923791321034,2.9635136790884538
natural_jitter,103,coarse_balanced_pdel0.04,0.02,0.02,0.02,0.0,0.04,0,-1.0,4.0,105.65544946600961,0.5904742438095858,0.5893719806763285,0.7586206896551724,1.0,0.33803053454688126,9.0,3.0,0.0,3.0,2.0,0.41361768674885635,0.029700176366843037,0.026863918862889413,44.0,12.0,7.0,4.0,4.0149994395325495,2.7164687191751016
natural_jitter,104,coarse_balanced_pdel0.04,0.02,0.02,0.02,0.0,0.04,0,-1.0,3.0,105.44134019218755,0.31868481502487495,0.31683168316831684,0.8666666666666667,1.0,0.1780283185708529,17.0,2.0,0.0,1.0,1.0,0.4077655677567882,0.04,0.2941541108679697,36.0,5.0,4.0,3.0,3.1331209922810506,2.0036064720561657
natural_jitter,105,coarse_balanced_pdel0.04,0.02,0.02,0.02,0.0,0.04,0,-1.0,5.0,108.6435360026437,0.600418281607886,0.6272727272727273,0.8571428571428571,0.9767441860465116,0.14644776950369953,12.0,0.0,1.0,1.0,1.0,0.1319400213258386,0.03239202657807308,0.3787805076376298,43.0,6.0,4.0,2.0,3.1932418807283804,2.183407339798025
toy_cycle8,101,macro_stable_pdel0.00,0.02,0.05,0.02,0.0,0.0,0,-1.0,3.0,23.23086046048695,0.3347001899985375,0.3105022831050228,0.6666666666666666,1.0,0.10951847560912992,12.0,1.0,0.0,0.0,0.0,0.35510952650510497,0.0,0.23130156247689126,8.0,4.0,1.0,0.0,2.0,1.096857131064786
toy_cycle8,102,macro_stable_pdel0.00,0.02,0.05,0.02,0.0,0.0,0,-1.0,2.0,38.257536847050844,0.15942677804372285,0.14563106796116504,0.3125,0.8181818181818182,0.034807318834765566,16.0,1.0,0.0,0.0,0.0,0.2667369577439951,0.0,0.21501550744828157,8.0,4.0,1.0,0.0,2.0,1.096857131064786
toy_cycle8,103,macro_stable_pdel0.00,0.02,0.05,0.02,0.0,0.0,1,3.893951546436924,-1.0,3.893951546436924,0.9780832219251336,0.9863636363636363,1.0,1.0,0.0,0.0,0.0,0.0,0.0,0.0,0.0,0.0,0.0,8.0,4.0,1.0,0.0,2.0,1.096857131064786
toy_cycle8,104,macro_stable_pdel0.00,0.02,0.05,0.02,0.0,0.0,0,-1.0,3.0,46.05477754549428,0.1916417168443778,0.20574162679425836,0.4,1.0,0.03970683070446305,8.0,0.0,0.0,0.0,0.0,0.22421248133092186,0.0,0.06492187928857018,8.0,4.0,1.0,0.0,2.0,1.096857131064786
toy_cycle8,105,macro_stable_pdel0.00,0.02,0.05,0.02,0.0,0.0,0,-1.0,2.0,85.47026203637746,0.20260013848940023,0.174496644295302,0.3333333333333333,0.8,0.013513473336886182,12.0,2.0,0.0,0.0,0.0,0.32434610322294644,0.0,0.3807980949077152,8.0,4.0,1.0,0.0,2.0,1.096857131064786
natural24,101,macro_stable_pdel0.00,0.02,0.05,0.02,0.0,0.0,0,-1.0,2.0,57.55029935366661,0.42647294532646485,0.4377880184331797,0.625,1.0,0.13936040386901866,8.0,1.0,0.0,0.0,0.0,0.04175414915148501,0.0,0.0028318336282855405,26.0,8.0,1.0,0.0,2.6237013224059,1.6473098575341685
natural24,102,macro_stable_pdel0.00,0.02,0.05,0.02,0.0,0.0,0,-1.0,3.0,89.10303355994112,0.5926274058679777,0.5979381443298969,0.6,1.0,0.1116485419136056,6.0,4.0,0.0,0.0,0.0,0.012538025694114108,0.005050505050505069,0.04722168487161138,32.0,6.0,3.0,2.0,3.447641427497026,2.5464416979494686
natural24,103,macro_stable_pdel0.00,0.02,0.05,0.02,0.0,0.0,0,-1.0,6.0,152.1354294222512,0.17342760282404035,0.1631578947368421,0.3,0.9583333333333334,0.12269774153918453,10.0,1.0,0.0,0.0,0.0,0.002966529304451626,0.0,0.045045053730617735,45.0,2.0,2.0,1.0,3.4244254690327125,2.369079584024607
natural24,104,macro_stable_pdel0.00,0.02,0.05,0.02,0.0,0.0,0,-1.0,4.0,99.32295443630814,0.45999155032101946,0.5211267605633803,0.75,1.0,0.12944289540847273,8.0,2.0,0.0,0.0,0.0,0.026675815388544244,0.0,0.008906504595353582,34.0,3.0,2.0,0.0,3.266229954316078,2.459436714585571
natural24,105,macro_stable_pdel0.00,0.02,0.05,0.02,0.0,0.0,0,-1.0,4.0,84.32126132514199,0.3515826847499872,0.3515981735159817,0.5833333333333334,0.9375,0.10110300381677491,14.0,1.0,0.0,0.0,0.0,0.16109491388779107,0.0,0.10352345147668629,29.0,4.0,2.0,0.0,3.0576180360933045,2.3651992796878725
natural48,101,macro_stable_pdel0.00,0.02,0.05,0.02,0.0,0.0,0,-1.0,3.0,139.77230503177262,0.6876998761258275,0.6681818181818182,0.7142857142857143,1.0,0.265359146554025,6.0,0.0,0.0,0.0,0.0,0.002234353872689887,0.00022461814914645495,0.12796910449117016,53.0,10.0,7.0,4.0,4.145887947686547,2.952517029425239
natural48,102,macro_stable_pdel0.00,0.02,0.05,0.02,0.0,0.0,0,-1.0,5.0,142.50716079072188,0.7587974238581118,0.7114427860696517,0.8571428571428571,1.0,0.34039483826267464,5.0,4.0,0.0,1.0,1.0,0.0086005085627896,0.027717879604672035,0.03727317905784,53.0,12.0,13.0,13.0,4.3344201912397295,2.320558330419931
natural48,103,macro_stable_pdel0.00,0.02,0.05,0.02,0.0,0.0,0,-1.0,3.0,171.58752319747782,0.7503628599781075,0.7407407407407407,0.9444444444444444,1.0,0.2684058598387207,4.0,1.0,0.0,0.0,1.0,0.016395337388198428,0.007965480846836778,0.021974751780262203,58.0,8.0,10.0,8.0,4.25628009890024,3.0098543544915417
natural48,104,macro_stable_pdel0.00,0.02,0.05,0.02,0.0,0.0,0,-1.0,5.0,125.41047794525934,0.8587143552697994,0.8545454545454545,0.8918918918918919,1.0,0.5087200705888636,4.0,0.0,0.0,0.0,3.0,0.10620927136723957,0.0354875283446712,0.02411776174173852,49.0,24.0,10.0,5.0,3.890674850160077,2.4612490891036085
natural48,105,macro_stable_pdel0.00,0.02,0.05,0.02,0.0,0.0,0,-1.0,5.0,120.10372844025639,0.6723049073964239,0.6952380952380952,0.6875,0.9636363636363636,0.3239334945229327,10.0,1.0,0.0,0.0,1.0,0.10218444988582132,0.0072581739248406,0.14238080364363093,52.0,12.0,8.0,5.0,4.217988168411378,3.2843759802351147
natural_jitter,101,macro_stable_pdel0.00,0.02,0.05,0.02,0.0,0.0,0,-1.0,4.0,117.85140621084201,0.24038924055875052,0.22522522522522523,0.3181818181818182,0.9487179487179487,0.25906409885628207,8.0,9.0,0.0,0.0,1.0,0.13515556421015962,0.0059941520467836264,0.04078503628807395,37.0,7.0,3.0,2.0,3.647122786241368,2.640672306896578
natural_jitter,102,macro_stable_pdel0.00,0.02,0.05,0.02,0.0,0.0,0,-1.0,3.0,107.93378066627923,0.5686212919538073,0.47643979057591623,0.4473684210526316,1.0,0.18086668494206803,8.0,9.0,0.0,0.0,2.0,0.051942981057329085,0.05683293978748524,0.1359742229845602,44.0,15.0,12.0,8.0,4.710923791321034,2.9635136790884538
natural_jitter,103,macro_stable_pdel0.00,0.02,0.05,0.02,0.0,0.0,0,-1.0,3.0,105.3736651194047,0.6470689141091108,0.6507177033492823,0.8,1.0,0.2802561823779243,4.0,1.0,0.0,0.0,2.0,0.12131797535416045,0.013968253968253977,0.05976886862627717,44.0,12.0,7.0,4.0,4.0149994395325495,2.7164687191751016
natural_jitter,104,macro_stable_pdel0.00,0.02,0.05,0.02,0.0,0.0,0,-1.0,4.0,106.11648581531453,0.5202166748001945,0.5410628019323671,0.7647058823529411,1.0,0.19800750262415975,2.0,2.0,0.0,0.0,0.0,0.2402250986554595,0.027006172839506182,0.07266296148451401,36.0,5.0,4.0,3.0,3.1331209922810506,2.0036064720561657
natural_jitter,105,macro_stable_pdel0.00,0.02,0.05,0.02,0.0,0.0,0,-1.0,4.0,108.9666938952333,0.17587473325381897,0.18181818181818182,0.8,1.0,0.10581603851161495,14.0,0.0,0.0,0.0,0.0,0.20918351497437992,0.002705627705627704,0.11019444134919398,43.0,6.0,4.0,2.0,3.1932418807283804,2.183407339798025
toy_cycle8,101,macro_stable_pdel0.01,0.02,0.05,0.02,0.0,0.01,0,-1.0,2.0,28.691530389394064,0.2517853812742189,0.25742574257425743,0.6363636363636364,0.8888888888888888,0.049987624425238956,11.0,0.0,1.0,0.0,0.0,0.03360960391727508,0.0,0.006064712343447187,8.0,4.0,1.0,0.0,2.0,1.096857131064786
toy_cycle8,102,macro_stable_pdel0.01,0.02,0.05,0.02,0.0,0.01,0,-1.0,2.0,61.930228717690376,0.26029979708282536,0.30337078651685395,0.0,1.0,0.03574563174470353,16.0,2.0,0.0,0.0,0.0,0.315844668118884,0.0,0.018202401825966774,8.0,4.0,1.0,0.0,2.0,1.096857131064786
toy_cycle8,103,macro_stable_pdel0.01,0.02,0.05,0.02,0.0,0.01,1,3.893951546436924,-1.0,3.893951546436924,0.9780832219251336,0.9863636363636363,1.0,1.0,0.0,0.0,0.0,0.0,0.0,0.0,0.0,0.0,0.0,8.0,4.0,1.0,0.0,2.0,1.096857131064786
toy_cycle8,104,macro_stable_pdel0.01,0.02,0.05,0.02,0.0,0.01,0,-1.0,3.0,37.608877053612616,0.18903532039556173,0.20454545454545456,0.75,0.875,0.05943828693762807,10.0,0.0,1.0,1.0,1.0,0.5134747780807181,0.11904761904761904,0.12161929088971402,8.0,4.0,1.0,0.0,2.0,1.096857131064786
toy_cycle8,105,macro_stable_pdel0.01,0.02,0.05,0.02,0.0,0.01,0,-1.0,3.0,41.9789570348464,0.12477017661431136,0.1,0.5,0.8181818181818182,0.0641985145355966,15.0,0.0,0.0,1.0,1.0,0.39628621573386846,0.13333333333333333,0.11724846627782837,8.0,4.0,1.0,0.0,2.0,1.096857131064786
natural24,101,macro_stable_pdel0.01,0.02,0.05,0.02,0.0,0.01,0,-1.0,5.0,59.16036140861084,0.4467703118487706,0.5137614678899083,0.6,1.0,0.25222627140904597,8.0,0.0,0.0,0.0,0.0,0.04909450884347866,0.0,0.15295177478399968,26.0,8.0,1.0,0.0,2.6237013224059,1.6473098575341685
natural24,102,macro_stable_pdel0.01,0.02,0.05,0.02,0.0,0.01,0,-1.0,3.0,86.35240497171357,0.47632854381127876,0.45077720207253885,0.5,1.0,0.10344863411093451,8.0,2.0,0.0,1.0,1.0,0.10291758907033843,0.016493055555555552,0.06505291675998581,32.0,6.0,3.0,2.0,3.447641427497026,2.5464416979494686
natural24,103,macro_stable_pdel0.01,0.02,0.05,0.02,0.0,0.01,0,-1.0,5.0,145.92051572031508,0.19647486723941796,0.21393034825870647,0.5714285714285714,0.9565217391304348,0.148834508476899,13.0,0.0,0.0,1.0,0.0,0.024420659568556324,0.0,0.005381520960336061,45.0,2.0,2.0,1.0,3.4244254690327125,2.369079584024607
natural24,104,macro_stable_pdel0.01,0.02,0.05,0.02,0.0,0.01,0,-1.0,2.0,99.16971230852616,0.4869187286323739,0.4834123222748815,0.5555555555555556,1.0,0.06094975514601001,10.0,2.0,0.0,0.0,1.0,0.39497843920616926,0.011411411411411412,0.13696811633119887,34.0,3.0,2.0,0.0,3.266229954316078,2.459436714585571
natural24,105,macro_stable_pdel0.01,0.02,0.05,0.02,0.0,0.01,0,-1.0,5.0,89.93489367315125,0.32275858740145735,0.32038834951456313,0.9,1.0,0.10328660854695601,11.0,1.0,0.0,0.0,0.0,0.16996850612375924,0.0,0.04896232601796502,29.0,4.0,2.0,0.0,3.0576180360933045,2.3651992796878725
natural48,101,macro_stable_pdel0.01,0.02,0.05,0.02,0.0,0.01,0,-1.0,5.0,138.54832410255253,0.4510523897223485,0.42857142857142855,0.5161290322580645,1.0,0.3448157618483404,6.0,3.0,0.0,0.0,1.0,0.03527104980656803,0.00992948351438918,0.12671982786832858,53.0,10.0,7.0,4.0,4.145887947686547,2.952517029425239
natural48,102,macro_stable_pdel0.01,0.02,0.05,0.02,0.0,0.01,0,-1.0,3.0,142.84106230113113,0.8930643452675721,0.9069767441860465,0.9,1.0,0.2641431611492048,3.0,1.0,0.0,1.0,2.0,0.13086899369960392,0.046014048844237515,0.08411695096976812,53.0,12.0,13.0,13.0,4.3344201912397295,2.320558330419931
natural48,103,macro_stable_pdel0.01,0.02,0.05,0.02,0.0,0.01,0,-1.0,2.0,170.49530025066616,0.8240029121720414,0.8,0.9,1.0,0.16092467566027854,2.0,0.0,0.0,0.0,1.0,0.037606788538305125,0.007899284623422556,0.0013186940289515725,58.0,8.0,10.0,8.0,4.25628009890024,3.0098543544915417
natural48,104,macro_stable_pdel0.01,0.02,0.05,0.02,0.0,0.01,0,-1.0,4.0,125.07399079898572,0.7599443314146126,0.75,0.9411764705882353,1.0,0.4589739126590141,6.0,0.0,0.0,0.0,2.0,0.08033466570664949,0.030223517978620024,0.19654608618321756,49.0,24.0,10.0,5.0,3.890674850160077,2.4612490891036085
natural48,105,macro_stable_pdel0.01,0.02,0.05,0.02,0.0,0.01,0,-1.0,6.0,119.72797264076321,0.8397481824552545,0.8272727272727273,0.75,0.9444444444444444,0.42153546486327514,7.0,0.0,1.0,0.0,1.0,0.08283016121307263,0.018415897116913077,0.19400386472230347,52.0,12.0,8.0,5.0,4.217988168411378,3.2843759802351147
natural_jitter,101,macro_stable_pdel0.01,0.02,0.05,0.02,0.0,0.01,0,-1.0,6.0,117.72330871640395,0.19413904914204017,0.17592592592592593,0.13636363636363635,0.9487179487179487,0.30271945780432424,8.0,11.0,0.0,0.0,0.0,0.09336941209565808,0.0023391812865497102,0.013635615330046313,37.0,7.0,3.0,2.0,3.647122786241368,2.640672306896578
natural_jitter,102,macro_stable_pdel0.01,0.02,0.05,0.02,0.0,0.01,0,-1.0,2.0,107.1410327189342,0.8594732088014998,0.8863636363636364,0.9310344827586207,1.0,0.17043435002107168,4.0,0.0,0.0,0.0,1.0,0.0423013713412308,0.017729240456513196,0.0219240713795692,44.0,15.0,12.0,8.0,4.710923791321034,2.9635136790884538
natural_jitter,103,macro_stable_pdel0.01,0.02,0.05,0.02,0.0,0.01,0,-1.0,4.0,104.52890939800132,0.7714863345457204,0.7547169811320755,0.9166666666666666,0.9777777777777777,0.42372696915932234,5.0,0.0,1.0,0.0,1.0,0.006026127821294303,0.0036239013511740747,0.022987810472681502,44.0,12.0,7.0,4.0,4.0149994395325495,2.7164687191751016
natural_jitter,104,macro_stable_pdel0.01,0.02,0.05,0.02,0.0,0.01,0,-1.0,4.0,108.36216546344862,0.3227183119492258,0.2840909090909091,0.42105263157894735,1.0,0.16669689691469286,12.0,3.0,0.0,0.0,1.0,0.13918822741413317,0.06403508771929825,0.10782680251314813,36.0,5.0,4.0,3.0,3.1331209922810506,2.0036064720561657
natural_jitter,105,macro_stable_pdel0.01,0.02,0.05,0.02,0.0,0.01,0,-1.0,4.0,104.35356267988792,0.2562074447812744,0.25821596244131456,0.8571428571428571,0.9565217391304348,0.13785843622938193,22.0,0.0,0.0,1.0,1.0,0.09474400631424329,0.014814814814814815,0.03994164955348989,43.0,6.0,4.0,2.0,3.1932418807283804,2.183407339798025
toy_cycle8,101,macro_stable_pdel0.02,0.02,0.05,0.02,0.0,0.02,0,-1.0,2.0,41.319287467705706,0.19967918649804547,0.2182741116751269,0.5,0.8888888888888888,0.04270746144668798,9.0,2.0,1.0,0.0,0.0,0.09474088296918981,0.0,0.12565605101714572,8.0,4.0,1.0,0.0,2.0,1.096857131064786
toy_cycle8,102,macro_stable_pdel0.02,0.02,0.05,0.02,0.0,0.02,0,-1.0,2.0,101.87961163122802,0.7827859487734488,0.8272727272727273,1.0,1.0,0.012328486132295884,1.0,0.0,0.0,1.0,0.0,0.08622762691418906,0.0,0.19003359403516518,8.0,4.0,1.0,0.0,2.0,1.096857131064786
toy_cycle8,103,macro_stable_pdel0.02,0.02,0.05,0.02,0.0,0.02,1,3.893951546436924,-1.0,3.893951546436924,0.9780832219251336,0.9863636363636363,1.0,1.0,0.0,0.0,0.0,0.0,0.0,0.0,0.0,0.0,0.0,8.0,4.0,1.0,0.0,2.0,1.096857131064786
toy_cycle8,104,macro_stable_pdel0.02,0.02,0.05,0.02,0.0,0.02,0,-1.0,4.0,38.94770248819617,0.2827970889339249,0.3248730964467005,0.625,1.0,0.07520981094006568,10.0,1.0,0.0,0.0,0.0,0.021876685491101888,0.0,0.059304073383563916,8.0,4.0,1.0,0.0,2.0,1.096857131064786
toy_cycle8,105,macro_stable_pdel0.02,0.02,0.05,0.02,0.0,0.02,0,-1.0,3.0,41.36668932930496,0.17382222095641683,0.16042780748663102,0.8571428571428571,0.625,0.06643171018505874,8.0,1.0,1.0,0.0,0.0,0.3216586320387902,0.0,0.6404199031733941,8.0,4.0,1.0,0.0,2.0,1.096857131064786
natural24,101,macro_stable_pdel0.02,0.02,0.05,0.02,0.0,0.02,0,-1.0,6.0,59.339723339955654,0.3111827853622546,0.32211538461538464,0.3333333333333333,0.9629629629629629,0.31843823732661725,16.0,2.0,1.0,0.0,0.0,0.24180197279296278,0.0,0.009061329864631373,26.0,8.0,1.0,0.0,2.6237013224059,1.6473098575341685
natural24,102,macro_stable_pdel0.02,0.02,0.05,0.02,0.0,0.02,0,-1.0,3.0,89.89878908195972,0.7419110433353947,0.7772727272727272,0.5714285714285714,1.0,0.041232379277035394,4.0,0.0,0.0,0.0,0.0,0.10142201736259127,0.00036075036075035316,0.03548938058218276,32.0,6.0,3.0,2.0,3.447641427497026,2.5464416979494686
natural24,103,macro_stable_pdel0.02,0.02,0.05,0.02,0.0,0.02,0,-1.0,9.0,147.39440758569677,0.18355840008839264,0.19480519480519481,0.3076923076923077,0.9787234042553191,0.23751086730282217,18.0,3.0,1.0,1.0,0.0,0.023142779370714628,0.0005499023537876464,1.4331367263543053,45.0,2.0,2.0,1.0,3.4244254690327125,2.369079584024607
natural24,104,macro_stable_pdel0.02,0.02,0.05,0.02,0.0,0.02,0,-1.0,3.0,104.73260169615907,0.18654448884236421,0.18181818181818182,0.5,0.9411764705882353,0.08111667850370935,17.0,2.0,2.0,1.0,0.0,0.2106264448628088,0.0,0.15877490094037627,34.0,3.0,2.0,0.0,3.266229954316078,2.459436714585571
natural24,105,macro_stable_pdel0.02,0.02,0.05,0.02,0.0,0.02,0,-1.0,5.0,90.69875631648063,0.49157976127377623,0.4857142857142857,0.9,0.8709677419354839,0.1188646422442083,15.0,1.0,2.0,1.0,0.0,0.22441639656130352,0.0,0.2533480780630897,29.0,4.0,2.0,0.0,3.0576180360933045,2.3651992796878725
natural48,101,macro_stable_pdel0.02,0.02,0.05,0.02,0.0,0.02,0,-1.0,3.0,138.28132199679368,0.650306719375021,0.6559633027522935,0.72,1.0,0.18166650522784256,6.0,1.0,0.0,0.0,1.0,0.03305652518246216,0.02138364779874214,0.002260059862758901,53.0,10.0,7.0,4.0,4.145887947686547,2.952517029425239
natural48,102,macro_stable_pdel0.02,0.02,0.05,0.02,0.0,0.02,0,-1.0,3.0,143.02373143650576,0.9028928780881856,0.9295774647887324,0.8928571428571429,1.0,0.24678645744033811,1.0,1.0,0.0,1.0,1.0,0.005473390602157124,0.02605570530098833,0.0,53.0,12.0,13.0,13.0,4.3344201912397295,2.320558330419931
natural48,103,macro_stable_pdel0.02,0.02,0.05,0.02,0.0,0.02,0,-1.0,5.0,170.2600675906725,0.7561161181646525,0.7681818181818182,0.8,1.0,0.24719399496435515,4.0,0.0,0.0,2.0,1.0,0.14527877475162132,0.013344701275735754,0.01832313439727251,58.0,8.0,10.0,8.0,4.25628009890024,3.0098543544915417
natural48,104,macro_stable_pdel0.02,0.02,0.05,0.02,0.0,0.02,0,-1.0,5.0,124.95803988147229,0.7327530261652585,0.6948356807511737,0.8484848484848485,1.0,0.6288457588843398,3.0,1.0,0.0,1.0,2.0,0.10058207444728451,0.044217687074829926,0.0008090388774375512,49.0,24.0,10.0,5.0,3.890674850160077,2.4612490891036085
natural48,105,macro_stable_pdel0.02,0.02,0.05,0.02,0.0,0.02,0,-1.0,3.0,120.70500418217702,0.8919581165989952,0.9,0.8947368421052632,1.0,0.1842807002392505,5.0,0.0,0.0,1.0,0.0,0.03445170458988667,0.017948717948717954,0.09674526636116143,52.0,12.0,8.0,5.0,4.217988168411378,3.2843759802351147
natural_jitter,101,macro_stable_pdel0.02,0.02,0.05,0.02,0.0,0.02,0,-1.0,5.0,117.30591517336269,0.23933477651938306,0.23469387755102042,0.30434782608695654,0.8947368421052632,0.2584701699570931,13.0,14.0,2.0,1.0,0.0,0.17937220671003518,0.005546362689219831,0.3922598747739081,37.0,7.0,3.0,2.0,3.647122786241368,2.640672306896578
natural_jitter,102,macro_stable_pdel0.02,0.02,0.05,0.02,0.0,0.02,0,-1.0,4.0,107.5095198793273,0.6554072578084839,0.595,0.5,1.0,0.25209363922517825,0.0,4.0,0.0,0.0,0.0,0.0,0.0,0.0,44.0,15.0,12.0,8.0,4.710923791321034,2.9635136790884538
natural_jitter,103,macro_stable_pdel0.02,0.02,0.05,0.02,0.0,0.02,0,-1.0,4.0,103.36675702248179,0.7912786765151418,0.7545454545454545,1.0,0.9761904761904762,0.3890460698883737,5.0,0.0,1.0,0.0,1.0,0.03759913475374832,0.008400581222880885,0.043834255078106565,44.0,12.0,7.0,4.0,4.0149994395325495,2.7164687191751016
natural_jitter,104,macro_stable_pdel0.02,0.02,0.05,0.02,0.0,0.02,0,-1.0,3.0,105.78514048296138,0.3949723772684378,0.3835616438356164,0.9333333333333333,0.9714285714285714,0.12165864897841781,10.0,1.0,1.0,0.0,2.0,0.16432936916544616,0.06285714285714286,0.12859935896972874,36.0,5.0,4.0,3.0,3.1331209922810506,2.0036064720561657
natural_jitter,105,macro_stable_pdel0.02,0.02,0.05,0.02,0.0,0.02,0,-1.0,3.0,105.47864914743177,0.2111097179270714,0.2131979695431472,0.375,0.9767441860465116,0.07810992687028843,17.0,2.0,1.0,0.0,1.0,0.15496845412558669,0.027224067921742333,0.042849691891313935,43.0,6.0,4.0,2.0,3.1932418807283804,2.183407339798025
toy_cycle8,101,macro_stable_pdel0.04,0.02,0.05,0.02,0.0,0.04,0,-1.0,1.0,53.564153185247996,0.5235443307419747,0.5130890052356021,0.5,0.5,0.015185586385285995,4.0,1.0,0.0,0.0,0.0,0.0,0.0,0.0,8.0,4.0,1.0,0.0,2.0,1.096857131064786
toy_cycle8,102,macro_stable_pdel0.04,0.02,0.05,0.02,0.0,0.04,0,-1.0,1.0,55.0242952062916,0.15641363440891742,0.1761006289308176,0.2222222222222222,0.375,0.0,7.0,3.0,1.0,0.0,0.0,0.16666667328911,0.0,0.03159330567280666,8.0,4.0,1.0,0.0,2.0,1.096857131064786
toy_cycle8,103,macro_stable_pdel0.04,0.02,0.05,0.02,0.0,0.04,1,3.27339448647509,-1.0,3.27339448647509,0.9811135249554367,0.990909090909091,1.0,1.0,0.0,0.0,0.0,0.0,0.0,0.0,0.0,0.0,0.0,8.0,4.0,1.0,0.0,2.0,1.096857131064786
toy_cycle8,104,macro_stable_pdel0.04,0.02,0.05,0.02,0.0,0.04,0,-1.0,2.0,61.991172718966574,0.11849485046319384,0.1386861313868613,0.0,0.5,0.007702430797694724,10.0,2.0,2.0,0.0,0.0,0.4502778384976942,0.0,0.22360305396434196,8.0,4.0,1.0,0.0,2.0,1.096857131064786
toy_cycle8,105,macro_stable_pdel0.04,0.02,0.05,0.02,0.0,0.04,0,-1.0,1.0,40.292216270941424,0.12506172525909368,0.08648648648648649,0.875,0.42857142857142855,0.01794389830750588,6.0,1.0,2.0,0.0,0.0,0.6180339887383031,0.0,0.2781434128699661,8.0,4.0,1.0,0.0,2.0,1.096857131064786
natural24,101,macro_stable_pdel0.04,0.02,0.05,0.02,0.0,0.04,0,-1.0,3.0,57.33528361567201,0.33030921181053025,0.32272727272727275,0.5,0.8260869565217391,0.1779794185833084,17.0,0.0,2.0,0.0,0.0,0.011579703979129441,0.0,0.18600590954782192,26.0,8.0,1.0,0.0,2.6237013224059,1.6473098575341685
natural24,102,macro_stable_pdel0.04,0.02,0.05,0.02,0.0,0.04,0,-1.0,6.0,93.62774093093931,0.6932983022364021,0.6767676767676768,0.45454545454545453,0.9354838709677419,0.1647467458305572,7.0,4.0,2.0,1.0,1.0,0.3884469673568445,0.022401433691756272,0.2048570258741531,32.0,6.0,3.0,2.0,3.447641427497026,2.5464416979494686
natural24,103,macro_stable_pdel0.04,0.02,0.05,0.02,0.0,0.04,0,-1.0,9.0,150.2817240779865,0.14389924818355337,0.14285714285714285,0.0625,0.9183673469387755,0.2589973480696137,13.0,1.0,0.0,1.0,0.0,0.06216689473067172,0.0,0.8188620620398697,45.0,2.0,2.0,1.0,3.4244254690327125,2.369079584024607
natural24,104,macro_stable_pdel0.04,0.02,0.05,0.02,0.0,0.04,0,-1.0,3.0,96.4148899560798,0.23631924880634728,0.2411764705882353,0.38095238095238093,0.8378378378378378,0.1059918865576326,23.0,7.0,4.0,1.0,0.0,0.4076904953506948,0.0,0.4595686746588705,34.0,3.0,2.0,0.0,3.266229954316078,2.459436714585571
natural24,105,macro_stable_pdel0.04,0.02,0.05,0.02,0.0,0.04,0,-1.0,5.0,103.36888484400454,0.20726976667521074,0.155,0.42857142857142855,0.7857142857142857,0.04631443438763267,14.0,0.0,2.0,1.0,0.0,0.4658403558214732,0.0,0.629622184050373,29.0,4.0,2.0,0.0,3.0576180360933045,2.3651992796878725
natural48,101,macro_stable_pdel0.04,0.02,0.05,0.02,0.0,0.04,0,-1.0,3.0,137.87911054542573,0.6494227121906367,0.6330275229357798,0.8695652173913043,0.9411764705882353,0.15752932930903074,8.0,1.0,3.0,1.0,1.0,0.0975141466493068,0.004111227824463118,0.06976685436421093,53.0,10.0,7.0,4.0,4.145887947686547,2.952517029425239
natural48,102,macro_stable_pdel0.04,0.02,0.05,0.02,0.0,0.04,0,-1.0,2.0,144.48038637366858,0.9175991551106508,0.9590909090909091,1.0,1.0,0.15479735427283425,1.0,0.0,0.0,1.0,1.0,0.01309684741142414,0.03840970350404313,0.0,53.0,12.0,13.0,13.0,4.3344201912397295,2.320558330419931
natural48,103,macro_stable_pdel0.04,0.02,0.05,0.02,0.0,0.04,0,-1.0,4.0,169.26394984796127,0.7560215973516432,0.7351598173515982,0.875,0.9824561403508771,0.32852074070304993,10.0,1.0,1.0,1.0,0.0,0.08784653888411054,0.00202885043110608,0.12466743150658388,58.0,8.0,10.0,8.0,4.25628009890024,3.0098543544915417
natural48,104,macro_stable_pdel0.04,0.02,0.05,0.02,0.0,0.04,0,-1.0,4.0,124.77671404475758,0.9011388016195626,0.908675799086758,0.972972972972973,1.0,0.5282417476245391,2.0,1.0,0.0,0.0,2.0,0.12360640373357734,0.02961904761904762,0.0458980199933372,49.0,24.0,10.0,5.0,3.890674850160077,2.4612490891036085
natural48,105,macro_stable_pdel0.04,0.02,0.05,0.02,0.0,0.04,0,-1.0,2.0,116.69699996638678,0.9672181927966045,0.9772727272727273,1.0,1.0,0.19785245388522252,3.0,0.0,0.0,0.0,0.0,0.020270323766065967,0.0013333333333333322,0.09333851759963441,52.0,12.0,8.0,5.0,4.217988168411378,3.2843759802351147
natural_jitter,101,macro_stable_pdel0.04,0.02,0.05,0.02,0.0,0.04,0,-1.0,1.0,119.67906604497816,0.25297407035759967,0.27071823204419887,0.5555555555555556,0.918918918918919,0.0,13.0,2.0,3.0,2.0,1.0,0.8995284519782163,0.01764705882352941,0.6449177049061239,37.0,7.0,3.0,2.0,3.647122786241368,2.640672306896578
natural_jitter,102,macro_stable_pdel0.04,0.02,0.05,0.02,0.0,0.04,0,-1.0,5.0,107.27470907212377,0.636459441281739,0.5845410628019324,0.7777777777777778,1.0,0.5131413639948473,12.0,0.0,0.0,2.0,1.0,0.34816327698242233,0.010299003322259151,0.11298764705214737,44.0,15.0,12.0,8.0,4.710923791321034,2.9635136790884538
natural_jitter,103,macro_stable_pdel0.04,0.02,0.05,0.02,0.0,0.04,0,-1.0,4.0,105.57843367374734,0.5973492559691242,0.6019417475728155,0.6923076923076923,0.9767441860465116,0.36409557196467573,5.0,2.0,1.0,0.0,1.0,0.0012142985734953093,0.01427732474244102,0.05897251645248325,44.0,12.0,7.0,4.0,4.0149994395325495,2.7164687191751016
natural_jitter,104,macro_stable_pdel0.04,0.02,0.05,0.02,0.0,0.04,0,-1.0,7.0,109.80824797335093,0.3856265906398601,0.4101123595505618,0.5714285714285714,0.9459459459459459,0.2174837994874275,10.0,4.0,0.0,0.0,0.0,0.3261813620064311,0.0,0.38019788004598243,36.0,5.0,4.0,3.0,3.1331209922810506,2.0036064720561657
natural_jitter,105,macro_stable_pdel0.04,0.02,0.05,0.02,0.0,0.04,0,-1.0,5.0,109.8188072979333,0.41234056029553806,0.40454545454545454,0.8181818181818182,0.95,0.1630741218874436,11.0,0.0,2.0,1.0,1.0,0.0693942208612075,0.030701754385964914,0.35257594369289214,43.0,6.0,4.0,2.0,3.1932418807283804,2.183407339798025
toy_cycle8,101,low_death_pdel0.00,0.02,0.0,0.02,0.0,0.0,0,-1.0,3.0,27.459810403397903,0.16223328472761447,0.1712707182320442,0.5454545454545454,1.0,0.08010422650411293,2.0,3.0,0.0,0.0,0.0,0.01716386365301581,0.0,0.1437804483651941,8.0,4.0,1.0,0.0,2.0,1.096857131064786
toy_cycle8,102,low_death_pdel0.00,0.02,0.0,0.02,0.0,0.0,0,-1.0,2.0,27.842897715822758,0.1628694185163417,0.15137614678899083,0.5,0.8,0.05318380348621421,14.0,1.0,0.0,0.0,0.0,0.17772309263537833,0.0,0.026419959474504484,8.0,4.0,1.0,0.0,2.0,1.096857131064786
toy_cycle8,103,low_death_pdel0.00,0.02,0.0,0.02,0.0,0.0,0,-1.0,3.0,34.12347344651184,0.19637491258741258,0.20909090909090908,1.0,1.0,0.06956387929395035,12.0,0.0,0.0,0.0,0.0,0.0027140600852035845,0.0,0.14131460913996152,8.0,4.0,1.0,0.0,2.0,1.096857131064786
toy_cycle8,104,low_death_pdel0.00,0.02,0.0,0.02,0.0,0.0,0,-1.0,3.0,28.61074988239079,0.21659826087343148,0.2037037037037037,0.8,1.0,0.09258992386004707,10.0,1.0,0.0,0.0,0.0,0.38739216138420796,0.0,0.137000753070877,8.0,4.0,1.0,0.0,2.0,1.096857131064786
toy_cycle8,105,low_death_pdel0.00,0.02,0.0,0.02,0.0,0.0,0,-1.0,3.0,34.30979548758374,0.14967145633785797,0.12272727272727273,0.6923076923076923,1.0,0.08552017082989055,8.0,0.0,0.0,0.0,0.0,0.06233718277922451,0.0,0.194448024369287,8.0,4.0,1.0,0.0,2.0,1.096857131064786
natural24,101,low_death_pdel0.00,0.02,0.0,0.02,0.0,0.0,0,-1.0,3.0,60.68291164774882,0.5813011557226766,0.5779816513761468,0.5909090909090909,1.0,0.14944632287650192,2.0,1.0,0.0,0.0,0.0,0.06416043418656203,0.0,0.2084978027543194,26.0,8.0,1.0,0.0,2.6237013224059,1.6473098575341685
natural24,102,low_death_pdel0.00,0.02,0.0,0.02,0.0,0.0,0,-1.0,3.0,83.29381131588138,0.6693234865460078,0.591743119266055,0.9090909090909091,1.0,0.12044665284097587,8.0,1.0,0.0,0.0,1.0,0.04234218306083637,0.0505050505050505,0.0439951417146065,32.0,6.0,3.0,2.0,3.447641427497026,2.5464416979494686
natural24,103,low_death_pdel0.00,0.02,0.0,0.02,0.0,0.0,0,-1.0,5.0,166.49080181459377,0.2063402186582485,0.19760479041916168,0.375,1.0,0.08251698604632234,14.0,3.0,0.0,0.0,0.0,0.005979846555971058,0.0,0.09357002229583111,45.0,2.0,2.0,1.0,3.4244254690327125,2.369079584024607
natural24,104,low_death_pdel0.00,0.02,0.0,0.02,0.0,0.0,0,-1.0,5.0,85.42288298036007,0.4932615176567607,0.4682926829268293,0.5833333333333334,1.0,0.2878428829219061,6.0,0.0,0.0,0.0,0.0,0.07677316874277729,0.0,0.06504555796726752,34.0,3.0,2.0,0.0,3.266229954316078,2.459436714585571
natural24,105,low_death_pdel0.00,0.02,0.0,0.02,0.0,0.0,0,-1.0,3.0,82.30795034549301,0.4068153667642303,0.38636363636363635,0.6923076923076923,1.0,0.07279725351707236,6.0,0.0,0.0,0.0,0.0,0.11703867934689294,0.0,0.026528988107194618,29.0,4.0,2.0,0.0,3.0576180360933045,2.3651992796878725
natural48,101,low_death_pdel0.00,0.02,0.0,0.02,0.0,0.0,0,-1.0,4.0,140.0870306688156,0.6985501272541683,0.6788990825688074,0.6666666666666666,1.0,0.30196417174498663,6.0,1.0,0.0,0.0,1.0,0.01620637816869941,0.025576519916142564,0.13141978581713554,53.0,10.0,7.0,4.0,4.145887947686547,2.952517029425239
natural48,102,low_death_pdel0.00,0.02,0.0,0.02,0.0,0.0,0,-1.0,4.0,144.73793748837693,0.7410298306114068,0.75,0.7777777777777778,1.0,0.2747368607108605,7.0,4.0,0.0,1.0,0.0,0.016515302390927467,0.0009148084619782781,0.07748349881521355,53.0,12.0,13.0,13.0,4.3344201912397295,2.320558330419931
natural48,103,low_death_pdel0.00,0.02,0.0,0.02,0.0,0.0,0,-1.0,4.0,170.26203210386294,0.8386568679892151,0.8318181818181818,0.8333333333333334,1.0,0.31396858990802246,2.0,0.0,0.0,0.0,1.0,0.05798442146057603,0.007872353635065499,0.0018445639904203226,58.0,8.0,10.0,8.0,4.25628009890024,3.0098543544915417
natural48,104,low_death_pdel0.00,0.02,0.0,0.02,0.0,0.0,0,-1.0,5.0,124.42939608348283,0.7500212326233168,0.7393364928909952,0.8947368421052632,1.0,0.9449591876521182,6.0,2.0,0.0,0.0,2.0,0.10938164954250684,0.0300952380952381,0.10447762183089315,49.0,24.0,10.0,5.0,3.890674850160077,2.4612490891036085
natural48,105,low_death_pdel0.00,0.02,0.0,0.02,0.0,0.0,0,-1.0,4.0,117.80601207409464,0.6980926999424145,0.7075471698113207,0.85,1.0,0.3012034701741139,8.0,1.0,0.0,0.0,1.0,0.06839004588363196,0.02273175542406311,0.0561273836798768,52.0,12.0,8.0,5.0,4.217988168411378,3.2843759802351147
natural_jitter,101,low_death_pdel0.00,0.02,0.0,0.02,0.0,0.0,0,-1.0,4.0,116.08271011765913,0.22134426012444888,0.2037037037037037,0.2413793103448276,0.9487179487179487,0.2393305821755738,8.0,14.0,0.0,0.0,0.0,0.1879820498306155,0.0038809144072301967,0.09320179688935637,37.0,7.0,3.0,2.0,3.647122786241368,2.640672306896578
natural_jitter,102,low_death_pdel0.00,0.02,0.0,0.02,0.0,0.0,0,-1.0,4.0,106.88457584908038,0.6314529791904762,0.5454545454545454,0.6774193548387096,1.0,0.3433088987098559,8.0,0.0,0.0,0.0,3.0,0.1936998152828,0.017388167388167397,0.07982053310841142,44.0,15.0,12.0,8.0,4.710923791321034,2.9635136790884538
natural_jitter,103,low_death_pdel0.00,0.02,0.0,0.02,0.0,0.0,0,-1.0,3.0,104.45415816569007,0.8331610680530301,0.8318181818181818,0.8333333333333334,1.0,0.24986481509575473,2.0,0.0,0.0,0.0,0.0,0.015815086746141294,0.0007407407407407363,0.0475111455354158,44.0,12.0,7.0,4.0,4.0149994395325495,2.7164687191751016
natural_jitter,104,low_death_pdel0.00,0.02,0.0,0.02,0.0,0.0,0,-1.0,5.0,105.30010944498369,0.29433601927700637,0.2583732057416268,0.64,1.0,0.24281925300669313,10.0,1.0,0.0,0.0,1.0,0.04149045324767675,0.03153153153153153,0.1333188020669689,36.0,5.0,4.0,3.0,3.1331209922810506,2.0036064720561657
natural_jitter,105,low_death_pdel0.00,0.02,0.0,0.02,0.0,0.0,0,-1.0,4.0,101.86287026702871,0.3692435272453892,0.357487922705314,0.8666666666666667,1.0,0.1496258988331102,10.0,2.0,0.0,0.0,2.0,0.19382165787816863,0.040310077519379844,0.09082962251675442,43.0,6.0,4.0,2.0,3.1932418807283804,2.183407339798025
toy_cycle8,101,low_death_pdel0.01,0.02,0.0,0.02,0.0,0.01,0,-1.0,2.0,35.63335370196819,0.23655996608538982,0.21468926553672316,0.625,0.8888888888888888,0.03884940190392803,6.0,3.0,1.0,0.0,0.0,0.06932545423468328,0.0,0.13872203559225704,8.0,4.0,1.0,0.0,2.0,1.096857131064786
toy_cycle8,102,low_death_pdel0.01,0.02,0.0,0.02,0.0,0.01,0,-1.0,3.0,30.17086338326203,0.48841696238884214,0.5074626865671642,0.75,1.0,0.08708285767182641,6.0,3.0,0.0,0.0,0.0,0.16082394742663642,0.0,0.26515111761391874,8.0,4.0,1.0,0.0,2.0,1.096857131064786
toy_cycle8,103,low_death_pdel0.01,0.02,0.0,0.02,0.0,0.01,0,-1.0,0.0,32.00319768930842,0.22406187114653023,0.20454545454545456,1.0,0.7777777777777778,0.0216774458468528,9.0,0.0,0.0,0.0,0.0,0.1945364170422883,0.0,0.6598513126323742,8.0,4.0,1.0,0.0,2.0,1.096857131064786
toy_cycle8,104,low_death_pdel0.01,0.02,0.0,0.02,0.0,0.01,0,-1.0,4.0,38.65297812728042,0.39730101696549064,0.36363636363636365,1.0,1.0,0.07424109249643022,8.0,0.0,0.0,0.0,0.0,4.440892098500626e-16,0.0,0.11551353403275044,8.0,4.0,1.0,0.0,2.0,1.096857131064786
toy_cycle8,105,low_death_pdel0.01,0.02,0.0,0.02,0.0,0.01,0,-1.0,3.0,35.82227402136209,0.12213228408354006,0.10454545454545454,0.5555555555555556,0.8181818181818182,0.09177796214622573,15.0,0.0,0.0,1.0,0.0,0.32214627353874103,0.0,0.0589280051073926,8.0,4.0,1.0,0.0,2.0,1.096857131064786
natural24,101,low_death_pdel0.01,0.02,0.0,0.02,0.0,0.01,0,-1.0,3.0,62.658475845883906,0.45274316241255325,0.4766355140186916,0.7857142857142857,0.9615384615384616,0.13397371267089864,9.0,1.0,1.0,0.0,0.0,0.08217228432153201,0.0,0.14434665859264717,26.0,8.0,1.0,0.0,2.6237013224059,1.6473098575341685
natural24,102,low_death_pdel0.01,0.02,0.0,0.02,0.0,0.01,0,-1.0,3.0,82.67448737829379,0.6480333911354554,0.5779816513761468,0.6428571428571429,1.0,0.09755617202705949,6.0,1.0,0.0,0.0,0.0,0.23587854248331652,0.0054593554593554625,0.1654134605384261,32.0,6.0,3.0,2.0,3.447641427497026,2.5464416979494686
natural24,103,low_death_pdel0.01,0.02,0.0,0.02,0.0,0.01,0,-1.0,5.0,169.70340921213952,0.3138002945781204,0.30392156862745096,0.5454545454545454,0.96,0.061863009540483634,12.0,5.0,2.0,0.0,0.0,0.013348829761492542,0.0009873737373737382,0.4448147732675596,45.0,2.0,2.0,1.0,3.4244254690327125,2.369079584024607
natural24,104,low_death_pdel0.01,0.02,0.0,0.02,0.0,0.01,0,-1.0,4.0,84.31114056685867,0.46550621837804995,0.43902439024390244,0.6153846153846154,1.0,0.20899646718083606,8.0,2.0,0.0,0.0,0.0,0.058465002374514796,0.0,0.021070375453779544,34.0,3.0,2.0,0.0,3.266229954316078,2.459436714585571
natural24,105,low_death_pdel0.01,0.02,0.0,0.02,0.0,0.01,0,-1.0,5.0,87.13280940882439,0.24687156274494457,0.23414634146341465,0.7692307692307693,0.9655172413793104,0.1035690940042968,9.0,1.0,1.0,2.0,0.0,0.41352822719106674,0.0,0.08776446193468646,29.0,4.0,2.0,0.0,3.0576180360933045,2.3651992796878725
natural48,101,low_death_pdel0.01,0.02,0.0,0.02,0.0,0.01,0,-1.0,3.0,140.3359238699527,0.6871799534346581,0.7018348623853211,0.5909090909090909,1.0,0.15584984441663272,4.0,1.0,0.0,0.0,1.0,0.2884689195491523,0.0024988899988899957,0.0455184245969531,53.0,10.0,7.0,4.0,4.145887947686547,2.952517029425239
natural48,102,low_death_pdel0.01,0.02,0.0,0.02,0.0,0.01,0,-1.0,3.0,143.84486063760238,0.95176469154295,0.9590909090909091,1.0,1.0,0.21540544804185288,1.0,0.0,0.0,1.0,1.0,0.007032714846358701,0.025831087151841875,0.0,53.0,12.0,13.0,13.0,4.3344201912397295,2.320558330419931
natural48,103,low_death_pdel0.01,0.02,0.0,0.02,0.0,0.01,0,-1.0,3.0,170.33293081803006,0.81787538346188,0.8272727272727273,0.8461538461538461,1.0,0.22837547622828597,2.0,0.0,0.0,0.0,1.0,0.07020764978925076,0.007886463818667214,0.0022067759218136196,58.0,8.0,10.0,8.0,4.25628009890024,3.0098543544915417
natural48,104,low_death_pdel0.01,0.02,0.0,0.02,0.0,0.01,0,-1.0,2.0,125.14343277377621,0.762845676066636,0.7772727272727272,1.0,1.0,0.31550941526262716,7.0,0.0,0.0,1.0,4.0,0.35814353521671327,0.059410430839002264,0.003021104341429659,49.0,24.0,10.0,5.0,3.890674850160077,2.4612490891036085
natural48,105,low_death_pdel0.01,0.02,0.0,0.02,0.0,0.01,0,-1.0,0.0,116.28509593966149,0.9651936676785634,0.9818181818181818,1.0,1.0,0.0,2.0,0.0,0.0,0.0,0.0,0.0,0.0,0.0,52.0,12.0,8.0,5.0,4.217988168411378,3.2843759802351147
natural_jitter,101,low_death_pdel0.01,0.02,0.0,0.02,0.0,0.01,0,-1.0,5.0,115.49609343940438,0.2230572092129166,0.2,0.26666666666666666,0.9487179487179487,0.2850799669707141,8.0,16.0,0.0,0.0,0.0,0.02432318819057855,0.0017543859649122792,0.07038569934542904,37.0,7.0,3.0,2.0,3.647122786241368,2.640672306896578
natural_jitter,102,low_death_pdel0.01,0.02,0.0,0.02,0.0,0.01,0,-1.0,2.0,108.58078830550835,0.8103433349150948,0.8447488584474886,0.9565217391304348,1.0,0.14549001467870418,3.0,1.0,0.0,1.0,1.0,0.012919709037181093,0.032575757575757584,0.1618240950462848,44.0,15.0,12.0,8.0,4.710923791321034,2.9635136790884538
natural_jitter,103,low_death_pdel0.01,0.02,0.0,0.02,0.0,0.01,0,-1.0,3.0,104.35517243048812,0.736019892605477,0.7004608294930875,0.96,0.9772727272727273,0.3868343387763144,5.0,1.0,1.0,0.0,1.0,0.041769495598471096,0.01279870587481581,0.0755201187068435,44.0,12.0,7.0,4.0,4.0149994395325495,2.7164687191751016
natural_jitter,104,low_death_pdel0.01,0.02,0.0,0.02,0.0,0.01,0,-1.0,4.0,103.95604553653587,0.2517959457678123,0.2275132275132275,0.6,1.0,0.1998918778563834,13.0,2.0,0.0,1.0,0.0,0.05668026154294248,0.0035493827160493763,0.3117387141724546,36.0,5.0,4.0,3.0,3.1331209922810506,2.0036064720561657
natural_jitter,105,low_death_pdel0.01,0.02,0.0,0.02,0.0,0.01,0,-1.0,5.0,100.45792366421722,0.39299512368846184,0.3130841121495327,0.6470588235294118,0.9767441860465116,0.19916641523647502,9.0,0.0,1.0,0.0,1.0,0.13676378054955318,0.026448874123292727,0.012537155131917999,43.0,6.0,4.0,2.0,3.1932418807283804,2.183407339798025
toy_cycle8,101,low_death_pdel0.02,0.02,0.0,0.02,0.0,0.02,0,-1.0,4.0,35.35766098622367,0.35657645081017175,0.3488372093023256,0.6666666666666666,0.8,0.11113877943235194,5.0,1.0,0.0,0.0,0.0,0.24022405920433387,0.0,0.46442837370058654,8.0,4.0,1.0,0.0,2.0,1.096857131064786
toy_cycle8,102,low_death_pdel0.02,0.02,0.0,0.02,0.0,0.02,0,-1.0,2.0,37.04217550587574,0.6853021685744561,0.6880733944954128,0.9090909090909091,0.875,0.024536759004131173,5.0,1.0,1.0,0.0,0.0,0.16584568941900146,0.0,0.12800775069472448,8.0,4.0,1.0,0.0,2.0,1.096857131064786
toy_cycle8,103,low_death_pdel0.02,0.02,0.0,0.02,0.0,0.02,0,-1.0,2.0,28.295515286601056,0.24312817614347418,0.27710843373493976,0.7272727272727273,0.625,0.05586175524324783,5.0,3.0,1.0,0.0,0.0,0.28443214576734,0.0,0.24655010719715928,8.0,4.0,1.0,0.0,2.0,1.096857131064786
toy_cycle8,104,low_death_pdel0.02,0.02,0.0,0.02,0.0,0.02,0,-1.0,3.0,32.41117052473382,0.4630038272851979,0.41148325358851673,0.9166666666666666,1.0,0.10302626798491948,3.0,1.0,0.0,0.0,0.0,0.042012262805393163,0.0,0.310209462616194,8.0,4.0,1.0,0.0,2.0,1.096857131064786
toy_cycle8,105,low_death_pdel0.02,0.02,0.0,0.02,0.0,0.02,0,-1.0,2.0,34.00956660574917,0.14806460374176314,0.1339712918660287,0.7272727272727273,0.75,0.04953275227871746,8.0,1.0,0.0,0.0,0.0,0.2142906644043323,0.0,0.3540118547971065,8.0,4.0,1.0,0.0,2.0,1.096857131064786
natural24,101,low_death_pdel0.02,0.02,0.0,0.02,0.0,0.02,0,-1.0,2.0,63.48293692143672,0.5808927615821093,0.6181818181818182,0.8461538461538461,1.0,0.08743091153860554,3.0,0.0,0.0,0.0,0.0,0.039734247089031616,0.0,0.275667694436341,26.0,8.0,1.0,0.0,2.6237013224059,1.6473098575341685
natural24,102,low_death_pdel0.02,0.02,0.0,0.02,0.0,0.02,0,-1.0,3.0,77.3657225195537,0.6047707711121708,0.591743119266055,0.7222222222222222,1.0,0.12731387306875028,8.0,1.0,0.0,0.0,0.0,0.06699227882821379,0.0,0.13206191101249232,32.0,6.0,3.0,2.0,3.447641427497026,2.5464416979494686
natural24,103,low_death_pdel0.02,0.02,0.0,0.02,0.0,0.02,0,-1.0,5.0,170.89600202007733,0.3255335917884227,0.3285024154589372,0.75,0.98,0.06120000672965746,10.0,2.0,1.0,1.0,0.0,0.012016278504963118,0.00048361162646877107,0.5729574527250125,45.0,2.0,2.0,1.0,3.4244254690327125,2.369079584024607
natural24,104,low_death_pdel0.02,0.02,0.0,0.02,0.0,0.02,0,-1.0,4.0,97.06870621844202,0.3473013584067221,0.3465346534653465,0.8461538461538461,1.0,0.13437369820736944,10.0,2.0,0.0,1.0,0.0,0.05305528185526587,0.0,0.5162747462843449,34.0,3.0,2.0,0.0,3.266229954316078,2.459436714585571
natural24,105,low_death_pdel0.02,0.02,0.0,0.02,0.0,0.02,0,-1.0,2.0,77.06437810333358,0.7599159650171707,0.7772727272727272,1.0,0.9310344827586207,0.027973750659317863,11.0,0.0,2.0,1.0,0.0,0.026620115574995218,0.0,0.17962383263708315,29.0,4.0,2.0,0.0,3.0576180360933045,2.3651992796878725
natural48,101,low_death_pdel0.02,0.02,0.0,0.02,0.0,0.02,0,-1.0,3.0,138.08889683919816,0.7232966601500758,0.7045454545454546,0.8947368421052632,1.0,0.15730618054800063,4.0,0.0,0.0,0.0,0.0,0.11836255625886682,0.00036211168286639367,0.1393042113009182,53.0,10.0,7.0,4.0,4.145887947686547,2.952517029425239
natural48,102,low_death_pdel0.02,0.02,0.0,0.02,0.0,0.02,0,-1.0,1.0,143.1258172405827,0.9632689089141898,0.9590909090909091,1.0,1.0,0.09623267657003344,1.0,0.0,0.0,1.0,1.0,0.020210658140592308,0.026556776556776532,0.006760229396101547,53.0,12.0,13.0,13.0,4.3344201912397295,2.320558330419931
natural48,103,low_death_pdel0.02,0.02,0.0,0.02,0.0,0.02,0,-1.0,5.0,166.33058555497072,0.8392579850316855,0.85,0.7857142857142857,1.0,0.38274806001312506,2.0,0.0,0.0,0.0,1.0,0.04029244933713905,0.008325602968460119,0.008155498327452104,58.0,8.0,10.0,8.0,4.25628009890024,3.0098543544915417
natural48,104,low_death_pdel0.02,0.02,0.0,0.02,0.0,0.02,0,-1.0,6.0,125.08254177717728,0.7464752132321966,0.7735849056603774,0.9705882352941176,1.0,0.8511815534733541,4.0,1.0,0.0,1.0,4.0,0.24709190095736,0.05133928571428572,0.6362211956232457,49.0,24.0,10.0,5.0,3.890674850160077,2.4612490891036085
natural48,105,low_death_pdel0.02,0.02,0.0,0.02,0.0,0.02,0,-1.0,0.0,114.87865329580508,0.9496848879126527,0.9590909090909091,1.0,1.0,0.030093261948716747,2.0,0.0,0.0,0.0,1.0,0.065801587790693,0.008094519859225727,0.0,52.0,12.0,8.0,5.0,4.217988168411378,3.2843759802351147
natural_jitter,101,low_death_pdel0.02,0.02,0.0,0.02,0.0,0.02,0,-1.0,5.0,116.04966915418484,0.2675205411611389,0.2556390977443609,0.3333333333333333,0.8947368421052632,0.347565898630158,10.0,8.0,0.0,1.0,1.0,0.24329305215271368,0.014440035273368606,0.3896111301202412,37.0,7.0,3.0,2.0,3.647122786241368,2.640672306896578
natural_jitter,102,low_death_pdel0.02,0.02,0.0,0.02,0.0,0.02,0,-1.0,3.0,105.68884866404171,0.6917913600267147,0.6164383561643836,0.8333333333333334,0.9767441860465116,0.2453129504788867,9.0,1.0,1.0,0.0,2.0,0.031230563208488604,0.053844208578427845,0.012932287889221517,44.0,15.0,12.0,8.0,4.710923791321034,2.9635136790884538
natural_jitter,103,low_death_pdel0.02,0.02,0.0,0.02,0.0,0.02,0,-1.0,4.0,104.80184829901795,0.6585908562860416,0.645933014354067,0.9583333333333334,1.0,0.3925490613042752,7.0,1.0,0.0,1.0,1.0,0.22981520552710144,0.014458874458874463,0.15798345267725145,44.0,12.0,7.0,4.0,4.0149994395325495,2.7164687191751016
natural_jitter,104,low_death_pdel0.02,0.02,0.0,0.02,0.0,0.02,0,-1.0,5.0,107.89267458444004,0.4067652852710271,0.40669856459330145,0.8823529411764706,1.0,0.20483140407224268,10.0,2.0,0.0,2.0,1.0,0.21384622625851168,0.036036036036036036,0.008596711279849512,36.0,5.0,4.0,3.0,3.1331209922810506,2.0036064720561657
natural_jitter,105,low_death_pdel0.02,0.02,0.0,0.02,0.0,0.02,0,-1.0,4.0,101.83220269297041,0.38281922957524084,0.3557692307692308,0.8,0.9333333333333333,0.18153798787099387,12.0,1.0,1.0,1.0,1.0,0.24277414373156647,0.02586328400281888,0.26804145772364807,43.0,6.0,4.0,2.0,3.1932418807283804,2.183407339798025
toy_cycle8,101,low_death_pdel0.04,0.02,0.0,0.02,0.0,0.04,0,-1.0,1.0,29.666719858335608,0.21913443845224356,0.25,0.7692307692307693,1.0,0.012271127408546832,10.0,3.0,0.0,0.0,0.0,0.24962371153994822,0.0,0.4246459096071462,8.0,4.0,1.0,0.0,2.0,1.096857131064786
toy_cycle8,102,low_death_pdel0.04,0.02,0.0,0.02,0.0,0.04,0,-1.0,0.0,38.06593050964369,0.17872907433475616,0.16818181818181818,0.75,0.8571428571428571,0.0,3.0,0.0,1.0,0.0,0.0,0.33333332008785743,0.0,0.21751830437602596,8.0,4.0,1.0,0.0,2.0,1.096857131064786
toy_cycle8,103,low_death_pdel0.04,0.02,0.0,0.02,0.0,0.04,0,-1.0,0.0,31.76093797125208,0.35108691871215775,0.3598130841121495,0.8333333333333334,0.5555555555555556,0.0,7.0,2.0,2.0,0.0,0.0,0.16666666997774082,0.0,0.07716584651520621,8.0,4.0,1.0,0.0,2.0,1.096857131064786
toy_cycle8,104,low_death_pdel0.04,0.02,0.0,0.02,0.0,0.04,0,-1.0,1.0,28.31317034960551,0.10555557351998614,0.10096153846153846,0.75,0.6666666666666666,0.0,9.0,1.0,1.0,0.0,0.0,0.16666667991155237,0.0,0.2630908452184257,8.0,4.0,1.0,0.0,2.0,1.096857131064786
toy_cycle8,105,low_death_pdel0.04,0.02,0.0,0.02,0.0,0.04,0,-1.0,2.0,33.239209380303606,0.1446726824890152,0.0963302752293578,0.4,0.5,0.06024378316335207,7.0,1.0,1.0,0.0,0.0,9.934107092490763e-09,0.0,0.21751830437602593,8.0,4.0,1.0,0.0,2.0,1.096857131064786
natural24,101,low_death_pdel0.04,0.02,0.0,0.02,0.0,0.04,0,-1.0,0.0,61.37501805185221,0.799782157179971,0.7772727272727272,1.0,1.0,0.10821416876953306,0.0,0.0,0.0,0.0,0.0,0.0,0.0,0.0,26.0,8.0,1.0,0.0,2.6237013224059,1.6473098575341685
natural24,102,low_death_pdel0.04,0.02,0.0,0.02,0.0,0.04,0,-1.0,2.0,81.57675667817936,0.6053187531695841,0.5395348837209303,0.7857142857142857,0.9375,0.08413772843887213,12.0,1.0,2.0,1.0,0.0,0.030286116709339783,0.008124999999999993,0.5056016387469122,32.0,6.0,3.0,2.0,3.447641427497026,2.5464416979494686
natural24,103,low_death_pdel0.04,0.02,0.0,0.02,0.0,0.04,0,-1.0,7.0,162.27883681946346,0.13477784929909112,0.13725490196078433,0.375,0.9545454545454546,0.11712276170406404,16.0,3.0,2.0,1.0,0.0,0.1512607425388861,0.0011604136604136638,1.508504051154995,45.0,2.0,2.0,1.0,3.4244254690327125,2.369079584024607
natural24,104,low_death_pdel0.04,0.02,0.0,0.02,0.0,0.04,0,-1.0,2.0,101.99022264577971,0.4940529343341253,0.5072463768115942,0.5,0.9714285714285714,0.10695582028519317,12.0,3.0,1.0,0.0,0.0,0.2626466871630604,0.0,0.4370500076310031,34.0,3.0,2.0,0.0,3.266229954316078,2.459436714585571
natural24,105,low_death_pdel0.04,0.02,0.0,0.02,0.0,0.04,0,-1.0,2.0,86.68942495936854,0.36431334796667614,0.29545454545454547,0.8,0.8518518518518519,0.013439086284509256,14.0,0.0,2.0,1.0,0.0,0.35883391568149703,0.0,0.1152587695771532,29.0,4.0,2.0,0.0,3.0576180360933045,2.3651992796878725
natural48,101,low_death_pdel0.04,0.02,0.0,0.02,0.0,0.04,0,-1.0,4.0,141.08599304758832,0.5905758574982407,0.6454545454545455,0.7777777777777778,1.0,0.16895857781302767,12.0,0.0,0.0,0.0,0.0,0.06036238044234121,0.007029478458049888,0.30068946821950426,53.0,10.0,7.0,4.0,4.145887947686547,2.952517029425239
natural48,102,low_death_pdel0.04,0.02,0.0,0.02,0.0,0.04,0,-1.0,3.0,143.9745747874946,0.8529050863850288,0.8666666666666667,0.7037037037037037,1.0,0.24664242647147763,4.0,2.0,0.0,4.0,4.0,0.2857667708239271,0.07838901140787934,0.009389772185858458,53.0,12.0,13.0,13.0,4.3344201912397295,2.320558330419931
natural48,103,low_death_pdel0.04,0.02,0.0,0.02,0.0,0.04,0,-1.0,5.0,167.67391630328112,0.800355363947922,0.759090909090909,0.76,1.0,0.34183538497549437,3.0,0.0,0.0,1.0,1.0,0.3277068929906557,0.008282828282828282,0.1418957756746111,58.0,8.0,10.0,8.0,4.25628009890024,3.0098543544915417
natural48,104,low_death_pdel0.04,0.02,0.0,0.02,0.0,0.04,0,-1.0,2.0,125.23316231845246,0.8497877711363967,0.8363636363636363,1.0,1.0,0.26413531960228925,6.0,0.0,0.0,0.0,2.0,0.1592341737378855,0.024206349206349204,0.07099762705282586,49.0,24.0,10.0,5.0,3.890674850160077,2.4612490891036085
natural48,105,low_death_pdel0.04,0.02,0.0,0.02,0.0,0.04,0,-1.0,1.0,116.8137148668533,0.9758663586314259,0.9863636363636363,1.0,1.0,0.05413230388681648,2.0,0.0,0.0,0.0,0.0,0.013403404564707344,0.0,0.4079112686215409,52.0,12.0,8.0,5.0,4.217988168411378,3.2843759802351147
natural_jitter,101,low_death_pdel0.04,0.02,0.0,0.02,0.0,0.04,0,-1.0,1.0,119.42517894362128,0.23103754722462472,0.2391304347826087,0.5263157894736842,0.918918918918919,0.0,13.0,1.0,1.0,1.0,0.0,0.1891224578116355,0.0,0.24068894872828328,37.0,7.0,3.0,2.0,3.647122786241368,2.640672306896578
natural_jitter,102,low_death_pdel0.04,0.02,0.0,0.02,0.0,0.04,0,-1.0,5.0,106.48646366785633,0.6652044003015783,0.6067961165048543,0.7419354838709677,1.0,0.5313471571507151,12.0,0.0,0.0,2.0,1.0,0.6528095603010451,0.04704356490070777,0.2576071274723688,44.0,15.0,12.0,8.0,4.710923791321034,2.9635136790884538
natural_jitter,103,low_death_pdel0.04,0.02,0.0,0.02,0.0,0.04,0,-1.0,5.0,105.77210907364812,0.6795461100887694,0.6636363636363637,1.0,0.9772727272727273,0.4413318318212604,10.0,0.0,1.0,1.0,0.0,0.23677046255781287,0.0011099365750528514,0.42404565785056203,44.0,12.0,7.0,4.0,4.0149994395325495,2.7164687191751016
natural_jitter,104,low_death_pdel0.04,0.02,0.0,0.02,0.0,0.04,0,-1.0,8.0,105.62951117671022,0.40016220808827624,0.37320574162679426,0.7777777777777778,0.9705882352941176,0.43098506674174963,10.0,2.0,1.0,1.0,1.0,0.27485240976599945,0.043434343434343436,0.39836749252855763,36.0,5.0,4.0,3.0,3.1331209922810506,2.0036064720561657
natural_jitter,105,low_death_pdel0.04,0.02,0.0,0.02,0.0,0.04,0,-1.0,6.0,103.35814789144973,0.5319948178171573,0.5272727272727272,0.7333333333333333,0.95,0.24054851256912638,14.0,0.0,2.0,0.0,1.0,0.12560914971157855,0.032543859649122805,0.39144030954778697,43.0,6.0,4.0,2.0,3.1932418807283804,2.183407339798025
toy_cycle8,101,triad_sensitive_pdel0.00,0.02,0.02,0.02,0.02,0.0,0,-1.0,2.0,28.300207016502704,0.19245292115988388,0.1963470319634703,0.375,0.8333333333333334,0.0609351103103765,13.0,1.0,0.0,3.0,2.0,0.3297320444881686,0.1757575757575758,0.05987098979340422,8.0,4.0,1.0,0.0,2.0,1.096857131064786
toy_cycle8,102,triad_sensitive_pdel0.00,0.02,0.02,0.02,0.02,0.0,0,-1.0,2.0,31.79198108118012,0.23745506267468303,0.24581005586592178,0.5,1.0,0.0518648947865879,16.0,5.0,0.0,2.0,4.0,0.4170253590809989,0.07407407407407407,0.09921942819831242,8.0,4.0,1.0,0.0,2.0,1.096857131064786
toy_cycle8,103,triad_sensitive_pdel0.00,0.02,0.02,0.02,0.02,0.0,0,-1.0,2.0,26.103235001400588,0.36394595113829625,0.35454545454545455,0.7333333333333333,1.0,0.06821012958464805,7.0,0.0,0.0,3.0,5.0,0.8987988337788937,0.6083333333333333,0.5156971973086044,8.0,4.0,1.0,0.0,2.0,1.096857131064786
toy_cycle8,104,triad_sensitive_pdel0.00,0.02,0.02,0.02,0.02,0.0,1,17.232703436347812,-1.0,17.232703436347812,0.8053609307359307,0.7954545454545454,1.0,1.0,0.20124463880591684,0.0,0.0,0.0,0.0,0.0,0.0,0.0,0.0,8.0,4.0,1.0,0.0,2.0,1.096857131064786
toy_cycle8,105,triad_sensitive_pdel0.00,0.02,0.02,0.02,0.02,0.0,0,-1.0,2.0,36.98198452476134,0.13512268778487413,0.12727272727272726,0.8461538461538461,1.0,0.0428909731076907,16.0,0.0,0.0,4.0,2.0,0.632861701493876,0.013333333333333308,0.37744331732235215,8.0,4.0,1.0,0.0,2.0,1.096857131064786
natural24,101,triad_sensitive_pdel0.00,0.02,0.02,0.02,0.02,0.0,0,-1.0,3.0,59.183786810328726,0.7150273390182177,0.7477064220183486,0.85,1.0,0.15583511514054993,8.0,1.0,0.0,2.0,2.0,0.5111516552360844,0.01996336996336997,0.46250958260578257,26.0,8.0,1.0,0.0,2.6237013224059,1.6473098575341685
natural24,102,triad_sensitive_pdel0.00,0.02,0.02,0.02,0.02,0.0,0,-1.0,4.0,79.80392139881066,0.5639802835573525,0.5137614678899083,0.5882352941176471,1.0,0.1266060814775429,16.0,1.0,0.0,0.0,1.0,0.11032226767913311,0.03415977961432505,0.08454518699978042,32.0,6.0,3.0,2.0,3.447641427497026,2.5464416979494686
natural24,103,triad_sensitive_pdel0.00,0.02,0.02,0.02,0.02,0.0,0,-1.0,4.0,178.27807758793548,0.13336067019400352,0.12962962962962962,0.2222222222222222,1.0,0.043975904291957975,12.0,7.0,0.0,0.0,0.0,0.003359995044254216,0.01489361702127659,0.005562072283258779,45.0,2.0,2.0,1.0,3.4244254690327125,2.369079584024607
natural24,104,triad_sensitive_pdel0.00,0.02,0.02,0.02,0.02,0.0,0,-1.0,4.0,107.78886033791173,0.35576659521106513,0.36813186813186816,0.6,1.0,0.1277447948927832,14.0,2.0,0.0,4.0,4.0,0.277070881595165,0.05152295152295154,0.01135541544069163,34.0,3.0,2.0,0.0,3.266229954316078,2.459436714585571
natural24,105,triad_sensitive_pdel0.00,0.02,0.02,0.02,0.02,0.0,0,-1.0,4.0,74.27119201212429,0.5079910036077916,0.5161290322580645,0.7777777777777778,1.0,0.14789854469417285,8.0,0.0,0.0,2.0,3.0,0.11713721924138776,0.14704433497536945,0.18896749125518042,29.0,4.0,2.0,0.0,3.0576180360933045,2.3651992796878725
natural48,101,triad_sensitive_pdel0.00,0.02,0.02,0.02,0.02,0.0,0,-1.0,3.0,141.42438039396558,0.6861260963494022,0.677570093457944,0.7777777777777778,1.0,0.153529470082128,7.0,2.0,0.0,1.0,1.0,0.16125884687591086,0.022019385226932392,0.20764871856282463,53.0,10.0,7.0,4.0,4.145887947686547,2.952517029425239
natural48,102,triad_sensitive_pdel0.00,0.02,0.02,0.02,0.02,0.0,1,135.8369002614619,-1.0,135.8369002614619,0.965470361531107,0.9727272727272728,1.0,1.0,0.33045782814927577,0.0,0.0,0.0,0.0,0.0,0.0,0.0,0.0,53.0,12.0,13.0,13.0,4.3344201912397295,2.320558330419931
natural48,103,triad_sensitive_pdel0.00,0.02,0.02,0.02,0.02,0.0,0,-1.0,4.0,169.18949084844374,0.7793355183796558,0.7546296296296297,0.8148148148148148,1.0,0.3176961070198989,2.0,1.0,0.0,0.0,1.0,0.03507782856505148,0.007820051887848498,0.0005032767022594697,58.0,8.0,10.0,8.0,4.25628009890024,3.0098543544915417
natural48,104,triad_sensitive_pdel0.00,0.02,0.02,0.02,0.02,0.0,0,-1.0,4.0,124.45558828184635,0.7582434825252203,0.7417840375586855,0.8888888888888888,1.0,0.5754403391098489,12.0,0.0,0.0,0.0,5.0,0.10262602115912589,0.09943310657596371,0.043443123042018694,49.0,24.0,10.0,5.0,3.890674850160077,2.4612490891036085
natural48,105,triad_sensitive_pdel0.00,0.02,0.02,0.02,0.02,0.0,0,-1.0,3.0,114.20692054675175,0.9060008612791197,0.8772727272727273,0.8125,1.0,0.23179008477421545,3.0,0.0,0.0,1.0,0.0,0.15997206050322887,0.018524871355060035,0.29678457773947375,52.0,12.0,8.0,5.0,4.217988168411378,3.2843759802351147
natural_jitter,101,triad_sensitive_pdel0.00,0.02,0.02,0.02,0.02,0.0,0,-1.0,5.0,116.83462826313661,0.21680618353163852,0.20869565217391303,0.28,1.0,0.3585823863622582,13.0,12.0,0.0,1.0,2.0,0.2741023606674302,0.035521235521235525,0.2896160766621847,37.0,7.0,3.0,2.0,3.647122786241368,2.640672306896578
natural_jitter,102,triad_sensitive_pdel0.00,0.02,0.02,0.02,0.02,0.0,0,-1.0,4.0,105.11078981420968,0.7681089250778125,0.7658536585365854,0.8,1.0,0.3765611906843044,11.0,3.0,0.0,1.0,3.0,0.1742695481867198,0.04168470418470417,0.04602301094080952,44.0,15.0,12.0,8.0,4.710923791321034,2.9635136790884538
natural_jitter,103,triad_sensitive_pdel0.00,0.02,0.02,0.02,0.02,0.0,0,-1.0,3.0,106.07820407727726,0.6694434861762188,0.6409090909090909,1.0,1.0,0.2204285552370472,5.0,0.0,0.0,1.0,0.0,0.02173741857528455,0.006666666666666682,0.02408548599493221,44.0,12.0,7.0,4.0,4.0149994395325495,2.7164687191751016
natural_jitter,104,triad_sensitive_pdel0.00,0.02,0.02,0.02,0.02,0.0,0,-1.0,5.0,105.94410153157446,0.38785050269551075,0.3170731707317073,0.6,1.0,0.24589012204377597,11.0,2.0,0.0,1.0,1.0,0.01796207249899373,0.01203703703703704,0.18128523002316888,36.0,5.0,4.0,3.0,3.1331209922810506,2.0036064720561657
natural_jitter,105,triad_sensitive_pdel0.00,0.02,0.02,0.02,0.02,0.0,0,-1.0,3.0,104.8436569842739,0.3338928939538089,0.32272727272727275,1.0,1.0,0.10833083926522101,12.0,0.0,0.0,0.0,1.0,0.19047155901885748,0.03100775193798451,0.26088850143772957,43.0,6.0,4.0,2.0,3.1932418807283804,2.183407339798025
toy_cycle8,101,triad_sensitive_pdel0.01,0.02,0.02,0.02,0.02,0.01,0,-1.0,2.0,30.838007001794374,0.23201354803751703,0.25,0.5,0.8333333333333334,0.051049642696504,14.0,0.0,0.0,2.0,2.0,0.4027280813724281,0.2606060606060606,0.43097927531436375,8.0,4.0,1.0,0.0,2.0,1.096857131064786
toy_cycle8,102,triad_sensitive_pdel0.01,0.02,0.02,0.02,0.02,0.01,0,-1.0,2.0,43.04284884007745,0.20057654515108206,0.21787709497206703,0.14285714285714285,1.0,0.026925221835901805,8.0,4.0,0.0,2.0,2.0,0.47503892392437974,0.11249999999999993,0.23272209071457428,8.0,4.0,1.0,0.0,2.0,1.096857131064786
toy_cycle8,103,triad_sensitive_pdel0.01,0.02,0.02,0.02,0.02,0.01,0,-1.0,2.0,28.421896612197997,0.32033728305686326,0.3181818181818182,0.6,0.875,0.06934903649035498,5.0,0.0,1.0,0.0,0.0,0.05172609929274641,0.026785714285714246,0.020700563315493303,8.0,4.0,1.0,0.0,2.0,1.096857131064786
toy_cycle8,104,triad_sensitive_pdel0.01,0.02,0.02,0.02,0.02,0.01,0,-1.0,1.0,32.56593900034485,0.2039674313723499,0.21153846153846154,0.8181818181818182,1.0,0.0,11.0,2.0,0.0,2.0,0.0,0.3478472262064227,0.07407407407407407,0.7012266383901642,8.0,4.0,1.0,0.0,2.0,1.096857131064786
toy_cycle8,105,triad_sensitive_pdel0.01,0.02,0.02,0.02,0.02,0.01,0,-1.0,1.0,38.914160542774916,0.1057374300493499,0.07727272727272727,0.6,0.9,0.02719006943480785,16.0,0.0,1.0,0.0,0.0,0.050160770954279954,0.03518518518518518,0.6827974163457078,8.0,4.0,1.0,0.0,2.0,1.096857131064786
natural24,101,triad_sensitive_pdel0.01,0.02,0.02,0.02,0.02,0.01,0,-1.0,3.0,59.833708219982945,0.5500363638928394,0.5686274509803921,0.8666666666666667,1.0,0.15723443649060864,10.0,2.0,0.0,2.0,1.0,0.47157793618389876,0.06941391941391942,0.47188223704418086,26.0,8.0,1.0,0.0,2.6237013224059,1.6473098575341685
natural24,102,triad_sensitive_pdel0.01,0.02,0.02,0.02,0.02,0.01,0,-1.0,4.0,75.52406430674996,0.5315480153123698,0.4846938775510204,0.4230769230769231,1.0,0.20716932424572498,12.0,3.0,0.0,0.0,0.0,0.19277555779108235,0.017534722222222243,0.06349981723905262,32.0,6.0,3.0,2.0,3.447641427497026,2.5464416979494686
natural24,103,triad_sensitive_pdel0.01,0.02,0.02,0.02,0.02,0.01,0,-1.0,1.0,148.95212196336362,0.14683701761201762,0.14,0.13333333333333333,0.9777777777777777,0.034197009557034155,10.0,11.0,1.0,0.0,1.0,0.022226948071847996,0.05431537598204265,0.25913588430001067,45.0,2.0,2.0,1.0,3.4244254690327125,2.369079584024607
natural24,104,triad_sensitive_pdel0.01,0.02,0.02,0.02,0.02,0.01,0,-1.0,5.0,100.28391310790808,0.374990537329443,0.33505154639175255,0.6470588235294118,0.9722222222222222,0.13237994486374624,18.0,2.0,1.0,1.0,0.0,0.11033824117782354,0.020490620490620483,0.08301871682197337,34.0,3.0,2.0,0.0,3.266229954316078,2.459436714585571
natural24,105,triad_sensitive_pdel0.01,0.02,0.02,0.02,0.02,0.01,0,-1.0,4.0,76.79715427489774,0.36179528047881526,0.36818181818181817,1.0,0.9285714285714286,0.1266810042658287,16.0,0.0,0.0,0.0,1.0,0.06743672855759097,0.09259259259259259,0.07097740830247945,29.0,4.0,2.0,0.0,3.0576180360933045,2.3651992796878725
natural48,101,triad_sensitive_pdel0.01,0.02,0.02,0.02,0.02,0.01,0,-1.0,4.0,138.62790008270963,0.5988392738559855,0.5944700460829493,0.6,1.0,0.25996329534407964,6.0,2.0,0.0,4.0,4.0,0.3232764538799602,0.12142008318478904,0.03896030006327411,53.0,10.0,7.0,4.0,4.145887947686547,2.952517029425239
natural48,102,triad_sensitive_pdel0.01,0.02,0.02,0.02,0.02,0.01,0,-1.0,4.0,141.4850871733624,0.8561706251664497,0.8446601941747572,0.8518518518518519,1.0,0.3946020144029519,2.0,2.0,0.0,0.0,0.0,0.013197386478736028,0.0002994908655286066,0.009755004975778192,53.0,12.0,13.0,13.0,4.3344201912397295,2.320558330419931
natural48,103,triad_sensitive_pdel0.01,0.02,0.02,0.02,0.02,0.01,0,-1.0,6.0,168.7018346032789,0.8609270029586238,0.9074074074074074,0.8888888888888888,1.0,0.4814513512203989,2.0,1.0,0.0,0.0,1.0,0.03713912654378593,0.008265613528771448,6.0198126249577655e-05,58.0,8.0,10.0,8.0,4.25628009890024,3.0098543544915417
natural48,104,triad_sensitive_pdel0.01,0.02,0.02,0.02,0.02,0.01,0,-1.0,3.0,124.51129716371874,0.9254812234005148,0.9363636363636364,0.95,1.0,0.30347630593631175,2.0,0.0,0.0,0.0,2.0,0.03837809504634704,0.03015873015873015,0.07129029731559511,49.0,24.0,10.0,5.0,3.890674850160077,2.4612490891036085
natural48,105,triad_sensitive_pdel0.01,0.02,0.02,0.02,0.02,0.01,0,-1.0,2.0,115.84733946823083,0.9537407986762194,0.9545454545454546,1.0,1.0,0.1406326458915,1.0,0.0,0.0,1.0,1.0,0.06459492026023561,0.026359261653379318,0.0,52.0,12.0,8.0,5.0,4.217988168411378,3.2843759802351147
natural_jitter,101,triad_sensitive_pdel0.01,0.02,0.02,0.02,0.02,0.01,0,-1.0,6.0,115.95213027970603,0.21812963508549443,0.16666666666666666,0.2857142857142857,0.9487179487179487,0.42544761016408594,11.0,14.0,0.0,1.0,0.0,0.09535358596205779,0.029532163742690055,0.008963401896181722,37.0,7.0,3.0,2.0,3.647122786241368,2.640672306896578
natural_jitter,102,triad_sensitive_pdel0.01,0.02,0.02,0.02,0.02,0.01,0,-1.0,4.0,106.08338666980843,0.8525419326203005,0.8604651162790697,0.8484848484848485,1.0,0.3580877771083754,7.0,1.0,0.0,1.0,1.0,0.04946716348263003,0.0015906574046108957,0.14814637344074733,44.0,15.0,12.0,8.0,4.710923791321034,2.9635136790884538
natural_jitter,103,triad_sensitive_pdel0.01,0.02,0.02,0.02,0.02,0.01,0,-1.0,4.0,103.75093193807376,0.7134514304211317,0.676056338028169,0.9285714285714286,1.0,0.4301878559884441,9.0,2.0,0.0,2.0,2.0,0.23271956090732937,0.0809395542728876,0.13770147327315518,44.0,12.0,7.0,4.0,4.0149994395325495,2.7164687191751016
natural_jitter,104,triad_sensitive_pdel0.01,0.02,0.02,0.02,0.02,0.01,0,-1.0,4.0,104.99227933942869,0.30536254305247296,0.29441624365482233,0.6,1.0,0.21776102003682046,16.0,4.0,0.0,4.0,4.0,0.2739291344947725,0.21548691548691548,0.5474420384211673,36.0,5.0,4.0,3.0,3.1331209922810506,2.0036064720561657
natural_jitter,105,triad_sensitive_pdel0.01,0.02,0.02,0.02,0.02,0.01,0,-1.0,4.0,105.16882851544369,0.4683523651855871,0.47368421052631576,0.9166666666666666,0.9534883720930233,0.15065826086495024,19.0,1.0,2.0,3.0,5.0,0.5007112931832021,0.08134132836344975,0.2073917788059889,43.0,6.0,4.0,2.0,3.1932418807283804,2.183407339798025
toy_cycle8,101,triad_sensitive_pdel0.02,0.02,0.02,0.02,0.02,0.02,0,-1.0,2.0,32.05742175076817,0.2882194668865292,0.26605504587155965,0.9,1.0,0.05401191343316028,12.0,1.0,0.0,0.0,1.0,0.10155529281898223,0.017619047619047645,0.19957184867532907,8.0,4.0,1.0,0.0,2.0,1.096857131064786
toy_cycle8,102,triad_sensitive_pdel0.02,0.02,0.02,0.02,0.02,0.02,0,-1.0,2.0,41.29427753114633,0.24178363065625974,0.25125628140703515,0.4166666666666667,1.0,0.016867778808028196,10.0,3.0,0.0,2.0,2.0,0.43240532344941807,0.17619047619047618,0.05127939812444304,8.0,4.0,1.0,0.0,2.0,1.096857131064786
toy_cycle8,103,triad_sensitive_pdel0.02,0.02,0.02,0.02,0.02,0.02,0,-1.0,2.0,31.84075593150664,0.23787742695999947,0.27040816326530615,0.7272727272727273,0.75,0.04768076431446019,8.0,1.0,2.0,2.0,2.0,1.1356808343321856,0.29166666666666663,0.08888628344559596,8.0,4.0,1.0,0.0,2.0,1.096857131064786
toy_cycle8,104,triad_sensitive_pdel0.02,0.02,0.02,0.02,0.02,0.02,0,-1.0,2.0,45.83285915581702,0.15012449524512414,0.14285714285714285,0.875,0.4444444444444444,0.0,11.0,1.0,3.0,1.0,1.0,0.3384108384703226,0.325,0.07153015917313238,8.0,4.0,1.0,0.0,2.0,1.096857131064786
toy_cycle8,105,triad_sensitive_pdel0.02,0.02,0.02,0.02,0.02,0.02,0,-1.0,2.0,45.12544786392049,0.11082034900095353,0.09090909090909091,0.6363636363636364,1.0,0.037368059483026635,19.0,0.0,0.0,1.0,0.0,0.026905265707392267,0.006060606060606044,0.02600568830822625,8.0,4.0,1.0,0.0,2.0,1.096857131064786
natural24,101,triad_sensitive_pdel0.02,0.02,0.02,0.02,0.02,0.02,0,-1.0,4.0,57.45508175554471,0.322650878376336,0.365,0.6,0.9230769230769231,0.2910633552467785,15.0,2.0,2.0,0.0,0.0,0.05477134509075565,0.03141025641025642,0.9882565762865279,26.0,8.0,1.0,0.0,2.6237013224059,1.6473098575341685
natural24,102,triad_sensitive_pdel0.02,0.02,0.02,0.02,0.02,0.02,0,-1.0,3.0,81.09055780089484,0.5648211403227913,0.5154639175257731,0.5789473684210527,1.0,0.12587201004407716,16.0,6.0,0.0,1.0,1.0,0.12150748061212768,0.023569023569023573,0.7967722803747499,32.0,6.0,3.0,2.0,3.447641427497026,2.5464416979494686
natural24,103,triad_sensitive_pdel0.02,0.02,0.02,0.02,0.02,0.02,0,-1.0,9.0,163.62055343595227,0.10304950014193712,0.1130952380952381,0.5555555555555556,1.0,0.1591870367295484,9.0,2.0,0.0,2.0,2.0,0.47309238946853505,0.06345679012345679,0.122237832743465,45.0,2.0,2.0,1.0,3.4244254690327125,2.369079584024607
natural24,104,triad_sensitive_pdel0.02,0.02,0.02,0.02,0.02,0.02,0,-1.0,4.0,97.91428250058182,0.3777086515526999,0.3526570048309179,0.6666666666666666,1.0,0.12484574263121923,15.0,2.0,0.0,1.0,0.0,0.18416518838572626,0.0014718614718614853,0.3167365223588452,34.0,3.0,2.0,0.0,3.266229954316078,2.459436714585571
natural24,105,triad_sensitive_pdel0.02,0.02,0.02,0.02,0.02,0.02,0,-1.0,4.0,72.77998933433406,0.43875912494678526,0.42727272727272725,0.8888888888888888,0.9642857142857143,0.17086293891696686,13.0,0.0,1.0,2.0,1.0,0.2876705282249947,0.044646006550768474,0.48435992228011293,29.0,4.0,2.0,0.0,3.0576180360933045,2.3651992796878725
natural48,101,triad_sensitive_pdel0.02,0.02,0.02,0.02,0.02,0.02,0,-1.0,4.0,138.0093333149989,0.5077657707772031,0.5047619047619047,0.7272727272727273,0.9811320754716981,0.2842438609422704,11.0,4.0,1.0,4.0,5.0,0.48757270306274947,0.04747144888654323,0.38888892798352215,53.0,10.0,7.0,4.0,4.145887947686547,2.952517029425239
natural48,102,triad_sensitive_pdel0.02,0.02,0.02,0.02,0.02,0.02,0,-1.0,2.0,141.18475407188023,0.9381894204535919,0.9590909090909091,1.0,1.0,0.22466908707982078,3.0,0.0,0.0,1.0,1.0,0.19695641251883345,0.006581992431049011,0.16841763934888965,53.0,12.0,13.0,13.0,4.3344201912397295,2.320558330419931
natural48,103,triad_sensitive_pdel0.02,0.02,0.02,0.02,0.02,0.02,0,-1.0,6.0,168.6836541876835,0.8226328188222276,0.8018433179723502,0.9130434782608695,1.0,0.38476547567638836,10.0,2.0,0.0,2.0,3.0,0.47910524262858534,0.04709399795606692,0.006107578313296447,58.0,8.0,10.0,8.0,4.25628009890024,3.0098543544915417
natural48,104,triad_sensitive_pdel0.02,0.02,0.02,0.02,0.02,0.02,0,-1.0,5.0,124.78154681637533,0.7592311176888377,0.7772727272727272,0.9,1.0,0.6985243603367151,12.0,0.0,0.0,2.0,3.0,0.14307874737866122,0.037615740740740755,0.13686257921100342,49.0,24.0,10.0,5.0,3.890674850160077,2.4612490891036085
natural48,105,triad_sensitive_pdel0.02,0.02,0.02,0.02,0.02,0.02,0,-1.0,1.0,116.85399313542518,0.9652886570045693,0.9590909090909091,1.0,1.0,0.08137257862514594,2.0,0.0,0.0,0.0,1.0,0.06763444431305565,0.007656395891690024,0.0,52.0,12.0,8.0,5.0,4.217988168411378,3.2843759802351147
natural_jitter,101,triad_sensitive_pdel0.02,0.02,0.02,0.02,0.02,0.02,0,-1.0,5.0,115.73104212685878,0.28327806325034394,0.2621951219512195,0.3793103448275862,0.9166666666666666,0.3384445560593082,19.0,6.0,1.0,1.0,3.0,0.24159226310367155,0.09281045751633987,0.29535387902062604,37.0,7.0,3.0,2.0,3.647122786241368,2.640672306896578
natural_jitter,102,triad_sensitive_pdel0.02,0.02,0.02,0.02,0.02,0.02,0,-1.0,3.0,107.48779785579926,0.5078232232629725,0.43564356435643564,0.5,1.0,0.23012198663239816,17.0,5.0,0.0,4.0,6.0,0.6076563421804408,0.027256329529056794,0.14335105383969582,44.0,15.0,12.0,8.0,4.710923791321034,2.9635136790884538
natural_jitter,103,triad_sensitive_pdel0.02,0.02,0.02,0.02,0.02,0.02,0,-1.0,4.0,103.48437639806929,0.8529588941266909,0.8617511520737328,0.875,1.0,0.44877321742135234,3.0,2.0,0.0,1.0,1.0,0.12273202473574507,0.0063122923588039975,0.04406036911949762,44.0,12.0,7.0,4.0,4.0149994395325495,2.7164687191751016
natural_jitter,104,triad_sensitive_pdel0.02,0.02,0.02,0.02,0.02,0.02,0,-1.0,3.0,106.90597740317966,0.22915331553373586,0.2138364779874214,0.2857142857142857,0.95,0.12104632248982292,23.0,7.0,0.0,2.0,1.0,0.45213340141168246,0.048799348799348816,0.684140167802707,36.0,5.0,4.0,3.0,3.1331209922810506,2.0036064720561657
natural_jitter,105,triad_sensitive_pdel0.02,0.02,0.02,0.02,0.02,0.02,0,-1.0,5.0,107.97172308716961,0.3534242131672719,0.31363636363636366,0.7142857142857143,0.8888888888888888,0.12889305778526694,24.0,0.0,1.0,5.0,3.0,0.5269263728670528,0.0365079365079365,0.5207516500587759,43.0,6.0,4.0,2.0,3.1932418807283804,2.183407339798025
toy_cycle8,101,triad_sensitive_pdel0.04,0.02,0.02,0.02,0.02,0.04,0,-1.0,1.0,32.24189396028365,0.09396108668874327,0.08843537414965986,0.3076923076923077,1.0,0.0,10.0,5.0,0.0,2.0,2.0,0.7651479641070653,0.375,0.4061955511202434,8.0,4.0,1.0,0.0,2.0,1.096857131064786
toy_cycle8,102,triad_sensitive_pdel0.04,0.02,0.02,0.02,0.02,0.04,0,-1.0,1.0,36.63564805664903,0.1601546261030538,0.1778846153846154,0.6923076923076923,0.5,0.010924299521907413,8.0,2.0,0.0,0.0,0.0,0.2847006554049696,0.0,0.07567767614548065,8.0,4.0,1.0,0.0,2.0,1.096857131064786
toy_cycle8,103,triad_sensitive_pdel0.04,0.02,0.02,0.02,0.02,0.04,0,-1.0,2.0,34.553231470850825,0.16782246314551214,0.17676767676767677,0.5454545454545454,0.7777777777777778,0.04729670320654137,7.0,1.0,0.0,0.0,0.0,0.28361116852026536,0.0,0.24014379198560815,8.0,4.0,1.0,0.0,2.0,1.096857131064786
toy_cycle8,104,triad_sensitive_pdel0.04,0.02,0.02,0.02,0.02,0.04,0,-1.0,1.0,26.517217166634616,0.10534671486618954,0.10599078341013825,0.75,0.7142857142857143,0.02044757655322046,3.0,1.0,0.0,0.0,0.0,0.33333333333333326,0.0,0.326277456564039,8.0,4.0,1.0,0.0,2.0,1.096857131064786
toy_cycle8,105,triad_sensitive_pdel0.04,0.02,0.02,0.02,0.02,0.04,0,-1.0,1.0,115.50753447525021,0.07247500900945174,0.06363636363636363,0.0,0.4117647058823529,0.004999296579719938,16.0,0.0,2.0,1.0,1.0,0.5759112483768185,0.2727272727272727,1.49681553779388,8.0,4.0,1.0,0.0,2.0,1.096857131064786
natural24,101,triad_sensitive_pdel0.04,0.02,0.02,0.02,0.02,0.04,0,-1.0,5.0,58.03550688571628,0.3446672558724254,0.3424657534246575,0.5714285714285714,0.9090909090909091,0.2915706987376873,18.0,1.0,2.0,3.0,2.0,0.7866145569277627,0.09642857142857143,0.04676626275644469,26.0,8.0,1.0,0.0,2.6237013224059,1.6473098575341685
natural24,102,triad_sensitive_pdel0.04,0.02,0.02,0.02,0.02,0.04,0,-1.0,7.0,79.80917534534203,0.7158687597057865,0.6831683168316832,0.8,0.96875,0.2573881429212635,15.0,3.0,1.0,3.0,1.0,0.2501285959860491,0.03224366359447006,0.22891672958929288,32.0,6.0,3.0,2.0,3.447641427497026,2.5464416979494686
natural24,103,triad_sensitive_pdel0.04,0.02,0.02,0.02,0.02,0.04,0,-1.0,10.0,158.84276325176643,0.2390725899332059,0.24528301886792453,0.5714285714285714,1.0,0.1940586582334055,21.0,0.0,0.0,0.0,0.0,0.294556250035392,0.02742316784869976,0.0009956864149467393,45.0,2.0,2.0,1.0,3.4244254690327125,2.369079584024607
natural24,104,triad_sensitive_pdel0.04,0.02,0.02,0.02,0.02,0.04,0,-1.0,8.0,108.23577637614294,0.14270125884884136,0.15555555555555556,0.4444444444444444,0.9142857142857143,0.20028205060828988,24.0,1.0,3.0,2.0,0.0,0.02454744675802445,0.0019345238095238096,0.43940391754044206,34.0,3.0,2.0,0.0,3.266229954316078,2.459436714585571
natural24,105,triad_sensitive_pdel0.04,0.02,0.02,0.02,0.02,0.04,0,-1.0,5.0,81.69247255614276,0.5422126435214083,0.5363636363636364,1.0,0.9259259259259259,0.10516858412255398,15.0,0.0,0.0,2.0,2.0,0.2658087514505305,0.13571428571428573,0.1685063770071682,29.0,4.0,2.0,0.0,3.0576180360933045,2.3651992796878725
natural48,101,triad_sensitive_pdel0.04,0.02,0.02,0.02,0.02,0.04,0,-1.0,0.0,138.6039830185412,0.9909755473002155,1.0,1.0,1.0,0.0,2.0,0.0,0.0,0.0,0.0,0.08475969813618134,0.00021367521367521292,0.0505999325326969,53.0,10.0,7.0,4.0,4.145887947686547,2.952517029425239
natural48,102,triad_sensitive_pdel0.04,0.02,0.02,0.02,0.02,0.04,0,-1.0,8.0,141.9183551581051,0.8718944968479226,0.9014084507042254,0.9,1.0,0.5171417375082035,4.0,1.0,0.0,0.0,1.0,0.06683741184285275,0.008174603174603168,0.19578118757239737,53.0,12.0,13.0,13.0,4.3344201912397295,2.320558330419931
natural48,103,triad_sensitive_pdel0.04,0.02,0.02,0.02,0.02,0.04,0,-1.0,6.0,169.17792522704696,0.7233087808447178,0.6954545454545454,0.7142857142857143,0.9661016949152542,0.36762301526766084,6.0,0.0,2.0,1.0,0.0,0.019758610722564462,0.014373976372192246,0.5835146734450567,58.0,8.0,10.0,8.0,4.25628009890024,3.0098543544915417
natural48,104,triad_sensitive_pdel0.04,0.02,0.02,0.02,0.02,0.04,0,-1.0,5.0,123.91795316077088,0.6480884000252222,0.6298076923076923,0.775,1.0,0.9482256583644764,9.0,3.0,0.0,1.0,1.0,0.04230041830035125,0.013362487852283778,0.17288029354019363,49.0,24.0,10.0,5.0,3.890674850160077,2.4612490891036085
natural48,105,triad_sensitive_pdel0.04,0.02,0.02,0.02,0.02,0.04,0,-1.0,8.0,117.13878086094047,0.7761942437981325,0.7545454545454545,0.68,0.9803921568627451,0.5253132962756216,9.0,0.0,1.0,2.0,0.0,0.028060449350546524,0.013503947033358776,0.012275661231913482,52.0,12.0,8.0,5.0,4.217988168411378,3.2843759802351147
natural_jitter,101,triad_sensitive_pdel0.04,0.02,0.02,0.02,0.02,0.04,0,-1.0,5.0,116.97771517697863,0.25612154542534943,0.2594594594594595,0.44,0.8918918918918919,0.3172799438835007,14.0,2.0,0.0,0.0,0.0,0.28922917476899235,0.023877551020408158,0.19448872861230937,37.0,7.0,3.0,2.0,3.647122786241368,2.640672306896578
natural_jitter,102,triad_sensitive_pdel0.04,0.02,0.02,0.02,0.02,0.04,0,-1.0,4.0,106.64515537782647,0.7056341384487973,0.6792452830188679,0.8387096774193549,1.0,0.40717331902656817,10.0,1.0,0.0,4.0,1.0,0.2291405446680983,0.006204906204906206,0.11594581421286287,44.0,15.0,12.0,8.0,4.710923791321034,2.9635136790884538
natural_jitter,103,triad_sensitive_pdel0.04,0.02,0.02,0.02,0.02,0.04,0,-1.0,2.0,104.70376725955862,0.8418191030375011,0.85,1.0,0.975,0.18315456232232014,6.0,0.0,1.0,0.0,0.0,0.04334232253607606,0.035680708180708176,0.10484595197337931,44.0,12.0,7.0,4.0,4.0149994395325495,2.7164687191751016
natural_jitter,104,triad_sensitive_pdel0.04,0.02,0.02,0.02,0.02,0.04,0,-1.0,3.0,104.56149017560375,0.3872006252461047,0.330188679245283,0.6363636363636364,0.9142857142857143,0.049698732982142675,19.0,2.0,1.0,4.0,4.0,0.14392747609476197,0.05280748663101606,0.5872361988207022,36.0,5.0,4.0,3.0,3.1331209922810506,2.0036064720561657
natural_jitter,105,triad_sensitive_pdel0.04,0.02,0.02,0.02,0.02,0.04,0,-1.0,3.0,102.04662378957136,0.6868402365927885,0.7045454545454546,1.0,0.9545454545454546,0.0605328082718638,16.0,0.0,2.0,2.0,2.0,0.11980991023970056,0.03962327355184497,0.03365168610492564,43.0,6.0,4.0,2.0,3.1932418807283804,2.183407339798025
