profile_label,perturbation,placement,seed_delta,run_seed,support_signature,snapshot_index,tail_index,step,damaged_nodes,shell0_nodes,shell1_nodes,shell2_nodes,shell3_nodes,shell23_nodes,outer_nodes,shell23_share,outer_share,weighted_mean_distance,horizon_band,gate_beta1,gate_component_count,gate_boundary_edges,gate_boundary_to_volume,abs_delta_nodes_rel,abs_delta_beta1_rel,abs_delta_spectral_radius_rel,abs_delta_dim_proxy_rel,abs_delta_triangles_rel
add_chord_p0,add_chord,0,4703,770026514,"72,139,147",192,0,1536,2,2,0,0,0,0,0,0.0,0.0,0.0,low,0,0,0,nan,0.0,0.00980392156862745,6.895995053308214e-05,0.0,0.01020408163265306
add_chord_p0,add_chord,0,4703,770026514,"72,139,147",193,1,1544,2,2,0,0,0,0,0,0.0,0.0,0.0,low,0,0,0,nan,0.0,0.00980392156862745,6.895995053308214e-05,0.0,0.01020408163265306
add_chord_p0,add_chord,0,4703,770026514,"72,139,147",194,2,1552,2,2,0,0,0,0,0,0.0,0.0,0.0,low,0,0,0,nan,0.0,0.00980392156862745,6.895995053308214e-05,0.0,0.01020408163265306
add_chord_p0,add_chord,0,4703,770026514,"72,139,147",195,3,1560,2,2,0,0,0,0,0,0.0,0.0,0.0,low,0,0,0,nan,0.0,0.00980392156862745,6.895995053308214e-05,0.0,0.01020408163265306
add_chord_p0,add_chord,0,4703,770026514,"72,139,147",196,4,1568,2,2,0,0,0,0,0,0.0,0.0,0.0,low,0,0,0,nan,0.0,0.00980392156862745,6.895995053308214e-05,0.0,0.01020408163265306
add_chord_p0,add_chord,0,4703,770026514,"72,139,147",197,5,1576,2,2,0,0,0,0,0,0.0,0.0,0.0,low,0,0,0,nan,0.0,0.00980392156862745,6.895995053308214e-05,0.0,0.01020408163265306
add_chord_p0,add_chord,0,4703,770026514,"72,139,147",198,6,1584,2,2,0,0,0,0,0,0.0,0.0,0.0,low,0,0,0,nan,0.0,0.00980392156862745,6.895995053308214e-05,0.0,0.01020408163265306
add_chord_p0,add_chord,0,4703,770026514,"72,139,147",199,7,1592,2,2,0,0,0,0,0,0.0,0.0,0.0,low,0,0,0,nan,0.0,0.00980392156862745,6.895995053308214e-05,0.0,0.01020408163265306
add_chord_p0,add_chord,0,4703,770026514,"72,139,147",200,8,1600,2,2,0,0,0,0,0,0.0,0.0,0.0,low,0,0,0,nan,0.0,0.00980392156862745,6.895995053308214e-05,0.0,0.01020408163265306
add_chord_p0,add_chord,0,4703,770026514,"72,139,147",201,9,1608,2,2,0,0,0,0,0,0.0,0.0,0.0,low,0,0,0,nan,0.0,0.00980392156862745,6.895995053308214e-05,0.0,0.01020408163265306
add_chord_p0,add_chord,0,4703,770026514,"72,139,147",202,10,1616,2,2,0,0,0,0,0,0.0,0.0,0.0,low,0,0,0,nan,0.0,0.00980392156862745,6.890044204905953e-05,0.0,0.01020408163265306
add_chord_p0,add_chord,0,4703,770026514,"72,139,147",203,11,1624,2,2,0,0,0,0,0,0.0,0.0,0.0,low,0,0,0,nan,0.0,0.00980392156862745,6.890044204905953e-05,0.0,0.01020408163265306
add_chord_p0,add_chord,0,4703,770026514,"72,139,147",204,12,1632,2,2,0,0,0,0,0,0.0,0.0,0.0,low,0,0,0,nan,0.0,0.00980392156862745,6.890044204905953e-05,0.0,0.01020408163265306
add_chord_p0,add_chord,0,4703,770026514,"72,139,147",205,13,1640,2,2,0,0,0,0,0,0.0,0.0,0.0,low,0,0,0,nan,0.0,0.00980392156862745,6.890044204905953e-05,0.0,0.01020408163265306
add_chord_p0,add_chord,0,4703,770026514,"72,139,147",206,14,1648,2,2,0,0,0,0,0,0.0,0.0,0.0,low,0,0,0,nan,0.0,0.00980392156862745,6.890044204905953e-05,0.0,0.01020408163265306
add_chord_p0,add_chord,0,4703,770026514,"72,139,147",207,15,1656,2,2,0,0,0,0,0,0.0,0.0,0.0,low,0,0,0,nan,0.0,0.00980392156862745,6.890044204905953e-05,0.0,0.01020408163265306
add_chord_p0,add_chord,0,4703,770026514,"72,139,147",208,16,1664,2,2,0,0,0,0,0,0.0,0.0,0.0,low,0,0,0,nan,0.0,0.00980392156862745,6.890044204905953e-05,0.0,0.01020408163265306
add_chord_p0,add_chord,0,4703,770026514,"72,139,147",209,17,1672,2,2,0,0,0,0,0,0.0,0.0,0.0,low,0,0,0,nan,0.0,0.00980392156862745,6.890044204905953e-05,0.0,0.01020408163265306
add_chord_p0,add_chord,0,4703,770026514,"72,139,147",210,18,1680,2,2,0,0,0,0,0,0.0,0.0,0.0,low,0,0,0,nan,0.0,0.00980392156862745,6.890044204905953e-05,0.0,0.01020408163265306
add_chord_p0,add_chord,0,4703,770026514,"72,139,147",211,19,1688,2,2,0,0,0,0,0,0.0,0.0,0.0,low,0,0,0,nan,0.0,0.00980392156862745,6.865500934574793e-05,0.0,0.01020408163265306
add_chord_p0,add_chord,0,4703,770026514,"72,139,147",212,20,1696,2,2,0,0,0,0,0,0.0,0.0,0.0,low,0,0,0,nan,0.0,0.00980392156862745,6.867987577571285e-05,0.0,0.01020408163265306
add_chord_p0,add_chord,0,4703,770026514,"72,139,147",213,21,1704,2,2,0,0,0,0,0,0.0,0.0,0.0,low,0,0,0,nan,0.0,0.00980392156862745,6.867987577571285e-05,0.0,0.01020408163265306
add_chord_p0,add_chord,0,4703,770026514,"72,139,147",214,22,1712,2,2,0,0,0,0,0,0.0,0.0,0.0,low,0,0,0,nan,0.0,0.00980392156862745,6.867987577571285e-05,0.0,0.01020408163265306
add_chord_p0,add_chord,0,4703,770026514,"72,139,147",215,23,1720,2,2,0,0,0,0,0,0.0,0.0,0.0,low,0,0,0,nan,0.0,0.00980392156862745,6.867987577571285e-05,0.0,0.01020408163265306
add_chord_p0,add_chord,0,4703,770026514,"72,139,147",216,24,1728,2,2,0,0,0,0,0,0.0,0.0,0.0,low,0,0,0,nan,0.0,0.00980392156862745,6.867987577571285e-05,0.0,0.01020408163265306
add_chord_p0,add_chord,0,4703,770026514,"72,139,147",217,25,1736,2,2,0,0,0,0,0,0.0,0.0,0.0,low,0,0,0,nan,0.0,0.00980392156862745,6.867987577571285e-05,0.0,0.01020408163265306
add_chord_p0,add_chord,0,4703,770026514,"72,139,147",218,26,1744,2,2,0,0,0,0,0,0.0,0.0,0.0,low,0,0,0,nan,0.0,0.00980392156862745,6.867987577571285e-05,0.0,0.01020408163265306
add_chord_p0,add_chord,0,4703,770026514,"72,139,147",219,27,1752,2,2,0,0,0,0,0,0.0,0.0,0.0,low,0,0,0,nan,0.0,0.00980392156862745,6.867987577571285e-05,0.0,0.01020408163265306
add_chord_p0,add_chord,0,4703,770026514,"72,139,147",220,28,1760,2,2,0,0,0,0,0,0.0,0.0,0.0,low,0,0,0,nan,0.0,0.00980392156862745,6.867987577571285e-05,0.0,0.01020408163265306
add_chord_p0,add_chord,0,4703,770026514,"72,139,147",221,29,1768,2,2,0,0,0,0,0,0.0,0.0,0.0,low,0,0,0,nan,0.0,0.00980392156862745,6.867987577571285e-05,0.0,0.01020408163265306
add_chord_p0,add_chord,0,4703,770026514,"72,139,147",222,30,1776,2,2,0,0,0,0,0,0.0,0.0,0.0,low,0,0,0,nan,0.0,0.00980392156862745,6.867987577571285e-05,0.0,0.01020408163265306
add_chord_p0,add_chord,0,4703,770026514,"72,139,147",223,31,1784,2,2,0,0,0,0,0,0.0,0.0,0.0,low,0,0,0,nan,0.0,0.00980392156862745,7.722885370346316e-05,0.0,0.01020408163265306
add_chord_p0,add_chord,0,4703,770026514,"72,139,147",224,32,1792,2,2,0,0,0,0,0,0.0,0.0,0.0,low,0,0,0,nan,0.0,0.00980392156862745,7.722885370346316e-05,0.0,0.01020408163265306
add_chord_p0,add_chord,0,4703,770026514,"72,139,147",225,33,1800,2,2,0,0,0,0,0,0.0,0.0,0.0,low,0,0,0,nan,0.0,0.00980392156862745,7.722885370346316e-05,0.0,0.01020408163265306
add_chord_p0,add_chord,0,4703,770026514,"72,139,147",226,34,1808,2,2,0,0,0,0,0,0.0,0.0,0.0,low,0,0,0,nan,0.0,0.00980392156862745,7.722885370346316e-05,0.0,0.01020408163265306
add_chord_p0,add_chord,0,4703,770026514,"72,139,147",227,35,1816,2,2,0,0,0,0,0,0.0,0.0,0.0,low,0,0,0,nan,0.0,0.00980392156862745,7.722885370346316e-05,0.0,0.01020408163265306
add_chord_p0,add_chord,0,4703,770026514,"72,139,147",228,36,1824,2,2,0,0,0,0,0,0.0,0.0,0.0,low,0,0,0,nan,0.0,0.00980392156862745,7.722885370346316e-05,0.0,0.01020408163265306
add_chord_p0,add_chord,0,4703,770026514,"72,139,147",229,37,1832,2,2,0,0,0,0,0,0.0,0.0,0.0,low,0,0,0,nan,0.0,0.00980392156862745,7.722885370346316e-05,0.0,0.01020408163265306
add_chord_p0,add_chord,0,4703,770026514,"72,139,147",230,38,1840,2,2,0,0,0,0,0,0.0,0.0,0.0,low,0,0,0,nan,0.0,0.00980392156862745,7.722885370346316e-05,0.0,0.01020408163265306
add_chord_p0,add_chord,0,4703,770026514,"72,139,147",231,39,1848,2,2,0,0,0,0,0,0.0,0.0,0.0,low,0,0,0,nan,0.0,0.00980392156862745,7.722885370346316e-05,0.0,0.01020408163265306
add_chord_p0,add_chord,0,4703,770026514,"72,139,147",232,40,1856,2,2,0,0,0,0,0,0.0,0.0,0.0,low,0,0,0,nan,0.0,0.00980392156862745,7.722885370346316e-05,0.0,0.01020408163265306
add_chord_p0,add_chord,0,4703,770026514,"72,139,147",233,41,1864,2,2,0,0,0,0,0,0.0,0.0,0.0,low,0,0,0,nan,0.0,0.00980392156862745,7.722885370346316e-05,0.0,0.01020408163265306
add_chord_p0,add_chord,0,4703,770026514,"72,139,147",234,42,1872,2,2,0,0,0,0,0,0.0,0.0,0.0,low,0,0,0,nan,0.0,0.00980392156862745,7.722885370346316e-05,0.0,0.01020408163265306
add_chord_p0,add_chord,0,4703,770026514,"72,139,147",235,43,1880,2,2,0,0,0,0,0,0.0,0.0,0.0,low,0,0,0,nan,0.0,0.00980392156862745,7.722885370346316e-05,0.0,0.01020408163265306
add_chord_p0,add_chord,0,4703,770026514,"72,139,147",236,44,1888,2,2,0,0,0,0,0,0.0,0.0,0.0,low,0,0,0,nan,0.0,0.00980392156862745,7.722885370346316e-05,0.0,0.01020408163265306
add_chord_p0,add_chord,0,4703,770026514,"72,139,147",237,45,1896,2,2,0,0,0,0,0,0.0,0.0,0.0,low,0,0,0,nan,0.0,0.00980392156862745,7.722885370346316e-05,0.0,0.01020408163265306
add_chord_p0,add_chord,0,4703,770026514,"72,139,147",238,46,1904,2,2,0,0,0,0,0,0.0,0.0,0.0,low,0,0,0,nan,0.0,0.00980392156862745,7.722885370346316e-05,0.0,0.01020408163265306
add_chord_p0,add_chord,0,4703,770026514,"72,139,147",239,47,1912,2,2,0,0,0,0,0,0.0,0.0,0.0,low,0,0,0,nan,0.0,0.00980392156862745,7.722885370346316e-05,0.0,0.01020408163265306
add_chord_p0,add_chord,0,4703,770026514,"72,139,147",240,48,1920,2,2,0,0,0,0,0,0.0,0.0,0.0,low,0,0,0,nan,0.0,0.00980392156862745,7.716174971200136e-05,0.0,0.01020408163265306
add_chord_p0,add_chord,0,4703,770026514,"72,139,147",241,49,1928,2,2,0,0,0,0,0,0.0,0.0,0.0,low,0,0,0,nan,0.0,0.00980392156862745,7.716174971200136e-05,0.0,0.01020408163265306
add_chord_p0,add_chord,0,4703,770026514,"72,139,147",242,50,1936,2,2,0,0,0,0,0,0.0,0.0,0.0,low,0,0,0,nan,0.0,0.00980392156862745,7.716174971200136e-05,0.0,0.01020408163265306
add_chord_p0,add_chord,0,4703,770026514,"72,139,147",243,51,1944,2,2,0,0,0,0,0,0.0,0.0,0.0,low,0,0,0,nan,0.0,0.00980392156862745,7.716174971200136e-05,0.0,0.01020408163265306
add_chord_p0,add_chord,0,4703,770026514,"72,139,147",244,52,1952,2,2,0,0,0,0,0,0.0,0.0,0.0,low,0,0,0,nan,0.0,0.00980392156862745,7.716174971200136e-05,0.0,0.01020408163265306
add_chord_p0,add_chord,0,4703,770026514,"72,139,147",245,53,1960,2,2,0,0,0,0,0,0.0,0.0,0.0,low,0,0,0,nan,0.0,0.00980392156862745,7.716174971200136e-05,0.0,0.01020408163265306
add_chord_p0,add_chord,0,4703,770026514,"72,139,147",246,54,1968,2,2,0,0,0,0,0,0.0,0.0,0.0,low,0,0,0,nan,0.0,0.00980392156862745,7.716174971200136e-05,0.0,0.01020408163265306
add_chord_p0,add_chord,0,4703,770026514,"72,139,147",247,55,1976,2,2,0,0,0,0,0,0.0,0.0,0.0,low,0,0,0,nan,0.0,0.00980392156862745,7.716174971200136e-05,0.0,0.01020408163265306
add_chord_p0,add_chord,0,4703,770026514,"72,139,147",248,56,1984,2,2,0,0,0,0,0,0.0,0.0,0.0,low,0,0,0,nan,0.0,0.00980392156862745,7.716174971200136e-05,0.0,0.01020408163265306
add_chord_p0,add_chord,0,4703,770026514,"72,139,147",249,57,1992,2,2,0,0,0,0,0,0.0,0.0,0.0,low,0,0,0,nan,0.0,0.00980392156862745,7.716174971200136e-05,0.0,0.01020408163265306
add_chord_p0,add_chord,0,4703,770026514,"72,139,147",250,58,2000,2,2,0,0,0,0,0,0.0,0.0,0.0,low,0,0,0,nan,0.0,0.00980392156862745,7.716174971200136e-05,0.0,0.01020408163265306
add_chord_p0,add_chord,0,4703,770026514,"72,139,147",251,59,2008,2,2,0,0,0,0,0,0.0,0.0,0.0,low,0,0,0,nan,0.0,0.00980392156862745,7.716174971200136e-05,0.0,0.01020408163265306
add_chord_p0,add_chord,0,4703,770026514,"72,139,147",252,60,2016,2,2,0,0,0,0,0,0.0,0.0,0.0,low,0,0,0,nan,0.0,0.00980392156862745,7.716174971200136e-05,0.0,0.01020408163265306
add_chord_p0,add_chord,0,4703,770026514,"72,139,147",253,61,2024,2,2,0,0,0,0,0,0.0,0.0,0.0,low,0,0,0,nan,0.0,0.00980392156862745,7.716174971200136e-05,0.0,0.01020408163265306
add_chord_p0,add_chord,0,4703,770026514,"72,139,147",254,62,2032,2,2,0,0,0,0,0,0.0,0.0,0.0,low,0,0,0,nan,0.0,0.00980392156862745,7.716174971200136e-05,0.0,0.01020408163265306
add_chord_p0,add_chord,0,4703,770026514,"72,139,147",255,63,2040,2,2,0,0,0,0,0,0.0,0.0,0.0,low,0,0,0,nan,0.0,0.00980392156862745,7.716174971200136e-05,0.0,0.01020408163265306
add_chord_p0,add_chord,0,4703,770026514,"72,139,147",256,64,2048,2,2,0,0,0,0,0,0.0,0.0,0.0,low,0,0,0,nan,0.0,0.00980392156862745,7.716174971200136e-05,0.0,0.01020408163265306
add_chord_p0,add_chord,0,4703,770026514,"72,139,147",257,65,2056,2,2,0,0,0,0,0,0.0,0.0,0.0,low,0,0,0,nan,0.0,0.00980392156862745,7.716174971200136e-05,0.0,0.01020408163265306
add_chord_p0,add_chord,0,4703,770026514,"72,139,147",258,66,2064,2,2,0,0,0,0,0,0.0,0.0,0.0,low,0,0,0,nan,0.0,0.00980392156862745,7.716174971200136e-05,0.0,0.01020408163265306
add_chord_p0,add_chord,0,4703,770026514,"72,139,147",259,67,2072,2,2,0,0,0,0,0,0.0,0.0,0.0,low,0,0,0,nan,0.0,0.00980392156862745,7.716174971200136e-05,0.0,0.01020408163265306
add_chord_p0,add_chord,0,4703,770026514,"72,139,147",260,68,2080,2,2,0,0,0,0,0,0.0,0.0,0.0,low,0,0,0,nan,0.0,0.00980392156862745,7.716174971200136e-05,0.0,0.01020408163265306
add_chord_p0,add_chord,0,4703,770026514,"72,139,147",261,69,2088,2,2,0,0,0,0,0,0.0,0.0,0.0,low,0,0,0,nan,0.0,0.00980392156862745,7.716174971200136e-05,0.0,0.01020408163265306
add_chord_p0,add_chord,0,4703,770026514,"72,139,147",262,70,2096,2,2,0,0,0,0,0,0.0,0.0,0.0,low,0,0,0,nan,0.0,0.00980392156862745,7.716174971200136e-05,0.0,0.01020408163265306
add_chord_p0,add_chord,0,4703,770026514,"72,139,147",263,71,2104,2,2,0,0,0,0,0,0.0,0.0,0.0,low,0,0,0,nan,0.0,0.00980392156862745,7.716174971200136e-05,0.0,0.01020408163265306
add_chord_p0,add_chord,0,4703,770026514,"72,139,147",264,72,2112,2,2,0,0,0,0,0,0.0,0.0,0.0,low,0,0,0,nan,0.0,0.00980392156862745,7.716174971200136e-05,0.0,0.01020408163265306
add_chord_p0,add_chord,0,4703,770026514,"72,139,147",265,73,2120,2,2,0,0,0,0,0,0.0,0.0,0.0,low,0,0,0,nan,0.0,0.00980392156862745,7.716174971200136e-05,0.0,0.01020408163265306
add_chord_p0,add_chord,0,4703,770026514,"72,139,147",266,74,2128,2,2,0,0,0,0,0,0.0,0.0,0.0,low,0,0,0,nan,0.0,0.00980392156862745,7.716174971200136e-05,0.0,0.01020408163265306
add_chord_p0,add_chord,0,4703,770026514,"72,139,147",267,75,2136,2,2,0,0,0,0,0,0.0,0.0,0.0,low,0,0,0,nan,0.0,0.00980392156862745,7.716174971200136e-05,0.0,0.01020408163265306
add_chord_p0,add_chord,0,4703,770026514,"72,139,147",268,76,2144,2,2,0,0,0,0,0,0.0,0.0,0.0,low,0,0,0,nan,0.0,0.00980392156862745,7.716174971200136e-05,0.0,0.01020408163265306
add_chord_p0,add_chord,0,4703,770026514,"72,139,147",269,77,2152,2,2,0,0,0,0,0,0.0,0.0,0.0,low,0,0,0,nan,0.0,0.00980392156862745,7.716174971200136e-05,0.0,0.01020408163265306
add_chord_p0,add_chord,0,4703,770026514,"72,139,147",270,78,2160,2,2,0,0,0,0,0,0.0,0.0,0.0,low,0,0,0,nan,0.0,0.00980392156862745,7.716174971200136e-05,0.0,0.01020408163265306
add_chord_p0,add_chord,0,4703,770026514,"72,139,147",271,79,2168,2,2,0,0,0,0,0,0.0,0.0,0.0,low,0,0,0,nan,0.0,0.00980392156862745,7.716174971200136e-05,0.0,0.01020408163265306
add_chord_p0,add_chord,0,4703,770026514,"72,139,147",272,80,2176,2,2,0,0,0,0,0,0.0,0.0,0.0,low,0,0,0,nan,0.0,0.00980392156862745,7.716174971200136e-05,0.0,0.01020408163265306
add_chord_p0,add_chord,0,4703,770026514,"72,139,147",273,81,2184,2,2,0,0,0,0,0,0.0,0.0,0.0,low,0,0,0,nan,0.0,0.00980392156862745,7.715613643677748e-05,0.0,0.01020408163265306
add_chord_p0,add_chord,0,4703,770026514,"72,139,147",274,82,2192,2,2,0,0,0,0,0,0.0,0.0,0.0,low,0,0,0,nan,0.0,0.00980392156862745,7.715613643677748e-05,0.0,0.01020408163265306
add_chord_p0,add_chord,0,4703,770026514,"72,139,147",275,83,2200,2,2,0,0,0,0,0,0.0,0.0,0.0,low,0,0,0,nan,0.0,0.00980392156862745,7.715613643677748e-05,0.0,0.01020408163265306
add_chord_p0,add_chord,0,4703,770026514,"72,139,147",276,84,2208,2,2,0,0,0,0,0,0.0,0.0,0.0,low,0,0,0,nan,0.0,0.00980392156862745,7.715613643677748e-05,0.0,0.01020408163265306
add_chord_p0,add_chord,0,4703,770026514,"72,139,147",277,85,2216,2,2,0,0,0,0,0,0.0,0.0,0.0,low,0,0,0,nan,0.0,0.00980392156862745,7.715613643677748e-05,0.0,0.01020408163265306
add_chord_p0,add_chord,0,4703,770026514,"72,139,147",278,86,2224,2,2,0,0,0,0,0,0.0,0.0,0.0,low,0,0,0,nan,0.0,0.00980392156862745,7.715613643677748e-05,0.0,0.01020408163265306
add_chord_p0,add_chord,0,4703,770026514,"72,139,147",279,87,2232,2,2,0,0,0,0,0,0.0,0.0,0.0,low,0,0,0,nan,0.0,0.00980392156862745,7.715613643677748e-05,0.0,0.01020408163265306
add_chord_p0,add_chord,0,4703,770026514,"72,139,147",280,88,2240,2,2,0,0,0,0,0,0.0,0.0,0.0,low,0,0,0,nan,0.0,0.00980392156862745,7.715613643677748e-05,0.0,0.01020408163265306
add_chord_p0,add_chord,0,4703,770026514,"72,139,147",281,89,2248,2,2,0,0,0,0,0,0.0,0.0,0.0,low,0,0,0,nan,0.0,0.00980392156862745,7.715613643677748e-05,0.0,0.01020408163265306
add_chord_p0,add_chord,0,4703,770026514,"72,139,147",282,90,2256,2,2,0,0,0,0,0,0.0,0.0,0.0,low,0,0,0,nan,0.0,0.00980392156862745,7.715613643677748e-05,0.0,0.01020408163265306
add_chord_p0,add_chord,0,4703,770026514,"72,139,147",283,91,2264,2,2,0,0,0,0,0,0.0,0.0,0.0,low,0,0,0,nan,0.0,0.00980392156862745,7.715613643677748e-05,0.0,0.01020408163265306
add_chord_p0,add_chord,0,4703,770026514,"72,139,147",284,92,2272,2,2,0,0,0,0,0,0.0,0.0,0.0,low,0,0,0,nan,0.0,0.00980392156862745,7.715613643677748e-05,0.0,0.01020408163265306
add_chord_p0,add_chord,0,4703,770026514,"72,139,147",285,93,2280,2,2,0,0,0,0,0,0.0,0.0,0.0,low,0,0,0,nan,0.0,0.00980392156862745,7.715613643677748e-05,0.0,0.01020408163265306
add_chord_p0,add_chord,0,4703,770026514,"72,139,147",286,94,2288,2,2,0,0,0,0,0,0.0,0.0,0.0,low,0,0,0,nan,0.0,0.00980392156862745,7.715613643677748e-05,0.0,0.01020408163265306
add_chord_p0,add_chord,0,4703,770026514,"72,139,147",287,95,2296,2,2,0,0,0,0,0,0.0,0.0,0.0,low,0,0,0,nan,0.0,0.00980392156862745,7.715613643677748e-05,0.0,0.01020408163265306
add_chord_p0,add_chord,0,4703,770026514,"72,139,147",288,96,2304,2,2,0,0,0,0,0,0.0,0.0,0.0,low,0,0,0,nan,0.0,0.00980392156862745,7.715613643677748e-05,0.0,0.01020408163265306
add_chord_p0,add_chord,0,4703,770026514,"72,139,147",289,97,2312,2,2,0,0,0,0,0,0.0,0.0,0.0,low,0,0,0,nan,0.0,0.00980392156862745,7.715613643677748e-05,0.0,0.01020408163265306
add_chord_p0,add_chord,0,4703,770026514,"72,139,147",290,98,2320,2,2,0,0,0,0,0,0.0,0.0,0.0,low,0,0,0,nan,0.0,0.00980392156862745,7.715613643677748e-05,0.0,0.01020408163265306
add_chord_p0,add_chord,0,4703,770026514,"72,139,147",291,99,2328,2,2,0,0,0,0,0,0.0,0.0,0.0,low,0,0,0,nan,0.0,0.00980392156862745,7.715613643677748e-05,0.0,0.01020408163265306
add_chord_p0,add_chord,0,4703,770026514,"72,139,147",292,100,2336,2,2,0,0,0,0,0,0.0,0.0,0.0,low,0,0,0,nan,0.0,0.00980392156862745,7.775232611517065e-05,0.0,0.01020408163265306
add_chord_p0,add_chord,0,4703,770026514,"72,139,147",293,101,2344,2,2,0,0,0,0,0,0.0,0.0,0.0,low,0,0,0,nan,0.0,0.00980392156862745,7.775232611517065e-05,0.0,0.01020408163265306
add_chord_p0,add_chord,0,4703,770026514,"72,139,147",294,102,2352,2,2,0,0,0,0,0,0.0,0.0,0.0,low,0,0,0,nan,0.0,0.00980392156862745,7.775232611517065e-05,0.0,0.01020408163265306
add_chord_p0,add_chord,0,4703,770026514,"72,139,147",295,103,2360,2,2,0,0,0,0,0,0.0,0.0,0.0,low,0,0,0,nan,0.0,0.00980392156862745,7.775232611517065e-05,0.0,0.01020408163265306
add_chord_p0,add_chord,0,4703,770026514,"72,139,147",296,104,2368,2,2,0,0,0,0,0,0.0,0.0,0.0,low,0,0,0,nan,0.0,0.00980392156862745,7.775232611517065e-05,0.0,0.01020408163265306
add_chord_p0,add_chord,0,4703,770026514,"72,139,147",297,105,2376,2,2,0,0,0,0,0,0.0,0.0,0.0,low,0,0,0,nan,0.0,0.00980392156862745,7.775232611517065e-05,0.0,0.01020408163265306
add_chord_p0,add_chord,0,4703,770026514,"72,139,147",298,106,2384,2,2,0,0,0,0,0,0.0,0.0,0.0,low,0,0,0,nan,0.0,0.00980392156862745,7.775232611517065e-05,0.0,0.01020408163265306
add_chord_p0,add_chord,0,4703,770026514,"72,139,147",299,107,2392,2,2,0,0,0,0,0,0.0,0.0,0.0,low,0,0,0,nan,0.0,0.00980392156862745,7.775232611517065e-05,0.0,0.01020408163265306
add_chord_p0,add_chord,0,4703,770026514,"72,139,147",300,108,2400,2,2,0,0,0,0,0,0.0,0.0,0.0,low,0,0,0,nan,0.0,0.00980392156862745,7.775232611517065e-05,0.0,0.01020408163265306
add_chord_p0,add_chord,0,4703,770026514,"72,139,147",301,109,2408,2,2,0,0,0,0,0,0.0,0.0,0.0,low,0,0,0,nan,0.0,0.00980392156862745,7.775232611517065e-05,0.0,0.01020408163265306
add_chord_p0,add_chord,0,4703,770026514,"72,139,147",302,110,2416,2,2,0,0,0,0,0,0.0,0.0,0.0,low,0,0,0,nan,0.0,0.00980392156862745,7.775232611517065e-05,0.0,0.01020408163265306
add_chord_p0,add_chord,0,4703,770026514,"72,139,147",303,111,2424,2,2,0,0,0,0,0,0.0,0.0,0.0,low,0,0,0,nan,0.0,0.00980392156862745,7.775232611517065e-05,0.0,0.01020408163265306
add_chord_p0,add_chord,0,4703,770026514,"72,139,147",304,112,2432,2,2,0,0,0,0,0,0.0,0.0,0.0,low,0,0,0,nan,0.0,0.00980392156862745,7.775232611517065e-05,0.0,0.01020408163265306
add_chord_p0,add_chord,0,4703,770026514,"72,139,147",305,113,2440,2,2,0,0,0,0,0,0.0,0.0,0.0,low,0,0,0,nan,0.0,0.00980392156862745,7.775232611517065e-05,0.0,0.01020408163265306
add_chord_p0,add_chord,0,4703,770026514,"72,139,147",306,114,2448,2,2,0,0,0,0,0,0.0,0.0,0.0,low,0,0,0,nan,0.0,0.00980392156862745,7.775232611517065e-05,0.0,0.01020408163265306
add_chord_p0,add_chord,0,4703,770026514,"72,139,147",307,115,2456,2,2,0,0,0,0,0,0.0,0.0,0.0,low,0,0,0,nan,0.0,0.00980392156862745,7.775232611517065e-05,0.0,0.01020408163265306
add_chord_p0,add_chord,0,4703,770026514,"72,139,147",308,116,2464,2,2,0,0,0,0,0,0.0,0.0,0.0,low,0,0,0,nan,0.0,0.00980392156862745,7.775232611517065e-05,0.0,0.01020408163265306
add_chord_p0,add_chord,0,4703,770026514,"72,139,147",309,117,2472,2,2,0,0,0,0,0,0.0,0.0,0.0,low,0,0,0,nan,0.0,0.00980392156862745,7.775232611517065e-05,0.0,0.01020408163265306
add_chord_p0,add_chord,0,4703,770026514,"72,139,147",310,118,2480,2,2,0,0,0,0,0,0.0,0.0,0.0,low,0,0,0,nan,0.0,0.00980392156862745,7.775232611517065e-05,0.0,0.01020408163265306
add_chord_p0,add_chord,0,4703,770026514,"72,139,147",311,119,2488,2,2,0,0,0,0,0,0.0,0.0,0.0,low,0,0,0,nan,0.0,0.00980392156862745,7.775232611517065e-05,0.0,0.01020408163265306
add_chord_p0,add_chord,0,4703,770026514,"72,139,147",312,120,2496,2,2,0,0,0,0,0,0.0,0.0,0.0,low,0,0,0,nan,0.0,0.00980392156862745,7.775232611517065e-05,0.0,0.01020408163265306
add_chord_p0,add_chord,0,4703,770026514,"72,139,147",313,121,2504,2,2,0,0,0,0,0,0.0,0.0,0.0,low,0,0,0,nan,0.0,0.00980392156862745,7.775232611517065e-05,0.0,0.01020408163265306
add_chord_p0,add_chord,0,4703,770026514,"72,139,147",314,122,2512,2,2,0,0,0,0,0,0.0,0.0,0.0,low,0,0,0,nan,0.0,0.00980392156862745,7.775232611517065e-05,0.0,0.01020408163265306
add_chord_p0,add_chord,0,4703,770026514,"72,139,147",315,123,2520,2,2,0,0,0,0,0,0.0,0.0,0.0,low,0,0,0,nan,0.0,0.00980392156862745,7.775232611517065e-05,0.0,0.01020408163265306
add_chord_p0,add_chord,0,4703,770026514,"72,139,147",316,124,2528,2,2,0,0,0,0,0,0.0,0.0,0.0,low,0,0,0,nan,0.0,0.00980392156862745,7.775253230858305e-05,0.0,0.01020408163265306
add_chord_p0,add_chord,0,4703,770026514,"72,139,147",317,125,2536,2,2,0,0,0,0,0,0.0,0.0,0.0,low,0,0,0,nan,0.0,0.00980392156862745,7.775253230858305e-05,0.0,0.01020408163265306
add_chord_p0,add_chord,0,4703,770026514,"72,139,147",318,126,2544,2,2,0,0,0,0,0,0.0,0.0,0.0,low,0,0,0,nan,0.0,0.00980392156862745,7.775253230858305e-05,0.0,0.01020408163265306
add_chord_p0,add_chord,0,4703,770026514,"72,139,147",319,127,2552,2,2,0,0,0,0,0,0.0,0.0,0.0,low,0,0,0,nan,0.0,0.00980392156862745,7.775253230858305e-05,0.0,0.01020408163265306
add_chord_p0,add_chord,0,4703,770026514,"72,139,147",320,128,2560,2,2,0,0,0,0,0,0.0,0.0,0.0,low,0,0,0,nan,0.0,0.00980392156862745,7.775253230858305e-05,0.0,0.01020408163265306
add_chord_p0,add_chord,0,4751,770026562,"72,139,147",192,0,1536,83,2,3,7,12,19,59,0.2289156626506024,0.7108433734939759,4.313253012048193,low,5,4,102,5.368421052631579,0.0,0.00980392156862745,0.006087105747516435,0.00902519057772849,0.01020408163265306
add_chord_p0,add_chord,0,4751,770026562,"72,139,147",193,1,1544,79,2,3,7,12,19,55,0.24050632911392406,0.6962025316455697,4.329113924050633,low,5,4,102,5.368421052631579,0.0,0.00980392156862745,0.006087105747516435,0.00902519057772849,0.01020408163265306
add_chord_p0,add_chord,0,4751,770026562,"72,139,147",194,2,1552,78,2,3,6,12,18,55,0.23076923076923078,0.7051282051282052,4.5256410256410255,low,3,6,103,5.722222222222222,0.0,0.00980392156862745,0.006087105747516435,0.00902519057772849,0.01020408163265306
add_chord_p0,add_chord,0,4751,770026562,"72,139,147",195,3,1560,80,2,3,6,12,18,57,0.225,0.7125,4.7,low,3,6,103,5.722222222222222,0.0,0.00980392156862745,0.006087105747516435,0.00902519057772849,0.01020408163265306
add_chord_p0,add_chord,0,4751,770026562,"72,139,147",196,4,1568,83,2,3,6,13,19,59,0.2289156626506024,0.7108433734939759,4.674698795180723,low,3,6,104,5.473684210526316,0.0,0.00980392156862745,0.006087105747516435,0.00902519057772849,0.01020408163265306
add_chord_p0,add_chord,0,4751,770026562,"72,139,147",197,5,1576,84,2,2,5,13,18,62,0.21428571428571427,0.7380952380952381,4.726190476190476,low,2,7,98,5.444444444444445,0.0,0.00980392156862745,0.006102718523730357,0.00902519057772849,0.02040816326530612
add_chord_p0,add_chord,0,4751,770026562,"72,139,147",198,6,1584,84,2,2,5,13,18,62,0.21428571428571427,0.7380952380952381,4.738095238095238,low,2,7,98,5.444444444444445,0.0,0.00980392156862745,0.006102718523730357,0.00902519057772849,0.02040816326530612
add_chord_p0,add_chord,0,4751,770026562,"72,139,147",199,7,1592,83,2,2,7,11,18,61,0.21686746987951808,0.7349397590361446,4.542168674698795,low,4,3,99,5.5,0.0,0.00980392156862745,0.0018810115035019035,0.00902519057772849,0.01020408163265306
add_chord_p0,add_chord,0,4751,770026562,"72,139,147",200,8,1600,87,2,2,7,10,17,66,0.19540229885057472,0.7586206896551724,4.551724137931035,low,4,3,98,5.764705882352941,0.0,0.00980392156862745,0.0018810115035019035,0.00902519057772849,0.01020408163265306
add_chord_p0,add_chord,0,4751,770026562,"72,139,147",201,9,1608,83,2,2,6,10,16,63,0.1927710843373494,0.7590361445783133,4.530120481927711,low,3,4,94,5.875,0.0,0.00980392156862745,0.0025377591869241625,0.00902519057772849,0.02040816326530612
add_chord_p0,add_chord,0,4751,770026562,"72,139,147",202,10,1616,82,2,1,6,10,16,63,0.1951219512195122,0.7682926829268293,4.585365853658536,low,3,4,94,5.875,0.0,0.00980392156862745,0.0025377591869241625,0.00902519057772849,0.02040816326530612
add_chord_p0,add_chord,0,4751,770026562,"72,139,147",203,11,1624,84,2,1,6,10,16,65,0.19047619047619047,0.7738095238095238,4.619047619047619,low,3,4,94,5.875,0.0,0.00980392156862745,0.0025377591869241625,0.00902519057772849,0.02040816326530612
add_chord_p0,add_chord,0,4751,770026562,"72,139,147",204,12,1632,83,2,3,6,11,17,61,0.20481927710843373,0.7349397590361446,4.674698795180723,low,3,4,95,5.588235294117647,0.0,0.00980392156862745,0.0025377591869241625,0.00902519057772849,0.02040816326530612
add_chord_p0,add_chord,0,4751,770026562,"72,139,147",205,13,1640,83,2,3,7,10,17,61,0.20481927710843373,0.7349397590361446,4.662650602409639,low,4,3,100,5.882352941176471,0.0,0.00980392156862745,0.0024850709704466356,0.00902519057772849,0.02040816326530612
add_chord_p0,add_chord,0,4751,770026562,"72,139,147",206,14,1648,85,2,3,7,11,18,62,0.21176470588235294,0.7294117647058823,4.529411764705882,low,4,3,99,5.5,0.0,0.00980392156862745,0.0024850709704466356,0.00902519057772849,0.02040816326530612
add_chord_p0,add_chord,0,4751,770026562,"72,139,147",207,15,1656,85,2,3,7,12,19,61,0.2235294117647059,0.7176470588235294,4.4941176470588236,low,4,4,96,5.052631578947368,0.0,0.00980392156862745,0.0024850709704466356,0.00902519057772849,0.02040816326530612
add_chord_p0,add_chord,0,4751,770026562,"72,139,147",208,16,1664,85,2,3,7,12,19,61,0.2235294117647059,0.7176470588235294,4.4941176470588236,low,4,4,96,5.052631578947368,0.0,0.00980392156862745,0.0024850709704466356,0.00902519057772849,0.02040816326530612
add_chord_p0,add_chord,0,4751,770026562,"72,139,147",209,17,1672,86,2,3,7,12,19,62,0.22093023255813954,0.7209302325581395,4.5,low,4,4,96,5.052631578947368,0.0,0.00980392156862745,0.0024850709704466356,0.00902519057772849,0.02040816326530612
add_chord_p0,add_chord,0,4751,770026562,"72,139,147",210,18,1680,86,2,2,7,12,19,63,0.22093023255813954,0.7325581395348837,4.5,low,4,4,96,5.052631578947368,0.0,0.00980392156862745,0.0024850709704466356,0.00902519057772849,0.02040816326530612
add_chord_p0,add_chord,0,4751,770026562,"72,139,147",211,19,1688,86,2,2,7,12,19,63,0.22093023255813954,0.7325581395348837,4.5,low,4,4,96,5.052631578947368,0.0,0.00980392156862745,0.0024850709704466356,0.00902519057772849,0.02040816326530612
add_chord_p0,add_chord,0,4751,770026562,"72,139,147",212,20,1696,89,3,2,7,12,19,65,0.21348314606741572,0.7303370786516854,4.48314606741573,low,4,4,96,5.052631578947368,0.0,0.00980392156862745,0.0024850709704466356,0.00902519057772849,0.02040816326530612
add_chord_p0,add_chord,0,4751,770026562,"72,139,147",213,21,1704,89,3,2,7,12,19,65,0.21348314606741572,0.7303370786516854,4.46067415730337,low,4,4,96,5.052631578947368,0.0,0.00980392156862745,0.0024850709704466356,0.00902519057772849,0.02040816326530612
add_chord_p0,add_chord,0,4751,770026562,"72,139,147",214,22,1712,90,3,2,7,13,20,65,0.2222222222222222,0.7222222222222222,4.411111111111111,low,4,5,97,4.85,0.0,0.00980392156862745,0.0024850709704466356,0.00902519057772849,0.02040816326530612
add_chord_p0,add_chord,0,4751,770026562,"72,139,147",215,23,1720,90,3,2,7,13,20,65,0.2222222222222222,0.7222222222222222,4.4222222222222225,low,4,4,97,4.85,0.0,0.00980392156862745,0.0024850709704466356,0.00902519057772849,0.02040816326530612
add_chord_p0,add_chord,0,4751,770026562,"72,139,147",216,24,1728,91,3,2,8,14,22,64,0.24175824175824176,0.7032967032967034,4.395604395604396,low,5,3,100,4.545454545454546,0.0,0.00980392156862745,0.0024850709704466356,0.00902519057772849,0.02040816326530612
add_chord_p0,add_chord,0,4751,770026562,"72,139,147",217,25,1736,90,3,2,7,14,21,64,0.23333333333333334,0.7111111111111111,4.3,low,5,3,99,4.714285714285714,0.0,0.00980392156862745,0.0024850709704466356,0.00902519057772849,0.02040816326530612
add_chord_p0,add_chord,0,4751,770026562,"72,139,147",218,26,1744,91,3,3,7,14,21,64,0.23076923076923078,0.7032967032967034,4.274725274725275,low,5,3,99,4.714285714285714,0.0,0.00980392156862745,0.0024850709704466356,0.00902519057772849,0.02040816326530612
add_chord_p0,add_chord,0,4751,770026562,"72,139,147",219,27,1752,93,3,4,7,13,20,66,0.21505376344086022,0.7096774193548387,4.279569892473118,low,5,3,100,5.0,0.0,0.00980392156862745,0.0024850709704466356,0.00902519057772849,0.02040816326530612
add_chord_p0,add_chord,0,4751,770026562,"72,139,147",220,28,1760,90,3,4,7,13,20,63,0.2222222222222222,0.7,4.2555555555555555,low,5,3,100,5.0,0.0,0.00980392156862745,0.0024850709704466356,0.00902519057772849,0.02040816326530612
add_chord_p0,add_chord,0,4751,770026562,"72,139,147",221,29,1768,92,3,4,7,13,20,65,0.21739130434782608,0.7065217391304348,4.336956521739131,low,5,3,100,5.0,0.0,0.00980392156862745,0.0024850709704466356,0.00902519057772849,0.02040816326530612
add_chord_p0,add_chord,0,4751,770026562,"72,139,147",222,30,1776,89,3,3,6,13,19,64,0.21348314606741572,0.7191011235955056,4.52808988764045,low,3,5,101,5.315789473684211,0.0,0.00980392156862745,0.0024850709704466356,0.00902519057772849,0.02040816326530612
add_chord_p0,add_chord,0,4751,770026562,"72,139,147",223,31,1784,93,3,3,6,14,20,67,0.21505376344086022,0.7204301075268817,4.580645161290323,low,3,5,100,5.0,0.0,0.00980392156862745,0.0024850709704466356,0.00902519057772849,0.02040816326530612
add_chord_p0,add_chord,0,4751,770026562,"72,139,147",224,32,1792,95,3,3,6,14,20,69,0.21052631578947367,0.7263157894736842,4.621052631578947,low,3,5,100,5.0,0.0,0.00980392156862745,0.0024850709704466356,0.00902519057772849,0.02040816326530612
add_chord_p0,add_chord,0,4751,770026562,"72,139,147",225,33,1800,94,3,3,6,14,20,68,0.2127659574468085,0.723404255319149,4.74468085106383,low,3,6,102,5.1,0.0,0.00980392156862745,0.0024850709704466356,0.00902519057772849,0.02040816326530612
add_chord_p0,add_chord,0,4751,770026562,"72,139,147",226,34,1808,94,3,4,6,14,20,67,0.2127659574468085,0.7127659574468085,4.712765957446808,low,3,6,102,5.1,0.0,0.00980392156862745,0.0024850709704466356,0.00902519057772849,0.02040816326530612
add_chord_p0,add_chord,0,4751,770026562,"72,139,147",227,35,1816,92,3,4,6,13,19,66,0.20652173913043478,0.717391304347826,4.586956521739131,low,3,6,101,5.315789473684211,0.0,0.00980392156862745,0.0024850709704466356,0.00902519057772849,0.02040816326530612
add_chord_p0,add_chord,0,4751,770026562,"72,139,147",228,36,1824,93,3,4,6,13,19,67,0.20430107526881722,0.7204301075268817,4.602150537634409,low,3,6,101,5.315789473684211,0.0,0.00980392156862745,0.0024850709704466356,0.00902519057772849,0.02040816326530612
add_chord_p0,add_chord,0,4751,770026562,"72,139,147",229,37,1832,96,3,4,6,13,19,70,0.19791666666666666,0.7291666666666666,4.635416666666667,low,3,6,101,5.315789473684211,0.0,0.00980392156862745,0.0012511130352325208,0.00902519057772849,0.01020408163265306
add_chord_p0,add_chord,0,4751,770026562,"72,139,147",230,38,1840,98,3,4,7,13,20,71,0.20408163265306123,0.7244897959183674,4.6020408163265305,low,5,4,100,5.0,0.0,0.00980392156862745,0.0012511130352325208,0.00902519057772849,0.01020408163265306
add_chord_p0,add_chord,0,4751,770026562,"72,139,147",231,39,1848,98,3,3,7,13,20,72,0.20408163265306123,0.7346938775510204,4.63265306122449,low,5,4,100,5.0,0.0,0.00980392156862745,0.0012511130352325208,0.00902519057772849,0.01020408163265306
add_chord_p0,add_chord,0,4751,770026562,"72,139,147",232,40,1856,98,3,3,7,13,20,72,0.20408163265306123,0.7346938775510204,4.663265306122449,low,5,5,105,5.25,0.0,0.00980392156862745,0.0012511130352325208,0.00902519057772849,0.01020408163265306
add_chord_p0,add_chord,0,4751,770026562,"72,139,147",233,41,1864,96,3,3,7,13,20,70,0.20833333333333334,0.7291666666666666,4.625,low,5,5,105,5.25,0.0,0.00980392156862745,0.0012511130352325208,0.00902519057772849,0.01020408163265306
add_chord_p0,add_chord,0,4751,770026562,"72,139,147",234,42,1872,99,3,3,8,12,20,73,0.20202020202020202,0.7373737373737373,4.757575757575758,low,5,4,103,5.15,0.0,0.00980392156862745,0.0012511130352325208,0.00902519057772849,0.01020408163265306
add_chord_p0,add_chord,0,4751,770026562,"72,139,147",235,43,1880,101,3,3,8,12,20,75,0.19801980198019803,0.7425742574257426,4.742574257425742,low,5,4,105,5.25,0.0,0.00980392156862745,0.008201266398138203,0.00902519057772849,0.02040816326530612
add_chord_p0,add_chord,0,4751,770026562,"72,139,147",236,44,1888,99,3,3,8,13,21,72,0.21212121212121213,0.7272727272727273,4.717171717171717,low,6,3,101,4.809523809523809,0.0,0.00980392156862745,0.008201266398138203,0.00902519057772849,0.02040816326530612
add_chord_p0,add_chord,0,4751,770026562,"72,139,147",237,45,1896,98,3,3,7,14,21,71,0.21428571428571427,0.7244897959183674,4.73469387755102,low,6,4,90,4.285714285714286,0.0,0.00980392156862745,0.008201266398138203,0.00902519057772849,0.02040816326530612
add_chord_p0,add_chord,0,4751,770026562,"72,139,147",238,46,1904,101,2,3,7,16,23,73,0.22772277227722773,0.7227722772277227,4.7227722772277225,low,7,4,91,3.9565217391304346,0.0,0.00980392156862745,0.008201266398138203,0.00902519057772849,0.02040816326530612
add_chord_p0,add_chord,0,4751,770026562,"72,139,147",239,47,1912,103,2,3,7,16,23,75,0.22330097087378642,0.7281553398058253,4.689320388349515,low,7,4,91,3.9565217391304346,0.0,0.00980392156862745,0.008201266398138203,0.00902519057772849,0.02040816326530612
add_chord_p0,add_chord,0,4751,770026562,"72,139,147",240,48,1920,104,2,3,7,16,23,76,0.22115384615384615,0.7307692307692307,4.711538461538462,low,7,4,91,3.9565217391304346,0.0,0.00980392156862745,0.008201266398138203,0.00902519057772849,0.02040816326530612
add_chord_p0,add_chord,0,4751,770026562,"72,139,147",241,49,1928,102,2,3,7,16,23,74,0.22549019607843138,0.7254901960784313,4.705882352941177,low,7,4,91,3.9565217391304346,0.0,0.00980392156862745,0.008201266398138203,0.00902519057772849,0.02040816326530612
add_chord_p0,add_chord,0,4751,770026562,"72,139,147",242,50,1936,104,2,3,7,16,23,76,0.22115384615384615,0.7307692307692307,4.923076923076923,low,7,4,91,3.9565217391304346,0.0,0.00980392156862745,0.008201266398138203,0.00902519057772849,0.02040816326530612
add_chord_p0,add_chord,0,4751,770026562,"72,139,147",243,51,1944,106,2,3,6,18,24,77,0.22641509433962265,0.7264150943396226,4.89622641509434,low,6,7,91,3.7916666666666665,0.0,0.00980392156862745,0.008201266398138203,0.00902519057772849,0.02040816326530612
add_chord_p0,add_chord,0,4751,770026562,"72,139,147",244,52,1952,106,2,3,6,19,25,76,0.2358490566037736,0.7169811320754716,4.820754716981132,low,6,8,96,3.84,0.0,0.00980392156862745,0.008201266398138203,0.00902519057772849,0.02040816326530612
add_chord_p0,add_chord,0,4751,770026562,"72,139,147",245,53,1960,106,2,3,6,19,25,76,0.2358490566037736,0.7169811320754716,4.820754716981132,low,6,8,96,3.84,0.0,0.00980392156862745,0.008201266398138203,0.00902519057772849,0.02040816326530612
add_chord_p0,add_chord,0,4751,770026562,"72,139,147",246,54,1968,109,2,3,6,19,25,79,0.22935779816513763,0.7247706422018348,4.990825688073395,low,6,8,96,3.84,0.0,0.00980392156862745,0.008201266398138203,0.00902519057772849,0.02040816326530612
add_chord_p0,add_chord,0,4751,770026562,"72,139,147",247,55,1976,105,2,2,6,17,23,78,0.21904761904761905,0.7428571428571429,5.085714285714285,mid,4,8,97,4.217391304347826,0.0,0.00980392156862745,0.008201266398138203,0.00902519057772849,0.02040816326530612
add_chord_p0,add_chord,0,4751,770026562,"72,139,147",248,56,1984,104,2,2,6,18,24,76,0.23076923076923078,0.7307692307692307,4.971153846153846,low,5,8,97,4.041666666666667,0.0,0.00980392156862745,0.008089497488677445,0.00902519057772849,0.02040816326530612
add_chord_p0,add_chord,0,4751,770026562,"72,139,147",249,57,1992,105,2,2,6,17,23,78,0.21904761904761905,0.7428571428571429,4.961904761904762,low,5,7,93,4.043478260869565,0.0,0.00980392156862745,0.008113249338023158,0.008993537489497072,0.030612244897959183
add_chord_p0,add_chord,0,4751,770026562,"72,139,147",250,58,2000,112,2,2,6,18,24,84,0.21428571428571427,0.75,5.053571428571429,mid,5,7,95,3.9583333333333335,0.0,0.00980392156862745,0.008113249338023158,0.008993537489497072,0.030612244897959183
add_chord_p0,add_chord,0,4751,770026562,"72,139,147",251,59,2008,114,2,2,6,18,24,86,0.21052631578947367,0.7543859649122807,5.0701754385964914,mid,5,7,95,3.9583333333333335,0.0,0.00980392156862745,0.008113249338023158,0.008993537489497072,0.030612244897959183
add_chord_p0,add_chord,0,4751,770026562,"72,139,147",252,60,2016,114,2,2,6,17,23,87,0.20175438596491227,0.7631578947368421,5.105263157894737,mid,4,7,95,4.130434782608695,0.0,0.00980392156862745,0.008113249338023158,0.008993537489497072,0.030612244897959183
add_chord_p0,add_chord,0,4751,770026562,"72,139,147",253,61,2024,113,2,2,6,17,23,86,0.20353982300884957,0.7610619469026548,5.115044247787611,mid,4,7,95,4.130434782608695,0.0,0.00980392156862745,0.008113249338023158,0.008993537489497072,0.030612244897959183
add_chord_p0,add_chord,0,4751,770026562,"72,139,147",254,62,2032,115,3,2,6,18,24,86,0.20869565217391303,0.7478260869565218,5.104347826086957,mid,5,7,95,3.9583333333333335,0.0,0.00980392156862745,0.008113249338023158,0.008993537489497072,0.030612244897959183
add_chord_p0,add_chord,0,4751,770026562,"72,139,147",255,63,2040,113,3,2,6,17,23,85,0.20353982300884957,0.7522123893805309,5.106194690265487,mid,5,7,93,4.043478260869565,0.0,0.00980392156862745,0.008113249338023158,0.008993537489497072,0.030612244897959183
add_chord_p0,add_chord,0,4751,770026562,"72,139,147",256,64,2048,113,3,3,6,17,23,84,0.20353982300884957,0.7433628318584071,5.070796460176991,mid,5,7,94,4.086956521739131,0.0,0.00980392156862745,0.008113249338023158,0.008993537489497072,0.030612244897959183
add_chord_p0,add_chord,0,4751,770026562,"72,139,147",257,65,2056,111,3,3,6,17,23,82,0.2072072072072072,0.7387387387387387,5.117117117117117,mid,5,7,94,4.086956521739131,0.0,0.00980392156862745,0.008113249338023158,0.008993537489497072,0.030612244897959183
add_chord_p0,add_chord,0,4751,770026562,"72,139,147",258,66,2064,110,3,3,7,15,22,82,0.2,0.7454545454545455,5.118181818181818,mid,5,6,103,4.681818181818182,0.0,0.00980392156862745,0.008113249338023158,0.008993537489497072,0.030612244897959183
add_chord_p0,add_chord,0,4751,770026562,"72,139,147",259,67,2072,108,3,3,7,15,22,80,0.2037037037037037,0.7407407407407407,5.111111111111111,mid,5,6,103,4.681818181818182,0.0,0.00980392156862745,0.008056419331978084,0.008993537489497072,0.030612244897959183
add_chord_p0,add_chord,0,4751,770026562,"72,139,147",260,68,2080,109,3,3,7,15,22,81,0.2018348623853211,0.7431192660550459,5.128440366972477,mid,5,6,103,4.681818181818182,0.0,0.00980392156862745,0.008056419331978084,0.008993537489497072,0.030612244897959183
add_chord_p0,add_chord,0,4751,770026562,"72,139,147",261,69,2088,108,3,3,7,14,21,81,0.19444444444444445,0.75,5.138888888888889,mid,4,6,103,4.904761904761905,0.0,0.00980392156862745,0.008056419331978084,0.008993537489497072,0.030612244897959183
add_chord_p0,add_chord,0,4751,770026562,"72,139,147",262,70,2096,105,3,3,7,14,21,78,0.2,0.7428571428571429,5.161904761904762,mid,4,6,103,4.904761904761905,0.0,0.00980392156862745,0.008056419331978084,0.008993537489497072,0.030612244897959183
add_chord_p0,add_chord,0,4751,770026562,"72,139,147",263,71,2104,103,3,2,7,14,21,77,0.20388349514563106,0.7475728155339806,5.097087378640777,mid,4,6,103,4.904761904761905,0.0,0.00980392156862745,0.008056419331978084,0.008993537489497072,0.030612244897959183
add_chord_p0,add_chord,0,4751,770026562,"72,139,147",264,72,2112,105,3,2,8,15,23,77,0.21904761904761905,0.7333333333333333,5.057142857142857,mid,5,3,102,4.434782608695652,0.0,0.00980392156862745,0.008056419331978084,0.008993537489497072,0.030612244897959183
add_chord_p0,add_chord,0,4751,770026562,"72,139,147",265,73,2120,109,3,2,8,16,24,80,0.22018348623853212,0.7339449541284404,5.137614678899083,mid,6,3,101,4.208333333333333,0.0,0.00980392156862745,0.008056569669601107,0.008993537489497072,0.030612244897959183
add_chord_p0,add_chord,0,4751,770026562,"72,139,147",266,74,2128,109,3,2,7,16,23,81,0.21100917431192662,0.7431192660550459,5.146788990825688,mid,6,4,100,4.3478260869565215,0.0,0.00980392156862745,0.008056569669601107,0.008993537489497072,0.030612244897959183
add_chord_p0,add_chord,0,4751,770026562,"72,139,147",267,75,2136,114,3,1,9,18,27,83,0.23684210526315788,0.7280701754385965,5.06140350877193,mid,6,7,107,3.962962962962963,0.0,0.00980392156862745,0.008056569669601107,0.008993537489497072,0.030612244897959183
add_chord_p0,add_chord,0,4751,770026562,"72,139,147",268,76,2144,116,3,1,8,18,26,86,0.22413793103448276,0.7413793103448276,5.094827586206897,mid,5,11,107,4.115384615384615,0.0,0.00980392156862745,0.008056569669601107,0.008993537489497072,0.030612244897959183
add_chord_p0,add_chord,0,4751,770026562,"72,139,147",269,77,2152,120,3,1,9,17,26,90,0.21666666666666667,0.75,5.166666666666667,mid,6,7,106,4.076923076923077,0.0,0.00980392156862745,0.008056569669601107,0.008993537489497072,0.030612244897959183
add_chord_p0,add_chord,0,4751,770026562,"72,139,147",270,78,2160,119,3,1,9,17,26,89,0.2184873949579832,0.7478991596638656,5.19327731092437,mid,6,7,106,4.076923076923077,0.0,0.00980392156862745,0.008057668305536659,0.008993537489497072,0.030612244897959183
add_chord_p0,add_chord,0,4751,770026562,"72,139,147",271,79,2168,118,3,1,9,16,25,89,0.211864406779661,0.7542372881355932,5.237288135593221,mid,6,6,103,4.12,0.0,0.00980392156862745,0.008057668305536659,0.008993537489497072,0.030612244897959183
add_chord_p0,add_chord,0,4751,770026562,"72,139,147",272,80,2176,118,3,1,10,15,25,89,0.211864406779661,0.7542372881355932,5.237288135593221,mid,6,5,103,4.12,0.0,0.00980392156862745,0.008057668305536659,0.008993537489497072,0.030612244897959183
add_chord_p0,add_chord,0,4751,770026562,"72,139,147",273,81,2184,111,3,1,10,15,25,82,0.22522522522522523,0.7387387387387387,5.045045045045045,mid,6,5,103,4.12,0.0,0.00980392156862745,0.008057668305536659,0.008993537489497072,0.030612244897959183
add_chord_p0,add_chord,0,4751,770026562,"72,139,147",274,82,2192,112,3,2,9,15,24,83,0.21428571428571427,0.7410714285714286,5.035714285714286,mid,5,6,104,4.333333333333333,0.0,0.00980392156862745,0.008057668305536659,0.008993537489497072,0.030612244897959183
add_chord_p0,add_chord,0,4751,770026562,"72,139,147",275,83,2200,115,3,2,9,16,25,85,0.21739130434782608,0.7391304347826086,5.026086956521739,mid,5,6,106,4.24,0.0,0.00980392156862745,0.00311818172405906,0.008993537489497072,0.02040816326530612
add_chord_p0,add_chord,0,4751,770026562,"72,139,147",276,84,2208,115,3,2,9,16,25,85,0.21739130434782608,0.7391304347826086,5.060869565217391,mid,5,6,106,4.24,0.0,0.00980392156862745,0.00311818172405906,0.008993537489497072,0.02040816326530612
add_chord_p0,add_chord,0,4751,770026562,"72,139,147",277,85,2216,116,3,2,8,17,25,86,0.21551724137931033,0.7413793103448276,5.060344827586207,mid,5,6,105,4.2,0.0,0.00980392156862745,0.00311818172405906,0.008993537489497072,0.02040816326530612
add_chord_p0,add_chord,0,4751,770026562,"72,139,147",278,86,2224,115,3,2,7,18,25,85,0.21739130434782608,0.7391304347826086,4.939130434782609,low,5,7,96,3.84,0.0,0.00980392156862745,0.00311818172405906,0.008993537489497072,0.02040816326530612
add_chord_p0,add_chord,0,4751,770026562,"72,139,147",279,87,2232,116,3,2,7,19,26,85,0.22413793103448276,0.7327586206896551,4.913793103448276,low,6,7,95,3.6538461538461537,0.0,0.00980392156862745,0.00311818172405906,0.008993537489497072,0.02040816326530612
add_chord_p0,add_chord,0,4751,770026562,"72,139,147",280,88,2240,122,3,2,7,20,27,90,0.22131147540983606,0.7377049180327869,5.0,mid,7,7,95,3.5185185185185186,0.0,0.00980392156862745,0.003118282918133303,0.008993537489497072,0.02040816326530612
add_chord_p0,add_chord,0,4751,770026562,"72,139,147",281,89,2248,122,3,2,7,18,25,92,0.20491803278688525,0.7540983606557377,4.975409836065574,low,7,7,95,3.8,0.0,0.00980392156862745,0.003118282918133303,0.008993537489497072,0.02040816326530612
add_chord_p0,add_chord,0,4751,770026562,"72,139,147",282,90,2256,121,3,2,7,19,26,90,0.21487603305785125,0.743801652892562,4.966942148760331,low,7,7,96,3.6923076923076925,0.0,0.00980392156862745,0.003118282918133303,0.008993537489497072,0.02040816326530612
add_chord_p0,add_chord,0,4751,770026562,"72,139,147",283,91,2264,119,3,2,7,19,26,88,0.2184873949579832,0.7394957983193278,4.991596638655462,low,7,7,96,3.6923076923076925,0.0,0.00980392156862745,0.003118282918133303,0.008993537489497072,0.02040816326530612
add_chord_p0,add_chord,0,4751,770026562,"72,139,147",284,92,2272,123,3,2,7,20,27,91,0.21951219512195122,0.7398373983739838,4.967479674796748,low,7,8,99,3.6666666666666665,0.0,0.00980392156862745,0.003118282918133303,0.008993537489497072,0.02040816326530612
add_chord_p0,add_chord,0,4751,770026562,"72,139,147",285,93,2280,124,3,2,7,21,28,91,0.22580645161290322,0.7338709677419355,5.0,mid,7,8,99,3.5357142857142856,0.0,0.00980392156862745,0.003118282918133303,0.008993537489497072,0.02040816326530612
add_chord_p0,add_chord,0,4751,770026562,"72,139,147",286,94,2288,125,3,3,8,22,30,89,0.24,0.712,4.856,low,7,8,113,3.7666666666666666,0.0,0.00980392156862745,0.003118282918133303,0.008993537489497072,0.02040816326530612
add_chord_p0,add_chord,0,4751,770026562,"72,139,147",287,95,2296,127,3,3,8,23,31,90,0.2440944881889764,0.7086614173228346,4.834645669291339,low,7,9,104,3.3548387096774195,0.0,0.00980392156862745,0.003118282918133303,0.008993537489497072,0.02040816326530612
add_chord_p0,add_chord,0,4751,770026562,"72,139,147",288,96,2304,127,3,3,8,23,31,90,0.2440944881889764,0.7086614173228346,4.771653543307087,low,6,9,106,3.4193548387096775,0.0,0.00980392156862745,0.003118282918133303,0.008993537489497072,0.02040816326530612
add_chord_p0,add_chord,0,4751,770026562,"72,139,147",289,97,2312,126,3,3,8,24,32,88,0.25396825396825395,0.6984126984126984,4.777777777777778,low,7,9,105,3.28125,0.0,0.00980392156862745,0.0031202473288842515,0.008993537489497072,0.04081632653061224
add_chord_p0,add_chord,0,4751,770026562,"72,139,147",290,98,2320,127,3,3,8,24,32,89,0.25196850393700787,0.7007874015748031,4.7952755905511815,low,8,9,103,3.21875,0.0,0.00980392156862745,0.0031202473288842515,0.008993537489497072,0.04081632653061224
add_chord_p0,add_chord,0,4751,770026562,"72,139,147",291,99,2328,128,3,4,9,22,31,90,0.2421875,0.703125,4.71875,low,7,8,114,3.6774193548387095,0.0,0.00980392156862745,0.0031202473288842515,0.008993537489497072,0.04081632653061224
add_chord_p0,add_chord,0,4751,770026562,"72,139,147",292,100,2336,127,3,4,9,21,30,90,0.23622047244094488,0.7086614173228346,4.732283464566929,low,7,8,113,3.7666666666666666,0.0,0.00980392156862745,0.0031202473288842515,0.008993537489497072,0.04081632653061224
add_chord_p0,add_chord,0,4751,770026562,"72,139,147",293,101,2344,129,3,4,9,21,30,92,0.23255813953488372,0.7131782945736435,4.767441860465116,low,7,8,113,3.7666666666666666,0.0,0.00980392156862745,0.0031202473288842515,0.008993537489497072,0.04081632653061224
add_chord_p0,add_chord,0,4751,770026562,"72,139,147",294,102,2352,131,3,4,9,22,31,93,0.2366412213740458,0.7099236641221374,4.740458015267175,low,7,8,113,3.6451612903225805,0.0,0.00980392156862745,0.0031202473288842515,0.008993537489497072,0.04081632653061224
add_chord_p0,add_chord,0,4751,770026562,"72,139,147",295,103,2360,130,3,4,9,21,30,93,0.23076923076923078,0.7153846153846154,4.8,low,7,7,112,3.7333333333333334,0.0,0.00980392156862745,0.0031202473288842515,0.008993537489497072,0.04081632653061224
add_chord_p0,add_chord,0,4751,770026562,"72,139,147",296,104,2368,131,3,4,10,20,30,94,0.22900763358778625,0.7175572519083969,4.778625954198473,low,7,7,114,3.8,0.0,0.00980392156862745,0.0031202473288842515,0.008993537489497072,0.04081632653061224
add_chord_p0,add_chord,0,4751,770026562,"72,139,147",297,105,2376,133,3,4,10,20,30,96,0.22556390977443608,0.7218045112781954,4.819548872180451,low,7,7,114,3.8,0.0,0.00980392156862745,0.0031202473288842515,0.008993537489497072,0.04081632653061224
add_chord_p0,add_chord,0,4751,770026562,"72,139,147",298,106,2384,137,3,4,10,20,30,100,0.21897810218978103,0.7299270072992701,5.021897810218978,mid,7,7,114,3.8,0.0,0.00980392156862745,0.0031202473288842515,0.008993537489497072,0.04081632653061224
add_chord_p0,add_chord,0,4751,770026562,"72,139,147",299,107,2392,139,3,4,10,20,30,102,0.2158273381294964,0.7338129496402878,5.0359712230215825,mid,7,7,114,3.8,0.0,0.00980392156862745,0.0031202473288842515,0.008993537489497072,0.04081632653061224
add_chord_p0,add_chord,0,4751,770026562,"72,139,147",300,108,2400,142,3,5,10,19,29,105,0.20422535211267606,0.7394366197183099,5.042253521126761,mid,7,7,115,3.9655172413793105,0.0,0.00980392156862745,0.0031202473288842515,0.008993537489497072,0.04081632653061224
add_chord_p0,add_chord,0,4751,770026562,"72,139,147",301,109,2408,142,3,5,10,20,30,104,0.2112676056338028,0.7323943661971831,5.049295774647887,mid,7,7,117,3.9,0.0,0.00980392156862745,0.0031202473288842515,0.008993537489497072,0.04081632653061224
add_chord_p0,add_chord,0,4751,770026562,"72,139,147",302,110,2416,139,2,5,10,20,30,102,0.2158273381294964,0.7338129496402878,5.028776978417266,mid,7,7,117,3.9,0.0,0.00980392156862745,0.0031202473288842515,0.008993537489497072,0.04081632653061224
add_chord_p0,add_chord,0,4751,770026562,"72,139,147",303,111,2424,142,2,5,10,21,31,104,0.21830985915492956,0.7323943661971831,5.056338028169014,mid,7,7,116,3.7419354838709675,0.0,0.00980392156862745,0.0031202473288842515,0.008993537489497072,0.04081632653061224
add_chord_p0,add_chord,0,4751,770026562,"72,139,147",304,112,2432,139,3,3,10,21,31,102,0.22302158273381295,0.7338129496402878,4.9928057553956835,low,7,7,116,3.7419354838709675,0.0,0.00980392156862745,0.0031202473288842515,0.008993537489497072,0.04081632653061224
add_chord_p0,add_chord,0,4751,770026562,"72,139,147",305,113,2440,138,2,4,10,21,31,101,0.2246376811594203,0.7318840579710145,5.0,mid,7,7,116,3.7419354838709675,0.0,0.00980392156862745,0.0031202473288842515,0.008993537489497072,0.04081632653061224
add_chord_p0,add_chord,0,4751,770026562,"72,139,147",306,114,2448,139,2,4,10,21,31,102,0.22302158273381295,0.7338129496402878,5.0647482014388485,mid,7,7,116,3.7419354838709675,0.0,0.00980392156862745,0.0031202473288842515,0.008993537489497072,0.04081632653061224
add_chord_p0,add_chord,0,4751,770026562,"72,139,147",307,115,2456,139,2,4,10,22,32,101,0.2302158273381295,0.7266187050359713,5.0503597122302155,mid,7,7,117,3.65625,0.0,0.00980392156862745,0.0031202473288842515,0.008993537489497072,0.04081632653061224
add_chord_p0,add_chord,0,4751,770026562,"72,139,147",308,116,2464,140,2,3,11,24,35,100,0.25,0.7142857142857143,5.007142857142857,mid,7,7,117,3.342857142857143,0.0,0.00980392156862745,0.0031202473288842515,0.008993537489497072,0.04081632653061224
add_chord_p0,add_chord,0,4751,770026562,"72,139,147",309,117,2472,138,2,2,11,21,32,102,0.2318840579710145,0.7391304347826086,5.065217391304348,mid,7,8,118,3.6875,0.0,0.00980392156862745,0.0031202473288842515,0.008993537489497072,0.04081632653061224
add_chord_p0,add_chord,0,4751,770026562,"72,139,147",310,118,2480,139,2,4,10,20,30,103,0.2158273381294964,0.7410071942446043,5.079136690647482,mid,6,7,117,3.9,0.0,0.00980392156862745,0.0031202473288842515,0.008993537489497072,0.04081632653061224
add_chord_p0,add_chord,0,4751,770026562,"72,139,147",311,119,2488,144,2,5,10,20,30,107,0.20833333333333334,0.7430555555555556,5.027777777777778,mid,6,7,117,3.9,0.0,0.00980392156862745,0.0031202473288842515,0.008993537489497072,0.04081632653061224
add_chord_p0,add_chord,0,4751,770026562,"72,139,147",312,120,2496,143,2,5,10,19,29,107,0.20279720279720279,0.7482517482517482,5.104895104895105,mid,5,7,118,4.068965517241379,0.0,0.00980392156862745,0.0031202473288842515,0.008993537489497072,0.04081632653061224
add_chord_p0,add_chord,0,4751,770026562,"72,139,147",313,121,2504,143,2,6,10,17,27,108,0.1888111888111888,0.7552447552447552,5.118881118881119,mid,5,7,117,4.333333333333333,0.0,0.00980392156862745,0.0031202473288842515,0.008993537489497072,0.04081632653061224
add_chord_p0,add_chord,0,4751,770026562,"72,139,147",314,122,2512,141,2,5,10,17,27,107,0.19148936170212766,0.7588652482269503,5.141843971631205,mid,5,7,117,4.333333333333333,0.0,0.00980392156862745,0.0031202473288842515,0.008993537489497072,0.04081632653061224
add_chord_p0,add_chord,0,4751,770026562,"72,139,147",315,123,2520,142,2,5,10,16,26,109,0.18309859154929578,0.7676056338028169,5.140845070422535,mid,5,7,115,4.423076923076923,0.0,0.00980392156862745,0.0031202473288842515,0.008993537489497072,0.04081632653061224
add_chord_p0,add_chord,0,4751,770026562,"72,139,147",316,124,2528,143,2,5,11,16,27,109,0.1888111888111888,0.7622377622377622,5.118881118881119,mid,5,8,117,4.333333333333333,0.0,0.00980392156862745,0.0031202473288842515,0.008993537489497072,0.04081632653061224
add_chord_p0,add_chord,0,4751,770026562,"72,139,147",317,125,2536,144,2,5,11,17,28,109,0.19444444444444445,0.7569444444444444,5.104166666666667,mid,6,8,116,4.142857142857143,0.0,0.00980392156862745,0.0031202473288842515,0.008993537489497072,0.04081632653061224
add_chord_p0,add_chord,0,4751,770026562,"72,139,147",318,126,2544,144,2,5,11,17,28,109,0.19444444444444445,0.7569444444444444,5.0625,mid,6,8,116,4.142857142857143,0.0,0.00980392156862745,0.0031202473288842515,0.008993537489497072,0.04081632653061224
add_chord_p0,add_chord,0,4751,770026562,"72,139,147",319,127,2552,145,2,4,11,18,29,110,0.2,0.7586206896551724,5.089655172413793,mid,6,8,118,4.068965517241379,0.0,0.00980392156862745,0.0031202473288842515,0.008993537489497072,0.04081632653061224
add_chord_p0,add_chord,0,4751,770026562,"72,139,147",320,128,2560,146,2,5,10,19,29,110,0.19863013698630136,0.7534246575342466,5.034246575342466,mid,6,7,117,4.0344827586206895,0.0,0.00980392156862745,0.0031202473288842515,0.008993537489497072,0.04081632653061224
add_chord_p0,add_chord,0,4801,770026612,"72,139,147",192,0,1536,49,3,2,8,8,16,28,0.32653061224489793,0.5714285714285714,3.9591836734693877,low,2,5,80,5.0,0.0,0.00980392156862745,0.009509136777665813,0.0,0.02040816326530612
add_chord_p0,add_chord,0,4801,770026612,"72,139,147",193,1,1544,49,3,2,8,8,16,28,0.32653061224489793,0.5714285714285714,3.979591836734694,low,2,5,80,5.0,0.0,0.00980392156862745,0.009509136777665813,0.0,0.02040816326530612
add_chord_p0,add_chord,0,4801,770026612,"72,139,147",194,2,1552,46,3,2,7,8,15,26,0.32608695652173914,0.5652173913043478,3.9782608695652173,low,2,5,79,5.266666666666667,0.0,0.00980392156862745,0.009509136777665813,0.0,0.02040816326530612
add_chord_p0,add_chord,0,4801,770026612,"72,139,147",195,3,1560,47,3,2,7,9,16,26,0.3404255319148936,0.5531914893617021,3.9574468085106385,low,2,5,80,5.0,0.0,0.00980392156862745,0.016786126258078488,0.0,0.02040816326530612
add_chord_p0,add_chord,0,4801,770026612,"72,139,147",196,4,1568,50,3,2,6,11,17,28,0.34,0.56,4.06,low,1,6,80,4.705882352941177,0.0,0.00980392156862745,0.016786126258078488,0.0,0.02040816326530612
add_chord_p0,add_chord,0,4801,770026612,"72,139,147",197,5,1576,52,3,2,6,11,17,30,0.3269230769230769,0.5769230769230769,4.076923076923077,low,1,5,79,4.647058823529412,0.0,0.00980392156862745,0.016787410961755546,0.0,0.02040816326530612
add_chord_p0,add_chord,0,4801,770026612,"72,139,147",198,6,1584,53,3,2,6,11,17,31,0.32075471698113206,0.5849056603773585,4.113207547169812,low,1,5,79,4.647058823529412,0.0,0.00980392156862745,0.016787410961755546,0.0,0.02040816326530612
add_chord_p0,add_chord,0,4801,770026612,"72,139,147",199,7,1592,55,3,2,6,11,17,33,0.3090909090909091,0.6,4.090909090909091,low,1,5,79,4.647058823529412,0.0,0.00980392156862745,0.017084947143294282,0.0,0.0
add_chord_p0,add_chord,0,4801,770026612,"72,139,147",200,8,1600,56,3,3,5,11,16,34,0.2857142857142857,0.6071428571428571,4.089285714285714,low,1,4,78,4.875,0.0,0.00980392156862745,0.017084947143294282,0.0,0.0
add_chord_p0,add_chord,0,4801,770026612,"72,139,147",201,9,1608,57,3,2,5,11,16,36,0.2807017543859649,0.631578947368421,4.2631578947368425,low,1,4,78,4.875,0.0,0.00980392156862745,0.017084947143294282,0.0,0.0
add_chord_p0,add_chord,0,4801,770026612,"72,139,147",202,10,1616,59,3,3,5,11,16,37,0.2711864406779661,0.6271186440677966,4.254237288135593,low,1,4,78,4.875,0.0,0.00980392156862745,0.017084947143294282,0.0,0.0
add_chord_p0,add_chord,0,4801,770026612,"72,139,147",203,11,1624,60,3,2,6,11,17,38,0.2833333333333333,0.6333333333333333,4.3,low,1,5,90,5.294117647058823,0.0,0.00980392156862745,0.017084947143294282,0.0,0.0
add_chord_p0,add_chord,0,4801,770026612,"72,139,147",204,12,1632,58,3,2,6,10,16,37,0.27586206896551724,0.6379310344827587,4.224137931034483,low,1,5,88,5.5,0.0,0.00980392156862745,0.017084947143294282,0.0,0.0
add_chord_p0,add_chord,0,4801,770026612,"72,139,147",205,13,1640,60,3,3,6,10,16,38,0.26666666666666666,0.6333333333333333,4.25,low,1,5,88,5.5,0.0,0.00980392156862745,0.017084947143294282,0.0,0.0
add_chord_p0,add_chord,0,4801,770026612,"72,139,147",206,14,1648,61,3,3,6,10,16,39,0.26229508196721313,0.639344262295082,4.262295081967213,low,1,5,88,5.5,0.0,0.00980392156862745,0.017084947143294282,0.0,0.0
add_chord_p0,add_chord,0,4801,770026612,"72,139,147",207,15,1656,62,3,3,6,11,17,39,0.27419354838709675,0.6290322580645161,4.32258064516129,low,1,5,88,5.176470588235294,0.0,0.00980392156862745,0.017084947143294282,0.0,0.0
add_chord_p0,add_chord,0,4801,770026612,"72,139,147",208,16,1664,63,3,3,6,11,17,40,0.2698412698412698,0.6349206349206349,4.365079365079365,low,1,5,88,5.176470588235294,0.0,0.00980392156862745,0.017084947143294282,0.0,0.0
add_chord_p0,add_chord,0,4801,770026612,"72,139,147",209,17,1672,62,3,3,6,10,16,40,0.25806451612903225,0.6451612903225806,4.387096774193548,low,1,5,89,5.5625,0.0,0.00980392156862745,0.017084947143294282,0.0,0.0
add_chord_p0,add_chord,0,4801,770026612,"72,139,147",210,18,1680,63,3,4,6,10,16,40,0.25396825396825395,0.6349206349206349,4.317460317460317,low,1,5,89,5.5625,0.0,0.00980392156862745,0.017084947143294282,0.0,0.0
add_chord_p0,add_chord,0,4801,770026612,"72,139,147",211,19,1688,63,3,4,6,10,16,40,0.25396825396825395,0.6349206349206349,4.333333333333333,low,1,5,89,5.5625,0.0,0.00980392156862745,0.017084947143294282,0.0,0.0
add_chord_p0,add_chord,0,4801,770026612,"72,139,147",212,20,1696,65,3,4,6,11,17,41,0.26153846153846155,0.6307692307692307,4.3076923076923075,low,1,5,88,5.176470588235294,0.0,0.00980392156862745,0.017084947143294282,0.0,0.0
add_chord_p0,add_chord,0,4801,770026612,"72,139,147",213,21,1704,69,3,4,6,12,18,44,0.2608695652173913,0.6376811594202898,4.36231884057971,low,1,5,87,4.833333333333333,0.0,0.00980392156862745,0.01723062805786851,0.0,0.0
add_chord_p0,add_chord,0,4801,770026612,"72,139,147",214,22,1712,71,3,4,6,12,18,46,0.2535211267605634,0.647887323943662,4.408450704225352,low,1,5,87,4.833333333333333,0.0,0.00980392156862745,0.01723062805786851,0.0,0.0
add_chord_p0,add_chord,0,4801,770026612,"72,139,147",215,23,1720,72,3,5,6,11,17,47,0.2361111111111111,0.6527777777777778,4.388888888888889,low,1,5,85,5.0,0.0,0.00980392156862745,0.01723062805786851,0.0,0.0
add_chord_p0,add_chord,0,4801,770026612,"72,139,147",216,24,1728,72,3,5,6,12,18,46,0.25,0.6388888888888888,4.347222222222222,low,1,5,87,4.833333333333333,0.0,0.00980392156862745,0.01734852093324153,0.0,0.0
add_chord_p0,add_chord,0,4801,770026612,"72,139,147",217,25,1736,72,3,4,6,11,17,48,0.2361111111111111,0.6666666666666666,4.472222222222222,low,1,5,87,5.117647058823529,0.0,0.00980392156862745,0.01734852093324153,0.0,0.0
add_chord_p0,add_chord,0,4801,770026612,"72,139,147",218,26,1744,71,3,4,6,11,17,47,0.23943661971830985,0.6619718309859155,4.507042253521127,low,1,5,87,5.117647058823529,0.0,0.00980392156862745,0.01734852093324153,0.0,0.0
add_chord_p0,add_chord,0,4801,770026612,"72,139,147",219,27,1752,73,3,3,7,13,20,47,0.273972602739726,0.6438356164383562,4.506849315068493,low,2,5,92,4.6,0.0,0.00980392156862745,0.01734852093324153,0.0,0.0
add_chord_p0,add_chord,0,4801,770026612,"72,139,147",220,28,1760,73,3,3,8,12,20,47,0.273972602739726,0.6438356164383562,4.465753424657534,low,1,6,84,4.2,0.0,0.00980392156862745,0.01734852093324153,0.0,0.0
add_chord_p0,add_chord,0,4801,770026612,"72,139,147",221,29,1768,72,3,3,8,12,20,46,0.2777777777777778,0.6388888888888888,4.444444444444445,low,1,6,84,4.2,0.0,0.00980392156862745,0.01734852093324153,0.0,0.0
add_chord_p0,add_chord,0,4801,770026612,"72,139,147",222,30,1776,74,3,3,8,12,20,48,0.2702702702702703,0.6486486486486487,4.45945945945946,low,1,6,84,4.2,0.0,0.00980392156862745,0.01734852093324153,0.0,0.0
add_chord_p0,add_chord,0,4801,770026612,"72,139,147",223,31,1784,75,3,3,8,12,20,49,0.26666666666666666,0.6533333333333333,4.453333333333333,low,1,6,84,4.2,0.0,0.00980392156862745,0.01734852093324153,0.0,0.0
add_chord_p0,add_chord,0,4801,770026612,"72,139,147",224,32,1792,74,3,3,7,12,19,49,0.25675675675675674,0.6621621621621622,4.472972972972973,low,1,5,94,4.947368421052632,0.0,0.00980392156862745,0.01734852093324153,0.0,0.0
add_chord_p0,add_chord,0,4801,770026612,"72,139,147",225,33,1800,75,3,3,7,14,21,48,0.28,0.64,4.413333333333333,low,1,5,94,4.476190476190476,0.0,0.00980392156862745,0.01734852093324153,0.0,0.0
add_chord_p0,add_chord,0,4801,770026612,"72,139,147",226,34,1808,76,3,3,7,15,22,48,0.2894736842105263,0.631578947368421,4.421052631578948,low,2,5,94,4.2727272727272725,0.0,0.00980392156862745,0.01734852093324153,0.0,0.0
add_chord_p0,add_chord,0,4801,770026612,"72,139,147",227,35,1816,79,3,3,7,15,22,51,0.27848101265822783,0.6455696202531646,4.405063291139241,low,2,5,94,4.2727272727272725,0.0,0.00980392156862745,0.01734852093324153,0.0,0.0
add_chord_p0,add_chord,0,4801,770026612,"72,139,147",228,36,1824,81,3,3,7,15,22,53,0.2716049382716049,0.654320987654321,4.395061728395062,low,2,5,92,4.181818181818182,0.0,0.00980392156862745,0.01734852093324153,0.0,0.0
add_chord_p0,add_chord,0,4801,770026612,"72,139,147",229,37,1832,79,3,3,7,15,22,51,0.27848101265822783,0.6455696202531646,4.367088607594937,low,2,5,92,4.181818181818182,0.0,0.00980392156862745,0.01734852093324153,0.0,0.0
add_chord_p0,add_chord,0,4801,770026612,"72,139,147",230,38,1840,81,3,3,7,15,22,53,0.2716049382716049,0.654320987654321,4.3580246913580245,low,2,5,92,4.181818181818182,0.0,0.00980392156862745,0.01734852093324153,0.0,0.0
add_chord_p0,add_chord,0,4801,770026612,"72,139,147",231,39,1848,79,3,3,7,15,22,51,0.27848101265822783,0.6455696202531646,4.367088607594937,low,2,5,92,4.181818181818182,0.0,0.00980392156862745,0.01734852093324153,0.0,0.0
add_chord_p0,add_chord,0,4801,770026612,"72,139,147",232,40,1856,81,3,3,7,15,22,53,0.2716049382716049,0.654320987654321,4.395061728395062,low,2,6,93,4.2272727272727275,0.0,0.00980392156862745,0.01734852093324153,0.0,0.0
add_chord_p0,add_chord,0,4801,770026612,"72,139,147",233,41,1864,79,3,3,8,13,21,52,0.26582278481012656,0.6582278481012658,4.405063291139241,low,2,4,95,4.523809523809524,0.0,0.00980392156862745,0.01734852093324153,0.0,0.0
add_chord_p0,add_chord,0,4801,770026612,"72,139,147",234,42,1872,83,3,3,8,13,21,56,0.25301204819277107,0.6746987951807228,4.506024096385542,low,2,4,95,4.523809523809524,0.0,0.00980392156862745,0.01734846087399201,0.0,0.0
add_chord_p0,add_chord,0,4801,770026612,"72,139,147",235,43,1880,82,3,3,7,14,21,55,0.25609756097560976,0.6707317073170732,4.548780487804878,low,1,4,96,4.571428571428571,0.0,0.00980392156862745,0.01734846087399201,0.0,0.0
add_chord_p0,add_chord,0,4801,770026612,"72,139,147",236,44,1888,81,3,4,7,14,21,53,0.25925925925925924,0.654320987654321,4.45679012345679,low,1,4,96,4.571428571428571,0.0,0.00980392156862745,0.01734846087399201,0.0,0.0
add_chord_p0,add_chord,0,4801,770026612,"72,139,147",237,45,1896,81,3,4,7,14,21,53,0.25925925925925924,0.654320987654321,4.481481481481482,low,1,4,96,4.571428571428571,0.0,0.00980392156862745,0.01734846087399201,0.0,0.0
add_chord_p0,add_chord,0,4801,770026612,"72,139,147",238,46,1904,82,3,4,7,13,20,55,0.24390243902439024,0.6707317073170732,4.5,low,1,4,95,4.75,0.0,0.00980392156862745,0.01734846087399201,0.0,0.0
add_chord_p0,add_chord,0,4801,770026612,"72,139,147",239,47,1912,82,3,4,7,13,20,55,0.24390243902439024,0.6707317073170732,4.5,low,1,4,95,4.75,0.0,0.00980392156862745,0.01734846087399201,0.0,0.0
add_chord_p0,add_chord,0,4801,770026612,"72,139,147",240,48,1920,84,3,4,7,13,20,57,0.23809523809523808,0.6785714285714286,4.5476190476190474,low,1,4,95,4.75,0.0,0.00980392156862745,0.01734846087399201,0.0,0.0
add_chord_p0,add_chord,0,4801,770026612,"72,139,147",241,49,1928,86,3,4,7,15,22,57,0.2558139534883721,0.6627906976744186,4.534883720930233,low,1,4,95,4.318181818181818,0.0,0.00980392156862745,0.01734846087399201,0.0,0.0
add_chord_p0,add_chord,0,4801,770026612,"72,139,147",242,50,1936,87,3,4,7,15,22,58,0.25287356321839083,0.6666666666666666,4.517241379310345,low,1,4,98,4.454545454545454,0.0,0.00980392156862745,0.01734846087399201,0.0,0.0
add_chord_p0,add_chord,0,4801,770026612,"72,139,147",243,51,1944,88,3,5,7,15,22,58,0.25,0.6590909090909091,4.454545454545454,low,1,4,98,4.454545454545454,0.0,0.00980392156862745,0.01734846087399201,0.0,0.0
add_chord_p0,add_chord,0,4801,770026612,"72,139,147",244,52,1952,88,3,5,7,16,23,57,0.26136363636363635,0.6477272727272727,4.443181818181818,low,1,4,99,4.304347826086956,0.0,0.00980392156862745,0.01733276502779654,0.0,0.0
add_chord_p0,add_chord,0,4801,770026612,"72,139,147",245,53,1960,88,3,5,7,16,23,57,0.26136363636363635,0.6477272727272727,4.375,low,1,4,98,4.260869565217392,0.0,0.00980392156862745,0.006407306897124013,0.0,0.02040816326530612
add_chord_p0,add_chord,0,4801,770026612,"72,139,147",246,54,1968,85,3,5,7,16,23,54,0.27058823529411763,0.6352941176470588,4.305882352941176,low,1,4,98,4.260869565217392,0.0,0.00980392156862745,0.006407306897124013,0.0,0.02040816326530612
add_chord_p0,add_chord,0,4801,770026612,"72,139,147",247,55,1976,83,3,5,7,15,22,53,0.26506024096385544,0.6385542168674698,4.301204819277109,low,1,4,96,4.363636363636363,0.0,0.00980392156862745,0.006407306897124013,0.0,0.02040816326530612
add_chord_p0,add_chord,0,4801,770026612,"72,139,147",248,56,1984,83,3,4,7,16,23,53,0.27710843373493976,0.6385542168674698,4.349397590361446,low,1,4,96,4.173913043478261,0.0,0.00980392156862745,0.006407306897124013,0.0,0.02040816326530612
add_chord_p0,add_chord,0,4801,770026612,"72,139,147",249,57,1992,82,3,4,7,16,23,52,0.2804878048780488,0.6341463414634146,4.353658536585366,low,1,4,96,4.173913043478261,0.0,0.00980392156862745,0.006891066744208963,0.0,0.02040816326530612
add_chord_p0,add_chord,0,4801,770026612,"72,139,147",250,58,2000,84,3,4,8,16,24,53,0.2857142857142857,0.6309523809523809,4.333333333333333,low,3,4,105,4.375,0.0,0.00980392156862745,0.006891066744208963,0.0,0.02040816326530612
add_chord_p0,add_chord,0,4801,770026612,"72,139,147",251,59,2008,84,3,4,8,16,24,53,0.2857142857142857,0.6309523809523809,4.333333333333333,low,3,4,105,4.375,0.0,0.00980392156862745,0.006891066744208963,0.0,0.02040816326530612
add_chord_p0,add_chord,0,4801,770026612,"72,139,147",252,60,2016,83,3,4,8,16,24,52,0.2891566265060241,0.6265060240963856,4.27710843373494,low,3,4,103,4.291666666666667,0.0,0.00980392156862745,0.006891066744208963,0.0,0.02040816326530612
add_chord_p0,add_chord,0,4801,770026612,"72,139,147",253,61,2024,82,3,4,8,15,23,52,0.2804878048780488,0.6341463414634146,4.2926829268292686,low,3,4,101,4.391304347826087,0.0,0.00980392156862745,0.006891066744208963,0.0,0.02040816326530612
add_chord_p0,add_chord,0,4801,770026612,"72,139,147",254,62,2032,82,3,4,8,15,23,52,0.2804878048780488,0.6341463414634146,4.341463414634147,low,3,4,101,4.391304347826087,0.0,0.00980392156862745,0.006891066744208963,0.0,0.02040816326530612
add_chord_p0,add_chord,0,4801,770026612,"72,139,147",255,63,2040,83,3,4,8,15,23,53,0.27710843373493976,0.6385542168674698,4.36144578313253,low,3,4,101,4.391304347826087,0.0,0.00980392156862745,0.006891066744208963,0.0,0.02040816326530612
add_chord_p0,add_chord,0,4801,770026612,"72,139,147",256,64,2048,82,3,4,7,16,23,52,0.2804878048780488,0.6341463414634146,4.365853658536586,low,3,7,100,4.3478260869565215,0.0,0.00980392156862745,0.006891103423216082,0.0,0.02040816326530612
add_chord_p0,add_chord,0,4801,770026612,"72,139,147",257,65,2056,80,3,4,7,16,23,50,0.2875,0.625,4.35,low,3,7,100,4.3478260869565215,0.0,0.00980392156862745,0.006891103423216082,0.0,0.02040816326530612
add_chord_p0,add_chord,0,4801,770026612,"72,139,147",258,66,2064,84,3,4,7,17,24,53,0.2857142857142857,0.6309523809523809,4.345238095238095,low,3,7,102,4.25,0.0,0.00980392156862745,0.006891103423216082,0.0,0.02040816326530612
add_chord_p0,add_chord,0,4801,770026612,"72,139,147",259,67,2072,86,3,3,8,17,25,55,0.29069767441860467,0.6395348837209303,4.348837209302325,low,3,4,105,4.2,0.0,0.00980392156862745,0.007939028790965565,0.0,0.02040816326530612
add_chord_p0,add_chord,0,4801,770026612,"72,139,147",260,68,2080,89,3,4,8,18,26,56,0.29213483146067415,0.6292134831460674,4.303370786516854,low,3,4,107,4.115384615384615,0.0,0.00980392156862745,0.0078097316633655425,0.0,0.02040816326530612
add_chord_p0,add_chord,0,4801,770026612,"72,139,147",261,69,2088,91,3,4,7,18,25,59,0.27472527472527475,0.6483516483516484,4.329670329670329,low,2,4,105,4.2,0.0,0.00980392156862745,0.0078094639164736825,0.0,0.02040816326530612
add_chord_p0,add_chord,0,4801,770026612,"72,139,147",262,70,2096,95,3,4,7,19,26,62,0.2736842105263158,0.6526315789473685,4.336842105263158,low,2,4,100,3.8461538461538463,0.0,0.00980392156862745,0.0078094639164736825,0.0,0.02040816326530612
add_chord_p0,add_chord,0,4801,770026612,"72,139,147",263,71,2104,94,3,4,6,18,24,63,0.2553191489361702,0.6702127659574468,4.382978723404255,low,1,6,94,3.9166666666666665,0.0,0.00980392156862745,0.0078094639164736825,0.0,0.02040816326530612
add_chord_p0,add_chord,0,4801,770026612,"72,139,147",264,72,2112,94,3,4,6,18,24,63,0.2553191489361702,0.6702127659574468,4.382978723404255,low,1,6,94,3.9166666666666665,0.0,0.00980392156862745,0.0078094639164736825,0.0,0.02040816326530612
add_chord_p0,add_chord,0,4801,770026612,"72,139,147",265,73,2120,93,3,4,6,18,24,62,0.25806451612903225,0.6666666666666666,4.376344086021505,low,1,6,94,3.9166666666666665,0.0,0.00980392156862745,0.008025811761158382,0.0,0.02040816326530612
add_chord_p0,add_chord,0,4801,770026612,"72,139,147",266,74,2128,92,3,3,6,19,25,61,0.2717391304347826,0.6630434782608695,4.369565217391305,low,1,6,95,3.8,0.0,0.00980392156862745,0.008025811761158382,0.0,0.02040816326530612
add_chord_p0,add_chord,0,4801,770026612,"72,139,147",267,75,2136,94,3,3,6,18,24,64,0.2553191489361702,0.6808510638297872,4.414893617021277,low,1,6,93,3.875,0.0,0.00980392156862745,0.008025811761158382,0.0,0.02040816326530612
add_chord_p0,add_chord,0,4801,770026612,"72,139,147",268,76,2144,93,3,3,6,18,24,63,0.25806451612903225,0.6774193548387096,4.419354838709677,low,1,6,93,3.875,0.0,0.00980392156862745,0.008025811761158382,0.0,0.02040816326530612
add_chord_p0,add_chord,0,4801,770026612,"72,139,147",269,77,2152,91,3,3,6,16,22,63,0.24175824175824176,0.6923076923076923,4.428571428571429,low,1,6,92,4.181818181818182,0.0,0.00980392156862745,0.008025811761158382,0.0,0.02040816326530612
add_chord_p0,add_chord,0,4801,770026612,"72,139,147",270,78,2160,91,3,3,6,16,22,63,0.24175824175824176,0.6923076923076923,4.43956043956044,low,1,6,92,4.181818181818182,0.0,0.00980392156862745,0.008025811761158382,0.0,0.02040816326530612
add_chord_p0,add_chord,0,4801,770026612,"72,139,147",271,79,2168,92,3,3,6,16,22,64,0.2391304347826087,0.6956521739130435,4.445652173913044,low,1,6,92,4.181818181818182,0.0,0.00980392156862745,0.008025811761158382,0.0,0.02040816326530612
add_chord_p0,add_chord,0,4801,770026612,"72,139,147",272,80,2176,93,3,3,6,17,23,64,0.24731182795698925,0.6881720430107527,4.451612903225806,low,2,6,91,3.9565217391304346,0.0,0.00980392156862745,0.008025811761158382,0.0,0.02040816326530612
add_chord_p0,add_chord,0,4801,770026612,"72,139,147",273,81,2184,95,3,3,7,17,24,65,0.25263157894736843,0.6842105263157895,4.442105263157894,low,2,4,95,3.9583333333333335,0.0,0.00980392156862745,0.008025811761158382,0.0,0.02040816326530612
add_chord_p0,add_chord,0,4801,770026612,"72,139,147",274,82,2192,97,3,3,7,15,22,69,0.2268041237113402,0.711340206185567,4.484536082474227,low,1,4,95,4.318181818181818,0.0,0.00980392156862745,0.008025811761158382,0.0,0.02040816326530612
add_chord_p0,add_chord,0,4801,770026612,"72,139,147",275,83,2200,97,3,3,7,14,21,70,0.21649484536082475,0.7216494845360825,4.494845360824742,low,1,5,94,4.476190476190476,0.0,0.00980392156862745,0.007051930579729647,0.0,0.02040816326530612
add_chord_p0,add_chord,0,4801,770026612,"72,139,147",276,84,2208,102,3,4,7,14,21,74,0.20588235294117646,0.7254901960784313,4.450980392156863,low,1,5,94,4.476190476190476,0.0,0.00980392156862745,0.007051947374541798,0.0,0.02040816326530612
add_chord_p0,add_chord,0,4801,770026612,"72,139,147",277,85,2216,103,3,4,7,15,22,74,0.21359223300970873,0.7184466019417476,4.427184466019417,low,1,5,95,4.318181818181818,0.0,0.00980392156862745,0.0066457152418465245,0.0,0.030612244897959183
add_chord_p0,add_chord,0,4801,770026612,"72,139,147",278,86,2224,105,3,5,7,16,23,74,0.21904761904761905,0.7047619047619048,4.371428571428571,low,1,5,98,4.260869565217392,0.0,0.00980392156862745,0.0066457152418465245,0.0,0.030612244897959183
add_chord_p0,add_chord,0,4801,770026612,"72,139,147",279,87,2232,103,3,4,7,15,22,74,0.21359223300970873,0.7184466019417476,4.427184466019417,low,1,5,98,4.454545454545454,0.0,0.00980392156862745,0.0066457152418465245,0.0,0.030612244897959183
add_chord_p0,add_chord,0,4801,770026612,"72,139,147",280,88,2240,104,3,4,7,15,22,75,0.21153846153846154,0.7211538461538461,4.4326923076923075,low,1,5,96,4.363636363636363,0.0,0.00980392156862745,0.0066457152418465245,0.0,0.030612244897959183
add_chord_p0,add_chord,0,4801,770026612,"72,139,147",281,89,2248,104,3,4,7,15,22,75,0.21153846153846154,0.7211538461538461,4.4326923076923075,low,1,5,96,4.363636363636363,0.0,0.00980392156862745,0.0066457152418465245,0.0,0.030612244897959183
add_chord_p0,add_chord,0,4801,770026612,"72,139,147",282,90,2256,103,3,3,7,17,24,73,0.23300970873786409,0.7087378640776699,4.41747572815534,low,1,5,99,4.125,0.0,0.00980392156862745,0.0066457152418465245,0.0,0.030612244897959183
add_chord_p0,add_chord,0,4801,770026612,"72,139,147",283,91,2264,105,3,3,8,17,25,74,0.23809523809523808,0.7047619047619048,4.4,low,1,6,100,4.0,0.0,0.00980392156862745,0.0066457152418465245,0.0,0.030612244897959183
add_chord_p0,add_chord,0,4801,770026612,"72,139,147",284,92,2272,104,3,3,8,17,25,73,0.2403846153846154,0.7019230769230769,4.403846153846154,low,1,8,99,3.96,0.0,0.00980392156862745,0.0066457152418465245,0.0,0.030612244897959183
add_chord_p0,add_chord,0,4801,770026612,"72,139,147",285,93,2280,104,3,3,8,18,26,72,0.25,0.6923076923076923,4.394230769230769,low,2,8,99,3.8076923076923075,0.0,0.00980392156862745,0.0066457152418465245,0.0,0.030612244897959183
add_chord_p0,add_chord,0,4801,770026612,"72,139,147",286,94,2288,104,3,3,8,18,26,72,0.25,0.6923076923076923,4.4326923076923075,low,2,8,99,3.8076923076923075,0.0,0.00980392156862745,0.0066457152418465245,0.0,0.030612244897959183
add_chord_p0,add_chord,0,4801,770026612,"72,139,147",287,95,2296,102,3,3,7,18,25,71,0.24509803921568626,0.696078431372549,4.470588235294118,low,1,8,98,3.92,0.0,0.00980392156862745,0.0066457152418465245,0.0,0.030612244897959183
add_chord_p0,add_chord,0,4801,770026612,"72,139,147",288,96,2304,102,3,4,7,18,25,70,0.24509803921568626,0.6862745098039216,4.421568627450981,low,1,8,98,3.92,0.0,0.00980392156862745,0.0066457152418465245,0.0,0.030612244897959183
add_chord_p0,add_chord,0,4801,770026612,"72,139,147",289,97,2312,101,3,4,7,17,24,70,0.2376237623762376,0.693069306930693,4.415841584158416,low,1,8,96,4.0,0.0,0.00980392156862745,0.0066457152418465245,0.0,0.030612244897959183
add_chord_p0,add_chord,0,4801,770026612,"72,139,147",290,98,2320,101,3,4,7,16,23,71,0.22772277227722773,0.7029702970297029,4.475247524752476,low,1,8,95,4.130434782608695,0.0,0.00980392156862745,0.0066457152418465245,0.0,0.030612244897959183
add_chord_p0,add_chord,0,4801,770026612,"72,139,147",291,99,2328,103,3,4,7,16,23,73,0.22330097087378642,0.7087378640776699,4.466019417475728,low,1,8,95,4.130434782608695,0.0,0.00980392156862745,0.0066457152418465245,0.0,0.030612244897959183
add_chord_p0,add_chord,0,4801,770026612,"72,139,147",292,100,2336,103,3,4,6,17,23,73,0.22330097087378642,0.7087378640776699,4.504854368932039,low,1,11,93,4.043478260869565,0.0,0.00980392156862745,0.0066457152418465245,0.0,0.030612244897959183
add_chord_p0,add_chord,0,4801,770026612,"72,139,147",293,101,2344,104,3,4,6,17,23,74,0.22115384615384615,0.7115384615384616,4.509615384615385,low,1,11,93,4.043478260869565,0.0,0.00980392156862745,0.0066457152418465245,0.0,0.030612244897959183
add_chord_p0,add_chord,0,4801,770026612,"72,139,147",294,102,2352,106,3,4,6,18,24,75,0.22641509433962265,0.7075471698113207,4.481132075471698,low,2,11,100,4.166666666666667,0.0,0.00980392156862745,0.0066457152418465245,0.0,0.030612244897959183
add_chord_p0,add_chord,0,4801,770026612,"72,139,147",295,103,2360,106,3,4,6,18,24,75,0.22641509433962265,0.7075471698113207,4.509433962264151,low,2,11,100,4.166666666666667,0.0,0.00980392156862745,0.0066457152418465245,0.0,0.030612244897959183
add_chord_p0,add_chord,0,4801,770026612,"72,139,147",296,104,2368,106,3,5,6,18,24,74,0.22641509433962265,0.6981132075471698,4.490566037735849,low,2,9,104,4.333333333333333,0.0,0.00980392156862745,0.0066457152418465245,0.0,0.030612244897959183
add_chord_p0,add_chord,0,4801,770026612,"72,139,147",297,105,2376,102,3,5,6,17,23,71,0.22549019607843138,0.696078431372549,4.490196078431373,low,2,8,102,4.434782608695652,0.0,0.00980392156862745,0.0066457152418465245,0.0,0.030612244897959183
add_chord_p0,add_chord,0,4801,770026612,"72,139,147",298,106,2384,103,3,5,6,17,23,72,0.22330097087378642,0.6990291262135923,4.495145631067961,low,2,8,102,4.434782608695652,0.0,0.00980392156862745,0.0066457152418465245,0.0,0.030612244897959183
add_chord_p0,add_chord,0,4801,770026612,"72,139,147",299,107,2392,103,3,5,7,17,24,71,0.23300970873786409,0.6893203883495146,4.446601941747573,low,2,9,103,4.291666666666667,0.0,0.00980392156862745,0.0066457152418465245,0.0,0.030612244897959183
add_chord_p0,add_chord,0,4801,770026612,"72,139,147",300,108,2400,104,3,5,7,18,25,71,0.2403846153846154,0.6826923076923077,4.4326923076923075,low,2,9,105,4.2,0.0,0.00980392156862745,0.0066457152418465245,0.0,0.030612244897959183
add_chord_p0,add_chord,0,4801,770026612,"72,139,147",301,109,2408,105,3,5,6,18,24,73,0.22857142857142856,0.6952380952380952,4.457142857142857,low,2,10,100,4.166666666666667,0.0,0.00980392156862745,0.0066457152418465245,0.0,0.030612244897959183
add_chord_p0,add_chord,0,4801,770026612,"72,139,147",302,110,2416,105,3,5,6,17,23,74,0.21904761904761905,0.7047619047619048,4.457142857142857,low,1,10,95,4.130434782608695,0.0,0.00980392156862745,0.0066457152418465245,0.0,0.030612244897959183
add_chord_p0,add_chord,0,4801,770026612,"72,139,147",303,111,2424,105,3,6,6,16,22,74,0.20952380952380953,0.7047619047619048,4.419047619047619,low,1,9,90,4.090909090909091,0.0,0.00980392156862745,0.0066457152418465245,0.0,0.030612244897959183
add_chord_p0,add_chord,0,4801,770026612,"72,139,147",304,112,2432,106,3,6,6,16,22,75,0.20754716981132076,0.7075471698113207,4.433962264150943,low,1,9,90,4.090909090909091,0.0,0.00980392156862745,0.0066457152418465245,0.0,0.030612244897959183
add_chord_p0,add_chord,0,4801,770026612,"72,139,147",305,113,2440,108,3,7,7,17,24,74,0.2222222222222222,0.6851851851851852,4.361111111111111,low,1,8,101,4.208333333333333,0.0,0.00980392156862745,0.0066457152418465245,0.0,0.030612244897959183
add_chord_p0,add_chord,0,4801,770026612,"72,139,147",306,114,2448,111,3,7,7,18,25,76,0.22522522522522523,0.6846846846846847,4.423423423423423,low,1,8,100,4.0,0.0,0.00980392156862745,0.0066457152418465245,0.0,0.030612244897959183
add_chord_p0,add_chord,0,4801,770026612,"72,139,147",307,115,2456,114,3,7,8,16,24,80,0.21052631578947367,0.7017543859649122,4.4298245614035086,low,1,7,95,3.9583333333333335,0.0,0.00980392156862745,0.0066457152418465245,0.0,0.030612244897959183
add_chord_p0,add_chord,0,4801,770026612,"72,139,147",308,116,2464,116,3,7,8,17,25,81,0.21551724137931033,0.6982758620689655,4.431034482758621,low,1,7,95,3.8,0.0,0.00980392156862745,0.0066457152418465245,0.0,0.030612244897959183
add_chord_p0,add_chord,0,4801,770026612,"72,139,147",309,117,2472,116,3,7,8,18,26,80,0.22413793103448276,0.6896551724137931,4.439655172413793,low,1,7,95,3.6538461538461537,0.0,0.00980392156862745,0.0066457152418465245,0.0,0.030612244897959183
add_chord_p0,add_chord,0,4801,770026612,"72,139,147",310,118,2480,115,3,7,7,18,25,80,0.21739130434782608,0.6956521739130435,4.478260869565218,low,1,6,94,3.76,0.0,0.00980392156862745,0.0066457152418465245,0.0,0.030612244897959183
add_chord_p0,add_chord,0,4801,770026612,"72,139,147",311,119,2488,113,3,7,6,19,25,78,0.22123893805309736,0.6902654867256637,4.495575221238938,low,2,8,95,3.8,0.0,0.00980392156862745,0.0066457152418465245,0.0,0.030612244897959183
add_chord_p0,add_chord,0,4801,770026612,"72,139,147",312,120,2496,114,3,7,6,17,23,81,0.20175438596491227,0.7105263157894737,4.526315789473684,low,2,8,92,4.0,0.0,0.00980392156862745,0.006043785296073803,0.0,0.030612244897959183
add_chord_p0,add_chord,0,4801,770026612,"72,139,147",313,121,2504,112,3,6,6,18,24,79,0.21428571428571427,0.7053571428571429,4.553571428571429,low,2,9,97,4.041666666666667,0.0,0.00980392156862745,0.006043785296073803,0.0,0.030612244897959183
add_chord_p0,add_chord,0,4801,770026612,"72,139,147",314,122,2512,113,3,6,7,18,25,79,0.22123893805309736,0.6991150442477876,4.566371681415929,low,2,9,104,4.16,0.0,0.00980392156862745,0.006043785296073803,0.0,0.030612244897959183
add_chord_p0,add_chord,0,4801,770026612,"72,139,147",315,123,2520,114,3,6,8,17,25,80,0.21929824561403508,0.7017543859649122,4.552631578947368,low,2,5,106,4.24,0.0,0.00980392156862745,0.006043785296073803,0.0,0.030612244897959183
add_chord_p0,add_chord,0,4801,770026612,"72,139,147",316,124,2528,113,3,6,8,17,25,79,0.22123893805309736,0.6991150442477876,4.566371681415929,low,2,5,106,4.24,0.0,0.00980392156862745,0.006043785296073803,0.0,0.030612244897959183
add_chord_p0,add_chord,0,4801,770026612,"72,139,147",317,125,2536,114,3,6,8,17,25,80,0.21929824561403508,0.7017543859649122,4.535087719298246,low,2,5,106,4.24,0.0,0.00980392156862745,0.006043785296073803,0.0,0.030612244897959183
add_chord_p0,add_chord,0,4801,770026612,"72,139,147",318,126,2544,112,3,5,8,17,25,79,0.22321428571428573,0.7053571428571429,4.526785714285714,low,2,5,107,4.28,0.0,0.00980392156862745,0.009144094621153735,0.0,0.030612244897959183
add_chord_p0,add_chord,0,4801,770026612,"72,139,147",319,127,2552,108,3,5,8,17,25,75,0.23148148148148148,0.6944444444444444,4.462962962962963,low,2,5,107,4.28,0.0,0.00980392156862745,0.009144094621153735,0.0,0.030612244897959183
add_chord_p0,add_chord,0,4801,770026612,"72,139,147",320,128,2560,113,3,5,9,16,25,80,0.22123893805309736,0.7079646017699115,4.469026548672566,low,1,6,101,4.04,0.0,0.00980392156862745,0.009144094621153735,0.0,0.030612244897959183
add_chord_p0,add_chord,0,4861,770026672,"72,139,147",192,0,1536,50,2,1,4,8,12,35,0.24,0.7,5.1,mid,3,5,66,5.5,0.0,0.00980392156862745,0.013555971603387071,0.0,0.02040816326530612
add_chord_p0,add_chord,0,4861,770026672,"72,139,147",193,1,1544,50,2,1,4,8,12,35,0.24,0.7,5.08,mid,3,5,66,5.5,0.0,0.00980392156862745,0.013555971603387071,0.0,0.02040816326530612
add_chord_p0,add_chord,0,4861,770026672,"72,139,147",194,2,1552,49,2,1,4,8,12,34,0.24489795918367346,0.6938775510204082,5.1020408163265305,mid,3,5,66,5.5,0.0,0.00980392156862745,0.013555971603387071,0.0,0.02040816326530612
add_chord_p0,add_chord,0,4861,770026672,"72,139,147",195,3,1560,48,2,1,3,9,12,33,0.25,0.6875,5.125,mid,3,5,65,5.416666666666667,0.0,0.00980392156862745,0.013555971603387071,0.0,0.02040816326530612
add_chord_p0,add_chord,0,4861,770026672,"72,139,147",196,4,1568,51,2,1,3,9,12,36,0.23529411764705882,0.7058823529411765,5.1568627450980395,mid,3,5,65,5.416666666666667,0.0,0.00980392156862745,0.013555971603387071,0.0,0.02040816326530612
add_chord_p0,add_chord,0,4861,770026672,"72,139,147",197,5,1576,56,2,1,3,8,11,42,0.19642857142857142,0.75,5.392857142857143,mid,3,4,60,5.454545454545454,0.0,0.00980392156862745,0.013555971431052255,0.0,0.02040816326530612
add_chord_p0,add_chord,0,4861,770026672,"72,139,147",198,6,1584,55,2,0,3,8,11,42,0.2,0.7636363636363637,5.472727272727273,mid,3,4,60,5.454545454545454,0.0,0.00980392156862745,0.013555971431052255,0.0,0.02040816326530612
add_chord_p0,add_chord,0,4861,770026672,"72,139,147",199,7,1592,61,2,0,4,7,11,48,0.18032786885245902,0.7868852459016393,5.459016393442623,mid,3,4,61,5.545454545454546,0.0,0.00980392156862745,0.013555971431052255,0.0,0.02040816326530612
add_chord_p0,add_chord,0,4861,770026672,"72,139,147",200,8,1600,59,2,1,3,7,10,46,0.1694915254237288,0.7796610169491526,5.305084745762712,mid,3,3,59,5.9,0.0,0.00980392156862745,0.013555971431052255,0.0,0.02040816326530612
add_chord_p0,add_chord,0,4861,770026672,"72,139,147",201,9,1608,62,2,1,4,8,12,47,0.1935483870967742,0.7580645161290323,5.193548387096774,mid,3,3,63,5.25,0.0,0.00980392156862745,0.013555971431052255,0.0,0.02040816326530612
add_chord_p0,add_chord,0,4861,770026672,"72,139,147",202,10,1616,61,2,0,5,6,11,48,0.18032786885245902,0.7868852459016393,5.245901639344262,mid,3,3,77,7.0,0.0,0.00980392156862745,0.013555971431052255,0.0,0.02040816326530612
add_chord_p0,add_chord,0,4861,770026672,"72,139,147",203,11,1624,63,2,0,5,6,11,50,0.1746031746031746,0.7936507936507936,5.349206349206349,mid,3,3,77,7.0,0.0,0.00980392156862745,0.013555971431052255,0.0,0.02040816326530612
add_chord_p0,add_chord,0,4861,770026672,"72,139,147",204,12,1632,63,2,1,5,6,11,49,0.1746031746031746,0.7777777777777778,5.412698412698413,mid,3,3,77,7.0,0.0,0.00980392156862745,0.013555971431052255,0.0,0.02040816326530612
add_chord_p0,add_chord,0,4861,770026672,"72,139,147",205,13,1640,63,2,1,5,7,12,48,0.19047619047619047,0.7619047619047619,5.428571428571429,mid,4,3,77,6.416666666666667,0.0,0.00980392156862745,0.013555971431052255,0.0,0.02040816326530612
add_chord_p0,add_chord,0,4861,770026672,"72,139,147",206,14,1648,64,2,1,4,10,14,47,0.21875,0.734375,5.390625,mid,3,5,86,6.142857142857143,0.0,0.00980392156862745,0.01355520730504623,0.0,0.02040816326530612
add_chord_p0,add_chord,0,4861,770026672,"72,139,147",207,15,1656,64,2,1,4,11,15,46,0.234375,0.71875,5.40625,mid,3,5,87,5.8,0.0,0.00980392156862745,0.01355520730504623,0.0,0.02040816326530612
add_chord_p0,add_chord,0,4861,770026672,"72,139,147",208,16,1664,64,2,1,4,11,15,46,0.234375,0.71875,5.40625,mid,3,5,87,5.8,0.0,0.00980392156862745,0.01355520730504623,0.0,0.02040816326530612
add_chord_p0,add_chord,0,4861,770026672,"72,139,147",209,17,1672,64,2,1,4,11,15,46,0.234375,0.71875,5.40625,mid,3,5,87,5.8,0.0,0.00980392156862745,0.01355520730504623,0.0,0.02040816326530612
add_chord_p0,add_chord,0,4861,770026672,"72,139,147",210,18,1680,67,2,1,4,12,16,48,0.23880597014925373,0.7164179104477612,5.313432835820896,mid,3,5,88,5.5,0.0,0.00980392156862745,0.01355520730504623,0.0,0.02040816326530612
add_chord_p0,add_chord,0,4861,770026672,"72,139,147",211,19,1688,68,2,1,4,12,16,49,0.23529411764705882,0.7205882352941176,5.294117647058823,mid,3,5,88,5.5,0.0,0.00980392156862745,0.013555177631167419,0.0,0.02040816326530612
add_chord_p0,add_chord,0,4861,770026672,"72,139,147",212,20,1696,69,2,1,4,12,16,50,0.2318840579710145,0.7246376811594203,5.27536231884058,mid,3,5,88,5.5,0.0,0.00980392156862745,0.013555177631167419,0.0,0.02040816326530612
add_chord_p0,add_chord,0,4861,770026672,"72,139,147",213,21,1704,70,2,1,4,12,16,51,0.22857142857142856,0.7285714285714285,5.442857142857143,mid,3,5,88,5.5,0.0,0.00980392156862745,0.013555177631167419,0.0,0.02040816326530612
add_chord_p0,add_chord,0,4861,770026672,"72,139,147",214,22,1712,71,2,1,4,12,16,52,0.22535211267605634,0.7323943661971831,5.422535211267606,mid,3,5,88,5.5,0.0,0.00980392156862745,0.013555177631167419,0.0,0.02040816326530612
add_chord_p0,add_chord,0,4861,770026672,"72,139,147",215,23,1720,69,2,0,4,11,15,52,0.21739130434782608,0.7536231884057971,5.3768115942028984,mid,2,5,78,5.2,0.0,0.00980392156862745,0.013555177631167419,0.0,0.02040816326530612
add_chord_p0,add_chord,0,4861,770026672,"72,139,147",216,24,1728,68,2,0,4,11,15,51,0.22058823529411764,0.75,5.294117647058823,mid,2,5,78,5.2,0.0,0.00980392156862745,0.013555177631167419,0.0,0.02040816326530612
add_chord_p0,add_chord,0,4861,770026672,"72,139,147",217,25,1736,67,2,0,4,11,15,50,0.22388059701492538,0.746268656716418,5.298507462686567,mid,2,5,78,5.2,0.0,0.00980392156862745,0.013555177631167419,0.0,0.02040816326530612
add_chord_p0,add_chord,0,4861,770026672,"72,139,147",218,26,1744,68,2,0,4,12,16,50,0.23529411764705882,0.7352941176470589,5.397058823529412,mid,2,5,77,4.8125,0.0,0.00980392156862745,0.012918522981697692,0.0,0.02040816326530612
add_chord_p0,add_chord,0,4861,770026672,"72,139,147",219,27,1752,70,2,0,4,12,16,52,0.22857142857142856,0.7428571428571429,5.328571428571428,mid,2,6,81,5.0625,0.0,0.00980392156862745,0.012918522981697692,0.0,0.02040816326530612
add_chord_p0,add_chord,0,4861,770026672,"72,139,147",220,28,1760,68,2,0,4,11,15,51,0.22058823529411764,0.75,5.485294117647059,mid,2,5,77,5.133333333333334,0.0,0.00980392156862745,0.012918522981697692,0.0,0.02040816326530612
add_chord_p0,add_chord,0,4861,770026672,"72,139,147",221,29,1768,67,2,0,4,10,14,51,0.208955223880597,0.7611940298507462,5.507462686567164,mid,2,5,78,5.571428571428571,0.0,0.00980392156862745,0.012918522981697692,0.0,0.02040816326530612
add_chord_p0,add_chord,0,4861,770026672,"72,139,147",222,30,1776,68,2,0,4,10,14,52,0.20588235294117646,0.7647058823529411,5.647058823529412,mid,2,4,77,5.5,0.0,0.00980392156862745,0.013430917708157285,0.0,0.02040816326530612
add_chord_p0,add_chord,0,4861,770026672,"72,139,147",223,31,1784,68,2,0,4,10,14,52,0.20588235294117646,0.7647058823529411,5.485294117647059,mid,2,4,77,5.5,0.0,0.00980392156862745,0.013430977633825208,0.0,0.02040816326530612
add_chord_p0,add_chord,0,4861,770026672,"72,139,147",224,32,1792,67,2,0,5,8,13,52,0.19402985074626866,0.7761194029850746,5.402985074626866,mid,2,4,84,6.461538461538462,0.0,0.00980392156862745,0.025716193844593723,0.0,0.01020408163265306
add_chord_p0,add_chord,0,4861,770026672,"72,139,147",225,33,1800,69,2,0,5,8,13,54,0.18840579710144928,0.782608695652174,5.391304347826087,mid,2,4,84,6.461538461538462,0.0,0.00980392156862745,0.025716193844593723,0.0,0.01020408163265306
add_chord_p0,add_chord,0,4861,770026672,"72,139,147",226,34,1808,69,2,0,5,8,13,54,0.18840579710144928,0.782608695652174,5.202898550724638,mid,2,4,84,6.461538461538462,0.0,0.00980392156862745,0.025716193844593723,0.0,0.01020408163265306
add_chord_p0,add_chord,0,4861,770026672,"72,139,147",227,35,1816,72,2,0,5,10,15,55,0.20833333333333334,0.7638888888888888,5.152777777777778,mid,2,4,85,5.666666666666667,0.0,0.00980392156862745,0.025716193844593723,0.0,0.01020408163265306
add_chord_p0,add_chord,0,4861,770026672,"72,139,147",228,36,1824,72,2,0,5,10,15,55,0.20833333333333334,0.7638888888888888,5.166666666666667,mid,2,4,85,5.666666666666667,0.0,0.00980392156862745,0.025716193844593723,0.0,0.01020408163265306
add_chord_p0,add_chord,0,4861,770026672,"72,139,147",229,37,1832,73,2,1,4,9,13,57,0.1780821917808219,0.7808219178082192,5.315068493150685,mid,1,7,83,6.384615384615385,0.0,0.00980392156862745,0.025716193844593723,0.0,0.01020408163265306
add_chord_p0,add_chord,0,4861,770026672,"72,139,147",230,38,1840,76,2,1,5,9,14,59,0.18421052631578946,0.7763157894736842,5.342105263157895,mid,2,4,84,6.0,0.0,0.00980392156862745,0.025716193844593723,0.0,0.01020408163265306
add_chord_p0,add_chord,0,4861,770026672,"72,139,147",231,39,1848,78,2,1,5,9,14,61,0.1794871794871795,0.782051282051282,5.346153846153846,mid,2,4,84,6.0,0.0,0.00980392156862745,0.025716193844593723,0.0,0.01020408163265306
add_chord_p0,add_chord,0,4861,770026672,"72,139,147",232,40,1856,82,2,1,6,10,16,63,0.1951219512195122,0.7682926829268293,5.2439024390243905,mid,2,4,85,5.3125,0.0,0.00980392156862745,0.025716193844593723,0.0,0.01020408163265306
add_chord_p0,add_chord,0,4861,770026672,"72,139,147",233,41,1864,80,2,1,5,11,16,61,0.2,0.7625,5.4375,mid,1,7,86,5.375,0.0,0.00980392156862745,0.025716193844593723,0.0,0.01020408163265306
add_chord_p0,add_chord,0,4861,770026672,"72,139,147",234,42,1872,80,2,2,5,11,16,60,0.2,0.75,5.15,mid,1,7,86,5.375,0.0,0.00980392156862745,0.025716193844593723,0.0,0.01020408163265306
add_chord_p0,add_chord,0,4861,770026672,"72,139,147",235,43,1880,82,2,2,5,11,16,62,0.1951219512195122,0.7560975609756098,5.329268292682927,mid,1,7,86,5.375,0.0,0.00980392156862745,0.025716193844593723,0.0,0.01020408163265306
add_chord_p0,add_chord,0,4861,770026672,"72,139,147",236,44,1888,80,2,2,4,14,18,58,0.225,0.725,5.25,mid,1,9,88,4.888888888888889,0.0,0.00980392156862745,0.025716193844593723,0.0,0.01020408163265306
add_chord_p0,add_chord,0,4861,770026672,"72,139,147",237,45,1896,78,2,2,4,15,19,55,0.24358974358974358,0.7051282051282052,5.32051282051282,mid,1,9,89,4.684210526315789,0.0,0.00980392156862745,0.025716193844593723,0.0,0.01020408163265306
add_chord_p0,add_chord,0,4861,770026672,"72,139,147",238,46,1904,78,2,2,4,16,20,54,0.2564102564102564,0.6923076923076923,5.3076923076923075,mid,1,9,88,4.4,0.0,0.00980392156862745,0.025716193844593723,0.0,0.01020408163265306
add_chord_p0,add_chord,0,4861,770026672,"72,139,147",239,47,1912,79,2,2,4,16,20,55,0.25316455696202533,0.6962025316455697,5.291139240506329,mid,1,9,88,4.4,0.0,0.00980392156862745,0.025716193844593723,0.0,0.01020408163265306
add_chord_p0,add_chord,0,4861,770026672,"72,139,147",240,48,1920,81,2,2,5,15,20,57,0.24691358024691357,0.7037037037037037,5.2592592592592595,mid,1,6,96,4.8,0.0,0.00980392156862745,0.025716193844593723,0.0,0.01020408163265306
add_chord_p0,add_chord,0,4861,770026672,"72,139,147",241,49,1928,79,2,2,5,14,19,56,0.24050632911392406,0.7088607594936709,5.2025316455696204,mid,1,6,97,5.105263157894737,0.0,0.00980392156862745,0.025716193844593723,0.0,0.01020408163265306
add_chord_p0,add_chord,0,4861,770026672,"72,139,147",242,50,1936,81,2,2,6,13,19,58,0.2345679012345679,0.7160493827160493,5.135802469135802,mid,1,7,99,5.2105263157894735,0.0,0.00980392156862745,0.025716193844593723,0.0,0.01020408163265306
add_chord_p0,add_chord,0,4861,770026672,"72,139,147",243,51,1944,81,2,2,6,13,19,58,0.2345679012345679,0.7160493827160493,5.1234567901234565,mid,1,8,90,4.7368421052631575,0.0,0.00980392156862745,0.025716193844593723,0.0,0.01020408163265306
add_chord_p0,add_chord,0,4861,770026672,"72,139,147",244,52,1952,80,2,2,5,14,19,57,0.2375,0.7125,5.15,mid,1,10,83,4.368421052631579,0.0,0.00980392156862745,0.02564567024470294,0.0,0.01020408163265306
add_chord_p0,add_chord,0,4861,770026672,"72,139,147",245,53,1960,83,2,2,7,14,21,58,0.25301204819277107,0.6987951807228916,5.168674698795181,mid,3,6,87,4.142857142857143,0.0,0.00980392156862745,0.02564567024470294,0.0,0.01020408163265306
add_chord_p0,add_chord,0,4861,770026672,"72,139,147",246,54,1968,86,2,3,7,14,21,60,0.2441860465116279,0.6976744186046512,5.116279069767442,mid,2,5,93,4.428571428571429,0.0,0.00980392156862745,0.02564567024470294,0.0,0.01020408163265306
add_chord_p0,add_chord,0,4861,770026672,"72,139,147",247,55,1976,86,2,3,6,15,21,60,0.2441860465116279,0.6976744186046512,5.093023255813954,mid,2,5,85,4.0476190476190474,0.0,0.00980392156862745,0.02564567024470294,0.0,0.01020408163265306
add_chord_p0,add_chord,0,4861,770026672,"72,139,147",248,56,1984,85,2,3,6,15,21,59,0.24705882352941178,0.6941176470588235,5.105882352941176,mid,2,5,85,4.0476190476190474,0.0,0.00980392156862745,0.02564567024470294,0.0,0.01020408163265306
add_chord_p0,add_chord,0,4861,770026672,"72,139,147",249,57,1992,84,2,3,6,15,21,58,0.25,0.6904761904761905,5.107142857142857,mid,2,6,87,4.142857142857143,0.0,0.00980392156862745,0.02564567024470294,0.0,0.01020408163265306
add_chord_p0,add_chord,0,4861,770026672,"72,139,147",250,58,2000,82,2,3,4,15,19,58,0.23170731707317074,0.7073170731707317,5.048780487804878,mid,1,7,83,4.368421052631579,0.0,0.00980392156862745,0.025660189565246596,0.0,0.01020408163265306
add_chord_p0,add_chord,0,4861,770026672,"72,139,147",251,59,2008,83,2,3,4,16,20,58,0.24096385542168675,0.6987951807228916,5.132530120481928,mid,1,8,86,4.3,0.0,0.00980392156862745,0.025660189565246596,0.0,0.01020408163265306
add_chord_p0,add_chord,0,4861,770026672,"72,139,147",252,60,2016,82,2,3,4,16,20,57,0.24390243902439024,0.6951219512195121,5.134146341463414,mid,1,8,86,4.3,0.0,0.00980392156862745,0.025660189565246596,0.0,0.01020408163265306
add_chord_p0,add_chord,0,4861,770026672,"72,139,147",253,61,2024,82,2,3,4,17,21,56,0.25609756097560976,0.6829268292682927,4.987804878048781,low,1,7,96,4.571428571428571,0.0,0.00980392156862745,0.025660189565246596,0.0,0.01020408163265306
add_chord_p0,add_chord,0,4861,770026672,"72,139,147",254,62,2032,82,2,3,4,17,21,56,0.25609756097560976,0.6829268292682927,5.048780487804878,mid,1,7,96,4.571428571428571,0.0,0.00980392156862745,0.025660189576712948,0.0,0.01020408163265306
add_chord_p0,add_chord,0,4861,770026672,"72,139,147",255,63,2040,83,2,3,4,18,22,56,0.26506024096385544,0.6746987951807228,5.036144578313253,mid,3,6,88,4.0,0.0,0.00980392156862745,0.025702968509988832,0.0,0.01020408163265306
add_chord_p0,add_chord,0,4861,770026672,"72,139,147",256,64,2048,84,2,3,4,19,23,56,0.27380952380952384,0.6666666666666666,5.035714285714286,mid,3,7,90,3.9130434782608696,0.0,0.00980392156862745,0.025702968509988832,0.0,0.01020408163265306
add_chord_p0,add_chord,0,4861,770026672,"72,139,147",257,65,2056,86,2,3,5,17,22,59,0.2558139534883721,0.686046511627907,5.058139534883721,mid,3,6,84,3.8181818181818183,0.0,0.00980392156862745,0.025702968509988832,0.0,0.01020408163265306
add_chord_p0,add_chord,0,4861,770026672,"72,139,147",258,66,2064,85,2,3,5,18,23,57,0.27058823529411763,0.6705882352941176,4.91764705882353,low,3,6,83,3.608695652173913,0.0,0.00980392156862745,0.025702968509988832,0.0,0.01020408163265306
add_chord_p0,add_chord,0,4861,770026672,"72,139,147",259,67,2072,88,2,3,4,18,22,61,0.25,0.6931818181818182,4.965909090909091,low,3,5,81,3.6818181818181817,0.0,0.00980392156862745,0.02575441483324746,0.0,0.01020408163265306
add_chord_p0,add_chord,0,4861,770026672,"72,139,147",260,68,2080,88,2,3,4,17,21,62,0.23863636363636365,0.7045454545454546,4.988636363636363,low,3,5,80,3.8095238095238093,0.0,0.00980392156862745,0.02575441483324746,0.0,0.01020408163265306
add_chord_p0,add_chord,0,4861,770026672,"72,139,147",261,69,2088,90,2,3,6,15,21,64,0.23333333333333334,0.7111111111111111,4.955555555555556,low,3,5,80,3.8095238095238093,0.0,0.00980392156862745,0.02575441483324746,0.0,0.01020408163265306
add_chord_p0,add_chord,0,4861,770026672,"72,139,147",262,70,2096,91,2,3,6,15,21,65,0.23076923076923078,0.7142857142857143,5.054945054945055,mid,3,5,80,3.8095238095238093,0.0,0.00980392156862745,0.02575441483324746,0.0,0.01020408163265306
add_chord_p0,add_chord,0,4861,770026672,"72,139,147",263,71,2104,91,2,3,5,16,21,65,0.23076923076923078,0.7142857142857143,5.076923076923077,mid,3,7,81,3.857142857142857,0.0,0.00980392156862745,0.02575441483324746,0.0,0.01020408163265306
add_chord_p0,add_chord,0,4861,770026672,"72,139,147",264,72,2112,90,2,3,5,16,21,64,0.23333333333333334,0.7111111111111111,5.066666666666666,mid,3,7,81,3.857142857142857,0.0,0.00980392156862745,0.02575441483324746,0.0,0.01020408163265306
add_chord_p0,add_chord,0,4861,770026672,"72,139,147",265,73,2120,90,2,3,5,17,22,63,0.24444444444444444,0.7,5.055555555555555,mid,4,7,91,4.136363636363637,0.0,0.00980392156862745,0.02575441483324746,0.0,0.01020408163265306
add_chord_p0,add_chord,0,4861,770026672,"72,139,147",266,74,2128,89,2,3,5,17,22,62,0.24719101123595505,0.6966292134831461,5.067415730337078,mid,4,7,91,4.136363636363637,0.0,0.00980392156862745,0.02575441483324746,0.0,0.01020408163265306
add_chord_p0,add_chord,0,4861,770026672,"72,139,147",267,75,2136,90,2,3,5,16,21,64,0.23333333333333334,0.7111111111111111,5.055555555555555,mid,3,7,91,4.333333333333333,0.0,0.00980392156862745,0.02575441483324746,0.0,0.01020408163265306
add_chord_p0,add_chord,0,4861,770026672,"72,139,147",268,76,2144,91,2,3,5,17,22,64,0.24175824175824176,0.7032967032967034,5.021978021978022,mid,3,7,92,4.181818181818182,0.0,0.00980392156862745,0.025754396442742442,0.0,0.01020408163265306
add_chord_p0,add_chord,0,4861,770026672,"72,139,147",269,77,2152,94,2,3,6,16,22,67,0.23404255319148937,0.7127659574468085,5.0212765957446805,mid,3,5,91,4.136363636363637,0.0,0.00980392156862745,0.025754396442742442,0.0,0.01020408163265306
add_chord_p0,add_chord,0,4861,770026672,"72,139,147",270,78,2160,96,2,2,7,17,24,68,0.25,0.7083333333333334,5.0,mid,4,6,83,3.4583333333333335,0.0,0.00980392156862745,0.025754396442742442,0.0,0.01020408163265306
add_chord_p0,add_chord,0,4861,770026672,"72,139,147",271,79,2168,94,2,2,7,15,22,68,0.23404255319148937,0.723404255319149,5.031914893617022,mid,3,6,72,3.272727272727273,0.0,0.00980392156862745,0.020247416350216485,0.0,0.02040816326530612
add_chord_p0,add_chord,0,4861,770026672,"72,139,147",272,80,2176,93,2,2,6,16,22,67,0.23655913978494625,0.7204301075268817,5.043010752688172,mid,1,7,86,3.909090909090909,0.0,0.00980392156862745,0.020247416350216485,0.0,0.02040816326530612
add_chord_p0,add_chord,0,4861,770026672,"72,139,147",273,81,2184,95,2,2,7,17,24,67,0.25263157894736843,0.7052631578947368,4.989473684210527,low,0,8,100,4.166666666666667,0.0,0.00980392156862745,0.020863194456355313,0.0,0.01020408163265306
add_chord_p0,add_chord,0,4861,770026672,"72,139,147",274,82,2192,95,2,2,7,17,24,67,0.25263157894736843,0.7052631578947368,4.989473684210527,low,0,8,98,4.083333333333333,0.0,0.00980392156862745,0.020863194456355313,0.0,0.01020408163265306
add_chord_p0,add_chord,0,4861,770026672,"72,139,147",275,83,2200,98,2,2,7,17,24,70,0.24489795918367346,0.7142857142857143,5.010204081632653,mid,0,8,98,4.083333333333333,0.0,0.00980392156862745,0.020863194456355313,0.0,0.01020408163265306
add_chord_p0,add_chord,0,4861,770026672,"72,139,147",276,84,2208,100,2,2,7,17,24,72,0.24,0.72,5.0,mid,0,8,98,4.083333333333333,0.0,0.00980392156862745,0.020863194456355313,0.0,0.01020408163265306
add_chord_p0,add_chord,0,4861,770026672,"72,139,147",277,85,2216,100,2,2,7,17,24,72,0.24,0.72,5.0,mid,0,8,98,4.083333333333333,0.0,0.00980392156862745,0.020863194456355313,0.0,0.01020408163265306
add_chord_p0,add_chord,0,4861,770026672,"72,139,147",278,86,2224,100,2,2,7,18,25,71,0.25,0.71,5.0,mid,0,8,100,4.0,0.0,0.00980392156862745,0.020863194456355313,0.0,0.01020408163265306
add_chord_p0,add_chord,0,4861,770026672,"72,139,147",279,87,2232,100,2,2,7,18,25,71,0.25,0.71,5.0,mid,0,8,100,4.0,0.0,0.00980392156862745,0.020863194456355313,0.0,0.01020408163265306
add_chord_p0,add_chord,0,4861,770026672,"72,139,147",280,88,2240,101,2,2,7,18,25,72,0.24752475247524752,0.7128712871287128,4.98019801980198,low,0,8,100,4.0,0.0,0.00980392156862745,0.009498214031482951,0.0,0.02040816326530612
add_chord_p0,add_chord,0,4861,770026672,"72,139,147",281,89,2248,103,2,2,6,19,25,74,0.24271844660194175,0.7184466019417476,5.038834951456311,mid,0,9,103,4.12,0.0,0.00980392156862745,0.009498214031482951,0.0,0.02040816326530612
add_chord_p0,add_chord,0,4861,770026672,"72,139,147",282,90,2256,102,2,2,6,19,25,73,0.24509803921568626,0.7156862745098039,5.019607843137255,mid,0,9,103,4.12,0.0,0.00980392156862745,0.009498214031482951,0.0,0.02040816326530612
add_chord_p0,add_chord,0,4861,770026672,"72,139,147",283,91,2264,103,2,2,6,20,26,73,0.2524271844660194,0.7087378640776699,5.0,mid,0,9,102,3.923076923076923,0.0,0.00980392156862745,0.009498214031482951,0.0,0.02040816326530612
add_chord_p0,add_chord,0,4861,770026672,"72,139,147",284,92,2272,103,2,2,7,21,28,71,0.27184466019417475,0.6893203883495146,4.970873786407767,low,3,8,99,3.5357142857142856,0.0,0.00980392156862745,0.009214189999107173,0.0,0.02040816326530612
add_chord_p0,add_chord,0,4861,770026672,"72,139,147",285,93,2280,105,2,2,7,21,28,73,0.26666666666666666,0.6952380952380952,4.961904761904762,low,3,8,99,3.5357142857142856,0.0,0.00980392156862745,0.009214189999107173,0.0,0.02040816326530612
add_chord_p0,add_chord,0,4861,770026672,"72,139,147",286,94,2288,108,2,2,7,21,28,76,0.25925925925925924,0.7037037037037037,4.981481481481482,low,2,8,88,3.142857142857143,0.0,0.00980392156862745,0.009214189999107173,0.0,0.02040816326530612
add_chord_p0,add_chord,0,4861,770026672,"72,139,147",287,95,2296,107,2,1,7,19,26,78,0.24299065420560748,0.7289719626168224,5.046728971962617,mid,2,6,97,3.730769230769231,0.0,0.00980392156862745,0.009214189999107173,0.0,0.02040816326530612
add_chord_p0,add_chord,0,4861,770026672,"72,139,147",288,96,2304,106,2,2,7,19,26,76,0.24528301886792453,0.7169811320754716,4.952830188679245,low,3,6,108,4.153846153846154,0.0,0.00980392156862745,0.009214189999107173,0.0,0.02040816326530612
add_chord_p0,add_chord,0,4861,770026672,"72,139,147",289,97,2312,105,2,2,8,18,26,75,0.24761904761904763,0.7142857142857143,4.942857142857143,low,3,5,110,4.230769230769231,0.0,0.00980392156862745,0.009214189999107173,0.0,0.02040816326530612
add_chord_p0,add_chord,0,4861,770026672,"72,139,147",290,98,2320,107,2,2,8,20,28,75,0.2616822429906542,0.7009345794392523,5.037383177570093,mid,3,5,111,3.9642857142857144,0.0,0.00980392156862745,0.009214189999107173,0.0,0.02040816326530612
add_chord_p0,add_chord,0,4861,770026672,"72,139,147",291,99,2328,108,2,2,8,18,26,78,0.24074074074074073,0.7222222222222222,5.111111111111111,mid,3,5,107,4.115384615384615,0.0,0.00980392156862745,0.009214189999107173,0.0,0.02040816326530612
add_chord_p0,add_chord,0,4861,770026672,"72,139,147",292,100,2336,108,2,2,8,20,28,76,0.25925925925925924,0.7037037037037037,5.157407407407407,mid,3,5,109,3.892857142857143,0.0,0.00980392156862745,0.009214189999107173,0.0,0.02040816326530612
add_chord_p0,add_chord,0,4861,770026672,"72,139,147",293,101,2344,109,2,2,8,20,28,77,0.25688073394495414,0.7064220183486238,5.146788990825688,mid,3,5,109,3.892857142857143,0.0,0.00980392156862745,0.009214189999107173,0.0,0.02040816326530612
add_chord_p0,add_chord,0,4861,770026672,"72,139,147",294,102,2352,110,2,2,8,20,28,78,0.2545454545454545,0.7090909090909091,5.1454545454545455,mid,3,5,109,3.892857142857143,0.0,0.00980392156862745,0.009214189999107173,0.0,0.02040816326530612
add_chord_p0,add_chord,0,4861,770026672,"72,139,147",295,103,2360,109,2,2,7,21,28,77,0.25688073394495414,0.7064220183486238,5.146788990825688,mid,3,7,100,3.5714285714285716,0.0,0.00980392156862745,0.009214189999107173,0.0,0.02040816326530612
add_chord_p0,add_chord,0,4861,770026672,"72,139,147",296,104,2368,111,2,3,7,20,27,79,0.24324324324324326,0.7117117117117117,5.1441441441441444,mid,3,6,96,3.5555555555555554,0.0,0.00980392156862745,0.006553421415599006,0.0012489068494180764,0.02040816326530612
add_chord_p0,add_chord,0,4861,770026672,"72,139,147",297,105,2376,111,2,3,7,20,27,79,0.24324324324324326,0.7117117117117117,5.126126126126126,mid,3,6,98,3.6296296296296298,0.0,0.00980392156862745,0.006553421415599006,0.0012489068494180764,0.02040816326530612
add_chord_p0,add_chord,0,4861,770026672,"72,139,147",298,106,2384,114,2,3,7,21,28,81,0.24561403508771928,0.7105263157894737,5.026315789473684,mid,3,6,101,3.607142857142857,0.0,0.00980392156862745,0.006553436994794824,0.0012489068494180764,0.01020408163265306
add_chord_p0,add_chord,0,4861,770026672,"72,139,147",299,107,2392,117,2,4,7,20,27,84,0.23076923076923078,0.717948717948718,5.196581196581197,mid,3,6,100,3.7037037037037037,0.0,0.00980392156862745,0.006553436994794824,0.0012489068494180764,0.01020408163265306
add_chord_p0,add_chord,0,4861,770026672,"72,139,147",300,108,2400,115,2,4,7,20,27,82,0.23478260869565218,0.7130434782608696,5.208695652173913,mid,3,6,102,3.7777777777777777,0.0,0.00980392156862745,0.00949040931550763,0.0012489068494180764,0.01020408163265306
add_chord_p0,add_chord,0,4861,770026672,"72,139,147",301,109,2408,118,2,4,7,20,27,85,0.2288135593220339,0.7203389830508474,5.245762711864407,mid,3,7,103,3.814814814814815,0.0,0.00980392156862745,0.00949040931550763,0.0012489068494180764,0.01020408163265306
add_chord_p0,add_chord,0,4861,770026672,"72,139,147",302,110,2416,120,2,4,7,21,28,86,0.23333333333333334,0.7166666666666667,5.241666666666666,mid,3,7,102,3.642857142857143,0.0,0.00980392156862745,0.0061814831588475625,0.0012489068494180764,0.01020408163265306
add_chord_p0,add_chord,0,4861,770026672,"72,139,147",303,111,2424,120,2,4,8,20,28,86,0.23333333333333334,0.7166666666666667,5.233333333333333,mid,3,6,114,4.071428571428571,0.0,0.00980392156862745,0.0061814831588475625,0.0012489068494180764,0.01020408163265306
add_chord_p0,add_chord,0,4861,770026672,"72,139,147",304,112,2432,118,2,4,8,17,25,87,0.211864406779661,0.7372881355932204,5.271186440677966,mid,3,6,108,4.32,0.0,0.00980392156862745,0.0061814831588475625,0.0012489068494180764,0.01020408163265306
add_chord_p0,add_chord,0,4861,770026672,"72,139,147",305,113,2440,117,2,4,8,16,24,87,0.20512820512820512,0.7435897435897436,5.2905982905982905,mid,3,6,107,4.458333333333333,0.0,0.00980392156862745,0.0061814831588475625,0.0012489068494180764,0.01020408163265306
add_chord_p0,add_chord,0,4861,770026672,"72,139,147",306,114,2448,118,2,4,8,16,24,88,0.2033898305084746,0.7457627118644068,5.228813559322034,mid,3,6,107,4.458333333333333,0.0,0.00980392156862745,0.0061814831588475625,0.0012489068494180764,0.01020408163265306
add_chord_p0,add_chord,0,4861,770026672,"72,139,147",307,115,2456,120,2,4,9,16,25,89,0.20833333333333334,0.7416666666666667,5.266666666666667,mid,3,7,109,4.36,0.0,0.00980392156862745,0.0058538266810380865,0.0012489068494180764,0.02040816326530612
add_chord_p0,add_chord,0,4861,770026672,"72,139,147",308,116,2464,123,2,4,8,19,27,90,0.21951219512195122,0.7317073170731707,5.2439024390243905,mid,3,7,107,3.962962962962963,0.0,0.00980392156862745,0.0058538266810380865,0.0012489068494180764,0.02040816326530612
add_chord_p0,add_chord,0,4861,770026672,"72,139,147",309,117,2472,121,2,4,8,19,27,88,0.2231404958677686,0.7272727272727273,5.1735537190082646,mid,3,7,107,3.962962962962963,0.0,0.00980392156862745,0.0058538266810380865,0.0012489068494180764,0.02040816326530612
add_chord_p0,add_chord,0,4861,770026672,"72,139,147",310,118,2480,122,2,3,9,20,29,88,0.23770491803278687,0.7213114754098361,5.155737704918033,mid,3,8,107,3.689655172413793,0.0,0.00980392156862745,0.0058538266810380865,0.0012489068494180764,0.02040816326530612
add_chord_p0,add_chord,0,4861,770026672,"72,139,147",311,119,2488,123,2,3,10,20,30,88,0.24390243902439024,0.7154471544715447,5.130081300813008,mid,3,7,107,3.566666666666667,0.0,0.00980392156862745,0.0058538266810380865,0.0012489068494180764,0.02040816326530612
add_chord_p0,add_chord,0,4861,770026672,"72,139,147",312,120,2496,124,2,3,10,20,30,89,0.24193548387096775,0.717741935483871,5.201612903225806,mid,3,7,110,3.6666666666666665,0.0,0.00980392156862745,0.0058538266810380865,0.0012489068494180764,0.02040816326530612
add_chord_p0,add_chord,0,4861,770026672,"72,139,147",313,121,2504,129,2,3,10,21,31,93,0.24031007751937986,0.7209302325581395,5.162790697674419,mid,3,7,111,3.5806451612903225,0.0,0.00980392156862745,0.0058538266810380865,0.0012489068494180764,0.02040816326530612
add_chord_p0,add_chord,0,4861,770026672,"72,139,147",314,122,2512,130,2,3,10,22,32,93,0.24615384615384617,0.7153846153846154,5.123076923076923,mid,4,6,108,3.375,0.0,0.00980392156862745,0.0058538266810380865,0.0012489068494180764,0.02040816326530612
add_chord_p0,add_chord,0,4861,770026672,"72,139,147",315,123,2520,131,2,4,9,22,31,94,0.2366412213740458,0.7175572519083969,5.122137404580153,mid,4,5,107,3.4516129032258065,0.0,0.00980392156862745,0.0058538266810380865,0.0012489068494180764,0.02040816326530612
add_chord_p0,add_chord,0,4861,770026672,"72,139,147",316,124,2528,130,2,4,9,21,30,94,0.23076923076923078,0.7230769230769231,5.138461538461539,mid,4,5,106,3.533333333333333,0.0,0.00980392156862745,0.0058538266810380865,0.0012489068494180764,0.02040816326530612
add_chord_p0,add_chord,0,4861,770026672,"72,139,147",317,125,2536,128,2,4,9,19,28,94,0.21875,0.734375,5.1640625,mid,4,5,106,3.7857142857142856,0.0,0.00980392156862745,0.0058538266810380865,0.0012489068494180764,0.02040816326530612
add_chord_p0,add_chord,0,4861,770026672,"72,139,147",318,126,2544,129,2,4,9,19,28,95,0.21705426356589147,0.7364341085271318,5.155038759689923,mid,4,5,106,3.7857142857142856,0.0,0.00980392156862745,0.005211629019881281,0.0012489068494180764,0.02040816326530612
add_chord_p0,add_chord,0,4861,770026672,"72,139,147",319,127,2552,125,2,4,9,18,27,92,0.216,0.736,5.104,mid,4,5,107,3.962962962962963,0.0,0.00980392156862745,0.005211629019881281,0.0012489068494180764,0.02040816326530612
add_chord_p0,add_chord,0,4861,770026672,"72,139,147",320,128,2560,123,2,3,8,19,27,91,0.21951219512195122,0.7398373983739838,5.138211382113822,mid,4,8,99,3.6666666666666665,0.0,0.00980392156862745,0.005211629019881281,0.0012489068494180764,0.02040816326530612
add_chord_p2,add_chord,2,4703,770028514,"3,80,162",192,0,1536,8,3,2,2,1,3,0,0.375,0.0,1.125,low,0,2,9,3.0,0.0,0.00980392156862745,5.951920376730423e-09,0.0,0.02040816326530612
add_chord_p2,add_chord,2,4703,770028514,"3,80,162",193,1,1544,10,3,3,2,2,4,0,0.4,0.0,1.3,low,0,2,10,2.5,0.0,0.00980392156862745,5.951920376730423e-09,0.0,0.02040816326530612
add_chord_p2,add_chord,2,4703,770028514,"3,80,162",194,2,1552,10,3,3,2,2,4,0,0.4,0.0,1.3,low,0,2,10,2.5,0.0,0.00980392156862745,5.951920376730423e-09,0.0,0.02040816326530612
add_chord_p2,add_chord,2,4703,770028514,"3,80,162",195,3,1560,10,3,3,2,2,4,0,0.4,0.0,1.3,low,0,2,10,2.5,0.0,0.00980392156862745,5.951920376730423e-09,0.0,0.02040816326530612
add_chord_p2,add_chord,2,4703,770028514,"3,80,162",196,4,1568,10,3,3,2,2,4,0,0.4,0.0,1.3,low,0,2,10,2.5,0.0,0.00980392156862745,5.951920376730423e-09,0.0,0.02040816326530612
add_chord_p2,add_chord,2,4703,770028514,"3,80,162",197,5,1576,10,3,3,2,2,4,0,0.4,0.0,1.3,low,0,2,10,2.5,0.0,0.00980392156862745,5.951920376730423e-09,0.0,0.02040816326530612
add_chord_p2,add_chord,2,4703,770028514,"3,80,162",198,6,1584,10,3,3,2,2,4,0,0.4,0.0,1.3,low,0,2,10,2.5,0.0,0.00980392156862745,5.953990675074439e-09,0.0,0.02040816326530612
add_chord_p2,add_chord,2,4703,770028514,"3,80,162",199,7,1592,10,3,3,2,2,4,0,0.4,0.0,1.3,low,0,2,10,2.5,0.0,0.00980392156862745,5.953990675074439e-09,0.0,0.02040816326530612
add_chord_p2,add_chord,2,4703,770028514,"3,80,162",200,8,1600,10,3,3,2,2,4,0,0.4,0.0,1.3,low,0,2,10,2.5,0.0,0.00980392156862745,5.953990675074439e-09,0.0,0.02040816326530612
add_chord_p2,add_chord,2,4703,770028514,"3,80,162",201,9,1608,10,3,2,3,2,5,0,0.5,0.0,1.4,low,0,3,10,2.0,0.0,0.00980392156862745,5.953990675074439e-09,0.0,0.02040816326530612
add_chord_p2,add_chord,2,4703,770028514,"3,80,162",202,10,1616,10,3,2,3,2,5,0,0.5,0.0,1.4,low,0,3,10,2.0,0.0,0.00980392156862745,5.508490599466339e-09,0.0,0.02040816326530612
add_chord_p2,add_chord,2,4703,770028514,"3,80,162",203,11,1624,10,3,2,3,2,5,0,0.5,0.0,1.4,low,0,3,10,2.0,0.0,0.00980392156862745,5.508490599466339e-09,0.0,0.02040816326530612
add_chord_p2,add_chord,2,4703,770028514,"3,80,162",204,12,1632,10,3,2,3,2,5,0,0.5,0.0,1.4,low,0,3,10,2.0,0.0,0.00980392156862745,5.508490599466339e-09,0.0,0.02040816326530612
add_chord_p2,add_chord,2,4703,770028514,"3,80,162",205,13,1640,10,3,2,3,2,5,0,0.5,0.0,1.4,low,0,3,10,2.0,0.0,0.00980392156862745,5.508490599466339e-09,0.0,0.02040816326530612
add_chord_p2,add_chord,2,4703,770028514,"3,80,162",206,14,1648,10,3,2,3,2,5,0,0.5,0.0,1.4,low,0,3,10,2.0,0.0,0.00980392156862745,5.508490599466339e-09,0.0,0.02040816326530612
add_chord_p2,add_chord,2,4703,770028514,"3,80,162",207,15,1656,11,3,3,3,2,5,0,0.45454545454545453,0.0,1.3636363636363635,low,0,3,11,2.2,0.0,0.00980392156862745,5.508490599466339e-09,0.0,0.02040816326530612
add_chord_p2,add_chord,2,4703,770028514,"3,80,162",208,16,1664,11,3,3,3,2,5,0,0.45454545454545453,0.0,1.3636363636363635,low,0,3,11,2.2,0.0,0.00980392156862745,5.508490599466339e-09,0.0,0.02040816326530612
add_chord_p2,add_chord,2,4703,770028514,"3,80,162",209,17,1672,11,3,3,3,2,5,0,0.45454545454545453,0.0,1.3636363636363635,low,0,3,11,2.2,0.0,0.00980392156862745,5.504224357956575e-09,0.0,0.02040816326530612
add_chord_p2,add_chord,2,4703,770028514,"3,80,162",210,18,1680,11,3,3,3,2,5,0,0.45454545454545453,0.0,1.3636363636363635,low,0,3,11,2.2,0.0,0.00980392156862745,5.504224357956575e-09,0.0,0.02040816326530612
add_chord_p2,add_chord,2,4703,770028514,"3,80,162",211,19,1688,11,3,3,3,2,5,0,0.45454545454545453,0.0,1.3636363636363635,low,0,3,11,2.2,0.0,0.00980392156862745,5.504224357956575e-09,0.0,0.02040816326530612
add_chord_p2,add_chord,2,4703,770028514,"3,80,162",212,20,1696,11,3,4,2,2,4,0,0.36363636363636365,0.0,1.2727272727272727,low,0,2,9,2.25,0.0,0.00980392156862745,5.504224357956575e-09,0.0,0.02040816326530612
add_chord_p2,add_chord,2,4703,770028514,"3,80,162",213,21,1704,11,3,4,2,2,4,0,0.36363636363636365,0.0,1.2727272727272727,low,0,2,9,2.25,0.0,0.00980392156862745,5.504224357956575e-09,0.0,0.02040816326530612
add_chord_p2,add_chord,2,4703,770028514,"3,80,162",214,22,1712,11,3,4,2,2,4,0,0.36363636363636365,0.0,1.2727272727272727,low,0,2,9,2.25,0.0,0.00980392156862745,5.504224357956575e-09,0.0,0.02040816326530612
add_chord_p2,add_chord,2,4703,770028514,"3,80,162",215,23,1720,11,3,4,2,2,4,0,0.36363636363636365,0.0,1.2727272727272727,low,0,2,9,2.25,0.0,0.00980392156862745,5.504224357956575e-09,0.0,0.02040816326530612
add_chord_p2,add_chord,2,4703,770028514,"3,80,162",216,24,1728,9,3,3,1,2,3,0,0.3333333333333333,0.0,1.2222222222222223,low,0,2,3,1.0,0.0,0.00980392156862745,5.504224357956575e-09,0.0,0.02040816326530612
add_chord_p2,add_chord,2,4703,770028514,"3,80,162",217,25,1736,9,3,3,1,2,3,0,0.3333333333333333,0.0,1.2222222222222223,low,0,2,3,1.0,0.0,0.00980392156862745,5.504224357956575e-09,0.0,0.02040816326530612
add_chord_p2,add_chord,2,4703,770028514,"3,80,162",218,26,1744,9,3,3,1,2,3,0,0.3333333333333333,0.0,1.2222222222222223,low,0,2,3,1.0,0.0,0.00980392156862745,5.504224357956575e-09,0.0,0.02040816326530612
add_chord_p2,add_chord,2,4703,770028514,"3,80,162",219,27,1752,9,3,3,1,2,3,0,0.3333333333333333,0.0,1.2222222222222223,low,0,2,3,1.0,0.0,0.00980392156862745,5.504224357956575e-09,0.0,0.02040816326530612
add_chord_p2,add_chord,2,4703,770028514,"3,80,162",220,28,1760,9,3,3,1,2,3,0,0.3333333333333333,0.0,1.2222222222222223,low,0,2,3,1.0,0.0,0.00980392156862745,5.504224357956575e-09,0.0,0.02040816326530612
add_chord_p2,add_chord,2,4703,770028514,"3,80,162",221,29,1768,9,3,3,1,2,3,0,0.3333333333333333,0.0,1.2222222222222223,low,0,2,3,1.0,0.0,0.00980392156862745,5.504224357956575e-09,0.0,0.02040816326530612
add_chord_p2,add_chord,2,4703,770028514,"3,80,162",222,30,1776,9,3,3,1,2,3,0,0.3333333333333333,0.0,1.2222222222222223,low,0,2,3,1.0,0.0,0.00980392156862745,5.504224357956575e-09,0.0,0.02040816326530612
add_chord_p2,add_chord,2,4703,770028514,"3,80,162",223,31,1784,9,3,3,1,2,3,0,0.3333333333333333,0.0,1.2222222222222223,low,0,2,3,1.0,0.0,0.00980392156862745,5.504224357956575e-09,0.0,0.02040816326530612
add_chord_p2,add_chord,2,4703,770028514,"3,80,162",224,32,1792,9,3,3,1,2,3,0,0.3333333333333333,0.0,1.2222222222222223,low,0,2,3,1.0,0.0,0.00980392156862745,5.504224357956575e-09,0.0,0.02040816326530612
add_chord_p2,add_chord,2,4703,770028514,"3,80,162",225,33,1800,9,3,3,1,2,3,0,0.3333333333333333,0.0,1.2222222222222223,low,0,2,3,1.0,0.0,0.00980392156862745,5.504224357956575e-09,0.0,0.02040816326530612
add_chord_p2,add_chord,2,4703,770028514,"3,80,162",226,34,1808,9,3,3,1,2,3,0,0.3333333333333333,0.0,1.2222222222222223,low,0,2,3,1.0,0.0,0.00980392156862745,5.504224357956575e-09,0.0,0.02040816326530612
add_chord_p2,add_chord,2,4703,770028514,"3,80,162",227,35,1816,9,3,3,1,2,3,0,0.3333333333333333,0.0,1.2222222222222223,low,0,2,3,1.0,0.0,0.00980392156862745,5.504224357956575e-09,0.0,0.02040816326530612
add_chord_p2,add_chord,2,4703,770028514,"3,80,162",228,36,1824,9,3,3,1,2,3,0,0.3333333333333333,0.0,1.2222222222222223,low,0,2,3,1.0,0.0,0.00980392156862745,5.504224357956575e-09,0.0,0.02040816326530612
add_chord_p2,add_chord,2,4703,770028514,"3,80,162",229,37,1832,9,3,3,1,2,3,0,0.3333333333333333,0.0,1.2222222222222223,low,0,2,3,1.0,0.0,0.00980392156862745,5.504224357956575e-09,0.0,0.02040816326530612
add_chord_p2,add_chord,2,4703,770028514,"3,80,162",230,38,1840,11,3,4,2,2,4,0,0.36363636363636365,0.0,1.2727272727272727,low,0,2,9,2.25,0.0,0.00980392156862745,5.504224357956575e-09,0.0,0.02040816326530612
add_chord_p2,add_chord,2,4703,770028514,"3,80,162",231,39,1848,11,3,4,2,2,4,0,0.36363636363636365,0.0,1.2727272727272727,low,0,2,9,2.25,0.0,0.00980392156862745,5.504224357956575e-09,0.0,0.02040816326530612
add_chord_p2,add_chord,2,4703,770028514,"3,80,162",232,40,1856,11,3,4,2,2,4,0,0.36363636363636365,0.0,1.2727272727272727,low,0,2,9,2.25,0.0,0.00980392156862745,5.611927541111948e-09,0.0,0.02040816326530612
add_chord_p2,add_chord,2,4703,770028514,"3,80,162",233,41,1864,11,3,4,2,2,4,0,0.36363636363636365,0.0,1.2727272727272727,low,0,2,9,2.25,0.0,0.00980392156862745,5.611927541111948e-09,0.0,0.02040816326530612
add_chord_p2,add_chord,2,4703,770028514,"3,80,162",234,42,1872,11,3,4,2,2,4,0,0.36363636363636365,0.0,1.2727272727272727,low,0,2,9,2.25,0.0,0.00980392156862745,5.611927541111948e-09,0.0,0.02040816326530612
add_chord_p2,add_chord,2,4703,770028514,"3,80,162",235,43,1880,11,3,4,2,2,4,0,0.36363636363636365,0.0,1.2727272727272727,low,0,2,9,2.25,0.0,0.00980392156862745,5.611927541111948e-09,0.0,0.02040816326530612
add_chord_p2,add_chord,2,4703,770028514,"3,80,162",236,44,1888,11,3,4,2,2,4,0,0.36363636363636365,0.0,1.2727272727272727,low,0,2,9,2.25,0.0,0.00980392156862745,5.611927541111948e-09,0.0,0.02040816326530612
add_chord_p2,add_chord,2,4703,770028514,"3,80,162",237,45,1896,11,3,4,2,2,4,0,0.36363636363636365,0.0,1.2727272727272727,low,0,2,9,2.25,0.0,0.00980392156862745,5.611927541111948e-09,0.0,0.02040816326530612
add_chord_p2,add_chord,2,4703,770028514,"3,80,162",238,46,1904,11,3,4,2,2,4,0,0.36363636363636365,0.0,1.2727272727272727,low,0,2,9,2.25,0.0,0.00980392156862745,5.611927541111948e-09,0.0,0.02040816326530612
add_chord_p2,add_chord,2,4703,770028514,"3,80,162",239,47,1912,11,3,4,2,2,4,0,0.36363636363636365,0.0,1.2727272727272727,low,0,2,9,2.25,0.0,0.00980392156862745,5.611927541111948e-09,0.0,0.02040816326530612
add_chord_p2,add_chord,2,4703,770028514,"3,80,162",240,48,1920,10,3,3,1,3,4,0,0.4,0.0,1.4,low,0,2,4,1.0,0.0,0.00980392156862745,5.611927541111948e-09,0.0,0.02040816326530612
add_chord_p2,add_chord,2,4703,770028514,"3,80,162",241,49,1928,10,3,2,3,2,5,0,0.5,0.0,1.4,low,0,3,11,2.2,0.0,0.00980392156862745,5.611927541111948e-09,0.0,0.02040816326530612
add_chord_p2,add_chord,2,4703,770028514,"3,80,162",242,50,1936,10,3,2,3,2,5,0,0.5,0.0,1.4,low,0,3,11,2.2,0.0,0.00980392156862745,5.611927541111948e-09,0.0,0.02040816326530612
add_chord_p2,add_chord,2,4703,770028514,"3,80,162",243,51,1944,10,3,2,3,2,5,0,0.5,0.0,1.4,low,0,3,11,2.2,0.0,0.00980392156862745,5.611927541111948e-09,0.0,0.02040816326530612
add_chord_p2,add_chord,2,4703,770028514,"3,80,162",244,52,1952,10,3,2,3,2,5,0,0.5,0.0,1.4,low,0,3,11,2.2,0.0,0.00980392156862745,7.498297966328248e-09,0.0,0.02040816326530612
add_chord_p2,add_chord,2,4703,770028514,"3,80,162",245,53,1960,10,3,2,3,2,5,0,0.5,0.0,1.4,low,0,3,11,2.2,0.0,0.00980392156862745,7.498297966328248e-09,0.0,0.02040816326530612
add_chord_p2,add_chord,2,4703,770028514,"3,80,162",246,54,1968,10,3,2,3,2,5,0,0.5,0.0,1.4,low,0,3,11,2.2,0.0,0.00980392156862745,7.812991364726617e-09,0.0,0.02040816326530612
add_chord_p2,add_chord,2,4703,770028514,"3,80,162",247,55,1976,10,3,2,3,2,5,0,0.5,0.0,1.4,low,0,3,11,2.2,0.0,0.00980392156862745,7.812991364726617e-09,0.0,0.02040816326530612
add_chord_p2,add_chord,2,4703,770028514,"3,80,162",248,56,1984,10,3,2,3,2,5,0,0.5,0.0,1.4,low,0,3,11,2.2,0.0,0.00980392156862745,7.812991364726617e-09,0.0,0.02040816326530612
add_chord_p2,add_chord,2,4703,770028514,"3,80,162",249,57,1992,10,3,2,3,2,5,0,0.5,0.0,1.4,low,0,3,11,2.2,0.0,0.00980392156862745,7.812991364726617e-09,0.0,0.02040816326530612
add_chord_p2,add_chord,2,4703,770028514,"3,80,162",250,58,2000,9,3,3,1,2,3,0,0.3333333333333333,0.0,1.2222222222222223,low,0,2,4,1.3333333333333333,0.0,0.00980392156862745,7.812991364726617e-09,0.0,0.02040816326530612
add_chord_p2,add_chord,2,4703,770028514,"3,80,162",251,59,2008,9,3,3,1,2,3,0,0.3333333333333333,0.0,1.2222222222222223,low,0,2,4,1.3333333333333333,0.0,0.00980392156862745,7.812991680417125e-09,0.0,0.02040816326530612
add_chord_p2,add_chord,2,4703,770028514,"3,80,162",252,60,2016,9,3,3,1,2,3,0,0.3333333333333333,0.0,1.2222222222222223,low,0,2,4,1.3333333333333333,0.0,0.00980392156862745,7.812991680417125e-09,0.0,0.02040816326530612
add_chord_p2,add_chord,2,4703,770028514,"3,80,162",253,61,2024,9,3,3,1,2,3,0,0.3333333333333333,0.0,1.2222222222222223,low,0,2,4,1.3333333333333333,0.0,0.00980392156862745,7.812991680417125e-09,0.0,0.02040816326530612
add_chord_p2,add_chord,2,4703,770028514,"3,80,162",254,62,2032,9,3,3,1,2,3,0,0.3333333333333333,0.0,1.2222222222222223,low,0,2,4,1.3333333333333333,0.0,0.00980392156862745,7.812991680417125e-09,0.0,0.02040816326530612
add_chord_p2,add_chord,2,4703,770028514,"3,80,162",255,63,2040,9,3,3,1,2,3,0,0.3333333333333333,0.0,1.2222222222222223,low,0,2,4,1.3333333333333333,0.0,0.00980392156862745,7.812991680417125e-09,0.0,0.02040816326530612
add_chord_p2,add_chord,2,4703,770028514,"3,80,162",256,64,2048,9,3,3,1,2,3,0,0.3333333333333333,0.0,1.2222222222222223,low,0,2,4,1.3333333333333333,0.0,0.00980392156862745,7.812991680417125e-09,0.0,0.02040816326530612
add_chord_p2,add_chord,2,4703,770028514,"3,80,162",257,65,2056,9,3,3,1,2,3,0,0.3333333333333333,0.0,1.2222222222222223,low,0,2,4,1.3333333333333333,0.0,0.00980392156862745,7.812991680417125e-09,0.0,0.02040816326530612
add_chord_p2,add_chord,2,4703,770028514,"3,80,162",258,66,2064,9,3,3,1,2,3,0,0.3333333333333333,0.0,1.2222222222222223,low,0,2,4,1.3333333333333333,0.0,0.00980392156862745,7.812991680417125e-09,0.0,0.02040816326530612
add_chord_p2,add_chord,2,4703,770028514,"3,80,162",259,67,2072,9,3,3,1,2,3,0,0.3333333333333333,0.0,1.2222222222222223,low,0,2,4,1.3333333333333333,0.0,0.00980392156862745,7.812991680417125e-09,0.0,0.02040816326530612
add_chord_p2,add_chord,2,4703,770028514,"3,80,162",260,68,2080,9,3,3,1,2,3,0,0.3333333333333333,0.0,1.2222222222222223,low,0,2,4,1.3333333333333333,0.0,0.00980392156862745,7.812991680417125e-09,0.0,0.02040816326530612
add_chord_p2,add_chord,2,4703,770028514,"3,80,162",261,69,2088,9,3,3,1,2,3,0,0.3333333333333333,0.0,1.2222222222222223,low,0,2,4,1.3333333333333333,0.0,0.00980392156862745,7.812305369255201e-09,0.0,0.02040816326530612
add_chord_p2,add_chord,2,4703,770028514,"3,80,162",262,70,2096,9,3,3,1,2,3,0,0.3333333333333333,0.0,1.2222222222222223,low,0,2,4,1.3333333333333333,0.0,0.00980392156862745,7.773850003697286e-09,0.0,0.02040816326530612
add_chord_p2,add_chord,2,4703,770028514,"3,80,162",263,71,2104,9,3,3,1,2,3,0,0.3333333333333333,0.0,1.2222222222222223,low,0,2,4,1.3333333333333333,0.0,0.00980392156862745,7.773850003697286e-09,0.0,0.02040816326530612
add_chord_p2,add_chord,2,4703,770028514,"3,80,162",264,72,2112,9,3,3,1,2,3,0,0.3333333333333333,0.0,1.2222222222222223,low,0,2,4,1.3333333333333333,0.0,0.00980392156862745,7.905499890250852e-09,0.0,0.02040816326530612
add_chord_p2,add_chord,2,4703,770028514,"3,80,162",265,73,2120,10,3,3,1,3,4,0,0.4,0.0,1.4,low,0,2,7,1.75,0.0,0.00980392156862745,7.905499890250852e-09,0.0,0.02040816326530612
add_chord_p2,add_chord,2,4703,770028514,"3,80,162",266,74,2128,10,3,3,1,3,4,0,0.4,0.0,1.4,low,0,2,7,1.75,0.0,0.00980392156862745,7.905499890250852e-09,0.0,0.02040816326530612
add_chord_p2,add_chord,2,4703,770028514,"3,80,162",267,75,2136,10,3,3,1,3,4,0,0.4,0.0,1.4,low,0,2,7,1.75,0.0,0.00980392156862745,7.905499890250852e-09,0.0,0.02040816326530612
add_chord_p2,add_chord,2,4703,770028514,"3,80,162",268,76,2144,10,3,3,1,3,4,0,0.4,0.0,1.4,low,0,2,7,1.75,0.0,0.00980392156862745,7.905499890250852e-09,0.0,0.02040816326530612
add_chord_p2,add_chord,2,4703,770028514,"3,80,162",269,77,2152,10,3,3,1,3,4,0,0.4,0.0,1.4,low,0,2,7,1.75,0.0,0.00980392156862745,7.905499890250852e-09,0.0,0.02040816326530612
add_chord_p2,add_chord,2,4703,770028514,"3,80,162",270,78,2160,10,3,3,1,3,4,0,0.4,0.0,1.4,low,0,2,7,1.75,0.0,0.00980392156862745,7.905499890250852e-09,0.0,0.02040816326530612
add_chord_p2,add_chord,2,4703,770028514,"3,80,162",271,79,2168,10,3,3,1,3,4,0,0.4,0.0,1.4,low,0,2,7,1.75,0.0,0.00980392156862745,7.905499890250852e-09,0.0,0.02040816326530612
add_chord_p2,add_chord,2,4703,770028514,"3,80,162",272,80,2176,10,3,3,1,3,4,0,0.4,0.0,1.4,low,0,2,7,1.75,0.0,0.00980392156862745,7.905499890250852e-09,0.0,0.02040816326530612
add_chord_p2,add_chord,2,4703,770028514,"3,80,162",273,81,2184,10,3,3,1,3,4,0,0.4,0.0,1.4,low,0,2,7,1.75,0.0,0.00980392156862745,7.905499890250852e-09,0.0,0.02040816326530612
add_chord_p2,add_chord,2,4703,770028514,"3,80,162",274,82,2192,10,3,3,1,3,4,0,0.4,0.0,1.4,low,0,2,7,1.75,0.0,0.00980392156862745,7.905499890250852e-09,0.0,0.02040816326530612
add_chord_p2,add_chord,2,4703,770028514,"3,80,162",275,83,2200,10,3,3,1,3,4,0,0.4,0.0,1.4,low,0,2,7,1.75,0.0,0.00980392156862745,7.905499890250852e-09,0.0,0.02040816326530612
add_chord_p2,add_chord,2,4703,770028514,"3,80,162",276,84,2208,10,3,3,1,3,4,0,0.4,0.0,1.4,low,0,2,7,1.75,0.0,0.00980392156862745,7.905499890250852e-09,0.0,0.02040816326530612
add_chord_p2,add_chord,2,4703,770028514,"3,80,162",277,85,2216,10,3,3,1,3,4,0,0.4,0.0,1.4,low,0,2,7,1.75,0.0,0.00980392156862745,7.905499890250852e-09,0.0,0.02040816326530612
add_chord_p2,add_chord,2,4703,770028514,"3,80,162",278,86,2224,10,3,3,1,3,4,0,0.4,0.0,1.4,low,0,2,7,1.75,0.0,0.00980392156862745,7.905499890250852e-09,0.0,0.02040816326530612
add_chord_p2,add_chord,2,4703,770028514,"3,80,162",279,87,2232,10,3,3,1,3,4,0,0.4,0.0,1.4,low,0,2,7,1.75,0.0,0.00980392156862745,7.905499890250852e-09,0.0,0.02040816326530612
add_chord_p2,add_chord,2,4703,770028514,"3,80,162",280,88,2240,10,3,3,1,3,4,0,0.4,0.0,1.4,low,0,2,7,1.75,0.0,0.00980392156862745,7.905499890250852e-09,0.0,0.02040816326530612
add_chord_p2,add_chord,2,4703,770028514,"3,80,162",281,89,2248,10,3,3,1,3,4,0,0.4,0.0,1.4,low,0,2,7,1.75,0.0,0.00980392156862745,7.905499890250852e-09,0.0,0.02040816326530612
add_chord_p2,add_chord,2,4703,770028514,"3,80,162",282,90,2256,10,3,3,1,3,4,0,0.4,0.0,1.4,low,0,2,7,1.75,0.0,0.00980392156862745,7.905499890250852e-09,0.0,0.02040816326530612
add_chord_p2,add_chord,2,4703,770028514,"3,80,162",283,91,2264,10,3,3,1,3,4,0,0.4,0.0,1.4,low,0,2,7,1.75,0.0,0.00980392156862745,7.940613987484115e-09,0.0,0.02040816326530612
add_chord_p2,add_chord,2,4703,770028514,"3,80,162",284,92,2272,10,3,3,1,3,4,0,0.4,0.0,1.4,low,0,2,7,1.75,0.0,0.00980392156862745,7.940613987484115e-09,0.0,0.02040816326530612
add_chord_p2,add_chord,2,4703,770028514,"3,80,162",285,93,2280,10,3,3,1,3,4,0,0.4,0.0,1.4,low,0,2,7,1.75,0.0,0.00980392156862745,7.940613987484115e-09,0.0,0.02040816326530612
add_chord_p2,add_chord,2,4703,770028514,"3,80,162",286,94,2288,10,3,3,1,3,4,0,0.4,0.0,1.4,low,0,2,7,1.75,0.0,0.00980392156862745,7.940613987484115e-09,0.0,0.02040816326530612
add_chord_p2,add_chord,2,4703,770028514,"3,80,162",287,95,2296,10,3,3,1,3,4,0,0.4,0.0,1.4,low,0,2,7,1.75,0.0,0.00980392156862745,7.940613987484115e-09,0.0,0.02040816326530612
add_chord_p2,add_chord,2,4703,770028514,"3,80,162",288,96,2304,10,3,3,1,3,4,0,0.4,0.0,1.4,low,0,2,7,1.75,0.0,0.00980392156862745,7.940613987484115e-09,0.0,0.02040816326530612
add_chord_p2,add_chord,2,4703,770028514,"3,80,162",289,97,2312,10,3,3,1,3,4,0,0.4,0.0,1.4,low,0,2,7,1.75,0.0,0.00980392156862745,7.940613987484115e-09,0.0,0.02040816326530612
add_chord_p2,add_chord,2,4703,770028514,"3,80,162",290,98,2320,10,3,3,1,3,4,0,0.4,0.0,1.4,low,0,2,7,1.75,0.0,0.00980392156862745,7.940613987484115e-09,0.0,0.02040816326530612
add_chord_p2,add_chord,2,4703,770028514,"3,80,162",291,99,2328,10,3,3,1,3,4,0,0.4,0.0,1.4,low,0,2,7,1.75,0.0,0.00980392156862745,7.940613987484115e-09,0.0,0.02040816326530612
add_chord_p2,add_chord,2,4703,770028514,"3,80,162",292,100,2336,10,3,3,1,3,4,0,0.4,0.0,1.4,low,0,2,7,1.75,0.0,0.00980392156862745,7.940613987484115e-09,0.0,0.02040816326530612
add_chord_p2,add_chord,2,4703,770028514,"3,80,162",293,101,2344,10,3,3,1,3,4,0,0.4,0.0,1.4,low,0,2,7,1.75,0.0,0.00980392156862745,7.940613987484115e-09,0.0,0.02040816326530612
add_chord_p2,add_chord,2,4703,770028514,"3,80,162",294,102,2352,10,3,3,1,3,4,0,0.4,0.0,1.4,low,0,2,7,1.75,0.0,0.00980392156862745,8.020368774376284e-09,0.0,0.02040816326530612
add_chord_p2,add_chord,2,4703,770028514,"3,80,162",295,103,2360,10,3,3,1,3,4,0,0.4,0.0,1.4,low,0,2,7,1.75,0.0,0.00980392156862745,8.018560814843473e-09,0.0,0.02040816326530612
add_chord_p2,add_chord,2,4703,770028514,"3,80,162",296,104,2368,10,3,3,1,3,4,0,0.4,0.0,1.4,low,0,2,7,1.75,0.0,0.00980392156862745,8.018560814843473e-09,0.0,0.02040816326530612
add_chord_p2,add_chord,2,4703,770028514,"3,80,162",297,105,2376,10,3,3,1,3,4,0,0.4,0.0,1.4,low,0,2,7,1.75,0.0,0.00980392156862745,8.018560814843473e-09,0.0,0.02040816326530612
add_chord_p2,add_chord,2,4703,770028514,"3,80,162",298,106,2384,10,3,3,1,3,4,0,0.4,0.0,1.4,low,0,2,7,1.75,0.0,0.00980392156862745,8.018560814843473e-09,0.0,0.02040816326530612
add_chord_p2,add_chord,2,4703,770028514,"3,80,162",299,107,2392,10,3,3,1,3,4,0,0.4,0.0,1.4,low,0,2,7,1.75,0.0,0.00980392156862745,8.018560814843473e-09,0.0,0.02040816326530612
add_chord_p2,add_chord,2,4703,770028514,"3,80,162",300,108,2400,10,3,3,1,3,4,0,0.4,0.0,1.4,low,0,2,7,1.75,0.0,0.00980392156862745,8.018560814843473e-09,0.0,0.02040816326530612
add_chord_p2,add_chord,2,4703,770028514,"3,80,162",301,109,2408,10,3,3,1,3,4,0,0.4,0.0,1.4,low,0,2,7,1.75,0.0,0.00980392156862745,8.18884537916285e-09,0.0,0.02040816326530612
add_chord_p2,add_chord,2,4703,770028514,"3,80,162",302,110,2416,10,3,3,1,3,4,0,0.4,0.0,1.4,low,0,2,7,1.75,0.0,0.00980392156862745,8.18884537916285e-09,0.0,0.02040816326530612
add_chord_p2,add_chord,2,4703,770028514,"3,80,162",303,111,2424,10,3,3,1,3,4,0,0.4,0.0,1.4,low,0,2,7,1.75,0.0,0.00980392156862745,8.18884537916285e-09,0.0,0.02040816326530612
add_chord_p2,add_chord,2,4703,770028514,"3,80,162",304,112,2432,9,3,3,1,2,3,0,0.3333333333333333,0.0,1.2222222222222223,low,0,2,4,1.3333333333333333,0.0,0.00980392156862745,8.18884537916285e-09,0.0,0.02040816326530612
add_chord_p2,add_chord,2,4703,770028514,"3,80,162",305,113,2440,9,3,3,1,2,3,0,0.3333333333333333,0.0,1.2222222222222223,low,0,2,4,1.3333333333333333,0.0,0.00980392156862745,8.18884537916285e-09,0.0,0.02040816326530612
add_chord_p2,add_chord,2,4703,770028514,"3,80,162",306,114,2448,9,3,3,1,2,3,0,0.3333333333333333,0.0,1.2222222222222223,low,0,2,4,1.3333333333333333,0.0,0.00980392156862745,8.18639735712737e-09,0.0,0.02040816326530612
add_chord_p2,add_chord,2,4703,770028514,"3,80,162",307,115,2456,9,3,3,1,2,3,0,0.3333333333333333,0.0,1.2222222222222223,low,0,2,4,1.3333333333333333,0.0,0.00980392156862745,8.18639735712737e-09,0.0,0.02040816326530612
add_chord_p2,add_chord,2,4703,770028514,"3,80,162",308,116,2464,9,3,3,1,2,3,0,0.3333333333333333,0.0,1.2222222222222223,low,0,2,4,1.3333333333333333,0.0,0.00980392156862745,8.18639735712737e-09,0.0,0.02040816326530612
add_chord_p2,add_chord,2,4703,770028514,"3,80,162",309,117,2472,9,3,3,1,2,3,0,0.3333333333333333,0.0,1.2222222222222223,low,0,2,4,1.3333333333333333,0.0,0.00980392156862745,8.18639735712737e-09,0.0,0.02040816326530612
add_chord_p2,add_chord,2,4703,770028514,"3,80,162",310,118,2480,9,3,3,1,2,3,0,0.3333333333333333,0.0,1.2222222222222223,low,0,2,4,1.3333333333333333,0.0,0.00980392156862745,8.174330087502482e-09,0.0,0.02040816326530612
add_chord_p2,add_chord,2,4703,770028514,"3,80,162",311,119,2488,9,3,3,1,2,3,0,0.3333333333333333,0.0,1.2222222222222223,low,0,2,4,1.3333333333333333,0.0,0.00980392156862745,8.174330087502482e-09,0.0,0.02040816326530612
add_chord_p2,add_chord,2,4703,770028514,"3,80,162",312,120,2496,9,3,3,1,2,3,0,0.3333333333333333,0.0,1.2222222222222223,low,0,2,4,1.3333333333333333,0.0,0.00980392156862745,8.174330087502482e-09,0.0,0.02040816326530612
add_chord_p2,add_chord,2,4703,770028514,"3,80,162",313,121,2504,9,3,3,1,2,3,0,0.3333333333333333,0.0,1.2222222222222223,low,0,2,4,1.3333333333333333,0.0,0.00980392156862745,8.174330087502482e-09,0.0,0.02040816326530612
add_chord_p2,add_chord,2,4703,770028514,"3,80,162",314,122,2512,9,3,3,1,2,3,0,0.3333333333333333,0.0,1.2222222222222223,low,0,2,4,1.3333333333333333,0.0,0.00980392156862745,8.174330087502482e-09,0.0,0.02040816326530612
add_chord_p2,add_chord,2,4703,770028514,"3,80,162",315,123,2520,9,3,3,1,2,3,0,0.3333333333333333,0.0,1.2222222222222223,low,0,2,4,1.3333333333333333,0.0,0.00980392156862745,8.245268585609453e-09,0.0,0.02040816326530612
add_chord_p2,add_chord,2,4703,770028514,"3,80,162",316,124,2528,9,3,3,1,2,3,0,0.3333333333333333,0.0,1.2222222222222223,low,0,2,4,1.3333333333333333,0.0,0.00980392156862745,8.245268585609453e-09,0.0,0.02040816326530612
add_chord_p2,add_chord,2,4703,770028514,"3,80,162",317,125,2536,9,3,3,1,2,3,0,0.3333333333333333,0.0,1.2222222222222223,low,0,2,4,1.3333333333333333,0.0,0.00980392156862745,8.84300109528291e-09,0.0,0.02040816326530612
add_chord_p2,add_chord,2,4703,770028514,"3,80,162",318,126,2544,9,3,3,1,2,3,0,0.3333333333333333,0.0,1.2222222222222223,low,0,2,4,1.3333333333333333,0.0,0.00980392156862745,8.84300109528291e-09,0.0,0.02040816326530612
add_chord_p2,add_chord,2,4703,770028514,"3,80,162",319,127,2552,9,3,3,1,2,3,0,0.3333333333333333,0.0,1.2222222222222223,low,0,2,4,1.3333333333333333,0.0,0.00980392156862745,8.84300109528291e-09,0.0,0.02040816326530612
add_chord_p2,add_chord,2,4703,770028514,"3,80,162",320,128,2560,9,3,3,1,2,3,0,0.3333333333333333,0.0,1.2222222222222223,low,0,2,4,1.3333333333333333,0.0,0.00980392156862745,8.84300109528291e-09,0.0,0.02040816326530612
add_chord_p2,add_chord,2,4751,770028562,"3,80,162",192,0,1536,39,3,6,2,1,3,27,0.07692307692307693,0.6923076923076923,6.512820512820513,high,0,2,5,1.6666666666666667,0.0,0.00980392156862745,0.0006349261950749654,0.0,0.0
add_chord_p2,add_chord,2,4751,770028562,"3,80,162",193,1,1544,39,3,6,2,1,3,27,0.07692307692307693,0.6923076923076923,6.615384615384615,high,0,2,5,1.6666666666666667,0.0,0.00980392156862745,0.0006349261950749654,0.0,0.0
add_chord_p2,add_chord,2,4751,770028562,"3,80,162",194,2,1552,39,3,5,2,2,4,27,0.10256410256410256,0.6923076923076923,6.897435897435898,high,0,2,15,3.75,0.0,0.00980392156862745,0.0006349261950749654,0.0,0.0
add_chord_p2,add_chord,2,4751,770028562,"3,80,162",195,3,1560,41,3,6,2,2,4,28,0.0975609756097561,0.6829268292682927,6.829268292682927,high,0,2,15,3.75,0.0,0.00980392156862745,0.0006349261950749654,0.0,0.0
add_chord_p2,add_chord,2,4751,770028562,"3,80,162",196,4,1568,43,3,6,2,2,4,30,0.09302325581395349,0.6976744186046512,7.093023255813954,high,0,2,15,3.75,0.0,0.00980392156862745,0.0006349261950749654,0.0,0.0
add_chord_p2,add_chord,2,4751,770028562,"3,80,162",197,5,1576,45,3,6,2,1,3,33,0.06666666666666667,0.7333333333333333,7.311111111111111,high,0,2,5,1.6666666666666667,0.0,0.00980392156862745,0.0006349261950749654,0.0,0.0
add_chord_p2,add_chord,2,4751,770028562,"3,80,162",198,6,1584,46,3,6,2,2,4,33,0.08695652173913043,0.717391304347826,7.391304347826087,high,0,2,15,3.75,0.0,0.00980392156862745,0.0006349261950749654,0.0,0.0
add_chord_p2,add_chord,2,4751,770028562,"3,80,162",199,7,1592,45,3,6,2,2,4,32,0.08888888888888889,0.7111111111111111,7.355555555555555,high,0,2,15,3.75,0.0,0.00980392156862745,0.0006282406240064579,0.0,0.0
add_chord_p2,add_chord,2,4751,770028562,"3,80,162",200,8,1600,45,3,5,2,2,4,33,0.08888888888888889,0.7333333333333333,7.5777777777777775,high,0,2,15,3.75,0.0,0.00980392156862745,0.003027840107667072,0.0,0.02040816326530612
add_chord_p2,add_chord,2,4751,770028562,"3,80,162",201,9,1608,42,3,5,2,1,3,31,0.07142857142857142,0.7380952380952381,7.309523809523809,high,0,2,5,1.6666666666666667,0.0,0.00980392156862745,0.003027840107667072,0.0,0.02040816326530612
add_chord_p2,add_chord,2,4751,770028562,"3,80,162",202,10,1616,44,3,5,2,1,3,33,0.06818181818181818,0.75,7.590909090909091,high,0,2,5,1.6666666666666667,0.0,0.00980392156862745,0.003027840107667072,0.0,0.02040816326530612
add_chord_p2,add_chord,2,4751,770028562,"3,80,162",203,11,1624,44,3,5,2,1,3,33,0.06818181818181818,0.75,7.590909090909091,high,0,2,5,1.6666666666666667,0.0,0.00980392156862745,0.003027840107667072,0.0,0.02040816326530612
add_chord_p2,add_chord,2,4751,770028562,"3,80,162",204,12,1632,44,3,5,2,1,3,33,0.06818181818181818,0.75,7.590909090909091,high,0,2,5,1.6666666666666667,0.0,0.00980392156862745,0.003027840107667072,0.0,0.02040816326530612
add_chord_p2,add_chord,2,4751,770028562,"3,80,162",205,13,1640,44,3,5,2,1,3,33,0.06818181818181818,0.75,7.590909090909091,high,0,2,5,1.6666666666666667,0.0,0.00980392156862745,0.003027840107667072,0.0,0.02040816326530612
add_chord_p2,add_chord,2,4751,770028562,"3,80,162",206,14,1648,41,3,4,2,1,3,31,0.07317073170731707,0.7560975609756098,7.463414634146342,high,0,2,5,1.6666666666666667,0.0,0.00980392156862745,0.003027840107667072,0.0,0.02040816326530612
add_chord_p2,add_chord,2,4751,770028562,"3,80,162",207,15,1656,41,3,4,2,1,3,31,0.07317073170731707,0.7560975609756098,7.439024390243903,high,0,2,5,1.6666666666666667,0.0,0.00980392156862745,0.003027840107667072,0.0,0.02040816326530612
add_chord_p2,add_chord,2,4751,770028562,"3,80,162",208,16,1664,42,3,4,2,1,3,32,0.07142857142857142,0.7619047619047619,7.476190476190476,high,0,2,5,1.6666666666666667,0.0,0.00980392156862745,0.003027840107667072,0.0,0.02040816326530612
add_chord_p2,add_chord,2,4751,770028562,"3,80,162",209,17,1672,42,3,4,2,1,3,32,0.07142857142857142,0.7619047619047619,7.476190476190476,high,0,2,5,1.6666666666666667,0.0,0.00980392156862745,0.003027840107667072,0.0,0.02040816326530612
add_chord_p2,add_chord,2,4751,770028562,"3,80,162",210,18,1680,44,3,5,2,1,3,33,0.06818181818181818,0.75,7.386363636363637,high,0,2,5,1.6666666666666667,0.0,0.00980392156862745,0.003027840107667072,0.0,0.02040816326530612
add_chord_p2,add_chord,2,4751,770028562,"3,80,162",211,19,1688,43,3,5,2,1,3,32,0.06976744186046512,0.7441860465116279,7.325581395348837,high,0,2,5,1.6666666666666667,0.0,0.00980392156862745,0.003027840107667072,0.0,0.02040816326530612
add_chord_p2,add_chord,2,4751,770028562,"3,80,162",212,20,1696,43,3,5,2,1,3,32,0.06976744186046512,0.7441860465116279,7.325581395348837,high,0,2,5,1.6666666666666667,0.0,0.00980392156862745,0.003027840107667072,0.0,0.02040816326530612
add_chord_p2,add_chord,2,4751,770028562,"3,80,162",213,21,1704,44,3,5,2,1,3,33,0.06818181818181818,0.75,7.454545454545454,high,0,2,5,1.6666666666666667,0.0,0.00980392156862745,0.008327746448397172,0.0,0.030612244897959183
add_chord_p2,add_chord,2,4751,770028562,"3,80,162",214,22,1712,47,3,6,2,1,3,35,0.06382978723404255,0.7446808510638298,7.553191489361702,high,0,2,5,1.6666666666666667,0.0,0.00980392156862745,0.008327746448397172,0.0,0.030612244897959183
add_chord_p2,add_chord,2,4751,770028562,"3,80,162",215,23,1720,48,3,6,2,1,3,36,0.0625,0.75,7.604166666666667,high,0,2,5,1.6666666666666667,0.0,0.00980392156862745,0.008327746448397172,0.0,0.030612244897959183
add_chord_p2,add_chord,2,4751,770028562,"3,80,162",216,24,1728,51,3,6,2,1,3,39,0.058823529411764705,0.7647058823529411,7.823529411764706,high,0,2,5,1.6666666666666667,0.0,0.00980392156862745,0.008327746448397172,0.0,0.030612244897959183
add_chord_p2,add_chord,2,4751,770028562,"3,80,162",217,25,1736,53,3,6,2,1,3,41,0.05660377358490566,0.7735849056603774,7.811320754716981,high,0,2,5,1.6666666666666667,0.0,0.00980392156862745,0.008384687873356333,0.0,0.030612244897959183
add_chord_p2,add_chord,2,4751,770028562,"3,80,162",218,26,1744,52,3,6,2,1,3,40,0.057692307692307696,0.7692307692307693,7.980769230769231,high,0,2,5,1.6666666666666667,0.0,0.00980392156862745,0.00809520312574931,0.0,0.030612244897959183
add_chord_p2,add_chord,2,4751,770028562,"3,80,162",219,27,1752,53,3,6,2,1,3,41,0.05660377358490566,0.7735849056603774,8.018867924528301,high,0,2,5,1.6666666666666667,0.0,0.00980392156862745,0.00809520312574931,0.0,0.030612244897959183
add_chord_p2,add_chord,2,4751,770028562,"3,80,162",220,28,1760,53,3,5,2,2,4,41,0.07547169811320754,0.7735849056603774,8.11320754716981,high,0,2,15,3.75,0.0,0.00980392156862745,0.00809520312574931,0.0,0.030612244897959183
add_chord_p2,add_chord,2,4751,770028562,"3,80,162",221,29,1768,53,3,5,2,2,4,41,0.07547169811320754,0.7735849056603774,8.132075471698114,high,0,2,15,3.75,0.0,0.00980392156862745,0.00809520312574931,0.0,0.030612244897959183
add_chord_p2,add_chord,2,4751,770028562,"3,80,162",222,30,1776,51,3,6,2,2,4,38,0.0784313725490196,0.7450980392156863,7.784313725490196,high,0,2,15,3.75,0.0,0.00980392156862745,0.008646274225852187,0.0,0.030612244897959183
add_chord_p2,add_chord,2,4751,770028562,"3,80,162",223,31,1784,52,3,5,2,1,3,41,0.057692307692307696,0.7884615384615384,8.096153846153847,high,0,2,5,1.6666666666666667,0.0,0.00980392156862745,0.008646274225852187,0.0,0.030612244897959183
add_chord_p2,add_chord,2,4751,770028562,"3,80,162",224,32,1792,55,3,6,2,1,3,43,0.05454545454545454,0.7818181818181819,8.10909090909091,high,0,2,5,1.6666666666666667,0.0,0.00980392156862745,0.008646274225852187,0.0,0.030612244897959183
add_chord_p2,add_chord,2,4751,770028562,"3,80,162",225,33,1800,55,3,6,2,1,3,43,0.05454545454545454,0.7818181818181819,8.10909090909091,high,0,2,5,1.6666666666666667,0.0,0.00980392156862745,0.008646274225852187,0.0,0.030612244897959183
add_chord_p2,add_chord,2,4751,770028562,"3,80,162",226,34,1808,54,3,6,2,0,2,43,0.037037037037037035,0.7962962962962963,8.185185185185185,high,0,2,6,3.0,0.0,0.00980392156862745,0.008646274225852187,0.0,0.030612244897959183
add_chord_p2,add_chord,2,4751,770028562,"3,80,162",227,35,1816,55,3,6,2,0,2,44,0.03636363636363636,0.8,8.327272727272728,high,0,2,6,3.0,0.0,0.00980392156862745,0.008646274225852187,0.0,0.030612244897959183
add_chord_p2,add_chord,2,4751,770028562,"3,80,162",228,36,1824,56,3,6,2,0,2,45,0.03571428571428571,0.8035714285714286,8.285714285714286,high,0,2,6,3.0,0.0,0.00980392156862745,0.008646274225852187,0.0,0.030612244897959183
add_chord_p2,add_chord,2,4751,770028562,"3,80,162",229,37,1832,57,3,6,2,0,2,46,0.03508771929824561,0.8070175438596491,8.280701754385966,high,0,2,6,3.0,0.0,0.00980392156862745,0.008646274225852187,0.0,0.030612244897959183
add_chord_p2,add_chord,2,4751,770028562,"3,80,162",230,38,1840,57,2,7,2,0,2,46,0.03508771929824561,0.8070175438596491,8.280701754385966,high,0,2,6,3.0,0.0,0.00980392156862745,0.008646274225852187,0.0,0.030612244897959183
add_chord_p2,add_chord,2,4751,770028562,"3,80,162",231,39,1848,58,2,7,2,1,3,46,0.05172413793103448,0.7931034482758621,8.10344827586207,high,0,2,5,1.6666666666666667,0.0,0.00980392156862745,0.008646274225852187,0.0,0.030612244897959183
add_chord_p2,add_chord,2,4751,770028562,"3,80,162",232,40,1856,60,3,7,2,2,4,46,0.06666666666666667,0.7666666666666667,8.05,high,0,2,15,3.75,0.0,0.00980392156862745,0.008646274225852187,0.0,0.030612244897959183
add_chord_p2,add_chord,2,4751,770028562,"3,80,162",233,41,1864,57,3,7,2,2,4,43,0.07017543859649122,0.7543859649122807,7.842105263157895,high,0,2,15,3.75,0.0,0.00980392156862745,0.008646274225852187,0.0,0.030612244897959183
add_chord_p2,add_chord,2,4751,770028562,"3,80,162",234,42,1872,57,3,7,2,2,4,43,0.07017543859649122,0.7543859649122807,7.859649122807017,high,0,2,15,3.75,0.0,0.00980392156862745,0.008646274225852187,0.0,0.030612244897959183
add_chord_p2,add_chord,2,4751,770028562,"3,80,162",235,43,1880,59,3,7,2,2,4,45,0.06779661016949153,0.7627118644067796,7.966101694915254,high,0,2,15,3.75,0.0,0.00980392156862745,0.008646274225852187,0.0,0.030612244897959183
add_chord_p2,add_chord,2,4751,770028562,"3,80,162",236,44,1888,59,3,7,2,2,4,45,0.06779661016949153,0.7627118644067796,8.0,high,0,2,15,3.75,0.0,0.00980392156862745,0.008646274225852187,0.0,0.030612244897959183
add_chord_p2,add_chord,2,4751,770028562,"3,80,162",237,45,1896,59,3,7,2,2,4,45,0.06779661016949153,0.7627118644067796,8.067796610169491,high,0,2,15,3.75,0.0,0.00980392156862745,0.008646274225852187,0.0,0.030612244897959183
add_chord_p2,add_chord,2,4751,770028562,"3,80,162",238,46,1904,62,3,7,2,1,3,49,0.04838709677419355,0.7903225806451613,8.274193548387096,high,0,2,5,1.6666666666666667,0.0,0.00980392156862745,0.008646274225852187,0.0,0.030612244897959183
add_chord_p2,add_chord,2,4751,770028562,"3,80,162",239,47,1912,62,3,7,2,1,3,49,0.04838709677419355,0.7903225806451613,8.241935483870968,high,0,2,5,1.6666666666666667,0.0,0.00980392156862745,0.008646274225852187,0.0,0.030612244897959183
add_chord_p2,add_chord,2,4751,770028562,"3,80,162",240,48,1920,63,3,7,2,1,3,50,0.047619047619047616,0.7936507936507936,8.380952380952381,high,0,2,16,5.333333333333333,0.0,0.00980392156862745,0.008646274225852187,0.0,0.030612244897959183
add_chord_p2,add_chord,2,4751,770028562,"3,80,162",241,49,1928,64,3,7,2,1,3,51,0.046875,0.796875,8.46875,high,0,2,16,5.333333333333333,0.0,0.00980392156862745,0.008646274225852187,0.0,0.030612244897959183
add_chord_p2,add_chord,2,4751,770028562,"3,80,162",242,50,1936,63,3,7,2,1,3,50,0.047619047619047616,0.7936507936507936,8.444444444444445,high,0,2,16,5.333333333333333,0.0,0.00980392156862745,0.008646274225852187,0.0,0.030612244897959183
add_chord_p2,add_chord,2,4751,770028562,"3,80,162",243,51,1944,61,3,7,2,1,3,48,0.04918032786885246,0.7868852459016393,8.426229508196721,high,0,2,16,5.333333333333333,0.0,0.00980392156862745,0.008646274225852187,0.0,0.030612244897959183
add_chord_p2,add_chord,2,4751,770028562,"3,80,162",244,52,1952,60,3,7,2,1,3,47,0.05,0.7833333333333333,8.383333333333333,high,0,2,16,5.333333333333333,0.0,0.00980392156862745,0.008646274225852187,0.0,0.030612244897959183
add_chord_p2,add_chord,2,4751,770028562,"3,80,162",245,53,1960,61,3,7,2,1,3,48,0.04918032786885246,0.7868852459016393,8.426229508196721,high,0,2,16,5.333333333333333,0.0,0.00980392156862745,0.008646274225852187,0.0,0.030612244897959183
add_chord_p2,add_chord,2,4751,770028562,"3,80,162",246,54,1968,60,3,6,2,1,3,48,0.05,0.8,8.55,high,0,2,16,5.333333333333333,0.0,0.00980392156862745,0.008646274225852187,0.0,0.030612244897959183
add_chord_p2,add_chord,2,4751,770028562,"3,80,162",247,55,1976,60,3,7,2,1,3,47,0.05,0.7833333333333333,8.35,high,0,2,16,5.333333333333333,0.0,0.00980392156862745,0.008646274225852187,0.0,0.030612244897959183
add_chord_p2,add_chord,2,4751,770028562,"3,80,162",248,56,1984,61,3,7,2,1,3,48,0.04918032786885246,0.7868852459016393,8.39344262295082,high,0,2,16,5.333333333333333,0.0,0.00980392156862745,0.008646274225852187,0.0,0.030612244897959183
add_chord_p2,add_chord,2,4751,770028562,"3,80,162",249,57,1992,63,3,7,2,1,3,50,0.047619047619047616,0.7936507936507936,8.555555555555555,high,0,2,16,5.333333333333333,0.0,0.00980392156862745,0.008646272716745017,0.0,0.030612244897959183
add_chord_p2,add_chord,2,4751,770028562,"3,80,162",250,58,2000,62,3,6,2,1,3,50,0.04838709677419355,0.8064516129032258,8.67741935483871,high,0,2,16,5.333333333333333,0.0,0.00980392156862745,0.008646272716745017,0.0,0.030612244897959183
add_chord_p2,add_chord,2,4751,770028562,"3,80,162",251,59,2008,60,3,5,2,1,3,49,0.05,0.8166666666666667,8.766666666666667,high,0,2,16,5.333333333333333,0.0,0.00980392156862745,0.008646272716745017,0.0,0.030612244897959183
add_chord_p2,add_chord,2,4751,770028562,"3,80,162",252,60,2016,60,3,6,2,1,3,48,0.05,0.8,8.583333333333334,high,0,2,16,5.333333333333333,0.0,0.00980392156862745,0.008646272716745017,0.0,0.030612244897959183
add_chord_p2,add_chord,2,4751,770028562,"3,80,162",253,61,2024,60,3,5,2,1,3,49,0.05,0.8166666666666667,8.666666666666666,high,0,2,16,5.333333333333333,0.0,0.00980392156862745,0.008646272716745017,0.0,0.030612244897959183
add_chord_p2,add_chord,2,4751,770028562,"3,80,162",254,62,2032,60,3,5,2,1,3,49,0.05,0.8166666666666667,8.666666666666666,high,0,2,16,5.333333333333333,0.0,0.00980392156862745,0.008646272716745017,0.0,0.030612244897959183
add_chord_p2,add_chord,2,4751,770028562,"3,80,162",255,63,2040,61,3,5,2,1,3,50,0.04918032786885246,0.819672131147541,8.672131147540984,high,0,2,16,5.333333333333333,0.0,0.00980392156862745,0.008646272716745017,0.0,0.030612244897959183
add_chord_p2,add_chord,2,4751,770028562,"3,80,162",256,64,2048,62,3,7,2,1,3,49,0.04838709677419355,0.7903225806451613,8.516129032258064,high,0,2,16,5.333333333333333,0.0,0.00980392156862745,0.008646272716745017,0.0,0.030612244897959183
add_chord_p2,add_chord,2,4751,770028562,"3,80,162",257,65,2056,62,3,7,2,1,3,49,0.04838709677419355,0.7903225806451613,8.564516129032258,high,0,2,16,5.333333333333333,0.0,0.00980392156862745,0.008646272716745017,0.0,0.030612244897959183
add_chord_p2,add_chord,2,4751,770028562,"3,80,162",258,66,2064,65,3,7,2,1,3,52,0.046153846153846156,0.8,8.538461538461538,high,0,2,16,5.333333333333333,0.0,0.00980392156862745,0.008646272716745017,0.0,0.030612244897959183
add_chord_p2,add_chord,2,4751,770028562,"3,80,162",259,67,2072,65,3,7,2,0,2,53,0.03076923076923077,0.8153846153846154,8.569230769230769,high,0,2,6,3.0,0.0,0.00980392156862745,0.008646272716745017,0.0,0.030612244897959183
add_chord_p2,add_chord,2,4751,770028562,"3,80,162",260,68,2080,66,3,7,2,0,2,54,0.030303030303030304,0.8181818181818182,8.636363636363637,high,0,2,6,3.0,0.0,0.00980392156862745,0.008646272716745017,0.0,0.030612244897959183
add_chord_p2,add_chord,2,4751,770028562,"3,80,162",261,69,2088,65,3,7,2,0,2,53,0.03076923076923077,0.8153846153846154,8.553846153846154,high,0,2,6,3.0,0.0,0.00980392156862745,0.008646272716745017,0.0,0.030612244897959183
add_chord_p2,add_chord,2,4751,770028562,"3,80,162",262,70,2096,65,3,7,2,0,2,53,0.03076923076923077,0.8153846153846154,8.569230769230769,high,0,2,6,3.0,0.0,0.00980392156862745,0.008646272716745017,0.0,0.030612244897959183
add_chord_p2,add_chord,2,4751,770028562,"3,80,162",263,71,2104,66,3,7,2,0,2,54,0.030303030303030304,0.8181818181818182,8.606060606060606,high,0,2,6,3.0,0.0,0.00980392156862745,0.008646272716745017,0.0,0.030612244897959183
add_chord_p2,add_chord,2,4751,770028562,"3,80,162",264,72,2112,64,3,7,2,0,2,52,0.03125,0.8125,8.53125,high,0,2,6,3.0,0.0,0.00980392156862745,0.008646272716745017,0.0,0.030612244897959183
add_chord_p2,add_chord,2,4751,770028562,"3,80,162",265,73,2120,63,3,7,2,1,3,50,0.047619047619047616,0.7936507936507936,8.46031746031746,high,0,2,16,5.333333333333333,0.0,0.00980392156862745,0.008646272716745017,0.0,0.030612244897959183
add_chord_p2,add_chord,2,4751,770028562,"3,80,162",266,74,2128,64,3,7,2,1,3,51,0.046875,0.796875,8.484375,high,0,2,16,5.333333333333333,0.0,0.00980392156862745,0.008646272716745017,0.0,0.030612244897959183
add_chord_p2,add_chord,2,4751,770028562,"3,80,162",267,75,2136,62,3,7,2,2,4,48,0.06451612903225806,0.7741935483870968,8.435483870967742,high,0,2,15,3.75,0.0,0.00980392156862745,0.008646272716745017,0.0,0.030612244897959183
add_chord_p2,add_chord,2,4751,770028562,"3,80,162",268,76,2144,63,3,7,2,2,4,49,0.06349206349206349,0.7777777777777778,8.507936507936508,high,0,2,15,3.75,0.0,0.00980392156862745,0.008646272716745017,0.0,0.030612244897959183
add_chord_p2,add_chord,2,4751,770028562,"3,80,162",269,77,2152,62,3,7,2,1,3,49,0.04838709677419355,0.7903225806451613,8.612903225806452,high,0,2,16,5.333333333333333,0.0,0.00980392156862745,0.008646272716745017,0.0,0.030612244897959183
add_chord_p2,add_chord,2,4751,770028562,"3,80,162",270,78,2160,62,3,7,2,1,3,49,0.04838709677419355,0.7903225806451613,8.741935483870968,high,0,2,16,5.333333333333333,0.0,0.00980392156862745,0.008646127346401945,0.0,0.030612244897959183
add_chord_p2,add_chord,2,4751,770028562,"3,80,162",271,79,2168,63,3,7,2,1,3,50,0.047619047619047616,0.7936507936507936,8.793650793650794,high,0,2,16,5.333333333333333,0.0,0.00980392156862745,0.008646127346401945,0.0,0.030612244897959183
add_chord_p2,add_chord,2,4751,770028562,"3,80,162",272,80,2176,66,3,7,2,1,3,53,0.045454545454545456,0.803030303030303,8.818181818181818,high,0,2,16,5.333333333333333,0.0,0.00980392156862745,0.009373199411876103,0.0,0.030612244897959183
add_chord_p2,add_chord,2,4751,770028562,"3,80,162",273,81,2184,66,3,7,2,1,3,53,0.045454545454545456,0.803030303030303,8.863636363636363,high,0,2,16,5.333333333333333,0.0,0.00980392156862745,0.009373199411876103,0.0,0.030612244897959183
add_chord_p2,add_chord,2,4751,770028562,"3,80,162",274,82,2192,67,3,6,3,1,4,54,0.05970149253731343,0.8059701492537313,8.880597014925373,high,0,3,17,4.25,0.0,0.00980392156862745,0.009373199411876103,0.0,0.030612244897959183
add_chord_p2,add_chord,2,4751,770028562,"3,80,162",275,83,2200,65,3,6,3,1,4,52,0.06153846153846154,0.8,8.76923076923077,high,0,3,17,4.25,0.0,0.00980392156862745,0.009373199411876103,0.0,0.030612244897959183
add_chord_p2,add_chord,2,4751,770028562,"3,80,162",276,84,2208,66,3,6,3,2,5,52,0.07575757575757576,0.7878787878787878,8.636363636363637,high,0,3,16,3.2,0.0,0.00980392156862745,0.009373199418903848,0.0,0.030612244897959183
add_chord_p2,add_chord,2,4751,770028562,"3,80,162",277,85,2216,66,3,6,3,2,5,52,0.07575757575757576,0.7878787878787878,8.636363636363637,high,0,3,16,3.2,0.0,0.00980392156862745,0.009373199418903848,0.0,0.030612244897959183
add_chord_p2,add_chord,2,4751,770028562,"3,80,162",278,86,2224,66,3,6,3,2,5,52,0.07575757575757576,0.7878787878787878,8.621212121212121,high,0,3,16,3.2,0.0,0.00980392156862745,0.009373199418903848,0.0,0.030612244897959183
add_chord_p2,add_chord,2,4751,770028562,"3,80,162",279,87,2232,67,3,6,3,2,5,53,0.07462686567164178,0.7910447761194029,8.686567164179104,high,0,3,16,3.2,0.0,0.00980392156862745,0.009373199418903848,0.0,0.030612244897959183
add_chord_p2,add_chord,2,4751,770028562,"3,80,162",280,88,2240,67,3,6,3,2,5,53,0.07462686567164178,0.7910447761194029,8.686567164179104,high,0,3,16,3.2,0.0,0.00980392156862745,0.009373199418903848,0.0,0.030612244897959183
add_chord_p2,add_chord,2,4751,770028562,"3,80,162",281,89,2248,65,3,6,3,2,5,51,0.07692307692307693,0.7846153846153846,8.569230769230769,high,0,3,16,3.2,0.0,0.00980392156862745,0.009373199418903848,0.0,0.030612244897959183
add_chord_p2,add_chord,2,4751,770028562,"3,80,162",282,90,2256,66,3,6,3,2,5,52,0.07575757575757576,0.7878787878787878,8.651515151515152,high,0,3,16,3.2,0.0,0.00980392156862745,0.009373199418903848,0.0,0.030612244897959183
add_chord_p2,add_chord,2,4751,770028562,"3,80,162",283,91,2264,66,3,5,3,2,5,53,0.07575757575757576,0.803030303030303,8.803030303030303,high,0,3,16,3.2,0.0,0.00980392156862745,0.009373199418903848,0.0,0.030612244897959183
add_chord_p2,add_chord,2,4751,770028562,"3,80,162",284,92,2272,65,3,5,3,2,5,52,0.07692307692307693,0.8,8.784615384615385,high,0,3,16,3.2,0.0,0.00980392156862745,0.009373199418903848,0.0,0.030612244897959183
add_chord_p2,add_chord,2,4751,770028562,"3,80,162",285,93,2280,65,3,5,3,2,5,52,0.07692307692307693,0.8,8.784615384615385,high,0,3,16,3.2,0.0,0.00980392156862745,0.008443799757660247,0.0,0.02040816326530612
add_chord_p2,add_chord,2,4751,770028562,"3,80,162",286,94,2288,66,3,5,3,2,5,53,0.07575757575757576,0.803030303030303,8.772727272727273,high,0,3,16,3.2,0.0,0.00980392156862745,0.008443799757660247,0.0,0.02040816326530612
add_chord_p2,add_chord,2,4751,770028562,"3,80,162",287,95,2296,67,3,5,3,2,5,54,0.07462686567164178,0.8059701492537313,8.91044776119403,high,0,3,16,3.2,0.0,0.00980392156862745,0.008443799757660247,0.0,0.02040816326530612
add_chord_p2,add_chord,2,4751,770028562,"3,80,162",288,96,2304,69,3,5,3,2,5,56,0.07246376811594203,0.8115942028985508,8.840579710144928,high,0,3,16,3.2,0.0,0.00980392156862745,0.006952235044965719,0.0,0.02040816326530612
add_chord_p2,add_chord,2,4751,770028562,"3,80,162",289,97,2312,69,3,5,3,2,5,56,0.07246376811594203,0.8115942028985508,8.840579710144928,high,0,3,16,3.2,0.0,0.00980392156862745,0.006948861188408361,0.0,0.02040816326530612
add_chord_p2,add_chord,2,4751,770028562,"3,80,162",290,98,2320,72,3,5,3,2,5,59,0.06944444444444445,0.8194444444444444,8.930555555555555,high,0,3,16,3.2,0.0,0.00980392156862745,0.006948861188408361,0.0,0.02040816326530612
add_chord_p2,add_chord,2,4751,770028562,"3,80,162",291,99,2328,71,3,5,3,2,5,58,0.07042253521126761,0.8169014084507042,8.887323943661972,high,0,3,16,3.2,0.0,0.00980392156862745,0.011493284609528328,0.0,0.030612244897959183
add_chord_p2,add_chord,2,4751,770028562,"3,80,162",292,100,2336,71,3,5,3,2,5,58,0.07042253521126761,0.8169014084507042,8.887323943661972,high,0,3,16,3.2,0.0,0.00980392156862745,0.009400812110642708,0.0,0.02040816326530612
add_chord_p2,add_chord,2,4751,770028562,"3,80,162",293,101,2344,72,3,5,3,2,5,59,0.06944444444444445,0.8194444444444444,8.916666666666666,high,0,3,16,3.2,0.0,0.00980392156862745,0.011025510877570203,0.0,0.030612244897959183
add_chord_p2,add_chord,2,4751,770028562,"3,80,162",294,102,2352,73,3,6,3,2,5,59,0.0684931506849315,0.8082191780821918,8.808219178082192,high,0,3,16,3.2,0.0,0.00980392156862745,0.011025510877570203,0.0,0.030612244897959183
add_chord_p2,add_chord,2,4751,770028562,"3,80,162",295,103,2360,74,3,6,4,2,6,59,0.08108108108108109,0.7972972972972973,8.72972972972973,high,0,4,17,2.8333333333333335,0.0,0.00980392156862745,0.011025510877570203,0.0,0.030612244897959183
add_chord_p2,add_chord,2,4751,770028562,"3,80,162",296,104,2368,73,3,6,4,2,6,58,0.0821917808219178,0.7945205479452054,8.657534246575343,high,0,4,17,2.8333333333333335,0.0,0.00980392156862745,0.011025510877570203,0.0,0.030612244897959183
add_chord_p2,add_chord,2,4751,770028562,"3,80,162",297,105,2376,72,3,7,4,2,6,56,0.08333333333333333,0.7777777777777778,8.458333333333334,high,0,4,17,2.8333333333333335,0.0,0.00980392156862745,0.011025510877570203,0.0,0.030612244897959183
add_chord_p2,add_chord,2,4751,770028562,"3,80,162",298,106,2384,72,3,7,4,2,6,56,0.08333333333333333,0.7777777777777778,8.458333333333334,high,0,4,17,2.8333333333333335,0.0,0.00980392156862745,0.011025510877570203,0.0,0.030612244897959183
add_chord_p2,add_chord,2,4751,770028562,"3,80,162",299,107,2392,73,3,7,4,2,6,57,0.0821917808219178,0.7808219178082192,8.493150684931507,high,0,4,17,2.8333333333333335,0.0,0.00980392156862745,0.011025510877570203,0.0,0.030612244897959183
add_chord_p2,add_chord,2,4751,770028562,"3,80,162",300,108,2400,72,3,7,4,2,6,56,0.08333333333333333,0.7777777777777778,8.472222222222221,high,0,4,17,2.8333333333333335,0.0,0.00980392156862745,0.011025510877570203,0.0,0.030612244897959183
add_chord_p2,add_chord,2,4751,770028562,"3,80,162",301,109,2408,74,3,7,4,2,6,58,0.08108108108108109,0.7837837837837838,8.567567567567568,high,0,4,17,2.8333333333333335,0.0,0.00980392156862745,0.011025510877570203,0.0,0.030612244897959183
add_chord_p2,add_chord,2,4751,770028562,"3,80,162",302,110,2416,74,3,6,4,2,6,59,0.08108108108108109,0.7972972972972973,8.77027027027027,high,0,4,17,2.8333333333333335,0.0,0.00980392156862745,0.011025510877570203,0.0,0.030612244897959183
add_chord_p2,add_chord,2,4751,770028562,"3,80,162",303,111,2424,73,3,6,4,1,5,59,0.0684931506849315,0.8082191780821918,8.849315068493151,high,0,4,7,1.4,0.0,0.00980392156862745,0.011025510877570203,0.0,0.030612244897959183
add_chord_p2,add_chord,2,4751,770028562,"3,80,162",304,112,2432,74,3,6,4,1,5,60,0.06756756756756757,0.8108108108108109,8.905405405405405,high,0,4,7,1.4,0.0,0.00980392156862745,0.011025510877570203,0.0,0.030612244897959183
add_chord_p2,add_chord,2,4751,770028562,"3,80,162",305,113,2440,75,3,6,5,1,6,60,0.08,0.8,8.813333333333333,high,0,5,15,2.5,0.0,0.00980392156862745,0.011025510877570203,0.0,0.030612244897959183
add_chord_p2,add_chord,2,4751,770028562,"3,80,162",306,114,2448,77,3,6,5,1,6,62,0.07792207792207792,0.8051948051948052,8.805194805194805,high,0,5,15,2.5,0.0,0.00980392156862745,0.011025510877570203,0.0,0.030612244897959183
add_chord_p2,add_chord,2,4751,770028562,"3,80,162",307,115,2456,77,2,7,5,1,6,62,0.07792207792207792,0.8051948051948052,8.792207792207792,high,0,5,15,2.5,0.0,0.00980392156862745,0.011025510877570203,0.0,0.030612244897959183
add_chord_p2,add_chord,2,4751,770028562,"3,80,162",308,116,2464,78,2,7,5,1,6,63,0.07692307692307693,0.8076923076923077,8.794871794871796,high,0,5,15,2.5,0.0,0.00980392156862745,0.011025510877570203,0.0,0.030612244897959183
add_chord_p2,add_chord,2,4751,770028562,"3,80,162",309,117,2472,79,2,7,5,1,6,64,0.0759493670886076,0.810126582278481,8.848101265822784,high,0,5,15,2.5,0.0,0.00980392156862745,0.011025510877570203,0.0,0.030612244897959183
add_chord_p2,add_chord,2,4751,770028562,"3,80,162",310,118,2480,80,2,7,5,1,6,65,0.075,0.8125,8.8875,high,0,5,15,2.5,0.0,0.00980392156862745,0.011025510877570203,0.0,0.030612244897959183
add_chord_p2,add_chord,2,4751,770028562,"3,80,162",311,119,2488,81,2,6,6,1,7,66,0.08641975308641975,0.8148148148148148,8.91358024691358,high,0,6,19,2.7142857142857144,0.0,0.00980392156862745,0.004936847308181506,0.0,0.02040816326530612
add_chord_p2,add_chord,2,4751,770028562,"3,80,162",312,120,2496,80,2,6,6,1,7,65,0.0875,0.8125,8.8875,high,0,6,19,2.7142857142857144,0.0,0.00980392156862745,0.004936847308181506,0.0,0.02040816326530612
add_chord_p2,add_chord,2,4751,770028562,"3,80,162",313,121,2504,82,2,6,6,1,7,67,0.08536585365853659,0.8170731707317073,8.926829268292684,high,0,6,19,2.7142857142857144,0.0,0.00980392156862745,0.004936847308181506,0.0,0.02040816326530612
add_chord_p2,add_chord,2,4751,770028562,"3,80,162",314,122,2512,80,2,6,6,1,7,65,0.0875,0.8125,8.9625,high,0,6,19,2.7142857142857144,0.0,0.00980392156862745,0.004936847308181506,0.0,0.02040816326530612
add_chord_p2,add_chord,2,4751,770028562,"3,80,162",315,123,2520,80,2,6,6,1,7,65,0.0875,0.8125,8.9625,high,0,6,19,2.7142857142857144,0.0,0.00980392156862745,0.00492429470847334,0.0,0.02040816326530612
add_chord_p2,add_chord,2,4751,770028562,"3,80,162",316,124,2528,79,2,6,6,1,7,64,0.08860759493670886,0.810126582278481,8.949367088607595,high,0,6,19,2.7142857142857144,0.0,0.00980392156862745,0.00492429470847334,0.0,0.02040816326530612
add_chord_p2,add_chord,2,4751,770028562,"3,80,162",317,125,2536,78,2,6,6,1,7,63,0.08974358974358974,0.8076923076923077,8.884615384615385,high,0,6,19,2.7142857142857144,0.0,0.00980392156862745,0.00492429470847334,0.0,0.02040816326530612
add_chord_p2,add_chord,2,4751,770028562,"3,80,162",318,126,2544,76,2,6,6,1,7,61,0.09210526315789473,0.8026315789473685,8.763157894736842,high,0,6,19,2.7142857142857144,0.0,0.00980392156862745,0.00492429470847334,0.0,0.02040816326530612
add_chord_p2,add_chord,2,4751,770028562,"3,80,162",319,127,2552,78,2,6,6,1,7,63,0.08974358974358974,0.8076923076923077,8.846153846153847,high,0,6,19,2.7142857142857144,0.0,0.00980392156862745,0.00492429470847334,0.0,0.02040816326530612
add_chord_p2,add_chord,2,4751,770028562,"3,80,162",320,128,2560,78,2,6,6,1,7,63,0.08974358974358974,0.8076923076923077,8.846153846153847,high,0,6,19,2.7142857142857144,0.0,0.00980392156862745,0.00492429470847334,0.0,0.02040816326530612
add_chord_p2,add_chord,2,4801,770028612,"3,80,162",192,0,1536,12,2,3,2,0,2,5,0.16666666666666666,0.4166666666666667,2.75,low,0,2,11,5.5,0.0,0.00980392156862745,6.057003802214582e-10,0.0,0.01020408163265306
add_chord_p2,add_chord,2,4801,770028612,"3,80,162",193,1,1544,12,2,3,2,0,2,5,0.16666666666666666,0.4166666666666667,2.75,low,0,2,11,5.5,0.0,0.00980392156862745,6.016715379728561e-10,0.0,0.01020408163265306
add_chord_p2,add_chord,2,4801,770028612,"3,80,162",194,2,1552,12,2,3,2,0,2,5,0.16666666666666666,0.4166666666666667,2.75,low,0,2,11,5.5,0.0,0.00980392156862745,6.016715379728561e-10,0.0,0.01020408163265306
add_chord_p2,add_chord,2,4801,770028612,"3,80,162",195,3,1560,12,2,3,2,0,2,5,0.16666666666666666,0.4166666666666667,2.75,low,0,2,11,5.5,0.0,0.00980392156862745,6.016715379728561e-10,0.0,0.01020408163265306
add_chord_p2,add_chord,2,4801,770028612,"3,80,162",196,4,1568,12,2,3,1,1,2,5,0.16666666666666666,0.4166666666666667,2.9166666666666665,low,0,2,11,5.5,0.0,0.00980392156862745,6.016715379728561e-10,0.0,0.01020408163265306
add_chord_p2,add_chord,2,4801,770028612,"3,80,162",197,5,1576,12,2,3,1,1,2,5,0.16666666666666666,0.4166666666666667,2.9166666666666665,low,0,2,11,5.5,0.0,0.00980392156862745,6.016715379728561e-10,0.0,0.01020408163265306
add_chord_p2,add_chord,2,4801,770028612,"3,80,162",198,6,1584,12,2,3,1,1,2,5,0.16666666666666666,0.4166666666666667,2.9166666666666665,low,0,2,11,5.5,0.0,0.00980392156862745,6.016715379728561e-10,0.0,0.01020408163265306
add_chord_p2,add_chord,2,4801,770028612,"3,80,162",199,7,1592,12,2,3,1,0,1,6,0.08333333333333333,0.5,2.9166666666666665,low,0,1,6,6.0,0.0,0.00980392156862745,6.016715379728561e-10,0.0,0.01020408163265306
add_chord_p2,add_chord,2,4801,770028612,"3,80,162",200,8,1600,12,2,3,1,0,1,6,0.08333333333333333,0.5,2.9166666666666665,low,0,1,6,6.0,0.0,0.00980392156862745,6.016715379728561e-10,0.0,0.01020408163265306
add_chord_p2,add_chord,2,4801,770028612,"3,80,162",201,9,1608,12,2,3,1,0,1,6,0.08333333333333333,0.5,2.9166666666666665,low,0,1,6,6.0,0.0,0.00980392156862745,6.016715379728561e-10,0.0,0.01020408163265306
add_chord_p2,add_chord,2,4801,770028612,"3,80,162",202,10,1616,12,2,3,1,0,1,6,0.08333333333333333,0.5,2.9166666666666665,low,0,1,6,6.0,0.0,0.00980392156862745,6.016715379728561e-10,0.0,0.01020408163265306
add_chord_p2,add_chord,2,4801,770028612,"3,80,162",203,11,1624,12,2,3,1,0,1,6,0.08333333333333333,0.5,2.9166666666666665,low,0,1,6,6.0,0.0,0.00980392156862745,6.016715379728561e-10,0.0,0.01020408163265306
add_chord_p2,add_chord,2,4801,770028612,"3,80,162",204,12,1632,12,2,3,1,0,1,6,0.08333333333333333,0.5,2.9166666666666665,low,0,1,6,6.0,0.0,0.00980392156862745,6.016715379728561e-10,0.0,0.01020408163265306
add_chord_p2,add_chord,2,4801,770028612,"3,80,162",205,13,1640,12,2,3,1,0,1,6,0.08333333333333333,0.5,2.9166666666666665,low,0,1,6,6.0,0.0,0.00980392156862745,6.02133551029652e-10,0.0,0.01020408163265306
add_chord_p2,add_chord,2,4801,770028612,"3,80,162",206,14,1648,12,2,3,1,0,1,6,0.08333333333333333,0.5,2.9166666666666665,low,0,1,6,6.0,0.0,0.00980392156862745,2.2697689692308287e-10,0.0,0.0
add_chord_p2,add_chord,2,4801,770028612,"3,80,162",207,15,1656,12,2,3,1,0,1,6,0.08333333333333333,0.5,3.0833333333333335,low,0,1,6,6.0,0.0,0.00980392156862745,2.2697689692308287e-10,0.0,0.0
add_chord_p2,add_chord,2,4801,770028612,"3,80,162",208,16,1664,12,2,3,1,0,1,6,0.08333333333333333,0.5,3.0833333333333335,low,0,1,6,6.0,0.0,0.00980392156862745,2.2697689692308287e-10,0.0,0.0
add_chord_p2,add_chord,2,4801,770028612,"3,80,162",209,17,1672,12,2,3,1,0,1,6,0.08333333333333333,0.5,3.1666666666666665,low,0,1,6,6.0,0.0,0.00980392156862745,2.2697689692308287e-10,0.0,0.0
add_chord_p2,add_chord,2,4801,770028612,"3,80,162",210,18,1680,12,2,3,1,0,1,6,0.08333333333333333,0.5,3.1666666666666665,low,0,1,6,6.0,0.0,0.00980392156862745,2.2697689692308287e-10,0.0,0.0
add_chord_p2,add_chord,2,4801,770028612,"3,80,162",211,19,1688,11,2,2,1,0,1,6,0.09090909090909091,0.5454545454545454,3.1818181818181817,low,0,1,6,6.0,0.0,0.00980392156862745,2.2697689692308287e-10,0.0,0.0
add_chord_p2,add_chord,2,4801,770028612,"3,80,162",212,20,1696,11,2,2,1,0,1,6,0.09090909090909091,0.5454545454545454,3.1818181818181817,low,0,1,6,6.0,0.0,0.00980392156862745,2.2697689692308287e-10,0.0,0.0
add_chord_p2,add_chord,2,4801,770028612,"3,80,162",213,21,1704,11,2,2,1,0,1,6,0.09090909090909091,0.5454545454545454,3.1818181818181817,low,0,1,6,6.0,0.0,0.00980392156862745,2.2536182428996512e-10,0.0,0.0
add_chord_p2,add_chord,2,4801,770028612,"3,80,162",214,22,1712,12,3,1,2,0,2,6,0.16666666666666666,0.5,3.0,low,0,2,11,5.5,0.0,0.00980392156862745,2.2536182428996512e-10,0.0,0.0
add_chord_p2,add_chord,2,4801,770028612,"3,80,162",215,23,1720,12,2,2,2,0,2,6,0.16666666666666666,0.5,3.1666666666666665,low,0,2,11,5.5,0.0,0.00980392156862745,1.17753190441398e-10,0.0,0.0
add_chord_p2,add_chord,2,4801,770028612,"3,80,162",216,24,1728,12,2,2,2,0,2,6,0.16666666666666666,0.5,3.1666666666666665,low,0,2,11,5.5,0.0,0.00980392156862745,1.17753190441398e-10,0.0,0.0
add_chord_p2,add_chord,2,4801,770028612,"3,80,162",217,25,1736,12,2,2,2,0,2,6,0.16666666666666666,0.5,3.1666666666666665,low,0,2,11,5.5,0.0,0.00980392156862745,1.17753190441398e-10,0.0,0.0
add_chord_p2,add_chord,2,4801,770028612,"3,80,162",218,26,1744,12,2,1,3,0,3,6,0.25,0.5,3.1666666666666665,low,0,3,19,6.333333333333333,0.0,0.00980392156862745,1.17753190441398e-10,0.0,0.0
add_chord_p2,add_chord,2,4801,770028612,"3,80,162",219,27,1752,12,2,1,3,0,3,6,0.25,0.5,3.1666666666666665,low,0,3,19,6.333333333333333,0.0,0.00980392156862745,1.17753190441398e-10,0.0,0.0
add_chord_p2,add_chord,2,4801,770028612,"3,80,162",220,28,1760,12,2,1,2,1,3,6,0.25,0.5,3.1666666666666665,low,0,3,16,5.333333333333333,0.0,0.00980392156862745,1.17753190441398e-10,0.0,0.0
add_chord_p2,add_chord,2,4801,770028612,"3,80,162",221,29,1768,12,2,1,2,2,4,5,0.3333333333333333,0.4166666666666667,3.1666666666666665,low,0,4,21,5.25,0.0,0.00980392156862745,1.17753190441398e-10,0.0,0.0
add_chord_p2,add_chord,2,4801,770028612,"3,80,162",222,30,1776,12,2,1,2,2,4,5,0.3333333333333333,0.4166666666666667,3.1666666666666665,low,0,4,21,5.25,0.0,0.00980392156862745,1.17753190441398e-10,0.0,0.0
add_chord_p2,add_chord,2,4801,770028612,"3,80,162",223,31,1784,13,3,1,2,1,3,6,0.23076923076923078,0.46153846153846156,3.0,low,0,3,16,5.333333333333333,0.0,0.00980392156862745,9.572288626512618e-11,0.0,0.0
add_chord_p2,add_chord,2,4801,770028612,"3,80,162",224,32,1792,13,3,1,1,1,2,7,0.15384615384615385,0.5384615384615384,3.1538461538461537,low,0,2,7,3.5,0.0,0.00980392156862745,9.572288626512618e-11,0.0,0.0
add_chord_p2,add_chord,2,4801,770028612,"3,80,162",225,33,1800,13,3,1,1,1,2,7,0.15384615384615385,0.5384615384615384,3.1538461538461537,low,0,2,7,3.5,0.0,0.00980392156862745,9.572288626512618e-11,0.0,0.0
add_chord_p2,add_chord,2,4801,770028612,"3,80,162",226,34,1808,12,2,1,1,1,2,7,0.16666666666666666,0.5833333333333334,3.5,low,0,2,7,3.5,0.0,0.00980392156862745,9.572288626512618e-11,0.0,0.0
add_chord_p2,add_chord,2,4801,770028612,"3,80,162",227,35,1816,12,2,1,1,1,2,7,0.16666666666666666,0.5833333333333334,3.5,low,0,2,7,3.5,0.0,0.00980392156862745,9.572288626512618e-11,0.0,0.0
add_chord_p2,add_chord,2,4801,770028612,"3,80,162",228,36,1824,12,2,1,1,1,2,7,0.16666666666666666,0.5833333333333334,3.5,low,0,2,7,3.5,0.0,0.00980392156862745,9.572288626512618e-11,0.0,0.0
add_chord_p2,add_chord,2,4801,770028612,"3,80,162",229,37,1832,12,2,1,1,1,2,7,0.16666666666666666,0.5833333333333334,3.5,low,0,2,7,3.5,0.0,0.00980392156862745,9.572288626512618e-11,0.0,0.0
add_chord_p2,add_chord,2,4801,770028612,"3,80,162",230,38,1840,12,2,1,1,1,2,7,0.16666666666666666,0.5833333333333334,3.5,low,0,2,7,3.5,0.0,0.00980392156862745,9.572288626512618e-11,0.0,0.0
add_chord_p2,add_chord,2,4801,770028612,"3,80,162",231,39,1848,12,2,1,1,1,2,7,0.16666666666666666,0.5833333333333334,3.5,low,0,2,7,3.5,0.0,0.00980392156862745,9.572288626512618e-11,0.0,0.0
add_chord_p2,add_chord,2,4801,770028612,"3,80,162",232,40,1856,12,2,1,1,1,2,7,0.16666666666666666,0.5833333333333334,3.5,low,0,2,7,3.5,0.0,0.00980392156862745,9.737678883058826e-11,0.0,0.0
add_chord_p2,add_chord,2,4801,770028612,"3,80,162",233,41,1864,12,2,1,1,1,2,7,0.16666666666666666,0.5833333333333334,3.5,low,0,2,7,3.5,0.0,0.00980392156862745,9.737678883058826e-11,0.0,0.0
add_chord_p2,add_chord,2,4801,770028612,"3,80,162",234,42,1872,12,2,1,1,1,2,7,0.16666666666666666,0.5833333333333334,3.5,low,0,2,7,3.5,0.0,0.00980392156862745,9.737678883058826e-11,0.0,0.0
add_chord_p2,add_chord,2,4801,770028612,"3,80,162",235,43,1880,12,2,1,1,1,2,7,0.16666666666666666,0.5833333333333334,3.5,low,0,2,7,3.5,0.0,0.00980392156862745,1.1041330723417628e-09,0.0,0.01020408163265306
add_chord_p2,add_chord,2,4801,770028612,"3,80,162",236,44,1888,12,2,1,1,1,2,7,0.16666666666666666,0.5833333333333334,3.5,low,0,2,7,3.5,0.0,0.00980392156862745,1.1041330723417628e-09,0.0,0.01020408163265306
add_chord_p2,add_chord,2,4801,770028612,"3,80,162",237,45,1896,12,2,1,1,1,2,7,0.16666666666666666,0.5833333333333334,3.5,low,0,2,7,3.5,0.0,0.00980392156862745,1.1041330723417628e-09,0.0,0.01020408163265306
add_chord_p2,add_chord,2,4801,770028612,"3,80,162",238,46,1904,12,2,1,1,1,2,7,0.16666666666666666,0.5833333333333334,3.5,low,0,2,7,3.5,0.0,0.00980392156862745,1.0954599492014264e-09,0.0,0.01020408163265306
add_chord_p2,add_chord,2,4801,770028612,"3,80,162",239,47,1912,12,2,1,1,1,2,7,0.16666666666666666,0.5833333333333334,3.5,low,0,2,7,3.5,0.0,0.00980392156862745,1.0954599492014264e-09,0.0,0.01020408163265306
add_chord_p2,add_chord,2,4801,770028612,"3,80,162",240,48,1920,12,2,1,1,1,2,7,0.16666666666666666,0.5833333333333334,3.5,low,0,2,7,3.5,0.0,0.00980392156862745,1.0954599492014264e-09,0.0,0.01020408163265306
add_chord_p2,add_chord,2,4801,770028612,"3,80,162",241,49,1928,12,2,1,1,1,2,7,0.16666666666666666,0.5833333333333334,3.5,low,0,2,7,3.5,0.0,0.00980392156862745,1.0954599492014264e-09,0.0,0.01020408163265306
add_chord_p2,add_chord,2,4801,770028612,"3,80,162",242,50,1936,12,2,1,1,1,2,7,0.16666666666666666,0.5833333333333334,3.5,low,0,2,7,3.5,0.0,0.00980392156862745,1.0954599492014264e-09,0.0,0.01020408163265306
add_chord_p2,add_chord,2,4801,770028612,"3,80,162",243,51,1944,12,2,1,1,1,2,7,0.16666666666666666,0.5833333333333334,3.5,low,0,2,7,3.5,0.0,0.00980392156862745,1.0954599492014264e-09,0.0,0.01020408163265306
add_chord_p2,add_chord,2,4801,770028612,"3,80,162",244,52,1952,12,2,1,1,1,2,7,0.16666666666666666,0.5833333333333334,3.5,low,0,2,7,3.5,0.0,0.00980392156862745,1.0954599492014264e-09,0.0,0.01020408163265306
add_chord_p2,add_chord,2,4801,770028612,"3,80,162",245,53,1960,12,2,1,1,2,3,6,0.25,0.5,3.4166666666666665,low,0,3,19,6.333333333333333,0.0,0.00980392156862745,1.0954599492014264e-09,0.0,0.01020408163265306
add_chord_p2,add_chord,2,4801,770028612,"3,80,162",246,54,1968,12,2,1,1,2,3,6,0.25,0.5,3.4166666666666665,low,0,3,19,6.333333333333333,0.0,0.00980392156862745,1.0954599492014264e-09,0.0,0.01020408163265306
add_chord_p2,add_chord,2,4801,770028612,"3,80,162",247,55,1976,12,2,1,1,2,3,6,0.25,0.5,3.4166666666666665,low,0,3,19,6.333333333333333,0.0,0.00980392156862745,1.0954599492014264e-09,0.0,0.01020408163265306
add_chord_p2,add_chord,2,4801,770028612,"3,80,162",248,56,1984,12,2,1,1,2,3,6,0.25,0.5,3.4166666666666665,low,0,3,19,6.333333333333333,0.0,0.00980392156862745,1.0954599492014264e-09,0.0,0.01020408163265306
add_chord_p2,add_chord,2,4801,770028612,"3,80,162",249,57,1992,12,2,1,1,2,3,6,0.25,0.5,3.4166666666666665,low,0,3,19,6.333333333333333,0.0,0.00980392156862745,1.7875657682231644e-09,0.0,0.01020408163265306
add_chord_p2,add_chord,2,4801,770028612,"3,80,162",250,58,2000,12,2,1,1,2,3,6,0.25,0.5,3.4166666666666665,low,0,3,19,6.333333333333333,0.0,0.00980392156862745,1.7875657682231644e-09,0.0,0.01020408163265306
add_chord_p2,add_chord,2,4801,770028612,"3,80,162",251,59,2008,12,2,1,1,2,3,6,0.25,0.5,3.4166666666666665,low,0,3,19,6.333333333333333,0.0,0.00980392156862745,1.7875657682231644e-09,0.0,0.01020408163265306
add_chord_p2,add_chord,2,4801,770028612,"3,80,162",252,60,2016,12,2,1,2,1,3,6,0.25,0.5,3.25,low,0,3,26,8.666666666666666,0.0,0.00980392156862745,1.7875657682231644e-09,0.0,0.01020408163265306
add_chord_p2,add_chord,2,4801,770028612,"3,80,162",253,61,2024,13,2,1,1,3,4,6,0.3076923076923077,0.46153846153846156,3.3076923076923075,low,0,3,26,6.5,0.0,0.00980392156862745,1.7875657682231644e-09,0.0,0.01020408163265306
add_chord_p2,add_chord,2,4801,770028612,"3,80,162",254,62,2032,13,2,1,1,3,4,6,0.3076923076923077,0.46153846153846156,3.3076923076923075,low,0,3,26,6.5,0.0,0.00980392156862745,1.7875657682231644e-09,0.0,0.01020408163265306
add_chord_p2,add_chord,2,4801,770028612,"3,80,162",255,63,2040,13,2,1,1,2,3,7,0.23076923076923078,0.5384615384615384,3.4615384615384617,low,0,3,23,7.666666666666667,0.0,0.00980392156862745,1.7875657682231644e-09,0.0,0.01020408163265306
add_chord_p2,add_chord,2,4801,770028612,"3,80,162",256,64,2048,13,2,1,1,2,3,7,0.23076923076923078,0.5384615384615384,3.4615384615384617,low,0,3,23,7.666666666666667,0.0,0.00980392156862745,1.7875657682231644e-09,0.0,0.01020408163265306
add_chord_p2,add_chord,2,4801,770028612,"3,80,162",257,65,2056,13,2,1,1,2,3,7,0.23076923076923078,0.5384615384615384,3.4615384615384617,low,0,3,23,7.666666666666667,0.0,0.00980392156862745,1.7875657682231644e-09,0.0,0.01020408163265306
add_chord_p2,add_chord,2,4801,770028612,"3,80,162",258,66,2064,13,2,1,1,3,4,6,0.3076923076923077,0.46153846153846156,3.3076923076923075,low,0,4,28,7.0,0.0,0.00980392156862745,1.7875657682231644e-09,0.0,0.01020408163265306
add_chord_p2,add_chord,2,4801,770028612,"3,80,162",259,67,2072,13,2,1,1,3,4,6,0.3076923076923077,0.46153846153846156,3.3076923076923075,low,0,4,26,6.5,0.0,0.00980392156862745,1.7875657682231644e-09,0.0,0.01020408163265306
add_chord_p2,add_chord,2,4801,770028612,"3,80,162",260,68,2080,12,2,1,1,2,3,6,0.25,0.5,3.5,low,0,3,21,7.0,0.0,0.00980392156862745,1.7875657682231644e-09,0.0,0.01020408163265306
add_chord_p2,add_chord,2,4801,770028612,"3,80,162",261,69,2088,12,2,1,1,2,3,6,0.25,0.5,3.5,low,0,3,21,7.0,0.0,0.00980392156862745,1.7945505785327905e-09,0.0,0.01020408163265306
add_chord_p2,add_chord,2,4801,770028612,"3,80,162",262,70,2096,12,2,1,1,2,3,6,0.25,0.5,3.5,low,0,3,21,7.0,0.0,0.00980392156862745,1.7945505785327905e-09,0.0,0.01020408163265306
add_chord_p2,add_chord,2,4801,770028612,"3,80,162",263,71,2104,12,2,1,1,1,2,7,0.16666666666666666,0.5833333333333334,3.6666666666666665,low,0,2,9,4.5,0.0,0.00980392156862745,1.7945505785327905e-09,0.0,0.01020408163265306
add_chord_p2,add_chord,2,4801,770028612,"3,80,162",264,72,2112,12,2,1,1,1,2,7,0.16666666666666666,0.5833333333333334,3.6666666666666665,low,0,2,9,4.5,0.0,0.00980392156862745,1.7945505785327905e-09,0.0,0.01020408163265306
add_chord_p2,add_chord,2,4801,770028612,"3,80,162",265,73,2120,12,2,1,1,1,2,7,0.16666666666666666,0.5833333333333334,3.6666666666666665,low,0,2,9,4.5,0.0,0.00980392156862745,1.7945505785327905e-09,0.0,0.01020408163265306
add_chord_p2,add_chord,2,4801,770028612,"3,80,162",266,74,2128,12,2,1,1,1,2,7,0.16666666666666666,0.5833333333333334,3.6666666666666665,low,0,2,9,4.5,0.0,0.00980392156862745,1.7945505785327905e-09,0.0,0.01020408163265306
add_chord_p2,add_chord,2,4801,770028612,"3,80,162",267,75,2136,13,2,1,2,2,4,6,0.3076923076923077,0.46153846153846156,3.4615384615384617,low,0,4,25,6.25,0.0,0.00980392156862745,1.7945505785327905e-09,0.0,0.01020408163265306
add_chord_p2,add_chord,2,4801,770028612,"3,80,162",268,76,2144,13,2,1,2,1,3,7,0.23076923076923078,0.5384615384615384,3.4615384615384617,low,0,3,13,4.333333333333333,0.0,0.00980392156862745,1.7945505785327905e-09,0.0,0.01020408163265306
add_chord_p2,add_chord,2,4801,770028612,"3,80,162",269,77,2152,13,2,1,2,1,3,7,0.23076923076923078,0.5384615384615384,3.4615384615384617,low,0,3,13,4.333333333333333,0.0,0.00980392156862745,1.7945505785327905e-09,0.0,0.01020408163265306
add_chord_p2,add_chord,2,4801,770028612,"3,80,162",270,78,2160,13,2,1,2,1,3,7,0.23076923076923078,0.5384615384615384,3.4615384615384617,low,0,3,13,4.333333333333333,0.0,0.00980392156862745,1.7945505785327905e-09,0.0,0.01020408163265306
add_chord_p2,add_chord,2,4801,770028612,"3,80,162",271,79,2168,13,2,1,2,1,3,7,0.23076923076923078,0.5384615384615384,3.4615384615384617,low,0,3,13,4.333333333333333,0.0,0.00980392156862745,1.7945505785327905e-09,0.0,0.01020408163265306
add_chord_p2,add_chord,2,4801,770028612,"3,80,162",272,80,2176,13,2,1,2,2,4,6,0.3076923076923077,0.46153846153846156,3.3846153846153846,low,0,4,18,4.5,0.0,0.00980392156862745,1.7945505785327905e-09,0.0,0.01020408163265306
add_chord_p2,add_chord,2,4801,770028612,"3,80,162",273,81,2184,13,2,1,2,2,4,6,0.3076923076923077,0.46153846153846156,3.3846153846153846,low,0,4,18,4.5,0.0,0.00980392156862745,1.7945505785327905e-09,0.0,0.01020408163265306
add_chord_p2,add_chord,2,4801,770028612,"3,80,162",274,82,2192,13,2,1,2,2,4,6,0.3076923076923077,0.46153846153846156,3.3846153846153846,low,0,4,18,4.5,0.0,0.00980392156862745,1.7945505785327905e-09,0.0,0.01020408163265306
add_chord_p2,add_chord,2,4801,770028612,"3,80,162",275,83,2200,13,2,1,2,2,4,6,0.3076923076923077,0.46153846153846156,3.3846153846153846,low,0,4,18,4.5,0.0,0.00980392156862745,1.7945505785327905e-09,0.0,0.01020408163265306
add_chord_p2,add_chord,2,4801,770028612,"3,80,162",276,84,2208,13,2,1,2,2,4,6,0.3076923076923077,0.46153846153846156,3.3846153846153846,low,0,4,18,4.5,0.0,0.00980392156862745,1.7945505785327905e-09,0.0,0.01020408163265306
add_chord_p2,add_chord,2,4801,770028612,"3,80,162",277,85,2216,14,2,1,3,1,4,7,0.2857142857142857,0.5,3.4285714285714284,low,0,4,20,5.0,0.0,0.00980392156862745,1.7945505785327905e-09,0.0,0.01020408163265306
add_chord_p2,add_chord,2,4801,770028612,"3,80,162",278,86,2224,14,2,1,3,0,3,8,0.21428571428571427,0.5714285714285714,3.4285714285714284,low,0,3,15,5.0,0.0,0.00980392156862745,1.7945505785327905e-09,0.0,0.01020408163265306
add_chord_p2,add_chord,2,4801,770028612,"3,80,162",279,87,2232,14,2,1,2,1,3,8,0.21428571428571427,0.5714285714285714,3.5714285714285716,low,0,3,16,5.333333333333333,0.0,0.00980392156862745,1.7945505785327905e-09,0.0,0.01020408163265306
add_chord_p2,add_chord,2,4801,770028612,"3,80,162",280,88,2240,14,2,1,2,1,3,8,0.21428571428571427,0.5714285714285714,3.5714285714285716,low,0,3,16,5.333333333333333,0.0,0.00980392156862745,1.7945505785327905e-09,0.0,0.01020408163265306
add_chord_p2,add_chord,2,4801,770028612,"3,80,162",281,89,2248,14,2,1,2,1,3,8,0.21428571428571427,0.5714285714285714,3.5714285714285716,low,0,3,16,5.333333333333333,0.0,0.00980392156862745,1.7945505785327905e-09,0.0,0.01020408163265306
add_chord_p2,add_chord,2,4801,770028612,"3,80,162",282,90,2256,14,2,1,2,2,4,7,0.2857142857142857,0.5,3.4285714285714284,low,0,3,16,4.0,0.0,0.00980392156862745,1.7945505785327905e-09,0.0,0.01020408163265306
add_chord_p2,add_chord,2,4801,770028612,"3,80,162",283,91,2264,14,2,1,2,3,5,6,0.35714285714285715,0.42857142857142855,3.4285714285714284,low,0,3,19,3.8,0.0,0.00980392156862745,1.7945505785327905e-09,0.0,0.01020408163265306
add_chord_p2,add_chord,2,4801,770028612,"3,80,162",284,92,2272,14,2,1,2,3,5,6,0.35714285714285715,0.42857142857142855,3.4285714285714284,low,0,3,19,3.8,0.0,0.00980392156862745,1.7945505785327905e-09,0.0,0.01020408163265306
add_chord_p2,add_chord,2,4801,770028612,"3,80,162",285,93,2280,14,2,1,2,3,5,6,0.35714285714285715,0.42857142857142855,3.4285714285714284,low,0,3,19,3.8,0.0,0.00980392156862745,1.7945505785327905e-09,0.0,0.01020408163265306
add_chord_p2,add_chord,2,4801,770028612,"3,80,162",286,94,2288,14,2,1,2,3,5,6,0.35714285714285715,0.42857142857142855,3.4285714285714284,low,0,3,19,3.8,0.0,0.00980392156862745,1.7945505785327905e-09,0.0,0.01020408163265306
add_chord_p2,add_chord,2,4801,770028612,"3,80,162",287,95,2296,14,2,1,2,3,5,6,0.35714285714285715,0.42857142857142855,3.4285714285714284,low,0,3,19,3.8,0.0,0.00980392156862745,1.7562087037120936e-09,0.0,0.01020408163265306
add_chord_p2,add_chord,2,4801,770028612,"3,80,162",288,96,2304,14,2,1,2,3,5,6,0.35714285714285715,0.42857142857142855,3.4285714285714284,low,0,3,19,3.8,0.0,0.00980392156862745,1.7562087037120936e-09,0.0,0.01020408163265306
add_chord_p2,add_chord,2,4801,770028612,"3,80,162",289,97,2312,14,2,1,2,2,4,7,0.2857142857142857,0.5,3.4285714285714284,low,0,2,14,3.5,0.0,0.00980392156862745,1.7562087037120936e-09,0.0,0.01020408163265306
add_chord_p2,add_chord,2,4801,770028612,"3,80,162",290,98,2320,14,2,1,2,2,4,7,0.2857142857142857,0.5,3.4285714285714284,low,0,2,14,3.5,0.0,0.00980392156862745,1.7562087037120936e-09,0.0,0.01020408163265306
add_chord_p2,add_chord,2,4801,770028612,"3,80,162",291,99,2328,14,2,1,2,2,4,7,0.2857142857142857,0.5,3.4285714285714284,low,0,2,14,3.5,0.0,0.00980392156862745,1.7562087037120936e-09,0.0,0.01020408163265306
add_chord_p2,add_chord,2,4801,770028612,"3,80,162",292,100,2336,14,2,1,2,2,4,7,0.2857142857142857,0.5,3.4285714285714284,low,0,2,14,3.5,0.0,0.00980392156862745,1.7562087037120936e-09,0.0,0.01020408163265306
add_chord_p2,add_chord,2,4801,770028612,"3,80,162",293,101,2344,14,2,1,2,2,4,7,0.2857142857142857,0.5,3.4285714285714284,low,0,2,14,3.5,0.0,0.00980392156862745,1.7562087037120936e-09,0.0,0.01020408163265306
add_chord_p2,add_chord,2,4801,770028612,"3,80,162",294,102,2352,14,2,1,2,2,4,7,0.2857142857142857,0.5,3.4285714285714284,low,0,2,14,3.5,0.0,0.00980392156862745,1.7562087037120936e-09,0.0,0.01020408163265306
add_chord_p2,add_chord,2,4801,770028612,"3,80,162",295,103,2360,14,2,1,2,2,4,7,0.2857142857142857,0.5,3.4285714285714284,low,0,2,14,3.5,0.0,0.00980392156862745,1.7562087037120936e-09,0.0,0.01020408163265306
add_chord_p2,add_chord,2,4801,770028612,"3,80,162",296,104,2368,15,2,1,2,3,5,7,0.3333333333333333,0.4666666666666667,3.4,low,0,3,26,5.2,0.0,0.00980392156862745,1.7775817402530741e-09,0.0,0.01020408163265306
add_chord_p2,add_chord,2,4801,770028612,"3,80,162",297,105,2376,15,2,1,2,3,5,7,0.3333333333333333,0.4666666666666667,3.4,low,0,3,26,5.2,0.0,0.00980392156862745,1.7775817402530741e-09,0.0,0.01020408163265306
add_chord_p2,add_chord,2,4801,770028612,"3,80,162",298,106,2384,15,2,1,2,2,4,8,0.26666666666666666,0.5333333333333333,3.466666666666667,low,0,3,23,5.75,0.0,0.00980392156862745,1.7775817402530741e-09,0.0,0.01020408163265306
add_chord_p2,add_chord,2,4801,770028612,"3,80,162",299,107,2392,15,2,1,2,2,4,8,0.26666666666666666,0.5333333333333333,3.466666666666667,low,0,3,23,5.75,0.0,0.00980392156862745,1.7775817402530741e-09,0.0,0.01020408163265306
add_chord_p2,add_chord,2,4801,770028612,"3,80,162",300,108,2400,15,2,1,2,2,4,8,0.26666666666666666,0.5333333333333333,3.466666666666667,low,0,3,23,5.75,0.0,0.00980392156862745,1.7775817402530741e-09,0.0,0.01020408163265306
add_chord_p2,add_chord,2,4801,770028612,"3,80,162",301,109,2408,15,2,1,2,3,5,7,0.3333333333333333,0.4666666666666667,3.4,low,0,3,26,5.2,0.0,0.00980392156862745,1.7752186389639413e-09,0.0,0.01020408163265306
add_chord_p2,add_chord,2,4801,770028612,"3,80,162",302,110,2416,15,2,1,2,3,5,7,0.3333333333333333,0.4666666666666667,3.4,low,0,3,26,5.2,0.0,0.00980392156862745,1.7752186389639413e-09,0.0,0.01020408163265306
add_chord_p2,add_chord,2,4801,770028612,"3,80,162",303,111,2424,15,2,1,2,3,5,7,0.3333333333333333,0.4666666666666667,3.4,low,0,3,26,5.2,0.0,0.00980392156862745,1.7752186389639413e-09,0.0,0.01020408163265306
add_chord_p2,add_chord,2,4801,770028612,"3,80,162",304,112,2432,15,2,1,2,3,5,7,0.3333333333333333,0.4666666666666667,3.4,low,0,3,26,5.2,0.0,0.00980392156862745,1.7752186389639413e-09,0.0,0.01020408163265306
add_chord_p2,add_chord,2,4801,770028612,"3,80,162",305,113,2440,16,2,1,2,3,5,8,0.3125,0.5,3.4375,low,0,3,26,5.2,0.0,0.00980392156862745,1.7752186389639413e-09,0.0,0.01020408163265306
add_chord_p2,add_chord,2,4801,770028612,"3,80,162",306,114,2448,15,2,1,2,3,5,7,0.3333333333333333,0.4666666666666667,3.4,low,0,3,26,5.2,0.0,0.00980392156862745,1.7752186389639413e-09,0.0,0.01020408163265306
add_chord_p2,add_chord,2,4801,770028612,"3,80,162",307,115,2456,15,2,1,2,3,5,7,0.3333333333333333,0.4666666666666667,3.4,low,0,3,26,5.2,0.0,0.00980392156862745,1.7752186389639413e-09,0.0,0.01020408163265306
add_chord_p2,add_chord,2,4801,770028612,"3,80,162",308,116,2464,15,2,1,2,3,5,7,0.3333333333333333,0.4666666666666667,3.4,low,0,3,26,5.2,0.0,0.00980392156862745,1.7752186389639413e-09,0.0,0.01020408163265306
add_chord_p2,add_chord,2,4801,770028612,"3,80,162",309,117,2472,15,2,1,2,3,5,7,0.3333333333333333,0.4666666666666667,3.4,low,0,3,26,5.2,0.0,0.00980392156862745,1.7752186389639413e-09,0.0,0.01020408163265306
add_chord_p2,add_chord,2,4801,770028612,"3,80,162",310,118,2480,15,2,1,2,3,5,7,0.3333333333333333,0.4666666666666667,3.4,low,0,3,26,5.2,0.0,0.00980392156862745,1.7752186389639413e-09,0.0,0.01020408163265306
add_chord_p2,add_chord,2,4801,770028612,"3,80,162",311,119,2488,15,2,1,2,3,5,7,0.3333333333333333,0.4666666666666667,3.4,low,0,3,26,5.2,0.0,0.00980392156862745,1.7752186389639413e-09,0.0,0.01020408163265306
add_chord_p2,add_chord,2,4801,770028612,"3,80,162",312,120,2496,15,2,1,2,3,5,7,0.3333333333333333,0.4666666666666667,3.4,low,0,3,26,5.2,0.0,0.00980392156862745,1.7752186389639413e-09,0.0,0.01020408163265306
add_chord_p2,add_chord,2,4801,770028612,"3,80,162",313,121,2504,15,2,1,2,3,5,7,0.3333333333333333,0.4666666666666667,3.4,low,0,3,26,5.2,0.0,0.00980392156862745,1.7752186389639413e-09,0.0,0.01020408163265306
add_chord_p2,add_chord,2,4801,770028612,"3,80,162",314,122,2512,15,2,1,2,3,5,7,0.3333333333333333,0.4666666666666667,3.3333333333333335,low,0,3,26,5.2,0.0,0.00980392156862745,1.7752186389639413e-09,0.0,0.01020408163265306
add_chord_p2,add_chord,2,4801,770028612,"3,80,162",315,123,2520,15,2,1,2,3,5,7,0.3333333333333333,0.4666666666666667,3.3333333333333335,low,0,3,26,5.2,0.0,0.00980392156862745,1.7752186389639413e-09,0.0,0.01020408163265306
add_chord_p2,add_chord,2,4801,770028612,"3,80,162",316,124,2528,15,2,1,2,3,5,7,0.3333333333333333,0.4666666666666667,3.3333333333333335,low,0,3,26,5.2,0.0,0.00980392156862745,1.7752186389639413e-09,0.0,0.01020408163265306
add_chord_p2,add_chord,2,4801,770028612,"3,80,162",317,125,2536,15,2,1,2,3,5,7,0.3333333333333333,0.4666666666666667,3.3333333333333335,low,0,3,26,5.2,0.0,0.00980392156862745,1.7752186389639413e-09,0.0,0.01020408163265306
add_chord_p2,add_chord,2,4801,770028612,"3,80,162",318,126,2544,15,2,1,2,3,5,7,0.3333333333333333,0.4666666666666667,3.3333333333333335,low,0,3,26,5.2,0.0,0.00980392156862745,1.7752186389639413e-09,0.0,0.01020408163265306
add_chord_p2,add_chord,2,4801,770028612,"3,80,162",319,127,2552,15,2,1,2,3,5,7,0.3333333333333333,0.4666666666666667,3.3333333333333335,low,0,3,26,5.2,0.0,0.00980392156862745,1.7752186389639413e-09,0.0,0.01020408163265306
add_chord_p2,add_chord,2,4801,770028612,"3,80,162",320,128,2560,16,2,2,2,3,5,7,0.3125,0.4375,3.1875,low,0,4,28,5.6,0.0,0.00980392156862745,1.7752186389639413e-09,0.0,0.01020408163265306
add_chord_p2,add_chord,2,4861,770028672,"3,80,162",192,0,1536,2,2,0,0,0,0,0,0.0,0.0,0.0,low,0,0,0,nan,0.0,0.00980392156862745,1.7668053291107543e-09,0.0,0.01020408163265306
add_chord_p2,add_chord,2,4861,770028672,"3,80,162",193,1,1544,2,2,0,0,0,0,0,0.0,0.0,0.0,low,0,0,0,nan,0.0,0.00980392156862745,1.7668053291107543e-09,0.0,0.01020408163265306
add_chord_p2,add_chord,2,4861,770028672,"3,80,162",194,2,1552,2,2,0,0,0,0,0,0.0,0.0,0.0,low,0,0,0,nan,0.0,0.00980392156862745,1.7668053291107543e-09,0.0,0.01020408163265306
add_chord_p2,add_chord,2,4861,770028672,"3,80,162",195,3,1560,2,2,0,0,0,0,0,0.0,0.0,0.0,low,0,0,0,nan,0.0,0.00980392156862745,1.7668053291107543e-09,0.0,0.01020408163265306
add_chord_p2,add_chord,2,4861,770028672,"3,80,162",196,4,1568,2,2,0,0,0,0,0,0.0,0.0,0.0,low,0,0,0,nan,0.0,0.00980392156862745,1.7668053291107543e-09,0.0,0.01020408163265306
add_chord_p2,add_chord,2,4861,770028672,"3,80,162",197,5,1576,2,2,0,0,0,0,0,0.0,0.0,0.0,low,0,0,0,nan,0.0,0.00980392156862745,1.7668053291107543e-09,0.0,0.01020408163265306
add_chord_p2,add_chord,2,4861,770028672,"3,80,162",198,6,1584,2,2,0,0,0,0,0,0.0,0.0,0.0,low,0,0,0,nan,0.0,0.00980392156862745,1.7668053291107543e-09,0.0,0.01020408163265306
add_chord_p2,add_chord,2,4861,770028672,"3,80,162",199,7,1592,2,2,0,0,0,0,0,0.0,0.0,0.0,low,0,0,0,nan,0.0,0.00980392156862745,1.7668053291107543e-09,0.0,0.01020408163265306
add_chord_p2,add_chord,2,4861,770028672,"3,80,162",200,8,1600,2,2,0,0,0,0,0,0.0,0.0,0.0,low,0,0,0,nan,0.0,0.00980392156862745,1.7668053291107543e-09,0.0,0.01020408163265306
add_chord_p2,add_chord,2,4861,770028672,"3,80,162",201,9,1608,2,2,0,0,0,0,0,0.0,0.0,0.0,low,0,0,0,nan,0.0,0.00980392156862745,1.5454295710057113e-09,0.0,0.01020408163265306
add_chord_p2,add_chord,2,4861,770028672,"3,80,162",202,10,1616,2,2,0,0,0,0,0,0.0,0.0,0.0,low,0,0,0,nan,0.0,0.00980392156862745,1.5454295710057113e-09,0.0,0.01020408163265306
add_chord_p2,add_chord,2,4861,770028672,"3,80,162",203,11,1624,2,2,0,0,0,0,0,0.0,0.0,0.0,low,0,0,0,nan,0.0,0.00980392156862745,1.5454295710057113e-09,0.0,0.01020408163265306
add_chord_p2,add_chord,2,4861,770028672,"3,80,162",204,12,1632,2,2,0,0,0,0,0,0.0,0.0,0.0,low,0,0,0,nan,0.0,0.00980392156862745,1.5454295710057113e-09,0.0,0.01020408163265306
add_chord_p2,add_chord,2,4861,770028672,"3,80,162",205,13,1640,2,2,0,0,0,0,0,0.0,0.0,0.0,low,0,0,0,nan,0.0,0.00980392156862745,1.5454295710057113e-09,0.0,0.01020408163265306
add_chord_p2,add_chord,2,4861,770028672,"3,80,162",206,14,1648,2,2,0,0,0,0,0,0.0,0.0,0.0,low,0,0,0,nan,0.0,0.00980392156862745,1.5454295710057113e-09,0.0,0.01020408163265306
add_chord_p2,add_chord,2,4861,770028672,"3,80,162",207,15,1656,2,2,0,0,0,0,0,0.0,0.0,0.0,low,0,0,0,nan,0.0,0.00980392156862745,1.5454295710057113e-09,0.0,0.01020408163265306
add_chord_p2,add_chord,2,4861,770028672,"3,80,162",208,16,1664,2,2,0,0,0,0,0,0.0,0.0,0.0,low,0,0,0,nan,0.0,0.00980392156862745,1.5454295710057113e-09,0.0,0.01020408163265306
add_chord_p2,add_chord,2,4861,770028672,"3,80,162",209,17,1672,2,2,0,0,0,0,0,0.0,0.0,0.0,low,0,0,0,nan,0.0,0.00980392156862745,1.5454295710057113e-09,0.0,0.01020408163265306
add_chord_p2,add_chord,2,4861,770028672,"3,80,162",210,18,1680,2,2,0,0,0,0,0,0.0,0.0,0.0,low,0,0,0,nan,0.0,0.00980392156862745,1.5612028893359326e-09,0.0,0.01020408163265306
add_chord_p2,add_chord,2,4861,770028672,"3,80,162",211,19,1688,2,2,0,0,0,0,0,0.0,0.0,0.0,low,0,0,0,nan,0.0,0.00980392156862745,1.5612028893359326e-09,0.0,0.01020408163265306
add_chord_p2,add_chord,2,4861,770028672,"3,80,162",212,20,1696,2,2,0,0,0,0,0,0.0,0.0,0.0,low,0,0,0,nan,0.0,0.00980392156862745,1.5612028893359326e-09,0.0,0.01020408163265306
add_chord_p2,add_chord,2,4861,770028672,"3,80,162",213,21,1704,2,2,0,0,0,0,0,0.0,0.0,0.0,low,0,0,0,nan,0.0,0.00980392156862745,1.5612028893359326e-09,0.0,0.01020408163265306
add_chord_p2,add_chord,2,4861,770028672,"3,80,162",214,22,1712,2,2,0,0,0,0,0,0.0,0.0,0.0,low,0,0,0,nan,0.0,0.00980392156862745,1.5612028893359326e-09,0.0,0.01020408163265306
add_chord_p2,add_chord,2,4861,770028672,"3,80,162",215,23,1720,2,2,0,0,0,0,0,0.0,0.0,0.0,low,0,0,0,nan,0.0,0.00980392156862745,1.5612028893359326e-09,0.0,0.01020408163265306
add_chord_p2,add_chord,2,4861,770028672,"3,80,162",216,24,1728,2,2,0,0,0,0,0,0.0,0.0,0.0,low,0,0,0,nan,0.0,0.00980392156862745,1.5612028893359326e-09,0.0,0.01020408163265306
add_chord_p2,add_chord,2,4861,770028672,"3,80,162",217,25,1736,2,2,0,0,0,0,0,0.0,0.0,0.0,low,0,0,0,nan,0.0,0.00980392156862745,1.5612028893359326e-09,0.0,0.01020408163265306
add_chord_p2,add_chord,2,4861,770028672,"3,80,162",218,26,1744,2,2,0,0,0,0,0,0.0,0.0,0.0,low,0,0,0,nan,0.0,0.00980392156862745,1.5612028893359326e-09,0.0,0.01020408163265306
add_chord_p2,add_chord,2,4861,770028672,"3,80,162",219,27,1752,2,2,0,0,0,0,0,0.0,0.0,0.0,low,0,0,0,nan,0.0,0.00980392156862745,1.5612028893359326e-09,0.0,0.01020408163265306
add_chord_p2,add_chord,2,4861,770028672,"3,80,162",220,28,1760,2,2,0,0,0,0,0,0.0,0.0,0.0,low,0,0,0,nan,0.0,0.00980392156862745,1.5612028893359326e-09,0.0,0.01020408163265306
add_chord_p2,add_chord,2,4861,770028672,"3,80,162",221,29,1768,2,2,0,0,0,0,0,0.0,0.0,0.0,low,0,0,0,nan,0.0,0.00980392156862745,1.562788918442419e-09,0.0,0.01020408163265306
add_chord_p2,add_chord,2,4861,770028672,"3,80,162",222,30,1776,2,2,0,0,0,0,0,0.0,0.0,0.0,low,0,0,0,nan,0.0,0.00980392156862745,1.562788918442419e-09,0.0,0.01020408163265306
add_chord_p2,add_chord,2,4861,770028672,"3,80,162",223,31,1784,2,2,0,0,0,0,0,0.0,0.0,0.0,low,0,0,0,nan,0.0,0.00980392156862745,1.562788918442419e-09,0.0,0.01020408163265306
add_chord_p2,add_chord,2,4861,770028672,"3,80,162",224,32,1792,2,2,0,0,0,0,0,0.0,0.0,0.0,low,0,0,0,nan,0.0,0.00980392156862745,1.562788918442419e-09,0.0,0.01020408163265306
add_chord_p2,add_chord,2,4861,770028672,"3,80,162",225,33,1800,2,2,0,0,0,0,0,0.0,0.0,0.0,low,0,0,0,nan,0.0,0.00980392156862745,1.562788918442419e-09,0.0,0.01020408163265306
add_chord_p2,add_chord,2,4861,770028672,"3,80,162",226,34,1808,2,2,0,0,0,0,0,0.0,0.0,0.0,low,0,0,0,nan,0.0,0.00980392156862745,1.562788918442419e-09,0.0,0.01020408163265306
add_chord_p2,add_chord,2,4861,770028672,"3,80,162",227,35,1816,2,2,0,0,0,0,0,0.0,0.0,0.0,low,0,0,0,nan,0.0,0.00980392156862745,1.562788918442419e-09,0.0,0.01020408163265306
add_chord_p2,add_chord,2,4861,770028672,"3,80,162",228,36,1824,2,2,0,0,0,0,0,0.0,0.0,0.0,low,0,0,0,nan,0.0,0.00980392156862745,1.562788918442419e-09,0.0,0.01020408163265306
add_chord_p2,add_chord,2,4861,770028672,"3,80,162",229,37,1832,2,2,0,0,0,0,0,0.0,0.0,0.0,low,0,0,0,nan,0.0,0.00980392156862745,1.562788918442419e-09,0.0,0.01020408163265306
add_chord_p2,add_chord,2,4861,770028672,"3,80,162",230,38,1840,2,2,0,0,0,0,0,0.0,0.0,0.0,low,0,0,0,nan,0.0,0.00980392156862745,1.562788918442419e-09,0.0,0.01020408163265306
add_chord_p2,add_chord,2,4861,770028672,"3,80,162",231,39,1848,2,2,0,0,0,0,0,0.0,0.0,0.0,low,0,0,0,nan,0.0,0.00980392156862745,1.562788918442419e-09,0.0,0.01020408163265306
add_chord_p2,add_chord,2,4861,770028672,"3,80,162",232,40,1856,2,2,0,0,0,0,0,0.0,0.0,0.0,low,0,0,0,nan,0.0,0.00980392156862745,1.562788918442419e-09,0.0,0.01020408163265306
add_chord_p2,add_chord,2,4861,770028672,"3,80,162",233,41,1864,2,2,0,0,0,0,0,0.0,0.0,0.0,low,0,0,0,nan,0.0,0.00980392156862745,1.562788918442419e-09,0.0,0.01020408163265306
add_chord_p2,add_chord,2,4861,770028672,"3,80,162",234,42,1872,2,2,0,0,0,0,0,0.0,0.0,0.0,low,0,0,0,nan,0.0,0.00980392156862745,1.562381677688564e-09,0.0,0.01020408163265306
add_chord_p2,add_chord,2,4861,770028672,"3,80,162",235,43,1880,2,2,0,0,0,0,0,0.0,0.0,0.0,low,0,0,0,nan,0.0,0.00980392156862745,1.3190444359377455e-09,0.0,0.01020408163265306
add_chord_p2,add_chord,2,4861,770028672,"3,80,162",236,44,1888,2,2,0,0,0,0,0,0.0,0.0,0.0,low,0,0,0,nan,0.0,0.00980392156862745,1.3190444359377455e-09,0.0,0.01020408163265306
add_chord_p2,add_chord,2,4861,770028672,"3,80,162",237,45,1896,2,2,0,0,0,0,0,0.0,0.0,0.0,low,0,0,0,nan,0.0,0.00980392156862745,1.3190444359377455e-09,0.0,0.01020408163265306
add_chord_p2,add_chord,2,4861,770028672,"3,80,162",238,46,1904,2,2,0,0,0,0,0,0.0,0.0,0.0,low,0,0,0,nan,0.0,0.00980392156862745,1.334470810400923e-09,0.0,0.01020408163265306
add_chord_p2,add_chord,2,4861,770028672,"3,80,162",239,47,1912,2,2,0,0,0,0,0,0.0,0.0,0.0,low,0,0,0,nan,0.0,0.00980392156862745,1.334470810400923e-09,0.0,0.01020408163265306
add_chord_p2,add_chord,2,4861,770028672,"3,80,162",240,48,1920,2,2,0,0,0,0,0,0.0,0.0,0.0,low,0,0,0,nan,0.0,0.00980392156862745,1.334470810400923e-09,0.0,0.01020408163265306
add_chord_p2,add_chord,2,4861,770028672,"3,80,162",241,49,1928,2,2,0,0,0,0,0,0.0,0.0,0.0,low,0,0,0,nan,0.0,0.00980392156862745,1.334470810400923e-09,0.0,0.01020408163265306
add_chord_p2,add_chord,2,4861,770028672,"3,80,162",242,50,1936,2,2,0,0,0,0,0,0.0,0.0,0.0,low,0,0,0,nan,0.0,0.00980392156862745,1.334470810400923e-09,0.0,0.01020408163265306
add_chord_p2,add_chord,2,4861,770028672,"3,80,162",243,51,1944,2,2,0,0,0,0,0,0.0,0.0,0.0,low,0,0,0,nan,0.0,0.00980392156862745,1.334470810400923e-09,0.0,0.01020408163265306
add_chord_p2,add_chord,2,4861,770028672,"3,80,162",244,52,1952,2,2,0,0,0,0,0,0.0,0.0,0.0,low,0,0,0,nan,0.0,0.00980392156862745,1.334470810400923e-09,0.0,0.01020408163265306
add_chord_p2,add_chord,2,4861,770028672,"3,80,162",245,53,1960,2,2,0,0,0,0,0,0.0,0.0,0.0,low,0,0,0,nan,0.0,0.00980392156862745,1.334470810400923e-09,0.0,0.01020408163265306
add_chord_p2,add_chord,2,4861,770028672,"3,80,162",246,54,1968,2,2,0,0,0,0,0,0.0,0.0,0.0,low,0,0,0,nan,0.0,0.00980392156862745,1.334470810400923e-09,0.0,0.01020408163265306
add_chord_p2,add_chord,2,4861,770028672,"3,80,162",247,55,1976,2,2,0,0,0,0,0,0.0,0.0,0.0,low,0,0,0,nan,0.0,0.00980392156862745,1.322698237864193e-09,0.0,0.01020408163265306
add_chord_p2,add_chord,2,4861,770028672,"3,80,162",248,56,1984,2,2,0,0,0,0,0,0.0,0.0,0.0,low,0,0,0,nan,0.0,0.00980392156862745,1.981307873500348e-09,0.0,0.01020408163265306
add_chord_p2,add_chord,2,4861,770028672,"3,80,162",249,57,1992,2,2,0,0,0,0,0,0.0,0.0,0.0,low,0,0,0,nan,0.0,0.00980392156862745,1.981307873500348e-09,0.0,0.01020408163265306
add_chord_p2,add_chord,2,4861,770028672,"3,80,162",250,58,2000,2,2,0,0,0,0,0,0.0,0.0,0.0,low,0,0,0,nan,0.0,0.00980392156862745,1.981307873500348e-09,0.0,0.01020408163265306
add_chord_p2,add_chord,2,4861,770028672,"3,80,162",251,59,2008,2,2,0,0,0,0,0,0.0,0.0,0.0,low,0,0,0,nan,0.0,0.00980392156862745,1.981307873500348e-09,0.0,0.01020408163265306
add_chord_p2,add_chord,2,4861,770028672,"3,80,162",252,60,2016,2,2,0,0,0,0,0,0.0,0.0,0.0,low,0,0,0,nan,0.0,0.00980392156862745,1.981307873500348e-09,0.0,0.01020408163265306
add_chord_p2,add_chord,2,4861,770028672,"3,80,162",253,61,2024,2,2,0,0,0,0,0,0.0,0.0,0.0,low,0,0,0,nan,0.0,0.00980392156862745,1.981307873500348e-09,0.0,0.01020408163265306
add_chord_p2,add_chord,2,4861,770028672,"3,80,162",254,62,2032,2,2,0,0,0,0,0,0.0,0.0,0.0,low,0,0,0,nan,0.0,0.00980392156862745,1.867389849181591e-09,0.0,0.01020408163265306
add_chord_p2,add_chord,2,4861,770028672,"3,80,162",255,63,2040,2,2,0,0,0,0,0,0.0,0.0,0.0,low,0,0,0,nan,0.0,0.00980392156862745,1.867389849181591e-09,0.0,0.01020408163265306
add_chord_p2,add_chord,2,4861,770028672,"3,80,162",256,64,2048,2,2,0,0,0,0,0,0.0,0.0,0.0,low,0,0,0,nan,0.0,0.00980392156862745,1.867389849181591e-09,0.0,0.01020408163265306
add_chord_p2,add_chord,2,4861,770028672,"3,80,162",257,65,2056,2,2,0,0,0,0,0,0.0,0.0,0.0,low,0,0,0,nan,0.0,0.00980392156862745,1.867389849181591e-09,0.0,0.01020408163265306
add_chord_p2,add_chord,2,4861,770028672,"3,80,162",258,66,2064,2,2,0,0,0,0,0,0.0,0.0,0.0,low,0,0,0,nan,0.0,0.00980392156862745,1.867389849181591e-09,0.0,0.01020408163265306
add_chord_p2,add_chord,2,4861,770028672,"3,80,162",259,67,2072,2,2,0,0,0,0,0,0.0,0.0,0.0,low,0,0,0,nan,0.0,0.00980392156862745,1.867389849181591e-09,0.0,0.01020408163265306
add_chord_p2,add_chord,2,4861,770028672,"3,80,162",260,68,2080,2,2,0,0,0,0,0,0.0,0.0,0.0,low,0,0,0,nan,0.0,0.00980392156862745,1.867389849181591e-09,0.0,0.01020408163265306
add_chord_p2,add_chord,2,4861,770028672,"3,80,162",261,69,2088,2,2,0,0,0,0,0,0.0,0.0,0.0,low,0,0,0,nan,0.0,0.00980392156862745,1.867389849181591e-09,0.0,0.01020408163265306
add_chord_p2,add_chord,2,4861,770028672,"3,80,162",262,70,2096,2,2,0,0,0,0,0,0.0,0.0,0.0,low,0,0,0,nan,0.0,0.00980392156862745,1.867389849181591e-09,0.0,0.01020408163265306
add_chord_p2,add_chord,2,4861,770028672,"3,80,162",263,71,2104,2,2,0,0,0,0,0,0.0,0.0,0.0,low,0,0,0,nan,0.0,0.00980392156862745,1.867389849181591e-09,0.0,0.01020408163265306
add_chord_p2,add_chord,2,4861,770028672,"3,80,162",264,72,2112,2,2,0,0,0,0,0,0.0,0.0,0.0,low,0,0,0,nan,0.0,0.00980392156862745,1.867389849181591e-09,0.0,0.01020408163265306
add_chord_p2,add_chord,2,4861,770028672,"3,80,162",265,73,2120,2,2,0,0,0,0,0,0.0,0.0,0.0,low,0,0,0,nan,0.0,0.00980392156862745,1.867389849181591e-09,0.0,0.01020408163265306
add_chord_p2,add_chord,2,4861,770028672,"3,80,162",266,74,2128,2,2,0,0,0,0,0,0.0,0.0,0.0,low,0,0,0,nan,0.0,0.00980392156862745,1.8277424362697565e-09,0.0,0.01020408163265306
add_chord_p2,add_chord,2,4861,770028672,"3,80,162",267,75,2136,2,2,0,0,0,0,0,0.0,0.0,0.0,low,0,0,0,nan,0.0,0.00980392156862745,1.8277424362697565e-09,0.0,0.01020408163265306
add_chord_p2,add_chord,2,4861,770028672,"3,80,162",268,76,2144,2,2,0,0,0,0,0,0.0,0.0,0.0,low,0,0,0,nan,0.0,0.00980392156862745,1.3705573922405813e-09,0.0,0.01020408163265306
add_chord_p2,add_chord,2,4861,770028672,"3,80,162",269,77,2152,2,2,0,0,0,0,0,0.0,0.0,0.0,low,0,0,0,nan,0.0,0.00980392156862745,1.3705573922405813e-09,0.0,0.01020408163265306
add_chord_p2,add_chord,2,4861,770028672,"3,80,162",270,78,2160,2,2,0,0,0,0,0,0.0,0.0,0.0,low,0,0,0,nan,0.0,0.00980392156862745,1.3701892971095776e-09,0.0,0.01020408163265306
add_chord_p2,add_chord,2,4861,770028672,"3,80,162",271,79,2168,2,2,0,0,0,0,0,0.0,0.0,0.0,low,0,0,0,nan,0.0,0.00980392156862745,1.3701892971095776e-09,0.0,0.01020408163265306
add_chord_p2,add_chord,2,4861,770028672,"3,80,162",272,80,2176,2,2,0,0,0,0,0,0.0,0.0,0.0,low,0,0,0,nan,0.0,0.00980392156862745,1.370189139264324e-09,0.0,0.01020408163265306
add_chord_p2,add_chord,2,4861,770028672,"3,80,162",273,81,2184,2,2,0,0,0,0,0,0.0,0.0,0.0,low,0,0,0,nan,0.0,0.00980392156862745,1.3731462122421219e-09,0.0,0.01020408163265306
add_chord_p2,add_chord,2,4861,770028672,"3,80,162",274,82,2192,2,2,0,0,0,0,0,0.0,0.0,0.0,low,0,0,0,nan,0.0,0.00980392156862745,1.3731462122421219e-09,0.0,0.01020408163265306
add_chord_p2,add_chord,2,4861,770028672,"3,80,162",275,83,2200,2,2,0,0,0,0,0,0.0,0.0,0.0,low,0,0,0,nan,0.0,0.00980392156862745,1.3731462122421219e-09,0.0,0.01020408163265306
add_chord_p2,add_chord,2,4861,770028672,"3,80,162",276,84,2208,2,2,0,0,0,0,0,0.0,0.0,0.0,low,0,0,0,nan,0.0,0.00980392156862745,1.3731462122421219e-09,0.0,0.01020408163265306
add_chord_p2,add_chord,2,4861,770028672,"3,80,162",277,85,2216,2,2,0,0,0,0,0,0.0,0.0,0.0,low,0,0,0,nan,0.0,0.00980392156862745,1.3731462122421219e-09,0.0,0.01020408163265306
add_chord_p2,add_chord,2,4861,770028672,"3,80,162",278,86,2224,2,2,0,0,0,0,0,0.0,0.0,0.0,low,0,0,0,nan,0.0,0.00980392156862745,1.3731462122421219e-09,0.0,0.01020408163265306
add_chord_p2,add_chord,2,4861,770028672,"3,80,162",279,87,2232,2,2,0,0,0,0,0,0.0,0.0,0.0,low,0,0,0,nan,0.0,0.00980392156862745,1.3731462122421219e-09,0.0,0.01020408163265306
add_chord_p2,add_chord,2,4861,770028672,"3,80,162",280,88,2240,2,2,0,0,0,0,0,0.0,0.0,0.0,low,0,0,0,nan,0.0,0.00980392156862745,1.3724816837251726e-09,0.0,0.01020408163265306
add_chord_p2,add_chord,2,4861,770028672,"3,80,162",281,89,2248,2,2,0,0,0,0,0,0.0,0.0,0.0,low,0,0,0,nan,0.0,0.00980392156862745,1.3724816837251726e-09,0.0,0.01020408163265306
add_chord_p2,add_chord,2,4861,770028672,"3,80,162",282,90,2256,2,2,0,0,0,0,0,0.0,0.0,0.0,low,0,0,0,nan,0.0,0.00980392156862745,1.3724816837251726e-09,0.0,0.01020408163265306
add_chord_p2,add_chord,2,4861,770028672,"3,80,162",283,91,2264,2,2,0,0,0,0,0,0.0,0.0,0.0,low,0,0,0,nan,0.0,0.00980392156862745,1.3724816837251726e-09,0.0,0.01020408163265306
add_chord_p2,add_chord,2,4861,770028672,"3,80,162",284,92,2272,2,2,0,0,0,0,0,0.0,0.0,0.0,low,0,0,0,nan,0.0,0.00980392156862745,1.3724816837251726e-09,0.0,0.01020408163265306
add_chord_p2,add_chord,2,4861,770028672,"3,80,162",285,93,2280,2,2,0,0,0,0,0,0.0,0.0,0.0,low,0,0,0,nan,0.0,0.00980392156862745,1.3724816837251726e-09,0.0,0.01020408163265306
add_chord_p2,add_chord,2,4861,770028672,"3,80,162",286,94,2288,2,2,0,0,0,0,0,0.0,0.0,0.0,low,0,0,0,nan,0.0,0.00980392156862745,1.3725514513271896e-09,0.0,0.01020408163265306
add_chord_p2,add_chord,2,4861,770028672,"3,80,162",287,95,2296,2,2,0,0,0,0,0,0.0,0.0,0.0,low,0,0,0,nan,0.0,0.00980392156862745,1.3725514513271896e-09,0.0,0.01020408163265306
add_chord_p2,add_chord,2,4861,770028672,"3,80,162",288,96,2304,2,2,0,0,0,0,0,0.0,0.0,0.0,low,0,0,0,nan,0.0,0.00980392156862745,1.3725514513271896e-09,0.0,0.01020408163265306
add_chord_p2,add_chord,2,4861,770028672,"3,80,162",289,97,2312,2,2,0,0,0,0,0,0.0,0.0,0.0,low,0,0,0,nan,0.0,0.00980392156862745,1.3725514513271896e-09,0.0,0.01020408163265306
add_chord_p2,add_chord,2,4861,770028672,"3,80,162",290,98,2320,2,2,0,0,0,0,0,0.0,0.0,0.0,low,0,0,0,nan,0.0,0.00980392156862745,1.3725514513271896e-09,0.0,0.01020408163265306
add_chord_p2,add_chord,2,4861,770028672,"3,80,162",291,99,2328,2,2,0,0,0,0,0,0.0,0.0,0.0,low,0,0,0,nan,0.0,0.00980392156862745,1.6453394604633786e-09,0.0,0.01020408163265306
add_chord_p2,add_chord,2,4861,770028672,"3,80,162",292,100,2336,2,2,0,0,0,0,0,0.0,0.0,0.0,low,0,0,0,nan,0.0,0.00980392156862745,1.6453394604633786e-09,0.0,0.01020408163265306
add_chord_p2,add_chord,2,4861,770028672,"3,80,162",293,101,2344,2,2,0,0,0,0,0,0.0,0.0,0.0,low,0,0,0,nan,0.0,0.00980392156862745,1.6453394604633786e-09,0.0,0.01020408163265306
add_chord_p2,add_chord,2,4861,770028672,"3,80,162",294,102,2352,2,2,0,0,0,0,0,0.0,0.0,0.0,low,0,0,0,nan,0.0,0.00980392156862745,1.645643786111996e-09,0.0,0.01020408163265306
add_chord_p2,add_chord,2,4861,770028672,"3,80,162",295,103,2360,2,2,0,0,0,0,0,0.0,0.0,0.0,low,0,0,0,nan,0.0,0.00980392156862745,1.645643786111996e-09,0.0,0.01020408163265306
add_chord_p2,add_chord,2,4861,770028672,"3,80,162",296,104,2368,2,2,0,0,0,0,0,0.0,0.0,0.0,low,0,0,0,nan,0.0,0.00980392156862745,1.645643786111996e-09,0.0,0.01020408163265306
add_chord_p2,add_chord,2,4861,770028672,"3,80,162",297,105,2376,2,2,0,0,0,0,0,0.0,0.0,0.0,low,0,0,0,nan,0.0,0.00980392156862745,1.645643786111996e-09,0.0,0.01020408163265306
add_chord_p2,add_chord,2,4861,770028672,"3,80,162",298,106,2384,2,2,0,0,0,0,0,0.0,0.0,0.0,low,0,0,0,nan,0.0,0.00980392156862745,1.645643786111996e-09,0.0,0.01020408163265306
add_chord_p2,add_chord,2,4861,770028672,"3,80,162",299,107,2392,2,2,0,0,0,0,0,0.0,0.0,0.0,low,0,0,0,nan,0.0,0.00980392156862745,1.645643786111996e-09,0.0,0.01020408163265306
add_chord_p2,add_chord,2,4861,770028672,"3,80,162",300,108,2400,2,2,0,0,0,0,0,0.0,0.0,0.0,low,0,0,0,nan,0.0,0.00980392156862745,1.645643786111996e-09,0.0,0.01020408163265306
add_chord_p2,add_chord,2,4861,770028672,"3,80,162",301,109,2408,2,2,0,0,0,0,0,0.0,0.0,0.0,low,0,0,0,nan,0.0,0.00980392156862745,2.0141570491921124e-09,0.0,0.01020408163265306
add_chord_p2,add_chord,2,4861,770028672,"3,80,162",302,110,2416,2,2,0,0,0,0,0,0.0,0.0,0.0,low,0,0,0,nan,0.0,0.00980392156862745,2.0141570491921124e-09,0.0,0.01020408163265306
add_chord_p2,add_chord,2,4861,770028672,"3,80,162",303,111,2424,2,2,0,0,0,0,0,0.0,0.0,0.0,low,0,0,0,nan,0.0,0.00980392156862745,2.0141570491921124e-09,0.0,0.01020408163265306
add_chord_p2,add_chord,2,4861,770028672,"3,80,162",304,112,2432,2,2,0,0,0,0,0,0.0,0.0,0.0,low,0,0,0,nan,0.0,0.00980392156862745,2.0141570491921124e-09,0.0,0.01020408163265306
add_chord_p2,add_chord,2,4861,770028672,"3,80,162",305,113,2440,2,2,0,0,0,0,0,0.0,0.0,0.0,low,0,0,0,nan,0.0,0.00980392156862745,2.0141570491921124e-09,0.0,0.01020408163265306
add_chord_p2,add_chord,2,4861,770028672,"3,80,162",306,114,2448,2,2,0,0,0,0,0,0.0,0.0,0.0,low,0,0,0,nan,0.0,0.00980392156862745,2.0141570491921124e-09,0.0,0.01020408163265306
add_chord_p2,add_chord,2,4861,770028672,"3,80,162",307,115,2456,2,2,0,0,0,0,0,0.0,0.0,0.0,low,0,0,0,nan,0.0,0.00980392156862745,2.0141570491921124e-09,0.0,0.01020408163265306
add_chord_p2,add_chord,2,4861,770028672,"3,80,162",308,116,2464,2,2,0,0,0,0,0,0.0,0.0,0.0,low,0,0,0,nan,0.0,0.00980392156862745,2.0141570491921124e-09,0.0,0.01020408163265306
add_chord_p2,add_chord,2,4861,770028672,"3,80,162",309,117,2472,2,2,0,0,0,0,0,0.0,0.0,0.0,low,0,0,0,nan,0.0,0.00980392156862745,2.0141570491921124e-09,0.0,0.01020408163265306
add_chord_p2,add_chord,2,4861,770028672,"3,80,162",310,118,2480,2,2,0,0,0,0,0,0.0,0.0,0.0,low,0,0,0,nan,0.0,0.00980392156862745,2.0141570491921124e-09,0.0,0.01020408163265306
add_chord_p2,add_chord,2,4861,770028672,"3,80,162",311,119,2488,2,2,0,0,0,0,0,0.0,0.0,0.0,low,0,0,0,nan,0.0,0.00980392156862745,2.0141570491921124e-09,0.0,0.01020408163265306
add_chord_p2,add_chord,2,4861,770028672,"3,80,162",312,120,2496,2,2,0,0,0,0,0,0.0,0.0,0.0,low,0,0,0,nan,0.0,0.00980392156862745,2.0141570491921124e-09,0.0,0.01020408163265306
add_chord_p2,add_chord,2,4861,770028672,"3,80,162",313,121,2504,2,2,0,0,0,0,0,0.0,0.0,0.0,low,0,0,0,nan,0.0,0.00980392156862745,2.0141570491921124e-09,0.0,0.01020408163265306
add_chord_p2,add_chord,2,4861,770028672,"3,80,162",314,122,2512,2,2,0,0,0,0,0,0.0,0.0,0.0,low,0,0,0,nan,0.0,0.00980392156862745,2.0141570491921124e-09,0.0,0.01020408163265306
add_chord_p2,add_chord,2,4861,770028672,"3,80,162",315,123,2520,2,2,0,0,0,0,0,0.0,0.0,0.0,low,0,0,0,nan,0.0,0.00980392156862745,2.0141570491921124e-09,0.0,0.01020408163265306
add_chord_p2,add_chord,2,4861,770028672,"3,80,162",316,124,2528,2,2,0,0,0,0,0,0.0,0.0,0.0,low,0,0,0,nan,0.0,0.00980392156862745,2.0141570491921124e-09,0.0,0.01020408163265306
add_chord_p2,add_chord,2,4861,770028672,"3,80,162",317,125,2536,2,2,0,0,0,0,0,0.0,0.0,0.0,low,0,0,0,nan,0.0,0.00980392156862745,2.0141570491921124e-09,0.0,0.01020408163265306
add_chord_p2,add_chord,2,4861,770028672,"3,80,162",318,126,2544,2,2,0,0,0,0,0,0.0,0.0,0.0,low,0,0,0,nan,0.0,0.00980392156862745,2.0141570491921124e-09,0.0,0.01020408163265306
add_chord_p2,add_chord,2,4861,770028672,"3,80,162",319,127,2552,2,2,0,0,0,0,0,0.0,0.0,0.0,low,0,0,0,nan,0.0,0.00980392156862745,2.0141570491921124e-09,0.0,0.01020408163265306
add_chord_p2,add_chord,2,4861,770028672,"3,80,162",320,128,2560,2,2,0,0,0,0,0,0.0,0.0,0.0,low,0,0,0,nan,0.0,0.00980392156862745,2.0141570491921124e-09,0.0,0.01020408163265306
local_swap_p0,local_swap,0,4703,770026580,"72,139,147",192,0,1536,111,3,2,9,14,23,83,0.2072072072072072,0.7477477477477478,5.126126126126126,mid,5,3,90,3.9130434782608696,0.0,0.0,0.016491180786674116,0.0021712911591636954,0.01020408163265306
local_swap_p0,local_swap,0,4703,770026580,"72,139,147",193,1,1544,112,3,2,9,15,24,83,0.21428571428571427,0.7410714285714286,5.205357142857143,mid,5,3,91,3.7916666666666665,0.0,0.0,0.016491180786674116,0.0021712911591636954,0.01020408163265306
local_swap_p0,local_swap,0,4703,770026580,"72,139,147",194,2,1552,117,3,2,8,17,25,87,0.21367521367521367,0.7435897435897436,5.196581196581197,mid,5,7,94,3.76,0.0,0.0,0.016491180786674116,0.0021712911591636954,0.01020408163265306
local_swap_p0,local_swap,0,4703,770026580,"72,139,147",195,3,1560,116,3,2,8,17,25,86,0.21551724137931033,0.7413793103448276,5.120689655172414,mid,5,7,94,3.76,0.0,0.0,0.016491180786674116,0.0021712911591636954,0.01020408163265306
local_swap_p0,local_swap,0,4703,770026580,"72,139,147",196,4,1568,115,3,2,8,17,25,85,0.21739130434782608,0.7391304347826086,5.130434782608695,mid,5,7,94,3.76,0.0,0.0,0.01649546839857888,0.0021712911591636954,0.01020408163265306
local_swap_p0,local_swap,0,4703,770026580,"72,139,147",197,5,1576,118,3,2,8,17,25,88,0.211864406779661,0.7457627118644068,5.186440677966102,mid,5,7,94,3.76,0.0,0.0,0.01649546839857888,0.0021712911591636954,0.01020408163265306
local_swap_p0,local_swap,0,4703,770026580,"72,139,147",198,6,1584,118,3,2,7,19,26,87,0.22033898305084745,0.7372881355932204,5.177966101694915,mid,5,7,94,3.6153846153846154,0.0,0.0,0.01649546839857888,0.0021712911591636954,0.01020408163265306
local_swap_p0,local_swap,0,4703,770026580,"72,139,147",199,7,1592,119,3,2,7,19,26,88,0.2184873949579832,0.7394957983193278,5.184873949579832,mid,5,7,94,3.6153846153846154,0.0,0.0,0.01649546839857888,0.0021712911591636954,0.01020408163265306
local_swap_p0,local_swap,0,4703,770026580,"72,139,147",200,8,1600,122,3,2,8,20,28,89,0.22950819672131148,0.7295081967213115,5.122950819672131,mid,5,7,94,3.357142857142857,0.0,0.0,0.019219780109288126,0.0021712911591636954,0.02040816326530612
local_swap_p0,local_swap,0,4703,770026580,"72,139,147",201,9,1608,121,3,1,8,19,27,90,0.2231404958677686,0.743801652892562,5.148760330578512,mid,5,7,95,3.5185185185185186,0.0,0.0,0.019219780109288126,0.0021712911591636954,0.02040816326530612
local_swap_p0,local_swap,0,4703,770026580,"72,139,147",202,10,1616,119,3,1,8,20,28,87,0.23529411764705882,0.7310924369747899,5.1344537815126055,mid,6,7,95,3.392857142857143,0.0,0.0,0.019219780109288126,0.0021712911591636954,0.02040816326530612
local_swap_p0,local_swap,0,4703,770026580,"72,139,147",203,11,1624,117,3,1,8,19,27,86,0.23076923076923078,0.7350427350427351,4.931623931623932,low,5,7,95,3.5185185185185186,0.0,0.0,0.019219780109288126,0.0021712911591636954,0.02040816326530612
local_swap_p0,local_swap,0,4703,770026580,"72,139,147",204,12,1632,119,3,1,8,19,27,88,0.226890756302521,0.7394957983193278,5.0588235294117645,mid,5,7,95,3.5185185185185186,0.0,0.0,0.019219779954421888,0.0021712911591636954,0.02040816326530612
local_swap_p0,local_swap,0,4703,770026580,"72,139,147",205,13,1640,122,3,1,8,20,28,90,0.22950819672131148,0.7377049180327869,5.049180327868853,mid,6,7,95,3.392857142857143,0.0,0.0,0.019088275351918184,0.0010939970288939636,0.02040816326530612
local_swap_p0,local_swap,0,4703,770026580,"72,139,147",206,14,1648,121,3,1,8,20,28,89,0.23140495867768596,0.7355371900826446,4.966942148760331,low,7,7,94,3.357142857142857,0.0,0.0,0.018978102236858297,0.0010939970288939636,0.0
local_swap_p0,local_swap,0,4703,770026580,"72,139,147",207,15,1656,122,3,1,7,20,27,91,0.22131147540983606,0.7459016393442623,4.967213114754099,low,7,7,95,3.5185185185185186,0.0,0.0,0.018978102236858297,0.0010939970288939636,0.0
local_swap_p0,local_swap,0,4703,770026580,"72,139,147",208,16,1664,122,3,1,7,21,28,90,0.22950819672131148,0.7377049180327869,5.065573770491803,mid,7,8,99,3.5357142857142856,0.0,0.0,0.018978102236858297,0.0010939970288939636,0.0
local_swap_p0,local_swap,0,4703,770026580,"72,139,147",209,17,1672,123,3,1,7,21,28,91,0.22764227642276422,0.7398373983739838,4.975609756097561,low,7,8,99,3.5357142857142856,0.0,0.0,0.018978102236858297,0.0010939970288939636,0.0
local_swap_p0,local_swap,0,4703,770026580,"72,139,147",210,18,1680,121,3,1,7,21,28,89,0.23140495867768596,0.7355371900826446,4.983471074380165,low,7,8,99,3.5357142857142856,0.0,0.0,0.018978102236858297,0.0010939970288939636,0.0
local_swap_p0,local_swap,0,4703,770026580,"72,139,147",211,19,1688,123,3,1,8,17,25,94,0.2032520325203252,0.7642276422764228,5.2682926829268295,mid,7,6,94,3.76,0.0,0.0,0.01617832224992456,0.0010939970288939636,0.01020408163265306
local_swap_p0,local_swap,0,4703,770026580,"72,139,147",212,20,1696,124,3,1,8,16,24,96,0.1935483870967742,0.7741935483870968,5.209677419354839,mid,7,6,93,3.875,0.0,0.0,0.01617832224992456,0.0010939970288939636,0.01020408163265306
local_swap_p0,local_swap,0,4703,770026580,"72,139,147",213,21,1704,125,3,1,8,17,25,96,0.2,0.768,5.264,mid,7,6,92,3.68,0.0,0.0,0.01617832224992456,0.0010939970288939636,0.01020408163265306
local_swap_p0,local_swap,0,4703,770026580,"72,139,147",214,22,1712,124,3,1,8,18,26,94,0.20967741935483872,0.7580645161290323,5.25,mid,7,6,93,3.576923076923077,0.0,0.0,0.016178340767977854,0.0010939970288939636,0.01020408163265306
local_swap_p0,local_swap,0,4703,770026580,"72,139,147",215,23,1720,127,3,1,8,18,26,97,0.2047244094488189,0.7637795275590551,5.307086614173229,mid,7,6,93,3.576923076923077,0.0,0.0,0.016178340767977854,0.0010939970288939636,0.01020408163265306
local_swap_p0,local_swap,0,4703,770026580,"72,139,147",216,24,1728,126,3,1,8,17,25,97,0.1984126984126984,0.7698412698412699,5.301587301587301,mid,7,5,89,3.56,0.0,0.0,0.016178340767977854,0.0010939970288939636,0.01020408163265306
local_swap_p0,local_swap,0,4703,770026580,"72,139,147",217,25,1736,128,3,1,8,17,25,99,0.1953125,0.7734375,5.3046875,mid,7,5,89,3.56,0.0,0.0,0.016178340767977854,0.0010939970288939636,0.01020408163265306
local_swap_p0,local_swap,0,4703,770026580,"72,139,147",218,26,1744,126,3,1,9,17,26,96,0.20634920634920634,0.7619047619047619,5.166666666666667,mid,7,3,96,3.6923076923076925,0.0,0.0,0.016178340767977854,0.0010939970288939636,0.01020408163265306
local_swap_p0,local_swap,0,4703,770026580,"72,139,147",219,27,1752,123,3,1,9,16,25,94,0.2032520325203252,0.7642276422764228,5.016260162601626,mid,7,3,97,3.88,0.0,0.0,0.016178340767977854,0.0010939970288939636,0.01020408163265306
local_swap_p0,local_swap,0,4703,770026580,"72,139,147",220,28,1760,120,3,1,9,16,25,91,0.20833333333333334,0.7583333333333333,5.025,mid,7,3,97,3.88,0.0,0.0,0.016178340767977854,0.0010939970288939636,0.01020408163265306
local_swap_p0,local_swap,0,4703,770026580,"72,139,147",221,29,1768,120,3,2,9,15,24,91,0.2,0.7583333333333333,5.016666666666667,mid,6,3,98,4.083333333333333,0.0,0.0,0.016178340767977854,0.0010939970288939636,0.01020408163265306
local_swap_p0,local_swap,0,4703,770026580,"72,139,147",222,30,1776,121,3,2,9,15,24,92,0.19834710743801653,0.7603305785123967,5.008264462809917,mid,6,3,98,4.083333333333333,0.0,0.0,0.016178340767977854,0.0010939970288939636,0.01020408163265306
local_swap_p0,local_swap,0,4703,770026580,"72,139,147",223,31,1784,121,3,2,9,15,24,92,0.19834710743801653,0.7603305785123967,5.008264462809917,mid,6,3,98,4.083333333333333,0.0,0.0,0.016178340767977854,0.0010939970288939636,0.01020408163265306
local_swap_p0,local_swap,0,4703,770026580,"72,139,147",224,32,1792,122,3,3,8,16,24,92,0.19672131147540983,0.7540983606557377,4.991803278688525,low,6,3,97,4.041666666666667,0.0,0.0,0.01511760325299269,0.0010939970288939636,0.02040816326530612
local_swap_p0,local_swap,0,4703,770026580,"72,139,147",225,33,1800,125,3,3,9,16,25,94,0.2,0.752,5.024,mid,6,3,100,4.0,0.0,0.0,0.01511760412806152,0.0010939970288939636,0.04081632653061224
local_swap_p0,local_swap,0,4703,770026580,"72,139,147",226,34,1808,128,3,3,9,16,25,97,0.1953125,0.7578125,4.9921875,low,6,3,100,4.0,0.0,0.0,0.01511760412806152,0.0010939970288939636,0.04081632653061224
local_swap_p0,local_swap,0,4703,770026580,"72,139,147",227,35,1816,129,3,3,9,17,26,97,0.20155038759689922,0.751937984496124,4.922480620155039,low,6,3,99,3.8076923076923075,0.0,0.0,0.01511760412806152,0.0010939970288939636,0.04081632653061224
local_swap_p0,local_swap,0,4703,770026580,"72,139,147",228,36,1824,129,3,3,9,17,26,97,0.20155038759689922,0.751937984496124,4.9147286821705425,low,6,3,99,3.8076923076923075,0.0,0.0,0.024740342073575644,0.0010939970288939636,0.030612244897959183
local_swap_p0,local_swap,0,4703,770026580,"72,139,147",229,37,1832,130,3,3,9,17,26,98,0.2,0.7538461538461538,4.969230769230769,low,6,3,99,3.8076923076923075,0.0,0.0,0.024740342073575644,0.0010939970288939636,0.030612244897959183
local_swap_p0,local_swap,0,4703,770026580,"72,139,147",230,38,1840,130,3,3,9,17,26,98,0.2,0.7538461538461538,4.969230769230769,low,6,3,99,3.8076923076923075,0.0,0.0,0.024740342073575644,0.0010939970288939636,0.030612244897959183
local_swap_p0,local_swap,0,4703,770026580,"72,139,147",231,39,1848,133,3,3,9,17,26,101,0.19548872180451127,0.7593984962406015,4.969924812030075,low,6,3,99,3.8076923076923075,0.0,0.0,0.024740342073575644,0.0010939970288939636,0.030612244897959183
local_swap_p0,local_swap,0,4703,770026580,"72,139,147",232,40,1856,132,3,3,9,17,26,100,0.19696969696969696,0.7575757575757576,4.96969696969697,low,6,3,99,3.8076923076923075,0.0,0.0,0.024740342073575644,0.0010939970288939636,0.030612244897959183
local_swap_p0,local_swap,0,4703,770026580,"72,139,147",233,41,1864,135,3,3,9,17,26,103,0.1925925925925926,0.762962962962963,5.051851851851852,mid,6,3,99,3.8076923076923075,0.0,0.0,0.024739738682291377,0.0010939970288939636,0.04081632653061224
local_swap_p0,local_swap,0,4703,770026580,"72,139,147",234,42,1872,136,3,3,8,19,27,103,0.19852941176470587,0.7573529411764706,5.044117647058823,mid,6,6,94,3.4814814814814814,0.0,0.0,0.024739738682291377,0.0010939970288939636,0.04081632653061224
local_swap_p0,local_swap,0,4703,770026580,"72,139,147",235,43,1880,136,3,3,7,20,27,103,0.19852941176470587,0.7573529411764706,5.0588235294117645,mid,6,6,93,3.4444444444444446,0.0,0.0,0.024739738682291377,0.0010939970288939636,0.04081632653061224
local_swap_p0,local_swap,0,4703,770026580,"72,139,147",236,44,1888,136,3,3,7,19,26,104,0.19117647058823528,0.7647058823529411,5.073529411764706,mid,5,6,93,3.576923076923077,0.0,0.0,0.024739738682291377,0.0010939970288939636,0.04081632653061224
local_swap_p0,local_swap,0,4703,770026580,"72,139,147",237,45,1896,134,3,3,8,18,26,102,0.19402985074626866,0.7611940298507462,4.947761194029851,low,5,3,99,3.8076923076923075,0.0,0.0,0.024739738682291377,0.0010939970288939636,0.04081632653061224
local_swap_p0,local_swap,0,4703,770026580,"72,139,147",238,46,1904,130,3,3,9,17,26,98,0.2,0.7538461538461538,5.038461538461538,mid,5,4,113,4.346153846153846,0.0,0.0,0.024739738682291377,0.0010939970288939636,0.04081632653061224
local_swap_p0,local_swap,0,4703,770026580,"72,139,147",239,47,1912,132,3,2,9,18,27,100,0.20454545454545456,0.7575757575757576,5.106060606060606,mid,6,4,112,4.148148148148148,0.0,0.0,0.024739738682291377,0.0010939970288939636,0.04081632653061224
local_swap_p0,local_swap,0,4703,770026580,"72,139,147",240,48,1920,132,3,2,9,17,26,101,0.19696969696969696,0.7651515151515151,5.121212121212121,mid,7,4,109,4.1923076923076925,0.0,0.0,0.024739738682291377,0.0010939970288939636,0.04081632653061224
local_swap_p0,local_swap,0,4703,770026580,"72,139,147",241,49,1928,129,3,2,9,16,25,99,0.1937984496124031,0.7674418604651163,5.131782945736434,mid,6,4,110,4.4,0.0,0.0,0.024739738682291377,0.0010939970288939636,0.04081632653061224
local_swap_p0,local_swap,0,4703,770026580,"72,139,147",242,50,1936,130,3,2,9,20,29,96,0.2230769230769231,0.7384615384615385,5.030769230769231,mid,7,4,108,3.7241379310344827,0.0,0.0,0.024739738682291377,0.0010939970288939636,0.04081632653061224
local_swap_p0,local_swap,0,4703,770026580,"72,139,147",243,51,1944,129,3,2,9,20,29,95,0.2248062015503876,0.7364341085271318,5.038759689922481,mid,7,4,108,3.7241379310344827,0.0,0.0,0.023706643349404626,0.0010939970288939636,0.04081632653061224
local_swap_p0,local_swap,0,4703,770026580,"72,139,147",244,52,1952,130,3,2,9,20,29,96,0.2230769230769231,0.7384615384615385,5.015384615384615,mid,7,4,108,3.7241379310344827,0.0,0.0,0.023706643349404626,0.0010939970288939636,0.04081632653061224
local_swap_p0,local_swap,0,4703,770026580,"72,139,147",245,53,1960,131,3,2,9,20,29,97,0.22137404580152673,0.7404580152671756,5.022900763358779,mid,7,4,108,3.7241379310344827,0.0,0.0,0.023706643349404626,0.0010939970288939636,0.04081632653061224
local_swap_p0,local_swap,0,4703,770026580,"72,139,147",246,54,1968,131,3,2,9,21,30,96,0.22900763358778625,0.732824427480916,5.015267175572519,mid,8,4,109,3.6333333333333333,0.0,0.0,0.023706643349404626,0.0010939970288939636,0.04081632653061224
local_swap_p0,local_swap,0,4703,770026580,"72,139,147",247,55,1976,132,3,2,9,20,29,98,0.2196969696969697,0.7424242424242424,5.045454545454546,mid,8,4,110,3.793103448275862,0.0,0.0,0.023706643349404626,0.0010939970288939636,0.04081632653061224
local_swap_p0,local_swap,0,4703,770026580,"72,139,147",248,56,1984,134,3,2,9,20,29,100,0.21641791044776118,0.746268656716418,4.947761194029851,low,8,4,110,3.793103448275862,0.0,0.0,0.023706643349404626,0.0010939970288939636,0.04081632653061224
local_swap_p0,local_swap,0,4703,770026580,"72,139,147",249,57,1992,135,3,3,8,19,27,102,0.2,0.7555555555555555,5.044444444444444,mid,7,4,96,3.5555555555555554,0.0,0.0,0.02410294720109578,0.0010939970288939636,0.030612244897959183
local_swap_p0,local_swap,0,4703,770026580,"72,139,147",250,58,2000,131,3,3,8,18,26,99,0.1984732824427481,0.7557251908396947,5.0,mid,6,4,95,3.6538461538461537,0.0,0.0,0.02410294720109578,0.0010939970288939636,0.030612244897959183
local_swap_p0,local_swap,0,4703,770026580,"72,139,147",251,59,2008,130,3,3,8,18,26,98,0.2,0.7538461538461538,4.992307692307692,low,6,4,95,3.6538461538461537,0.0,0.0,0.02410294720109578,0.0010939970288939636,0.030612244897959183
local_swap_p0,local_swap,0,4703,770026580,"72,139,147",252,60,2016,128,3,3,8,18,26,96,0.203125,0.75,5.015625,mid,7,4,97,3.730769230769231,0.0,0.0,0.02410294720109578,0.0010939970288939636,0.030612244897959183
local_swap_p0,local_swap,0,4703,770026580,"72,139,147",253,61,2024,127,3,3,8,18,26,95,0.2047244094488189,0.7480314960629921,5.031496062992126,mid,7,4,97,3.730769230769231,0.0,0.0,0.02410294720109578,0.0010939970288939636,0.030612244897959183
local_swap_p0,local_swap,0,4703,770026580,"72,139,147",254,62,2032,129,3,3,8,17,25,98,0.1937984496124031,0.7596899224806202,5.054263565891473,mid,6,4,96,3.84,0.0,0.0,0.02410294720109578,0.0010939970288939636,0.030612244897959183
local_swap_p0,local_swap,0,4703,770026580,"72,139,147",255,63,2040,133,3,3,8,20,28,99,0.21052631578947367,0.7443609022556391,5.007518796992481,mid,6,4,99,3.5357142857142856,0.0,0.0,0.02410294720109578,0.0010939970288939636,0.030612244897959183
local_swap_p0,local_swap,0,4703,770026580,"72,139,147",256,64,2048,132,3,3,8,19,27,99,0.20454545454545456,0.75,5.083333333333333,mid,6,4,96,3.5555555555555554,0.0,0.0,0.02410294720109578,0.0010939970288939636,0.030612244897959183
local_swap_p0,local_swap,0,4703,770026580,"72,139,147",257,65,2056,130,3,3,8,19,27,97,0.2076923076923077,0.7461538461538462,5.076923076923077,mid,6,4,96,3.5555555555555554,0.0,0.0,0.02410294720109578,0.0010939970288939636,0.030612244897959183
local_swap_p0,local_swap,0,4703,770026580,"72,139,147",258,66,2064,133,3,3,9,19,28,99,0.21052631578947367,0.7443609022556391,5.097744360902255,mid,6,5,97,3.4642857142857144,0.0,0.0,0.02410294720109578,0.0010939970288939636,0.030612244897959183
local_swap_p0,local_swap,0,4703,770026580,"72,139,147",259,67,2072,132,3,3,8,20,28,98,0.21212121212121213,0.7424242424242424,5.090909090909091,mid,6,4,95,3.392857142857143,0.0,0.0,0.02410294720109578,0.0010939970288939636,0.030612244897959183
local_swap_p0,local_swap,0,4703,770026580,"72,139,147",260,68,2080,132,3,3,8,21,29,97,0.2196969696969697,0.7348484848484849,5.0227272727272725,mid,6,4,94,3.2413793103448274,0.0,0.0,0.02482915036174046,0.0010939970288939636,0.030612244897959183
local_swap_p0,local_swap,0,4703,770026580,"72,139,147",261,69,2088,134,3,3,8,21,29,99,0.21641791044776118,0.7388059701492538,5.022388059701493,mid,6,4,94,3.2413793103448274,0.0,0.0,0.024908569214264924,0.0010939970288939636,0.030612244897959183
local_swap_p0,local_swap,0,4703,770026580,"72,139,147",262,70,2096,135,3,3,9,21,30,99,0.2222222222222222,0.7333333333333333,4.977777777777778,low,6,4,94,3.1333333333333333,0.0,0.0,0.024908569214264924,0.0010939970288939636,0.030612244897959183
local_swap_p0,local_swap,0,4703,770026580,"72,139,147",263,71,2104,135,3,3,9,22,31,98,0.22962962962962963,0.725925925925926,4.911111111111111,low,8,4,92,2.967741935483871,0.0,0.0,0.024908569214264924,0.0010939970288939636,0.030612244897959183
local_swap_p0,local_swap,0,4703,770026580,"72,139,147",264,72,2112,139,3,3,8,24,32,101,0.2302158273381295,0.7266187050359713,4.920863309352518,low,9,7,87,2.71875,0.0,0.0,0.02450248905542383,0.0010939970288939636,0.04081632653061224
local_swap_p0,local_swap,0,4703,770026580,"72,139,147",265,73,2120,138,3,3,8,24,32,100,0.2318840579710145,0.7246376811594203,4.905797101449275,low,9,7,87,2.71875,0.0,0.0,0.02450248905542383,0.0010939970288939636,0.04081632653061224
local_swap_p0,local_swap,0,4703,770026580,"72,139,147",266,74,2128,140,3,3,8,22,30,104,0.21428571428571427,0.7428571428571429,4.9071428571428575,low,9,5,95,3.1666666666666665,0.0,0.0,0.02450248905542383,0.0010939970288939636,0.04081632653061224
local_swap_p0,local_swap,0,4703,770026580,"72,139,147",267,75,2136,139,3,3,8,22,30,103,0.2158273381294964,0.7410071942446043,4.956834532374101,low,9,5,95,3.1666666666666665,0.0,0.0,0.02450248905542383,0.0010939970288939636,0.04081632653061224
local_swap_p0,local_swap,0,4703,770026580,"72,139,147",268,76,2144,137,3,3,8,22,30,101,0.21897810218978103,0.7372262773722628,4.934306569343065,low,9,5,95,3.1666666666666665,0.0,0.0,0.02450248905542367,0.0010939970288939636,0.04081632653061224
local_swap_p0,local_swap,0,4703,770026580,"72,139,147",269,77,2152,138,3,3,8,21,29,103,0.21014492753623187,0.7463768115942029,4.942028985507246,low,7,5,97,3.3448275862068964,0.0,0.0,0.024487311633954376,0.0010939970288939636,0.04081632653061224
local_swap_p0,local_swap,0,4703,770026580,"72,139,147",270,78,2160,139,3,3,8,21,29,104,0.20863309352517986,0.7482014388489209,5.0071942446043165,mid,7,5,97,3.3448275862068964,0.0,0.0,0.024487311633954376,0.0010939970288939636,0.04081632653061224
local_swap_p0,local_swap,0,4703,770026580,"72,139,147",271,79,2168,140,3,3,8,21,29,105,0.20714285714285716,0.75,5.014285714285714,mid,7,5,97,3.3448275862068964,0.0,0.0,0.024487311633954376,0.0010939970288939636,0.04081632653061224
local_swap_p0,local_swap,0,4703,770026580,"72,139,147",272,80,2176,140,3,3,8,21,29,105,0.20714285714285716,0.75,5.007142857142857,mid,7,5,97,3.3448275862068964,0.0,0.0,0.024487311633954376,0.0010939970288939636,0.04081632653061224
local_swap_p0,local_swap,0,4703,770026580,"72,139,147",273,81,2184,141,3,3,8,21,29,106,0.20567375886524822,0.75177304964539,5.049645390070922,mid,7,5,97,3.3448275862068964,0.0,0.0,0.024487311633954376,0.0010939970288939636,0.04081632653061224
local_swap_p0,local_swap,0,4703,770026580,"72,139,147",274,82,2192,145,3,3,9,21,30,109,0.20689655172413793,0.7517241379310344,5.0344827586206895,mid,7,6,99,3.3,0.0,0.0,0.024487311633954376,0.0010939970288939636,0.04081632653061224
local_swap_p0,local_swap,0,4703,770026580,"72,139,147",275,83,2200,148,3,3,9,21,30,112,0.20270270270270271,0.7567567567567568,5.101351351351352,mid,7,6,99,3.3,0.0,0.0,0.024487311633954376,0.0010939970288939636,0.04081632653061224
local_swap_p0,local_swap,0,4703,770026580,"72,139,147",276,84,2208,148,3,3,9,21,30,112,0.20270270270270271,0.7567567567567568,5.101351351351352,mid,7,6,99,3.3,0.0,0.0,0.024487311633954376,0.0010939970288939636,0.04081632653061224
local_swap_p0,local_swap,0,4703,770026580,"72,139,147",277,85,2216,151,3,3,9,22,31,114,0.2052980132450331,0.7549668874172185,5.105960264900662,mid,7,6,102,3.2903225806451615,0.0,0.0,0.024487311633954376,0.0010939970288939636,0.04081632653061224
local_swap_p0,local_swap,0,4703,770026580,"72,139,147",278,86,2224,151,3,3,9,22,31,114,0.2052980132450331,0.7549668874172185,5.086092715231788,mid,7,6,102,3.2903225806451615,0.0,0.0,0.027938059901982094,0.0010939970288939636,0.05102040816326531
local_swap_p0,local_swap,0,4703,770026580,"72,139,147",279,87,2232,147,3,3,10,22,32,109,0.21768707482993196,0.7414965986394558,5.081632653061225,mid,7,4,109,3.40625,0.0,0.0,0.027938059901982094,0.0010939970288939636,0.05102040816326531
local_swap_p0,local_swap,0,4703,770026580,"72,139,147",280,88,2240,147,3,3,10,22,32,109,0.21768707482993196,0.7414965986394558,5.074829931972789,mid,6,4,109,3.40625,0.0,0.0,0.027938059901982094,0.0010939970288939636,0.05102040816326531
local_swap_p0,local_swap,0,4703,770026580,"72,139,147",281,89,2248,147,3,3,10,22,32,109,0.21768707482993196,0.7414965986394558,5.074829931972789,mid,6,4,109,3.40625,0.0,0.0,0.027938043697540077,0.0010939970288939636,0.05102040816326531
local_swap_p0,local_swap,0,4703,770026580,"72,139,147",282,90,2256,150,3,3,10,22,32,112,0.21333333333333335,0.7466666666666667,5.086666666666667,mid,6,4,109,3.40625,0.0,0.0,0.027938043697540077,0.0010939970288939636,0.05102040816326531
local_swap_p0,local_swap,0,4703,770026580,"72,139,147",283,91,2264,153,3,3,10,22,32,115,0.20915032679738563,0.7516339869281046,5.084967320261438,mid,6,4,109,3.40625,0.0,0.0,0.027938043697540077,0.0010939970288939636,0.05102040816326531
local_swap_p0,local_swap,0,4703,770026580,"72,139,147",284,92,2272,156,3,3,10,22,32,118,0.20512820512820512,0.7564102564102564,5.141025641025641,mid,6,4,109,3.40625,0.0,0.0,0.027938043697540077,0.0010939970288939636,0.05102040816326531
local_swap_p0,local_swap,0,4703,770026580,"72,139,147",285,93,2280,161,3,3,10,23,33,122,0.20496894409937888,0.7577639751552795,5.118012422360248,mid,6,4,108,3.272727272727273,0.0,0.0,0.027938043697540077,0.0010939970288939636,0.05102040816326531
local_swap_p0,local_swap,0,4703,770026580,"72,139,147",286,94,2288,162,3,3,10,24,34,122,0.20987654320987653,0.7530864197530864,5.067901234567901,mid,6,4,110,3.235294117647059,0.0,0.0,0.027938043697540077,0.0010939970288939636,0.05102040816326531
local_swap_p0,local_swap,0,4703,770026580,"72,139,147",287,95,2296,163,3,3,10,24,34,123,0.2085889570552147,0.754601226993865,5.079754601226994,mid,6,4,110,3.235294117647059,0.0,0.0,0.027938043697540077,0.0010939970288939636,0.05102040816326531
local_swap_p0,local_swap,0,4703,770026580,"72,139,147",288,96,2304,165,3,3,10,24,34,125,0.20606060606060606,0.7575757575757576,5.1030303030303035,mid,6,4,110,3.235294117647059,0.0,0.0,0.02844707136827435,0.0010939970288939636,0.030612244897959183
local_swap_p0,local_swap,0,4703,770026580,"72,139,147",289,97,2312,167,3,3,10,23,33,128,0.19760479041916168,0.7664670658682635,5.1017964071856285,mid,6,4,110,3.3333333333333335,0.0,0.0,0.02844707136827451,0.0010939970288939636,0.030612244897959183
local_swap_p0,local_swap,0,4703,770026580,"72,139,147",290,98,2320,169,3,3,10,23,33,130,0.1952662721893491,0.7692307692307693,5.094674556213017,mid,6,4,110,3.3333333333333335,0.0,0.0,0.02844707136827451,0.0010939970288939636,0.030612244897959183
local_swap_p0,local_swap,0,4703,770026580,"72,139,147",291,99,2328,169,3,3,10,23,33,130,0.1952662721893491,0.7692307692307693,5.088757396449704,mid,6,4,110,3.3333333333333335,0.0,0.0,0.02844707136827451,0.0010939970288939636,0.030612244897959183
local_swap_p0,local_swap,0,4703,770026580,"72,139,147",292,100,2336,172,3,4,10,23,33,132,0.19186046511627908,0.7674418604651163,5.1686046511627906,mid,6,4,110,3.3333333333333335,0.0,0.0,0.02844707136827451,0.0010939970288939636,0.030612244897959183
local_swap_p0,local_swap,0,4703,770026580,"72,139,147",293,101,2344,171,3,4,10,23,33,131,0.19298245614035087,0.7660818713450293,5.111111111111111,mid,6,4,110,3.3333333333333335,0.0,0.0,0.02835986973687665,0.0010939970288939636,0.02040816326530612
local_swap_p0,local_swap,0,4703,770026580,"72,139,147",294,102,2352,172,3,4,10,22,32,133,0.18604651162790697,0.7732558139534884,5.203488372093023,mid,6,4,110,3.4375,0.0,0.0,0.02835986973687665,0.0010939970288939636,0.02040816326530612
local_swap_p0,local_swap,0,4703,770026580,"72,139,147",295,103,2360,169,3,4,10,22,32,130,0.1893491124260355,0.7692307692307693,5.207100591715976,mid,6,4,110,3.4375,0.0,0.0,0.02835986973687665,0.0010939970288939636,0.02040816326530612
local_swap_p0,local_swap,0,4703,770026580,"72,139,147",296,104,2368,168,3,4,10,22,32,129,0.19047619047619047,0.7678571428571429,5.190476190476191,mid,6,4,110,3.4375,0.0,0.0,0.02835986973687665,0.0010939970288939636,0.02040816326530612
local_swap_p0,local_swap,0,4703,770026580,"72,139,147",297,105,2376,168,3,4,10,23,33,128,0.19642857142857142,0.7619047619047619,5.232142857142857,mid,6,4,113,3.4242424242424243,0.0,0.0,0.02835986973687665,0.0010939970288939636,0.02040816326530612
local_swap_p0,local_swap,0,4703,770026580,"72,139,147",298,106,2384,169,3,4,10,23,33,129,0.1952662721893491,0.7633136094674556,5.201183431952662,mid,6,4,113,3.4242424242424243,0.0,0.0,0.028362070084744815,0.0010939970288939636,0.02040816326530612
local_swap_p0,local_swap,0,4703,770026580,"72,139,147",299,107,2392,168,3,4,10,22,32,129,0.19047619047619047,0.7678571428571429,5.226190476190476,mid,5,4,113,3.53125,0.0,0.0,0.028362070084744815,0.0010939970288939636,0.02040816326530612
local_swap_p0,local_swap,0,4703,770026580,"72,139,147",300,108,2400,170,3,4,10,22,32,131,0.18823529411764706,0.7705882352941177,5.288235294117647,mid,5,4,113,3.53125,0.0,0.0,0.028362070084744815,0.0010939970288939636,0.02040816326530612
local_swap_p0,local_swap,0,4703,770026580,"72,139,147",301,109,2408,168,3,4,10,22,32,129,0.19047619047619047,0.7678571428571429,5.285714285714286,mid,5,4,113,3.53125,0.0,0.0,0.028362070084744815,0.0010939970288939636,0.02040816326530612
local_swap_p0,local_swap,0,4703,770026580,"72,139,147",302,110,2416,168,3,4,10,22,32,129,0.19047619047619047,0.7678571428571429,5.285714285714286,mid,5,4,113,3.53125,0.0,0.0,0.028362070084744815,0.0010939970288939636,0.02040816326530612
local_swap_p0,local_swap,0,4703,770026580,"72,139,147",303,111,2424,169,3,4,10,23,33,129,0.1952662721893491,0.7633136094674556,5.3076923076923075,mid,5,4,114,3.4545454545454546,0.0,0.0,0.028362070084744815,0.0010939970288939636,0.02040816326530612
local_swap_p0,local_swap,0,4703,770026580,"72,139,147",304,112,2432,170,3,4,10,24,34,129,0.2,0.7588235294117647,5.294117647058823,mid,5,4,116,3.411764705882353,0.0,0.0,0.028362070084744815,0.0010939970288939636,0.02040816326530612
local_swap_p0,local_swap,0,4703,770026580,"72,139,147",305,113,2440,170,3,4,10,24,34,129,0.2,0.7588235294117647,5.182352941176471,mid,5,4,116,3.411764705882353,0.0,0.0,0.028362070084744815,0.0010939970288939636,0.02040816326530612
local_swap_p0,local_swap,0,4703,770026580,"72,139,147",306,114,2448,172,3,4,10,24,34,131,0.19767441860465115,0.7616279069767442,5.174418604651163,mid,5,4,116,3.411764705882353,0.0,0.0,0.028362070084744815,0.0010939970288939636,0.02040816326530612
local_swap_p0,local_swap,0,4703,770026580,"72,139,147",307,115,2456,173,3,4,10,24,34,132,0.19653179190751446,0.7630057803468208,5.213872832369942,mid,5,4,116,3.411764705882353,0.0,0.0,0.027512204908964957,0.0010939970288939636,0.04081632653061224
local_swap_p0,local_swap,0,4703,770026580,"72,139,147",308,116,2464,172,3,4,10,24,34,131,0.19767441860465115,0.7616279069767442,5.238372093023256,mid,6,4,113,3.323529411764706,0.0,0.0,0.02773598178428319,0.0010939970288939636,0.05102040816326531
local_swap_p0,local_swap,0,4703,770026580,"72,139,147",309,117,2472,172,3,4,10,23,33,132,0.19186046511627908,0.7674418604651163,5.238372093023256,mid,6,4,112,3.393939393939394,0.0,0.0,0.02773598178428319,0.0010939970288939636,0.05102040816326531
local_swap_p0,local_swap,0,4703,770026580,"72,139,147",310,118,2480,172,3,4,10,22,32,133,0.18604651162790697,0.7732558139534884,5.308139534883721,mid,6,4,113,3.53125,0.0,0.0,0.0248423490680301,0.0010939970288939636,0.061224489795918366
local_swap_p0,local_swap,0,4703,770026580,"72,139,147",311,119,2488,175,3,4,10,24,34,134,0.19428571428571428,0.7657142857142857,5.274285714285714,mid,7,4,113,3.323529411764706,0.0,0.0,0.0248423490680301,0.0010939970288939636,0.061224489795918366
local_swap_p0,local_swap,0,4703,770026580,"72,139,147",312,120,2496,173,3,5,10,24,34,131,0.19653179190751446,0.7572254335260116,5.242774566473988,mid,7,4,113,3.323529411764706,0.0,0.0,0.0248423490680301,0.0010939970288939636,0.061224489795918366
local_swap_p0,local_swap,0,4703,770026580,"72,139,147",313,121,2504,173,3,5,10,25,35,130,0.2023121387283237,0.7514450867052023,5.23121387283237,mid,7,4,113,3.2285714285714286,0.0,0.0,0.0248423490680301,0.0010939970288939636,0.061224489795918366
local_swap_p0,local_swap,0,4703,770026580,"72,139,147",314,122,2512,173,3,5,10,24,34,131,0.19653179190751446,0.7572254335260116,5.236994219653179,mid,6,4,114,3.3529411764705883,0.0,0.0,0.0248423490680301,0.0010939970288939636,0.061224489795918366
local_swap_p0,local_swap,0,4703,770026580,"72,139,147",315,123,2520,172,3,5,10,24,34,130,0.19767441860465115,0.7558139534883721,5.232558139534884,mid,6,4,114,3.3529411764705883,0.0,0.0,0.024841989197702412,0.0010939970288939636,0.061224489795918366
local_swap_p0,local_swap,0,4703,770026580,"72,139,147",316,124,2528,172,3,5,10,24,34,130,0.19767441860465115,0.7558139534883721,5.238372093023256,mid,6,4,114,3.3529411764705883,0.0,0.0,0.024841989197702412,0.0010939970288939636,0.061224489795918366
local_swap_p0,local_swap,0,4703,770026580,"72,139,147",317,125,2536,172,3,5,10,23,33,131,0.19186046511627908,0.7616279069767442,5.261627906976744,mid,5,4,113,3.4242424242424243,0.0,0.0,0.024841989197702412,0.0010939970288939636,0.061224489795918366
local_swap_p0,local_swap,0,4703,770026580,"72,139,147",318,126,2544,173,3,5,10,24,34,131,0.19653179190751446,0.7572254335260116,5.2485549132947975,mid,5,4,116,3.411764705882353,0.0,0.0,0.024841989197702412,0.0010939970288939636,0.061224489795918366
local_swap_p0,local_swap,0,4703,770026580,"72,139,147",319,127,2552,176,3,5,10,24,34,134,0.19318181818181818,0.7613636363636364,5.25,mid,5,4,116,3.411764705882353,0.0,0.0,0.024841989197702412,0.0010939970288939636,0.061224489795918366
local_swap_p0,local_swap,0,4703,770026580,"72,139,147",320,128,2560,177,3,5,10,23,33,136,0.1864406779661017,0.768361581920904,5.299435028248587,mid,5,4,113,3.4242424242424243,0.0,0.0,0.024841989197702412,0.0010939970288939636,0.061224489795918366
local_swap_p0,local_swap,0,4751,770026628,"72,139,147",192,0,1536,87,3,2,7,17,24,58,0.27586206896551724,0.6666666666666666,4.367816091954023,low,2,9,99,4.125,0.0,0.0,0.007161426309017774,0.0,0.02040816326530612
local_swap_p0,local_swap,0,4751,770026628,"72,139,147",193,1,1544,91,3,2,7,17,24,62,0.26373626373626374,0.6813186813186813,4.428571428571429,low,2,9,99,4.125,0.0,0.0,0.007161426309017774,0.0,0.02040816326530612
local_swap_p0,local_swap,0,4751,770026628,"72,139,147",194,2,1552,91,3,2,7,18,25,61,0.27472527472527475,0.6703296703296703,4.406593406593407,low,2,9,98,3.92,0.0,0.0,0.007161426309017774,0.0,0.02040816326530612
local_swap_p0,local_swap,0,4751,770026628,"72,139,147",195,3,1560,91,3,2,7,19,26,60,0.2857142857142857,0.6593406593406593,4.384615384615385,low,2,9,97,3.730769230769231,0.0,0.0,0.007161426309017774,0.0,0.02040816326530612
local_swap_p0,local_swap,0,4751,770026628,"72,139,147",196,4,1568,90,3,2,7,19,26,59,0.28888888888888886,0.6555555555555556,4.366666666666666,low,2,9,97,3.730769230769231,0.0,0.0,0.007161426309017774,0.0,0.02040816326530612
local_swap_p0,local_swap,0,4751,770026628,"72,139,147",197,5,1576,92,3,2,7,18,25,62,0.2717391304347826,0.6739130434782609,4.4021739130434785,low,2,9,96,3.84,0.0,0.0,0.007161426309017774,0.0,0.02040816326530612
local_swap_p0,local_swap,0,4751,770026628,"72,139,147",198,6,1584,93,3,2,8,17,25,63,0.26881720430107525,0.6774193548387096,4.387096774193548,low,2,10,99,3.96,0.0,0.0,0.007161426309017774,0.0,0.02040816326530612
local_swap_p0,local_swap,0,4751,770026628,"72,139,147",199,7,1592,94,3,2,7,16,23,66,0.24468085106382978,0.7021276595744681,4.446808510638298,low,2,9,96,4.173913043478261,0.0,0.0,0.007161426309017774,0.0,0.02040816326530612
local_swap_p0,local_swap,0,4751,770026628,"72,139,147",200,8,1600,91,3,3,6,16,22,63,0.24175824175824176,0.6923076923076923,4.461538461538462,low,2,8,95,4.318181818181818,0.0,0.0,0.007161426309017774,0.0,0.02040816326530612
local_swap_p0,local_swap,0,4751,770026628,"72,139,147",201,9,1608,93,3,3,6,16,22,65,0.23655913978494625,0.6989247311827957,4.473118279569892,low,2,8,95,4.318181818181818,0.0,0.0,0.007161426309017774,0.0,0.02040816326530612
local_swap_p0,local_swap,0,4751,770026628,"72,139,147",202,10,1616,89,3,3,6,15,21,62,0.23595505617977527,0.6966292134831461,4.46067415730337,low,2,8,96,4.571428571428571,0.0,0.0,0.007161426309017774,0.0,0.02040816326530612
local_swap_p0,local_swap,0,4751,770026628,"72,139,147",203,11,1624,92,3,3,7,13,20,66,0.21739130434782608,0.717391304347826,4.608695652173913,low,1,6,92,4.6,0.0,0.0,0.007132079590239244,0.0,0.02040816326530612
local_swap_p0,local_swap,0,4751,770026628,"72,139,147",204,12,1632,91,3,3,8,11,19,66,0.2087912087912088,0.7252747252747253,4.604395604395604,low,1,5,96,5.052631578947368,0.0,0.0,0.007132079590239244,0.0,0.02040816326530612
local_swap_p0,local_swap,0,4751,770026628,"72,139,147",205,13,1640,90,3,3,8,11,19,65,0.2111111111111111,0.7222222222222222,4.633333333333334,low,1,5,96,5.052631578947368,0.0,0.0,0.007132079590239244,0.0,0.02040816326530612
local_swap_p0,local_swap,0,4751,770026628,"72,139,147",206,14,1648,87,3,3,9,9,18,63,0.20689655172413793,0.7241379310344828,4.64367816091954,low,0,4,96,5.333333333333333,0.0,0.0,0.007132079590239244,0.0,0.02040816326530612
local_swap_p0,local_swap,0,4751,770026628,"72,139,147",207,15,1656,88,3,3,9,8,17,65,0.19318181818181818,0.7386363636363636,4.693181818181818,low,0,4,97,5.705882352941177,0.0,0.0,0.007132079590239244,0.0,0.02040816326530612
local_swap_p0,local_swap,0,4751,770026628,"72,139,147",208,16,1664,91,3,3,9,8,17,68,0.18681318681318682,0.7472527472527473,4.7032967032967035,low,0,4,97,5.705882352941177,0.0,0.0,0.007132079590239244,0.0,0.02040816326530612
local_swap_p0,local_swap,0,4751,770026628,"72,139,147",209,17,1672,93,3,3,9,7,16,71,0.17204301075268819,0.7634408602150538,4.924731182795699,low,0,4,94,5.875,0.0,0.0,0.007132078839851748,0.0,0.01020408163265306
local_swap_p0,local_swap,0,4751,770026628,"72,139,147",210,18,1680,95,3,3,9,7,16,73,0.16842105263157894,0.7684210526315789,4.91578947368421,low,0,4,94,5.875,0.0,0.0,0.007132078839851748,0.0,0.01020408163265306
local_swap_p0,local_swap,0,4751,770026628,"72,139,147",211,19,1688,95,3,3,9,8,17,72,0.17894736842105263,0.7578947368421053,4.88421052631579,low,0,4,95,5.588235294117647,0.0,0.0,0.007068671113798807,0.0,0.01020408163265306
local_swap_p0,local_swap,0,4751,770026628,"72,139,147",212,20,1696,96,3,3,9,8,17,73,0.17708333333333334,0.7604166666666666,4.885416666666667,low,0,4,95,5.588235294117647,0.0,0.0,0.007068671113798807,0.0,0.01020408163265306
local_swap_p0,local_swap,0,4751,770026628,"72,139,147",213,21,1704,97,3,3,9,9,18,73,0.18556701030927836,0.7525773195876289,4.865979381443299,low,0,4,96,5.333333333333333,0.0,0.0,0.007068671113798807,0.0,0.01020408163265306
local_swap_p0,local_swap,0,4751,770026628,"72,139,147",214,22,1712,99,3,3,8,10,18,75,0.18181818181818182,0.7575757575757576,4.878787878787879,low,0,6,94,5.222222222222222,0.0,0.0,0.007068671113798807,0.0,0.01020408163265306
local_swap_p0,local_swap,0,4751,770026628,"72,139,147",215,23,1720,97,3,3,8,10,18,73,0.18556701030927836,0.7525773195876289,4.855670103092783,low,0,5,93,5.166666666666667,0.0,0.0,0.007068671113798807,0.0,0.01020408163265306
local_swap_p0,local_swap,0,4751,770026628,"72,139,147",216,24,1728,98,3,3,8,10,18,74,0.1836734693877551,0.7551020408163265,4.887755102040816,low,0,5,93,5.166666666666667,0.0,0.0,0.007068671113798807,0.0,0.01020408163265306
local_swap_p0,local_swap,0,4751,770026628,"72,139,147",217,25,1736,100,3,3,8,10,18,76,0.18,0.76,4.91,low,0,5,93,5.166666666666667,0.0,0.0,0.007068671113798807,0.0,0.01020408163265306
local_swap_p0,local_swap,0,4751,770026628,"72,139,147",218,26,1744,98,3,3,8,11,19,73,0.19387755102040816,0.7448979591836735,4.846938775510204,low,0,6,99,5.2105263157894735,0.0,0.0,0.007068671113798807,0.0,0.01020408163265306
local_swap_p0,local_swap,0,4751,770026628,"72,139,147",219,27,1752,98,3,3,8,12,20,72,0.20408163265306123,0.7346938775510204,4.857142857142857,low,0,6,100,5.0,0.0,0.0,0.007068671113798807,0.0,0.01020408163265306
local_swap_p0,local_swap,0,4751,770026628,"72,139,147",220,28,1760,98,3,3,8,12,20,72,0.20408163265306123,0.7346938775510204,4.836734693877551,low,0,6,100,5.0,0.0,0.0,0.01586708272069235,0.0,0.0
local_swap_p0,local_swap,0,4751,770026628,"72,139,147",221,29,1768,100,3,3,8,10,18,76,0.18,0.76,4.9,low,0,5,92,5.111111111111111,0.0,0.0,0.01586787433717167,0.0,0.0
local_swap_p0,local_swap,0,4751,770026628,"72,139,147",222,30,1776,103,3,3,8,11,19,78,0.18446601941747573,0.7572815533980582,4.87378640776699,low,0,5,92,4.842105263157895,0.0,0.0,0.01586787433717167,0.0,0.0
local_swap_p0,local_swap,0,4751,770026628,"72,139,147",223,31,1784,104,3,3,8,11,19,79,0.18269230769230768,0.7596153846153846,4.894230769230769,low,0,5,92,4.842105263157895,0.0,0.0,0.01586787433717167,0.0,0.0
local_swap_p0,local_swap,0,4751,770026628,"72,139,147",224,32,1792,103,3,3,8,11,19,78,0.18446601941747573,0.7572815533980582,4.912621359223301,low,0,5,92,4.842105263157895,0.0,0.0,0.01586787433717167,0.0,0.0
local_swap_p0,local_swap,0,4751,770026628,"72,139,147",225,33,1800,104,3,3,8,12,20,78,0.19230769230769232,0.75,4.9423076923076925,low,0,5,93,4.65,0.0,0.0,0.01586787433717167,0.0,0.0
local_swap_p0,local_swap,0,4751,770026628,"72,139,147",226,34,1808,104,3,3,7,13,20,78,0.19230769230769232,0.75,4.923076923076923,low,0,5,100,5.0,0.0,0.0,0.01586787433717167,0.0,0.0
local_swap_p0,local_swap,0,4751,770026628,"72,139,147",227,35,1816,110,3,3,7,15,22,82,0.2,0.7454545454545455,4.881818181818182,low,0,5,105,4.7727272727272725,0.0,0.0,0.01586787433717167,0.0,0.0
local_swap_p0,local_swap,0,4751,770026628,"72,139,147",228,36,1824,113,3,3,7,15,22,85,0.19469026548672566,0.7522123893805309,4.876106194690266,low,0,5,105,4.7727272727272725,0.0,0.0,0.01586787433717167,0.0,0.0
local_swap_p0,local_swap,0,4751,770026628,"72,139,147",229,37,1832,113,3,3,7,15,22,85,0.19469026548672566,0.7522123893805309,4.84070796460177,low,0,5,105,4.7727272727272725,0.0,0.0,0.01586787433717167,0.0,0.0
local_swap_p0,local_swap,0,4751,770026628,"72,139,147",230,38,1840,112,3,3,7,14,21,85,0.1875,0.7589285714285714,4.857142857142857,low,0,5,104,4.9523809523809526,0.0,0.0,0.01586787433717167,0.0,0.0
local_swap_p0,local_swap,0,4751,770026628,"72,139,147",231,39,1848,113,3,3,8,12,20,87,0.17699115044247787,0.7699115044247787,4.867256637168142,low,0,4,98,4.9,0.0,0.0,0.01586787433717167,0.0,0.0
local_swap_p0,local_swap,0,4751,770026628,"72,139,147",232,40,1856,111,3,3,8,13,21,84,0.1891891891891892,0.7567567567567568,4.846846846846847,low,0,5,102,4.857142857142857,0.0,0.0,0.01586787433717167,0.0,0.0
local_swap_p0,local_swap,0,4751,770026628,"72,139,147",233,41,1864,111,3,3,8,13,21,84,0.1891891891891892,0.7567567567567568,4.837837837837838,low,0,5,102,4.857142857142857,0.0,0.0,0.01586787433717167,0.0,0.0
local_swap_p0,local_swap,0,4751,770026628,"72,139,147",234,42,1872,108,3,3,8,13,21,81,0.19444444444444445,0.75,4.842592592592593,low,0,5,102,4.857142857142857,0.0,0.0,0.01586787433717167,0.0,0.0
local_swap_p0,local_swap,0,4751,770026628,"72,139,147",235,43,1880,110,3,3,7,12,19,85,0.17272727272727273,0.7727272727272727,4.863636363636363,low,0,5,99,5.2105263157894735,0.0,0.0,0.014086492832659133,0.0,0.0
local_swap_p0,local_swap,0,4751,770026628,"72,139,147",236,44,1888,109,3,3,6,12,18,85,0.1651376146788991,0.7798165137614679,4.944954128440367,low,0,7,96,5.333333333333333,0.0,0.0,0.014086492832659133,0.0,0.0
local_swap_p0,local_swap,0,4751,770026628,"72,139,147",237,45,1896,110,3,3,6,12,18,86,0.16363636363636364,0.7818181818181819,4.9363636363636365,low,0,7,96,5.333333333333333,0.0,0.0,0.014086492832659133,0.0,0.0
local_swap_p0,local_swap,0,4751,770026628,"72,139,147",238,46,1904,107,3,3,5,12,17,84,0.1588785046728972,0.7850467289719626,4.897196261682243,low,0,7,95,5.588235294117647,0.0,0.0,0.014086492832659133,0.0,0.0
local_swap_p0,local_swap,0,4751,770026628,"72,139,147",239,47,1912,109,3,3,5,13,18,85,0.1651376146788991,0.7798165137614679,4.8807339449541285,low,0,7,94,5.222222222222222,0.0,0.0,0.014086492832659133,0.0,0.0
local_swap_p0,local_swap,0,4751,770026628,"72,139,147",240,48,1920,113,3,3,5,15,20,87,0.17699115044247787,0.7699115044247787,4.8584070796460175,low,0,7,93,4.65,0.0,0.0,0.014086492832659133,0.0,0.0
local_swap_p0,local_swap,0,4751,770026628,"72,139,147",241,49,1928,117,3,3,5,16,21,90,0.1794871794871795,0.7692307692307693,4.905982905982906,low,0,8,96,4.571428571428571,0.0,0.0,0.014083870221486052,0.0,0.0
local_swap_p0,local_swap,0,4751,770026628,"72,139,147",242,50,1936,113,3,3,4,16,20,87,0.17699115044247787,0.7699115044247787,4.946902654867257,low,0,8,86,4.3,0.0,0.0,0.014083870221486052,0.0,0.0
local_swap_p0,local_swap,0,4751,770026628,"72,139,147",243,51,1944,113,3,3,4,15,19,88,0.168141592920354,0.7787610619469026,4.9734513274336285,low,0,7,83,4.368421052631579,0.0,0.0,0.014083870221486052,0.0,0.0
local_swap_p0,local_swap,0,4751,770026628,"72,139,147",244,52,1952,116,3,3,4,15,19,91,0.16379310344827586,0.7844827586206896,4.956896551724138,low,0,7,83,4.368421052631579,0.0,0.0,0.014083870221486052,0.0,0.0
local_swap_p0,local_swap,0,4751,770026628,"72,139,147",245,53,1960,116,3,3,5,15,20,90,0.1724137931034483,0.7758620689655172,4.948275862068965,low,0,8,88,4.4,0.0,0.0,0.014083870221486052,0.0,0.0
local_swap_p0,local_swap,0,4751,770026628,"72,139,147",246,54,1968,117,3,3,6,14,20,91,0.17094017094017094,0.7777777777777778,4.923076923076923,low,0,8,85,4.25,0.0,0.0,0.014083870221486052,0.0,0.0
local_swap_p0,local_swap,0,4751,770026628,"72,139,147",247,55,1976,120,3,3,6,16,22,92,0.18333333333333332,0.7666666666666667,4.916666666666667,low,0,8,88,4.0,0.0,0.0,0.014083870221486052,0.0,0.0
local_swap_p0,local_swap,0,4751,770026628,"72,139,147",248,56,1984,120,3,3,6,17,23,91,0.19166666666666668,0.7583333333333333,4.891666666666667,low,0,9,92,4.0,0.0,0.0,0.014083870221486052,0.0,0.0
local_swap_p0,local_swap,0,4751,770026628,"72,139,147",249,57,1992,118,3,3,6,17,23,89,0.19491525423728814,0.7542372881355932,4.8559322033898304,low,0,9,92,4.0,0.0,0.0,0.014083870221486052,0.0,0.0
local_swap_p0,local_swap,0,4751,770026628,"72,139,147",250,58,2000,117,3,3,6,16,22,89,0.18803418803418803,0.7606837606837606,4.863247863247863,low,0,9,90,4.090909090909091,0.0,0.0,0.014083870221486052,0.0,0.0
local_swap_p0,local_swap,0,4751,770026628,"72,139,147",251,59,2008,117,3,3,6,16,22,89,0.18803418803418803,0.7606837606837606,4.888888888888889,low,0,8,97,4.409090909090909,0.0,0.0,0.014083870221486052,0.0,0.0
local_swap_p0,local_swap,0,4751,770026628,"72,139,147",252,60,2016,118,3,3,7,14,21,91,0.17796610169491525,0.7711864406779662,4.889830508474576,low,0,7,101,4.809523809523809,0.0,0.0,0.014083870221486052,0.0,0.0
local_swap_p0,local_swap,0,4751,770026628,"72,139,147",253,61,2024,120,3,3,7,15,22,92,0.18333333333333332,0.7666666666666667,4.891666666666667,low,0,7,100,4.545454545454546,0.0,0.0,0.014083870221486052,0.0,0.0
local_swap_p0,local_swap,0,4751,770026628,"72,139,147",254,62,2032,122,3,3,6,16,22,94,0.18032786885245902,0.7704918032786885,4.877049180327869,low,0,8,91,4.136363636363637,0.0,0.0,0.014083870221486052,0.0,0.0
local_swap_p0,local_swap,0,4751,770026628,"72,139,147",255,63,2040,120,3,3,6,14,20,94,0.16666666666666666,0.7833333333333333,4.891666666666667,low,0,9,82,4.1,0.0,0.0,0.014083870221486052,0.0,0.0
local_swap_p0,local_swap,0,4751,770026628,"72,139,147",256,64,2048,120,3,3,6,13,19,95,0.15833333333333333,0.7916666666666666,4.933333333333334,low,0,9,83,4.368421052631579,0.0,0.0,0.014083870221486052,0.0,0.0
local_swap_p0,local_swap,0,4751,770026628,"72,139,147",257,65,2056,116,3,3,6,13,19,91,0.16379310344827586,0.7844827586206896,4.913793103448276,low,0,9,83,4.368421052631579,0.0,0.0,0.014036534962985776,0.0,0.0
local_swap_p0,local_swap,0,4751,770026628,"72,139,147",258,66,2064,117,3,3,6,13,19,92,0.1623931623931624,0.7863247863247863,4.923076923076923,low,0,9,83,4.368421052631579,0.0,0.0,0.014036534962985776,0.0,0.0
local_swap_p0,local_swap,0,4751,770026628,"72,139,147",259,67,2072,122,3,3,6,14,20,96,0.16393442622950818,0.7868852459016393,4.89344262295082,low,0,9,84,4.2,0.0,0.0,0.014036534962985776,0.0,0.0
local_swap_p0,local_swap,0,4751,770026628,"72,139,147",260,68,2080,124,3,3,6,14,20,98,0.16129032258064516,0.7903225806451613,4.919354838709677,low,0,9,84,4.2,0.0,0.0,0.007629666850047073,0.0,0.02040816326530612
local_swap_p0,local_swap,0,4751,770026628,"72,139,147",261,69,2088,125,3,3,6,15,21,98,0.168,0.784,4.816,low,0,9,85,4.0476190476190474,0.0,0.0,0.007629666850047231,0.0,0.02040816326530612
local_swap_p0,local_swap,0,4751,770026628,"72,139,147",262,70,2096,123,3,3,6,15,21,96,0.17073170731707318,0.7804878048780488,4.804878048780488,low,0,9,85,4.0476190476190474,0.0,0.0,0.007629666850047231,0.0,0.02040816326530612
local_swap_p0,local_swap,0,4751,770026628,"72,139,147",263,71,2104,123,3,2,7,14,21,97,0.17073170731707318,0.7886178861788617,4.861788617886178,low,0,10,86,4.095238095238095,0.0,0.0,0.007629666850047231,0.0,0.02040816326530612
local_swap_p0,local_swap,0,4751,770026628,"72,139,147",264,72,2112,120,3,2,7,13,20,95,0.16666666666666666,0.7916666666666666,4.891666666666667,low,0,10,85,4.25,0.0,0.0,0.007629666850047231,0.0,0.02040816326530612
local_swap_p0,local_swap,0,4751,770026628,"72,139,147",265,73,2120,123,3,2,7,13,20,98,0.16260162601626016,0.7967479674796748,4.902439024390244,low,0,10,85,4.25,0.0,0.0,0.007629666850047231,0.0,0.02040816326530612
local_swap_p0,local_swap,0,4751,770026628,"72,139,147",266,74,2128,122,3,2,7,12,19,98,0.1557377049180328,0.8032786885245902,4.926229508196721,low,0,9,83,4.368421052631579,0.0,0.0,0.007629666850047231,0.0,0.02040816326530612
local_swap_p0,local_swap,0,4751,770026628,"72,139,147",267,75,2136,123,3,2,7,12,19,99,0.15447154471544716,0.8048780487804879,4.9105691056910565,low,1,10,81,4.2631578947368425,0.0,0.0,0.007629666850047231,0.0,0.02040816326530612
local_swap_p0,local_swap,0,4751,770026628,"72,139,147",268,76,2144,122,3,2,7,13,20,97,0.16393442622950818,0.7950819672131147,4.860655737704918,low,1,11,83,4.15,0.0,0.0,0.007629666850047231,0.0,0.02040816326530612
local_swap_p0,local_swap,0,4751,770026628,"72,139,147",269,77,2152,126,3,2,7,13,20,101,0.15873015873015872,0.8015873015873016,4.865079365079365,low,1,11,83,4.15,0.0,0.0,0.007629666850047231,0.0,0.02040816326530612
local_swap_p0,local_swap,0,4751,770026628,"72,139,147",270,78,2160,124,3,2,7,12,19,100,0.1532258064516129,0.8064516129032258,4.895161290322581,low,0,11,83,4.368421052631579,0.0,0.0,0.007629666850047231,0.0,0.02040816326530612
local_swap_p0,local_swap,0,4751,770026628,"72,139,147",271,79,2168,126,3,2,7,14,21,100,0.16666666666666666,0.7936507936507936,4.873015873015873,low,0,12,90,4.285714285714286,0.0,0.0,0.007563187756355246,0.0,0.02040816326530612
local_swap_p0,local_swap,0,4751,770026628,"72,139,147",272,80,2176,130,3,3,7,14,21,103,0.16153846153846155,0.7923076923076923,4.8538461538461535,low,0,12,98,4.666666666666667,0.0,0.0,0.007563187756355246,0.0,0.02040816326530612
local_swap_p0,local_swap,0,4751,770026628,"72,139,147",273,81,2184,130,3,3,7,14,21,103,0.16153846153846155,0.7923076923076923,4.861538461538461,low,0,11,96,4.571428571428571,0.0,0.0,0.007563187756355246,0.0,0.02040816326530612
local_swap_p0,local_swap,0,4751,770026628,"72,139,147",274,82,2192,131,3,3,7,14,21,104,0.16030534351145037,0.7938931297709924,4.877862595419847,low,0,11,96,4.571428571428571,0.0,0.0,0.007563187756355246,0.0,0.02040816326530612
local_swap_p0,local_swap,0,4751,770026628,"72,139,147",275,83,2200,128,3,3,6,15,21,101,0.1640625,0.7890625,4.8984375,low,0,11,98,4.666666666666667,0.0,0.0,0.007563187756355246,0.0,0.02040816326530612
local_swap_p0,local_swap,0,4751,770026628,"72,139,147",276,84,2208,129,3,3,6,16,22,101,0.17054263565891473,0.7829457364341085,4.883720930232558,low,0,11,100,4.545454545454546,0.0,0.0,0.007563187756355246,0.0,0.02040816326530612
local_swap_p0,local_swap,0,4751,770026628,"72,139,147",277,85,2216,127,3,3,6,16,22,99,0.1732283464566929,0.7795275590551181,4.897637795275591,low,0,11,98,4.454545454545454,0.0,0.0,0.007563187756355246,0.0,0.02040816326530612
local_swap_p0,local_swap,0,4751,770026628,"72,139,147",278,86,2224,130,3,3,6,16,22,102,0.16923076923076924,0.7846153846153846,4.969230769230769,low,0,11,98,4.454545454545454,0.0,0.0,0.007563187756355246,0.0,0.02040816326530612
local_swap_p0,local_swap,0,4751,770026628,"72,139,147",279,87,2232,131,3,3,6,15,21,104,0.16030534351145037,0.7938931297709924,4.977099236641221,low,0,10,95,4.523809523809524,0.0,0.0,0.007563187756355246,0.0,0.02040816326530612
local_swap_p0,local_swap,0,4751,770026628,"72,139,147",280,88,2240,129,3,3,5,15,20,103,0.15503875968992248,0.7984496124031008,5.0,mid,0,9,92,4.6,0.0,0.0,0.007563187756355246,0.0,0.02040816326530612
local_swap_p0,local_swap,0,4751,770026628,"72,139,147",281,89,2248,133,3,3,6,16,22,105,0.16541353383458646,0.7894736842105263,5.007518796992481,mid,2,8,97,4.409090909090909,0.0,0.0,0.007563187756355246,0.0,0.02040816326530612
local_swap_p0,local_swap,0,4751,770026628,"72,139,147",282,90,2256,131,3,3,7,15,22,103,0.16793893129770993,0.7862595419847328,4.977099236641221,low,2,6,104,4.7272727272727275,0.0,0.0,0.007563187756355246,0.0,0.02040816326530612
local_swap_p0,local_swap,0,4751,770026628,"72,139,147",283,91,2264,129,3,3,7,16,23,100,0.17829457364341086,0.7751937984496124,5.007751937984496,mid,2,6,106,4.608695652173913,0.0,0.0,0.007563187756355246,0.0,0.02040816326530612
local_swap_p0,local_swap,0,4751,770026628,"72,139,147",284,92,2272,129,3,2,7,17,24,100,0.18604651162790697,0.7751937984496124,5.038759689922481,mid,2,7,111,4.625,0.0,0.0,0.006945905225573593,0.0,0.04081632653061224
local_swap_p0,local_swap,0,4751,770026628,"72,139,147",285,93,2280,128,3,2,7,17,24,99,0.1875,0.7734375,5.0390625,mid,2,7,111,4.625,0.0,0.0,0.006945905225573593,0.0,0.04081632653061224
local_swap_p0,local_swap,0,4751,770026628,"72,139,147",286,94,2288,129,3,2,7,17,24,100,0.18604651162790697,0.7751937984496124,5.023255813953488,mid,2,7,111,4.625,0.0,0.0,0.006945905225573593,0.0,0.04081632653061224
local_swap_p0,local_swap,0,4751,770026628,"72,139,147",287,95,2296,130,3,2,7,16,23,102,0.17692307692307693,0.7846153846153846,5.038461538461538,mid,2,7,110,4.782608695652174,0.0,0.0,0.006945905225573593,0.0,0.04081632653061224
local_swap_p0,local_swap,0,4751,770026628,"72,139,147",288,96,2304,128,3,2,7,17,24,99,0.1875,0.7734375,5.0234375,mid,2,7,111,4.625,0.0,0.0,0.006945905225573593,0.0,0.04081632653061224
local_swap_p0,local_swap,0,4751,770026628,"72,139,147",289,97,2312,131,3,2,7,18,25,101,0.19083969465648856,0.7709923664122137,5.022900763358779,mid,2,7,112,4.48,0.0,0.0,0.006945905225573593,0.0,0.04081632653061224
local_swap_p0,local_swap,0,4751,770026628,"72,139,147",290,98,2320,133,3,2,7,19,26,102,0.19548872180451127,0.7669172932330827,5.015037593984962,mid,2,8,115,4.423076923076923,0.0,0.0,0.006945905225573593,0.0,0.04081632653061224
local_swap_p0,local_swap,0,4751,770026628,"72,139,147",291,99,2328,138,3,2,8,20,28,105,0.2028985507246377,0.7608695652173914,4.978260869565218,low,2,6,113,4.035714285714286,0.0,0.0,0.005911071237644861,0.0,0.061224489795918366
local_swap_p0,local_swap,0,4751,770026628,"72,139,147",292,100,2336,136,3,2,8,20,28,103,0.20588235294117646,0.7573529411764706,4.992647058823529,low,2,6,113,4.035714285714286,0.0,0.0,0.005911071237644861,0.0,0.061224489795918366
local_swap_p0,local_swap,0,4751,770026628,"72,139,147",293,101,2344,136,3,2,8,20,28,103,0.20588235294117646,0.7573529411764706,5.0,mid,2,6,113,4.035714285714286,0.0,0.0,0.005911071237644861,0.0,0.061224489795918366
local_swap_p0,local_swap,0,4751,770026628,"72,139,147",294,102,2352,137,3,2,8,21,29,103,0.2116788321167883,0.7518248175182481,4.992700729927007,low,2,6,111,3.8275862068965516,0.0,0.0,0.005637680274636649,0.0,0.061224489795918366
local_swap_p0,local_swap,0,4751,770026628,"72,139,147",295,103,2360,135,3,2,8,21,29,101,0.21481481481481482,0.7481481481481481,5.014814814814815,mid,2,6,111,3.8275862068965516,0.0,0.0,0.005637680274636649,0.0,0.061224489795918366
local_swap_p0,local_swap,0,4751,770026628,"72,139,147",296,104,2368,135,3,2,8,20,28,102,0.2074074074074074,0.7555555555555555,5.029629629629629,mid,2,6,112,4.0,0.0,0.0,0.005637680274636649,0.0,0.061224489795918366
local_swap_p0,local_swap,0,4751,770026628,"72,139,147",297,105,2376,136,3,2,7,21,28,103,0.20588235294117646,0.7573529411764706,5.036764705882353,mid,2,9,108,3.857142857142857,0.0,0.0,0.005637680274636649,0.0,0.061224489795918366
local_swap_p0,local_swap,0,4751,770026628,"72,139,147",298,106,2384,134,3,2,7,21,28,101,0.208955223880597,0.753731343283582,4.992537313432836,low,2,9,108,3.857142857142857,0.0,0.0,0.005637680274636649,0.0,0.061224489795918366
local_swap_p0,local_swap,0,4751,770026628,"72,139,147",299,107,2392,134,3,2,8,20,28,101,0.208955223880597,0.753731343283582,4.992537313432836,low,2,6,115,4.107142857142857,0.0,0.0,0.005637680274636649,0.0,0.061224489795918366
local_swap_p0,local_swap,0,4751,770026628,"72,139,147",300,108,2400,134,3,3,7,21,28,100,0.208955223880597,0.746268656716418,4.962686567164179,low,2,9,108,3.857142857142857,0.0,0.0,0.005637680274636649,0.0,0.061224489795918366
local_swap_p0,local_swap,0,4751,770026628,"72,139,147",301,109,2408,134,3,3,7,21,28,100,0.208955223880597,0.746268656716418,4.962686567164179,low,2,9,108,3.857142857142857,0.0,0.0,0.006192605624526462,0.0,0.030612244897959183
local_swap_p0,local_swap,0,4751,770026628,"72,139,147",302,110,2416,135,3,3,7,21,28,101,0.2074074074074074,0.7481481481481481,4.970370370370371,low,2,9,108,3.857142857142857,0.0,0.0,0.006192605624526462,0.0,0.030612244897959183
local_swap_p0,local_swap,0,4751,770026628,"72,139,147",303,111,2424,134,3,3,7,21,28,100,0.208955223880597,0.746268656716418,4.970149253731344,low,2,9,108,3.857142857142857,0.0,0.0,0.006192605624526462,0.0,0.030612244897959183
local_swap_p0,local_swap,0,4751,770026628,"72,139,147",304,112,2432,135,3,3,7,22,29,100,0.21481481481481482,0.7407407407407407,4.940740740740741,low,2,9,110,3.793103448275862,0.0,0.0,0.006192605624526462,0.0,0.030612244897959183
local_swap_p0,local_swap,0,4751,770026628,"72,139,147",305,113,2440,135,3,3,7,22,29,100,0.21481481481481482,0.7407407407407407,4.933333333333334,low,2,9,110,3.793103448275862,0.0,0.0,0.006192605624526462,0.0,0.030612244897959183
local_swap_p0,local_swap,0,4751,770026628,"72,139,147",306,114,2448,136,3,3,8,20,28,102,0.20588235294117646,0.75,4.977941176470588,low,2,6,114,4.071428571428571,0.0,0.0,0.006192605624526462,0.0,0.030612244897959183
local_swap_p0,local_swap,0,4751,770026628,"72,139,147",307,115,2456,136,3,3,8,19,27,103,0.19852941176470587,0.7573529411764706,4.970588235294118,low,2,6,114,4.222222222222222,0.0,0.0,0.006192605624526462,0.0,0.030612244897959183
local_swap_p0,local_swap,0,4751,770026628,"72,139,147",308,116,2464,136,3,3,8,19,27,103,0.19852941176470587,0.7573529411764706,4.9338235294117645,low,4,6,113,4.185185185185185,0.0,0.0,0.00639979083893713,0.0,0.02040816326530612
local_swap_p0,local_swap,0,4751,770026628,"72,139,147",309,117,2472,136,3,3,8,18,26,104,0.19117647058823528,0.7647058823529411,5.0,mid,4,6,111,4.269230769230769,0.0,0.0,0.01686959976155612,0.0,0.01020408163265306
local_swap_p0,local_swap,0,4751,770026628,"72,139,147",310,118,2480,136,3,3,9,17,26,104,0.19117647058823528,0.7647058823529411,5.022058823529412,mid,4,3,108,4.153846153846154,0.0,0.0,0.01686959976155612,0.0,0.01020408163265306
local_swap_p0,local_swap,0,4751,770026628,"72,139,147",311,119,2488,135,3,3,9,17,26,103,0.1925925925925926,0.762962962962963,5.014814814814815,mid,4,3,108,4.153846153846154,0.0,0.0,0.01686959976155612,0.0,0.01020408163265306
local_swap_p0,local_swap,0,4751,770026628,"72,139,147",312,120,2496,136,3,3,9,17,26,104,0.19117647058823528,0.7647058823529411,4.963235294117647,low,4,3,108,4.153846153846154,0.0,0.0,0.01686959976155612,0.0,0.01020408163265306
local_swap_p0,local_swap,0,4751,770026628,"72,139,147",313,121,2504,139,3,3,9,18,27,106,0.19424460431654678,0.762589928057554,5.028776978417266,mid,5,3,108,4.0,0.0,0.0,0.01686959976155612,0.0,0.01020408163265306
local_swap_p0,local_swap,0,4751,770026628,"72,139,147",314,122,2512,142,3,4,10,19,29,106,0.20422535211267606,0.7464788732394366,4.971830985915493,low,5,3,108,3.7241379310344827,0.0,0.0,0.01686959976155612,0.0,0.01020408163265306
local_swap_p0,local_swap,0,4751,770026628,"72,139,147",315,123,2520,143,3,4,8,19,27,109,0.1888111888111888,0.7622377622377622,5.020979020979021,mid,2,5,113,4.185185185185185,0.0,0.0,0.01687033724523386,0.0,0.01020408163265306
local_swap_p0,local_swap,0,4751,770026628,"72,139,147",316,124,2528,145,3,4,8,19,27,111,0.18620689655172415,0.7655172413793103,5.006896551724138,mid,2,5,113,4.185185185185185,0.0,0.0,0.01687033724523386,0.0,0.01020408163265306
local_swap_p0,local_swap,0,4751,770026628,"72,139,147",317,125,2536,149,3,4,8,21,29,113,0.19463087248322147,0.7583892617449665,4.966442953020135,low,2,5,111,3.8275862068965516,0.0,0.0,0.00786534864046423,0.0,0.0
local_swap_p0,local_swap,0,4751,770026628,"72,139,147",318,126,2544,151,3,4,8,21,29,115,0.19205298013245034,0.7615894039735099,4.953642384105961,low,2,5,112,3.8620689655172415,0.0,0.0,0.015200892896568776,0.0,0.01020408163265306
local_swap_p0,local_swap,0,4751,770026628,"72,139,147",319,127,2552,149,3,4,8,21,29,113,0.19463087248322147,0.7583892617449665,4.939597315436242,low,2,5,112,3.8620689655172415,0.0,0.0,0.015200892896568776,0.0,0.01020408163265306
local_swap_p0,local_swap,0,4751,770026628,"72,139,147",320,128,2560,152,3,4,8,21,29,116,0.19078947368421054,0.7631578947368421,4.947368421052632,low,2,5,112,3.8620689655172415,0.0,0.0,0.015200892896568776,0.0,0.01020408163265306
local_swap_p0,local_swap,0,4801,770026678,"72,139,147",192,0,1536,11,3,3,0,1,1,4,0.09090909090909091,0.36363636363636365,2.5454545454545454,low,0,1,6,6.0,0.0,0.0,9.023930185968532e-05,0.0,0.0
local_swap_p0,local_swap,0,4801,770026678,"72,139,147",193,1,1544,11,3,3,0,1,1,4,0.09090909090909091,0.36363636363636365,2.5454545454545454,low,0,1,6,6.0,0.0,0.0,9.023930185968532e-05,0.0,0.0
local_swap_p0,local_swap,0,4801,770026678,"72,139,147",194,2,1552,11,3,2,1,1,2,4,0.18181818181818182,0.36363636363636365,2.727272727272727,low,0,2,8,4.0,0.0,0.0,9.023930185968532e-05,0.0,0.0
local_swap_p0,local_swap,0,4801,770026678,"72,139,147",195,3,1560,11,3,2,1,1,2,4,0.18181818181818182,0.36363636363636365,2.727272727272727,low,0,2,8,4.0,0.0,0.0,9.023930185968532e-05,0.0,0.0
local_swap_p0,local_swap,0,4801,770026678,"72,139,147",196,4,1568,11,3,2,1,1,2,4,0.18181818181818182,0.36363636363636365,2.727272727272727,low,0,2,8,4.0,0.0,0.0,9.023930185968532e-05,0.0,0.0
local_swap_p0,local_swap,0,4801,770026678,"72,139,147",197,5,1576,11,3,2,1,1,2,4,0.18181818181818182,0.36363636363636365,2.727272727272727,low,0,2,8,4.0,0.0,0.0,9.023930185968532e-05,0.0,0.0
local_swap_p0,local_swap,0,4801,770026678,"72,139,147",198,6,1584,11,3,2,1,1,2,4,0.18181818181818182,0.36363636363636365,2.727272727272727,low,0,2,8,4.0,0.0,0.0,9.023930185968532e-05,0.0,0.0
local_swap_p0,local_swap,0,4801,770026678,"72,139,147",199,7,1592,11,3,2,1,1,2,4,0.18181818181818182,0.36363636363636365,2.727272727272727,low,0,2,8,4.0,0.0,0.0,9.023930185968532e-05,0.0,0.0
local_swap_p0,local_swap,0,4801,770026678,"72,139,147",200,8,1600,13,3,3,1,2,3,4,0.23076923076923078,0.3076923076923077,2.5384615384615383,low,0,2,10,3.3333333333333335,0.0,0.0,9.023930185968532e-05,0.0,0.0
local_swap_p0,local_swap,0,4801,770026678,"72,139,147",201,9,1608,14,3,4,1,2,3,4,0.21428571428571427,0.2857142857142857,2.5,low,0,2,10,3.3333333333333335,0.0,0.0,9.023930185968532e-05,0.0,0.0
local_swap_p0,local_swap,0,4801,770026678,"72,139,147",202,10,1616,13,3,3,2,1,3,4,0.23076923076923078,0.3076923076923077,2.5384615384615383,low,0,3,11,3.6666666666666665,0.0,0.0,9.023930185968532e-05,0.0,0.0
local_swap_p0,local_swap,0,4801,770026678,"72,139,147",203,11,1624,12,3,3,3,1,4,2,0.3333333333333333,0.16666666666666666,1.8333333333333333,low,0,3,18,4.5,0.0,0.0,9.023930185968532e-05,0.0,0.0
local_swap_p0,local_swap,0,4801,770026678,"72,139,147",204,12,1632,12,3,3,2,2,4,2,0.3333333333333333,0.16666666666666666,1.8333333333333333,low,0,3,16,4.0,0.0,0.0,9.023930185968532e-05,0.0,0.0
local_swap_p0,local_swap,0,4801,770026678,"72,139,147",205,13,1640,12,3,3,2,2,4,2,0.3333333333333333,0.16666666666666666,1.8333333333333333,low,0,3,16,4.0,0.0,0.0,9.023930185968532e-05,0.0,0.0
local_swap_p0,local_swap,0,4801,770026678,"72,139,147",206,14,1648,14,3,3,2,2,4,4,0.2857142857142857,0.2857142857142857,2.142857142857143,low,0,3,16,4.0,0.0,0.0,9.023930185968532e-05,0.0,0.0
local_swap_p0,local_swap,0,4801,770026678,"72,139,147",207,15,1656,16,3,3,2,2,4,6,0.25,0.375,2.9375,low,0,3,16,4.0,0.0,0.0,9.023930185968532e-05,0.0,0.0
local_swap_p0,local_swap,0,4801,770026678,"72,139,147",208,16,1664,18,3,4,3,1,4,7,0.2222222222222222,0.3888888888888889,2.888888888888889,low,0,3,18,4.5,0.0,0.0,9.023930185968532e-05,0.0,0.0
local_swap_p0,local_swap,0,4801,770026678,"72,139,147",209,17,1672,18,3,4,3,2,5,6,0.2777777777777778,0.3333333333333333,2.388888888888889,low,0,4,21,4.2,0.0,0.0,9.023930185968532e-05,0.0,0.0
local_swap_p0,local_swap,0,4801,770026678,"72,139,147",210,18,1680,19,3,4,4,2,6,6,0.3157894736842105,0.3157894736842105,2.3684210526315788,low,0,5,22,3.6666666666666665,0.0,0.0,8.842862492265589e-05,0.0,0.0
local_swap_p0,local_swap,0,4801,770026678,"72,139,147",211,19,1688,17,3,4,3,2,5,5,0.29411764705882354,0.29411764705882354,2.235294117647059,low,0,4,20,4.0,0.0,0.0,8.842862492265589e-05,0.0,0.0
local_swap_p0,local_swap,0,4801,770026678,"72,139,147",212,20,1696,16,3,4,3,2,5,4,0.3125,0.25,2.0625,low,0,4,20,4.0,0.0,0.0,0.0001033397739674866,0.0,0.0
local_swap_p0,local_swap,0,4801,770026678,"72,139,147",213,21,1704,16,3,4,3,2,5,4,0.3125,0.25,2.0625,low,0,4,20,4.0,0.0,0.0,0.0001033397739674866,0.0,0.0
local_swap_p0,local_swap,0,4801,770026678,"72,139,147",214,22,1712,17,3,4,3,2,5,5,0.29411764705882354,0.29411764705882354,2.235294117647059,low,0,4,20,4.0,0.0,0.0,0.0001033397739674866,0.0,0.0
local_swap_p0,local_swap,0,4801,770026678,"72,139,147",215,23,1720,17,3,4,3,2,5,5,0.29411764705882354,0.29411764705882354,2.235294117647059,low,0,4,20,4.0,0.0,0.0,0.0001033397739674866,0.0,0.0
local_swap_p0,local_swap,0,4801,770026678,"72,139,147",216,24,1728,21,3,5,4,2,6,7,0.2857142857142857,0.3333333333333333,2.5714285714285716,low,0,5,23,3.8333333333333335,0.0,0.0,0.00010325103976915759,0.0,0.0
local_swap_p0,local_swap,0,4801,770026678,"72,139,147",217,25,1736,20,3,4,4,1,5,8,0.25,0.4,2.75,low,0,4,20,4.0,0.0,0.0,0.00010325103976915759,0.0,0.0
local_swap_p0,local_swap,0,4801,770026678,"72,139,147",218,26,1744,20,3,4,4,1,5,8,0.25,0.4,2.75,low,0,4,20,4.0,0.0,0.0,0.00010325103976915759,0.0,0.0
local_swap_p0,local_swap,0,4801,770026678,"72,139,147",219,27,1752,20,3,4,4,1,5,8,0.25,0.4,2.75,low,0,4,20,4.0,0.0,0.0,0.00010325103976915759,0.0,0.0
local_swap_p0,local_swap,0,4801,770026678,"72,139,147",220,28,1760,19,3,4,3,1,4,8,0.21052631578947367,0.42105263157894735,2.736842105263158,low,0,4,13,3.25,0.0,0.0,0.00010325103976915759,0.0,0.0
local_swap_p0,local_swap,0,4801,770026678,"72,139,147",221,29,1768,19,3,4,3,1,4,8,0.21052631578947367,0.42105263157894735,2.736842105263158,low,0,4,13,3.25,0.0,0.0,0.00010325103976915759,0.0,0.0
local_swap_p0,local_swap,0,4801,770026678,"72,139,147",222,30,1776,19,3,4,3,1,4,8,0.21052631578947367,0.42105263157894735,2.736842105263158,low,0,4,13,3.25,0.0,0.0,0.00010325103976915759,0.0,0.0
local_swap_p0,local_swap,0,4801,770026678,"72,139,147",223,31,1784,19,3,4,3,1,4,8,0.21052631578947367,0.42105263157894735,2.736842105263158,low,0,4,13,3.25,0.0,0.0,0.00010325103976915759,0.0,0.0
local_swap_p0,local_swap,0,4801,770026678,"72,139,147",224,32,1792,19,3,4,3,1,4,8,0.21052631578947367,0.42105263157894735,2.736842105263158,low,0,4,13,3.25,0.0,0.0,0.00010325103976915759,0.0,0.0
local_swap_p0,local_swap,0,4801,770026678,"72,139,147",225,33,1800,21,3,5,4,1,5,8,0.23809523809523808,0.38095238095238093,2.619047619047619,low,0,5,23,4.6,0.0,0.0,0.00010325103976915759,0.0,0.0
local_swap_p0,local_swap,0,4801,770026678,"72,139,147",226,34,1808,20,3,3,5,0,5,9,0.25,0.45,2.8,low,0,4,26,5.2,0.0,0.0,0.00010325103976915759,0.0,0.0
local_swap_p0,local_swap,0,4801,770026678,"72,139,147",227,35,1816,22,3,5,5,0,5,9,0.22727272727272727,0.4090909090909091,2.6363636363636362,low,0,4,26,5.2,0.0,0.0,0.00010325103976915759,0.0,0.0
local_swap_p0,local_swap,0,4801,770026678,"72,139,147",228,36,1824,21,3,5,3,1,4,9,0.19047619047619047,0.42857142857142855,2.6666666666666665,low,0,3,24,6.0,0.0,0.0,0.00010325103976915759,0.0,0.0
local_swap_p0,local_swap,0,4801,770026678,"72,139,147",229,37,1832,20,3,4,3,1,4,9,0.2,0.45,2.75,low,0,3,24,6.0,0.0,0.0,0.00010325103976915759,0.0,0.0
local_swap_p0,local_swap,0,4801,770026678,"72,139,147",230,38,1840,20,3,4,3,1,4,9,0.2,0.45,2.75,low,0,3,24,6.0,0.0,0.0,0.00010325103976915759,0.0,0.0
local_swap_p0,local_swap,0,4801,770026678,"72,139,147",231,39,1848,22,3,5,3,0,3,11,0.13636363636363635,0.5,2.8181818181818183,low,0,3,14,4.666666666666667,0.0,0.0,0.00010325103976915759,0.0,0.0
local_swap_p0,local_swap,0,4801,770026678,"72,139,147",232,40,1856,22,3,5,3,0,3,11,0.13636363636363635,0.5,2.8181818181818183,low,0,3,14,4.666666666666667,0.0,0.0,6.669303733253468e-05,0.0,0.0
local_swap_p0,local_swap,0,4801,770026678,"72,139,147",233,41,1864,21,3,4,3,0,3,11,0.14285714285714285,0.5238095238095238,2.9047619047619047,low,0,3,14,4.666666666666667,0.0,0.0,6.669303733253468e-05,0.0,0.0
local_swap_p0,local_swap,0,4801,770026678,"72,139,147",234,42,1872,21,3,4,2,2,4,10,0.19047619047619047,0.47619047619047616,2.9047619047619047,low,0,4,33,8.25,0.0,0.0,6.669303733253468e-05,0.0,0.0
local_swap_p0,local_swap,0,4801,770026678,"72,139,147",235,43,1880,21,3,4,2,2,4,10,0.19047619047619047,0.47619047619047616,2.9047619047619047,low,0,4,33,8.25,0.0,0.0,6.669303733253468e-05,0.0,0.0
local_swap_p0,local_swap,0,4801,770026678,"72,139,147",236,44,1888,21,3,4,2,2,4,10,0.19047619047619047,0.47619047619047616,2.9047619047619047,low,0,4,33,8.25,0.0,0.0,6.669303733253468e-05,0.0,0.0
local_swap_p0,local_swap,0,4801,770026678,"72,139,147",237,45,1896,22,3,3,2,2,4,12,0.18181818181818182,0.5454545454545454,3.0454545454545454,low,0,4,33,8.25,0.0,0.0,6.669303733253468e-05,0.0,0.0
local_swap_p0,local_swap,0,4801,770026678,"72,139,147",238,46,1904,22,3,3,2,2,4,12,0.18181818181818182,0.5454545454545454,3.0454545454545454,low,0,4,33,8.25,0.0,0.0,6.669303733253468e-05,0.0,0.0
local_swap_p0,local_swap,0,4801,770026678,"72,139,147",239,47,1912,21,3,2,2,2,4,12,0.19047619047619047,0.5714285714285714,3.1904761904761907,low,0,4,33,8.25,0.0,0.0,6.669303733253468e-05,0.0,0.0
local_swap_p0,local_swap,0,4801,770026678,"72,139,147",240,48,1920,22,3,2,1,4,5,12,0.22727272727272727,0.5454545454545454,3.3181818181818183,low,0,3,41,8.2,0.0,0.0,6.669303733253468e-05,0.0,0.0
local_swap_p0,local_swap,0,4801,770026678,"72,139,147",241,49,1928,24,3,2,1,4,5,14,0.20833333333333334,0.5833333333333334,3.5,low,0,3,41,8.2,0.0,0.0,6.669303733253468e-05,0.0,0.0
local_swap_p0,local_swap,0,4801,770026678,"72,139,147",242,50,1936,24,3,2,1,4,5,14,0.20833333333333334,0.5833333333333334,3.5,low,0,3,41,8.2,0.0,0.0,6.669303733253468e-05,0.0,0.0
local_swap_p0,local_swap,0,4801,770026678,"72,139,147",243,51,1944,22,3,2,1,5,6,11,0.2727272727272727,0.5,3.3181818181818183,low,0,4,44,7.333333333333333,0.0,0.0,6.387479185152693e-05,0.0,0.0
local_swap_p0,local_swap,0,4801,770026678,"72,139,147",244,52,1952,22,3,2,0,6,6,11,0.2727272727272727,0.5,3.3636363636363638,low,0,5,52,8.666666666666666,0.0,0.0,6.387479185152693e-05,0.0,0.0
local_swap_p0,local_swap,0,4801,770026678,"72,139,147",245,53,1960,22,3,2,0,6,6,11,0.2727272727272727,0.5,3.3636363636363638,low,0,5,52,8.666666666666666,0.0,0.0,6.387479185152693e-05,0.0,0.0
local_swap_p0,local_swap,0,4801,770026678,"72,139,147",246,54,1968,22,3,2,0,6,6,11,0.2727272727272727,0.5,3.3636363636363638,low,0,5,52,8.666666666666666,0.0,0.0,6.387479185152693e-05,0.0,0.0
local_swap_p0,local_swap,0,4801,770026678,"72,139,147",247,55,1976,24,3,2,0,6,6,13,0.25,0.5416666666666666,3.4166666666666665,low,0,5,52,8.666666666666666,0.0,0.0,6.387479185152693e-05,0.0,0.0
local_swap_p0,local_swap,0,4801,770026678,"72,139,147",248,56,1984,22,3,2,0,6,6,11,0.2727272727272727,0.5,3.3636363636363638,low,0,5,52,8.666666666666666,0.0,0.0,6.387479185152693e-05,0.0,0.0
local_swap_p0,local_swap,0,4801,770026678,"72,139,147",249,57,1992,22,3,2,0,5,5,12,0.22727272727272727,0.5454545454545454,3.409090909090909,low,0,5,35,7.0,0.0,0.0,6.387479185152693e-05,0.0,0.0
local_swap_p0,local_swap,0,4801,770026678,"72,139,147",250,58,2000,22,3,2,1,4,5,12,0.22727272727272727,0.5454545454545454,3.3181818181818183,low,0,5,37,7.4,0.0,0.0,6.387479185152693e-05,0.0,0.0
local_swap_p0,local_swap,0,4801,770026678,"72,139,147",251,59,2008,21,3,2,1,4,5,11,0.23809523809523808,0.5238095238095238,3.238095238095238,low,0,5,37,7.4,0.0,0.0,6.387479185152693e-05,0.0,0.0
local_swap_p0,local_swap,0,4801,770026678,"72,139,147",252,60,2016,25,3,3,2,3,5,14,0.2,0.56,3.36,low,0,4,32,6.4,0.0,0.0,6.3884825062026e-05,0.0,0.0
local_swap_p0,local_swap,0,4801,770026678,"72,139,147",253,61,2024,25,3,3,2,2,4,15,0.16,0.6,3.44,low,0,3,29,7.25,0.0,0.0,6.3884825062026e-05,0.0,0.0
local_swap_p0,local_swap,0,4801,770026678,"72,139,147",254,62,2032,26,3,3,2,2,4,16,0.15384615384615385,0.6153846153846154,3.4615384615384617,low,0,3,29,7.25,0.0,0.0,6.3884825062026e-05,0.0,0.0
local_swap_p0,local_swap,0,4801,770026678,"72,139,147",255,63,2040,26,3,2,3,3,6,15,0.23076923076923078,0.5769230769230769,3.4615384615384617,low,0,5,41,6.833333333333333,0.0,0.0,6.3884825062026e-05,0.0,0.0
local_swap_p0,local_swap,0,4801,770026678,"72,139,147",256,64,2048,26,3,2,3,3,6,15,0.23076923076923078,0.5769230769230769,3.4615384615384617,low,0,5,41,6.833333333333333,0.0,0.0,6.899167112657672e-05,0.0,0.0
local_swap_p0,local_swap,0,4801,770026678,"72,139,147",257,65,2056,26,3,2,2,4,6,15,0.23076923076923078,0.5769230769230769,3.4615384615384617,low,0,6,38,6.333333333333333,0.0,0.0,6.899167112657672e-05,0.0,0.0
local_swap_p0,local_swap,0,4801,770026678,"72,139,147",258,66,2064,26,3,2,2,4,6,15,0.23076923076923078,0.5769230769230769,3.4615384615384617,low,0,6,38,6.333333333333333,0.0,0.0,6.899167112657672e-05,0.0,0.0
local_swap_p0,local_swap,0,4801,770026678,"72,139,147",259,67,2072,25,3,1,3,3,6,15,0.24,0.6,3.56,low,0,6,50,8.333333333333334,0.0,0.0,6.899167112657672e-05,0.0,0.0
local_swap_p0,local_swap,0,4801,770026678,"72,139,147",260,68,2080,27,3,2,3,3,6,16,0.2222222222222222,0.5925925925925926,3.4814814814814814,low,0,5,62,10.333333333333334,0.0,0.0,6.899167112657672e-05,0.0,0.0
local_swap_p0,local_swap,0,4801,770026678,"72,139,147",261,69,2088,29,3,2,3,3,6,18,0.20689655172413793,0.6206896551724138,3.5517241379310347,low,0,5,62,10.333333333333334,0.0,0.0,6.899167112657672e-05,0.0,0.0
local_swap_p0,local_swap,0,4801,770026678,"72,139,147",262,70,2096,29,3,3,2,2,4,19,0.13793103448275862,0.6551724137931034,3.5517241379310347,low,0,4,47,11.75,0.0,0.0,6.899167112657672e-05,0.0,0.0
local_swap_p0,local_swap,0,4801,770026678,"72,139,147",263,71,2104,30,3,3,2,3,5,19,0.16666666666666666,0.6333333333333333,3.533333333333333,low,0,5,50,10.0,0.0,0.0,6.899167112657672e-05,0.0,0.0
local_swap_p0,local_swap,0,4801,770026678,"72,139,147",264,72,2112,32,3,3,2,3,5,21,0.15625,0.65625,3.71875,low,0,5,50,10.0,0.0,0.0,6.899167112657672e-05,0.0,0.0
local_swap_p0,local_swap,0,4801,770026678,"72,139,147",265,73,2120,32,3,3,2,3,5,21,0.15625,0.65625,3.71875,low,0,5,50,10.0,0.0,0.0,6.899167112657672e-05,0.0,0.0
local_swap_p0,local_swap,0,4801,770026678,"72,139,147",266,74,2128,31,3,3,1,2,3,22,0.0967741935483871,0.7096774193548387,3.806451612903226,low,0,3,38,12.666666666666666,0.0,0.0,6.899167112657672e-05,0.0,0.0
local_swap_p0,local_swap,0,4801,770026678,"72,139,147",267,75,2136,31,3,3,1,2,3,22,0.0967741935483871,0.7096774193548387,3.806451612903226,low,0,3,38,12.666666666666666,0.0,0.0,6.899167112657672e-05,0.0,0.0
local_swap_p0,local_swap,0,4801,770026678,"72,139,147",268,76,2144,27,3,3,1,2,3,18,0.1111111111111111,0.6666666666666666,3.5555555555555554,low,0,3,38,12.666666666666666,0.0,0.0,6.899167112657672e-05,0.0,0.0
local_swap_p0,local_swap,0,4801,770026678,"72,139,147",269,77,2152,28,3,4,1,2,3,18,0.10714285714285714,0.6428571428571429,3.4642857142857144,low,0,3,38,12.666666666666666,0.0,0.0,6.899167112657672e-05,0.0,0.0
local_swap_p0,local_swap,0,4801,770026678,"72,139,147",270,78,2160,30,3,4,3,2,5,18,0.16666666666666666,0.6,3.3666666666666667,low,0,5,44,8.8,0.0,0.0,6.855488583183901e-05,0.0,0.0
local_swap_p0,local_swap,0,4801,770026678,"72,139,147",271,79,2168,28,3,4,3,1,4,17,0.14285714285714285,0.6071428571428571,3.3214285714285716,low,0,4,25,6.25,0.0,0.0,6.855488583183901e-05,0.0,0.0
local_swap_p0,local_swap,0,4801,770026678,"72,139,147",272,80,2176,28,3,4,3,1,4,17,0.14285714285714285,0.6071428571428571,3.3214285714285716,low,0,4,25,6.25,0.0,0.0,6.855488583183901e-05,0.0,0.0
local_swap_p0,local_swap,0,4801,770026678,"72,139,147",273,81,2184,27,3,4,2,1,3,17,0.1111111111111111,0.6296296296296297,3.3703703703703702,low,0,3,24,8.0,0.0,0.0,2.2907373200590714e-05,0.0,0.0
local_swap_p0,local_swap,0,4801,770026678,"72,139,147",274,82,2192,27,3,4,2,1,3,17,0.1111111111111111,0.6296296296296297,3.3703703703703702,low,0,3,24,8.0,0.0,0.0,2.2907373200590714e-05,0.0,0.0
local_swap_p0,local_swap,0,4801,770026678,"72,139,147",275,83,2200,27,3,4,2,1,3,17,0.1111111111111111,0.6296296296296297,3.3703703703703702,low,0,3,24,8.0,0.0,0.0,2.2907373200590714e-05,0.0,0.0
local_swap_p0,local_swap,0,4801,770026678,"72,139,147",276,84,2208,27,3,3,3,1,4,17,0.14814814814814814,0.6296296296296297,3.4074074074074074,low,0,4,25,6.25,0.0,0.0,2.2907373200590714e-05,0.0,0.0
local_swap_p0,local_swap,0,4801,770026678,"72,139,147",277,85,2216,29,3,5,3,1,4,17,0.13793103448275862,0.5862068965517241,3.2413793103448274,low,0,4,25,6.25,0.0,0.0,2.2907373200590714e-05,0.0,0.0
local_swap_p0,local_swap,0,4801,770026678,"72,139,147",278,86,2224,29,3,5,3,1,4,17,0.13793103448275862,0.5862068965517241,3.2413793103448274,low,0,4,25,6.25,0.0,0.0,2.2907373200590714e-05,0.0,0.0
local_swap_p0,local_swap,0,4801,770026678,"72,139,147",279,87,2232,29,3,5,3,2,5,16,0.1724137931034483,0.5517241379310345,3.2413793103448274,low,0,5,39,7.8,0.0,0.0,2.2907373200590714e-05,0.0,0.0
local_swap_p0,local_swap,0,4801,770026678,"72,139,147",280,88,2240,29,3,5,3,2,5,16,0.1724137931034483,0.5517241379310345,3.2413793103448274,low,0,5,39,7.8,0.0,0.0,2.2907373200590714e-05,0.0,0.0
local_swap_p0,local_swap,0,4801,770026678,"72,139,147",281,89,2248,33,3,5,3,1,4,21,0.12121212121212122,0.6363636363636364,3.393939393939394,low,0,4,25,6.25,0.0,0.0,2.2907373200590714e-05,0.0,0.0
local_swap_p0,local_swap,0,4801,770026678,"72,139,147",282,90,2256,33,3,5,2,2,4,21,0.12121212121212122,0.6363636363636364,3.4545454545454546,low,0,4,13,3.25,0.0,0.0,2.2835424043002806e-05,0.0,0.0
local_swap_p0,local_swap,0,4801,770026678,"72,139,147",283,91,2264,33,3,4,3,2,5,21,0.15151515151515152,0.6363636363636364,3.515151515151515,low,0,5,15,3.0,0.0,0.0,2.2835424043002806e-05,0.0,0.0
local_swap_p0,local_swap,0,4801,770026678,"72,139,147",284,92,2272,33,3,4,3,2,5,21,0.15151515151515152,0.6363636363636364,3.515151515151515,low,0,5,15,3.0,0.0,0.0,2.2835424043002806e-05,0.0,0.0
local_swap_p0,local_swap,0,4801,770026678,"72,139,147",285,93,2280,33,3,4,4,2,6,20,0.18181818181818182,0.6060606060606061,3.484848484848485,low,0,6,25,4.166666666666667,0.0,0.0,2.2835424043002806e-05,0.0,0.0
local_swap_p0,local_swap,0,4801,770026678,"72,139,147",286,94,2288,34,3,3,4,2,6,22,0.17647058823529413,0.6470588235294118,3.5588235294117645,low,0,6,25,4.166666666666667,0.0,0.0,2.2835424043002806e-05,0.0,0.0
local_swap_p0,local_swap,0,4801,770026678,"72,139,147",287,95,2296,34,3,3,4,2,6,22,0.17647058823529413,0.6470588235294118,3.5588235294117645,low,0,6,25,4.166666666666667,0.0,0.0,2.2835424043002806e-05,0.0,0.0
local_swap_p0,local_swap,0,4801,770026678,"72,139,147",288,96,2304,34,3,3,4,2,6,22,0.17647058823529413,0.6470588235294118,3.5588235294117645,low,0,6,25,4.166666666666667,0.0,0.0,2.2835424043002806e-05,0.0,0.0
local_swap_p0,local_swap,0,4801,770026678,"72,139,147",289,97,2312,34,3,3,4,2,6,22,0.17647058823529413,0.6470588235294118,3.5588235294117645,low,0,6,25,4.166666666666667,0.0,0.0,2.2835424043002806e-05,0.0,0.0
local_swap_p0,local_swap,0,4801,770026678,"72,139,147",290,98,2320,34,3,3,4,2,6,22,0.17647058823529413,0.6470588235294118,3.5588235294117645,low,0,6,25,4.166666666666667,0.0,0.0,2.2835424043002806e-05,0.0,0.0
local_swap_p0,local_swap,0,4801,770026678,"72,139,147",291,99,2328,39,3,3,4,2,6,27,0.15384615384615385,0.6923076923076923,3.717948717948718,low,0,6,25,4.166666666666667,0.0,0.0,2.2835424043002806e-05,0.0,0.0
local_swap_p0,local_swap,0,4801,770026678,"72,139,147",292,100,2336,37,3,3,3,2,5,26,0.13513513513513514,0.7027027027027027,3.7837837837837838,low,0,5,15,3.0,0.0,0.0,2.2835424043002806e-05,0.0,0.0
local_swap_p0,local_swap,0,4801,770026678,"72,139,147",293,101,2344,39,3,3,3,2,5,28,0.1282051282051282,0.717948717948718,3.871794871794872,low,0,5,15,3.0,0.0,0.0,2.2835424043002806e-05,0.0,0.0
local_swap_p0,local_swap,0,4801,770026678,"72,139,147",294,102,2352,41,3,3,3,4,7,28,0.17073170731707318,0.6829268292682927,3.8292682926829267,low,0,7,31,4.428571428571429,0.0,0.0,2.2835424043002806e-05,0.0,0.0
local_swap_p0,local_swap,0,4801,770026678,"72,139,147",295,103,2360,45,3,3,4,5,9,30,0.2,0.6666666666666666,3.8,low,0,7,43,4.777777777777778,0.0,0.0,2.2835424043002806e-05,0.0,0.0
local_swap_p0,local_swap,0,4801,770026678,"72,139,147",296,104,2368,45,3,3,4,5,9,30,0.2,0.6666666666666666,3.8,low,0,7,43,4.777777777777778,0.0,0.0,2.2835424043002806e-05,0.0,0.0
local_swap_p0,local_swap,0,4801,770026678,"72,139,147",297,105,2376,43,3,3,4,4,8,29,0.18604651162790697,0.6744186046511628,3.744186046511628,low,0,6,39,4.875,0.0,0.0,2.2835424043002806e-05,0.0,0.0
local_swap_p0,local_swap,0,4801,770026678,"72,139,147",298,106,2384,43,3,3,4,4,8,29,0.18604651162790697,0.6744186046511628,3.744186046511628,low,0,6,39,4.875,0.0,0.0,2.2835424043002806e-05,0.0,0.0
local_swap_p0,local_swap,0,4801,770026678,"72,139,147",299,107,2392,45,3,3,4,4,8,31,0.17777777777777778,0.6888888888888889,3.8666666666666667,low,0,6,39,4.875,0.0,0.0,2.2835424043002806e-05,0.0,0.0
local_swap_p0,local_swap,0,4801,770026678,"72,139,147",300,108,2400,45,3,3,5,3,8,31,0.17777777777777778,0.6888888888888889,3.8666666666666667,low,0,6,37,4.625,0.0,0.0,2.2835424043002806e-05,0.0,0.0
local_swap_p0,local_swap,0,4801,770026678,"72,139,147",301,109,2408,48,3,3,6,3,9,33,0.1875,0.6875,3.8541666666666665,low,0,6,59,6.555555555555555,0.0,0.0,2.2835424043002806e-05,0.0,0.0
local_swap_p0,local_swap,0,4801,770026678,"72,139,147",302,110,2416,47,3,3,5,3,8,33,0.1702127659574468,0.7021276595744681,3.9148936170212765,low,0,6,51,6.375,0.0,0.0,2.2835424043002806e-05,0.0,0.0
local_swap_p0,local_swap,0,4801,770026678,"72,139,147",303,111,2424,47,3,3,5,3,8,33,0.1702127659574468,0.7021276595744681,3.893617021276596,low,0,6,51,6.375,0.0,0.0,2.2835424043002806e-05,0.0,0.0
local_swap_p0,local_swap,0,4801,770026678,"72,139,147",304,112,2432,46,3,3,5,3,8,32,0.17391304347826086,0.6956521739130435,3.9130434782608696,low,0,6,51,6.375,0.0,0.0,2.2835424043002806e-05,0.0,0.0
local_swap_p0,local_swap,0,4801,770026678,"72,139,147",305,113,2440,46,3,3,5,4,9,31,0.1956521739130435,0.6739130434782609,3.891304347826087,low,0,7,55,6.111111111111111,0.0,0.0,2.2835424043002806e-05,0.0,0.0
local_swap_p0,local_swap,0,4801,770026678,"72,139,147",306,114,2448,44,3,3,5,4,9,29,0.20454545454545456,0.6590909090909091,3.8636363636363638,low,0,7,55,6.111111111111111,0.0,0.0,2.2835424043002806e-05,0.0,0.0
local_swap_p0,local_swap,0,4801,770026678,"72,139,147",307,115,2456,46,3,3,5,4,9,31,0.1956521739130435,0.6739130434782609,3.869565217391304,low,0,7,55,6.111111111111111,0.0,0.0,2.2835424043002806e-05,0.0,0.0
local_swap_p0,local_swap,0,4801,770026678,"72,139,147",308,116,2464,47,3,3,5,4,9,32,0.19148936170212766,0.6808510638297872,3.8085106382978724,low,0,7,55,6.111111111111111,0.0,0.0,2.2835424043002806e-05,0.0,0.0
local_swap_p0,local_swap,0,4801,770026678,"72,139,147",309,117,2472,49,3,3,5,4,9,34,0.1836734693877551,0.6938775510204082,4.0,low,0,7,55,6.111111111111111,0.0,0.0,2.2835424043002806e-05,0.0,0.0
local_swap_p0,local_swap,0,4801,770026678,"72,139,147",310,118,2480,50,3,3,5,5,10,34,0.2,0.68,3.98,low,0,7,67,6.7,0.0,0.0,2.2835424043002806e-05,0.0,0.0
local_swap_p0,local_swap,0,4801,770026678,"72,139,147",311,119,2488,50,3,3,5,5,10,34,0.2,0.68,3.96,low,0,7,67,6.7,0.0,0.0,2.2899083296997875e-05,0.0,0.0
local_swap_p0,local_swap,0,4801,770026678,"72,139,147",312,120,2496,50,3,3,5,5,10,34,0.2,0.68,3.98,low,0,7,67,6.7,0.0,0.0,2.2899083296997875e-05,0.0,0.0
local_swap_p0,local_swap,0,4801,770026678,"72,139,147",313,121,2504,52,3,3,5,5,10,36,0.19230769230769232,0.6923076923076923,4.096153846153846,low,0,7,67,6.7,0.0,0.0,2.2899083296997875e-05,0.0,0.0
local_swap_p0,local_swap,0,4801,770026678,"72,139,147",314,122,2512,56,3,4,5,4,9,40,0.16071428571428573,0.7142857142857143,4.089285714285714,low,0,6,63,7.0,0.0,0.0,2.2899083296997875e-05,0.0,0.0
local_swap_p0,local_swap,0,4801,770026678,"72,139,147",315,123,2520,56,3,5,4,4,8,40,0.14285714285714285,0.7142857142857143,4.017857142857143,low,0,4,59,7.375,0.0,0.0,2.2899083296997875e-05,0.0,0.0
local_swap_p0,local_swap,0,4801,770026678,"72,139,147",316,124,2528,57,3,5,4,4,8,41,0.14035087719298245,0.7192982456140351,4.0701754385964914,low,0,4,59,7.375,0.0,0.0,2.2899083296997875e-05,0.0,0.0
local_swap_p0,local_swap,0,4801,770026678,"72,139,147",317,125,2536,56,3,6,3,4,7,40,0.125,0.7142857142857143,4.0,low,0,3,58,8.285714285714286,0.0,0.0,2.2899083296997875e-05,0.0,0.0
local_swap_p0,local_swap,0,4801,770026678,"72,139,147",318,126,2544,56,3,5,3,4,7,41,0.125,0.7321428571428571,4.071428571428571,low,0,3,58,8.285714285714286,0.0,0.0,2.2899083296997875e-05,0.0,0.0
local_swap_p0,local_swap,0,4801,770026678,"72,139,147",319,127,2552,54,3,5,3,4,7,39,0.12962962962962962,0.7222222222222222,3.962962962962963,low,0,3,58,8.285714285714286,0.0,0.0,2.301291865081222e-05,0.0,0.0
local_swap_p0,local_swap,0,4801,770026678,"72,139,147",320,128,2560,54,3,5,3,3,6,40,0.1111111111111111,0.7407407407407407,3.9444444444444446,low,0,2,55,9.166666666666666,0.0,0.0,2.301291865081222e-05,0.0,0.0
local_swap_p0,local_swap,0,4861,770026738,"72,139,147",192,0,1536,90,3,4,8,13,21,62,0.23333333333333334,0.6888888888888889,4.266666666666667,low,1,5,92,4.380952380952381,0.0,0.0,0.02899357320941568,0.00641754437568974,0.01020408163265306
local_swap_p0,local_swap,0,4861,770026738,"72,139,147",193,1,1544,91,3,4,8,12,20,64,0.21978021978021978,0.7032967032967034,4.2967032967032965,low,1,6,84,4.2,0.0,0.0,0.02899357320941568,0.00641754437568974,0.01020408163265306
local_swap_p0,local_swap,0,4861,770026738,"72,139,147",194,2,1552,90,3,4,7,12,19,64,0.2111111111111111,0.7111111111111111,4.311111111111111,low,1,8,81,4.2631578947368425,0.0,0.0,0.029447285035602004,0.00641754437568974,0.01020408163265306
local_swap_p0,local_swap,0,4861,770026738,"72,139,147",195,3,1560,90,3,4,7,12,19,64,0.2111111111111111,0.7111111111111111,4.3,low,1,8,81,4.2631578947368425,0.0,0.0,0.029447285035602004,0.00641754437568974,0.01020408163265306
local_swap_p0,local_swap,0,4861,770026738,"72,139,147",196,4,1568,96,3,5,7,12,19,69,0.19791666666666666,0.71875,4.302083333333333,low,1,9,93,4.894736842105263,0.0,0.0,0.029447285035602004,0.00641754437568974,0.01020408163265306
local_swap_p0,local_swap,0,4861,770026738,"72,139,147",197,5,1576,96,3,5,7,13,20,68,0.20833333333333334,0.7083333333333334,4.416666666666667,low,1,9,95,4.75,0.0,0.0,0.029447285035602004,0.00641754437568974,0.01020408163265306
local_swap_p0,local_swap,0,4861,770026738,"72,139,147",198,6,1584,96,3,5,8,12,20,68,0.20833333333333334,0.7083333333333334,4.427083333333333,low,1,7,95,4.75,0.0,0.0,0.029447285035602004,0.00641754437568974,0.01020408163265306
local_swap_p0,local_swap,0,4861,770026738,"72,139,147",199,7,1592,95,3,5,8,11,19,68,0.2,0.7157894736842105,4.431578947368421,low,1,7,96,5.052631578947368,0.0,0.0,0.02847564878698978,0.00641754437568974,0.01020408163265306
local_swap_p0,local_swap,0,4861,770026738,"72,139,147",200,8,1600,96,3,5,7,10,17,71,0.17708333333333334,0.7395833333333334,4.489583333333333,low,0,7,96,5.647058823529412,0.0,0.0,0.02847564878698978,0.00641754437568974,0.01020408163265306
local_swap_p0,local_swap,0,4861,770026738,"72,139,147",201,9,1608,94,3,5,7,10,17,69,0.18085106382978725,0.7340425531914894,4.446808510638298,low,0,7,96,5.647058823529412,0.0,0.0,0.02847564878698978,0.00641754437568974,0.01020408163265306
local_swap_p0,local_swap,0,4861,770026738,"72,139,147",202,10,1616,96,3,6,7,11,18,69,0.1875,0.71875,4.395833333333333,low,0,7,96,5.333333333333333,0.0,0.0,0.02847564878698978,0.00641754437568974,0.01020408163265306
local_swap_p0,local_swap,0,4861,770026738,"72,139,147",203,11,1624,95,3,6,7,12,19,67,0.2,0.7052631578947368,4.378947368421053,low,0,7,95,5.0,0.0,0.0,0.02847564878698978,0.00641754437568974,0.01020408163265306
local_swap_p0,local_swap,0,4861,770026738,"72,139,147",204,12,1632,97,3,6,7,12,19,69,0.1958762886597938,0.711340206185567,4.402061855670103,low,0,6,92,4.842105263157895,0.0,0.0,0.02847564878698978,0.00641754437568974,0.01020408163265306
local_swap_p0,local_swap,0,4861,770026738,"72,139,147",205,13,1640,99,3,6,8,13,21,69,0.21212121212121213,0.696969696969697,4.383838383838384,low,0,7,101,4.809523809523809,0.0,0.0,0.02833439210907965,0.007447656026830574,0.01020408163265306
local_swap_p0,local_swap,0,4861,770026738,"72,139,147",206,14,1648,99,3,6,8,13,21,69,0.21212121212121213,0.696969696969697,4.363636363636363,low,1,7,102,4.857142857142857,0.0,0.0,0.02833439210907965,0.007447656026830574,0.01020408163265306
local_swap_p0,local_swap,0,4861,770026738,"72,139,147",207,15,1656,102,3,6,8,15,23,70,0.22549019607843138,0.6862745098039216,4.392156862745098,low,2,7,102,4.434782608695652,0.0,0.0,0.02833438971491726,0.009218304329342895,0.01020408163265306
local_swap_p0,local_swap,0,4861,770026738,"72,139,147",208,16,1664,100,3,6,8,14,22,69,0.22,0.69,4.38,low,1,7,104,4.7272727272727275,0.0,0.0,0.02833438971491726,0.009218304329342895,0.01020408163265306
local_swap_p0,local_swap,0,4861,770026738,"72,139,147",209,17,1672,99,3,6,9,12,21,69,0.21212121212121213,0.696969696969697,4.383838383838384,low,0,7,101,4.809523809523809,0.0,0.0,0.02833438971491726,0.009218304329342895,0.01020408163265306
local_swap_p0,local_swap,0,4861,770026738,"72,139,147",210,18,1680,103,3,5,9,15,24,71,0.23300970873786409,0.6893203883495146,4.359223300970874,low,1,7,108,4.5,0.0,0.0,0.028335150894465557,0.009435173946680791,0.01020408163265306
local_swap_p0,local_swap,0,4861,770026738,"72,139,147",211,19,1688,105,3,5,9,16,25,72,0.23809523809523808,0.6857142857142857,4.3619047619047615,low,1,7,107,4.28,0.0,0.0,0.028335150894465557,0.009435173946680791,0.01020408163265306
local_swap_p0,local_swap,0,4861,770026738,"72,139,147",212,20,1696,102,3,4,9,17,26,69,0.2549019607843137,0.6764705882352942,4.382352941176471,low,1,7,109,4.1923076923076925,0.0,0.0,0.028335150894465557,0.009435173946680791,0.01020408163265306
local_swap_p0,local_swap,0,4861,770026738,"72,139,147",213,21,1704,101,3,5,8,15,23,70,0.22772277227722773,0.693069306930693,4.4950495049504955,low,1,6,106,4.608695652173913,0.0,0.0,0.028335153889590608,0.009435173946680791,0.030612244897959183
local_swap_p0,local_swap,0,4861,770026738,"72,139,147",214,22,1712,100,3,5,8,15,23,69,0.23,0.69,4.51,low,1,6,106,4.608695652173913,0.0,0.0,0.028335153889590608,0.009435173946680791,0.030612244897959183
local_swap_p0,local_swap,0,4861,770026738,"72,139,147",215,23,1720,100,3,5,8,15,23,69,0.23,0.69,4.51,low,1,6,109,4.739130434782608,0.0,0.0,0.028335153889590608,0.009435173946680791,0.030612244897959183
local_swap_p0,local_swap,0,4861,770026738,"72,139,147",216,24,1728,101,3,5,7,17,24,69,0.2376237623762376,0.6831683168316832,4.564356435643564,low,1,6,110,4.583333333333333,0.0,0.0,0.028335153889590608,0.009435173946680791,0.030612244897959183
local_swap_p0,local_swap,0,4861,770026738,"72,139,147",217,25,1736,100,3,5,7,17,24,68,0.24,0.68,4.58,low,1,6,103,4.291666666666667,0.0,0.0,0.028335153889590608,0.009435173946680791,0.030612244897959183
local_swap_p0,local_swap,0,4861,770026738,"72,139,147",218,26,1744,104,3,5,7,19,26,70,0.25,0.6730769230769231,4.548076923076923,low,2,6,111,4.269230769230769,0.0,0.0,0.028335153889590608,0.009435173946680791,0.030612244897959183
local_swap_p0,local_swap,0,4861,770026738,"72,139,147",219,27,1752,105,3,5,7,18,25,72,0.23809523809523808,0.6857142857142857,4.561904761904762,low,2,6,108,4.32,0.0,0.0,0.02833515345845066,0.009435173946680791,0.030612244897959183
local_swap_p0,local_swap,0,4861,770026738,"72,139,147",220,28,1760,103,3,5,7,17,24,71,0.23300970873786409,0.6893203883495146,4.563106796116505,low,1,6,110,4.583333333333333,0.0,0.0,0.02833515345845066,0.009435173946680791,0.030612244897959183
local_swap_p0,local_swap,0,4861,770026738,"72,139,147",221,29,1768,105,3,5,7,16,23,74,0.21904761904761905,0.7047619047619048,4.571428571428571,low,1,6,110,4.782608695652174,0.0,0.0,0.02833515345845066,0.009435173946680791,0.030612244897959183
local_swap_p0,local_swap,0,4861,770026738,"72,139,147",222,30,1776,107,3,5,7,16,23,76,0.21495327102803738,0.7102803738317757,4.672897196261682,low,1,6,110,4.782608695652174,0.0,0.0,0.02833515345845066,0.009435173946680791,0.030612244897959183
local_swap_p0,local_swap,0,4861,770026738,"72,139,147",223,31,1784,110,3,5,7,17,24,78,0.21818181818181817,0.7090909090909091,4.681818181818182,low,1,6,113,4.708333333333333,0.0,0.0,0.02833515345845066,0.009435173946680791,0.030612244897959183
local_swap_p0,local_swap,0,4861,770026738,"72,139,147",224,32,1792,111,3,5,6,17,23,80,0.2072072072072072,0.7207207207207207,4.792792792792793,low,0,7,114,4.956521739130435,0.0,0.0,0.028335152684878538,0.009435173946680791,0.030612244897959183
local_swap_p0,local_swap,0,4861,770026738,"72,139,147",225,33,1800,113,3,5,6,18,24,81,0.21238938053097345,0.7168141592920354,4.778761061946903,low,0,7,116,4.833333333333333,0.0,0.0,0.027676852315737237,0.009435173946680791,0.030612244897959183
local_swap_p0,local_swap,0,4861,770026738,"72,139,147",226,34,1808,112,3,5,7,17,24,80,0.21428571428571427,0.7142857142857143,4.758928571428571,low,0,8,115,4.791666666666667,0.0,0.0,0.027676852315737237,0.009435173946680791,0.030612244897959183
local_swap_p0,local_swap,0,4861,770026738,"72,139,147",227,35,1816,112,3,4,7,16,23,82,0.20535714285714285,0.7321428571428571,4.803571428571429,low,0,7,111,4.826086956521739,0.0,0.0,0.027676852315737237,0.009435173946680791,0.030612244897959183
local_swap_p0,local_swap,0,4861,770026738,"72,139,147",228,36,1824,113,3,4,7,17,24,82,0.21238938053097345,0.7256637168141593,4.79646017699115,low,0,7,113,4.708333333333333,0.0,0.0,0.027676852315737237,0.009435173946680791,0.030612244897959183
local_swap_p0,local_swap,0,4861,770026738,"72,139,147",229,37,1832,114,3,4,7,18,25,82,0.21929824561403508,0.7192982456140351,4.7631578947368425,low,0,7,113,4.52,0.0,0.0,0.027676852315737237,0.009435173946680791,0.030612244897959183
local_swap_p0,local_swap,0,4861,770026738,"72,139,147",230,38,1840,116,3,4,7,18,25,84,0.21551724137931033,0.7241379310344828,4.905172413793103,low,0,7,113,4.52,0.0,0.0,0.027709989481914794,0.009435173946680791,0.030612244897959183
local_swap_p0,local_swap,0,4861,770026738,"72,139,147",231,39,1848,117,3,4,7,19,26,84,0.2222222222222222,0.717948717948718,4.794871794871795,low,0,7,112,4.3076923076923075,0.0,0.0,0.027709989481914794,0.009435173946680791,0.030612244897959183
local_swap_p0,local_swap,0,4861,770026738,"72,139,147",232,40,1856,115,3,5,5,19,24,83,0.20869565217391303,0.7217391304347827,4.817391304347826,low,0,5,109,4.541666666666667,0.0,0.0,0.027709989481914794,0.009435173946680791,0.030612244897959183
local_swap_p0,local_swap,0,4861,770026738,"72,139,147",233,41,1864,114,3,5,5,19,24,82,0.21052631578947367,0.7192982456140351,4.824561403508772,low,0,5,109,4.541666666666667,0.0,0.0,0.027714685237090902,0.009435173946680791,0.030612244897959183
local_swap_p0,local_swap,0,4861,770026738,"72,139,147",234,42,1872,114,3,5,5,18,23,83,0.20175438596491227,0.7280701754385965,4.833333333333333,low,0,5,109,4.739130434782608,0.0,0.0,0.027714685237090902,0.009435173946680791,0.030612244897959183
local_swap_p0,local_swap,0,4861,770026738,"72,139,147",235,43,1880,113,3,5,5,17,22,83,0.19469026548672566,0.7345132743362832,4.849557522123894,low,0,5,106,4.818181818181818,0.0,0.0,0.027714685237090902,0.009435173946680791,0.030612244897959183
local_swap_p0,local_swap,0,4861,770026738,"72,139,147",236,44,1888,112,3,5,5,17,22,82,0.19642857142857142,0.7321428571428571,4.857142857142857,low,0,5,109,4.954545454545454,0.0,0.0,0.027714685237090902,0.009435173946680791,0.030612244897959183
local_swap_p0,local_swap,0,4861,770026738,"72,139,147",237,45,1896,113,3,5,5,18,23,82,0.20353982300884957,0.7256637168141593,4.823008849557522,low,1,5,109,4.739130434782608,0.0,0.0,0.027714685237090902,0.009435173946680791,0.030612244897959183
local_swap_p0,local_swap,0,4861,770026738,"72,139,147",238,46,1904,114,3,5,5,17,22,84,0.19298245614035087,0.7368421052631579,4.868421052631579,low,1,5,107,4.863636363636363,0.0,0.0,0.027714685237090902,0.009435173946680791,0.030612244897959183
local_swap_p0,local_swap,0,4861,770026738,"72,139,147",239,47,1912,115,3,5,6,17,23,84,0.2,0.7304347826086957,4.791304347826087,low,1,6,110,4.782608695652174,0.0,0.0,0.027714685237090902,0.009435173946680791,0.030612244897959183
local_swap_p0,local_swap,0,4861,770026738,"72,139,147",240,48,1920,119,3,5,7,19,26,85,0.2184873949579832,0.7142857142857143,4.739495798319328,low,3,6,112,4.3076923076923075,0.0,0.0,0.027714685237090902,0.009435173946680791,0.030612244897959183
local_swap_p0,local_swap,0,4861,770026738,"72,139,147",241,49,1928,118,3,5,7,20,27,83,0.2288135593220339,0.7033898305084746,4.754237288135593,low,3,6,111,4.111111111111111,0.0,0.0,0.027714685237090902,0.009435173946680791,0.030612244897959183
local_swap_p0,local_swap,0,4861,770026738,"72,139,147",242,50,1936,118,3,5,7,21,28,82,0.23728813559322035,0.6949152542372882,4.737288135593221,low,4,6,111,3.9642857142857144,0.0,0.0,0.027714685237090902,0.009435173946680791,0.030612244897959183
local_swap_p0,local_swap,0,4861,770026738,"72,139,147",243,51,1944,118,3,5,8,21,29,81,0.2457627118644068,0.6864406779661016,4.703389830508475,low,5,5,114,3.9310344827586206,0.0,0.0,0.027714685237090902,0.009435173946680791,0.030612244897959183
local_swap_p0,local_swap,0,4861,770026738,"72,139,147",244,52,1952,119,3,5,8,20,28,83,0.23529411764705882,0.6974789915966386,4.781512605042017,low,3,5,108,3.857142857142857,0.0,0.0,0.027714687944374868,0.009435173946680791,0.04081632653061224
local_swap_p0,local_swap,0,4861,770026738,"72,139,147",245,53,1960,120,3,5,7,20,27,85,0.225,0.7083333333333334,4.816666666666666,low,2,7,105,3.888888888888889,0.0,0.0,0.027714687944374868,0.009435173946680791,0.04081632653061224
local_swap_p0,local_swap,0,4861,770026738,"72,139,147",246,54,1968,122,3,5,7,19,26,88,0.21311475409836064,0.7213114754098361,4.819672131147541,low,2,7,106,4.076923076923077,0.0,0.0,0.027714687944374868,0.009435173946680791,0.04081632653061224
local_swap_p0,local_swap,0,4861,770026738,"72,139,147",247,55,1976,124,3,5,6,20,26,90,0.20967741935483872,0.7258064516129032,4.82258064516129,low,1,8,107,4.115384615384615,0.0,0.0,0.027714687944374868,0.009435173946680791,0.04081632653061224
local_swap_p0,local_swap,0,4861,770026738,"72,139,147",248,56,1984,126,3,5,6,20,26,92,0.20634920634920634,0.7301587301587301,4.801587301587301,low,1,8,107,4.115384615384615,0.0,0.0,0.027714687944374868,0.009435173946680791,0.04081632653061224
local_swap_p0,local_swap,0,4861,770026738,"72,139,147",249,57,1992,127,3,5,6,19,25,94,0.1968503937007874,0.7401574803149606,4.84251968503937,low,1,8,108,4.32,0.0,0.0,0.027714687944374868,0.009435173946680791,0.04081632653061224
local_swap_p0,local_swap,0,4861,770026738,"72,139,147",250,58,2000,125,3,5,6,20,26,91,0.208,0.728,4.84,low,1,8,118,4.538461538461538,0.0,0.0,0.027714687944374868,0.009435173946680791,0.04081632653061224
local_swap_p0,local_swap,0,4861,770026738,"72,139,147",251,59,2008,125,3,5,7,20,27,90,0.216,0.72,4.816,low,1,6,121,4.481481481481482,0.0,0.0,0.027714687944374868,0.009435173946680791,0.04081632653061224
local_swap_p0,local_swap,0,4861,770026738,"72,139,147",252,60,2016,127,3,6,7,20,27,91,0.2125984251968504,0.7165354330708661,4.78740157480315,low,1,6,121,4.481481481481482,0.0,0.0,0.027714687944374868,0.009435173946680791,0.04081632653061224
local_swap_p0,local_swap,0,4861,770026738,"72,139,147",253,61,2024,128,3,7,7,20,27,91,0.2109375,0.7109375,4.75,low,1,6,121,4.481481481481482,0.0,0.0,0.027714687944374868,0.009435173946680791,0.04081632653061224
local_swap_p0,local_swap,0,4861,770026738,"72,139,147",254,62,2032,126,3,6,7,21,28,89,0.2222222222222222,0.7063492063492064,4.833333333333333,low,1,6,120,4.285714285714286,0.0,0.0,0.027714687944374868,0.009435173946680791,0.04081632653061224
local_swap_p0,local_swap,0,4861,770026738,"72,139,147",255,63,2040,127,3,6,7,21,28,90,0.2204724409448819,0.7086614173228346,4.881889763779528,low,1,6,120,4.285714285714286,0.0,0.0,0.027714687944374868,0.009435173946680791,0.04081632653061224
local_swap_p0,local_swap,0,4861,770026738,"72,139,147",256,64,2048,129,3,6,8,21,29,91,0.2248062015503876,0.7054263565891473,4.837209302325581,low,4,5,116,4.0,0.0,0.0,0.027878402886606896,0.009435173946680791,0.04081632653061224
local_swap_p0,local_swap,0,4861,770026738,"72,139,147",257,65,2056,130,3,6,8,23,31,90,0.23846153846153847,0.6923076923076923,4.8,low,4,5,115,3.7096774193548385,0.0,0.0,0.027878402886606896,0.009435173946680791,0.04081632653061224
local_swap_p0,local_swap,0,4861,770026738,"72,139,147",258,66,2064,131,3,6,8,24,32,90,0.24427480916030533,0.6870229007633588,4.854961832061068,low,4,5,114,3.5625,0.0,0.0,0.027878402886606896,0.009435173946680791,0.04081632653061224
local_swap_p0,local_swap,0,4861,770026738,"72,139,147",259,67,2072,133,3,6,9,24,33,91,0.24812030075187969,0.6842105263157895,4.849624060150376,low,5,4,113,3.4242424242424243,0.0,0.0,0.027878402886606896,0.009435173946680791,0.04081632653061224
local_swap_p0,local_swap,0,4861,770026738,"72,139,147",260,68,2080,133,3,6,9,24,33,91,0.24812030075187969,0.6842105263157895,4.842105263157895,low,5,4,114,3.4545454545454546,0.0,0.0,0.027878402886606896,0.009435173946680791,0.04081632653061224
local_swap_p0,local_swap,0,4861,770026738,"72,139,147",261,69,2088,128,3,6,8,24,32,87,0.25,0.6796875,4.859375,low,4,5,115,3.59375,0.0,0.0,0.027878402886606896,0.009435173946680791,0.04081632653061224
local_swap_p0,local_swap,0,4861,770026738,"72,139,147",262,70,2096,125,3,6,8,23,31,85,0.248,0.68,4.888,low,5,5,116,3.7419354838709675,0.0,0.0,0.027878402886606896,0.009435173946680791,0.04081632653061224
local_swap_p0,local_swap,0,4861,770026738,"72,139,147",263,71,2104,126,3,6,7,22,29,88,0.23015873015873015,0.6984126984126984,4.896825396825397,low,5,6,114,3.9310344827586206,0.0,0.0,0.02787824871313491,0.009435173946680791,0.030612244897959183
local_swap_p0,local_swap,0,4861,770026738,"72,139,147",264,72,2112,130,3,7,6,22,28,92,0.2153846153846154,0.7076923076923077,4.884615384615385,low,4,7,111,3.9642857142857144,0.0,0.0,0.02787824871313491,0.009435173946680791,0.030612244897959183
local_swap_p0,local_swap,0,4861,770026738,"72,139,147",265,73,2120,131,3,6,7,21,28,94,0.21374045801526717,0.7175572519083969,4.893129770992366,low,4,8,112,4.0,0.0,0.0,0.02787824871313491,0.009435173946680791,0.030612244897959183
local_swap_p0,local_swap,0,4861,770026738,"72,139,147",266,74,2128,132,3,6,8,22,30,93,0.22727272727272727,0.7045454545454546,4.878787878787879,low,4,8,119,3.966666666666667,0.0,0.0,0.02787824871313491,0.009435173946680791,0.030612244897959183
local_swap_p0,local_swap,0,4861,770026738,"72,139,147",267,75,2136,134,3,6,7,23,30,95,0.22388059701492538,0.7089552238805971,4.888059701492537,low,5,7,117,3.9,0.0,0.0,0.02787824871313491,0.009435173946680791,0.030612244897959183
local_swap_p0,local_swap,0,4861,770026738,"72,139,147",268,76,2144,136,3,6,7,23,30,97,0.22058823529411764,0.7132352941176471,4.904411764705882,low,5,7,117,3.9,0.0,0.0,0.027878253764168342,0.009435173946680791,0.030612244897959183
local_swap_p0,local_swap,0,4861,770026738,"72,139,147",269,77,2152,138,3,6,7,23,30,99,0.21739130434782608,0.717391304347826,4.978260869565218,low,5,7,117,3.9,0.0,0.0,0.027878253764168342,0.009435173946680791,0.030612244897959183
local_swap_p0,local_swap,0,4861,770026738,"72,139,147",270,78,2160,138,3,6,7,23,30,99,0.21739130434782608,0.717391304347826,4.9855072463768115,low,5,7,117,3.9,0.0,0.0,0.027878253764168342,0.009435173946680791,0.030612244897959183
local_swap_p0,local_swap,0,4861,770026738,"72,139,147",271,79,2168,139,3,5,6,24,30,101,0.2158273381294964,0.7266187050359713,5.028776978417266,mid,5,7,114,3.8,0.0,0.0,0.027878253764168342,0.009435173946680791,0.030612244897959183
local_swap_p0,local_swap,0,4861,770026738,"72,139,147",272,80,2176,141,3,5,6,24,30,103,0.2127659574468085,0.7304964539007093,5.0638297872340425,mid,5,7,114,3.8,0.0,0.0,0.027878253764168342,0.009435173946680791,0.030612244897959183
local_swap_p0,local_swap,0,4861,770026738,"72,139,147",273,81,2184,141,3,5,6,24,30,103,0.2127659574468085,0.7304964539007093,5.070921985815603,mid,5,7,114,3.8,0.0,0.0,0.027878253764168342,0.009435173946680791,0.030612244897959183
local_swap_p0,local_swap,0,4861,770026738,"72,139,147",274,82,2192,141,3,6,6,24,30,102,0.2127659574468085,0.723404255319149,5.035460992907802,mid,6,7,114,3.8,0.0,0.0,0.027878253764168342,0.009435173946680791,0.030612244897959183
local_swap_p0,local_swap,0,4861,770026738,"72,139,147",275,83,2200,146,3,6,6,24,30,107,0.2054794520547945,0.7328767123287672,5.082191780821918,mid,6,7,114,3.8,0.0,0.0,0.027878221215630876,0.009435173946680791,0.030612244897959183
local_swap_p0,local_swap,0,4861,770026738,"72,139,147",276,84,2208,145,3,5,7,24,31,106,0.21379310344827587,0.7310344827586207,5.089655172413793,mid,6,8,115,3.7096774193548385,0.0,0.0,0.027878221215630876,0.009435173946680791,0.030612244897959183
local_swap_p0,local_swap,0,4861,770026738,"72,139,147",277,85,2216,146,3,5,7,24,31,107,0.21232876712328766,0.7328767123287672,5.095890410958904,mid,6,8,114,3.6774193548387095,0.0,0.0,0.02800416639103646,0.009435173946680791,0.030612244897959183
local_swap_p0,local_swap,0,4861,770026738,"72,139,147",278,86,2224,147,3,5,7,24,31,108,0.2108843537414966,0.7346938775510204,5.040816326530612,mid,6,8,114,3.6774193548387095,0.0,0.0,0.02800416639103646,0.009435173946680791,0.030612244897959183
local_swap_p0,local_swap,0,4861,770026738,"72,139,147",279,87,2232,148,3,5,7,24,31,109,0.20945945945945946,0.7364864864864865,5.047297297297297,mid,6,8,114,3.6774193548387095,0.0,0.0,0.02800416639103646,0.009435173946680791,0.030612244897959183
local_swap_p0,local_swap,0,4861,770026738,"72,139,147",280,88,2240,147,3,5,7,23,30,109,0.20408163265306123,0.7414965986394558,5.061224489795919,mid,6,8,114,3.8,0.0,0.0,0.02800416639103646,0.009435173946680791,0.030612244897959183
local_swap_p0,local_swap,0,4861,770026738,"72,139,147",281,89,2248,149,3,5,7,23,30,111,0.20134228187919462,0.7449664429530202,5.053691275167785,mid,6,8,111,3.7,0.0,0.0,0.02800416639103646,0.009435173946680791,0.030612244897959183
local_swap_p0,local_swap,0,4861,770026738,"72,139,147",282,90,2256,153,3,5,7,23,30,115,0.19607843137254902,0.7516339869281046,4.9869281045751634,low,6,8,110,3.6666666666666665,0.0,0.0,0.028010793605178937,0.009435173946680791,0.030612244897959183
local_swap_p0,local_swap,0,4861,770026738,"72,139,147",283,91,2264,152,3,5,7,23,30,114,0.19736842105263158,0.75,4.980263157894737,low,6,8,108,3.6,0.0,0.0,0.028010793605178937,0.009435173946680791,0.030612244897959183
local_swap_p0,local_swap,0,4861,770026738,"72,139,147",284,92,2272,153,3,5,7,23,30,115,0.19607843137254902,0.7516339869281046,4.980392156862745,low,6,8,108,3.6,0.0,0.0,0.028010793605178937,0.009435173946680791,0.030612244897959183
local_swap_p0,local_swap,0,4861,770026738,"72,139,147",285,93,2280,155,3,5,8,25,33,114,0.2129032258064516,0.7354838709677419,4.948387096774193,low,7,7,108,3.272727272727273,0.0,0.0,0.028010793605178937,0.009435173946680791,0.030612244897959183
local_swap_p0,local_swap,0,4861,770026738,"72,139,147",286,94,2288,154,3,5,8,24,32,114,0.2077922077922078,0.7402597402597403,4.961038961038961,low,5,7,108,3.375,0.0,0.0,0.028010793605178937,0.009435173946680791,0.030612244897959183
local_swap_p0,local_swap,0,4861,770026738,"72,139,147",287,95,2296,153,3,6,7,24,31,113,0.20261437908496732,0.738562091503268,4.954248366013072,low,5,6,107,3.4516129032258065,0.0,0.0,0.028010793605178937,0.009435173946680791,0.030612244897959183
local_swap_p0,local_swap,0,4861,770026738,"72,139,147",288,96,2304,157,3,6,7,25,32,116,0.20382165605095542,0.7388535031847133,4.942675159235669,low,5,6,109,3.40625,0.0,0.0,0.020333153009533148,0.009435173946680791,0.04081632653061224
local_swap_p0,local_swap,0,4861,770026738,"72,139,147",289,97,2312,158,3,6,7,25,32,117,0.20253164556962025,0.740506329113924,4.955696202531645,low,5,6,109,3.40625,0.0,0.0,0.020333153009533148,0.009435173946680791,0.04081632653061224
local_swap_p0,local_swap,0,4861,770026738,"72,139,147",290,98,2320,158,3,6,7,25,32,117,0.20253164556962025,0.740506329113924,4.955696202531645,low,5,6,109,3.40625,0.0,0.0,0.020333153009533148,0.009435173946680791,0.04081632653061224
local_swap_p0,local_swap,0,4861,770026738,"72,139,147",291,99,2328,160,3,6,7,26,33,118,0.20625,0.7375,4.95,low,5,6,111,3.3636363636363638,0.0,0.0,0.014107008355281244,0.009435173946680791,0.04081632653061224
local_swap_p0,local_swap,0,4861,770026738,"72,139,147",292,100,2336,157,3,6,7,24,31,117,0.19745222929936307,0.7452229299363057,4.980891719745223,low,5,6,110,3.5483870967741935,0.0,0.0,0.014107008355281244,0.009435173946680791,0.04081632653061224
local_swap_p0,local_swap,0,4861,770026738,"72,139,147",293,101,2344,160,3,6,8,25,33,118,0.20625,0.7375,4.94375,low,6,6,114,3.4545454545454546,0.0,0.0,0.014107008355281244,0.009435173946680791,0.04081632653061224
local_swap_p0,local_swap,0,4861,770026738,"72,139,147",294,102,2352,160,3,6,8,25,33,118,0.20625,0.7375,4.9375,low,6,6,114,3.4545454545454546,0.0,0.0,0.014107008355281244,0.009435173946680791,0.04081632653061224
local_swap_p0,local_swap,0,4861,770026738,"72,139,147",295,103,2360,161,3,6,8,25,33,119,0.20496894409937888,0.7391304347826086,4.950310559006211,low,6,6,113,3.4242424242424243,0.0,0.0,0.014228673280769764,0.009435173946680791,0.04081632653061224
local_swap_p0,local_swap,0,4861,770026738,"72,139,147",296,104,2368,159,3,6,8,25,33,117,0.20754716981132076,0.7358490566037735,4.867924528301887,low,6,6,113,3.4242424242424243,0.0,0.0,0.014228673280769764,0.009435173946680791,0.04081632653061224
local_swap_p0,local_swap,0,4861,770026738,"72,139,147",297,105,2376,163,3,6,9,26,35,119,0.2147239263803681,0.7300613496932515,4.828220858895706,low,6,6,114,3.257142857142857,0.0,0.0,0.014228673280769764,0.009435173946680791,0.04081632653061224
local_swap_p0,local_swap,0,4861,770026738,"72,139,147",298,106,2384,161,3,6,9,27,36,116,0.2236024844720497,0.7204968944099379,4.813664596273292,low,6,7,118,3.2777777777777777,0.0,0.0,0.014228673280769764,0.009435173946680791,0.04081632653061224
local_swap_p0,local_swap,0,4861,770026738,"72,139,147",299,107,2392,160,3,6,9,27,36,115,0.225,0.71875,4.8125,low,6,7,120,3.3333333333333335,0.0,0.0,0.014228673280769764,0.009435173946680791,0.04081632653061224
local_swap_p0,local_swap,0,4861,770026738,"72,139,147",300,108,2400,162,3,6,9,30,39,114,0.24074074074074073,0.7037037037037037,4.765432098765432,low,6,6,120,3.076923076923077,0.0,0.0,0.014228673280769764,0.009435173946680791,0.04081632653061224
local_swap_p0,local_swap,0,4861,770026738,"72,139,147",301,109,2408,161,3,5,10,31,41,112,0.2546583850931677,0.6956521739130435,4.751552795031056,low,6,7,121,2.951219512195122,0.0,0.0,0.014228673280769764,0.009435173946680791,0.04081632653061224
local_swap_p0,local_swap,0,4861,770026738,"72,139,147",302,110,2416,161,3,6,9,29,38,114,0.2360248447204969,0.7080745341614907,4.77639751552795,low,5,9,119,3.1315789473684212,0.0,0.0,0.014228673280769764,0.009435173946680791,0.04081632653061224
local_swap_p0,local_swap,0,4861,770026738,"72,139,147",303,111,2424,160,3,6,9,28,37,114,0.23125,0.7125,4.7375,low,5,9,118,3.189189189189189,0.0,0.0,0.014228673280769764,0.009435173946680791,0.04081632653061224
local_swap_p0,local_swap,0,4861,770026738,"72,139,147",304,112,2432,158,3,5,9,27,36,114,0.22784810126582278,0.7215189873417721,4.772151898734177,low,4,9,118,3.2777777777777777,0.0,0.0,0.014228673280769764,0.009435173946680791,0.04081632653061224
local_swap_p0,local_swap,0,4861,770026738,"72,139,147",305,113,2440,156,3,5,9,27,36,112,0.23076923076923078,0.717948717948718,4.756410256410256,low,4,9,118,3.2777777777777777,0.0,0.0,0.014228673280769764,0.009435173946680791,0.04081632653061224
local_swap_p0,local_swap,0,4861,770026738,"72,139,147",306,114,2448,156,3,6,9,25,34,113,0.21794871794871795,0.7243589743589743,4.743589743589744,low,4,9,118,3.4705882352941178,0.0,0.0,0.014228673280769764,0.009435173946680791,0.04081632653061224
local_swap_p0,local_swap,0,4861,770026738,"72,139,147",307,115,2456,157,3,6,9,27,36,112,0.22929936305732485,0.7133757961783439,4.732484076433121,low,4,9,118,3.2777777777777777,0.0,0.0,0.014228673280769764,0.009435173946680791,0.04081632653061224
local_swap_p0,local_swap,0,4861,770026738,"72,139,147",308,116,2464,156,3,7,9,28,37,109,0.23717948717948717,0.6987179487179487,4.705128205128205,low,4,9,117,3.1621621621621623,0.0,0.0,0.014228673280769764,0.009435173946680791,0.04081632653061224
local_swap_p0,local_swap,0,4861,770026738,"72,139,147",309,117,2472,156,3,6,9,29,38,109,0.24358974358974358,0.6987179487179487,4.717948717948718,low,6,9,117,3.0789473684210527,0.0,0.0,0.014228673280769764,0.009435173946680791,0.04081632653061224
local_swap_p0,local_swap,0,4861,770026738,"72,139,147",310,118,2480,156,3,5,9,28,37,111,0.23717948717948717,0.7115384615384616,4.865384615384615,low,6,8,113,3.054054054054054,0.0,0.0,0.014228673280769764,0.009435173946680791,0.04081632653061224
local_swap_p0,local_swap,0,4861,770026738,"72,139,147",311,119,2488,158,3,5,9,28,37,113,0.23417721518987342,0.7151898734177216,4.860759493670886,low,6,8,113,3.054054054054054,0.0,0.0,0.014228673280769764,0.009435173946680791,0.04081632653061224
local_swap_p0,local_swap,0,4861,770026738,"72,139,147",312,120,2496,157,3,5,9,28,37,112,0.2356687898089172,0.7133757961783439,4.859872611464968,low,6,8,113,3.054054054054054,0.0,0.0,0.014228673280769764,0.009435173946680791,0.04081632653061224
local_swap_p0,local_swap,0,4861,770026738,"72,139,147",313,121,2504,156,3,5,9,28,37,111,0.23717948717948717,0.7115384615384616,4.858974358974359,low,6,8,113,3.054054054054054,0.0,0.0,0.014228673280769764,0.009435173946680791,0.04081632653061224
local_swap_p0,local_swap,0,4861,770026738,"72,139,147",314,122,2512,157,3,5,9,30,39,110,0.2484076433121019,0.7006369426751592,4.834394904458598,low,6,8,117,3.0,0.0,0.0,0.014228673280769764,0.009435173946680791,0.04081632653061224
local_swap_p0,local_swap,0,4861,770026738,"72,139,147",315,123,2520,157,3,5,9,30,39,110,0.2484076433121019,0.7006369426751592,4.828025477707007,low,6,8,117,3.0,0.0,0.0,0.014228673280769764,0.009435173946680791,0.04081632653061224
local_swap_p0,local_swap,0,4861,770026738,"72,139,147",316,124,2528,157,3,5,9,30,39,110,0.2484076433121019,0.7006369426751592,4.821656050955414,low,6,8,117,3.0,0.0,0.0,0.014228673280769764,0.009435173946680791,0.04081632653061224
local_swap_p0,local_swap,0,4861,770026738,"72,139,147",317,125,2536,159,3,5,9,30,39,112,0.24528301886792453,0.7044025157232704,4.8742138364779874,low,6,8,117,3.0,0.0,0.0,0.014228673280769764,0.009435173946680791,0.04081632653061224
local_swap_p0,local_swap,0,4861,770026738,"72,139,147",318,126,2544,158,3,5,9,31,40,110,0.25316455696202533,0.6962025316455697,4.810126582278481,low,6,8,118,2.95,0.0,0.0,0.014228673280769764,0.009435173946680791,0.04081632653061224
local_swap_p0,local_swap,0,4861,770026738,"72,139,147",319,127,2552,156,3,4,9,32,41,108,0.26282051282051283,0.6923076923076923,4.826923076923077,low,6,8,119,2.902439024390244,0.0,0.0,0.014228673280769764,0.009435173946680791,0.04081632653061224
local_swap_p0,local_swap,0,4861,770026738,"72,139,147",320,128,2560,156,3,4,9,32,41,108,0.26282051282051283,0.6923076923076923,4.955128205128205,low,6,8,119,2.902439024390244,0.0,0.0,0.014228666051295996,0.009435173946680791,0.02040816326530612
local_swap_p2,local_swap,2,4703,770028580,"3,80,162",192,0,1536,11,3,4,1,1,2,2,0.18181818181818182,0.18181818181818182,2.090909090909091,low,0,2,9,4.5,0.0,0.0,2.5447978758609434e-08,0.0,0.0
local_swap_p2,local_swap,2,4703,770028580,"3,80,162",193,1,1544,11,3,4,1,1,2,2,0.18181818181818182,0.18181818181818182,2.090909090909091,low,0,2,9,4.5,0.0,0.0,2.5447978758609434e-08,0.0,0.0
local_swap_p2,local_swap,2,4703,770028580,"3,80,162",194,2,1552,11,3,4,1,1,2,2,0.18181818181818182,0.18181818181818182,2.090909090909091,low,0,2,9,4.5,0.0,0.0,2.5447978758609434e-08,0.0,0.0
local_swap_p2,local_swap,2,4703,770028580,"3,80,162",195,3,1560,11,3,4,1,1,2,2,0.18181818181818182,0.18181818181818182,2.090909090909091,low,0,2,9,4.5,0.0,0.0,2.5447978758609434e-08,0.0,0.0
local_swap_p2,local_swap,2,4703,770028580,"3,80,162",196,4,1568,11,3,4,1,1,2,2,0.18181818181818182,0.18181818181818182,2.1818181818181817,low,0,2,9,4.5,0.0,0.0,2.5447978758609434e-08,0.0,0.0
local_swap_p2,local_swap,2,4703,770028580,"3,80,162",197,5,1576,11,3,4,1,1,2,2,0.18181818181818182,0.18181818181818182,2.1818181818181817,low,0,2,9,4.5,0.0,0.0,2.5447978758609434e-08,0.0,0.0
local_swap_p2,local_swap,2,4703,770028580,"3,80,162",198,6,1584,11,3,4,1,1,2,2,0.18181818181818182,0.18181818181818182,2.1818181818181817,low,0,2,9,4.5,0.0,0.0,2.5448770668245903e-08,0.0,0.0
local_swap_p2,local_swap,2,4703,770028580,"3,80,162",199,7,1592,11,3,4,1,1,2,2,0.18181818181818182,0.18181818181818182,2.1818181818181817,low,0,2,9,4.5,0.0,0.0,2.5448770668245903e-08,0.0,0.0
local_swap_p2,local_swap,2,4703,770028580,"3,80,162",200,8,1600,11,3,4,1,1,2,2,0.18181818181818182,0.18181818181818182,2.1818181818181817,low,0,2,9,4.5,0.0,0.0,2.5448770668245903e-08,0.0,0.0
local_swap_p2,local_swap,2,4703,770028580,"3,80,162",201,9,1608,9,3,2,1,1,2,2,0.2222222222222222,0.2222222222222222,2.4444444444444446,low,0,2,9,4.5,0.0,0.0,2.5448770668245903e-08,0.0,0.0
local_swap_p2,local_swap,2,4703,770028580,"3,80,162",202,10,1616,10,3,3,1,1,2,2,0.2,0.2,2.2,low,0,2,9,4.5,0.0,0.0,2.5448770668245903e-08,0.0,0.0
local_swap_p2,local_swap,2,4703,770028580,"3,80,162",203,11,1624,10,3,3,2,0,2,2,0.2,0.2,2.1,low,0,2,10,5.0,0.0,0.0,2.5448770668245903e-08,0.0,0.0
local_swap_p2,local_swap,2,4703,770028580,"3,80,162",204,12,1632,10,3,3,2,0,2,2,0.2,0.2,2.1,low,0,2,10,5.0,0.0,0.0,2.5448770668245903e-08,0.0,0.0
local_swap_p2,local_swap,2,4703,770028580,"3,80,162",205,13,1640,10,3,3,2,0,2,2,0.2,0.2,2.1,low,0,2,10,5.0,0.0,0.0,2.5448770668245903e-08,0.0,0.0
local_swap_p2,local_swap,2,4703,770028580,"3,80,162",206,14,1648,10,3,3,2,0,2,2,0.2,0.2,2.1,low,0,2,10,5.0,0.0,0.0,2.5448770668245903e-08,0.0,0.0
local_swap_p2,local_swap,2,4703,770028580,"3,80,162",207,15,1656,11,3,5,0,1,1,2,0.09090909090909091,0.18181818181818182,2.0,low,0,1,3,3.0,0.0,0.0,2.165441969770167e-08,0.0,0.0
local_swap_p2,local_swap,2,4703,770028580,"3,80,162",208,16,1664,11,3,5,0,1,1,2,0.09090909090909091,0.18181818181818182,2.0,low,0,1,3,3.0,0.0,0.0,2.4183903932179434e-08,0.0,0.0
local_swap_p2,local_swap,2,4703,770028580,"3,80,162",209,17,1672,12,3,6,0,1,1,2,0.08333333333333333,0.16666666666666666,1.9166666666666667,low,0,1,3,3.0,0.0,0.0,2.4183903932179434e-08,0.0,0.0
local_swap_p2,local_swap,2,4703,770028580,"3,80,162",210,18,1680,10,3,4,0,1,1,2,0.1,0.2,2.1,low,0,1,3,3.0,0.0,0.0,2.4183903932179434e-08,0.0,0.0
local_swap_p2,local_swap,2,4703,770028580,"3,80,162",211,19,1688,10,3,4,0,1,1,2,0.1,0.2,2.1,low,0,1,3,3.0,0.0,0.0,2.4183903932179434e-08,0.0,0.0
local_swap_p2,local_swap,2,4703,770028580,"3,80,162",212,20,1696,10,3,4,0,1,1,2,0.1,0.2,2.1,low,0,1,3,3.0,0.0,0.0,2.4183903932179434e-08,0.0,0.0
local_swap_p2,local_swap,2,4703,770028580,"3,80,162",213,21,1704,10,3,4,0,1,1,2,0.1,0.2,2.1,low,0,1,3,3.0,0.0,0.0,2.4183903932179434e-08,0.0,0.0
local_swap_p2,local_swap,2,4703,770028580,"3,80,162",214,22,1712,10,3,4,0,1,1,2,0.1,0.2,2.1,low,0,1,3,3.0,0.0,0.0,2.0556858512486552e-08,0.0,0.0
local_swap_p2,local_swap,2,4703,770028580,"3,80,162",215,23,1720,10,3,4,0,1,1,2,0.1,0.2,2.1,low,0,1,3,3.0,0.0,0.0,2.0556858512486552e-08,0.0,0.0
local_swap_p2,local_swap,2,4703,770028580,"3,80,162",216,24,1728,11,3,5,0,1,1,2,0.09090909090909091,0.18181818181818182,2.090909090909091,low,0,1,3,3.0,0.0,0.0,2.0556858512486552e-08,0.0,0.0
local_swap_p2,local_swap,2,4703,770028580,"3,80,162",217,25,1736,11,3,5,0,1,1,2,0.09090909090909091,0.18181818181818182,2.090909090909091,low,0,1,3,3.0,0.0,0.0,2.0556858512486552e-08,0.0,0.0
local_swap_p2,local_swap,2,4703,770028580,"3,80,162",218,26,1744,11,3,5,0,1,1,2,0.09090909090909091,0.18181818181818182,2.090909090909091,low,0,1,3,3.0,0.0,0.0,2.0556858512486552e-08,0.0,0.0
local_swap_p2,local_swap,2,4703,770028580,"3,80,162",219,27,1752,11,3,5,0,1,1,2,0.09090909090909091,0.18181818181818182,2.090909090909091,low,0,1,3,3.0,0.0,0.0,2.0129125340759523e-08,0.0,0.0
local_swap_p2,local_swap,2,4703,770028580,"3,80,162",220,28,1760,11,3,5,0,1,1,2,0.09090909090909091,0.18181818181818182,2.090909090909091,low,0,1,3,3.0,0.0,0.0,2.0129125340759523e-08,0.0,0.0
local_swap_p2,local_swap,2,4703,770028580,"3,80,162",221,29,1768,11,3,5,0,1,1,2,0.09090909090909091,0.18181818181818182,2.090909090909091,low,0,1,3,3.0,0.0,0.0,2.0129125340759523e-08,0.0,0.0
local_swap_p2,local_swap,2,4703,770028580,"3,80,162",222,30,1776,11,3,5,0,1,1,2,0.09090909090909091,0.18181818181818182,2.090909090909091,low,0,1,3,3.0,0.0,0.0,2.0129125340759523e-08,0.0,0.0
local_swap_p2,local_swap,2,4703,770028580,"3,80,162",223,31,1784,11,3,5,0,1,1,2,0.09090909090909091,0.18181818181818182,2.090909090909091,low,0,1,3,3.0,0.0,0.0,2.0129125340759523e-08,0.0,0.0
local_swap_p2,local_swap,2,4703,770028580,"3,80,162",224,32,1792,11,3,5,0,1,1,2,0.09090909090909091,0.18181818181818182,2.090909090909091,low,0,1,3,3.0,0.0,0.0,2.0129125340759523e-08,0.0,0.0
local_swap_p2,local_swap,2,4703,770028580,"3,80,162",225,33,1800,11,3,5,0,1,1,2,0.09090909090909091,0.18181818181818182,2.090909090909091,low,0,1,3,3.0,0.0,0.0,2.637160836492462e-08,0.0,0.0
local_swap_p2,local_swap,2,4703,770028580,"3,80,162",226,34,1808,11,3,5,0,1,1,2,0.09090909090909091,0.18181818181818182,2.090909090909091,low,0,1,3,3.0,0.0,0.0,2.637160836492462e-08,0.0,0.0
local_swap_p2,local_swap,2,4703,770028580,"3,80,162",227,35,1816,11,3,5,0,1,1,2,0.09090909090909091,0.18181818181818182,2.090909090909091,low,0,1,3,3.0,0.0,0.0,2.637160836492462e-08,0.0,0.0
local_swap_p2,local_swap,2,4703,770028580,"3,80,162",228,36,1824,11,3,5,0,1,1,2,0.09090909090909091,0.18181818181818182,2.090909090909091,low,0,1,3,3.0,0.0,0.0,2.640637378199305e-08,0.0,0.0
local_swap_p2,local_swap,2,4703,770028580,"3,80,162",229,37,1832,11,3,5,1,0,1,2,0.09090909090909091,0.18181818181818182,1.9090909090909092,low,0,1,8,8.0,0.0,0.0,2.640637378199305e-08,0.0,0.0
local_swap_p2,local_swap,2,4703,770028580,"3,80,162",230,38,1840,11,3,5,1,0,1,2,0.09090909090909091,0.18181818181818182,1.9090909090909092,low,0,1,8,8.0,0.0,0.0,2.640637378199305e-08,0.0,0.0
local_swap_p2,local_swap,2,4703,770028580,"3,80,162",231,39,1848,11,3,5,1,0,1,2,0.09090909090909091,0.18181818181818182,1.9090909090909092,low,0,1,8,8.0,0.0,0.0,2.640637378199305e-08,0.0,0.0
local_swap_p2,local_swap,2,4703,770028580,"3,80,162",232,40,1856,11,3,5,1,0,1,2,0.09090909090909091,0.18181818181818182,1.9090909090909092,low,0,1,8,8.0,0.0,0.0,2.640637378199305e-08,0.0,0.0
local_swap_p2,local_swap,2,4703,770028580,"3,80,162",233,41,1864,11,3,5,1,0,1,2,0.09090909090909091,0.18181818181818182,1.9090909090909092,low,0,1,8,8.0,0.0,0.0,2.640637378199305e-08,0.0,0.0
local_swap_p2,local_swap,2,4703,770028580,"3,80,162",234,42,1872,11,3,5,1,0,1,2,0.09090909090909091,0.18181818181818182,1.9090909090909092,low,0,1,8,8.0,0.0,0.0,2.640637378199305e-08,0.0,0.0
local_swap_p2,local_swap,2,4703,770028580,"3,80,162",235,43,1880,11,3,5,1,0,1,2,0.09090909090909091,0.18181818181818182,1.9090909090909092,low,0,1,8,8.0,0.0,0.0,2.9080629578942197e-08,0.0,0.0
local_swap_p2,local_swap,2,4703,770028580,"3,80,162",236,44,1888,11,3,5,1,0,1,2,0.09090909090909091,0.18181818181818182,1.9090909090909092,low,0,1,8,8.0,0.0,0.0,2.9080629578942197e-08,0.0,0.0
local_swap_p2,local_swap,2,4703,770028580,"3,80,162",237,45,1896,11,3,5,1,0,1,2,0.09090909090909091,0.18181818181818182,1.9090909090909092,low,0,1,8,8.0,0.0,0.0,2.9080629578942197e-08,0.0,0.0
local_swap_p2,local_swap,2,4703,770028580,"3,80,162",238,46,1904,11,3,5,1,0,1,2,0.09090909090909091,0.18181818181818182,1.9090909090909092,low,0,1,8,8.0,0.0,0.0,2.9080629578942197e-08,0.0,0.0
local_swap_p2,local_swap,2,4703,770028580,"3,80,162",239,47,1912,11,3,5,1,0,1,2,0.09090909090909091,0.18181818181818182,1.9090909090909092,low,0,1,8,8.0,0.0,0.0,2.9080629578942197e-08,0.0,0.0
local_swap_p2,local_swap,2,4703,770028580,"3,80,162",240,48,1920,11,3,5,1,0,1,2,0.09090909090909091,0.18181818181818182,1.9090909090909092,low,0,1,8,8.0,0.0,0.0,2.9080629578942197e-08,0.0,0.0
local_swap_p2,local_swap,2,4703,770028580,"3,80,162",241,49,1928,12,3,6,1,0,1,2,0.08333333333333333,0.16666666666666666,1.8333333333333333,low,0,1,8,8.0,0.0,0.0,2.9080629578942197e-08,0.0,0.0
local_swap_p2,local_swap,2,4703,770028580,"3,80,162",242,50,1936,13,3,7,1,0,1,2,0.07692307692307693,0.15384615384615385,1.7692307692307692,low,0,1,8,8.0,0.0,0.0,2.8435714913184323e-08,0.0,0.0
local_swap_p2,local_swap,2,4703,770028580,"3,80,162",243,51,1944,13,3,7,1,0,1,2,0.07692307692307693,0.15384615384615385,1.7692307692307692,low,0,1,8,8.0,0.0,0.0,2.8435714913184323e-08,0.0,0.0
local_swap_p2,local_swap,2,4703,770028580,"3,80,162",244,52,1952,13,3,7,1,0,1,2,0.07692307692307693,0.15384615384615385,1.7692307692307692,low,0,1,8,8.0,0.0,0.0,2.8435714913184323e-08,0.0,0.0
local_swap_p2,local_swap,2,4703,770028580,"3,80,162",245,53,1960,13,3,7,1,0,1,2,0.07692307692307693,0.15384615384615385,1.7692307692307692,low,0,1,8,8.0,0.0,0.0,2.8435714913184323e-08,0.0,0.0
local_swap_p2,local_swap,2,4703,770028580,"3,80,162",246,54,1968,13,3,7,1,0,1,2,0.07692307692307693,0.15384615384615385,1.7692307692307692,low,0,1,8,8.0,0.0,0.0,2.8435714913184323e-08,0.0,0.0
local_swap_p2,local_swap,2,4703,770028580,"3,80,162",247,55,1976,13,3,7,1,0,1,2,0.07692307692307693,0.15384615384615385,1.7692307692307692,low,0,1,8,8.0,0.0,0.0,2.8435714913184323e-08,0.0,0.0
local_swap_p2,local_swap,2,4703,770028580,"3,80,162",248,56,1984,12,3,6,1,0,1,2,0.08333333333333333,0.16666666666666666,1.8333333333333333,low,0,1,8,8.0,0.0,0.0,2.8435714913184323e-08,0.0,0.0
local_swap_p2,local_swap,2,4703,770028580,"3,80,162",249,57,1992,12,3,5,2,0,2,2,0.16666666666666666,0.16666666666666666,1.9166666666666667,low,0,2,11,5.5,0.0,0.0,2.8435714913184323e-08,0.0,0.0
local_swap_p2,local_swap,2,4703,770028580,"3,80,162",250,58,2000,12,3,5,2,0,2,2,0.16666666666666666,0.16666666666666666,1.9166666666666667,low,0,2,11,5.5,0.0,0.0,2.8435714913184323e-08,0.0,0.0
local_swap_p2,local_swap,2,4703,770028580,"3,80,162",251,59,2008,12,3,5,2,0,2,2,0.16666666666666666,0.16666666666666666,1.9166666666666667,low,0,2,11,5.5,0.0,0.0,2.8435714913184323e-08,0.0,0.0
local_swap_p2,local_swap,2,4703,770028580,"3,80,162",252,60,2016,12,3,5,2,0,2,2,0.16666666666666666,0.16666666666666666,1.9166666666666667,low,0,2,11,5.5,0.0,0.0,2.8435714913184323e-08,0.0,0.0
local_swap_p2,local_swap,2,4703,770028580,"3,80,162",253,61,2024,12,3,5,2,0,2,2,0.16666666666666666,0.16666666666666666,1.9166666666666667,low,0,2,11,5.5,0.0,0.0,2.8435714913184323e-08,0.0,0.0
local_swap_p2,local_swap,2,4703,770028580,"3,80,162",254,62,2032,12,3,5,2,0,2,2,0.16666666666666666,0.16666666666666666,1.9166666666666667,low,0,2,11,5.5,0.0,0.0,2.8435714913184323e-08,0.0,0.0
local_swap_p2,local_swap,2,4703,770028580,"3,80,162",255,63,2040,12,3,5,2,0,2,2,0.16666666666666666,0.16666666666666666,1.9166666666666667,low,0,2,11,5.5,0.0,0.0,2.8435714913184323e-08,0.0,0.0
local_swap_p2,local_swap,2,4703,770028580,"3,80,162",256,64,2048,12,3,5,2,0,2,2,0.16666666666666666,0.16666666666666666,1.9166666666666667,low,0,2,11,5.5,0.0,0.0,2.8435714913184323e-08,0.0,0.0
local_swap_p2,local_swap,2,4703,770028580,"3,80,162",257,65,2056,12,3,5,2,0,2,2,0.16666666666666666,0.16666666666666666,1.9166666666666667,low,0,2,11,5.5,0.0,0.0,2.8435714913184323e-08,0.0,0.0
local_swap_p2,local_swap,2,4703,770028580,"3,80,162",258,66,2064,12,3,5,2,0,2,2,0.16666666666666666,0.16666666666666666,1.9166666666666667,low,0,2,11,5.5,0.0,0.0,2.8435714913184323e-08,0.0,0.0
local_swap_p2,local_swap,2,4703,770028580,"3,80,162",259,67,2072,12,3,5,2,0,2,2,0.16666666666666666,0.16666666666666666,1.9166666666666667,low,0,2,11,5.5,0.0,0.0,2.8435714913184323e-08,0.0,0.0
local_swap_p2,local_swap,2,4703,770028580,"3,80,162",260,68,2080,12,3,5,2,0,2,2,0.16666666666666666,0.16666666666666666,1.9166666666666667,low,0,2,11,5.5,0.0,0.0,2.8435714913184323e-08,0.0,0.0
local_swap_p2,local_swap,2,4703,770028580,"3,80,162",261,69,2088,12,3,5,2,0,2,2,0.16666666666666666,0.16666666666666666,1.9166666666666667,low,0,2,11,5.5,0.0,0.0,2.8435714913184323e-08,0.0,0.0
local_swap_p2,local_swap,2,4703,770028580,"3,80,162",262,70,2096,12,3,5,1,1,2,2,0.16666666666666666,0.16666666666666666,1.9166666666666667,low,0,2,4,2.0,0.0,0.0,2.8435714913184323e-08,0.0,0.0
local_swap_p2,local_swap,2,4703,770028580,"3,80,162",263,71,2104,12,3,5,1,1,2,2,0.16666666666666666,0.16666666666666666,1.9166666666666667,low,0,2,4,2.0,0.0,0.0,2.8435714913184323e-08,0.0,0.0
local_swap_p2,local_swap,2,4703,770028580,"3,80,162",264,72,2112,12,3,5,1,1,2,2,0.16666666666666666,0.16666666666666666,1.9166666666666667,low,0,2,4,2.0,0.0,0.0,2.8435714913184323e-08,0.0,0.0
local_swap_p2,local_swap,2,4703,770028580,"3,80,162",265,73,2120,12,3,5,1,1,2,2,0.16666666666666666,0.16666666666666666,1.9166666666666667,low,0,2,4,2.0,0.0,0.0,2.8435714913184323e-08,0.0,0.0
local_swap_p2,local_swap,2,4703,770028580,"3,80,162",266,74,2128,12,3,5,1,1,2,2,0.16666666666666666,0.16666666666666666,1.9166666666666667,low,0,2,4,2.0,0.0,0.0,2.8435714913184323e-08,0.0,0.0
local_swap_p2,local_swap,2,4703,770028580,"3,80,162",267,75,2136,12,3,6,1,0,1,2,0.08333333333333333,0.16666666666666666,1.75,low,0,1,8,8.0,0.0,0.0,2.8435714913184323e-08,0.0,0.0
local_swap_p2,local_swap,2,4703,770028580,"3,80,162",268,76,2144,12,3,6,0,1,1,2,0.08333333333333333,0.16666666666666666,1.9166666666666667,low,0,1,2,2.0,0.0,0.0,2.8435714913184323e-08,0.0,0.0
local_swap_p2,local_swap,2,4703,770028580,"3,80,162",269,77,2152,13,3,7,1,0,1,2,0.07692307692307693,0.15384615384615385,1.7692307692307692,low,0,1,8,8.0,0.0,0.0,2.8435714913184323e-08,0.0,0.0
local_swap_p2,local_swap,2,4703,770028580,"3,80,162",270,78,2160,12,3,6,1,0,1,2,0.08333333333333333,0.16666666666666666,1.8333333333333333,low,0,1,8,8.0,0.0,0.0,2.8435714913184323e-08,0.0,0.0
local_swap_p2,local_swap,2,4703,770028580,"3,80,162",271,79,2168,12,3,6,1,0,1,2,0.08333333333333333,0.16666666666666666,1.8333333333333333,low,0,1,8,8.0,0.0,0.0,2.8435714913184323e-08,0.0,0.0
local_swap_p2,local_swap,2,4703,770028580,"3,80,162",272,80,2176,13,3,6,2,0,2,2,0.15384615384615385,0.15384615384615385,1.8461538461538463,low,0,2,10,5.0,0.0,0.0,2.8435714913184323e-08,0.0,0.0
local_swap_p2,local_swap,2,4703,770028580,"3,80,162",273,81,2184,13,3,6,2,0,2,2,0.15384615384615385,0.15384615384615385,1.8461538461538463,low,0,2,10,5.0,0.0,0.0,2.8384550952736827e-08,0.0,0.0
local_swap_p2,local_swap,2,4703,770028580,"3,80,162",274,82,2192,13,3,6,2,0,2,2,0.15384615384615385,0.15384615384615385,1.8461538461538463,low,0,2,10,5.0,0.0,0.0,2.8384550952736827e-08,0.0,0.0
local_swap_p2,local_swap,2,4703,770028580,"3,80,162",275,83,2200,13,3,6,2,0,2,2,0.15384615384615385,0.15384615384615385,1.8461538461538463,low,0,2,10,5.0,0.0,0.0,2.8384550952736827e-08,0.0,0.0
local_swap_p2,local_swap,2,4703,770028580,"3,80,162",276,84,2208,13,3,6,2,0,2,2,0.15384615384615385,0.15384615384615385,1.8461538461538463,low,0,2,10,5.0,0.0,0.0,2.8384550952736827e-08,0.0,0.0
local_swap_p2,local_swap,2,4703,770028580,"3,80,162",277,85,2216,13,3,6,2,0,2,2,0.15384615384615385,0.15384615384615385,1.8461538461538463,low,0,2,10,5.0,0.0,0.0,2.8384550952736827e-08,0.0,0.0
local_swap_p2,local_swap,2,4703,770028580,"3,80,162",278,86,2224,13,3,6,2,0,2,2,0.15384615384615385,0.15384615384615385,1.8461538461538463,low,0,2,10,5.0,0.0,0.0,2.8384550952736827e-08,0.0,0.0
local_swap_p2,local_swap,2,4703,770028580,"3,80,162",279,87,2232,13,3,6,2,0,2,2,0.15384615384615385,0.15384615384615385,1.8461538461538463,low,0,2,10,5.0,0.0,0.0,2.8384550952736827e-08,0.0,0.0
local_swap_p2,local_swap,2,4703,770028580,"3,80,162",280,88,2240,15,3,7,3,0,3,2,0.2,0.13333333333333333,1.8,low,0,3,12,4.0,0.0,0.0,2.8384550952736827e-08,0.0,0.0
local_swap_p2,local_swap,2,4703,770028580,"3,80,162",281,89,2248,15,3,7,3,0,3,2,0.2,0.13333333333333333,1.8,low,0,3,12,4.0,0.0,0.0,2.8384550952736827e-08,0.0,0.0
local_swap_p2,local_swap,2,4703,770028580,"3,80,162",282,90,2256,15,3,7,3,0,3,2,0.2,0.13333333333333333,1.8,low,0,3,12,4.0,0.0,0.0,2.8384550952736827e-08,0.0,0.0
local_swap_p2,local_swap,2,4703,770028580,"3,80,162",283,91,2264,15,3,7,3,0,3,2,0.2,0.13333333333333333,1.8,low,0,3,12,4.0,0.0,0.0,2.9404352988598916e-08,0.0,0.0
local_swap_p2,local_swap,2,4703,770028580,"3,80,162",284,92,2272,15,3,7,3,0,3,2,0.2,0.13333333333333333,1.8,low,0,3,12,4.0,0.0,0.0,2.9404352988598916e-08,0.0,0.0
local_swap_p2,local_swap,2,4703,770028580,"3,80,162",285,93,2280,15,3,7,3,0,3,2,0.2,0.13333333333333333,1.8,low,0,3,12,4.0,0.0,0.0,2.9404352988598916e-08,0.0,0.0
local_swap_p2,local_swap,2,4703,770028580,"3,80,162",286,94,2288,14,3,7,2,0,2,2,0.14285714285714285,0.14285714285714285,1.7142857142857142,low,0,2,10,5.0,0.0,0.0,2.9404352988598916e-08,0.0,0.0
local_swap_p2,local_swap,2,4703,770028580,"3,80,162",287,95,2296,14,3,7,2,0,2,2,0.14285714285714285,0.14285714285714285,1.7142857142857142,low,0,2,10,5.0,0.0,0.0,2.805128232491456e-08,0.0,0.0
local_swap_p2,local_swap,2,4703,770028580,"3,80,162",288,96,2304,14,3,7,2,0,2,2,0.14285714285714285,0.14285714285714285,1.7142857142857142,low,0,2,10,5.0,0.0,0.0,2.805128232491456e-08,0.0,0.0
local_swap_p2,local_swap,2,4703,770028580,"3,80,162",289,97,2312,14,3,7,2,0,2,2,0.14285714285714285,0.14285714285714285,1.7142857142857142,low,0,2,10,5.0,0.0,0.0,2.805128232491456e-08,0.0,0.0
local_swap_p2,local_swap,2,4703,770028580,"3,80,162",290,98,2320,14,3,7,2,0,2,2,0.14285714285714285,0.14285714285714285,1.7142857142857142,low,0,2,10,5.0,0.0,0.0,2.805128232491456e-08,0.0,0.0
local_swap_p2,local_swap,2,4703,770028580,"3,80,162",291,99,2328,14,3,7,2,0,2,2,0.14285714285714285,0.14285714285714285,1.7142857142857142,low,0,2,10,5.0,0.0,0.0,2.805128232491456e-08,0.0,0.0
local_swap_p2,local_swap,2,4703,770028580,"3,80,162",292,100,2336,14,3,7,2,0,2,2,0.14285714285714285,0.14285714285714285,1.7142857142857142,low,0,2,10,5.0,0.0,0.0,2.805128232491456e-08,0.0,0.0
local_swap_p2,local_swap,2,4703,770028580,"3,80,162",293,101,2344,15,3,6,4,0,4,2,0.26666666666666666,0.13333333333333333,1.8,low,0,4,15,3.75,0.0,0.0,2.805128232491456e-08,0.0,0.0
local_swap_p2,local_swap,2,4703,770028580,"3,80,162",294,102,2352,15,3,6,4,0,4,2,0.26666666666666666,0.13333333333333333,1.8,low,0,4,15,3.75,0.0,0.0,2.805128232491456e-08,0.0,0.0
local_swap_p2,local_swap,2,4703,770028580,"3,80,162",295,103,2360,15,3,6,4,0,4,2,0.26666666666666666,0.13333333333333333,1.8,low,0,4,15,3.75,0.0,0.0,2.805128232491456e-08,0.0,0.0
local_swap_p2,local_swap,2,4703,770028580,"3,80,162",296,104,2368,14,3,6,3,0,3,2,0.21428571428571427,0.14285714285714285,1.7857142857142858,low,0,3,13,4.333333333333333,0.0,0.0,2.805128232491456e-08,0.0,0.0
local_swap_p2,local_swap,2,4703,770028580,"3,80,162",297,105,2376,14,3,5,4,0,4,2,0.2857142857142857,0.14285714285714285,1.8571428571428572,low,0,4,18,4.5,0.0,0.0,2.805128232491456e-08,0.0,0.0
local_swap_p2,local_swap,2,4703,770028580,"3,80,162",298,106,2384,14,3,5,4,0,4,2,0.2857142857142857,0.14285714285714285,1.8571428571428572,low,0,4,18,4.5,0.0,0.0,2.805128232491456e-08,0.0,0.0
local_swap_p2,local_swap,2,4703,770028580,"3,80,162",299,107,2392,15,3,5,5,0,5,2,0.3333333333333333,0.13333333333333333,1.9333333333333333,low,0,5,20,4.0,0.0,0.0,2.805128232491456e-08,0.0,0.0
local_swap_p2,local_swap,2,4703,770028580,"3,80,162",300,108,2400,16,3,5,6,0,6,2,0.375,0.125,1.9375,low,0,6,21,3.5,0.0,0.0,2.805128232491456e-08,0.0,0.0
local_swap_p2,local_swap,2,4703,770028580,"3,80,162",301,109,2408,16,3,5,6,0,6,2,0.375,0.125,1.9375,low,0,6,21,3.5,0.0,0.0,2.805128232491456e-08,0.0,0.0
local_swap_p2,local_swap,2,4703,770028580,"3,80,162",302,110,2416,17,3,6,5,1,6,2,0.35294117647058826,0.11764705882352941,1.9411764705882353,low,0,6,14,2.3333333333333335,0.0,0.0,2.805128232491456e-08,0.0,0.0
local_swap_p2,local_swap,2,4703,770028580,"3,80,162",303,111,2424,16,3,6,4,1,5,2,0.3125,0.125,2.0,low,0,5,12,2.4,0.0,0.0,2.805128232491456e-08,0.0,0.0
local_swap_p2,local_swap,2,4703,770028580,"3,80,162",304,112,2432,16,3,6,4,1,5,2,0.3125,0.125,2.0,low,0,5,12,2.4,0.0,0.0,2.805128232491456e-08,0.0,0.0
local_swap_p2,local_swap,2,4703,770028580,"3,80,162",305,113,2440,16,3,6,4,1,5,2,0.3125,0.125,2.0,low,0,5,12,2.4,0.0,0.0,2.805128232491456e-08,0.0,0.0
local_swap_p2,local_swap,2,4703,770028580,"3,80,162",306,114,2448,16,3,6,4,1,5,2,0.3125,0.125,2.0,low,0,5,12,2.4,0.0,0.0,2.805128232491456e-08,0.0,0.0
local_swap_p2,local_swap,2,4703,770028580,"3,80,162",307,115,2456,16,3,6,4,1,5,2,0.3125,0.125,2.0,low,0,5,12,2.4,0.0,0.0,2.805128232491456e-08,0.0,0.0
local_swap_p2,local_swap,2,4703,770028580,"3,80,162",308,116,2464,16,3,6,4,1,5,2,0.3125,0.125,2.0,low,0,5,12,2.4,0.0,0.0,2.805128232491456e-08,0.0,0.0
local_swap_p2,local_swap,2,4703,770028580,"3,80,162",309,117,2472,16,3,6,4,1,5,2,0.3125,0.125,2.0,low,0,5,12,2.4,0.0,0.0,2.805128232491456e-08,0.0,0.0
local_swap_p2,local_swap,2,4703,770028580,"3,80,162",310,118,2480,16,3,6,4,1,5,2,0.3125,0.125,2.0,low,0,5,12,2.4,0.0,0.0,2.805128232491456e-08,0.0,0.0
local_swap_p2,local_swap,2,4703,770028580,"3,80,162",311,119,2488,16,3,6,4,1,5,2,0.3125,0.125,2.0,low,0,5,12,2.4,0.0,0.0,2.805128232491456e-08,0.0,0.0
local_swap_p2,local_swap,2,4703,770028580,"3,80,162",312,120,2496,16,3,6,4,1,5,2,0.3125,0.125,2.0,low,0,5,12,2.4,0.0,0.0,2.805128232491456e-08,0.0,0.0
local_swap_p2,local_swap,2,4703,770028580,"3,80,162",313,121,2504,17,3,5,6,1,7,2,0.4117647058823529,0.11764705882352941,2.0588235294117645,low,0,7,19,2.7142857142857144,0.0,0.0,2.805128232491456e-08,0.0,0.0
local_swap_p2,local_swap,2,4703,770028580,"3,80,162",314,122,2512,17,3,6,4,2,6,2,0.35294117647058826,0.11764705882352941,2.0588235294117645,low,0,6,13,2.1666666666666665,0.0,0.0,2.805128232491456e-08,0.0,0.0
local_swap_p2,local_swap,2,4703,770028580,"3,80,162",315,123,2520,16,3,6,3,2,5,2,0.3125,0.125,2.0625,low,0,5,12,2.4,0.0,0.0,2.805128232491456e-08,0.0,0.0
local_swap_p2,local_swap,2,4703,770028580,"3,80,162",316,124,2528,16,3,6,3,2,5,2,0.3125,0.125,2.0625,low,0,5,12,2.4,0.0,0.0,2.805128232491456e-08,0.0,0.0
local_swap_p2,local_swap,2,4703,770028580,"3,80,162",317,125,2536,16,3,6,3,2,5,2,0.3125,0.125,2.0625,low,0,5,12,2.4,0.0,0.0,2.805128232491456e-08,0.0,0.0
local_swap_p2,local_swap,2,4703,770028580,"3,80,162",318,126,2544,16,3,6,3,2,5,2,0.3125,0.125,2.0625,low,0,5,12,2.4,0.0,0.0,3.442133067401016e-08,0.0,0.0
local_swap_p2,local_swap,2,4703,770028580,"3,80,162",319,127,2552,16,3,6,4,1,5,2,0.3125,0.125,2.0,low,0,5,19,3.8,0.0,0.0,3.442133067401016e-08,0.0,0.0
local_swap_p2,local_swap,2,4703,770028580,"3,80,162",320,128,2560,16,3,6,4,1,5,2,0.3125,0.125,2.0,low,0,5,19,3.8,0.0,0.0,3.442133067401016e-08,0.0,0.0
local_swap_p2,local_swap,2,4751,770028628,"3,80,162",192,0,1536,80,3,6,4,7,11,60,0.1375,0.75,7.75,high,2,5,16,1.4545454545454546,0.0,0.0,0.006951253994198756,0.0011859337127902159,0.05102040816326531
local_swap_p2,local_swap,2,4751,770028628,"3,80,162",193,1,1544,83,3,6,4,7,11,63,0.13253012048192772,0.7590361445783133,7.927710843373494,high,1,5,16,1.4545454545454546,0.0,0.0,0.006951253994198756,0.0011859337127902159,0.05102040816326531
local_swap_p2,local_swap,2,4751,770028628,"3,80,162",194,2,1552,81,3,6,4,7,11,61,0.13580246913580246,0.7530864197530864,7.592592592592593,high,1,5,16,1.4545454545454546,0.0,0.0,0.006951253994198756,0.0011859337127902159,0.05102040816326531
local_swap_p2,local_swap,2,4751,770028628,"3,80,162",195,3,1560,81,3,6,4,8,12,60,0.14814814814814814,0.7407407407407407,7.530864197530864,high,3,5,15,1.25,0.0,0.0,0.006951253994198756,0.0011859337127902159,0.05102040816326531
local_swap_p2,local_swap,2,4751,770028628,"3,80,162",196,4,1568,83,3,6,4,9,13,61,0.1566265060240964,0.7349397590361446,7.397590361445783,high,3,6,19,1.4615384615384615,0.0,0.0,0.006951282434231053,0.0011859337127902159,0.05102040816326531
local_swap_p2,local_swap,2,4751,770028628,"3,80,162",197,5,1576,83,3,6,4,9,13,61,0.1566265060240964,0.7349397590361446,7.337349397590361,high,2,6,19,1.4615384615384615,0.0,0.0,0.006951282434231053,0.0011859337127902159,0.05102040816326531
local_swap_p2,local_swap,2,4751,770028628,"3,80,162",198,6,1584,83,2,6,3,10,13,62,0.1566265060240964,0.7469879518072289,7.518072289156627,high,5,5,15,1.1538461538461537,0.0,0.0,0.006951282434231053,0.0011859337127902159,0.05102040816326531
local_swap_p2,local_swap,2,4751,770028628,"3,80,162",199,7,1592,82,2,5,3,9,12,63,0.14634146341463414,0.7682926829268293,7.597560975609756,high,5,5,16,1.3333333333333333,0.0,0.0,0.007443632651704289,0.0011859337127902159,0.05102040816326531
local_swap_p2,local_swap,2,4751,770028628,"3,80,162",200,8,1600,85,2,5,4,9,13,65,0.15294117647058825,0.7647058823529411,7.623529411764705,high,5,5,19,1.4615384615384615,0.0,0.0,0.007443632651704289,0.0011859337127902159,0.05102040816326531
local_swap_p2,local_swap,2,4751,770028628,"3,80,162",201,9,1608,85,2,5,4,9,13,65,0.15294117647058825,0.7647058823529411,7.552941176470588,high,5,5,19,1.4615384615384615,0.0,0.0,0.007443632651704289,0.0011859337127902159,0.05102040816326531
local_swap_p2,local_swap,2,4751,770028628,"3,80,162",202,10,1616,86,2,5,4,9,13,66,0.1511627906976744,0.7674418604651163,7.569767441860465,high,5,5,19,1.4615384615384615,0.0,0.0,0.007443632651704289,0.0011859337127902159,0.05102040816326531
local_swap_p2,local_swap,2,4751,770028628,"3,80,162",203,11,1624,88,2,6,4,8,12,68,0.13636363636363635,0.7727272727272727,7.659090909090909,high,3,5,22,1.8333333333333333,0.0,0.0,0.007443632651704289,0.0011859337127902159,0.05102040816326531
local_swap_p2,local_swap,2,4751,770028628,"3,80,162",204,12,1632,87,2,6,5,8,13,66,0.14942528735632185,0.7586206896551724,7.517241379310345,high,2,6,23,1.7692307692307692,0.0,0.0,0.007443632651704289,0.0011859337127902159,0.05102040816326531
local_swap_p2,local_swap,2,4751,770028628,"3,80,162",205,13,1640,87,2,6,5,8,13,66,0.14942528735632185,0.7586206896551724,7.471264367816092,high,2,6,23,1.7692307692307692,0.0,0.0,0.007443632651704289,0.0011859337127902159,0.05102040816326531
local_swap_p2,local_swap,2,4751,770028628,"3,80,162",206,14,1648,85,2,6,4,8,12,65,0.1411764705882353,0.7647058823529411,7.517647058823529,high,2,5,22,1.8333333333333333,0.0,0.0,0.007443632651704289,0.0011859337127902159,0.05102040816326531
local_swap_p2,local_swap,2,4751,770028628,"3,80,162",207,15,1656,85,2,6,4,8,12,65,0.1411764705882353,0.7647058823529411,7.470588235294118,high,2,5,22,1.8333333333333333,0.0,0.0,0.007443632651704289,0.0011859337127902159,0.05102040816326531
local_swap_p2,local_swap,2,4751,770028628,"3,80,162",208,16,1664,85,2,6,4,8,12,65,0.1411764705882353,0.7647058823529411,7.470588235294118,high,2,5,22,1.8333333333333333,0.0,0.0,0.007443632651704289,0.0011859337127902159,0.05102040816326531
local_swap_p2,local_swap,2,4751,770028628,"3,80,162",209,17,1672,87,2,6,4,8,12,67,0.13793103448275862,0.7701149425287356,7.7011494252873565,high,2,5,22,1.8333333333333333,0.0,0.0,0.007443632651704289,0.0011859337127902159,0.05102040816326531
local_swap_p2,local_swap,2,4751,770028628,"3,80,162",210,18,1680,89,2,6,4,9,13,68,0.14606741573033707,0.7640449438202247,7.573033707865169,high,2,5,21,1.6153846153846154,0.0,0.0,0.007443632651704289,0.0011859337127902159,0.05102040816326531
local_swap_p2,local_swap,2,4751,770028628,"3,80,162",211,19,1688,89,2,6,4,9,13,68,0.14606741573033707,0.7640449438202247,7.573033707865169,high,2,5,21,1.6153846153846154,0.0,0.0,0.007443632651704289,0.0011859337127902159,0.05102040816326531
local_swap_p2,local_swap,2,4751,770028628,"3,80,162",212,20,1696,93,2,6,4,9,13,72,0.13978494623655913,0.7741935483870968,7.688172043010753,high,2,5,21,1.6153846153846154,0.0,0.0,0.007443632651704289,0.0011859337127902159,0.05102040816326531
local_swap_p2,local_swap,2,4751,770028628,"3,80,162",213,21,1704,94,2,7,4,8,12,73,0.1276595744680851,0.776595744680851,7.702127659574468,high,1,5,22,1.8333333333333333,0.0,0.0,0.007443632651704289,0.0011859337127902159,0.05102040816326531
local_swap_p2,local_swap,2,4751,770028628,"3,80,162",214,22,1712,93,3,7,4,8,12,71,0.12903225806451613,0.7634408602150538,7.483870967741935,high,1,5,22,1.8333333333333333,0.0,0.0,0.007443632651704289,0.0011859337127902159,0.05102040816326531
local_swap_p2,local_swap,2,4751,770028628,"3,80,162",215,23,1720,92,3,7,3,9,12,70,0.13043478260869565,0.7608695652173914,7.543478260869565,high,2,5,18,1.5,0.0,0.0,0.007443632651704289,0.0011859337127902159,0.05102040816326531
local_swap_p2,local_swap,2,4751,770028628,"3,80,162",216,24,1728,94,2,7,3,11,14,71,0.14893617021276595,0.7553191489361702,7.542553191489362,high,2,6,33,2.357142857142857,0.0,0.0,0.007443632651704289,0.0011859337127902159,0.05102040816326531
local_swap_p2,local_swap,2,4751,770028628,"3,80,162",217,25,1736,93,2,7,3,10,13,71,0.13978494623655913,0.7634408602150538,7.548387096774194,high,1,6,35,2.6923076923076925,0.0,0.0,0.007443632651704289,0.0011859337127902159,0.05102040816326531
local_swap_p2,local_swap,2,4751,770028628,"3,80,162",218,26,1744,89,2,7,4,10,14,66,0.15730337078651685,0.7415730337078652,7.404494382022472,high,1,7,36,2.5714285714285716,0.0,0.0,0.007443632651704289,0.0011859337127902159,0.05102040816326531
local_swap_p2,local_swap,2,4751,770028628,"3,80,162",219,27,1752,88,2,7,4,10,14,65,0.1590909090909091,0.7386363636363636,7.375,high,1,7,36,2.5714285714285716,0.0,0.0,0.007443632651704289,0.0011859337127902159,0.05102040816326531
local_swap_p2,local_swap,2,4751,770028628,"3,80,162",220,28,1760,89,2,7,4,10,14,66,0.15730337078651685,0.7415730337078652,7.415730337078652,high,1,7,36,2.5714285714285716,0.0,0.0,0.007443632651704289,0.0011859337127902159,0.05102040816326531
local_swap_p2,local_swap,2,4751,770028628,"3,80,162",221,29,1768,90,2,7,4,10,14,67,0.15555555555555556,0.7444444444444445,7.4222222222222225,high,1,7,36,2.5714285714285716,0.0,0.0,0.007443632651704289,0.0011859337127902159,0.05102040816326531
local_swap_p2,local_swap,2,4751,770028628,"3,80,162",222,30,1776,92,2,7,4,11,15,68,0.16304347826086957,0.7391304347826086,7.326086956521739,high,4,7,33,2.2,0.0,0.0,0.007443632651704289,0.0011859337127902159,0.05102040816326531
local_swap_p2,local_swap,2,4751,770028628,"3,80,162",223,31,1784,89,2,7,4,10,14,66,0.15730337078651685,0.7415730337078652,7.415730337078652,high,2,7,36,2.5714285714285716,0.0,0.0,0.007443632651704289,0.0011859337127902159,0.05102040816326531
local_swap_p2,local_swap,2,4751,770028628,"3,80,162",224,32,1792,90,2,7,4,11,15,66,0.16666666666666666,0.7333333333333333,7.344444444444444,high,4,7,33,2.2,0.0,0.0,0.007443632651704289,0.0011859337127902159,0.05102040816326531
local_swap_p2,local_swap,2,4751,770028628,"3,80,162",225,33,1800,90,2,7,4,10,14,67,0.15555555555555556,0.7444444444444445,7.344444444444444,high,4,6,21,1.5,0.0,0.0,0.007443632651704289,0.0011859337127902159,0.05102040816326531
local_swap_p2,local_swap,2,4751,770028628,"3,80,162",226,34,1808,88,2,7,4,10,14,65,0.1590909090909091,0.7386363636363636,7.261363636363637,high,4,6,21,1.5,0.0,0.0,0.007443632651704289,0.0011859337127902159,0.05102040816326531
local_swap_p2,local_swap,2,4751,770028628,"3,80,162",227,35,1816,89,2,7,3,10,13,67,0.14606741573033707,0.7528089887640449,7.415730337078652,high,4,5,20,1.5384615384615385,0.0,0.0,0.0038471632471312905,0.0011859337127902159,0.04081632653061224
local_swap_p2,local_swap,2,4751,770028628,"3,80,162",228,36,1824,90,2,7,3,9,12,69,0.13333333333333333,0.7666666666666667,7.5,high,2,5,23,1.9166666666666667,0.0,0.0,0.0038471632471312905,0.0011859337127902159,0.04081632653061224
local_swap_p2,local_swap,2,4751,770028628,"3,80,162",229,37,1832,92,3,7,3,9,12,70,0.13043478260869565,0.7608695652173914,7.413043478260869,high,2,5,23,1.9166666666666667,0.0,0.0,0.0038471632471312905,0.0011859337127902159,0.04081632653061224
local_swap_p2,local_swap,2,4751,770028628,"3,80,162",230,38,1840,93,3,7,3,9,12,71,0.12903225806451613,0.7634408602150538,7.462365591397849,high,2,5,23,1.9166666666666667,0.0,0.0,0.0038471632471312905,0.0011859337127902159,0.04081632653061224
local_swap_p2,local_swap,2,4751,770028628,"3,80,162",231,39,1848,93,3,7,3,9,12,71,0.12903225806451613,0.7634408602150538,7.451612903225806,high,2,5,23,1.9166666666666667,0.0,0.0,0.0038471632471312905,0.0011859337127902159,0.04081632653061224
local_swap_p2,local_swap,2,4751,770028628,"3,80,162",232,40,1856,93,3,7,3,10,13,70,0.13978494623655913,0.7526881720430108,7.365591397849462,high,3,5,21,1.6153846153846154,0.0,0.0,0.0038471632471312905,0.0011859337127902159,0.04081632653061224
local_swap_p2,local_swap,2,4751,770028628,"3,80,162",233,41,1864,97,3,7,3,10,13,74,0.13402061855670103,0.7628865979381443,7.556701030927835,high,3,5,21,1.6153846153846154,0.0,0.0,0.0038471632471312905,0.0011859337127902159,0.04081632653061224
local_swap_p2,local_swap,2,4751,770028628,"3,80,162",234,42,1872,99,3,7,3,10,13,76,0.13131313131313133,0.7676767676767676,7.636363636363637,high,3,5,21,1.6153846153846154,0.0,0.0,0.0038471632471312905,0.0011859337127902159,0.04081632653061224
local_swap_p2,local_swap,2,4751,770028628,"3,80,162",235,43,1880,100,2,6,3,10,13,79,0.13,0.79,7.78,high,3,5,21,1.6153846153846154,0.0,0.0,0.0038471632471312905,0.0011859337127902159,0.04081632653061224
local_swap_p2,local_swap,2,4751,770028628,"3,80,162",236,44,1888,101,2,6,4,9,13,80,0.12871287128712872,0.7920792079207921,7.752475247524752,high,3,5,21,1.6153846153846154,0.0,0.0,0.0038471632471312905,0.0011859337127902159,0.04081632653061224
local_swap_p2,local_swap,2,4751,770028628,"3,80,162",237,45,1896,100,2,6,4,9,13,79,0.13,0.79,7.7,high,3,5,21,1.6153846153846154,0.0,0.0,0.0038471632471312905,0.0011859337127902159,0.04081632653061224
local_swap_p2,local_swap,2,4751,770028628,"3,80,162",238,46,1904,100,2,6,4,9,13,79,0.13,0.79,7.71,high,3,5,21,1.6153846153846154,0.0,0.0,0.0038471632471312905,0.0011859337127902159,0.04081632653061224
local_swap_p2,local_swap,2,4751,770028628,"3,80,162",239,47,1912,101,2,6,4,9,13,80,0.12871287128712872,0.7920792079207921,7.653465346534653,high,3,5,21,1.6153846153846154,0.0,0.0,0.0038471632471312905,0.0011859337127902159,0.04081632653061224
local_swap_p2,local_swap,2,4751,770028628,"3,80,162",240,48,1920,102,2,6,5,9,14,80,0.13725490196078433,0.7843137254901961,7.588235294117647,high,3,6,22,1.5714285714285714,0.0,0.0,0.0038471632471312905,0.0011859337127902159,0.04081632653061224
local_swap_p2,local_swap,2,4751,770028628,"3,80,162",241,49,1928,104,2,6,5,9,14,82,0.1346153846153846,0.7884615384615384,7.740384615384615,high,3,6,22,1.5714285714285714,0.0,0.0,0.0038471632471312905,0.0011859337127902159,0.04081632653061224
local_swap_p2,local_swap,2,4751,770028628,"3,80,162",242,50,1936,102,2,6,5,9,14,80,0.13725490196078433,0.7843137254901961,7.764705882352941,high,3,6,22,1.5714285714285714,0.0,0.0,0.0038471632471312905,0.0011859337127902159,0.04081632653061224
local_swap_p2,local_swap,2,4751,770028628,"3,80,162",243,51,1944,102,2,6,5,8,13,81,0.12745098039215685,0.7941176470588235,7.784313725490196,high,2,6,23,1.7692307692307692,0.0,0.0,0.0038471632471312905,0.0011859337127902159,0.04081632653061224
local_swap_p2,local_swap,2,4751,770028628,"3,80,162",244,52,1952,102,2,6,5,8,13,81,0.12745098039215685,0.7941176470588235,7.872549019607843,high,2,6,23,1.7692307692307692,0.0,0.0,0.0038471632471312905,0.0011859337127902159,0.04081632653061224
local_swap_p2,local_swap,2,4751,770028628,"3,80,162",245,53,1960,103,2,6,5,8,13,82,0.1262135922330097,0.7961165048543689,7.912621359223301,high,2,6,23,1.7692307692307692,0.0,0.0,0.0038471632471312905,0.0011859337127902159,0.04081632653061224
local_swap_p2,local_swap,2,4751,770028628,"3,80,162",246,54,1968,105,2,6,5,8,13,84,0.12380952380952381,0.8,7.923809523809524,high,2,6,23,1.7692307692307692,0.0,0.0,0.0038471632471312905,0.0011859337127902159,0.04081632653061224
local_swap_p2,local_swap,2,4751,770028628,"3,80,162",247,55,1976,105,2,6,5,8,13,84,0.12380952380952381,0.8,7.923809523809524,high,2,6,23,1.7692307692307692,0.0,0.0,0.0038471632471312905,0.0011859337127902159,0.04081632653061224
local_swap_p2,local_swap,2,4751,770028628,"3,80,162",248,56,1984,105,2,6,5,8,13,84,0.12380952380952381,0.8,7.933333333333334,high,2,6,23,1.7692307692307692,0.0,0.0,0.0038471632471312905,0.0011859337127902159,0.04081632653061224
local_swap_p2,local_swap,2,4751,770028628,"3,80,162",249,57,1992,104,2,6,5,8,13,83,0.125,0.7980769230769231,7.903846153846154,high,2,6,23,1.7692307692307692,0.0,0.0,0.0038471632471312905,0.0011859337127902159,0.04081632653061224
local_swap_p2,local_swap,2,4751,770028628,"3,80,162",250,58,2000,106,2,6,5,8,13,85,0.12264150943396226,0.8018867924528302,7.943396226415095,high,2,6,23,1.7692307692307692,0.0,0.0,0.009756047135835225,0.0011859337127902159,0.061224489795918366
local_swap_p2,local_swap,2,4751,770028628,"3,80,162",251,59,2008,105,2,6,5,9,14,83,0.13333333333333333,0.7904761904761904,7.885714285714286,high,2,7,35,2.5,0.0,0.0,0.009756047135835225,0.0011859337127902159,0.061224489795918366
local_swap_p2,local_swap,2,4751,770028628,"3,80,162",252,60,2016,101,2,6,5,9,14,79,0.13861386138613863,0.7821782178217822,7.801980198019802,high,2,7,35,2.5,0.0,0.0,0.009756047135835225,0.0011859337127902159,0.061224489795918366
local_swap_p2,local_swap,2,4751,770028628,"3,80,162",253,61,2024,104,2,6,5,9,14,82,0.1346153846153846,0.7884615384615384,7.826923076923077,high,2,7,35,2.5,0.0,0.0,0.008854716529724306,0.0011859337127902159,0.061224489795918366
local_swap_p2,local_swap,2,4751,770028628,"3,80,162",254,62,2032,104,2,6,5,9,14,82,0.1346153846153846,0.7884615384615384,7.826923076923077,high,2,7,35,2.5,0.0,0.0,0.008854716529724306,0.0011859337127902159,0.061224489795918366
local_swap_p2,local_swap,2,4751,770028628,"3,80,162",255,63,2040,106,2,6,5,9,14,84,0.1320754716981132,0.7924528301886793,7.90566037735849,high,2,7,35,2.5,0.0,0.0,0.008854716529724306,0.0011859337127902159,0.061224489795918366
local_swap_p2,local_swap,2,4751,770028628,"3,80,162",256,64,2048,108,2,6,5,9,14,86,0.12962962962962962,0.7962962962962963,8.0,high,2,7,35,2.5,0.0,0.0,0.008854716529724306,0.0011859337127902159,0.061224489795918366
local_swap_p2,local_swap,2,4751,770028628,"3,80,162",257,65,2056,112,2,6,5,10,15,89,0.13392857142857142,0.7946428571428571,8.089285714285714,high,3,7,34,2.2666666666666666,0.0,0.0,0.008854716529724306,0.0011859337127902159,0.061224489795918366
local_swap_p2,local_swap,2,4751,770028628,"3,80,162",258,66,2064,113,2,6,5,10,15,90,0.13274336283185842,0.7964601769911505,8.106194690265486,high,3,7,34,2.2666666666666666,0.0,0.0,0.008854716529724306,0.0011859337127902159,0.061224489795918366
local_swap_p2,local_swap,2,4751,770028628,"3,80,162",259,67,2072,118,2,6,5,10,15,95,0.1271186440677966,0.8050847457627118,8.152542372881356,high,3,7,34,2.2666666666666666,0.0,0.0,0.008854716529724306,0.0011859337127902159,0.061224489795918366
local_swap_p2,local_swap,2,4751,770028628,"3,80,162",260,68,2080,121,2,6,5,10,15,98,0.12396694214876033,0.8099173553719008,8.090909090909092,high,3,7,34,2.2666666666666666,0.0,0.0,0.008854716529724306,0.0011859337127902159,0.061224489795918366
local_swap_p2,local_swap,2,4751,770028628,"3,80,162",261,69,2088,121,2,6,4,11,15,98,0.12396694214876033,0.8099173553719008,8.132231404958677,high,3,8,36,2.4,0.0,0.0,0.008872407145999493,0.0011859337127902159,0.061224489795918366
local_swap_p2,local_swap,2,4751,770028628,"3,80,162",262,70,2096,122,2,6,4,11,15,99,0.12295081967213115,0.8114754098360656,8.163934426229508,high,3,8,36,2.4,0.0,0.0,0.008872407145999493,0.0011859337127902159,0.061224489795918366
local_swap_p2,local_swap,2,4751,770028628,"3,80,162",263,71,2104,122,2,6,4,11,15,99,0.12295081967213115,0.8114754098360656,8.131147540983607,high,3,8,36,2.4,0.0,0.0,0.008872407145999493,0.0011859337127902159,0.061224489795918366
local_swap_p2,local_swap,2,4751,770028628,"3,80,162",264,72,2112,118,2,6,4,11,15,95,0.1271186440677966,0.8050847457627118,8.127118644067796,high,3,8,36,2.4,0.0,0.0,0.008872407145999493,0.0011859337127902159,0.061224489795918366
local_swap_p2,local_swap,2,4751,770028628,"3,80,162",265,73,2120,121,3,6,4,11,15,97,0.12396694214876033,0.8016528925619835,8.049586776859504,high,3,8,36,2.4,0.0,0.0,0.008872407145999493,0.0011859337127902159,0.061224489795918366
local_swap_p2,local_swap,2,4751,770028628,"3,80,162",266,74,2128,123,3,6,4,11,15,99,0.12195121951219512,0.8048780487804879,8.097560975609756,high,3,8,36,2.4,0.0,0.0,0.009000221895360927,0.0011859337127902159,0.061224489795918366
local_swap_p2,local_swap,2,4751,770028628,"3,80,162",267,75,2136,123,3,6,4,11,15,99,0.12195121951219512,0.8048780487804879,8.105691056910569,high,3,8,36,2.4,0.0,0.0,0.009000221895360927,0.0011859337127902159,0.061224489795918366
local_swap_p2,local_swap,2,4751,770028628,"3,80,162",268,76,2144,124,3,7,4,11,15,99,0.12096774193548387,0.7983870967741935,8.024193548387096,high,3,7,23,1.5333333333333334,0.0,0.0,0.009000221895360927,0.0011859337127902159,0.061224489795918366
local_swap_p2,local_swap,2,4751,770028628,"3,80,162",269,77,2152,124,3,7,4,11,15,99,0.12096774193548387,0.7983870967741935,8.0,high,3,7,23,1.5333333333333334,0.0,0.0,0.009000221895360927,0.0011859337127902159,0.061224489795918366
local_swap_p2,local_swap,2,4751,770028628,"3,80,162",270,78,2160,118,3,7,4,11,15,93,0.1271186440677966,0.788135593220339,7.906779661016949,high,3,7,23,1.5333333333333334,0.0,0.0,0.009000221895360927,0.0011859337127902159,0.061224489795918366
local_swap_p2,local_swap,2,4751,770028628,"3,80,162",271,79,2168,117,3,7,4,11,15,92,0.1282051282051282,0.7863247863247863,7.931623931623932,high,3,7,23,1.5333333333333334,0.0,0.0,0.009000221895360927,0.0011859337127902159,0.061224489795918366
local_swap_p2,local_swap,2,4751,770028628,"3,80,162",272,80,2176,116,2,6,4,11,15,93,0.12931034482758622,0.8017241379310345,7.956896551724138,high,3,7,23,1.5333333333333334,0.0,0.0,0.009129139396972158,0.002352264315325612,0.07142857142857142
local_swap_p2,local_swap,2,4751,770028628,"3,80,162",273,81,2184,118,2,6,4,11,15,95,0.1271186440677966,0.8050847457627118,8.008474576271187,high,3,7,23,1.5333333333333334,0.0,0.0,0.009082973310777079,0.002352264315325612,0.07142857142857142
local_swap_p2,local_swap,2,4751,770028628,"3,80,162",274,82,2192,122,2,6,4,11,15,99,0.12295081967213115,0.8114754098360656,8.10655737704918,high,3,7,23,1.5333333333333334,0.0,0.0,0.009063240403226482,0.002352264315325612,0.07142857142857142
local_swap_p2,local_swap,2,4751,770028628,"3,80,162",275,83,2200,123,2,6,4,11,15,100,0.12195121951219512,0.8130081300813008,8.211382113821138,high,3,7,23,1.5333333333333334,0.0,0.0,0.009063240403226482,0.002352264315325612,0.07142857142857142
local_swap_p2,local_swap,2,4751,770028628,"3,80,162",276,84,2208,125,2,6,4,11,15,102,0.12,0.816,8.224,high,4,7,22,1.4666666666666666,0.0,0.0,0.009063240403226482,0.002352264315325612,0.07142857142857142
local_swap_p2,local_swap,2,4751,770028628,"3,80,162",277,85,2216,124,2,6,4,11,15,101,0.12096774193548387,0.8145161290322581,8.21774193548387,high,4,7,22,1.4666666666666666,0.0,0.0,0.009063240403226482,0.002352264315325612,0.07142857142857142
local_swap_p2,local_swap,2,4751,770028628,"3,80,162",278,86,2224,125,2,6,4,11,15,102,0.12,0.816,8.24,high,4,7,22,1.4666666666666666,0.0,0.0,0.00924426212803715,0.002352264315325612,0.08163265306122448
local_swap_p2,local_swap,2,4751,770028628,"3,80,162",279,87,2232,124,2,6,4,11,15,101,0.12096774193548387,0.8145161290322581,8.17741935483871,high,4,7,22,1.4666666666666666,0.0,0.0,0.00924426212803715,0.002352264315325612,0.08163265306122448
local_swap_p2,local_swap,2,4751,770028628,"3,80,162",280,88,2240,123,2,6,4,11,15,100,0.12195121951219512,0.8130081300813008,8.178861788617887,high,4,7,22,1.4666666666666666,0.0,0.0,0.00924426212803715,0.002352264315325612,0.08163265306122448
local_swap_p2,local_swap,2,4751,770028628,"3,80,162",281,89,2248,124,2,6,4,12,16,100,0.12903225806451613,0.8064516129032258,8.21774193548387,high,4,8,34,2.125,0.0,0.0,0.00924426212803715,0.002352264315325612,0.08163265306122448
local_swap_p2,local_swap,2,4751,770028628,"3,80,162",282,90,2256,124,2,6,4,12,16,100,0.12903225806451613,0.8064516129032258,8.169354838709678,high,4,8,34,2.125,0.0,0.0,0.00924426212803715,0.002352264315325612,0.08163265306122448
local_swap_p2,local_swap,2,4751,770028628,"3,80,162",283,91,2264,122,2,6,4,9,13,101,0.10655737704918032,0.8278688524590164,8.254098360655737,high,4,7,31,2.3846153846153846,0.0,0.0,0.00924426212803715,0.002352264315325612,0.08163265306122448
local_swap_p2,local_swap,2,4751,770028628,"3,80,162",284,92,2272,121,2,6,4,8,12,101,0.09917355371900827,0.8347107438016529,8.322314049586776,high,2,7,34,2.8333333333333335,0.0,0.0,0.00924426212803715,0.002352264315325612,0.08163265306122448
local_swap_p2,local_swap,2,4751,770028628,"3,80,162",285,93,2280,121,3,6,4,8,12,100,0.09917355371900827,0.8264462809917356,8.214876033057852,high,2,7,34,2.8333333333333335,0.0,0.0,0.00924426212803715,0.002352264315325612,0.08163265306122448
local_swap_p2,local_swap,2,4751,770028628,"3,80,162",286,94,2288,122,2,6,4,8,12,102,0.09836065573770492,0.8360655737704918,8.336065573770492,high,2,7,34,2.8333333333333335,0.0,0.0,0.00924426212803715,0.002352264315325612,0.08163265306122448
local_swap_p2,local_swap,2,4751,770028628,"3,80,162",287,95,2296,123,2,6,4,8,12,103,0.0975609756097561,0.8373983739837398,8.34959349593496,high,2,7,34,2.8333333333333335,0.0,0.0,0.00924426212803715,0.002352264315325612,0.08163265306122448
local_swap_p2,local_swap,2,4751,770028628,"3,80,162",288,96,2304,123,2,6,4,8,12,103,0.0975609756097561,0.8373983739837398,8.365853658536585,high,2,7,34,2.8333333333333335,0.0,0.0,0.00924426212803715,0.002352264315325612,0.08163265306122448
local_swap_p2,local_swap,2,4751,770028628,"3,80,162",289,97,2312,124,2,6,4,8,12,104,0.0967741935483871,0.8387096774193549,8.443548387096774,high,2,7,34,2.8333333333333335,0.0,0.0,0.00924426212803715,0.002352264315325612,0.08163265306122448
local_swap_p2,local_swap,2,4751,770028628,"3,80,162",290,98,2320,122,2,6,4,8,12,102,0.09836065573770492,0.8360655737704918,8.475409836065573,high,2,7,34,2.8333333333333335,0.0,0.0,0.00924426212803715,0.002352264315325612,0.08163265306122448
local_swap_p2,local_swap,2,4751,770028628,"3,80,162",291,99,2328,120,2,6,3,8,11,101,0.09166666666666666,0.8416666666666667,8.5,high,2,6,33,3.0,0.0,0.0,0.00924426212803715,0.002352264315325612,0.08163265306122448
local_swap_p2,local_swap,2,4751,770028628,"3,80,162",292,100,2336,121,2,6,3,8,11,102,0.09090909090909091,0.8429752066115702,8.561983471074381,high,2,6,33,3.0,0.0,0.0,0.00924426212803715,0.002352264315325612,0.08163265306122448
local_swap_p2,local_swap,2,4751,770028628,"3,80,162",293,101,2344,124,2,6,3,8,11,105,0.08870967741935484,0.8467741935483871,8.57258064516129,high,2,6,33,3.0,0.0,0.0,0.00924426212803715,0.002352264315325612,0.08163265306122448
local_swap_p2,local_swap,2,4751,770028628,"3,80,162",294,102,2352,123,2,6,3,8,11,104,0.08943089430894309,0.8455284552845529,8.560975609756097,high,2,6,33,3.0,0.0,0.0,0.00924426212803715,0.002352264315325612,0.08163265306122448
local_swap_p2,local_swap,2,4751,770028628,"3,80,162",295,103,2360,123,2,5,3,7,10,106,0.08130081300813008,0.8617886178861789,8.585365853658537,high,2,5,21,2.1,0.0,0.0,0.009243657737280211,0.0,0.08163265306122448
local_swap_p2,local_swap,2,4751,770028628,"3,80,162",296,104,2368,122,2,5,3,8,11,104,0.09016393442622951,0.8524590163934426,8.51639344262295,high,2,5,20,1.8181818181818181,0.0,0.0,0.009243657737280211,0.0,0.08163265306122448
local_swap_p2,local_swap,2,4751,770028628,"3,80,162",297,105,2376,125,2,5,3,8,11,107,0.088,0.856,8.56,high,2,5,20,1.8181818181818181,0.0,0.0,0.009243657737280211,0.0,0.08163265306122448
local_swap_p2,local_swap,2,4751,770028628,"3,80,162",298,106,2384,129,2,5,3,8,11,111,0.08527131782945736,0.8604651162790697,8.612403100775193,high,2,5,20,1.8181818181818181,0.0,0.0,0.009243657737280211,0.0,0.08163265306122448
local_swap_p2,local_swap,2,4751,770028628,"3,80,162",299,107,2392,129,2,5,3,8,11,111,0.08527131782945736,0.8604651162790697,8.651162790697674,high,2,5,20,1.8181818181818181,0.0,0.0,0.009243657737280211,0.0,0.08163265306122448
local_swap_p2,local_swap,2,4751,770028628,"3,80,162",300,108,2400,129,2,5,3,8,11,111,0.08527131782945736,0.8604651162790697,8.651162790697674,high,2,5,20,1.8181818181818181,0.0,0.0,0.009243657737280211,0.0,0.08163265306122448
local_swap_p2,local_swap,2,4751,770028628,"3,80,162",301,109,2408,130,2,5,3,9,12,111,0.09230769230769231,0.8538461538461538,8.615384615384615,high,3,5,18,1.5,0.0,0.0,0.009243657737280211,0.0,0.08163265306122448
local_swap_p2,local_swap,2,4751,770028628,"3,80,162",302,110,2416,129,2,5,3,9,12,110,0.09302325581395349,0.8527131782945736,8.5968992248062,high,3,5,18,1.5,0.0,0.0,0.009243657737280211,0.0,0.08163265306122448
local_swap_p2,local_swap,2,4751,770028628,"3,80,162",303,111,2424,130,2,6,3,9,12,110,0.09230769230769231,0.8461538461538461,8.53076923076923,high,3,5,18,1.5,0.0,0.0,0.009243657895696707,0.0,0.07142857142857142
local_swap_p2,local_swap,2,4751,770028628,"3,80,162",304,112,2432,132,2,6,3,10,13,111,0.09848484848484848,0.8409090909090909,8.522727272727273,high,3,6,30,2.3076923076923075,0.0,0.0,0.009243657895696707,0.0,0.07142857142857142
local_swap_p2,local_swap,2,4751,770028628,"3,80,162",305,113,2440,136,2,6,3,10,13,115,0.09558823529411764,0.8455882352941176,8.654411764705882,high,3,6,30,2.3076923076923075,0.0,0.0,0.009243657895696707,0.0,0.07142857142857142
local_swap_p2,local_swap,2,4751,770028628,"3,80,162",306,114,2448,136,2,6,3,10,13,115,0.09558823529411764,0.8455882352941176,8.705882352941176,high,3,6,30,2.3076923076923075,0.0,0.0,0.009243657895696707,0.0,0.07142857142857142
local_swap_p2,local_swap,2,4751,770028628,"3,80,162",307,115,2456,136,2,6,3,10,13,115,0.09558823529411764,0.8455882352941176,8.705882352941176,high,3,6,30,2.3076923076923075,0.0,0.0,0.009243657895696707,0.0,0.07142857142857142
local_swap_p2,local_swap,2,4751,770028628,"3,80,162",308,116,2464,139,2,6,3,9,12,119,0.08633093525179857,0.8561151079136691,8.784172661870503,high,2,6,32,2.6666666666666665,0.0,0.0,0.009243657895696707,0.0,0.07142857142857142
local_swap_p2,local_swap,2,4751,770028628,"3,80,162",309,117,2472,138,2,6,3,9,12,118,0.08695652173913043,0.855072463768116,8.73913043478261,high,2,6,32,2.6666666666666665,0.0,0.0,0.009243657895696707,0.0,0.07142857142857142
local_swap_p2,local_swap,2,4751,770028628,"3,80,162",310,118,2480,140,2,6,3,8,11,121,0.07857142857142857,0.8642857142857143,8.8,high,2,5,20,1.8181818181818181,0.0,0.0,0.009243657895696707,0.0,0.07142857142857142
local_swap_p2,local_swap,2,4751,770028628,"3,80,162",311,119,2488,142,3,6,3,8,11,122,0.07746478873239436,0.8591549295774648,8.80281690140845,high,2,5,20,1.8181818181818181,0.0,0.0,0.009243657895696707,0.0,0.07142857142857142
local_swap_p2,local_swap,2,4751,770028628,"3,80,162",312,120,2496,140,3,6,3,8,11,120,0.07857142857142857,0.8571428571428571,8.728571428571428,high,2,5,20,1.8181818181818181,0.0,0.0,0.009243657895696707,0.0,0.07142857142857142
local_swap_p2,local_swap,2,4751,770028628,"3,80,162",313,121,2504,138,3,6,3,8,11,118,0.07971014492753623,0.855072463768116,8.710144927536232,high,2,5,20,1.8181818181818181,0.0,0.0,0.009243657895696707,0.0,0.07142857142857142
local_swap_p2,local_swap,2,4751,770028628,"3,80,162",314,122,2512,139,3,6,3,9,12,118,0.08633093525179857,0.8489208633093526,8.697841726618705,high,2,6,25,2.0833333333333335,0.0,0.0,0.009243657895696707,0.0,0.07142857142857142
local_swap_p2,local_swap,2,4751,770028628,"3,80,162",315,123,2520,138,3,6,3,10,13,116,0.09420289855072464,0.8405797101449275,8.623188405797102,high,2,6,24,1.8461538461538463,0.0,0.0,0.00924349660579215,0.0,0.07142857142857142
local_swap_p2,local_swap,2,4751,770028628,"3,80,162",316,124,2528,138,3,6,3,10,13,116,0.09420289855072464,0.8405797101449275,8.58695652173913,high,2,6,24,1.8461538461538463,0.0,0.0,0.00924349660579215,0.0,0.07142857142857142
local_swap_p2,local_swap,2,4751,770028628,"3,80,162",317,125,2536,138,3,6,3,10,13,116,0.09420289855072464,0.8405797101449275,8.579710144927537,high,2,6,24,1.8461538461538463,0.0,0.0,0.00924349660579215,0.0,0.07142857142857142
local_swap_p2,local_swap,2,4751,770028628,"3,80,162",318,126,2544,136,3,6,3,10,13,114,0.09558823529411764,0.8382352941176471,8.566176470588236,high,2,6,24,1.8461538461538463,0.0,0.0,0.00924349660579215,0.0,0.07142857142857142
local_swap_p2,local_swap,2,4751,770028628,"3,80,162",319,127,2552,137,3,6,3,10,13,115,0.0948905109489051,0.8394160583941606,8.576642335766424,high,2,6,24,1.8461538461538463,0.0,0.0,0.00924349660579215,0.0,0.07142857142857142
local_swap_p2,local_swap,2,4751,770028628,"3,80,162",320,128,2560,136,3,6,3,10,13,114,0.09558823529411764,0.8382352941176471,8.566176470588236,high,2,6,24,1.8461538461538463,0.0,0.0,0.00924349660579215,0.0,0.07142857142857142
local_swap_p2,local_swap,2,4801,770028678,"3,80,162",192,0,1536,116,3,6,3,6,9,98,0.07758620689655173,0.8448275862068966,8.672413793103448,high,2,4,15,1.6666666666666667,0.0,0.0,0.008469293854214927,0.0013451669592328527,0.02040816326530612
local_swap_p2,local_swap,2,4801,770028678,"3,80,162",193,1,1544,115,3,6,3,5,8,98,0.06956521739130435,0.8521739130434782,8.704347826086957,high,2,3,10,1.25,0.0,0.0,0.008469293854214927,0.0013451669592328527,0.02040816326530612
local_swap_p2,local_swap,2,4801,770028678,"3,80,162",194,2,1552,115,3,6,3,5,8,98,0.06956521739130435,0.8521739130434782,8.669565217391304,high,2,3,10,1.25,0.0,0.0,0.008469293854214927,0.0013451669592328527,0.02040816326530612
local_swap_p2,local_swap,2,4801,770028678,"3,80,162",195,3,1560,113,3,6,3,5,8,96,0.07079646017699115,0.8495575221238938,8.628318584070797,high,2,3,10,1.25,0.0,0.0,0.008469293854214927,0.0013451669592328527,0.02040816326530612
local_swap_p2,local_swap,2,4801,770028678,"3,80,162",196,4,1568,113,3,6,3,4,7,97,0.061946902654867256,0.8584070796460177,8.70796460176991,high,1,3,12,1.7142857142857142,0.0,0.0,0.008469293854214927,0.0013451669592328527,0.02040816326530612
local_swap_p2,local_swap,2,4801,770028678,"3,80,162",197,5,1576,116,3,6,3,4,7,100,0.0603448275862069,0.8620689655172413,8.767241379310345,high,1,3,12,1.7142857142857142,0.0,0.0,0.008466054192048439,0.0013451669592328527,0.02040816326530612
local_swap_p2,local_swap,2,4801,770028678,"3,80,162",198,6,1584,119,3,6,3,4,7,103,0.058823529411764705,0.865546218487395,8.840336134453782,high,1,3,12,1.7142857142857142,0.0,0.0,0.008466054192048439,0.0013451669592328527,0.02040816326530612
local_swap_p2,local_swap,2,4801,770028678,"3,80,162",199,7,1592,120,3,7,3,4,7,103,0.058333333333333334,0.8583333333333333,8.791666666666666,high,1,3,12,1.7142857142857142,0.0,0.0,0.008466013482432467,0.0013451669592328527,0.02040816326530612
local_swap_p2,local_swap,2,4801,770028678,"3,80,162",200,8,1600,122,3,6,3,4,7,106,0.05737704918032787,0.8688524590163934,8.778688524590164,high,1,3,12,1.7142857142857142,0.0,0.0,0.008466013482432467,0.0013451669592328527,0.02040816326530612
local_swap_p2,local_swap,2,4801,770028678,"3,80,162",201,9,1608,120,3,6,3,4,7,104,0.058333333333333334,0.8666666666666667,8.725,high,1,3,12,1.7142857142857142,0.0,0.0,0.008466013482432467,0.0013451669592328527,0.02040816326530612
local_swap_p2,local_swap,2,4801,770028678,"3,80,162",202,10,1616,125,3,7,4,5,9,106,0.072,0.848,8.576,high,4,4,14,1.5555555555555556,0.0,0.0,0.008466015275594796,0.0013451669592328527,0.02040816326530612
local_swap_p2,local_swap,2,4801,770028678,"3,80,162",203,11,1624,123,3,7,4,5,9,104,0.07317073170731707,0.8455284552845529,8.544715447154472,high,4,4,14,1.5555555555555556,0.0,0.0,0.008466015275594796,0.0013451669592328527,0.02040816326530612
local_swap_p2,local_swap,2,4801,770028678,"3,80,162",204,12,1632,122,3,7,4,5,9,103,0.07377049180327869,0.8442622950819673,8.467213114754099,high,4,4,14,1.5555555555555556,0.0,0.0,0.008466015275594796,0.0013451669592328527,0.02040816326530612
local_swap_p2,local_swap,2,4801,770028678,"3,80,162",205,13,1640,123,3,7,4,5,9,104,0.07317073170731707,0.8455284552845529,8.463414634146341,high,4,4,14,1.5555555555555556,0.0,0.0,0.008466015275594796,0.0013451669592328527,0.02040816326530612
local_swap_p2,local_swap,2,4801,770028678,"3,80,162",206,14,1648,125,3,8,4,5,9,105,0.072,0.84,8.44,high,4,4,14,1.5555555555555556,0.0,0.0,0.008466015275594796,0.0013451669592328527,0.02040816326530612
local_swap_p2,local_swap,2,4801,770028678,"3,80,162",207,15,1656,126,3,8,4,5,9,106,0.07142857142857142,0.8412698412698413,8.46031746031746,high,4,4,14,1.5555555555555556,0.0,0.0,0.008466015275594796,0.0013451669592328527,0.02040816326530612
local_swap_p2,local_swap,2,4801,770028678,"3,80,162",208,16,1664,130,3,8,4,5,9,110,0.06923076923076923,0.8461538461538461,8.592307692307692,high,4,4,14,1.5555555555555556,0.0,0.0,0.008463712187415122,0.0013451669592328527,0.02040816326530612
local_swap_p2,local_swap,2,4801,770028678,"3,80,162",209,17,1672,130,3,8,4,5,9,110,0.06923076923076923,0.8461538461538461,8.592307692307692,high,4,4,14,1.5555555555555556,0.0,0.0,0.008463712187415122,0.0013451669592328527,0.02040816326530612
local_swap_p2,local_swap,2,4801,770028678,"3,80,162",210,18,1680,133,3,8,2,8,10,112,0.07518796992481203,0.8421052631578947,8.639097744360901,high,4,5,13,1.3,0.0,0.0,0.008463712187415122,0.0013451669592328527,0.02040816326530612
local_swap_p2,local_swap,2,4801,770028678,"3,80,162",211,19,1688,131,3,8,2,7,9,111,0.06870229007633588,0.8473282442748091,8.618320610687023,high,4,4,10,1.1111111111111112,0.0,0.0,0.008463712131164598,0.0013451669592328527,0.02040816326530612
local_swap_p2,local_swap,2,4801,770028678,"3,80,162",212,20,1696,133,3,8,2,7,9,113,0.06766917293233082,0.849624060150376,8.654135338345865,high,4,4,10,1.1111111111111112,0.0,0.0,0.0065463784576562135,0.0013451669592328527,0.01020408163265306
local_swap_p2,local_swap,2,4801,770028678,"3,80,162",213,21,1704,134,3,7,3,7,10,114,0.07462686567164178,0.8507462686567164,8.656716417910447,high,4,4,13,1.3,0.0,0.0,0.0065463784576562135,0.0013451669592328527,0.01020408163265306
local_swap_p2,local_swap,2,4801,770028678,"3,80,162",214,22,1712,135,3,7,5,6,11,114,0.08148148148148149,0.8444444444444444,8.577777777777778,high,2,5,17,1.5454545454545454,0.0,0.0,0.0065463784576562135,0.0013451669592328527,0.01020408163265306
local_swap_p2,local_swap,2,4801,770028678,"3,80,162",215,23,1720,133,3,7,3,6,9,114,0.06766917293233082,0.8571428571428571,8.669172932330827,high,1,5,14,1.5555555555555556,0.0,0.0,0.0065463784576562135,0.0013451669592328527,0.01020408163265306
local_swap_p2,local_swap,2,4801,770028678,"3,80,162",216,24,1728,134,3,7,3,6,9,115,0.06716417910447761,0.8582089552238806,8.656716417910447,high,1,5,14,1.5555555555555556,0.0,0.0,0.0065463784576562135,0.0013451669592328527,0.01020408163265306
local_swap_p2,local_swap,2,4801,770028678,"3,80,162",217,25,1736,133,3,7,3,6,9,114,0.06766917293233082,0.8571428571428571,8.654135338345865,high,1,5,14,1.5555555555555556,0.0,0.0,0.006546380469021454,0.0013451669592328527,0.01020408163265306
local_swap_p2,local_swap,2,4801,770028678,"3,80,162",218,26,1744,134,3,7,3,6,9,115,0.06716417910447761,0.8582089552238806,8.664179104477611,high,1,5,14,1.5555555555555556,0.0,0.0,0.006546380469021454,0.0013451669592328527,0.01020408163265306
local_swap_p2,local_swap,2,4801,770028678,"3,80,162",219,27,1752,138,3,8,3,5,8,119,0.057971014492753624,0.8623188405797102,8.673913043478262,high,0,5,15,1.875,0.0,0.0,0.006546380469021454,0.0013451669592328527,0.01020408163265306
local_swap_p2,local_swap,2,4801,770028678,"3,80,162",220,28,1760,136,3,8,3,5,8,117,0.058823529411764705,0.8602941176470589,8.676470588235293,high,0,5,15,1.875,0.0,0.0,0.006546380469021454,0.0013451669592328527,0.01020408163265306
local_swap_p2,local_swap,2,4801,770028678,"3,80,162",221,29,1768,135,3,8,4,4,8,116,0.05925925925925926,0.8592592592592593,8.65925925925926,high,0,5,16,2.0,0.0,0.0,0.006546380469021454,0.0013451669592328527,0.01020408163265306
local_swap_p2,local_swap,2,4801,770028678,"3,80,162",222,30,1776,134,3,8,3,5,8,115,0.05970149253731343,0.8582089552238806,8.649253731343284,high,0,5,15,1.875,0.0,0.0,0.00654633139150392,0.0013451669592328527,0.0
local_swap_p2,local_swap,2,4801,770028678,"3,80,162",223,31,1784,131,3,8,3,5,8,112,0.061068702290076333,0.8549618320610687,8.625954198473282,high,0,5,15,1.875,0.0,0.0,0.00654633139150392,0.0013451669592328527,0.0
local_swap_p2,local_swap,2,4801,770028678,"3,80,162",224,32,1792,133,3,8,4,5,9,113,0.06766917293233082,0.849624060150376,8.586466165413533,high,0,5,15,1.6666666666666667,0.0,0.0,0.00654633139150392,0.0013451669592328527,0.0
local_swap_p2,local_swap,2,4801,770028678,"3,80,162",225,33,1800,135,3,8,4,5,9,115,0.06666666666666667,0.8518518518518519,8.614814814814816,high,0,5,15,1.6666666666666667,0.0,0.0,0.00654633139150392,0.0013451669592328527,0.0
local_swap_p2,local_swap,2,4801,770028678,"3,80,162",226,34,1808,136,3,7,4,6,10,116,0.07352941176470588,0.8529411764705882,8.625,high,1,5,14,1.4,0.0,0.0,0.00654633139150392,0.0013451669592328527,0.0
local_swap_p2,local_swap,2,4801,770028678,"3,80,162",227,35,1816,135,3,6,4,6,10,116,0.07407407407407407,0.8592592592592593,8.71111111111111,high,1,5,14,1.4,0.0,0.0,0.00654633139150392,0.0013451669592328527,0.0
local_swap_p2,local_swap,2,4801,770028678,"3,80,162",228,36,1824,139,3,7,4,6,10,119,0.07194244604316546,0.8561151079136691,8.697841726618705,high,1,5,14,1.4,0.0,0.0,0.00654633139150392,0.0013451669592328527,0.0
local_swap_p2,local_swap,2,4801,770028678,"3,80,162",229,37,1832,140,3,7,4,6,10,120,0.07142857142857142,0.8571428571428571,8.657142857142857,high,1,5,14,1.4,0.0,0.0,0.00654633139150392,0.0013451669592328527,0.0
local_swap_p2,local_swap,2,4801,770028678,"3,80,162",230,38,1840,143,3,7,5,7,12,121,0.08391608391608392,0.8461538461538461,8.573426573426573,high,3,6,15,1.25,0.0,0.0,0.00654633139150392,0.0013451669592328527,0.0
local_swap_p2,local_swap,2,4801,770028678,"3,80,162",231,39,1848,142,3,6,5,8,13,120,0.09154929577464789,0.8450704225352113,8.612676056338028,high,3,6,16,1.2307692307692308,0.0,0.0,0.00654633139150392,0.0013451669592328527,0.0
local_swap_p2,local_swap,2,4801,770028678,"3,80,162",232,40,1856,145,3,6,5,8,13,123,0.0896551724137931,0.8482758620689655,8.613793103448275,high,3,6,16,1.2307692307692308,0.0,0.0,0.006564293618777229,0.0013451669592328527,0.01020408163265306
local_swap_p2,local_swap,2,4801,770028678,"3,80,162",233,41,1864,146,3,6,5,8,13,124,0.08904109589041095,0.8493150684931506,8.657534246575343,high,3,6,16,1.2307692307692308,0.0,0.0,0.006576953010933006,0.0013451669592328527,0.01020408163265306
local_swap_p2,local_swap,2,4801,770028678,"3,80,162",234,42,1872,149,3,6,5,8,13,127,0.087248322147651,0.8523489932885906,8.697986577181208,high,3,6,16,1.2307692307692308,0.0,0.0,0.006576953010933006,0.0013451669592328527,0.01020408163265306
local_swap_p2,local_swap,2,4801,770028678,"3,80,162",235,43,1880,148,3,6,5,7,12,127,0.08108108108108109,0.8581081081081081,8.743243243243244,high,1,6,19,1.5833333333333333,0.0,0.0,0.006576953010933006,0.0013451669592328527,0.01020408163265306
local_swap_p2,local_swap,2,4801,770028678,"3,80,162",236,44,1888,144,3,6,5,7,12,123,0.08333333333333333,0.8541666666666666,8.75,high,1,6,19,1.5833333333333333,0.0,0.0,0.006576953010933006,0.0013451669592328527,0.01020408163265306
local_swap_p2,local_swap,2,4801,770028678,"3,80,162",237,45,1896,147,3,6,4,7,11,127,0.07482993197278912,0.8639455782312925,8.795918367346939,high,1,5,18,1.6363636363636365,0.0,0.0,0.006576953010933006,0.0013451669592328527,0.01020408163265306
local_swap_p2,local_swap,2,4801,770028678,"3,80,162",238,46,1904,149,3,6,4,8,12,128,0.08053691275167785,0.8590604026845637,8.758389261744966,high,3,5,16,1.3333333333333333,0.0,0.0,0.006576953010933006,0.0013451669592328527,0.01020408163265306
local_swap_p2,local_swap,2,4801,770028678,"3,80,162",239,47,1912,147,3,6,4,8,12,126,0.08163265306122448,0.8571428571428571,8.782312925170068,high,3,5,16,1.3333333333333333,0.0,0.0,0.006576953010933006,0.0013451669592328527,0.01020408163265306
local_swap_p2,local_swap,2,4801,770028678,"3,80,162",240,48,1920,147,3,6,5,8,13,125,0.08843537414965986,0.8503401360544217,8.693877551020408,high,3,5,19,1.4615384615384615,0.0,0.0,0.006576953010933006,0.0013451669592328527,0.01020408163265306
local_swap_p2,local_swap,2,4801,770028678,"3,80,162",241,49,1928,145,3,6,5,7,12,124,0.08275862068965517,0.8551724137931035,8.744827586206897,high,3,5,18,1.5,0.0,0.0,0.006576953010933006,0.0013451669592328527,0.01020408163265306
local_swap_p2,local_swap,2,4801,770028678,"3,80,162",242,50,1936,145,3,6,5,7,12,124,0.08275862068965517,0.8551724137931035,8.724137931034482,high,2,7,21,1.75,0.0,0.0,0.006576953010933006,0.0013451669592328527,0.01020408163265306
local_swap_p2,local_swap,2,4801,770028678,"3,80,162",243,51,1944,146,3,7,5,7,12,124,0.0821917808219178,0.8493150684931506,8.636986301369863,high,2,7,21,1.75,0.0,0.0,0.006576953010933006,0.0013451669592328527,0.01020408163265306
local_swap_p2,local_swap,2,4801,770028678,"3,80,162",244,52,1952,147,3,7,4,8,12,125,0.08163265306122448,0.8503401360544217,8.63265306122449,high,2,7,22,1.8333333333333333,0.0,0.0,0.006576953010933006,0.0013451669592328527,0.01020408163265306
local_swap_p2,local_swap,2,4801,770028678,"3,80,162",245,53,1960,147,3,7,4,8,12,125,0.08163265306122448,0.8503401360544217,8.639455782312925,high,2,7,22,1.8333333333333333,0.0,0.0,0.006871607617236024,0.0013451669592328527,0.01020408163265306
local_swap_p2,local_swap,2,4801,770028678,"3,80,162",246,54,1968,152,3,7,4,8,12,130,0.07894736842105263,0.8552631578947368,8.730263157894736,high,2,7,22,1.8333333333333333,0.0,0.0,0.006871607617236024,0.0013451669592328527,0.01020408163265306
local_swap_p2,local_swap,2,4801,770028678,"3,80,162",247,55,1976,151,3,7,4,8,12,129,0.07947019867549669,0.8543046357615894,8.721854304635762,high,2,7,22,1.8333333333333333,0.0,0.0,0.006871609158416243,0.0013451669592328527,0.01020408163265306
local_swap_p2,local_swap,2,4801,770028678,"3,80,162",248,56,1984,150,3,6,4,7,11,130,0.07333333333333333,0.8666666666666667,8.793333333333333,high,2,6,18,1.6363636363636365,0.0,0.0,0.006871609158416243,0.0013451669592328527,0.01020408163265306
local_swap_p2,local_swap,2,4801,770028678,"3,80,162",249,57,1992,149,3,6,4,7,11,129,0.0738255033557047,0.8657718120805369,8.818791946308725,high,2,6,18,1.6363636363636365,0.0,0.0,0.006871609158416243,0.0013451669592328527,0.01020408163265306
local_swap_p2,local_swap,2,4801,770028678,"3,80,162",250,58,2000,148,3,6,4,6,10,129,0.06756756756756757,0.8716216216216216,8.777027027027026,high,2,5,13,1.3,0.0,0.0,0.006871609158416243,0.0013451669592328527,0.01020408163265306
local_swap_p2,local_swap,2,4801,770028678,"3,80,162",251,59,2008,148,3,6,4,6,10,129,0.06756756756756757,0.8716216216216216,8.783783783783784,high,2,5,13,1.3,0.0,0.0,0.006871609158416243,0.0013451669592328527,0.01020408163265306
local_swap_p2,local_swap,2,4801,770028678,"3,80,162",252,60,2016,146,3,6,4,6,10,127,0.0684931506849315,0.8698630136986302,8.808219178082192,high,3,6,17,1.7,0.0,0.0,0.006871609158416243,0.0013451669592328527,0.01020408163265306
local_swap_p2,local_swap,2,4801,770028678,"3,80,162",253,61,2024,149,3,6,4,6,10,130,0.06711409395973154,0.87248322147651,8.832214765100671,high,3,6,17,1.7,0.0,0.0,0.006871609158416243,0.0013451669592328527,0.01020408163265306
local_swap_p2,local_swap,2,4801,770028678,"3,80,162",254,62,2032,148,3,6,4,5,9,130,0.060810810810810814,0.8783783783783784,8.797297297297296,high,3,5,14,1.5555555555555556,0.0,0.0,0.006871609158416243,0.0013451669592328527,0.01020408163265306
local_swap_p2,local_swap,2,4801,770028678,"3,80,162",255,63,2040,150,3,6,4,6,10,131,0.06666666666666667,0.8733333333333333,8.726666666666667,high,5,5,11,1.1,0.0,0.0,0.006871609158416243,0.0013451669592328527,0.01020408163265306
local_swap_p2,local_swap,2,4801,770028678,"3,80,162",256,64,2048,153,3,6,4,5,9,135,0.058823529411764705,0.8823529411764706,8.81045751633987,high,5,4,9,1.0,0.0,0.0,0.006871609158416243,0.0013451669592328527,0.01020408163265306
local_swap_p2,local_swap,2,4801,770028678,"3,80,162",257,65,2056,153,3,6,4,5,9,135,0.058823529411764705,0.8823529411764706,8.816993464052288,high,5,4,9,1.0,0.0,0.0,0.006871609158416243,0.0013451669592328527,0.01020408163265306
local_swap_p2,local_swap,2,4801,770028678,"3,80,162",258,66,2064,159,3,7,4,6,10,139,0.06289308176100629,0.8742138364779874,8.685534591194969,high,5,5,12,1.2,0.0,0.0,0.006871621090906384,0.0013451669592328527,0.01020408163265306
local_swap_p2,local_swap,2,4801,770028678,"3,80,162",259,67,2072,155,3,7,4,5,9,136,0.05806451612903226,0.8774193548387097,8.735483870967743,high,3,5,15,1.6666666666666667,0.0,0.0,0.006871621090906384,0.0013451669592328527,0.01020408163265306
local_swap_p2,local_swap,2,4801,770028678,"3,80,162",260,68,2080,159,3,8,4,6,10,138,0.06289308176100629,0.8679245283018868,8.641509433962264,high,5,5,12,1.2,0.0,0.0,0.006871621090906384,0.0013451669592328527,0.01020408163265306
local_swap_p2,local_swap,2,4801,770028678,"3,80,162",261,69,2088,159,3,8,4,7,11,137,0.06918238993710692,0.8616352201257862,8.616352201257861,high,5,6,14,1.2727272727272727,0.0,0.0,0.006463778708534028,0.0013451669592328527,0.01020408163265306
local_swap_p2,local_swap,2,4801,770028678,"3,80,162",262,70,2096,160,3,8,4,6,10,139,0.0625,0.86875,8.70625,high,5,5,12,1.2,0.0,0.0,0.006463778708534028,0.0013451669592328527,0.01020408163265306
local_swap_p2,local_swap,2,4801,770028678,"3,80,162",263,71,2104,162,3,8,4,6,10,141,0.06172839506172839,0.8703703703703703,8.685185185185185,high,5,5,12,1.2,0.0,0.0,0.006463778708534028,0.0013451669592328527,0.01020408163265306
local_swap_p2,local_swap,2,4801,770028678,"3,80,162",264,72,2112,161,3,9,4,8,12,137,0.07453416149068323,0.8509316770186336,8.608695652173912,high,5,7,17,1.4166666666666667,0.0,0.0,0.006463778708534028,0.0013451669592328527,0.01020408163265306
local_swap_p2,local_swap,2,4801,770028678,"3,80,162",265,73,2120,164,3,9,4,8,12,140,0.07317073170731707,0.8536585365853658,8.615853658536585,high,5,7,17,1.4166666666666667,0.0,0.0,0.006463778708534028,0.0013451669592328527,0.01020408163265306
local_swap_p2,local_swap,2,4801,770028678,"3,80,162",266,74,2128,165,3,9,5,7,12,141,0.07272727272727272,0.8545454545454545,8.587878787878788,high,3,8,23,1.9166666666666667,0.0,0.0,0.006463778708534028,0.0013451669592328527,0.01020408163265306
local_swap_p2,local_swap,2,4801,770028678,"3,80,162",267,75,2136,163,3,8,5,7,12,140,0.0736196319018405,0.8588957055214724,8.656441717791411,high,2,8,23,1.9166666666666667,0.0,0.0,0.006463778708534028,0.0013451669592328527,0.01020408163265306
local_swap_p2,local_swap,2,4801,770028678,"3,80,162",268,76,2144,161,3,8,5,6,11,139,0.06832298136645963,0.8633540372670807,8.677018633540373,high,0,8,25,2.272727272727273,0.0,0.0,0.006463778708534028,0.0013451669592328527,0.01020408163265306
local_swap_p2,local_swap,2,4801,770028678,"3,80,162",269,77,2152,163,3,8,5,7,12,140,0.0736196319018405,0.8588957055214724,8.680981595092025,high,0,9,28,2.3333333333333335,0.0,0.0,0.006428327228114093,0.0013451669592328527,0.0
local_swap_p2,local_swap,2,4801,770028678,"3,80,162",270,78,2160,164,3,8,5,5,10,143,0.06097560975609756,0.8719512195121951,8.731707317073171,high,0,8,26,2.6,0.0,0.0,0.006428327228114093,0.0013451669592328527,0.0
local_swap_p2,local_swap,2,4801,770028678,"3,80,162",271,79,2168,162,3,8,5,5,10,141,0.06172839506172839,0.8703703703703703,8.75925925925926,high,0,8,26,2.6,0.0,0.0,0.006428327228114093,0.0013451669592328527,0.0
local_swap_p2,local_swap,2,4801,770028678,"3,80,162",272,80,2176,162,3,8,5,5,10,141,0.06172839506172839,0.8703703703703703,8.802469135802468,high,0,8,26,2.6,0.0,0.0,0.006428327228114093,0.0013451669592328527,0.0
local_swap_p2,local_swap,2,4801,770028678,"3,80,162",273,81,2184,163,3,8,6,5,11,141,0.06748466257668712,0.8650306748466258,8.785276073619633,high,0,7,27,2.4545454545454546,0.0,0.0,0.006195949906516508,0.0013451669592328527,0.0
local_swap_p2,local_swap,2,4801,770028678,"3,80,162",274,82,2192,166,3,8,6,6,12,143,0.07228915662650602,0.8614457831325302,8.819277108433734,high,1,7,26,2.1666666666666665,0.0,0.0,0.006195949906516508,0.0013451669592328527,0.0
local_swap_p2,local_swap,2,4801,770028678,"3,80,162",275,83,2200,167,3,9,6,6,12,143,0.0718562874251497,0.8562874251497006,8.760479041916168,high,1,7,26,2.1666666666666665,0.0,0.0,0.006195949906516508,0.0013451669592328527,0.0
local_swap_p2,local_swap,2,4801,770028678,"3,80,162",276,84,2208,164,3,9,6,6,12,140,0.07317073170731707,0.8536585365853658,8.701219512195122,high,1,7,26,2.1666666666666665,0.0,0.0,0.006195949906516508,0.0013451669592328527,0.0
local_swap_p2,local_swap,2,4801,770028678,"3,80,162",277,85,2216,164,3,8,5,8,13,140,0.07926829268292683,0.8536585365853658,8.731707317073171,high,1,7,23,1.7692307692307692,0.0,0.0,0.006195949906516508,0.0013451669592328527,0.0
local_swap_p2,local_swap,2,4801,770028678,"3,80,162",278,86,2224,166,3,8,5,8,13,142,0.0783132530120482,0.8554216867469879,8.728915662650602,high,1,7,23,1.7692307692307692,0.0,0.0,0.006195949906516508,0.0013451669592328527,0.0
local_swap_p2,local_swap,2,4801,770028678,"3,80,162",279,87,2232,169,3,8,5,8,13,145,0.07692307692307693,0.8579881656804734,8.804733727810651,high,1,7,23,1.7692307692307692,0.0,0.0,0.0019544215593649598,0.0013451669592328527,0.0
local_swap_p2,local_swap,2,4801,770028678,"3,80,162",280,88,2240,173,3,8,6,7,13,149,0.07514450867052024,0.861271676300578,8.797687861271676,high,1,7,25,1.9230769230769231,0.0,0.0,0.0019544215593649598,0.0013451669592328527,0.0
local_swap_p2,local_swap,2,4801,770028678,"3,80,162",281,89,2248,172,3,7,6,7,13,149,0.0755813953488372,0.8662790697674418,8.866279069767442,high,1,7,25,1.9230769230769231,0.0,0.0,0.0019544215593649598,0.0013451669592328527,0.0
local_swap_p2,local_swap,2,4801,770028678,"3,80,162",282,90,2256,168,3,7,6,7,13,145,0.07738095238095238,0.8630952380952381,8.821428571428571,high,1,7,25,1.9230769230769231,0.0,0.0,0.0019544215593649598,0.0013451669592328527,0.0
local_swap_p2,local_swap,2,4801,770028678,"3,80,162",283,91,2264,172,3,7,5,9,14,148,0.08139534883720931,0.8604651162790697,8.779069767441861,high,3,7,22,1.5714285714285714,0.0,0.0,0.0019544215593649598,0.0013451669592328527,0.0
local_swap_p2,local_swap,2,4801,770028678,"3,80,162",284,92,2272,174,3,8,5,9,14,149,0.08045977011494253,0.8563218390804598,8.775862068965518,high,3,7,22,1.5714285714285714,0.0,0.0,0.0019544215593649598,0.0013451669592328527,0.0
local_swap_p2,local_swap,2,4801,770028678,"3,80,162",285,93,2280,174,3,8,5,9,14,149,0.08045977011494253,0.8563218390804598,8.781609195402298,high,3,7,22,1.5714285714285714,0.0,0.0,0.0019544215593649598,0.0013451669592328527,0.0
local_swap_p2,local_swap,2,4801,770028678,"3,80,162",286,94,2288,173,3,8,5,8,13,149,0.07514450867052024,0.861271676300578,8.815028901734104,high,3,7,23,1.7692307692307692,0.0,0.0,0.0019544215593649598,0.0013451669592328527,0.0
local_swap_p2,local_swap,2,4801,770028678,"3,80,162",287,95,2296,173,3,8,5,9,14,148,0.08092485549132948,0.8554913294797688,8.76878612716763,high,5,7,20,1.4285714285714286,0.0,0.0,0.0019544215593649598,0.0013451669592328527,0.0
local_swap_p2,local_swap,2,4801,770028678,"3,80,162",288,96,2304,176,3,8,5,9,14,151,0.07954545454545454,0.8579545454545454,8.801136363636363,high,5,7,20,1.4285714285714286,0.0,0.0,0.0019544215593649598,0.0013451669592328527,0.0
local_swap_p2,local_swap,2,4801,770028678,"3,80,162",289,97,2312,177,3,8,5,9,14,152,0.07909604519774012,0.8587570621468926,8.819209039548022,high,5,7,20,1.4285714285714286,0.0,0.0,0.0019544215593649598,0.0013451669592328527,0.0
local_swap_p2,local_swap,2,4801,770028678,"3,80,162",290,98,2320,177,3,8,4,9,13,153,0.07344632768361582,0.864406779661017,8.864406779661017,high,5,8,19,1.4615384615384615,0.0,0.0,0.0019544215593649598,0.0013451669592328527,0.0
local_swap_p2,local_swap,2,4801,770028678,"3,80,162",291,99,2328,176,3,8,4,8,12,153,0.06818181818181818,0.8693181818181818,8.875,high,3,8,22,1.8333333333333333,0.0,0.0,0.0019544215593649598,0.0013451669592328527,0.0
local_swap_p2,local_swap,2,4801,770028678,"3,80,162",292,100,2336,175,3,8,4,8,12,152,0.06857142857142857,0.8685714285714285,8.862857142857143,high,3,8,22,1.8333333333333333,0.0,0.0,0.0019544215593649598,0.0013451669592328527,0.0
local_swap_p2,local_swap,2,4801,770028678,"3,80,162",293,101,2344,174,3,8,4,10,14,149,0.08045977011494253,0.8563218390804598,8.78735632183908,high,3,9,24,1.7142857142857142,0.0,0.0,0.0019544215593649598,0.0013451669592328527,0.0
local_swap_p2,local_swap,2,4801,770028678,"3,80,162",294,102,2352,176,3,8,5,9,14,151,0.07954545454545454,0.8579545454545454,8.823863636363637,high,3,8,25,1.7857142857142858,0.0,0.0,0.0019545066540169985,0.0013451669592328527,0.0
local_swap_p2,local_swap,2,4801,770028678,"3,80,162",295,103,2360,176,3,9,6,7,13,151,0.07386363636363637,0.8579545454545454,8.738636363636363,high,3,7,23,1.7692307692307692,0.0,0.0,0.0019545066540169985,0.0013451669592328527,0.0
local_swap_p2,local_swap,2,4801,770028678,"3,80,162",296,104,2368,176,3,10,6,7,13,150,0.07386363636363637,0.8522727272727273,8.681818181818182,high,3,7,23,1.7692307692307692,0.0,0.0,0.009859187564498736,0.0013451669592328527,0.01020408163265306
local_swap_p2,local_swap,2,4801,770028678,"3,80,162",297,105,2376,177,3,10,6,7,13,151,0.07344632768361582,0.8531073446327684,8.689265536723164,high,3,7,24,1.8461538461538463,0.0,0.0,0.009859187600008552,0.0013451669592328527,0.0
local_swap_p2,local_swap,2,4801,770028678,"3,80,162",298,106,2384,173,3,10,6,7,13,147,0.07514450867052024,0.8497109826589595,8.61849710982659,high,3,7,24,1.8461538461538463,0.0,0.0,0.009859187600008552,0.0013451669592328527,0.0
local_swap_p2,local_swap,2,4801,770028678,"3,80,162",299,107,2392,171,3,10,6,7,13,145,0.07602339181286549,0.847953216374269,8.596491228070175,high,3,7,24,1.8461538461538463,0.0,0.0,0.009859187600008552,0.0013451669592328527,0.0
local_swap_p2,local_swap,2,4801,770028678,"3,80,162",300,108,2400,173,3,10,6,7,13,147,0.07514450867052024,0.8497109826589595,8.624277456647398,high,3,7,24,1.8461538461538463,0.0,0.0,0.009859187600008552,0.0013451669592328527,0.0
local_swap_p2,local_swap,2,4801,770028678,"3,80,162",301,109,2408,174,3,10,6,7,13,148,0.07471264367816093,0.8505747126436781,8.60919540229885,high,3,7,24,1.8461538461538463,0.0,0.0,0.0098591873321712,0.0013451669592328527,0.0
local_swap_p2,local_swap,2,4801,770028678,"3,80,162",302,110,2416,176,3,10,6,9,15,148,0.08522727272727272,0.8409090909090909,8.5625,high,5,7,20,1.3333333333333333,0.0,0.0,0.0098591873321712,0.0013451669592328527,0.0
local_swap_p2,local_swap,2,4801,770028678,"3,80,162",303,111,2424,175,3,10,7,8,15,147,0.08571428571428572,0.84,8.554285714285715,high,5,7,21,1.4,0.0,0.0,0.0098591873321712,0.0013451669592328527,0.0
local_swap_p2,local_swap,2,4801,770028678,"3,80,162",304,112,2432,175,3,10,7,8,15,147,0.08571428571428572,0.84,8.542857142857143,high,5,7,21,1.4,0.0,0.0,0.0098591873321712,0.0013451669592328527,0.0
local_swap_p2,local_swap,2,4801,770028678,"3,80,162",305,113,2440,175,3,10,7,8,15,147,0.08571428571428572,0.84,8.531428571428572,high,5,7,21,1.4,0.0,0.0,0.0098591873321712,0.0013451669592328527,0.0
local_swap_p2,local_swap,2,4801,770028678,"3,80,162",306,114,2448,177,3,10,7,8,15,149,0.0847457627118644,0.8418079096045198,8.548022598870057,high,5,7,21,1.4,0.0,0.0,0.0098591873321712,0.0013451669592328527,0.0
local_swap_p2,local_swap,2,4801,770028678,"3,80,162",307,115,2456,175,3,10,6,8,14,148,0.08,0.8457142857142858,8.577142857142857,high,5,7,18,1.2857142857142858,0.0,0.0,0.0098591873321712,0.0013451669592328527,0.0
local_swap_p2,local_swap,2,4801,770028678,"3,80,162",308,116,2464,171,3,10,6,7,13,145,0.07602339181286549,0.847953216374269,8.584795321637428,high,5,7,19,1.4615384615384615,0.0,0.0,0.009838174930769302,0.0013451669592328527,0.01020408163265306
local_swap_p2,local_swap,2,4801,770028678,"3,80,162",309,117,2472,173,3,10,6,7,13,147,0.07514450867052024,0.8497109826589595,8.566473988439306,high,5,7,19,1.4615384615384615,0.0,0.0,0.009838174930769302,0.0013451669592328527,0.01020408163265306
local_swap_p2,local_swap,2,4801,770028678,"3,80,162",310,118,2480,170,3,10,6,7,13,144,0.07647058823529412,0.8470588235294118,8.523529411764706,high,5,7,19,1.4615384615384615,0.0,0.0,0.0051414784123293665,0.0013451669592328527,0.02040816326530612
local_swap_p2,local_swap,2,4801,770028678,"3,80,162",311,119,2488,170,3,10,6,8,14,143,0.08235294117647059,0.8411764705882353,8.488235294117647,high,5,7,18,1.2857142857142858,0.0,0.0,0.005141478478595961,0.0013451669592328527,0.02040816326530612
local_swap_p2,local_swap,2,4801,770028678,"3,80,162",312,120,2496,172,3,10,6,8,14,145,0.08139534883720931,0.8430232558139535,8.424418604651162,high,5,7,18,1.2857142857142858,0.0,0.0,0.005141478493867331,0.0013451669592328527,0.02040816326530612
local_swap_p2,local_swap,2,4801,770028678,"3,80,162",313,121,2504,173,3,10,6,8,14,146,0.08092485549132948,0.8439306358381503,8.427745664739884,high,5,7,18,1.2857142857142858,0.0,0.0,0.005141477582836618,0.0013451669592328527,0.02040816326530612
local_swap_p2,local_swap,2,4801,770028678,"3,80,162",314,122,2512,175,3,10,6,9,15,147,0.08571428571428572,0.84,8.405714285714286,high,5,7,19,1.2666666666666666,0.0,0.0,0.005141477582836618,0.0013451669592328527,0.02040816326530612
local_swap_p2,local_swap,2,4801,770028678,"3,80,162",315,123,2520,174,3,10,6,10,16,145,0.09195402298850575,0.8333333333333334,8.344827586206897,high,5,7,29,1.8125,0.0,0.0,0.005141477582836618,0.0013451669592328527,0.02040816326530612
local_swap_p2,local_swap,2,4801,770028678,"3,80,162",316,124,2528,175,3,10,6,11,17,145,0.09714285714285714,0.8285714285714286,8.337142857142856,high,5,7,28,1.6470588235294117,0.0,0.0,0.005141477582836618,0.0013451669592328527,0.02040816326530612
local_swap_p2,local_swap,2,4801,770028678,"3,80,162",317,125,2536,177,3,10,6,11,17,147,0.096045197740113,0.8305084745762712,8.35593220338983,high,5,7,28,1.6470588235294117,0.0,0.0,0.005141477582836618,0.0013451669592328527,0.02040816326530612
local_swap_p2,local_swap,2,4801,770028678,"3,80,162",318,126,2544,178,3,10,6,11,17,148,0.09550561797752809,0.8314606741573034,8.393258426966293,high,3,7,32,1.8823529411764706,0.0,0.0,0.005141477582836618,0.0013451669592328527,0.02040816326530612
local_swap_p2,local_swap,2,4801,770028678,"3,80,162",319,127,2552,178,3,10,6,11,17,148,0.09550561797752809,0.8314606741573034,8.426966292134832,high,3,7,32,1.8823529411764706,0.0,0.0,0.002731743523559994,0.0013451669592328527,0.02040816326530612
local_swap_p2,local_swap,2,4801,770028678,"3,80,162",320,128,2560,180,3,10,6,11,17,150,0.09444444444444444,0.8333333333333334,8.46111111111111,high,3,7,32,1.8823529411764706,0.0,0.0,0.002731743523559994,0.0013451669592328527,0.02040816326530612
local_swap_p2,local_swap,2,4861,770028738,"3,80,162",192,0,1536,38,3,1,2,2,4,30,0.10526315789473684,0.7894736842105263,8.0,high,0,4,9,2.25,0.0,0.0,0.001454994926737696,0.007896148519000317,0.01020408163265306
local_swap_p2,local_swap,2,4861,770028738,"3,80,162",193,1,1544,37,3,1,1,2,3,30,0.08108108108108109,0.8108108108108109,8.18918918918919,high,0,3,7,2.3333333333333335,0.0,0.0,0.001454994926737696,0.007896148519000317,0.01020408163265306
local_swap_p2,local_swap,2,4861,770028738,"3,80,162",194,2,1552,37,3,1,1,2,3,30,0.08108108108108109,0.8108108108108109,8.108108108108109,high,0,3,7,2.3333333333333335,0.0,0.0,0.001454994926737696,0.007896148519000317,0.01020408163265306
local_swap_p2,local_swap,2,4861,770028738,"3,80,162",195,3,1560,36,3,1,1,2,3,29,0.08333333333333333,0.8055555555555556,7.944444444444445,high,0,3,7,2.3333333333333335,0.0,0.0,0.001454994926737696,0.007896148519000317,0.01020408163265306
local_swap_p2,local_swap,2,4861,770028738,"3,80,162",196,4,1568,36,3,1,1,2,3,29,0.08333333333333333,0.8055555555555556,7.944444444444445,high,0,3,7,2.3333333333333335,0.0,0.0,0.001454994926737696,0.007896148519000317,0.01020408163265306
local_swap_p2,local_swap,2,4861,770028738,"3,80,162",197,5,1576,36,3,1,1,3,4,28,0.1111111111111111,0.7777777777777778,7.916666666666667,high,0,3,9,2.25,0.0,0.0,0.001454994926737696,0.007896148519000317,0.01020408163265306
local_swap_p2,local_swap,2,4861,770028738,"3,80,162",198,6,1584,38,3,1,1,3,4,30,0.10526315789473684,0.7894736842105263,7.973684210526316,high,0,3,9,2.25,0.0,0.0,0.001454994926737696,0.007896148519000317,0.01020408163265306
local_swap_p2,local_swap,2,4861,770028738,"3,80,162",199,7,1592,39,3,2,0,3,3,31,0.07692307692307693,0.7948717948717948,7.948717948717949,high,0,2,8,2.6666666666666665,0.0,0.0,0.001454994926737696,0.007896148519000317,0.01020408163265306
local_swap_p2,local_swap,2,4861,770028738,"3,80,162",200,8,1600,39,3,2,0,3,3,31,0.07692307692307693,0.7948717948717948,7.948717948717949,high,0,2,8,2.6666666666666665,0.0,0.0,0.0014125845327662035,0.007896148519000317,0.01020408163265306
local_swap_p2,local_swap,2,4861,770028738,"3,80,162",201,9,1608,41,3,2,0,3,3,33,0.07317073170731707,0.8048780487804879,8.21951219512195,high,0,2,8,2.6666666666666665,0.0,0.0,0.00143846039741861,0.007896148519000317,0.01020408163265306
local_swap_p2,local_swap,2,4861,770028738,"3,80,162",202,10,1616,43,3,2,0,3,3,35,0.06976744186046512,0.813953488372093,8.279069767441861,high,0,2,8,2.6666666666666665,0.0,0.0,0.000688732823399588,0.008973442649270049,0.01020408163265306
local_swap_p2,local_swap,2,4861,770028738,"3,80,162",203,11,1624,43,3,2,0,3,3,35,0.06976744186046512,0.813953488372093,8.279069767441861,high,0,2,8,2.6666666666666665,0.0,0.0,0.000688732823399588,0.008973442649270049,0.01020408163265306
local_swap_p2,local_swap,2,4861,770028738,"3,80,162",204,12,1632,43,3,2,0,3,3,35,0.06976744186046512,0.813953488372093,8.279069767441861,high,0,2,8,2.6666666666666665,0.0,0.0,0.000688732823399588,0.008973442649270049,0.01020408163265306
local_swap_p2,local_swap,2,4861,770028738,"3,80,162",205,13,1640,47,3,2,0,4,4,38,0.0851063829787234,0.8085106382978723,8.340425531914894,high,0,2,9,2.25,0.0,0.0,0.000688732823399588,0.008973442649270049,0.01020408163265306
local_swap_p2,local_swap,2,4861,770028738,"3,80,162",206,14,1648,47,3,2,1,3,4,38,0.0851063829787234,0.8085106382978723,8.340425531914894,high,0,3,9,2.25,0.0,0.0,0.000688732823399588,0.008973442649270049,0.01020408163265306
local_swap_p2,local_swap,2,4861,770028738,"3,80,162",207,15,1656,47,3,2,1,3,4,38,0.0851063829787234,0.8085106382978723,8.340425531914894,high,0,3,9,2.25,0.0,0.0,0.000688732823399588,0.008973442649270049,0.01020408163265306
local_swap_p2,local_swap,2,4861,770028738,"3,80,162",208,16,1664,48,3,1,2,3,5,39,0.10416666666666667,0.8125,8.354166666666666,high,0,4,11,2.2,0.0,0.0,0.000688732823399588,0.008973442649270049,0.01020408163265306
local_swap_p2,local_swap,2,4861,770028738,"3,80,162",209,17,1672,48,3,1,2,3,5,39,0.10416666666666667,0.8125,8.354166666666666,high,0,4,11,2.2,0.0,0.0,0.000688732823399588,0.008973442649270049,0.01020408163265306
local_swap_p2,local_swap,2,4861,770028738,"3,80,162",210,18,1680,51,3,1,2,3,5,42,0.09803921568627451,0.8235294117647058,8.450980392156863,high,0,4,11,2.2,0.0,0.0,0.000688732823399588,0.008973442649270049,0.01020408163265306
local_swap_p2,local_swap,2,4861,770028738,"3,80,162",211,19,1688,51,3,1,2,3,5,42,0.09803921568627451,0.8235294117647058,8.450980392156863,high,0,4,11,2.2,0.0,0.0,0.000688732823399588,0.008973442649270049,0.01020408163265306
local_swap_p2,local_swap,2,4861,770028738,"3,80,162",212,20,1696,53,3,1,2,3,5,44,0.09433962264150944,0.8301886792452831,8.49056603773585,high,0,4,11,2.2,0.0,0.0,0.000688732823399588,0.008973442649270049,0.01020408163265306
local_swap_p2,local_swap,2,4861,770028738,"3,80,162",213,21,1704,52,3,1,2,3,5,43,0.09615384615384616,0.8269230769230769,8.557692307692308,high,0,4,11,2.2,0.0,0.0,0.000688732823399588,0.008973442649270049,0.01020408163265306
local_swap_p2,local_swap,2,4861,770028738,"3,80,162",214,22,1712,53,3,2,1,3,4,44,0.07547169811320754,0.8301886792452831,8.49056603773585,high,0,3,9,2.25,0.0,0.0,0.000688732823399588,0.008973442649270049,0.01020408163265306
local_swap_p2,local_swap,2,4861,770028738,"3,80,162",215,23,1720,54,3,2,1,3,4,45,0.07407407407407407,0.8333333333333334,8.444444444444445,high,0,3,9,2.25,0.0,0.0,0.000688732823399588,0.008973442649270049,0.01020408163265306
local_swap_p2,local_swap,2,4861,770028738,"3,80,162",216,24,1728,53,3,2,0,3,3,45,0.05660377358490566,0.8490566037735849,8.584905660377359,high,0,2,8,2.6666666666666665,0.0,0.0,0.000688732823399588,0.008973442649270049,0.01020408163265306
local_swap_p2,local_swap,2,4861,770028738,"3,80,162",217,25,1736,52,3,2,1,2,3,44,0.057692307692307696,0.8461538461538461,8.596153846153847,high,0,3,7,2.3333333333333335,0.0,0.0,0.0006887328233994302,0.008973442649270049,0.01020408163265306
local_swap_p2,local_swap,2,4861,770028738,"3,80,162",218,26,1744,52,3,2,1,2,3,44,0.057692307692307696,0.8461538461538461,8.615384615384615,high,0,3,7,2.3333333333333335,0.0,0.0,0.0006887328233994302,0.008973442649270049,0.01020408163265306
local_swap_p2,local_swap,2,4861,770028738,"3,80,162",219,27,1752,53,3,2,2,1,3,45,0.05660377358490566,0.8490566037735849,8.622641509433961,high,0,2,10,3.3333333333333335,0.0,0.0,0.0006887328233994302,0.008973442649270049,0.01020408163265306
local_swap_p2,local_swap,2,4861,770028738,"3,80,162",220,28,1760,54,3,2,2,1,3,46,0.05555555555555555,0.8518518518518519,8.666666666666666,high,0,2,10,3.3333333333333335,0.0,0.0,0.0006887328233994302,0.008973442649270049,0.01020408163265306
local_swap_p2,local_swap,2,4861,770028738,"3,80,162",221,29,1768,53,3,2,2,1,3,45,0.05660377358490566,0.8490566037735849,8.716981132075471,high,0,2,10,3.3333333333333335,0.0,0.0,0.0006887328233994302,0.008973442649270049,0.01020408163265306
local_swap_p2,local_swap,2,4861,770028738,"3,80,162",222,30,1776,51,3,2,2,1,3,43,0.058823529411764705,0.8431372549019608,8.607843137254902,high,0,2,10,3.3333333333333335,0.0,0.0,0.0006628569587470237,0.008973442649270049,0.01020408163265306
local_swap_p2,local_swap,2,4861,770028738,"3,80,162",223,31,1784,50,3,2,2,1,3,42,0.06,0.84,8.58,high,0,2,10,3.3333333333333335,0.0,0.0,0.0006628569587470237,0.008973442649270049,0.01020408163265306
local_swap_p2,local_swap,2,4861,770028738,"3,80,162",224,32,1792,51,3,2,2,1,3,43,0.058823529411764705,0.8431372549019608,8.607843137254902,high,0,2,10,3.3333333333333335,0.0,0.0,0.0006628569587470237,0.008973442649270049,0.01020408163265306
local_swap_p2,local_swap,2,4861,770028738,"3,80,162",225,33,1800,50,3,2,2,1,3,42,0.06,0.84,8.62,high,0,2,10,3.3333333333333335,0.0,0.0,0.0006628569587470237,0.008973442649270049,0.01020408163265306
local_swap_p2,local_swap,2,4861,770028738,"3,80,162",226,34,1808,51,3,3,2,1,3,42,0.058823529411764705,0.8235294117647058,8.470588235294118,high,0,2,10,3.3333333333333335,0.0,0.0,0.0006586671466146975,0.008973442649270049,0.01020408163265306
local_swap_p2,local_swap,2,4861,770028738,"3,80,162",227,35,1816,54,3,3,2,1,3,45,0.05555555555555555,0.8333333333333334,8.537037037037036,high,0,2,10,3.3333333333333335,0.0,0.0,0.0006586671466146975,0.008973442649270049,0.01020408163265306
local_swap_p2,local_swap,2,4861,770028738,"3,80,162",228,36,1824,53,3,3,1,1,2,45,0.03773584905660377,0.8490566037735849,8.641509433962264,high,0,1,9,4.5,0.0,0.0,0.0006586671466146975,0.008973442649270049,0.01020408163265306
local_swap_p2,local_swap,2,4861,770028738,"3,80,162",229,37,1832,55,3,3,1,2,3,46,0.05454545454545454,0.8363636363636363,8.581818181818182,high,1,1,9,3.0,0.0,0.0,0.0006560218656482315,0.008973442649270049,0.01020408163265306
local_swap_p2,local_swap,2,4861,770028738,"3,80,162",230,38,1840,56,3,3,1,1,2,48,0.03571428571428571,0.8571428571428571,8.571428571428571,high,0,1,9,4.5,0.0,0.0,0.0006560218656482315,0.008973442649270049,0.01020408163265306
local_swap_p2,local_swap,2,4861,770028738,"3,80,162",231,39,1848,55,3,3,1,1,2,47,0.03636363636363636,0.8545454545454545,8.563636363636364,high,0,1,9,4.5,0.0,0.0,0.0006560218656482315,0.008973442649270049,0.01020408163265306
local_swap_p2,local_swap,2,4861,770028738,"3,80,162",232,40,1856,55,3,3,1,1,2,47,0.03636363636363636,0.8545454545454545,8.563636363636364,high,0,1,9,4.5,0.0,0.0,0.0006560218656482315,0.008973442649270049,0.01020408163265306
local_swap_p2,local_swap,2,4861,770028738,"3,80,162",233,41,1864,57,3,3,1,2,3,48,0.05263157894736842,0.8421052631578947,8.491228070175438,high,0,1,10,3.3333333333333335,0.0,0.0,0.0006560218656482315,0.008973442649270049,0.01020408163265306
local_swap_p2,local_swap,2,4861,770028738,"3,80,162",234,42,1872,58,3,3,1,2,3,49,0.05172413793103448,0.8448275862068966,8.53448275862069,high,0,1,10,3.3333333333333335,0.0,0.0,0.0006560218656482315,0.008973442649270049,0.01020408163265306
local_swap_p2,local_swap,2,4861,770028738,"3,80,162",235,43,1880,56,3,2,1,2,3,48,0.05357142857142857,0.8571428571428571,8.553571428571429,high,0,1,10,3.3333333333333335,0.0,0.0,0.0006560218656482315,0.008973442649270049,0.01020408163265306
local_swap_p2,local_swap,2,4861,770028738,"3,80,162",236,44,1888,56,3,2,1,2,3,48,0.05357142857142857,0.8571428571428571,8.535714285714286,high,0,1,10,3.3333333333333335,0.0,0.0,0.0006560218656482315,0.008973442649270049,0.01020408163265306
local_swap_p2,local_swap,2,4861,770028738,"3,80,162",237,45,1896,59,3,2,1,2,3,51,0.05084745762711865,0.864406779661017,8.59322033898305,high,0,1,10,3.3333333333333335,0.0,0.0,0.0006560218656482315,0.008973442649270049,0.01020408163265306
local_swap_p2,local_swap,2,4861,770028738,"3,80,162",238,46,1904,61,3,3,1,2,3,52,0.04918032786885246,0.8524590163934426,8.475409836065573,high,0,1,10,3.3333333333333335,0.0,0.0,0.0006560218656482315,0.008973442649270049,0.01020408163265306
local_swap_p2,local_swap,2,4861,770028738,"3,80,162",239,47,1912,62,3,2,1,2,3,54,0.04838709677419355,0.8709677419354839,8.580645161290322,high,0,1,10,3.3333333333333335,0.0,0.0,0.0006560218656482315,0.008973442649270049,0.01020408163265306
local_swap_p2,local_swap,2,4861,770028738,"3,80,162",240,48,1920,62,3,1,2,2,4,54,0.06451612903225806,0.8709677419354839,8.548387096774194,high,0,2,13,3.25,0.0,0.0,0.0006560218656482315,0.008973442649270049,0.01020408163265306
local_swap_p2,local_swap,2,4861,770028738,"3,80,162",241,49,1928,65,3,2,2,1,3,57,0.046153846153846156,0.8769230769230769,8.63076923076923,high,0,2,12,4.0,0.0,0.0,0.003312179157328344,0.008973442649270049,0.01020408163265306
local_swap_p2,local_swap,2,4861,770028738,"3,80,162",242,50,1936,70,3,3,2,1,3,61,0.04285714285714286,0.8714285714285714,8.657142857142857,high,0,2,12,4.0,0.0,0.0,0.0033120257551979707,0.008973442649270049,0.01020408163265306
local_swap_p2,local_swap,2,4861,770028738,"3,80,162",243,51,1944,72,3,3,2,1,3,63,0.041666666666666664,0.875,8.708333333333334,high,0,2,12,4.0,0.0,0.0,0.0033120257551979707,0.008973442649270049,0.01020408163265306
local_swap_p2,local_swap,2,4861,770028738,"3,80,162",244,52,1952,69,3,3,1,2,3,60,0.043478260869565216,0.8695652173913043,8.768115942028986,high,0,2,20,6.666666666666667,0.0,0.0,0.0033120257551979707,0.008973442649270049,0.01020408163265306
local_swap_p2,local_swap,2,4861,770028738,"3,80,162",245,53,1960,69,3,3,1,2,3,60,0.043478260869565216,0.8695652173913043,8.782608695652174,high,0,2,20,6.666666666666667,0.0,0.0,0.002351578326801793,0.008973442649270049,0.01020408163265306
local_swap_p2,local_swap,2,4861,770028738,"3,80,162",246,54,1968,70,3,3,1,2,3,61,0.04285714285714286,0.8714285714285714,8.785714285714286,high,0,2,20,6.666666666666667,0.0,0.0,0.002351578326801793,0.008973442649270049,0.01020408163265306
local_swap_p2,local_swap,2,4861,770028738,"3,80,162",247,55,1976,68,3,1,1,2,3,61,0.04411764705882353,0.8970588235294118,9.029411764705882,high,0,2,20,6.666666666666667,0.0,0.0,0.002351578326801793,0.008973442649270049,0.01020408163265306
local_swap_p2,local_swap,2,4861,770028738,"3,80,162",248,56,1984,66,3,1,1,2,3,59,0.045454545454545456,0.8939393939393939,9.015151515151516,high,0,2,20,6.666666666666667,0.0,0.0,0.002351578326801793,0.008973442649270049,0.01020408163265306
local_swap_p2,local_swap,2,4861,770028738,"3,80,162",249,57,1992,64,3,1,1,2,3,57,0.046875,0.890625,8.96875,high,0,2,20,6.666666666666667,0.0,0.0,0.002351578326801793,0.008973442649270049,0.01020408163265306
local_swap_p2,local_swap,2,4861,770028738,"3,80,162",250,58,2000,64,3,1,1,2,3,57,0.046875,0.890625,8.96875,high,0,2,20,6.666666666666667,0.0,0.0,0.002351578326801793,0.008973442649270049,0.01020408163265306
local_swap_p2,local_swap,2,4861,770028738,"3,80,162",251,59,2008,64,3,1,1,2,3,57,0.046875,0.890625,8.953125,high,0,2,20,6.666666666666667,0.0,0.0,0.002351578326801793,0.008973442649270049,0.01020408163265306
local_swap_p2,local_swap,2,4861,770028738,"3,80,162",252,60,2016,65,3,1,1,1,2,59,0.03076923076923077,0.9076923076923077,9.061538461538461,high,0,1,8,4.0,0.0,0.0,0.002351578326801793,0.008973442649270049,0.01020408163265306
local_swap_p2,local_swap,2,4861,770028738,"3,80,162",253,61,2024,67,3,2,1,1,2,60,0.029850746268656716,0.8955223880597015,8.955223880597014,high,0,1,8,4.0,0.0,0.0,0.002351578326801793,0.008973442649270049,0.01020408163265306
local_swap_p2,local_swap,2,4861,770028738,"3,80,162",254,62,2032,71,3,2,1,1,2,64,0.028169014084507043,0.9014084507042254,9.028169014084508,high,0,1,8,4.0,0.0,0.0,0.002351578326801793,0.008973442649270049,0.01020408163265306
local_swap_p2,local_swap,2,4861,770028738,"3,80,162",255,63,2040,69,3,1,1,2,3,62,0.043478260869565216,0.8985507246376812,9.057971014492754,high,0,1,6,2.0,0.0,0.0,0.0026158039174982673,0.008973442649270049,0.01020408163265306
local_swap_p2,local_swap,2,4861,770028738,"3,80,162",256,64,2048,66,3,1,1,1,2,60,0.030303030303030304,0.9090909090909091,9.166666666666666,high,0,1,7,3.5,0.0,0.0,0.0026158039174982673,0.008973442649270049,0.01020408163265306
local_swap_p2,local_swap,2,4861,770028738,"3,80,162",257,65,2056,65,3,1,1,1,2,59,0.03076923076923077,0.9076923076923077,9.107692307692307,high,0,1,7,3.5,0.0,0.0,0.0026158039174982673,0.008973442649270049,0.01020408163265306
local_swap_p2,local_swap,2,4861,770028738,"3,80,162",258,66,2064,66,3,1,1,1,2,60,0.030303030303030304,0.9090909090909091,9.121212121212121,high,0,1,7,3.5,0.0,0.0,0.0026158039174982673,0.008973442649270049,0.01020408163265306
local_swap_p2,local_swap,2,4861,770028738,"3,80,162",259,67,2072,66,3,1,1,1,2,60,0.030303030303030304,0.9090909090909091,9.136363636363637,high,0,1,7,3.5,0.0,0.0,0.002720517558241736,0.008973442649270049,0.01020408163265306
local_swap_p2,local_swap,2,4861,770028738,"3,80,162",260,68,2080,70,3,1,1,2,3,63,0.04285714285714286,0.9,9.128571428571428,high,1,1,6,2.0,0.0,0.0,0.002720517558241736,0.008973442649270049,0.01020408163265306
local_swap_p2,local_swap,2,4861,770028738,"3,80,162",261,69,2088,69,3,1,1,2,3,62,0.043478260869565216,0.8985507246376812,9.072463768115941,high,1,1,6,2.0,0.0,0.0,0.002720517558241736,0.008973442649270049,0.01020408163265306
local_swap_p2,local_swap,2,4861,770028738,"3,80,162",262,70,2096,69,3,1,1,2,3,62,0.043478260869565216,0.8985507246376812,8.985507246376812,high,1,1,6,2.0,0.0,0.0,0.002720517558241736,0.008973442649270049,0.01020408163265306
local_swap_p2,local_swap,2,4861,770028738,"3,80,162",263,71,2104,69,3,1,1,2,3,62,0.043478260869565216,0.8985507246376812,8.971014492753623,high,1,1,6,2.0,0.0,0.0,0.002720517558241736,0.008973442649270049,0.01020408163265306
local_swap_p2,local_swap,2,4861,770028738,"3,80,162",264,72,2112,68,3,1,1,2,3,61,0.04411764705882353,0.8970588235294118,8.970588235294118,high,1,1,6,2.0,0.0,0.0,0.002720517558241736,0.008973442649270049,0.01020408163265306
local_swap_p2,local_swap,2,4861,770028738,"3,80,162",265,73,2120,67,3,1,1,2,3,60,0.04477611940298507,0.8955223880597015,8.955223880597014,high,1,1,6,2.0,0.0,0.0,0.002720517558241736,0.008973442649270049,0.01020408163265306
local_swap_p2,local_swap,2,4861,770028738,"3,80,162",266,74,2128,68,3,1,1,2,3,61,0.04411764705882353,0.8970588235294118,8.970588235294118,high,1,1,6,2.0,0.0,0.0,0.002720517558241736,0.008973442649270049,0.01020408163265306
local_swap_p2,local_swap,2,4861,770028738,"3,80,162",267,75,2136,68,3,1,1,2,3,61,0.04411764705882353,0.8970588235294118,8.985294117647058,high,1,1,6,2.0,0.0,0.0,5.230613934973094e-05,0.008973442649270049,0.01020408163265306
local_swap_p2,local_swap,2,4861,770028738,"3,80,162",268,76,2144,69,3,1,1,1,2,63,0.028985507246376812,0.9130434782608695,9.101449275362318,high,0,1,8,4.0,0.0,0.0,5.230613934973094e-05,0.008973442649270049,0.01020408163265306
local_swap_p2,local_swap,2,4861,770028738,"3,80,162",269,77,2152,71,3,0,2,1,3,65,0.04225352112676056,0.9154929577464789,9.169014084507042,high,0,2,9,3.0,0.0,0.0,5.230613934973094e-05,0.008973442649270049,0.01020408163265306
local_swap_p2,local_swap,2,4861,770028738,"3,80,162",270,78,2160,74,3,1,2,1,3,67,0.04054054054054054,0.9054054054054054,9.094594594594595,high,0,2,9,3.0,0.0,0.0,5.230613934973094e-05,0.008973442649270049,0.01020408163265306
local_swap_p2,local_swap,2,4861,770028738,"3,80,162",271,79,2168,76,3,1,2,1,3,69,0.039473684210526314,0.9078947368421053,9.092105263157896,high,0,2,9,3.0,0.0,0.0,5.230613934973094e-05,0.008973442649270049,0.01020408163265306
local_swap_p2,local_swap,2,4861,770028738,"3,80,162",272,80,2176,73,3,1,2,1,3,66,0.0410958904109589,0.9041095890410958,9.068493150684931,high,0,2,9,3.0,0.0,0.0,5.230613934973094e-05,0.008973442649270049,0.01020408163265306
local_swap_p2,local_swap,2,4861,770028738,"3,80,162",273,81,2184,71,3,1,2,1,3,64,0.04225352112676056,0.9014084507042254,9.04225352112676,high,0,2,9,3.0,0.0,0.0,5.230613934973094e-05,0.008973442649270049,0.01020408163265306
local_swap_p2,local_swap,2,4861,770028738,"3,80,162",274,82,2192,72,3,1,2,1,3,65,0.041666666666666664,0.9027777777777778,9.055555555555555,high,0,2,9,3.0,0.0,0.0,5.230613934973094e-05,0.008973442649270049,0.01020408163265306
local_swap_p2,local_swap,2,4861,770028738,"3,80,162",275,83,2200,75,3,1,2,1,3,68,0.04,0.9066666666666666,9.16,high,0,2,9,3.0,0.0,0.0,5.230613934973094e-05,0.008973442649270049,0.01020408163265306
local_swap_p2,local_swap,2,4861,770028738,"3,80,162",276,84,2208,76,3,1,2,1,3,69,0.039473684210526314,0.9078947368421053,9.18421052631579,high,0,2,9,3.0,0.0,0.0,2.4866989593906307e-05,0.008973442649270049,0.01020408163265306
local_swap_p2,local_swap,2,4861,770028738,"3,80,162",277,85,2216,77,3,1,2,1,3,70,0.03896103896103896,0.9090909090909091,9.233766233766234,high,0,2,9,3.0,0.0,0.0,2.4866989593906307e-05,0.008973442649270049,0.01020408163265306
local_swap_p2,local_swap,2,4861,770028738,"3,80,162",278,86,2224,75,3,1,2,1,3,68,0.04,0.9066666666666666,9.2,high,0,2,9,3.0,0.0,0.0,2.4866989593906307e-05,0.008973442649270049,0.01020408163265306
local_swap_p2,local_swap,2,4861,770028738,"3,80,162",279,87,2232,75,3,2,1,1,2,68,0.02666666666666667,0.9066666666666666,9.173333333333334,high,0,2,4,2.0,0.0,0.0,2.4866989593906307e-05,0.008973442649270049,0.01020408163265306
local_swap_p2,local_swap,2,4861,770028738,"3,80,162",280,88,2240,77,3,2,1,1,2,70,0.025974025974025976,0.9090909090909091,9.181818181818182,high,0,2,4,2.0,0.0,0.0,0.00021428360763440396,0.008973442649270049,0.01020408163265306
local_swap_p2,local_swap,2,4861,770028738,"3,80,162",281,89,2248,77,3,2,1,1,2,70,0.025974025974025976,0.9090909090909091,9.181818181818182,high,0,2,4,2.0,0.0,0.0,0.00021428360763440396,0.008973442649270049,0.01020408163265306
local_swap_p2,local_swap,2,4861,770028738,"3,80,162",282,90,2256,78,3,2,1,1,2,71,0.02564102564102564,0.9102564102564102,9.192307692307692,high,0,2,4,2.0,0.0,0.0,0.00021428360763440396,0.008973442649270049,0.01020408163265306
local_swap_p2,local_swap,2,4861,770028738,"3,80,162",283,91,2264,77,3,2,1,1,2,70,0.025974025974025976,0.9090909090909091,9.194805194805195,high,0,2,4,2.0,0.0,0.0,0.00021428360763440396,0.008973442649270049,0.01020408163265306
local_swap_p2,local_swap,2,4861,770028738,"3,80,162",284,92,2272,79,3,3,1,2,3,70,0.0379746835443038,0.8860759493670886,9.10126582278481,high,0,2,6,2.0,0.0,0.0,0.00021428360763440396,0.008973442649270049,0.01020408163265306
local_swap_p2,local_swap,2,4861,770028738,"3,80,162",285,93,2280,81,3,3,1,2,3,72,0.037037037037037035,0.8888888888888888,9.123456790123457,high,0,2,6,2.0,0.0,0.0,0.00021428360763440396,0.008973442649270049,0.01020408163265306
local_swap_p2,local_swap,2,4861,770028738,"3,80,162",286,94,2288,81,3,3,1,2,3,72,0.037037037037037035,0.8888888888888888,9.135802469135802,high,0,2,6,2.0,0.0,0.0,0.00021428360763440396,0.008973442649270049,0.01020408163265306
local_swap_p2,local_swap,2,4861,770028738,"3,80,162",287,95,2296,79,3,2,1,2,3,71,0.0379746835443038,0.8987341772151899,9.240506329113924,high,0,2,6,2.0,0.0,0.0,0.00021428360763440396,0.008973442649270049,0.01020408163265306
local_swap_p2,local_swap,2,4861,770028738,"3,80,162",288,96,2304,81,3,2,1,2,3,73,0.037037037037037035,0.9012345679012346,9.271604938271604,high,0,2,6,2.0,0.0,0.0,8.341433638463634e-05,0.008973442649270049,0.01020408163265306
local_swap_p2,local_swap,2,4861,770028738,"3,80,162",289,97,2312,81,3,2,1,2,3,73,0.037037037037037035,0.9012345679012346,9.25925925925926,high,0,2,6,2.0,0.0,0.0,8.341433638463634e-05,0.008973442649270049,0.01020408163265306
local_swap_p2,local_swap,2,4861,770028738,"3,80,162",290,98,2320,81,3,2,1,2,3,73,0.037037037037037035,0.9012345679012346,9.333333333333334,high,0,2,6,2.0,0.0,0.0,0.005455853755601112,0.008973442649270049,0.01020408163265306
local_swap_p2,local_swap,2,4861,770028738,"3,80,162",291,99,2328,83,3,2,1,2,3,75,0.03614457831325301,0.9036144578313253,9.301204819277109,high,0,2,6,2.0,0.0,0.0,0.005455853755601112,0.008973442649270049,0.01020408163265306
local_swap_p2,local_swap,2,4861,770028738,"3,80,162",292,100,2336,82,3,2,1,2,3,74,0.036585365853658534,0.9024390243902439,9.317073170731707,high,0,2,6,2.0,0.0,0.0,0.005455853755601112,0.008973442649270049,0.01020408163265306
local_swap_p2,local_swap,2,4861,770028738,"3,80,162",293,101,2344,82,3,2,1,1,2,75,0.024390243902439025,0.9146341463414634,9.426829268292684,high,0,2,4,2.0,0.0,0.0,0.005455853755601112,0.008973442649270049,0.01020408163265306
local_swap_p2,local_swap,2,4861,770028738,"3,80,162",294,102,2352,79,3,1,0,1,1,74,0.012658227848101266,0.9367088607594937,9.594936708860759,high,0,1,3,3.0,0.0,0.0,0.005455853755601112,0.008973442649270049,0.01020408163265306
local_swap_p2,local_swap,2,4861,770028738,"3,80,162",295,103,2360,79,3,1,0,1,1,74,0.012658227848101266,0.9367088607594937,9.582278481012658,high,0,1,3,3.0,0.0,0.0,0.005455853755601112,0.008973442649270049,0.01020408163265306
local_swap_p2,local_swap,2,4861,770028738,"3,80,162",296,104,2368,80,3,1,0,1,1,75,0.0125,0.9375,9.525,high,0,1,3,3.0,0.0,0.0,0.006141706738024039,0.008973442649270049,0.01020408163265306
local_swap_p2,local_swap,2,4861,770028738,"3,80,162",297,105,2376,80,3,1,0,1,1,75,0.0125,0.9375,9.5375,high,0,1,3,3.0,0.0,0.0,0.006141706738024039,0.008973442649270049,0.01020408163265306
local_swap_p2,local_swap,2,4861,770028738,"3,80,162",298,106,2384,81,3,1,0,1,1,76,0.012345679012345678,0.9382716049382716,9.54320987654321,high,0,1,3,3.0,0.0,0.0,0.006141706738024039,0.008973442649270049,0.01020408163265306
local_swap_p2,local_swap,2,4861,770028738,"3,80,162",299,107,2392,81,3,1,0,1,1,76,0.012345679012345678,0.9382716049382716,9.555555555555555,high,0,1,3,3.0,0.0,0.0,0.006141706738024039,0.008973442649270049,0.01020408163265306
local_swap_p2,local_swap,2,4861,770028738,"3,80,162",300,108,2400,81,3,1,0,1,1,76,0.012345679012345678,0.9382716049382716,9.617283950617283,high,0,1,3,3.0,0.0,0.0,0.006141705995764469,0.008973442649270049,0.01020408163265306
local_swap_p2,local_swap,2,4861,770028738,"3,80,162",301,109,2408,83,3,1,0,1,1,78,0.012048192771084338,0.9397590361445783,9.662650602409638,high,0,1,3,3.0,0.0,0.0,0.006141705995764469,0.008973442649270049,0.01020408163265306
local_swap_p2,local_swap,2,4861,770028738,"3,80,162",302,110,2416,83,3,1,0,1,1,78,0.012048192771084338,0.9397590361445783,9.626506024096386,high,0,1,3,3.0,0.0,0.0,0.006141705995764469,0.008973442649270049,0.01020408163265306
local_swap_p2,local_swap,2,4861,770028738,"3,80,162",303,111,2424,83,3,1,0,1,1,78,0.012048192771084338,0.9397590361445783,9.626506024096386,high,0,1,3,3.0,0.0,0.0,0.006141705995764469,0.008973442649270049,0.01020408163265306
local_swap_p2,local_swap,2,4861,770028738,"3,80,162",304,112,2432,85,3,1,0,1,1,80,0.011764705882352941,0.9411764705882353,9.705882352941176,high,0,1,3,3.0,0.0,0.0,0.006141705995764469,0.008973442649270049,0.01020408163265306
local_swap_p2,local_swap,2,4861,770028738,"3,80,162",305,113,2440,85,3,1,0,1,1,80,0.011764705882352941,0.9411764705882353,9.694117647058823,high,0,1,3,3.0,0.0,0.0,0.006141705995764469,0.008973442649270049,0.01020408163265306
local_swap_p2,local_swap,2,4861,770028738,"3,80,162",306,114,2448,87,3,1,1,1,2,81,0.022988505747126436,0.9310344827586207,9.60919540229885,high,0,1,8,4.0,0.0,0.0,0.006141705995764469,0.008973442649270049,0.01020408163265306
local_swap_p2,local_swap,2,4861,770028738,"3,80,162",307,115,2456,88,3,1,1,1,2,82,0.022727272727272728,0.9318181818181818,9.625,high,0,1,8,4.0,0.0,0.0,0.006141705995764469,0.008973442649270049,0.01020408163265306
local_swap_p2,local_swap,2,4861,770028738,"3,80,162",308,116,2464,90,3,1,1,2,3,83,0.03333333333333333,0.9222222222222223,9.555555555555555,high,1,1,6,2.0,0.0,0.0,0.006141705995764469,0.008973442649270049,0.01020408163265306
local_swap_p2,local_swap,2,4861,770028738,"3,80,162",309,117,2472,91,3,1,1,2,3,84,0.03296703296703297,0.9230769230769231,9.516483516483516,high,1,1,6,2.0,0.0,0.0,0.006141705995764469,0.008973442649270049,0.01020408163265306
local_swap_p2,local_swap,2,4861,770028738,"3,80,162",310,118,2480,90,3,1,1,1,2,84,0.022222222222222223,0.9333333333333333,9.577777777777778,high,0,1,7,3.5,0.0,0.0,0.006141705995764469,0.008973442649270049,0.01020408163265306
local_swap_p2,local_swap,2,4861,770028738,"3,80,162",311,119,2488,90,3,1,1,1,2,84,0.022222222222222223,0.9333333333333333,9.588888888888889,high,0,1,7,3.5,0.0,0.0,0.006141705995764469,0.008973442649270049,0.01020408163265306
local_swap_p2,local_swap,2,4861,770028738,"3,80,162",312,120,2496,90,3,2,1,1,2,83,0.022222222222222223,0.9222222222222223,9.488888888888889,high,0,1,7,3.5,0.0,0.0,0.006141705995764469,0.008973442649270049,0.01020408163265306
local_swap_p2,local_swap,2,4861,770028738,"3,80,162",313,121,2504,90,3,2,0,2,2,83,0.022222222222222223,0.9222222222222223,9.522222222222222,high,0,1,3,1.5,0.0,0.0,0.006141705995764469,0.008973442649270049,0.01020408163265306
local_swap_p2,local_swap,2,4861,770028738,"3,80,162",314,122,2512,87,3,2,1,2,3,79,0.034482758620689655,0.9080459770114943,9.379310344827585,high,1,1,6,2.0,0.0,0.0,0.006141705995764469,0.008973442649270049,0.01020408163265306
local_swap_p2,local_swap,2,4861,770028738,"3,80,162",315,123,2520,87,3,2,1,2,3,79,0.034482758620689655,0.9080459770114943,9.471264367816092,high,1,1,6,2.0,0.0,0.0,0.006141705995764469,0.008973442649270049,0.01020408163265306
local_swap_p2,local_swap,2,4861,770028738,"3,80,162",316,124,2528,87,3,2,1,2,3,79,0.034482758620689655,0.9080459770114943,9.482758620689655,high,1,1,6,2.0,0.0,0.0,0.006141705995764469,0.008973442649270049,0.01020408163265306
local_swap_p2,local_swap,2,4861,770028738,"3,80,162",317,125,2536,81,3,2,1,2,3,73,0.037037037037037035,0.9012345679012346,9.37037037037037,high,1,1,6,2.0,0.0,0.0,0.006141705995764469,0.008973442649270049,0.01020408163265306
local_swap_p2,local_swap,2,4861,770028738,"3,80,162",318,126,2544,82,3,2,1,3,4,73,0.04878048780487805,0.8902439024390244,9.304878048780488,high,1,1,5,1.25,0.0,0.0,0.006141708156498041,0.008973442649270049,0.02040816326530612
local_swap_p2,local_swap,2,4861,770028738,"3,80,162",319,127,2552,83,3,2,1,3,4,74,0.04819277108433735,0.891566265060241,9.337349397590362,high,1,1,5,1.25,0.0,0.0,0.006141708156498041,0.008973442649270049,0.02040816326530612
local_swap_p2,local_swap,2,4861,770028738,"3,80,162",320,128,2560,86,3,2,1,3,4,77,0.046511627906976744,0.8953488372093024,9.418604651162791,high,1,1,5,1.25,0.0,0.0,0.006141708156498041,0.008973442649270049,0.02040816326530612
