profile_label,perturbation,placement,seed_delta,run_seed,support_signature,snapshot_index,step,damaged_nodes,shell0_nodes,shell1_nodes,shell2_nodes,shell3_nodes,outer_nodes,near_support_nodes,shell3_share,outer_share,near_support_share,radius_control,boundary_to_volume,component_count,largest_component_fraction,weighted_mean_distance,horizon_band
add_chord_p0,add_chord,0,4703,770026514,"72,139,147",0,0,2,2,0,0,0,0,2,0.0,0.0,1.0,0,5.0,2,0.5,0.0,low
add_chord_p0,add_chord,0,4703,770026514,"72,139,147",1,8,2,2,0,0,0,0,2,0.0,0.0,1.0,0,5.0,2,0.5,0.0,low
add_chord_p0,add_chord,0,4703,770026514,"72,139,147",2,16,2,2,0,0,0,0,2,0.0,0.0,1.0,0,5.0,2,0.5,0.0,low
add_chord_p0,add_chord,0,4703,770026514,"72,139,147",3,24,2,2,0,0,0,0,2,0.0,0.0,1.0,0,5.0,2,0.5,0.0,low
add_chord_p0,add_chord,0,4703,770026514,"72,139,147",4,32,2,2,0,0,0,0,2,0.0,0.0,1.0,0,5.0,2,0.5,0.0,low
add_chord_p0,add_chord,0,4703,770026514,"72,139,147",5,40,2,2,0,0,0,0,2,0.0,0.0,1.0,0,5.0,2,0.5,0.0,low
add_chord_p0,add_chord,0,4703,770026514,"72,139,147",6,48,2,2,0,0,0,0,2,0.0,0.0,1.0,0,5.0,2,0.5,0.0,low
add_chord_p0,add_chord,0,4703,770026514,"72,139,147",7,56,2,2,0,0,0,0,2,0.0,0.0,1.0,0,5.0,2,0.5,0.0,low
add_chord_p0,add_chord,0,4703,770026514,"72,139,147",8,64,2,2,0,0,0,0,2,0.0,0.0,1.0,0,5.0,2,0.5,0.0,low
add_chord_p0,add_chord,0,4703,770026514,"72,139,147",9,72,2,2,0,0,0,0,2,0.0,0.0,1.0,0,5.0,2,0.5,0.0,low
add_chord_p0,add_chord,0,4703,770026514,"72,139,147",10,80,2,2,0,0,0,0,2,0.0,0.0,1.0,0,5.0,2,0.5,0.0,low
add_chord_p0,add_chord,0,4703,770026514,"72,139,147",11,88,2,2,0,0,0,0,2,0.0,0.0,1.0,0,5.0,2,0.5,0.0,low
add_chord_p0,add_chord,0,4703,770026514,"72,139,147",12,96,2,2,0,0,0,0,2,0.0,0.0,1.0,0,5.0,2,0.5,0.0,low
add_chord_p0,add_chord,0,4703,770026514,"72,139,147",13,104,2,2,0,0,0,0,2,0.0,0.0,1.0,0,5.0,2,0.5,0.0,low
add_chord_p0,add_chord,0,4703,770026514,"72,139,147",14,112,2,2,0,0,0,0,2,0.0,0.0,1.0,0,5.0,2,0.5,0.0,low
add_chord_p0,add_chord,0,4703,770026514,"72,139,147",15,120,2,2,0,0,0,0,2,0.0,0.0,1.0,0,5.0,2,0.5,0.0,low
add_chord_p0,add_chord,0,4703,770026514,"72,139,147",16,128,2,2,0,0,0,0,2,0.0,0.0,1.0,0,5.0,2,0.5,0.0,low
add_chord_p0,add_chord,0,4703,770026514,"72,139,147",17,136,2,2,0,0,0,0,2,0.0,0.0,1.0,0,5.0,2,0.5,0.0,low
add_chord_p0,add_chord,0,4703,770026514,"72,139,147",18,144,2,2,0,0,0,0,2,0.0,0.0,1.0,0,5.0,2,0.5,0.0,low
add_chord_p0,add_chord,0,4703,770026514,"72,139,147",19,152,2,2,0,0,0,0,2,0.0,0.0,1.0,0,5.0,2,0.5,0.0,low
add_chord_p0,add_chord,0,4703,770026514,"72,139,147",20,160,2,2,0,0,0,0,2,0.0,0.0,1.0,0,5.0,2,0.5,0.0,low
add_chord_p0,add_chord,0,4703,770026514,"72,139,147",21,168,2,2,0,0,0,0,2,0.0,0.0,1.0,0,5.0,2,0.5,0.0,low
add_chord_p0,add_chord,0,4703,770026514,"72,139,147",22,176,2,2,0,0,0,0,2,0.0,0.0,1.0,0,5.0,2,0.5,0.0,low
add_chord_p0,add_chord,0,4703,770026514,"72,139,147",23,184,2,2,0,0,0,0,2,0.0,0.0,1.0,0,5.0,2,0.5,0.0,low
add_chord_p0,add_chord,0,4703,770026514,"72,139,147",24,192,2,2,0,0,0,0,2,0.0,0.0,1.0,0,5.0,2,0.5,0.0,low
add_chord_p0,add_chord,0,4703,770026514,"72,139,147",25,200,2,2,0,0,0,0,2,0.0,0.0,1.0,0,5.0,2,0.5,0.0,low
add_chord_p0,add_chord,0,4703,770026514,"72,139,147",26,208,2,2,0,0,0,0,2,0.0,0.0,1.0,0,5.0,2,0.5,0.0,low
add_chord_p0,add_chord,0,4703,770026514,"72,139,147",27,216,2,2,0,0,0,0,2,0.0,0.0,1.0,0,5.0,2,0.5,0.0,low
add_chord_p0,add_chord,0,4703,770026514,"72,139,147",28,224,2,2,0,0,0,0,2,0.0,0.0,1.0,0,5.0,2,0.5,0.0,low
add_chord_p0,add_chord,0,4703,770026514,"72,139,147",29,232,2,2,0,0,0,0,2,0.0,0.0,1.0,0,5.0,2,0.5,0.0,low
add_chord_p0,add_chord,0,4703,770026514,"72,139,147",30,240,2,2,0,0,0,0,2,0.0,0.0,1.0,0,5.0,2,0.5,0.0,low
add_chord_p0,add_chord,0,4703,770026514,"72,139,147",31,248,2,2,0,0,0,0,2,0.0,0.0,1.0,0,5.0,2,0.5,0.0,low
add_chord_p0,add_chord,0,4703,770026514,"72,139,147",32,256,2,2,0,0,0,0,2,0.0,0.0,1.0,0,5.0,2,0.5,0.0,low
add_chord_p0,add_chord,0,4703,770026514,"72,139,147",33,264,2,2,0,0,0,0,2,0.0,0.0,1.0,0,5.0,2,0.5,0.0,low
add_chord_p0,add_chord,0,4703,770026514,"72,139,147",34,272,2,2,0,0,0,0,2,0.0,0.0,1.0,0,5.0,2,0.5,0.0,low
add_chord_p0,add_chord,0,4703,770026514,"72,139,147",35,280,2,2,0,0,0,0,2,0.0,0.0,1.0,0,5.0,2,0.5,0.0,low
add_chord_p0,add_chord,0,4703,770026514,"72,139,147",36,288,2,2,0,0,0,0,2,0.0,0.0,1.0,0,5.0,2,0.5,0.0,low
add_chord_p0,add_chord,0,4703,770026514,"72,139,147",37,296,2,2,0,0,0,0,2,0.0,0.0,1.0,0,5.0,2,0.5,0.0,low
add_chord_p0,add_chord,0,4703,770026514,"72,139,147",38,304,2,2,0,0,0,0,2,0.0,0.0,1.0,0,5.0,2,0.5,0.0,low
add_chord_p0,add_chord,0,4703,770026514,"72,139,147",39,312,2,2,0,0,0,0,2,0.0,0.0,1.0,0,5.0,2,0.5,0.0,low
add_chord_p0,add_chord,0,4703,770026514,"72,139,147",40,320,2,2,0,0,0,0,2,0.0,0.0,1.0,0,5.0,2,0.5,0.0,low
add_chord_p0,add_chord,0,4703,770026514,"72,139,147",41,328,2,2,0,0,0,0,2,0.0,0.0,1.0,0,5.0,2,0.5,0.0,low
add_chord_p0,add_chord,0,4703,770026514,"72,139,147",42,336,2,2,0,0,0,0,2,0.0,0.0,1.0,0,5.0,2,0.5,0.0,low
add_chord_p0,add_chord,0,4703,770026514,"72,139,147",43,344,2,2,0,0,0,0,2,0.0,0.0,1.0,0,5.0,2,0.5,0.0,low
add_chord_p0,add_chord,0,4703,770026514,"72,139,147",44,352,2,2,0,0,0,0,2,0.0,0.0,1.0,0,5.0,2,0.5,0.0,low
add_chord_p0,add_chord,0,4703,770026514,"72,139,147",45,360,2,2,0,0,0,0,2,0.0,0.0,1.0,0,5.0,2,0.5,0.0,low
add_chord_p0,add_chord,0,4703,770026514,"72,139,147",46,368,2,2,0,0,0,0,2,0.0,0.0,1.0,0,5.0,2,0.5,0.0,low
add_chord_p0,add_chord,0,4703,770026514,"72,139,147",47,376,2,2,0,0,0,0,2,0.0,0.0,1.0,0,5.0,2,0.5,0.0,low
add_chord_p0,add_chord,0,4703,770026514,"72,139,147",48,384,2,2,0,0,0,0,2,0.0,0.0,1.0,0,5.0,2,0.5,0.0,low
add_chord_p0,add_chord,0,4703,770026514,"72,139,147",49,392,2,2,0,0,0,0,2,0.0,0.0,1.0,0,5.0,2,0.5,0.0,low
add_chord_p0,add_chord,0,4703,770026514,"72,139,147",50,400,2,2,0,0,0,0,2,0.0,0.0,1.0,0,5.0,2,0.5,0.0,low
add_chord_p0,add_chord,0,4703,770026514,"72,139,147",51,408,2,2,0,0,0,0,2,0.0,0.0,1.0,0,5.0,2,0.5,0.0,low
add_chord_p0,add_chord,0,4703,770026514,"72,139,147",52,416,2,2,0,0,0,0,2,0.0,0.0,1.0,0,5.0,2,0.5,0.0,low
add_chord_p0,add_chord,0,4703,770026514,"72,139,147",53,424,2,2,0,0,0,0,2,0.0,0.0,1.0,0,5.0,2,0.5,0.0,low
add_chord_p0,add_chord,0,4703,770026514,"72,139,147",54,432,2,2,0,0,0,0,2,0.0,0.0,1.0,0,5.0,2,0.5,0.0,low
add_chord_p0,add_chord,0,4703,770026514,"72,139,147",55,440,2,2,0,0,0,0,2,0.0,0.0,1.0,0,5.0,2,0.5,0.0,low
add_chord_p0,add_chord,0,4703,770026514,"72,139,147",56,448,2,2,0,0,0,0,2,0.0,0.0,1.0,0,5.0,2,0.5,0.0,low
add_chord_p0,add_chord,0,4703,770026514,"72,139,147",57,456,2,2,0,0,0,0,2,0.0,0.0,1.0,0,5.0,2,0.5,0.0,low
add_chord_p0,add_chord,0,4703,770026514,"72,139,147",58,464,2,2,0,0,0,0,2,0.0,0.0,1.0,0,5.0,2,0.5,0.0,low
add_chord_p0,add_chord,0,4703,770026514,"72,139,147",59,472,2,2,0,0,0,0,2,0.0,0.0,1.0,0,5.0,2,0.5,0.0,low
add_chord_p0,add_chord,0,4703,770026514,"72,139,147",60,480,2,2,0,0,0,0,2,0.0,0.0,1.0,0,5.0,2,0.5,0.0,low
add_chord_p0,add_chord,0,4703,770026514,"72,139,147",61,488,2,2,0,0,0,0,2,0.0,0.0,1.0,0,5.0,2,0.5,0.0,low
add_chord_p0,add_chord,0,4703,770026514,"72,139,147",62,496,2,2,0,0,0,0,2,0.0,0.0,1.0,0,5.0,2,0.5,0.0,low
add_chord_p0,add_chord,0,4703,770026514,"72,139,147",63,504,2,2,0,0,0,0,2,0.0,0.0,1.0,0,5.0,2,0.5,0.0,low
add_chord_p0,add_chord,0,4703,770026514,"72,139,147",64,512,2,2,0,0,0,0,2,0.0,0.0,1.0,0,5.0,2,0.5,0.0,low
add_chord_p0,add_chord,0,4703,770026514,"72,139,147",65,520,2,2,0,0,0,0,2,0.0,0.0,1.0,0,5.0,2,0.5,0.0,low
add_chord_p0,add_chord,0,4703,770026514,"72,139,147",66,528,2,2,0,0,0,0,2,0.0,0.0,1.0,0,5.0,2,0.5,0.0,low
add_chord_p0,add_chord,0,4703,770026514,"72,139,147",67,536,2,2,0,0,0,0,2,0.0,0.0,1.0,0,5.0,2,0.5,0.0,low
add_chord_p0,add_chord,0,4703,770026514,"72,139,147",68,544,2,2,0,0,0,0,2,0.0,0.0,1.0,0,5.0,2,0.5,0.0,low
add_chord_p0,add_chord,0,4703,770026514,"72,139,147",69,552,2,2,0,0,0,0,2,0.0,0.0,1.0,0,5.0,2,0.5,0.0,low
add_chord_p0,add_chord,0,4703,770026514,"72,139,147",70,560,2,2,0,0,0,0,2,0.0,0.0,1.0,0,5.0,2,0.5,0.0,low
add_chord_p0,add_chord,0,4703,770026514,"72,139,147",71,568,2,2,0,0,0,0,2,0.0,0.0,1.0,0,5.0,2,0.5,0.0,low
add_chord_p0,add_chord,0,4703,770026514,"72,139,147",72,576,2,2,0,0,0,0,2,0.0,0.0,1.0,0,5.0,2,0.5,0.0,low
add_chord_p0,add_chord,0,4703,770026514,"72,139,147",73,584,2,2,0,0,0,0,2,0.0,0.0,1.0,0,5.0,2,0.5,0.0,low
add_chord_p0,add_chord,0,4703,770026514,"72,139,147",74,592,2,2,0,0,0,0,2,0.0,0.0,1.0,0,5.0,2,0.5,0.0,low
add_chord_p0,add_chord,0,4703,770026514,"72,139,147",75,600,2,2,0,0,0,0,2,0.0,0.0,1.0,0,5.0,2,0.5,0.0,low
add_chord_p0,add_chord,0,4703,770026514,"72,139,147",76,608,2,2,0,0,0,0,2,0.0,0.0,1.0,0,5.0,2,0.5,0.0,low
add_chord_p0,add_chord,0,4703,770026514,"72,139,147",77,616,2,2,0,0,0,0,2,0.0,0.0,1.0,0,5.0,2,0.5,0.0,low
add_chord_p0,add_chord,0,4703,770026514,"72,139,147",78,624,2,2,0,0,0,0,2,0.0,0.0,1.0,0,5.0,2,0.5,0.0,low
add_chord_p0,add_chord,0,4703,770026514,"72,139,147",79,632,2,2,0,0,0,0,2,0.0,0.0,1.0,0,5.0,2,0.5,0.0,low
add_chord_p0,add_chord,0,4703,770026514,"72,139,147",80,640,2,2,0,0,0,0,2,0.0,0.0,1.0,0,5.0,2,0.5,0.0,low
add_chord_p0,add_chord,0,4703,770026514,"72,139,147",81,648,2,2,0,0,0,0,2,0.0,0.0,1.0,0,5.0,2,0.5,0.0,low
add_chord_p0,add_chord,0,4703,770026514,"72,139,147",82,656,2,2,0,0,0,0,2,0.0,0.0,1.0,0,5.0,2,0.5,0.0,low
add_chord_p0,add_chord,0,4703,770026514,"72,139,147",83,664,2,2,0,0,0,0,2,0.0,0.0,1.0,0,5.0,2,0.5,0.0,low
add_chord_p0,add_chord,0,4703,770026514,"72,139,147",84,672,2,2,0,0,0,0,2,0.0,0.0,1.0,0,5.0,2,0.5,0.0,low
add_chord_p0,add_chord,0,4703,770026514,"72,139,147",85,680,2,2,0,0,0,0,2,0.0,0.0,1.0,0,5.0,2,0.5,0.0,low
add_chord_p0,add_chord,0,4703,770026514,"72,139,147",86,688,2,2,0,0,0,0,2,0.0,0.0,1.0,0,5.0,2,0.5,0.0,low
add_chord_p0,add_chord,0,4703,770026514,"72,139,147",87,696,2,2,0,0,0,0,2,0.0,0.0,1.0,0,5.0,2,0.5,0.0,low
add_chord_p0,add_chord,0,4703,770026514,"72,139,147",88,704,2,2,0,0,0,0,2,0.0,0.0,1.0,0,5.0,2,0.5,0.0,low
add_chord_p0,add_chord,0,4703,770026514,"72,139,147",89,712,2,2,0,0,0,0,2,0.0,0.0,1.0,0,5.0,2,0.5,0.0,low
add_chord_p0,add_chord,0,4703,770026514,"72,139,147",90,720,2,2,0,0,0,0,2,0.0,0.0,1.0,0,5.0,2,0.5,0.0,low
add_chord_p0,add_chord,0,4703,770026514,"72,139,147",91,728,2,2,0,0,0,0,2,0.0,0.0,1.0,0,5.0,2,0.5,0.0,low
add_chord_p0,add_chord,0,4703,770026514,"72,139,147",92,736,2,2,0,0,0,0,2,0.0,0.0,1.0,0,5.0,2,0.5,0.0,low
add_chord_p0,add_chord,0,4703,770026514,"72,139,147",93,744,2,2,0,0,0,0,2,0.0,0.0,1.0,0,5.0,2,0.5,0.0,low
add_chord_p0,add_chord,0,4703,770026514,"72,139,147",94,752,2,2,0,0,0,0,2,0.0,0.0,1.0,0,5.0,2,0.5,0.0,low
add_chord_p0,add_chord,0,4703,770026514,"72,139,147",95,760,2,2,0,0,0,0,2,0.0,0.0,1.0,0,5.0,2,0.5,0.0,low
add_chord_p0,add_chord,0,4703,770026514,"72,139,147",96,768,2,2,0,0,0,0,2,0.0,0.0,1.0,0,5.0,2,0.5,0.0,low
add_chord_p0,add_chord,0,4703,770026514,"72,139,147",97,776,2,2,0,0,0,0,2,0.0,0.0,1.0,0,5.0,2,0.5,0.0,low
add_chord_p0,add_chord,0,4703,770026514,"72,139,147",98,784,2,2,0,0,0,0,2,0.0,0.0,1.0,0,5.0,2,0.5,0.0,low
add_chord_p0,add_chord,0,4703,770026514,"72,139,147",99,792,2,2,0,0,0,0,2,0.0,0.0,1.0,0,5.0,2,0.5,0.0,low
add_chord_p0,add_chord,0,4703,770026514,"72,139,147",100,800,2,2,0,0,0,0,2,0.0,0.0,1.0,0,5.0,2,0.5,0.0,low
add_chord_p0,add_chord,0,4703,770026514,"72,139,147",101,808,2,2,0,0,0,0,2,0.0,0.0,1.0,0,5.0,2,0.5,0.0,low
add_chord_p0,add_chord,0,4703,770026514,"72,139,147",102,816,2,2,0,0,0,0,2,0.0,0.0,1.0,0,5.0,2,0.5,0.0,low
add_chord_p0,add_chord,0,4703,770026514,"72,139,147",103,824,2,2,0,0,0,0,2,0.0,0.0,1.0,0,5.0,2,0.5,0.0,low
add_chord_p0,add_chord,0,4703,770026514,"72,139,147",104,832,2,2,0,0,0,0,2,0.0,0.0,1.0,0,5.0,2,0.5,0.0,low
add_chord_p0,add_chord,0,4703,770026514,"72,139,147",105,840,2,2,0,0,0,0,2,0.0,0.0,1.0,0,5.0,2,0.5,0.0,low
add_chord_p0,add_chord,0,4703,770026514,"72,139,147",106,848,2,2,0,0,0,0,2,0.0,0.0,1.0,0,5.0,2,0.5,0.0,low
add_chord_p0,add_chord,0,4703,770026514,"72,139,147",107,856,2,2,0,0,0,0,2,0.0,0.0,1.0,0,5.0,2,0.5,0.0,low
add_chord_p0,add_chord,0,4703,770026514,"72,139,147",108,864,2,2,0,0,0,0,2,0.0,0.0,1.0,0,5.0,2,0.5,0.0,low
add_chord_p0,add_chord,0,4703,770026514,"72,139,147",109,872,2,2,0,0,0,0,2,0.0,0.0,1.0,0,5.0,2,0.5,0.0,low
add_chord_p0,add_chord,0,4703,770026514,"72,139,147",110,880,2,2,0,0,0,0,2,0.0,0.0,1.0,0,5.0,2,0.5,0.0,low
add_chord_p0,add_chord,0,4703,770026514,"72,139,147",111,888,2,2,0,0,0,0,2,0.0,0.0,1.0,0,5.0,2,0.5,0.0,low
add_chord_p0,add_chord,0,4703,770026514,"72,139,147",112,896,2,2,0,0,0,0,2,0.0,0.0,1.0,0,5.0,2,0.5,0.0,low
add_chord_p0,add_chord,0,4703,770026514,"72,139,147",113,904,2,2,0,0,0,0,2,0.0,0.0,1.0,0,5.0,2,0.5,0.0,low
add_chord_p0,add_chord,0,4703,770026514,"72,139,147",114,912,2,2,0,0,0,0,2,0.0,0.0,1.0,0,5.0,2,0.5,0.0,low
add_chord_p0,add_chord,0,4703,770026514,"72,139,147",115,920,2,2,0,0,0,0,2,0.0,0.0,1.0,0,5.0,2,0.5,0.0,low
add_chord_p0,add_chord,0,4703,770026514,"72,139,147",116,928,2,2,0,0,0,0,2,0.0,0.0,1.0,0,5.0,2,0.5,0.0,low
add_chord_p0,add_chord,0,4703,770026514,"72,139,147",117,936,2,2,0,0,0,0,2,0.0,0.0,1.0,0,5.0,2,0.5,0.0,low
add_chord_p0,add_chord,0,4703,770026514,"72,139,147",118,944,2,2,0,0,0,0,2,0.0,0.0,1.0,0,5.0,2,0.5,0.0,low
add_chord_p0,add_chord,0,4703,770026514,"72,139,147",119,952,2,2,0,0,0,0,2,0.0,0.0,1.0,0,5.0,2,0.5,0.0,low
add_chord_p0,add_chord,0,4703,770026514,"72,139,147",120,960,2,2,0,0,0,0,2,0.0,0.0,1.0,0,5.0,2,0.5,0.0,low
add_chord_p0,add_chord,0,4703,770026514,"72,139,147",121,968,2,2,0,0,0,0,2,0.0,0.0,1.0,0,5.0,2,0.5,0.0,low
add_chord_p0,add_chord,0,4703,770026514,"72,139,147",122,976,2,2,0,0,0,0,2,0.0,0.0,1.0,0,5.0,2,0.5,0.0,low
add_chord_p0,add_chord,0,4703,770026514,"72,139,147",123,984,2,2,0,0,0,0,2,0.0,0.0,1.0,0,5.0,2,0.5,0.0,low
add_chord_p0,add_chord,0,4703,770026514,"72,139,147",124,992,2,2,0,0,0,0,2,0.0,0.0,1.0,0,5.0,2,0.5,0.0,low
add_chord_p0,add_chord,0,4703,770026514,"72,139,147",125,1000,2,2,0,0,0,0,2,0.0,0.0,1.0,0,5.0,2,0.5,0.0,low
add_chord_p0,add_chord,0,4703,770026514,"72,139,147",126,1008,2,2,0,0,0,0,2,0.0,0.0,1.0,0,5.0,2,0.5,0.0,low
add_chord_p0,add_chord,0,4703,770026514,"72,139,147",127,1016,2,2,0,0,0,0,2,0.0,0.0,1.0,0,5.0,2,0.5,0.0,low
add_chord_p0,add_chord,0,4703,770026514,"72,139,147",128,1024,2,2,0,0,0,0,2,0.0,0.0,1.0,0,5.0,2,0.5,0.0,low
add_chord_p0,add_chord,0,4703,770026514,"72,139,147",129,1032,2,2,0,0,0,0,2,0.0,0.0,1.0,0,5.0,2,0.5,0.0,low
add_chord_p0,add_chord,0,4703,770026514,"72,139,147",130,1040,2,2,0,0,0,0,2,0.0,0.0,1.0,0,5.0,2,0.5,0.0,low
add_chord_p0,add_chord,0,4703,770026514,"72,139,147",131,1048,2,2,0,0,0,0,2,0.0,0.0,1.0,0,5.0,2,0.5,0.0,low
add_chord_p0,add_chord,0,4703,770026514,"72,139,147",132,1056,2,2,0,0,0,0,2,0.0,0.0,1.0,0,5.0,2,0.5,0.0,low
add_chord_p0,add_chord,0,4703,770026514,"72,139,147",133,1064,2,2,0,0,0,0,2,0.0,0.0,1.0,0,5.0,2,0.5,0.0,low
add_chord_p0,add_chord,0,4703,770026514,"72,139,147",134,1072,2,2,0,0,0,0,2,0.0,0.0,1.0,0,5.0,2,0.5,0.0,low
add_chord_p0,add_chord,0,4703,770026514,"72,139,147",135,1080,2,2,0,0,0,0,2,0.0,0.0,1.0,0,5.0,2,0.5,0.0,low
add_chord_p0,add_chord,0,4703,770026514,"72,139,147",136,1088,2,2,0,0,0,0,2,0.0,0.0,1.0,0,5.0,2,0.5,0.0,low
add_chord_p0,add_chord,0,4703,770026514,"72,139,147",137,1096,2,2,0,0,0,0,2,0.0,0.0,1.0,0,5.0,2,0.5,0.0,low
add_chord_p0,add_chord,0,4703,770026514,"72,139,147",138,1104,2,2,0,0,0,0,2,0.0,0.0,1.0,0,5.0,2,0.5,0.0,low
add_chord_p0,add_chord,0,4703,770026514,"72,139,147",139,1112,2,2,0,0,0,0,2,0.0,0.0,1.0,0,5.0,2,0.5,0.0,low
add_chord_p0,add_chord,0,4703,770026514,"72,139,147",140,1120,2,2,0,0,0,0,2,0.0,0.0,1.0,0,5.0,2,0.5,0.0,low
add_chord_p0,add_chord,0,4703,770026514,"72,139,147",141,1128,2,2,0,0,0,0,2,0.0,0.0,1.0,0,5.0,2,0.5,0.0,low
add_chord_p0,add_chord,0,4703,770026514,"72,139,147",142,1136,2,2,0,0,0,0,2,0.0,0.0,1.0,0,5.0,2,0.5,0.0,low
add_chord_p0,add_chord,0,4703,770026514,"72,139,147",143,1144,2,2,0,0,0,0,2,0.0,0.0,1.0,0,5.0,2,0.5,0.0,low
add_chord_p0,add_chord,0,4703,770026514,"72,139,147",144,1152,2,2,0,0,0,0,2,0.0,0.0,1.0,0,5.0,2,0.5,0.0,low
add_chord_p0,add_chord,0,4703,770026514,"72,139,147",145,1160,2,2,0,0,0,0,2,0.0,0.0,1.0,0,5.0,2,0.5,0.0,low
add_chord_p0,add_chord,0,4703,770026514,"72,139,147",146,1168,2,2,0,0,0,0,2,0.0,0.0,1.0,0,5.0,2,0.5,0.0,low
add_chord_p0,add_chord,0,4703,770026514,"72,139,147",147,1176,2,2,0,0,0,0,2,0.0,0.0,1.0,0,5.0,2,0.5,0.0,low
add_chord_p0,add_chord,0,4703,770026514,"72,139,147",148,1184,2,2,0,0,0,0,2,0.0,0.0,1.0,0,5.0,2,0.5,0.0,low
add_chord_p0,add_chord,0,4703,770026514,"72,139,147",149,1192,2,2,0,0,0,0,2,0.0,0.0,1.0,0,5.0,2,0.5,0.0,low
add_chord_p0,add_chord,0,4703,770026514,"72,139,147",150,1200,2,2,0,0,0,0,2,0.0,0.0,1.0,0,5.0,2,0.5,0.0,low
add_chord_p0,add_chord,0,4703,770026514,"72,139,147",151,1208,2,2,0,0,0,0,2,0.0,0.0,1.0,0,5.0,2,0.5,0.0,low
add_chord_p0,add_chord,0,4703,770026514,"72,139,147",152,1216,2,2,0,0,0,0,2,0.0,0.0,1.0,0,5.0,2,0.5,0.0,low
add_chord_p0,add_chord,0,4703,770026514,"72,139,147",153,1224,2,2,0,0,0,0,2,0.0,0.0,1.0,0,5.0,2,0.5,0.0,low
add_chord_p0,add_chord,0,4703,770026514,"72,139,147",154,1232,2,2,0,0,0,0,2,0.0,0.0,1.0,0,5.0,2,0.5,0.0,low
add_chord_p0,add_chord,0,4703,770026514,"72,139,147",155,1240,2,2,0,0,0,0,2,0.0,0.0,1.0,0,5.0,2,0.5,0.0,low
add_chord_p0,add_chord,0,4703,770026514,"72,139,147",156,1248,2,2,0,0,0,0,2,0.0,0.0,1.0,0,5.0,2,0.5,0.0,low
add_chord_p0,add_chord,0,4703,770026514,"72,139,147",157,1256,2,2,0,0,0,0,2,0.0,0.0,1.0,0,5.0,2,0.5,0.0,low
add_chord_p0,add_chord,0,4703,770026514,"72,139,147",158,1264,2,2,0,0,0,0,2,0.0,0.0,1.0,0,5.0,2,0.5,0.0,low
add_chord_p0,add_chord,0,4703,770026514,"72,139,147",159,1272,2,2,0,0,0,0,2,0.0,0.0,1.0,0,5.0,2,0.5,0.0,low
add_chord_p0,add_chord,0,4703,770026514,"72,139,147",160,1280,2,2,0,0,0,0,2,0.0,0.0,1.0,0,5.0,2,0.5,0.0,low
add_chord_p0,add_chord,0,4703,770026514,"72,139,147",161,1288,2,2,0,0,0,0,2,0.0,0.0,1.0,0,5.0,2,0.5,0.0,low
add_chord_p0,add_chord,0,4703,770026514,"72,139,147",162,1296,2,2,0,0,0,0,2,0.0,0.0,1.0,0,5.0,2,0.5,0.0,low
add_chord_p0,add_chord,0,4703,770026514,"72,139,147",163,1304,2,2,0,0,0,0,2,0.0,0.0,1.0,0,5.0,2,0.5,0.0,low
add_chord_p0,add_chord,0,4703,770026514,"72,139,147",164,1312,2,2,0,0,0,0,2,0.0,0.0,1.0,0,5.0,2,0.5,0.0,low
add_chord_p0,add_chord,0,4703,770026514,"72,139,147",165,1320,2,2,0,0,0,0,2,0.0,0.0,1.0,0,5.0,2,0.5,0.0,low
add_chord_p0,add_chord,0,4703,770026514,"72,139,147",166,1328,2,2,0,0,0,0,2,0.0,0.0,1.0,0,5.0,2,0.5,0.0,low
add_chord_p0,add_chord,0,4703,770026514,"72,139,147",167,1336,2,2,0,0,0,0,2,0.0,0.0,1.0,0,5.0,2,0.5,0.0,low
add_chord_p0,add_chord,0,4703,770026514,"72,139,147",168,1344,2,2,0,0,0,0,2,0.0,0.0,1.0,0,5.0,2,0.5,0.0,low
add_chord_p0,add_chord,0,4703,770026514,"72,139,147",169,1352,2,2,0,0,0,0,2,0.0,0.0,1.0,0,5.0,2,0.5,0.0,low
add_chord_p0,add_chord,0,4703,770026514,"72,139,147",170,1360,2,2,0,0,0,0,2,0.0,0.0,1.0,0,5.0,2,0.5,0.0,low
add_chord_p0,add_chord,0,4703,770026514,"72,139,147",171,1368,2,2,0,0,0,0,2,0.0,0.0,1.0,0,5.0,2,0.5,0.0,low
add_chord_p0,add_chord,0,4703,770026514,"72,139,147",172,1376,2,2,0,0,0,0,2,0.0,0.0,1.0,0,5.0,2,0.5,0.0,low
add_chord_p0,add_chord,0,4703,770026514,"72,139,147",173,1384,2,2,0,0,0,0,2,0.0,0.0,1.0,0,5.0,2,0.5,0.0,low
add_chord_p0,add_chord,0,4703,770026514,"72,139,147",174,1392,2,2,0,0,0,0,2,0.0,0.0,1.0,0,5.0,2,0.5,0.0,low
add_chord_p0,add_chord,0,4703,770026514,"72,139,147",175,1400,2,2,0,0,0,0,2,0.0,0.0,1.0,0,5.0,2,0.5,0.0,low
add_chord_p0,add_chord,0,4703,770026514,"72,139,147",176,1408,2,2,0,0,0,0,2,0.0,0.0,1.0,0,5.0,2,0.5,0.0,low
add_chord_p0,add_chord,0,4703,770026514,"72,139,147",177,1416,2,2,0,0,0,0,2,0.0,0.0,1.0,0,5.0,2,0.5,0.0,low
add_chord_p0,add_chord,0,4703,770026514,"72,139,147",178,1424,2,2,0,0,0,0,2,0.0,0.0,1.0,0,5.0,2,0.5,0.0,low
add_chord_p0,add_chord,0,4703,770026514,"72,139,147",179,1432,2,2,0,0,0,0,2,0.0,0.0,1.0,0,5.0,2,0.5,0.0,low
add_chord_p0,add_chord,0,4703,770026514,"72,139,147",180,1440,2,2,0,0,0,0,2,0.0,0.0,1.0,0,5.0,2,0.5,0.0,low
add_chord_p0,add_chord,0,4703,770026514,"72,139,147",181,1448,2,2,0,0,0,0,2,0.0,0.0,1.0,0,5.0,2,0.5,0.0,low
add_chord_p0,add_chord,0,4703,770026514,"72,139,147",182,1456,2,2,0,0,0,0,2,0.0,0.0,1.0,0,5.0,2,0.5,0.0,low
add_chord_p0,add_chord,0,4703,770026514,"72,139,147",183,1464,2,2,0,0,0,0,2,0.0,0.0,1.0,0,5.0,2,0.5,0.0,low
add_chord_p0,add_chord,0,4703,770026514,"72,139,147",184,1472,2,2,0,0,0,0,2,0.0,0.0,1.0,0,5.0,2,0.5,0.0,low
add_chord_p0,add_chord,0,4703,770026514,"72,139,147",185,1480,2,2,0,0,0,0,2,0.0,0.0,1.0,0,5.0,2,0.5,0.0,low
add_chord_p0,add_chord,0,4703,770026514,"72,139,147",186,1488,2,2,0,0,0,0,2,0.0,0.0,1.0,0,5.0,2,0.5,0.0,low
add_chord_p0,add_chord,0,4703,770026514,"72,139,147",187,1496,2,2,0,0,0,0,2,0.0,0.0,1.0,0,5.0,2,0.5,0.0,low
add_chord_p0,add_chord,0,4703,770026514,"72,139,147",188,1504,2,2,0,0,0,0,2,0.0,0.0,1.0,0,5.0,2,0.5,0.0,low
add_chord_p0,add_chord,0,4703,770026514,"72,139,147",189,1512,2,2,0,0,0,0,2,0.0,0.0,1.0,0,5.0,2,0.5,0.0,low
add_chord_p0,add_chord,0,4703,770026514,"72,139,147",190,1520,2,2,0,0,0,0,2,0.0,0.0,1.0,0,5.0,2,0.5,0.0,low
add_chord_p0,add_chord,0,4703,770026514,"72,139,147",191,1528,2,2,0,0,0,0,2,0.0,0.0,1.0,0,5.0,2,0.5,0.0,low
add_chord_p0,add_chord,0,4703,770026514,"72,139,147",192,1536,2,2,0,0,0,0,2,0.0,0.0,1.0,0,5.0,2,0.5,0.0,low
add_chord_p0,add_chord,0,4703,770026514,"72,139,147",193,1544,2,2,0,0,0,0,2,0.0,0.0,1.0,0,5.0,2,0.5,0.0,low
add_chord_p0,add_chord,0,4703,770026514,"72,139,147",194,1552,2,2,0,0,0,0,2,0.0,0.0,1.0,0,5.0,2,0.5,0.0,low
add_chord_p0,add_chord,0,4703,770026514,"72,139,147",195,1560,2,2,0,0,0,0,2,0.0,0.0,1.0,0,5.0,2,0.5,0.0,low
add_chord_p0,add_chord,0,4703,770026514,"72,139,147",196,1568,2,2,0,0,0,0,2,0.0,0.0,1.0,0,5.0,2,0.5,0.0,low
add_chord_p0,add_chord,0,4703,770026514,"72,139,147",197,1576,2,2,0,0,0,0,2,0.0,0.0,1.0,0,5.0,2,0.5,0.0,low
add_chord_p0,add_chord,0,4703,770026514,"72,139,147",198,1584,2,2,0,0,0,0,2,0.0,0.0,1.0,0,5.0,2,0.5,0.0,low
add_chord_p0,add_chord,0,4703,770026514,"72,139,147",199,1592,2,2,0,0,0,0,2,0.0,0.0,1.0,0,5.0,2,0.5,0.0,low
add_chord_p0,add_chord,0,4703,770026514,"72,139,147",200,1600,2,2,0,0,0,0,2,0.0,0.0,1.0,0,5.0,2,0.5,0.0,low
add_chord_p0,add_chord,0,4703,770026514,"72,139,147",201,1608,2,2,0,0,0,0,2,0.0,0.0,1.0,0,5.0,2,0.5,0.0,low
add_chord_p0,add_chord,0,4703,770026514,"72,139,147",202,1616,2,2,0,0,0,0,2,0.0,0.0,1.0,0,5.0,2,0.5,0.0,low
add_chord_p0,add_chord,0,4703,770026514,"72,139,147",203,1624,2,2,0,0,0,0,2,0.0,0.0,1.0,0,5.0,2,0.5,0.0,low
add_chord_p0,add_chord,0,4703,770026514,"72,139,147",204,1632,2,2,0,0,0,0,2,0.0,0.0,1.0,0,5.0,2,0.5,0.0,low
add_chord_p0,add_chord,0,4703,770026514,"72,139,147",205,1640,2,2,0,0,0,0,2,0.0,0.0,1.0,0,5.0,2,0.5,0.0,low
add_chord_p0,add_chord,0,4703,770026514,"72,139,147",206,1648,2,2,0,0,0,0,2,0.0,0.0,1.0,0,5.0,2,0.5,0.0,low
add_chord_p0,add_chord,0,4703,770026514,"72,139,147",207,1656,2,2,0,0,0,0,2,0.0,0.0,1.0,0,5.0,2,0.5,0.0,low
add_chord_p0,add_chord,0,4703,770026514,"72,139,147",208,1664,2,2,0,0,0,0,2,0.0,0.0,1.0,0,5.0,2,0.5,0.0,low
add_chord_p0,add_chord,0,4703,770026514,"72,139,147",209,1672,2,2,0,0,0,0,2,0.0,0.0,1.0,0,5.0,2,0.5,0.0,low
add_chord_p0,add_chord,0,4703,770026514,"72,139,147",210,1680,2,2,0,0,0,0,2,0.0,0.0,1.0,0,5.0,2,0.5,0.0,low
add_chord_p0,add_chord,0,4703,770026514,"72,139,147",211,1688,2,2,0,0,0,0,2,0.0,0.0,1.0,0,5.0,2,0.5,0.0,low
add_chord_p0,add_chord,0,4703,770026514,"72,139,147",212,1696,2,2,0,0,0,0,2,0.0,0.0,1.0,0,5.0,2,0.5,0.0,low
add_chord_p0,add_chord,0,4703,770026514,"72,139,147",213,1704,2,2,0,0,0,0,2,0.0,0.0,1.0,0,5.0,2,0.5,0.0,low
add_chord_p0,add_chord,0,4703,770026514,"72,139,147",214,1712,2,2,0,0,0,0,2,0.0,0.0,1.0,0,5.0,2,0.5,0.0,low
add_chord_p0,add_chord,0,4703,770026514,"72,139,147",215,1720,2,2,0,0,0,0,2,0.0,0.0,1.0,0,5.0,2,0.5,0.0,low
add_chord_p0,add_chord,0,4703,770026514,"72,139,147",216,1728,2,2,0,0,0,0,2,0.0,0.0,1.0,0,5.0,2,0.5,0.0,low
add_chord_p0,add_chord,0,4703,770026514,"72,139,147",217,1736,2,2,0,0,0,0,2,0.0,0.0,1.0,0,5.0,2,0.5,0.0,low
add_chord_p0,add_chord,0,4703,770026514,"72,139,147",218,1744,2,2,0,0,0,0,2,0.0,0.0,1.0,0,5.0,2,0.5,0.0,low
add_chord_p0,add_chord,0,4703,770026514,"72,139,147",219,1752,2,2,0,0,0,0,2,0.0,0.0,1.0,0,5.0,2,0.5,0.0,low
add_chord_p0,add_chord,0,4703,770026514,"72,139,147",220,1760,2,2,0,0,0,0,2,0.0,0.0,1.0,0,5.0,2,0.5,0.0,low
add_chord_p0,add_chord,0,4703,770026514,"72,139,147",221,1768,2,2,0,0,0,0,2,0.0,0.0,1.0,0,5.0,2,0.5,0.0,low
add_chord_p0,add_chord,0,4703,770026514,"72,139,147",222,1776,2,2,0,0,0,0,2,0.0,0.0,1.0,0,5.0,2,0.5,0.0,low
add_chord_p0,add_chord,0,4703,770026514,"72,139,147",223,1784,2,2,0,0,0,0,2,0.0,0.0,1.0,0,5.0,2,0.5,0.0,low
add_chord_p0,add_chord,0,4703,770026514,"72,139,147",224,1792,2,2,0,0,0,0,2,0.0,0.0,1.0,0,5.0,2,0.5,0.0,low
add_chord_p0,add_chord,0,4703,770026514,"72,139,147",225,1800,2,2,0,0,0,0,2,0.0,0.0,1.0,0,5.0,2,0.5,0.0,low
add_chord_p0,add_chord,0,4703,770026514,"72,139,147",226,1808,2,2,0,0,0,0,2,0.0,0.0,1.0,0,5.0,2,0.5,0.0,low
add_chord_p0,add_chord,0,4703,770026514,"72,139,147",227,1816,2,2,0,0,0,0,2,0.0,0.0,1.0,0,5.0,2,0.5,0.0,low
add_chord_p0,add_chord,0,4703,770026514,"72,139,147",228,1824,2,2,0,0,0,0,2,0.0,0.0,1.0,0,5.0,2,0.5,0.0,low
add_chord_p0,add_chord,0,4703,770026514,"72,139,147",229,1832,2,2,0,0,0,0,2,0.0,0.0,1.0,0,5.0,2,0.5,0.0,low
add_chord_p0,add_chord,0,4703,770026514,"72,139,147",230,1840,2,2,0,0,0,0,2,0.0,0.0,1.0,0,5.0,2,0.5,0.0,low
add_chord_p0,add_chord,0,4703,770026514,"72,139,147",231,1848,2,2,0,0,0,0,2,0.0,0.0,1.0,0,5.0,2,0.5,0.0,low
add_chord_p0,add_chord,0,4703,770026514,"72,139,147",232,1856,2,2,0,0,0,0,2,0.0,0.0,1.0,0,5.0,2,0.5,0.0,low
add_chord_p0,add_chord,0,4703,770026514,"72,139,147",233,1864,2,2,0,0,0,0,2,0.0,0.0,1.0,0,5.0,2,0.5,0.0,low
add_chord_p0,add_chord,0,4703,770026514,"72,139,147",234,1872,2,2,0,0,0,0,2,0.0,0.0,1.0,0,5.0,2,0.5,0.0,low
add_chord_p0,add_chord,0,4703,770026514,"72,139,147",235,1880,2,2,0,0,0,0,2,0.0,0.0,1.0,0,5.0,2,0.5,0.0,low
add_chord_p0,add_chord,0,4703,770026514,"72,139,147",236,1888,2,2,0,0,0,0,2,0.0,0.0,1.0,0,5.0,2,0.5,0.0,low
add_chord_p0,add_chord,0,4703,770026514,"72,139,147",237,1896,2,2,0,0,0,0,2,0.0,0.0,1.0,0,5.0,2,0.5,0.0,low
add_chord_p0,add_chord,0,4703,770026514,"72,139,147",238,1904,2,2,0,0,0,0,2,0.0,0.0,1.0,0,5.0,2,0.5,0.0,low
add_chord_p0,add_chord,0,4703,770026514,"72,139,147",239,1912,2,2,0,0,0,0,2,0.0,0.0,1.0,0,5.0,2,0.5,0.0,low
add_chord_p0,add_chord,0,4703,770026514,"72,139,147",240,1920,2,2,0,0,0,0,2,0.0,0.0,1.0,0,5.0,2,0.5,0.0,low
add_chord_p0,add_chord,0,4703,770026514,"72,139,147",241,1928,2,2,0,0,0,0,2,0.0,0.0,1.0,0,5.0,2,0.5,0.0,low
add_chord_p0,add_chord,0,4703,770026514,"72,139,147",242,1936,2,2,0,0,0,0,2,0.0,0.0,1.0,0,5.0,2,0.5,0.0,low
add_chord_p0,add_chord,0,4703,770026514,"72,139,147",243,1944,2,2,0,0,0,0,2,0.0,0.0,1.0,0,5.0,2,0.5,0.0,low
add_chord_p0,add_chord,0,4703,770026514,"72,139,147",244,1952,2,2,0,0,0,0,2,0.0,0.0,1.0,0,5.0,2,0.5,0.0,low
add_chord_p0,add_chord,0,4703,770026514,"72,139,147",245,1960,2,2,0,0,0,0,2,0.0,0.0,1.0,0,5.0,2,0.5,0.0,low
add_chord_p0,add_chord,0,4703,770026514,"72,139,147",246,1968,2,2,0,0,0,0,2,0.0,0.0,1.0,0,5.0,2,0.5,0.0,low
add_chord_p0,add_chord,0,4703,770026514,"72,139,147",247,1976,2,2,0,0,0,0,2,0.0,0.0,1.0,0,5.0,2,0.5,0.0,low
add_chord_p0,add_chord,0,4703,770026514,"72,139,147",248,1984,2,2,0,0,0,0,2,0.0,0.0,1.0,0,5.0,2,0.5,0.0,low
add_chord_p0,add_chord,0,4703,770026514,"72,139,147",249,1992,2,2,0,0,0,0,2,0.0,0.0,1.0,0,5.0,2,0.5,0.0,low
add_chord_p0,add_chord,0,4703,770026514,"72,139,147",250,2000,2,2,0,0,0,0,2,0.0,0.0,1.0,0,5.0,2,0.5,0.0,low
add_chord_p0,add_chord,0,4703,770026514,"72,139,147",251,2008,2,2,0,0,0,0,2,0.0,0.0,1.0,0,5.0,2,0.5,0.0,low
add_chord_p0,add_chord,0,4703,770026514,"72,139,147",252,2016,2,2,0,0,0,0,2,0.0,0.0,1.0,0,5.0,2,0.5,0.0,low
add_chord_p0,add_chord,0,4703,770026514,"72,139,147",253,2024,2,2,0,0,0,0,2,0.0,0.0,1.0,0,5.0,2,0.5,0.0,low
add_chord_p0,add_chord,0,4703,770026514,"72,139,147",254,2032,2,2,0,0,0,0,2,0.0,0.0,1.0,0,5.0,2,0.5,0.0,low
add_chord_p0,add_chord,0,4703,770026514,"72,139,147",255,2040,2,2,0,0,0,0,2,0.0,0.0,1.0,0,5.0,2,0.5,0.0,low
add_chord_p0,add_chord,0,4703,770026514,"72,139,147",256,2048,2,2,0,0,0,0,2,0.0,0.0,1.0,0,5.0,2,0.5,0.0,low
add_chord_p0,add_chord,0,4703,770026514,"72,139,147",257,2056,2,2,0,0,0,0,2,0.0,0.0,1.0,0,5.0,2,0.5,0.0,low
add_chord_p0,add_chord,0,4703,770026514,"72,139,147",258,2064,2,2,0,0,0,0,2,0.0,0.0,1.0,0,5.0,2,0.5,0.0,low
add_chord_p0,add_chord,0,4703,770026514,"72,139,147",259,2072,2,2,0,0,0,0,2,0.0,0.0,1.0,0,5.0,2,0.5,0.0,low
add_chord_p0,add_chord,0,4703,770026514,"72,139,147",260,2080,2,2,0,0,0,0,2,0.0,0.0,1.0,0,5.0,2,0.5,0.0,low
add_chord_p0,add_chord,0,4703,770026514,"72,139,147",261,2088,2,2,0,0,0,0,2,0.0,0.0,1.0,0,5.0,2,0.5,0.0,low
add_chord_p0,add_chord,0,4703,770026514,"72,139,147",262,2096,2,2,0,0,0,0,2,0.0,0.0,1.0,0,5.0,2,0.5,0.0,low
add_chord_p0,add_chord,0,4703,770026514,"72,139,147",263,2104,2,2,0,0,0,0,2,0.0,0.0,1.0,0,5.0,2,0.5,0.0,low
add_chord_p0,add_chord,0,4703,770026514,"72,139,147",264,2112,2,2,0,0,0,0,2,0.0,0.0,1.0,0,5.0,2,0.5,0.0,low
add_chord_p0,add_chord,0,4703,770026514,"72,139,147",265,2120,2,2,0,0,0,0,2,0.0,0.0,1.0,0,5.0,2,0.5,0.0,low
add_chord_p0,add_chord,0,4703,770026514,"72,139,147",266,2128,2,2,0,0,0,0,2,0.0,0.0,1.0,0,5.0,2,0.5,0.0,low
add_chord_p0,add_chord,0,4703,770026514,"72,139,147",267,2136,2,2,0,0,0,0,2,0.0,0.0,1.0,0,5.0,2,0.5,0.0,low
add_chord_p0,add_chord,0,4703,770026514,"72,139,147",268,2144,2,2,0,0,0,0,2,0.0,0.0,1.0,0,5.0,2,0.5,0.0,low
add_chord_p0,add_chord,0,4703,770026514,"72,139,147",269,2152,2,2,0,0,0,0,2,0.0,0.0,1.0,0,5.0,2,0.5,0.0,low
add_chord_p0,add_chord,0,4703,770026514,"72,139,147",270,2160,2,2,0,0,0,0,2,0.0,0.0,1.0,0,5.0,2,0.5,0.0,low
add_chord_p0,add_chord,0,4703,770026514,"72,139,147",271,2168,2,2,0,0,0,0,2,0.0,0.0,1.0,0,5.0,2,0.5,0.0,low
add_chord_p0,add_chord,0,4703,770026514,"72,139,147",272,2176,2,2,0,0,0,0,2,0.0,0.0,1.0,0,5.0,2,0.5,0.0,low
add_chord_p0,add_chord,0,4703,770026514,"72,139,147",273,2184,2,2,0,0,0,0,2,0.0,0.0,1.0,0,5.0,2,0.5,0.0,low
add_chord_p0,add_chord,0,4703,770026514,"72,139,147",274,2192,2,2,0,0,0,0,2,0.0,0.0,1.0,0,5.0,2,0.5,0.0,low
add_chord_p0,add_chord,0,4703,770026514,"72,139,147",275,2200,2,2,0,0,0,0,2,0.0,0.0,1.0,0,5.0,2,0.5,0.0,low
add_chord_p0,add_chord,0,4703,770026514,"72,139,147",276,2208,2,2,0,0,0,0,2,0.0,0.0,1.0,0,5.0,2,0.5,0.0,low
add_chord_p0,add_chord,0,4703,770026514,"72,139,147",277,2216,2,2,0,0,0,0,2,0.0,0.0,1.0,0,5.0,2,0.5,0.0,low
add_chord_p0,add_chord,0,4703,770026514,"72,139,147",278,2224,2,2,0,0,0,0,2,0.0,0.0,1.0,0,5.0,2,0.5,0.0,low
add_chord_p0,add_chord,0,4703,770026514,"72,139,147",279,2232,2,2,0,0,0,0,2,0.0,0.0,1.0,0,5.0,2,0.5,0.0,low
add_chord_p0,add_chord,0,4703,770026514,"72,139,147",280,2240,2,2,0,0,0,0,2,0.0,0.0,1.0,0,5.0,2,0.5,0.0,low
add_chord_p0,add_chord,0,4703,770026514,"72,139,147",281,2248,2,2,0,0,0,0,2,0.0,0.0,1.0,0,5.0,2,0.5,0.0,low
add_chord_p0,add_chord,0,4703,770026514,"72,139,147",282,2256,2,2,0,0,0,0,2,0.0,0.0,1.0,0,5.0,2,0.5,0.0,low
add_chord_p0,add_chord,0,4703,770026514,"72,139,147",283,2264,2,2,0,0,0,0,2,0.0,0.0,1.0,0,5.0,2,0.5,0.0,low
add_chord_p0,add_chord,0,4703,770026514,"72,139,147",284,2272,2,2,0,0,0,0,2,0.0,0.0,1.0,0,5.0,2,0.5,0.0,low
add_chord_p0,add_chord,0,4703,770026514,"72,139,147",285,2280,2,2,0,0,0,0,2,0.0,0.0,1.0,0,5.0,2,0.5,0.0,low
add_chord_p0,add_chord,0,4703,770026514,"72,139,147",286,2288,2,2,0,0,0,0,2,0.0,0.0,1.0,0,5.0,2,0.5,0.0,low
add_chord_p0,add_chord,0,4703,770026514,"72,139,147",287,2296,2,2,0,0,0,0,2,0.0,0.0,1.0,0,5.0,2,0.5,0.0,low
add_chord_p0,add_chord,0,4703,770026514,"72,139,147",288,2304,2,2,0,0,0,0,2,0.0,0.0,1.0,0,5.0,2,0.5,0.0,low
add_chord_p0,add_chord,0,4703,770026514,"72,139,147",289,2312,2,2,0,0,0,0,2,0.0,0.0,1.0,0,5.0,2,0.5,0.0,low
add_chord_p0,add_chord,0,4703,770026514,"72,139,147",290,2320,2,2,0,0,0,0,2,0.0,0.0,1.0,0,5.0,2,0.5,0.0,low
add_chord_p0,add_chord,0,4703,770026514,"72,139,147",291,2328,2,2,0,0,0,0,2,0.0,0.0,1.0,0,5.0,2,0.5,0.0,low
add_chord_p0,add_chord,0,4703,770026514,"72,139,147",292,2336,2,2,0,0,0,0,2,0.0,0.0,1.0,0,5.0,2,0.5,0.0,low
add_chord_p0,add_chord,0,4703,770026514,"72,139,147",293,2344,2,2,0,0,0,0,2,0.0,0.0,1.0,0,5.0,2,0.5,0.0,low
add_chord_p0,add_chord,0,4703,770026514,"72,139,147",294,2352,2,2,0,0,0,0,2,0.0,0.0,1.0,0,5.0,2,0.5,0.0,low
add_chord_p0,add_chord,0,4703,770026514,"72,139,147",295,2360,2,2,0,0,0,0,2,0.0,0.0,1.0,0,5.0,2,0.5,0.0,low
add_chord_p0,add_chord,0,4703,770026514,"72,139,147",296,2368,2,2,0,0,0,0,2,0.0,0.0,1.0,0,5.0,2,0.5,0.0,low
add_chord_p0,add_chord,0,4703,770026514,"72,139,147",297,2376,2,2,0,0,0,0,2,0.0,0.0,1.0,0,5.0,2,0.5,0.0,low
add_chord_p0,add_chord,0,4703,770026514,"72,139,147",298,2384,2,2,0,0,0,0,2,0.0,0.0,1.0,0,5.0,2,0.5,0.0,low
add_chord_p0,add_chord,0,4703,770026514,"72,139,147",299,2392,2,2,0,0,0,0,2,0.0,0.0,1.0,0,5.0,2,0.5,0.0,low
add_chord_p0,add_chord,0,4703,770026514,"72,139,147",300,2400,2,2,0,0,0,0,2,0.0,0.0,1.0,0,5.0,2,0.5,0.0,low
add_chord_p0,add_chord,0,4703,770026514,"72,139,147",301,2408,2,2,0,0,0,0,2,0.0,0.0,1.0,0,5.0,2,0.5,0.0,low
add_chord_p0,add_chord,0,4703,770026514,"72,139,147",302,2416,2,2,0,0,0,0,2,0.0,0.0,1.0,0,5.0,2,0.5,0.0,low
add_chord_p0,add_chord,0,4703,770026514,"72,139,147",303,2424,2,2,0,0,0,0,2,0.0,0.0,1.0,0,5.0,2,0.5,0.0,low
add_chord_p0,add_chord,0,4703,770026514,"72,139,147",304,2432,2,2,0,0,0,0,2,0.0,0.0,1.0,0,5.0,2,0.5,0.0,low
add_chord_p0,add_chord,0,4703,770026514,"72,139,147",305,2440,2,2,0,0,0,0,2,0.0,0.0,1.0,0,5.0,2,0.5,0.0,low
add_chord_p0,add_chord,0,4703,770026514,"72,139,147",306,2448,2,2,0,0,0,0,2,0.0,0.0,1.0,0,5.0,2,0.5,0.0,low
add_chord_p0,add_chord,0,4703,770026514,"72,139,147",307,2456,2,2,0,0,0,0,2,0.0,0.0,1.0,0,5.0,2,0.5,0.0,low
add_chord_p0,add_chord,0,4703,770026514,"72,139,147",308,2464,2,2,0,0,0,0,2,0.0,0.0,1.0,0,5.0,2,0.5,0.0,low
add_chord_p0,add_chord,0,4703,770026514,"72,139,147",309,2472,2,2,0,0,0,0,2,0.0,0.0,1.0,0,5.0,2,0.5,0.0,low
add_chord_p0,add_chord,0,4703,770026514,"72,139,147",310,2480,2,2,0,0,0,0,2,0.0,0.0,1.0,0,5.0,2,0.5,0.0,low
add_chord_p0,add_chord,0,4703,770026514,"72,139,147",311,2488,2,2,0,0,0,0,2,0.0,0.0,1.0,0,5.0,2,0.5,0.0,low
add_chord_p0,add_chord,0,4703,770026514,"72,139,147",312,2496,2,2,0,0,0,0,2,0.0,0.0,1.0,0,5.0,2,0.5,0.0,low
add_chord_p0,add_chord,0,4703,770026514,"72,139,147",313,2504,2,2,0,0,0,0,2,0.0,0.0,1.0,0,5.0,2,0.5,0.0,low
add_chord_p0,add_chord,0,4703,770026514,"72,139,147",314,2512,2,2,0,0,0,0,2,0.0,0.0,1.0,0,5.0,2,0.5,0.0,low
add_chord_p0,add_chord,0,4703,770026514,"72,139,147",315,2520,2,2,0,0,0,0,2,0.0,0.0,1.0,0,5.0,2,0.5,0.0,low
add_chord_p0,add_chord,0,4703,770026514,"72,139,147",316,2528,2,2,0,0,0,0,2,0.0,0.0,1.0,0,5.0,2,0.5,0.0,low
add_chord_p0,add_chord,0,4703,770026514,"72,139,147",317,2536,2,2,0,0,0,0,2,0.0,0.0,1.0,0,5.0,2,0.5,0.0,low
add_chord_p0,add_chord,0,4703,770026514,"72,139,147",318,2544,2,2,0,0,0,0,2,0.0,0.0,1.0,0,5.0,2,0.5,0.0,low
add_chord_p0,add_chord,0,4703,770026514,"72,139,147",319,2552,2,2,0,0,0,0,2,0.0,0.0,1.0,0,5.0,2,0.5,0.0,low
add_chord_p0,add_chord,0,4703,770026514,"72,139,147",320,2560,2,2,0,0,0,0,2,0.0,0.0,1.0,0,5.0,2,0.5,0.0,low
add_chord_p0,add_chord,0,4751,770026562,"72,139,147",0,0,2,2,0,0,0,0,2,0.0,0.0,1.0,0,5.0,2,0.5,0.0,low
add_chord_p0,add_chord,0,4751,770026562,"72,139,147",1,8,2,2,0,0,0,0,2,0.0,0.0,1.0,0,5.0,2,0.5,0.0,low
add_chord_p0,add_chord,0,4751,770026562,"72,139,147",2,16,2,2,0,0,0,0,2,0.0,0.0,1.0,0,5.0,2,0.5,0.0,low
add_chord_p0,add_chord,0,4751,770026562,"72,139,147",3,24,2,2,0,0,0,0,2,0.0,0.0,1.0,0,5.0,2,0.5,0.0,low
add_chord_p0,add_chord,0,4751,770026562,"72,139,147",4,32,3,2,1,0,0,0,3,0.0,0.0,1.0,1,3.3333333333333335,2,0.6666666666666666,0.3333333333333333,low
add_chord_p0,add_chord,0,4751,770026562,"72,139,147",5,40,3,2,1,0,0,0,3,0.0,0.0,1.0,1,3.3333333333333335,2,0.6666666666666666,0.3333333333333333,low
add_chord_p0,add_chord,0,4751,770026562,"72,139,147",6,48,4,2,2,0,0,0,4,0.0,0.0,1.0,1,2.5,2,0.5,0.5,low
add_chord_p0,add_chord,0,4751,770026562,"72,139,147",7,56,2,2,0,0,0,0,2,0.0,0.0,1.0,0,5.0,2,0.5,0.0,low
add_chord_p0,add_chord,0,4751,770026562,"72,139,147",8,64,3,2,1,0,0,0,3,0.0,0.0,1.0,1,3.0,2,0.6666666666666666,0.3333333333333333,low
add_chord_p0,add_chord,0,4751,770026562,"72,139,147",9,72,3,2,1,0,0,0,3,0.0,0.0,1.0,1,3.0,2,0.6666666666666666,0.3333333333333333,low
add_chord_p0,add_chord,0,4751,770026562,"72,139,147",10,80,3,3,0,0,0,0,3,0.0,0.0,1.0,0,2.6666666666666665,1,1.0,0.0,low
add_chord_p0,add_chord,0,4751,770026562,"72,139,147",11,88,3,2,1,0,0,0,3,0.0,0.0,1.0,1,3.0,2,0.6666666666666666,0.3333333333333333,low
add_chord_p0,add_chord,0,4751,770026562,"72,139,147",12,96,3,2,1,0,0,0,3,0.0,0.0,1.0,1,3.0,2,0.6666666666666666,0.3333333333333333,low
add_chord_p0,add_chord,0,4751,770026562,"72,139,147",13,104,3,2,1,0,0,0,3,0.0,0.0,1.0,1,3.0,2,0.6666666666666666,0.3333333333333333,low
add_chord_p0,add_chord,0,4751,770026562,"72,139,147",14,112,3,2,1,0,0,0,3,0.0,0.0,1.0,1,3.0,2,0.6666666666666666,0.3333333333333333,low
add_chord_p0,add_chord,0,4751,770026562,"72,139,147",15,120,3,2,1,0,0,0,3,0.0,0.0,1.0,1,3.0,2,0.6666666666666666,0.3333333333333333,low
add_chord_p0,add_chord,0,4751,770026562,"72,139,147",16,128,3,2,1,0,0,0,3,0.0,0.0,1.0,1,3.0,2,0.6666666666666666,0.3333333333333333,low
add_chord_p0,add_chord,0,4751,770026562,"72,139,147",17,136,3,2,1,0,0,0,3,0.0,0.0,1.0,1,3.0,2,0.6666666666666666,0.3333333333333333,low
add_chord_p0,add_chord,0,4751,770026562,"72,139,147",18,144,3,2,1,0,0,0,3,0.0,0.0,1.0,1,3.0,2,0.6666666666666666,0.3333333333333333,low
add_chord_p0,add_chord,0,4751,770026562,"72,139,147",19,152,3,3,0,0,0,0,3,0.0,0.0,1.0,0,2.6666666666666665,1,1.0,0.0,low
add_chord_p0,add_chord,0,4751,770026562,"72,139,147",20,160,3,3,0,0,0,0,3,0.0,0.0,1.0,0,2.6666666666666665,1,1.0,0.0,low
add_chord_p0,add_chord,0,4751,770026562,"72,139,147",21,168,3,3,0,0,0,0,3,0.0,0.0,1.0,0,2.6666666666666665,1,1.0,0.0,low
add_chord_p0,add_chord,0,4751,770026562,"72,139,147",22,176,4,3,1,0,0,0,4,0.0,0.0,1.0,1,2.0,1,1.0,0.25,low
add_chord_p0,add_chord,0,4751,770026562,"72,139,147",23,184,4,3,1,0,0,0,4,0.0,0.0,1.0,1,2.0,1,1.0,0.25,low
add_chord_p0,add_chord,0,4751,770026562,"72,139,147",24,192,6,3,1,0,0,2,4,0.0,0.3333333333333333,0.6666666666666666,5,2.8333333333333335,2,0.6666666666666666,1.6666666666666667,low
add_chord_p0,add_chord,0,4751,770026562,"72,139,147",25,200,6,3,1,0,0,2,4,0.0,0.3333333333333333,0.6666666666666666,5,2.8333333333333335,2,0.6666666666666666,1.6666666666666667,low
add_chord_p0,add_chord,0,4751,770026562,"72,139,147",26,208,6,3,1,0,0,2,4,0.0,0.3333333333333333,0.6666666666666666,4,3.0,2,0.6666666666666666,1.5,low
add_chord_p0,add_chord,0,4751,770026562,"72,139,147",27,216,9,3,2,0,0,4,5,0.0,0.4444444444444444,0.5555555555555556,13,2.4444444444444446,3,0.5555555555555556,4.0,low
add_chord_p0,add_chord,0,4751,770026562,"72,139,147",28,224,9,3,2,0,0,4,5,0.0,0.4444444444444444,0.5555555555555556,13,2.4444444444444446,3,0.5555555555555556,4.0,low
add_chord_p0,add_chord,0,4751,770026562,"72,139,147",29,232,9,3,2,0,0,4,5,0.0,0.4444444444444444,0.5555555555555556,13,2.4444444444444446,3,0.5555555555555556,4.0,low
add_chord_p0,add_chord,0,4751,770026562,"72,139,147",30,240,7,2,1,0,0,4,3,0.0,0.5714285714285714,0.42857142857142855,13,3.7142857142857144,4,0.2857142857142857,5.0,low
add_chord_p0,add_chord,0,4751,770026562,"72,139,147",31,248,5,2,3,0,0,0,5,0.0,0.0,1.0,1,1.6,2,0.6,0.6,low
add_chord_p0,add_chord,0,4751,770026562,"72,139,147",32,256,5,2,3,0,0,0,5,0.0,0.0,1.0,1,1.6,2,0.6,0.6,low
add_chord_p0,add_chord,0,4751,770026562,"72,139,147",33,264,3,2,1,0,0,0,3,0.0,0.0,1.0,1,3.3333333333333335,2,0.6666666666666666,0.3333333333333333,low
add_chord_p0,add_chord,0,4751,770026562,"72,139,147",34,272,5,2,2,1,0,0,4,0.0,0.0,0.8,2,4.8,3,0.6,0.8,low
add_chord_p0,add_chord,0,4751,770026562,"72,139,147",35,280,5,2,2,1,0,0,4,0.0,0.0,0.8,2,4.8,3,0.6,0.8,low
add_chord_p0,add_chord,0,4751,770026562,"72,139,147",36,288,7,2,2,1,0,2,4,0.0,0.2857142857142857,0.5714285714285714,5,4.428571428571429,4,0.42857142857142855,1.8571428571428572,low
add_chord_p0,add_chord,0,4751,770026562,"72,139,147",37,296,9,2,2,3,0,2,4,0.0,0.2222222222222222,0.4444444444444444,5,4.222222222222222,5,0.3333333333333333,1.8888888888888888,low
add_chord_p0,add_chord,0,4751,770026562,"72,139,147",38,304,11,2,2,1,2,4,4,0.18181818181818182,0.36363636363636365,0.36363636363636365,5,3.909090909090909,7,0.2727272727272727,2.5454545454545454,low
add_chord_p0,add_chord,0,4751,770026562,"72,139,147",39,312,13,2,2,1,2,6,4,0.15384615384615385,0.46153846153846156,0.3076923076923077,7,3.4615384615384617,8,0.23076923076923078,3.1538461538461537,low
add_chord_p0,add_chord,0,4751,770026562,"72,139,147",40,320,12,2,1,0,3,6,3,0.25,0.5,0.25,7,2.75,8,0.16666666666666666,3.4166666666666665,low
add_chord_p0,add_chord,0,4751,770026562,"72,139,147",41,328,12,2,1,0,3,6,3,0.25,0.5,0.25,7,2.75,8,0.16666666666666666,3.4166666666666665,low
add_chord_p0,add_chord,0,4751,770026562,"72,139,147",42,336,12,2,1,0,2,7,3,0.16666666666666666,0.5833333333333334,0.25,7,2.3333333333333335,9,0.16666666666666666,3.5833333333333335,low
add_chord_p0,add_chord,0,4751,770026562,"72,139,147",43,344,11,2,1,1,2,5,3,0.18181818181818182,0.45454545454545453,0.2727272727272727,5,3.3636363636363638,8,0.2727272727272727,3.0,low
add_chord_p0,add_chord,0,4751,770026562,"72,139,147",44,352,11,2,1,1,2,5,3,0.18181818181818182,0.45454545454545453,0.2727272727272727,5,3.3636363636363638,8,0.2727272727272727,3.0,low
add_chord_p0,add_chord,0,4751,770026562,"72,139,147",45,360,12,2,2,0,3,5,4,0.25,0.4166666666666667,0.3333333333333333,5,2.0,8,0.25,2.9166666666666665,low
add_chord_p0,add_chord,0,4751,770026562,"72,139,147",46,368,12,2,2,0,3,5,4,0.25,0.4166666666666667,0.3333333333333333,5,2.0,8,0.25,2.9166666666666665,low
add_chord_p0,add_chord,0,4751,770026562,"72,139,147",47,376,12,2,2,0,3,5,4,0.25,0.4166666666666667,0.3333333333333333,5,2.0,8,0.25,2.9166666666666665,low
add_chord_p0,add_chord,0,4751,770026562,"72,139,147",48,384,14,2,2,0,5,5,4,0.35714285714285715,0.35714285714285715,0.2857142857142857,5,2.7142857142857144,8,0.21428571428571427,2.7857142857142856,low
add_chord_p0,add_chord,0,4751,770026562,"72,139,147",49,392,14,2,2,0,5,5,4,0.35714285714285715,0.35714285714285715,0.2857142857142857,5,2.7142857142857144,8,0.21428571428571427,2.7857142857142856,low
add_chord_p0,add_chord,0,4751,770026562,"72,139,147",50,400,14,2,2,0,5,5,4,0.35714285714285715,0.35714285714285715,0.2857142857142857,5,2.7142857142857144,8,0.21428571428571427,2.7857142857142856,low
add_chord_p0,add_chord,0,4751,770026562,"72,139,147",51,408,14,2,2,1,3,6,4,0.21428571428571427,0.42857142857142855,0.2857142857142857,5,2.142857142857143,9,0.21428571428571427,2.9285714285714284,low
add_chord_p0,add_chord,0,4751,770026562,"72,139,147",52,416,14,2,2,1,3,6,4,0.21428571428571427,0.42857142857142855,0.2857142857142857,5,2.142857142857143,9,0.21428571428571427,2.9285714285714284,low
add_chord_p0,add_chord,0,4751,770026562,"72,139,147",53,424,14,2,1,2,3,6,3,0.21428571428571427,0.42857142857142855,0.21428571428571427,5,2.7857142857142856,9,0.21428571428571427,3.0,low
add_chord_p0,add_chord,0,4751,770026562,"72,139,147",54,432,15,2,2,2,3,6,4,0.2,0.4,0.26666666666666666,5,2.7333333333333334,8,0.2,2.8,low
add_chord_p0,add_chord,0,4751,770026562,"72,139,147",55,440,15,2,2,2,3,6,4,0.2,0.4,0.26666666666666666,5,3.3333333333333335,8,0.2,2.8,low
add_chord_p0,add_chord,0,4751,770026562,"72,139,147",56,448,14,2,1,2,2,7,3,0.14285714285714285,0.5,0.21428571428571427,5,4.285714285714286,9,0.21428571428571427,3.0,low
add_chord_p0,add_chord,0,4751,770026562,"72,139,147",57,456,14,2,1,3,1,7,3,0.07142857142857142,0.5,0.21428571428571427,5,5.214285714285714,9,0.21428571428571427,2.9285714285714284,low
add_chord_p0,add_chord,0,4751,770026562,"72,139,147",58,464,16,2,2,3,1,8,4,0.0625,0.5,0.25,5,4.375,9,0.1875,2.9375,low
add_chord_p0,add_chord,0,4751,770026562,"72,139,147",59,472,16,2,1,3,2,8,3,0.125,0.5,0.1875,5,4.75,9,0.1875,3.0625,low
add_chord_p0,add_chord,0,4751,770026562,"72,139,147",60,480,16,2,1,3,2,8,3,0.125,0.5,0.1875,5,4.75,9,0.1875,3.0625,low
add_chord_p0,add_chord,0,4751,770026562,"72,139,147",61,488,18,2,1,3,4,8,3,0.2222222222222222,0.4444444444444444,0.16666666666666666,5,5.111111111111111,9,0.2222222222222222,3.111111111111111,low
add_chord_p0,add_chord,0,4751,770026562,"72,139,147",62,496,18,2,1,3,4,8,3,0.2222222222222222,0.4444444444444444,0.16666666666666666,5,5.111111111111111,9,0.2222222222222222,3.111111111111111,low
add_chord_p0,add_chord,0,4751,770026562,"72,139,147",63,504,20,2,2,2,5,9,4,0.25,0.45,0.2,5,3.85,9,0.2,3.1,low
add_chord_p0,add_chord,0,4751,770026562,"72,139,147",64,512,18,2,1,2,4,9,3,0.2222222222222222,0.5,0.16666666666666666,5,4.111111111111111,9,0.2222222222222222,3.2222222222222223,low
add_chord_p0,add_chord,0,4751,770026562,"72,139,147",65,520,18,2,1,2,4,9,3,0.2222222222222222,0.5,0.16666666666666666,5,4.055555555555555,8,0.2222222222222222,3.1666666666666665,low
add_chord_p0,add_chord,0,4751,770026562,"72,139,147",66,528,17,2,2,2,3,8,4,0.17647058823529413,0.47058823529411764,0.23529411764705882,5,4.470588235294118,8,0.29411764705882354,3.0,low
add_chord_p0,add_chord,0,4751,770026562,"72,139,147",67,536,19,2,3,1,4,9,5,0.21052631578947367,0.47368421052631576,0.2631578947368421,5,3.6315789473684212,7,0.3157894736842105,2.9473684210526314,low
add_chord_p0,add_chord,0,4751,770026562,"72,139,147",68,544,16,2,2,1,2,9,4,0.125,0.5625,0.25,5,4.25,7,0.3125,3.0625,low
add_chord_p0,add_chord,0,4751,770026562,"72,139,147",69,552,18,2,2,1,2,11,4,0.1111111111111111,0.6111111111111112,0.2222222222222222,13,4.111111111111111,8,0.2777777777777778,4.111111111111111,low
add_chord_p0,add_chord,0,4751,770026562,"72,139,147",70,560,20,2,1,4,2,11,3,0.1,0.55,0.15,13,4.25,13,0.2,4.05,low
add_chord_p0,add_chord,0,4751,770026562,"72,139,147",71,568,20,2,2,3,2,11,4,0.1,0.55,0.2,13,4.4,11,0.3,4.0,low
add_chord_p0,add_chord,0,4751,770026562,"72,139,147",72,576,21,2,2,3,3,11,4,0.14285714285714285,0.5238095238095238,0.19047619047619047,13,4.238095238095238,10,0.2857142857142857,4.0,low
add_chord_p0,add_chord,0,4751,770026562,"72,139,147",73,584,23,2,3,2,4,12,5,0.17391304347826086,0.5217391304347826,0.21739130434782608,13,3.739130434782609,12,0.2608695652173913,4.0,low
add_chord_p0,add_chord,0,4751,770026562,"72,139,147",74,592,26,2,4,2,5,13,6,0.19230769230769232,0.5,0.23076923076923078,13,3.6153846153846154,11,0.23076923076923078,3.8461538461538463,low
add_chord_p0,add_chord,0,4751,770026562,"72,139,147",75,600,28,2,4,2,5,15,6,0.17857142857142858,0.5357142857142857,0.21428571428571427,13,3.1785714285714284,11,0.2857142857142857,3.9285714285714284,low
add_chord_p0,add_chord,0,4751,770026562,"72,139,147",76,608,28,2,4,2,5,15,6,0.17857142857142858,0.5357142857142857,0.21428571428571427,13,3.1785714285714284,11,0.2857142857142857,3.9285714285714284,low
add_chord_p0,add_chord,0,4751,770026562,"72,139,147",77,616,27,2,2,4,4,15,4,0.14814814814814814,0.5555555555555556,0.14814814814814814,13,3.5555555555555554,14,0.2962962962962963,4.037037037037037,low
add_chord_p0,add_chord,0,4751,770026562,"72,139,147",78,624,27,2,2,4,5,14,4,0.18518518518518517,0.5185185185185185,0.14814814814814814,13,3.6296296296296298,12,0.3333333333333333,3.925925925925926,low
add_chord_p0,add_chord,0,4751,770026562,"72,139,147",79,632,25,2,3,3,5,12,5,0.2,0.48,0.2,6,3.68,10,0.4,3.2,low
add_chord_p0,add_chord,0,4751,770026562,"72,139,147",80,640,26,2,2,3,4,15,4,0.15384615384615385,0.5769230769230769,0.15384615384615385,13,3.730769230769231,11,0.38461538461538464,4.115384615384615,low
add_chord_p0,add_chord,0,4751,770026562,"72,139,147",81,648,27,2,2,2,6,15,4,0.2222222222222222,0.5555555555555556,0.14814814814814814,13,3.4814814814814814,12,0.37037037037037035,4.111111111111111,low
add_chord_p0,add_chord,0,4751,770026562,"72,139,147",82,656,26,2,2,1,6,15,4,0.23076923076923078,0.5769230769230769,0.15384615384615385,13,3.5,13,0.38461538461538464,4.1923076923076925,low
add_chord_p0,add_chord,0,4751,770026562,"72,139,147",83,664,26,2,2,1,5,16,4,0.19230769230769232,0.6153846153846154,0.15384615384615385,13,3.576923076923077,13,0.38461538461538464,4.1923076923076925,low
add_chord_p0,add_chord,0,4751,770026562,"72,139,147",84,672,26,2,2,0,6,16,4,0.23076923076923078,0.6153846153846154,0.15384615384615385,13,3.1153846153846154,13,0.38461538461538464,4.269230769230769,low
add_chord_p0,add_chord,0,4751,770026562,"72,139,147",85,680,27,2,1,3,5,16,3,0.18518518518518517,0.5925925925925926,0.1111111111111111,13,3.6296296296296298,14,0.37037037037037035,4.62962962962963,low
add_chord_p0,add_chord,0,4751,770026562,"72,139,147",86,688,27,2,1,3,5,16,3,0.18518518518518517,0.5925925925925926,0.1111111111111111,13,3.6296296296296298,14,0.37037037037037035,4.62962962962963,low
add_chord_p0,add_chord,0,4751,770026562,"72,139,147",87,696,28,2,1,3,5,17,3,0.17857142857142858,0.6071428571428571,0.10714285714285714,7,3.2142857142857144,18,0.17857142857142858,4.464285714285714,low
add_chord_p0,add_chord,0,4751,770026562,"72,139,147",88,704,28,2,1,3,5,17,3,0.17857142857142858,0.6071428571428571,0.10714285714285714,7,3.4285714285714284,16,0.17857142857142858,3.9642857142857144,low
add_chord_p0,add_chord,0,4751,770026562,"72,139,147",89,712,29,2,1,3,6,17,3,0.20689655172413793,0.5862068965517241,0.10344827586206896,7,3.2413793103448274,17,0.20689655172413793,4.0,low
add_chord_p0,add_chord,0,4751,770026562,"72,139,147",90,720,29,2,1,3,5,18,3,0.1724137931034483,0.6206896551724138,0.10344827586206896,7,3.2758620689655173,17,0.2413793103448276,4.0,low
add_chord_p0,add_chord,0,4751,770026562,"72,139,147",91,728,30,2,1,3,4,20,3,0.13333333333333333,0.6666666666666666,0.1,7,3.3666666666666667,16,0.23333333333333334,4.033333333333333,low
add_chord_p0,add_chord,0,4751,770026562,"72,139,147",92,736,29,2,1,2,3,21,3,0.10344827586206896,0.7241379310344828,0.10344827586206896,7,3.0689655172413794,17,0.20689655172413793,4.137931034482759,low
add_chord_p0,add_chord,0,4751,770026562,"72,139,147",93,744,29,2,1,2,3,21,3,0.10344827586206896,0.7241379310344828,0.10344827586206896,6,3.1379310344827585,18,0.20689655172413793,4.137931034482759,low
add_chord_p0,add_chord,0,4751,770026562,"72,139,147",94,752,28,2,0,2,3,21,2,0.10714285714285714,0.75,0.07142857142857142,6,3.25,17,0.21428571428571427,4.214285714285714,low
add_chord_p0,add_chord,0,4751,770026562,"72,139,147",95,760,28,2,0,1,4,21,2,0.14285714285714285,0.75,0.07142857142857142,6,2.9642857142857144,18,0.21428571428571427,4.25,low
add_chord_p0,add_chord,0,4751,770026562,"72,139,147",96,768,28,2,0,1,4,21,2,0.14285714285714285,0.75,0.07142857142857142,6,3.1785714285714284,17,0.25,4.25,low
add_chord_p0,add_chord,0,4751,770026562,"72,139,147",97,776,26,2,0,0,4,20,2,0.15384615384615385,0.7692307692307693,0.07692307692307693,6,3.269230769230769,14,0.19230769230769232,4.3076923076923075,low
add_chord_p0,add_chord,0,4751,770026562,"72,139,147",98,784,26,2,0,0,4,20,2,0.15384615384615385,0.7692307692307693,0.07692307692307693,6,3.269230769230769,14,0.23076923076923078,4.3076923076923075,low
add_chord_p0,add_chord,0,4751,770026562,"72,139,147",99,792,27,2,0,0,5,20,2,0.18518518518518517,0.7407407407407407,0.07407407407407407,6,3.1481481481481484,15,0.18518518518518517,4.296296296296297,low
add_chord_p0,add_chord,0,4751,770026562,"72,139,147",100,800,27,2,0,0,6,19,2,0.2222222222222222,0.7037037037037037,0.07407407407407407,6,3.4814814814814814,13,0.4074074074074074,4.2592592592592595,low
add_chord_p0,add_chord,0,4751,770026562,"72,139,147",101,808,28,2,0,1,6,19,2,0.21428571428571427,0.6785714285714286,0.07142857142857142,6,3.4642857142857144,12,0.42857142857142855,4.142857142857143,low
add_chord_p0,add_chord,0,4751,770026562,"72,139,147",102,816,28,2,0,1,5,20,2,0.17857142857142858,0.7142857142857143,0.07142857142857142,6,3.2142857142857144,13,0.25,4.178571428571429,low
add_chord_p0,add_chord,0,4751,770026562,"72,139,147",103,824,28,2,0,1,6,19,2,0.21428571428571427,0.6785714285714286,0.07142857142857142,6,3.392857142857143,12,0.4642857142857143,4.142857142857143,low
add_chord_p0,add_chord,0,4751,770026562,"72,139,147",104,832,27,2,0,1,7,17,2,0.25925925925925924,0.6296296296296297,0.07407407407407407,6,3.4074074074074074,14,0.4074074074074074,4.148148148148148,low
add_chord_p0,add_chord,0,4751,770026562,"72,139,147",105,840,26,2,0,1,6,17,2,0.23076923076923078,0.6538461538461539,0.07692307692307693,6,3.4615384615384617,14,0.4230769230769231,3.769230769230769,low
add_chord_p0,add_chord,0,4751,770026562,"72,139,147",106,848,29,2,1,2,6,18,3,0.20689655172413793,0.6206896551724138,0.10344827586206896,9,3.5172413793103448,16,0.3793103448275862,3.9655172413793105,low
add_chord_p0,add_chord,0,4751,770026562,"72,139,147",107,856,29,2,1,3,6,17,3,0.20689655172413793,0.5862068965517241,0.10344827586206896,9,3.8275862068965516,16,0.4482758620689655,3.8620689655172415,low
add_chord_p0,add_chord,0,4751,770026562,"72,139,147",108,864,30,2,1,3,6,18,3,0.2,0.6,0.1,9,3.6666666666666665,16,0.43333333333333335,3.9,low
add_chord_p0,add_chord,0,4751,770026562,"72,139,147",109,872,32,2,2,2,6,20,4,0.1875,0.625,0.125,9,3.46875,17,0.34375,3.875,low
add_chord_p0,add_chord,0,4751,770026562,"72,139,147",110,880,31,2,2,2,5,20,4,0.16129032258064516,0.6451612903225806,0.12903225806451613,9,3.3225806451612905,19,0.2903225806451613,3.935483870967742,low
add_chord_p0,add_chord,0,4751,770026562,"72,139,147",111,888,32,2,2,2,5,21,4,0.15625,0.65625,0.125,9,3.25,19,0.28125,3.9375,low
add_chord_p0,add_chord,0,4751,770026562,"72,139,147",112,896,35,2,2,2,6,23,4,0.17142857142857143,0.6571428571428571,0.11428571428571428,9,3.2285714285714286,20,0.3142857142857143,3.914285714285714,low
add_chord_p0,add_chord,0,4751,770026562,"72,139,147",113,904,37,2,2,2,8,23,4,0.21621621621621623,0.6216216216216216,0.10810810810810811,9,3.7027027027027026,19,0.35135135135135137,3.8378378378378377,low
add_chord_p0,add_chord,0,4751,770026562,"72,139,147",114,912,39,2,2,3,9,23,4,0.23076923076923078,0.5897435897435898,0.10256410256410256,9,3.5128205128205128,17,0.3333333333333333,3.7948717948717947,low
add_chord_p0,add_chord,0,4751,770026562,"72,139,147",115,920,37,2,1,3,9,22,3,0.24324324324324326,0.5945945945945946,0.08108108108108109,9,3.7567567567567566,17,0.32432432432432434,3.864864864864865,low
add_chord_p0,add_chord,0,4751,770026562,"72,139,147",116,928,37,2,1,3,8,23,3,0.21621621621621623,0.6216216216216216,0.08108108108108109,12,3.5405405405405403,18,0.32432432432432434,4.135135135135135,low
add_chord_p0,add_chord,0,4751,770026562,"72,139,147",117,936,37,2,1,3,7,24,3,0.1891891891891892,0.6486486486486487,0.08108108108108109,12,3.7567567567567566,19,0.32432432432432434,4.135135135135135,low
add_chord_p0,add_chord,0,4751,770026562,"72,139,147",118,944,37,2,1,3,7,24,3,0.1891891891891892,0.6486486486486487,0.08108108108108109,12,3.7567567567567566,19,0.32432432432432434,4.135135135135135,low
add_chord_p0,add_chord,0,4751,770026562,"72,139,147",119,952,37,2,1,4,7,23,3,0.1891891891891892,0.6216216216216216,0.08108108108108109,12,3.810810810810811,18,0.32432432432432434,4.027027027027027,low
add_chord_p0,add_chord,0,4751,770026562,"72,139,147",120,960,37,2,2,4,7,22,4,0.1891891891891892,0.5945945945945946,0.10810810810810811,12,3.7567567567567566,19,0.1891891891891892,3.945945945945946,low
add_chord_p0,add_chord,0,4751,770026562,"72,139,147",121,968,40,2,2,4,8,24,4,0.2,0.6,0.1,12,3.6,17,0.3,3.95,low
add_chord_p0,add_chord,0,4751,770026562,"72,139,147",122,976,39,2,2,4,8,23,4,0.20512820512820512,0.5897435897435898,0.10256410256410256,12,3.5641025641025643,19,0.2564102564102564,3.948717948717949,low
add_chord_p0,add_chord,0,4751,770026562,"72,139,147",123,984,40,2,3,4,7,24,5,0.175,0.6,0.125,12,3.125,15,0.35,3.85,low
add_chord_p0,add_chord,0,4751,770026562,"72,139,147",124,992,39,2,3,4,6,24,5,0.15384615384615385,0.6153846153846154,0.1282051282051282,12,3.5128205128205128,14,0.3333333333333333,3.8974358974358974,low
add_chord_p0,add_chord,0,4751,770026562,"72,139,147",125,1000,41,2,3,4,6,26,5,0.14634146341463414,0.6341463414634146,0.12195121951219512,12,3.317073170731707,14,0.4634146341463415,4.2439024390243905,low
add_chord_p0,add_chord,0,4751,770026562,"72,139,147",126,1008,42,2,4,4,7,25,6,0.16666666666666666,0.5952380952380952,0.14285714285714285,12,3.238095238095238,13,0.47619047619047616,4.142857142857143,low
add_chord_p0,add_chord,0,4751,770026562,"72,139,147",127,1016,42,2,4,3,7,26,6,0.16666666666666666,0.6190476190476191,0.14285714285714285,12,3.238095238095238,19,0.23809523809523808,4.261904761904762,low
add_chord_p0,add_chord,0,4751,770026562,"72,139,147",128,1024,43,2,4,3,7,27,6,0.16279069767441862,0.627906976744186,0.13953488372093023,12,3.13953488372093,19,0.23255813953488372,4.27906976744186,low
add_chord_p0,add_chord,0,4751,770026562,"72,139,147",129,1032,47,2,4,5,7,29,6,0.14893617021276595,0.6170212765957447,0.1276595744680851,12,3.127659574468085,19,0.3404255319148936,4.531914893617022,low
add_chord_p0,add_chord,0,4751,770026562,"72,139,147",130,1040,49,2,4,5,7,31,6,0.14285714285714285,0.6326530612244898,0.12244897959183673,12,2.836734693877551,19,0.3469387755102041,4.551020408163265,low
add_chord_p0,add_chord,0,4751,770026562,"72,139,147",131,1048,48,2,2,5,7,32,4,0.14583333333333334,0.6666666666666666,0.08333333333333333,12,2.9791666666666665,17,0.5,4.666666666666667,low
add_chord_p0,add_chord,0,4751,770026562,"72,139,147",132,1056,48,2,2,6,6,32,4,0.125,0.6666666666666666,0.08333333333333333,12,2.7916666666666665,15,0.6041666666666666,4.625,low
add_chord_p0,add_chord,0,4751,770026562,"72,139,147",133,1064,47,2,2,6,6,31,4,0.1276595744680851,0.6595744680851063,0.0851063829787234,12,2.9148936170212765,16,0.5957446808510638,4.638297872340425,low
add_chord_p0,add_chord,0,4751,770026562,"72,139,147",134,1072,47,2,2,6,5,32,4,0.10638297872340426,0.6808510638297872,0.0851063829787234,12,2.978723404255319,16,0.6170212765957447,4.659574468085107,low
add_chord_p0,add_chord,0,4751,770026562,"72,139,147",135,1080,47,2,2,7,5,31,4,0.10638297872340426,0.6595744680851063,0.0851063829787234,12,3.106382978723404,17,0.5319148936170213,4.617021276595745,low
add_chord_p0,add_chord,0,4751,770026562,"72,139,147",136,1088,44,2,2,5,6,29,4,0.13636363636363635,0.6590909090909091,0.09090909090909091,11,3.227272727272727,18,0.4318181818181818,4.295454545454546,low
add_chord_p0,add_chord,0,4751,770026562,"72,139,147",137,1096,43,2,2,5,7,27,4,0.16279069767441862,0.627906976744186,0.09302325581395349,11,3.13953488372093,18,0.4186046511627907,4.325581395348837,low
add_chord_p0,add_chord,0,4751,770026562,"72,139,147",138,1104,47,2,0,6,8,31,2,0.1702127659574468,0.6595744680851063,0.0425531914893617,11,3.3191489361702127,18,0.2765957446808511,4.446808510638298,low
add_chord_p0,add_chord,0,4751,770026562,"72,139,147",139,1112,47,2,0,6,8,31,2,0.1702127659574468,0.6595744680851063,0.0425531914893617,11,3.25531914893617,19,0.2978723404255319,4.48936170212766,low
add_chord_p0,add_chord,0,4751,770026562,"72,139,147",140,1120,47,2,0,6,8,31,2,0.1702127659574468,0.6595744680851063,0.0425531914893617,11,3.25531914893617,19,0.2765957446808511,4.531914893617022,low
add_chord_p0,add_chord,0,4751,770026562,"72,139,147",141,1128,50,2,1,6,8,33,3,0.16,0.66,0.06,11,3.0,19,0.28,4.72,low
add_chord_p0,add_chord,0,4751,770026562,"72,139,147",142,1136,51,2,1,6,10,32,3,0.19607843137254902,0.6274509803921569,0.058823529411764705,11,2.9215686274509802,18,0.27450980392156865,4.686274509803922,low
add_chord_p0,add_chord,0,4751,770026562,"72,139,147",143,1144,51,2,1,6,10,32,3,0.19607843137254902,0.6274509803921569,0.058823529411764705,11,2.9215686274509802,18,0.27450980392156865,4.686274509803922,low
add_chord_p0,add_chord,0,4751,770026562,"72,139,147",144,1152,54,2,1,6,9,36,3,0.16666666666666666,0.6666666666666666,0.05555555555555555,11,3.074074074074074,21,0.2777777777777778,4.462962962962963,low
add_chord_p0,add_chord,0,4751,770026562,"72,139,147",145,1160,56,2,1,6,10,37,3,0.17857142857142858,0.6607142857142857,0.05357142857142857,11,3.017857142857143,18,0.39285714285714285,4.446428571428571,low
add_chord_p0,add_chord,0,4751,770026562,"72,139,147",146,1168,58,2,2,6,10,38,4,0.1724137931034483,0.6551724137931034,0.06896551724137931,12,2.896551724137931,13,0.7413793103448276,4.482758620689655,low
add_chord_p0,add_chord,0,4751,770026562,"72,139,147",147,1176,58,2,3,6,10,37,5,0.1724137931034483,0.6379310344827587,0.08620689655172414,12,2.7758620689655173,15,0.6551724137931034,4.431034482758621,low
add_chord_p0,add_chord,0,4751,770026562,"72,139,147",148,1184,59,2,3,6,10,38,5,0.1694915254237288,0.6440677966101694,0.0847457627118644,12,2.7288135593220337,16,0.6440677966101694,4.423728813559322,low
add_chord_p0,add_chord,0,4751,770026562,"72,139,147",149,1192,56,2,3,6,8,37,5,0.14285714285714285,0.6607142857142857,0.08928571428571429,12,2.875,20,0.5357142857142857,4.482142857142857,low
add_chord_p0,add_chord,0,4751,770026562,"72,139,147",150,1200,56,2,2,4,10,38,4,0.17857142857142858,0.6785714285714286,0.07142857142857142,12,2.9107142857142856,22,0.4642857142857143,4.589285714285714,low
add_chord_p0,add_chord,0,4751,770026562,"72,139,147",151,1208,55,2,1,4,9,39,3,0.16363636363636364,0.7090909090909091,0.05454545454545454,12,2.8727272727272726,24,0.21818181818181817,4.672727272727273,low
add_chord_p0,add_chord,0,4751,770026562,"72,139,147",152,1216,56,2,1,4,8,41,3,0.14285714285714285,0.7321428571428571,0.05357142857142857,11,2.9464285714285716,23,0.21428571428571427,4.696428571428571,low
add_chord_p0,add_chord,0,4751,770026562,"72,139,147",153,1224,57,2,1,5,8,41,3,0.14035087719298245,0.7192982456140351,0.05263157894736842,11,2.8771929824561404,20,0.24561403508771928,4.614035087719298,low
add_chord_p0,add_chord,0,4751,770026562,"72,139,147",154,1232,58,2,1,5,8,42,3,0.13793103448275862,0.7241379310344828,0.05172413793103448,11,2.7758620689655173,22,0.2413793103448276,4.672413793103448,low
add_chord_p0,add_chord,0,4751,770026562,"72,139,147",155,1240,58,2,2,6,7,41,4,0.1206896551724138,0.7068965517241379,0.06896551724137931,11,2.7758620689655173,20,0.27586206896551724,4.603448275862069,low
add_chord_p0,add_chord,0,4751,770026562,"72,139,147",156,1248,58,2,2,6,8,40,4,0.13793103448275862,0.6896551724137931,0.06896551724137931,11,2.793103448275862,16,0.39655172413793105,4.810344827586207,low
add_chord_p0,add_chord,0,4751,770026562,"72,139,147",157,1256,58,2,2,6,8,40,4,0.13793103448275862,0.6896551724137931,0.06896551724137931,11,2.7413793103448274,17,0.3793103448275862,4.879310344827586,low
add_chord_p0,add_chord,0,4751,770026562,"72,139,147",158,1264,62,2,2,5,9,44,4,0.14516129032258066,0.7096774193548387,0.06451612903225806,11,2.6129032258064515,19,0.4032258064516129,4.935483870967742,low
add_chord_p0,add_chord,0,4751,770026562,"72,139,147",159,1272,63,2,2,5,9,45,4,0.14285714285714285,0.7142857142857143,0.06349206349206349,11,2.619047619047619,20,0.3492063492063492,4.904761904761905,low
add_chord_p0,add_chord,0,4751,770026562,"72,139,147",160,1280,64,2,2,5,9,46,4,0.140625,0.71875,0.0625,11,2.65625,22,0.34375,4.859375,low
add_chord_p0,add_chord,0,4751,770026562,"72,139,147",161,1288,61,2,1,5,9,44,3,0.14754098360655737,0.7213114754098361,0.04918032786885246,11,2.819672131147541,20,0.3442622950819672,4.885245901639344,low
add_chord_p0,add_chord,0,4751,770026562,"72,139,147",162,1296,61,2,1,5,8,45,3,0.13114754098360656,0.7377049180327869,0.04918032786885246,11,2.80327868852459,16,0.3770491803278688,4.934426229508197,low
add_chord_p0,add_chord,0,4751,770026562,"72,139,147",163,1304,63,2,2,5,10,44,4,0.15873015873015872,0.6984126984126984,0.06349206349206349,11,2.761904761904762,15,0.42857142857142855,4.73015873015873,low
add_chord_p0,add_chord,0,4751,770026562,"72,139,147",164,1312,65,2,2,6,9,46,4,0.13846153846153847,0.7076923076923077,0.06153846153846154,11,2.6923076923076925,15,0.4153846153846154,4.630769230769231,low
add_chord_p0,add_chord,0,4751,770026562,"72,139,147",165,1320,66,2,2,6,9,47,4,0.13636363636363635,0.7121212121212122,0.06060606060606061,11,2.6363636363636362,15,0.42424242424242425,4.621212121212121,low
add_chord_p0,add_chord,0,4751,770026562,"72,139,147",166,1328,65,2,2,6,9,46,4,0.13846153846153847,0.7076923076923077,0.06153846153846154,11,2.723076923076923,17,0.4307692307692308,4.6,low
add_chord_p0,add_chord,0,4751,770026562,"72,139,147",167,1336,63,2,2,6,9,44,4,0.14285714285714285,0.6984126984126984,0.06349206349206349,11,2.6666666666666665,16,0.4603174603174603,4.365079365079365,low
add_chord_p0,add_chord,0,4751,770026562,"72,139,147",168,1344,64,2,2,6,10,44,4,0.15625,0.6875,0.0625,11,2.5625,16,0.453125,4.359375,low
add_chord_p0,add_chord,0,4751,770026562,"72,139,147",169,1352,64,2,2,5,11,44,4,0.171875,0.6875,0.0625,11,2.484375,17,0.4375,4.421875,low
add_chord_p0,add_chord,0,4751,770026562,"72,139,147",170,1360,66,2,3,5,11,45,5,0.16666666666666666,0.6818181818181818,0.07575757575757576,11,2.5303030303030303,16,0.7272727272727273,4.409090909090909,low
add_chord_p0,add_chord,0,4751,770026562,"72,139,147",171,1368,66,2,3,4,11,46,5,0.16666666666666666,0.696969696969697,0.07575757575757576,11,2.5606060606060606,17,0.6818181818181818,4.363636363636363,low
add_chord_p0,add_chord,0,4751,770026562,"72,139,147",172,1376,69,2,4,4,11,48,6,0.15942028985507245,0.6956521739130435,0.08695652173913043,11,2.4927536231884058,18,0.6811594202898551,4.405797101449275,low
add_chord_p0,add_chord,0,4751,770026562,"72,139,147",173,1384,67,2,3,5,11,46,5,0.16417910447761194,0.6865671641791045,0.07462686567164178,11,2.537313432835821,19,0.6567164179104478,4.447761194029851,low
add_chord_p0,add_chord,0,4751,770026562,"72,139,147",174,1392,68,2,2,6,13,45,4,0.19117647058823528,0.6617647058823529,0.058823529411764705,11,2.661764705882353,20,0.4411764705882353,4.397058823529412,low
add_chord_p0,add_chord,0,4751,770026562,"72,139,147",175,1400,69,2,2,6,13,46,4,0.18840579710144928,0.6666666666666666,0.057971014492753624,11,2.579710144927536,21,0.42028985507246375,4.391304347826087,low
add_chord_p0,add_chord,0,4751,770026562,"72,139,147",176,1408,68,2,2,6,13,45,4,0.19117647058823528,0.6617647058823529,0.058823529411764705,11,2.6323529411764706,18,0.4411764705882353,4.294117647058823,low
add_chord_p0,add_chord,0,4751,770026562,"72,139,147",177,1416,69,2,2,6,13,46,4,0.18840579710144928,0.6666666666666666,0.057971014492753624,11,2.550724637681159,18,0.42028985507246375,4.2898550724637685,low
add_chord_p0,add_chord,0,4751,770026562,"72,139,147",178,1424,74,2,3,5,14,50,5,0.1891891891891892,0.6756756756756757,0.06756756756756757,11,2.324324324324324,19,0.4594594594594595,4.243243243243243,low
add_chord_p0,add_chord,0,4751,770026562,"72,139,147",179,1432,74,2,3,6,14,49,5,0.1891891891891892,0.6621621621621622,0.06756756756756757,11,2.2567567567567566,17,0.4594594594594595,4.175675675675675,low
add_chord_p0,add_chord,0,4751,770026562,"72,139,147",180,1440,74,2,6,5,14,47,8,0.1891891891891892,0.6351351351351351,0.10810810810810811,11,2.135135135135135,14,0.7567567567567568,4.04054054054054,low
add_chord_p0,add_chord,0,4751,770026562,"72,139,147",181,1448,72,2,5,5,12,48,7,0.16666666666666666,0.6666666666666666,0.09722222222222222,11,2.2916666666666665,15,0.7361111111111112,4.097222222222222,low
add_chord_p0,add_chord,0,4751,770026562,"72,139,147",182,1456,73,2,5,5,12,49,7,0.1643835616438356,0.6712328767123288,0.0958904109589041,11,2.287671232876712,14,0.7397260273972602,4.082191780821918,low
add_chord_p0,add_chord,0,4751,770026562,"72,139,147",183,1464,72,2,5,5,12,48,7,0.16666666666666666,0.6666666666666666,0.09722222222222222,11,2.4166666666666665,17,0.6805555555555556,4.152777777777778,low
add_chord_p0,add_chord,0,4751,770026562,"72,139,147",184,1472,75,2,5,5,12,51,7,0.16,0.68,0.09333333333333334,11,2.3466666666666667,16,0.6666666666666666,4.2,low
add_chord_p0,add_chord,0,4751,770026562,"72,139,147",185,1480,77,2,6,5,13,51,8,0.16883116883116883,0.6623376623376623,0.1038961038961039,11,2.207792207792208,16,0.6753246753246753,4.12987012987013,low
add_chord_p0,add_chord,0,4751,770026562,"72,139,147",186,1488,79,2,6,5,13,53,8,0.16455696202531644,0.6708860759493671,0.10126582278481013,11,2.2151898734177213,15,0.6835443037974683,4.291139240506329,low
add_chord_p0,add_chord,0,4751,770026562,"72,139,147",187,1496,79,2,6,5,12,54,8,0.1518987341772152,0.6835443037974683,0.10126582278481013,11,2.1645569620253164,12,0.7468354430379747,4.30379746835443,low
add_chord_p0,add_chord,0,4751,770026562,"72,139,147",188,1504,81,2,5,6,12,56,7,0.14814814814814814,0.691358024691358,0.08641975308641975,11,2.0987654320987654,10,0.7901234567901234,4.296296296296297,low
add_chord_p0,add_chord,0,4751,770026562,"72,139,147",189,1512,83,2,5,6,12,58,7,0.14457831325301204,0.6987951807228916,0.08433734939759036,11,1.963855421686747,11,0.7831325301204819,4.301204819277109,low
add_chord_p0,add_chord,0,4751,770026562,"72,139,147",190,1520,84,2,4,6,11,61,6,0.13095238095238096,0.7261904761904762,0.07142857142857142,11,2.0833333333333335,15,0.7261904761904762,4.440476190476191,low
add_chord_p0,add_chord,0,4751,770026562,"72,139,147",191,1528,87,2,5,7,11,62,7,0.12643678160919541,0.7126436781609196,0.08045977011494253,11,2.1264367816091956,15,0.7241379310344828,4.402298850574713,low
add_chord_p0,add_chord,0,4751,770026562,"72,139,147",192,1536,83,2,3,7,12,59,5,0.14457831325301204,0.7108433734939759,0.060240963855421686,11,2.253012048192771,16,0.7710843373493976,4.313253012048193,low
add_chord_p0,add_chord,0,4751,770026562,"72,139,147",193,1544,79,2,3,7,12,55,5,0.1518987341772152,0.6962025316455697,0.06329113924050633,11,2.367088607594937,17,0.7468354430379747,4.329113924050633,low
add_chord_p0,add_chord,0,4751,770026562,"72,139,147",194,1552,78,2,3,6,12,55,5,0.15384615384615385,0.7051282051282052,0.0641025641025641,11,2.423076923076923,20,0.6666666666666666,4.5256410256410255,low
add_chord_p0,add_chord,0,4751,770026562,"72,139,147",195,1560,80,2,3,6,12,57,5,0.15,0.7125,0.0625,11,2.4625,21,0.65,4.7,low
add_chord_p0,add_chord,0,4751,770026562,"72,139,147",196,1568,83,2,3,6,13,59,5,0.1566265060240964,0.7108433734939759,0.060240963855421686,11,2.3734939759036147,19,0.6506024096385542,4.674698795180723,low
add_chord_p0,add_chord,0,4751,770026562,"72,139,147",197,1576,84,2,2,5,13,62,4,0.15476190476190477,0.7380952380952381,0.047619047619047616,11,2.4285714285714284,21,0.6309523809523809,4.726190476190476,low
add_chord_p0,add_chord,0,4751,770026562,"72,139,147",198,1584,84,2,2,5,13,62,4,0.15476190476190477,0.7380952380952381,0.047619047619047616,11,2.4642857142857144,24,0.6309523809523809,4.738095238095238,low
add_chord_p0,add_chord,0,4751,770026562,"72,139,147",199,1592,83,2,2,7,11,61,4,0.13253012048192772,0.7349397590361446,0.04819277108433735,10,2.4096385542168677,15,0.7831325301204819,4.542168674698795,low
add_chord_p0,add_chord,0,4751,770026562,"72,139,147",200,1600,87,2,2,7,10,66,4,0.11494252873563218,0.7586206896551724,0.04597701149425287,10,2.310344827586207,18,0.7701149425287356,4.551724137931035,low
add_chord_p0,add_chord,0,4751,770026562,"72,139,147",201,1608,83,2,2,6,10,63,4,0.12048192771084337,0.7590361445783133,0.04819277108433735,10,2.3855421686746987,20,0.7349397590361446,4.530120481927711,low
add_chord_p0,add_chord,0,4751,770026562,"72,139,147",202,1616,82,2,1,6,10,63,3,0.12195121951219512,0.7682926829268293,0.036585365853658534,10,2.4634146341463414,21,0.4878048780487805,4.585365853658536,low
add_chord_p0,add_chord,0,4751,770026562,"72,139,147",203,1624,84,2,1,6,10,65,3,0.11904761904761904,0.7738095238095238,0.03571428571428571,10,2.3095238095238093,21,0.4880952380952381,4.619047619047619,low
add_chord_p0,add_chord,0,4751,770026562,"72,139,147",204,1632,83,2,3,6,11,61,5,0.13253012048192772,0.7349397590361446,0.060240963855421686,10,2.1325301204819276,17,0.7831325301204819,4.674698795180723,low
add_chord_p0,add_chord,0,4751,770026562,"72,139,147",205,1640,83,2,3,7,10,61,5,0.12048192771084337,0.7349397590361446,0.060240963855421686,10,2.1927710843373496,16,0.7951807228915663,4.662650602409639,low
add_chord_p0,add_chord,0,4751,770026562,"72,139,147",206,1648,85,2,3,7,11,62,5,0.12941176470588237,0.7294117647058823,0.058823529411764705,11,2.1176470588235294,16,0.8,4.529411764705882,low
add_chord_p0,add_chord,0,4751,770026562,"72,139,147",207,1656,85,2,3,7,12,61,5,0.1411764705882353,0.7176470588235294,0.058823529411764705,11,2.0941176470588236,16,0.8,4.4941176470588236,low
add_chord_p0,add_chord,0,4751,770026562,"72,139,147",208,1664,85,2,3,7,12,61,5,0.1411764705882353,0.7176470588235294,0.058823529411764705,11,2.164705882352941,17,0.788235294117647,4.4941176470588236,low
add_chord_p0,add_chord,0,4751,770026562,"72,139,147",209,1672,86,2,3,7,12,62,5,0.13953488372093023,0.7209302325581395,0.05813953488372093,11,2.13953488372093,17,0.7906976744186046,4.5,low
add_chord_p0,add_chord,0,4751,770026562,"72,139,147",210,1680,86,2,2,7,12,63,4,0.13953488372093023,0.7325581395348837,0.046511627906976744,11,2.2209302325581395,20,0.4883720930232558,4.5,low
add_chord_p0,add_chord,0,4751,770026562,"72,139,147",211,1688,86,2,2,7,12,63,4,0.13953488372093023,0.7325581395348837,0.046511627906976744,11,2.2209302325581395,20,0.4883720930232558,4.5,low
add_chord_p0,add_chord,0,4751,770026562,"72,139,147",212,1696,89,3,2,7,12,65,5,0.1348314606741573,0.7303370786516854,0.056179775280898875,11,2.202247191011236,19,0.5168539325842697,4.48314606741573,low
add_chord_p0,add_chord,0,4751,770026562,"72,139,147",213,1704,89,3,2,7,12,65,5,0.1348314606741573,0.7303370786516854,0.056179775280898875,11,2.191011235955056,16,0.5280898876404494,4.46067415730337,low
add_chord_p0,add_chord,0,4751,770026562,"72,139,147",214,1712,90,3,2,7,13,65,5,0.14444444444444443,0.7222222222222222,0.05555555555555555,11,2.1444444444444444,16,0.5222222222222223,4.411111111111111,low
add_chord_p0,add_chord,0,4751,770026562,"72,139,147",215,1720,90,3,2,7,13,65,5,0.14444444444444443,0.7222222222222222,0.05555555555555555,11,2.1222222222222222,15,0.5666666666666667,4.4222222222222225,low
add_chord_p0,add_chord,0,4751,770026562,"72,139,147",216,1728,91,3,2,8,14,64,5,0.15384615384615385,0.7032967032967034,0.054945054945054944,11,2.120879120879121,14,0.5934065934065934,4.395604395604396,low
add_chord_p0,add_chord,0,4751,770026562,"72,139,147",217,1736,90,3,2,7,14,64,5,0.15555555555555556,0.7111111111111111,0.05555555555555555,11,2.088888888888889,15,0.5777777777777777,4.3,low
add_chord_p0,add_chord,0,4751,770026562,"72,139,147",218,1744,91,3,3,7,14,64,6,0.15384615384615385,0.7032967032967034,0.06593406593406594,11,2.076923076923077,16,0.5714285714285714,4.274725274725275,low
add_chord_p0,add_chord,0,4751,770026562,"72,139,147",219,1752,93,3,4,7,13,66,7,0.13978494623655913,0.7096774193548387,0.07526881720430108,11,2.0,15,0.8279569892473119,4.279569892473118,low
add_chord_p0,add_chord,0,4751,770026562,"72,139,147",220,1760,90,3,4,7,13,63,7,0.14444444444444443,0.7,0.07777777777777778,11,2.1444444444444444,14,0.8222222222222222,4.2555555555555555,low
add_chord_p0,add_chord,0,4751,770026562,"72,139,147",221,1768,92,3,4,7,13,65,7,0.14130434782608695,0.7065217391304348,0.07608695652173914,11,2.130434782608696,13,0.8260869565217391,4.336956521739131,low
add_chord_p0,add_chord,0,4751,770026562,"72,139,147",222,1776,89,3,3,6,13,64,6,0.14606741573033707,0.7191011235955056,0.06741573033707865,11,2.258426966292135,16,0.7303370786516854,4.52808988764045,low
add_chord_p0,add_chord,0,4751,770026562,"72,139,147",223,1784,93,3,3,6,14,67,6,0.15053763440860216,0.7204301075268817,0.06451612903225806,11,2.21505376344086,16,0.7311827956989247,4.580645161290323,low
add_chord_p0,add_chord,0,4751,770026562,"72,139,147",224,1792,95,3,3,6,14,69,6,0.14736842105263157,0.7263157894736842,0.06315789473684211,11,2.094736842105263,18,0.7157894736842105,4.621052631578947,low
add_chord_p0,add_chord,0,4751,770026562,"72,139,147",225,1800,94,3,3,6,14,68,6,0.14893617021276595,0.723404255319149,0.06382978723404255,11,2.148936170212766,20,0.7127659574468085,4.74468085106383,low
add_chord_p0,add_chord,0,4751,770026562,"72,139,147",226,1808,94,3,4,6,14,67,7,0.14893617021276595,0.7127659574468085,0.07446808510638298,11,2.1595744680851063,21,0.7127659574468085,4.712765957446808,low
add_chord_p0,add_chord,0,4751,770026562,"72,139,147",227,1816,92,3,4,6,13,66,7,0.14130434782608695,0.717391304347826,0.07608695652173914,11,2.1956521739130435,21,0.6956521739130435,4.586956521739131,low
add_chord_p0,add_chord,0,4751,770026562,"72,139,147",228,1824,93,3,4,6,13,67,7,0.13978494623655913,0.7204301075268817,0.07526881720430108,11,2.182795698924731,20,0.7096774193548387,4.602150537634409,low
add_chord_p0,add_chord,0,4751,770026562,"72,139,147",229,1832,96,3,4,6,13,70,7,0.13541666666666666,0.7291666666666666,0.07291666666666667,11,2.125,19,0.7083333333333334,4.635416666666667,low
add_chord_p0,add_chord,0,4751,770026562,"72,139,147",230,1840,98,3,4,7,13,71,7,0.1326530612244898,0.7244897959183674,0.07142857142857142,11,2.0306122448979593,16,0.8061224489795918,4.6020408163265305,low
add_chord_p0,add_chord,0,4751,770026562,"72,139,147",231,1848,98,3,3,7,13,72,6,0.1326530612244898,0.7346938775510204,0.061224489795918366,11,2.0408163265306123,16,0.8163265306122449,4.63265306122449,low
add_chord_p0,add_chord,0,4751,770026562,"72,139,147",232,1856,98,3,3,7,13,72,6,0.1326530612244898,0.7346938775510204,0.061224489795918366,11,2.0510204081632653,19,0.7755102040816326,4.663265306122449,low
add_chord_p0,add_chord,0,4751,770026562,"72,139,147",233,1864,96,3,3,7,13,70,6,0.13541666666666666,0.7291666666666666,0.0625,11,2.1145833333333335,19,0.7708333333333334,4.625,low
add_chord_p0,add_chord,0,4751,770026562,"72,139,147",234,1872,99,3,3,8,12,73,6,0.12121212121212122,0.7373737373737373,0.06060606060606061,11,2.080808080808081,16,0.7777777777777778,4.757575757575758,low
add_chord_p0,add_chord,0,4751,770026562,"72,139,147",235,1880,101,3,3,8,12,75,6,0.1188118811881188,0.7425742574257426,0.0594059405940594,11,2.0693069306930694,16,0.7920792079207921,4.742574257425742,low
add_chord_p0,add_chord,0,4751,770026562,"72,139,147",236,1888,99,3,3,8,13,72,6,0.13131313131313133,0.7272727272727273,0.06060606060606061,11,2.0505050505050506,14,0.8282828282828283,4.717171717171717,low
add_chord_p0,add_chord,0,4751,770026562,"72,139,147",237,1896,98,3,3,7,14,71,6,0.14285714285714285,0.7244897959183674,0.061224489795918366,11,2.0,16,0.8061224489795918,4.73469387755102,low
add_chord_p0,add_chord,0,4751,770026562,"72,139,147",238,1904,101,2,3,7,16,73,5,0.15841584158415842,0.7227722772277227,0.04950495049504951,11,1.9405940594059405,17,0.7920792079207921,4.7227722772277225,low
add_chord_p0,add_chord,0,4751,770026562,"72,139,147",239,1912,103,2,3,7,16,75,5,0.1553398058252427,0.7281553398058253,0.04854368932038835,11,1.941747572815534,18,0.7864077669902912,4.689320388349515,low
add_chord_p0,add_chord,0,4751,770026562,"72,139,147",240,1920,104,2,3,7,16,76,5,0.15384615384615385,0.7307692307692307,0.04807692307692308,11,1.9134615384615385,18,0.7884615384615384,4.711538461538462,low
add_chord_p0,add_chord,0,4751,770026562,"72,139,147",241,1928,102,2,3,7,16,74,5,0.1568627450980392,0.7254901960784313,0.049019607843137254,11,1.9705882352941178,18,0.7843137254901961,4.705882352941177,low
add_chord_p0,add_chord,0,4751,770026562,"72,139,147",242,1936,104,2,3,7,16,76,5,0.15384615384615385,0.7307692307692307,0.04807692307692308,14,1.9326923076923077,19,0.7692307692307693,4.923076923076923,low
add_chord_p0,add_chord,0,4751,770026562,"72,139,147",243,1944,106,2,3,6,18,77,5,0.16981132075471697,0.7264150943396226,0.04716981132075472,14,1.9150943396226414,21,0.7547169811320755,4.89622641509434,low
add_chord_p0,add_chord,0,4751,770026562,"72,139,147",244,1952,106,2,3,6,19,76,5,0.1792452830188679,0.7169811320754716,0.04716981132075472,14,1.9622641509433962,22,0.7452830188679245,4.820754716981132,low
add_chord_p0,add_chord,0,4751,770026562,"72,139,147",245,1960,106,2,3,6,19,76,5,0.1792452830188679,0.7169811320754716,0.04716981132075472,14,1.9622641509433962,22,0.7452830188679245,4.820754716981132,low
add_chord_p0,add_chord,0,4751,770026562,"72,139,147",246,1968,109,2,3,6,19,79,5,0.1743119266055046,0.7247706422018348,0.045871559633027525,14,1.9357798165137614,22,0.7339449541284404,4.990825688073395,low
add_chord_p0,add_chord,0,4751,770026562,"72,139,147",247,1976,105,2,2,6,17,78,4,0.1619047619047619,0.7428571428571429,0.0380952380952381,14,1.9904761904761905,22,0.7238095238095238,5.085714285714285,mid
add_chord_p0,add_chord,0,4751,770026562,"72,139,147",248,1984,104,2,2,6,18,76,4,0.17307692307692307,0.7307692307692307,0.038461538461538464,11,2.048076923076923,22,0.7307692307692307,4.971153846153846,low
add_chord_p0,add_chord,0,4751,770026562,"72,139,147",249,1992,105,2,2,6,17,78,4,0.1619047619047619,0.7428571428571429,0.0380952380952381,11,2.038095238095238,22,0.7238095238095238,4.961904761904762,low
add_chord_p0,add_chord,0,4751,770026562,"72,139,147",250,2000,112,2,2,6,18,84,4,0.16071428571428573,0.75,0.03571428571428571,12,1.9642857142857142,23,0.7232142857142857,5.053571428571429,mid
add_chord_p0,add_chord,0,4751,770026562,"72,139,147",251,2008,114,2,2,6,18,86,4,0.15789473684210525,0.7543859649122807,0.03508771929824561,12,1.9824561403508771,25,0.7017543859649122,5.0701754385964914,mid
add_chord_p0,add_chord,0,4751,770026562,"72,139,147",252,2016,114,2,2,6,17,87,4,0.14912280701754385,0.7631578947368421,0.03508771929824561,13,1.9298245614035088,26,0.7017543859649122,5.105263157894737,mid
add_chord_p0,add_chord,0,4751,770026562,"72,139,147",253,2024,113,2,2,6,17,86,4,0.1504424778761062,0.7610619469026548,0.035398230088495575,13,1.9734513274336283,26,0.6991150442477876,5.115044247787611,mid
add_chord_p0,add_chord,0,4751,770026562,"72,139,147",254,2032,115,3,2,6,18,86,5,0.1565217391304348,0.7478260869565218,0.043478260869565216,13,1.9391304347826086,27,0.7217391304347827,5.104347826086957,mid
add_chord_p0,add_chord,0,4751,770026562,"72,139,147",255,2040,113,3,2,6,17,85,5,0.1504424778761062,0.7522123893805309,0.04424778761061947,13,1.991150442477876,28,0.7079646017699115,5.106194690265487,mid
add_chord_p0,add_chord,0,4751,770026562,"72,139,147",256,2048,113,3,3,6,17,84,6,0.1504424778761062,0.7433628318584071,0.05309734513274336,13,2.0353982300884956,29,0.6991150442477876,5.070796460176991,mid
add_chord_p0,add_chord,0,4751,770026562,"72,139,147",257,2056,111,3,3,6,17,82,6,0.15315315315315314,0.7387387387387387,0.05405405405405406,13,2.054054054054054,33,0.6756756756756757,5.117117117117117,mid
add_chord_p0,add_chord,0,4751,770026562,"72,139,147",258,2064,110,3,3,7,15,82,6,0.13636363636363635,0.7454545454545455,0.05454545454545454,13,2.172727272727273,31,0.6909090909090909,5.118181818181818,mid
add_chord_p0,add_chord,0,4751,770026562,"72,139,147",259,2072,108,3,3,7,15,80,6,0.1388888888888889,0.7407407407407407,0.05555555555555555,13,2.2222222222222223,31,0.6944444444444444,5.111111111111111,mid
add_chord_p0,add_chord,0,4751,770026562,"72,139,147",260,2080,109,3,3,7,15,81,6,0.13761467889908258,0.7431192660550459,0.05504587155963303,13,2.18348623853211,31,0.6972477064220184,5.128440366972477,mid
add_chord_p0,add_chord,0,4751,770026562,"72,139,147",261,2088,108,3,3,7,14,81,6,0.12962962962962962,0.75,0.05555555555555555,13,2.2777777777777777,30,0.6851851851851852,5.138888888888889,mid
add_chord_p0,add_chord,0,4751,770026562,"72,139,147",262,2096,105,3,3,7,14,78,6,0.13333333333333333,0.7428571428571429,0.05714285714285714,13,2.3523809523809525,30,0.6761904761904762,5.161904761904762,mid
add_chord_p0,add_chord,0,4751,770026562,"72,139,147",263,2104,103,3,2,7,14,77,5,0.13592233009708737,0.7475728155339806,0.04854368932038835,13,2.4466019417475726,32,0.4077669902912621,5.097087378640777,mid
add_chord_p0,add_chord,0,4751,770026562,"72,139,147",264,2112,105,3,2,8,15,77,5,0.14285714285714285,0.7333333333333333,0.047619047619047616,13,2.3333333333333335,29,0.44761904761904764,5.057142857142857,mid
add_chord_p0,add_chord,0,4751,770026562,"72,139,147",265,2120,109,3,2,8,16,80,5,0.14678899082568808,0.7339449541284404,0.045871559633027525,13,2.238532110091743,30,0.44036697247706424,5.137614678899083,mid
add_chord_p0,add_chord,0,4751,770026562,"72,139,147",266,2128,109,3,2,7,16,81,5,0.14678899082568808,0.7431192660550459,0.045871559633027525,13,2.293577981651376,32,0.43119266055045874,5.146788990825688,mid
add_chord_p0,add_chord,0,4751,770026562,"72,139,147",267,2136,114,3,1,9,18,83,4,0.15789473684210525,0.7280701754385965,0.03508771929824561,13,2.192982456140351,30,0.4298245614035088,5.06140350877193,mid
add_chord_p0,add_chord,0,4751,770026562,"72,139,147",268,2144,116,3,1,8,18,86,4,0.15517241379310345,0.7413793103448276,0.034482758620689655,13,2.2413793103448274,35,0.4051724137931034,5.094827586206897,mid
add_chord_p0,add_chord,0,4751,770026562,"72,139,147",269,2152,120,3,1,9,17,90,4,0.14166666666666666,0.75,0.03333333333333333,14,2.1166666666666667,31,0.44166666666666665,5.166666666666667,mid
add_chord_p0,add_chord,0,4751,770026562,"72,139,147",270,2160,119,3,1,9,17,89,4,0.14285714285714285,0.7478991596638656,0.03361344537815126,14,2.1596638655462184,30,0.4369747899159664,5.19327731092437,mid
add_chord_p0,add_chord,0,4751,770026562,"72,139,147",271,2168,118,3,1,9,16,89,4,0.13559322033898305,0.7542372881355932,0.03389830508474576,14,2.2033898305084745,32,0.4322033898305085,5.237288135593221,mid
add_chord_p0,add_chord,0,4751,770026562,"72,139,147",272,2176,118,3,1,10,15,89,4,0.1271186440677966,0.7542372881355932,0.03389830508474576,14,2.169491525423729,29,0.4576271186440678,5.237288135593221,mid
add_chord_p0,add_chord,0,4751,770026562,"72,139,147",273,2184,111,3,1,10,15,82,4,0.13513513513513514,0.7387387387387387,0.036036036036036036,14,2.2072072072072073,27,0.4774774774774775,5.045045045045045,mid
add_chord_p0,add_chord,0,4751,770026562,"72,139,147",274,2192,112,3,2,9,15,83,5,0.13392857142857142,0.7410714285714286,0.044642857142857144,14,2.2232142857142856,27,0.6785714285714286,5.035714285714286,mid
add_chord_p0,add_chord,0,4751,770026562,"72,139,147",275,2200,115,3,2,9,16,85,5,0.1391304347826087,0.7391304347826086,0.043478260869565216,14,2.0956521739130434,26,0.7043478260869566,5.026086956521739,mid
add_chord_p0,add_chord,0,4751,770026562,"72,139,147",276,2208,115,3,2,9,16,85,5,0.1391304347826087,0.7391304347826086,0.043478260869565216,14,2.1478260869565218,27,0.6869565217391305,5.060869565217391,mid
add_chord_p0,add_chord,0,4751,770026562,"72,139,147",277,2216,116,3,2,8,17,86,5,0.14655172413793102,0.7413793103448276,0.04310344827586207,14,2.1379310344827585,29,0.6724137931034483,5.060344827586207,mid
add_chord_p0,add_chord,0,4751,770026562,"72,139,147",278,2224,115,3,2,7,18,85,5,0.1565217391304348,0.7391304347826086,0.043478260869565216,14,2.0782608695652174,36,0.6608695652173913,4.939130434782609,low
add_chord_p0,add_chord,0,4751,770026562,"72,139,147",279,2232,116,3,2,7,19,85,5,0.16379310344827586,0.7327586206896551,0.04310344827586207,14,2.0689655172413794,36,0.6637931034482759,4.913793103448276,low
add_chord_p0,add_chord,0,4751,770026562,"72,139,147",280,2240,122,3,2,7,20,90,5,0.16393442622950818,0.7377049180327869,0.040983606557377046,14,1.9262295081967213,35,0.6721311475409836,5.0,mid
add_chord_p0,add_chord,0,4751,770026562,"72,139,147",281,2248,122,3,2,7,18,92,5,0.14754098360655737,0.7540983606557377,0.040983606557377046,14,1.9426229508196722,36,0.6639344262295082,4.975409836065574,low
add_chord_p0,add_chord,0,4751,770026562,"72,139,147",282,2256,121,3,2,7,19,90,5,0.15702479338842976,0.743801652892562,0.04132231404958678,14,2.0330578512396693,39,0.6363636363636364,4.966942148760331,low
add_chord_p0,add_chord,0,4751,770026562,"72,139,147",283,2264,119,3,2,7,19,88,5,0.15966386554621848,0.7394957983193278,0.04201680672268908,14,2.0840336134453783,38,0.6470588235294118,4.991596638655462,low
add_chord_p0,add_chord,0,4751,770026562,"72,139,147",284,2272,123,3,2,7,20,91,5,0.16260162601626016,0.7398373983739838,0.04065040650406504,14,1.967479674796748,38,0.6504065040650406,4.967479674796748,low
add_chord_p0,add_chord,0,4751,770026562,"72,139,147",285,2280,124,3,2,7,21,91,5,0.1693548387096774,0.7338709677419355,0.04032258064516129,14,1.9274193548387097,39,0.6370967741935484,5.0,mid
add_chord_p0,add_chord,0,4751,770026562,"72,139,147",286,2288,125,3,3,8,22,89,6,0.176,0.712,0.048,14,1.912,36,0.664,4.856,low
add_chord_p0,add_chord,0,4751,770026562,"72,139,147",287,2296,127,3,3,8,23,90,6,0.18110236220472442,0.7086614173228346,0.047244094488188976,14,1.7874015748031495,36,0.6614173228346457,4.834645669291339,low
add_chord_p0,add_chord,0,4751,770026562,"72,139,147",288,2304,127,3,3,8,23,90,6,0.18110236220472442,0.7086614173228346,0.047244094488188976,14,1.7874015748031495,34,0.6771653543307087,4.771653543307087,low
add_chord_p0,add_chord,0,4751,770026562,"72,139,147",289,2312,126,3,3,8,24,88,6,0.19047619047619047,0.6984126984126984,0.047619047619047616,13,1.8253968253968254,35,0.6666666666666666,4.777777777777778,low
add_chord_p0,add_chord,0,4751,770026562,"72,139,147",290,2320,127,3,3,8,24,89,6,0.1889763779527559,0.7007874015748031,0.047244094488188976,13,1.7874015748031495,36,0.6535433070866141,4.7952755905511815,low
add_chord_p0,add_chord,0,4751,770026562,"72,139,147",291,2328,128,3,4,9,22,90,7,0.171875,0.703125,0.0546875,13,1.8359375,35,0.671875,4.71875,low
add_chord_p0,add_chord,0,4751,770026562,"72,139,147",292,2336,127,3,4,9,21,90,7,0.16535433070866143,0.7086614173228346,0.05511811023622047,13,1.858267716535433,36,0.6614173228346457,4.732283464566929,low
add_chord_p0,add_chord,0,4751,770026562,"72,139,147",293,2344,129,3,4,9,21,92,7,0.16279069767441862,0.7131782945736435,0.05426356589147287,13,1.806201550387597,35,0.6666666666666666,4.767441860465116,low
add_chord_p0,add_chord,0,4751,770026562,"72,139,147",294,2352,131,3,4,9,22,93,7,0.16793893129770993,0.7099236641221374,0.05343511450381679,13,1.748091603053435,31,0.7022900763358778,4.740458015267175,low
add_chord_p0,add_chord,0,4751,770026562,"72,139,147",295,2360,130,3,4,9,21,93,7,0.16153846153846155,0.7153846153846154,0.05384615384615385,13,1.7692307692307692,30,0.7,4.8,low
add_chord_p0,add_chord,0,4751,770026562,"72,139,147",296,2368,131,3,4,10,20,94,7,0.15267175572519084,0.7175572519083969,0.05343511450381679,13,1.8091603053435115,30,0.7022900763358778,4.778625954198473,low
add_chord_p0,add_chord,0,4751,770026562,"72,139,147",297,2376,133,3,4,10,20,96,7,0.15037593984962405,0.7218045112781954,0.05263157894736842,13,1.7894736842105263,30,0.706766917293233,4.819548872180451,low
add_chord_p0,add_chord,0,4751,770026562,"72,139,147",298,2384,137,3,4,10,20,100,7,0.145985401459854,0.7299270072992701,0.051094890510948905,13,1.781021897810219,32,0.6861313868613139,5.021897810218978,mid
add_chord_p0,add_chord,0,4751,770026562,"72,139,147",299,2392,139,3,4,10,20,102,7,0.14388489208633093,0.7338129496402878,0.050359712230215826,13,1.7338129496402879,32,0.6834532374100719,5.0359712230215825,mid
add_chord_p0,add_chord,0,4751,770026562,"72,139,147",300,2400,142,3,5,10,19,105,8,0.13380281690140844,0.7394366197183099,0.056338028169014086,13,1.6830985915492958,32,0.676056338028169,5.042253521126761,mid
add_chord_p0,add_chord,0,4751,770026562,"72,139,147",301,2408,142,3,5,10,20,104,8,0.14084507042253522,0.7323943661971831,0.056338028169014086,13,1.6830985915492958,33,0.6619718309859155,5.049295774647887,mid
add_chord_p0,add_chord,0,4751,770026562,"72,139,147",302,2416,139,2,5,10,20,102,7,0.14388489208633093,0.7338129496402878,0.050359712230215826,13,1.6978417266187051,34,0.6690647482014388,5.028776978417266,mid
add_chord_p0,add_chord,0,4751,770026562,"72,139,147",303,2424,142,2,5,10,21,104,7,0.14788732394366197,0.7323943661971831,0.04929577464788732,13,1.647887323943662,34,0.6690140845070423,5.056338028169014,mid
add_chord_p0,add_chord,0,4751,770026562,"72,139,147",304,2432,139,3,3,10,21,102,6,0.1510791366906475,0.7338129496402878,0.04316546762589928,13,1.6978417266187051,34,0.6834532374100719,4.9928057553956835,low
add_chord_p0,add_chord,0,4751,770026562,"72,139,147",305,2440,138,2,4,10,21,101,6,0.15217391304347827,0.7318840579710145,0.043478260869565216,13,1.6956521739130435,33,0.6811594202898551,5.0,mid
add_chord_p0,add_chord,0,4751,770026562,"72,139,147",306,2448,139,2,4,10,21,102,6,0.1510791366906475,0.7338129496402878,0.04316546762589928,13,1.7194244604316546,32,0.6762589928057554,5.0647482014388485,mid
add_chord_p0,add_chord,0,4751,770026562,"72,139,147",307,2456,139,2,4,10,22,101,6,0.15827338129496402,0.7266187050359713,0.04316546762589928,13,1.7050359712230216,31,0.6906474820143885,5.0503597122302155,mid
add_chord_p0,add_chord,0,4751,770026562,"72,139,147",308,2464,140,2,3,11,24,100,5,0.17142857142857143,0.7142857142857143,0.03571428571428571,13,1.7214285714285715,33,0.6714285714285714,5.007142857142857,mid
add_chord_p0,add_chord,0,4751,770026562,"72,139,147",309,2472,138,2,2,11,21,102,4,0.15217391304347827,0.7391304347826086,0.028985507246376812,13,1.8043478260869565,33,0.6521739130434783,5.065217391304348,mid
add_chord_p0,add_chord,0,4751,770026562,"72,139,147",310,2480,139,2,4,10,20,103,6,0.14388489208633093,0.7410071942446043,0.04316546762589928,13,1.8273381294964028,29,0.6834532374100719,5.079136690647482,mid
add_chord_p0,add_chord,0,4751,770026562,"72,139,147",311,2488,144,2,5,10,20,107,7,0.1388888888888889,0.7430555555555556,0.04861111111111111,13,1.7152777777777777,29,0.6875,5.027777777777778,mid
add_chord_p0,add_chord,0,4751,770026562,"72,139,147",312,2496,143,2,5,10,19,107,7,0.13286713286713286,0.7482517482517482,0.04895104895104895,13,1.7692307692307692,31,0.6713286713286714,5.104895104895105,mid
add_chord_p0,add_chord,0,4751,770026562,"72,139,147",313,2504,143,2,6,10,17,108,8,0.11888111888111888,0.7552447552447552,0.055944055944055944,13,1.7552447552447552,34,0.6783216783216783,5.118881118881119,mid
add_chord_p0,add_chord,0,4751,770026562,"72,139,147",314,2512,141,2,5,10,17,107,7,0.12056737588652482,0.7588652482269503,0.04964539007092199,13,1.7943262411347518,33,0.6808510638297872,5.141843971631205,mid
add_chord_p0,add_chord,0,4751,770026562,"72,139,147",315,2520,142,2,5,10,16,109,7,0.11267605633802817,0.7676056338028169,0.04929577464788732,12,1.7535211267605635,33,0.676056338028169,5.140845070422535,mid
add_chord_p0,add_chord,0,4751,770026562,"72,139,147",316,2528,143,2,5,11,16,109,7,0.11188811188811189,0.7622377622377622,0.04895104895104895,13,1.7762237762237763,34,0.6713286713286714,5.118881118881119,mid
add_chord_p0,add_chord,0,4751,770026562,"72,139,147",317,2536,144,2,5,11,17,109,7,0.11805555555555555,0.7569444444444444,0.04861111111111111,12,1.75,29,0.6736111111111112,5.104166666666667,mid
add_chord_p0,add_chord,0,4751,770026562,"72,139,147",318,2544,144,2,5,11,17,109,7,0.11805555555555555,0.7569444444444444,0.04861111111111111,12,1.7708333333333333,29,0.6875,5.0625,mid
add_chord_p0,add_chord,0,4751,770026562,"72,139,147",319,2552,145,2,4,11,18,110,6,0.12413793103448276,0.7586206896551724,0.041379310344827586,12,1.7793103448275862,31,0.6758620689655173,5.089655172413793,mid
add_chord_p0,add_chord,0,4751,770026562,"72,139,147",320,2560,146,2,5,10,19,110,7,0.13013698630136986,0.7534246575342466,0.04794520547945205,12,1.7123287671232876,26,0.7123287671232876,5.034246575342466,mid
add_chord_p0,add_chord,0,4801,770026612,"72,139,147",0,0,2,2,0,0,0,0,2,0.0,0.0,1.0,0,5.0,2,0.5,0.0,low
add_chord_p0,add_chord,0,4801,770026612,"72,139,147",1,8,2,2,0,0,0,0,2,0.0,0.0,1.0,0,5.0,2,0.5,0.0,low
add_chord_p0,add_chord,0,4801,770026612,"72,139,147",2,16,2,2,0,0,0,0,2,0.0,0.0,1.0,0,5.0,2,0.5,0.0,low
add_chord_p0,add_chord,0,4801,770026612,"72,139,147",3,24,3,2,1,0,0,0,3,0.0,0.0,1.0,1,3.3333333333333335,2,0.6666666666666666,0.3333333333333333,low
add_chord_p0,add_chord,0,4801,770026612,"72,139,147",4,32,3,2,1,0,0,0,3,0.0,0.0,1.0,1,3.3333333333333335,2,0.6666666666666666,0.3333333333333333,low
add_chord_p0,add_chord,0,4801,770026612,"72,139,147",5,40,3,2,1,0,0,0,3,0.0,0.0,1.0,1,3.3333333333333335,2,0.6666666666666666,0.3333333333333333,low
add_chord_p0,add_chord,0,4801,770026612,"72,139,147",6,48,3,3,0,0,0,0,3,0.0,0.0,1.0,0,2.6666666666666665,1,1.0,0.0,low
add_chord_p0,add_chord,0,4801,770026612,"72,139,147",7,56,3,2,1,0,0,0,3,0.0,0.0,1.0,1,3.0,2,0.6666666666666666,0.3333333333333333,low
add_chord_p0,add_chord,0,4801,770026612,"72,139,147",8,64,3,2,1,0,0,0,3,0.0,0.0,1.0,1,3.0,2,0.6666666666666666,0.3333333333333333,low
add_chord_p0,add_chord,0,4801,770026612,"72,139,147",9,72,3,2,1,0,0,0,3,0.0,0.0,1.0,1,3.0,2,0.6666666666666666,0.3333333333333333,low
add_chord_p0,add_chord,0,4801,770026612,"72,139,147",10,80,3,2,1,0,0,0,3,0.0,0.0,1.0,1,3.0,2,0.6666666666666666,0.3333333333333333,low
add_chord_p0,add_chord,0,4801,770026612,"72,139,147",11,88,3,2,1,0,0,0,3,0.0,0.0,1.0,1,3.0,2,0.6666666666666666,0.3333333333333333,low
add_chord_p0,add_chord,0,4801,770026612,"72,139,147",12,96,3,2,1,0,0,0,3,0.0,0.0,1.0,1,3.0,2,0.6666666666666666,0.3333333333333333,low
add_chord_p0,add_chord,0,4801,770026612,"72,139,147",13,104,3,2,1,0,0,0,3,0.0,0.0,1.0,1,3.0,2,0.6666666666666666,0.3333333333333333,low
add_chord_p0,add_chord,0,4801,770026612,"72,139,147",14,112,3,2,1,0,0,0,3,0.0,0.0,1.0,1,3.0,2,0.6666666666666666,0.3333333333333333,low
add_chord_p0,add_chord,0,4801,770026612,"72,139,147",15,120,4,2,2,0,0,0,4,0.0,0.0,1.0,1,2.0,2,0.5,0.5,low
add_chord_p0,add_chord,0,4801,770026612,"72,139,147",16,128,4,2,2,0,0,0,4,0.0,0.0,1.0,1,2.25,2,0.75,0.5,low
add_chord_p0,add_chord,0,4801,770026612,"72,139,147",17,136,4,2,1,1,0,0,3,0.0,0.0,0.75,2,4.0,3,0.5,0.75,low
add_chord_p0,add_chord,0,4801,770026612,"72,139,147",18,144,4,2,1,1,0,0,3,0.0,0.0,0.75,2,4.0,3,0.5,0.75,low
add_chord_p0,add_chord,0,4801,770026612,"72,139,147",19,152,4,2,1,1,0,0,3,0.0,0.0,0.75,2,4.0,3,0.5,0.75,low
add_chord_p0,add_chord,0,4801,770026612,"72,139,147",20,160,4,2,1,1,0,0,3,0.0,0.0,0.75,2,4.0,3,0.5,0.75,low
add_chord_p0,add_chord,0,4801,770026612,"72,139,147",21,168,5,2,1,2,0,0,3,0.0,0.0,0.6,2,3.4,4,0.4,1.0,low
add_chord_p0,add_chord,0,4801,770026612,"72,139,147",22,176,5,2,1,2,0,0,3,0.0,0.0,0.6,2,4.2,4,0.4,1.0,low
add_chord_p0,add_chord,0,4801,770026612,"72,139,147",23,184,5,2,2,0,1,0,4,0.2,0.0,0.8,3,2.4,3,0.4,1.0,low
add_chord_p0,add_chord,0,4801,770026612,"72,139,147",24,192,5,2,2,0,1,0,4,0.2,0.0,0.8,3,2.4,3,0.4,1.0,low
add_chord_p0,add_chord,0,4801,770026612,"72,139,147",25,200,5,2,2,0,1,0,4,0.2,0.0,0.8,3,2.4,3,0.4,1.0,low
add_chord_p0,add_chord,0,4801,770026612,"72,139,147",26,208,5,2,2,0,1,0,4,0.2,0.0,0.8,3,2.4,3,0.4,1.0,low
add_chord_p0,add_chord,0,4801,770026612,"72,139,147",27,216,5,2,2,0,1,0,4,0.2,0.0,0.8,3,2.4,3,0.4,1.0,low
add_chord_p0,add_chord,0,4801,770026612,"72,139,147",28,224,5,2,2,0,1,0,4,0.2,0.0,0.8,3,2.4,3,0.4,1.0,low
add_chord_p0,add_chord,0,4801,770026612,"72,139,147",29,232,5,2,1,1,0,1,3,0.0,0.2,0.6,4,2.4,4,0.4,1.4,low
add_chord_p0,add_chord,0,4801,770026612,"72,139,147",30,240,5,2,1,1,0,1,3,0.0,0.2,0.6,4,2.4,4,0.4,1.4,low
add_chord_p0,add_chord,0,4801,770026612,"72,139,147",31,248,7,2,3,1,0,1,5,0.0,0.14285714285714285,0.7142857142857143,4,1.5714285714285714,4,0.42857142857142855,1.2857142857142858,low
add_chord_p0,add_chord,0,4801,770026612,"72,139,147",32,256,7,2,3,1,0,1,5,0.0,0.14285714285714285,0.7142857142857143,4,1.5714285714285714,4,0.42857142857142855,1.2857142857142858,low
add_chord_p0,add_chord,0,4801,770026612,"72,139,147",33,264,7,2,3,1,0,1,5,0.0,0.14285714285714285,0.7142857142857143,4,1.5714285714285714,4,0.42857142857142855,1.2857142857142858,low
add_chord_p0,add_chord,0,4801,770026612,"72,139,147",34,272,7,2,3,1,0,1,5,0.0,0.14285714285714285,0.7142857142857143,4,1.5714285714285714,4,0.42857142857142855,1.2857142857142858,low
add_chord_p0,add_chord,0,4801,770026612,"72,139,147",35,280,6,2,2,1,0,1,4,0.0,0.16666666666666666,0.6666666666666666,4,2.0,4,0.5,1.3333333333333333,low
add_chord_p0,add_chord,0,4801,770026612,"72,139,147",36,288,6,2,2,1,0,1,4,0.0,0.16666666666666666,0.6666666666666666,4,2.0,4,0.5,1.3333333333333333,low
add_chord_p0,add_chord,0,4801,770026612,"72,139,147",37,296,8,3,3,1,0,1,6,0.0,0.125,0.75,4,1.0,2,0.875,1.125,low
add_chord_p0,add_chord,0,4801,770026612,"72,139,147",38,304,6,2,3,0,0,1,5,0.0,0.16666666666666666,0.8333333333333334,4,1.8333333333333333,3,0.5,1.1666666666666667,low
add_chord_p0,add_chord,0,4801,770026612,"72,139,147",39,312,7,2,3,0,1,1,5,0.14285714285714285,0.14285714285714285,0.7142857142857143,4,2.7142857142857144,3,0.42857142857142855,1.4285714285714286,low
add_chord_p0,add_chord,0,4801,770026612,"72,139,147",40,320,7,2,2,0,1,2,4,0.14285714285714285,0.2857142857142857,0.5714285714285714,4,2.5714285714285716,3,0.42857142857142855,2.0,low
add_chord_p0,add_chord,0,4801,770026612,"72,139,147",41,328,9,3,2,0,0,4,5,0.0,0.4444444444444444,0.5555555555555556,7,1.8888888888888888,4,0.5555555555555556,2.6666666666666665,low
add_chord_p0,add_chord,0,4801,770026612,"72,139,147",42,336,11,3,1,1,1,5,4,0.09090909090909091,0.45454545454545453,0.36363636363636365,7,2.4545454545454546,6,0.36363636363636365,3.1818181818181817,low
add_chord_p0,add_chord,0,4801,770026612,"72,139,147",43,344,9,3,2,0,1,3,5,0.1111111111111111,0.3333333333333333,0.5555555555555556,6,2.4444444444444446,4,0.5555555555555556,2.2222222222222223,low
add_chord_p0,add_chord,0,4801,770026612,"72,139,147",44,352,11,3,1,1,3,3,4,0.2727272727272727,0.2727272727272727,0.36363636363636365,7,3.1818181818181817,6,0.36363636363636365,2.5454545454545454,low
add_chord_p0,add_chord,0,4801,770026612,"72,139,147",45,360,10,3,2,1,1,3,5,0.1,0.3,0.5,7,3.0,5,0.5,2.3,low
add_chord_p0,add_chord,0,4801,770026612,"72,139,147",46,368,13,3,2,0,3,5,5,0.23076923076923078,0.38461538461538464,0.38461538461538464,7,3.3846153846153846,5,0.38461538461538464,2.6923076923076925,low
add_chord_p0,add_chord,0,4801,770026612,"72,139,147",47,376,13,3,2,0,2,6,5,0.15384615384615385,0.46153846153846156,0.38461538461538464,7,3.3846153846153846,5,0.38461538461538464,2.8461538461538463,low
add_chord_p0,add_chord,0,4801,770026612,"72,139,147",48,384,14,2,2,0,3,7,4,0.21428571428571427,0.5,0.2857142857142857,7,3.5,7,0.35714285714285715,3.142857142857143,low
add_chord_p0,add_chord,0,4801,770026612,"72,139,147",49,392,15,2,1,1,4,7,3,0.26666666666666666,0.4666666666666667,0.2,7,3.466666666666667,9,0.3333333333333333,3.2,low
add_chord_p0,add_chord,0,4801,770026612,"72,139,147",50,400,16,2,2,2,3,7,4,0.1875,0.4375,0.25,7,3.8125,8,0.3125,3.0,low
add_chord_p0,add_chord,0,4801,770026612,"72,139,147",51,408,16,2,2,2,3,7,4,0.1875,0.4375,0.25,7,3.8125,8,0.3125,3.0,low
add_chord_p0,add_chord,0,4801,770026612,"72,139,147",52,416,18,2,3,2,3,8,5,0.16666666666666666,0.4444444444444444,0.2777777777777778,7,3.7777777777777777,8,0.3333333333333333,2.888888888888889,low
add_chord_p0,add_chord,0,4801,770026612,"72,139,147",53,424,19,2,3,1,3,10,5,0.15789473684210525,0.5263157894736842,0.2631578947368421,7,3.6315789473684212,8,0.3157894736842105,3.263157894736842,low
add_chord_p0,add_chord,0,4801,770026612,"72,139,147",54,432,24,2,5,2,4,11,7,0.16666666666666666,0.4583333333333333,0.2916666666666667,7,3.125,6,0.4166666666666667,3.0833333333333335,low
add_chord_p0,add_chord,0,4801,770026612,"72,139,147",55,440,23,2,4,2,4,11,6,0.17391304347826086,0.4782608695652174,0.2608695652173913,7,3.5652173913043477,7,0.43478260869565216,3.1739130434782608,low
add_chord_p0,add_chord,0,4801,770026612,"72,139,147",56,448,20,2,3,2,3,10,5,0.15,0.5,0.25,7,4.25,9,0.4,3.2,low
add_chord_p0,add_chord,0,4801,770026612,"72,139,147",57,456,21,2,2,3,4,10,4,0.19047619047619047,0.47619047619047616,0.19047619047619047,7,4.571428571428571,10,0.3333333333333333,3.238095238095238,low
add_chord_p0,add_chord,0,4801,770026612,"72,139,147",58,464,20,2,1,4,3,10,3,0.15,0.5,0.15,7,4.75,13,0.25,3.25,low
add_chord_p0,add_chord,0,4801,770026612,"72,139,147",59,472,20,2,3,4,3,8,5,0.15,0.4,0.25,6,4.85,9,0.35,2.8,low
add_chord_p0,add_chord,0,4801,770026612,"72,139,147",60,480,25,3,3,4,4,11,6,0.16,0.44,0.24,10,4.0,7,0.48,3.36,low
add_chord_p0,add_chord,0,4801,770026612,"72,139,147",61,488,23,3,2,4,3,11,5,0.13043478260869565,0.4782608695652174,0.21739130434782608,10,4.434782608695652,9,0.391304347826087,3.5217391304347827,low
add_chord_p0,add_chord,0,4801,770026612,"72,139,147",62,496,23,3,1,3,4,12,4,0.17391304347826086,0.5217391304347826,0.17391304347826086,10,3.782608695652174,12,0.2608695652173913,3.739130434782609,low
add_chord_p0,add_chord,0,4801,770026612,"72,139,147",63,504,24,3,2,2,4,13,5,0.16666666666666666,0.5416666666666666,0.20833333333333334,10,3.7083333333333335,11,0.2916666666666667,3.7083333333333335,low
add_chord_p0,add_chord,0,4801,770026612,"72,139,147",64,512,26,3,2,2,6,13,5,0.23076923076923078,0.5,0.19230769230769232,10,3.3461538461538463,11,0.2692307692307692,3.6538461538461537,low
add_chord_p0,add_chord,0,4801,770026612,"72,139,147",65,520,26,3,2,2,6,13,5,0.23076923076923078,0.5,0.19230769230769232,10,3.1538461538461537,11,0.3076923076923077,3.576923076923077,low
add_chord_p0,add_chord,0,4801,770026612,"72,139,147",66,528,27,3,2,2,6,14,5,0.2222222222222222,0.5185185185185185,0.18518518518518517,10,3.037037037037037,12,0.25925925925925924,3.7037037037037037,low
add_chord_p0,add_chord,0,4801,770026612,"72,139,147",67,536,28,3,2,3,6,14,5,0.21428571428571427,0.5,0.17857142857142858,10,2.9642857142857144,9,0.42857142857142855,3.642857142857143,low
add_chord_p0,add_chord,0,4801,770026612,"72,139,147",68,544,29,2,3,3,6,15,5,0.20689655172413793,0.5172413793103449,0.1724137931034483,10,3.0344827586206895,10,0.3448275862068966,3.689655172413793,low
add_chord_p0,add_chord,0,4801,770026612,"72,139,147",69,552,28,2,2,4,6,14,4,0.21428571428571427,0.5,0.14285714285714285,10,3.3214285714285716,11,0.35714285714285715,3.7142857142857144,low
add_chord_p0,add_chord,0,4801,770026612,"72,139,147",70,560,28,2,2,3,7,14,4,0.25,0.5,0.14285714285714285,10,3.392857142857143,12,0.35714285714285715,3.75,low
add_chord_p0,add_chord,0,4801,770026612,"72,139,147",71,568,31,2,3,3,8,15,5,0.25806451612903225,0.4838709677419355,0.16129032258064516,10,3.4838709677419355,12,0.3548387096774194,3.6451612903225805,low
add_chord_p0,add_chord,0,4801,770026612,"72,139,147",72,576,33,2,3,4,6,18,5,0.18181818181818182,0.5454545454545454,0.15151515151515152,10,3.606060606060606,13,0.3939393939393939,3.727272727272727,low
add_chord_p0,add_chord,0,4801,770026612,"72,139,147",73,584,34,2,3,4,6,19,5,0.17647058823529413,0.5588235294117647,0.14705882352941177,10,3.4705882352941178,12,0.4411764705882353,3.7058823529411766,low
add_chord_p0,add_chord,0,4801,770026612,"72,139,147",74,592,36,2,4,4,6,20,6,0.16666666666666666,0.5555555555555556,0.16666666666666666,11,3.388888888888889,9,0.7222222222222222,3.6666666666666665,low
add_chord_p0,add_chord,0,4801,770026612,"72,139,147",75,600,31,3,3,3,6,16,6,0.1935483870967742,0.5161290322580645,0.1935483870967742,11,3.129032258064516,9,0.6774193548387096,3.6451612903225805,low
add_chord_p0,add_chord,0,4801,770026612,"72,139,147",76,608,34,3,3,3,7,18,6,0.20588235294117646,0.5294117647058824,0.17647058823529413,11,2.7941176470588234,11,0.6176470588235294,3.7058823529411766,low
add_chord_p0,add_chord,0,4801,770026612,"72,139,147",77,616,31,2,3,3,5,18,5,0.16129032258064516,0.5806451612903226,0.16129032258064516,11,3.161290322580645,13,0.5161290322580645,3.903225806451613,low
add_chord_p0,add_chord,0,4801,770026612,"72,139,147",78,624,28,2,3,2,5,16,5,0.17857142857142858,0.5714285714285714,0.17857142857142858,11,3.5,13,0.35714285714285715,3.9642857142857144,low
add_chord_p0,add_chord,0,4801,770026612,"72,139,147",79,632,27,2,3,2,4,16,5,0.14814814814814814,0.5925925925925926,0.18518518518518517,11,3.5185185185185186,15,0.2962962962962963,4.0,low
add_chord_p0,add_chord,0,4801,770026612,"72,139,147",80,640,27,3,2,3,4,15,5,0.14814814814814814,0.5555555555555556,0.18518518518518517,12,3.3703703703703702,17,0.18518518518518517,3.888888888888889,low
add_chord_p0,add_chord,0,4801,770026612,"72,139,147",81,648,25,2,2,3,4,14,4,0.16,0.56,0.16,12,3.68,18,0.16,4.04,low
add_chord_p0,add_chord,0,4801,770026612,"72,139,147",82,656,27,2,2,4,4,15,4,0.14814814814814814,0.5555555555555556,0.14814814814814814,12,3.962962962962963,15,0.2222222222222222,4.037037037037037,low
add_chord_p0,add_chord,0,4801,770026612,"72,139,147",83,664,28,2,2,3,5,16,4,0.17857142857142858,0.5714285714285714,0.14285714285714285,11,3.4642857142857144,14,0.21428571428571427,4.035714285714286,low
add_chord_p0,add_chord,0,4801,770026612,"72,139,147",84,672,27,2,1,2,6,16,3,0.2222222222222222,0.5925925925925926,0.1111111111111111,12,3.4074074074074074,16,0.18518518518518517,4.222222222222222,low
add_chord_p0,add_chord,0,4801,770026612,"72,139,147",85,680,27,2,1,1,8,15,3,0.2962962962962963,0.5555555555555556,0.1111111111111111,12,3.3333333333333335,13,0.37037037037037035,4.185185185185185,low
add_chord_p0,add_chord,0,4801,770026612,"72,139,147",86,688,25,3,1,2,7,12,4,0.28,0.48,0.16,12,4.0,11,0.28,3.8,low
add_chord_p0,add_chord,0,4801,770026612,"72,139,147",87,696,25,3,1,3,6,12,4,0.24,0.48,0.16,12,4.0,10,0.28,3.76,low
add_chord_p0,add_chord,0,4801,770026612,"72,139,147",88,704,24,2,1,3,6,12,3,0.25,0.5,0.125,12,4.583333333333333,11,0.2916666666666667,3.875,low
add_chord_p0,add_chord,0,4801,770026612,"72,139,147",89,712,25,2,1,3,7,12,3,0.28,0.48,0.12,12,4.4,11,0.28,3.84,low
add_chord_p0,add_chord,0,4801,770026612,"72,139,147",90,720,23,2,1,3,7,10,3,0.30434782608695654,0.43478260869565216,0.13043478260869565,12,4.739130434782608,12,0.2608695652173913,3.782608695652174,low
add_chord_p0,add_chord,0,4801,770026612,"72,139,147",91,728,24,2,0,3,5,14,2,0.20833333333333334,0.5833333333333334,0.08333333333333333,12,4.5,17,0.16666666666666666,4.041666666666667,low
add_chord_p0,add_chord,0,4801,770026612,"72,139,147",92,736,24,2,0,3,5,14,2,0.20833333333333334,0.5833333333333334,0.08333333333333333,12,4.5,17,0.16666666666666666,4.041666666666667,low
add_chord_p0,add_chord,0,4801,770026612,"72,139,147",93,744,25,2,1,3,5,14,3,0.2,0.56,0.12,12,4.48,17,0.16,3.96,low
add_chord_p0,add_chord,0,4801,770026612,"72,139,147",94,752,25,2,1,3,5,14,3,0.2,0.56,0.12,12,4.48,17,0.16,3.96,low
add_chord_p0,add_chord,0,4801,770026612,"72,139,147",95,760,24,2,1,3,5,13,3,0.20833333333333334,0.5416666666666666,0.125,11,4.75,13,0.4166666666666667,3.875,low
add_chord_p0,add_chord,0,4801,770026612,"72,139,147",96,768,24,2,1,3,4,14,3,0.16666666666666666,0.5833333333333334,0.125,11,4.75,13,0.4166666666666667,3.9166666666666665,low
add_chord_p0,add_chord,0,4801,770026612,"72,139,147",97,776,25,2,1,4,3,15,3,0.12,0.6,0.12,11,4.56,14,0.36,3.92,low
add_chord_p0,add_chord,0,4801,770026612,"72,139,147",98,784,26,2,3,4,3,14,5,0.11538461538461539,0.5384615384615384,0.19230769230769232,11,4.384615384615385,14,0.34615384615384615,3.6538461538461537,low
add_chord_p0,add_chord,0,4801,770026612,"72,139,147",99,792,27,2,2,4,4,15,4,0.14814814814814814,0.5555555555555556,0.14814814814814814,11,4.185185185185185,14,0.4074074074074074,3.740740740740741,low
add_chord_p0,add_chord,0,4801,770026612,"72,139,147",100,800,28,2,2,4,6,14,4,0.21428571428571427,0.5,0.14285714285714285,11,3.607142857142857,12,0.5,3.7142857142857144,low
add_chord_p0,add_chord,0,4801,770026612,"72,139,147",101,808,28,2,3,4,5,14,5,0.17857142857142858,0.5,0.17857142857142858,11,3.607142857142857,12,0.42857142857142855,3.6785714285714284,low
add_chord_p0,add_chord,0,4801,770026612,"72,139,147",102,816,29,2,4,3,8,12,6,0.27586206896551724,0.41379310344827586,0.20689655172413793,11,3.8275862068965516,16,0.20689655172413793,3.5517241379310347,low
add_chord_p0,add_chord,0,4801,770026612,"72,139,147",103,824,31,2,5,3,9,12,7,0.2903225806451613,0.3870967741935484,0.22580645161290322,11,3.6451612903225805,15,0.2903225806451613,3.4516129032258065,low
add_chord_p0,add_chord,0,4801,770026612,"72,139,147",104,832,33,2,6,3,9,13,8,0.2727272727272727,0.3939393939393939,0.24242424242424243,12,3.0303030303030303,14,0.2727272727272727,3.4545454545454546,low
add_chord_p0,add_chord,0,4801,770026612,"72,139,147",105,840,32,2,6,3,8,13,8,0.25,0.40625,0.25,12,3.1875,11,0.375,3.4375,low
add_chord_p0,add_chord,0,4801,770026612,"72,139,147",106,848,30,2,5,3,6,14,7,0.2,0.4666666666666667,0.23333333333333334,12,3.5,12,0.3333333333333333,3.566666666666667,low
add_chord_p0,add_chord,0,4801,770026612,"72,139,147",107,856,30,2,5,4,5,14,7,0.16666666666666666,0.4666666666666667,0.23333333333333334,12,3.566666666666667,11,0.3333333333333333,3.566666666666667,low
add_chord_p0,add_chord,0,4801,770026612,"72,139,147",108,864,31,2,5,5,5,14,7,0.16129032258064516,0.45161290322580644,0.22580645161290322,12,3.5806451612903225,9,0.6451612903225806,3.4516129032258065,low
add_chord_p0,add_chord,0,4801,770026612,"72,139,147",109,872,30,2,4,5,5,14,6,0.16666666666666666,0.4666666666666667,0.2,12,3.433333333333333,9,0.6666666666666666,3.6666666666666665,low
add_chord_p0,add_chord,0,4801,770026612,"72,139,147",110,880,30,2,4,6,4,14,6,0.13333333333333333,0.4666666666666667,0.2,12,3.6666666666666665,13,0.5333333333333333,3.6666666666666665,low
add_chord_p0,add_chord,0,4801,770026612,"72,139,147",111,888,30,3,3,7,4,13,6,0.13333333333333333,0.43333333333333335,0.2,12,3.7,10,0.7,3.4,low
add_chord_p0,add_chord,0,4801,770026612,"72,139,147",112,896,29,3,3,6,5,12,6,0.1724137931034483,0.41379310344827586,0.20689655172413793,12,3.896551724137931,12,0.6206896551724138,3.413793103448276,low
add_chord_p0,add_chord,0,4801,770026612,"72,139,147",113,904,28,3,2,6,5,12,5,0.17857142857142858,0.42857142857142855,0.17857142857142858,12,4.035714285714286,12,0.6071428571428571,3.5,low
add_chord_p0,add_chord,0,4801,770026612,"72,139,147",114,912,29,3,2,6,6,12,5,0.20689655172413793,0.41379310344827586,0.1724137931034483,12,3.8275862068965516,12,0.6206896551724138,3.5172413793103448,low
add_chord_p0,add_chord,0,4801,770026612,"72,139,147",115,920,32,3,2,6,6,15,5,0.1875,0.46875,0.15625,12,3.5,11,0.65625,3.71875,low
add_chord_p0,add_chord,0,4801,770026612,"72,139,147",116,928,35,3,2,5,10,15,5,0.2857142857142857,0.42857142857142855,0.14285714285714285,12,3.5714285714285716,13,0.6571428571428571,3.657142857142857,low
add_chord_p0,add_chord,0,4801,770026612,"72,139,147",117,936,35,3,2,5,10,15,5,0.2857142857142857,0.42857142857142855,0.14285714285714285,12,3.5714285714285716,13,0.6571428571428571,3.657142857142857,low
add_chord_p0,add_chord,0,4801,770026612,"72,139,147",118,944,35,3,2,5,10,15,5,0.2857142857142857,0.42857142857142855,0.14285714285714285,12,3.5714285714285716,13,0.6571428571428571,3.657142857142857,low
add_chord_p0,add_chord,0,4801,770026612,"72,139,147",119,952,36,3,3,4,8,18,6,0.2222222222222222,0.5,0.16666666666666666,12,3.0833333333333335,16,0.3611111111111111,3.7222222222222223,low
add_chord_p0,add_chord,0,4801,770026612,"72,139,147",120,960,36,3,3,5,8,17,6,0.2222222222222222,0.4722222222222222,0.16666666666666666,12,3.1666666666666665,12,0.3888888888888889,3.6666666666666665,low
add_chord_p0,add_chord,0,4801,770026612,"72,139,147",121,968,34,3,3,5,7,16,6,0.20588235294117646,0.47058823529411764,0.17647058823529413,12,3.676470588235294,12,0.4411764705882353,3.676470588235294,low
add_chord_p0,add_chord,0,4801,770026612,"72,139,147",122,976,34,3,3,5,7,16,6,0.20588235294117646,0.47058823529411764,0.17647058823529413,12,3.676470588235294,12,0.4411764705882353,3.676470588235294,low
add_chord_p0,add_chord,0,4801,770026612,"72,139,147",123,984,34,3,2,6,8,15,5,0.23529411764705882,0.4411764705882353,0.14705882352941177,12,3.7058823529411766,13,0.4411764705882353,3.676470588235294,low
add_chord_p0,add_chord,0,4801,770026612,"72,139,147",124,992,33,3,3,5,7,15,6,0.21212121212121213,0.45454545454545453,0.18181818181818182,12,3.515151515151515,12,0.5454545454545454,3.6666666666666665,low
add_chord_p0,add_chord,0,4801,770026612,"72,139,147",125,1000,34,3,3,5,7,16,6,0.20588235294117646,0.47058823529411764,0.17647058823529413,12,3.3823529411764706,11,0.5588235294117647,3.6176470588235294,low
add_chord_p0,add_chord,0,4801,770026612,"72,139,147",126,1008,34,3,3,5,7,16,6,0.20588235294117646,0.47058823529411764,0.17647058823529413,12,3.3823529411764706,11,0.5588235294117647,3.6176470588235294,low
add_chord_p0,add_chord,0,4801,770026612,"72,139,147",127,1016,35,3,3,4,6,19,6,0.17142857142857143,0.5428571428571428,0.17142857142857143,12,3.4857142857142858,11,0.45714285714285713,3.742857142857143,low
add_chord_p0,add_chord,0,4801,770026612,"72,139,147",128,1024,35,3,2,5,6,19,5,0.17142857142857143,0.5428571428571428,0.14285714285714285,12,3.5142857142857142,13,0.45714285714285713,3.8,low
add_chord_p0,add_chord,0,4801,770026612,"72,139,147",129,1032,35,3,2,5,6,19,5,0.17142857142857143,0.5428571428571428,0.14285714285714285,12,3.5142857142857142,13,0.45714285714285713,3.8,low
add_chord_p0,add_chord,0,4801,770026612,"72,139,147",130,1040,35,3,2,5,7,18,5,0.2,0.5142857142857142,0.14285714285714285,12,3.4857142857142858,12,0.4857142857142857,3.7714285714285714,low
add_chord_p0,add_chord,0,4801,770026612,"72,139,147",131,1048,35,3,2,5,6,19,5,0.17142857142857143,0.5428571428571428,0.14285714285714285,12,3.7142857142857144,13,0.42857142857142855,3.7714285714285714,low
add_chord_p0,add_chord,0,4801,770026612,"72,139,147",132,1056,37,3,3,6,7,18,6,0.1891891891891892,0.4864864864864865,0.16216216216216217,12,3.5405405405405403,10,0.5135135135135135,3.6216216216216215,low
add_chord_p0,add_chord,0,4801,770026612,"72,139,147",133,1064,37,3,3,6,6,19,6,0.16216216216216217,0.5135135135135135,0.16216216216216217,12,3.5405405405405403,10,0.4864864864864865,3.675675675675676,low
add_chord_p0,add_chord,0,4801,770026612,"72,139,147",134,1072,38,3,3,6,7,19,6,0.18421052631578946,0.5,0.15789473684210525,12,3.236842105263158,10,0.5,3.6842105263157894,low
add_chord_p0,add_chord,0,4801,770026612,"72,139,147",135,1080,38,3,3,7,6,19,6,0.15789473684210525,0.5,0.15789473684210525,11,3.3947368421052633,8,0.7631578947368421,3.6315789473684212,low
add_chord_p0,add_chord,0,4801,770026612,"72,139,147",136,1088,38,3,3,7,6,19,6,0.15789473684210525,0.5,0.15789473684210525,11,3.3947368421052633,8,0.7631578947368421,3.6315789473684212,low
add_chord_p0,add_chord,0,4801,770026612,"72,139,147",137,1096,38,2,3,7,6,20,5,0.15789473684210525,0.5263157894736842,0.13157894736842105,11,3.710526315789474,8,0.7105263157894737,3.6842105263157894,low
add_chord_p0,add_chord,0,4801,770026612,"72,139,147",138,1104,39,2,3,7,7,20,5,0.1794871794871795,0.5128205128205128,0.1282051282051282,11,3.641025641025641,8,0.7692307692307693,3.717948717948718,low
add_chord_p0,add_chord,0,4801,770026612,"72,139,147",139,1112,37,2,3,6,7,19,5,0.1891891891891892,0.5135135135135135,0.13513513513513514,11,3.6216216216216215,9,0.7297297297297297,3.7567567567567566,low
add_chord_p0,add_chord,0,4801,770026612,"72,139,147",140,1120,37,2,3,7,6,19,5,0.16216216216216217,0.5135135135135135,0.13513513513513514,11,4.081081081081081,10,0.7027027027027027,3.7027027027027026,low
add_chord_p0,add_chord,0,4801,770026612,"72,139,147",141,1128,37,2,3,7,6,19,5,0.16216216216216217,0.5135135135135135,0.13513513513513514,11,4.216216216216216,10,0.7297297297297297,3.675675675675676,low
add_chord_p0,add_chord,0,4801,770026612,"72,139,147",142,1136,37,2,2,8,6,19,4,0.16216216216216217,0.5135135135135135,0.10810810810810811,11,4.297297297297297,11,0.7027027027027027,3.7027027027027026,low
add_chord_p0,add_chord,0,4801,770026612,"72,139,147",143,1144,37,2,2,8,5,20,4,0.13513513513513514,0.5405405405405406,0.10810810810810811,11,4.108108108108108,14,0.5945945945945946,3.7567567567567566,low
add_chord_p0,add_chord,0,4801,770026612,"72,139,147",144,1152,35,2,2,6,5,20,4,0.14285714285714285,0.5714285714285714,0.11428571428571428,11,4.285714285714286,14,0.5714285714285714,3.857142857142857,low
add_chord_p0,add_chord,0,4801,770026612,"72,139,147",145,1160,38,2,2,7,6,21,4,0.15789473684210525,0.5526315789473685,0.10526315789473684,11,4.026315789473684,14,0.6052631578947368,3.789473684210526,low
add_chord_p0,add_chord,0,4801,770026612,"72,139,147",146,1168,39,2,2,7,6,22,4,0.15384615384615385,0.5641025641025641,0.10256410256410256,11,3.923076923076923,11,0.717948717948718,3.7948717948717947,low
add_chord_p0,add_chord,0,4801,770026612,"72,139,147",147,1176,38,2,2,7,6,21,4,0.15789473684210525,0.5526315789473685,0.10526315789473684,11,4.052631578947368,11,0.7105263157894737,3.763157894736842,low
add_chord_p0,add_chord,0,4801,770026612,"72,139,147",148,1184,40,3,3,7,6,21,6,0.15,0.525,0.15,11,3.8,9,0.8,3.6,low
add_chord_p0,add_chord,0,4801,770026612,"72,139,147",149,1192,40,3,3,6,8,20,6,0.2,0.5,0.15,12,3.625,11,0.75,3.675,low
add_chord_p0,add_chord,0,4801,770026612,"72,139,147",150,1200,41,3,3,6,7,22,6,0.17073170731707318,0.5365853658536586,0.14634146341463414,12,3.5365853658536586,13,0.7073170731707317,3.707317073170732,low
add_chord_p0,add_chord,0,4801,770026612,"72,139,147",151,1208,39,3,2,7,6,21,5,0.15384615384615385,0.5384615384615384,0.1282051282051282,12,3.7435897435897436,13,0.6666666666666666,3.717948717948718,low
add_chord_p0,add_chord,0,4801,770026612,"72,139,147",152,1216,39,3,3,7,6,20,6,0.15384615384615385,0.5128205128205128,0.15384615384615385,12,3.7435897435897436,14,0.6410256410256411,3.641025641025641,low
add_chord_p0,add_chord,0,4801,770026612,"72,139,147",153,1224,39,3,4,5,7,20,7,0.1794871794871795,0.5128205128205128,0.1794871794871795,12,3.4615384615384617,16,0.6153846153846154,3.6666666666666665,low
add_chord_p0,add_chord,0,4801,770026612,"72,139,147",154,1232,39,3,4,5,7,20,7,0.1794871794871795,0.5128205128205128,0.1794871794871795,12,3.5128205128205128,16,0.6153846153846154,3.6666666666666665,low
add_chord_p0,add_chord,0,4801,770026612,"72,139,147",155,1240,39,3,4,5,7,20,7,0.1794871794871795,0.5128205128205128,0.1794871794871795,12,3.5128205128205128,16,0.6153846153846154,3.6666666666666665,low
add_chord_p0,add_chord,0,4801,770026612,"72,139,147",156,1248,40,3,4,6,7,20,7,0.175,0.5,0.175,12,3.35,14,0.675,3.6,low
add_chord_p0,add_chord,0,4801,770026612,"72,139,147",157,1256,42,3,5,6,7,21,8,0.16666666666666666,0.5,0.19047619047619047,12,3.238095238095238,15,0.6666666666666666,3.5714285714285716,low
add_chord_p0,add_chord,0,4801,770026612,"72,139,147",158,1264,44,3,5,6,8,22,8,0.18181818181818182,0.5,0.18181818181818182,12,3.1136363636363638,15,0.6363636363636364,3.659090909090909,low
add_chord_p0,add_chord,0,4801,770026612,"72,139,147",159,1272,44,3,5,6,8,22,8,0.18181818181818182,0.5,0.18181818181818182,12,3.1136363636363638,15,0.6363636363636364,3.659090909090909,low
add_chord_p0,add_chord,0,4801,770026612,"72,139,147",160,1280,44,3,5,6,8,22,8,0.18181818181818182,0.5,0.18181818181818182,12,3.227272727272727,16,0.6136363636363636,3.659090909090909,low
add_chord_p0,add_chord,0,4801,770026612,"72,139,147",161,1288,44,3,5,6,8,22,8,0.18181818181818182,0.5,0.18181818181818182,12,3.227272727272727,16,0.6136363636363636,3.659090909090909,low
add_chord_p0,add_chord,0,4801,770026612,"72,139,147",162,1296,45,3,5,6,8,23,8,0.17777777777777778,0.5111111111111111,0.17777777777777778,12,3.1777777777777776,16,0.6,3.7333333333333334,low
add_chord_p0,add_chord,0,4801,770026612,"72,139,147",163,1304,44,2,5,6,8,23,7,0.18181818181818182,0.5227272727272727,0.1590909090909091,11,3.409090909090909,19,0.5227272727272727,3.840909090909091,low
add_chord_p0,add_chord,0,4801,770026612,"72,139,147",164,1312,43,2,5,6,7,23,7,0.16279069767441862,0.5348837209302325,0.16279069767441862,12,3.604651162790698,18,0.5581395348837209,3.8372093023255816,low
add_chord_p0,add_chord,0,4801,770026612,"72,139,147",165,1320,45,2,5,6,7,25,7,0.15555555555555556,0.5555555555555556,0.15555555555555556,12,3.3333333333333335,21,0.37777777777777777,3.8666666666666667,low
add_chord_p0,add_chord,0,4801,770026612,"72,139,147",166,1328,43,2,3,7,6,25,5,0.13953488372093023,0.5813953488372093,0.11627906976744186,12,3.511627906976744,22,0.32558139534883723,3.9767441860465116,low
add_chord_p0,add_chord,0,4801,770026612,"72,139,147",167,1336,44,2,5,6,6,25,7,0.13636363636363635,0.5681818181818182,0.1590909090909091,13,3.3863636363636362,20,0.38636363636363635,3.909090909090909,low
add_chord_p0,add_chord,0,4801,770026612,"72,139,147",168,1344,45,2,5,6,8,24,7,0.17777777777777778,0.5333333333333333,0.15555555555555556,13,3.311111111111111,18,0.4444444444444444,3.8444444444444446,low
add_chord_p0,add_chord,0,4801,770026612,"72,139,147",169,1352,47,2,5,8,7,25,7,0.14893617021276595,0.5319148936170213,0.14893617021276595,13,3.3191489361702127,18,0.46808510638297873,3.7872340425531914,low
add_chord_p0,add_chord,0,4801,770026612,"72,139,147",170,1360,47,2,4,8,9,24,6,0.19148936170212766,0.5106382978723404,0.1276595744680851,13,3.234042553191489,19,0.574468085106383,3.8297872340425534,low
add_chord_p0,add_chord,0,4801,770026612,"72,139,147",171,1368,45,2,2,9,8,24,4,0.17777777777777778,0.5333333333333333,0.08888888888888889,13,3.3777777777777778,20,0.5333333333333333,3.933333333333333,low
add_chord_p0,add_chord,0,4801,770026612,"72,139,147",172,1376,45,2,2,10,7,24,4,0.15555555555555556,0.5333333333333333,0.08888888888888889,12,3.7777777777777777,19,0.5333333333333333,3.888888888888889,low
add_chord_p0,add_chord,0,4801,770026612,"72,139,147",173,1384,43,2,3,9,5,24,5,0.11627906976744186,0.5581395348837209,0.11627906976744186,10,3.883720930232558,17,0.5813953488372093,3.7674418604651163,low
add_chord_p0,add_chord,0,4801,770026612,"72,139,147",174,1392,43,2,4,9,5,23,6,0.11627906976744186,0.5348837209302325,0.13953488372093023,10,3.441860465116279,16,0.6511627906976745,3.813953488372093,low
add_chord_p0,add_chord,0,4801,770026612,"72,139,147",175,1400,43,2,4,9,5,23,6,0.11627906976744186,0.5348837209302325,0.13953488372093023,10,3.441860465116279,16,0.6511627906976745,3.813953488372093,low
add_chord_p0,add_chord,0,4801,770026612,"72,139,147",176,1408,43,2,2,9,6,24,4,0.13953488372093023,0.5581395348837209,0.09302325581395349,10,3.395348837209302,18,0.5581395348837209,4.046511627906977,low
add_chord_p0,add_chord,0,4801,770026612,"72,139,147",177,1416,43,2,2,8,7,24,4,0.16279069767441862,0.5581395348837209,0.09302325581395349,10,3.255813953488372,17,0.5813953488372093,4.069767441860465,low
add_chord_p0,add_chord,0,4801,770026612,"72,139,147",178,1424,46,2,2,8,7,27,4,0.15217391304347827,0.5869565217391305,0.08695652173913043,10,2.9782608695652173,15,0.6521739130434783,4.108695652173913,low
add_chord_p0,add_chord,0,4801,770026612,"72,139,147",179,1432,46,2,2,8,7,27,4,0.15217391304347827,0.5869565217391305,0.08695652173913043,10,2.9782608695652173,15,0.6521739130434783,4.108695652173913,low
add_chord_p0,add_chord,0,4801,770026612,"72,139,147",180,1440,46,2,3,8,7,26,5,0.15217391304347827,0.5652173913043478,0.10869565217391304,10,3.0,15,0.6521739130434783,4.021739130434782,low
add_chord_p0,add_chord,0,4801,770026612,"72,139,147",181,1448,46,2,4,7,5,28,6,0.10869565217391304,0.6086956521739131,0.13043478260869565,10,3.0652173913043477,15,0.6739130434782609,4.043478260869565,low
add_chord_p0,add_chord,0,4801,770026612,"72,139,147",182,1456,46,2,3,8,5,28,5,0.10869565217391304,0.6086956521739131,0.10869565217391304,10,3.217391304347826,16,0.6521739130434783,4.043478260869565,low
add_chord_p0,add_chord,0,4801,770026612,"72,139,147",183,1464,44,2,3,7,6,26,5,0.13636363636363635,0.5909090909090909,0.11363636363636363,10,3.272727272727273,18,0.6136363636363636,3.977272727272727,low
add_chord_p0,add_chord,0,4801,770026612,"72,139,147",184,1472,44,2,3,7,6,26,5,0.13636363636363635,0.5909090909090909,0.11363636363636363,10,3.227272727272727,18,0.6136363636363636,4.0,low
add_chord_p0,add_chord,0,4801,770026612,"72,139,147",185,1480,45,2,3,6,7,27,5,0.15555555555555556,0.6,0.1111111111111111,10,3.2666666666666666,20,0.5555555555555556,4.111111111111111,low
add_chord_p0,add_chord,0,4801,770026612,"72,139,147",186,1488,44,2,3,6,7,26,5,0.1590909090909091,0.5909090909090909,0.11363636363636363,10,3.340909090909091,19,0.5909090909090909,4.068181818181818,low
add_chord_p0,add_chord,0,4801,770026612,"72,139,147",187,1496,45,2,2,6,10,25,4,0.2222222222222222,0.5555555555555556,0.08888888888888889,10,3.7333333333333334,20,0.5333333333333333,4.022222222222222,low
add_chord_p0,add_chord,0,4801,770026612,"72,139,147",188,1504,46,2,2,7,10,25,4,0.21739130434782608,0.5434782608695652,0.08695652173913043,10,3.630434782608696,20,0.5434782608695652,3.9782608695652173,low
add_chord_p0,add_chord,0,4801,770026612,"72,139,147",189,1512,47,2,2,7,10,26,4,0.2127659574468085,0.5531914893617021,0.0851063829787234,10,3.4680851063829787,19,0.574468085106383,3.978723404255319,low
add_chord_p0,add_chord,0,4801,770026612,"72,139,147",190,1520,48,2,3,7,10,26,5,0.20833333333333334,0.5416666666666666,0.10416666666666667,10,3.3541666666666665,18,0.6041666666666666,3.9166666666666665,low
add_chord_p0,add_chord,0,4801,770026612,"72,139,147",191,1528,48,3,2,7,9,27,5,0.1875,0.5625,0.10416666666666667,10,3.3541666666666665,18,0.6041666666666666,3.9583333333333335,low
add_chord_p0,add_chord,0,4801,770026612,"72,139,147",192,1536,49,3,2,8,8,28,5,0.16326530612244897,0.5714285714285714,0.10204081632653061,10,3.326530612244898,17,0.6530612244897959,3.9591836734693877,low
add_chord_p0,add_chord,0,4801,770026612,"72,139,147",193,1544,49,3,2,8,8,28,5,0.16326530612244897,0.5714285714285714,0.10204081632653061,10,3.306122448979592,18,0.6530612244897959,3.979591836734694,low
add_chord_p0,add_chord,0,4801,770026612,"72,139,147",194,1552,46,3,2,7,8,26,5,0.17391304347826086,0.5652173913043478,0.10869565217391304,10,3.5434782608695654,18,0.6304347826086957,3.9782608695652173,low
add_chord_p0,add_chord,0,4801,770026612,"72,139,147",195,1560,47,3,2,7,9,26,5,0.19148936170212766,0.5531914893617021,0.10638297872340426,10,3.4893617021276597,18,0.6382978723404256,3.9574468085106385,low
add_chord_p0,add_chord,0,4801,770026612,"72,139,147",196,1568,50,3,2,6,11,28,5,0.22,0.56,0.1,10,3.34,19,0.6,4.06,low
add_chord_p0,add_chord,0,4801,770026612,"72,139,147",197,1576,52,3,2,6,11,30,5,0.21153846153846154,0.5769230769230769,0.09615384615384616,10,3.25,17,0.6538461538461539,4.076923076923077,low
add_chord_p0,add_chord,0,4801,770026612,"72,139,147",198,1584,53,3,2,6,11,31,5,0.20754716981132076,0.5849056603773585,0.09433962264150944,10,3.207547169811321,19,0.6226415094339622,4.113207547169812,low
add_chord_p0,add_chord,0,4801,770026612,"72,139,147",199,1592,55,3,2,6,11,33,5,0.2,0.6,0.09090909090909091,10,3.109090909090909,17,0.6727272727272727,4.090909090909091,low
add_chord_p0,add_chord,0,4801,770026612,"72,139,147",200,1600,56,3,3,5,11,34,6,0.19642857142857142,0.6071428571428571,0.10714285714285714,10,3.0535714285714284,18,0.6428571428571429,4.089285714285714,low
add_chord_p0,add_chord,0,4801,770026612,"72,139,147",201,1608,57,3,2,5,11,36,5,0.19298245614035087,0.631578947368421,0.08771929824561403,10,3.0701754385964914,17,0.6666666666666666,4.2631578947368425,low
add_chord_p0,add_chord,0,4801,770026612,"72,139,147",202,1616,59,3,3,5,11,37,6,0.1864406779661017,0.6271186440677966,0.1016949152542373,10,3.0,18,0.6779661016949152,4.254237288135593,low
add_chord_p0,add_chord,0,4801,770026612,"72,139,147",203,1624,60,3,2,6,11,38,5,0.18333333333333332,0.6333333333333333,0.08333333333333333,10,3.1,19,0.65,4.3,low
add_chord_p0,add_chord,0,4801,770026612,"72,139,147",204,1632,58,3,2,6,10,37,5,0.1724137931034483,0.6379310344827587,0.08620689655172414,10,3.1724137931034484,19,0.6724137931034483,4.224137931034483,low
add_chord_p0,add_chord,0,4801,770026612,"72,139,147",205,1640,60,3,3,6,10,38,6,0.16666666666666666,0.6333333333333333,0.1,10,3.0,19,0.65,4.25,low
add_chord_p0,add_chord,0,4801,770026612,"72,139,147",206,1648,61,3,3,6,10,39,6,0.16393442622950818,0.639344262295082,0.09836065573770492,11,2.9836065573770494,21,0.6229508196721312,4.262295081967213,low
add_chord_p0,add_chord,0,4801,770026612,"72,139,147",207,1656,62,3,3,6,11,39,6,0.1774193548387097,0.6290322580645161,0.0967741935483871,11,2.838709677419355,21,0.6290322580645161,4.32258064516129,low
add_chord_p0,add_chord,0,4801,770026612,"72,139,147",208,1664,63,3,3,6,11,40,6,0.1746031746031746,0.6349206349206349,0.09523809523809523,11,2.5714285714285716,20,0.6507936507936508,4.365079365079365,low
add_chord_p0,add_chord,0,4801,770026612,"72,139,147",209,1672,62,3,3,6,10,40,6,0.16129032258064516,0.6451612903225806,0.0967741935483871,11,2.629032258064516,20,0.6451612903225806,4.387096774193548,low
add_chord_p0,add_chord,0,4801,770026612,"72,139,147",210,1680,63,3,4,6,10,40,7,0.15873015873015872,0.6349206349206349,0.1111111111111111,12,2.619047619047619,18,0.6825396825396826,4.317460317460317,low
add_chord_p0,add_chord,0,4801,770026612,"72,139,147",211,1688,63,3,4,6,10,40,7,0.15873015873015872,0.6349206349206349,0.1111111111111111,12,2.5714285714285716,18,0.6825396825396826,4.333333333333333,low
add_chord_p0,add_chord,0,4801,770026612,"72,139,147",212,1696,65,3,4,6,11,41,7,0.16923076923076924,0.6307692307692307,0.1076923076923077,12,2.523076923076923,18,0.6923076923076923,4.3076923076923075,low
add_chord_p0,add_chord,0,4801,770026612,"72,139,147",213,1704,69,3,4,6,12,44,7,0.17391304347826086,0.6376811594202898,0.10144927536231885,12,2.36231884057971,17,0.6956521739130435,4.36231884057971,low
add_chord_p0,add_chord,0,4801,770026612,"72,139,147",214,1712,71,3,4,6,12,46,7,0.16901408450704225,0.647887323943662,0.09859154929577464,12,2.2816901408450705,18,0.6901408450704225,4.408450704225352,low
add_chord_p0,add_chord,0,4801,770026612,"72,139,147",215,1720,72,3,5,6,11,47,8,0.1527777777777778,0.6527777777777778,0.1111111111111111,12,2.4583333333333335,22,0.6388888888888888,4.388888888888889,low
add_chord_p0,add_chord,0,4801,770026612,"72,139,147",216,1728,72,3,5,6,12,46,8,0.16666666666666666,0.6388888888888888,0.1111111111111111,12,2.4166666666666665,18,0.6944444444444444,4.347222222222222,low
add_chord_p0,add_chord,0,4801,770026612,"72,139,147",217,1736,72,3,4,6,11,48,7,0.1527777777777778,0.6666666666666666,0.09722222222222222,12,2.3194444444444446,19,0.6944444444444444,4.472222222222222,low
add_chord_p0,add_chord,0,4801,770026612,"72,139,147",218,1744,71,3,4,6,11,47,7,0.15492957746478872,0.6619718309859155,0.09859154929577464,12,2.267605633802817,21,0.6619718309859155,4.507042253521127,low
add_chord_p0,add_chord,0,4801,770026612,"72,139,147",219,1752,73,3,3,7,13,47,6,0.1780821917808219,0.6438356164383562,0.0821917808219178,12,2.2465753424657535,21,0.6301369863013698,4.506849315068493,low
add_chord_p0,add_chord,0,4801,770026612,"72,139,147",220,1760,73,3,3,8,12,47,6,0.1643835616438356,0.6438356164383562,0.0821917808219178,11,2.219178082191781,22,0.6027397260273972,4.465753424657534,low
add_chord_p0,add_chord,0,4801,770026612,"72,139,147",221,1768,72,3,3,8,12,46,6,0.16666666666666666,0.6388888888888888,0.08333333333333333,11,2.2222222222222223,23,0.5833333333333334,4.444444444444445,low
add_chord_p0,add_chord,0,4801,770026612,"72,139,147",222,1776,74,3,3,8,12,48,6,0.16216216216216217,0.6486486486486487,0.08108108108108109,11,2.1216216216216215,22,0.5945945945945946,4.45945945945946,low
add_chord_p0,add_chord,0,4801,770026612,"72,139,147",223,1784,75,3,3,8,12,49,6,0.16,0.6533333333333333,0.08,11,2.12,22,0.5866666666666667,4.453333333333333,low
add_chord_p0,add_chord,0,4801,770026612,"72,139,147",224,1792,74,3,3,7,12,49,6,0.16216216216216217,0.6621621621621622,0.08108108108108109,11,2.27027027027027,20,0.6216216216216216,4.472972972972973,low
add_chord_p0,add_chord,0,4801,770026612,"72,139,147",225,1800,75,3,3,7,14,48,6,0.18666666666666668,0.64,0.08,11,2.2533333333333334,20,0.6266666666666667,4.413333333333333,low
add_chord_p0,add_chord,0,4801,770026612,"72,139,147",226,1808,76,3,3,7,15,48,6,0.19736842105263158,0.631578947368421,0.07894736842105263,11,2.223684210526316,20,0.6447368421052632,4.421052631578948,low
add_chord_p0,add_chord,0,4801,770026612,"72,139,147",227,1816,79,3,3,7,15,51,6,0.189873417721519,0.6455696202531646,0.0759493670886076,11,2.2278481012658227,21,0.6455696202531646,4.405063291139241,low
add_chord_p0,add_chord,0,4801,770026612,"72,139,147",228,1824,81,3,3,7,15,53,6,0.18518518518518517,0.654320987654321,0.07407407407407407,11,2.197530864197531,22,0.6296296296296297,4.395061728395062,low
add_chord_p0,add_chord,0,4801,770026612,"72,139,147",229,1832,79,3,3,7,15,51,6,0.189873417721519,0.6455696202531646,0.0759493670886076,11,2.2658227848101267,22,0.620253164556962,4.367088607594937,low
add_chord_p0,add_chord,0,4801,770026612,"72,139,147",230,1840,81,3,3,7,15,53,6,0.18518518518518517,0.654320987654321,0.07407407407407407,11,2.197530864197531,22,0.6172839506172839,4.3580246913580245,low
add_chord_p0,add_chord,0,4801,770026612,"72,139,147",231,1848,79,3,3,7,15,51,6,0.189873417721519,0.6455696202531646,0.0759493670886076,11,2.278481012658228,23,0.5949367088607594,4.367088607594937,low
add_chord_p0,add_chord,0,4801,770026612,"72,139,147",232,1856,81,3,3,7,15,53,6,0.18518518518518517,0.654320987654321,0.07407407407407407,11,2.2839506172839505,25,0.5925925925925926,4.395061728395062,low
add_chord_p0,add_chord,0,4801,770026612,"72,139,147",233,1864,79,3,3,8,13,52,6,0.16455696202531644,0.6582278481012658,0.0759493670886076,11,2.392405063291139,22,0.5949367088607594,4.405063291139241,low
add_chord_p0,add_chord,0,4801,770026612,"72,139,147",234,1872,83,3,3,8,13,56,6,0.1566265060240964,0.6746987951807228,0.07228915662650602,11,2.3373493975903616,22,0.5903614457831325,4.506024096385542,low
add_chord_p0,add_chord,0,4801,770026612,"72,139,147",235,1880,82,3,3,7,14,55,6,0.17073170731707318,0.6707317073170732,0.07317073170731707,11,2.3780487804878048,23,0.5853658536585366,4.548780487804878,low
add_chord_p0,add_chord,0,4801,770026612,"72,139,147",236,1888,81,3,4,7,14,53,7,0.1728395061728395,0.654320987654321,0.08641975308641975,11,2.432098765432099,22,0.6666666666666666,4.45679012345679,low
add_chord_p0,add_chord,0,4801,770026612,"72,139,147",237,1896,81,3,4,7,14,53,7,0.1728395061728395,0.654320987654321,0.08641975308641975,11,2.4444444444444446,24,0.654320987654321,4.481481481481482,low
add_chord_p0,add_chord,0,4801,770026612,"72,139,147",238,1904,82,3,4,7,13,55,7,0.15853658536585366,0.6707317073170732,0.08536585365853659,11,2.402439024390244,25,0.6463414634146342,4.5,low
add_chord_p0,add_chord,0,4801,770026612,"72,139,147",239,1912,82,3,4,7,13,55,7,0.15853658536585366,0.6707317073170732,0.08536585365853659,11,2.3536585365853657,24,0.6951219512195121,4.5,low
add_chord_p0,add_chord,0,4801,770026612,"72,139,147",240,1920,84,3,4,7,13,57,7,0.15476190476190477,0.6785714285714286,0.08333333333333333,11,2.2261904761904763,25,0.6785714285714286,4.5476190476190474,low
add_chord_p0,add_chord,0,4801,770026612,"72,139,147",241,1928,86,3,4,7,15,57,7,0.1744186046511628,0.6627906976744186,0.08139534883720931,11,2.2209302325581395,27,0.627906976744186,4.534883720930233,low
add_chord_p0,add_chord,0,4801,770026612,"72,139,147",242,1936,87,3,4,7,15,58,7,0.1724137931034483,0.6666666666666666,0.08045977011494253,11,2.218390804597701,26,0.6436781609195402,4.517241379310345,low
add_chord_p0,add_chord,0,4801,770026612,"72,139,147",243,1944,88,3,5,7,15,58,8,0.17045454545454544,0.6590909090909091,0.09090909090909091,11,2.1818181818181817,23,0.6818181818181818,4.454545454545454,low
add_chord_p0,add_chord,0,4801,770026612,"72,139,147",244,1952,88,3,5,7,16,57,8,0.18181818181818182,0.6477272727272727,0.09090909090909091,11,2.1704545454545454,21,0.7045454545454546,4.443181818181818,low
add_chord_p0,add_chord,0,4801,770026612,"72,139,147",245,1960,88,3,5,7,16,57,8,0.18181818181818182,0.6477272727272727,0.09090909090909091,11,2.1931818181818183,19,0.7386363636363636,4.375,low
add_chord_p0,add_chord,0,4801,770026612,"72,139,147",246,1968,85,3,5,7,16,54,8,0.18823529411764706,0.6352941176470588,0.09411764705882353,11,2.2823529411764705,18,0.7529411764705882,4.305882352941176,low
add_chord_p0,add_chord,0,4801,770026612,"72,139,147",247,1976,83,3,5,7,15,53,8,0.18072289156626506,0.6385542168674698,0.0963855421686747,11,2.3734939759036147,20,0.7228915662650602,4.301204819277109,low
add_chord_p0,add_chord,0,4801,770026612,"72,139,147",248,1984,83,3,4,7,16,53,7,0.1927710843373494,0.6385542168674698,0.08433734939759036,11,2.325301204819277,18,0.7228915662650602,4.349397590361446,low
add_chord_p0,add_chord,0,4801,770026612,"72,139,147",249,1992,82,3,4,7,16,52,7,0.1951219512195122,0.6341463414634146,0.08536585365853659,11,2.402439024390244,20,0.7195121951219512,4.353658536585366,low
add_chord_p0,add_chord,0,4801,770026612,"72,139,147",250,2000,84,3,4,8,16,53,7,0.19047619047619047,0.6309523809523809,0.08333333333333333,11,2.392857142857143,20,0.7261904761904762,4.333333333333333,low
add_chord_p0,add_chord,0,4801,770026612,"72,139,147",251,2008,84,3,4,8,16,53,7,0.19047619047619047,0.6309523809523809,0.08333333333333333,11,2.4166666666666665,20,0.7261904761904762,4.333333333333333,low
add_chord_p0,add_chord,0,4801,770026612,"72,139,147",252,2016,83,3,4,8,16,52,7,0.1927710843373494,0.6265060240963856,0.08433734939759036,11,2.5783132530120483,22,0.7228915662650602,4.27710843373494,low
add_chord_p0,add_chord,0,4801,770026612,"72,139,147",253,2024,82,3,4,8,15,52,7,0.18292682926829268,0.6341463414634146,0.08536585365853659,11,2.6341463414634148,24,0.6951219512195121,4.2926829268292686,low
add_chord_p0,add_chord,0,4801,770026612,"72,139,147",254,2032,82,3,4,8,15,52,7,0.18292682926829268,0.6341463414634146,0.08536585365853659,11,2.5609756097560976,24,0.6829268292682927,4.341463414634147,low
add_chord_p0,add_chord,0,4801,770026612,"72,139,147",255,2040,83,3,4,8,15,53,7,0.18072289156626506,0.6385542168674698,0.08433734939759036,11,2.5301204819277108,24,0.6746987951807228,4.36144578313253,low
add_chord_p0,add_chord,0,4801,770026612,"72,139,147",256,2048,82,3,4,7,16,52,7,0.1951219512195122,0.6341463414634146,0.08536585365853659,10,2.5609756097560976,27,0.6219512195121951,4.365853658536586,low
add_chord_p0,add_chord,0,4801,770026612,"72,139,147",257,2056,80,3,4,7,16,50,7,0.2,0.625,0.0875,10,2.7125,29,0.6125,4.35,low
add_chord_p0,add_chord,0,4801,770026612,"72,139,147",258,2064,84,3,4,7,17,53,7,0.20238095238095238,0.6309523809523809,0.08333333333333333,10,2.5476190476190474,27,0.6428571428571429,4.345238095238095,low
add_chord_p0,add_chord,0,4801,770026612,"72,139,147",259,2072,86,3,3,8,17,55,6,0.19767441860465115,0.6395348837209303,0.06976744186046512,10,2.511627906976744,25,0.5930232558139535,4.348837209302325,low
add_chord_p0,add_chord,0,4801,770026612,"72,139,147",260,2080,89,3,4,8,18,56,7,0.20224719101123595,0.6292134831460674,0.07865168539325842,10,2.393258426966292,23,0.651685393258427,4.303370786516854,low
add_chord_p0,add_chord,0,4801,770026612,"72,139,147",261,2088,91,3,4,7,18,59,7,0.1978021978021978,0.6483516483516484,0.07692307692307693,10,2.3076923076923075,21,0.7032967032967034,4.329670329670329,low
add_chord_p0,add_chord,0,4801,770026612,"72,139,147",262,2096,95,3,4,7,19,62,7,0.2,0.6526315789473685,0.07368421052631578,10,2.168421052631579,20,0.7052631578947368,4.336842105263158,low
add_chord_p0,add_chord,0,4801,770026612,"72,139,147",263,2104,94,3,4,6,18,63,7,0.19148936170212766,0.6702127659574468,0.07446808510638298,10,2.117021276595745,22,0.723404255319149,4.382978723404255,low
add_chord_p0,add_chord,0,4801,770026612,"72,139,147",264,2112,94,3,4,6,18,63,7,0.19148936170212766,0.6702127659574468,0.07446808510638298,10,2.106382978723404,21,0.7340425531914894,4.382978723404255,low
add_chord_p0,add_chord,0,4801,770026612,"72,139,147",265,2120,93,3,4,6,18,62,7,0.1935483870967742,0.6666666666666666,0.07526881720430108,10,2.118279569892473,21,0.7311827956989247,4.376344086021505,low
add_chord_p0,add_chord,0,4801,770026612,"72,139,147",266,2128,92,3,3,6,19,61,6,0.20652173913043478,0.6630434782608695,0.06521739130434782,10,2.0652173913043477,20,0.7391304347826086,4.369565217391305,low
add_chord_p0,add_chord,0,4801,770026612,"72,139,147",267,2136,94,3,3,6,18,64,6,0.19148936170212766,0.6808510638297872,0.06382978723404255,10,2.0106382978723403,21,0.7446808510638298,4.414893617021277,low
add_chord_p0,add_chord,0,4801,770026612,"72,139,147",268,2144,93,3,3,6,18,63,6,0.1935483870967742,0.6774193548387096,0.06451612903225806,10,2.064516129032258,22,0.7311827956989247,4.419354838709677,low
add_chord_p0,add_chord,0,4801,770026612,"72,139,147",269,2152,91,3,3,6,16,63,6,0.17582417582417584,0.6923076923076923,0.06593406593406594,10,2.065934065934066,22,0.7252747252747253,4.428571428571429,low
add_chord_p0,add_chord,0,4801,770026612,"72,139,147",270,2160,91,3,3,6,16,63,6,0.17582417582417584,0.6923076923076923,0.06593406593406594,10,2.076923076923077,22,0.7142857142857143,4.43956043956044,low
add_chord_p0,add_chord,0,4801,770026612,"72,139,147",271,2168,92,3,3,6,16,64,6,0.17391304347826086,0.6956521739130435,0.06521739130434782,10,2.032608695652174,26,0.7065217391304348,4.445652173913044,low
add_chord_p0,add_chord,0,4801,770026612,"72,139,147",272,2176,93,3,3,6,17,64,6,0.1827956989247312,0.6881720430107527,0.06451612903225806,10,1.989247311827957,26,0.6989247311827957,4.451612903225806,low
add_chord_p0,add_chord,0,4801,770026612,"72,139,147",273,2184,95,3,3,7,17,65,6,0.17894736842105263,0.6842105263157895,0.06315789473684211,10,2.0105263157894737,25,0.6842105263157895,4.442105263157894,low
add_chord_p0,add_chord,0,4801,770026612,"72,139,147",274,2192,97,3,3,7,15,69,6,0.15463917525773196,0.711340206185567,0.061855670103092786,10,1.9690721649484537,26,0.6907216494845361,4.484536082474227,low
add_chord_p0,add_chord,0,4801,770026612,"72,139,147",275,2200,97,3,3,7,14,70,6,0.14432989690721648,0.7216494845360825,0.061855670103092786,10,2.0,26,0.6701030927835051,4.494845360824742,low
add_chord_p0,add_chord,0,4801,770026612,"72,139,147",276,2208,102,3,4,7,14,74,7,0.13725490196078433,0.7254901960784313,0.06862745098039216,10,1.8235294117647058,25,0.696078431372549,4.450980392156863,low
add_chord_p0,add_chord,0,4801,770026612,"72,139,147",277,2216,103,3,4,7,15,74,7,0.14563106796116504,0.7184466019417476,0.06796116504854369,10,1.8058252427184467,23,0.6990291262135923,4.427184466019417,low
add_chord_p0,add_chord,0,4801,770026612,"72,139,147",278,2224,105,3,5,7,16,74,8,0.1523809523809524,0.7047619047619048,0.0761904761904762,10,1.7523809523809524,21,0.780952380952381,4.371428571428571,low
add_chord_p0,add_chord,0,4801,770026612,"72,139,147",279,2232,103,3,4,7,15,74,7,0.14563106796116504,0.7184466019417476,0.06796116504854369,10,1.8349514563106797,22,0.7475728155339806,4.427184466019417,low
add_chord_p0,add_chord,0,4801,770026612,"72,139,147",280,2240,104,3,4,7,15,75,7,0.14423076923076922,0.7211538461538461,0.0673076923076923,10,1.8461538461538463,24,0.7307692307692307,4.4326923076923075,low
add_chord_p0,add_chord,0,4801,770026612,"72,139,147",281,2248,104,3,4,7,15,75,7,0.14423076923076922,0.7211538461538461,0.0673076923076923,10,1.8461538461538463,24,0.7307692307692307,4.4326923076923075,low
add_chord_p0,add_chord,0,4801,770026612,"72,139,147",282,2256,103,3,3,7,17,73,6,0.1650485436893204,0.7087378640776699,0.05825242718446602,10,1.8640776699029127,24,0.6504854368932039,4.41747572815534,low
add_chord_p0,add_chord,0,4801,770026612,"72,139,147",283,2264,105,3,3,8,17,74,6,0.1619047619047619,0.7047619047619048,0.05714285714285714,10,1.8476190476190477,24,0.6571428571428571,4.4,low
add_chord_p0,add_chord,0,4801,770026612,"72,139,147",284,2272,104,3,3,8,17,73,6,0.16346153846153846,0.7019230769230769,0.057692307692307696,10,1.8846153846153846,26,0.6634615384615384,4.403846153846154,low
add_chord_p0,add_chord,0,4801,770026612,"72,139,147",285,2280,104,3,3,8,18,72,6,0.17307692307692307,0.6923076923076923,0.057692307692307696,10,1.8846153846153846,27,0.6826923076923077,4.394230769230769,low
add_chord_p0,add_chord,0,4801,770026612,"72,139,147",286,2288,104,3,3,8,18,72,6,0.17307692307692307,0.6923076923076923,0.057692307692307696,10,1.8846153846153846,28,0.6826923076923077,4.4326923076923075,low
add_chord_p0,add_chord,0,4801,770026612,"72,139,147",287,2296,102,3,3,7,18,71,6,0.17647058823529413,0.696078431372549,0.058823529411764705,10,1.8823529411764706,28,0.6764705882352942,4.470588235294118,low
add_chord_p0,add_chord,0,4801,770026612,"72,139,147",288,2304,102,3,4,7,18,70,7,0.17647058823529413,0.6862745098039216,0.06862745098039216,10,1.8823529411764706,28,0.6764705882352942,4.421568627450981,low
add_chord_p0,add_chord,0,4801,770026612,"72,139,147",289,2312,101,3,4,7,17,70,7,0.16831683168316833,0.693069306930693,0.06930693069306931,10,1.9207920792079207,29,0.6633663366336634,4.415841584158416,low
add_chord_p0,add_chord,0,4801,770026612,"72,139,147",290,2320,101,3,4,7,16,71,7,0.15841584158415842,0.7029702970297029,0.06930693069306931,10,1.9306930693069306,29,0.6336633663366337,4.475247524752476,low
add_chord_p0,add_chord,0,4801,770026612,"72,139,147",291,2328,103,3,4,7,16,73,7,0.1553398058252427,0.7087378640776699,0.06796116504854369,10,1.912621359223301,29,0.6407766990291263,4.466019417475728,low
add_chord_p0,add_chord,0,4801,770026612,"72,139,147",292,2336,103,3,4,6,17,73,7,0.1650485436893204,0.7087378640776699,0.06796116504854369,11,1.825242718446602,36,0.6019417475728155,4.504854368932039,low
add_chord_p0,add_chord,0,4801,770026612,"72,139,147",293,2344,104,3,4,6,17,74,7,0.16346153846153846,0.7115384615384616,0.0673076923076923,11,1.7980769230769231,36,0.6057692307692307,4.509615384615385,low
add_chord_p0,add_chord,0,4801,770026612,"72,139,147",294,2352,106,3,4,6,18,75,7,0.16981132075471697,0.7075471698113207,0.0660377358490566,11,1.8396226415094339,34,0.6037735849056604,4.481132075471698,low
add_chord_p0,add_chord,0,4801,770026612,"72,139,147",295,2360,106,3,4,6,18,75,7,0.16981132075471697,0.7075471698113207,0.0660377358490566,11,1.830188679245283,33,0.6132075471698113,4.509433962264151,low
add_chord_p0,add_chord,0,4801,770026612,"72,139,147",296,2368,106,3,5,6,18,74,8,0.16981132075471697,0.6981132075471698,0.07547169811320754,11,1.830188679245283,32,0.6132075471698113,4.490566037735849,low
add_chord_p0,add_chord,0,4801,770026612,"72,139,147",297,2376,102,3,5,6,17,71,8,0.16666666666666666,0.696078431372549,0.0784313725490196,11,1.911764705882353,31,0.6176470588235294,4.490196078431373,low
add_chord_p0,add_chord,0,4801,770026612,"72,139,147",298,2384,103,3,5,6,17,72,8,0.1650485436893204,0.6990291262135923,0.07766990291262135,11,1.8932038834951457,31,0.6213592233009708,4.495145631067961,low
add_chord_p0,add_chord,0,4801,770026612,"72,139,147",299,2392,103,3,5,7,17,71,8,0.1650485436893204,0.6893203883495146,0.07766990291262135,11,1.8932038834951457,31,0.6213592233009708,4.446601941747573,low
add_chord_p0,add_chord,0,4801,770026612,"72,139,147",300,2400,104,3,5,7,18,71,8,0.17307692307692307,0.6826923076923077,0.07692307692307693,11,1.875,29,0.625,4.4326923076923075,low
add_chord_p0,add_chord,0,4801,770026612,"72,139,147",301,2408,105,3,5,6,18,73,8,0.17142857142857143,0.6952380952380952,0.0761904761904762,11,1.819047619047619,30,0.6571428571428571,4.457142857142857,low
add_chord_p0,add_chord,0,4801,770026612,"72,139,147",302,2416,105,3,5,6,17,74,8,0.1619047619047619,0.7047619047619048,0.0761904761904762,11,1.819047619047619,31,0.638095238095238,4.457142857142857,low
add_chord_p0,add_chord,0,4801,770026612,"72,139,147",303,2424,105,3,6,6,16,74,9,0.1523809523809524,0.7047619047619048,0.08571428571428572,11,1.819047619047619,30,0.6476190476190476,4.419047619047619,low
add_chord_p0,add_chord,0,4801,770026612,"72,139,147",304,2432,106,3,6,6,16,75,9,0.1509433962264151,0.7075471698113207,0.08490566037735849,11,1.8396226415094339,32,0.6415094339622641,4.433962264150943,low
add_chord_p0,add_chord,0,4801,770026612,"72,139,147",305,2440,108,3,7,7,17,74,10,0.1574074074074074,0.6851851851851852,0.09259259259259259,11,1.8703703703703705,28,0.7037037037037037,4.361111111111111,low
add_chord_p0,add_chord,0,4801,770026612,"72,139,147",306,2448,111,3,7,7,18,76,10,0.16216216216216217,0.6846846846846847,0.09009009009009009,11,1.90990990990991,33,0.6486486486486487,4.423423423423423,low
add_chord_p0,add_chord,0,4801,770026612,"72,139,147",307,2456,114,3,7,8,16,80,10,0.14035087719298245,0.7017543859649122,0.08771929824561403,11,1.7719298245614035,32,0.6578947368421053,4.4298245614035086,low
add_chord_p0,add_chord,0,4801,770026612,"72,139,147",308,2464,116,3,7,8,17,81,10,0.14655172413793102,0.6982758620689655,0.08620689655172414,11,1.7672413793103448,34,0.6637931034482759,4.431034482758621,low
add_chord_p0,add_chord,0,4801,770026612,"72,139,147",309,2472,116,3,7,8,18,80,10,0.15517241379310345,0.6896551724137931,0.08620689655172414,11,1.7241379310344827,32,0.6724137931034483,4.439655172413793,low
add_chord_p0,add_chord,0,4801,770026612,"72,139,147",310,2480,115,3,7,7,18,80,10,0.1565217391304348,0.6956521739130435,0.08695652173913043,11,1.7391304347826086,31,0.6782608695652174,4.478260869565218,low
add_chord_p0,add_chord,0,4801,770026612,"72,139,147",311,2488,113,3,7,6,19,78,10,0.168141592920354,0.6902654867256637,0.08849557522123894,11,1.7787610619469028,33,0.6017699115044248,4.495575221238938,low
add_chord_p0,add_chord,0,4801,770026612,"72,139,147",312,2496,114,3,7,6,17,81,10,0.14912280701754385,0.7105263157894737,0.08771929824561403,11,1.763157894736842,34,0.5964912280701754,4.526315789473684,low
add_chord_p0,add_chord,0,4801,770026612,"72,139,147",313,2504,112,3,6,6,18,79,9,0.16071428571428573,0.7053571428571429,0.08035714285714286,11,1.8571428571428572,37,0.5892857142857143,4.553571428571429,low
add_chord_p0,add_chord,0,4801,770026612,"72,139,147",314,2512,113,3,6,7,18,79,9,0.1592920353982301,0.6991150442477876,0.07964601769911504,11,1.8672566371681416,37,0.5929203539823009,4.566371681415929,low
add_chord_p0,add_chord,0,4801,770026612,"72,139,147",315,2520,114,3,6,8,17,80,9,0.14912280701754385,0.7017543859649122,0.07894736842105263,11,1.8508771929824561,33,0.6578947368421053,4.552631578947368,low
add_chord_p0,add_chord,0,4801,770026612,"72,139,147",316,2528,113,3,6,8,17,79,9,0.1504424778761062,0.6991150442477876,0.07964601769911504,11,1.8849557522123894,33,0.6637168141592921,4.566371681415929,low
add_chord_p0,add_chord,0,4801,770026612,"72,139,147",317,2536,114,3,6,8,17,80,9,0.14912280701754385,0.7017543859649122,0.07894736842105263,11,1.868421052631579,31,0.6754385964912281,4.535087719298246,low
add_chord_p0,add_chord,0,4801,770026612,"72,139,147",318,2544,112,3,5,8,17,79,8,0.15178571428571427,0.7053571428571429,0.07142857142857142,11,1.9285714285714286,30,0.6785714285714286,4.526785714285714,low
add_chord_p0,add_chord,0,4801,770026612,"72,139,147",319,2552,108,3,5,8,17,75,8,0.1574074074074074,0.6944444444444444,0.07407407407407407,11,2.0185185185185186,27,0.7037037037037037,4.462962962962963,low
add_chord_p0,add_chord,0,4801,770026612,"72,139,147",320,2560,113,3,5,9,16,80,8,0.1415929203539823,0.7079646017699115,0.07079646017699115,11,1.9026548672566372,28,0.6991150442477876,4.469026548672566,low
add_chord_p0,add_chord,0,4861,770026672,"72,139,147",0,0,2,2,0,0,0,0,2,0.0,0.0,1.0,0,5.0,2,0.5,0.0,low
add_chord_p0,add_chord,0,4861,770026672,"72,139,147",1,8,2,2,0,0,0,0,2,0.0,0.0,1.0,0,5.0,2,0.5,0.0,low
add_chord_p0,add_chord,0,4861,770026672,"72,139,147",2,16,2,2,0,0,0,0,2,0.0,0.0,1.0,0,5.0,2,0.5,0.0,low
add_chord_p0,add_chord,0,4861,770026672,"72,139,147",3,24,2,2,0,0,0,0,2,0.0,0.0,1.0,0,5.0,2,0.5,0.0,low
add_chord_p0,add_chord,0,4861,770026672,"72,139,147",4,32,2,2,0,0,0,0,2,0.0,0.0,1.0,0,5.0,2,0.5,0.0,low
add_chord_p0,add_chord,0,4861,770026672,"72,139,147",5,40,2,2,0,0,0,0,2,0.0,0.0,1.0,0,5.0,2,0.5,0.0,low
add_chord_p0,add_chord,0,4861,770026672,"72,139,147",6,48,2,2,0,0,0,0,2,0.0,0.0,1.0,0,5.0,2,0.5,0.0,low
add_chord_p0,add_chord,0,4861,770026672,"72,139,147",7,56,2,2,0,0,0,0,2,0.0,0.0,1.0,0,5.0,2,0.5,0.0,low
add_chord_p0,add_chord,0,4861,770026672,"72,139,147",8,64,3,2,0,0,0,1,2,0.0,0.3333333333333333,0.6666666666666666,12,6.0,3,0.3333333333333333,4.0,low
add_chord_p0,add_chord,0,4861,770026672,"72,139,147",9,72,3,2,0,0,0,1,2,0.0,0.3333333333333333,0.6666666666666666,12,6.0,3,0.3333333333333333,4.0,low
add_chord_p0,add_chord,0,4861,770026672,"72,139,147",10,80,3,2,0,0,0,1,2,0.0,0.3333333333333333,0.6666666666666666,12,6.0,3,0.3333333333333333,4.0,low
add_chord_p0,add_chord,0,4861,770026672,"72,139,147",11,88,3,2,0,0,0,1,2,0.0,0.3333333333333333,0.6666666666666666,12,6.0,3,0.3333333333333333,4.0,low
add_chord_p0,add_chord,0,4861,770026672,"72,139,147",12,96,4,2,1,0,0,1,3,0.0,0.25,0.75,13,3.25,3,0.5,3.5,low
add_chord_p0,add_chord,0,4861,770026672,"72,139,147",13,104,4,2,1,0,0,1,3,0.0,0.25,0.75,13,3.25,3,0.5,3.5,low
add_chord_p0,add_chord,0,4861,770026672,"72,139,147",14,112,4,2,1,0,0,1,3,0.0,0.25,0.75,13,3.25,3,0.5,3.5,low
add_chord_p0,add_chord,0,4861,770026672,"72,139,147",15,120,4,2,1,0,0,1,3,0.0,0.25,0.75,13,3.25,3,0.5,3.5,low
add_chord_p0,add_chord,0,4861,770026672,"72,139,147",16,128,3,2,0,0,0,1,2,0.0,0.3333333333333333,0.6666666666666666,13,5.0,3,0.3333333333333333,4.333333333333333,low
add_chord_p0,add_chord,0,4861,770026672,"72,139,147",17,136,4,2,1,0,0,1,3,0.0,0.25,0.75,13,4.75,3,0.5,3.5,low
add_chord_p0,add_chord,0,4861,770026672,"72,139,147",18,144,4,2,1,0,0,1,3,0.0,0.25,0.75,13,4.75,3,0.5,3.5,low
add_chord_p0,add_chord,0,4861,770026672,"72,139,147",19,152,5,2,1,0,1,1,3,0.2,0.2,0.6,12,5.6,4,0.4,3.2,low
add_chord_p0,add_chord,0,4861,770026672,"72,139,147",20,160,5,2,1,0,1,1,3,0.2,0.2,0.6,12,5.6,4,0.4,3.2,low
add_chord_p0,add_chord,0,4861,770026672,"72,139,147",21,168,5,2,1,0,0,2,3,0.0,0.4,0.6,12,5.0,4,0.4,3.4,low
add_chord_p0,add_chord,0,4861,770026672,"72,139,147",22,176,5,2,1,0,0,2,3,0.0,0.4,0.6,12,5.0,4,0.4,3.4,low
add_chord_p0,add_chord,0,4861,770026672,"72,139,147",23,184,5,2,1,0,0,2,3,0.0,0.4,0.6,12,5.0,4,0.4,3.4,low
add_chord_p0,add_chord,0,4861,770026672,"72,139,147",24,192,4,2,0,0,1,1,2,0.25,0.25,0.5,13,4.25,4,0.25,4.0,low
add_chord_p0,add_chord,0,4861,770026672,"72,139,147",25,200,4,2,0,0,1,1,2,0.25,0.25,0.5,13,4.25,4,0.25,4.0,low
add_chord_p0,add_chord,0,4861,770026672,"72,139,147",26,208,4,2,0,0,1,1,2,0.25,0.25,0.5,13,4.25,4,0.25,4.0,low
add_chord_p0,add_chord,0,4861,770026672,"72,139,147",27,216,4,2,0,0,1,1,2,0.25,0.25,0.5,13,4.25,4,0.25,4.0,low
add_chord_p0,add_chord,0,4861,770026672,"72,139,147",28,224,4,2,0,0,1,1,2,0.25,0.25,0.5,13,4.25,4,0.25,4.0,low
add_chord_p0,add_chord,0,4861,770026672,"72,139,147",29,232,4,2,0,0,1,1,2,0.25,0.25,0.5,13,4.25,4,0.25,4.0,low
add_chord_p0,add_chord,0,4861,770026672,"72,139,147",30,240,6,2,0,0,1,3,2,0.16666666666666666,0.5,0.3333333333333333,13,3.0,5,0.3333333333333333,5.5,low
add_chord_p0,add_chord,0,4861,770026672,"72,139,147",31,248,6,2,0,0,1,3,2,0.16666666666666666,0.5,0.3333333333333333,13,3.0,5,0.3333333333333333,5.5,low
add_chord_p0,add_chord,0,4861,770026672,"72,139,147",32,256,6,2,0,0,1,3,2,0.16666666666666666,0.5,0.3333333333333333,13,3.0,6,0.16666666666666666,5.5,low
add_chord_p0,add_chord,0,4861,770026672,"72,139,147",33,264,6,2,0,0,1,3,2,0.16666666666666666,0.5,0.3333333333333333,13,3.0,6,0.16666666666666666,5.5,low
add_chord_p0,add_chord,0,4861,770026672,"72,139,147",34,272,6,2,0,0,1,3,2,0.16666666666666666,0.5,0.3333333333333333,13,3.0,6,0.16666666666666666,5.5,low
add_chord_p0,add_chord,0,4861,770026672,"72,139,147",35,280,6,2,0,0,1,3,2,0.16666666666666666,0.5,0.3333333333333333,13,3.0,6,0.16666666666666666,5.5,low
add_chord_p0,add_chord,0,4861,770026672,"72,139,147",36,288,6,2,0,0,1,3,2,0.16666666666666666,0.5,0.3333333333333333,13,3.0,6,0.16666666666666666,5.5,low
add_chord_p0,add_chord,0,4861,770026672,"72,139,147",37,296,6,2,0,0,1,3,2,0.16666666666666666,0.5,0.3333333333333333,13,3.0,6,0.16666666666666666,5.5,low
add_chord_p0,add_chord,0,4861,770026672,"72,139,147",38,304,6,2,0,0,1,3,2,0.16666666666666666,0.5,0.3333333333333333,13,3.0,6,0.16666666666666666,5.5,low
add_chord_p0,add_chord,0,4861,770026672,"72,139,147",39,312,6,2,0,0,1,3,2,0.16666666666666666,0.5,0.3333333333333333,13,3.0,6,0.16666666666666666,5.5,low
add_chord_p0,add_chord,0,4861,770026672,"72,139,147",40,320,5,2,0,0,1,2,2,0.2,0.4,0.4,13,3.0,5,0.2,4.0,low
add_chord_p0,add_chord,0,4861,770026672,"72,139,147",41,328,5,2,0,0,1,2,2,0.2,0.4,0.4,13,3.0,5,0.2,4.0,low
add_chord_p0,add_chord,0,4861,770026672,"72,139,147",42,336,6,2,0,0,2,2,2,0.3333333333333333,0.3333333333333333,0.3333333333333333,13,5.5,6,0.16666666666666666,3.8333333333333335,low
add_chord_p0,add_chord,0,4861,770026672,"72,139,147",43,344,6,2,0,0,2,2,2,0.3333333333333333,0.3333333333333333,0.3333333333333333,13,5.5,6,0.16666666666666666,3.8333333333333335,low
add_chord_p0,add_chord,0,4861,770026672,"72,139,147",44,352,7,2,0,0,2,3,2,0.2857142857142857,0.42857142857142855,0.2857142857142857,12,5.571428571428571,6,0.2857142857142857,3.7142857142857144,low
add_chord_p0,add_chord,0,4861,770026672,"72,139,147",45,360,8,2,0,1,2,3,2,0.25,0.375,0.25,13,5.875,7,0.25,4.5,low
add_chord_p0,add_chord,0,4861,770026672,"72,139,147",46,368,8,2,0,0,1,5,2,0.125,0.625,0.25,14,2.875,7,0.25,4.875,low
add_chord_p0,add_chord,0,4861,770026672,"72,139,147",47,376,8,2,0,0,2,4,2,0.25,0.5,0.25,14,3.125,7,0.25,4.625,low
add_chord_p0,add_chord,0,4861,770026672,"72,139,147",48,384,8,2,0,0,2,4,2,0.25,0.5,0.25,14,3.125,7,0.25,4.625,low
add_chord_p0,add_chord,0,4861,770026672,"72,139,147",49,392,8,2,0,0,2,4,2,0.25,0.5,0.25,14,3.125,7,0.25,4.625,low
add_chord_p0,add_chord,0,4861,770026672,"72,139,147",50,400,8,2,0,0,3,3,2,0.375,0.375,0.25,14,5.5,8,0.125,4.625,low
add_chord_p0,add_chord,0,4861,770026672,"72,139,147",51,408,8,2,0,0,3,3,2,0.375,0.375,0.25,13,5.25,7,0.25,4.5,low
add_chord_p0,add_chord,0,4861,770026672,"72,139,147",52,416,8,2,0,0,2,4,2,0.25,0.5,0.25,14,5.25,8,0.125,4.625,low
add_chord_p0,add_chord,0,4861,770026672,"72,139,147",53,424,8,2,0,0,2,4,2,0.25,0.5,0.25,14,5.0,8,0.125,4.875,low
add_chord_p0,add_chord,0,4861,770026672,"72,139,147",54,432,8,2,0,0,2,4,2,0.25,0.5,0.25,14,5.25,8,0.125,4.625,low
add_chord_p0,add_chord,0,4861,770026672,"72,139,147",55,440,8,2,0,0,3,3,2,0.375,0.375,0.25,14,4.75,7,0.25,4.625,low
add_chord_p0,add_chord,0,4861,770026672,"72,139,147",56,448,8,2,0,0,3,3,2,0.375,0.375,0.25,14,4.75,7,0.25,4.625,low
add_chord_p0,add_chord,0,4861,770026672,"72,139,147",57,456,9,2,0,0,2,5,2,0.2222222222222222,0.5555555555555556,0.2222222222222222,14,3.2222222222222223,7,0.2222222222222222,4.666666666666667,low
add_chord_p0,add_chord,0,4861,770026672,"72,139,147",58,464,8,2,0,1,1,4,2,0.125,0.5,0.25,14,4.5,7,0.25,4.625,low
add_chord_p0,add_chord,0,4861,770026672,"72,139,147",59,472,9,2,0,1,1,5,2,0.1111111111111111,0.5555555555555556,0.2222222222222222,14,4.333333333333333,7,0.3333333333333333,4.444444444444445,low
add_chord_p0,add_chord,0,4861,770026672,"72,139,147",60,480,10,2,0,1,1,6,2,0.1,0.6,0.2,13,4.4,8,0.3,5.3,low
add_chord_p0,add_chord,0,4861,770026672,"72,139,147",61,488,10,2,0,0,2,6,2,0.2,0.6,0.2,14,4.0,9,0.2,5.4,low
add_chord_p0,add_chord,0,4861,770026672,"72,139,147",62,496,10,2,0,0,1,7,2,0.1,0.7,0.2,13,3.6,9,0.2,5.5,mid
add_chord_p0,add_chord,0,4861,770026672,"72,139,147",63,504,10,2,0,0,1,7,2,0.1,0.7,0.2,13,3.6,9,0.2,5.5,mid
add_chord_p0,add_chord,0,4861,770026672,"72,139,147",64,512,10,2,0,0,1,7,2,0.1,0.7,0.2,13,3.6,9,0.2,5.5,mid
add_chord_p0,add_chord,0,4861,770026672,"72,139,147",65,520,10,2,0,0,1,7,2,0.1,0.7,0.2,13,3.6,9,0.2,5.5,mid
add_chord_p0,add_chord,0,4861,770026672,"72,139,147",66,528,10,2,0,1,1,6,2,0.1,0.6,0.2,14,3.4,9,0.2,5.4,low
add_chord_p0,add_chord,0,4861,770026672,"72,139,147",67,536,10,2,0,1,1,6,2,0.1,0.6,0.2,14,3.4,9,0.2,5.4,low
add_chord_p0,add_chord,0,4861,770026672,"72,139,147",68,544,10,2,0,1,1,6,2,0.1,0.6,0.2,14,3.4,9,0.2,5.4,low
add_chord_p0,add_chord,0,4861,770026672,"72,139,147",69,552,10,2,0,1,1,6,2,0.1,0.6,0.2,14,3.4,9,0.2,5.4,low
add_chord_p0,add_chord,0,4861,770026672,"72,139,147",70,560,9,2,1,0,1,5,3,0.1111111111111111,0.5555555555555556,0.3333333333333333,13,3.888888888888889,7,0.2222222222222222,4.444444444444445,low
add_chord_p0,add_chord,0,4861,770026672,"72,139,147",71,568,9,2,1,0,1,5,3,0.1111111111111111,0.5555555555555556,0.3333333333333333,13,3.888888888888889,7,0.2222222222222222,4.444444444444445,low
add_chord_p0,add_chord,0,4861,770026672,"72,139,147",72,576,9,2,1,0,1,5,3,0.1111111111111111,0.5555555555555556,0.3333333333333333,13,3.888888888888889,7,0.2222222222222222,4.444444444444445,low
add_chord_p0,add_chord,0,4861,770026672,"72,139,147",73,584,9,2,1,0,2,4,3,0.2222222222222222,0.4444444444444444,0.3333333333333333,13,3.888888888888889,7,0.2222222222222222,4.444444444444445,low
add_chord_p0,add_chord,0,4861,770026672,"72,139,147",74,592,11,2,0,2,2,5,2,0.18181818181818182,0.45454545454545453,0.18181818181818182,14,4.545454545454546,7,0.36363636363636365,5.181818181818182,low
add_chord_p0,add_chord,0,4861,770026672,"72,139,147",75,600,11,2,0,2,1,6,2,0.09090909090909091,0.5454545454545454,0.18181818181818182,15,4.636363636363637,9,0.2727272727272727,5.363636363636363,low
add_chord_p0,add_chord,0,4861,770026672,"72,139,147",76,608,11,2,0,2,1,6,2,0.09090909090909091,0.5454545454545454,0.18181818181818182,15,4.636363636363637,9,0.2727272727272727,5.363636363636363,low
add_chord_p0,add_chord,0,4861,770026672,"72,139,147",77,616,11,2,0,1,2,6,2,0.18181818181818182,0.5454545454545454,0.18181818181818182,16,3.3636363636363638,9,0.2727272727272727,5.545454545454546,low
add_chord_p0,add_chord,0,4861,770026672,"72,139,147",78,624,11,2,0,1,2,6,2,0.18181818181818182,0.5454545454545454,0.18181818181818182,16,3.3636363636363638,9,0.2727272727272727,5.545454545454546,low
add_chord_p0,add_chord,0,4861,770026672,"72,139,147",79,632,11,2,0,1,2,6,2,0.18181818181818182,0.5454545454545454,0.18181818181818182,16,4.0,10,0.18181818181818182,5.545454545454546,low
add_chord_p0,add_chord,0,4861,770026672,"72,139,147",80,640,11,2,0,1,2,6,2,0.18181818181818182,0.5454545454545454,0.18181818181818182,16,4.0,10,0.18181818181818182,5.545454545454546,low
add_chord_p0,add_chord,0,4861,770026672,"72,139,147",81,648,13,2,0,1,3,7,2,0.23076923076923078,0.5384615384615384,0.15384615384615385,16,5.230769230769231,10,0.23076923076923078,5.230769230769231,low
add_chord_p0,add_chord,0,4861,770026672,"72,139,147",82,656,14,2,0,1,3,8,2,0.21428571428571427,0.5714285714285714,0.14285714285714285,16,4.785714285714286,10,0.2857142857142857,5.142857142857143,low
add_chord_p0,add_chord,0,4861,770026672,"72,139,147",83,664,14,2,0,1,2,9,2,0.14285714285714285,0.6428571428571429,0.14285714285714285,16,4.5,11,0.2857142857142857,5.285714285714286,mid
add_chord_p0,add_chord,0,4861,770026672,"72,139,147",84,672,14,2,0,1,2,9,2,0.14285714285714285,0.6428571428571429,0.14285714285714285,16,4.5,11,0.2857142857142857,5.285714285714286,mid
add_chord_p0,add_chord,0,4861,770026672,"72,139,147",85,680,14,2,0,1,2,9,2,0.14285714285714285,0.6428571428571429,0.14285714285714285,16,4.5,11,0.2857142857142857,5.285714285714286,mid
add_chord_p0,add_chord,0,4861,770026672,"72,139,147",86,688,17,2,0,0,3,12,2,0.17647058823529413,0.7058823529411765,0.11764705882352941,16,3.823529411764706,11,0.4117647058823529,5.176470588235294,mid
add_chord_p0,add_chord,0,4861,770026672,"72,139,147",87,696,17,2,0,1,2,12,2,0.11764705882352941,0.7058823529411765,0.11764705882352941,16,3.7058823529411766,11,0.4117647058823529,5.117647058823529,mid
add_chord_p0,add_chord,0,4861,770026672,"72,139,147",88,704,18,2,0,1,2,13,2,0.1111111111111111,0.7222222222222222,0.1111111111111111,16,3.5,11,0.4444444444444444,5.111111111111111,mid
add_chord_p0,add_chord,0,4861,770026672,"72,139,147",89,712,18,2,0,1,2,13,2,0.1111111111111111,0.7222222222222222,0.1111111111111111,16,3.5,11,0.4444444444444444,5.111111111111111,mid
add_chord_p0,add_chord,0,4861,770026672,"72,139,147",90,720,18,2,0,1,2,13,2,0.1111111111111111,0.7222222222222222,0.1111111111111111,16,3.5,11,0.4444444444444444,5.111111111111111,mid
add_chord_p0,add_chord,0,4861,770026672,"72,139,147",91,728,18,2,0,1,2,13,2,0.1111111111111111,0.7222222222222222,0.1111111111111111,16,3.4444444444444446,11,0.4444444444444444,5.111111111111111,mid
add_chord_p0,add_chord,0,4861,770026672,"72,139,147",92,736,19,2,0,1,3,13,2,0.15789473684210525,0.6842105263157895,0.10526315789473684,15,3.3684210526315788,10,0.42105263157894735,4.947368421052632,low
add_chord_p0,add_chord,0,4861,770026672,"72,139,147",93,744,21,2,0,1,3,15,2,0.14285714285714285,0.7142857142857143,0.09523809523809523,15,2.9523809523809526,10,0.47619047619047616,4.904761904761905,low
add_chord_p0,add_chord,0,4861,770026672,"72,139,147",94,752,21,2,0,1,3,15,2,0.14285714285714285,0.7142857142857143,0.09523809523809523,15,2.9523809523809526,10,0.47619047619047616,4.904761904761905,low
add_chord_p0,add_chord,0,4861,770026672,"72,139,147",95,760,20,2,0,0,4,14,2,0.2,0.7,0.1,15,3.2,12,0.45,4.95,low
add_chord_p0,add_chord,0,4861,770026672,"72,139,147",96,768,20,2,0,0,4,14,2,0.2,0.7,0.1,15,3.2,12,0.45,4.95,low
add_chord_p0,add_chord,0,4861,770026672,"72,139,147",97,776,21,2,0,0,3,16,2,0.14285714285714285,0.7619047619047619,0.09523809523809523,15,2.857142857142857,12,0.47619047619047616,5.0,mid
add_chord_p0,add_chord,0,4861,770026672,"72,139,147",98,784,20,2,0,1,2,15,2,0.1,0.75,0.1,15,3.75,13,0.4,5.0,mid
add_chord_p0,add_chord,0,4861,770026672,"72,139,147",99,792,23,2,0,1,2,18,2,0.08695652173913043,0.782608695652174,0.08695652173913043,15,3.5217391304347827,14,0.391304347826087,4.869565217391305,low
add_chord_p0,add_chord,0,4861,770026672,"72,139,147",100,800,23,2,0,1,2,18,2,0.08695652173913043,0.782608695652174,0.08695652173913043,15,3.869565217391304,15,0.34782608695652173,4.956521739130435,low
add_chord_p0,add_chord,0,4861,770026672,"72,139,147",101,808,23,2,0,1,3,17,2,0.13043478260869565,0.7391304347826086,0.08695652173913043,15,3.8260869565217392,14,0.34782608695652173,4.956521739130435,low
add_chord_p0,add_chord,0,4861,770026672,"72,139,147",102,816,24,2,0,2,3,17,2,0.125,0.7083333333333334,0.08333333333333333,15,4.25,15,0.375,4.75,low
add_chord_p0,add_chord,0,4861,770026672,"72,139,147",103,824,24,2,0,2,3,17,2,0.125,0.7083333333333334,0.08333333333333333,15,4.25,15,0.375,4.75,low
add_chord_p0,add_chord,0,4861,770026672,"72,139,147",104,832,24,2,0,1,2,19,2,0.08333333333333333,0.7916666666666666,0.08333333333333333,15,3.875,15,0.375,4.833333333333333,low
add_chord_p0,add_chord,0,4861,770026672,"72,139,147",105,840,24,2,0,1,3,18,2,0.125,0.75,0.08333333333333333,15,3.75,17,0.3333333333333333,4.833333333333333,low
add_chord_p0,add_chord,0,4861,770026672,"72,139,147",106,848,23,2,0,1,3,17,2,0.13043478260869565,0.7391304347826086,0.08695652173913043,15,3.6956521739130435,16,0.34782608695652173,4.869565217391305,low
add_chord_p0,add_chord,0,4861,770026672,"72,139,147",107,856,22,2,0,1,4,15,2,0.18181818181818182,0.6818181818181818,0.09090909090909091,15,3.9545454545454546,15,0.3181818181818182,4.7727272727272725,low
add_chord_p0,add_chord,0,4861,770026672,"72,139,147",108,864,22,2,0,1,3,16,2,0.13636363636363635,0.7272727272727273,0.09090909090909091,15,3.8181818181818183,16,0.3181818181818182,4.818181818181818,low
add_chord_p0,add_chord,0,4861,770026672,"72,139,147",109,872,21,2,0,1,4,14,2,0.19047619047619047,0.6666666666666666,0.09523809523809523,15,4.095238095238095,15,0.2857142857142857,4.809523809523809,low
add_chord_p0,add_chord,0,4861,770026672,"72,139,147",110,880,24,2,0,1,4,17,2,0.16666666666666666,0.7083333333333334,0.08333333333333333,15,3.9166666666666665,15,0.3333333333333333,5.416666666666667,mid
add_chord_p0,add_chord,0,4861,770026672,"72,139,147",111,888,26,2,0,1,5,18,2,0.19230769230769232,0.6923076923076923,0.07692307692307693,15,3.923076923076923,16,0.38461538461538464,5.346153846153846,mid
add_chord_p0,add_chord,0,4861,770026672,"72,139,147",112,896,23,2,0,1,4,16,2,0.17391304347826086,0.6956521739130435,0.08695652173913043,15,3.8260869565217392,22,0.08695652173913043,5.565217391304348,mid
add_chord_p0,add_chord,0,4861,770026672,"72,139,147",113,904,24,2,0,1,4,17,2,0.16666666666666666,0.7083333333333334,0.08333333333333333,15,3.6666666666666665,22,0.08333333333333333,5.583333333333333,mid
add_chord_p0,add_chord,0,4861,770026672,"72,139,147",114,912,24,2,0,2,3,17,2,0.125,0.7083333333333334,0.08333333333333333,15,3.75,22,0.08333333333333333,5.583333333333333,mid
add_chord_p0,add_chord,0,4861,770026672,"72,139,147",115,920,27,2,0,3,3,19,2,0.1111111111111111,0.7037037037037037,0.07407407407407407,15,4.074074074074074,18,0.2222222222222222,5.407407407407407,mid
add_chord_p0,add_chord,0,4861,770026672,"72,139,147",116,928,27,2,0,3,3,19,2,0.1111111111111111,0.7037037037037037,0.07407407407407407,16,4.185185185185185,17,0.2962962962962963,5.407407407407407,mid
add_chord_p0,add_chord,0,4861,770026672,"72,139,147",117,936,28,2,0,3,2,21,2,0.07142857142857142,0.75,0.07142857142857142,16,3.75,15,0.2857142857142857,5.357142857142857,mid
add_chord_p0,add_chord,0,4861,770026672,"72,139,147",118,944,27,2,0,3,2,20,2,0.07407407407407407,0.7407407407407407,0.07407407407407407,16,4.037037037037037,15,0.2962962962962963,5.37037037037037,mid
add_chord_p0,add_chord,0,4861,770026672,"72,139,147",119,952,28,2,0,3,3,20,2,0.10714285714285714,0.7142857142857143,0.07142857142857142,16,4.107142857142857,15,0.32142857142857145,5.25,mid
add_chord_p0,add_chord,0,4861,770026672,"72,139,147",120,960,31,2,0,4,3,22,2,0.0967741935483871,0.7096774193548387,0.06451612903225806,16,3.838709677419355,15,0.3225806451612903,5.161290322580645,mid
add_chord_p0,add_chord,0,4861,770026672,"72,139,147",121,968,31,2,0,4,3,22,2,0.0967741935483871,0.7096774193548387,0.06451612903225806,16,3.6451612903225805,16,0.2903225806451613,5.225806451612903,mid
add_chord_p0,add_chord,0,4861,770026672,"72,139,147",122,976,31,2,0,4,4,21,2,0.12903225806451613,0.6774193548387096,0.06451612903225806,16,3.5806451612903225,14,0.5161290322580645,5.193548387096774,mid
add_chord_p0,add_chord,0,4861,770026672,"72,139,147",123,984,31,2,0,4,4,21,2,0.12903225806451613,0.6774193548387096,0.06451612903225806,16,3.5483870967741935,14,0.5161290322580645,5.193548387096774,mid
add_chord_p0,add_chord,0,4861,770026672,"72,139,147",124,992,31,2,0,4,4,21,2,0.12903225806451613,0.6774193548387096,0.06451612903225806,16,3.5483870967741935,14,0.5161290322580645,5.193548387096774,mid
add_chord_p0,add_chord,0,4861,770026672,"72,139,147",125,1000,31,2,0,4,3,22,2,0.0967741935483871,0.7096774193548387,0.06451612903225806,16,3.5161290322580645,18,0.25806451612903225,5.258064516129032,mid
add_chord_p0,add_chord,0,4861,770026672,"72,139,147",126,1008,31,2,0,4,2,23,2,0.06451612903225806,0.7419354838709677,0.06451612903225806,16,3.6774193548387095,18,0.25806451612903225,5.258064516129032,mid
add_chord_p0,add_chord,0,4861,770026672,"72,139,147",127,1016,32,2,1,3,2,24,3,0.0625,0.75,0.09375,16,3.53125,16,0.375,5.1875,mid
add_chord_p0,add_chord,0,4861,770026672,"72,139,147",128,1024,32,2,1,3,2,24,3,0.0625,0.75,0.09375,16,3.53125,16,0.375,5.1875,mid
add_chord_p0,add_chord,0,4861,770026672,"72,139,147",129,1032,34,2,1,3,2,26,3,0.058823529411764705,0.7647058823529411,0.08823529411764706,16,3.6176470588235294,17,0.3235294117647059,5.529411764705882,mid
add_chord_p0,add_chord,0,4861,770026672,"72,139,147",130,1040,35,2,1,3,3,26,3,0.08571428571428572,0.7428571428571429,0.08571428571428572,16,3.5714285714285716,17,0.34285714285714286,5.457142857142857,mid
add_chord_p0,add_chord,0,4861,770026672,"72,139,147",131,1048,37,2,1,3,3,28,3,0.08108108108108109,0.7567567567567568,0.08108108108108109,16,3.189189189189189,18,0.35135135135135137,5.4324324324324325,mid
add_chord_p0,add_chord,0,4861,770026672,"72,139,147",132,1056,36,2,1,3,3,27,3,0.08333333333333333,0.75,0.08333333333333333,16,3.2777777777777777,17,0.3611111111111111,5.194444444444445,mid
add_chord_p0,add_chord,0,4861,770026672,"72,139,147",133,1064,36,2,1,3,3,27,3,0.08333333333333333,0.75,0.08333333333333333,16,3.361111111111111,18,0.3333333333333333,5.222222222222222,mid
add_chord_p0,add_chord,0,4861,770026672,"72,139,147",134,1072,36,2,1,3,4,26,3,0.1111111111111111,0.7222222222222222,0.08333333333333333,16,3.4444444444444446,17,0.3611111111111111,5.166666666666667,mid
add_chord_p0,add_chord,0,4861,770026672,"72,139,147",135,1080,36,2,1,3,4,26,3,0.1111111111111111,0.7222222222222222,0.08333333333333333,16,3.4722222222222223,17,0.3611111111111111,5.166666666666667,mid
add_chord_p0,add_chord,0,4861,770026672,"72,139,147",136,1088,35,2,0,4,4,25,2,0.11428571428571428,0.7142857142857143,0.05714285714285714,16,3.6285714285714286,19,0.2571428571428571,5.228571428571429,mid
add_chord_p0,add_chord,0,4861,770026672,"72,139,147",137,1096,36,2,0,4,3,27,2,0.08333333333333333,0.75,0.05555555555555555,16,3.4722222222222223,20,0.25,5.277777777777778,mid
add_chord_p0,add_chord,0,4861,770026672,"72,139,147",138,1104,36,2,0,4,3,27,2,0.08333333333333333,0.75,0.05555555555555555,16,3.25,21,0.25,5.361111111111111,mid
add_chord_p0,add_chord,0,4861,770026672,"72,139,147",139,1112,38,2,0,3,5,28,2,0.13157894736842105,0.7368421052631579,0.05263157894736842,16,3.4210526315789473,22,0.2894736842105263,5.2631578947368425,mid
add_chord_p0,add_chord,0,4861,770026672,"72,139,147",140,1120,39,2,1,3,4,29,3,0.10256410256410256,0.7435897435897436,0.07692307692307693,16,3.41025641025641,21,0.3333333333333333,5.17948717948718,mid
add_chord_p0,add_chord,0,4861,770026672,"72,139,147",141,1128,40,2,1,4,3,30,3,0.075,0.75,0.075,16,3.5,19,0.35,5.275,mid
add_chord_p0,add_chord,0,4861,770026672,"72,139,147",142,1136,40,2,1,4,3,30,3,0.075,0.75,0.075,16,3.425,19,0.375,5.225,mid
add_chord_p0,add_chord,0,4861,770026672,"72,139,147",143,1144,42,2,1,4,4,31,3,0.09523809523809523,0.7380952380952381,0.07142857142857142,16,3.142857142857143,17,0.5238095238095238,5.166666666666667,mid
add_chord_p0,add_chord,0,4861,770026672,"72,139,147",144,1152,43,2,2,3,6,30,4,0.13953488372093023,0.6976744186046512,0.09302325581395349,16,3.13953488372093,16,0.5813953488372093,4.953488372093023,low
add_chord_p0,add_chord,0,4861,770026672,"72,139,147",145,1160,45,2,2,4,7,30,4,0.15555555555555556,0.6666666666666666,0.08888888888888889,16,3.088888888888889,16,0.5777777777777777,4.955555555555556,low
add_chord_p0,add_chord,0,4861,770026672,"72,139,147",146,1168,46,2,2,4,7,31,4,0.15217391304347827,0.6739130434782609,0.08695652173913043,16,3.130434782608696,16,0.5869565217391305,4.913043478260869,low
add_chord_p0,add_chord,0,4861,770026672,"72,139,147",147,1176,46,2,2,3,8,31,4,0.17391304347826086,0.6739130434782609,0.08695652173913043,16,3.260869565217391,17,0.5434782608695652,4.913043478260869,low
add_chord_p0,add_chord,0,4861,770026672,"72,139,147",148,1184,46,2,2,3,8,31,4,0.17391304347826086,0.6739130434782609,0.08695652173913043,16,3.1956521739130435,18,0.5434782608695652,4.956521739130435,low
add_chord_p0,add_chord,0,4861,770026672,"72,139,147",149,1192,46,2,2,3,7,32,4,0.15217391304347827,0.6956521739130435,0.08695652173913043,16,3.217391304347826,20,0.5,5.0,mid
add_chord_p0,add_chord,0,4861,770026672,"72,139,147",150,1200,48,2,2,3,7,34,4,0.14583333333333334,0.7083333333333334,0.08333333333333333,16,3.0,19,0.5416666666666666,4.979166666666667,low
add_chord_p0,add_chord,0,4861,770026672,"72,139,147",151,1208,47,2,2,2,7,34,4,0.14893617021276595,0.723404255319149,0.0851063829787234,16,3.0425531914893615,20,0.5319148936170213,5.0212765957446805,mid
add_chord_p0,add_chord,0,4861,770026672,"72,139,147",152,1216,47,2,2,2,7,34,4,0.14893617021276595,0.723404255319149,0.0851063829787234,16,3.106382978723404,18,0.5531914893617021,5.0,mid
add_chord_p0,add_chord,0,4861,770026672,"72,139,147",153,1224,46,2,2,2,8,32,4,0.17391304347826086,0.6956521739130435,0.08695652173913043,16,3.130434782608696,17,0.5869565217391305,4.804347826086956,low
add_chord_p0,add_chord,0,4861,770026672,"72,139,147",154,1232,45,2,2,2,7,32,4,0.15555555555555556,0.7111111111111111,0.08888888888888889,16,3.0444444444444443,18,0.5555555555555556,4.8,low
add_chord_p0,add_chord,0,4861,770026672,"72,139,147",155,1240,43,2,0,4,7,30,2,0.16279069767441862,0.6976744186046512,0.046511627906976744,16,3.1627906976744184,22,0.4418604651162791,4.8604651162790695,low
add_chord_p0,add_chord,0,4861,770026672,"72,139,147",156,1248,41,2,0,4,7,28,2,0.17073170731707318,0.6829268292682927,0.04878048780487805,16,3.3658536585365852,25,0.3902439024390244,4.804878048780488,low
add_chord_p0,add_chord,0,4861,770026672,"72,139,147",157,1256,41,2,0,4,7,28,2,0.17073170731707318,0.6829268292682927,0.04878048780487805,16,3.3658536585365852,25,0.3902439024390244,4.804878048780488,low
add_chord_p0,add_chord,0,4861,770026672,"72,139,147",158,1264,41,2,1,4,6,28,3,0.14634146341463414,0.6829268292682927,0.07317073170731707,16,3.2195121951219514,22,0.4634146341463415,4.975609756097561,low
add_chord_p0,add_chord,0,4861,770026672,"72,139,147",159,1272,41,2,1,6,5,27,3,0.12195121951219512,0.6585365853658537,0.07317073170731707,16,3.1463414634146343,21,0.5121951219512195,4.926829268292683,low
add_chord_p0,add_chord,0,4861,770026672,"72,139,147",160,1280,42,2,1,6,5,28,3,0.11904761904761904,0.6666666666666666,0.07142857142857142,16,3.0714285714285716,21,0.5238095238095238,4.928571428571429,low
add_chord_p0,add_chord,0,4861,770026672,"72,139,147",161,1288,43,2,2,5,4,30,4,0.09302325581395349,0.6976744186046512,0.09302325581395349,16,2.9069767441860463,22,0.27906976744186046,4.883720930232558,low
add_chord_p0,add_chord,0,4861,770026672,"72,139,147",162,1296,44,2,2,5,4,31,4,0.09090909090909091,0.7045454545454546,0.09090909090909091,16,2.840909090909091,23,0.25,4.886363636363637,low
add_chord_p0,add_chord,0,4861,770026672,"72,139,147",163,1304,44,2,2,5,3,32,4,0.06818181818181818,0.7272727272727273,0.09090909090909091,16,2.727272727272727,23,0.25,4.931818181818182,low
add_chord_p0,add_chord,0,4861,770026672,"72,139,147",164,1312,46,2,2,5,3,34,4,0.06521739130434782,0.7391304347826086,0.08695652173913043,16,2.8043478260869565,23,0.2391304347826087,4.913043478260869,low
add_chord_p0,add_chord,0,4861,770026672,"72,139,147",165,1320,47,2,3,5,3,34,5,0.06382978723404255,0.723404255319149,0.10638297872340426,16,2.595744680851064,23,0.2978723404255319,4.872340425531915,low
add_chord_p0,add_chord,0,4861,770026672,"72,139,147",166,1328,47,2,3,4,3,35,5,0.06382978723404255,0.7446808510638298,0.10638297872340426,16,2.6808510638297873,22,0.2765957446808511,4.872340425531915,low
add_chord_p0,add_chord,0,4861,770026672,"72,139,147",167,1336,48,2,3,4,3,36,5,0.0625,0.75,0.10416666666666667,16,2.7291666666666665,23,0.25,4.916666666666667,low
add_chord_p0,add_chord,0,4861,770026672,"72,139,147",168,1344,47,2,3,4,4,34,5,0.0851063829787234,0.723404255319149,0.10638297872340426,16,2.9148936170212765,22,0.2553191489361702,4.829787234042553,low
add_chord_p0,add_chord,0,4861,770026672,"72,139,147",169,1352,48,2,2,5,4,35,4,0.08333333333333333,0.7291666666666666,0.08333333333333333,16,3.0208333333333335,25,0.25,4.854166666666667,low
add_chord_p0,add_chord,0,4861,770026672,"72,139,147",170,1360,47,2,2,3,6,34,4,0.1276595744680851,0.723404255319149,0.0851063829787234,16,2.9148936170212765,27,0.23404255319148937,4.76595744680851,low
add_chord_p0,add_chord,0,4861,770026672,"72,139,147",171,1368,47,2,2,3,6,34,4,0.1276595744680851,0.723404255319149,0.0851063829787234,16,2.851063829787234,26,0.2553191489361702,4.74468085106383,low
add_chord_p0,add_chord,0,4861,770026672,"72,139,147",172,1376,50,2,2,4,5,37,4,0.1,0.74,0.08,16,2.66,26,0.24,4.88,low
add_chord_p0,add_chord,0,4861,770026672,"72,139,147",173,1384,49,2,2,4,4,37,4,0.08163265306122448,0.7551020408163265,0.08163265306122448,16,2.9591836734693877,25,0.2653061224489796,4.877551020408164,low
add_chord_p0,add_chord,0,4861,770026672,"72,139,147",174,1392,50,2,2,4,4,38,4,0.08,0.76,0.08,16,2.86,22,0.52,5.0,mid
add_chord_p0,add_chord,0,4861,770026672,"72,139,147",175,1400,50,2,2,4,5,37,4,0.1,0.74,0.08,15,2.88,21,0.52,4.98,low
add_chord_p0,add_chord,0,4861,770026672,"72,139,147",176,1408,50,2,2,5,3,38,4,0.06,0.76,0.08,15,2.88,20,0.56,4.96,low
add_chord_p0,add_chord,0,4861,770026672,"72,139,147",177,1416,50,2,1,6,3,38,3,0.06,0.76,0.06,15,2.86,20,0.56,4.98,low
add_chord_p0,add_chord,0,4861,770026672,"72,139,147",178,1424,51,2,1,6,4,38,3,0.0784313725490196,0.7450980392156863,0.058823529411764705,15,2.9607843137254903,22,0.49019607843137253,5.117647058823529,mid
add_chord_p0,add_chord,0,4861,770026672,"72,139,147",179,1432,51,2,1,6,5,37,3,0.09803921568627451,0.7254901960784313,0.058823529411764705,15,2.9607843137254903,18,0.5882352941176471,5.0588235294117645,mid
add_chord_p0,add_chord,0,4861,770026672,"72,139,147",180,1440,51,2,1,5,7,36,3,0.13725490196078433,0.7058823529411765,0.058823529411764705,15,2.8823529411764706,17,0.5882352941176471,5.03921568627451,mid
add_chord_p0,add_chord,0,4861,770026672,"72,139,147",181,1448,51,2,1,5,7,36,3,0.13725490196078433,0.7058823529411765,0.058823529411764705,15,2.8823529411764706,17,0.5882352941176471,5.03921568627451,mid
add_chord_p0,add_chord,0,4861,770026672,"72,139,147",182,1456,51,2,1,3,8,37,3,0.1568627450980392,0.7254901960784313,0.058823529411764705,15,2.803921568627451,20,0.5490196078431373,5.078431372549019,mid
add_chord_p0,add_chord,0,4861,770026672,"72,139,147",183,1464,53,2,1,3,8,39,3,0.1509433962264151,0.7358490566037735,0.05660377358490566,15,2.6792452830188678,20,0.5660377358490566,5.2075471698113205,mid
add_chord_p0,add_chord,0,4861,770026672,"72,139,147",184,1472,52,2,1,3,8,38,3,0.15384615384615385,0.7307692307692307,0.057692307692307696,15,2.826923076923077,20,0.5576923076923077,5.211538461538462,mid
add_chord_p0,add_chord,0,4861,770026672,"72,139,147",185,1480,52,2,1,4,7,38,3,0.1346153846153846,0.7307692307692307,0.057692307692307696,15,2.9038461538461537,20,0.5192307692307693,5.153846153846154,mid
add_chord_p0,add_chord,0,4861,770026672,"72,139,147",186,1488,51,2,1,4,7,37,3,0.13725490196078433,0.7254901960784313,0.058823529411764705,15,3.0,21,0.5098039215686274,5.196078431372549,mid
add_chord_p0,add_chord,0,4861,770026672,"72,139,147",187,1496,51,2,1,4,8,36,3,0.1568627450980392,0.7058823529411765,0.058823529411764705,15,2.9411764705882355,19,0.5490196078431373,5.1568627450980395,mid
add_chord_p0,add_chord,0,4861,770026672,"72,139,147",188,1504,53,2,1,4,9,37,3,0.16981132075471697,0.6981132075471698,0.05660377358490566,15,2.7547169811320753,20,0.5471698113207547,5.264150943396227,mid
add_chord_p0,add_chord,0,4861,770026672,"72,139,147",189,1512,52,2,1,4,9,36,3,0.17307692307692307,0.6923076923076923,0.057692307692307696,15,2.826923076923077,20,0.5576923076923077,5.134615384615385,mid
add_chord_p0,add_chord,0,4861,770026672,"72,139,147",190,1520,51,2,1,4,9,35,3,0.17647058823529413,0.6862745098039216,0.058823529411764705,15,2.803921568627451,20,0.5686274509803921,5.196078431372549,mid
add_chord_p0,add_chord,0,4861,770026672,"72,139,147",191,1528,49,2,1,4,8,34,3,0.16326530612244897,0.6938775510204082,0.061224489795918366,15,2.9183673469387754,20,0.5714285714285714,5.1020408163265305,mid
add_chord_p0,add_chord,0,4861,770026672,"72,139,147",192,1536,50,2,1,4,8,35,3,0.16,0.7,0.06,15,2.84,21,0.56,5.1,mid
add_chord_p0,add_chord,0,4861,770026672,"72,139,147",193,1544,50,2,1,4,8,35,3,0.16,0.7,0.06,15,2.84,21,0.56,5.08,mid
add_chord_p0,add_chord,0,4861,770026672,"72,139,147",194,1552,49,2,1,4,8,34,3,0.16326530612244897,0.6938775510204082,0.061224489795918366,15,2.857142857142857,21,0.5510204081632653,5.1020408163265305,mid
add_chord_p0,add_chord,0,4861,770026672,"72,139,147",195,1560,48,2,1,3,9,33,3,0.1875,0.6875,0.0625,15,2.875,22,0.4583333333333333,5.125,mid
add_chord_p0,add_chord,0,4861,770026672,"72,139,147",196,1568,51,2,1,3,9,36,3,0.17647058823529413,0.7058823529411765,0.058823529411764705,15,2.784313725490196,23,0.45098039215686275,5.1568627450980395,mid
add_chord_p0,add_chord,0,4861,770026672,"72,139,147",197,1576,56,2,1,3,8,42,3,0.14285714285714285,0.75,0.05357142857142857,15,2.4107142857142856,25,0.42857142857142855,5.392857142857143,mid
add_chord_p0,add_chord,0,4861,770026672,"72,139,147",198,1584,55,2,0,3,8,42,2,0.14545454545454545,0.7636363636363637,0.03636363636363636,15,2.418181818181818,26,0.4,5.472727272727273,mid
add_chord_p0,add_chord,0,4861,770026672,"72,139,147",199,1592,61,2,0,4,7,48,2,0.11475409836065574,0.7868852459016393,0.03278688524590164,15,2.1475409836065573,25,0.45901639344262296,5.459016393442623,mid
add_chord_p0,add_chord,0,4861,770026672,"72,139,147",200,1600,59,2,1,3,7,46,3,0.11864406779661017,0.7796610169491526,0.05084745762711865,15,2.3728813559322033,23,0.5254237288135594,5.305084745762712,mid
add_chord_p0,add_chord,0,4861,770026672,"72,139,147",201,1608,62,2,1,4,8,47,3,0.12903225806451613,0.7580645161290323,0.04838709677419355,15,2.370967741935484,24,0.532258064516129,5.193548387096774,mid
add_chord_p0,add_chord,0,4861,770026672,"72,139,147",202,1616,61,2,0,5,6,48,2,0.09836065573770492,0.7868852459016393,0.03278688524590164,15,2.557377049180328,23,0.5409836065573771,5.245901639344262,mid
add_chord_p0,add_chord,0,4861,770026672,"72,139,147",203,1624,63,2,0,5,6,50,2,0.09523809523809523,0.7936507936507936,0.031746031746031744,15,2.4603174603174605,22,0.5555555555555556,5.349206349206349,mid
add_chord_p0,add_chord,0,4861,770026672,"72,139,147",204,1632,63,2,1,5,6,49,3,0.09523809523809523,0.7777777777777778,0.047619047619047616,15,2.507936507936508,20,0.5714285714285714,5.412698412698413,mid
add_chord_p0,add_chord,0,4861,770026672,"72,139,147",205,1640,63,2,1,5,7,48,3,0.1111111111111111,0.7619047619047619,0.047619047619047616,15,2.5396825396825395,18,0.6031746031746031,5.428571428571429,mid
add_chord_p0,add_chord,0,4861,770026672,"72,139,147",206,1648,64,2,1,4,10,47,3,0.15625,0.734375,0.046875,15,2.671875,20,0.515625,5.390625,mid
add_chord_p0,add_chord,0,4861,770026672,"72,139,147",207,1656,64,2,1,4,11,46,3,0.171875,0.71875,0.046875,15,2.640625,22,0.5,5.40625,mid
add_chord_p0,add_chord,0,4861,770026672,"72,139,147",208,1664,64,2,1,4,11,46,3,0.171875,0.71875,0.046875,15,2.65625,23,0.5,5.40625,mid
add_chord_p0,add_chord,0,4861,770026672,"72,139,147",209,1672,64,2,1,4,11,46,3,0.171875,0.71875,0.046875,15,2.65625,23,0.5,5.40625,mid
add_chord_p0,add_chord,0,4861,770026672,"72,139,147",210,1680,67,2,1,4,12,48,3,0.1791044776119403,0.7164179104477612,0.04477611940298507,15,2.626865671641791,23,0.5223880597014925,5.313432835820896,mid
add_chord_p0,add_chord,0,4861,770026672,"72,139,147",211,1688,68,2,1,4,12,49,3,0.17647058823529413,0.7205882352941176,0.04411764705882353,15,2.5441176470588234,20,0.5294117647058824,5.294117647058823,mid
add_chord_p0,add_chord,0,4861,770026672,"72,139,147",212,1696,69,2,1,4,12,50,3,0.17391304347826086,0.7246376811594203,0.043478260869565216,15,2.6231884057971016,23,0.5217391304347826,5.27536231884058,mid
add_chord_p0,add_chord,0,4861,770026672,"72,139,147",213,1704,70,2,1,4,12,51,3,0.17142857142857143,0.7285714285714285,0.04285714285714286,15,2.557142857142857,20,0.5428571428571428,5.442857142857143,mid
add_chord_p0,add_chord,0,4861,770026672,"72,139,147",214,1712,71,2,1,4,12,52,3,0.16901408450704225,0.7323943661971831,0.04225352112676056,15,2.5211267605633805,19,0.5492957746478874,5.422535211267606,mid
add_chord_p0,add_chord,0,4861,770026672,"72,139,147",215,1720,69,2,0,4,11,52,2,0.15942028985507245,0.7536231884057971,0.028985507246376812,15,2.579710144927536,21,0.4927536231884058,5.3768115942028984,mid
add_chord_p0,add_chord,0,4861,770026672,"72,139,147",216,1728,68,2,0,4,11,51,2,0.16176470588235295,0.75,0.029411764705882353,15,2.5,23,0.4852941176470588,5.294117647058823,mid
add_chord_p0,add_chord,0,4861,770026672,"72,139,147",217,1736,67,2,0,4,11,50,2,0.16417910447761194,0.746268656716418,0.029850746268656716,15,2.582089552238806,23,0.4626865671641791,5.298507462686567,mid
add_chord_p0,add_chord,0,4861,770026672,"72,139,147",218,1744,68,2,0,4,12,50,2,0.17647058823529413,0.7352941176470589,0.029411764705882353,15,2.5,24,0.47058823529411764,5.397058823529412,mid
add_chord_p0,add_chord,0,4861,770026672,"72,139,147",219,1752,70,2,0,4,12,52,2,0.17142857142857143,0.7428571428571429,0.02857142857142857,15,2.585714285714286,24,0.4714285714285714,5.328571428571428,mid
add_chord_p0,add_chord,0,4861,770026672,"72,139,147",220,1760,68,2,0,4,11,51,2,0.16176470588235295,0.75,0.029411764705882353,15,2.5588235294117645,23,0.47058823529411764,5.485294117647059,mid
add_chord_p0,add_chord,0,4861,770026672,"72,139,147",221,1768,67,2,0,4,10,51,2,0.14925373134328357,0.7611940298507462,0.029850746268656716,15,2.5671641791044775,25,0.43283582089552236,5.507462686567164,mid
add_chord_p0,add_chord,0,4861,770026672,"72,139,147",222,1776,68,2,0,4,10,52,2,0.14705882352941177,0.7647058823529411,0.029411764705882353,15,2.573529411764706,25,0.47058823529411764,5.647058823529412,mid
add_chord_p0,add_chord,0,4861,770026672,"72,139,147",223,1784,68,2,0,4,10,52,2,0.14705882352941177,0.7647058823529411,0.029411764705882353,15,2.485294117647059,24,0.4852941176470588,5.485294117647059,mid
add_chord_p0,add_chord,0,4861,770026672,"72,139,147",224,1792,67,2,0,5,8,52,2,0.11940298507462686,0.7761194029850746,0.029850746268656716,15,2.671641791044776,26,0.44776119402985076,5.402985074626866,mid
add_chord_p0,add_chord,0,4861,770026672,"72,139,147",225,1800,69,2,0,5,8,54,2,0.11594202898550725,0.782608695652174,0.028985507246376812,15,2.5652173913043477,26,0.4492753623188406,5.391304347826087,mid
add_chord_p0,add_chord,0,4861,770026672,"72,139,147",226,1808,69,2,0,5,8,54,2,0.11594202898550725,0.782608695652174,0.028985507246376812,15,2.579710144927536,26,0.463768115942029,5.202898550724638,mid
add_chord_p0,add_chord,0,4861,770026672,"72,139,147",227,1816,72,2,0,5,10,55,2,0.1388888888888889,0.7638888888888888,0.027777777777777776,15,2.388888888888889,23,0.5138888888888888,5.152777777777778,mid
add_chord_p0,add_chord,0,4861,770026672,"72,139,147",228,1824,72,2,0,5,10,55,2,0.1388888888888889,0.7638888888888888,0.027777777777777776,15,2.4027777777777777,25,0.4861111111111111,5.166666666666667,mid
add_chord_p0,add_chord,0,4861,770026672,"72,139,147",229,1832,73,2,1,4,9,57,3,0.1232876712328767,0.7808219178082192,0.0410958904109589,15,2.410958904109589,26,0.3013698630136986,5.315068493150685,mid
add_chord_p0,add_chord,0,4861,770026672,"72,139,147",230,1840,76,2,1,5,9,59,3,0.11842105263157894,0.7763157894736842,0.039473684210526314,15,2.289473684210526,23,0.4868421052631579,5.342105263157895,mid
add_chord_p0,add_chord,0,4861,770026672,"72,139,147",231,1848,78,2,1,5,9,61,3,0.11538461538461539,0.782051282051282,0.038461538461538464,15,2.1538461538461537,23,0.5,5.346153846153846,mid
add_chord_p0,add_chord,0,4861,770026672,"72,139,147",232,1856,82,2,1,6,10,63,3,0.12195121951219512,0.7682926829268293,0.036585365853658534,15,2.0,22,0.5609756097560976,5.2439024390243905,mid
add_chord_p0,add_chord,0,4861,770026672,"72,139,147",233,1864,80,2,1,5,11,61,3,0.1375,0.7625,0.0375,15,2.1,25,0.3125,5.4375,mid
add_chord_p0,add_chord,0,4861,770026672,"72,139,147",234,1872,80,2,2,5,11,60,4,0.1375,0.75,0.05,15,2.1,25,0.325,5.15,mid
add_chord_p0,add_chord,0,4861,770026672,"72,139,147",235,1880,82,2,2,5,11,62,4,0.13414634146341464,0.7560975609756098,0.04878048780487805,15,2.073170731707317,26,0.3048780487804878,5.329268292682927,mid
add_chord_p0,add_chord,0,4861,770026672,"72,139,147",236,1888,80,2,2,4,14,58,4,0.175,0.725,0.05,15,2.225,28,0.4625,5.25,mid
add_chord_p0,add_chord,0,4861,770026672,"72,139,147",237,1896,78,2,2,4,15,55,4,0.19230769230769232,0.7051282051282052,0.05128205128205128,15,2.2948717948717947,27,0.48717948717948717,5.32051282051282,mid
add_chord_p0,add_chord,0,4861,770026672,"72,139,147",238,1904,78,2,2,4,16,54,4,0.20512820512820512,0.6923076923076923,0.05128205128205128,15,2.2051282051282053,28,0.47435897435897434,5.3076923076923075,mid
add_chord_p0,add_chord,0,4861,770026672,"72,139,147",239,1912,79,2,2,4,16,55,4,0.20253164556962025,0.6962025316455697,0.05063291139240506,15,2.1265822784810124,28,0.4810126582278481,5.291139240506329,mid
add_chord_p0,add_chord,0,4861,770026672,"72,139,147",240,1920,81,2,2,5,15,57,4,0.18518518518518517,0.7037037037037037,0.04938271604938271,15,2.123456790123457,25,0.5308641975308642,5.2592592592592595,mid
add_chord_p0,add_chord,0,4861,770026672,"72,139,147",241,1928,79,2,2,5,14,56,4,0.17721518987341772,0.7088607594936709,0.05063291139240506,15,2.1772151898734178,26,0.5316455696202531,5.2025316455696204,mid
add_chord_p0,add_chord,0,4861,770026672,"72,139,147",242,1936,81,2,2,6,13,58,4,0.16049382716049382,0.7160493827160493,0.04938271604938271,15,2.1358024691358026,25,0.5555555555555556,5.135802469135802,mid
add_chord_p0,add_chord,0,4861,770026672,"72,139,147",243,1944,81,2,2,6,13,58,4,0.16049382716049382,0.7160493827160493,0.04938271604938271,15,2.037037037037037,25,0.2839506172839506,5.1234567901234565,mid
add_chord_p0,add_chord,0,4861,770026672,"72,139,147",244,1952,80,2,2,5,14,57,4,0.175,0.7125,0.05,15,1.9875,27,0.2875,5.15,mid
add_chord_p0,add_chord,0,4861,770026672,"72,139,147",245,1960,83,2,2,7,14,58,4,0.1686746987951807,0.6987951807228916,0.04819277108433735,15,1.9518072289156627,24,0.5542168674698795,5.168674698795181,mid
add_chord_p0,add_chord,0,4861,770026672,"72,139,147",246,1968,86,2,3,7,14,60,5,0.16279069767441862,0.6976744186046512,0.05813953488372093,15,1.9767441860465116,21,0.6162790697674418,5.116279069767442,mid
add_chord_p0,add_chord,0,4861,770026672,"72,139,147",247,1976,86,2,3,6,15,60,5,0.1744186046511628,0.6976744186046512,0.05813953488372093,15,1.8837209302325582,20,0.6395348837209303,5.093023255813954,mid
add_chord_p0,add_chord,0,4861,770026672,"72,139,147",248,1984,85,2,3,6,15,59,5,0.17647058823529413,0.6941176470588235,0.058823529411764705,15,1.9294117647058824,20,0.6352941176470588,5.105882352941176,mid
add_chord_p0,add_chord,0,4861,770026672,"72,139,147",249,1992,84,2,3,6,15,58,5,0.17857142857142858,0.6904761904761905,0.05952380952380952,15,2.0714285714285716,23,0.5833333333333334,5.107142857142857,mid
add_chord_p0,add_chord,0,4861,770026672,"72,139,147",250,2000,82,2,3,4,15,58,5,0.18292682926829268,0.7073170731707317,0.06097560975609756,15,2.1463414634146343,26,0.2682926829268293,5.048780487804878,mid
add_chord_p0,add_chord,0,4861,770026672,"72,139,147",251,2008,83,2,3,4,16,58,5,0.1927710843373494,0.6987951807228916,0.060240963855421686,15,2.144578313253012,27,0.26506024096385544,5.132530120481928,mid
add_chord_p0,add_chord,0,4861,770026672,"72,139,147",252,2016,82,2,3,4,16,57,5,0.1951219512195122,0.6951219512195121,0.06097560975609756,15,2.182926829268293,27,0.2682926829268293,5.134146341463414,mid
add_chord_p0,add_chord,0,4861,770026672,"72,139,147",253,2024,82,2,3,4,17,56,5,0.2073170731707317,0.6829268292682927,0.06097560975609756,14,2.231707317073171,23,0.5853658536585366,4.987804878048781,low
add_chord_p0,add_chord,0,4861,770026672,"72,139,147",254,2032,82,2,3,4,17,56,5,0.2073170731707317,0.6829268292682927,0.06097560975609756,14,2.1951219512195124,22,0.5853658536585366,5.048780487804878,mid
add_chord_p0,add_chord,0,4861,770026672,"72,139,147",255,2040,83,2,3,4,18,56,5,0.21686746987951808,0.6746987951807228,0.060240963855421686,14,2.0963855421686746,22,0.6024096385542169,5.036144578313253,mid
add_chord_p0,add_chord,0,4861,770026672,"72,139,147",256,2048,84,2,3,4,19,56,5,0.2261904761904762,0.6666666666666666,0.05952380952380952,14,2.0595238095238093,22,0.6071428571428571,5.035714285714286,mid
add_chord_p0,add_chord,0,4861,770026672,"72,139,147",257,2056,86,2,3,5,17,59,5,0.19767441860465115,0.686046511627907,0.05813953488372093,14,1.9186046511627908,22,0.627906976744186,5.058139534883721,mid
add_chord_p0,add_chord,0,4861,770026672,"72,139,147",258,2064,85,2,3,5,18,57,5,0.21176470588235294,0.6705882352941176,0.058823529411764705,14,1.9294117647058824,19,0.6705882352941176,4.91764705882353,low
add_chord_p0,add_chord,0,4861,770026672,"72,139,147",259,2072,88,2,3,4,18,61,5,0.20454545454545456,0.6931818181818182,0.056818181818181816,14,1.8636363636363635,21,0.6590909090909091,4.965909090909091,low
add_chord_p0,add_chord,0,4861,770026672,"72,139,147",260,2080,88,2,3,4,17,62,5,0.19318181818181818,0.7045454545454546,0.056818181818181816,14,1.8409090909090908,22,0.6477272727272727,4.988636363636363,low
add_chord_p0,add_chord,0,4861,770026672,"72,139,147",261,2088,90,2,3,6,15,64,5,0.16666666666666666,0.7111111111111111,0.05555555555555555,14,1.8222222222222222,22,0.6555555555555556,4.955555555555556,low
add_chord_p0,add_chord,0,4861,770026672,"72,139,147",262,2096,91,2,3,6,15,65,5,0.16483516483516483,0.7142857142857143,0.054945054945054944,14,1.7802197802197801,22,0.6483516483516484,5.054945054945055,mid
add_chord_p0,add_chord,0,4861,770026672,"72,139,147",263,2104,91,2,3,5,16,65,5,0.17582417582417584,0.7142857142857143,0.054945054945054944,14,1.8461538461538463,25,0.5934065934065934,5.076923076923077,mid
add_chord_p0,add_chord,0,4861,770026672,"72,139,147",264,2112,90,2,3,5,16,64,5,0.17777777777777778,0.7111111111111111,0.05555555555555555,14,1.8888888888888888,24,0.6,5.066666666666666,mid
add_chord_p0,add_chord,0,4861,770026672,"72,139,147",265,2120,90,2,3,5,17,63,5,0.18888888888888888,0.7,0.05555555555555555,14,1.9222222222222223,23,0.6444444444444445,5.055555555555555,mid
add_chord_p0,add_chord,0,4861,770026672,"72,139,147",266,2128,89,2,3,5,17,62,5,0.19101123595505617,0.6966292134831461,0.056179775280898875,14,1.9101123595505618,23,0.651685393258427,5.067415730337078,mid
add_chord_p0,add_chord,0,4861,770026672,"72,139,147",267,2136,90,2,3,5,16,64,5,0.17777777777777778,0.7111111111111111,0.05555555555555555,14,1.9333333333333333,23,0.6444444444444445,5.055555555555555,mid
add_chord_p0,add_chord,0,4861,770026672,"72,139,147",268,2144,91,2,3,5,17,64,5,0.18681318681318682,0.7032967032967034,0.054945054945054944,14,1.879120879120879,23,0.6483516483516484,5.021978021978022,mid
add_chord_p0,add_chord,0,4861,770026672,"72,139,147",269,2152,94,2,3,6,16,67,5,0.1702127659574468,0.7127659574468085,0.05319148936170213,14,1.7234042553191489,20,0.6914893617021277,5.0212765957446805,mid
add_chord_p0,add_chord,0,4861,770026672,"72,139,147",270,2160,96,2,2,7,17,68,4,0.17708333333333334,0.7083333333333334,0.041666666666666664,14,1.65625,24,0.65625,5.0,mid
add_chord_p0,add_chord,0,4861,770026672,"72,139,147",271,2168,94,2,2,7,15,68,4,0.1595744680851064,0.723404255319149,0.0425531914893617,14,1.7553191489361701,28,0.574468085106383,5.031914893617022,mid
add_chord_p0,add_chord,0,4861,770026672,"72,139,147",272,2176,93,2,2,6,16,67,4,0.17204301075268819,0.7204301075268817,0.043010752688172046,14,1.8494623655913978,27,0.6021505376344086,5.043010752688172,mid
add_chord_p0,add_chord,0,4861,770026672,"72,139,147",273,2184,95,2,2,7,17,67,4,0.17894736842105263,0.7052631578947368,0.042105263157894736,14,1.936842105263158,27,0.5789473684210527,4.989473684210527,low
add_chord_p0,add_chord,0,4861,770026672,"72,139,147",274,2192,95,2,2,7,17,67,4,0.17894736842105263,0.7052631578947368,0.042105263157894736,14,1.9473684210526316,27,0.5894736842105263,4.989473684210527,low
add_chord_p0,add_chord,0,4861,770026672,"72,139,147",275,2200,98,2,2,7,17,70,4,0.17346938775510204,0.7142857142857143,0.04081632653061224,14,1.8877551020408163,27,0.5918367346938775,5.010204081632653,mid
add_chord_p0,add_chord,0,4861,770026672,"72,139,147",276,2208,100,2,2,7,17,72,4,0.17,0.72,0.04,14,1.84,27,0.63,5.0,mid
add_chord_p0,add_chord,0,4861,770026672,"72,139,147",277,2216,100,2,2,7,17,72,4,0.17,0.72,0.04,14,1.86,28,0.62,5.0,mid
add_chord_p0,add_chord,0,4861,770026672,"72,139,147",278,2224,100,2,2,7,18,71,4,0.18,0.71,0.04,14,1.84,28,0.62,5.0,mid
add_chord_p0,add_chord,0,4861,770026672,"72,139,147",279,2232,100,2,2,7,18,71,4,0.18,0.71,0.04,14,1.85,28,0.62,5.0,mid
add_chord_p0,add_chord,0,4861,770026672,"72,139,147",280,2240,101,2,2,7,18,72,4,0.1782178217821782,0.7128712871287128,0.039603960396039604,14,1.8316831683168318,27,0.6336633663366337,4.98019801980198,low
add_chord_p0,add_chord,0,4861,770026672,"72,139,147",281,2248,103,2,2,6,19,74,4,0.18446601941747573,0.7184466019417476,0.038834951456310676,14,1.825242718446602,26,0.6407766990291263,5.038834951456311,mid
add_chord_p0,add_chord,0,4861,770026672,"72,139,147",282,2256,102,2,2,6,19,73,4,0.18627450980392157,0.7156862745098039,0.0392156862745098,14,1.8725490196078431,25,0.6372549019607843,5.019607843137255,mid
add_chord_p0,add_chord,0,4861,770026672,"72,139,147",283,2264,103,2,2,6,20,73,4,0.1941747572815534,0.7087378640776699,0.038834951456310676,14,1.8446601941747574,25,0.6407766990291263,5.0,mid
add_chord_p0,add_chord,0,4861,770026672,"72,139,147",284,2272,103,2,2,7,21,71,4,0.20388349514563106,0.6893203883495146,0.038834951456310676,13,1.8349514563106797,24,0.6601941747572816,4.970873786407767,low
add_chord_p0,add_chord,0,4861,770026672,"72,139,147",285,2280,105,2,2,7,21,73,4,0.2,0.6952380952380952,0.0380952380952381,13,1.8,24,0.6666666666666666,4.961904761904762,low
add_chord_p0,add_chord,0,4861,770026672,"72,139,147",286,2288,108,2,2,7,21,76,4,0.19444444444444445,0.7037037037037037,0.037037037037037035,13,1.6759259259259258,28,0.6203703703703703,4.981481481481482,low
add_chord_p0,add_chord,0,4861,770026672,"72,139,147",287,2296,107,2,1,7,19,78,3,0.17757009345794392,0.7289719626168224,0.028037383177570093,13,1.7757009345794392,28,0.5700934579439252,5.046728971962617,mid
add_chord_p0,add_chord,0,4861,770026672,"72,139,147",288,2304,106,2,2,7,19,76,4,0.1792452830188679,0.7169811320754716,0.03773584905660377,13,1.830188679245283,25,0.6320754716981132,4.952830188679245,low
add_chord_p0,add_chord,0,4861,770026672,"72,139,147",289,2312,105,2,2,8,18,75,4,0.17142857142857143,0.7142857142857143,0.0380952380952381,13,1.8761904761904762,24,0.6285714285714286,4.942857142857143,low
add_chord_p0,add_chord,0,4861,770026672,"72,139,147",290,2320,107,2,2,8,20,75,4,0.18691588785046728,0.7009345794392523,0.037383177570093455,13,1.8317757009345794,24,0.616822429906542,5.037383177570093,mid
add_chord_p0,add_chord,0,4861,770026672,"72,139,147",291,2328,108,2,2,8,18,78,4,0.16666666666666666,0.7222222222222222,0.037037037037037035,13,1.8518518518518519,25,0.6018518518518519,5.111111111111111,mid
add_chord_p0,add_chord,0,4861,770026672,"72,139,147",292,2336,108,2,2,8,20,76,4,0.18518518518518517,0.7037037037037037,0.037037037037037035,13,1.7777777777777777,22,0.5833333333333334,5.157407407407407,mid
add_chord_p0,add_chord,0,4861,770026672,"72,139,147",293,2344,109,2,2,8,20,77,4,0.1834862385321101,0.7064220183486238,0.03669724770642202,13,1.8073394495412844,22,0.5871559633027523,5.146788990825688,mid
add_chord_p0,add_chord,0,4861,770026672,"72,139,147",294,2352,110,2,2,8,20,78,4,0.18181818181818182,0.7090909090909091,0.03636363636363636,13,1.7181818181818183,22,0.6,5.1454545454545455,mid
add_chord_p0,add_chord,0,4861,770026672,"72,139,147",295,2360,109,2,2,7,21,77,4,0.1926605504587156,0.7064220183486238,0.03669724770642202,13,1.7155963302752293,25,0.6055045871559633,5.146788990825688,mid
add_chord_p0,add_chord,0,4861,770026672,"72,139,147",296,2368,111,2,3,7,20,79,5,0.18018018018018017,0.7117117117117117,0.04504504504504504,13,1.5585585585585586,21,0.7027027027027027,5.1441441441441444,mid
add_chord_p0,add_chord,0,4861,770026672,"72,139,147",297,2376,111,2,3,7,20,79,5,0.18018018018018017,0.7117117117117117,0.04504504504504504,13,1.5495495495495495,20,0.7117117117117117,5.126126126126126,mid
add_chord_p0,add_chord,0,4861,770026672,"72,139,147",298,2384,114,2,3,7,21,81,5,0.18421052631578946,0.7105263157894737,0.043859649122807015,13,1.5175438596491229,19,0.7368421052631579,5.026315789473684,mid
add_chord_p0,add_chord,0,4861,770026672,"72,139,147",299,2392,117,2,4,7,20,84,6,0.17094017094017094,0.717948717948718,0.05128205128205128,13,1.4273504273504274,18,0.7264957264957265,5.196581196581197,mid
add_chord_p0,add_chord,0,4861,770026672,"72,139,147",300,2400,115,2,4,7,20,82,6,0.17391304347826086,0.7130434782608696,0.05217391304347826,13,1.4608695652173913,17,0.7304347826086957,5.208695652173913,mid
add_chord_p0,add_chord,0,4861,770026672,"72,139,147",301,2408,118,2,4,7,20,85,6,0.1694915254237288,0.7203389830508474,0.05084745762711865,13,1.4491525423728813,19,0.711864406779661,5.245762711864407,mid
add_chord_p0,add_chord,0,4861,770026672,"72,139,147",302,2416,120,2,4,7,21,86,6,0.175,0.7166666666666667,0.05,13,1.425,20,0.7166666666666667,5.241666666666666,mid
add_chord_p0,add_chord,0,4861,770026672,"72,139,147",303,2424,120,2,4,8,20,86,6,0.16666666666666666,0.7166666666666667,0.05,13,1.5166666666666666,20,0.7333333333333333,5.233333333333333,mid
add_chord_p0,add_chord,0,4861,770026672,"72,139,147",304,2432,118,2,4,8,17,87,6,0.1440677966101695,0.7372881355932204,0.05084745762711865,13,1.5508474576271187,22,0.6949152542372882,5.271186440677966,mid
add_chord_p0,add_chord,0,4861,770026672,"72,139,147",305,2440,117,2,4,8,16,87,6,0.13675213675213677,0.7435897435897436,0.05128205128205128,13,1.5726495726495726,24,0.6752136752136753,5.2905982905982905,mid
add_chord_p0,add_chord,0,4861,770026672,"72,139,147",306,2448,118,2,4,8,16,88,6,0.13559322033898305,0.7457627118644068,0.05084745762711865,13,1.5508474576271187,24,0.6864406779661016,5.228813559322034,mid
add_chord_p0,add_chord,0,4861,770026672,"72,139,147",307,2456,120,2,4,9,16,89,6,0.13333333333333333,0.7416666666666667,0.05,13,1.5583333333333333,24,0.6666666666666666,5.266666666666667,mid
add_chord_p0,add_chord,0,4861,770026672,"72,139,147",308,2464,123,2,4,8,19,90,6,0.15447154471544716,0.7317073170731707,0.04878048780487805,13,1.4959349593495934,24,0.6747967479674797,5.2439024390243905,mid
add_chord_p0,add_chord,0,4861,770026672,"72,139,147",309,2472,121,2,4,8,19,88,6,0.15702479338842976,0.7272727272727273,0.049586776859504134,13,1.5289256198347108,24,0.6859504132231405,5.1735537190082646,mid
add_chord_p0,add_chord,0,4861,770026672,"72,139,147",310,2480,122,2,3,9,20,88,5,0.16393442622950818,0.7213114754098361,0.040983606557377046,13,1.5655737704918034,29,0.6147540983606558,5.155737704918033,mid
add_chord_p0,add_chord,0,4861,770026672,"72,139,147",311,2488,123,2,3,10,20,88,5,0.16260162601626016,0.7154471544715447,0.04065040650406504,13,1.5528455284552845,28,0.6341463414634146,5.130081300813008,mid
add_chord_p0,add_chord,0,4861,770026672,"72,139,147",312,2496,124,2,3,10,20,89,5,0.16129032258064516,0.717741935483871,0.04032258064516129,13,1.5161290322580645,27,0.6370967741935484,5.201612903225806,mid
add_chord_p0,add_chord,0,4861,770026672,"72,139,147",313,2504,129,2,3,10,21,93,5,0.16279069767441862,0.7209302325581395,0.03875968992248062,13,1.4108527131782946,19,0.7286821705426356,5.162790697674419,mid
add_chord_p0,add_chord,0,4861,770026672,"72,139,147",314,2512,130,2,3,10,22,93,5,0.16923076923076924,0.7153846153846154,0.038461538461538464,13,1.3384615384615384,17,0.7692307692307693,5.123076923076923,mid
add_chord_p0,add_chord,0,4861,770026672,"72,139,147",315,2520,131,2,4,9,22,94,6,0.16793893129770993,0.7175572519083969,0.04580152671755725,13,1.3206106870229009,17,0.7709923664122137,5.122137404580153,mid
add_chord_p0,add_chord,0,4861,770026672,"72,139,147",316,2528,130,2,4,9,21,94,6,0.16153846153846155,0.7230769230769231,0.046153846153846156,13,1.353846153846154,19,0.7538461538461538,5.138461538461539,mid
add_chord_p0,add_chord,0,4861,770026672,"72,139,147",317,2536,128,2,4,9,19,94,6,0.1484375,0.734375,0.046875,13,1.4375,25,0.65625,5.1640625,mid
add_chord_p0,add_chord,0,4861,770026672,"72,139,147",318,2544,129,2,4,9,19,95,6,0.14728682170542637,0.7364341085271318,0.046511627906976744,13,1.4108527131782946,25,0.6589147286821705,5.155038759689923,mid
add_chord_p0,add_chord,0,4861,770026672,"72,139,147",319,2552,125,2,4,9,18,92,6,0.144,0.736,0.048,13,1.504,26,0.648,5.104,mid
add_chord_p0,add_chord,0,4861,770026672,"72,139,147",320,2560,123,2,3,8,19,91,5,0.15447154471544716,0.7398373983739838,0.04065040650406504,13,1.4878048780487805,29,0.6016260162601627,5.138211382113822,mid
add_chord_p2,add_chord,2,4703,770028514,"3,80,162",0,0,2,2,0,0,0,0,2,0.0,0.0,1.0,0,5.5,2,0.5,0.0,low
add_chord_p2,add_chord,2,4703,770028514,"3,80,162",1,8,2,2,0,0,0,0,2,0.0,0.0,1.0,0,5.5,2,0.5,0.0,low
add_chord_p2,add_chord,2,4703,770028514,"3,80,162",2,16,3,2,1,0,0,0,3,0.0,0.0,1.0,1,3.6666666666666665,2,0.6666666666666666,0.3333333333333333,low
add_chord_p2,add_chord,2,4703,770028514,"3,80,162",3,24,3,2,1,0,0,0,3,0.0,0.0,1.0,1,3.6666666666666665,2,0.6666666666666666,0.3333333333333333,low
add_chord_p2,add_chord,2,4703,770028514,"3,80,162",4,32,4,2,1,1,0,0,3,0.0,0.0,0.75,2,4.75,3,0.5,0.75,low
add_chord_p2,add_chord,2,4703,770028514,"3,80,162",5,40,4,2,1,1,0,0,3,0.0,0.0,0.75,2,4.75,3,0.5,0.75,low
add_chord_p2,add_chord,2,4703,770028514,"3,80,162",6,48,6,3,2,1,0,0,5,0.0,0.0,0.8333333333333334,2,3.0,2,0.8333333333333334,0.6666666666666666,low
add_chord_p2,add_chord,2,4703,770028514,"3,80,162",7,56,6,3,2,1,0,0,5,0.0,0.0,0.8333333333333334,2,3.0,2,0.8333333333333334,0.6666666666666666,low
add_chord_p2,add_chord,2,4703,770028514,"3,80,162",8,64,6,3,2,1,0,0,5,0.0,0.0,0.8333333333333334,2,3.0,2,0.8333333333333334,0.6666666666666666,low
add_chord_p2,add_chord,2,4703,770028514,"3,80,162",9,72,6,3,2,1,0,0,5,0.0,0.0,0.8333333333333334,2,3.0,2,0.8333333333333334,0.6666666666666666,low
add_chord_p2,add_chord,2,4703,770028514,"3,80,162",10,80,5,3,1,0,1,0,4,0.2,0.0,0.8,3,2.8,2,0.8,0.8,low
add_chord_p2,add_chord,2,4703,770028514,"3,80,162",11,88,6,3,2,0,1,0,5,0.16666666666666666,0.0,0.8333333333333334,3,2.1666666666666665,2,0.8333333333333334,0.8333333333333334,low
add_chord_p2,add_chord,2,4703,770028514,"3,80,162",12,96,6,3,2,0,1,0,5,0.16666666666666666,0.0,0.8333333333333334,3,2.1666666666666665,2,0.8333333333333334,0.8333333333333334,low
add_chord_p2,add_chord,2,4703,770028514,"3,80,162",13,104,6,3,2,0,1,0,5,0.16666666666666666,0.0,0.8333333333333334,3,2.1666666666666665,2,0.8333333333333334,0.8333333333333334,low
add_chord_p2,add_chord,2,4703,770028514,"3,80,162",14,112,6,3,2,0,1,0,5,0.16666666666666666,0.0,0.8333333333333334,3,2.1666666666666665,2,0.8333333333333334,0.8333333333333334,low
add_chord_p2,add_chord,2,4703,770028514,"3,80,162",15,120,6,3,2,0,1,0,5,0.16666666666666666,0.0,0.8333333333333334,3,2.1666666666666665,2,0.8333333333333334,0.8333333333333334,low
add_chord_p2,add_chord,2,4703,770028514,"3,80,162",16,128,6,3,2,0,1,0,5,0.16666666666666666,0.0,0.8333333333333334,3,2.1666666666666665,2,0.8333333333333334,0.8333333333333334,low
add_chord_p2,add_chord,2,4703,770028514,"3,80,162",17,136,6,3,2,0,1,0,5,0.16666666666666666,0.0,0.8333333333333334,3,2.1666666666666665,2,0.8333333333333334,0.8333333333333334,low
add_chord_p2,add_chord,2,4703,770028514,"3,80,162",18,144,6,3,2,0,1,0,5,0.16666666666666666,0.0,0.8333333333333334,3,2.1666666666666665,2,0.8333333333333334,0.8333333333333334,low
add_chord_p2,add_chord,2,4703,770028514,"3,80,162",19,152,6,3,2,0,1,0,5,0.16666666666666666,0.0,0.8333333333333334,3,2.1666666666666665,2,0.8333333333333334,0.8333333333333334,low
add_chord_p2,add_chord,2,4703,770028514,"3,80,162",20,160,6,3,2,0,1,0,5,0.16666666666666666,0.0,0.8333333333333334,3,2.1666666666666665,2,0.8333333333333334,0.8333333333333334,low
add_chord_p2,add_chord,2,4703,770028514,"3,80,162",21,168,6,3,2,0,1,0,5,0.16666666666666666,0.0,0.8333333333333334,3,2.1666666666666665,2,0.8333333333333334,0.8333333333333334,low
add_chord_p2,add_chord,2,4703,770028514,"3,80,162",22,176,6,3,2,0,1,0,5,0.16666666666666666,0.0,0.8333333333333334,3,2.1666666666666665,2,0.8333333333333334,0.8333333333333334,low
add_chord_p2,add_chord,2,4703,770028514,"3,80,162",23,184,6,3,2,0,1,0,5,0.16666666666666666,0.0,0.8333333333333334,3,2.1666666666666665,2,0.8333333333333334,0.8333333333333334,low
add_chord_p2,add_chord,2,4703,770028514,"3,80,162",24,192,6,3,2,0,1,0,5,0.16666666666666666,0.0,0.8333333333333334,3,2.1666666666666665,2,0.8333333333333334,0.8333333333333334,low
add_chord_p2,add_chord,2,4703,770028514,"3,80,162",25,200,6,3,2,0,1,0,5,0.16666666666666666,0.0,0.8333333333333334,3,2.1666666666666665,2,0.8333333333333334,0.8333333333333334,low
add_chord_p2,add_chord,2,4703,770028514,"3,80,162",26,208,6,3,2,0,1,0,5,0.16666666666666666,0.0,0.8333333333333334,3,2.1666666666666665,2,0.8333333333333334,0.8333333333333334,low
add_chord_p2,add_chord,2,4703,770028514,"3,80,162",27,216,6,3,2,0,1,0,5,0.16666666666666666,0.0,0.8333333333333334,3,2.1666666666666665,2,0.8333333333333334,0.8333333333333334,low
add_chord_p2,add_chord,2,4703,770028514,"3,80,162",28,224,6,3,2,0,1,0,5,0.16666666666666666,0.0,0.8333333333333334,3,2.1666666666666665,2,0.8333333333333334,0.8333333333333334,low
add_chord_p2,add_chord,2,4703,770028514,"3,80,162",29,232,6,3,2,0,1,0,5,0.16666666666666666,0.0,0.8333333333333334,3,2.1666666666666665,2,0.8333333333333334,0.8333333333333334,low
add_chord_p2,add_chord,2,4703,770028514,"3,80,162",30,240,6,3,2,0,1,0,5,0.16666666666666666,0.0,0.8333333333333334,3,2.1666666666666665,2,0.8333333333333334,0.8333333333333334,low
add_chord_p2,add_chord,2,4703,770028514,"3,80,162",31,248,5,3,1,0,1,0,4,0.2,0.0,0.8,3,3.2,2,0.8,0.8,low
add_chord_p2,add_chord,2,4703,770028514,"3,80,162",32,256,5,3,1,0,1,0,4,0.2,0.0,0.8,3,3.2,2,0.8,0.8,low
add_chord_p2,add_chord,2,4703,770028514,"3,80,162",33,264,5,3,1,0,1,0,4,0.2,0.0,0.8,3,3.2,2,0.8,0.8,low
add_chord_p2,add_chord,2,4703,770028514,"3,80,162",34,272,5,3,1,0,1,0,4,0.2,0.0,0.8,3,3.2,2,0.8,0.8,low
add_chord_p2,add_chord,2,4703,770028514,"3,80,162",35,280,5,3,1,0,1,0,4,0.2,0.0,0.8,3,3.2,2,0.8,0.8,low
add_chord_p2,add_chord,2,4703,770028514,"3,80,162",36,288,6,3,2,0,1,0,5,0.16666666666666666,0.0,0.8333333333333334,3,2.3333333333333335,2,0.8333333333333334,0.8333333333333334,low
add_chord_p2,add_chord,2,4703,770028514,"3,80,162",37,296,6,3,1,1,1,0,4,0.16666666666666666,0.0,0.6666666666666666,3,2.6666666666666665,3,0.6666666666666666,1.0,low
add_chord_p2,add_chord,2,4703,770028514,"3,80,162",38,304,6,3,1,1,1,0,4,0.16666666666666666,0.0,0.6666666666666666,3,2.6666666666666665,3,0.6666666666666666,1.0,low
add_chord_p2,add_chord,2,4703,770028514,"3,80,162",39,312,6,3,1,1,1,0,4,0.16666666666666666,0.0,0.6666666666666666,3,3.3333333333333335,3,0.6666666666666666,1.0,low
add_chord_p2,add_chord,2,4703,770028514,"3,80,162",40,320,6,3,1,1,1,0,4,0.16666666666666666,0.0,0.6666666666666666,3,3.3333333333333335,3,0.6666666666666666,1.0,low
add_chord_p2,add_chord,2,4703,770028514,"3,80,162",41,328,6,3,1,1,1,0,4,0.16666666666666666,0.0,0.6666666666666666,3,3.3333333333333335,3,0.6666666666666666,1.0,low
add_chord_p2,add_chord,2,4703,770028514,"3,80,162",42,336,8,3,2,1,2,0,5,0.25,0.0,0.625,3,1.625,2,0.875,1.25,low
add_chord_p2,add_chord,2,4703,770028514,"3,80,162",43,344,8,3,2,1,2,0,5,0.25,0.0,0.625,3,1.875,2,0.875,1.25,low
add_chord_p2,add_chord,2,4703,770028514,"3,80,162",44,352,8,3,2,1,2,0,5,0.25,0.0,0.625,3,1.875,2,0.875,1.25,low
add_chord_p2,add_chord,2,4703,770028514,"3,80,162",45,360,8,3,2,1,2,0,5,0.25,0.0,0.625,3,1.875,2,0.875,1.25,low
add_chord_p2,add_chord,2,4703,770028514,"3,80,162",46,368,8,3,2,1,2,0,5,0.25,0.0,0.625,3,1.875,2,0.875,1.25,low
add_chord_p2,add_chord,2,4703,770028514,"3,80,162",47,376,8,3,2,1,2,0,5,0.25,0.0,0.625,3,1.875,2,0.875,1.25,low
add_chord_p2,add_chord,2,4703,770028514,"3,80,162",48,384,8,3,2,1,2,0,5,0.25,0.0,0.625,3,1.875,2,0.875,1.25,low
add_chord_p2,add_chord,2,4703,770028514,"3,80,162",49,392,8,3,2,1,2,0,5,0.25,0.0,0.625,3,1.625,2,0.875,1.25,low
add_chord_p2,add_chord,2,4703,770028514,"3,80,162",50,400,8,3,2,1,2,0,5,0.25,0.0,0.625,3,1.625,2,0.875,1.25,low
add_chord_p2,add_chord,2,4703,770028514,"3,80,162",51,408,8,3,2,1,2,0,5,0.25,0.0,0.625,3,1.625,2,0.875,1.25,low
add_chord_p2,add_chord,2,4703,770028514,"3,80,162",52,416,8,3,2,1,2,0,5,0.25,0.0,0.625,3,1.625,2,0.875,1.25,low
add_chord_p2,add_chord,2,4703,770028514,"3,80,162",53,424,8,3,2,1,2,0,5,0.25,0.0,0.625,3,1.625,2,0.875,1.25,low
add_chord_p2,add_chord,2,4703,770028514,"3,80,162",54,432,8,3,2,1,2,0,5,0.25,0.0,0.625,3,1.625,2,0.875,1.25,low
add_chord_p2,add_chord,2,4703,770028514,"3,80,162",55,440,8,3,2,1,2,0,5,0.25,0.0,0.625,3,1.625,2,0.875,1.25,low
add_chord_p2,add_chord,2,4703,770028514,"3,80,162",56,448,8,3,2,1,2,0,5,0.25,0.0,0.625,3,1.5,2,0.875,1.25,low
add_chord_p2,add_chord,2,4703,770028514,"3,80,162",57,456,8,3,2,1,2,0,5,0.25,0.0,0.625,3,1.5,2,0.875,1.25,low
add_chord_p2,add_chord,2,4703,770028514,"3,80,162",58,464,8,3,2,1,2,0,5,0.25,0.0,0.625,3,1.5,2,0.875,1.25,low
add_chord_p2,add_chord,2,4703,770028514,"3,80,162",59,472,8,3,2,1,2,0,5,0.25,0.0,0.625,3,1.5,2,0.875,1.25,low
add_chord_p2,add_chord,2,4703,770028514,"3,80,162",60,480,8,3,2,1,2,0,5,0.25,0.0,0.625,3,1.625,2,0.875,1.25,low
add_chord_p2,add_chord,2,4703,770028514,"3,80,162",61,488,8,3,2,1,2,0,5,0.25,0.0,0.625,3,1.625,2,0.875,1.25,low
add_chord_p2,add_chord,2,4703,770028514,"3,80,162",62,496,9,3,3,1,2,0,6,0.2222222222222222,0.0,0.6666666666666666,3,1.1111111111111112,2,0.8888888888888888,1.2222222222222223,low
add_chord_p2,add_chord,2,4703,770028514,"3,80,162",63,504,9,3,3,1,2,0,6,0.2222222222222222,0.0,0.6666666666666666,3,1.1111111111111112,2,0.8888888888888888,1.2222222222222223,low
add_chord_p2,add_chord,2,4703,770028514,"3,80,162",64,512,8,3,2,2,1,0,5,0.125,0.0,0.625,3,2.25,2,0.875,1.125,low
add_chord_p2,add_chord,2,4703,770028514,"3,80,162",65,520,8,3,2,2,1,0,5,0.125,0.0,0.625,3,2.25,2,0.875,1.125,low
add_chord_p2,add_chord,2,4703,770028514,"3,80,162",66,528,9,3,3,1,2,0,6,0.2222222222222222,0.0,0.6666666666666666,3,1.1111111111111112,2,0.8888888888888888,1.2222222222222223,low
add_chord_p2,add_chord,2,4703,770028514,"3,80,162",67,536,9,3,3,1,2,0,6,0.2222222222222222,0.0,0.6666666666666666,3,1.1111111111111112,2,0.8888888888888888,1.2222222222222223,low
add_chord_p2,add_chord,2,4703,770028514,"3,80,162",68,544,9,3,3,1,2,0,6,0.2222222222222222,0.0,0.6666666666666666,3,1.1111111111111112,2,0.8888888888888888,1.2222222222222223,low
add_chord_p2,add_chord,2,4703,770028514,"3,80,162",69,552,9,3,3,1,2,0,6,0.2222222222222222,0.0,0.6666666666666666,3,1.1111111111111112,2,0.8888888888888888,1.2222222222222223,low
add_chord_p2,add_chord,2,4703,770028514,"3,80,162",70,560,8,3,2,2,1,0,5,0.125,0.0,0.625,3,2.25,2,0.875,1.125,low
add_chord_p2,add_chord,2,4703,770028514,"3,80,162",71,568,8,3,2,2,1,0,5,0.125,0.0,0.625,3,2.25,2,0.875,1.125,low
add_chord_p2,add_chord,2,4703,770028514,"3,80,162",72,576,8,3,2,2,1,0,5,0.125,0.0,0.625,3,2.25,2,0.875,1.125,low
add_chord_p2,add_chord,2,4703,770028514,"3,80,162",73,584,8,3,2,1,2,0,5,0.25,0.0,0.625,3,1.5,2,0.875,1.25,low
add_chord_p2,add_chord,2,4703,770028514,"3,80,162",74,592,8,3,2,1,2,0,5,0.25,0.0,0.625,3,1.5,2,0.875,1.25,low
add_chord_p2,add_chord,2,4703,770028514,"3,80,162",75,600,8,3,2,1,2,0,5,0.25,0.0,0.625,3,1.5,2,0.875,1.25,low
add_chord_p2,add_chord,2,4703,770028514,"3,80,162",76,608,8,3,2,1,2,0,5,0.25,0.0,0.625,3,1.5,2,0.875,1.25,low
add_chord_p2,add_chord,2,4703,770028514,"3,80,162",77,616,9,3,3,1,2,0,6,0.2222222222222222,0.0,0.6666666666666666,3,1.3333333333333333,2,0.8888888888888888,1.2222222222222223,low
add_chord_p2,add_chord,2,4703,770028514,"3,80,162",78,624,9,3,3,1,2,0,6,0.2222222222222222,0.0,0.6666666666666666,3,1.3333333333333333,2,0.8888888888888888,1.2222222222222223,low
add_chord_p2,add_chord,2,4703,770028514,"3,80,162",79,632,9,3,3,1,2,0,6,0.2222222222222222,0.0,0.6666666666666666,3,1.3333333333333333,2,0.8888888888888888,1.2222222222222223,low
add_chord_p2,add_chord,2,4703,770028514,"3,80,162",80,640,9,3,3,1,2,0,6,0.2222222222222222,0.0,0.6666666666666666,3,1.3333333333333333,2,0.8888888888888888,1.2222222222222223,low
add_chord_p2,add_chord,2,4703,770028514,"3,80,162",81,648,9,3,3,1,2,0,6,0.2222222222222222,0.0,0.6666666666666666,3,1.3333333333333333,2,0.8888888888888888,1.2222222222222223,low
add_chord_p2,add_chord,2,4703,770028514,"3,80,162",82,656,8,3,2,1,2,0,5,0.25,0.0,0.625,3,1.875,2,0.875,1.25,low
add_chord_p2,add_chord,2,4703,770028514,"3,80,162",83,664,8,3,2,1,2,0,5,0.25,0.0,0.625,3,1.875,2,0.875,1.25,low
add_chord_p2,add_chord,2,4703,770028514,"3,80,162",84,672,8,3,2,1,2,0,5,0.25,0.0,0.625,3,1.875,2,0.875,1.25,low
add_chord_p2,add_chord,2,4703,770028514,"3,80,162",85,680,8,3,2,1,2,0,5,0.25,0.0,0.625,3,1.875,2,0.875,1.25,low
add_chord_p2,add_chord,2,4703,770028514,"3,80,162",86,688,8,3,2,1,2,0,5,0.25,0.0,0.625,3,1.875,2,0.875,1.25,low
add_chord_p2,add_chord,2,4703,770028514,"3,80,162",87,696,8,3,2,1,2,0,5,0.25,0.0,0.625,3,1.875,2,0.875,1.25,low
add_chord_p2,add_chord,2,4703,770028514,"3,80,162",88,704,8,3,2,1,2,0,5,0.25,0.0,0.625,3,1.875,2,0.875,1.25,low
add_chord_p2,add_chord,2,4703,770028514,"3,80,162",89,712,8,3,2,1,2,0,5,0.25,0.0,0.625,3,1.625,2,0.875,1.25,low
add_chord_p2,add_chord,2,4703,770028514,"3,80,162",90,720,8,3,2,1,2,0,5,0.25,0.0,0.625,3,1.625,2,0.875,1.25,low
add_chord_p2,add_chord,2,4703,770028514,"3,80,162",91,728,8,3,2,1,2,0,5,0.25,0.0,0.625,3,1.625,2,0.875,1.25,low
add_chord_p2,add_chord,2,4703,770028514,"3,80,162",92,736,8,3,2,1,2,0,5,0.25,0.0,0.625,3,1.625,2,0.875,1.25,low
add_chord_p2,add_chord,2,4703,770028514,"3,80,162",93,744,8,3,2,1,2,0,5,0.25,0.0,0.625,3,1.625,2,0.875,1.25,low
add_chord_p2,add_chord,2,4703,770028514,"3,80,162",94,752,8,3,2,1,2,0,5,0.25,0.0,0.625,3,1.625,2,0.875,1.25,low
add_chord_p2,add_chord,2,4703,770028514,"3,80,162",95,760,8,3,2,1,2,0,5,0.25,0.0,0.625,3,1.625,2,0.875,1.25,low
add_chord_p2,add_chord,2,4703,770028514,"3,80,162",96,768,8,3,2,1,2,0,5,0.25,0.0,0.625,3,1.625,2,0.875,1.25,low
add_chord_p2,add_chord,2,4703,770028514,"3,80,162",97,776,8,3,2,1,2,0,5,0.25,0.0,0.625,3,1.625,2,0.875,1.25,low
add_chord_p2,add_chord,2,4703,770028514,"3,80,162",98,784,8,3,2,1,2,0,5,0.25,0.0,0.625,3,1.625,2,0.875,1.25,low
add_chord_p2,add_chord,2,4703,770028514,"3,80,162",99,792,8,3,2,1,2,0,5,0.25,0.0,0.625,3,1.625,2,0.875,1.25,low
add_chord_p2,add_chord,2,4703,770028514,"3,80,162",100,800,8,3,2,1,2,0,5,0.25,0.0,0.625,3,1.625,2,0.875,1.25,low
add_chord_p2,add_chord,2,4703,770028514,"3,80,162",101,808,8,3,2,1,2,0,5,0.25,0.0,0.625,3,1.625,2,0.875,1.25,low
add_chord_p2,add_chord,2,4703,770028514,"3,80,162",102,816,8,3,2,1,2,0,5,0.25,0.0,0.625,3,1.625,2,0.875,1.25,low
add_chord_p2,add_chord,2,4703,770028514,"3,80,162",103,824,8,3,2,1,2,0,5,0.25,0.0,0.625,3,1.625,2,0.875,1.25,low
add_chord_p2,add_chord,2,4703,770028514,"3,80,162",104,832,8,3,2,1,2,0,5,0.25,0.0,0.625,3,1.875,2,0.875,1.25,low
add_chord_p2,add_chord,2,4703,770028514,"3,80,162",105,840,8,3,2,1,2,0,5,0.25,0.0,0.625,3,1.875,2,0.875,1.25,low
add_chord_p2,add_chord,2,4703,770028514,"3,80,162",106,848,8,3,2,1,2,0,5,0.25,0.0,0.625,3,1.875,2,0.875,1.25,low
add_chord_p2,add_chord,2,4703,770028514,"3,80,162",107,856,8,3,2,1,2,0,5,0.25,0.0,0.625,3,1.875,2,0.875,1.25,low
add_chord_p2,add_chord,2,4703,770028514,"3,80,162",108,864,8,3,2,1,2,0,5,0.25,0.0,0.625,3,1.875,2,0.875,1.25,low
add_chord_p2,add_chord,2,4703,770028514,"3,80,162",109,872,8,3,2,1,2,0,5,0.25,0.0,0.625,3,1.875,2,0.875,1.25,low
add_chord_p2,add_chord,2,4703,770028514,"3,80,162",110,880,8,3,2,1,2,0,5,0.25,0.0,0.625,3,1.875,2,0.875,1.25,low
add_chord_p2,add_chord,2,4703,770028514,"3,80,162",111,888,8,3,2,1,2,0,5,0.25,0.0,0.625,3,1.875,2,0.875,1.25,low
add_chord_p2,add_chord,2,4703,770028514,"3,80,162",112,896,8,3,2,1,2,0,5,0.25,0.0,0.625,3,1.875,2,0.875,1.25,low
add_chord_p2,add_chord,2,4703,770028514,"3,80,162",113,904,9,3,2,1,3,0,5,0.3333333333333333,0.0,0.5555555555555556,3,1.7777777777777777,2,0.7777777777777778,1.4444444444444444,low
add_chord_p2,add_chord,2,4703,770028514,"3,80,162",114,912,9,3,2,1,3,0,5,0.3333333333333333,0.0,0.5555555555555556,3,1.7777777777777777,2,0.7777777777777778,1.4444444444444444,low
add_chord_p2,add_chord,2,4703,770028514,"3,80,162",115,920,9,3,2,1,3,0,5,0.3333333333333333,0.0,0.5555555555555556,3,1.7777777777777777,2,0.7777777777777778,1.4444444444444444,low
add_chord_p2,add_chord,2,4703,770028514,"3,80,162",116,928,9,3,2,1,3,0,5,0.3333333333333333,0.0,0.5555555555555556,3,1.7777777777777777,2,0.7777777777777778,1.4444444444444444,low
add_chord_p2,add_chord,2,4703,770028514,"3,80,162",117,936,10,3,3,1,3,0,6,0.3,0.0,0.6,3,1.6,3,0.8,1.4,low
add_chord_p2,add_chord,2,4703,770028514,"3,80,162",118,944,10,3,3,1,3,0,6,0.3,0.0,0.6,3,1.6,3,0.8,1.4,low
add_chord_p2,add_chord,2,4703,770028514,"3,80,162",119,952,11,3,4,2,2,0,7,0.18181818181818182,0.0,0.6363636363636364,3,1.7272727272727273,2,0.8181818181818182,1.2727272727272727,low
add_chord_p2,add_chord,2,4703,770028514,"3,80,162",120,960,11,3,4,2,2,0,7,0.18181818181818182,0.0,0.6363636363636364,3,1.7272727272727273,2,0.8181818181818182,1.2727272727272727,low
add_chord_p2,add_chord,2,4703,770028514,"3,80,162",121,968,11,3,4,2,2,0,7,0.18181818181818182,0.0,0.6363636363636364,3,1.7272727272727273,2,0.8181818181818182,1.2727272727272727,low
add_chord_p2,add_chord,2,4703,770028514,"3,80,162",122,976,11,3,4,2,2,0,7,0.18181818181818182,0.0,0.6363636363636364,3,1.7272727272727273,2,0.8181818181818182,1.2727272727272727,low
add_chord_p2,add_chord,2,4703,770028514,"3,80,162",123,984,11,3,4,2,2,0,7,0.18181818181818182,0.0,0.6363636363636364,3,1.7272727272727273,2,0.8181818181818182,1.2727272727272727,low
add_chord_p2,add_chord,2,4703,770028514,"3,80,162",124,992,11,3,4,2,2,0,7,0.18181818181818182,0.0,0.6363636363636364,3,1.7272727272727273,2,0.8181818181818182,1.2727272727272727,low
add_chord_p2,add_chord,2,4703,770028514,"3,80,162",125,1000,10,3,3,2,1,1,6,0.1,0.1,0.6,4,2.0,3,0.8,1.4,low
add_chord_p2,add_chord,2,4703,770028514,"3,80,162",126,1008,10,3,3,2,1,1,6,0.1,0.1,0.6,4,2.0,3,0.8,1.4,low
add_chord_p2,add_chord,2,4703,770028514,"3,80,162",127,1016,10,3,3,2,1,1,6,0.1,0.1,0.6,4,2.0,3,0.8,1.4,low
add_chord_p2,add_chord,2,4703,770028514,"3,80,162",128,1024,10,3,3,2,1,1,6,0.1,0.1,0.6,4,2.0,3,0.8,1.4,low
add_chord_p2,add_chord,2,4703,770028514,"3,80,162",129,1032,10,3,3,2,1,1,6,0.1,0.1,0.6,4,2.0,3,0.8,1.4,low
add_chord_p2,add_chord,2,4703,770028514,"3,80,162",130,1040,10,3,3,1,2,1,6,0.2,0.1,0.6,4,1.5,3,0.8,1.5,low
add_chord_p2,add_chord,2,4703,770028514,"3,80,162",131,1048,10,3,3,1,2,1,6,0.2,0.1,0.6,4,1.5,3,0.8,1.5,low
add_chord_p2,add_chord,2,4703,770028514,"3,80,162",132,1056,10,3,3,1,2,1,6,0.2,0.1,0.6,4,1.5,3,0.8,1.5,low
add_chord_p2,add_chord,2,4703,770028514,"3,80,162",133,1064,9,3,2,1,3,0,5,0.3333333333333333,0.0,0.5555555555555556,3,1.7777777777777777,2,0.7777777777777778,1.4444444444444444,low
add_chord_p2,add_chord,2,4703,770028514,"3,80,162",134,1072,9,3,2,1,3,0,5,0.3333333333333333,0.0,0.5555555555555556,3,1.7777777777777777,2,0.7777777777777778,1.4444444444444444,low
add_chord_p2,add_chord,2,4703,770028514,"3,80,162",135,1080,9,3,2,1,3,0,5,0.3333333333333333,0.0,0.5555555555555556,3,1.7777777777777777,2,0.7777777777777778,1.4444444444444444,low
add_chord_p2,add_chord,2,4703,770028514,"3,80,162",136,1088,9,3,2,1,3,0,5,0.3333333333333333,0.0,0.5555555555555556,3,1.7777777777777777,2,0.7777777777777778,1.4444444444444444,low
add_chord_p2,add_chord,2,4703,770028514,"3,80,162",137,1096,9,3,2,1,3,0,5,0.3333333333333333,0.0,0.5555555555555556,3,1.7777777777777777,2,0.7777777777777778,1.4444444444444444,low
add_chord_p2,add_chord,2,4703,770028514,"3,80,162",138,1104,9,3,2,1,3,0,5,0.3333333333333333,0.0,0.5555555555555556,3,1.7777777777777777,2,0.7777777777777778,1.4444444444444444,low
add_chord_p2,add_chord,2,4703,770028514,"3,80,162",139,1112,9,3,2,1,3,0,5,0.3333333333333333,0.0,0.5555555555555556,3,1.7777777777777777,2,0.7777777777777778,1.4444444444444444,low
add_chord_p2,add_chord,2,4703,770028514,"3,80,162",140,1120,9,3,2,1,3,0,5,0.3333333333333333,0.0,0.5555555555555556,3,1.7777777777777777,2,0.7777777777777778,1.4444444444444444,low
add_chord_p2,add_chord,2,4703,770028514,"3,80,162",141,1128,9,3,2,1,3,0,5,0.3333333333333333,0.0,0.5555555555555556,3,1.7777777777777777,2,0.7777777777777778,1.4444444444444444,low
add_chord_p2,add_chord,2,4703,770028514,"3,80,162",142,1136,9,3,2,1,3,0,5,0.3333333333333333,0.0,0.5555555555555556,3,1.7777777777777777,2,0.7777777777777778,1.4444444444444444,low
add_chord_p2,add_chord,2,4703,770028514,"3,80,162",143,1144,9,3,2,1,3,0,5,0.3333333333333333,0.0,0.5555555555555556,3,1.7777777777777777,2,0.7777777777777778,1.4444444444444444,low
add_chord_p2,add_chord,2,4703,770028514,"3,80,162",144,1152,9,3,2,1,3,0,5,0.3333333333333333,0.0,0.5555555555555556,3,1.7777777777777777,2,0.7777777777777778,1.4444444444444444,low
add_chord_p2,add_chord,2,4703,770028514,"3,80,162",145,1160,9,3,2,1,3,0,5,0.3333333333333333,0.0,0.5555555555555556,3,1.7777777777777777,2,0.7777777777777778,1.4444444444444444,low
add_chord_p2,add_chord,2,4703,770028514,"3,80,162",146,1168,9,3,2,1,3,0,5,0.3333333333333333,0.0,0.5555555555555556,3,1.7777777777777777,2,0.7777777777777778,1.4444444444444444,low
add_chord_p2,add_chord,2,4703,770028514,"3,80,162",147,1176,9,3,2,1,3,0,5,0.3333333333333333,0.0,0.5555555555555556,3,1.7777777777777777,2,0.7777777777777778,1.4444444444444444,low
add_chord_p2,add_chord,2,4703,770028514,"3,80,162",148,1184,9,3,2,1,3,0,5,0.3333333333333333,0.0,0.5555555555555556,3,1.7777777777777777,2,0.7777777777777778,1.4444444444444444,low
add_chord_p2,add_chord,2,4703,770028514,"3,80,162",149,1192,9,3,2,1,3,0,5,0.3333333333333333,0.0,0.5555555555555556,3,1.7777777777777777,2,0.7777777777777778,1.4444444444444444,low
add_chord_p2,add_chord,2,4703,770028514,"3,80,162",150,1200,9,3,2,1,3,0,5,0.3333333333333333,0.0,0.5555555555555556,3,1.7777777777777777,2,0.7777777777777778,1.4444444444444444,low
add_chord_p2,add_chord,2,4703,770028514,"3,80,162",151,1208,10,3,3,2,2,0,6,0.2,0.0,0.6,3,1.8,2,0.8,1.3,low
add_chord_p2,add_chord,2,4703,770028514,"3,80,162",152,1216,10,3,3,2,2,0,6,0.2,0.0,0.6,3,1.8,2,0.8,1.3,low
add_chord_p2,add_chord,2,4703,770028514,"3,80,162",153,1224,10,3,3,2,2,0,6,0.2,0.0,0.6,3,1.8,2,0.8,1.3,low
add_chord_p2,add_chord,2,4703,770028514,"3,80,162",154,1232,10,3,3,2,2,0,6,0.2,0.0,0.6,3,1.8,2,0.8,1.3,low
add_chord_p2,add_chord,2,4703,770028514,"3,80,162",155,1240,10,3,3,2,2,0,6,0.2,0.0,0.6,3,1.8,2,0.8,1.3,low
add_chord_p2,add_chord,2,4703,770028514,"3,80,162",156,1248,10,3,3,2,2,0,6,0.2,0.0,0.6,3,1.8,2,0.8,1.3,low
add_chord_p2,add_chord,2,4703,770028514,"3,80,162",157,1256,10,3,3,2,2,0,6,0.2,0.0,0.6,3,1.8,2,0.8,1.3,low
add_chord_p2,add_chord,2,4703,770028514,"3,80,162",158,1264,10,3,3,2,2,0,6,0.2,0.0,0.6,3,1.8,2,0.8,1.3,low
add_chord_p2,add_chord,2,4703,770028514,"3,80,162",159,1272,10,3,3,2,2,0,6,0.2,0.0,0.6,3,1.8,2,0.8,1.3,low
add_chord_p2,add_chord,2,4703,770028514,"3,80,162",160,1280,10,3,3,2,2,0,6,0.2,0.0,0.6,3,1.8,2,0.8,1.3,low
add_chord_p2,add_chord,2,4703,770028514,"3,80,162",161,1288,10,3,3,2,2,0,6,0.2,0.0,0.6,3,1.8,2,0.8,1.3,low
add_chord_p2,add_chord,2,4703,770028514,"3,80,162",162,1296,10,3,3,2,2,0,6,0.2,0.0,0.6,3,1.8,2,0.8,1.3,low
add_chord_p2,add_chord,2,4703,770028514,"3,80,162",163,1304,10,3,3,2,2,0,6,0.2,0.0,0.6,3,1.8,2,0.8,1.3,low
add_chord_p2,add_chord,2,4703,770028514,"3,80,162",164,1312,10,3,3,2,2,0,6,0.2,0.0,0.6,3,1.8,2,0.8,1.3,low
add_chord_p2,add_chord,2,4703,770028514,"3,80,162",165,1320,10,3,3,2,2,0,6,0.2,0.0,0.6,3,1.8,2,0.8,1.3,low
add_chord_p2,add_chord,2,4703,770028514,"3,80,162",166,1328,10,3,3,2,2,0,6,0.2,0.0,0.6,3,1.8,2,0.8,1.3,low
add_chord_p2,add_chord,2,4703,770028514,"3,80,162",167,1336,10,3,3,2,2,0,6,0.2,0.0,0.6,3,1.8,2,0.8,1.3,low
add_chord_p2,add_chord,2,4703,770028514,"3,80,162",168,1344,10,3,3,2,2,0,6,0.2,0.0,0.6,3,2.0,2,0.8,1.3,low
add_chord_p2,add_chord,2,4703,770028514,"3,80,162",169,1352,10,3,3,2,2,0,6,0.2,0.0,0.6,3,2.0,2,0.8,1.3,low
add_chord_p2,add_chord,2,4703,770028514,"3,80,162",170,1360,10,3,3,2,2,0,6,0.2,0.0,0.6,3,2.0,2,0.8,1.3,low
add_chord_p2,add_chord,2,4703,770028514,"3,80,162",171,1368,10,3,3,2,2,0,6,0.2,0.0,0.6,3,2.0,2,0.8,1.3,low
add_chord_p2,add_chord,2,4703,770028514,"3,80,162",172,1376,10,3,3,2,2,0,6,0.2,0.0,0.6,3,2.0,2,0.8,1.3,low
add_chord_p2,add_chord,2,4703,770028514,"3,80,162",173,1384,10,3,3,2,2,0,6,0.2,0.0,0.6,3,2.0,2,0.8,1.3,low
add_chord_p2,add_chord,2,4703,770028514,"3,80,162",174,1392,10,3,3,2,2,0,6,0.2,0.0,0.6,3,2.0,2,0.8,1.3,low
add_chord_p2,add_chord,2,4703,770028514,"3,80,162",175,1400,10,3,3,2,2,0,6,0.2,0.0,0.6,3,2.0,2,0.8,1.3,low
add_chord_p2,add_chord,2,4703,770028514,"3,80,162",176,1408,9,3,2,2,2,0,5,0.2222222222222222,0.0,0.5555555555555556,3,2.111111111111111,2,0.7777777777777778,1.3333333333333333,low
add_chord_p2,add_chord,2,4703,770028514,"3,80,162",177,1416,10,3,3,2,2,0,6,0.2,0.0,0.6,3,1.6,2,0.8,1.3,low
add_chord_p2,add_chord,2,4703,770028514,"3,80,162",178,1424,9,3,2,1,3,0,5,0.3333333333333333,0.0,0.5555555555555556,3,1.4444444444444444,3,0.7777777777777778,1.4444444444444444,low
add_chord_p2,add_chord,2,4703,770028514,"3,80,162",179,1432,9,3,2,1,3,0,5,0.3333333333333333,0.0,0.5555555555555556,3,1.4444444444444444,3,0.7777777777777778,1.4444444444444444,low
add_chord_p2,add_chord,2,4703,770028514,"3,80,162",180,1440,9,3,2,1,3,0,5,0.3333333333333333,0.0,0.5555555555555556,3,1.4444444444444444,3,0.7777777777777778,1.4444444444444444,low
add_chord_p2,add_chord,2,4703,770028514,"3,80,162",181,1448,9,3,2,1,3,0,5,0.3333333333333333,0.0,0.5555555555555556,3,1.4444444444444444,3,0.7777777777777778,1.4444444444444444,low
add_chord_p2,add_chord,2,4703,770028514,"3,80,162",182,1456,9,3,2,1,3,0,5,0.3333333333333333,0.0,0.5555555555555556,3,1.4444444444444444,3,0.7777777777777778,1.4444444444444444,low
add_chord_p2,add_chord,2,4703,770028514,"3,80,162",183,1464,9,3,2,1,3,0,5,0.3333333333333333,0.0,0.5555555555555556,3,1.4444444444444444,3,0.7777777777777778,1.4444444444444444,low
add_chord_p2,add_chord,2,4703,770028514,"3,80,162",184,1472,9,3,2,1,3,0,5,0.3333333333333333,0.0,0.5555555555555556,3,1.4444444444444444,3,0.7777777777777778,1.4444444444444444,low
add_chord_p2,add_chord,2,4703,770028514,"3,80,162",185,1480,9,3,2,1,3,0,5,0.3333333333333333,0.0,0.5555555555555556,3,1.4444444444444444,3,0.7777777777777778,1.4444444444444444,low
add_chord_p2,add_chord,2,4703,770028514,"3,80,162",186,1488,9,3,2,2,2,0,5,0.2222222222222222,0.0,0.5555555555555556,3,1.8888888888888888,2,0.7777777777777778,1.3333333333333333,low
add_chord_p2,add_chord,2,4703,770028514,"3,80,162",187,1496,9,3,2,2,2,0,5,0.2222222222222222,0.0,0.5555555555555556,3,1.8888888888888888,2,0.7777777777777778,1.3333333333333333,low
add_chord_p2,add_chord,2,4703,770028514,"3,80,162",188,1504,9,3,2,2,2,0,5,0.2222222222222222,0.0,0.5555555555555556,3,1.8888888888888888,2,0.7777777777777778,1.3333333333333333,low
add_chord_p2,add_chord,2,4703,770028514,"3,80,162",189,1512,9,3,2,2,2,0,5,0.2222222222222222,0.0,0.5555555555555556,3,1.8888888888888888,2,0.7777777777777778,1.3333333333333333,low
add_chord_p2,add_chord,2,4703,770028514,"3,80,162",190,1520,8,3,2,2,1,0,5,0.125,0.0,0.625,3,2.25,2,0.875,1.125,low
add_chord_p2,add_chord,2,4703,770028514,"3,80,162",191,1528,8,3,2,2,1,0,5,0.125,0.0,0.625,3,2.25,2,0.875,1.125,low
add_chord_p2,add_chord,2,4703,770028514,"3,80,162",192,1536,8,3,2,2,1,0,5,0.125,0.0,0.625,3,2.25,2,0.875,1.125,low
add_chord_p2,add_chord,2,4703,770028514,"3,80,162",193,1544,10,3,3,2,2,0,6,0.2,0.0,0.6,3,2.2,2,0.8,1.3,low
add_chord_p2,add_chord,2,4703,770028514,"3,80,162",194,1552,10,3,3,2,2,0,6,0.2,0.0,0.6,3,2.2,2,0.8,1.3,low
add_chord_p2,add_chord,2,4703,770028514,"3,80,162",195,1560,10,3,3,2,2,0,6,0.2,0.0,0.6,3,2.2,2,0.8,1.3,low
add_chord_p2,add_chord,2,4703,770028514,"3,80,162",196,1568,10,3,3,2,2,0,6,0.2,0.0,0.6,3,2.2,2,0.8,1.3,low
add_chord_p2,add_chord,2,4703,770028514,"3,80,162",197,1576,10,3,3,2,2,0,6,0.2,0.0,0.6,3,2.2,2,0.8,1.3,low
add_chord_p2,add_chord,2,4703,770028514,"3,80,162",198,1584,10,3,3,2,2,0,6,0.2,0.0,0.6,3,2.2,2,0.8,1.3,low
add_chord_p2,add_chord,2,4703,770028514,"3,80,162",199,1592,10,3,3,2,2,0,6,0.2,0.0,0.6,3,2.2,2,0.8,1.3,low
add_chord_p2,add_chord,2,4703,770028514,"3,80,162",200,1600,10,3,3,2,2,0,6,0.2,0.0,0.6,3,2.2,2,0.8,1.3,low
add_chord_p2,add_chord,2,4703,770028514,"3,80,162",201,1608,10,3,2,3,2,0,5,0.2,0.0,0.5,3,1.9,3,0.7,1.4,low
add_chord_p2,add_chord,2,4703,770028514,"3,80,162",202,1616,10,3,2,3,2,0,5,0.2,0.0,0.5,3,1.9,3,0.7,1.4,low
add_chord_p2,add_chord,2,4703,770028514,"3,80,162",203,1624,10,3,2,3,2,0,5,0.2,0.0,0.5,3,1.9,3,0.7,1.4,low
add_chord_p2,add_chord,2,4703,770028514,"3,80,162",204,1632,10,3,2,3,2,0,5,0.2,0.0,0.5,3,1.9,3,0.7,1.4,low
add_chord_p2,add_chord,2,4703,770028514,"3,80,162",205,1640,10,3,2,3,2,0,5,0.2,0.0,0.5,3,1.9,3,0.7,1.4,low
add_chord_p2,add_chord,2,4703,770028514,"3,80,162",206,1648,10,3,2,3,2,0,5,0.2,0.0,0.5,3,1.9,3,0.7,1.4,low
add_chord_p2,add_chord,2,4703,770028514,"3,80,162",207,1656,11,3,3,3,2,0,6,0.18181818181818182,0.0,0.5454545454545454,3,1.7272727272727273,3,0.7272727272727273,1.3636363636363635,low
add_chord_p2,add_chord,2,4703,770028514,"3,80,162",208,1664,11,3,3,3,2,0,6,0.18181818181818182,0.0,0.5454545454545454,3,1.7272727272727273,3,0.7272727272727273,1.3636363636363635,low
add_chord_p2,add_chord,2,4703,770028514,"3,80,162",209,1672,11,3,3,3,2,0,6,0.18181818181818182,0.0,0.5454545454545454,3,1.7272727272727273,3,0.7272727272727273,1.3636363636363635,low
add_chord_p2,add_chord,2,4703,770028514,"3,80,162",210,1680,11,3,3,3,2,0,6,0.18181818181818182,0.0,0.5454545454545454,3,1.7272727272727273,3,0.7272727272727273,1.3636363636363635,low
add_chord_p2,add_chord,2,4703,770028514,"3,80,162",211,1688,11,3,3,3,2,0,6,0.18181818181818182,0.0,0.5454545454545454,3,1.7272727272727273,3,0.7272727272727273,1.3636363636363635,low
add_chord_p2,add_chord,2,4703,770028514,"3,80,162",212,1696,11,3,4,2,2,0,7,0.18181818181818182,0.0,0.6363636363636364,3,1.8181818181818181,2,0.8181818181818182,1.2727272727272727,low
add_chord_p2,add_chord,2,4703,770028514,"3,80,162",213,1704,11,3,4,2,2,0,7,0.18181818181818182,0.0,0.6363636363636364,3,1.8181818181818181,2,0.8181818181818182,1.2727272727272727,low
add_chord_p2,add_chord,2,4703,770028514,"3,80,162",214,1712,11,3,4,2,2,0,7,0.18181818181818182,0.0,0.6363636363636364,3,1.8181818181818181,2,0.8181818181818182,1.2727272727272727,low
add_chord_p2,add_chord,2,4703,770028514,"3,80,162",215,1720,11,3,4,2,2,0,7,0.18181818181818182,0.0,0.6363636363636364,3,1.8181818181818181,2,0.8181818181818182,1.2727272727272727,low
add_chord_p2,add_chord,2,4703,770028514,"3,80,162",216,1728,9,3,3,1,2,0,6,0.2222222222222222,0.0,0.6666666666666666,3,1.6666666666666667,2,0.8888888888888888,1.2222222222222223,low
add_chord_p2,add_chord,2,4703,770028514,"3,80,162",217,1736,9,3,3,1,2,0,6,0.2222222222222222,0.0,0.6666666666666666,3,1.6666666666666667,2,0.8888888888888888,1.2222222222222223,low
add_chord_p2,add_chord,2,4703,770028514,"3,80,162",218,1744,9,3,3,1,2,0,6,0.2222222222222222,0.0,0.6666666666666666,3,1.6666666666666667,2,0.8888888888888888,1.2222222222222223,low
add_chord_p2,add_chord,2,4703,770028514,"3,80,162",219,1752,9,3,3,1,2,0,6,0.2222222222222222,0.0,0.6666666666666666,3,1.6666666666666667,2,0.8888888888888888,1.2222222222222223,low
add_chord_p2,add_chord,2,4703,770028514,"3,80,162",220,1760,9,3,3,1,2,0,6,0.2222222222222222,0.0,0.6666666666666666,3,1.6666666666666667,2,0.8888888888888888,1.2222222222222223,low
add_chord_p2,add_chord,2,4703,770028514,"3,80,162",221,1768,9,3,3,1,2,0,6,0.2222222222222222,0.0,0.6666666666666666,3,1.6666666666666667,2,0.8888888888888888,1.2222222222222223,low
add_chord_p2,add_chord,2,4703,770028514,"3,80,162",222,1776,9,3,3,1,2,0,6,0.2222222222222222,0.0,0.6666666666666666,3,1.6666666666666667,2,0.8888888888888888,1.2222222222222223,low
add_chord_p2,add_chord,2,4703,770028514,"3,80,162",223,1784,9,3,3,1,2,0,6,0.2222222222222222,0.0,0.6666666666666666,3,1.6666666666666667,2,0.8888888888888888,1.2222222222222223,low
add_chord_p2,add_chord,2,4703,770028514,"3,80,162",224,1792,9,3,3,1,2,0,6,0.2222222222222222,0.0,0.6666666666666666,3,1.6666666666666667,2,0.8888888888888888,1.2222222222222223,low
add_chord_p2,add_chord,2,4703,770028514,"3,80,162",225,1800,9,3,3,1,2,0,6,0.2222222222222222,0.0,0.6666666666666666,3,1.6666666666666667,2,0.8888888888888888,1.2222222222222223,low
add_chord_p2,add_chord,2,4703,770028514,"3,80,162",226,1808,9,3,3,1,2,0,6,0.2222222222222222,0.0,0.6666666666666666,3,1.6666666666666667,2,0.8888888888888888,1.2222222222222223,low
add_chord_p2,add_chord,2,4703,770028514,"3,80,162",227,1816,9,3,3,1,2,0,6,0.2222222222222222,0.0,0.6666666666666666,3,1.6666666666666667,2,0.8888888888888888,1.2222222222222223,low
add_chord_p2,add_chord,2,4703,770028514,"3,80,162",228,1824,9,3,3,1,2,0,6,0.2222222222222222,0.0,0.6666666666666666,3,1.6666666666666667,2,0.8888888888888888,1.2222222222222223,low
add_chord_p2,add_chord,2,4703,770028514,"3,80,162",229,1832,9,3,3,1,2,0,6,0.2222222222222222,0.0,0.6666666666666666,3,1.6666666666666667,2,0.8888888888888888,1.2222222222222223,low
add_chord_p2,add_chord,2,4703,770028514,"3,80,162",230,1840,11,3,4,2,2,0,7,0.18181818181818182,0.0,0.6363636363636364,3,1.8181818181818181,2,0.8181818181818182,1.2727272727272727,low
add_chord_p2,add_chord,2,4703,770028514,"3,80,162",231,1848,11,3,4,2,2,0,7,0.18181818181818182,0.0,0.6363636363636364,3,1.8181818181818181,2,0.8181818181818182,1.2727272727272727,low
add_chord_p2,add_chord,2,4703,770028514,"3,80,162",232,1856,11,3,4,2,2,0,7,0.18181818181818182,0.0,0.6363636363636364,3,1.8181818181818181,2,0.8181818181818182,1.2727272727272727,low
add_chord_p2,add_chord,2,4703,770028514,"3,80,162",233,1864,11,3,4,2,2,0,7,0.18181818181818182,0.0,0.6363636363636364,3,1.8181818181818181,2,0.8181818181818182,1.2727272727272727,low
add_chord_p2,add_chord,2,4703,770028514,"3,80,162",234,1872,11,3,4,2,2,0,7,0.18181818181818182,0.0,0.6363636363636364,3,1.8181818181818181,2,0.8181818181818182,1.2727272727272727,low
add_chord_p2,add_chord,2,4703,770028514,"3,80,162",235,1880,11,3,4,2,2,0,7,0.18181818181818182,0.0,0.6363636363636364,3,1.8181818181818181,2,0.8181818181818182,1.2727272727272727,low
add_chord_p2,add_chord,2,4703,770028514,"3,80,162",236,1888,11,3,4,2,2,0,7,0.18181818181818182,0.0,0.6363636363636364,3,1.8181818181818181,2,0.8181818181818182,1.2727272727272727,low
add_chord_p2,add_chord,2,4703,770028514,"3,80,162",237,1896,11,3,4,2,2,0,7,0.18181818181818182,0.0,0.6363636363636364,3,1.8181818181818181,2,0.8181818181818182,1.2727272727272727,low
add_chord_p2,add_chord,2,4703,770028514,"3,80,162",238,1904,11,3,4,2,2,0,7,0.18181818181818182,0.0,0.6363636363636364,3,1.8181818181818181,2,0.8181818181818182,1.2727272727272727,low
add_chord_p2,add_chord,2,4703,770028514,"3,80,162",239,1912,11,3,4,2,2,0,7,0.18181818181818182,0.0,0.6363636363636364,3,1.8181818181818181,2,0.8181818181818182,1.2727272727272727,low
add_chord_p2,add_chord,2,4703,770028514,"3,80,162",240,1920,10,3,3,1,3,0,6,0.3,0.0,0.6,3,1.6,2,0.8,1.4,low
add_chord_p2,add_chord,2,4703,770028514,"3,80,162",241,1928,10,3,2,3,2,0,5,0.2,0.0,0.5,3,2.0,3,0.7,1.4,low
add_chord_p2,add_chord,2,4703,770028514,"3,80,162",242,1936,10,3,2,3,2,0,5,0.2,0.0,0.5,3,2.0,3,0.7,1.4,low
add_chord_p2,add_chord,2,4703,770028514,"3,80,162",243,1944,10,3,2,3,2,0,5,0.2,0.0,0.5,3,2.0,3,0.7,1.4,low
add_chord_p2,add_chord,2,4703,770028514,"3,80,162",244,1952,10,3,2,3,2,0,5,0.2,0.0,0.5,3,2.0,3,0.7,1.4,low
add_chord_p2,add_chord,2,4703,770028514,"3,80,162",245,1960,10,3,2,3,2,0,5,0.2,0.0,0.5,3,2.0,3,0.7,1.4,low
add_chord_p2,add_chord,2,4703,770028514,"3,80,162",246,1968,10,3,2,3,2,0,5,0.2,0.0,0.5,3,2.0,3,0.7,1.4,low
add_chord_p2,add_chord,2,4703,770028514,"3,80,162",247,1976,10,3,2,3,2,0,5,0.2,0.0,0.5,3,2.0,3,0.7,1.4,low
add_chord_p2,add_chord,2,4703,770028514,"3,80,162",248,1984,10,3,2,3,2,0,5,0.2,0.0,0.5,3,2.0,3,0.7,1.4,low
add_chord_p2,add_chord,2,4703,770028514,"3,80,162",249,1992,10,3,2,3,2,0,5,0.2,0.0,0.5,3,2.0,3,0.7,1.4,low
add_chord_p2,add_chord,2,4703,770028514,"3,80,162",250,2000,9,3,3,1,2,0,6,0.2222222222222222,0.0,0.6666666666666666,3,1.7777777777777777,2,0.8888888888888888,1.2222222222222223,low
add_chord_p2,add_chord,2,4703,770028514,"3,80,162",251,2008,9,3,3,1,2,0,6,0.2222222222222222,0.0,0.6666666666666666,3,1.7777777777777777,2,0.8888888888888888,1.2222222222222223,low
add_chord_p2,add_chord,2,4703,770028514,"3,80,162",252,2016,9,3,3,1,2,0,6,0.2222222222222222,0.0,0.6666666666666666,3,1.7777777777777777,2,0.8888888888888888,1.2222222222222223,low
add_chord_p2,add_chord,2,4703,770028514,"3,80,162",253,2024,9,3,3,1,2,0,6,0.2222222222222222,0.0,0.6666666666666666,3,1.7777777777777777,2,0.8888888888888888,1.2222222222222223,low
add_chord_p2,add_chord,2,4703,770028514,"3,80,162",254,2032,9,3,3,1,2,0,6,0.2222222222222222,0.0,0.6666666666666666,3,1.7777777777777777,2,0.8888888888888888,1.2222222222222223,low
add_chord_p2,add_chord,2,4703,770028514,"3,80,162",255,2040,9,3,3,1,2,0,6,0.2222222222222222,0.0,0.6666666666666666,3,1.7777777777777777,2,0.8888888888888888,1.2222222222222223,low
add_chord_p2,add_chord,2,4703,770028514,"3,80,162",256,2048,9,3,3,1,2,0,6,0.2222222222222222,0.0,0.6666666666666666,3,1.7777777777777777,2,0.8888888888888888,1.2222222222222223,low
add_chord_p2,add_chord,2,4703,770028514,"3,80,162",257,2056,9,3,3,1,2,0,6,0.2222222222222222,0.0,0.6666666666666666,3,1.7777777777777777,2,0.8888888888888888,1.2222222222222223,low
add_chord_p2,add_chord,2,4703,770028514,"3,80,162",258,2064,9,3,3,1,2,0,6,0.2222222222222222,0.0,0.6666666666666666,3,1.7777777777777777,2,0.8888888888888888,1.2222222222222223,low
add_chord_p2,add_chord,2,4703,770028514,"3,80,162",259,2072,9,3,3,1,2,0,6,0.2222222222222222,0.0,0.6666666666666666,3,1.7777777777777777,2,0.8888888888888888,1.2222222222222223,low
add_chord_p2,add_chord,2,4703,770028514,"3,80,162",260,2080,9,3,3,1,2,0,6,0.2222222222222222,0.0,0.6666666666666666,3,1.7777777777777777,2,0.8888888888888888,1.2222222222222223,low
add_chord_p2,add_chord,2,4703,770028514,"3,80,162",261,2088,9,3,3,1,2,0,6,0.2222222222222222,0.0,0.6666666666666666,3,1.7777777777777777,2,0.8888888888888888,1.2222222222222223,low
add_chord_p2,add_chord,2,4703,770028514,"3,80,162",262,2096,9,3,3,1,2,0,6,0.2222222222222222,0.0,0.6666666666666666,3,1.7777777777777777,2,0.8888888888888888,1.2222222222222223,low
add_chord_p2,add_chord,2,4703,770028514,"3,80,162",263,2104,9,3,3,1,2,0,6,0.2222222222222222,0.0,0.6666666666666666,3,1.7777777777777777,2,0.8888888888888888,1.2222222222222223,low
add_chord_p2,add_chord,2,4703,770028514,"3,80,162",264,2112,9,3,3,1,2,0,6,0.2222222222222222,0.0,0.6666666666666666,3,1.7777777777777777,2,0.8888888888888888,1.2222222222222223,low
add_chord_p2,add_chord,2,4703,770028514,"3,80,162",265,2120,10,3,3,1,3,0,6,0.3,0.0,0.6,3,1.9,2,0.8,1.4,low
add_chord_p2,add_chord,2,4703,770028514,"3,80,162",266,2128,10,3,3,1,3,0,6,0.3,0.0,0.6,3,1.9,2,0.8,1.4,low
add_chord_p2,add_chord,2,4703,770028514,"3,80,162",267,2136,10,3,3,1,3,0,6,0.3,0.0,0.6,3,1.9,2,0.8,1.4,low
add_chord_p2,add_chord,2,4703,770028514,"3,80,162",268,2144,10,3,3,1,3,0,6,0.3,0.0,0.6,3,1.9,2,0.8,1.4,low
add_chord_p2,add_chord,2,4703,770028514,"3,80,162",269,2152,10,3,3,1,3,0,6,0.3,0.0,0.6,3,1.9,2,0.8,1.4,low
add_chord_p2,add_chord,2,4703,770028514,"3,80,162",270,2160,10,3,3,1,3,0,6,0.3,0.0,0.6,3,1.9,2,0.8,1.4,low
add_chord_p2,add_chord,2,4703,770028514,"3,80,162",271,2168,10,3,3,1,3,0,6,0.3,0.0,0.6,3,1.9,2,0.8,1.4,low
add_chord_p2,add_chord,2,4703,770028514,"3,80,162",272,2176,10,3,3,1,3,0,6,0.3,0.0,0.6,3,1.9,2,0.8,1.4,low
add_chord_p2,add_chord,2,4703,770028514,"3,80,162",273,2184,10,3,3,1,3,0,6,0.3,0.0,0.6,3,1.9,2,0.8,1.4,low
add_chord_p2,add_chord,2,4703,770028514,"3,80,162",274,2192,10,3,3,1,3,0,6,0.3,0.0,0.6,3,1.9,2,0.8,1.4,low
add_chord_p2,add_chord,2,4703,770028514,"3,80,162",275,2200,10,3,3,1,3,0,6,0.3,0.0,0.6,3,1.9,2,0.8,1.4,low
add_chord_p2,add_chord,2,4703,770028514,"3,80,162",276,2208,10,3,3,1,3,0,6,0.3,0.0,0.6,3,1.9,2,0.8,1.4,low
add_chord_p2,add_chord,2,4703,770028514,"3,80,162",277,2216,10,3,3,1,3,0,6,0.3,0.0,0.6,3,1.9,2,0.8,1.4,low
add_chord_p2,add_chord,2,4703,770028514,"3,80,162",278,2224,10,3,3,1,3,0,6,0.3,0.0,0.6,3,1.9,2,0.8,1.4,low
add_chord_p2,add_chord,2,4703,770028514,"3,80,162",279,2232,10,3,3,1,3,0,6,0.3,0.0,0.6,3,1.9,2,0.8,1.4,low
add_chord_p2,add_chord,2,4703,770028514,"3,80,162",280,2240,10,3,3,1,3,0,6,0.3,0.0,0.6,3,1.9,2,0.8,1.4,low
add_chord_p2,add_chord,2,4703,770028514,"3,80,162",281,2248,10,3,3,1,3,0,6,0.3,0.0,0.6,3,1.9,2,0.8,1.4,low
add_chord_p2,add_chord,2,4703,770028514,"3,80,162",282,2256,10,3,3,1,3,0,6,0.3,0.0,0.6,3,1.9,2,0.8,1.4,low
add_chord_p2,add_chord,2,4703,770028514,"3,80,162",283,2264,10,3,3,1,3,0,6,0.3,0.0,0.6,3,1.9,2,0.8,1.4,low
add_chord_p2,add_chord,2,4703,770028514,"3,80,162",284,2272,10,3,3,1,3,0,6,0.3,0.0,0.6,3,1.9,2,0.8,1.4,low
add_chord_p2,add_chord,2,4703,770028514,"3,80,162",285,2280,10,3,3,1,3,0,6,0.3,0.0,0.6,3,1.9,2,0.8,1.4,low
add_chord_p2,add_chord,2,4703,770028514,"3,80,162",286,2288,10,3,3,1,3,0,6,0.3,0.0,0.6,3,1.9,2,0.8,1.4,low
add_chord_p2,add_chord,2,4703,770028514,"3,80,162",287,2296,10,3,3,1,3,0,6,0.3,0.0,0.6,3,1.9,2,0.8,1.4,low
add_chord_p2,add_chord,2,4703,770028514,"3,80,162",288,2304,10,3,3,1,3,0,6,0.3,0.0,0.6,3,1.9,2,0.8,1.4,low
add_chord_p2,add_chord,2,4703,770028514,"3,80,162",289,2312,10,3,3,1,3,0,6,0.3,0.0,0.6,3,1.9,2,0.8,1.4,low
add_chord_p2,add_chord,2,4703,770028514,"3,80,162",290,2320,10,3,3,1,3,0,6,0.3,0.0,0.6,3,1.9,2,0.8,1.4,low
add_chord_p2,add_chord,2,4703,770028514,"3,80,162",291,2328,10,3,3,1,3,0,6,0.3,0.0,0.6,3,1.9,2,0.8,1.4,low
add_chord_p2,add_chord,2,4703,770028514,"3,80,162",292,2336,10,3,3,1,3,0,6,0.3,0.0,0.6,3,1.9,2,0.8,1.4,low
add_chord_p2,add_chord,2,4703,770028514,"3,80,162",293,2344,10,3,3,1,3,0,6,0.3,0.0,0.6,3,1.9,2,0.8,1.4,low
add_chord_p2,add_chord,2,4703,770028514,"3,80,162",294,2352,10,3,3,1,3,0,6,0.3,0.0,0.6,3,1.9,2,0.8,1.4,low
add_chord_p2,add_chord,2,4703,770028514,"3,80,162",295,2360,10,3,3,1,3,0,6,0.3,0.0,0.6,3,1.9,2,0.8,1.4,low
add_chord_p2,add_chord,2,4703,770028514,"3,80,162",296,2368,10,3,3,1,3,0,6,0.3,0.0,0.6,3,1.9,2,0.8,1.4,low
add_chord_p2,add_chord,2,4703,770028514,"3,80,162",297,2376,10,3,3,1,3,0,6,0.3,0.0,0.6,3,1.9,2,0.8,1.4,low
add_chord_p2,add_chord,2,4703,770028514,"3,80,162",298,2384,10,3,3,1,3,0,6,0.3,0.0,0.6,3,1.9,2,0.8,1.4,low
add_chord_p2,add_chord,2,4703,770028514,"3,80,162",299,2392,10,3,3,1,3,0,6,0.3,0.0,0.6,3,1.9,2,0.8,1.4,low
add_chord_p2,add_chord,2,4703,770028514,"3,80,162",300,2400,10,3,3,1,3,0,6,0.3,0.0,0.6,3,1.9,2,0.8,1.4,low
add_chord_p2,add_chord,2,4703,770028514,"3,80,162",301,2408,10,3,3,1,3,0,6,0.3,0.0,0.6,3,1.9,2,0.8,1.4,low
add_chord_p2,add_chord,2,4703,770028514,"3,80,162",302,2416,10,3,3,1,3,0,6,0.3,0.0,0.6,3,1.9,2,0.8,1.4,low
add_chord_p2,add_chord,2,4703,770028514,"3,80,162",303,2424,10,3,3,1,3,0,6,0.3,0.0,0.6,3,1.9,2,0.8,1.4,low
add_chord_p2,add_chord,2,4703,770028514,"3,80,162",304,2432,9,3,3,1,2,0,6,0.2222222222222222,0.0,0.6666666666666666,3,1.7777777777777777,2,0.8888888888888888,1.2222222222222223,low
add_chord_p2,add_chord,2,4703,770028514,"3,80,162",305,2440,9,3,3,1,2,0,6,0.2222222222222222,0.0,0.6666666666666666,3,1.7777777777777777,2,0.8888888888888888,1.2222222222222223,low
add_chord_p2,add_chord,2,4703,770028514,"3,80,162",306,2448,9,3,3,1,2,0,6,0.2222222222222222,0.0,0.6666666666666666,3,1.7777777777777777,2,0.8888888888888888,1.2222222222222223,low
add_chord_p2,add_chord,2,4703,770028514,"3,80,162",307,2456,9,3,3,1,2,0,6,0.2222222222222222,0.0,0.6666666666666666,3,1.7777777777777777,2,0.8888888888888888,1.2222222222222223,low
add_chord_p2,add_chord,2,4703,770028514,"3,80,162",308,2464,9,3,3,1,2,0,6,0.2222222222222222,0.0,0.6666666666666666,3,1.7777777777777777,2,0.8888888888888888,1.2222222222222223,low
add_chord_p2,add_chord,2,4703,770028514,"3,80,162",309,2472,9,3,3,1,2,0,6,0.2222222222222222,0.0,0.6666666666666666,3,1.7777777777777777,2,0.8888888888888888,1.2222222222222223,low
add_chord_p2,add_chord,2,4703,770028514,"3,80,162",310,2480,9,3,3,1,2,0,6,0.2222222222222222,0.0,0.6666666666666666,3,1.7777777777777777,2,0.8888888888888888,1.2222222222222223,low
add_chord_p2,add_chord,2,4703,770028514,"3,80,162",311,2488,9,3,3,1,2,0,6,0.2222222222222222,0.0,0.6666666666666666,3,1.7777777777777777,2,0.8888888888888888,1.2222222222222223,low
add_chord_p2,add_chord,2,4703,770028514,"3,80,162",312,2496,9,3,3,1,2,0,6,0.2222222222222222,0.0,0.6666666666666666,3,1.7777777777777777,2,0.8888888888888888,1.2222222222222223,low
add_chord_p2,add_chord,2,4703,770028514,"3,80,162",313,2504,9,3,3,1,2,0,6,0.2222222222222222,0.0,0.6666666666666666,3,1.7777777777777777,2,0.8888888888888888,1.2222222222222223,low
add_chord_p2,add_chord,2,4703,770028514,"3,80,162",314,2512,9,3,3,1,2,0,6,0.2222222222222222,0.0,0.6666666666666666,3,1.7777777777777777,2,0.8888888888888888,1.2222222222222223,low
add_chord_p2,add_chord,2,4703,770028514,"3,80,162",315,2520,9,3,3,1,2,0,6,0.2222222222222222,0.0,0.6666666666666666,3,1.7777777777777777,2,0.8888888888888888,1.2222222222222223,low
add_chord_p2,add_chord,2,4703,770028514,"3,80,162",316,2528,9,3,3,1,2,0,6,0.2222222222222222,0.0,0.6666666666666666,3,1.7777777777777777,2,0.8888888888888888,1.2222222222222223,low
add_chord_p2,add_chord,2,4703,770028514,"3,80,162",317,2536,9,3,3,1,2,0,6,0.2222222222222222,0.0,0.6666666666666666,3,1.7777777777777777,2,0.8888888888888888,1.2222222222222223,low
add_chord_p2,add_chord,2,4703,770028514,"3,80,162",318,2544,9,3,3,1,2,0,6,0.2222222222222222,0.0,0.6666666666666666,3,1.7777777777777777,2,0.8888888888888888,1.2222222222222223,low
add_chord_p2,add_chord,2,4703,770028514,"3,80,162",319,2552,9,3,3,1,2,0,6,0.2222222222222222,0.0,0.6666666666666666,3,1.7777777777777777,2,0.8888888888888888,1.2222222222222223,low
add_chord_p2,add_chord,2,4703,770028514,"3,80,162",320,2560,9,3,3,1,2,0,6,0.2222222222222222,0.0,0.6666666666666666,3,1.7777777777777777,2,0.8888888888888888,1.2222222222222223,low
add_chord_p2,add_chord,2,4751,770028562,"3,80,162",0,0,2,2,0,0,0,0,2,0.0,0.0,1.0,0,5.5,2,0.5,0.0,low
add_chord_p2,add_chord,2,4751,770028562,"3,80,162",1,8,2,2,0,0,0,0,2,0.0,0.0,1.0,0,5.5,2,0.5,0.0,low
add_chord_p2,add_chord,2,4751,770028562,"3,80,162",2,16,2,2,0,0,0,0,2,0.0,0.0,1.0,0,5.5,2,0.5,0.0,low
add_chord_p2,add_chord,2,4751,770028562,"3,80,162",3,24,2,2,0,0,0,0,2,0.0,0.0,1.0,0,5.5,2,0.5,0.0,low
add_chord_p2,add_chord,2,4751,770028562,"3,80,162",4,32,2,2,0,0,0,0,2,0.0,0.0,1.0,0,5.5,2,0.5,0.0,low
add_chord_p2,add_chord,2,4751,770028562,"3,80,162",5,40,2,2,0,0,0,0,2,0.0,0.0,1.0,0,5.5,2,0.5,0.0,low
add_chord_p2,add_chord,2,4751,770028562,"3,80,162",6,48,2,2,0,0,0,0,2,0.0,0.0,1.0,0,5.5,2,0.5,0.0,low
add_chord_p2,add_chord,2,4751,770028562,"3,80,162",7,56,3,2,1,0,0,0,3,0.0,0.0,1.0,1,3.6666666666666665,2,0.6666666666666666,0.3333333333333333,low
add_chord_p2,add_chord,2,4751,770028562,"3,80,162",8,64,5,3,2,0,0,0,5,0.0,0.0,1.0,1,2.0,1,1.0,0.4,low
add_chord_p2,add_chord,2,4751,770028562,"3,80,162",9,72,4,3,1,0,0,0,4,0.0,0.0,1.0,1,2.5,1,1.0,0.25,low
add_chord_p2,add_chord,2,4751,770028562,"3,80,162",10,80,4,3,1,0,0,0,4,0.0,0.0,1.0,1,2.75,1,1.0,0.25,low
add_chord_p2,add_chord,2,4751,770028562,"3,80,162",11,88,4,3,1,0,0,0,4,0.0,0.0,1.0,1,2.75,1,1.0,0.25,low
add_chord_p2,add_chord,2,4751,770028562,"3,80,162",12,96,5,2,2,1,0,0,4,0.0,0.0,0.8,2,2.4,3,0.4,0.8,low
add_chord_p2,add_chord,2,4751,770028562,"3,80,162",13,104,6,2,4,0,0,0,6,0.0,0.0,1.0,1,2.3333333333333335,2,0.5,0.6666666666666666,low
add_chord_p2,add_chord,2,4751,770028562,"3,80,162",14,112,5,2,1,2,0,0,3,0.0,0.0,0.6,2,3.8,4,0.4,1.0,low
add_chord_p2,add_chord,2,4751,770028562,"3,80,162",15,120,5,2,1,2,0,0,3,0.0,0.0,0.6,2,3.8,4,0.4,1.0,low
add_chord_p2,add_chord,2,4751,770028562,"3,80,162",16,128,5,2,1,0,2,0,3,0.4,0.0,0.6,3,3.2,4,0.4,1.4,low
add_chord_p2,add_chord,2,4751,770028562,"3,80,162",17,136,5,2,1,0,2,0,3,0.4,0.0,0.6,3,3.2,4,0.4,1.4,low
add_chord_p2,add_chord,2,4751,770028562,"3,80,162",18,144,6,2,1,1,2,0,3,0.3333333333333333,0.0,0.5,3,3.5,5,0.3333333333333333,1.5,low
add_chord_p2,add_chord,2,4751,770028562,"3,80,162",19,152,6,2,1,1,2,0,3,0.3333333333333333,0.0,0.5,3,3.5,5,0.3333333333333333,1.5,low
add_chord_p2,add_chord,2,4751,770028562,"3,80,162",20,160,6,2,1,1,2,0,3,0.3333333333333333,0.0,0.5,3,3.5,5,0.3333333333333333,1.5,low
add_chord_p2,add_chord,2,4751,770028562,"3,80,162",21,168,6,2,1,1,2,0,3,0.3333333333333333,0.0,0.5,3,3.5,5,0.3333333333333333,1.5,low
add_chord_p2,add_chord,2,4751,770028562,"3,80,162",22,176,6,2,1,1,2,0,3,0.3333333333333333,0.0,0.5,3,3.5,5,0.3333333333333333,1.5,low
add_chord_p2,add_chord,2,4751,770028562,"3,80,162",23,184,6,2,1,1,2,0,3,0.3333333333333333,0.0,0.5,3,3.5,5,0.3333333333333333,1.5,low
add_chord_p2,add_chord,2,4751,770028562,"3,80,162",24,192,6,2,1,1,2,0,3,0.3333333333333333,0.0,0.5,3,3.3333333333333335,5,0.3333333333333333,1.5,low
add_chord_p2,add_chord,2,4751,770028562,"3,80,162",25,200,5,2,0,2,1,0,2,0.2,0.0,0.4,3,4.4,5,0.2,1.4,low
add_chord_p2,add_chord,2,4751,770028562,"3,80,162",26,208,6,2,0,1,3,0,2,0.5,0.0,0.3333333333333333,3,2.5,5,0.3333333333333333,1.8333333333333333,low
add_chord_p2,add_chord,2,4751,770028562,"3,80,162",27,216,6,2,0,1,3,0,2,0.5,0.0,0.3333333333333333,3,2.5,5,0.3333333333333333,1.8333333333333333,low
add_chord_p2,add_chord,2,4751,770028562,"3,80,162",28,224,6,2,0,1,3,0,2,0.5,0.0,0.3333333333333333,3,2.5,5,0.3333333333333333,1.8333333333333333,low
add_chord_p2,add_chord,2,4751,770028562,"3,80,162",29,232,6,2,0,1,3,0,2,0.5,0.0,0.3333333333333333,3,2.5,5,0.3333333333333333,1.8333333333333333,low
add_chord_p2,add_chord,2,4751,770028562,"3,80,162",30,240,6,2,0,1,3,0,2,0.5,0.0,0.3333333333333333,3,2.5,5,0.3333333333333333,1.8333333333333333,low
add_chord_p2,add_chord,2,4751,770028562,"3,80,162",31,248,6,2,0,1,3,0,2,0.5,0.0,0.3333333333333333,3,2.5,5,0.3333333333333333,1.8333333333333333,low
add_chord_p2,add_chord,2,4751,770028562,"3,80,162",32,256,6,2,0,1,3,0,2,0.5,0.0,0.3333333333333333,3,2.5,5,0.3333333333333333,1.8333333333333333,low
add_chord_p2,add_chord,2,4751,770028562,"3,80,162",33,264,6,2,0,1,3,0,2,0.5,0.0,0.3333333333333333,3,2.5,5,0.3333333333333333,1.8333333333333333,low
add_chord_p2,add_chord,2,4751,770028562,"3,80,162",34,272,5,2,0,0,3,0,2,0.6,0.0,0.4,3,3.2,5,0.2,1.8,low
add_chord_p2,add_chord,2,4751,770028562,"3,80,162",35,280,7,2,0,2,3,0,2,0.42857142857142855,0.0,0.2857142857142857,3,2.4285714285714284,5,0.2857142857142857,1.8571428571428572,low
add_chord_p2,add_chord,2,4751,770028562,"3,80,162",36,288,7,2,0,2,3,0,2,0.42857142857142855,0.0,0.2857142857142857,3,4.0,5,0.2857142857142857,1.8571428571428572,low
add_chord_p2,add_chord,2,4751,770028562,"3,80,162",37,296,7,2,0,1,4,0,2,0.5714285714285714,0.0,0.2857142857142857,3,4.0,6,0.2857142857142857,2.0,low
add_chord_p2,add_chord,2,4751,770028562,"3,80,162",38,304,8,2,1,2,3,0,3,0.375,0.0,0.375,3,3.25,4,0.5,1.75,low
add_chord_p2,add_chord,2,4751,770028562,"3,80,162",39,312,8,2,1,2,3,0,3,0.375,0.0,0.375,3,3.25,4,0.5,1.75,low
add_chord_p2,add_chord,2,4751,770028562,"3,80,162",40,320,6,2,0,1,3,0,2,0.5,0.0,0.3333333333333333,3,4.5,5,0.3333333333333333,1.8333333333333333,low
add_chord_p2,add_chord,2,4751,770028562,"3,80,162",41,328,7,2,0,1,3,1,2,0.42857142857142855,0.14285714285714285,0.2857142857142857,4,4.0,5,0.2857142857142857,2.142857142857143,low
add_chord_p2,add_chord,2,4751,770028562,"3,80,162",42,336,7,2,0,1,3,1,2,0.42857142857142855,0.14285714285714285,0.2857142857142857,4,4.0,5,0.2857142857142857,2.142857142857143,low
add_chord_p2,add_chord,2,4751,770028562,"3,80,162",43,344,7,2,0,1,3,1,2,0.42857142857142855,0.14285714285714285,0.2857142857142857,4,4.0,5,0.2857142857142857,2.142857142857143,low
add_chord_p2,add_chord,2,4751,770028562,"3,80,162",44,352,7,2,0,1,3,1,2,0.42857142857142855,0.14285714285714285,0.2857142857142857,4,4.0,5,0.2857142857142857,2.142857142857143,low
add_chord_p2,add_chord,2,4751,770028562,"3,80,162",45,360,7,2,0,1,3,1,2,0.42857142857142855,0.14285714285714285,0.2857142857142857,4,4.0,5,0.2857142857142857,2.142857142857143,low
add_chord_p2,add_chord,2,4751,770028562,"3,80,162",46,368,8,2,1,1,3,1,3,0.375,0.125,0.375,4,3.125,5,0.25,2.0,low
add_chord_p2,add_chord,2,4751,770028562,"3,80,162",47,376,8,2,1,1,3,1,3,0.375,0.125,0.375,4,3.125,5,0.25,2.0,low
add_chord_p2,add_chord,2,4751,770028562,"3,80,162",48,384,7,2,0,1,3,1,2,0.42857142857142855,0.14285714285714285,0.2857142857142857,4,4.0,5,0.2857142857142857,2.142857142857143,low
add_chord_p2,add_chord,2,4751,770028562,"3,80,162",49,392,7,2,0,1,3,1,2,0.42857142857142855,0.14285714285714285,0.2857142857142857,4,4.0,5,0.2857142857142857,2.142857142857143,low
add_chord_p2,add_chord,2,4751,770028562,"3,80,162",50,400,8,2,0,1,3,2,2,0.375,0.25,0.25,9,6.0,6,0.25,3.0,low
add_chord_p2,add_chord,2,4751,770028562,"3,80,162",51,408,8,2,0,1,3,2,2,0.375,0.25,0.25,9,6.0,6,0.25,3.0,low
add_chord_p2,add_chord,2,4751,770028562,"3,80,162",52,416,8,2,0,1,3,2,2,0.375,0.25,0.25,9,6.0,6,0.25,3.0,low
add_chord_p2,add_chord,2,4751,770028562,"3,80,162",53,424,8,2,0,1,2,3,2,0.25,0.375,0.25,9,6.25,6,0.375,3.125,low
add_chord_p2,add_chord,2,4751,770028562,"3,80,162",54,432,9,3,0,1,1,4,3,0.1111111111111111,0.4444444444444444,0.3333333333333333,9,5.333333333333333,7,0.3333333333333333,2.888888888888889,low
add_chord_p2,add_chord,2,4751,770028562,"3,80,162",55,440,9,3,0,1,2,3,3,0.2222222222222222,0.3333333333333333,0.3333333333333333,10,4.333333333333333,7,0.3333333333333333,3.3333333333333335,low
add_chord_p2,add_chord,2,4751,770028562,"3,80,162",56,448,10,3,1,1,1,4,4,0.1,0.4,0.4,10,3.5,6,0.5,3.3,low
add_chord_p2,add_chord,2,4751,770028562,"3,80,162",57,456,10,3,1,1,1,4,4,0.1,0.4,0.4,10,3.5,6,0.5,3.3,low
add_chord_p2,add_chord,2,4751,770028562,"3,80,162",58,464,10,2,2,1,1,4,4,0.1,0.4,0.4,10,3.4,7,0.3,3.4,low
add_chord_p2,add_chord,2,4751,770028562,"3,80,162",59,472,10,2,2,1,1,4,4,0.1,0.4,0.4,10,3.4,7,0.3,3.4,low
add_chord_p2,add_chord,2,4751,770028562,"3,80,162",60,480,11,2,3,1,1,4,5,0.09090909090909091,0.36363636363636365,0.45454545454545453,10,2.8181818181818183,7,0.36363636363636365,3.272727272727273,low
add_chord_p2,add_chord,2,4751,770028562,"3,80,162",61,488,11,2,3,1,1,4,5,0.09090909090909091,0.36363636363636365,0.45454545454545453,10,2.8181818181818183,7,0.36363636363636365,3.272727272727273,low
add_chord_p2,add_chord,2,4751,770028562,"3,80,162",62,496,9,2,1,2,0,4,3,0.0,0.4444444444444444,0.3333333333333333,10,2.4444444444444446,8,0.2222222222222222,3.888888888888889,low
add_chord_p2,add_chord,2,4751,770028562,"3,80,162",63,504,9,2,1,2,0,4,3,0.0,0.4444444444444444,0.3333333333333333,9,4.555555555555555,8,0.2222222222222222,3.4444444444444446,low
add_chord_p2,add_chord,2,4751,770028562,"3,80,162",64,512,9,2,1,2,0,4,3,0.0,0.4444444444444444,0.3333333333333333,9,4.555555555555555,8,0.2222222222222222,3.4444444444444446,low
add_chord_p2,add_chord,2,4751,770028562,"3,80,162",65,520,10,2,2,2,0,4,4,0.0,0.4,0.4,10,2.4,8,0.2,3.3,low
add_chord_p2,add_chord,2,4751,770028562,"3,80,162",66,528,9,2,1,2,0,4,3,0.0,0.4444444444444444,0.3333333333333333,9,4.666666666666667,8,0.2222222222222222,3.4444444444444446,low
add_chord_p2,add_chord,2,4751,770028562,"3,80,162",67,536,9,2,1,2,0,4,3,0.0,0.4444444444444444,0.3333333333333333,9,4.666666666666667,8,0.2222222222222222,3.2222222222222223,low
add_chord_p2,add_chord,2,4751,770028562,"3,80,162",68,544,9,2,1,2,0,4,3,0.0,0.4444444444444444,0.3333333333333333,10,2.6666666666666665,8,0.2222222222222222,3.3333333333333335,low
add_chord_p2,add_chord,2,4751,770028562,"3,80,162",69,552,9,2,1,2,0,4,3,0.0,0.4444444444444444,0.3333333333333333,10,2.6666666666666665,8,0.2222222222222222,3.3333333333333335,low
add_chord_p2,add_chord,2,4751,770028562,"3,80,162",70,560,9,2,1,2,0,4,3,0.0,0.4444444444444444,0.3333333333333333,10,2.6666666666666665,8,0.2222222222222222,3.3333333333333335,low
add_chord_p2,add_chord,2,4751,770028562,"3,80,162",71,568,9,2,1,2,0,4,3,0.0,0.4444444444444444,0.3333333333333333,10,2.6666666666666665,8,0.2222222222222222,3.3333333333333335,low
add_chord_p2,add_chord,2,4751,770028562,"3,80,162",72,576,10,2,1,2,0,5,3,0.0,0.5,0.3,10,2.4,8,0.2,4.7,low
add_chord_p2,add_chord,2,4751,770028562,"3,80,162",73,584,10,2,1,2,0,5,3,0.0,0.5,0.3,10,2.4,8,0.2,4.7,low
add_chord_p2,add_chord,2,4751,770028562,"3,80,162",74,592,10,2,1,2,0,5,3,0.0,0.5,0.3,10,2.4,8,0.2,4.7,low
add_chord_p2,add_chord,2,4751,770028562,"3,80,162",75,600,12,2,2,2,0,6,4,0.0,0.5,0.3333333333333333,10,1.8333333333333333,7,0.3333333333333333,4.416666666666667,low
add_chord_p2,add_chord,2,4751,770028562,"3,80,162",76,608,12,2,2,2,0,6,4,0.0,0.5,0.3333333333333333,10,2.0833333333333335,8,0.3333333333333333,4.416666666666667,low
add_chord_p2,add_chord,2,4751,770028562,"3,80,162",77,616,11,2,1,1,1,6,3,0.09090909090909091,0.5454545454545454,0.2727272727272727,10,2.1818181818181817,8,0.2727272727272727,4.818181818181818,low
add_chord_p2,add_chord,2,4751,770028562,"3,80,162",78,624,11,2,1,1,1,6,3,0.09090909090909091,0.5454545454545454,0.2727272727272727,10,2.1818181818181817,8,0.2727272727272727,4.818181818181818,low
add_chord_p2,add_chord,2,4751,770028562,"3,80,162",79,632,12,2,2,2,0,6,4,0.0,0.5,0.3333333333333333,10,2.1666666666666665,8,0.3333333333333333,4.416666666666667,low
add_chord_p2,add_chord,2,4751,770028562,"3,80,162",80,640,12,2,2,2,0,6,4,0.0,0.5,0.3333333333333333,10,2.1666666666666665,8,0.3333333333333333,4.416666666666667,low
add_chord_p2,add_chord,2,4751,770028562,"3,80,162",81,648,11,2,1,2,0,6,3,0.0,0.5454545454545454,0.2727272727272727,9,4.181818181818182,9,0.18181818181818182,4.636363636363637,low
add_chord_p2,add_chord,2,4751,770028562,"3,80,162",82,656,11,2,1,2,0,6,3,0.0,0.5454545454545454,0.2727272727272727,9,4.181818181818182,9,0.18181818181818182,4.636363636363637,low
add_chord_p2,add_chord,2,4751,770028562,"3,80,162",83,664,11,2,1,2,1,5,3,0.09090909090909091,0.45454545454545453,0.2727272727272727,10,3.090909090909091,8,0.18181818181818182,4.7272727272727275,low
add_chord_p2,add_chord,2,4751,770028562,"3,80,162",84,672,11,2,1,2,1,5,3,0.09090909090909091,0.45454545454545453,0.2727272727272727,10,3.090909090909091,8,0.18181818181818182,4.7272727272727275,low
add_chord_p2,add_chord,2,4751,770028562,"3,80,162",85,680,12,2,2,2,1,5,4,0.08333333333333333,0.4166666666666667,0.3333333333333333,10,2.5,7,0.3333333333333333,4.5,low
add_chord_p2,add_chord,2,4751,770028562,"3,80,162",86,688,12,2,2,2,1,5,4,0.08333333333333333,0.4166666666666667,0.3333333333333333,11,2.4166666666666665,7,0.3333333333333333,4.583333333333333,low
add_chord_p2,add_chord,2,4751,770028562,"3,80,162",87,696,12,2,2,2,1,5,4,0.08333333333333333,0.4166666666666667,0.3333333333333333,11,2.4166666666666665,7,0.3333333333333333,4.583333333333333,low
add_chord_p2,add_chord,2,4751,770028562,"3,80,162",88,704,12,2,2,2,1,5,4,0.08333333333333333,0.4166666666666667,0.3333333333333333,11,2.4166666666666665,7,0.3333333333333333,4.583333333333333,low
add_chord_p2,add_chord,2,4751,770028562,"3,80,162",89,712,13,2,2,2,1,6,4,0.07692307692307693,0.46153846153846156,0.3076923076923077,11,1.8461538461538463,8,0.23076923076923078,4.538461538461538,low
add_chord_p2,add_chord,2,4751,770028562,"3,80,162",90,720,13,2,2,2,1,6,4,0.07692307692307693,0.46153846153846156,0.3076923076923077,11,1.8461538461538463,8,0.23076923076923078,4.538461538461538,low
add_chord_p2,add_chord,2,4751,770028562,"3,80,162",91,728,13,2,2,2,1,6,4,0.07692307692307693,0.46153846153846156,0.3076923076923077,11,1.8461538461538463,8,0.23076923076923078,4.538461538461538,low
add_chord_p2,add_chord,2,4751,770028562,"3,80,162",92,736,13,2,2,2,1,6,4,0.07692307692307693,0.46153846153846156,0.3076923076923077,11,2.1538461538461537,8,0.23076923076923078,4.384615384615385,low
add_chord_p2,add_chord,2,4751,770028562,"3,80,162",93,744,13,2,2,2,1,6,4,0.07692307692307693,0.46153846153846156,0.3076923076923077,11,2.1538461538461537,8,0.23076923076923078,4.384615384615385,low
add_chord_p2,add_chord,2,4751,770028562,"3,80,162",94,752,14,2,3,2,1,6,5,0.07142857142857142,0.42857142857142855,0.35714285714285715,10,1.9285714285714286,8,0.21428571428571427,4.071428571428571,low
add_chord_p2,add_chord,2,4751,770028562,"3,80,162",95,760,15,2,4,2,1,6,6,0.06666666666666667,0.4,0.4,10,1.4666666666666666,8,0.26666666666666666,3.8,low
add_chord_p2,add_chord,2,4751,770028562,"3,80,162",96,768,14,2,3,2,1,6,5,0.07142857142857142,0.42857142857142855,0.35714285714285715,10,1.6428571428571428,8,0.21428571428571427,4.0,low
add_chord_p2,add_chord,2,4751,770028562,"3,80,162",97,776,16,3,4,2,1,6,7,0.0625,0.375,0.4375,10,1.375,7,0.5,3.5625,low
add_chord_p2,add_chord,2,4751,770028562,"3,80,162",98,784,16,3,4,2,1,6,7,0.0625,0.375,0.4375,10,1.375,7,0.5,3.5625,low
add_chord_p2,add_chord,2,4751,770028562,"3,80,162",99,792,17,3,4,2,1,7,7,0.058823529411764705,0.4117647058823529,0.4117647058823529,10,1.5294117647058822,8,0.47058823529411764,3.823529411764706,low
add_chord_p2,add_chord,2,4751,770028562,"3,80,162",100,800,15,3,3,2,1,6,6,0.06666666666666667,0.4,0.4,10,1.5333333333333334,7,0.4666666666666667,4.066666666666666,low
add_chord_p2,add_chord,2,4751,770028562,"3,80,162",101,808,17,3,3,2,1,8,6,0.058823529411764705,0.47058823529411764,0.35294117647058826,13,1.7058823529411764,8,0.4117647058823529,5.0588235294117645,low
add_chord_p2,add_chord,2,4751,770028562,"3,80,162",102,816,17,3,3,2,1,8,6,0.058823529411764705,0.47058823529411764,0.35294117647058826,13,1.7058823529411764,8,0.4117647058823529,5.0588235294117645,low
add_chord_p2,add_chord,2,4751,770028562,"3,80,162",103,824,17,3,3,2,1,8,6,0.058823529411764705,0.47058823529411764,0.35294117647058826,13,1.7058823529411764,8,0.4117647058823529,5.0588235294117645,low
add_chord_p2,add_chord,2,4751,770028562,"3,80,162",104,832,18,2,5,2,1,8,7,0.05555555555555555,0.4444444444444444,0.3888888888888889,13,1.6666666666666667,8,0.3333333333333333,4.888888888888889,low
add_chord_p2,add_chord,2,4751,770028562,"3,80,162",105,840,18,2,5,2,1,8,7,0.05555555555555555,0.4444444444444444,0.3888888888888889,13,1.6111111111111112,8,0.3333333333333333,4.833333333333333,low
add_chord_p2,add_chord,2,4751,770028562,"3,80,162",106,848,18,2,5,2,1,8,7,0.05555555555555555,0.4444444444444444,0.3888888888888889,13,2.8333333333333335,8,0.3333333333333333,4.722222222222222,low
add_chord_p2,add_chord,2,4751,770028562,"3,80,162",107,856,18,2,5,2,1,8,7,0.05555555555555555,0.4444444444444444,0.3888888888888889,13,1.6666666666666667,9,0.3333333333333333,4.888888888888889,low
add_chord_p2,add_chord,2,4751,770028562,"3,80,162",108,864,18,2,5,2,1,8,7,0.05555555555555555,0.4444444444444444,0.3888888888888889,13,2.888888888888889,8,0.3333333333333333,4.722222222222222,low
add_chord_p2,add_chord,2,4751,770028562,"3,80,162",109,872,18,2,5,2,1,8,7,0.05555555555555555,0.4444444444444444,0.3888888888888889,13,2.9444444444444446,8,0.3333333333333333,4.722222222222222,low
add_chord_p2,add_chord,2,4751,770028562,"3,80,162",110,880,18,2,5,2,1,8,7,0.05555555555555555,0.4444444444444444,0.3888888888888889,13,2.9444444444444446,8,0.3333333333333333,4.722222222222222,low
add_chord_p2,add_chord,2,4751,770028562,"3,80,162",111,888,16,2,5,2,1,6,7,0.0625,0.375,0.4375,9,2.9375,7,0.375,3.8125,low
add_chord_p2,add_chord,2,4751,770028562,"3,80,162",112,896,16,2,5,2,1,6,7,0.0625,0.375,0.4375,9,2.9375,7,0.375,3.8125,low
add_chord_p2,add_chord,2,4751,770028562,"3,80,162",113,904,16,2,5,2,1,6,7,0.0625,0.375,0.4375,9,2.9375,7,0.375,3.8125,low
add_chord_p2,add_chord,2,4751,770028562,"3,80,162",114,912,15,2,4,2,1,6,6,0.06666666666666667,0.4,0.4,9,3.2,7,0.3333333333333333,4.0,low
add_chord_p2,add_chord,2,4751,770028562,"3,80,162",115,920,15,2,4,2,1,6,6,0.06666666666666667,0.4,0.4,9,3.2,7,0.3333333333333333,4.0,low
add_chord_p2,add_chord,2,4751,770028562,"3,80,162",116,928,15,2,4,2,1,6,6,0.06666666666666667,0.4,0.4,9,3.2,7,0.3333333333333333,4.0,low
add_chord_p2,add_chord,2,4751,770028562,"3,80,162",117,936,15,2,4,2,1,6,6,0.06666666666666667,0.4,0.4,9,3.2,7,0.3333333333333333,4.0,low
add_chord_p2,add_chord,2,4751,770028562,"3,80,162",118,944,15,3,3,2,1,6,6,0.06666666666666667,0.4,0.4,9,3.0,6,0.6,3.933333333333333,low
add_chord_p2,add_chord,2,4751,770028562,"3,80,162",119,952,15,3,3,2,1,6,6,0.06666666666666667,0.4,0.4,9,3.0,6,0.6,3.933333333333333,low
add_chord_p2,add_chord,2,4751,770028562,"3,80,162",120,960,15,3,3,2,1,6,6,0.06666666666666667,0.4,0.4,9,2.8666666666666667,6,0.6,4.0,low
add_chord_p2,add_chord,2,4751,770028562,"3,80,162",121,968,14,3,2,2,1,6,5,0.07142857142857142,0.42857142857142855,0.35714285714285715,9,3.0714285714285716,6,0.5714285714285714,4.214285714285714,low
add_chord_p2,add_chord,2,4751,770028562,"3,80,162",122,976,14,3,2,2,1,6,5,0.07142857142857142,0.42857142857142855,0.35714285714285715,9,3.0714285714285716,6,0.5714285714285714,4.214285714285714,low
add_chord_p2,add_chord,2,4751,770028562,"3,80,162",123,984,16,3,2,2,1,8,5,0.0625,0.5,0.3125,12,3.125,7,0.5,5.125,low
add_chord_p2,add_chord,2,4751,770028562,"3,80,162",124,992,16,3,2,2,1,8,5,0.0625,0.5,0.3125,12,3.125,7,0.5,5.125,low
add_chord_p2,add_chord,2,4751,770028562,"3,80,162",125,1000,18,3,2,2,1,10,5,0.05555555555555555,0.5555555555555556,0.2777777777777778,13,3.0555555555555554,8,0.4444444444444444,5.888888888888889,low
add_chord_p2,add_chord,2,4751,770028562,"3,80,162",126,1008,19,3,3,2,1,10,6,0.05263157894736842,0.5263157894736842,0.3157894736842105,13,2.9473684210526314,8,0.47368421052631576,5.578947368421052,low
add_chord_p2,add_chord,2,4751,770028562,"3,80,162",127,1016,19,3,3,2,1,10,6,0.05263157894736842,0.5263157894736842,0.3157894736842105,14,2.5789473684210527,10,0.47368421052631576,5.684210526315789,low
add_chord_p2,add_chord,2,4751,770028562,"3,80,162",128,1024,19,3,3,2,1,10,6,0.05263157894736842,0.5263157894736842,0.3157894736842105,14,2.5789473684210527,10,0.47368421052631576,5.684210526315789,low
add_chord_p2,add_chord,2,4751,770028562,"3,80,162",129,1032,19,2,3,2,1,11,5,0.05263157894736842,0.5789473684210527,0.2631578947368421,14,2.5789473684210527,11,0.2631578947368421,5.947368421052632,low
add_chord_p2,add_chord,2,4751,770028562,"3,80,162",130,1040,20,2,3,2,2,11,5,0.1,0.55,0.25,14,2.9,10,0.3,5.75,low
add_chord_p2,add_chord,2,4751,770028562,"3,80,162",131,1048,22,3,3,2,2,12,6,0.09090909090909091,0.5454545454545454,0.2727272727272727,13,2.909090909090909,8,0.5909090909090909,5.363636363636363,low
add_chord_p2,add_chord,2,4751,770028562,"3,80,162",132,1056,22,2,4,2,2,12,6,0.09090909090909091,0.5454545454545454,0.2727272727272727,13,2.8636363636363638,9,0.3181818181818182,5.409090909090909,low
add_chord_p2,add_chord,2,4751,770028562,"3,80,162",133,1064,22,2,4,2,2,12,6,0.09090909090909091,0.5454545454545454,0.2727272727272727,13,2.8636363636363638,9,0.3181818181818182,5.409090909090909,low
add_chord_p2,add_chord,2,4751,770028562,"3,80,162",134,1072,24,2,4,2,2,14,6,0.08333333333333333,0.5833333333333334,0.25,13,2.125,11,0.2916666666666667,5.791666666666667,low
add_chord_p2,add_chord,2,4751,770028562,"3,80,162",135,1080,23,2,4,2,2,13,6,0.08695652173913043,0.5652173913043478,0.2608695652173913,13,2.1739130434782608,11,0.2608695652173913,5.913043478260869,low
add_chord_p2,add_chord,2,4751,770028562,"3,80,162",136,1088,23,2,4,2,2,13,6,0.08695652173913043,0.5652173913043478,0.2608695652173913,13,2.0434782608695654,10,0.2608695652173913,5.956521739130435,low
add_chord_p2,add_chord,2,4751,770028562,"3,80,162",137,1096,23,2,4,2,2,13,6,0.08695652173913043,0.5652173913043478,0.2608695652173913,13,2.0434782608695654,10,0.2608695652173913,5.956521739130435,low
add_chord_p2,add_chord,2,4751,770028562,"3,80,162",138,1104,23,2,4,2,2,13,6,0.08695652173913043,0.5652173913043478,0.2608695652173913,13,2.0434782608695654,10,0.2608695652173913,5.956521739130435,low
add_chord_p2,add_chord,2,4751,770028562,"3,80,162",139,1112,24,2,4,2,2,14,6,0.08333333333333333,0.5833333333333334,0.25,13,2.0416666666666665,12,0.25,6.166666666666667,low
add_chord_p2,add_chord,2,4751,770028562,"3,80,162",140,1120,24,2,4,2,2,14,6,0.08333333333333333,0.5833333333333334,0.25,13,1.9583333333333333,12,0.25,6.208333333333333,low
add_chord_p2,add_chord,2,4751,770028562,"3,80,162",141,1128,20,2,4,2,2,10,6,0.1,0.5,0.3,11,2.15,9,0.3,4.95,low
add_chord_p2,add_chord,2,4751,770028562,"3,80,162",142,1136,20,2,4,2,2,10,6,0.1,0.5,0.3,11,2.1,9,0.3,4.95,low
add_chord_p2,add_chord,2,4751,770028562,"3,80,162",143,1144,19,2,3,2,2,10,5,0.10526315789473684,0.5263157894736842,0.2631578947368421,11,2.3157894736842106,9,0.2631578947368421,5.157894736842105,low
add_chord_p2,add_chord,2,4751,770028562,"3,80,162",144,1152,18,2,3,2,2,9,5,0.1111111111111111,0.5,0.2777777777777778,11,2.2222222222222223,9,0.2777777777777778,5.222222222222222,low
add_chord_p2,add_chord,2,4751,770028562,"3,80,162",145,1160,18,2,3,2,2,9,5,0.1111111111111111,0.5,0.2777777777777778,11,2.2222222222222223,9,0.2777777777777778,5.222222222222222,low
add_chord_p2,add_chord,2,4751,770028562,"3,80,162",146,1168,18,2,3,2,2,9,5,0.1111111111111111,0.5,0.2777777777777778,11,2.0555555555555554,8,0.3333333333333333,4.555555555555555,low
add_chord_p2,add_chord,2,4751,770028562,"3,80,162",147,1176,18,2,3,2,2,9,5,0.1111111111111111,0.5,0.2777777777777778,11,2.0555555555555554,8,0.3333333333333333,4.555555555555555,low
add_chord_p2,add_chord,2,4751,770028562,"3,80,162",148,1184,18,2,3,2,2,9,5,0.1111111111111111,0.5,0.2777777777777778,11,2.0555555555555554,8,0.3333333333333333,4.555555555555555,low
add_chord_p2,add_chord,2,4751,770028562,"3,80,162",149,1192,18,2,3,2,2,9,5,0.1111111111111111,0.5,0.2777777777777778,11,2.0555555555555554,8,0.3333333333333333,4.555555555555555,low
add_chord_p2,add_chord,2,4751,770028562,"3,80,162",150,1200,20,2,3,2,2,11,5,0.1,0.55,0.25,11,1.9,9,0.3,5.15,low
add_chord_p2,add_chord,2,4751,770028562,"3,80,162",151,1208,22,2,3,2,2,13,5,0.09090909090909091,0.5909090909090909,0.22727272727272727,11,2.272727272727273,10,0.22727272727272727,6.0,low
add_chord_p2,add_chord,2,4751,770028562,"3,80,162",152,1216,22,2,3,2,2,13,5,0.09090909090909091,0.5909090909090909,0.22727272727272727,11,2.272727272727273,10,0.22727272727272727,6.0,low
add_chord_p2,add_chord,2,4751,770028562,"3,80,162",153,1224,23,2,3,2,2,14,5,0.08695652173913043,0.6086956521739131,0.21739130434782608,11,2.6956521739130435,10,0.21739130434782608,6.434782608695652,low
add_chord_p2,add_chord,2,4751,770028562,"3,80,162",154,1232,21,2,3,2,2,12,5,0.09523809523809523,0.5714285714285714,0.23809523809523808,11,2.761904761904762,8,0.23809523809523808,6.095238095238095,low
add_chord_p2,add_chord,2,4751,770028562,"3,80,162",155,1240,22,2,3,2,2,13,5,0.09090909090909091,0.5909090909090909,0.22727272727272727,11,2.590909090909091,8,0.22727272727272727,6.0,low
add_chord_p2,add_chord,2,4751,770028562,"3,80,162",156,1248,22,2,3,2,2,13,5,0.09090909090909091,0.5909090909090909,0.22727272727272727,11,2.590909090909091,8,0.22727272727272727,6.0,low
add_chord_p2,add_chord,2,4751,770028562,"3,80,162",157,1256,22,2,3,2,2,13,5,0.09090909090909091,0.5909090909090909,0.22727272727272727,11,2.590909090909091,8,0.22727272727272727,6.0,low
add_chord_p2,add_chord,2,4751,770028562,"3,80,162",158,1264,22,2,3,2,2,13,5,0.09090909090909091,0.5909090909090909,0.22727272727272727,11,2.590909090909091,8,0.22727272727272727,6.0,low
add_chord_p2,add_chord,2,4751,770028562,"3,80,162",159,1272,24,3,3,2,2,14,6,0.08333333333333333,0.5833333333333334,0.25,11,2.2083333333333335,9,0.5,5.708333333333333,low
add_chord_p2,add_chord,2,4751,770028562,"3,80,162",160,1280,24,3,3,2,2,14,6,0.08333333333333333,0.5833333333333334,0.25,11,2.2083333333333335,9,0.5,5.708333333333333,low
add_chord_p2,add_chord,2,4751,770028562,"3,80,162",161,1288,24,3,3,2,2,14,6,0.08333333333333333,0.5833333333333334,0.25,11,2.2083333333333335,9,0.5,5.708333333333333,low
add_chord_p2,add_chord,2,4751,770028562,"3,80,162",162,1296,24,3,3,2,2,14,6,0.08333333333333333,0.5833333333333334,0.25,12,2.125,9,0.5,5.708333333333333,low
add_chord_p2,add_chord,2,4751,770028562,"3,80,162",163,1304,24,3,3,2,2,14,6,0.08333333333333333,0.5833333333333334,0.25,11,2.2916666666666665,10,0.4583333333333333,5.75,low
add_chord_p2,add_chord,2,4751,770028562,"3,80,162",164,1312,25,3,3,2,2,15,6,0.08,0.6,0.24,11,2.24,10,0.44,5.84,low
add_chord_p2,add_chord,2,4751,770028562,"3,80,162",165,1320,25,3,3,2,2,15,6,0.08,0.6,0.24,11,2.24,10,0.44,5.84,low
add_chord_p2,add_chord,2,4751,770028562,"3,80,162",166,1328,27,3,3,2,2,17,6,0.07407407407407407,0.6296296296296297,0.2222222222222222,12,2.2222222222222223,9,0.48148148148148145,6.0,mid
add_chord_p2,add_chord,2,4751,770028562,"3,80,162",167,1336,27,3,3,2,2,17,6,0.07407407407407407,0.6296296296296297,0.2222222222222222,12,2.1481481481481484,8,0.48148148148148145,6.0,mid
add_chord_p2,add_chord,2,4751,770028562,"3,80,162",168,1344,27,3,3,2,2,17,6,0.07407407407407407,0.6296296296296297,0.2222222222222222,12,2.2962962962962963,10,0.4444444444444444,6.0,mid
add_chord_p2,add_chord,2,4751,770028562,"3,80,162",169,1352,27,3,3,2,2,17,6,0.07407407407407407,0.6296296296296297,0.2222222222222222,12,2.2962962962962963,10,0.4444444444444444,6.0,mid
add_chord_p2,add_chord,2,4751,770028562,"3,80,162",170,1360,28,3,4,2,2,17,7,0.07142857142857142,0.6071428571428571,0.25,12,2.107142857142857,10,0.4642857142857143,5.821428571428571,low
add_chord_p2,add_chord,2,4751,770028562,"3,80,162",171,1368,28,3,3,2,2,18,6,0.07142857142857142,0.6428571428571429,0.21428571428571427,12,2.5,12,0.42857142857142855,6.142857142857143,mid
add_chord_p2,add_chord,2,4751,770028562,"3,80,162",172,1376,29,3,3,2,2,19,6,0.06896551724137931,0.6551724137931034,0.20689655172413793,12,2.4827586206896552,12,0.41379310344827586,6.310344827586207,mid
add_chord_p2,add_chord,2,4751,770028562,"3,80,162",173,1384,29,3,3,2,2,19,6,0.06896551724137931,0.6551724137931034,0.20689655172413793,12,2.4482758620689653,12,0.3793103448275862,6.344827586206897,mid
add_chord_p2,add_chord,2,4751,770028562,"3,80,162",174,1392,29,3,3,2,2,19,6,0.06896551724137931,0.6551724137931034,0.20689655172413793,12,2.4482758620689653,12,0.3793103448275862,6.344827586206897,mid
add_chord_p2,add_chord,2,4751,770028562,"3,80,162",175,1400,31,3,3,2,2,21,6,0.06451612903225806,0.6774193548387096,0.1935483870967742,12,2.6129032258064515,11,0.3548387096774194,6.548387096774194,mid
add_chord_p2,add_chord,2,4751,770028562,"3,80,162",176,1408,31,3,3,2,2,21,6,0.06451612903225806,0.6774193548387096,0.1935483870967742,12,2.6129032258064515,12,0.3548387096774194,6.612903225806452,mid
add_chord_p2,add_chord,2,4751,770028562,"3,80,162",177,1416,31,3,3,2,2,21,6,0.06451612903225806,0.6774193548387096,0.1935483870967742,12,2.6129032258064515,12,0.3548387096774194,6.612903225806452,mid
add_chord_p2,add_chord,2,4751,770028562,"3,80,162",178,1424,34,3,5,2,2,22,8,0.058823529411764705,0.6470588235294118,0.23529411764705882,13,2.6470588235294117,9,0.38235294117647056,6.411764705882353,mid
add_chord_p2,add_chord,2,4751,770028562,"3,80,162",179,1432,34,3,5,2,1,23,8,0.029411764705882353,0.6764705882352942,0.23529411764705882,14,2.0588235294117645,14,0.3235294117647059,6.5,mid
add_chord_p2,add_chord,2,4751,770028562,"3,80,162",180,1440,34,3,5,2,1,23,8,0.029411764705882353,0.6764705882352942,0.23529411764705882,14,2.1176470588235294,14,0.3235294117647059,6.529411764705882,mid
add_chord_p2,add_chord,2,4751,770028562,"3,80,162",181,1448,34,3,5,2,1,23,8,0.029411764705882353,0.6764705882352942,0.23529411764705882,14,2.1176470588235294,14,0.3235294117647059,6.529411764705882,mid
add_chord_p2,add_chord,2,4751,770028562,"3,80,162",182,1456,34,3,5,2,1,23,8,0.029411764705882353,0.6764705882352942,0.23529411764705882,14,2.1176470588235294,14,0.3235294117647059,6.529411764705882,mid
add_chord_p2,add_chord,2,4751,770028562,"3,80,162",183,1464,34,3,5,2,1,23,8,0.029411764705882353,0.6764705882352942,0.23529411764705882,14,2.1176470588235294,14,0.3235294117647059,6.529411764705882,mid
add_chord_p2,add_chord,2,4751,770028562,"3,80,162",184,1472,33,3,5,2,1,22,8,0.030303030303030304,0.6666666666666666,0.24242424242424243,14,2.515151515151515,14,0.24242424242424243,6.393939393939394,mid
add_chord_p2,add_chord,2,4751,770028562,"3,80,162",185,1480,35,3,6,2,1,23,9,0.02857142857142857,0.6571428571428571,0.2571428571428571,14,2.3142857142857145,14,0.2571428571428571,6.4,mid
add_chord_p2,add_chord,2,4751,770028562,"3,80,162",186,1488,38,3,6,2,1,26,9,0.02631578947368421,0.6842105263157895,0.23684210526315788,14,2.0789473684210527,13,0.34210526315789475,6.7105263157894735,high
add_chord_p2,add_chord,2,4751,770028562,"3,80,162",187,1496,38,3,6,2,1,26,9,0.02631578947368421,0.6842105263157895,0.23684210526315788,14,2.0789473684210527,13,0.34210526315789475,6.7105263157894735,high
add_chord_p2,add_chord,2,4751,770028562,"3,80,162",188,1504,38,3,6,2,1,26,9,0.02631578947368421,0.6842105263157895,0.23684210526315788,14,2.0789473684210527,13,0.34210526315789475,6.7105263157894735,high
add_chord_p2,add_chord,2,4751,770028562,"3,80,162",189,1512,38,3,6,2,1,26,9,0.02631578947368421,0.6842105263157895,0.23684210526315788,14,2.0789473684210527,13,0.34210526315789475,6.7105263157894735,high
add_chord_p2,add_chord,2,4751,770028562,"3,80,162",190,1520,37,3,6,2,1,25,9,0.02702702702702703,0.6756756756756757,0.24324324324324326,14,2.1621621621621623,13,0.32432432432432434,6.5675675675675675,mid
add_chord_p2,add_chord,2,4751,770028562,"3,80,162",191,1528,39,3,6,2,1,27,9,0.02564102564102564,0.6923076923076923,0.23076923076923078,14,2.1025641025641026,14,0.3076923076923077,6.512820512820513,high
add_chord_p2,add_chord,2,4751,770028562,"3,80,162",192,1536,39,3,6,2,1,27,9,0.02564102564102564,0.6923076923076923,0.23076923076923078,14,2.1025641025641026,14,0.3076923076923077,6.512820512820513,high
add_chord_p2,add_chord,2,4751,770028562,"3,80,162",193,1544,39,3,6,2,1,27,9,0.02564102564102564,0.6923076923076923,0.23076923076923078,14,1.7179487179487178,18,0.1794871794871795,6.615384615384615,high
add_chord_p2,add_chord,2,4751,770028562,"3,80,162",194,1552,39,3,5,2,2,27,8,0.05128205128205128,0.6923076923076923,0.20512820512820512,15,1.7435897435897436,16,0.1794871794871795,6.897435897435898,high
add_chord_p2,add_chord,2,4751,770028562,"3,80,162",195,1560,41,3,6,2,2,28,9,0.04878048780487805,0.6829268292682927,0.21951219512195122,15,1.6097560975609757,15,0.1951219512195122,6.829268292682927,high
add_chord_p2,add_chord,2,4751,770028562,"3,80,162",196,1568,43,3,6,2,2,30,9,0.046511627906976744,0.6976744186046512,0.20930232558139536,15,1.558139534883721,16,0.18604651162790697,7.093023255813954,high
add_chord_p2,add_chord,2,4751,770028562,"3,80,162",197,1576,45,3,6,2,1,33,9,0.022222222222222223,0.7333333333333333,0.2,15,1.4,20,0.15555555555555556,7.311111111111111,high
add_chord_p2,add_chord,2,4751,770028562,"3,80,162",198,1584,46,3,6,2,2,33,9,0.043478260869565216,0.717391304347826,0.1956521739130435,15,1.4782608695652173,17,0.17391304347826086,7.391304347826087,high
add_chord_p2,add_chord,2,4751,770028562,"3,80,162",199,1592,45,3,6,2,2,32,9,0.044444444444444446,0.7111111111111111,0.2,15,1.5555555555555556,17,0.17777777777777778,7.355555555555555,high
add_chord_p2,add_chord,2,4751,770028562,"3,80,162",200,1600,45,3,5,2,2,33,8,0.044444444444444446,0.7333333333333333,0.17777777777777778,14,1.6222222222222222,16,0.2222222222222222,7.5777777777777775,high
add_chord_p2,add_chord,2,4751,770028562,"3,80,162",201,1608,42,3,5,2,1,31,8,0.023809523809523808,0.7380952380952381,0.19047619047619047,14,1.5952380952380953,17,0.21428571428571427,7.309523809523809,high
add_chord_p2,add_chord,2,4751,770028562,"3,80,162",202,1616,44,3,5,2,1,33,8,0.022727272727272728,0.75,0.18181818181818182,14,1.5681818181818181,18,0.20454545454545456,7.590909090909091,high
add_chord_p2,add_chord,2,4751,770028562,"3,80,162",203,1624,44,3,5,2,1,33,8,0.022727272727272728,0.75,0.18181818181818182,14,1.5681818181818181,18,0.20454545454545456,7.590909090909091,high
add_chord_p2,add_chord,2,4751,770028562,"3,80,162",204,1632,44,3,5,2,1,33,8,0.022727272727272728,0.75,0.18181818181818182,14,1.5681818181818181,18,0.20454545454545456,7.590909090909091,high
add_chord_p2,add_chord,2,4751,770028562,"3,80,162",205,1640,44,3,5,2,1,33,8,0.022727272727272728,0.75,0.18181818181818182,14,1.5681818181818181,18,0.20454545454545456,7.590909090909091,high
add_chord_p2,add_chord,2,4751,770028562,"3,80,162",206,1648,41,3,4,2,1,31,7,0.024390243902439025,0.7560975609756098,0.17073170731707318,14,1.6829268292682926,17,0.21951219512195122,7.463414634146342,high
add_chord_p2,add_chord,2,4751,770028562,"3,80,162",207,1656,41,3,4,2,1,31,7,0.024390243902439025,0.7560975609756098,0.17073170731707318,14,2.048780487804878,16,0.2926829268292683,7.439024390243903,high
add_chord_p2,add_chord,2,4751,770028562,"3,80,162",208,1664,42,3,4,2,1,32,7,0.023809523809523808,0.7619047619047619,0.16666666666666666,14,2.0,16,0.30952380952380953,7.476190476190476,high
add_chord_p2,add_chord,2,4751,770028562,"3,80,162",209,1672,42,3,4,2,1,32,7,0.023809523809523808,0.7619047619047619,0.16666666666666666,14,2.0,16,0.30952380952380953,7.476190476190476,high
add_chord_p2,add_chord,2,4751,770028562,"3,80,162",210,1680,44,3,5,2,1,33,8,0.022727272727272728,0.75,0.18181818181818182,14,1.9318181818181819,15,0.4090909090909091,7.386363636363637,high
add_chord_p2,add_chord,2,4751,770028562,"3,80,162",211,1688,43,3,5,2,1,32,8,0.023255813953488372,0.7441860465116279,0.18604651162790697,14,2.0,15,0.3953488372093023,7.325581395348837,high
add_chord_p2,add_chord,2,4751,770028562,"3,80,162",212,1696,43,3,5,2,1,32,8,0.023255813953488372,0.7441860465116279,0.18604651162790697,14,2.0,15,0.3953488372093023,7.325581395348837,high
add_chord_p2,add_chord,2,4751,770028562,"3,80,162",213,1704,44,3,5,2,1,33,8,0.022727272727272728,0.75,0.18181818181818182,14,1.9090909090909092,15,0.4090909090909091,7.454545454545454,high
add_chord_p2,add_chord,2,4751,770028562,"3,80,162",214,1712,47,3,6,2,1,35,9,0.02127659574468085,0.7446808510638298,0.19148936170212766,14,1.7659574468085106,16,0.3829787234042553,7.553191489361702,high
add_chord_p2,add_chord,2,4751,770028562,"3,80,162",215,1720,48,3,6,2,1,36,9,0.020833333333333332,0.75,0.1875,14,1.7291666666666667,16,0.3958333333333333,7.604166666666667,high
add_chord_p2,add_chord,2,4751,770028562,"3,80,162",216,1728,51,3,6,2,1,39,9,0.0196078431372549,0.7647058823529411,0.17647058823529413,14,1.6274509803921569,17,0.39215686274509803,7.823529411764706,high
add_chord_p2,add_chord,2,4751,770028562,"3,80,162",217,1736,53,3,6,2,1,41,9,0.018867924528301886,0.7735849056603774,0.16981132075471697,15,1.7547169811320755,17,0.39622641509433965,7.811320754716981,high
add_chord_p2,add_chord,2,4751,770028562,"3,80,162",218,1744,52,3,6,2,1,40,9,0.019230769230769232,0.7692307692307693,0.17307692307692307,15,1.6538461538461537,16,0.40384615384615385,7.980769230769231,high
add_chord_p2,add_chord,2,4751,770028562,"3,80,162",219,1752,53,3,6,2,1,41,9,0.018867924528301886,0.7735849056603774,0.16981132075471697,15,1.679245283018868,16,0.41509433962264153,8.018867924528301,high
add_chord_p2,add_chord,2,4751,770028562,"3,80,162",220,1760,53,3,5,2,2,41,8,0.03773584905660377,0.7735849056603774,0.1509433962264151,15,1.7547169811320755,13,0.49056603773584906,8.11320754716981,high
add_chord_p2,add_chord,2,4751,770028562,"3,80,162",221,1768,53,3,5,2,2,41,8,0.03773584905660377,0.7735849056603774,0.1509433962264151,15,1.7547169811320755,14,0.4716981132075472,8.132075471698114,high
add_chord_p2,add_chord,2,4751,770028562,"3,80,162",222,1776,51,3,6,2,2,38,9,0.0392156862745098,0.7450980392156863,0.17647058823529413,15,1.9215686274509804,12,0.47058823529411764,7.784313725490196,high
add_chord_p2,add_chord,2,4751,770028562,"3,80,162",223,1784,52,3,5,2,1,41,8,0.019230769230769232,0.7884615384615384,0.15384615384615385,15,1.6730769230769231,14,0.5,8.096153846153847,high
add_chord_p2,add_chord,2,4751,770028562,"3,80,162",224,1792,55,3,6,2,1,43,9,0.01818181818181818,0.7818181818181819,0.16363636363636364,15,1.6545454545454545,13,0.5272727272727272,8.10909090909091,high
add_chord_p2,add_chord,2,4751,770028562,"3,80,162",225,1800,55,3,6,2,1,43,9,0.01818181818181818,0.7818181818181819,0.16363636363636364,15,1.6545454545454545,13,0.5272727272727272,8.10909090909091,high
add_chord_p2,add_chord,2,4751,770028562,"3,80,162",226,1808,54,3,6,2,0,43,9,0.0,0.7962962962962963,0.16666666666666666,15,1.7222222222222223,13,0.5370370370370371,8.185185185185185,high
add_chord_p2,add_chord,2,4751,770028562,"3,80,162",227,1816,55,3,6,2,0,44,9,0.0,0.8,0.16363636363636364,15,1.690909090909091,13,0.5636363636363636,8.327272727272728,high
add_chord_p2,add_chord,2,4751,770028562,"3,80,162",228,1824,56,3,6,2,0,45,9,0.0,0.8035714285714286,0.16071428571428573,15,1.625,13,0.5535714285714286,8.285714285714286,high
add_chord_p2,add_chord,2,4751,770028562,"3,80,162",229,1832,57,3,6,2,0,46,9,0.0,0.8070175438596491,0.15789473684210525,15,1.6491228070175439,16,0.47368421052631576,8.280701754385966,high
add_chord_p2,add_chord,2,4751,770028562,"3,80,162",230,1840,57,2,7,2,0,46,9,0.0,0.8070175438596491,0.15789473684210525,15,1.6842105263157894,15,0.49122807017543857,8.280701754385966,high
add_chord_p2,add_chord,2,4751,770028562,"3,80,162",231,1848,58,2,7,2,1,46,9,0.017241379310344827,0.7931034482758621,0.15517241379310345,15,1.6551724137931034,14,0.5,8.10344827586207,high
add_chord_p2,add_chord,2,4751,770028562,"3,80,162",232,1856,60,3,7,2,2,46,10,0.03333333333333333,0.7666666666666667,0.16666666666666666,15,1.6166666666666667,12,0.48333333333333334,8.05,high
add_chord_p2,add_chord,2,4751,770028562,"3,80,162",233,1864,57,3,7,2,2,43,10,0.03508771929824561,0.7543859649122807,0.17543859649122806,15,1.7543859649122806,13,0.43859649122807015,7.842105263157895,high
add_chord_p2,add_chord,2,4751,770028562,"3,80,162",234,1872,57,3,7,2,2,43,10,0.03508771929824561,0.7543859649122807,0.17543859649122806,15,1.6140350877192982,14,0.43859649122807015,7.859649122807017,high
add_chord_p2,add_chord,2,4751,770028562,"3,80,162",235,1880,59,3,7,2,2,45,10,0.03389830508474576,0.7627118644067796,0.1694915254237288,15,1.5593220338983051,14,0.4576271186440678,7.966101694915254,high
add_chord_p2,add_chord,2,4751,770028562,"3,80,162",236,1888,59,3,7,2,2,45,10,0.03389830508474576,0.7627118644067796,0.1694915254237288,15,1.5423728813559323,16,0.423728813559322,8.0,high
add_chord_p2,add_chord,2,4751,770028562,"3,80,162",237,1896,59,3,7,2,2,45,10,0.03389830508474576,0.7627118644067796,0.1694915254237288,15,1.5423728813559323,14,0.4745762711864407,8.067796610169491,high
add_chord_p2,add_chord,2,4751,770028562,"3,80,162",238,1904,62,3,7,2,1,49,10,0.016129032258064516,0.7903225806451613,0.16129032258064516,15,1.4193548387096775,16,0.5,8.274193548387096,high
add_chord_p2,add_chord,2,4751,770028562,"3,80,162",239,1912,62,3,7,2,1,49,10,0.016129032258064516,0.7903225806451613,0.16129032258064516,15,1.4516129032258065,15,0.5161290322580645,8.241935483870968,high
add_chord_p2,add_chord,2,4751,770028562,"3,80,162",240,1920,63,3,7,2,1,50,10,0.015873015873015872,0.7936507936507936,0.15873015873015872,15,1.5238095238095237,11,0.5714285714285714,8.380952380952381,high
add_chord_p2,add_chord,2,4751,770028562,"3,80,162",241,1928,64,3,7,2,1,51,10,0.015625,0.796875,0.15625,15,1.53125,13,0.5625,8.46875,high
add_chord_p2,add_chord,2,4751,770028562,"3,80,162",242,1936,63,3,7,2,1,50,10,0.015873015873015872,0.7936507936507936,0.15873015873015872,15,1.5873015873015872,14,0.5396825396825397,8.444444444444445,high
add_chord_p2,add_chord,2,4751,770028562,"3,80,162",243,1944,61,3,7,2,1,48,10,0.01639344262295082,0.7868852459016393,0.16393442622950818,15,1.6885245901639345,15,0.5245901639344263,8.426229508196721,high
add_chord_p2,add_chord,2,4751,770028562,"3,80,162",244,1952,60,3,7,2,1,47,10,0.016666666666666666,0.7833333333333333,0.16666666666666666,15,1.7333333333333334,15,0.5166666666666667,8.383333333333333,high
add_chord_p2,add_chord,2,4751,770028562,"3,80,162",245,1960,61,3,7,2,1,48,10,0.01639344262295082,0.7868852459016393,0.16393442622950818,15,1.6885245901639345,14,0.5409836065573771,8.426229508196721,high
add_chord_p2,add_chord,2,4751,770028562,"3,80,162",246,1968,60,3,6,2,1,48,9,0.016666666666666666,0.8,0.15,15,1.75,13,0.5666666666666667,8.55,high
add_chord_p2,add_chord,2,4751,770028562,"3,80,162",247,1976,60,3,7,2,1,47,10,0.016666666666666666,0.7833333333333333,0.16666666666666666,15,1.6833333333333333,12,0.55,8.35,high
add_chord_p2,add_chord,2,4751,770028562,"3,80,162",248,1984,61,3,7,2,1,48,10,0.01639344262295082,0.7868852459016393,0.16393442622950818,14,1.7540983606557377,11,0.5573770491803278,8.39344262295082,high
add_chord_p2,add_chord,2,4751,770028562,"3,80,162",249,1992,63,3,7,2,1,50,10,0.015873015873015872,0.7936507936507936,0.15873015873015872,15,1.6507936507936507,11,0.5714285714285714,8.555555555555555,high
add_chord_p2,add_chord,2,4751,770028562,"3,80,162",250,2000,62,3,6,2,1,50,9,0.016129032258064516,0.8064516129032258,0.14516129032258066,15,1.6774193548387097,12,0.5806451612903226,8.67741935483871,high
add_chord_p2,add_chord,2,4751,770028562,"3,80,162",251,2008,60,3,5,2,1,49,8,0.016666666666666666,0.8166666666666667,0.13333333333333333,15,1.7666666666666666,11,0.6166666666666667,8.766666666666667,high
add_chord_p2,add_chord,2,4751,770028562,"3,80,162",252,2016,60,3,6,2,1,48,9,0.016666666666666666,0.8,0.15,15,1.7833333333333334,9,0.6166666666666667,8.583333333333334,high
add_chord_p2,add_chord,2,4751,770028562,"3,80,162",253,2024,60,3,5,2,1,49,8,0.016666666666666666,0.8166666666666667,0.13333333333333333,15,1.75,11,0.5833333333333334,8.666666666666666,high
add_chord_p2,add_chord,2,4751,770028562,"3,80,162",254,2032,60,3,5,2,1,49,8,0.016666666666666666,0.8166666666666667,0.13333333333333333,15,1.75,11,0.5833333333333334,8.666666666666666,high
add_chord_p2,add_chord,2,4751,770028562,"3,80,162",255,2040,61,3,5,2,1,50,8,0.01639344262295082,0.819672131147541,0.13114754098360656,15,1.7704918032786885,12,0.5737704918032787,8.672131147540984,high
add_chord_p2,add_chord,2,4751,770028562,"3,80,162",256,2048,62,3,7,2,1,49,10,0.016129032258064516,0.7903225806451613,0.16129032258064516,15,1.6129032258064515,13,0.532258064516129,8.516129032258064,high
add_chord_p2,add_chord,2,4751,770028562,"3,80,162",257,2056,62,3,7,2,1,49,10,0.016129032258064516,0.7903225806451613,0.16129032258064516,15,1.6129032258064515,13,0.532258064516129,8.564516129032258,high
add_chord_p2,add_chord,2,4751,770028562,"3,80,162",258,2064,65,3,7,2,1,52,10,0.015384615384615385,0.8,0.15384615384615385,15,1.5076923076923077,12,0.5384615384615384,8.538461538461538,high
add_chord_p2,add_chord,2,4751,770028562,"3,80,162",259,2072,65,3,7,2,0,53,10,0.0,0.8153846153846154,0.15384615384615385,15,1.3846153846153846,16,0.5230769230769231,8.569230769230769,high
add_chord_p2,add_chord,2,4751,770028562,"3,80,162",260,2080,66,3,7,2,0,54,10,0.0,0.8181818181818182,0.15151515151515152,15,1.378787878787879,16,0.5303030303030303,8.636363636363637,high
add_chord_p2,add_chord,2,4751,770028562,"3,80,162",261,2088,65,3,7,2,0,53,10,0.0,0.8153846153846154,0.15384615384615385,15,1.3692307692307693,16,0.5384615384615384,8.553846153846154,high
add_chord_p2,add_chord,2,4751,770028562,"3,80,162",262,2096,65,3,7,2,0,53,10,0.0,0.8153846153846154,0.15384615384615385,15,1.3384615384615384,16,0.5384615384615384,8.569230769230769,high
add_chord_p2,add_chord,2,4751,770028562,"3,80,162",263,2104,66,3,7,2,0,54,10,0.0,0.8181818181818182,0.15151515151515152,15,1.3333333333333333,16,0.5454545454545454,8.606060606060606,high
add_chord_p2,add_chord,2,4751,770028562,"3,80,162",264,2112,64,3,7,2,0,52,10,0.0,0.8125,0.15625,15,1.359375,16,0.53125,8.53125,high
add_chord_p2,add_chord,2,4751,770028562,"3,80,162",265,2120,63,3,7,2,1,50,10,0.015873015873015872,0.7936507936507936,0.15873015873015872,15,1.4444444444444444,14,0.5079365079365079,8.46031746031746,high
add_chord_p2,add_chord,2,4751,770028562,"3,80,162",266,2128,64,3,7,2,1,51,10,0.015625,0.796875,0.15625,15,1.40625,14,0.515625,8.484375,high
add_chord_p2,add_chord,2,4751,770028562,"3,80,162",267,2136,62,3,7,2,2,48,10,0.03225806451612903,0.7741935483870968,0.16129032258064516,15,1.435483870967742,13,0.532258064516129,8.435483870967742,high
add_chord_p2,add_chord,2,4751,770028562,"3,80,162",268,2144,63,3,7,2,2,49,10,0.031746031746031744,0.7777777777777778,0.15873015873015872,15,1.4444444444444444,14,0.5238095238095238,8.507936507936508,high
add_chord_p2,add_chord,2,4751,770028562,"3,80,162",269,2152,62,3,7,2,1,49,10,0.016129032258064516,0.7903225806451613,0.16129032258064516,15,1.4838709677419355,16,0.5,8.612903225806452,high
add_chord_p2,add_chord,2,4751,770028562,"3,80,162",270,2160,62,3,7,2,1,49,10,0.016129032258064516,0.7903225806451613,0.16129032258064516,15,1.435483870967742,14,0.5483870967741935,8.741935483870968,high
add_chord_p2,add_chord,2,4751,770028562,"3,80,162",271,2168,63,3,7,2,1,50,10,0.015873015873015872,0.7936507936507936,0.15873015873015872,15,1.380952380952381,14,0.5555555555555556,8.793650793650794,high
add_chord_p2,add_chord,2,4751,770028562,"3,80,162",272,2176,66,3,7,2,1,53,10,0.015151515151515152,0.803030303030303,0.15151515151515152,15,1.2727272727272727,12,0.5757575757575758,8.818181818181818,high
add_chord_p2,add_chord,2,4751,770028562,"3,80,162",273,2184,66,3,7,2,1,53,10,0.015151515151515152,0.803030303030303,0.15151515151515152,15,1.303030303030303,9,0.6363636363636364,8.863636363636363,high
add_chord_p2,add_chord,2,4751,770028562,"3,80,162",274,2192,67,3,6,3,1,54,9,0.014925373134328358,0.8059701492537313,0.13432835820895522,15,1.2238805970149254,8,0.6567164179104478,8.880597014925373,high
add_chord_p2,add_chord,2,4751,770028562,"3,80,162",275,2200,65,3,6,3,1,52,9,0.015384615384615385,0.8,0.13846153846153847,15,1.2,9,0.6307692307692307,8.76923076923077,high
add_chord_p2,add_chord,2,4751,770028562,"3,80,162",276,2208,66,3,6,3,2,52,9,0.030303030303030304,0.7878787878787878,0.13636363636363635,15,1.2121212121212122,11,0.5909090909090909,8.636363636363637,high
add_chord_p2,add_chord,2,4751,770028562,"3,80,162",277,2216,66,3,6,3,2,52,9,0.030303030303030304,0.7878787878787878,0.13636363636363635,15,1.2121212121212122,11,0.5909090909090909,8.636363636363637,high
add_chord_p2,add_chord,2,4751,770028562,"3,80,162",278,2224,66,3,6,3,2,52,9,0.030303030303030304,0.7878787878787878,0.13636363636363635,15,1.1818181818181819,10,0.6060606060606061,8.621212121212121,high
add_chord_p2,add_chord,2,4751,770028562,"3,80,162",279,2232,67,3,6,3,2,53,9,0.029850746268656716,0.7910447761194029,0.13432835820895522,15,1.1492537313432836,9,0.6268656716417911,8.686567164179104,high
add_chord_p2,add_chord,2,4751,770028562,"3,80,162",280,2240,67,3,6,3,2,53,9,0.029850746268656716,0.7910447761194029,0.13432835820895522,15,1.1492537313432836,9,0.6268656716417911,8.686567164179104,high
add_chord_p2,add_chord,2,4751,770028562,"3,80,162",281,2248,65,3,6,3,2,51,9,0.03076923076923077,0.7846153846153846,0.13846153846153847,15,1.2153846153846153,10,0.6,8.569230769230769,high
add_chord_p2,add_chord,2,4751,770028562,"3,80,162",282,2256,66,3,6,3,2,52,9,0.030303030303030304,0.7878787878787878,0.13636363636363635,15,1.2575757575757576,10,0.6060606060606061,8.651515151515152,high
add_chord_p2,add_chord,2,4751,770028562,"3,80,162",283,2264,66,3,5,3,2,53,8,0.030303030303030304,0.803030303030303,0.12121212121212122,15,1.2575757575757576,10,0.6212121212121212,8.803030303030303,high
add_chord_p2,add_chord,2,4751,770028562,"3,80,162",284,2272,65,3,5,3,2,52,8,0.03076923076923077,0.8,0.12307692307692308,15,1.323076923076923,12,0.5846153846153846,8.784615384615385,high
add_chord_p2,add_chord,2,4751,770028562,"3,80,162",285,2280,65,3,5,3,2,52,8,0.03076923076923077,0.8,0.12307692307692308,15,1.323076923076923,12,0.5846153846153846,8.784615384615385,high
add_chord_p2,add_chord,2,4751,770028562,"3,80,162",286,2288,66,3,5,3,2,53,8,0.030303030303030304,0.803030303030303,0.12121212121212122,15,1.303030303030303,12,0.6060606060606061,8.772727272727273,high
add_chord_p2,add_chord,2,4751,770028562,"3,80,162",287,2296,67,3,5,3,2,54,8,0.029850746268656716,0.8059701492537313,0.11940298507462686,15,1.2537313432835822,11,0.6417910447761194,8.91044776119403,high
add_chord_p2,add_chord,2,4751,770028562,"3,80,162",288,2304,69,3,5,3,2,56,8,0.028985507246376812,0.8115942028985508,0.11594202898550725,15,1.2753623188405796,12,0.6231884057971014,8.840579710144928,high
add_chord_p2,add_chord,2,4751,770028562,"3,80,162",289,2312,69,3,5,3,2,56,8,0.028985507246376812,0.8115942028985508,0.11594202898550725,15,1.2753623188405796,12,0.6231884057971014,8.840579710144928,high
add_chord_p2,add_chord,2,4751,770028562,"3,80,162",290,2320,72,3,5,3,2,59,8,0.027777777777777776,0.8194444444444444,0.1111111111111111,15,1.1944444444444444,10,0.6666666666666666,8.930555555555555,high
add_chord_p2,add_chord,2,4751,770028562,"3,80,162",291,2328,71,3,5,3,2,58,8,0.028169014084507043,0.8169014084507042,0.11267605633802817,15,1.2253521126760563,10,0.6619718309859155,8.887323943661972,high
add_chord_p2,add_chord,2,4751,770028562,"3,80,162",292,2336,71,3,5,3,2,58,8,0.028169014084507043,0.8169014084507042,0.11267605633802817,15,1.267605633802817,11,0.647887323943662,8.887323943661972,high
add_chord_p2,add_chord,2,4751,770028562,"3,80,162",293,2344,72,3,5,3,2,59,8,0.027777777777777776,0.8194444444444444,0.1111111111111111,15,1.2777777777777777,10,0.6527777777777778,8.916666666666666,high
add_chord_p2,add_chord,2,4751,770028562,"3,80,162",294,2352,73,3,6,3,2,59,9,0.0273972602739726,0.8082191780821918,0.1232876712328767,15,1.3013698630136987,10,0.6438356164383562,8.808219178082192,high
add_chord_p2,add_chord,2,4751,770028562,"3,80,162",295,2360,74,3,6,4,2,59,9,0.02702702702702703,0.7972972972972973,0.12162162162162163,15,1.2702702702702702,9,0.6486486486486487,8.72972972972973,high
add_chord_p2,add_chord,2,4751,770028562,"3,80,162",296,2368,73,3,6,4,2,58,9,0.0273972602739726,0.7945205479452054,0.1232876712328767,15,1.3013698630136987,10,0.6301369863013698,8.657534246575343,high
add_chord_p2,add_chord,2,4751,770028562,"3,80,162",297,2376,72,3,7,4,2,56,10,0.027777777777777776,0.7777777777777778,0.1388888888888889,15,1.3055555555555556,11,0.5972222222222222,8.458333333333334,high
add_chord_p2,add_chord,2,4751,770028562,"3,80,162",298,2384,72,3,7,4,2,56,10,0.027777777777777776,0.7777777777777778,0.1388888888888889,15,1.3055555555555556,11,0.5972222222222222,8.458333333333334,high
add_chord_p2,add_chord,2,4751,770028562,"3,80,162",299,2392,73,3,7,4,2,57,10,0.0273972602739726,0.7808219178082192,0.136986301369863,15,1.2465753424657535,10,0.6164383561643836,8.493150684931507,high
add_chord_p2,add_chord,2,4751,770028562,"3,80,162",300,2400,72,3,7,4,2,56,10,0.027777777777777776,0.7777777777777778,0.1388888888888889,15,1.2777777777777777,10,0.6111111111111112,8.472222222222221,high
add_chord_p2,add_chord,2,4751,770028562,"3,80,162",301,2408,74,3,7,4,2,58,10,0.02702702702702703,0.7837837837837838,0.13513513513513514,15,1.2432432432432432,11,0.6081081081081081,8.567567567567568,high
add_chord_p2,add_chord,2,4751,770028562,"3,80,162",302,2416,74,3,6,4,2,59,9,0.02702702702702703,0.7972972972972973,0.12162162162162163,16,1.2837837837837838,14,0.6081081081081081,8.77027027027027,high
add_chord_p2,add_chord,2,4751,770028562,"3,80,162",303,2424,73,3,6,4,1,59,9,0.0136986301369863,0.8082191780821918,0.1232876712328767,16,1.178082191780822,17,0.6301369863013698,8.849315068493151,high
add_chord_p2,add_chord,2,4751,770028562,"3,80,162",304,2432,74,3,6,4,1,60,9,0.013513513513513514,0.8108108108108109,0.12162162162162163,16,1.135135135135135,17,0.6351351351351351,8.905405405405405,high
add_chord_p2,add_chord,2,4751,770028562,"3,80,162",305,2440,75,3,6,5,1,60,9,0.013333333333333334,0.8,0.12,16,1.2266666666666666,18,0.6266666666666667,8.813333333333333,high
add_chord_p2,add_chord,2,4751,770028562,"3,80,162",306,2448,77,3,6,5,1,62,9,0.012987012987012988,0.8051948051948052,0.11688311688311688,16,1.2077922077922079,18,0.6233766233766234,8.805194805194805,high
add_chord_p2,add_chord,2,4751,770028562,"3,80,162",307,2456,77,2,7,5,1,62,9,0.012987012987012988,0.8051948051948052,0.11688311688311688,16,1.1428571428571428,14,0.6363636363636364,8.792207792207792,high
add_chord_p2,add_chord,2,4751,770028562,"3,80,162",308,2464,78,2,7,5,1,63,9,0.01282051282051282,0.8076923076923077,0.11538461538461539,15,1.0897435897435896,13,0.6538461538461539,8.794871794871796,high
add_chord_p2,add_chord,2,4751,770028562,"3,80,162",309,2472,79,2,7,5,1,64,9,0.012658227848101266,0.810126582278481,0.11392405063291139,15,1.0886075949367089,15,0.6329113924050633,8.848101265822784,high
add_chord_p2,add_chord,2,4751,770028562,"3,80,162",310,2480,80,2,7,5,1,65,9,0.0125,0.8125,0.1125,15,1.1125,15,0.625,8.8875,high
add_chord_p2,add_chord,2,4751,770028562,"3,80,162",311,2488,81,2,6,6,1,66,8,0.012345679012345678,0.8148148148148148,0.09876543209876543,15,1.1111111111111112,16,0.6296296296296297,8.91358024691358,high
add_chord_p2,add_chord,2,4751,770028562,"3,80,162",312,2496,80,2,6,6,1,65,8,0.0125,0.8125,0.1,15,1.1625,17,0.6125,8.8875,high
add_chord_p2,add_chord,2,4751,770028562,"3,80,162",313,2504,82,2,6,6,1,67,8,0.012195121951219513,0.8170731707317073,0.0975609756097561,15,1.0975609756097562,14,0.6585365853658537,8.926829268292684,high
add_chord_p2,add_chord,2,4751,770028562,"3,80,162",314,2512,80,2,6,6,1,65,8,0.0125,0.8125,0.1,15,1.1625,15,0.65,8.9625,high
add_chord_p2,add_chord,2,4751,770028562,"3,80,162",315,2520,80,2,6,6,1,65,8,0.0125,0.8125,0.1,15,1.1625,15,0.65,8.9625,high
add_chord_p2,add_chord,2,4751,770028562,"3,80,162",316,2528,79,2,6,6,1,64,8,0.012658227848101266,0.810126582278481,0.10126582278481013,15,1.2278481012658229,15,0.6455696202531646,8.949367088607595,high
add_chord_p2,add_chord,2,4751,770028562,"3,80,162",317,2536,78,2,6,6,1,63,8,0.01282051282051282,0.8076923076923077,0.10256410256410256,15,1.2564102564102564,14,0.6538461538461539,8.884615384615385,high
add_chord_p2,add_chord,2,4751,770028562,"3,80,162",318,2544,76,2,6,6,1,61,8,0.013157894736842105,0.8026315789473685,0.10526315789473684,15,1.3157894736842106,15,0.631578947368421,8.763157894736842,high
add_chord_p2,add_chord,2,4751,770028562,"3,80,162",319,2552,78,2,6,6,1,63,8,0.01282051282051282,0.8076923076923077,0.10256410256410256,15,1.2692307692307692,16,0.6282051282051282,8.846153846153847,high
add_chord_p2,add_chord,2,4751,770028562,"3,80,162",320,2560,78,2,6,6,1,63,8,0.01282051282051282,0.8076923076923077,0.10256410256410256,15,1.2692307692307692,16,0.6282051282051282,8.846153846153847,high
add_chord_p2,add_chord,2,4801,770028612,"3,80,162",0,0,2,2,0,0,0,0,2,0.0,0.0,1.0,0,5.5,2,0.5,0.0,low
add_chord_p2,add_chord,2,4801,770028612,"3,80,162",1,8,2,2,0,0,0,0,2,0.0,0.0,1.0,0,5.5,2,0.5,0.0,low
add_chord_p2,add_chord,2,4801,770028612,"3,80,162",2,16,2,2,0,0,0,0,2,0.0,0.0,1.0,0,5.5,2,0.5,0.0,low
add_chord_p2,add_chord,2,4801,770028612,"3,80,162",3,24,2,2,0,0,0,0,2,0.0,0.0,1.0,0,5.5,2,0.5,0.0,low
add_chord_p2,add_chord,2,4801,770028612,"3,80,162",4,32,2,2,0,0,0,0,2,0.0,0.0,1.0,0,5.5,2,0.5,0.0,low
add_chord_p2,add_chord,2,4801,770028612,"3,80,162",5,40,2,2,0,0,0,0,2,0.0,0.0,1.0,0,5.5,2,0.5,0.0,low
add_chord_p2,add_chord,2,4801,770028612,"3,80,162",6,48,2,2,0,0,0,0,2,0.0,0.0,1.0,0,5.5,2,0.5,0.0,low
add_chord_p2,add_chord,2,4801,770028612,"3,80,162",7,56,2,2,0,0,0,0,2,0.0,0.0,1.0,0,5.5,2,0.5,0.0,low
add_chord_p2,add_chord,2,4801,770028612,"3,80,162",8,64,3,2,1,0,0,0,3,0.0,0.0,1.0,1,3.6666666666666665,2,0.6666666666666666,0.3333333333333333,low
add_chord_p2,add_chord,2,4801,770028612,"3,80,162",9,72,3,2,1,0,0,0,3,0.0,0.0,1.0,1,3.6666666666666665,2,0.6666666666666666,0.3333333333333333,low
add_chord_p2,add_chord,2,4801,770028612,"3,80,162",10,80,4,2,2,0,0,0,4,0.0,0.0,1.0,1,2.5,2,0.75,0.5,low
add_chord_p2,add_chord,2,4801,770028612,"3,80,162",11,88,3,2,1,0,0,0,3,0.0,0.0,1.0,1,3.6666666666666665,2,0.6666666666666666,0.3333333333333333,low
add_chord_p2,add_chord,2,4801,770028612,"3,80,162",12,96,3,2,1,0,0,0,3,0.0,0.0,1.0,1,3.6666666666666665,2,0.6666666666666666,0.3333333333333333,low
add_chord_p2,add_chord,2,4801,770028612,"3,80,162",13,104,3,2,1,0,0,0,3,0.0,0.0,1.0,1,3.6666666666666665,2,0.6666666666666666,0.3333333333333333,low
add_chord_p2,add_chord,2,4801,770028612,"3,80,162",14,112,3,2,1,0,0,0,3,0.0,0.0,1.0,1,3.3333333333333335,2,0.6666666666666666,0.3333333333333333,low
add_chord_p2,add_chord,2,4801,770028612,"3,80,162",15,120,3,2,1,0,0,0,3,0.0,0.0,1.0,1,3.3333333333333335,2,0.6666666666666666,0.3333333333333333,low
add_chord_p2,add_chord,2,4801,770028612,"3,80,162",16,128,3,2,1,0,0,0,3,0.0,0.0,1.0,1,3.3333333333333335,2,0.6666666666666666,0.3333333333333333,low
add_chord_p2,add_chord,2,4801,770028612,"3,80,162",17,136,3,3,0,0,0,0,3,0.0,0.0,1.0,0,3.6666666666666665,1,1.0,0.0,low
add_chord_p2,add_chord,2,4801,770028612,"3,80,162",18,144,3,3,0,0,0,0,3,0.0,0.0,1.0,0,3.6666666666666665,1,1.0,0.0,low
add_chord_p2,add_chord,2,4801,770028612,"3,80,162",19,152,4,2,2,0,0,0,4,0.0,0.0,1.0,1,3.0,3,0.5,0.5,low
add_chord_p2,add_chord,2,4801,770028612,"3,80,162",20,160,4,2,2,0,0,0,4,0.0,0.0,1.0,1,3.0,3,0.5,0.5,low
add_chord_p2,add_chord,2,4801,770028612,"3,80,162",21,168,4,3,0,1,0,0,3,0.0,0.0,0.75,2,3.25,2,0.75,0.5,low
add_chord_p2,add_chord,2,4801,770028612,"3,80,162",22,176,4,3,0,1,0,0,3,0.0,0.0,0.75,2,3.25,2,0.75,0.5,low
add_chord_p2,add_chord,2,4801,770028612,"3,80,162",23,184,4,3,0,1,0,0,3,0.0,0.0,0.75,2,3.25,2,0.75,0.5,low
add_chord_p2,add_chord,2,4801,770028612,"3,80,162",24,192,4,3,0,1,0,0,3,0.0,0.0,0.75,2,3.25,2,0.75,0.5,low
add_chord_p2,add_chord,2,4801,770028612,"3,80,162",25,200,4,3,0,1,0,0,3,0.0,0.0,0.75,2,3.25,2,0.75,0.5,low
add_chord_p2,add_chord,2,4801,770028612,"3,80,162",26,208,4,3,0,1,0,0,3,0.0,0.0,0.75,2,3.25,2,0.75,0.5,low
add_chord_p2,add_chord,2,4801,770028612,"3,80,162",27,216,4,3,0,1,0,0,3,0.0,0.0,0.75,2,3.25,2,0.75,0.5,low
add_chord_p2,add_chord,2,4801,770028612,"3,80,162",28,224,4,3,0,1,0,0,3,0.0,0.0,0.75,2,3.25,2,0.75,0.5,low
add_chord_p2,add_chord,2,4801,770028612,"3,80,162",29,232,4,3,0,1,0,0,3,0.0,0.0,0.75,2,3.25,2,0.75,0.5,low
add_chord_p2,add_chord,2,4801,770028612,"3,80,162",30,240,4,3,0,1,0,0,3,0.0,0.0,0.75,2,3.25,2,0.75,0.5,low
add_chord_p2,add_chord,2,4801,770028612,"3,80,162",31,248,4,3,0,1,0,0,3,0.0,0.0,0.75,2,3.25,2,0.75,0.5,low
add_chord_p2,add_chord,2,4801,770028612,"3,80,162",32,256,4,3,0,1,0,0,3,0.0,0.0,0.75,2,3.25,2,0.75,0.5,low
add_chord_p2,add_chord,2,4801,770028612,"3,80,162",33,264,4,3,0,1,0,0,3,0.0,0.0,0.75,2,3.25,2,0.75,0.5,low
add_chord_p2,add_chord,2,4801,770028612,"3,80,162",34,272,3,2,1,0,0,0,3,0.0,0.0,1.0,1,3.6666666666666665,2,0.6666666666666666,0.3333333333333333,low
add_chord_p2,add_chord,2,4801,770028612,"3,80,162",35,280,3,2,1,0,0,0,3,0.0,0.0,1.0,1,3.6666666666666665,2,0.6666666666666666,0.3333333333333333,low
add_chord_p2,add_chord,2,4801,770028612,"3,80,162",36,288,3,2,1,0,0,0,3,0.0,0.0,1.0,1,3.6666666666666665,2,0.6666666666666666,0.3333333333333333,low
add_chord_p2,add_chord,2,4801,770028612,"3,80,162",37,296,4,2,1,1,0,0,3,0.0,0.0,0.75,2,3.0,3,0.5,0.75,low
add_chord_p2,add_chord,2,4801,770028612,"3,80,162",38,304,3,2,1,0,0,0,3,0.0,0.0,1.0,1,3.6666666666666665,2,0.6666666666666666,0.3333333333333333,low
add_chord_p2,add_chord,2,4801,770028612,"3,80,162",39,312,4,2,1,1,0,0,3,0.0,0.0,0.75,2,3.0,3,0.5,0.75,low
add_chord_p2,add_chord,2,4801,770028612,"3,80,162",40,320,4,2,1,1,0,0,3,0.0,0.0,0.75,2,3.0,3,0.5,0.75,low
add_chord_p2,add_chord,2,4801,770028612,"3,80,162",41,328,4,2,1,1,0,0,3,0.0,0.0,0.75,2,3.0,3,0.5,0.75,low
add_chord_p2,add_chord,2,4801,770028612,"3,80,162",42,336,4,2,1,1,0,0,3,0.0,0.0,0.75,2,3.0,3,0.5,0.75,low
add_chord_p2,add_chord,2,4801,770028612,"3,80,162",43,344,4,2,1,1,0,0,3,0.0,0.0,0.75,2,4.0,3,0.5,0.75,low
add_chord_p2,add_chord,2,4801,770028612,"3,80,162",44,352,4,2,1,1,0,0,3,0.0,0.0,0.75,2,4.0,3,0.5,0.75,low
add_chord_p2,add_chord,2,4801,770028612,"3,80,162",45,360,4,2,1,1,0,0,3,0.0,0.0,0.75,2,4.0,3,0.5,0.75,low
add_chord_p2,add_chord,2,4801,770028612,"3,80,162",46,368,4,2,1,1,0,0,3,0.0,0.0,0.75,2,4.0,3,0.5,0.75,low
add_chord_p2,add_chord,2,4801,770028612,"3,80,162",47,376,4,2,1,1,0,0,3,0.0,0.0,0.75,2,4.0,3,0.5,0.75,low
add_chord_p2,add_chord,2,4801,770028612,"3,80,162",48,384,3,2,1,0,0,0,3,0.0,0.0,1.0,1,4.666666666666667,2,0.6666666666666666,0.3333333333333333,low
add_chord_p2,add_chord,2,4801,770028612,"3,80,162",49,392,3,2,1,0,0,0,3,0.0,0.0,1.0,1,4.666666666666667,2,0.6666666666666666,0.3333333333333333,low
add_chord_p2,add_chord,2,4801,770028612,"3,80,162",50,400,3,2,1,0,0,0,3,0.0,0.0,1.0,1,4.666666666666667,2,0.6666666666666666,0.3333333333333333,low
add_chord_p2,add_chord,2,4801,770028612,"3,80,162",51,408,3,2,1,0,0,0,3,0.0,0.0,1.0,1,4.666666666666667,2,0.6666666666666666,0.3333333333333333,low
add_chord_p2,add_chord,2,4801,770028612,"3,80,162",52,416,3,2,1,0,0,0,3,0.0,0.0,1.0,1,4.666666666666667,2,0.6666666666666666,0.3333333333333333,low
add_chord_p2,add_chord,2,4801,770028612,"3,80,162",53,424,3,2,1,0,0,0,3,0.0,0.0,1.0,1,4.666666666666667,2,0.6666666666666666,0.3333333333333333,low
add_chord_p2,add_chord,2,4801,770028612,"3,80,162",54,432,3,2,1,0,0,0,3,0.0,0.0,1.0,1,4.666666666666667,2,0.6666666666666666,0.3333333333333333,low
add_chord_p2,add_chord,2,4801,770028612,"3,80,162",55,440,3,2,1,0,0,0,3,0.0,0.0,1.0,1,4.666666666666667,2,0.6666666666666666,0.3333333333333333,low
add_chord_p2,add_chord,2,4801,770028612,"3,80,162",56,448,3,2,1,0,0,0,3,0.0,0.0,1.0,1,4.666666666666667,2,0.6666666666666666,0.3333333333333333,low
add_chord_p2,add_chord,2,4801,770028612,"3,80,162",57,456,3,2,1,0,0,0,3,0.0,0.0,1.0,1,4.666666666666667,2,0.6666666666666666,0.3333333333333333,low
add_chord_p2,add_chord,2,4801,770028612,"3,80,162",58,464,3,2,1,0,0,0,3,0.0,0.0,1.0,1,4.666666666666667,2,0.6666666666666666,0.3333333333333333,low
add_chord_p2,add_chord,2,4801,770028612,"3,80,162",59,472,3,2,1,0,0,0,3,0.0,0.0,1.0,1,4.666666666666667,2,0.6666666666666666,0.3333333333333333,low
add_chord_p2,add_chord,2,4801,770028612,"3,80,162",60,480,3,2,1,0,0,0,3,0.0,0.0,1.0,1,4.666666666666667,2,0.6666666666666666,0.3333333333333333,low
add_chord_p2,add_chord,2,4801,770028612,"3,80,162",61,488,3,2,1,0,0,0,3,0.0,0.0,1.0,1,4.666666666666667,2,0.6666666666666666,0.3333333333333333,low
add_chord_p2,add_chord,2,4801,770028612,"3,80,162",62,496,3,2,1,0,0,0,3,0.0,0.0,1.0,1,4.666666666666667,2,0.6666666666666666,0.3333333333333333,low
add_chord_p2,add_chord,2,4801,770028612,"3,80,162",63,504,3,2,1,0,0,0,3,0.0,0.0,1.0,1,4.666666666666667,2,0.6666666666666666,0.3333333333333333,low
add_chord_p2,add_chord,2,4801,770028612,"3,80,162",64,512,3,2,1,0,0,0,3,0.0,0.0,1.0,1,4.666666666666667,2,0.6666666666666666,0.3333333333333333,low
add_chord_p2,add_chord,2,4801,770028612,"3,80,162",65,520,4,2,1,1,0,0,3,0.0,0.0,0.75,2,4.25,2,0.75,0.75,low
add_chord_p2,add_chord,2,4801,770028612,"3,80,162",66,528,4,2,0,1,1,0,2,0.25,0.0,0.5,3,4.25,4,0.25,1.25,low
add_chord_p2,add_chord,2,4801,770028612,"3,80,162",67,536,4,2,0,1,1,0,2,0.25,0.0,0.5,3,4.25,4,0.25,1.25,low
add_chord_p2,add_chord,2,4801,770028612,"3,80,162",68,544,4,2,0,1,1,0,2,0.25,0.0,0.5,3,4.25,4,0.25,1.25,low
add_chord_p2,add_chord,2,4801,770028612,"3,80,162",69,552,4,2,0,1,1,0,2,0.25,0.0,0.5,3,4.25,4,0.25,1.25,low
add_chord_p2,add_chord,2,4801,770028612,"3,80,162",70,560,4,2,0,1,1,0,2,0.25,0.0,0.5,3,4.25,4,0.25,1.25,low
add_chord_p2,add_chord,2,4801,770028612,"3,80,162",71,568,4,2,0,1,1,0,2,0.25,0.0,0.5,3,4.25,4,0.25,1.25,low
add_chord_p2,add_chord,2,4801,770028612,"3,80,162",72,576,4,2,0,1,1,0,2,0.25,0.0,0.5,3,4.25,4,0.25,1.25,low
add_chord_p2,add_chord,2,4801,770028612,"3,80,162",73,584,4,2,1,1,0,0,3,0.0,0.0,0.75,2,4.25,2,0.75,0.75,low
add_chord_p2,add_chord,2,4801,770028612,"3,80,162",74,592,4,2,1,1,0,0,3,0.0,0.0,0.75,2,4.25,2,0.75,0.75,low
add_chord_p2,add_chord,2,4801,770028612,"3,80,162",75,600,4,2,1,1,0,0,3,0.0,0.0,0.75,2,4.25,2,0.75,0.75,low
add_chord_p2,add_chord,2,4801,770028612,"3,80,162",76,608,4,2,1,1,0,0,3,0.0,0.0,0.75,2,4.25,2,0.75,0.75,low
add_chord_p2,add_chord,2,4801,770028612,"3,80,162",77,616,4,2,1,1,0,0,3,0.0,0.0,0.75,2,4.25,2,0.75,0.75,low
add_chord_p2,add_chord,2,4801,770028612,"3,80,162",78,624,4,2,1,1,0,0,3,0.0,0.0,0.75,2,4.25,2,0.75,0.75,low
add_chord_p2,add_chord,2,4801,770028612,"3,80,162",79,632,4,2,1,1,0,0,3,0.0,0.0,0.75,2,4.25,2,0.75,0.75,low
add_chord_p2,add_chord,2,4801,770028612,"3,80,162",80,640,4,2,1,1,0,0,3,0.0,0.0,0.75,2,4.25,2,0.75,0.75,low
add_chord_p2,add_chord,2,4801,770028612,"3,80,162",81,648,4,2,1,1,0,0,3,0.0,0.0,0.75,2,4.25,2,0.75,0.75,low
add_chord_p2,add_chord,2,4801,770028612,"3,80,162",82,656,4,2,1,1,0,0,3,0.0,0.0,0.75,2,4.25,2,0.75,0.75,low
add_chord_p2,add_chord,2,4801,770028612,"3,80,162",83,664,4,2,1,1,0,0,3,0.0,0.0,0.75,2,4.25,2,0.75,0.75,low
add_chord_p2,add_chord,2,4801,770028612,"3,80,162",84,672,4,2,1,1,0,0,3,0.0,0.0,0.75,2,4.25,2,0.75,0.75,low
add_chord_p2,add_chord,2,4801,770028612,"3,80,162",85,680,4,2,0,1,1,0,2,0.25,0.0,0.5,3,5.0,4,0.25,1.25,low
add_chord_p2,add_chord,2,4801,770028612,"3,80,162",86,688,4,2,0,1,1,0,2,0.25,0.0,0.5,3,5.0,4,0.25,1.25,low
add_chord_p2,add_chord,2,4801,770028612,"3,80,162",87,696,4,2,0,0,1,1,2,0.25,0.25,0.5,4,4.0,4,0.25,1.75,low
add_chord_p2,add_chord,2,4801,770028612,"3,80,162",88,704,4,2,0,0,1,1,2,0.25,0.25,0.5,4,4.0,4,0.25,1.75,low
add_chord_p2,add_chord,2,4801,770028612,"3,80,162",89,712,4,2,0,0,1,1,2,0.25,0.25,0.5,4,4.0,4,0.25,1.75,low
add_chord_p2,add_chord,2,4801,770028612,"3,80,162",90,720,4,2,0,0,1,1,2,0.25,0.25,0.5,4,4.0,4,0.25,1.75,low
add_chord_p2,add_chord,2,4801,770028612,"3,80,162",91,728,4,2,0,0,1,1,2,0.25,0.25,0.5,4,4.0,4,0.25,1.75,low
add_chord_p2,add_chord,2,4801,770028612,"3,80,162",92,736,4,2,0,0,1,1,2,0.25,0.25,0.5,4,4.0,4,0.25,1.75,low
add_chord_p2,add_chord,2,4801,770028612,"3,80,162",93,744,4,2,0,1,0,1,2,0.0,0.25,0.5,5,4.25,4,0.25,1.75,low
add_chord_p2,add_chord,2,4801,770028612,"3,80,162",94,752,4,2,0,0,1,1,2,0.25,0.25,0.5,4,4.5,4,0.25,1.75,low
add_chord_p2,add_chord,2,4801,770028612,"3,80,162",95,760,4,2,0,0,1,1,2,0.25,0.25,0.5,4,4.5,4,0.25,1.75,low
add_chord_p2,add_chord,2,4801,770028612,"3,80,162",96,768,4,2,0,0,1,1,2,0.25,0.25,0.5,4,5.0,4,0.25,1.75,low
add_chord_p2,add_chord,2,4801,770028612,"3,80,162",97,776,4,2,0,0,1,1,2,0.25,0.25,0.5,5,5.0,4,0.25,2.0,low
add_chord_p2,add_chord,2,4801,770028612,"3,80,162",98,784,4,2,0,0,1,1,2,0.25,0.25,0.5,5,5.0,4,0.25,2.0,low
add_chord_p2,add_chord,2,4801,770028612,"3,80,162",99,792,4,2,0,0,1,1,2,0.25,0.25,0.5,5,5.0,4,0.25,2.0,low
add_chord_p2,add_chord,2,4801,770028612,"3,80,162",100,800,4,2,0,0,1,1,2,0.25,0.25,0.5,5,5.0,4,0.25,2.0,low
add_chord_p2,add_chord,2,4801,770028612,"3,80,162",101,808,4,2,0,0,1,1,2,0.25,0.25,0.5,5,5.0,4,0.25,2.0,low
add_chord_p2,add_chord,2,4801,770028612,"3,80,162",102,816,5,2,1,0,0,2,3,0.0,0.4,0.6,5,3.0,4,0.4,2.0,low
add_chord_p2,add_chord,2,4801,770028612,"3,80,162",103,824,5,2,1,0,0,2,3,0.0,0.4,0.6,5,3.0,4,0.4,2.0,low
add_chord_p2,add_chord,2,4801,770028612,"3,80,162",104,832,5,2,1,0,0,2,3,0.0,0.4,0.6,5,3.0,4,0.4,2.0,low
add_chord_p2,add_chord,2,4801,770028612,"3,80,162",105,840,5,2,1,0,0,2,3,0.0,0.4,0.6,5,3.0,4,0.4,2.0,low
add_chord_p2,add_chord,2,4801,770028612,"3,80,162",106,848,5,2,1,0,0,2,3,0.0,0.4,0.6,5,3.0,4,0.4,2.0,low
add_chord_p2,add_chord,2,4801,770028612,"3,80,162",107,856,5,2,1,0,0,2,3,0.0,0.4,0.6,5,3.0,4,0.4,2.0,low
add_chord_p2,add_chord,2,4801,770028612,"3,80,162",108,864,5,2,1,0,0,2,3,0.0,0.4,0.6,5,3.0,4,0.4,2.0,low
add_chord_p2,add_chord,2,4801,770028612,"3,80,162",109,872,6,2,1,0,0,3,3,0.0,0.5,0.5,10,3.6666666666666665,5,0.3333333333333333,3.3333333333333335,low
add_chord_p2,add_chord,2,4801,770028612,"3,80,162",110,880,7,2,2,0,0,3,4,0.0,0.42857142857142855,0.5714285714285714,10,2.5714285714285716,5,0.2857142857142857,3.0,low
add_chord_p2,add_chord,2,4801,770028612,"3,80,162",111,888,8,2,3,0,0,3,5,0.0,0.375,0.625,11,2.875,5,0.375,2.875,low
add_chord_p2,add_chord,2,4801,770028612,"3,80,162",112,896,7,2,2,0,1,2,4,0.14285714285714285,0.2857142857142857,0.5714285714285714,11,4.0,5,0.2857142857142857,3.0,low
add_chord_p2,add_chord,2,4801,770028612,"3,80,162",113,904,6,2,0,1,1,2,2,0.16666666666666666,0.3333333333333333,0.3333333333333333,11,4.833333333333333,5,0.3333333333333333,3.5,low
add_chord_p2,add_chord,2,4801,770028612,"3,80,162",114,912,6,2,0,1,1,2,2,0.16666666666666666,0.3333333333333333,0.3333333333333333,11,4.833333333333333,5,0.3333333333333333,3.5,low
add_chord_p2,add_chord,2,4801,770028612,"3,80,162",115,920,6,2,1,0,0,3,3,0.0,0.5,0.5,11,4.333333333333333,5,0.3333333333333333,3.5,low
add_chord_p2,add_chord,2,4801,770028612,"3,80,162",116,928,6,2,0,1,0,3,2,0.0,0.5,0.3333333333333333,11,4.0,6,0.16666666666666666,3.8333333333333335,low
add_chord_p2,add_chord,2,4801,770028612,"3,80,162",117,936,7,2,1,1,0,3,3,0.0,0.42857142857142855,0.42857142857142855,11,3.2857142857142856,6,0.2857142857142857,3.5714285714285716,low
add_chord_p2,add_chord,2,4801,770028612,"3,80,162",118,944,7,2,1,1,0,3,3,0.0,0.42857142857142855,0.42857142857142855,11,3.2857142857142856,6,0.2857142857142857,3.5714285714285716,low
add_chord_p2,add_chord,2,4801,770028612,"3,80,162",119,952,7,2,1,1,0,3,3,0.0,0.42857142857142855,0.42857142857142855,11,3.2857142857142856,6,0.2857142857142857,3.5714285714285716,low
add_chord_p2,add_chord,2,4801,770028612,"3,80,162",120,960,7,2,1,1,0,3,3,0.0,0.42857142857142855,0.42857142857142855,11,2.7142857142857144,6,0.2857142857142857,3.5714285714285716,low
add_chord_p2,add_chord,2,4801,770028612,"3,80,162",121,968,7,2,1,1,0,3,3,0.0,0.42857142857142855,0.42857142857142855,11,2.7142857142857144,6,0.2857142857142857,3.5714285714285716,low
add_chord_p2,add_chord,2,4801,770028612,"3,80,162",122,976,8,3,1,1,0,3,4,0.0,0.375,0.5,11,2.5,5,0.5,3.0,low
add_chord_p2,add_chord,2,4801,770028612,"3,80,162",123,984,8,3,1,1,0,3,4,0.0,0.375,0.5,11,2.5,5,0.5,3.0,low
add_chord_p2,add_chord,2,4801,770028612,"3,80,162",124,992,8,3,1,1,0,3,4,0.0,0.375,0.5,11,2.5,5,0.5,3.0,low
add_chord_p2,add_chord,2,4801,770028612,"3,80,162",125,1000,8,2,2,1,0,3,4,0.0,0.375,0.5,11,2.5,6,0.25,3.125,low
add_chord_p2,add_chord,2,4801,770028612,"3,80,162",126,1008,8,2,2,1,0,3,4,0.0,0.375,0.5,11,2.5,6,0.25,3.125,low
add_chord_p2,add_chord,2,4801,770028612,"3,80,162",127,1016,10,3,4,0,0,3,7,0.0,0.3,0.7,11,2.0,4,0.7,2.6,low
add_chord_p2,add_chord,2,4801,770028612,"3,80,162",128,1024,11,3,4,1,0,3,7,0.0,0.2727272727272727,0.6363636363636364,11,2.1818181818181817,4,0.7272727272727273,2.5454545454545454,low
add_chord_p2,add_chord,2,4801,770028612,"3,80,162",129,1032,11,3,4,1,0,3,7,0.0,0.2727272727272727,0.6363636363636364,11,2.1818181818181817,4,0.7272727272727273,2.5454545454545454,low
add_chord_p2,add_chord,2,4801,770028612,"3,80,162",130,1040,11,3,4,1,0,3,7,0.0,0.2727272727272727,0.6363636363636364,11,2.1818181818181817,4,0.7272727272727273,2.5454545454545454,low
add_chord_p2,add_chord,2,4801,770028612,"3,80,162",131,1048,11,3,5,0,0,3,8,0.0,0.2727272727272727,0.7272727272727273,11,1.9090909090909092,4,0.7272727272727273,2.4545454545454546,low
add_chord_p2,add_chord,2,4801,770028612,"3,80,162",132,1056,9,3,3,0,0,3,6,0.0,0.3333333333333333,0.6666666666666666,11,2.6666666666666665,4,0.6666666666666666,2.7777777777777777,low
add_chord_p2,add_chord,2,4801,770028612,"3,80,162",133,1064,9,3,3,0,0,3,6,0.0,0.3333333333333333,0.6666666666666666,11,2.6666666666666665,4,0.6666666666666666,2.7777777777777777,low
add_chord_p2,add_chord,2,4801,770028612,"3,80,162",134,1072,9,3,3,0,0,3,6,0.0,0.3333333333333333,0.6666666666666666,11,2.6666666666666665,4,0.6666666666666666,2.7777777777777777,low
add_chord_p2,add_chord,2,4801,770028612,"3,80,162",135,1080,9,3,3,0,0,3,6,0.0,0.3333333333333333,0.6666666666666666,11,2.6666666666666665,4,0.6666666666666666,2.7777777777777777,low
add_chord_p2,add_chord,2,4801,770028612,"3,80,162",136,1088,9,3,3,0,0,3,6,0.0,0.3333333333333333,0.6666666666666666,11,2.6666666666666665,4,0.6666666666666666,2.7777777777777777,low
add_chord_p2,add_chord,2,4801,770028612,"3,80,162",137,1096,9,3,3,0,0,3,6,0.0,0.3333333333333333,0.6666666666666666,11,2.6666666666666665,4,0.6666666666666666,2.7777777777777777,low
add_chord_p2,add_chord,2,4801,770028612,"3,80,162",138,1104,9,3,3,0,0,3,6,0.0,0.3333333333333333,0.6666666666666666,11,2.6666666666666665,4,0.6666666666666666,2.7777777777777777,low
add_chord_p2,add_chord,2,4801,770028612,"3,80,162",139,1112,10,3,4,0,0,3,7,0.0,0.3,0.7,10,2.0,4,0.7,2.5,low
add_chord_p2,add_chord,2,4801,770028612,"3,80,162",140,1120,10,3,4,0,0,3,7,0.0,0.3,0.7,10,2.0,4,0.7,2.5,low
add_chord_p2,add_chord,2,4801,770028612,"3,80,162",141,1128,9,2,4,0,0,3,6,0.0,0.3333333333333333,0.6666666666666666,10,2.0,5,0.3333333333333333,2.888888888888889,low
add_chord_p2,add_chord,2,4801,770028612,"3,80,162",142,1136,9,2,4,0,0,3,6,0.0,0.3333333333333333,0.6666666666666666,10,2.0,5,0.3333333333333333,2.888888888888889,low
add_chord_p2,add_chord,2,4801,770028612,"3,80,162",143,1144,9,2,3,1,0,3,5,0.0,0.3333333333333333,0.5555555555555556,10,2.3333333333333335,5,0.4444444444444444,3.0,low
add_chord_p2,add_chord,2,4801,770028612,"3,80,162",144,1152,9,2,2,1,1,3,4,0.1111111111111111,0.3333333333333333,0.4444444444444444,10,3.6666666666666665,6,0.2222222222222222,3.2222222222222223,low
add_chord_p2,add_chord,2,4801,770028612,"3,80,162",145,1160,9,2,2,1,0,4,4,0.0,0.4444444444444444,0.4444444444444444,10,3.0,7,0.2222222222222222,3.3333333333333335,low
add_chord_p2,add_chord,2,4801,770028612,"3,80,162",146,1168,9,2,2,1,0,4,4,0.0,0.4444444444444444,0.4444444444444444,10,3.0,7,0.2222222222222222,3.3333333333333335,low
add_chord_p2,add_chord,2,4801,770028612,"3,80,162",147,1176,9,2,2,1,0,4,4,0.0,0.4444444444444444,0.4444444444444444,10,3.0,7,0.2222222222222222,3.3333333333333335,low
add_chord_p2,add_chord,2,4801,770028612,"3,80,162",148,1184,9,2,2,1,0,4,4,0.0,0.4444444444444444,0.4444444444444444,10,3.0,7,0.2222222222222222,3.3333333333333335,low
add_chord_p2,add_chord,2,4801,770028612,"3,80,162",149,1192,9,2,2,1,0,4,4,0.0,0.4444444444444444,0.4444444444444444,10,3.0,7,0.2222222222222222,3.3333333333333335,low
add_chord_p2,add_chord,2,4801,770028612,"3,80,162",150,1200,9,2,2,1,0,4,4,0.0,0.4444444444444444,0.4444444444444444,10,3.0,7,0.2222222222222222,3.3333333333333335,low
add_chord_p2,add_chord,2,4801,770028612,"3,80,162",151,1208,9,2,2,1,0,4,4,0.0,0.4444444444444444,0.4444444444444444,10,3.0,7,0.2222222222222222,3.3333333333333335,low
add_chord_p2,add_chord,2,4801,770028612,"3,80,162",152,1216,9,2,2,1,0,4,4,0.0,0.4444444444444444,0.4444444444444444,10,3.0,7,0.2222222222222222,3.3333333333333335,low
add_chord_p2,add_chord,2,4801,770028612,"3,80,162",153,1224,9,2,2,0,1,4,4,0.1111111111111111,0.4444444444444444,0.4444444444444444,10,3.6666666666666665,6,0.2222222222222222,3.3333333333333335,low
add_chord_p2,add_chord,2,4801,770028612,"3,80,162",154,1232,9,2,2,0,1,4,4,0.1111111111111111,0.4444444444444444,0.4444444444444444,10,3.6666666666666665,6,0.2222222222222222,3.3333333333333335,low
add_chord_p2,add_chord,2,4801,770028612,"3,80,162",155,1240,9,2,2,0,1,4,4,0.1111111111111111,0.4444444444444444,0.4444444444444444,10,3.6666666666666665,6,0.2222222222222222,3.3333333333333335,low
add_chord_p2,add_chord,2,4801,770028612,"3,80,162",156,1248,9,2,2,0,1,4,4,0.1111111111111111,0.4444444444444444,0.4444444444444444,10,3.6666666666666665,6,0.2222222222222222,3.3333333333333335,low
add_chord_p2,add_chord,2,4801,770028612,"3,80,162",157,1256,9,2,2,0,1,4,4,0.1111111111111111,0.4444444444444444,0.4444444444444444,10,3.888888888888889,6,0.2222222222222222,3.2222222222222223,low
add_chord_p2,add_chord,2,4801,770028612,"3,80,162",158,1264,9,2,2,0,1,4,4,0.1111111111111111,0.4444444444444444,0.4444444444444444,10,3.888888888888889,6,0.2222222222222222,3.2222222222222223,low
add_chord_p2,add_chord,2,4801,770028612,"3,80,162",159,1272,9,2,2,0,1,4,4,0.1111111111111111,0.4444444444444444,0.4444444444444444,10,3.888888888888889,6,0.2222222222222222,3.2222222222222223,low
add_chord_p2,add_chord,2,4801,770028612,"3,80,162",160,1280,9,2,1,1,1,4,3,0.1111111111111111,0.4444444444444444,0.3333333333333333,10,4.222222222222222,6,0.3333333333333333,3.3333333333333335,low
add_chord_p2,add_chord,2,4801,770028612,"3,80,162",161,1288,10,2,2,0,2,4,4,0.2,0.4,0.4,10,3.9,7,0.2,3.2,low
add_chord_p2,add_chord,2,4801,770028612,"3,80,162",162,1296,10,2,2,0,2,4,4,0.2,0.4,0.4,10,3.9,7,0.2,3.2,low
add_chord_p2,add_chord,2,4801,770028612,"3,80,162",163,1304,10,2,2,0,2,4,4,0.2,0.4,0.4,10,3.9,7,0.2,3.2,low
add_chord_p2,add_chord,2,4801,770028612,"3,80,162",164,1312,11,2,2,1,1,5,4,0.09090909090909091,0.45454545454545453,0.36363636363636365,10,2.909090909090909,7,0.36363636363636365,3.1818181818181817,low
add_chord_p2,add_chord,2,4801,770028612,"3,80,162",165,1320,11,2,2,1,1,5,4,0.09090909090909091,0.45454545454545453,0.36363636363636365,10,2.909090909090909,7,0.36363636363636365,3.1818181818181817,low
add_chord_p2,add_chord,2,4801,770028612,"3,80,162",166,1328,11,2,2,1,1,5,4,0.09090909090909091,0.45454545454545453,0.36363636363636365,10,2.909090909090909,7,0.36363636363636365,3.1818181818181817,low
add_chord_p2,add_chord,2,4801,770028612,"3,80,162",167,1336,11,2,2,1,1,5,4,0.09090909090909091,0.45454545454545453,0.36363636363636365,10,2.909090909090909,7,0.36363636363636365,3.1818181818181817,low
add_chord_p2,add_chord,2,4801,770028612,"3,80,162",168,1344,11,2,2,1,1,5,4,0.09090909090909091,0.45454545454545453,0.36363636363636365,10,3.0,7,0.36363636363636365,3.1818181818181817,low
add_chord_p2,add_chord,2,4801,770028612,"3,80,162",169,1352,11,2,2,1,1,5,4,0.09090909090909091,0.45454545454545453,0.36363636363636365,10,3.0,7,0.36363636363636365,3.1818181818181817,low
add_chord_p2,add_chord,2,4801,770028612,"3,80,162",170,1360,12,2,2,2,1,5,4,0.08333333333333333,0.4166666666666667,0.3333333333333333,9,3.8333333333333335,7,0.4166666666666667,3.0,low
add_chord_p2,add_chord,2,4801,770028612,"3,80,162",171,1368,12,2,2,2,1,5,4,0.08333333333333333,0.4166666666666667,0.3333333333333333,9,3.8333333333333335,7,0.4166666666666667,3.0,low
add_chord_p2,add_chord,2,4801,770028612,"3,80,162",172,1376,12,2,2,2,1,5,4,0.08333333333333333,0.4166666666666667,0.3333333333333333,9,3.8333333333333335,7,0.4166666666666667,3.0,low
add_chord_p2,add_chord,2,4801,770028612,"3,80,162",173,1384,12,2,2,2,1,5,4,0.08333333333333333,0.4166666666666667,0.3333333333333333,9,3.8333333333333335,7,0.4166666666666667,2.9166666666666665,low
add_chord_p2,add_chord,2,4801,770028612,"3,80,162",174,1392,12,3,1,2,2,4,4,0.16666666666666666,0.3333333333333333,0.3333333333333333,10,2.75,6,0.5833333333333334,2.8333333333333335,low
add_chord_p2,add_chord,2,4801,770028612,"3,80,162",175,1400,12,3,1,2,2,4,4,0.16666666666666666,0.3333333333333333,0.3333333333333333,10,2.75,6,0.5833333333333334,2.8333333333333335,low
add_chord_p2,add_chord,2,4801,770028612,"3,80,162",176,1408,13,2,3,2,2,4,5,0.15384615384615385,0.3076923076923077,0.38461538461538464,10,2.769230769230769,7,0.46153846153846156,2.769230769230769,low
add_chord_p2,add_chord,2,4801,770028612,"3,80,162",177,1416,12,2,2,3,1,4,4,0.08333333333333333,0.3333333333333333,0.3333333333333333,10,2.6666666666666665,8,0.3333333333333333,2.8333333333333335,low
add_chord_p2,add_chord,2,4801,770028612,"3,80,162",178,1424,13,2,2,3,2,4,4,0.15384615384615385,0.3076923076923077,0.3076923076923077,9,3.6923076923076925,8,0.38461538461538464,2.6923076923076925,low
add_chord_p2,add_chord,2,4801,770028612,"3,80,162",179,1432,12,2,2,3,1,4,4,0.08333333333333333,0.3333333333333333,0.3333333333333333,8,3.25,8,0.3333333333333333,2.6666666666666665,low
add_chord_p2,add_chord,2,4801,770028612,"3,80,162",180,1440,12,2,2,3,1,4,4,0.08333333333333333,0.3333333333333333,0.3333333333333333,8,3.25,8,0.3333333333333333,2.6666666666666665,low
add_chord_p2,add_chord,2,4801,770028612,"3,80,162",181,1448,12,2,2,3,1,4,4,0.08333333333333333,0.3333333333333333,0.3333333333333333,8,3.25,8,0.3333333333333333,2.6666666666666665,low
add_chord_p2,add_chord,2,4801,770028612,"3,80,162",182,1456,13,2,2,3,2,4,4,0.15384615384615385,0.3076923076923077,0.3076923076923077,8,3.076923076923077,8,0.38461538461538464,2.6923076923076925,low
add_chord_p2,add_chord,2,4801,770028612,"3,80,162",183,1464,13,2,2,3,2,4,4,0.15384615384615385,0.3076923076923077,0.3076923076923077,7,3.0,8,0.38461538461538464,2.6153846153846154,low
add_chord_p2,add_chord,2,4801,770028612,"3,80,162",184,1472,13,2,2,3,2,4,4,0.15384615384615385,0.3076923076923077,0.3076923076923077,7,3.0,8,0.38461538461538464,2.6153846153846154,low
add_chord_p2,add_chord,2,4801,770028612,"3,80,162",185,1480,13,2,2,3,2,4,4,0.15384615384615385,0.3076923076923077,0.3076923076923077,7,3.0,8,0.38461538461538464,2.6153846153846154,low
add_chord_p2,add_chord,2,4801,770028612,"3,80,162",186,1488,13,2,2,3,2,4,4,0.15384615384615385,0.3076923076923077,0.3076923076923077,7,3.0,8,0.38461538461538464,2.6923076923076925,low
add_chord_p2,add_chord,2,4801,770028612,"3,80,162",187,1496,12,2,2,2,1,5,4,0.08333333333333333,0.4166666666666667,0.3333333333333333,7,3.0833333333333335,8,0.3333333333333333,2.8333333333333335,low
add_chord_p2,add_chord,2,4801,770028612,"3,80,162",188,1504,13,2,2,3,1,5,4,0.07692307692307693,0.38461538461538464,0.3076923076923077,7,3.076923076923077,8,0.38461538461538464,2.8461538461538463,low
add_chord_p2,add_chord,2,4801,770028612,"3,80,162",189,1512,12,2,3,2,0,5,5,0.0,0.4166666666666667,0.4166666666666667,7,3.5833333333333335,7,0.4166666666666667,2.75,low
add_chord_p2,add_chord,2,4801,770028612,"3,80,162",190,1520,12,2,3,2,0,5,5,0.0,0.4166666666666667,0.4166666666666667,7,3.5833333333333335,7,0.4166666666666667,2.75,low
add_chord_p2,add_chord,2,4801,770028612,"3,80,162",191,1528,12,2,3,2,0,5,5,0.0,0.4166666666666667,0.4166666666666667,7,3.5833333333333335,7,0.4166666666666667,2.75,low
add_chord_p2,add_chord,2,4801,770028612,"3,80,162",192,1536,12,2,3,2,0,5,5,0.0,0.4166666666666667,0.4166666666666667,7,3.5833333333333335,7,0.4166666666666667,2.75,low
add_chord_p2,add_chord,2,4801,770028612,"3,80,162",193,1544,12,2,3,2,0,5,5,0.0,0.4166666666666667,0.4166666666666667,7,3.5833333333333335,7,0.4166666666666667,2.75,low
add_chord_p2,add_chord,2,4801,770028612,"3,80,162",194,1552,12,2,3,2,0,5,5,0.0,0.4166666666666667,0.4166666666666667,7,3.5833333333333335,7,0.4166666666666667,2.75,low
add_chord_p2,add_chord,2,4801,770028612,"3,80,162",195,1560,12,2,3,2,0,5,5,0.0,0.4166666666666667,0.4166666666666667,7,3.5833333333333335,7,0.4166666666666667,2.75,low
add_chord_p2,add_chord,2,4801,770028612,"3,80,162",196,1568,12,2,3,1,1,5,5,0.08333333333333333,0.4166666666666667,0.4166666666666667,7,3.5833333333333335,7,0.3333333333333333,2.9166666666666665,low
add_chord_p2,add_chord,2,4801,770028612,"3,80,162",197,1576,12,2,3,1,1,5,5,0.08333333333333333,0.4166666666666667,0.4166666666666667,7,3.5833333333333335,7,0.3333333333333333,2.9166666666666665,low
add_chord_p2,add_chord,2,4801,770028612,"3,80,162",198,1584,12,2,3,1,1,5,5,0.08333333333333333,0.4166666666666667,0.4166666666666667,7,3.5833333333333335,7,0.3333333333333333,2.9166666666666665,low
add_chord_p2,add_chord,2,4801,770028612,"3,80,162",199,1592,12,2,3,1,0,6,5,0.0,0.5,0.4166666666666667,7,3.5833333333333335,8,0.3333333333333333,2.9166666666666665,low
add_chord_p2,add_chord,2,4801,770028612,"3,80,162",200,1600,12,2,3,1,0,6,5,0.0,0.5,0.4166666666666667,7,3.5833333333333335,8,0.3333333333333333,2.9166666666666665,low
add_chord_p2,add_chord,2,4801,770028612,"3,80,162",201,1608,12,2,3,1,0,6,5,0.0,0.5,0.4166666666666667,7,3.5833333333333335,8,0.3333333333333333,2.9166666666666665,low
add_chord_p2,add_chord,2,4801,770028612,"3,80,162",202,1616,12,2,3,1,0,6,5,0.0,0.5,0.4166666666666667,7,3.5833333333333335,8,0.3333333333333333,2.9166666666666665,low
add_chord_p2,add_chord,2,4801,770028612,"3,80,162",203,1624,12,2,3,1,0,6,5,0.0,0.5,0.4166666666666667,7,3.5833333333333335,8,0.3333333333333333,2.9166666666666665,low
add_chord_p2,add_chord,2,4801,770028612,"3,80,162",204,1632,12,2,3,1,0,6,5,0.0,0.5,0.4166666666666667,7,3.5833333333333335,8,0.3333333333333333,2.9166666666666665,low
add_chord_p2,add_chord,2,4801,770028612,"3,80,162",205,1640,12,2,3,1,0,6,5,0.0,0.5,0.4166666666666667,7,3.5833333333333335,8,0.3333333333333333,2.9166666666666665,low
add_chord_p2,add_chord,2,4801,770028612,"3,80,162",206,1648,12,2,3,1,0,6,5,0.0,0.5,0.4166666666666667,7,3.5833333333333335,8,0.3333333333333333,2.9166666666666665,low
add_chord_p2,add_chord,2,4801,770028612,"3,80,162",207,1656,12,2,3,1,0,6,5,0.0,0.5,0.4166666666666667,7,3.4166666666666665,8,0.3333333333333333,3.0833333333333335,low
add_chord_p2,add_chord,2,4801,770028612,"3,80,162",208,1664,12,2,3,1,0,6,5,0.0,0.5,0.4166666666666667,7,3.4166666666666665,8,0.3333333333333333,3.0833333333333335,low
add_chord_p2,add_chord,2,4801,770028612,"3,80,162",209,1672,12,2,3,1,0,6,5,0.0,0.5,0.4166666666666667,7,3.25,8,0.3333333333333333,3.1666666666666665,low
add_chord_p2,add_chord,2,4801,770028612,"3,80,162",210,1680,12,2,3,1,0,6,5,0.0,0.5,0.4166666666666667,7,3.25,8,0.3333333333333333,3.1666666666666665,low
add_chord_p2,add_chord,2,4801,770028612,"3,80,162",211,1688,11,2,2,1,0,6,4,0.0,0.5454545454545454,0.36363636363636365,8,3.272727272727273,8,0.36363636363636365,3.1818181818181817,low
add_chord_p2,add_chord,2,4801,770028612,"3,80,162",212,1696,11,2,2,1,0,6,4,0.0,0.5454545454545454,0.36363636363636365,8,3.272727272727273,8,0.36363636363636365,3.1818181818181817,low
add_chord_p2,add_chord,2,4801,770028612,"3,80,162",213,1704,11,2,2,1,0,6,4,0.0,0.5454545454545454,0.36363636363636365,8,3.272727272727273,8,0.36363636363636365,3.1818181818181817,low
add_chord_p2,add_chord,2,4801,770028612,"3,80,162",214,1712,12,3,1,2,0,6,4,0.0,0.5,0.3333333333333333,8,3.0833333333333335,8,0.3333333333333333,3.0,low
add_chord_p2,add_chord,2,4801,770028612,"3,80,162",215,1720,12,2,2,2,0,6,4,0.0,0.5,0.3333333333333333,8,3.1666666666666665,8,0.4166666666666667,3.1666666666666665,low
add_chord_p2,add_chord,2,4801,770028612,"3,80,162",216,1728,12,2,2,2,0,6,4,0.0,0.5,0.3333333333333333,8,3.1666666666666665,8,0.4166666666666667,3.1666666666666665,low
add_chord_p2,add_chord,2,4801,770028612,"3,80,162",217,1736,12,2,2,2,0,6,4,0.0,0.5,0.3333333333333333,8,3.1666666666666665,8,0.4166666666666667,3.1666666666666665,low
add_chord_p2,add_chord,2,4801,770028612,"3,80,162",218,1744,12,2,1,3,0,6,3,0.0,0.5,0.25,8,3.6666666666666665,9,0.3333333333333333,3.1666666666666665,low
add_chord_p2,add_chord,2,4801,770028612,"3,80,162",219,1752,12,2,1,3,0,6,3,0.0,0.5,0.25,8,3.6666666666666665,9,0.3333333333333333,3.1666666666666665,low
add_chord_p2,add_chord,2,4801,770028612,"3,80,162",220,1760,12,2,1,2,1,6,3,0.08333333333333333,0.5,0.25,7,4.25,10,0.25,3.1666666666666665,low
add_chord_p2,add_chord,2,4801,770028612,"3,80,162",221,1768,12,2,1,2,2,5,3,0.16666666666666666,0.4166666666666667,0.25,7,4.5,10,0.25,3.1666666666666665,low
add_chord_p2,add_chord,2,4801,770028612,"3,80,162",222,1776,12,2,1,2,2,5,3,0.16666666666666666,0.4166666666666667,0.25,7,4.5,10,0.25,3.1666666666666665,low
add_chord_p2,add_chord,2,4801,770028612,"3,80,162",223,1784,13,3,1,2,1,6,4,0.07692307692307693,0.46153846153846156,0.3076923076923077,7,3.923076923076923,10,0.23076923076923078,3.0,low
add_chord_p2,add_chord,2,4801,770028612,"3,80,162",224,1792,13,3,1,1,1,7,4,0.07692307692307693,0.5384615384615384,0.3076923076923077,7,3.5384615384615383,10,0.23076923076923078,3.1538461538461537,low
add_chord_p2,add_chord,2,4801,770028612,"3,80,162",225,1800,13,3,1,1,1,7,4,0.07692307692307693,0.5384615384615384,0.3076923076923077,7,3.5384615384615383,10,0.23076923076923078,3.1538461538461537,low
add_chord_p2,add_chord,2,4801,770028612,"3,80,162",226,1808,12,2,1,1,1,7,3,0.08333333333333333,0.5833333333333334,0.25,7,3.6666666666666665,10,0.25,3.5,low
add_chord_p2,add_chord,2,4801,770028612,"3,80,162",227,1816,12,2,1,1,1,7,3,0.08333333333333333,0.5833333333333334,0.25,7,3.6666666666666665,10,0.25,3.5,low
add_chord_p2,add_chord,2,4801,770028612,"3,80,162",228,1824,12,2,1,1,1,7,3,0.08333333333333333,0.5833333333333334,0.25,7,3.6666666666666665,10,0.25,3.5,low
add_chord_p2,add_chord,2,4801,770028612,"3,80,162",229,1832,12,2,1,1,1,7,3,0.08333333333333333,0.5833333333333334,0.25,7,3.6666666666666665,10,0.25,3.5,low
add_chord_p2,add_chord,2,4801,770028612,"3,80,162",230,1840,12,2,1,1,1,7,3,0.08333333333333333,0.5833333333333334,0.25,8,3.5833333333333335,10,0.25,3.5,low
add_chord_p2,add_chord,2,4801,770028612,"3,80,162",231,1848,12,2,1,1,1,7,3,0.08333333333333333,0.5833333333333334,0.25,8,3.5833333333333335,10,0.25,3.5,low
add_chord_p2,add_chord,2,4801,770028612,"3,80,162",232,1856,12,2,1,1,1,7,3,0.08333333333333333,0.5833333333333334,0.25,8,3.5,10,0.25,3.5,low
add_chord_p2,add_chord,2,4801,770028612,"3,80,162",233,1864,12,2,1,1,1,7,3,0.08333333333333333,0.5833333333333334,0.25,8,3.5,10,0.25,3.5,low
add_chord_p2,add_chord,2,4801,770028612,"3,80,162",234,1872,12,2,1,1,1,7,3,0.08333333333333333,0.5833333333333334,0.25,8,3.5,10,0.25,3.5,low
add_chord_p2,add_chord,2,4801,770028612,"3,80,162",235,1880,12,2,1,1,1,7,3,0.08333333333333333,0.5833333333333334,0.25,8,3.5833333333333335,10,0.25,3.5,low
add_chord_p2,add_chord,2,4801,770028612,"3,80,162",236,1888,12,2,1,1,1,7,3,0.08333333333333333,0.5833333333333334,0.25,8,3.5833333333333335,10,0.25,3.5,low
add_chord_p2,add_chord,2,4801,770028612,"3,80,162",237,1896,12,2,1,1,1,7,3,0.08333333333333333,0.5833333333333334,0.25,8,3.5833333333333335,10,0.25,3.5,low
add_chord_p2,add_chord,2,4801,770028612,"3,80,162",238,1904,12,2,1,1,1,7,3,0.08333333333333333,0.5833333333333334,0.25,8,3.5833333333333335,10,0.25,3.5,low
add_chord_p2,add_chord,2,4801,770028612,"3,80,162",239,1912,12,2,1,1,1,7,3,0.08333333333333333,0.5833333333333334,0.25,8,3.5833333333333335,10,0.25,3.5,low
add_chord_p2,add_chord,2,4801,770028612,"3,80,162",240,1920,12,2,1,1,1,7,3,0.08333333333333333,0.5833333333333334,0.25,8,3.5833333333333335,10,0.25,3.5,low
add_chord_p2,add_chord,2,4801,770028612,"3,80,162",241,1928,12,2,1,1,1,7,3,0.08333333333333333,0.5833333333333334,0.25,8,3.5833333333333335,10,0.25,3.5,low
add_chord_p2,add_chord,2,4801,770028612,"3,80,162",242,1936,12,2,1,1,1,7,3,0.08333333333333333,0.5833333333333334,0.25,8,3.5833333333333335,10,0.25,3.5,low
add_chord_p2,add_chord,2,4801,770028612,"3,80,162",243,1944,12,2,1,1,1,7,3,0.08333333333333333,0.5833333333333334,0.25,8,3.5833333333333335,10,0.25,3.5,low
add_chord_p2,add_chord,2,4801,770028612,"3,80,162",244,1952,12,2,1,1,1,7,3,0.08333333333333333,0.5833333333333334,0.25,8,3.5833333333333335,10,0.25,3.5,low
add_chord_p2,add_chord,2,4801,770028612,"3,80,162",245,1960,12,2,1,1,2,6,3,0.16666666666666666,0.5,0.25,8,4.25,10,0.25,3.4166666666666665,low
add_chord_p2,add_chord,2,4801,770028612,"3,80,162",246,1968,12,2,1,1,2,6,3,0.16666666666666666,0.5,0.25,8,4.25,10,0.25,3.4166666666666665,low
add_chord_p2,add_chord,2,4801,770028612,"3,80,162",247,1976,12,2,1,1,2,6,3,0.16666666666666666,0.5,0.25,8,4.25,10,0.25,3.4166666666666665,low
add_chord_p2,add_chord,2,4801,770028612,"3,80,162",248,1984,12,2,1,1,2,6,3,0.16666666666666666,0.5,0.25,8,4.25,10,0.25,3.4166666666666665,low
add_chord_p2,add_chord,2,4801,770028612,"3,80,162",249,1992,12,2,1,1,2,6,3,0.16666666666666666,0.5,0.25,8,4.25,10,0.25,3.4166666666666665,low
add_chord_p2,add_chord,2,4801,770028612,"3,80,162",250,2000,12,2,1,1,2,6,3,0.16666666666666666,0.5,0.25,8,4.25,10,0.25,3.4166666666666665,low
add_chord_p2,add_chord,2,4801,770028612,"3,80,162",251,2008,12,2,1,1,2,6,3,0.16666666666666666,0.5,0.25,8,4.25,10,0.25,3.4166666666666665,low
add_chord_p2,add_chord,2,4801,770028612,"3,80,162",252,2016,12,2,1,2,1,6,3,0.08333333333333333,0.5,0.25,8,5.0,10,0.25,3.25,low
add_chord_p2,add_chord,2,4801,770028612,"3,80,162",253,2024,13,2,1,1,3,6,3,0.23076923076923078,0.46153846153846156,0.23076923076923078,8,4.615384615384615,10,0.3076923076923077,3.3076923076923075,low
add_chord_p2,add_chord,2,4801,770028612,"3,80,162",254,2032,13,2,1,1,3,6,3,0.23076923076923078,0.46153846153846156,0.23076923076923078,8,4.615384615384615,10,0.3076923076923077,3.3076923076923075,low
add_chord_p2,add_chord,2,4801,770028612,"3,80,162",255,2040,13,2,1,1,2,7,3,0.15384615384615385,0.5384615384615384,0.23076923076923078,8,4.461538461538462,11,0.23076923076923078,3.4615384615384617,low
add_chord_p2,add_chord,2,4801,770028612,"3,80,162",256,2048,13,2,1,1,2,7,3,0.15384615384615385,0.5384615384615384,0.23076923076923078,8,4.461538461538462,11,0.23076923076923078,3.4615384615384617,low
add_chord_p2,add_chord,2,4801,770028612,"3,80,162",257,2056,13,2,1,1,2,7,3,0.15384615384615385,0.5384615384615384,0.23076923076923078,8,4.461538461538462,11,0.23076923076923078,3.4615384615384617,low
add_chord_p2,add_chord,2,4801,770028612,"3,80,162",258,2064,13,2,1,1,3,6,3,0.23076923076923078,0.46153846153846156,0.23076923076923078,7,4.769230769230769,10,0.23076923076923078,3.3076923076923075,low
add_chord_p2,add_chord,2,4801,770028612,"3,80,162",259,2072,13,2,1,1,3,6,3,0.23076923076923078,0.46153846153846156,0.23076923076923078,7,4.615384615384615,10,0.23076923076923078,3.3076923076923075,low
add_chord_p2,add_chord,2,4801,770028612,"3,80,162",260,2080,12,2,1,1,2,6,3,0.16666666666666666,0.5,0.25,8,4.0,10,0.25,3.5,low
add_chord_p2,add_chord,2,4801,770028612,"3,80,162",261,2088,12,2,1,1,2,6,3,0.16666666666666666,0.5,0.25,8,4.0,10,0.25,3.5,low
add_chord_p2,add_chord,2,4801,770028612,"3,80,162",262,2096,12,2,1,1,2,6,3,0.16666666666666666,0.5,0.25,8,4.0,10,0.25,3.5,low
add_chord_p2,add_chord,2,4801,770028612,"3,80,162",263,2104,12,2,1,1,1,7,3,0.08333333333333333,0.5833333333333334,0.25,8,3.0833333333333335,10,0.25,3.6666666666666665,low
add_chord_p2,add_chord,2,4801,770028612,"3,80,162",264,2112,12,2,1,1,1,7,3,0.08333333333333333,0.5833333333333334,0.25,8,3.0833333333333335,10,0.25,3.6666666666666665,low
add_chord_p2,add_chord,2,4801,770028612,"3,80,162",265,2120,12,2,1,1,1,7,3,0.08333333333333333,0.5833333333333334,0.25,8,3.0833333333333335,10,0.25,3.6666666666666665,low
add_chord_p2,add_chord,2,4801,770028612,"3,80,162",266,2128,12,2,1,1,1,7,3,0.08333333333333333,0.5833333333333334,0.25,8,3.0833333333333335,10,0.25,3.6666666666666665,low
add_chord_p2,add_chord,2,4801,770028612,"3,80,162",267,2136,13,2,1,2,2,6,3,0.15384615384615385,0.46153846153846156,0.23076923076923078,8,3.6923076923076925,10,0.3076923076923077,3.4615384615384617,low
add_chord_p2,add_chord,2,4801,770028612,"3,80,162",268,2144,13,2,1,2,1,7,3,0.07692307692307693,0.5384615384615384,0.23076923076923078,9,2.769230769230769,10,0.3076923076923077,3.4615384615384617,low
add_chord_p2,add_chord,2,4801,770028612,"3,80,162",269,2152,13,2,1,2,1,7,3,0.07692307692307693,0.5384615384615384,0.23076923076923078,9,2.769230769230769,10,0.3076923076923077,3.4615384615384617,low
add_chord_p2,add_chord,2,4801,770028612,"3,80,162",270,2160,13,2,1,2,1,7,3,0.07692307692307693,0.5384615384615384,0.23076923076923078,9,2.769230769230769,10,0.3076923076923077,3.4615384615384617,low
add_chord_p2,add_chord,2,4801,770028612,"3,80,162",271,2168,13,2,1,2,1,7,3,0.07692307692307693,0.5384615384615384,0.23076923076923078,9,2.769230769230769,10,0.3076923076923077,3.4615384615384617,low
add_chord_p2,add_chord,2,4801,770028612,"3,80,162",272,2176,13,2,1,2,2,6,3,0.15384615384615385,0.46153846153846156,0.23076923076923078,9,2.923076923076923,10,0.3076923076923077,3.3846153846153846,low
add_chord_p2,add_chord,2,4801,770028612,"3,80,162",273,2184,13,2,1,2,2,6,3,0.15384615384615385,0.46153846153846156,0.23076923076923078,9,2.923076923076923,10,0.3076923076923077,3.3846153846153846,low
add_chord_p2,add_chord,2,4801,770028612,"3,80,162",274,2192,13,2,1,2,2,6,3,0.15384615384615385,0.46153846153846156,0.23076923076923078,9,2.923076923076923,10,0.3076923076923077,3.3846153846153846,low
add_chord_p2,add_chord,2,4801,770028612,"3,80,162",275,2200,13,2,1,2,2,6,3,0.15384615384615385,0.46153846153846156,0.23076923076923078,9,2.923076923076923,10,0.3076923076923077,3.3846153846153846,low
add_chord_p2,add_chord,2,4801,770028612,"3,80,162",276,2208,13,2,1,2,2,6,3,0.15384615384615385,0.46153846153846156,0.23076923076923078,9,2.923076923076923,10,0.3076923076923077,3.3846153846153846,low
add_chord_p2,add_chord,2,4801,770028612,"3,80,162",277,2216,14,2,1,3,1,7,3,0.07142857142857142,0.5,0.21428571428571427,8,2.857142857142857,10,0.35714285714285715,3.4285714285714284,low
add_chord_p2,add_chord,2,4801,770028612,"3,80,162",278,2224,14,2,1,3,0,8,3,0.0,0.5714285714285714,0.21428571428571427,9,2.642857142857143,10,0.35714285714285715,3.4285714285714284,low
add_chord_p2,add_chord,2,4801,770028612,"3,80,162",279,2232,14,2,1,2,1,8,3,0.07142857142857142,0.5714285714285714,0.21428571428571427,9,2.7857142857142856,11,0.2857142857142857,3.5714285714285716,low
add_chord_p2,add_chord,2,4801,770028612,"3,80,162",280,2240,14,2,1,2,1,8,3,0.07142857142857142,0.5714285714285714,0.21428571428571427,9,2.7857142857142856,11,0.2857142857142857,3.5714285714285716,low
add_chord_p2,add_chord,2,4801,770028612,"3,80,162",281,2248,14,2,1,2,1,8,3,0.07142857142857142,0.5714285714285714,0.21428571428571427,9,2.7857142857142856,11,0.2857142857142857,3.5714285714285716,low
add_chord_p2,add_chord,2,4801,770028612,"3,80,162",282,2256,14,2,1,2,2,7,3,0.14285714285714285,0.5,0.21428571428571427,9,2.7857142857142856,10,0.35714285714285715,3.4285714285714284,low
add_chord_p2,add_chord,2,4801,770028612,"3,80,162",283,2264,14,2,1,2,3,6,3,0.21428571428571427,0.42857142857142855,0.21428571428571427,9,2.7857142857142856,9,0.42857142857142855,3.4285714285714284,low
add_chord_p2,add_chord,2,4801,770028612,"3,80,162",284,2272,14,2,1,2,3,6,3,0.21428571428571427,0.42857142857142855,0.21428571428571427,9,2.7857142857142856,9,0.42857142857142855,3.4285714285714284,low
add_chord_p2,add_chord,2,4801,770028612,"3,80,162",285,2280,14,2,1,2,3,6,3,0.21428571428571427,0.42857142857142855,0.21428571428571427,9,2.7857142857142856,9,0.42857142857142855,3.4285714285714284,low
add_chord_p2,add_chord,2,4801,770028612,"3,80,162",286,2288,14,2,1,2,3,6,3,0.21428571428571427,0.42857142857142855,0.21428571428571427,9,2.7857142857142856,9,0.42857142857142855,3.4285714285714284,low
add_chord_p2,add_chord,2,4801,770028612,"3,80,162",287,2296,14,2,1,2,3,6,3,0.21428571428571427,0.42857142857142855,0.21428571428571427,9,2.7857142857142856,9,0.42857142857142855,3.4285714285714284,low
add_chord_p2,add_chord,2,4801,770028612,"3,80,162",288,2304,14,2,1,2,3,6,3,0.21428571428571427,0.42857142857142855,0.21428571428571427,9,2.7857142857142856,9,0.42857142857142855,3.4285714285714284,low
add_chord_p2,add_chord,2,4801,770028612,"3,80,162",289,2312,14,2,1,2,2,7,3,0.14285714285714285,0.5,0.21428571428571427,9,2.7142857142857144,9,0.42857142857142855,3.4285714285714284,low
add_chord_p2,add_chord,2,4801,770028612,"3,80,162",290,2320,14,2,1,2,2,7,3,0.14285714285714285,0.5,0.21428571428571427,9,2.7142857142857144,9,0.42857142857142855,3.4285714285714284,low
add_chord_p2,add_chord,2,4801,770028612,"3,80,162",291,2328,14,2,1,2,2,7,3,0.14285714285714285,0.5,0.21428571428571427,9,2.7142857142857144,9,0.42857142857142855,3.4285714285714284,low
add_chord_p2,add_chord,2,4801,770028612,"3,80,162",292,2336,14,2,1,2,2,7,3,0.14285714285714285,0.5,0.21428571428571427,9,2.7142857142857144,9,0.42857142857142855,3.4285714285714284,low
add_chord_p2,add_chord,2,4801,770028612,"3,80,162",293,2344,14,2,1,2,2,7,3,0.14285714285714285,0.5,0.21428571428571427,9,2.7142857142857144,9,0.42857142857142855,3.4285714285714284,low
add_chord_p2,add_chord,2,4801,770028612,"3,80,162",294,2352,14,2,1,2,2,7,3,0.14285714285714285,0.5,0.21428571428571427,9,2.7142857142857144,9,0.42857142857142855,3.4285714285714284,low
add_chord_p2,add_chord,2,4801,770028612,"3,80,162",295,2360,14,2,1,2,2,7,3,0.14285714285714285,0.5,0.21428571428571427,9,2.7142857142857144,9,0.42857142857142855,3.4285714285714284,low
add_chord_p2,add_chord,2,4801,770028612,"3,80,162",296,2368,15,2,1,2,3,7,3,0.2,0.4666666666666667,0.2,9,3.2666666666666666,9,0.4666666666666667,3.4,low
add_chord_p2,add_chord,2,4801,770028612,"3,80,162",297,2376,15,2,1,2,3,7,3,0.2,0.4666666666666667,0.2,9,3.2666666666666666,9,0.4666666666666667,3.4,low
add_chord_p2,add_chord,2,4801,770028612,"3,80,162",298,2384,15,2,1,2,2,8,3,0.13333333333333333,0.5333333333333333,0.2,9,3.1333333333333333,10,0.4,3.466666666666667,low
add_chord_p2,add_chord,2,4801,770028612,"3,80,162",299,2392,15,2,1,2,2,8,3,0.13333333333333333,0.5333333333333333,0.2,9,3.1333333333333333,10,0.4,3.466666666666667,low
add_chord_p2,add_chord,2,4801,770028612,"3,80,162",300,2400,15,2,1,2,2,8,3,0.13333333333333333,0.5333333333333333,0.2,9,3.1333333333333333,10,0.4,3.466666666666667,low
add_chord_p2,add_chord,2,4801,770028612,"3,80,162",301,2408,15,2,1,2,3,7,3,0.2,0.4666666666666667,0.2,9,3.2666666666666666,9,0.4666666666666667,3.4,low
add_chord_p2,add_chord,2,4801,770028612,"3,80,162",302,2416,15,2,1,2,3,7,3,0.2,0.4666666666666667,0.2,9,3.2666666666666666,9,0.4666666666666667,3.4,low
add_chord_p2,add_chord,2,4801,770028612,"3,80,162",303,2424,15,2,1,2,3,7,3,0.2,0.4666666666666667,0.2,9,3.2666666666666666,9,0.4666666666666667,3.4,low
add_chord_p2,add_chord,2,4801,770028612,"3,80,162",304,2432,15,2,1,2,3,7,3,0.2,0.4666666666666667,0.2,9,3.2666666666666666,9,0.4666666666666667,3.4,low
add_chord_p2,add_chord,2,4801,770028612,"3,80,162",305,2440,16,2,1,2,3,8,3,0.1875,0.5,0.1875,9,3.125,9,0.5,3.4375,low
add_chord_p2,add_chord,2,4801,770028612,"3,80,162",306,2448,15,2,1,2,3,7,3,0.2,0.4666666666666667,0.2,8,3.466666666666667,9,0.4666666666666667,3.4,low
add_chord_p2,add_chord,2,4801,770028612,"3,80,162",307,2456,15,2,1,2,3,7,3,0.2,0.4666666666666667,0.2,8,3.466666666666667,9,0.4666666666666667,3.4,low
add_chord_p2,add_chord,2,4801,770028612,"3,80,162",308,2464,15,2,1,2,3,7,3,0.2,0.4666666666666667,0.2,8,3.466666666666667,9,0.4666666666666667,3.4,low
add_chord_p2,add_chord,2,4801,770028612,"3,80,162",309,2472,15,2,1,2,3,7,3,0.2,0.4666666666666667,0.2,8,3.466666666666667,9,0.4666666666666667,3.4,low
add_chord_p2,add_chord,2,4801,770028612,"3,80,162",310,2480,15,2,1,2,3,7,3,0.2,0.4666666666666667,0.2,8,3.466666666666667,9,0.4666666666666667,3.4,low
add_chord_p2,add_chord,2,4801,770028612,"3,80,162",311,2488,15,2,1,2,3,7,3,0.2,0.4666666666666667,0.2,8,3.466666666666667,9,0.4666666666666667,3.4,low
add_chord_p2,add_chord,2,4801,770028612,"3,80,162",312,2496,15,2,1,2,3,7,3,0.2,0.4666666666666667,0.2,8,3.466666666666667,9,0.4666666666666667,3.4,low
add_chord_p2,add_chord,2,4801,770028612,"3,80,162",313,2504,15,2,1,2,3,7,3,0.2,0.4666666666666667,0.2,8,3.466666666666667,9,0.4666666666666667,3.4,low
add_chord_p2,add_chord,2,4801,770028612,"3,80,162",314,2512,15,2,1,2,3,7,3,0.2,0.4666666666666667,0.2,8,3.533333333333333,9,0.4666666666666667,3.3333333333333335,low
add_chord_p2,add_chord,2,4801,770028612,"3,80,162",315,2520,15,2,1,2,3,7,3,0.2,0.4666666666666667,0.2,8,3.533333333333333,9,0.4666666666666667,3.3333333333333335,low
add_chord_p2,add_chord,2,4801,770028612,"3,80,162",316,2528,15,2,1,2,3,7,3,0.2,0.4666666666666667,0.2,8,3.533333333333333,9,0.4666666666666667,3.3333333333333335,low
add_chord_p2,add_chord,2,4801,770028612,"3,80,162",317,2536,15,2,1,2,3,7,3,0.2,0.4666666666666667,0.2,8,3.533333333333333,9,0.4666666666666667,3.3333333333333335,low
add_chord_p2,add_chord,2,4801,770028612,"3,80,162",318,2544,15,2,1,2,3,7,3,0.2,0.4666666666666667,0.2,8,3.533333333333333,9,0.4666666666666667,3.3333333333333335,low
add_chord_p2,add_chord,2,4801,770028612,"3,80,162",319,2552,15,2,1,2,3,7,3,0.2,0.4666666666666667,0.2,8,3.533333333333333,9,0.4666666666666667,3.3333333333333335,low
add_chord_p2,add_chord,2,4801,770028612,"3,80,162",320,2560,16,2,2,2,3,7,4,0.1875,0.4375,0.25,9,2.875,8,0.5,3.1875,low
add_chord_p2,add_chord,2,4861,770028672,"3,80,162",0,0,2,2,0,0,0,0,2,0.0,0.0,1.0,0,5.5,2,0.5,0.0,low
add_chord_p2,add_chord,2,4861,770028672,"3,80,162",1,8,2,2,0,0,0,0,2,0.0,0.0,1.0,0,5.5,2,0.5,0.0,low
add_chord_p2,add_chord,2,4861,770028672,"3,80,162",2,16,2,2,0,0,0,0,2,0.0,0.0,1.0,0,5.5,2,0.5,0.0,low
add_chord_p2,add_chord,2,4861,770028672,"3,80,162",3,24,2,2,0,0,0,0,2,0.0,0.0,1.0,0,5.5,2,0.5,0.0,low
add_chord_p2,add_chord,2,4861,770028672,"3,80,162",4,32,2,2,0,0,0,0,2,0.0,0.0,1.0,0,5.5,2,0.5,0.0,low
add_chord_p2,add_chord,2,4861,770028672,"3,80,162",5,40,2,2,0,0,0,0,2,0.0,0.0,1.0,0,5.5,2,0.5,0.0,low
add_chord_p2,add_chord,2,4861,770028672,"3,80,162",6,48,2,2,0,0,0,0,2,0.0,0.0,1.0,0,5.5,2,0.5,0.0,low
add_chord_p2,add_chord,2,4861,770028672,"3,80,162",7,56,2,2,0,0,0,0,2,0.0,0.0,1.0,0,5.5,2,0.5,0.0,low
add_chord_p2,add_chord,2,4861,770028672,"3,80,162",8,64,2,2,0,0,0,0,2,0.0,0.0,1.0,0,5.5,2,0.5,0.0,low
add_chord_p2,add_chord,2,4861,770028672,"3,80,162",9,72,2,2,0,0,0,0,2,0.0,0.0,1.0,0,5.5,2,0.5,0.0,low
add_chord_p2,add_chord,2,4861,770028672,"3,80,162",10,80,2,2,0,0,0,0,2,0.0,0.0,1.0,0,5.5,2,0.5,0.0,low
add_chord_p2,add_chord,2,4861,770028672,"3,80,162",11,88,2,2,0,0,0,0,2,0.0,0.0,1.0,0,5.5,2,0.5,0.0,low
add_chord_p2,add_chord,2,4861,770028672,"3,80,162",12,96,2,2,0,0,0,0,2,0.0,0.0,1.0,0,5.5,2,0.5,0.0,low
add_chord_p2,add_chord,2,4861,770028672,"3,80,162",13,104,2,2,0,0,0,0,2,0.0,0.0,1.0,0,5.5,2,0.5,0.0,low
add_chord_p2,add_chord,2,4861,770028672,"3,80,162",14,112,2,2,0,0,0,0,2,0.0,0.0,1.0,0,5.5,2,0.5,0.0,low
add_chord_p2,add_chord,2,4861,770028672,"3,80,162",15,120,2,2,0,0,0,0,2,0.0,0.0,1.0,0,5.5,2,0.5,0.0,low
add_chord_p2,add_chord,2,4861,770028672,"3,80,162",16,128,2,2,0,0,0,0,2,0.0,0.0,1.0,0,5.5,2,0.5,0.0,low
add_chord_p2,add_chord,2,4861,770028672,"3,80,162",17,136,2,2,0,0,0,0,2,0.0,0.0,1.0,0,5.5,2,0.5,0.0,low
add_chord_p2,add_chord,2,4861,770028672,"3,80,162",18,144,2,2,0,0,0,0,2,0.0,0.0,1.0,0,5.5,2,0.5,0.0,low
add_chord_p2,add_chord,2,4861,770028672,"3,80,162",19,152,2,2,0,0,0,0,2,0.0,0.0,1.0,0,5.5,2,0.5,0.0,low
add_chord_p2,add_chord,2,4861,770028672,"3,80,162",20,160,2,2,0,0,0,0,2,0.0,0.0,1.0,0,5.5,2,0.5,0.0,low
add_chord_p2,add_chord,2,4861,770028672,"3,80,162",21,168,2,2,0,0,0,0,2,0.0,0.0,1.0,0,5.5,2,0.5,0.0,low
add_chord_p2,add_chord,2,4861,770028672,"3,80,162",22,176,2,2,0,0,0,0,2,0.0,0.0,1.0,0,5.5,2,0.5,0.0,low
add_chord_p2,add_chord,2,4861,770028672,"3,80,162",23,184,2,2,0,0,0,0,2,0.0,0.0,1.0,0,5.5,2,0.5,0.0,low
add_chord_p2,add_chord,2,4861,770028672,"3,80,162",24,192,2,2,0,0,0,0,2,0.0,0.0,1.0,0,5.5,2,0.5,0.0,low
add_chord_p2,add_chord,2,4861,770028672,"3,80,162",25,200,2,2,0,0,0,0,2,0.0,0.0,1.0,0,5.5,2,0.5,0.0,low
add_chord_p2,add_chord,2,4861,770028672,"3,80,162",26,208,2,2,0,0,0,0,2,0.0,0.0,1.0,0,5.5,2,0.5,0.0,low
add_chord_p2,add_chord,2,4861,770028672,"3,80,162",27,216,2,2,0,0,0,0,2,0.0,0.0,1.0,0,5.5,2,0.5,0.0,low
add_chord_p2,add_chord,2,4861,770028672,"3,80,162",28,224,2,2,0,0,0,0,2,0.0,0.0,1.0,0,5.5,2,0.5,0.0,low
add_chord_p2,add_chord,2,4861,770028672,"3,80,162",29,232,2,2,0,0,0,0,2,0.0,0.0,1.0,0,5.5,2,0.5,0.0,low
add_chord_p2,add_chord,2,4861,770028672,"3,80,162",30,240,2,2,0,0,0,0,2,0.0,0.0,1.0,0,5.5,2,0.5,0.0,low
add_chord_p2,add_chord,2,4861,770028672,"3,80,162",31,248,2,2,0,0,0,0,2,0.0,0.0,1.0,0,5.5,2,0.5,0.0,low
add_chord_p2,add_chord,2,4861,770028672,"3,80,162",32,256,2,2,0,0,0,0,2,0.0,0.0,1.0,0,5.5,2,0.5,0.0,low
add_chord_p2,add_chord,2,4861,770028672,"3,80,162",33,264,2,2,0,0,0,0,2,0.0,0.0,1.0,0,5.5,2,0.5,0.0,low
add_chord_p2,add_chord,2,4861,770028672,"3,80,162",34,272,2,2,0,0,0,0,2,0.0,0.0,1.0,0,5.5,2,0.5,0.0,low
add_chord_p2,add_chord,2,4861,770028672,"3,80,162",35,280,2,2,0,0,0,0,2,0.0,0.0,1.0,0,5.5,2,0.5,0.0,low
add_chord_p2,add_chord,2,4861,770028672,"3,80,162",36,288,2,2,0,0,0,0,2,0.0,0.0,1.0,0,5.5,2,0.5,0.0,low
add_chord_p2,add_chord,2,4861,770028672,"3,80,162",37,296,2,2,0,0,0,0,2,0.0,0.0,1.0,0,5.5,2,0.5,0.0,low
add_chord_p2,add_chord,2,4861,770028672,"3,80,162",38,304,2,2,0,0,0,0,2,0.0,0.0,1.0,0,5.5,2,0.5,0.0,low
add_chord_p2,add_chord,2,4861,770028672,"3,80,162",39,312,2,2,0,0,0,0,2,0.0,0.0,1.0,0,5.5,2,0.5,0.0,low
add_chord_p2,add_chord,2,4861,770028672,"3,80,162",40,320,2,2,0,0,0,0,2,0.0,0.0,1.0,0,5.5,2,0.5,0.0,low
add_chord_p2,add_chord,2,4861,770028672,"3,80,162",41,328,2,2,0,0,0,0,2,0.0,0.0,1.0,0,5.5,2,0.5,0.0,low
add_chord_p2,add_chord,2,4861,770028672,"3,80,162",42,336,2,2,0,0,0,0,2,0.0,0.0,1.0,0,5.5,2,0.5,0.0,low
add_chord_p2,add_chord,2,4861,770028672,"3,80,162",43,344,2,2,0,0,0,0,2,0.0,0.0,1.0,0,5.5,2,0.5,0.0,low
add_chord_p2,add_chord,2,4861,770028672,"3,80,162",44,352,2,2,0,0,0,0,2,0.0,0.0,1.0,0,5.5,2,0.5,0.0,low
add_chord_p2,add_chord,2,4861,770028672,"3,80,162",45,360,2,2,0,0,0,0,2,0.0,0.0,1.0,0,5.5,2,0.5,0.0,low
add_chord_p2,add_chord,2,4861,770028672,"3,80,162",46,368,2,2,0,0,0,0,2,0.0,0.0,1.0,0,5.5,2,0.5,0.0,low
add_chord_p2,add_chord,2,4861,770028672,"3,80,162",47,376,2,2,0,0,0,0,2,0.0,0.0,1.0,0,5.5,2,0.5,0.0,low
add_chord_p2,add_chord,2,4861,770028672,"3,80,162",48,384,2,2,0,0,0,0,2,0.0,0.0,1.0,0,5.5,2,0.5,0.0,low
add_chord_p2,add_chord,2,4861,770028672,"3,80,162",49,392,2,2,0,0,0,0,2,0.0,0.0,1.0,0,5.5,2,0.5,0.0,low
add_chord_p2,add_chord,2,4861,770028672,"3,80,162",50,400,2,2,0,0,0,0,2,0.0,0.0,1.0,0,5.5,2,0.5,0.0,low
add_chord_p2,add_chord,2,4861,770028672,"3,80,162",51,408,2,2,0,0,0,0,2,0.0,0.0,1.0,0,5.5,2,0.5,0.0,low
add_chord_p2,add_chord,2,4861,770028672,"3,80,162",52,416,2,2,0,0,0,0,2,0.0,0.0,1.0,0,5.5,2,0.5,0.0,low
add_chord_p2,add_chord,2,4861,770028672,"3,80,162",53,424,2,2,0,0,0,0,2,0.0,0.0,1.0,0,5.5,2,0.5,0.0,low
add_chord_p2,add_chord,2,4861,770028672,"3,80,162",54,432,2,2,0,0,0,0,2,0.0,0.0,1.0,0,5.5,2,0.5,0.0,low
add_chord_p2,add_chord,2,4861,770028672,"3,80,162",55,440,2,2,0,0,0,0,2,0.0,0.0,1.0,0,5.5,2,0.5,0.0,low
add_chord_p2,add_chord,2,4861,770028672,"3,80,162",56,448,2,2,0,0,0,0,2,0.0,0.0,1.0,0,5.5,2,0.5,0.0,low
add_chord_p2,add_chord,2,4861,770028672,"3,80,162",57,456,2,2,0,0,0,0,2,0.0,0.0,1.0,0,5.5,2,0.5,0.0,low
add_chord_p2,add_chord,2,4861,770028672,"3,80,162",58,464,2,2,0,0,0,0,2,0.0,0.0,1.0,0,5.5,2,0.5,0.0,low
add_chord_p2,add_chord,2,4861,770028672,"3,80,162",59,472,2,2,0,0,0,0,2,0.0,0.0,1.0,0,5.5,2,0.5,0.0,low
add_chord_p2,add_chord,2,4861,770028672,"3,80,162",60,480,2,2,0,0,0,0,2,0.0,0.0,1.0,0,5.5,2,0.5,0.0,low
add_chord_p2,add_chord,2,4861,770028672,"3,80,162",61,488,2,2,0,0,0,0,2,0.0,0.0,1.0,0,5.5,2,0.5,0.0,low
add_chord_p2,add_chord,2,4861,770028672,"3,80,162",62,496,2,2,0,0,0,0,2,0.0,0.0,1.0,0,5.5,2,0.5,0.0,low
add_chord_p2,add_chord,2,4861,770028672,"3,80,162",63,504,2,2,0,0,0,0,2,0.0,0.0,1.0,0,5.5,2,0.5,0.0,low
add_chord_p2,add_chord,2,4861,770028672,"3,80,162",64,512,2,2,0,0,0,0,2,0.0,0.0,1.0,0,5.5,2,0.5,0.0,low
add_chord_p2,add_chord,2,4861,770028672,"3,80,162",65,520,2,2,0,0,0,0,2,0.0,0.0,1.0,0,5.5,2,0.5,0.0,low
add_chord_p2,add_chord,2,4861,770028672,"3,80,162",66,528,2,2,0,0,0,0,2,0.0,0.0,1.0,0,5.5,2,0.5,0.0,low
add_chord_p2,add_chord,2,4861,770028672,"3,80,162",67,536,2,2,0,0,0,0,2,0.0,0.0,1.0,0,5.5,2,0.5,0.0,low
add_chord_p2,add_chord,2,4861,770028672,"3,80,162",68,544,2,2,0,0,0,0,2,0.0,0.0,1.0,0,5.5,2,0.5,0.0,low
add_chord_p2,add_chord,2,4861,770028672,"3,80,162",69,552,2,2,0,0,0,0,2,0.0,0.0,1.0,0,5.5,2,0.5,0.0,low
add_chord_p2,add_chord,2,4861,770028672,"3,80,162",70,560,2,2,0,0,0,0,2,0.0,0.0,1.0,0,5.5,2,0.5,0.0,low
add_chord_p2,add_chord,2,4861,770028672,"3,80,162",71,568,2,2,0,0,0,0,2,0.0,0.0,1.0,0,5.5,2,0.5,0.0,low
add_chord_p2,add_chord,2,4861,770028672,"3,80,162",72,576,2,2,0,0,0,0,2,0.0,0.0,1.0,0,5.5,2,0.5,0.0,low
add_chord_p2,add_chord,2,4861,770028672,"3,80,162",73,584,2,2,0,0,0,0,2,0.0,0.0,1.0,0,5.5,2,0.5,0.0,low
add_chord_p2,add_chord,2,4861,770028672,"3,80,162",74,592,2,2,0,0,0,0,2,0.0,0.0,1.0,0,5.5,2,0.5,0.0,low
add_chord_p2,add_chord,2,4861,770028672,"3,80,162",75,600,2,2,0,0,0,0,2,0.0,0.0,1.0,0,5.5,2,0.5,0.0,low
add_chord_p2,add_chord,2,4861,770028672,"3,80,162",76,608,2,2,0,0,0,0,2,0.0,0.0,1.0,0,5.5,2,0.5,0.0,low
add_chord_p2,add_chord,2,4861,770028672,"3,80,162",77,616,2,2,0,0,0,0,2,0.0,0.0,1.0,0,5.5,2,0.5,0.0,low
add_chord_p2,add_chord,2,4861,770028672,"3,80,162",78,624,2,2,0,0,0,0,2,0.0,0.0,1.0,0,5.5,2,0.5,0.0,low
add_chord_p2,add_chord,2,4861,770028672,"3,80,162",79,632,2,2,0,0,0,0,2,0.0,0.0,1.0,0,5.5,2,0.5,0.0,low
add_chord_p2,add_chord,2,4861,770028672,"3,80,162",80,640,2,2,0,0,0,0,2,0.0,0.0,1.0,0,5.5,2,0.5,0.0,low
add_chord_p2,add_chord,2,4861,770028672,"3,80,162",81,648,2,2,0,0,0,0,2,0.0,0.0,1.0,0,5.5,2,0.5,0.0,low
add_chord_p2,add_chord,2,4861,770028672,"3,80,162",82,656,2,2,0,0,0,0,2,0.0,0.0,1.0,0,5.5,2,0.5,0.0,low
add_chord_p2,add_chord,2,4861,770028672,"3,80,162",83,664,2,2,0,0,0,0,2,0.0,0.0,1.0,0,5.5,2,0.5,0.0,low
add_chord_p2,add_chord,2,4861,770028672,"3,80,162",84,672,2,2,0,0,0,0,2,0.0,0.0,1.0,0,5.5,2,0.5,0.0,low
add_chord_p2,add_chord,2,4861,770028672,"3,80,162",85,680,2,2,0,0,0,0,2,0.0,0.0,1.0,0,5.5,2,0.5,0.0,low
add_chord_p2,add_chord,2,4861,770028672,"3,80,162",86,688,2,2,0,0,0,0,2,0.0,0.0,1.0,0,5.5,2,0.5,0.0,low
add_chord_p2,add_chord,2,4861,770028672,"3,80,162",87,696,2,2,0,0,0,0,2,0.0,0.0,1.0,0,5.5,2,0.5,0.0,low
add_chord_p2,add_chord,2,4861,770028672,"3,80,162",88,704,2,2,0,0,0,0,2,0.0,0.0,1.0,0,5.5,2,0.5,0.0,low
add_chord_p2,add_chord,2,4861,770028672,"3,80,162",89,712,2,2,0,0,0,0,2,0.0,0.0,1.0,0,5.5,2,0.5,0.0,low
add_chord_p2,add_chord,2,4861,770028672,"3,80,162",90,720,2,2,0,0,0,0,2,0.0,0.0,1.0,0,5.5,2,0.5,0.0,low
add_chord_p2,add_chord,2,4861,770028672,"3,80,162",91,728,2,2,0,0,0,0,2,0.0,0.0,1.0,0,5.5,2,0.5,0.0,low
add_chord_p2,add_chord,2,4861,770028672,"3,80,162",92,736,2,2,0,0,0,0,2,0.0,0.0,1.0,0,5.5,2,0.5,0.0,low
add_chord_p2,add_chord,2,4861,770028672,"3,80,162",93,744,2,2,0,0,0,0,2,0.0,0.0,1.0,0,5.5,2,0.5,0.0,low
add_chord_p2,add_chord,2,4861,770028672,"3,80,162",94,752,2,2,0,0,0,0,2,0.0,0.0,1.0,0,5.5,2,0.5,0.0,low
add_chord_p2,add_chord,2,4861,770028672,"3,80,162",95,760,2,2,0,0,0,0,2,0.0,0.0,1.0,0,5.5,2,0.5,0.0,low
add_chord_p2,add_chord,2,4861,770028672,"3,80,162",96,768,2,2,0,0,0,0,2,0.0,0.0,1.0,0,5.5,2,0.5,0.0,low
add_chord_p2,add_chord,2,4861,770028672,"3,80,162",97,776,2,2,0,0,0,0,2,0.0,0.0,1.0,0,5.5,2,0.5,0.0,low
add_chord_p2,add_chord,2,4861,770028672,"3,80,162",98,784,2,2,0,0,0,0,2,0.0,0.0,1.0,0,5.5,2,0.5,0.0,low
add_chord_p2,add_chord,2,4861,770028672,"3,80,162",99,792,2,2,0,0,0,0,2,0.0,0.0,1.0,0,5.5,2,0.5,0.0,low
add_chord_p2,add_chord,2,4861,770028672,"3,80,162",100,800,2,2,0,0,0,0,2,0.0,0.0,1.0,0,5.5,2,0.5,0.0,low
add_chord_p2,add_chord,2,4861,770028672,"3,80,162",101,808,2,2,0,0,0,0,2,0.0,0.0,1.0,0,5.5,2,0.5,0.0,low
add_chord_p2,add_chord,2,4861,770028672,"3,80,162",102,816,2,2,0,0,0,0,2,0.0,0.0,1.0,0,5.5,2,0.5,0.0,low
add_chord_p2,add_chord,2,4861,770028672,"3,80,162",103,824,2,2,0,0,0,0,2,0.0,0.0,1.0,0,5.5,2,0.5,0.0,low
add_chord_p2,add_chord,2,4861,770028672,"3,80,162",104,832,2,2,0,0,0,0,2,0.0,0.0,1.0,0,5.5,2,0.5,0.0,low
add_chord_p2,add_chord,2,4861,770028672,"3,80,162",105,840,2,2,0,0,0,0,2,0.0,0.0,1.0,0,5.5,2,0.5,0.0,low
add_chord_p2,add_chord,2,4861,770028672,"3,80,162",106,848,2,2,0,0,0,0,2,0.0,0.0,1.0,0,5.5,2,0.5,0.0,low
add_chord_p2,add_chord,2,4861,770028672,"3,80,162",107,856,2,2,0,0,0,0,2,0.0,0.0,1.0,0,5.5,2,0.5,0.0,low
add_chord_p2,add_chord,2,4861,770028672,"3,80,162",108,864,2,2,0,0,0,0,2,0.0,0.0,1.0,0,5.5,2,0.5,0.0,low
add_chord_p2,add_chord,2,4861,770028672,"3,80,162",109,872,2,2,0,0,0,0,2,0.0,0.0,1.0,0,5.5,2,0.5,0.0,low
add_chord_p2,add_chord,2,4861,770028672,"3,80,162",110,880,2,2,0,0,0,0,2,0.0,0.0,1.0,0,5.5,2,0.5,0.0,low
add_chord_p2,add_chord,2,4861,770028672,"3,80,162",111,888,2,2,0,0,0,0,2,0.0,0.0,1.0,0,5.5,2,0.5,0.0,low
add_chord_p2,add_chord,2,4861,770028672,"3,80,162",112,896,2,2,0,0,0,0,2,0.0,0.0,1.0,0,5.5,2,0.5,0.0,low
add_chord_p2,add_chord,2,4861,770028672,"3,80,162",113,904,2,2,0,0,0,0,2,0.0,0.0,1.0,0,5.5,2,0.5,0.0,low
add_chord_p2,add_chord,2,4861,770028672,"3,80,162",114,912,2,2,0,0,0,0,2,0.0,0.0,1.0,0,5.5,2,0.5,0.0,low
add_chord_p2,add_chord,2,4861,770028672,"3,80,162",115,920,2,2,0,0,0,0,2,0.0,0.0,1.0,0,5.5,2,0.5,0.0,low
add_chord_p2,add_chord,2,4861,770028672,"3,80,162",116,928,2,2,0,0,0,0,2,0.0,0.0,1.0,0,5.5,2,0.5,0.0,low
add_chord_p2,add_chord,2,4861,770028672,"3,80,162",117,936,2,2,0,0,0,0,2,0.0,0.0,1.0,0,5.5,2,0.5,0.0,low
add_chord_p2,add_chord,2,4861,770028672,"3,80,162",118,944,2,2,0,0,0,0,2,0.0,0.0,1.0,0,5.5,2,0.5,0.0,low
add_chord_p2,add_chord,2,4861,770028672,"3,80,162",119,952,3,2,1,0,0,0,3,0.0,0.0,1.0,1,3.6666666666666665,2,0.6666666666666666,0.3333333333333333,low
add_chord_p2,add_chord,2,4861,770028672,"3,80,162",120,960,3,2,1,0,0,0,3,0.0,0.0,1.0,1,3.6666666666666665,2,0.6666666666666666,0.3333333333333333,low
add_chord_p2,add_chord,2,4861,770028672,"3,80,162",121,968,3,2,1,0,0,0,3,0.0,0.0,1.0,1,3.6666666666666665,2,0.6666666666666666,0.3333333333333333,low
add_chord_p2,add_chord,2,4861,770028672,"3,80,162",122,976,3,2,1,0,0,0,3,0.0,0.0,1.0,1,3.6666666666666665,2,0.6666666666666666,0.3333333333333333,low
add_chord_p2,add_chord,2,4861,770028672,"3,80,162",123,984,3,2,1,0,0,0,3,0.0,0.0,1.0,1,3.6666666666666665,2,0.6666666666666666,0.3333333333333333,low
add_chord_p2,add_chord,2,4861,770028672,"3,80,162",124,992,3,2,1,0,0,0,3,0.0,0.0,1.0,1,3.6666666666666665,2,0.6666666666666666,0.3333333333333333,low
add_chord_p2,add_chord,2,4861,770028672,"3,80,162",125,1000,3,2,1,0,0,0,3,0.0,0.0,1.0,1,3.6666666666666665,2,0.6666666666666666,0.3333333333333333,low
add_chord_p2,add_chord,2,4861,770028672,"3,80,162",126,1008,3,2,1,0,0,0,3,0.0,0.0,1.0,1,3.6666666666666665,2,0.6666666666666666,0.3333333333333333,low
add_chord_p2,add_chord,2,4861,770028672,"3,80,162",127,1016,3,2,1,0,0,0,3,0.0,0.0,1.0,1,3.6666666666666665,2,0.6666666666666666,0.3333333333333333,low
add_chord_p2,add_chord,2,4861,770028672,"3,80,162",128,1024,2,2,0,0,0,0,2,0.0,0.0,1.0,0,5.5,2,0.5,0.0,low
add_chord_p2,add_chord,2,4861,770028672,"3,80,162",129,1032,2,2,0,0,0,0,2,0.0,0.0,1.0,0,5.5,2,0.5,0.0,low
add_chord_p2,add_chord,2,4861,770028672,"3,80,162",130,1040,2,2,0,0,0,0,2,0.0,0.0,1.0,0,5.5,2,0.5,0.0,low
add_chord_p2,add_chord,2,4861,770028672,"3,80,162",131,1048,2,2,0,0,0,0,2,0.0,0.0,1.0,0,5.5,2,0.5,0.0,low
add_chord_p2,add_chord,2,4861,770028672,"3,80,162",132,1056,2,2,0,0,0,0,2,0.0,0.0,1.0,0,5.5,2,0.5,0.0,low
add_chord_p2,add_chord,2,4861,770028672,"3,80,162",133,1064,2,2,0,0,0,0,2,0.0,0.0,1.0,0,5.5,2,0.5,0.0,low
add_chord_p2,add_chord,2,4861,770028672,"3,80,162",134,1072,2,2,0,0,0,0,2,0.0,0.0,1.0,0,5.5,2,0.5,0.0,low
add_chord_p2,add_chord,2,4861,770028672,"3,80,162",135,1080,2,2,0,0,0,0,2,0.0,0.0,1.0,0,5.5,2,0.5,0.0,low
add_chord_p2,add_chord,2,4861,770028672,"3,80,162",136,1088,2,2,0,0,0,0,2,0.0,0.0,1.0,0,5.5,2,0.5,0.0,low
add_chord_p2,add_chord,2,4861,770028672,"3,80,162",137,1096,2,2,0,0,0,0,2,0.0,0.0,1.0,0,5.5,2,0.5,0.0,low
add_chord_p2,add_chord,2,4861,770028672,"3,80,162",138,1104,2,2,0,0,0,0,2,0.0,0.0,1.0,0,5.5,2,0.5,0.0,low
add_chord_p2,add_chord,2,4861,770028672,"3,80,162",139,1112,2,2,0,0,0,0,2,0.0,0.0,1.0,0,5.5,2,0.5,0.0,low
add_chord_p2,add_chord,2,4861,770028672,"3,80,162",140,1120,2,2,0,0,0,0,2,0.0,0.0,1.0,0,5.5,2,0.5,0.0,low
add_chord_p2,add_chord,2,4861,770028672,"3,80,162",141,1128,2,2,0,0,0,0,2,0.0,0.0,1.0,0,5.5,2,0.5,0.0,low
add_chord_p2,add_chord,2,4861,770028672,"3,80,162",142,1136,2,2,0,0,0,0,2,0.0,0.0,1.0,0,5.5,2,0.5,0.0,low
add_chord_p2,add_chord,2,4861,770028672,"3,80,162",143,1144,2,2,0,0,0,0,2,0.0,0.0,1.0,0,5.5,2,0.5,0.0,low
add_chord_p2,add_chord,2,4861,770028672,"3,80,162",144,1152,2,2,0,0,0,0,2,0.0,0.0,1.0,0,5.5,2,0.5,0.0,low
add_chord_p2,add_chord,2,4861,770028672,"3,80,162",145,1160,2,2,0,0,0,0,2,0.0,0.0,1.0,0,5.5,2,0.5,0.0,low
add_chord_p2,add_chord,2,4861,770028672,"3,80,162",146,1168,2,2,0,0,0,0,2,0.0,0.0,1.0,0,5.5,2,0.5,0.0,low
add_chord_p2,add_chord,2,4861,770028672,"3,80,162",147,1176,2,2,0,0,0,0,2,0.0,0.0,1.0,0,5.5,2,0.5,0.0,low
add_chord_p2,add_chord,2,4861,770028672,"3,80,162",148,1184,2,2,0,0,0,0,2,0.0,0.0,1.0,0,5.5,2,0.5,0.0,low
add_chord_p2,add_chord,2,4861,770028672,"3,80,162",149,1192,2,2,0,0,0,0,2,0.0,0.0,1.0,0,5.5,2,0.5,0.0,low
add_chord_p2,add_chord,2,4861,770028672,"3,80,162",150,1200,2,2,0,0,0,0,2,0.0,0.0,1.0,0,5.5,2,0.5,0.0,low
add_chord_p2,add_chord,2,4861,770028672,"3,80,162",151,1208,2,2,0,0,0,0,2,0.0,0.0,1.0,0,5.5,2,0.5,0.0,low
add_chord_p2,add_chord,2,4861,770028672,"3,80,162",152,1216,2,2,0,0,0,0,2,0.0,0.0,1.0,0,5.5,2,0.5,0.0,low
add_chord_p2,add_chord,2,4861,770028672,"3,80,162",153,1224,2,2,0,0,0,0,2,0.0,0.0,1.0,0,5.5,2,0.5,0.0,low
add_chord_p2,add_chord,2,4861,770028672,"3,80,162",154,1232,2,2,0,0,0,0,2,0.0,0.0,1.0,0,5.5,2,0.5,0.0,low
add_chord_p2,add_chord,2,4861,770028672,"3,80,162",155,1240,2,2,0,0,0,0,2,0.0,0.0,1.0,0,5.5,2,0.5,0.0,low
add_chord_p2,add_chord,2,4861,770028672,"3,80,162",156,1248,2,2,0,0,0,0,2,0.0,0.0,1.0,0,5.5,2,0.5,0.0,low
add_chord_p2,add_chord,2,4861,770028672,"3,80,162",157,1256,2,2,0,0,0,0,2,0.0,0.0,1.0,0,5.5,2,0.5,0.0,low
add_chord_p2,add_chord,2,4861,770028672,"3,80,162",158,1264,2,2,0,0,0,0,2,0.0,0.0,1.0,0,5.5,2,0.5,0.0,low
add_chord_p2,add_chord,2,4861,770028672,"3,80,162",159,1272,2,2,0,0,0,0,2,0.0,0.0,1.0,0,5.5,2,0.5,0.0,low
add_chord_p2,add_chord,2,4861,770028672,"3,80,162",160,1280,2,2,0,0,0,0,2,0.0,0.0,1.0,0,5.5,2,0.5,0.0,low
add_chord_p2,add_chord,2,4861,770028672,"3,80,162",161,1288,2,2,0,0,0,0,2,0.0,0.0,1.0,0,5.5,2,0.5,0.0,low
add_chord_p2,add_chord,2,4861,770028672,"3,80,162",162,1296,2,2,0,0,0,0,2,0.0,0.0,1.0,0,5.5,2,0.5,0.0,low
add_chord_p2,add_chord,2,4861,770028672,"3,80,162",163,1304,2,2,0,0,0,0,2,0.0,0.0,1.0,0,5.5,2,0.5,0.0,low
add_chord_p2,add_chord,2,4861,770028672,"3,80,162",164,1312,2,2,0,0,0,0,2,0.0,0.0,1.0,0,5.5,2,0.5,0.0,low
add_chord_p2,add_chord,2,4861,770028672,"3,80,162",165,1320,2,2,0,0,0,0,2,0.0,0.0,1.0,0,5.5,2,0.5,0.0,low
add_chord_p2,add_chord,2,4861,770028672,"3,80,162",166,1328,2,2,0,0,0,0,2,0.0,0.0,1.0,0,5.5,2,0.5,0.0,low
add_chord_p2,add_chord,2,4861,770028672,"3,80,162",167,1336,2,2,0,0,0,0,2,0.0,0.0,1.0,0,5.5,2,0.5,0.0,low
add_chord_p2,add_chord,2,4861,770028672,"3,80,162",168,1344,2,2,0,0,0,0,2,0.0,0.0,1.0,0,5.5,2,0.5,0.0,low
add_chord_p2,add_chord,2,4861,770028672,"3,80,162",169,1352,2,2,0,0,0,0,2,0.0,0.0,1.0,0,5.5,2,0.5,0.0,low
add_chord_p2,add_chord,2,4861,770028672,"3,80,162",170,1360,2,2,0,0,0,0,2,0.0,0.0,1.0,0,5.5,2,0.5,0.0,low
add_chord_p2,add_chord,2,4861,770028672,"3,80,162",171,1368,2,2,0,0,0,0,2,0.0,0.0,1.0,0,5.5,2,0.5,0.0,low
add_chord_p2,add_chord,2,4861,770028672,"3,80,162",172,1376,2,2,0,0,0,0,2,0.0,0.0,1.0,0,5.5,2,0.5,0.0,low
add_chord_p2,add_chord,2,4861,770028672,"3,80,162",173,1384,2,2,0,0,0,0,2,0.0,0.0,1.0,0,5.5,2,0.5,0.0,low
add_chord_p2,add_chord,2,4861,770028672,"3,80,162",174,1392,2,2,0,0,0,0,2,0.0,0.0,1.0,0,5.5,2,0.5,0.0,low
add_chord_p2,add_chord,2,4861,770028672,"3,80,162",175,1400,2,2,0,0,0,0,2,0.0,0.0,1.0,0,5.5,2,0.5,0.0,low
add_chord_p2,add_chord,2,4861,770028672,"3,80,162",176,1408,2,2,0,0,0,0,2,0.0,0.0,1.0,0,5.5,2,0.5,0.0,low
add_chord_p2,add_chord,2,4861,770028672,"3,80,162",177,1416,2,2,0,0,0,0,2,0.0,0.0,1.0,0,5.5,2,0.5,0.0,low
add_chord_p2,add_chord,2,4861,770028672,"3,80,162",178,1424,2,2,0,0,0,0,2,0.0,0.0,1.0,0,5.5,2,0.5,0.0,low
add_chord_p2,add_chord,2,4861,770028672,"3,80,162",179,1432,2,2,0,0,0,0,2,0.0,0.0,1.0,0,5.5,2,0.5,0.0,low
add_chord_p2,add_chord,2,4861,770028672,"3,80,162",180,1440,2,2,0,0,0,0,2,0.0,0.0,1.0,0,5.5,2,0.5,0.0,low
add_chord_p2,add_chord,2,4861,770028672,"3,80,162",181,1448,2,2,0,0,0,0,2,0.0,0.0,1.0,0,5.5,2,0.5,0.0,low
add_chord_p2,add_chord,2,4861,770028672,"3,80,162",182,1456,2,2,0,0,0,0,2,0.0,0.0,1.0,0,5.5,2,0.5,0.0,low
add_chord_p2,add_chord,2,4861,770028672,"3,80,162",183,1464,2,2,0,0,0,0,2,0.0,0.0,1.0,0,5.5,2,0.5,0.0,low
add_chord_p2,add_chord,2,4861,770028672,"3,80,162",184,1472,2,2,0,0,0,0,2,0.0,0.0,1.0,0,5.5,2,0.5,0.0,low
add_chord_p2,add_chord,2,4861,770028672,"3,80,162",185,1480,2,2,0,0,0,0,2,0.0,0.0,1.0,0,5.5,2,0.5,0.0,low
add_chord_p2,add_chord,2,4861,770028672,"3,80,162",186,1488,2,2,0,0,0,0,2,0.0,0.0,1.0,0,5.5,2,0.5,0.0,low
add_chord_p2,add_chord,2,4861,770028672,"3,80,162",187,1496,2,2,0,0,0,0,2,0.0,0.0,1.0,0,5.5,2,0.5,0.0,low
add_chord_p2,add_chord,2,4861,770028672,"3,80,162",188,1504,2,2,0,0,0,0,2,0.0,0.0,1.0,0,5.5,2,0.5,0.0,low
add_chord_p2,add_chord,2,4861,770028672,"3,80,162",189,1512,2,2,0,0,0,0,2,0.0,0.0,1.0,0,5.5,2,0.5,0.0,low
add_chord_p2,add_chord,2,4861,770028672,"3,80,162",190,1520,2,2,0,0,0,0,2,0.0,0.0,1.0,0,5.5,2,0.5,0.0,low
add_chord_p2,add_chord,2,4861,770028672,"3,80,162",191,1528,2,2,0,0,0,0,2,0.0,0.0,1.0,0,5.5,2,0.5,0.0,low
add_chord_p2,add_chord,2,4861,770028672,"3,80,162",192,1536,2,2,0,0,0,0,2,0.0,0.0,1.0,0,5.5,2,0.5,0.0,low
add_chord_p2,add_chord,2,4861,770028672,"3,80,162",193,1544,2,2,0,0,0,0,2,0.0,0.0,1.0,0,5.5,2,0.5,0.0,low
add_chord_p2,add_chord,2,4861,770028672,"3,80,162",194,1552,2,2,0,0,0,0,2,0.0,0.0,1.0,0,5.5,2,0.5,0.0,low
add_chord_p2,add_chord,2,4861,770028672,"3,80,162",195,1560,2,2,0,0,0,0,2,0.0,0.0,1.0,0,5.5,2,0.5,0.0,low
add_chord_p2,add_chord,2,4861,770028672,"3,80,162",196,1568,2,2,0,0,0,0,2,0.0,0.0,1.0,0,5.5,2,0.5,0.0,low
add_chord_p2,add_chord,2,4861,770028672,"3,80,162",197,1576,2,2,0,0,0,0,2,0.0,0.0,1.0,0,5.5,2,0.5,0.0,low
add_chord_p2,add_chord,2,4861,770028672,"3,80,162",198,1584,2,2,0,0,0,0,2,0.0,0.0,1.0,0,5.5,2,0.5,0.0,low
add_chord_p2,add_chord,2,4861,770028672,"3,80,162",199,1592,2,2,0,0,0,0,2,0.0,0.0,1.0,0,5.5,2,0.5,0.0,low
add_chord_p2,add_chord,2,4861,770028672,"3,80,162",200,1600,2,2,0,0,0,0,2,0.0,0.0,1.0,0,5.5,2,0.5,0.0,low
add_chord_p2,add_chord,2,4861,770028672,"3,80,162",201,1608,2,2,0,0,0,0,2,0.0,0.0,1.0,0,5.5,2,0.5,0.0,low
add_chord_p2,add_chord,2,4861,770028672,"3,80,162",202,1616,2,2,0,0,0,0,2,0.0,0.0,1.0,0,5.5,2,0.5,0.0,low
add_chord_p2,add_chord,2,4861,770028672,"3,80,162",203,1624,2,2,0,0,0,0,2,0.0,0.0,1.0,0,5.5,2,0.5,0.0,low
add_chord_p2,add_chord,2,4861,770028672,"3,80,162",204,1632,2,2,0,0,0,0,2,0.0,0.0,1.0,0,5.5,2,0.5,0.0,low
add_chord_p2,add_chord,2,4861,770028672,"3,80,162",205,1640,2,2,0,0,0,0,2,0.0,0.0,1.0,0,5.5,2,0.5,0.0,low
add_chord_p2,add_chord,2,4861,770028672,"3,80,162",206,1648,2,2,0,0,0,0,2,0.0,0.0,1.0,0,5.5,2,0.5,0.0,low
add_chord_p2,add_chord,2,4861,770028672,"3,80,162",207,1656,2,2,0,0,0,0,2,0.0,0.0,1.0,0,5.5,2,0.5,0.0,low
add_chord_p2,add_chord,2,4861,770028672,"3,80,162",208,1664,2,2,0,0,0,0,2,0.0,0.0,1.0,0,5.5,2,0.5,0.0,low
add_chord_p2,add_chord,2,4861,770028672,"3,80,162",209,1672,2,2,0,0,0,0,2,0.0,0.0,1.0,0,5.5,2,0.5,0.0,low
add_chord_p2,add_chord,2,4861,770028672,"3,80,162",210,1680,2,2,0,0,0,0,2,0.0,0.0,1.0,0,5.5,2,0.5,0.0,low
add_chord_p2,add_chord,2,4861,770028672,"3,80,162",211,1688,2,2,0,0,0,0,2,0.0,0.0,1.0,0,5.5,2,0.5,0.0,low
add_chord_p2,add_chord,2,4861,770028672,"3,80,162",212,1696,2,2,0,0,0,0,2,0.0,0.0,1.0,0,5.5,2,0.5,0.0,low
add_chord_p2,add_chord,2,4861,770028672,"3,80,162",213,1704,2,2,0,0,0,0,2,0.0,0.0,1.0,0,5.5,2,0.5,0.0,low
add_chord_p2,add_chord,2,4861,770028672,"3,80,162",214,1712,2,2,0,0,0,0,2,0.0,0.0,1.0,0,5.5,2,0.5,0.0,low
add_chord_p2,add_chord,2,4861,770028672,"3,80,162",215,1720,2,2,0,0,0,0,2,0.0,0.0,1.0,0,5.5,2,0.5,0.0,low
add_chord_p2,add_chord,2,4861,770028672,"3,80,162",216,1728,2,2,0,0,0,0,2,0.0,0.0,1.0,0,5.5,2,0.5,0.0,low
add_chord_p2,add_chord,2,4861,770028672,"3,80,162",217,1736,2,2,0,0,0,0,2,0.0,0.0,1.0,0,5.5,2,0.5,0.0,low
add_chord_p2,add_chord,2,4861,770028672,"3,80,162",218,1744,2,2,0,0,0,0,2,0.0,0.0,1.0,0,5.5,2,0.5,0.0,low
add_chord_p2,add_chord,2,4861,770028672,"3,80,162",219,1752,2,2,0,0,0,0,2,0.0,0.0,1.0,0,5.5,2,0.5,0.0,low
add_chord_p2,add_chord,2,4861,770028672,"3,80,162",220,1760,2,2,0,0,0,0,2,0.0,0.0,1.0,0,5.5,2,0.5,0.0,low
add_chord_p2,add_chord,2,4861,770028672,"3,80,162",221,1768,2,2,0,0,0,0,2,0.0,0.0,1.0,0,5.5,2,0.5,0.0,low
add_chord_p2,add_chord,2,4861,770028672,"3,80,162",222,1776,2,2,0,0,0,0,2,0.0,0.0,1.0,0,5.5,2,0.5,0.0,low
add_chord_p2,add_chord,2,4861,770028672,"3,80,162",223,1784,2,2,0,0,0,0,2,0.0,0.0,1.0,0,5.5,2,0.5,0.0,low
add_chord_p2,add_chord,2,4861,770028672,"3,80,162",224,1792,2,2,0,0,0,0,2,0.0,0.0,1.0,0,5.5,2,0.5,0.0,low
add_chord_p2,add_chord,2,4861,770028672,"3,80,162",225,1800,2,2,0,0,0,0,2,0.0,0.0,1.0,0,5.5,2,0.5,0.0,low
add_chord_p2,add_chord,2,4861,770028672,"3,80,162",226,1808,2,2,0,0,0,0,2,0.0,0.0,1.0,0,5.5,2,0.5,0.0,low
add_chord_p2,add_chord,2,4861,770028672,"3,80,162",227,1816,2,2,0,0,0,0,2,0.0,0.0,1.0,0,5.5,2,0.5,0.0,low
add_chord_p2,add_chord,2,4861,770028672,"3,80,162",228,1824,2,2,0,0,0,0,2,0.0,0.0,1.0,0,5.5,2,0.5,0.0,low
add_chord_p2,add_chord,2,4861,770028672,"3,80,162",229,1832,2,2,0,0,0,0,2,0.0,0.0,1.0,0,5.5,2,0.5,0.0,low
add_chord_p2,add_chord,2,4861,770028672,"3,80,162",230,1840,2,2,0,0,0,0,2,0.0,0.0,1.0,0,5.5,2,0.5,0.0,low
add_chord_p2,add_chord,2,4861,770028672,"3,80,162",231,1848,2,2,0,0,0,0,2,0.0,0.0,1.0,0,5.5,2,0.5,0.0,low
add_chord_p2,add_chord,2,4861,770028672,"3,80,162",232,1856,2,2,0,0,0,0,2,0.0,0.0,1.0,0,5.5,2,0.5,0.0,low
add_chord_p2,add_chord,2,4861,770028672,"3,80,162",233,1864,2,2,0,0,0,0,2,0.0,0.0,1.0,0,5.5,2,0.5,0.0,low
add_chord_p2,add_chord,2,4861,770028672,"3,80,162",234,1872,2,2,0,0,0,0,2,0.0,0.0,1.0,0,5.5,2,0.5,0.0,low
add_chord_p2,add_chord,2,4861,770028672,"3,80,162",235,1880,2,2,0,0,0,0,2,0.0,0.0,1.0,0,5.5,2,0.5,0.0,low
add_chord_p2,add_chord,2,4861,770028672,"3,80,162",236,1888,2,2,0,0,0,0,2,0.0,0.0,1.0,0,5.5,2,0.5,0.0,low
add_chord_p2,add_chord,2,4861,770028672,"3,80,162",237,1896,2,2,0,0,0,0,2,0.0,0.0,1.0,0,5.5,2,0.5,0.0,low
add_chord_p2,add_chord,2,4861,770028672,"3,80,162",238,1904,2,2,0,0,0,0,2,0.0,0.0,1.0,0,5.5,2,0.5,0.0,low
add_chord_p2,add_chord,2,4861,770028672,"3,80,162",239,1912,2,2,0,0,0,0,2,0.0,0.0,1.0,0,5.5,2,0.5,0.0,low
add_chord_p2,add_chord,2,4861,770028672,"3,80,162",240,1920,2,2,0,0,0,0,2,0.0,0.0,1.0,0,5.5,2,0.5,0.0,low
add_chord_p2,add_chord,2,4861,770028672,"3,80,162",241,1928,2,2,0,0,0,0,2,0.0,0.0,1.0,0,5.5,2,0.5,0.0,low
add_chord_p2,add_chord,2,4861,770028672,"3,80,162",242,1936,2,2,0,0,0,0,2,0.0,0.0,1.0,0,5.5,2,0.5,0.0,low
add_chord_p2,add_chord,2,4861,770028672,"3,80,162",243,1944,2,2,0,0,0,0,2,0.0,0.0,1.0,0,5.5,2,0.5,0.0,low
add_chord_p2,add_chord,2,4861,770028672,"3,80,162",244,1952,2,2,0,0,0,0,2,0.0,0.0,1.0,0,5.5,2,0.5,0.0,low
add_chord_p2,add_chord,2,4861,770028672,"3,80,162",245,1960,2,2,0,0,0,0,2,0.0,0.0,1.0,0,5.5,2,0.5,0.0,low
add_chord_p2,add_chord,2,4861,770028672,"3,80,162",246,1968,2,2,0,0,0,0,2,0.0,0.0,1.0,0,5.5,2,0.5,0.0,low
add_chord_p2,add_chord,2,4861,770028672,"3,80,162",247,1976,2,2,0,0,0,0,2,0.0,0.0,1.0,0,5.5,2,0.5,0.0,low
add_chord_p2,add_chord,2,4861,770028672,"3,80,162",248,1984,2,2,0,0,0,0,2,0.0,0.0,1.0,0,5.5,2,0.5,0.0,low
add_chord_p2,add_chord,2,4861,770028672,"3,80,162",249,1992,2,2,0,0,0,0,2,0.0,0.0,1.0,0,5.5,2,0.5,0.0,low
add_chord_p2,add_chord,2,4861,770028672,"3,80,162",250,2000,2,2,0,0,0,0,2,0.0,0.0,1.0,0,5.5,2,0.5,0.0,low
add_chord_p2,add_chord,2,4861,770028672,"3,80,162",251,2008,2,2,0,0,0,0,2,0.0,0.0,1.0,0,5.5,2,0.5,0.0,low
add_chord_p2,add_chord,2,4861,770028672,"3,80,162",252,2016,2,2,0,0,0,0,2,0.0,0.0,1.0,0,5.5,2,0.5,0.0,low
add_chord_p2,add_chord,2,4861,770028672,"3,80,162",253,2024,2,2,0,0,0,0,2,0.0,0.0,1.0,0,5.5,2,0.5,0.0,low
add_chord_p2,add_chord,2,4861,770028672,"3,80,162",254,2032,2,2,0,0,0,0,2,0.0,0.0,1.0,0,5.5,2,0.5,0.0,low
add_chord_p2,add_chord,2,4861,770028672,"3,80,162",255,2040,2,2,0,0,0,0,2,0.0,0.0,1.0,0,5.5,2,0.5,0.0,low
add_chord_p2,add_chord,2,4861,770028672,"3,80,162",256,2048,2,2,0,0,0,0,2,0.0,0.0,1.0,0,5.5,2,0.5,0.0,low
add_chord_p2,add_chord,2,4861,770028672,"3,80,162",257,2056,2,2,0,0,0,0,2,0.0,0.0,1.0,0,5.5,2,0.5,0.0,low
add_chord_p2,add_chord,2,4861,770028672,"3,80,162",258,2064,2,2,0,0,0,0,2,0.0,0.0,1.0,0,5.5,2,0.5,0.0,low
add_chord_p2,add_chord,2,4861,770028672,"3,80,162",259,2072,2,2,0,0,0,0,2,0.0,0.0,1.0,0,5.5,2,0.5,0.0,low
add_chord_p2,add_chord,2,4861,770028672,"3,80,162",260,2080,2,2,0,0,0,0,2,0.0,0.0,1.0,0,5.5,2,0.5,0.0,low
add_chord_p2,add_chord,2,4861,770028672,"3,80,162",261,2088,2,2,0,0,0,0,2,0.0,0.0,1.0,0,5.5,2,0.5,0.0,low
add_chord_p2,add_chord,2,4861,770028672,"3,80,162",262,2096,2,2,0,0,0,0,2,0.0,0.0,1.0,0,5.5,2,0.5,0.0,low
add_chord_p2,add_chord,2,4861,770028672,"3,80,162",263,2104,2,2,0,0,0,0,2,0.0,0.0,1.0,0,5.5,2,0.5,0.0,low
add_chord_p2,add_chord,2,4861,770028672,"3,80,162",264,2112,2,2,0,0,0,0,2,0.0,0.0,1.0,0,5.5,2,0.5,0.0,low
add_chord_p2,add_chord,2,4861,770028672,"3,80,162",265,2120,2,2,0,0,0,0,2,0.0,0.0,1.0,0,5.5,2,0.5,0.0,low
add_chord_p2,add_chord,2,4861,770028672,"3,80,162",266,2128,2,2,0,0,0,0,2,0.0,0.0,1.0,0,5.5,2,0.5,0.0,low
add_chord_p2,add_chord,2,4861,770028672,"3,80,162",267,2136,2,2,0,0,0,0,2,0.0,0.0,1.0,0,5.5,2,0.5,0.0,low
add_chord_p2,add_chord,2,4861,770028672,"3,80,162",268,2144,2,2,0,0,0,0,2,0.0,0.0,1.0,0,5.5,2,0.5,0.0,low
add_chord_p2,add_chord,2,4861,770028672,"3,80,162",269,2152,2,2,0,0,0,0,2,0.0,0.0,1.0,0,5.5,2,0.5,0.0,low
add_chord_p2,add_chord,2,4861,770028672,"3,80,162",270,2160,2,2,0,0,0,0,2,0.0,0.0,1.0,0,5.5,2,0.5,0.0,low
add_chord_p2,add_chord,2,4861,770028672,"3,80,162",271,2168,2,2,0,0,0,0,2,0.0,0.0,1.0,0,5.5,2,0.5,0.0,low
add_chord_p2,add_chord,2,4861,770028672,"3,80,162",272,2176,2,2,0,0,0,0,2,0.0,0.0,1.0,0,5.5,2,0.5,0.0,low
add_chord_p2,add_chord,2,4861,770028672,"3,80,162",273,2184,2,2,0,0,0,0,2,0.0,0.0,1.0,0,5.5,2,0.5,0.0,low
add_chord_p2,add_chord,2,4861,770028672,"3,80,162",274,2192,2,2,0,0,0,0,2,0.0,0.0,1.0,0,5.5,2,0.5,0.0,low
add_chord_p2,add_chord,2,4861,770028672,"3,80,162",275,2200,2,2,0,0,0,0,2,0.0,0.0,1.0,0,5.5,2,0.5,0.0,low
add_chord_p2,add_chord,2,4861,770028672,"3,80,162",276,2208,2,2,0,0,0,0,2,0.0,0.0,1.0,0,5.5,2,0.5,0.0,low
add_chord_p2,add_chord,2,4861,770028672,"3,80,162",277,2216,2,2,0,0,0,0,2,0.0,0.0,1.0,0,5.5,2,0.5,0.0,low
add_chord_p2,add_chord,2,4861,770028672,"3,80,162",278,2224,2,2,0,0,0,0,2,0.0,0.0,1.0,0,5.5,2,0.5,0.0,low
add_chord_p2,add_chord,2,4861,770028672,"3,80,162",279,2232,2,2,0,0,0,0,2,0.0,0.0,1.0,0,5.5,2,0.5,0.0,low
add_chord_p2,add_chord,2,4861,770028672,"3,80,162",280,2240,2,2,0,0,0,0,2,0.0,0.0,1.0,0,5.5,2,0.5,0.0,low
add_chord_p2,add_chord,2,4861,770028672,"3,80,162",281,2248,2,2,0,0,0,0,2,0.0,0.0,1.0,0,5.5,2,0.5,0.0,low
add_chord_p2,add_chord,2,4861,770028672,"3,80,162",282,2256,2,2,0,0,0,0,2,0.0,0.0,1.0,0,5.5,2,0.5,0.0,low
add_chord_p2,add_chord,2,4861,770028672,"3,80,162",283,2264,2,2,0,0,0,0,2,0.0,0.0,1.0,0,5.5,2,0.5,0.0,low
add_chord_p2,add_chord,2,4861,770028672,"3,80,162",284,2272,2,2,0,0,0,0,2,0.0,0.0,1.0,0,5.5,2,0.5,0.0,low
add_chord_p2,add_chord,2,4861,770028672,"3,80,162",285,2280,2,2,0,0,0,0,2,0.0,0.0,1.0,0,5.5,2,0.5,0.0,low
add_chord_p2,add_chord,2,4861,770028672,"3,80,162",286,2288,2,2,0,0,0,0,2,0.0,0.0,1.0,0,5.5,2,0.5,0.0,low
add_chord_p2,add_chord,2,4861,770028672,"3,80,162",287,2296,2,2,0,0,0,0,2,0.0,0.0,1.0,0,5.5,2,0.5,0.0,low
add_chord_p2,add_chord,2,4861,770028672,"3,80,162",288,2304,2,2,0,0,0,0,2,0.0,0.0,1.0,0,5.5,2,0.5,0.0,low
add_chord_p2,add_chord,2,4861,770028672,"3,80,162",289,2312,2,2,0,0,0,0,2,0.0,0.0,1.0,0,5.5,2,0.5,0.0,low
add_chord_p2,add_chord,2,4861,770028672,"3,80,162",290,2320,2,2,0,0,0,0,2,0.0,0.0,1.0,0,5.5,2,0.5,0.0,low
add_chord_p2,add_chord,2,4861,770028672,"3,80,162",291,2328,2,2,0,0,0,0,2,0.0,0.0,1.0,0,5.5,2,0.5,0.0,low
add_chord_p2,add_chord,2,4861,770028672,"3,80,162",292,2336,2,2,0,0,0,0,2,0.0,0.0,1.0,0,5.5,2,0.5,0.0,low
add_chord_p2,add_chord,2,4861,770028672,"3,80,162",293,2344,2,2,0,0,0,0,2,0.0,0.0,1.0,0,5.5,2,0.5,0.0,low
add_chord_p2,add_chord,2,4861,770028672,"3,80,162",294,2352,2,2,0,0,0,0,2,0.0,0.0,1.0,0,5.5,2,0.5,0.0,low
add_chord_p2,add_chord,2,4861,770028672,"3,80,162",295,2360,2,2,0,0,0,0,2,0.0,0.0,1.0,0,5.5,2,0.5,0.0,low
add_chord_p2,add_chord,2,4861,770028672,"3,80,162",296,2368,2,2,0,0,0,0,2,0.0,0.0,1.0,0,5.5,2,0.5,0.0,low
add_chord_p2,add_chord,2,4861,770028672,"3,80,162",297,2376,2,2,0,0,0,0,2,0.0,0.0,1.0,0,5.5,2,0.5,0.0,low
add_chord_p2,add_chord,2,4861,770028672,"3,80,162",298,2384,2,2,0,0,0,0,2,0.0,0.0,1.0,0,5.5,2,0.5,0.0,low
add_chord_p2,add_chord,2,4861,770028672,"3,80,162",299,2392,2,2,0,0,0,0,2,0.0,0.0,1.0,0,5.5,2,0.5,0.0,low
add_chord_p2,add_chord,2,4861,770028672,"3,80,162",300,2400,2,2,0,0,0,0,2,0.0,0.0,1.0,0,5.5,2,0.5,0.0,low
add_chord_p2,add_chord,2,4861,770028672,"3,80,162",301,2408,2,2,0,0,0,0,2,0.0,0.0,1.0,0,5.5,2,0.5,0.0,low
add_chord_p2,add_chord,2,4861,770028672,"3,80,162",302,2416,2,2,0,0,0,0,2,0.0,0.0,1.0,0,5.5,2,0.5,0.0,low
add_chord_p2,add_chord,2,4861,770028672,"3,80,162",303,2424,2,2,0,0,0,0,2,0.0,0.0,1.0,0,5.5,2,0.5,0.0,low
add_chord_p2,add_chord,2,4861,770028672,"3,80,162",304,2432,2,2,0,0,0,0,2,0.0,0.0,1.0,0,5.5,2,0.5,0.0,low
add_chord_p2,add_chord,2,4861,770028672,"3,80,162",305,2440,2,2,0,0,0,0,2,0.0,0.0,1.0,0,5.5,2,0.5,0.0,low
add_chord_p2,add_chord,2,4861,770028672,"3,80,162",306,2448,2,2,0,0,0,0,2,0.0,0.0,1.0,0,5.5,2,0.5,0.0,low
add_chord_p2,add_chord,2,4861,770028672,"3,80,162",307,2456,2,2,0,0,0,0,2,0.0,0.0,1.0,0,5.5,2,0.5,0.0,low
add_chord_p2,add_chord,2,4861,770028672,"3,80,162",308,2464,2,2,0,0,0,0,2,0.0,0.0,1.0,0,5.5,2,0.5,0.0,low
add_chord_p2,add_chord,2,4861,770028672,"3,80,162",309,2472,2,2,0,0,0,0,2,0.0,0.0,1.0,0,5.5,2,0.5,0.0,low
add_chord_p2,add_chord,2,4861,770028672,"3,80,162",310,2480,2,2,0,0,0,0,2,0.0,0.0,1.0,0,5.5,2,0.5,0.0,low
add_chord_p2,add_chord,2,4861,770028672,"3,80,162",311,2488,2,2,0,0,0,0,2,0.0,0.0,1.0,0,5.5,2,0.5,0.0,low
add_chord_p2,add_chord,2,4861,770028672,"3,80,162",312,2496,2,2,0,0,0,0,2,0.0,0.0,1.0,0,5.5,2,0.5,0.0,low
add_chord_p2,add_chord,2,4861,770028672,"3,80,162",313,2504,2,2,0,0,0,0,2,0.0,0.0,1.0,0,5.5,2,0.5,0.0,low
add_chord_p2,add_chord,2,4861,770028672,"3,80,162",314,2512,2,2,0,0,0,0,2,0.0,0.0,1.0,0,5.5,2,0.5,0.0,low
add_chord_p2,add_chord,2,4861,770028672,"3,80,162",315,2520,2,2,0,0,0,0,2,0.0,0.0,1.0,0,5.5,2,0.5,0.0,low
add_chord_p2,add_chord,2,4861,770028672,"3,80,162",316,2528,2,2,0,0,0,0,2,0.0,0.0,1.0,0,5.5,2,0.5,0.0,low
add_chord_p2,add_chord,2,4861,770028672,"3,80,162",317,2536,2,2,0,0,0,0,2,0.0,0.0,1.0,0,5.5,2,0.5,0.0,low
add_chord_p2,add_chord,2,4861,770028672,"3,80,162",318,2544,2,2,0,0,0,0,2,0.0,0.0,1.0,0,5.5,2,0.5,0.0,low
add_chord_p2,add_chord,2,4861,770028672,"3,80,162",319,2552,2,2,0,0,0,0,2,0.0,0.0,1.0,0,5.5,2,0.5,0.0,low
add_chord_p2,add_chord,2,4861,770028672,"3,80,162",320,2560,2,2,0,0,0,0,2,0.0,0.0,1.0,0,5.5,2,0.5,0.0,low
local_swap_p0,local_swap,0,4703,770026580,"72,139,147",0,0,3,3,0,0,0,0,3,0.0,0.0,1.0,0,2.6666666666666665,1,1.0,0.0,low
local_swap_p0,local_swap,0,4703,770026580,"72,139,147",1,8,3,3,0,0,0,0,3,0.0,0.0,1.0,0,2.6666666666666665,1,1.0,0.0,low
local_swap_p0,local_swap,0,4703,770026580,"72,139,147",2,16,3,3,0,0,0,0,3,0.0,0.0,1.0,0,2.6666666666666665,1,1.0,0.0,low
local_swap_p0,local_swap,0,4703,770026580,"72,139,147",3,24,3,3,0,0,0,0,3,0.0,0.0,1.0,0,2.6666666666666665,1,1.0,0.0,low
local_swap_p0,local_swap,0,4703,770026580,"72,139,147",4,32,3,3,0,0,0,0,3,0.0,0.0,1.0,0,2.6666666666666665,1,1.0,0.0,low
local_swap_p0,local_swap,0,4703,770026580,"72,139,147",5,40,3,3,0,0,0,0,3,0.0,0.0,1.0,0,2.6666666666666665,1,1.0,0.0,low
local_swap_p0,local_swap,0,4703,770026580,"72,139,147",6,48,3,3,0,0,0,0,3,0.0,0.0,1.0,0,2.6666666666666665,1,1.0,0.0,low
local_swap_p0,local_swap,0,4703,770026580,"72,139,147",7,56,3,3,0,0,0,0,3,0.0,0.0,1.0,0,2.6666666666666665,1,1.0,0.0,low
local_swap_p0,local_swap,0,4703,770026580,"72,139,147",8,64,3,3,0,0,0,0,3,0.0,0.0,1.0,0,2.6666666666666665,1,1.0,0.0,low
local_swap_p0,local_swap,0,4703,770026580,"72,139,147",9,72,3,3,0,0,0,0,3,0.0,0.0,1.0,0,2.6666666666666665,1,1.0,0.0,low
local_swap_p0,local_swap,0,4703,770026580,"72,139,147",10,80,3,3,0,0,0,0,3,0.0,0.0,1.0,0,2.6666666666666665,1,1.0,0.0,low
local_swap_p0,local_swap,0,4703,770026580,"72,139,147",11,88,3,3,0,0,0,0,3,0.0,0.0,1.0,0,2.6666666666666665,1,1.0,0.0,low
local_swap_p0,local_swap,0,4703,770026580,"72,139,147",12,96,3,3,0,0,0,0,3,0.0,0.0,1.0,0,2.6666666666666665,1,1.0,0.0,low
local_swap_p0,local_swap,0,4703,770026580,"72,139,147",13,104,4,3,1,0,0,0,4,0.0,0.0,1.0,1,3.5,1,1.0,0.25,low
local_swap_p0,local_swap,0,4703,770026580,"72,139,147",14,112,7,3,1,2,1,0,4,0.14285714285714285,0.0,0.5714285714285714,3,6.285714285714286,3,0.5714285714285714,1.1428571428571428,low
local_swap_p0,local_swap,0,4703,770026580,"72,139,147",15,120,9,3,1,2,1,2,4,0.1111111111111111,0.2222222222222222,0.4444444444444444,13,5.555555555555555,4,0.4444444444444444,3.7777777777777777,low
local_swap_p0,local_swap,0,4703,770026580,"72,139,147",16,128,9,3,1,0,3,2,4,0.3333333333333333,0.2222222222222222,0.4444444444444444,13,4.222222222222222,5,0.4444444444444444,4.0,low
local_swap_p0,local_swap,0,4703,770026580,"72,139,147",17,136,9,3,1,0,2,3,4,0.2222222222222222,0.3333333333333333,0.4444444444444444,13,3.3333333333333335,6,0.4444444444444444,4.0,low
local_swap_p0,local_swap,0,4703,770026580,"72,139,147",18,144,10,3,2,0,3,2,5,0.3,0.2,0.5,13,5.1,6,0.5,3.6,low
local_swap_p0,local_swap,0,4703,770026580,"72,139,147",19,152,12,3,2,0,3,4,5,0.25,0.3333333333333333,0.4166666666666667,13,4.333333333333333,7,0.4166666666666667,3.9166666666666665,low
local_swap_p0,local_swap,0,4703,770026580,"72,139,147",20,160,14,3,1,1,2,7,4,0.14285714285714285,0.5,0.2857142857142857,13,4.071428571428571,9,0.2857142857142857,5.214285714285714,low
local_swap_p0,local_swap,0,4703,770026580,"72,139,147",21,168,13,3,0,2,1,7,3,0.07692307692307693,0.5384615384615384,0.23076923076923078,12,4.846153846153846,8,0.23076923076923078,5.384615384615385,low
local_swap_p0,local_swap,0,4703,770026580,"72,139,147",22,176,13,3,0,2,1,7,3,0.07692307692307693,0.5384615384615384,0.23076923076923078,12,4.923076923076923,8,0.23076923076923078,5.384615384615385,low
local_swap_p0,local_swap,0,4703,770026580,"72,139,147",23,184,13,3,0,3,1,6,3,0.07692307692307693,0.46153846153846156,0.23076923076923078,12,4.923076923076923,8,0.23076923076923078,5.3076923076923075,low
local_swap_p0,local_swap,0,4703,770026580,"72,139,147",24,192,13,3,0,3,0,7,3,0.0,0.5384615384615384,0.23076923076923078,12,3.769230769230769,10,0.23076923076923078,5.3076923076923075,low
local_swap_p0,local_swap,0,4703,770026580,"72,139,147",25,200,13,3,0,3,3,4,3,0.23076923076923078,0.3076923076923077,0.23076923076923078,12,5.615384615384615,8,0.23076923076923078,3.8461538461538463,low
local_swap_p0,local_swap,0,4703,770026580,"72,139,147",26,208,13,3,0,3,3,4,3,0.23076923076923078,0.3076923076923077,0.23076923076923078,12,5.615384615384615,8,0.23076923076923078,3.8461538461538463,low
local_swap_p0,local_swap,0,4703,770026580,"72,139,147",27,216,13,3,0,3,3,4,3,0.23076923076923078,0.3076923076923077,0.23076923076923078,12,5.615384615384615,8,0.23076923076923078,3.8461538461538463,low
local_swap_p0,local_swap,0,4703,770026580,"72,139,147",28,224,15,3,0,2,3,7,3,0.2,0.4666666666666667,0.2,12,4.866666666666666,12,0.2,4.066666666666666,low
local_swap_p0,local_swap,0,4703,770026580,"72,139,147",29,232,14,3,1,2,4,4,4,0.2857142857142857,0.2857142857142857,0.2857142857142857,12,5.071428571428571,10,0.2857142857142857,3.7142857142857144,low
local_swap_p0,local_swap,0,4703,770026580,"72,139,147",30,240,15,3,1,2,3,6,4,0.2,0.4,0.26666666666666666,12,4.066666666666666,9,0.26666666666666666,4.333333333333333,low
local_swap_p0,local_swap,0,4703,770026580,"72,139,147",31,248,16,3,1,2,3,7,4,0.1875,0.4375,0.25,12,3.375,10,0.25,4.875,low
local_swap_p0,local_swap,0,4703,770026580,"72,139,147",32,256,16,3,1,1,4,7,4,0.25,0.4375,0.25,12,2.9375,10,0.25,4.9375,low
local_swap_p0,local_swap,0,4703,770026580,"72,139,147",33,264,16,3,1,2,3,7,4,0.1875,0.4375,0.25,12,3.0,10,0.25,4.875,low
local_swap_p0,local_swap,0,4703,770026580,"72,139,147",34,272,16,3,1,2,3,7,4,0.1875,0.4375,0.25,12,3.0,10,0.25,4.875,low
local_swap_p0,local_swap,0,4703,770026580,"72,139,147",35,280,19,3,0,2,3,11,3,0.15789473684210525,0.5789473684210527,0.15789473684210525,12,2.6842105263157894,11,0.21052631578947367,5.105263157894737,low
local_swap_p0,local_swap,0,4703,770026580,"72,139,147",36,288,24,3,1,2,5,13,4,0.20833333333333334,0.5416666666666666,0.16666666666666666,12,3.625,5,0.6666666666666666,5.041666666666667,low
local_swap_p0,local_swap,0,4703,770026580,"72,139,147",37,296,25,3,0,4,6,12,3,0.24,0.48,0.12,13,4.0,5,0.64,4.56,low
local_swap_p0,local_swap,0,4703,770026580,"72,139,147",38,304,25,3,0,3,6,13,3,0.24,0.52,0.12,13,3.76,7,0.56,4.72,low
local_swap_p0,local_swap,0,4703,770026580,"72,139,147",39,312,26,3,1,2,6,14,4,0.23076923076923078,0.5384615384615384,0.15384615384615385,14,3.730769230769231,10,0.3076923076923077,5.038461538461538,low
local_swap_p0,local_swap,0,4703,770026580,"72,139,147",40,320,25,3,1,2,6,13,4,0.24,0.52,0.16,14,3.52,10,0.28,5.04,low
local_swap_p0,local_swap,0,4703,770026580,"72,139,147",41,328,28,3,1,2,6,16,4,0.21428571428571427,0.5714285714285714,0.14285714285714285,14,3.25,14,0.14285714285714285,4.964285714285714,low
local_swap_p0,local_swap,0,4703,770026580,"72,139,147",42,336,30,3,1,2,5,19,4,0.16666666666666666,0.6333333333333333,0.13333333333333333,14,2.7666666666666666,15,0.16666666666666666,4.933333333333334,low
local_swap_p0,local_swap,0,4703,770026580,"72,139,147",43,344,30,3,1,3,5,18,4,0.16666666666666666,0.6,0.13333333333333333,14,2.966666666666667,13,0.26666666666666666,4.9,low
local_swap_p0,local_swap,0,4703,770026580,"72,139,147",44,352,30,3,1,3,5,18,4,0.16666666666666666,0.6,0.13333333333333333,14,2.933333333333333,13,0.26666666666666666,4.933333333333334,low
local_swap_p0,local_swap,0,4703,770026580,"72,139,147",45,360,30,3,0,3,4,20,3,0.13333333333333333,0.6666666666666666,0.1,14,2.8,13,0.36666666666666664,5.066666666666666,mid
local_swap_p0,local_swap,0,4703,770026580,"72,139,147",46,368,29,3,0,3,4,19,3,0.13793103448275862,0.6551724137931034,0.10344827586206896,15,2.896551724137931,13,0.3448275862068966,5.137931034482759,mid
local_swap_p0,local_swap,0,4703,770026580,"72,139,147",47,376,32,3,0,3,3,23,3,0.09375,0.71875,0.09375,15,2.84375,15,0.28125,5.875,mid
local_swap_p0,local_swap,0,4703,770026580,"72,139,147",48,384,31,3,0,3,4,21,3,0.12903225806451613,0.6774193548387096,0.0967741935483871,15,2.903225806451613,12,0.3548387096774194,5.548387096774194,mid
local_swap_p0,local_swap,0,4703,770026580,"72,139,147",49,392,32,3,0,3,4,22,3,0.125,0.6875,0.09375,16,3.09375,13,0.34375,5.5625,mid
local_swap_p0,local_swap,0,4703,770026580,"72,139,147",50,400,31,3,0,3,4,21,3,0.12903225806451613,0.6774193548387096,0.0967741935483871,15,3.032258064516129,12,0.3870967741935484,5.451612903225806,mid
local_swap_p0,local_swap,0,4703,770026580,"72,139,147",51,408,30,3,0,3,4,20,3,0.13333333333333333,0.6666666666666666,0.1,15,3.3333333333333335,12,0.36666666666666664,5.466666666666667,mid
local_swap_p0,local_swap,0,4703,770026580,"72,139,147",52,416,30,3,0,3,4,20,3,0.13333333333333333,0.6666666666666666,0.1,16,3.2666666666666666,12,0.36666666666666664,5.5,mid
local_swap_p0,local_swap,0,4703,770026580,"72,139,147",53,424,31,3,1,2,4,21,4,0.12903225806451613,0.6774193548387096,0.12903225806451613,16,3.3548387096774195,10,0.3870967741935484,5.387096774193548,mid
local_swap_p0,local_swap,0,4703,770026580,"72,139,147",54,432,30,3,1,3,3,20,4,0.1,0.6666666666666666,0.13333333333333333,16,3.4,10,0.3333333333333333,5.433333333333334,mid
local_swap_p0,local_swap,0,4703,770026580,"72,139,147",55,440,33,3,1,2,5,22,4,0.15151515151515152,0.6666666666666666,0.12121212121212122,16,3.212121212121212,11,0.3939393939393939,5.424242424242424,mid
local_swap_p0,local_swap,0,4703,770026580,"72,139,147",56,448,36,3,1,2,4,26,4,0.1111111111111111,0.7222222222222222,0.1111111111111111,15,2.8055555555555554,11,0.4166666666666667,5.555555555555555,mid
local_swap_p0,local_swap,0,4703,770026580,"72,139,147",57,456,34,3,1,2,4,24,4,0.11764705882352941,0.7058823529411765,0.11764705882352941,15,3.1470588235294117,11,0.4411764705882353,5.0,mid
local_swap_p0,local_swap,0,4703,770026580,"72,139,147",58,464,33,3,1,2,4,23,4,0.12121212121212122,0.696969696969697,0.12121212121212122,15,3.242424242424242,11,0.42424242424242425,5.0,mid
local_swap_p0,local_swap,0,4703,770026580,"72,139,147",59,472,34,3,1,2,4,24,4,0.11764705882352941,0.7058823529411765,0.11764705882352941,15,3.088235294117647,11,0.4117647058823529,5.029411764705882,mid
local_swap_p0,local_swap,0,4703,770026580,"72,139,147",60,480,35,3,1,3,2,26,4,0.05714285714285714,0.7428571428571429,0.11428571428571428,15,2.8857142857142857,13,0.17142857142857143,5.0,mid
local_swap_p0,local_swap,0,4703,770026580,"72,139,147",61,488,37,3,1,4,3,26,4,0.08108108108108109,0.7027027027027027,0.10810810810810811,15,2.891891891891892,11,0.2972972972972973,4.864864864864865,low
local_swap_p0,local_swap,0,4703,770026580,"72,139,147",62,496,36,3,1,4,3,25,4,0.08333333333333333,0.6944444444444444,0.1111111111111111,15,2.8055555555555554,12,0.2777777777777778,4.888888888888889,low
local_swap_p0,local_swap,0,4703,770026580,"72,139,147",63,504,37,3,1,4,2,27,4,0.05405405405405406,0.7297297297297297,0.10810810810810811,15,2.5675675675675675,15,0.2972972972972973,4.891891891891892,low
local_swap_p0,local_swap,0,4703,770026580,"72,139,147",64,512,40,3,1,3,3,30,4,0.075,0.75,0.1,15,2.4,15,0.2,5.05,mid
local_swap_p0,local_swap,0,4703,770026580,"72,139,147",65,520,40,3,1,2,4,30,4,0.1,0.75,0.1,15,2.375,15,0.225,4.9,low
local_swap_p0,local_swap,0,4703,770026580,"72,139,147",66,528,41,3,1,2,5,30,4,0.12195121951219512,0.7317073170731707,0.0975609756097561,15,2.341463414634146,15,0.21951219512195122,4.878048780487805,low
local_swap_p0,local_swap,0,4703,770026580,"72,139,147",67,536,40,3,1,2,5,29,4,0.125,0.725,0.1,15,2.4,15,0.2,5.3,mid
local_swap_p0,local_swap,0,4703,770026580,"72,139,147",68,544,40,3,1,2,5,29,4,0.125,0.725,0.1,15,2.4,15,0.2,5.3,mid
local_swap_p0,local_swap,0,4703,770026580,"72,139,147",69,552,39,3,1,2,4,29,4,0.10256410256410256,0.7435897435897436,0.10256410256410256,15,2.4871794871794872,15,0.20512820512820512,5.3076923076923075,mid
local_swap_p0,local_swap,0,4703,770026580,"72,139,147",70,560,40,3,1,2,5,29,4,0.125,0.725,0.1,15,2.775,15,0.4,5.1,mid
local_swap_p0,local_swap,0,4703,770026580,"72,139,147",71,568,40,3,1,2,5,29,4,0.125,0.725,0.1,15,2.575,13,0.475,5.15,mid
local_swap_p0,local_swap,0,4703,770026580,"72,139,147",72,576,37,3,1,2,4,27,4,0.10810810810810811,0.7297297297297297,0.10810810810810811,15,2.864864864864865,12,0.4594594594594595,4.864864864864865,low
local_swap_p0,local_swap,0,4703,770026580,"72,139,147",73,584,38,3,1,2,5,27,4,0.13157894736842105,0.7105263157894737,0.10526315789473684,15,3.1052631578947367,12,0.47368421052631576,4.815789473684211,low
local_swap_p0,local_swap,0,4703,770026580,"72,139,147",74,592,36,3,1,2,5,25,4,0.1388888888888889,0.6944444444444444,0.1111111111111111,15,3.0833333333333335,13,0.3888888888888889,5.361111111111111,mid
local_swap_p0,local_swap,0,4703,770026580,"72,139,147",75,600,39,3,1,2,5,28,4,0.1282051282051282,0.717948717948718,0.10256410256410256,15,2.8461538461538463,14,0.41025641025641024,5.3076923076923075,mid
local_swap_p0,local_swap,0,4703,770026580,"72,139,147",76,608,36,3,1,2,6,24,4,0.16666666666666666,0.6666666666666666,0.1111111111111111,15,3.1666666666666665,13,0.4166666666666667,4.777777777777778,low
local_swap_p0,local_swap,0,4703,770026580,"72,139,147",77,616,37,3,1,2,6,25,4,0.16216216216216217,0.6756756756756757,0.10810810810810811,15,3.27027027027027,15,0.40540540540540543,5.108108108108108,mid
local_swap_p0,local_swap,0,4703,770026580,"72,139,147",78,624,43,3,2,2,6,30,5,0.13953488372093023,0.6976744186046512,0.11627906976744186,15,2.7209302325581395,13,0.4186046511627907,5.116279069767442,mid
local_swap_p0,local_swap,0,4703,770026580,"72,139,147",79,632,46,3,2,2,6,33,5,0.13043478260869565,0.717391304347826,0.10869565217391304,15,2.630434782608696,15,0.3695652173913043,5.369565217391305,mid
local_swap_p0,local_swap,0,4703,770026580,"72,139,147",80,640,46,3,1,3,6,33,4,0.13043478260869565,0.717391304347826,0.08695652173913043,15,2.8043478260869565,15,0.34782608695652173,5.673913043478261,mid
local_swap_p0,local_swap,0,4703,770026580,"72,139,147",81,648,45,3,1,3,6,32,4,0.13333333333333333,0.7111111111111111,0.08888888888888889,15,2.8444444444444446,15,0.4222222222222222,5.511111111111111,mid
local_swap_p0,local_swap,0,4703,770026580,"72,139,147",82,656,45,3,1,3,5,33,4,0.1111111111111111,0.7333333333333333,0.08888888888888889,15,2.7555555555555555,13,0.4222222222222222,5.488888888888889,mid
local_swap_p0,local_swap,0,4703,770026580,"72,139,147",83,664,42,3,1,3,4,31,4,0.09523809523809523,0.7380952380952381,0.09523809523809523,15,2.642857142857143,16,0.23809523809523808,5.857142857142857,mid
local_swap_p0,local_swap,0,4703,770026580,"72,139,147",84,672,43,3,1,3,3,33,4,0.06976744186046512,0.7674418604651163,0.09302325581395349,15,2.558139534883721,17,0.27906976744186046,5.488372093023256,mid
local_swap_p0,local_swap,0,4703,770026580,"72,139,147",85,680,41,3,1,3,4,30,4,0.0975609756097561,0.7317073170731707,0.0975609756097561,15,2.682926829268293,16,0.24390243902439024,5.463414634146342,mid
local_swap_p0,local_swap,0,4703,770026580,"72,139,147",86,688,41,3,1,4,5,28,4,0.12195121951219512,0.6829268292682927,0.0975609756097561,15,3.0,14,0.5853658536585366,5.341463414634147,mid
local_swap_p0,local_swap,0,4703,770026580,"72,139,147",87,696,40,3,1,4,5,27,4,0.125,0.675,0.1,15,2.95,16,0.475,5.45,mid
local_swap_p0,local_swap,0,4703,770026580,"72,139,147",88,704,43,3,0,5,5,30,3,0.11627906976744186,0.6976744186046512,0.06976744186046512,15,2.86046511627907,17,0.4186046511627907,5.5813953488372094,mid
local_swap_p0,local_swap,0,4703,770026580,"72,139,147",89,712,42,3,0,4,6,29,3,0.14285714285714285,0.6904761904761905,0.07142857142857142,15,2.642857142857143,16,0.42857142857142855,5.285714285714286,mid
local_swap_p0,local_swap,0,4703,770026580,"72,139,147",90,720,40,3,0,4,5,28,3,0.125,0.7,0.075,15,2.9,15,0.5,5.425,mid
local_swap_p0,local_swap,0,4703,770026580,"72,139,147",91,728,40,3,0,5,4,28,3,0.1,0.7,0.075,15,3.25,15,0.5,5.375,mid
local_swap_p0,local_swap,0,4703,770026580,"72,139,147",92,736,39,3,0,5,5,26,3,0.1282051282051282,0.6666666666666666,0.07692307692307693,15,3.4615384615384617,16,0.46153846153846156,5.384615384615385,mid
local_swap_p0,local_swap,0,4703,770026580,"72,139,147",93,744,41,3,0,5,5,28,3,0.12195121951219512,0.6829268292682927,0.07317073170731707,15,3.317073170731707,15,0.5121951219512195,5.341463414634147,mid
local_swap_p0,local_swap,0,4703,770026580,"72,139,147",94,752,44,3,0,5,5,31,3,0.11363636363636363,0.7045454545454546,0.06818181818181818,15,3.0454545454545454,15,0.5227272727272727,5.4772727272727275,mid
local_swap_p0,local_swap,0,4703,770026580,"72,139,147",95,760,44,3,1,6,5,29,4,0.11363636363636363,0.6590909090909091,0.09090909090909091,15,3.0,11,0.6136363636363636,5.2727272727272725,mid
local_swap_p0,local_swap,0,4703,770026580,"72,139,147",96,768,45,3,1,6,5,30,4,0.1111111111111111,0.6666666666666666,0.08888888888888889,15,2.888888888888889,12,0.6,5.288888888888889,mid
local_swap_p0,local_swap,0,4703,770026580,"72,139,147",97,776,44,3,1,6,5,29,4,0.11363636363636363,0.6590909090909091,0.09090909090909091,15,2.977272727272727,13,0.5681818181818182,5.136363636363637,mid
local_swap_p0,local_swap,0,4703,770026580,"72,139,147",98,784,47,3,1,6,4,33,4,0.0851063829787234,0.7021276595744681,0.0851063829787234,15,2.7872340425531914,12,0.6170212765957447,5.127659574468085,mid
local_swap_p0,local_swap,0,4703,770026580,"72,139,147",99,792,48,3,1,6,4,34,4,0.08333333333333333,0.7083333333333334,0.08333333333333333,15,2.6041666666666665,14,0.5833333333333334,5.375,mid
local_swap_p0,local_swap,0,4703,770026580,"72,139,147",100,800,50,3,1,6,7,33,4,0.14,0.66,0.08,15,2.72,15,0.58,5.28,mid
local_swap_p0,local_swap,0,4703,770026580,"72,139,147",101,808,49,3,1,6,6,33,4,0.12244897959183673,0.673469387755102,0.08163265306122448,15,3.0,14,0.5918367346938775,5.224489795918367,mid
local_swap_p0,local_swap,0,4703,770026580,"72,139,147",102,816,49,3,1,6,8,31,4,0.16326530612244897,0.6326530612244898,0.08163265306122448,15,3.0,13,0.6122448979591837,5.183673469387755,mid
local_swap_p0,local_swap,0,4703,770026580,"72,139,147",103,824,50,3,1,6,7,33,4,0.14,0.66,0.08,15,2.84,12,0.66,5.2,mid
local_swap_p0,local_swap,0,4703,770026580,"72,139,147",104,832,49,3,1,6,7,32,4,0.14285714285714285,0.6530612244897959,0.08163265306122448,15,2.816326530612245,14,0.6326530612244898,5.040816326530612,mid
local_swap_p0,local_swap,0,4703,770026580,"72,139,147",105,840,49,3,1,6,7,32,4,0.14285714285714285,0.6530612244897959,0.08163265306122448,15,2.673469387755102,13,0.673469387755102,4.877551020408164,low
local_swap_p0,local_swap,0,4703,770026580,"72,139,147",106,848,54,3,1,5,9,36,4,0.16666666666666666,0.6666666666666666,0.07407407407407407,15,2.2222222222222223,15,0.6296296296296297,5.388888888888889,mid
local_swap_p0,local_swap,0,4703,770026580,"72,139,147",107,856,51,3,1,5,9,33,4,0.17647058823529413,0.6470588235294118,0.0784313725490196,14,2.3137254901960786,15,0.5882352941176471,5.196078431372549,mid
local_swap_p0,local_swap,0,4703,770026580,"72,139,147",108,864,57,3,1,5,9,39,4,0.15789473684210525,0.6842105263157895,0.07017543859649122,14,2.0350877192982457,14,0.6491228070175439,5.105263157894737,mid
local_swap_p0,local_swap,0,4703,770026580,"72,139,147",109,872,56,3,1,5,9,38,4,0.16071428571428573,0.6785714285714286,0.07142857142857142,14,2.142857142857143,13,0.6607142857142857,5.125,mid
local_swap_p0,local_swap,0,4703,770026580,"72,139,147",110,880,55,3,1,5,9,37,4,0.16363636363636364,0.6727272727272727,0.07272727272727272,14,2.2,14,0.6181818181818182,5.181818181818182,mid
local_swap_p0,local_swap,0,4703,770026580,"72,139,147",111,888,59,3,1,5,9,41,4,0.15254237288135594,0.6949152542372882,0.06779661016949153,15,1.9661016949152543,14,0.6271186440677966,5.305084745762712,mid
local_swap_p0,local_swap,0,4703,770026580,"72,139,147",112,896,59,3,1,5,9,41,4,0.15254237288135594,0.6949152542372882,0.06779661016949153,15,2.0,15,0.6101694915254238,5.52542372881356,mid
local_swap_p0,local_swap,0,4703,770026580,"72,139,147",113,904,57,3,1,5,9,39,4,0.15789473684210525,0.6842105263157895,0.07017543859649122,15,2.1578947368421053,14,0.6491228070175439,5.2631578947368425,mid
local_swap_p0,local_swap,0,4703,770026580,"72,139,147",114,912,60,3,1,5,11,40,4,0.18333333333333332,0.6666666666666666,0.06666666666666667,15,2.1,13,0.6666666666666666,5.316666666666666,mid
local_swap_p0,local_swap,0,4703,770026580,"72,139,147",115,920,61,3,2,5,11,40,5,0.18032786885245902,0.6557377049180327,0.08196721311475409,15,1.9180327868852458,14,0.6557377049180327,5.245901639344262,mid
local_swap_p0,local_swap,0,4703,770026580,"72,139,147",116,928,61,3,2,6,12,38,5,0.19672131147540983,0.6229508196721312,0.08196721311475409,15,2.0327868852459017,12,0.6885245901639344,5.0,mid
local_swap_p0,local_swap,0,4703,770026580,"72,139,147",117,936,63,3,2,6,12,40,5,0.19047619047619047,0.6349206349206349,0.07936507936507936,15,2.015873015873016,11,0.7142857142857143,4.920634920634921,low
local_swap_p0,local_swap,0,4703,770026580,"72,139,147",118,944,62,3,2,6,11,40,5,0.1774193548387097,0.6451612903225806,0.08064516129032258,15,2.064516129032258,11,0.7096774193548387,4.741935483870968,low
local_swap_p0,local_swap,0,4703,770026580,"72,139,147",119,952,62,3,2,6,11,40,5,0.1774193548387097,0.6451612903225806,0.08064516129032258,15,2.0806451612903225,12,0.7096774193548387,4.741935483870968,low
local_swap_p0,local_swap,0,4703,770026580,"72,139,147",120,960,61,3,2,6,11,39,5,0.18032786885245902,0.639344262295082,0.08196721311475409,15,2.1311475409836067,12,0.7049180327868853,4.721311475409836,low
local_swap_p0,local_swap,0,4703,770026580,"72,139,147",121,968,63,3,2,7,9,42,5,0.14285714285714285,0.6666666666666666,0.07936507936507936,15,2.0634920634920637,11,0.7301587301587301,4.857142857142857,low
local_swap_p0,local_swap,0,4703,770026580,"72,139,147",122,976,64,3,2,7,9,43,5,0.140625,0.671875,0.078125,15,2.03125,12,0.703125,5.1875,mid
local_swap_p0,local_swap,0,4703,770026580,"72,139,147",123,984,63,3,2,8,8,42,5,0.12698412698412698,0.6666666666666666,0.07936507936507936,15,2.111111111111111,11,0.746031746031746,5.0476190476190474,mid
local_swap_p0,local_swap,0,4703,770026580,"72,139,147",124,992,65,3,2,8,7,45,5,0.1076923076923077,0.6923076923076923,0.07692307692307693,15,2.0307692307692307,12,0.6923076923076923,5.276923076923077,mid
local_swap_p0,local_swap,0,4703,770026580,"72,139,147",125,1000,67,3,1,8,7,48,4,0.1044776119402985,0.7164179104477612,0.05970149253731343,15,2.1044776119402986,12,0.6716417910447762,5.477611940298507,mid
local_swap_p0,local_swap,0,4703,770026580,"72,139,147",126,1008,68,3,1,9,8,47,4,0.11764705882352941,0.6911764705882353,0.058823529411764705,15,2.161764705882353,14,0.6911764705882353,5.382352941176471,mid
local_swap_p0,local_swap,0,4703,770026580,"72,139,147",127,1016,71,3,1,9,9,49,4,0.1267605633802817,0.6901408450704225,0.056338028169014086,15,2.1549295774647885,11,0.7605633802816901,5.253521126760563,mid
local_swap_p0,local_swap,0,4703,770026580,"72,139,147",128,1024,69,3,1,8,8,49,4,0.11594202898550725,0.7101449275362319,0.057971014492753624,15,2.130434782608696,12,0.7391304347826086,5.333333333333333,mid
local_swap_p0,local_swap,0,4703,770026580,"72,139,147",129,1032,67,3,1,9,8,46,4,0.11940298507462686,0.6865671641791045,0.05970149253731343,15,2.283582089552239,12,0.7313432835820896,5.253731343283582,mid
local_swap_p0,local_swap,0,4703,770026580,"72,139,147",130,1040,67,3,1,9,8,46,4,0.11940298507462686,0.6865671641791045,0.05970149253731343,15,2.1791044776119404,12,0.7611940298507462,5.014925373134329,mid
local_swap_p0,local_swap,0,4703,770026580,"72,139,147",131,1048,69,3,1,9,8,48,4,0.11594202898550725,0.6956521739130435,0.057971014492753624,15,2.260869565217391,11,0.7536231884057971,5.028985507246377,mid
local_swap_p0,local_swap,0,4703,770026580,"72,139,147",132,1056,69,3,1,9,7,49,4,0.10144927536231885,0.7101449275362319,0.057971014492753624,15,2.1739130434782608,13,0.7101449275362319,5.043478260869565,mid
local_swap_p0,local_swap,0,4703,770026580,"72,139,147",133,1064,68,3,1,9,8,47,4,0.11764705882352941,0.6911764705882353,0.058823529411764705,15,2.1323529411764706,11,0.7352941176470589,5.029411764705882,mid
local_swap_p0,local_swap,0,4703,770026580,"72,139,147",134,1072,63,3,1,7,9,43,4,0.14285714285714285,0.6825396825396826,0.06349206349206349,15,2.3492063492063493,14,0.6507936507936508,5.190476190476191,mid
local_swap_p0,local_swap,0,4703,770026580,"72,139,147",135,1080,64,3,1,7,9,44,4,0.140625,0.6875,0.0625,15,2.296875,14,0.65625,5.171875,mid
local_swap_p0,local_swap,0,4703,770026580,"72,139,147",136,1088,65,3,1,7,10,44,4,0.15384615384615385,0.676923076923077,0.06153846153846154,15,2.276923076923077,15,0.6615384615384615,5.184615384615385,mid
local_swap_p0,local_swap,0,4703,770026580,"72,139,147",137,1096,66,3,1,7,11,44,4,0.16666666666666666,0.6666666666666666,0.06060606060606061,15,2.287878787878788,15,0.6515151515151515,5.136363636363637,mid
local_swap_p0,local_swap,0,4703,770026580,"72,139,147",138,1104,66,3,1,6,11,45,4,0.16666666666666666,0.6818181818181818,0.06060606060606061,15,2.227272727272727,15,0.6515151515151515,5.2272727272727275,mid
local_swap_p0,local_swap,0,4703,770026580,"72,139,147",139,1112,70,3,1,6,12,48,4,0.17142857142857143,0.6857142857142857,0.05714285714285714,15,2.1,12,0.7285714285714285,5.128571428571429,mid
local_swap_p0,local_swap,0,4703,770026580,"72,139,147",140,1120,70,3,1,6,12,48,4,0.17142857142857143,0.6857142857142857,0.05714285714285714,15,2.1,12,0.7285714285714285,5.128571428571429,mid
local_swap_p0,local_swap,0,4703,770026580,"72,139,147",141,1128,72,3,1,6,12,50,4,0.16666666666666666,0.6944444444444444,0.05555555555555555,14,2.0416666666666665,12,0.6944444444444444,5.347222222222222,mid
local_swap_p0,local_swap,0,4703,770026580,"72,139,147",142,1136,73,3,1,6,13,50,4,0.1780821917808219,0.684931506849315,0.0547945205479452,14,2.0136986301369864,11,0.7123287671232876,5.136986301369863,mid
local_swap_p0,local_swap,0,4703,770026580,"72,139,147",143,1144,80,3,1,6,13,57,4,0.1625,0.7125,0.05,14,1.75,10,0.7375,5.2875,mid
local_swap_p0,local_swap,0,4703,770026580,"72,139,147",144,1152,81,3,1,6,14,57,4,0.1728395061728395,0.7037037037037037,0.04938271604938271,14,1.8271604938271604,12,0.7407407407407407,5.246913580246914,mid
local_swap_p0,local_swap,0,4703,770026580,"72,139,147",145,1160,78,3,1,6,14,54,4,0.1794871794871795,0.6923076923076923,0.05128205128205128,14,1.9487179487179487,12,0.7307692307692307,5.269230769230769,mid
local_swap_p0,local_swap,0,4703,770026580,"72,139,147",146,1168,75,3,1,6,14,51,4,0.18666666666666668,0.68,0.05333333333333334,14,1.9733333333333334,13,0.72,5.24,mid
local_swap_p0,local_swap,0,4703,770026580,"72,139,147",147,1176,73,3,1,5,11,53,4,0.1506849315068493,0.726027397260274,0.0547945205479452,14,2.0547945205479454,15,0.6712328767123288,5.328767123287672,mid
local_swap_p0,local_swap,0,4703,770026580,"72,139,147",148,1184,77,3,1,5,12,56,4,0.15584415584415584,0.7272727272727273,0.05194805194805195,14,1.922077922077922,11,0.7142857142857143,5.3896103896103895,mid
local_swap_p0,local_swap,0,4703,770026580,"72,139,147",149,1192,77,3,1,5,11,57,4,0.14285714285714285,0.7402597402597403,0.05194805194805195,14,1.896103896103896,15,0.6623376623376623,5.298701298701299,mid
local_swap_p0,local_swap,0,4703,770026580,"72,139,147",150,1200,75,3,1,5,11,55,4,0.14666666666666667,0.7333333333333333,0.05333333333333334,14,2.0,13,0.68,5.293333333333333,mid
local_swap_p0,local_swap,0,4703,770026580,"72,139,147",151,1208,77,3,1,5,12,56,4,0.15584415584415584,0.7272727272727273,0.05194805194805195,14,1.7922077922077921,14,0.7012987012987013,5.246753246753247,mid
local_swap_p0,local_swap,0,4703,770026580,"72,139,147",152,1216,77,3,1,5,11,57,4,0.14285714285714285,0.7402597402597403,0.05194805194805195,14,1.8831168831168832,12,0.6883116883116883,5.246753246753247,mid
local_swap_p0,local_swap,0,4703,770026580,"72,139,147",153,1224,77,3,1,5,10,58,4,0.12987012987012986,0.7532467532467533,0.05194805194805195,14,1.8181818181818181,13,0.6883116883116883,5.2727272727272725,mid
local_swap_p0,local_swap,0,4703,770026580,"72,139,147",154,1232,78,3,1,6,10,58,4,0.1282051282051282,0.7435897435897436,0.05128205128205128,13,1.7820512820512822,14,0.6923076923076923,5.435897435897436,mid
local_swap_p0,local_swap,0,4703,770026580,"72,139,147",155,1240,81,3,1,6,11,60,4,0.13580246913580246,0.7407407407407407,0.04938271604938271,13,1.7901234567901234,9,0.7654320987654321,5.382716049382716,mid
local_swap_p0,local_swap,0,4703,770026580,"72,139,147",156,1248,81,3,1,7,11,59,4,0.13580246913580246,0.7283950617283951,0.04938271604938271,13,1.9753086419753085,8,0.7530864197530864,5.111111111111111,mid
local_swap_p0,local_swap,0,4703,770026580,"72,139,147",157,1256,82,3,1,6,12,60,4,0.14634146341463414,0.7317073170731707,0.04878048780487805,13,1.9024390243902438,9,0.7317073170731707,5.085365853658536,mid
local_swap_p0,local_swap,0,4703,770026580,"72,139,147",158,1264,82,3,1,6,12,60,4,0.14634146341463414,0.7317073170731707,0.04878048780487805,13,1.951219512195122,11,0.6951219512195121,5.158536585365853,mid
local_swap_p0,local_swap,0,4703,770026580,"72,139,147",159,1272,85,3,1,7,12,62,4,0.1411764705882353,0.7294117647058823,0.047058823529411764,13,1.8705882352941177,12,0.6705882352941176,5.141176470588236,mid
local_swap_p0,local_swap,0,4703,770026580,"72,139,147",160,1280,85,3,1,7,11,63,4,0.12941176470588237,0.7411764705882353,0.047058823529411764,13,1.8470588235294119,14,0.6470588235294118,5.129411764705883,mid
local_swap_p0,local_swap,0,4703,770026580,"72,139,147",161,1288,87,3,1,7,12,64,4,0.13793103448275862,0.735632183908046,0.04597701149425287,13,1.839080459770115,17,0.6666666666666666,5.137931034482759,mid
local_swap_p0,local_swap,0,4703,770026580,"72,139,147",162,1296,87,3,1,7,13,63,4,0.14942528735632185,0.7241379310344828,0.04597701149425287,13,1.7126436781609196,13,0.6781609195402298,5.114942528735632,mid
local_swap_p0,local_swap,0,4703,770026580,"72,139,147",163,1304,86,3,1,8,12,62,4,0.13953488372093023,0.7209302325581395,0.046511627906976744,13,1.7209302325581395,12,0.686046511627907,5.104651162790698,mid
local_swap_p0,local_swap,0,4703,770026580,"72,139,147",164,1312,85,3,1,7,11,63,4,0.12941176470588237,0.7411764705882353,0.047058823529411764,13,1.8,12,0.6705882352941176,5.141176470588236,mid
local_swap_p0,local_swap,0,4703,770026580,"72,139,147",165,1320,84,3,1,7,12,61,4,0.14285714285714285,0.7261904761904762,0.047619047619047616,13,1.8452380952380953,13,0.6547619047619048,5.142857142857143,mid
local_swap_p0,local_swap,0,4703,770026580,"72,139,147",166,1328,87,3,1,8,14,61,4,0.16091954022988506,0.7011494252873564,0.04597701149425287,13,1.839080459770115,11,0.8045977011494253,4.954022988505747,low
local_swap_p0,local_swap,0,4703,770026580,"72,139,147",167,1336,89,3,1,8,13,64,4,0.14606741573033707,0.7191011235955056,0.0449438202247191,13,1.7752808988764044,11,0.8089887640449438,4.966292134831461,low
local_swap_p0,local_swap,0,4703,770026580,"72,139,147",168,1344,90,3,2,8,13,64,5,0.14444444444444443,0.7111111111111111,0.05555555555555555,13,1.711111111111111,11,0.8111111111111111,4.933333333333334,low
local_swap_p0,local_swap,0,4703,770026580,"72,139,147",169,1352,90,3,2,7,14,64,5,0.15555555555555556,0.7111111111111111,0.05555555555555555,13,1.6444444444444444,11,0.7888888888888889,4.955555555555556,low
local_swap_p0,local_swap,0,4703,770026580,"72,139,147",170,1360,91,3,2,7,13,66,5,0.14285714285714285,0.7252747252747253,0.054945054945054944,13,1.6813186813186813,14,0.7912087912087912,4.967032967032967,low
local_swap_p0,local_swap,0,4703,770026580,"72,139,147",171,1368,92,3,2,7,13,67,5,0.14130434782608695,0.7282608695652174,0.05434782608695652,13,1.6630434782608696,13,0.7934782608695652,5.0978260869565215,mid
local_swap_p0,local_swap,0,4703,770026580,"72,139,147",172,1376,93,3,2,7,13,68,5,0.13978494623655913,0.7311827956989247,0.053763440860215055,13,1.6344086021505377,11,0.7956989247311828,5.096774193548387,mid
local_swap_p0,local_swap,0,4703,770026580,"72,139,147",173,1384,92,3,2,7,13,67,5,0.14130434782608695,0.7282608695652174,0.05434782608695652,13,1.6956521739130435,13,0.782608695652174,5.021739130434782,mid
local_swap_p0,local_swap,0,4703,770026580,"72,139,147",174,1392,91,3,2,8,13,65,5,0.14285714285714285,0.7142857142857143,0.054945054945054944,13,1.8021978021978022,13,0.8131868131868132,4.978021978021978,low
local_swap_p0,local_swap,0,4703,770026580,"72,139,147",175,1400,94,3,2,8,13,68,5,0.13829787234042554,0.723404255319149,0.05319148936170213,13,1.7446808510638299,15,0.7872340425531915,5.0638297872340425,mid
local_swap_p0,local_swap,0,4703,770026580,"72,139,147",176,1408,96,3,2,8,13,70,5,0.13541666666666666,0.7291666666666666,0.052083333333333336,13,1.6875,15,0.7916666666666666,5.03125,mid
local_swap_p0,local_swap,0,4703,770026580,"72,139,147",177,1416,97,3,2,8,13,71,5,0.13402061855670103,0.7319587628865979,0.05154639175257732,13,1.6288659793814433,15,0.7835051546391752,4.979381443298969,low
local_swap_p0,local_swap,0,4703,770026580,"72,139,147",178,1424,100,3,2,8,14,73,5,0.14,0.73,0.05,13,1.58,15,0.78,4.97,low
local_swap_p0,local_swap,0,4703,770026580,"72,139,147",179,1432,99,3,2,8,14,72,5,0.1414141414141414,0.7272727272727273,0.050505050505050504,13,1.595959595959596,16,0.7777777777777778,4.97979797979798,low
local_swap_p0,local_swap,0,4703,770026580,"72,139,147",180,1440,98,3,2,7,14,72,5,0.14285714285714285,0.7346938775510204,0.05102040816326531,13,1.653061224489796,14,0.7959183673469388,5.0,mid
local_swap_p0,local_swap,0,4703,770026580,"72,139,147",181,1448,102,3,2,7,14,76,5,0.13725490196078433,0.7450980392156863,0.049019607843137254,13,1.4705882352941178,22,0.7058823529411765,5.0,mid
local_swap_p0,local_swap,0,4703,770026580,"72,139,147",182,1456,103,3,2,7,15,76,5,0.14563106796116504,0.7378640776699029,0.04854368932038835,13,1.4271844660194175,19,0.7378640776699029,4.951456310679611,low
local_swap_p0,local_swap,0,4703,770026580,"72,139,147",183,1464,102,3,2,6,15,76,5,0.14705882352941177,0.7450980392156863,0.049019607843137254,13,1.3627450980392157,21,0.7058823529411765,4.970588235294118,low
local_swap_p0,local_swap,0,4703,770026580,"72,139,147",184,1472,104,3,2,6,16,77,5,0.15384615384615385,0.7403846153846154,0.04807692307692308,13,1.3076923076923077,18,0.7211538461538461,5.173076923076923,mid
local_swap_p0,local_swap,0,4703,770026580,"72,139,147",185,1480,108,3,2,8,16,79,5,0.14814814814814814,0.7314814814814815,0.046296296296296294,13,1.2685185185185186,13,0.7777777777777778,5.138888888888889,mid
local_swap_p0,local_swap,0,4703,770026580,"72,139,147",186,1488,108,3,2,9,16,78,5,0.14814814814814814,0.7222222222222222,0.046296296296296294,13,1.2314814814814814,14,0.7962962962962963,5.064814814814815,mid
local_swap_p0,local_swap,0,4703,770026580,"72,139,147",187,1496,109,3,2,9,16,79,5,0.14678899082568808,0.7247706422018348,0.045871559633027525,13,1.2477064220183487,14,0.7981651376146789,5.073394495412844,mid
local_swap_p0,local_swap,0,4703,770026580,"72,139,147",188,1504,109,3,2,9,15,80,5,0.13761467889908258,0.7339449541284404,0.045871559633027525,13,1.238532110091743,15,0.7889908256880734,5.08256880733945,mid
local_swap_p0,local_swap,0,4703,770026580,"72,139,147",189,1512,108,3,2,9,13,81,5,0.12037037037037036,0.75,0.046296296296296294,13,1.287037037037037,16,0.7685185185185185,5.101851851851852,mid
local_swap_p0,local_swap,0,4703,770026580,"72,139,147",190,1520,108,3,2,9,13,81,5,0.12037037037037036,0.75,0.046296296296296294,13,1.2962962962962963,16,0.7685185185185185,5.12037037037037,mid
local_swap_p0,local_swap,0,4703,770026580,"72,139,147",191,1528,110,3,2,9,14,82,5,0.12727272727272726,0.7454545454545455,0.045454545454545456,13,1.3363636363636364,15,0.7818181818181819,5.1,mid
local_swap_p0,local_swap,0,4703,770026580,"72,139,147",192,1536,111,3,2,9,14,83,5,0.12612612612612611,0.7477477477477478,0.04504504504504504,13,1.2882882882882882,16,0.7837837837837838,5.126126126126126,mid
local_swap_p0,local_swap,0,4703,770026580,"72,139,147",193,1544,112,3,2,9,15,83,5,0.13392857142857142,0.7410714285714286,0.044642857142857144,14,1.2857142857142858,17,0.7767857142857143,5.205357142857143,mid
local_swap_p0,local_swap,0,4703,770026580,"72,139,147",194,1552,117,3,2,8,17,87,5,0.1452991452991453,0.7435897435897436,0.042735042735042736,14,1.2393162393162394,19,0.7692307692307693,5.196581196581197,mid
local_swap_p0,local_swap,0,4703,770026580,"72,139,147",195,1560,116,3,2,8,17,86,5,0.14655172413793102,0.7413793103448276,0.04310344827586207,13,1.2586206896551724,22,0.75,5.120689655172414,mid
local_swap_p0,local_swap,0,4703,770026580,"72,139,147",196,1568,115,3,2,8,17,85,5,0.14782608695652175,0.7391304347826086,0.043478260869565216,13,1.3217391304347825,20,0.7478260869565218,5.130434782608695,mid
local_swap_p0,local_swap,0,4703,770026580,"72,139,147",197,1576,118,3,2,8,17,88,5,0.1440677966101695,0.7457627118644068,0.0423728813559322,13,1.2966101694915255,20,0.7457627118644068,5.186440677966102,mid
local_swap_p0,local_swap,0,4703,770026580,"72,139,147",198,1584,118,3,2,7,19,87,5,0.16101694915254236,0.7372881355932204,0.0423728813559322,13,1.2881355932203389,19,0.7372881355932204,5.177966101694915,mid
local_swap_p0,local_swap,0,4703,770026580,"72,139,147",199,1592,119,3,2,7,19,88,5,0.15966386554621848,0.7394957983193278,0.04201680672268908,13,1.2941176470588236,19,0.7394957983193278,5.184873949579832,mid
local_swap_p0,local_swap,0,4703,770026580,"72,139,147",200,1600,122,3,2,8,20,89,5,0.16393442622950818,0.7295081967213115,0.040983606557377046,13,1.2540983606557377,20,0.7459016393442623,5.122950819672131,mid
local_swap_p0,local_swap,0,4703,770026580,"72,139,147",201,1608,121,3,1,8,19,90,4,0.15702479338842976,0.743801652892562,0.03305785123966942,13,1.3305785123966942,19,0.6694214876033058,5.148760330578512,mid
local_swap_p0,local_swap,0,4703,770026580,"72,139,147",202,1616,119,3,1,8,20,87,4,0.16806722689075632,0.7310924369747899,0.03361344537815126,13,1.3445378151260505,18,0.680672268907563,5.1344537815126055,mid
local_swap_p0,local_swap,0,4703,770026580,"72,139,147",203,1624,117,3,1,8,19,86,4,0.1623931623931624,0.7350427350427351,0.03418803418803419,13,1.4017094017094016,22,0.6752136752136753,4.931623931623932,low
local_swap_p0,local_swap,0,4703,770026580,"72,139,147",204,1632,119,3,1,8,19,88,4,0.15966386554621848,0.7394957983193278,0.03361344537815126,13,1.3781512605042017,22,0.6554621848739496,5.0588235294117645,mid
local_swap_p0,local_swap,0,4703,770026580,"72,139,147",205,1640,122,3,1,8,20,90,4,0.16393442622950818,0.7377049180327869,0.03278688524590164,13,1.278688524590164,18,0.680327868852459,5.049180327868853,mid
local_swap_p0,local_swap,0,4703,770026580,"72,139,147",206,1648,121,3,1,8,20,89,4,0.1652892561983471,0.7355371900826446,0.03305785123966942,13,1.2727272727272727,20,0.6528925619834711,4.966942148760331,low
local_swap_p0,local_swap,0,4703,770026580,"72,139,147",207,1656,122,3,1,7,20,91,4,0.16393442622950818,0.7459016393442623,0.03278688524590164,13,1.2622950819672132,21,0.639344262295082,4.967213114754099,low
local_swap_p0,local_swap,0,4703,770026580,"72,139,147",208,1664,122,3,1,7,21,90,4,0.1721311475409836,0.7377049180327869,0.03278688524590164,13,1.3278688524590163,24,0.5983606557377049,5.065573770491803,mid
local_swap_p0,local_swap,0,4703,770026580,"72,139,147",209,1672,123,3,1,7,21,91,4,0.17073170731707318,0.7398373983739838,0.032520325203252036,13,1.3170731707317074,23,0.6097560975609756,4.975609756097561,low
local_swap_p0,local_swap,0,4703,770026580,"72,139,147",210,1680,121,3,1,7,21,89,4,0.17355371900826447,0.7355371900826446,0.03305785123966942,13,1.3636363636363635,25,0.6115702479338843,4.983471074380165,low
local_swap_p0,local_swap,0,4703,770026580,"72,139,147",211,1688,123,3,1,8,17,94,4,0.13821138211382114,0.7642276422764228,0.032520325203252036,16,1.3414634146341464,26,0.6016260162601627,5.2682926829268295,mid
local_swap_p0,local_swap,0,4703,770026580,"72,139,147",212,1696,124,3,1,8,16,96,4,0.12903225806451613,0.7741935483870968,0.03225806451612903,16,1.314516129032258,27,0.6129032258064516,5.209677419354839,mid
local_swap_p0,local_swap,0,4703,770026580,"72,139,147",213,1704,125,3,1,8,17,96,4,0.136,0.768,0.032,16,1.296,27,0.608,5.264,mid
local_swap_p0,local_swap,0,4703,770026580,"72,139,147",214,1712,124,3,1,8,18,94,4,0.14516129032258066,0.7580645161290323,0.03225806451612903,16,1.3064516129032258,26,0.6048387096774194,5.25,mid
local_swap_p0,local_swap,0,4703,770026580,"72,139,147",215,1720,127,3,1,8,18,97,4,0.14173228346456693,0.7637795275590551,0.031496062992125984,16,1.236220472440945,21,0.6456692913385826,5.307086614173229,mid
local_swap_p0,local_swap,0,4703,770026580,"72,139,147",216,1728,126,3,1,8,17,97,4,0.1349206349206349,0.7698412698412699,0.031746031746031744,16,1.2380952380952381,21,0.6428571428571429,5.301587301587301,mid
local_swap_p0,local_swap,0,4703,770026580,"72,139,147",217,1736,128,3,1,8,17,99,4,0.1328125,0.7734375,0.03125,16,1.2265625,22,0.6484375,5.3046875,mid
local_swap_p0,local_swap,0,4703,770026580,"72,139,147",218,1744,126,3,1,9,17,96,4,0.1349206349206349,0.7619047619047619,0.031746031746031744,16,1.2857142857142858,19,0.7936507936507936,5.166666666666667,mid
local_swap_p0,local_swap,0,4703,770026580,"72,139,147",219,1752,123,3,1,9,16,94,4,0.13008130081300814,0.7642276422764228,0.032520325203252036,13,1.3170731707317074,18,0.8048780487804879,5.016260162601626,mid
local_swap_p0,local_swap,0,4703,770026580,"72,139,147",220,1760,120,3,1,9,16,91,4,0.13333333333333333,0.7583333333333333,0.03333333333333333,13,1.425,18,0.8,5.025,mid
local_swap_p0,local_swap,0,4703,770026580,"72,139,147",221,1768,120,3,2,9,15,91,5,0.125,0.7583333333333333,0.041666666666666664,13,1.4,20,0.7833333333333333,5.016666666666667,mid
local_swap_p0,local_swap,0,4703,770026580,"72,139,147",222,1776,121,3,2,9,15,92,5,0.12396694214876033,0.7603305785123967,0.04132231404958678,13,1.396694214876033,19,0.7851239669421488,5.008264462809917,mid
local_swap_p0,local_swap,0,4703,770026580,"72,139,147",223,1784,121,3,2,9,15,92,5,0.12396694214876033,0.7603305785123967,0.04132231404958678,13,1.4462809917355373,19,0.7851239669421488,5.008264462809917,mid
local_swap_p0,local_swap,0,4703,770026580,"72,139,147",224,1792,122,3,3,8,16,92,6,0.13114754098360656,0.7540983606557377,0.04918032786885246,13,1.4426229508196722,20,0.7786885245901639,4.991803278688525,low
local_swap_p0,local_swap,0,4703,770026580,"72,139,147",225,1800,125,3,3,9,16,94,6,0.128,0.752,0.048,13,1.36,16,0.808,5.024,mid
local_swap_p0,local_swap,0,4703,770026580,"72,139,147",226,1808,128,3,3,9,16,97,6,0.125,0.7578125,0.046875,13,1.3203125,15,0.8203125,4.9921875,low
local_swap_p0,local_swap,0,4703,770026580,"72,139,147",227,1816,129,3,3,9,17,97,6,0.13178294573643412,0.751937984496124,0.046511627906976744,13,1.302325581395349,14,0.8372093023255814,4.922480620155039,low
local_swap_p0,local_swap,0,4703,770026580,"72,139,147",228,1824,129,3,3,9,17,97,6,0.13178294573643412,0.751937984496124,0.046511627906976744,13,1.3255813953488371,15,0.8372093023255814,4.9147286821705425,low
local_swap_p0,local_swap,0,4703,770026580,"72,139,147",229,1832,130,3,3,9,17,98,6,0.13076923076923078,0.7538461538461538,0.046153846153846156,13,1.2846153846153847,13,0.8461538461538461,4.969230769230769,low
local_swap_p0,local_swap,0,4703,770026580,"72,139,147",230,1840,130,3,3,9,17,98,6,0.13076923076923078,0.7538461538461538,0.046153846153846156,13,1.2615384615384615,14,0.8384615384615385,4.969230769230769,low
local_swap_p0,local_swap,0,4703,770026580,"72,139,147",231,1848,133,3,3,9,17,101,6,0.12781954887218044,0.7593984962406015,0.045112781954887216,13,1.1954887218045114,17,0.8195488721804511,4.969924812030075,low
local_swap_p0,local_swap,0,4703,770026580,"72,139,147",232,1856,132,3,3,9,17,100,6,0.12878787878787878,0.7575757575757576,0.045454545454545456,13,1.2196969696969697,17,0.8181818181818182,4.96969696969697,low
local_swap_p0,local_swap,0,4703,770026580,"72,139,147",233,1864,135,3,3,9,17,103,6,0.1259259259259259,0.762962962962963,0.044444444444444446,13,1.1925925925925926,13,0.837037037037037,5.051851851851852,mid
local_swap_p0,local_swap,0,4703,770026580,"72,139,147",234,1872,136,3,3,8,19,103,6,0.13970588235294118,0.7573529411764706,0.04411764705882353,13,1.2058823529411764,17,0.7647058823529411,5.044117647058823,mid
local_swap_p0,local_swap,0,4703,770026580,"72,139,147",235,1880,136,3,3,7,20,103,6,0.14705882352941177,0.7573529411764706,0.04411764705882353,13,1.2058823529411764,17,0.7647058823529411,5.0588235294117645,mid
local_swap_p0,local_swap,0,4703,770026580,"72,139,147",236,1888,136,3,3,7,19,104,6,0.13970588235294118,0.7647058823529411,0.04411764705882353,13,1.1691176470588236,14,0.7867647058823529,5.073529411764706,mid
local_swap_p0,local_swap,0,4703,770026580,"72,139,147",237,1896,134,3,3,8,18,102,6,0.13432835820895522,0.7611940298507462,0.04477611940298507,13,1.164179104477612,11,0.8656716417910447,4.947761194029851,low
local_swap_p0,local_swap,0,4703,770026580,"72,139,147",238,1904,130,3,3,9,17,98,6,0.13076923076923078,0.7538461538461538,0.046153846153846156,13,1.2923076923076924,14,0.8153846153846154,5.038461538461538,mid
local_swap_p0,local_swap,0,4703,770026580,"72,139,147",239,1912,132,3,2,9,18,100,5,0.13636363636363635,0.7575757575757576,0.03787878787878788,13,1.2424242424242424,14,0.8106060606060606,5.106060606060606,mid
local_swap_p0,local_swap,0,4703,770026580,"72,139,147",240,1920,132,3,2,9,17,101,5,0.12878787878787878,0.7651515151515151,0.03787878787878788,13,1.2272727272727273,15,0.803030303030303,5.121212121212121,mid
local_swap_p0,local_swap,0,4703,770026580,"72,139,147",241,1928,129,3,2,9,16,99,5,0.12403100775193798,0.7674418604651163,0.03875968992248062,13,1.2248062015503876,13,0.813953488372093,5.131782945736434,mid
local_swap_p0,local_swap,0,4703,770026580,"72,139,147",242,1936,130,3,2,9,20,96,5,0.15384615384615385,0.7384615384615385,0.038461538461538464,13,1.1923076923076923,12,0.8307692307692308,5.030769230769231,mid
local_swap_p0,local_swap,0,4703,770026580,"72,139,147",243,1944,129,3,2,9,20,95,5,0.15503875968992248,0.7364341085271318,0.03875968992248062,13,1.2248062015503876,13,0.8217054263565892,5.038759689922481,mid
local_swap_p0,local_swap,0,4703,770026580,"72,139,147",244,1952,130,3,2,9,20,96,5,0.15384615384615385,0.7384615384615385,0.038461538461538464,13,1.2230769230769232,14,0.8153846153846154,5.015384615384615,mid
local_swap_p0,local_swap,0,4703,770026580,"72,139,147",245,1960,131,3,2,9,20,97,5,0.15267175572519084,0.7404580152671756,0.03816793893129771,13,1.1984732824427482,14,0.816793893129771,5.022900763358779,mid
local_swap_p0,local_swap,0,4703,770026580,"72,139,147",246,1968,131,3,2,9,21,96,5,0.16030534351145037,0.732824427480916,0.03816793893129771,13,1.1908396946564885,16,0.7709923664122137,5.015267175572519,mid
local_swap_p0,local_swap,0,4703,770026580,"72,139,147",247,1976,132,3,2,9,20,98,5,0.15151515151515152,0.7424242424242424,0.03787878787878788,13,1.2121212121212122,17,0.7651515151515151,5.045454545454546,mid
local_swap_p0,local_swap,0,4703,770026580,"72,139,147",248,1984,134,3,2,9,20,100,5,0.14925373134328357,0.746268656716418,0.03731343283582089,13,1.1791044776119404,16,0.7761194029850746,4.947761194029851,low
local_swap_p0,local_swap,0,4703,770026580,"72,139,147",249,1992,135,3,3,8,19,102,6,0.14074074074074075,0.7555555555555555,0.044444444444444446,13,1.0888888888888888,19,0.7555555555555555,5.044444444444444,mid
local_swap_p0,local_swap,0,4703,770026580,"72,139,147",250,2000,131,3,3,8,18,99,6,0.13740458015267176,0.7557251908396947,0.04580152671755725,13,1.1755725190839694,21,0.7404580152671756,5.0,mid
local_swap_p0,local_swap,0,4703,770026580,"72,139,147",251,2008,130,3,3,8,18,98,6,0.13846153846153847,0.7538461538461538,0.046153846153846156,13,1.2,22,0.7461538461538462,4.992307692307692,low
local_swap_p0,local_swap,0,4703,770026580,"72,139,147",252,2016,128,3,3,8,18,96,6,0.140625,0.75,0.046875,13,1.265625,21,0.734375,5.015625,mid
local_swap_p0,local_swap,0,4703,770026580,"72,139,147",253,2024,127,3,3,8,18,95,6,0.14173228346456693,0.7480314960629921,0.047244094488188976,13,1.2440944881889764,18,0.7874015748031497,5.031496062992126,mid
local_swap_p0,local_swap,0,4703,770026580,"72,139,147",254,2032,129,3,3,8,17,98,6,0.13178294573643412,0.7596899224806202,0.046511627906976744,13,1.186046511627907,18,0.7906976744186046,5.054263565891473,mid
local_swap_p0,local_swap,0,4703,770026580,"72,139,147",255,2040,133,3,3,8,20,99,6,0.15037593984962405,0.7443609022556391,0.045112781954887216,13,1.150375939849624,18,0.7969924812030075,5.007518796992481,mid
local_swap_p0,local_swap,0,4703,770026580,"72,139,147",256,2048,132,3,3,8,19,99,6,0.14393939393939395,0.75,0.045454545454545456,13,1.1136363636363635,17,0.803030303030303,5.083333333333333,mid
local_swap_p0,local_swap,0,4703,770026580,"72,139,147",257,2056,130,3,3,8,19,97,6,0.14615384615384616,0.7461538461538462,0.046153846153846156,13,1.146153846153846,17,0.8,5.076923076923077,mid
local_swap_p0,local_swap,0,4703,770026580,"72,139,147",258,2064,133,3,3,9,19,99,6,0.14285714285714285,0.7443609022556391,0.045112781954887216,13,1.1353383458646618,19,0.7819548872180451,5.097744360902255,mid
local_swap_p0,local_swap,0,4703,770026580,"72,139,147",259,2072,132,3,3,8,20,98,6,0.15151515151515152,0.7424242424242424,0.045454545454545456,13,1.143939393939394,19,0.7803030303030303,5.090909090909091,mid
local_swap_p0,local_swap,0,4703,770026580,"72,139,147",260,2080,132,3,3,8,21,97,6,0.1590909090909091,0.7348484848484849,0.045454545454545456,13,1.1363636363636365,19,0.7878787878787878,5.0227272727272725,mid
local_swap_p0,local_swap,0,4703,770026580,"72,139,147",261,2088,134,3,3,8,21,99,6,0.15671641791044777,0.7388059701492538,0.04477611940298507,13,1.0895522388059702,18,0.7985074626865671,5.022388059701493,mid
local_swap_p0,local_swap,0,4703,770026580,"72,139,147",262,2096,135,3,3,9,21,99,6,0.15555555555555556,0.7333333333333333,0.044444444444444446,13,1.0592592592592593,16,0.8148148148148148,4.977777777777778,low
local_swap_p0,local_swap,0,4703,770026580,"72,139,147",263,2104,135,3,3,9,22,98,6,0.16296296296296298,0.725925925925926,0.044444444444444446,13,1.037037037037037,16,0.8222222222222222,4.911111111111111,low
local_swap_p0,local_swap,0,4703,770026580,"72,139,147",264,2112,139,3,3,8,24,101,6,0.17266187050359713,0.7266187050359713,0.04316546762589928,13,1.0,17,0.7985611510791367,4.920863309352518,low
local_swap_p0,local_swap,0,4703,770026580,"72,139,147",265,2120,138,3,3,8,24,100,6,0.17391304347826086,0.7246376811594203,0.043478260869565216,13,1.0144927536231885,17,0.7971014492753623,4.905797101449275,low
local_swap_p0,local_swap,0,4703,770026580,"72,139,147",266,2128,140,3,3,8,22,104,6,0.15714285714285714,0.7428571428571429,0.04285714285714286,13,1.0928571428571427,15,0.8071428571428572,4.9071428571428575,low
local_swap_p0,local_swap,0,4703,770026580,"72,139,147",267,2136,139,3,3,8,22,103,6,0.15827338129496402,0.7410071942446043,0.04316546762589928,13,1.0863309352517985,16,0.7985611510791367,4.956834532374101,low
local_swap_p0,local_swap,0,4703,770026580,"72,139,147",268,2144,137,3,3,8,22,101,6,0.16058394160583941,0.7372262773722628,0.043795620437956206,13,1.1240875912408759,17,0.7956204379562044,4.934306569343065,low
local_swap_p0,local_swap,0,4703,770026580,"72,139,147",269,2152,138,3,3,8,21,103,6,0.15217391304347827,0.7463768115942029,0.043478260869565216,13,1.1521739130434783,17,0.7971014492753623,4.942028985507246,low
local_swap_p0,local_swap,0,4703,770026580,"72,139,147",270,2160,139,3,3,8,21,104,6,0.1510791366906475,0.7482014388489209,0.04316546762589928,13,1.1510791366906474,18,0.7769784172661871,5.0071942446043165,mid
local_swap_p0,local_swap,0,4703,770026580,"72,139,147",271,2168,140,3,3,8,21,105,6,0.15,0.75,0.04285714285714286,13,1.1642857142857144,19,0.7785714285714286,5.014285714285714,mid
local_swap_p0,local_swap,0,4703,770026580,"72,139,147",272,2176,140,3,3,8,21,105,6,0.15,0.75,0.04285714285714286,13,1.1642857142857144,18,0.7857142857142857,5.007142857142857,mid
local_swap_p0,local_swap,0,4703,770026580,"72,139,147",273,2184,141,3,3,8,21,106,6,0.14893617021276595,0.75177304964539,0.0425531914893617,13,1.1702127659574468,17,0.7801418439716312,5.049645390070922,mid
local_swap_p0,local_swap,0,4703,770026580,"72,139,147",274,2192,145,3,3,9,21,109,6,0.14482758620689656,0.7517241379310344,0.041379310344827586,13,1.0827586206896551,16,0.7931034482758621,5.0344827586206895,mid
local_swap_p0,local_swap,0,4703,770026580,"72,139,147",275,2200,148,3,3,9,21,112,6,0.14189189189189189,0.7567567567567568,0.04054054054054054,13,1.0337837837837838,15,0.7905405405405406,5.101351351351352,mid
local_swap_p0,local_swap,0,4703,770026580,"72,139,147",276,2208,148,3,3,9,21,112,6,0.14189189189189189,0.7567567567567568,0.04054054054054054,13,1.0405405405405406,16,0.7837837837837838,5.101351351351352,mid
local_swap_p0,local_swap,0,4703,770026580,"72,139,147",277,2216,151,3,3,9,22,114,6,0.1456953642384106,0.7549668874172185,0.039735099337748346,13,1.0596026490066226,16,0.7947019867549668,5.105960264900662,mid
local_swap_p0,local_swap,0,4703,770026580,"72,139,147",278,2224,151,3,3,9,22,114,6,0.1456953642384106,0.7549668874172185,0.039735099337748346,13,1.0662251655629138,15,0.8079470198675497,5.086092715231788,mid
local_swap_p0,local_swap,0,4703,770026580,"72,139,147",279,2232,147,3,3,10,22,109,6,0.14965986394557823,0.7414965986394558,0.04081632653061224,13,1.1768707482993197,13,0.8435374149659864,5.081632653061225,mid
local_swap_p0,local_swap,0,4703,770026580,"72,139,147",280,2240,147,3,3,10,22,109,6,0.14965986394557823,0.7414965986394558,0.04081632653061224,13,1.1768707482993197,14,0.8367346938775511,5.074829931972789,mid
local_swap_p0,local_swap,0,4703,770026580,"72,139,147",281,2248,147,3,3,10,22,109,6,0.14965986394557823,0.7414965986394558,0.04081632653061224,13,1.1768707482993197,14,0.8367346938775511,5.074829931972789,mid
local_swap_p0,local_swap,0,4703,770026580,"72,139,147",282,2256,150,3,3,10,22,112,6,0.14666666666666667,0.7466666666666667,0.04,13,1.1333333333333333,13,0.84,5.086666666666667,mid
local_swap_p0,local_swap,0,4703,770026580,"72,139,147",283,2264,153,3,3,10,22,115,6,0.1437908496732026,0.7516339869281046,0.0392156862745098,13,1.0849673202614378,13,0.8431372549019608,5.084967320261438,mid
local_swap_p0,local_swap,0,4703,770026580,"72,139,147",284,2272,156,3,3,10,22,118,6,0.14102564102564102,0.7564102564102564,0.038461538461538464,13,1.044871794871795,13,0.8397435897435898,5.141025641025641,mid
local_swap_p0,local_swap,0,4703,770026580,"72,139,147",285,2280,161,3,3,10,23,122,6,0.14285714285714285,0.7577639751552795,0.037267080745341616,13,0.968944099378882,13,0.84472049689441,5.118012422360248,mid
local_swap_p0,local_swap,0,4703,770026580,"72,139,147",286,2288,162,3,3,10,24,122,6,0.14814814814814814,0.7530864197530864,0.037037037037037035,13,1.0123456790123457,16,0.8333333333333334,5.067901234567901,mid
local_swap_p0,local_swap,0,4703,770026580,"72,139,147",287,2296,163,3,3,10,24,123,6,0.147239263803681,0.754601226993865,0.03680981595092025,13,0.9815950920245399,17,0.8343558282208589,5.079754601226994,mid
local_swap_p0,local_swap,0,4703,770026580,"72,139,147",288,2304,165,3,3,10,24,125,6,0.14545454545454545,0.7575757575757576,0.03636363636363636,13,0.9575757575757575,17,0.8363636363636363,5.1030303030303035,mid
local_swap_p0,local_swap,0,4703,770026580,"72,139,147",289,2312,167,3,3,10,23,128,6,0.1377245508982036,0.7664670658682635,0.03592814371257485,13,0.9221556886227545,17,0.8383233532934131,5.1017964071856285,mid
local_swap_p0,local_swap,0,4703,770026580,"72,139,147",290,2320,169,3,3,10,23,130,6,0.13609467455621302,0.7692307692307693,0.03550295857988166,13,0.9763313609467456,21,0.7751479289940828,5.094674556213017,mid
local_swap_p0,local_swap,0,4703,770026580,"72,139,147",291,2328,169,3,3,10,23,130,6,0.13609467455621302,0.7692307692307693,0.03550295857988166,13,0.9585798816568047,18,0.7928994082840237,5.088757396449704,mid
local_swap_p0,local_swap,0,4703,770026580,"72,139,147",292,2336,172,3,4,10,23,132,7,0.13372093023255813,0.7674418604651163,0.040697674418604654,15,0.936046511627907,17,0.7848837209302325,5.1686046511627906,mid
local_swap_p0,local_swap,0,4703,770026580,"72,139,147",293,2344,171,3,4,10,23,131,7,0.13450292397660818,0.7660818713450293,0.04093567251461988,15,0.9181286549707602,17,0.7953216374269005,5.111111111111111,mid
local_swap_p0,local_swap,0,4703,770026580,"72,139,147",294,2352,172,3,4,10,22,133,7,0.12790697674418605,0.7732558139534884,0.040697674418604654,15,0.9244186046511628,16,0.8372093023255814,5.203488372093023,mid
local_swap_p0,local_swap,0,4703,770026580,"72,139,147",295,2360,169,3,4,10,22,130,7,0.1301775147928994,0.7692307692307693,0.04142011834319527,15,0.9408284023668639,15,0.8402366863905325,5.207100591715976,mid
local_swap_p0,local_swap,0,4703,770026580,"72,139,147",296,2368,168,3,4,10,22,129,7,0.13095238095238096,0.7678571428571429,0.041666666666666664,15,0.9583333333333334,15,0.8392857142857143,5.190476190476191,mid
local_swap_p0,local_swap,0,4703,770026580,"72,139,147",297,2376,168,3,4,10,23,128,7,0.13690476190476192,0.7619047619047619,0.041666666666666664,15,0.9523809523809523,14,0.8452380952380952,5.232142857142857,mid
local_swap_p0,local_swap,0,4703,770026580,"72,139,147",298,2384,169,3,4,10,23,129,7,0.13609467455621302,0.7633136094674556,0.04142011834319527,15,0.9289940828402367,13,0.8579881656804734,5.201183431952662,mid
local_swap_p0,local_swap,0,4703,770026580,"72,139,147",299,2392,168,3,4,10,22,129,7,0.13095238095238096,0.7678571428571429,0.041666666666666664,15,0.9940476190476191,14,0.8452380952380952,5.226190476190476,mid
local_swap_p0,local_swap,0,4703,770026580,"72,139,147",300,2400,170,3,4,10,22,131,7,0.12941176470588237,0.7705882352941177,0.041176470588235294,15,0.9588235294117647,14,0.8470588235294118,5.288235294117647,mid
local_swap_p0,local_swap,0,4703,770026580,"72,139,147",301,2408,168,3,4,10,22,129,7,0.13095238095238096,0.7678571428571429,0.041666666666666664,15,0.9583333333333334,15,0.8452380952380952,5.285714285714286,mid
local_swap_p0,local_swap,0,4703,770026580,"72,139,147",302,2416,168,3,4,10,22,129,7,0.13095238095238096,0.7678571428571429,0.041666666666666664,15,0.9583333333333334,15,0.8452380952380952,5.285714285714286,mid
local_swap_p0,local_swap,0,4703,770026580,"72,139,147",303,2424,169,3,4,10,23,129,7,0.13609467455621302,0.7633136094674556,0.04142011834319527,15,0.9408284023668639,14,0.8461538461538461,5.3076923076923075,mid
local_swap_p0,local_swap,0,4703,770026580,"72,139,147",304,2432,170,3,4,10,24,129,7,0.1411764705882353,0.7588235294117647,0.041176470588235294,15,0.9647058823529412,12,0.8529411764705882,5.294117647058823,mid
local_swap_p0,local_swap,0,4703,770026580,"72,139,147",305,2440,170,3,4,10,24,129,7,0.1411764705882353,0.7588235294117647,0.041176470588235294,15,0.9764705882352941,12,0.8588235294117647,5.182352941176471,mid
local_swap_p0,local_swap,0,4703,770026580,"72,139,147",306,2448,172,3,4,10,24,131,7,0.13953488372093023,0.7616279069767442,0.040697674418604654,15,0.9476744186046512,12,0.8604651162790697,5.174418604651163,mid
local_swap_p0,local_swap,0,4703,770026580,"72,139,147",307,2456,173,3,4,10,24,132,7,0.13872832369942195,0.7630057803468208,0.04046242774566474,15,0.9364161849710982,12,0.8554913294797688,5.213872832369942,mid
local_swap_p0,local_swap,0,4703,770026580,"72,139,147",308,2464,172,3,4,10,24,131,7,0.13953488372093023,0.7616279069767442,0.040697674418604654,15,0.8895348837209303,12,0.8546511627906976,5.238372093023256,mid
local_swap_p0,local_swap,0,4703,770026580,"72,139,147",309,2472,172,3,4,10,23,132,7,0.13372093023255813,0.7674418604651163,0.040697674418604654,15,0.9302325581395349,14,0.8313953488372093,5.238372093023256,mid
local_swap_p0,local_swap,0,4703,770026580,"72,139,147",310,2480,172,3,4,10,22,133,7,0.12790697674418605,0.7732558139534884,0.040697674418604654,15,0.9476744186046512,15,0.8255813953488372,5.308139534883721,mid
local_swap_p0,local_swap,0,4703,770026580,"72,139,147",311,2488,175,3,4,10,24,134,7,0.13714285714285715,0.7657142857142857,0.04,15,0.9257142857142857,15,0.8285714285714286,5.274285714285714,mid
local_swap_p0,local_swap,0,4703,770026580,"72,139,147",312,2496,173,3,5,10,24,131,8,0.13872832369942195,0.7572254335260116,0.046242774566473986,15,0.9364161849710982,16,0.8323699421965318,5.242774566473988,mid
local_swap_p0,local_swap,0,4703,770026580,"72,139,147",313,2504,173,3,5,10,25,130,8,0.14450867052023122,0.7514450867052023,0.046242774566473986,15,0.930635838150289,16,0.8323699421965318,5.23121387283237,mid
local_swap_p0,local_swap,0,4703,770026580,"72,139,147",314,2512,173,3,5,10,24,131,8,0.13872832369942195,0.7572254335260116,0.046242774566473986,15,0.9595375722543352,16,0.8323699421965318,5.236994219653179,mid
local_swap_p0,local_swap,0,4703,770026580,"72,139,147",315,2520,172,3,5,10,24,130,8,0.13953488372093023,0.7558139534883721,0.046511627906976744,15,0.9767441860465116,18,0.7965116279069767,5.232558139534884,mid
local_swap_p0,local_swap,0,4703,770026580,"72,139,147",316,2528,172,3,5,10,24,130,8,0.13953488372093023,0.7558139534883721,0.046511627906976744,15,0.9883720930232558,19,0.7906976744186046,5.238372093023256,mid
local_swap_p0,local_swap,0,4703,770026580,"72,139,147",317,2536,172,3,5,10,23,131,8,0.13372093023255813,0.7616279069767442,0.046511627906976744,15,0.9767441860465116,19,0.7906976744186046,5.261627906976744,mid
local_swap_p0,local_swap,0,4703,770026580,"72,139,147",318,2544,173,3,5,10,24,131,8,0.13872832369942195,0.7572254335260116,0.046242774566473986,15,0.9884393063583815,20,0.7861271676300579,5.2485549132947975,mid
local_swap_p0,local_swap,0,4703,770026580,"72,139,147",319,2552,176,3,5,10,24,134,8,0.13636363636363635,0.7613636363636364,0.045454545454545456,15,0.9488636363636364,20,0.7897727272727273,5.25,mid
local_swap_p0,local_swap,0,4703,770026580,"72,139,147",320,2560,177,3,5,10,23,136,8,0.12994350282485875,0.768361581920904,0.04519774011299435,15,0.943502824858757,22,0.7740112994350282,5.299435028248587,mid
local_swap_p0,local_swap,0,4751,770026628,"72,139,147",0,0,3,3,0,0,0,0,3,0.0,0.0,1.0,0,2.6666666666666665,1,1.0,0.0,low
local_swap_p0,local_swap,0,4751,770026628,"72,139,147",1,8,3,3,0,0,0,0,3,0.0,0.0,1.0,0,2.6666666666666665,1,1.0,0.0,low
local_swap_p0,local_swap,0,4751,770026628,"72,139,147",2,16,3,3,0,0,0,0,3,0.0,0.0,1.0,0,2.6666666666666665,1,1.0,0.0,low
local_swap_p0,local_swap,0,4751,770026628,"72,139,147",3,24,3,3,0,0,0,0,3,0.0,0.0,1.0,0,2.6666666666666665,1,1.0,0.0,low
local_swap_p0,local_swap,0,4751,770026628,"72,139,147",4,32,3,3,0,0,0,0,3,0.0,0.0,1.0,0,2.6666666666666665,1,1.0,0.0,low
local_swap_p0,local_swap,0,4751,770026628,"72,139,147",5,40,4,3,1,0,0,0,4,0.0,0.0,1.0,1,2.0,1,1.0,0.25,low
local_swap_p0,local_swap,0,4751,770026628,"72,139,147",6,48,4,3,1,0,0,0,4,0.0,0.0,1.0,1,2.0,1,1.0,0.25,low
local_swap_p0,local_swap,0,4751,770026628,"72,139,147",7,56,4,3,1,0,0,0,4,0.0,0.0,1.0,1,2.0,1,1.0,0.25,low
local_swap_p0,local_swap,0,4751,770026628,"72,139,147",8,64,4,3,1,0,0,0,4,0.0,0.0,1.0,1,2.0,1,1.0,0.25,low
local_swap_p0,local_swap,0,4751,770026628,"72,139,147",9,72,4,3,1,0,0,0,4,0.0,0.0,1.0,1,1.75,1,1.0,0.25,low
local_swap_p0,local_swap,0,4751,770026628,"72,139,147",10,80,4,3,1,0,0,0,4,0.0,0.0,1.0,1,1.75,1,1.0,0.25,low
local_swap_p0,local_swap,0,4751,770026628,"72,139,147",11,88,4,3,1,0,0,0,4,0.0,0.0,1.0,1,1.75,1,1.0,0.25,low
local_swap_p0,local_swap,0,4751,770026628,"72,139,147",12,96,4,3,1,0,0,0,4,0.0,0.0,1.0,1,3.5,1,1.0,0.25,low
local_swap_p0,local_swap,0,4751,770026628,"72,139,147",13,104,4,3,1,0,0,0,4,0.0,0.0,1.0,1,3.5,1,1.0,0.25,low
local_swap_p0,local_swap,0,4751,770026628,"72,139,147",14,112,4,3,1,0,0,0,4,0.0,0.0,1.0,1,3.5,1,1.0,0.25,low
local_swap_p0,local_swap,0,4751,770026628,"72,139,147",15,120,4,3,1,0,0,0,4,0.0,0.0,1.0,1,3.5,1,1.0,0.25,low
local_swap_p0,local_swap,0,4751,770026628,"72,139,147",16,128,4,3,1,0,0,0,4,0.0,0.0,1.0,1,3.5,1,1.0,0.25,low
local_swap_p0,local_swap,0,4751,770026628,"72,139,147",17,136,5,3,1,1,0,0,4,0.0,0.0,0.8,2,4.4,1,1.0,0.6,low
local_swap_p0,local_swap,0,4751,770026628,"72,139,147",18,144,5,3,1,1,0,0,4,0.0,0.0,0.8,2,4.4,1,1.0,0.6,low
local_swap_p0,local_swap,0,4751,770026628,"72,139,147",19,152,5,3,0,2,0,0,3,0.0,0.0,0.6,2,4.4,3,0.6,0.8,low
local_swap_p0,local_swap,0,4751,770026628,"72,139,147",20,160,5,3,0,2,0,0,3,0.0,0.0,0.6,2,4.4,3,0.6,0.8,low
local_swap_p0,local_swap,0,4751,770026628,"72,139,147",21,168,5,3,0,2,0,0,3,0.0,0.0,0.6,2,4.4,3,0.6,0.8,low
local_swap_p0,local_swap,0,4751,770026628,"72,139,147",22,176,5,3,0,2,0,0,3,0.0,0.0,0.6,2,4.4,3,0.6,0.8,low
local_swap_p0,local_swap,0,4751,770026628,"72,139,147",23,184,5,3,0,2,0,0,3,0.0,0.0,0.6,2,4.4,3,0.6,0.8,low
local_swap_p0,local_swap,0,4751,770026628,"72,139,147",24,192,5,3,0,2,0,0,3,0.0,0.0,0.6,2,4.4,3,0.6,0.8,low
local_swap_p0,local_swap,0,4751,770026628,"72,139,147",25,200,5,3,0,2,0,0,3,0.0,0.0,0.6,2,4.4,3,0.6,0.8,low
local_swap_p0,local_swap,0,4751,770026628,"72,139,147",26,208,5,3,0,2,0,0,3,0.0,0.0,0.6,2,4.4,3,0.6,0.8,low
local_swap_p0,local_swap,0,4751,770026628,"72,139,147",27,216,6,3,0,2,1,0,3,0.16666666666666666,0.0,0.5,3,6.833333333333333,4,0.5,1.1666666666666667,low
local_swap_p0,local_swap,0,4751,770026628,"72,139,147",28,224,6,3,1,1,0,1,4,0.0,0.16666666666666666,0.6666666666666666,4,5.166666666666667,2,0.8333333333333334,1.1666666666666667,low
local_swap_p0,local_swap,0,4751,770026628,"72,139,147",29,232,5,3,0,1,0,1,3,0.0,0.2,0.6,5,3.6,3,0.6,1.4,low
local_swap_p0,local_swap,0,4751,770026628,"72,139,147",30,240,7,3,0,1,0,3,3,0.0,0.42857142857142855,0.42857142857142855,5,3.7142857142857144,4,0.42857142857142855,2.2857142857142856,low
local_swap_p0,local_swap,0,4751,770026628,"72,139,147",31,248,8,3,1,1,0,3,4,0.0,0.375,0.5,13,3.25,4,0.5,4.125,low
local_swap_p0,local_swap,0,4751,770026628,"72,139,147",32,256,6,3,0,2,0,1,3,0.0,0.16666666666666666,0.5,5,3.5,4,0.5,1.5,low
local_swap_p0,local_swap,0,4751,770026628,"72,139,147",33,264,8,3,1,0,1,3,4,0.125,0.375,0.5,6,2.125,4,0.5,2.25,low
local_swap_p0,local_swap,0,4751,770026628,"72,139,147",34,272,10,3,1,0,2,4,4,0.2,0.4,0.4,5,3.1,5,0.4,2.4,low
local_swap_p0,local_swap,0,4751,770026628,"72,139,147",35,280,8,3,0,1,0,4,3,0.0,0.5,0.375,4,3.125,5,0.375,2.25,low
local_swap_p0,local_swap,0,4751,770026628,"72,139,147",36,288,10,3,0,2,1,4,3,0.1,0.4,0.3,5,3.0,6,0.3,2.4,low
local_swap_p0,local_swap,0,4751,770026628,"72,139,147",37,296,10,3,0,2,1,4,3,0.1,0.4,0.3,5,2.6,8,0.3,2.4,low
local_swap_p0,local_swap,0,4751,770026628,"72,139,147",38,304,10,3,0,2,3,2,3,0.3,0.2,0.3,5,3.7,7,0.3,2.2,low
local_swap_p0,local_swap,0,4751,770026628,"72,139,147",39,312,11,3,0,2,4,2,3,0.36363636363636365,0.18181818181818182,0.2727272727272727,5,3.5454545454545454,7,0.2727272727272727,2.272727272727273,low
local_swap_p0,local_swap,0,4751,770026628,"72,139,147",40,320,12,3,0,3,3,3,3,0.25,0.25,0.25,5,3.3333333333333335,7,0.25,2.3333333333333335,low
local_swap_p0,local_swap,0,4751,770026628,"72,139,147",41,328,12,3,0,2,3,4,3,0.25,0.3333333333333333,0.25,5,2.75,9,0.25,2.5,low
local_swap_p0,local_swap,0,4751,770026628,"72,139,147",42,336,10,3,0,2,1,4,3,0.1,0.4,0.3,5,3.3,8,0.3,2.4,low
local_swap_p0,local_swap,0,4751,770026628,"72,139,147",43,344,10,3,0,2,2,3,3,0.2,0.3,0.3,5,4.4,7,0.3,2.3,low
local_swap_p0,local_swap,0,4751,770026628,"72,139,147",44,352,12,3,1,1,1,6,4,0.08333333333333333,0.5,0.3333333333333333,10,3.8333333333333335,7,0.3333333333333333,3.5,low
local_swap_p0,local_swap,0,4751,770026628,"72,139,147",45,360,14,3,0,1,1,9,3,0.07142857142857142,0.6428571428571429,0.21428571428571427,10,3.642857142857143,10,0.21428571428571427,4.0,low
local_swap_p0,local_swap,0,4751,770026628,"72,139,147",46,368,16,3,0,1,2,10,3,0.125,0.625,0.1875,10,3.375,11,0.1875,3.9375,low
local_swap_p0,local_swap,0,4751,770026628,"72,139,147",47,376,14,3,0,2,1,8,3,0.07142857142857142,0.5714285714285714,0.21428571428571427,6,3.7142857142857144,11,0.21428571428571427,3.0714285714285716,low
local_swap_p0,local_swap,0,4751,770026628,"72,139,147",48,384,14,3,1,1,4,5,4,0.2857142857142857,0.35714285714285715,0.2857142857142857,6,4.071428571428571,9,0.2857142857142857,2.7857142857142856,low
local_swap_p0,local_swap,0,4751,770026628,"72,139,147",49,392,12,3,1,0,5,3,4,0.4166666666666667,0.25,0.3333333333333333,6,4.5,6,0.3333333333333333,2.5833333333333335,low
local_swap_p0,local_swap,0,4751,770026628,"72,139,147",50,400,15,3,1,1,6,4,4,0.4,0.26666666666666666,0.26666666666666666,6,4.4,7,0.3333333333333333,2.6666666666666665,low
local_swap_p0,local_swap,0,4751,770026628,"72,139,147",51,408,16,3,2,2,4,5,5,0.25,0.3125,0.3125,6,4.0,8,0.5,2.5625,low
local_swap_p0,local_swap,0,4751,770026628,"72,139,147",52,416,16,3,3,1,3,6,6,0.1875,0.375,0.375,6,3.0,8,0.5,2.5625,low
local_swap_p0,local_swap,0,4751,770026628,"72,139,147",53,424,14,3,3,1,4,3,6,0.2857142857142857,0.21428571428571427,0.42857142857142855,5,4.642857142857143,6,0.5714285714285714,2.142857142857143,low
local_swap_p0,local_swap,0,4751,770026628,"72,139,147",54,432,13,3,3,1,5,1,6,0.38461538461538464,0.07692307692307693,0.46153846153846156,6,4.153846153846154,6,0.6153846153846154,2.0,low
local_swap_p0,local_swap,0,4751,770026628,"72,139,147",55,440,13,3,3,1,5,1,6,0.38461538461538464,0.07692307692307693,0.46153846153846156,6,4.153846153846154,6,0.6153846153846154,2.0,low
local_swap_p0,local_swap,0,4751,770026628,"72,139,147",56,448,12,3,2,1,4,2,5,0.3333333333333333,0.16666666666666666,0.4166666666666667,6,2.6666666666666665,6,0.5833333333333334,2.1666666666666665,low
local_swap_p0,local_swap,0,4751,770026628,"72,139,147",57,456,12,3,2,1,4,2,5,0.3333333333333333,0.16666666666666666,0.4166666666666667,6,2.8333333333333335,7,0.5,2.1666666666666665,low
local_swap_p0,local_swap,0,4751,770026628,"72,139,147",58,464,13,3,3,1,4,2,6,0.3076923076923077,0.15384615384615385,0.46153846153846156,6,2.923076923076923,7,0.5384615384615384,2.076923076923077,low
local_swap_p0,local_swap,0,4751,770026628,"72,139,147",59,472,15,3,3,1,4,4,6,0.26666666666666666,0.26666666666666666,0.4,10,3.066666666666667,8,0.4666666666666667,3.066666666666667,low
local_swap_p0,local_swap,0,4751,770026628,"72,139,147",60,480,17,3,2,3,1,8,5,0.058823529411764705,0.47058823529411764,0.29411764705882354,10,3.0588235294117645,9,0.4117647058823529,3.3529411764705883,low
local_swap_p0,local_swap,0,4751,770026628,"72,139,147",61,488,17,3,2,3,1,8,5,0.058823529411764705,0.47058823529411764,0.29411764705882354,10,3.0588235294117645,9,0.4117647058823529,3.3529411764705883,low
local_swap_p0,local_swap,0,4751,770026628,"72,139,147",62,496,19,3,2,3,2,9,5,0.10526315789473684,0.47368421052631576,0.2631578947368421,10,3.9473684210526314,9,0.3684210526315789,3.4210526315789473,low
local_swap_p0,local_swap,0,4751,770026628,"72,139,147",63,504,20,3,2,3,3,9,5,0.15,0.45,0.25,10,3.9,9,0.35,3.4,low
local_swap_p0,local_swap,0,4751,770026628,"72,139,147",64,512,20,3,2,3,3,9,5,0.15,0.45,0.25,10,3.9,9,0.35,3.4,low
local_swap_p0,local_swap,0,4751,770026628,"72,139,147",65,520,23,3,2,3,4,11,5,0.17391304347826086,0.4782608695652174,0.21739130434782608,10,3.608695652173913,8,0.34782608695652173,3.4782608695652173,low
local_swap_p0,local_swap,0,4751,770026628,"72,139,147",66,528,23,3,2,3,4,11,5,0.17391304347826086,0.4782608695652174,0.21739130434782608,10,3.608695652173913,8,0.34782608695652173,3.4782608695652173,low
local_swap_p0,local_swap,0,4751,770026628,"72,139,147",67,536,23,3,2,3,5,10,5,0.21739130434782608,0.43478260869565216,0.21739130434782608,10,3.739130434782609,9,0.30434782608695654,3.4782608695652173,low
local_swap_p0,local_swap,0,4751,770026628,"72,139,147",68,544,25,3,2,3,5,12,5,0.2,0.48,0.2,10,3.76,10,0.28,3.56,low
local_swap_p0,local_swap,0,4751,770026628,"72,139,147",69,552,21,3,2,1,4,11,5,0.19047619047619047,0.5238095238095238,0.23809523809523808,11,3.9047619047619047,10,0.2857142857142857,3.761904761904762,low
local_swap_p0,local_swap,0,4751,770026628,"72,139,147",70,560,21,3,2,1,5,10,5,0.23809523809523808,0.47619047619047616,0.23809523809523808,11,4.428571428571429,11,0.23809523809523808,3.6666666666666665,low
local_swap_p0,local_swap,0,4751,770026628,"72,139,147",71,568,21,3,1,1,5,11,4,0.23809523809523808,0.5238095238095238,0.19047619047619047,11,4.666666666666667,11,0.23809523809523808,3.761904761904762,low
local_swap_p0,local_swap,0,4751,770026628,"72,139,147",72,576,22,3,2,1,4,12,5,0.18181818181818182,0.5454545454545454,0.22727272727272727,11,4.909090909090909,10,0.3181818181818182,3.727272727272727,low
local_swap_p0,local_swap,0,4751,770026628,"72,139,147",73,584,23,3,2,1,5,12,5,0.21739130434782608,0.5217391304347826,0.21739130434782608,11,4.608695652173913,9,0.391304347826087,3.6956521739130435,low
local_swap_p0,local_swap,0,4751,770026628,"72,139,147",74,592,23,3,2,0,6,12,5,0.2608695652173913,0.5217391304347826,0.21739130434782608,11,4.217391304347826,12,0.21739130434782608,3.782608695652174,low
local_swap_p0,local_swap,0,4751,770026628,"72,139,147",75,600,21,3,2,0,3,13,5,0.14285714285714285,0.6190476190476191,0.23809523809523808,11,4.0,13,0.23809523809523808,3.9047619047619047,low
local_swap_p0,local_swap,0,4751,770026628,"72,139,147",76,608,23,3,2,0,4,14,5,0.17391304347826086,0.6086956521739131,0.21739130434782608,11,4.130434782608695,11,0.30434782608695654,3.9565217391304346,low
local_swap_p0,local_swap,0,4751,770026628,"72,139,147",77,616,24,3,2,2,3,14,5,0.125,0.5833333333333334,0.20833333333333334,11,4.625,9,0.6666666666666666,3.75,low
local_swap_p0,local_swap,0,4751,770026628,"72,139,147",78,624,24,3,2,1,4,14,5,0.16666666666666666,0.5833333333333334,0.20833333333333334,11,5.0,12,0.3333333333333333,3.7916666666666665,low
local_swap_p0,local_swap,0,4751,770026628,"72,139,147",79,632,25,3,2,1,3,16,5,0.12,0.64,0.2,11,4.36,13,0.32,3.88,low
local_swap_p0,local_swap,0,4751,770026628,"72,139,147",80,640,26,3,3,1,4,15,6,0.15384615384615385,0.5769230769230769,0.23076923076923078,11,4.269230769230769,13,0.34615384615384615,3.730769230769231,low
local_swap_p0,local_swap,0,4751,770026628,"72,139,147",81,648,28,3,3,2,5,15,6,0.17857142857142858,0.5357142857142857,0.21428571428571427,11,4.214285714285714,11,0.35714285714285715,3.642857142857143,low
local_swap_p0,local_swap,0,4751,770026628,"72,139,147",82,656,31,3,3,2,4,19,6,0.12903225806451613,0.6129032258064516,0.1935483870967742,11,3.7419354838709675,9,0.3225806451612903,3.870967741935484,low
local_swap_p0,local_swap,0,4751,770026628,"72,139,147",83,664,30,3,3,2,4,18,6,0.13333333333333333,0.6,0.2,11,3.8666666666666667,12,0.3333333333333333,3.9,low
local_swap_p0,local_swap,0,4751,770026628,"72,139,147",84,672,30,3,3,2,3,19,6,0.1,0.6333333333333333,0.2,11,3.466666666666667,12,0.3333333333333333,3.8333333333333335,low
local_swap_p0,local_swap,0,4751,770026628,"72,139,147",85,680,34,3,3,3,3,22,6,0.08823529411764706,0.6470588235294118,0.17647058823529413,11,3.2941176470588234,10,0.3235294117647059,3.8529411764705883,low
local_swap_p0,local_swap,0,4751,770026628,"72,139,147",86,688,34,3,3,3,3,22,6,0.08823529411764706,0.6470588235294118,0.17647058823529413,11,3.4411764705882355,10,0.3235294117647059,3.8823529411764706,low
local_swap_p0,local_swap,0,4751,770026628,"72,139,147",87,696,34,3,3,3,2,23,6,0.058823529411764705,0.6764705882352942,0.17647058823529413,11,3.4411764705882355,12,0.29411764705882354,3.911764705882353,low
local_swap_p0,local_swap,0,4751,770026628,"72,139,147",88,704,38,3,2,3,4,26,5,0.10526315789473684,0.6842105263157895,0.13157894736842105,11,3.1052631578947367,14,0.2894736842105263,3.973684210526316,low
local_swap_p0,local_swap,0,4751,770026628,"72,139,147",89,712,41,3,2,3,6,27,5,0.14634146341463414,0.6585365853658537,0.12195121951219512,12,3.097560975609756,13,0.3902439024390244,4.048780487804878,low
local_swap_p0,local_swap,0,4751,770026628,"72,139,147",90,720,40,3,3,3,6,25,6,0.15,0.625,0.15,12,3.075,10,0.7,3.95,low
local_swap_p0,local_swap,0,4751,770026628,"72,139,147",91,728,40,3,3,3,7,24,6,0.175,0.6,0.15,12,2.95,9,0.725,3.85,low
local_swap_p0,local_swap,0,4751,770026628,"72,139,147",92,736,38,3,3,3,8,21,6,0.21052631578947367,0.5526315789473685,0.15789473684210525,12,3.236842105263158,10,0.7105263157894737,3.789473684210526,low
local_swap_p0,local_swap,0,4751,770026628,"72,139,147",93,744,41,3,3,3,8,24,6,0.1951219512195122,0.5853658536585366,0.14634146341463414,12,3.1463414634146343,10,0.6829268292682927,4.219512195121951,low
local_swap_p0,local_swap,0,4751,770026628,"72,139,147",94,752,43,3,3,3,8,26,6,0.18604651162790697,0.6046511627906976,0.13953488372093023,12,3.0232558139534884,11,0.6511627906976745,4.232558139534884,low
local_swap_p0,local_swap,0,4751,770026628,"72,139,147",95,760,43,3,2,3,9,26,5,0.20930232558139536,0.6046511627906976,0.11627906976744186,12,3.046511627906977,13,0.6744186046511628,4.255813953488372,low
local_swap_p0,local_swap,0,4751,770026628,"72,139,147",96,768,40,3,1,3,7,26,4,0.175,0.65,0.1,12,3.225,14,0.625,4.375,low
local_swap_p0,local_swap,0,4751,770026628,"72,139,147",97,776,41,3,1,4,6,27,4,0.14634146341463414,0.6585365853658537,0.0975609756097561,12,3.024390243902439,14,0.6341463414634146,4.365853658536586,low
local_swap_p0,local_swap,0,4751,770026628,"72,139,147",98,784,42,3,1,5,5,28,4,0.11904761904761904,0.6666666666666666,0.09523809523809523,12,3.0238095238095237,13,0.6190476190476191,4.357142857142857,low
local_swap_p0,local_swap,0,4751,770026628,"72,139,147",99,792,41,3,1,4,5,28,4,0.12195121951219512,0.6829268292682927,0.0975609756097561,12,3.1463414634146343,13,0.6097560975609756,4.414634146341464,low
local_swap_p0,local_swap,0,4751,770026628,"72,139,147",100,800,42,3,1,4,5,29,4,0.11904761904761904,0.6904761904761905,0.09523809523809523,12,3.0952380952380953,13,0.6428571428571429,4.357142857142857,low
local_swap_p0,local_swap,0,4751,770026628,"72,139,147",101,808,45,3,1,4,5,32,4,0.1111111111111111,0.7111111111111111,0.08888888888888889,13,2.933333333333333,13,0.6666666666666666,4.466666666666667,low
local_swap_p0,local_swap,0,4751,770026628,"72,139,147",102,816,44,3,2,4,6,29,5,0.13636363636363635,0.6590909090909091,0.11363636363636363,13,2.977272727272727,13,0.6590909090909091,4.386363636363637,low
local_swap_p0,local_swap,0,4751,770026628,"72,139,147",103,824,45,3,2,4,6,30,5,0.13333333333333333,0.6666666666666666,0.1111111111111111,13,2.8666666666666667,13,0.6666666666666666,4.355555555555555,low
local_swap_p0,local_swap,0,4751,770026628,"72,139,147",104,832,47,3,2,4,7,31,5,0.14893617021276595,0.6595744680851063,0.10638297872340426,13,2.851063829787234,14,0.40425531914893614,4.319148936170213,low
local_swap_p0,local_swap,0,4751,770026628,"72,139,147",105,840,46,3,2,2,8,31,5,0.17391304347826086,0.6739130434782609,0.10869565217391304,13,2.5,16,0.391304347826087,4.413043478260869,low
local_swap_p0,local_swap,0,4751,770026628,"72,139,147",106,848,47,3,1,2,7,34,4,0.14893617021276595,0.723404255319149,0.0851063829787234,12,2.4680851063829787,15,0.46808510638297873,4.51063829787234,low
local_swap_p0,local_swap,0,4751,770026628,"72,139,147",107,856,50,3,1,2,6,38,4,0.12,0.76,0.08,12,2.36,18,0.48,4.58,low
local_swap_p0,local_swap,0,4751,770026628,"72,139,147",108,864,50,3,1,3,6,37,4,0.12,0.74,0.08,12,2.5,15,0.48,4.48,low
local_swap_p0,local_swap,0,4751,770026628,"72,139,147",109,872,49,3,1,3,6,36,4,0.12244897959183673,0.7346938775510204,0.08163265306122448,12,2.5918367346938775,15,0.46938775510204084,4.469387755102041,low
local_swap_p0,local_swap,0,4751,770026628,"72,139,147",110,880,47,3,1,3,6,34,4,0.1276595744680851,0.723404255319149,0.0851063829787234,12,2.723404255319149,15,0.46808510638297873,4.446808510638298,low
local_swap_p0,local_swap,0,4751,770026628,"72,139,147",111,888,48,3,2,3,6,34,5,0.125,0.7083333333333334,0.10416666666666667,12,2.7291666666666665,14,0.4583333333333333,4.395833333333333,low
local_swap_p0,local_swap,0,4751,770026628,"72,139,147",112,896,47,3,2,3,6,33,5,0.1276595744680851,0.7021276595744681,0.10638297872340426,12,2.8297872340425534,14,0.44680851063829785,4.382978723404255,low
local_swap_p0,local_swap,0,4751,770026628,"72,139,147",113,904,46,3,1,3,8,31,4,0.17391304347826086,0.6739130434782609,0.08695652173913043,12,2.9565217391304346,19,0.3695652173913043,4.695652173913044,low
local_swap_p0,local_swap,0,4751,770026628,"72,139,147",114,912,47,3,1,3,8,32,4,0.1702127659574468,0.6808510638297872,0.0851063829787234,12,2.9148936170212765,17,0.425531914893617,4.659574468085107,low
local_swap_p0,local_swap,0,4751,770026628,"72,139,147",115,920,48,3,1,3,8,33,4,0.16666666666666666,0.6875,0.08333333333333333,12,2.875,17,0.4375,4.75,low
local_swap_p0,local_swap,0,4751,770026628,"72,139,147",116,928,54,3,1,4,8,38,4,0.14814814814814814,0.7037037037037037,0.07407407407407407,12,2.759259259259259,19,0.42592592592592593,4.722222222222222,low
local_swap_p0,local_swap,0,4751,770026628,"72,139,147",117,936,54,3,1,5,8,37,4,0.14814814814814814,0.6851851851851852,0.07407407407407407,12,2.759259259259259,18,0.6296296296296297,4.574074074074074,low
local_swap_p0,local_swap,0,4751,770026628,"72,139,147",118,944,55,3,2,4,9,37,5,0.16363636363636364,0.6727272727272727,0.09090909090909091,12,2.5454545454545454,17,0.6545454545454545,4.527272727272727,low
local_swap_p0,local_swap,0,4751,770026628,"72,139,147",119,952,54,3,2,4,10,35,5,0.18518518518518517,0.6481481481481481,0.09259259259259259,12,2.7222222222222223,18,0.6111111111111112,4.2592592592592595,low
local_swap_p0,local_swap,0,4751,770026628,"72,139,147",120,960,51,3,2,4,9,33,5,0.17647058823529413,0.6470588235294118,0.09803921568627451,12,2.823529411764706,17,0.6470588235294118,4.215686274509804,low
local_swap_p0,local_swap,0,4751,770026628,"72,139,147",121,968,52,3,2,4,9,34,5,0.17307692307692307,0.6538461538461539,0.09615384615384616,12,2.8461538461538463,15,0.6538461538461539,4.230769230769231,low
local_swap_p0,local_swap,0,4751,770026628,"72,139,147",122,976,51,3,2,6,9,31,5,0.17647058823529413,0.6078431372549019,0.09803921568627451,12,3.1372549019607843,11,0.7647058823529411,4.215686274509804,low
local_swap_p0,local_swap,0,4751,770026628,"72,139,147",123,984,53,3,2,6,9,33,5,0.16981132075471697,0.6226415094339622,0.09433962264150944,12,3.0377358490566038,12,0.7547169811320755,4.2075471698113205,low
local_swap_p0,local_swap,0,4751,770026628,"72,139,147",124,992,50,3,2,6,9,30,5,0.18,0.6,0.1,12,3.32,12,0.76,4.16,low
local_swap_p0,local_swap,0,4751,770026628,"72,139,147",125,1000,55,3,2,6,10,34,5,0.18181818181818182,0.6181818181818182,0.09090909090909091,12,2.9454545454545453,12,0.7818181818181819,4.181818181818182,low
local_swap_p0,local_swap,0,4751,770026628,"72,139,147",126,1008,56,3,2,6,11,34,5,0.19642857142857142,0.6071428571428571,0.08928571428571429,12,2.982142857142857,10,0.8214285714285714,4.142857142857143,low
local_swap_p0,local_swap,0,4751,770026628,"72,139,147",127,1016,54,3,2,6,10,33,5,0.18518518518518517,0.6111111111111112,0.09259259259259259,12,3.1296296296296298,12,0.7777777777777778,4.166666666666667,low
local_swap_p0,local_swap,0,4751,770026628,"72,139,147",128,1024,53,3,2,6,10,32,5,0.18867924528301888,0.6037735849056604,0.09433962264150944,12,3.169811320754717,13,0.7547169811320755,4.39622641509434,low
local_swap_p0,local_swap,0,4751,770026628,"72,139,147",129,1032,52,3,2,6,9,32,5,0.17307692307692307,0.6153846153846154,0.09615384615384616,12,2.8846153846153846,12,0.7692307692307693,4.211538461538462,low
local_swap_p0,local_swap,0,4751,770026628,"72,139,147",130,1040,53,3,2,6,9,33,5,0.16981132075471697,0.6226415094339622,0.09433962264150944,13,2.5660377358490565,14,0.7547169811320755,4.30188679245283,low
local_swap_p0,local_swap,0,4751,770026628,"72,139,147",131,1048,52,3,2,6,9,32,5,0.17307692307692307,0.6153846153846154,0.09615384615384616,13,2.6538461538461537,14,0.75,4.3076923076923075,low
local_swap_p0,local_swap,0,4751,770026628,"72,139,147",132,1056,51,3,2,6,7,33,5,0.13725490196078433,0.6470588235294118,0.09803921568627451,13,2.784313725490196,15,0.7254901960784313,4.372549019607843,low
local_swap_p0,local_swap,0,4751,770026628,"72,139,147",133,1064,52,3,2,6,7,34,5,0.1346153846153846,0.6538461538461539,0.09615384615384616,13,2.7115384615384617,14,0.75,4.346153846153846,low
local_swap_p0,local_swap,0,4751,770026628,"72,139,147",134,1072,53,3,2,6,7,35,5,0.1320754716981132,0.660377358490566,0.09433962264150944,13,2.509433962264151,13,0.7735849056603774,4.30188679245283,low
local_swap_p0,local_swap,0,4751,770026628,"72,139,147",135,1080,53,3,2,6,7,35,5,0.1320754716981132,0.660377358490566,0.09433962264150944,13,2.509433962264151,15,0.7358490566037735,4.283018867924528,low
local_swap_p0,local_swap,0,4751,770026628,"72,139,147",136,1088,54,3,2,6,7,36,5,0.12962962962962962,0.6666666666666666,0.09259259259259259,13,2.425925925925926,15,0.7222222222222222,4.333333333333333,low
local_swap_p0,local_swap,0,4751,770026628,"72,139,147",137,1096,53,3,2,6,7,35,5,0.1320754716981132,0.660377358490566,0.09433962264150944,13,2.4716981132075473,15,0.7169811320754716,4.30188679245283,low
local_swap_p0,local_swap,0,4751,770026628,"72,139,147",138,1104,54,3,2,6,7,36,5,0.12962962962962962,0.6666666666666666,0.09259259259259259,13,2.4444444444444446,15,0.7222222222222222,4.296296296296297,low
local_swap_p0,local_swap,0,4751,770026628,"72,139,147",139,1112,52,3,2,6,7,34,5,0.1346153846153846,0.6538461538461539,0.09615384615384616,13,2.6538461538461537,14,0.7115384615384616,4.25,low
local_swap_p0,local_swap,0,4751,770026628,"72,139,147",140,1120,53,3,2,6,7,35,5,0.1320754716981132,0.660377358490566,0.09433962264150944,13,2.5283018867924527,14,0.7169811320754716,4.283018867924528,low
local_swap_p0,local_swap,0,4751,770026628,"72,139,147",141,1128,56,3,2,6,7,38,5,0.125,0.6785714285714286,0.08928571428571429,13,2.5892857142857144,15,0.6964285714285714,4.357142857142857,low
local_swap_p0,local_swap,0,4751,770026628,"72,139,147",142,1136,60,3,2,8,7,40,5,0.11666666666666667,0.6666666666666666,0.08333333333333333,13,2.5166666666666666,16,0.7,4.3,low
local_swap_p0,local_swap,0,4751,770026628,"72,139,147",143,1144,60,3,2,8,6,41,5,0.1,0.6833333333333333,0.08333333333333333,13,2.45,17,0.6666666666666666,4.383333333333334,low
local_swap_p0,local_swap,0,4751,770026628,"72,139,147",144,1152,62,3,2,8,6,43,5,0.0967741935483871,0.6935483870967742,0.08064516129032258,13,2.338709677419355,19,0.6774193548387096,4.370967741935484,low
local_swap_p0,local_swap,0,4751,770026628,"72,139,147",145,1160,60,3,2,7,7,41,5,0.11666666666666667,0.6833333333333333,0.08333333333333333,13,2.4166666666666665,21,0.4,4.4,low
local_swap_p0,local_swap,0,4751,770026628,"72,139,147",146,1168,61,3,2,7,7,42,5,0.11475409836065574,0.6885245901639344,0.08196721311475409,13,2.459016393442623,21,0.39344262295081966,4.426229508196721,low
local_swap_p0,local_swap,0,4751,770026628,"72,139,147",147,1176,64,3,2,8,7,44,5,0.109375,0.6875,0.078125,13,2.375,22,0.390625,4.453125,low
local_swap_p0,local_swap,0,4751,770026628,"72,139,147",148,1184,65,3,2,8,8,44,5,0.12307692307692308,0.676923076923077,0.07692307692307693,13,2.1846153846153844,22,0.38461538461538464,4.461538461538462,low
local_swap_p0,local_swap,0,4751,770026628,"72,139,147",149,1192,68,3,2,8,8,47,5,0.11764705882352941,0.6911764705882353,0.07352941176470588,13,2.1176470588235294,22,0.4117647058823529,4.426470588235294,low
local_swap_p0,local_swap,0,4751,770026628,"72,139,147",150,1200,68,3,2,8,7,48,5,0.10294117647058823,0.7058823529411765,0.07352941176470588,13,2.2205882352941178,23,0.4117647058823529,4.470588235294118,low
local_swap_p0,local_swap,0,4751,770026628,"72,139,147",151,1208,68,3,2,8,8,47,5,0.11764705882352941,0.6911764705882353,0.07352941176470588,13,2.235294117647059,23,0.38235294117647056,4.485294117647059,low
local_swap_p0,local_swap,0,4751,770026628,"72,139,147",152,1216,70,3,2,8,7,50,5,0.1,0.7142857142857143,0.07142857142857142,13,2.142857142857143,23,0.42857142857142855,4.4714285714285715,low
local_swap_p0,local_swap,0,4751,770026628,"72,139,147",153,1224,70,3,2,8,7,50,5,0.1,0.7142857142857143,0.07142857142857142,13,2.157142857142857,23,0.42857142857142855,4.4714285714285715,low
local_swap_p0,local_swap,0,4751,770026628,"72,139,147",154,1232,71,3,2,9,8,49,5,0.11267605633802817,0.6901408450704225,0.07042253521126761,13,2.2253521126760565,21,0.6619718309859155,4.394366197183099,low
local_swap_p0,local_swap,0,4751,770026628,"72,139,147",155,1240,70,3,2,9,9,47,5,0.12857142857142856,0.6714285714285714,0.07142857142857142,13,2.3142857142857145,19,0.6714285714285714,4.371428571428571,low
local_swap_p0,local_swap,0,4751,770026628,"72,139,147",156,1248,72,3,2,9,9,49,5,0.125,0.6805555555555556,0.06944444444444445,13,2.236111111111111,19,0.6805555555555556,4.388888888888889,low
local_swap_p0,local_swap,0,4751,770026628,"72,139,147",157,1256,71,3,2,9,8,49,5,0.11267605633802817,0.6901408450704225,0.07042253521126761,13,2.211267605633803,19,0.6619718309859155,4.422535211267606,low
local_swap_p0,local_swap,0,4751,770026628,"72,139,147",158,1264,72,3,2,9,8,50,5,0.1111111111111111,0.6944444444444444,0.06944444444444445,13,2.138888888888889,19,0.7083333333333334,4.444444444444445,low
local_swap_p0,local_swap,0,4751,770026628,"72,139,147",159,1272,74,3,2,9,9,51,5,0.12162162162162163,0.6891891891891891,0.06756756756756757,13,2.027027027027027,18,0.7297297297297297,4.445945945945946,low
local_swap_p0,local_swap,0,4751,770026628,"72,139,147",160,1280,75,3,2,9,11,50,5,0.14666666666666667,0.6666666666666666,0.06666666666666667,13,1.96,15,0.7466666666666667,4.386666666666667,low
local_swap_p0,local_swap,0,4751,770026628,"72,139,147",161,1288,75,3,2,8,11,51,5,0.14666666666666667,0.68,0.06666666666666667,13,1.9866666666666666,18,0.7066666666666667,4.413333333333333,low
local_swap_p0,local_swap,0,4751,770026628,"72,139,147",162,1296,71,3,2,8,11,47,5,0.15492957746478872,0.6619718309859155,0.07042253521126761,13,2.267605633802817,21,0.676056338028169,4.338028169014085,low
local_swap_p0,local_swap,0,4751,770026628,"72,139,147",163,1304,75,3,2,8,12,50,5,0.16,0.6666666666666666,0.06666666666666667,13,2.2,22,0.6666666666666666,4.32,low
local_swap_p0,local_swap,0,4751,770026628,"72,139,147",164,1312,74,3,2,8,12,49,5,0.16216216216216217,0.6621621621621622,0.06756756756756757,13,2.175675675675676,22,0.6621621621621622,4.337837837837838,low
local_swap_p0,local_swap,0,4751,770026628,"72,139,147",165,1320,73,3,2,8,12,48,5,0.1643835616438356,0.6575342465753424,0.0684931506849315,13,2.232876712328767,22,0.6712328767123288,4.328767123287672,low
local_swap_p0,local_swap,0,4751,770026628,"72,139,147",166,1328,72,3,2,8,12,47,5,0.16666666666666666,0.6527777777777778,0.06944444444444445,13,2.3055555555555554,19,0.7083333333333334,4.347222222222222,low
local_swap_p0,local_swap,0,4751,770026628,"72,139,147",167,1336,72,3,2,8,12,47,5,0.16666666666666666,0.6527777777777778,0.06944444444444445,13,2.263888888888889,19,0.7222222222222222,4.333333333333333,low
local_swap_p0,local_swap,0,4751,770026628,"72,139,147",168,1344,73,3,2,8,11,49,5,0.1506849315068493,0.6712328767123288,0.0684931506849315,13,2.3698630136986303,20,0.684931506849315,4.575342465753424,low
local_swap_p0,local_swap,0,4751,770026628,"72,139,147",169,1352,75,3,2,7,13,50,5,0.17333333333333334,0.6666666666666666,0.06666666666666667,13,2.36,23,0.4,4.573333333333333,low
local_swap_p0,local_swap,0,4751,770026628,"72,139,147",170,1360,75,3,2,6,15,49,5,0.2,0.6533333333333333,0.06666666666666667,13,2.36,25,0.37333333333333335,4.586666666666667,low
local_swap_p0,local_swap,0,4751,770026628,"72,139,147",171,1368,77,3,2,7,14,51,5,0.18181818181818182,0.6623376623376623,0.06493506493506493,13,2.311688311688312,28,0.33766233766233766,4.584415584415584,low
local_swap_p0,local_swap,0,4751,770026628,"72,139,147",172,1376,78,3,2,7,15,51,5,0.19230769230769232,0.6538461538461539,0.0641025641025641,13,2.269230769230769,26,0.32051282051282054,4.602564102564102,low
local_swap_p0,local_swap,0,4751,770026628,"72,139,147",173,1384,78,3,2,8,13,52,5,0.16666666666666666,0.6666666666666666,0.0641025641025641,13,2.3333333333333335,26,0.3333333333333333,4.589743589743589,low
local_swap_p0,local_swap,0,4751,770026628,"72,139,147",174,1392,79,3,2,8,13,53,5,0.16455696202531644,0.6708860759493671,0.06329113924050633,13,2.1265822784810124,24,0.4177215189873418,4.379746835443038,low
local_swap_p0,local_swap,0,4751,770026628,"72,139,147",175,1400,80,3,2,7,14,54,5,0.175,0.675,0.0625,13,2.1625,27,0.3875,4.4125,low
local_swap_p0,local_swap,0,4751,770026628,"72,139,147",176,1408,79,3,2,7,14,53,5,0.17721518987341772,0.6708860759493671,0.06329113924050633,13,2.189873417721519,27,0.379746835443038,4.405063291139241,low
local_swap_p0,local_swap,0,4751,770026628,"72,139,147",177,1416,80,3,3,6,14,54,6,0.175,0.675,0.075,13,2.075,27,0.375,4.4125,low
local_swap_p0,local_swap,0,4751,770026628,"72,139,147",178,1424,81,3,3,6,14,55,6,0.1728395061728395,0.6790123456790124,0.07407407407407407,13,2.0123456790123457,28,0.38271604938271603,4.395061728395062,low
local_swap_p0,local_swap,0,4751,770026628,"72,139,147",179,1432,82,3,3,7,14,55,6,0.17073170731707318,0.6707317073170732,0.07317073170731707,13,2.024390243902439,25,0.6707317073170732,4.341463414634147,low
local_swap_p0,local_swap,0,4751,770026628,"72,139,147",180,1440,82,3,3,7,13,56,6,0.15853658536585366,0.6829268292682927,0.07317073170731707,13,1.9878048780487805,25,0.6585365853658537,4.365853658536586,low
local_swap_p0,local_swap,0,4751,770026628,"72,139,147",181,1448,82,3,3,7,13,56,6,0.15853658536585366,0.6829268292682927,0.07317073170731707,13,2.0121951219512195,27,0.6219512195121951,4.426829268292683,low
local_swap_p0,local_swap,0,4751,770026628,"72,139,147",182,1456,84,3,3,7,13,58,6,0.15476190476190477,0.6904761904761905,0.07142857142857142,13,1.9047619047619047,27,0.6309523809523809,4.428571428571429,low
local_swap_p0,local_swap,0,4751,770026628,"72,139,147",183,1464,85,3,3,7,15,57,6,0.17647058823529413,0.6705882352941176,0.07058823529411765,13,1.8823529411764706,25,0.6588235294117647,4.4,low
local_swap_p0,local_swap,0,4751,770026628,"72,139,147",184,1472,84,3,3,7,15,56,6,0.17857142857142858,0.6666666666666666,0.07142857142857142,13,1.880952380952381,24,0.6785714285714286,4.380952380952381,low
local_swap_p0,local_swap,0,4751,770026628,"72,139,147",185,1480,85,3,2,7,16,57,5,0.18823529411764706,0.6705882352941176,0.058823529411764705,12,1.8470588235294119,22,0.7058823529411765,4.4,low
local_swap_p0,local_swap,0,4751,770026628,"72,139,147",186,1488,84,3,2,6,16,57,5,0.19047619047619047,0.6785714285714286,0.05952380952380952,12,1.75,26,0.6071428571428571,4.4523809523809526,low
local_swap_p0,local_swap,0,4751,770026628,"72,139,147",187,1496,84,3,2,7,15,57,5,0.17857142857142858,0.6785714285714286,0.05952380952380952,12,1.8571428571428572,25,0.6309523809523809,4.464285714285714,low
local_swap_p0,local_swap,0,4751,770026628,"72,139,147",188,1504,85,3,2,8,15,57,5,0.17647058823529413,0.6705882352941176,0.058823529411764705,12,1.8470588235294119,24,0.6352941176470588,4.435294117647059,low
local_swap_p0,local_swap,0,4751,770026628,"72,139,147",189,1512,86,3,2,8,17,56,5,0.19767441860465115,0.6511627906976745,0.05813953488372093,12,1.8255813953488371,23,0.6627906976744186,4.3604651162790695,low
local_swap_p0,local_swap,0,4751,770026628,"72,139,147",190,1520,89,3,2,8,17,59,5,0.19101123595505617,0.6629213483146067,0.056179775280898875,12,1.8426966292134832,23,0.651685393258427,4.359550561797753,low
local_swap_p0,local_swap,0,4751,770026628,"72,139,147",191,1528,88,3,2,7,17,59,5,0.19318181818181818,0.6704545454545454,0.056818181818181816,12,1.8863636363636365,23,0.6363636363636364,4.409090909090909,low
local_swap_p0,local_swap,0,4751,770026628,"72,139,147",192,1536,87,3,2,7,17,58,5,0.19540229885057472,0.6666666666666666,0.05747126436781609,12,1.9655172413793103,23,0.6666666666666666,4.367816091954023,low
local_swap_p0,local_swap,0,4751,770026628,"72,139,147",193,1544,91,3,2,7,17,62,5,0.18681318681318682,0.6813186813186813,0.054945054945054944,12,1.8681318681318682,23,0.6703296703296703,4.428571428571429,low
local_swap_p0,local_swap,0,4751,770026628,"72,139,147",194,1552,91,3,2,7,18,61,5,0.1978021978021978,0.6703296703296703,0.054945054945054944,12,1.956043956043956,24,0.6483516483516484,4.406593406593407,low
local_swap_p0,local_swap,0,4751,770026628,"72,139,147",195,1560,91,3,2,7,19,60,5,0.2087912087912088,0.6593406593406593,0.054945054945054944,12,1.956043956043956,24,0.6483516483516484,4.384615384615385,low
local_swap_p0,local_swap,0,4751,770026628,"72,139,147",196,1568,90,3,2,7,19,59,5,0.2111111111111111,0.6555555555555556,0.05555555555555555,12,2.011111111111111,25,0.6333333333333333,4.366666666666666,low
local_swap_p0,local_swap,0,4751,770026628,"72,139,147",197,1576,92,3,2,7,18,62,5,0.1956521739130435,0.6739130434782609,0.05434782608695652,12,1.934782608695652,25,0.6086956521739131,4.4021739130434785,low
local_swap_p0,local_swap,0,4751,770026628,"72,139,147",198,1584,93,3,2,8,17,63,5,0.1827956989247312,0.6774193548387096,0.053763440860215055,12,1.8602150537634408,24,0.6344086021505376,4.387096774193548,low
local_swap_p0,local_swap,0,4751,770026628,"72,139,147",199,1592,94,3,2,7,16,66,5,0.1702127659574468,0.7021276595744681,0.05319148936170213,12,1.8191489361702127,26,0.6063829787234043,4.446808510638298,low
local_swap_p0,local_swap,0,4751,770026628,"72,139,147",200,1600,91,3,3,6,16,63,6,0.17582417582417584,0.6923076923076923,0.06593406593406594,12,1.879120879120879,26,0.6263736263736264,4.461538461538462,low
local_swap_p0,local_swap,0,4751,770026628,"72,139,147",201,1608,93,3,3,6,16,65,6,0.17204301075268819,0.6989247311827957,0.06451612903225806,12,1.8064516129032258,26,0.6344086021505376,4.473118279569892,low
local_swap_p0,local_swap,0,4751,770026628,"72,139,147",202,1616,89,3,3,6,15,62,6,0.16853932584269662,0.6966292134831461,0.06741573033707865,12,1.9325842696629214,25,0.6404494382022472,4.46067415730337,low
local_swap_p0,local_swap,0,4751,770026628,"72,139,147",203,1624,92,3,3,7,13,66,6,0.14130434782608695,0.717391304347826,0.06521739130434782,12,1.8043478260869565,25,0.6304347826086957,4.608695652173913,low
local_swap_p0,local_swap,0,4751,770026628,"72,139,147",204,1632,91,3,3,8,11,66,6,0.12087912087912088,0.7252747252747253,0.06593406593406594,12,1.835164835164835,23,0.6483516483516484,4.604395604395604,low
local_swap_p0,local_swap,0,4751,770026628,"72,139,147",205,1640,90,3,3,8,11,65,6,0.12222222222222222,0.7222222222222222,0.06666666666666667,12,1.8666666666666667,26,0.6444444444444445,4.633333333333334,low
local_swap_p0,local_swap,0,4751,770026628,"72,139,147",206,1648,87,3,3,9,9,63,6,0.10344827586206896,0.7241379310344828,0.06896551724137931,12,1.9655172413793103,25,0.6436781609195402,4.64367816091954,low
local_swap_p0,local_swap,0,4751,770026628,"72,139,147",207,1656,88,3,3,9,8,65,6,0.09090909090909091,0.7386363636363636,0.06818181818181818,12,1.9318181818181819,25,0.6363636363636364,4.693181818181818,low
local_swap_p0,local_swap,0,4751,770026628,"72,139,147",208,1664,91,3,3,9,8,68,6,0.08791208791208792,0.7472527472527473,0.06593406593406594,12,1.8241758241758241,24,0.6593406593406593,4.7032967032967035,low
local_swap_p0,local_swap,0,4751,770026628,"72,139,147",209,1672,93,3,3,9,7,71,6,0.07526881720430108,0.7634408602150538,0.06451612903225806,12,1.8172043010752688,24,0.6344086021505376,4.924731182795699,low
local_swap_p0,local_swap,0,4751,770026628,"72,139,147",210,1680,95,3,3,9,7,73,6,0.07368421052631578,0.7684210526315789,0.06315789473684211,12,1.8105263157894738,21,0.631578947368421,4.91578947368421,low
local_swap_p0,local_swap,0,4751,770026628,"72,139,147",211,1688,95,3,3,9,8,72,6,0.08421052631578947,0.7578947368421053,0.06315789473684211,12,1.7578947368421052,19,0.6631578947368421,4.88421052631579,low
local_swap_p0,local_swap,0,4751,770026628,"72,139,147",212,1696,96,3,3,9,8,73,6,0.08333333333333333,0.7604166666666666,0.0625,12,1.7604166666666667,20,0.6458333333333334,4.885416666666667,low
local_swap_p0,local_swap,0,4751,770026628,"72,139,147",213,1704,97,3,3,9,9,73,6,0.09278350515463918,0.7525773195876289,0.061855670103092786,12,1.6804123711340206,20,0.6597938144329897,4.865979381443299,low
local_swap_p0,local_swap,0,4751,770026628,"72,139,147",214,1712,99,3,3,8,10,75,6,0.10101010101010101,0.7575757575757576,0.06060606060606061,12,1.6767676767676767,24,0.6363636363636364,4.878787878787879,low
local_swap_p0,local_swap,0,4751,770026628,"72,139,147",215,1720,97,3,3,8,10,73,6,0.10309278350515463,0.7525773195876289,0.061855670103092786,12,1.6494845360824741,24,0.6391752577319587,4.855670103092783,low
local_swap_p0,local_swap,0,4751,770026628,"72,139,147",216,1728,98,3,3,8,10,74,6,0.10204081632653061,0.7551020408163265,0.061224489795918366,12,1.6326530612244898,23,0.6326530612244898,4.887755102040816,low
local_swap_p0,local_swap,0,4751,770026628,"72,139,147",217,1736,100,3,3,8,10,76,6,0.1,0.76,0.06,12,1.6,24,0.62,4.91,low
local_swap_p0,local_swap,0,4751,770026628,"72,139,147",218,1744,98,3,3,8,11,73,6,0.11224489795918367,0.7448979591836735,0.061224489795918366,12,1.7346938775510203,26,0.6122448979591837,4.846938775510204,low
local_swap_p0,local_swap,0,4751,770026628,"72,139,147",219,1752,98,3,3,8,12,72,6,0.12244897959183673,0.7346938775510204,0.061224489795918366,12,1.7448979591836735,22,0.6632653061224489,4.857142857142857,low
local_swap_p0,local_swap,0,4751,770026628,"72,139,147",220,1760,98,3,3,8,12,72,6,0.12244897959183673,0.7346938775510204,0.061224489795918366,12,1.683673469387755,23,0.6428571428571429,4.836734693877551,low
local_swap_p0,local_swap,0,4751,770026628,"72,139,147",221,1768,100,3,3,8,10,76,6,0.1,0.76,0.06,12,1.55,23,0.67,4.9,low
local_swap_p0,local_swap,0,4751,770026628,"72,139,147",222,1776,103,3,3,8,11,78,6,0.10679611650485436,0.7572815533980582,0.05825242718446602,12,1.5533980582524272,24,0.6601941747572816,4.87378640776699,low
local_swap_p0,local_swap,0,4751,770026628,"72,139,147",223,1784,104,3,3,8,11,79,6,0.10576923076923077,0.7596153846153846,0.057692307692307696,12,1.5865384615384615,25,0.6538461538461539,4.894230769230769,low
local_swap_p0,local_swap,0,4751,770026628,"72,139,147",224,1792,103,3,3,8,11,78,6,0.10679611650485436,0.7572815533980582,0.05825242718446602,12,1.6019417475728155,24,0.6601941747572816,4.912621359223301,low
local_swap_p0,local_swap,0,4751,770026628,"72,139,147",225,1800,104,3,3,8,12,78,6,0.11538461538461539,0.75,0.057692307692307696,12,1.5288461538461537,24,0.6634615384615384,4.9423076923076925,low
local_swap_p0,local_swap,0,4751,770026628,"72,139,147",226,1808,104,3,3,7,13,78,6,0.125,0.75,0.057692307692307696,12,1.6153846153846154,26,0.6442307692307693,4.923076923076923,low
local_swap_p0,local_swap,0,4751,770026628,"72,139,147",227,1816,110,3,3,7,15,82,6,0.13636363636363635,0.7454545454545455,0.05454545454545454,12,1.518181818181818,24,0.6909090909090909,4.881818181818182,low
local_swap_p0,local_swap,0,4751,770026628,"72,139,147",228,1824,113,3,3,7,15,85,6,0.13274336283185842,0.7522123893805309,0.05309734513274336,12,1.4867256637168142,23,0.6637168141592921,4.876106194690266,low
local_swap_p0,local_swap,0,4751,770026628,"72,139,147",229,1832,113,3,3,7,15,85,6,0.13274336283185842,0.7522123893805309,0.05309734513274336,12,1.5132743362831858,23,0.6548672566371682,4.84070796460177,low
local_swap_p0,local_swap,0,4751,770026628,"72,139,147",230,1840,112,3,3,7,14,85,6,0.125,0.7589285714285714,0.05357142857142857,12,1.5267857142857142,23,0.6607142857142857,4.857142857142857,low
local_swap_p0,local_swap,0,4751,770026628,"72,139,147",231,1848,113,3,3,8,12,87,6,0.10619469026548672,0.7699115044247787,0.05309734513274336,12,1.4867256637168142,23,0.6814159292035398,4.867256637168142,low
local_swap_p0,local_swap,0,4751,770026628,"72,139,147",232,1856,111,3,3,8,13,84,6,0.11711711711711711,0.7567567567567568,0.05405405405405406,12,1.5225225225225225,23,0.6756756756756757,4.846846846846847,low
local_swap_p0,local_swap,0,4751,770026628,"72,139,147",233,1864,111,3,3,8,13,84,6,0.11711711711711711,0.7567567567567568,0.05405405405405406,12,1.5135135135135136,23,0.6756756756756757,4.837837837837838,low
local_swap_p0,local_swap,0,4751,770026628,"72,139,147",234,1872,108,3,3,8,13,81,6,0.12037037037037036,0.75,0.05555555555555555,12,1.5462962962962963,23,0.6851851851851852,4.842592592592593,low
local_swap_p0,local_swap,0,4751,770026628,"72,139,147",235,1880,110,3,3,7,12,85,6,0.10909090909090909,0.7727272727272727,0.05454545454545454,12,1.5,21,0.6909090909090909,4.863636363636363,low
local_swap_p0,local_swap,0,4751,770026628,"72,139,147",236,1888,109,3,3,6,12,85,6,0.11009174311926606,0.7798165137614679,0.05504587155963303,12,1.5504587155963303,22,0.6697247706422018,4.944954128440367,low
local_swap_p0,local_swap,0,4751,770026628,"72,139,147",237,1896,110,3,3,6,12,86,6,0.10909090909090909,0.7818181818181819,0.05454545454545454,12,1.5363636363636364,22,0.6727272727272727,4.9363636363636365,low
local_swap_p0,local_swap,0,4751,770026628,"72,139,147",238,1904,107,3,3,5,12,84,6,0.11214953271028037,0.7850467289719626,0.056074766355140186,12,1.6168224299065421,22,0.6728971962616822,4.897196261682243,low
local_swap_p0,local_swap,0,4751,770026628,"72,139,147",239,1912,109,3,3,5,13,85,6,0.11926605504587157,0.7798165137614679,0.05504587155963303,12,1.5504587155963303,22,0.6697247706422018,4.8807339449541285,low
local_swap_p0,local_swap,0,4751,770026628,"72,139,147",240,1920,113,3,3,5,15,87,6,0.13274336283185842,0.7699115044247787,0.05309734513274336,12,1.4424778761061947,22,0.6814159292035398,4.8584070796460175,low
local_swap_p0,local_swap,0,4751,770026628,"72,139,147",241,1928,117,3,3,5,16,90,6,0.13675213675213677,0.7692307692307693,0.05128205128205128,12,1.4188034188034189,21,0.7008547008547008,4.905982905982906,low
local_swap_p0,local_swap,0,4751,770026628,"72,139,147",242,1936,113,3,3,4,16,87,6,0.1415929203539823,0.7699115044247787,0.05309734513274336,12,1.4601769911504425,25,0.672566371681416,4.946902654867257,low
local_swap_p0,local_swap,0,4751,770026628,"72,139,147",243,1944,113,3,3,4,15,88,6,0.13274336283185842,0.7787610619469026,0.05309734513274336,12,1.415929203539823,27,0.6637168141592921,4.9734513274336285,low
local_swap_p0,local_swap,0,4751,770026628,"72,139,147",244,1952,116,3,3,4,15,91,6,0.12931034482758622,0.7844827586206896,0.05172413793103448,12,1.3879310344827587,29,0.646551724137931,4.956896551724138,low
local_swap_p0,local_swap,0,4751,770026628,"72,139,147",245,1960,116,3,3,5,15,90,6,0.12931034482758622,0.7758620689655172,0.05172413793103448,12,1.4310344827586208,30,0.646551724137931,4.948275862068965,low
local_swap_p0,local_swap,0,4751,770026628,"72,139,147",246,1968,117,3,3,6,14,91,6,0.11965811965811966,0.7777777777777778,0.05128205128205128,12,1.4017094017094016,30,0.6324786324786325,4.923076923076923,low
local_swap_p0,local_swap,0,4751,770026628,"72,139,147",247,1976,120,3,3,6,16,92,6,0.13333333333333333,0.7666666666666667,0.05,12,1.4083333333333334,27,0.6416666666666667,4.916666666666667,low
local_swap_p0,local_swap,0,4751,770026628,"72,139,147",248,1984,120,3,3,6,17,91,6,0.14166666666666666,0.7583333333333333,0.05,12,1.425,27,0.6416666666666667,4.891666666666667,low
local_swap_p0,local_swap,0,4751,770026628,"72,139,147",249,1992,118,3,3,6,17,89,6,0.1440677966101695,0.7542372881355932,0.05084745762711865,12,1.4915254237288136,23,0.6610169491525424,4.8559322033898304,low
local_swap_p0,local_swap,0,4751,770026628,"72,139,147",250,2000,117,3,3,6,16,89,6,0.13675213675213677,0.7606837606837606,0.05128205128205128,12,1.4957264957264957,23,0.6581196581196581,4.863247863247863,low
local_swap_p0,local_swap,0,4751,770026628,"72,139,147",251,2008,117,3,3,6,16,89,6,0.13675213675213677,0.7606837606837606,0.05128205128205128,12,1.5042735042735043,21,0.6581196581196581,4.888888888888889,low
local_swap_p0,local_swap,0,4751,770026628,"72,139,147",252,2016,118,3,3,7,14,91,6,0.11864406779661017,0.7711864406779662,0.05084745762711865,12,1.4915254237288136,21,0.6779661016949152,4.889830508474576,low
local_swap_p0,local_swap,0,4751,770026628,"72,139,147",253,2024,120,3,3,7,15,92,6,0.125,0.7666666666666667,0.05,12,1.4666666666666666,23,0.675,4.891666666666667,low
local_swap_p0,local_swap,0,4751,770026628,"72,139,147",254,2032,122,3,3,6,16,94,6,0.13114754098360656,0.7704918032786885,0.04918032786885246,12,1.3524590163934427,23,0.680327868852459,4.877049180327869,low
local_swap_p0,local_swap,0,4751,770026628,"72,139,147",255,2040,120,3,3,6,14,94,6,0.11666666666666667,0.7833333333333333,0.05,12,1.375,26,0.6416666666666667,4.891666666666667,low
local_swap_p0,local_swap,0,4751,770026628,"72,139,147",256,2048,120,3,3,6,13,95,6,0.10833333333333334,0.7916666666666666,0.05,12,1.3583333333333334,26,0.6333333333333333,4.933333333333334,low
local_swap_p0,local_swap,0,4751,770026628,"72,139,147",257,2056,116,3,3,6,13,91,6,0.11206896551724138,0.7844827586206896,0.05172413793103448,12,1.4396551724137931,26,0.6379310344827587,4.913793103448276,low
local_swap_p0,local_swap,0,4751,770026628,"72,139,147",258,2064,117,3,3,6,13,92,6,0.1111111111111111,0.7863247863247863,0.05128205128205128,12,1.3846153846153846,25,0.6495726495726496,4.923076923076923,low
local_swap_p0,local_swap,0,4751,770026628,"72,139,147",259,2072,122,3,3,6,14,96,6,0.11475409836065574,0.7868852459016393,0.04918032786885246,12,1.3442622950819672,23,0.6639344262295082,4.89344262295082,low
local_swap_p0,local_swap,0,4751,770026628,"72,139,147",260,2080,124,3,3,6,14,98,6,0.11290322580645161,0.7903225806451613,0.04838709677419355,12,1.4112903225806452,25,0.6451612903225806,4.919354838709677,low
local_swap_p0,local_swap,0,4751,770026628,"72,139,147",261,2088,125,3,3,6,15,98,6,0.12,0.784,0.048,12,1.392,25,0.632,4.816,low
local_swap_p0,local_swap,0,4751,770026628,"72,139,147",262,2096,123,3,3,6,15,96,6,0.12195121951219512,0.7804878048780488,0.04878048780487805,12,1.4227642276422765,29,0.6422764227642277,4.804878048780488,low
local_swap_p0,local_swap,0,4751,770026628,"72,139,147",263,2104,123,3,2,7,14,97,5,0.11382113821138211,0.7886178861788617,0.04065040650406504,12,1.4471544715447155,31,0.6178861788617886,4.861788617886178,low
local_swap_p0,local_swap,0,4751,770026628,"72,139,147",264,2112,120,3,2,7,13,95,5,0.10833333333333334,0.7916666666666666,0.041666666666666664,12,1.4916666666666667,31,0.6,4.891666666666667,low
local_swap_p0,local_swap,0,4751,770026628,"72,139,147",265,2120,123,3,2,7,13,98,5,0.10569105691056911,0.7967479674796748,0.04065040650406504,12,1.4552845528455285,29,0.6016260162601627,4.902439024390244,low
local_swap_p0,local_swap,0,4751,770026628,"72,139,147",266,2128,122,3,2,7,12,98,5,0.09836065573770492,0.8032786885245902,0.040983606557377046,12,1.4754098360655739,30,0.5983606557377049,4.926229508196721,low
local_swap_p0,local_swap,0,4751,770026628,"72,139,147",267,2136,123,3,2,7,12,99,5,0.0975609756097561,0.8048780487804879,0.04065040650406504,12,1.4552845528455285,31,0.4146341463414634,4.9105691056910565,low
local_swap_p0,local_swap,0,4751,770026628,"72,139,147",268,2144,122,3,2,7,13,97,5,0.10655737704918032,0.7950819672131147,0.040983606557377046,12,1.4098360655737705,31,0.45081967213114754,4.860655737704918,low
local_swap_p0,local_swap,0,4751,770026628,"72,139,147",269,2152,126,3,2,7,13,101,5,0.10317460317460317,0.8015873015873016,0.03968253968253968,12,1.373015873015873,32,0.4444444444444444,4.865079365079365,low
local_swap_p0,local_swap,0,4751,770026628,"72,139,147",270,2160,124,3,2,7,12,100,5,0.0967741935483871,0.8064516129032258,0.04032258064516129,12,1.3951612903225807,34,0.41935483870967744,4.895161290322581,low
local_swap_p0,local_swap,0,4751,770026628,"72,139,147",271,2168,126,3,2,7,14,100,5,0.1111111111111111,0.7936507936507936,0.03968253968253968,12,1.3888888888888888,34,0.40476190476190477,4.873015873015873,low
local_swap_p0,local_swap,0,4751,770026628,"72,139,147",272,2176,130,3,3,7,14,103,6,0.1076923076923077,0.7923076923076923,0.046153846153846156,12,1.3307692307692307,31,0.38461538461538464,4.8538461538461535,low
local_swap_p0,local_swap,0,4751,770026628,"72,139,147",273,2184,130,3,3,7,14,103,6,0.1076923076923077,0.7923076923076923,0.046153846153846156,12,1.3846153846153846,32,0.5692307692307692,4.861538461538461,low
local_swap_p0,local_swap,0,4751,770026628,"72,139,147",274,2192,131,3,3,7,14,104,6,0.10687022900763359,0.7938931297709924,0.04580152671755725,12,1.3511450381679388,33,0.5572519083969466,4.877862595419847,low
local_swap_p0,local_swap,0,4751,770026628,"72,139,147",275,2200,128,3,3,6,15,101,6,0.1171875,0.7890625,0.046875,12,1.421875,32,0.5546875,4.8984375,low
local_swap_p0,local_swap,0,4751,770026628,"72,139,147",276,2208,129,3,3,6,16,101,6,0.12403100775193798,0.7829457364341085,0.046511627906976744,12,1.4186046511627908,30,0.5736434108527132,4.883720930232558,low
local_swap_p0,local_swap,0,4751,770026628,"72,139,147",277,2216,127,3,3,6,16,99,6,0.12598425196850394,0.7795275590551181,0.047244094488188976,12,1.4409448818897639,31,0.5905511811023622,4.897637795275591,low
local_swap_p0,local_swap,0,4751,770026628,"72,139,147",278,2224,130,3,3,6,16,102,6,0.12307692307692308,0.7846153846153846,0.046153846153846156,12,1.4538461538461538,33,0.5923076923076923,4.969230769230769,low
local_swap_p0,local_swap,0,4751,770026628,"72,139,147",279,2232,131,3,3,6,15,104,6,0.11450381679389313,0.7938931297709924,0.04580152671755725,12,1.4198473282442747,33,0.5954198473282443,4.977099236641221,low
local_swap_p0,local_swap,0,4751,770026628,"72,139,147",280,2240,129,3,3,5,15,103,6,0.11627906976744186,0.7984496124031008,0.046511627906976744,12,1.441860465116279,33,0.5813953488372093,5.0,mid
local_swap_p0,local_swap,0,4751,770026628,"72,139,147",281,2248,133,3,3,6,16,105,6,0.12030075187969924,0.7894736842105263,0.045112781954887216,12,1.3759398496240602,32,0.6090225563909775,5.007518796992481,mid
local_swap_p0,local_swap,0,4751,770026628,"72,139,147",282,2256,131,3,3,7,15,103,6,0.11450381679389313,0.7862595419847328,0.04580152671755725,12,1.4122137404580153,30,0.6106870229007634,4.977099236641221,low
local_swap_p0,local_swap,0,4751,770026628,"72,139,147",283,2264,129,3,3,7,16,100,6,0.12403100775193798,0.7751937984496124,0.046511627906976744,12,1.426356589147287,28,0.6201550387596899,5.007751937984496,mid
local_swap_p0,local_swap,0,4751,770026628,"72,139,147",284,2272,129,3,2,7,17,100,5,0.13178294573643412,0.7751937984496124,0.03875968992248062,12,1.4573643410852712,29,0.6124031007751938,5.038759689922481,mid
local_swap_p0,local_swap,0,4751,770026628,"72,139,147",285,2280,128,3,2,7,17,99,5,0.1328125,0.7734375,0.0390625,12,1.4765625,32,0.609375,5.0390625,mid
local_swap_p0,local_swap,0,4751,770026628,"72,139,147",286,2288,129,3,2,7,17,100,5,0.13178294573643412,0.7751937984496124,0.03875968992248062,12,1.434108527131783,30,0.6434108527131783,5.023255813953488,mid
local_swap_p0,local_swap,0,4751,770026628,"72,139,147",287,2296,130,3,2,7,16,102,5,0.12307692307692308,0.7846153846153846,0.038461538461538464,12,1.4076923076923078,31,0.6538461538461539,5.038461538461538,mid
local_swap_p0,local_swap,0,4751,770026628,"72,139,147",288,2304,128,3,2,7,17,99,5,0.1328125,0.7734375,0.0390625,12,1.4765625,30,0.6796875,5.0234375,mid
local_swap_p0,local_swap,0,4751,770026628,"72,139,147",289,2312,131,3,2,7,18,101,5,0.13740458015267176,0.7709923664122137,0.03816793893129771,12,1.4351145038167938,30,0.6870229007633588,5.022900763358779,mid
local_swap_p0,local_swap,0,4751,770026628,"72,139,147",290,2320,133,3,2,7,19,102,5,0.14285714285714285,0.7669172932330827,0.03759398496240601,12,1.406015037593985,27,0.6917293233082706,5.015037593984962,mid
local_swap_p0,local_swap,0,4751,770026628,"72,139,147",291,2328,138,3,2,8,20,105,5,0.14492753623188406,0.7608695652173914,0.036231884057971016,12,1.318840579710145,26,0.7028985507246377,4.978260869565218,low
local_swap_p0,local_swap,0,4751,770026628,"72,139,147",292,2336,136,3,2,8,20,103,5,0.14705882352941177,0.7573529411764706,0.03676470588235294,12,1.3602941176470589,26,0.6985294117647058,4.992647058823529,low
local_swap_p0,local_swap,0,4751,770026628,"72,139,147",293,2344,136,3,2,8,20,103,5,0.14705882352941177,0.7573529411764706,0.03676470588235294,12,1.3602941176470589,25,0.6911764705882353,5.0,mid
local_swap_p0,local_swap,0,4751,770026628,"72,139,147",294,2352,137,3,2,8,21,103,5,0.15328467153284672,0.7518248175182481,0.0364963503649635,12,1.364963503649635,26,0.6861313868613139,4.992700729927007,low
local_swap_p0,local_swap,0,4751,770026628,"72,139,147",295,2360,135,3,2,8,21,101,5,0.15555555555555556,0.7481481481481481,0.037037037037037035,12,1.385185185185185,27,0.6518518518518519,5.014814814814815,mid
local_swap_p0,local_swap,0,4751,770026628,"72,139,147",296,2368,135,3,2,8,20,102,5,0.14814814814814814,0.7555555555555555,0.037037037037037035,12,1.3703703703703705,26,0.6592592592592592,5.029629629629629,mid
local_swap_p0,local_swap,0,4751,770026628,"72,139,147",297,2376,136,3,2,7,21,103,5,0.15441176470588236,0.7573529411764706,0.03676470588235294,12,1.3529411764705883,30,0.625,5.036764705882353,mid
local_swap_p0,local_swap,0,4751,770026628,"72,139,147",298,2384,134,3,2,7,21,101,5,0.15671641791044777,0.753731343283582,0.03731343283582089,12,1.3507462686567164,29,0.6343283582089553,4.992537313432836,low
local_swap_p0,local_swap,0,4751,770026628,"72,139,147",299,2392,134,3,2,8,20,101,5,0.14925373134328357,0.753731343283582,0.03731343283582089,12,1.328358208955224,25,0.6716417910447762,4.992537313432836,low
local_swap_p0,local_swap,0,4751,770026628,"72,139,147",300,2400,134,3,3,7,21,100,6,0.15671641791044777,0.746268656716418,0.04477611940298507,12,1.3134328358208955,30,0.6194029850746269,4.962686567164179,low
local_swap_p0,local_swap,0,4751,770026628,"72,139,147",301,2408,134,3,3,7,21,100,6,0.15671641791044777,0.746268656716418,0.04477611940298507,12,1.3208955223880596,28,0.6268656716417911,4.962686567164179,low
local_swap_p0,local_swap,0,4751,770026628,"72,139,147",302,2416,135,3,3,7,21,101,6,0.15555555555555556,0.7481481481481481,0.044444444444444446,12,1.288888888888889,30,0.6296296296296297,4.970370370370371,low
local_swap_p0,local_swap,0,4751,770026628,"72,139,147",303,2424,134,3,3,7,21,100,6,0.15671641791044777,0.746268656716418,0.04477611940298507,12,1.3059701492537314,30,0.6268656716417911,4.970149253731344,low
local_swap_p0,local_swap,0,4751,770026628,"72,139,147",304,2432,135,3,3,7,22,100,6,0.16296296296296298,0.7407407407407407,0.044444444444444446,12,1.3185185185185184,28,0.6370370370370371,4.940740740740741,low
local_swap_p0,local_swap,0,4751,770026628,"72,139,147",305,2440,135,3,3,7,22,100,6,0.16296296296296298,0.7407407407407407,0.044444444444444446,12,1.3111111111111111,28,0.6370370370370371,4.933333333333334,low
local_swap_p0,local_swap,0,4751,770026628,"72,139,147",306,2448,136,3,3,8,20,102,6,0.14705882352941177,0.75,0.04411764705882353,12,1.3455882352941178,26,0.6544117647058824,4.977941176470588,low
local_swap_p0,local_swap,0,4751,770026628,"72,139,147",307,2456,136,3,3,8,19,103,6,0.13970588235294118,0.7573529411764706,0.04411764705882353,12,1.3823529411764706,29,0.6470588235294118,4.970588235294118,low
local_swap_p0,local_swap,0,4751,770026628,"72,139,147",308,2464,136,3,3,8,19,103,6,0.13970588235294118,0.7573529411764706,0.04411764705882353,12,1.3897058823529411,27,0.6544117647058824,4.9338235294117645,low
local_swap_p0,local_swap,0,4751,770026628,"72,139,147",309,2472,136,3,3,8,18,104,6,0.1323529411764706,0.7647058823529411,0.04411764705882353,12,1.4411764705882353,29,0.6323529411764706,5.0,mid
local_swap_p0,local_swap,0,4751,770026628,"72,139,147",310,2480,136,3,3,9,17,104,6,0.125,0.7647058823529411,0.04411764705882353,12,1.3823529411764706,28,0.6911764705882353,5.022058823529412,mid
local_swap_p0,local_swap,0,4751,770026628,"72,139,147",311,2488,135,3,3,9,17,103,6,0.1259259259259259,0.762962962962963,0.044444444444444446,12,1.3925925925925926,30,0.674074074074074,5.014814814814815,mid
local_swap_p0,local_swap,0,4751,770026628,"72,139,147",312,2496,136,3,3,9,17,104,6,0.125,0.7647058823529411,0.04411764705882353,12,1.3455882352941178,29,0.6764705882352942,4.963235294117647,low
local_swap_p0,local_swap,0,4751,770026628,"72,139,147",313,2504,139,3,3,9,18,106,6,0.12949640287769784,0.762589928057554,0.04316546762589928,12,1.3021582733812949,31,0.6834532374100719,5.028776978417266,mid
local_swap_p0,local_swap,0,4751,770026628,"72,139,147",314,2512,142,3,4,10,19,106,7,0.13380281690140844,0.7464788732394366,0.04929577464788732,12,1.2464788732394365,31,0.6901408450704225,4.971830985915493,low
local_swap_p0,local_swap,0,4751,770026628,"72,139,147",315,2520,143,3,4,8,19,109,7,0.13286713286713286,0.7622377622377622,0.04895104895104895,12,1.2937062937062938,33,0.6643356643356644,5.020979020979021,mid
local_swap_p0,local_swap,0,4751,770026628,"72,139,147",316,2528,145,3,4,8,19,111,7,0.1310344827586207,0.7655172413793103,0.04827586206896552,12,1.2689655172413794,31,0.6620689655172414,5.006896551724138,mid
local_swap_p0,local_swap,0,4751,770026628,"72,139,147",317,2536,149,3,4,8,21,113,7,0.14093959731543623,0.7583892617449665,0.04697986577181208,12,1.2080536912751678,33,0.6778523489932886,4.966442953020135,low
local_swap_p0,local_swap,0,4751,770026628,"72,139,147",318,2544,151,3,4,8,21,115,7,0.1390728476821192,0.7615894039735099,0.046357615894039736,12,1.2450331125827814,30,0.6622516556291391,4.953642384105961,low
local_swap_p0,local_swap,0,4751,770026628,"72,139,147",319,2552,149,3,4,8,21,113,7,0.14093959731543623,0.7583892617449665,0.04697986577181208,12,1.2818791946308725,28,0.6778523489932886,4.939597315436242,low
local_swap_p0,local_swap,0,4751,770026628,"72,139,147",320,2560,152,3,4,8,21,116,7,0.13815789473684212,0.7631578947368421,0.046052631578947366,12,1.25,29,0.6776315789473685,4.947368421052632,low
local_swap_p0,local_swap,0,4801,770026678,"72,139,147",0,0,3,3,0,0,0,0,3,0.0,0.0,1.0,0,2.6666666666666665,1,1.0,0.0,low
local_swap_p0,local_swap,0,4801,770026678,"72,139,147",1,8,3,3,0,0,0,0,3,0.0,0.0,1.0,0,2.6666666666666665,1,1.0,0.0,low
local_swap_p0,local_swap,0,4801,770026678,"72,139,147",2,16,3,3,0,0,0,0,3,0.0,0.0,1.0,0,2.6666666666666665,1,1.0,0.0,low
local_swap_p0,local_swap,0,4801,770026678,"72,139,147",3,24,3,3,0,0,0,0,3,0.0,0.0,1.0,0,2.6666666666666665,1,1.0,0.0,low
local_swap_p0,local_swap,0,4801,770026678,"72,139,147",4,32,3,3,0,0,0,0,3,0.0,0.0,1.0,0,2.6666666666666665,1,1.0,0.0,low
local_swap_p0,local_swap,0,4801,770026678,"72,139,147",5,40,3,3,0,0,0,0,3,0.0,0.0,1.0,0,2.6666666666666665,1,1.0,0.0,low
local_swap_p0,local_swap,0,4801,770026678,"72,139,147",6,48,3,3,0,0,0,0,3,0.0,0.0,1.0,0,2.6666666666666665,1,1.0,0.0,low
local_swap_p0,local_swap,0,4801,770026678,"72,139,147",7,56,3,3,0,0,0,0,3,0.0,0.0,1.0,0,2.6666666666666665,1,1.0,0.0,low
local_swap_p0,local_swap,0,4801,770026678,"72,139,147",8,64,3,3,0,0,0,0,3,0.0,0.0,1.0,0,2.6666666666666665,1,1.0,0.0,low
local_swap_p0,local_swap,0,4801,770026678,"72,139,147",9,72,3,3,0,0,0,0,3,0.0,0.0,1.0,0,2.6666666666666665,1,1.0,0.0,low
local_swap_p0,local_swap,0,4801,770026678,"72,139,147",10,80,4,3,1,0,0,0,4,0.0,0.0,1.0,1,1.75,1,1.0,0.25,low
local_swap_p0,local_swap,0,4801,770026678,"72,139,147",11,88,4,3,1,0,0,0,4,0.0,0.0,1.0,1,2.0,1,1.0,0.25,low
local_swap_p0,local_swap,0,4801,770026678,"72,139,147",12,96,4,3,1,0,0,0,4,0.0,0.0,1.0,1,2.0,1,1.0,0.25,low
local_swap_p0,local_swap,0,4801,770026678,"72,139,147",13,104,4,3,1,0,0,0,4,0.0,0.0,1.0,1,2.0,1,1.0,0.25,low
local_swap_p0,local_swap,0,4801,770026678,"72,139,147",14,112,4,3,1,0,0,0,4,0.0,0.0,1.0,1,2.0,1,1.0,0.25,low
local_swap_p0,local_swap,0,4801,770026678,"72,139,147",15,120,4,3,1,0,0,0,4,0.0,0.0,1.0,1,2.0,1,1.0,0.25,low
local_swap_p0,local_swap,0,4801,770026678,"72,139,147",16,128,4,3,1,0,0,0,4,0.0,0.0,1.0,1,2.0,1,1.0,0.25,low
local_swap_p0,local_swap,0,4801,770026678,"72,139,147",17,136,4,3,1,0,0,0,4,0.0,0.0,1.0,1,2.0,1,1.0,0.25,low
local_swap_p0,local_swap,0,4801,770026678,"72,139,147",18,144,4,3,1,0,0,0,4,0.0,0.0,1.0,1,2.0,1,1.0,0.25,low
local_swap_p0,local_swap,0,4801,770026678,"72,139,147",19,152,4,3,1,0,0,0,4,0.0,0.0,1.0,1,1.75,1,1.0,0.25,low
local_swap_p0,local_swap,0,4801,770026678,"72,139,147",20,160,4,3,1,0,0,0,4,0.0,0.0,1.0,1,2.0,1,1.0,0.25,low
local_swap_p0,local_swap,0,4801,770026678,"72,139,147",21,168,4,3,1,0,0,0,4,0.0,0.0,1.0,1,2.0,1,1.0,0.25,low
local_swap_p0,local_swap,0,4801,770026678,"72,139,147",22,176,4,3,1,0,0,0,4,0.0,0.0,1.0,1,1.75,1,1.0,0.25,low
local_swap_p0,local_swap,0,4801,770026678,"72,139,147",23,184,4,3,1,0,0,0,4,0.0,0.0,1.0,1,1.75,1,1.0,0.25,low
local_swap_p0,local_swap,0,4801,770026678,"72,139,147",24,192,4,3,1,0,0,0,4,0.0,0.0,1.0,1,1.75,1,1.0,0.25,low
local_swap_p0,local_swap,0,4801,770026678,"72,139,147",25,200,4,3,1,0,0,0,4,0.0,0.0,1.0,1,1.75,1,1.0,0.25,low
local_swap_p0,local_swap,0,4801,770026678,"72,139,147",26,208,4,3,1,0,0,0,4,0.0,0.0,1.0,1,1.75,1,1.0,0.25,low
local_swap_p0,local_swap,0,4801,770026678,"72,139,147",27,216,4,3,1,0,0,0,4,0.0,0.0,1.0,1,1.75,1,1.0,0.25,low
local_swap_p0,local_swap,0,4801,770026678,"72,139,147",28,224,4,3,1,0,0,0,4,0.0,0.0,1.0,1,1.75,1,1.0,0.25,low
local_swap_p0,local_swap,0,4801,770026678,"72,139,147",29,232,4,3,1,0,0,0,4,0.0,0.0,1.0,1,1.75,1,1.0,0.25,low
local_swap_p0,local_swap,0,4801,770026678,"72,139,147",30,240,4,3,1,0,0,0,4,0.0,0.0,1.0,1,3.5,1,1.0,0.25,low
local_swap_p0,local_swap,0,4801,770026678,"72,139,147",31,248,4,3,1,0,0,0,4,0.0,0.0,1.0,1,3.5,1,1.0,0.25,low
local_swap_p0,local_swap,0,4801,770026678,"72,139,147",32,256,4,3,1,0,0,0,4,0.0,0.0,1.0,1,3.5,1,1.0,0.25,low
local_swap_p0,local_swap,0,4801,770026678,"72,139,147",33,264,4,3,1,0,0,0,4,0.0,0.0,1.0,1,1.75,1,1.0,0.25,low
local_swap_p0,local_swap,0,4801,770026678,"72,139,147",34,272,4,3,1,0,0,0,4,0.0,0.0,1.0,1,1.75,1,1.0,0.25,low
local_swap_p0,local_swap,0,4801,770026678,"72,139,147",35,280,4,3,1,0,0,0,4,0.0,0.0,1.0,1,1.75,1,1.0,0.25,low
local_swap_p0,local_swap,0,4801,770026678,"72,139,147",36,288,4,3,1,0,0,0,4,0.0,0.0,1.0,1,1.75,1,1.0,0.25,low
local_swap_p0,local_swap,0,4801,770026678,"72,139,147",37,296,4,3,1,0,0,0,4,0.0,0.0,1.0,1,1.75,1,1.0,0.25,low
local_swap_p0,local_swap,0,4801,770026678,"72,139,147",38,304,4,3,1,0,0,0,4,0.0,0.0,1.0,1,1.75,1,1.0,0.25,low
local_swap_p0,local_swap,0,4801,770026678,"72,139,147",39,312,4,3,1,0,0,0,4,0.0,0.0,1.0,1,1.75,1,1.0,0.25,low
local_swap_p0,local_swap,0,4801,770026678,"72,139,147",40,320,4,3,1,0,0,0,4,0.0,0.0,1.0,1,1.75,1,1.0,0.25,low
local_swap_p0,local_swap,0,4801,770026678,"72,139,147",41,328,3,3,0,0,0,0,3,0.0,0.0,1.0,0,2.6666666666666665,1,1.0,0.0,low
local_swap_p0,local_swap,0,4801,770026678,"72,139,147",42,336,3,3,0,0,0,0,3,0.0,0.0,1.0,0,2.6666666666666665,1,1.0,0.0,low
local_swap_p0,local_swap,0,4801,770026678,"72,139,147",43,344,3,3,0,0,0,0,3,0.0,0.0,1.0,0,2.6666666666666665,1,1.0,0.0,low
local_swap_p0,local_swap,0,4801,770026678,"72,139,147",44,352,4,3,1,0,0,0,4,0.0,0.0,1.0,1,3.5,1,1.0,0.25,low
local_swap_p0,local_swap,0,4801,770026678,"72,139,147",45,360,5,3,1,1,0,0,4,0.0,0.0,0.8,2,3.4,2,0.8,0.6,low
local_swap_p0,local_swap,0,4801,770026678,"72,139,147",46,368,5,3,1,1,0,0,4,0.0,0.0,0.8,2,3.4,2,0.8,0.6,low
local_swap_p0,local_swap,0,4801,770026678,"72,139,147",47,376,4,3,0,0,1,0,3,0.25,0.0,0.75,3,3.5,2,0.75,0.75,low
local_swap_p0,local_swap,0,4801,770026678,"72,139,147",48,384,4,3,0,0,1,0,3,0.25,0.0,0.75,3,3.5,2,0.75,0.75,low
local_swap_p0,local_swap,0,4801,770026678,"72,139,147",49,392,4,3,0,0,0,1,3,0.0,0.25,0.75,4,3.25,2,0.75,1.0,low
local_swap_p0,local_swap,0,4801,770026678,"72,139,147",50,400,4,3,0,0,0,1,3,0.0,0.25,0.75,4,3.25,2,0.75,1.0,low
local_swap_p0,local_swap,0,4801,770026678,"72,139,147",51,408,4,3,0,0,0,1,3,0.0,0.25,0.75,4,3.25,2,0.75,1.0,low
local_swap_p0,local_swap,0,4801,770026678,"72,139,147",52,416,4,3,0,0,0,1,3,0.0,0.25,0.75,4,3.25,2,0.75,1.0,low
local_swap_p0,local_swap,0,4801,770026678,"72,139,147",53,424,4,3,0,0,0,1,3,0.0,0.25,0.75,4,3.25,2,0.75,1.0,low
local_swap_p0,local_swap,0,4801,770026678,"72,139,147",54,432,4,3,0,0,0,1,3,0.0,0.25,0.75,4,3.25,2,0.75,1.0,low
local_swap_p0,local_swap,0,4801,770026678,"72,139,147",55,440,4,3,0,0,0,1,3,0.0,0.25,0.75,4,3.25,2,0.75,1.0,low
local_swap_p0,local_swap,0,4801,770026678,"72,139,147",56,448,4,3,0,0,0,1,3,0.0,0.25,0.75,4,3.25,2,0.75,1.0,low
local_swap_p0,local_swap,0,4801,770026678,"72,139,147",57,456,4,3,0,0,0,1,3,0.0,0.25,0.75,4,3.25,2,0.75,1.0,low
local_swap_p0,local_swap,0,4801,770026678,"72,139,147",58,464,4,3,0,0,0,1,3,0.0,0.25,0.75,4,3.25,2,0.75,1.0,low
local_swap_p0,local_swap,0,4801,770026678,"72,139,147",59,472,4,3,0,0,0,1,3,0.0,0.25,0.75,5,2.25,2,0.75,1.25,low
local_swap_p0,local_swap,0,4801,770026678,"72,139,147",60,480,4,3,0,0,0,1,3,0.0,0.25,0.75,5,2.25,2,0.75,1.25,low
local_swap_p0,local_swap,0,4801,770026678,"72,139,147",61,488,4,3,0,0,0,1,3,0.0,0.25,0.75,5,2.25,2,0.75,1.25,low
local_swap_p0,local_swap,0,4801,770026678,"72,139,147",62,496,5,3,1,0,0,1,4,0.0,0.2,0.8,4,2.6,2,0.8,1.0,low
local_swap_p0,local_swap,0,4801,770026678,"72,139,147",63,504,5,3,1,0,0,1,4,0.0,0.2,0.8,4,2.6,2,0.8,1.0,low
local_swap_p0,local_swap,0,4801,770026678,"72,139,147",64,512,5,3,1,0,0,1,4,0.0,0.2,0.8,4,2.6,2,0.8,1.0,low
local_swap_p0,local_swap,0,4801,770026678,"72,139,147",65,520,5,3,1,0,0,1,4,0.0,0.2,0.8,4,2.6,2,0.8,1.0,low
local_swap_p0,local_swap,0,4801,770026678,"72,139,147",66,528,5,3,1,0,0,1,4,0.0,0.2,0.8,4,2.6,2,0.8,1.0,low
local_swap_p0,local_swap,0,4801,770026678,"72,139,147",67,536,5,3,1,0,0,1,4,0.0,0.2,0.8,4,2.6,2,0.8,1.0,low
local_swap_p0,local_swap,0,4801,770026678,"72,139,147",68,544,5,3,1,0,0,1,4,0.0,0.2,0.8,5,2.0,2,0.8,1.2,low
local_swap_p0,local_swap,0,4801,770026678,"72,139,147",69,552,5,3,1,0,0,1,4,0.0,0.2,0.8,5,2.0,2,0.8,1.2,low
local_swap_p0,local_swap,0,4801,770026678,"72,139,147",70,560,5,3,1,0,0,1,4,0.0,0.2,0.8,5,2.0,2,0.8,1.2,low
local_swap_p0,local_swap,0,4801,770026678,"72,139,147",71,568,5,3,1,0,0,1,4,0.0,0.2,0.8,5,2.0,2,0.8,1.2,low
local_swap_p0,local_swap,0,4801,770026678,"72,139,147",72,576,5,3,1,0,0,1,4,0.0,0.2,0.8,5,2.0,2,0.8,1.2,low
local_swap_p0,local_swap,0,4801,770026678,"72,139,147",73,584,5,3,1,0,0,1,4,0.0,0.2,0.8,5,2.0,2,0.8,1.2,low
local_swap_p0,local_swap,0,4801,770026678,"72,139,147",74,592,5,3,1,0,0,1,4,0.0,0.2,0.8,5,2.0,2,0.8,1.2,low
local_swap_p0,local_swap,0,4801,770026678,"72,139,147",75,600,5,3,1,0,0,1,4,0.0,0.2,0.8,5,2.0,2,0.8,1.2,low
local_swap_p0,local_swap,0,4801,770026678,"72,139,147",76,608,5,3,1,0,0,1,4,0.0,0.2,0.8,5,2.0,2,0.8,1.2,low
local_swap_p0,local_swap,0,4801,770026678,"72,139,147",77,616,5,3,1,0,0,1,4,0.0,0.2,0.8,5,2.0,2,0.8,1.2,low
local_swap_p0,local_swap,0,4801,770026678,"72,139,147",78,624,5,3,1,0,0,1,4,0.0,0.2,0.8,5,2.0,2,0.8,1.2,low
local_swap_p0,local_swap,0,4801,770026678,"72,139,147",79,632,5,3,1,0,0,1,4,0.0,0.2,0.8,5,2.0,2,0.8,1.2,low
local_swap_p0,local_swap,0,4801,770026678,"72,139,147",80,640,5,3,1,0,0,1,4,0.0,0.2,0.8,5,2.0,2,0.8,1.2,low
local_swap_p0,local_swap,0,4801,770026678,"72,139,147",81,648,6,3,2,0,0,1,5,0.0,0.16666666666666666,0.8333333333333334,5,1.3333333333333333,2,0.8333333333333334,1.1666666666666667,low
local_swap_p0,local_swap,0,4801,770026678,"72,139,147",82,656,6,3,2,0,0,1,5,0.0,0.16666666666666666,0.8333333333333334,5,1.3333333333333333,2,0.8333333333333334,1.1666666666666667,low
local_swap_p0,local_swap,0,4801,770026678,"72,139,147",83,664,6,3,2,0,0,1,5,0.0,0.16666666666666666,0.8333333333333334,5,1.3333333333333333,2,0.8333333333333334,1.1666666666666667,low
local_swap_p0,local_swap,0,4801,770026678,"72,139,147",84,672,6,3,2,0,0,1,5,0.0,0.16666666666666666,0.8333333333333334,5,1.3333333333333333,2,0.8333333333333334,1.1666666666666667,low
local_swap_p0,local_swap,0,4801,770026678,"72,139,147",85,680,6,3,2,0,0,1,5,0.0,0.16666666666666666,0.8333333333333334,5,1.3333333333333333,2,0.8333333333333334,1.1666666666666667,low
local_swap_p0,local_swap,0,4801,770026678,"72,139,147",86,688,6,3,2,0,0,1,5,0.0,0.16666666666666666,0.8333333333333334,5,1.3333333333333333,2,0.8333333333333334,1.1666666666666667,low
local_swap_p0,local_swap,0,4801,770026678,"72,139,147",87,696,6,3,2,0,0,1,5,0.0,0.16666666666666666,0.8333333333333334,5,1.3333333333333333,2,0.8333333333333334,1.1666666666666667,low
local_swap_p0,local_swap,0,4801,770026678,"72,139,147",88,704,6,3,2,0,0,1,5,0.0,0.16666666666666666,0.8333333333333334,5,1.3333333333333333,2,0.8333333333333334,1.1666666666666667,low
local_swap_p0,local_swap,0,4801,770026678,"72,139,147",89,712,6,3,2,0,0,1,5,0.0,0.16666666666666666,0.8333333333333334,5,1.3333333333333333,2,0.8333333333333334,1.1666666666666667,low
local_swap_p0,local_swap,0,4801,770026678,"72,139,147",90,720,6,3,2,0,0,1,5,0.0,0.16666666666666666,0.8333333333333334,5,1.3333333333333333,2,0.8333333333333334,1.1666666666666667,low
local_swap_p0,local_swap,0,4801,770026678,"72,139,147",91,728,6,3,1,0,0,2,4,0.0,0.3333333333333333,0.6666666666666666,5,1.8333333333333333,2,0.6666666666666666,1.8333333333333333,low
local_swap_p0,local_swap,0,4801,770026678,"72,139,147",92,736,6,3,1,0,0,2,4,0.0,0.3333333333333333,0.6666666666666666,5,1.8333333333333333,2,0.6666666666666666,1.8333333333333333,low
local_swap_p0,local_swap,0,4801,770026678,"72,139,147",93,744,6,3,1,0,0,2,4,0.0,0.3333333333333333,0.6666666666666666,5,1.8333333333333333,2,0.6666666666666666,1.8333333333333333,low
local_swap_p0,local_swap,0,4801,770026678,"72,139,147",94,752,6,3,1,0,0,2,4,0.0,0.3333333333333333,0.6666666666666666,5,1.8333333333333333,2,0.6666666666666666,1.8333333333333333,low
local_swap_p0,local_swap,0,4801,770026678,"72,139,147",95,760,6,3,2,0,0,1,5,0.0,0.16666666666666666,0.8333333333333334,5,1.3333333333333333,2,0.8333333333333334,1.1666666666666667,low
local_swap_p0,local_swap,0,4801,770026678,"72,139,147",96,768,6,3,2,0,0,1,5,0.0,0.16666666666666666,0.8333333333333334,5,1.3333333333333333,2,0.8333333333333334,1.1666666666666667,low
local_swap_p0,local_swap,0,4801,770026678,"72,139,147",97,776,6,3,1,0,0,2,4,0.0,0.3333333333333333,0.6666666666666666,5,2.1666666666666665,2,0.6666666666666666,1.6666666666666667,low
local_swap_p0,local_swap,0,4801,770026678,"72,139,147",98,784,6,3,1,0,0,2,4,0.0,0.3333333333333333,0.6666666666666666,5,2.1666666666666665,2,0.6666666666666666,1.6666666666666667,low
local_swap_p0,local_swap,0,4801,770026678,"72,139,147",99,792,6,3,1,0,0,2,4,0.0,0.3333333333333333,0.6666666666666666,5,2.1666666666666665,2,0.6666666666666666,1.6666666666666667,low
local_swap_p0,local_swap,0,4801,770026678,"72,139,147",100,800,6,3,2,0,0,1,5,0.0,0.16666666666666666,0.8333333333333334,5,1.3333333333333333,2,0.8333333333333334,1.1666666666666667,low
local_swap_p0,local_swap,0,4801,770026678,"72,139,147",101,808,6,3,1,0,0,2,4,0.0,0.3333333333333333,0.6666666666666666,5,1.8333333333333333,2,0.6666666666666666,1.8333333333333333,low
local_swap_p0,local_swap,0,4801,770026678,"72,139,147",102,816,6,3,1,0,0,2,4,0.0,0.3333333333333333,0.6666666666666666,5,1.8333333333333333,2,0.6666666666666666,1.8333333333333333,low
local_swap_p0,local_swap,0,4801,770026678,"72,139,147",103,824,7,3,2,0,0,2,5,0.0,0.2857142857142857,0.7142857142857143,6,1.2857142857142858,3,0.7142857142857143,1.8571428571428572,low
local_swap_p0,local_swap,0,4801,770026678,"72,139,147",104,832,7,3,2,0,0,2,5,0.0,0.2857142857142857,0.7142857142857143,6,1.2857142857142858,3,0.7142857142857143,1.8571428571428572,low
local_swap_p0,local_swap,0,4801,770026678,"72,139,147",105,840,6,3,2,0,0,1,5,0.0,0.16666666666666666,0.8333333333333334,5,1.5,2,0.8333333333333334,1.1666666666666667,low
local_swap_p0,local_swap,0,4801,770026678,"72,139,147",106,848,6,3,2,0,0,1,5,0.0,0.16666666666666666,0.8333333333333334,5,1.5,2,0.8333333333333334,1.1666666666666667,low
local_swap_p0,local_swap,0,4801,770026678,"72,139,147",107,856,6,3,2,0,0,1,5,0.0,0.16666666666666666,0.8333333333333334,5,1.5,2,0.8333333333333334,1.1666666666666667,low
local_swap_p0,local_swap,0,4801,770026678,"72,139,147",108,864,6,3,1,0,0,2,4,0.0,0.3333333333333333,0.6666666666666666,5,1.8333333333333333,2,0.6666666666666666,1.8333333333333333,low
local_swap_p0,local_swap,0,4801,770026678,"72,139,147",109,872,6,3,1,0,0,2,4,0.0,0.3333333333333333,0.6666666666666666,5,1.8333333333333333,2,0.6666666666666666,1.8333333333333333,low
local_swap_p0,local_swap,0,4801,770026678,"72,139,147",110,880,6,3,1,0,0,2,4,0.0,0.3333333333333333,0.6666666666666666,5,1.8333333333333333,2,0.6666666666666666,1.8333333333333333,low
local_swap_p0,local_swap,0,4801,770026678,"72,139,147",111,888,6,3,1,0,0,2,4,0.0,0.3333333333333333,0.6666666666666666,5,1.8333333333333333,2,0.6666666666666666,1.8333333333333333,low
local_swap_p0,local_swap,0,4801,770026678,"72,139,147",112,896,6,3,1,0,0,2,4,0.0,0.3333333333333333,0.6666666666666666,5,1.8333333333333333,2,0.6666666666666666,1.8333333333333333,low
local_swap_p0,local_swap,0,4801,770026678,"72,139,147",113,904,6,3,1,0,0,2,4,0.0,0.3333333333333333,0.6666666666666666,5,1.8333333333333333,2,0.6666666666666666,1.8333333333333333,low
local_swap_p0,local_swap,0,4801,770026678,"72,139,147",114,912,6,3,1,0,0,2,4,0.0,0.3333333333333333,0.6666666666666666,5,1.8333333333333333,2,0.6666666666666666,1.8333333333333333,low
local_swap_p0,local_swap,0,4801,770026678,"72,139,147",115,920,6,3,1,0,0,2,4,0.0,0.3333333333333333,0.6666666666666666,5,1.8333333333333333,2,0.6666666666666666,1.8333333333333333,low
local_swap_p0,local_swap,0,4801,770026678,"72,139,147",116,928,6,3,1,0,0,2,4,0.0,0.3333333333333333,0.6666666666666666,5,1.8333333333333333,2,0.6666666666666666,1.8333333333333333,low
local_swap_p0,local_swap,0,4801,770026678,"72,139,147",117,936,7,3,1,0,0,3,4,0.0,0.42857142857142855,0.5714285714285714,5,1.7142857142857142,2,0.5714285714285714,2.142857142857143,low
local_swap_p0,local_swap,0,4801,770026678,"72,139,147",118,944,7,3,1,0,0,3,4,0.0,0.42857142857142855,0.5714285714285714,5,1.7142857142857142,2,0.5714285714285714,2.142857142857143,low
local_swap_p0,local_swap,0,4801,770026678,"72,139,147",119,952,6,3,1,0,0,2,4,0.0,0.3333333333333333,0.6666666666666666,5,2.3333333333333335,2,0.6666666666666666,1.6666666666666667,low
local_swap_p0,local_swap,0,4801,770026678,"72,139,147",120,960,6,3,1,0,0,2,4,0.0,0.3333333333333333,0.6666666666666666,5,2.3333333333333335,2,0.6666666666666666,1.6666666666666667,low
local_swap_p0,local_swap,0,4801,770026678,"72,139,147",121,968,7,3,2,0,0,2,5,0.0,0.2857142857142857,0.7142857142857143,5,2.0,2,0.7142857142857143,1.5714285714285714,low
local_swap_p0,local_swap,0,4801,770026678,"72,139,147",122,976,9,3,3,0,0,3,6,0.0,0.3333333333333333,0.6666666666666666,5,1.2222222222222223,2,0.6666666666666666,1.8888888888888888,low
local_swap_p0,local_swap,0,4801,770026678,"72,139,147",123,984,9,3,3,0,0,3,6,0.0,0.3333333333333333,0.6666666666666666,5,1.2222222222222223,2,0.6666666666666666,1.8888888888888888,low
local_swap_p0,local_swap,0,4801,770026678,"72,139,147",124,992,9,3,3,0,0,3,6,0.0,0.3333333333333333,0.6666666666666666,5,1.2222222222222223,2,0.6666666666666666,1.8888888888888888,low
local_swap_p0,local_swap,0,4801,770026678,"72,139,147",125,1000,9,3,4,0,0,2,7,0.0,0.2222222222222222,0.7777777777777778,6,1.2222222222222223,3,0.7777777777777778,1.5555555555555556,low
local_swap_p0,local_swap,0,4801,770026678,"72,139,147",126,1008,9,3,4,0,0,2,7,0.0,0.2222222222222222,0.7777777777777778,6,1.2222222222222223,3,0.7777777777777778,1.5555555555555556,low
local_swap_p0,local_swap,0,4801,770026678,"72,139,147",127,1016,9,3,3,0,0,3,6,0.0,0.3333333333333333,0.6666666666666666,6,1.3333333333333333,3,0.6666666666666666,2.0,low
local_swap_p0,local_swap,0,4801,770026678,"72,139,147",128,1024,9,3,3,0,0,3,6,0.0,0.3333333333333333,0.6666666666666666,6,1.3333333333333333,3,0.6666666666666666,2.0,low
local_swap_p0,local_swap,0,4801,770026678,"72,139,147",129,1032,10,3,4,0,0,3,7,0.0,0.3,0.7,6,1.0,3,0.7,1.9,low
local_swap_p0,local_swap,0,4801,770026678,"72,139,147",130,1040,8,3,3,0,0,2,6,0.0,0.25,0.75,6,1.125,3,0.75,1.75,low
local_swap_p0,local_swap,0,4801,770026678,"72,139,147",131,1048,9,3,3,0,0,3,6,0.0,0.3333333333333333,0.6666666666666666,6,1.3333333333333333,3,0.6666666666666666,2.0,low
local_swap_p0,local_swap,0,4801,770026678,"72,139,147",132,1056,9,3,3,0,0,3,6,0.0,0.3333333333333333,0.6666666666666666,6,1.3333333333333333,3,0.6666666666666666,2.0,low
local_swap_p0,local_swap,0,4801,770026678,"72,139,147",133,1064,9,3,2,1,0,3,5,0.0,0.3333333333333333,0.5555555555555556,5,1.4444444444444444,3,0.5555555555555556,2.0,low
local_swap_p0,local_swap,0,4801,770026678,"72,139,147",134,1072,9,3,2,1,0,3,5,0.0,0.3333333333333333,0.5555555555555556,5,1.4444444444444444,3,0.5555555555555556,2.0,low
local_swap_p0,local_swap,0,4801,770026678,"72,139,147",135,1080,9,3,3,0,0,3,6,0.0,0.3333333333333333,0.6666666666666666,5,1.3333333333333333,2,0.6666666666666666,1.8888888888888888,low
local_swap_p0,local_swap,0,4801,770026678,"72,139,147",136,1088,9,3,3,0,1,2,6,0.1111111111111111,0.2222222222222222,0.6666666666666666,5,1.8888888888888888,4,0.6666666666666666,1.7777777777777777,low
local_swap_p0,local_swap,0,4801,770026678,"72,139,147",137,1096,9,3,3,0,1,2,6,0.1111111111111111,0.2222222222222222,0.6666666666666666,5,1.8888888888888888,2,0.6666666666666666,1.6666666666666667,low
local_swap_p0,local_swap,0,4801,770026678,"72,139,147",138,1104,8,3,3,0,1,1,6,0.125,0.125,0.75,4,2.0,2,0.75,1.25,low
local_swap_p0,local_swap,0,4801,770026678,"72,139,147",139,1112,8,3,3,0,1,1,6,0.125,0.125,0.75,4,2.0,2,0.75,1.25,low
local_swap_p0,local_swap,0,4801,770026678,"72,139,147",140,1120,8,3,3,0,1,1,6,0.125,0.125,0.75,4,2.0,2,0.75,1.25,low
local_swap_p0,local_swap,0,4801,770026678,"72,139,147",141,1128,8,3,3,0,1,1,6,0.125,0.125,0.75,4,2.0,2,0.75,1.25,low
local_swap_p0,local_swap,0,4801,770026678,"72,139,147",142,1136,8,3,3,0,1,1,6,0.125,0.125,0.75,4,2.0,2,0.75,1.25,low
local_swap_p0,local_swap,0,4801,770026678,"72,139,147",143,1144,7,3,2,0,1,1,5,0.14285714285714285,0.14285714285714285,0.7142857142857143,4,2.4285714285714284,2,0.7142857142857143,1.2857142857142858,low
local_swap_p0,local_swap,0,4801,770026678,"72,139,147",144,1152,7,3,2,0,1,1,5,0.14285714285714285,0.14285714285714285,0.7142857142857143,4,2.4285714285714284,2,0.7142857142857143,1.2857142857142858,low
local_swap_p0,local_swap,0,4801,770026678,"72,139,147",145,1160,7,3,2,0,1,1,5,0.14285714285714285,0.14285714285714285,0.7142857142857143,4,2.4285714285714284,2,0.7142857142857143,1.2857142857142858,low
local_swap_p0,local_swap,0,4801,770026678,"72,139,147",146,1168,7,3,2,0,1,1,5,0.14285714285714285,0.14285714285714285,0.7142857142857143,4,2.4285714285714284,2,0.7142857142857143,1.2857142857142858,low
local_swap_p0,local_swap,0,4801,770026678,"72,139,147",147,1176,9,3,3,0,2,1,6,0.2222222222222222,0.1111111111111111,0.6666666666666666,5,1.6666666666666667,3,0.6666666666666666,1.5555555555555556,low
local_swap_p0,local_swap,0,4801,770026678,"72,139,147",148,1184,9,3,3,0,2,1,6,0.2222222222222222,0.1111111111111111,0.6666666666666666,5,1.6666666666666667,3,0.6666666666666666,1.5555555555555556,low
local_swap_p0,local_swap,0,4801,770026678,"72,139,147",149,1192,9,3,3,0,2,1,6,0.2222222222222222,0.1111111111111111,0.6666666666666666,5,1.6666666666666667,3,0.6666666666666666,1.5555555555555556,low
local_swap_p0,local_swap,0,4801,770026678,"72,139,147",150,1200,9,3,3,0,2,1,6,0.2222222222222222,0.1111111111111111,0.6666666666666666,5,1.6666666666666667,3,0.6666666666666666,1.5555555555555556,low
local_swap_p0,local_swap,0,4801,770026678,"72,139,147",151,1208,9,3,3,0,2,1,6,0.2222222222222222,0.1111111111111111,0.6666666666666666,5,1.6666666666666667,3,0.6666666666666666,1.5555555555555556,low
local_swap_p0,local_swap,0,4801,770026678,"72,139,147",152,1216,9,3,3,0,2,1,6,0.2222222222222222,0.1111111111111111,0.6666666666666666,5,1.6666666666666667,3,0.6666666666666666,1.5555555555555556,low
local_swap_p0,local_swap,0,4801,770026678,"72,139,147",153,1224,9,3,3,0,2,1,6,0.2222222222222222,0.1111111111111111,0.6666666666666666,5,1.6666666666666667,3,0.6666666666666666,1.5555555555555556,low
local_swap_p0,local_swap,0,4801,770026678,"72,139,147",154,1232,9,3,3,0,2,1,6,0.2222222222222222,0.1111111111111111,0.6666666666666666,5,1.6666666666666667,3,0.6666666666666666,1.5555555555555556,low
local_swap_p0,local_swap,0,4801,770026678,"72,139,147",155,1240,9,3,3,0,2,1,6,0.2222222222222222,0.1111111111111111,0.6666666666666666,5,1.6666666666666667,3,0.6666666666666666,1.5555555555555556,low
local_swap_p0,local_swap,0,4801,770026678,"72,139,147",156,1248,9,3,3,0,2,1,6,0.2222222222222222,0.1111111111111111,0.6666666666666666,5,1.6666666666666667,3,0.6666666666666666,1.5555555555555556,low
local_swap_p0,local_swap,0,4801,770026678,"72,139,147",157,1256,10,3,4,0,2,1,7,0.2,0.1,0.7,4,1.5,2,0.7,1.4,low
local_swap_p0,local_swap,0,4801,770026678,"72,139,147",158,1264,10,3,4,0,2,1,7,0.2,0.1,0.7,4,1.5,2,0.7,1.4,low
local_swap_p0,local_swap,0,4801,770026678,"72,139,147",159,1272,10,3,4,0,2,1,7,0.2,0.1,0.7,4,1.5,2,0.7,1.4,low
local_swap_p0,local_swap,0,4801,770026678,"72,139,147",160,1280,10,3,5,0,1,1,8,0.1,0.1,0.8,4,1.3,2,0.8,1.2,low
local_swap_p0,local_swap,0,4801,770026678,"72,139,147",161,1288,10,3,5,0,1,1,8,0.1,0.1,0.8,4,1.3,2,0.8,1.2,low
local_swap_p0,local_swap,0,4801,770026678,"72,139,147",162,1296,9,3,4,0,1,1,7,0.1111111111111111,0.1111111111111111,0.7777777777777778,5,1.3333333333333333,3,0.7777777777777778,1.3333333333333333,low
local_swap_p0,local_swap,0,4801,770026678,"72,139,147",163,1304,10,3,4,0,2,1,7,0.2,0.1,0.7,5,3.1,4,0.7,1.5,low
local_swap_p0,local_swap,0,4801,770026678,"72,139,147",164,1312,12,3,4,0,1,4,7,0.08333333333333333,0.3333333333333333,0.5833333333333334,7,1.4166666666666667,5,0.5833333333333334,2.4166666666666665,low
local_swap_p0,local_swap,0,4801,770026678,"72,139,147",165,1320,12,3,4,0,1,4,7,0.08333333333333333,0.3333333333333333,0.5833333333333334,7,1.4166666666666667,5,0.5833333333333334,2.4166666666666665,low
local_swap_p0,local_swap,0,4801,770026678,"72,139,147",166,1328,13,3,4,0,1,5,7,0.07692307692307693,0.38461538461538464,0.5384615384615384,7,1.2307692307692308,5,0.5384615384615384,2.5384615384615383,low
local_swap_p0,local_swap,0,4801,770026678,"72,139,147",167,1336,13,3,4,0,1,5,7,0.07692307692307693,0.38461538461538464,0.5384615384615384,7,1.2307692307692308,5,0.5384615384615384,2.5384615384615383,low
local_swap_p0,local_swap,0,4801,770026678,"72,139,147",168,1344,15,3,4,0,1,7,7,0.06666666666666667,0.4666666666666667,0.4666666666666667,7,1.2666666666666666,6,0.4666666666666667,3.066666666666667,low
local_swap_p0,local_swap,0,4801,770026678,"72,139,147",169,1352,14,3,3,0,1,7,6,0.07142857142857142,0.5,0.42857142857142855,7,1.5,6,0.42857142857142855,3.2142857142857144,low
local_swap_p0,local_swap,0,4801,770026678,"72,139,147",170,1360,12,3,3,0,1,5,6,0.08333333333333333,0.4166666666666667,0.5,7,1.6666666666666667,4,0.5,2.5833333333333335,low
local_swap_p0,local_swap,0,4801,770026678,"72,139,147",171,1368,12,3,3,0,1,5,6,0.08333333333333333,0.4166666666666667,0.5,7,1.6666666666666667,4,0.5,2.5833333333333335,low
local_swap_p0,local_swap,0,4801,770026678,"72,139,147",172,1376,13,3,4,0,1,5,7,0.07692307692307693,0.38461538461538464,0.5384615384615384,7,1.2307692307692308,5,0.5384615384615384,2.5384615384615383,low
local_swap_p0,local_swap,0,4801,770026678,"72,139,147",173,1384,13,3,4,0,1,5,7,0.07692307692307693,0.38461538461538464,0.5384615384615384,7,1.2307692307692308,5,0.5384615384615384,2.5384615384615383,low
local_swap_p0,local_swap,0,4801,770026678,"72,139,147",174,1392,13,3,4,0,1,5,7,0.07692307692307693,0.38461538461538464,0.5384615384615384,7,1.2307692307692308,5,0.5384615384615384,2.5384615384615383,low
local_swap_p0,local_swap,0,4801,770026678,"72,139,147",175,1400,12,3,3,0,1,5,6,0.08333333333333333,0.4166666666666667,0.5,7,1.5,4,0.5,2.6666666666666665,low
local_swap_p0,local_swap,0,4801,770026678,"72,139,147",176,1408,12,3,3,0,1,5,6,0.08333333333333333,0.4166666666666667,0.5,7,1.5,4,0.5,2.6666666666666665,low
local_swap_p0,local_swap,0,4801,770026678,"72,139,147",177,1416,12,3,3,0,1,5,6,0.08333333333333333,0.4166666666666667,0.5,7,1.5,4,0.5,2.6666666666666665,low
local_swap_p0,local_swap,0,4801,770026678,"72,139,147",178,1424,12,3,3,0,1,5,6,0.08333333333333333,0.4166666666666667,0.5,7,1.5,4,0.5,2.6666666666666665,low
local_swap_p0,local_swap,0,4801,770026678,"72,139,147",179,1432,12,3,3,0,1,5,6,0.08333333333333333,0.4166666666666667,0.5,7,1.5,4,0.5,2.6666666666666665,low
local_swap_p0,local_swap,0,4801,770026678,"72,139,147",180,1440,12,3,3,0,1,5,6,0.08333333333333333,0.4166666666666667,0.5,7,1.5,4,0.5,2.6666666666666665,low
local_swap_p0,local_swap,0,4801,770026678,"72,139,147",181,1448,12,3,3,0,1,5,6,0.08333333333333333,0.4166666666666667,0.5,7,1.5,4,0.5,2.6666666666666665,low
local_swap_p0,local_swap,0,4801,770026678,"72,139,147",182,1456,12,3,3,0,1,5,6,0.08333333333333333,0.4166666666666667,0.5,7,1.5,4,0.5,2.6666666666666665,low
local_swap_p0,local_swap,0,4801,770026678,"72,139,147",183,1464,12,3,3,0,1,5,6,0.08333333333333333,0.4166666666666667,0.5,7,1.5,4,0.5,2.6666666666666665,low
local_swap_p0,local_swap,0,4801,770026678,"72,139,147",184,1472,10,3,2,0,1,4,5,0.1,0.4,0.5,7,2.0,4,0.5,2.7,low
local_swap_p0,local_swap,0,4801,770026678,"72,139,147",185,1480,10,3,2,0,1,4,5,0.1,0.4,0.5,7,2.0,4,0.5,2.7,low
local_swap_p0,local_swap,0,4801,770026678,"72,139,147",186,1488,10,3,2,0,1,4,5,0.1,0.4,0.5,7,2.0,4,0.5,2.7,low
local_swap_p0,local_swap,0,4801,770026678,"72,139,147",187,1496,11,3,3,0,1,4,6,0.09090909090909091,0.36363636363636365,0.5454545454545454,7,1.8181818181818181,4,0.5454545454545454,2.5454545454545454,low
local_swap_p0,local_swap,0,4801,770026678,"72,139,147",188,1504,11,3,3,0,1,4,6,0.09090909090909091,0.36363636363636365,0.5454545454545454,7,1.8181818181818181,4,0.5454545454545454,2.5454545454545454,low
local_swap_p0,local_swap,0,4801,770026678,"72,139,147",189,1512,11,3,3,0,1,4,6,0.09090909090909091,0.36363636363636365,0.5454545454545454,7,1.8181818181818181,4,0.5454545454545454,2.5454545454545454,low
local_swap_p0,local_swap,0,4801,770026678,"72,139,147",190,1520,11,3,3,0,1,4,6,0.09090909090909091,0.36363636363636365,0.5454545454545454,7,1.8181818181818181,4,0.5454545454545454,2.5454545454545454,low
local_swap_p0,local_swap,0,4801,770026678,"72,139,147",191,1528,11,3,3,0,1,4,6,0.09090909090909091,0.36363636363636365,0.5454545454545454,7,1.8181818181818181,4,0.5454545454545454,2.5454545454545454,low
local_swap_p0,local_swap,0,4801,770026678,"72,139,147",192,1536,11,3,3,0,1,4,6,0.09090909090909091,0.36363636363636365,0.5454545454545454,7,2.3636363636363638,4,0.5454545454545454,2.5454545454545454,low
local_swap_p0,local_swap,0,4801,770026678,"72,139,147",193,1544,11,3,3,0,1,4,6,0.09090909090909091,0.36363636363636365,0.5454545454545454,7,2.3636363636363638,4,0.5454545454545454,2.5454545454545454,low
local_swap_p0,local_swap,0,4801,770026678,"72,139,147",194,1552,11,3,2,1,1,4,5,0.09090909090909091,0.36363636363636365,0.45454545454545453,7,2.0,6,0.45454545454545453,2.727272727272727,low
local_swap_p0,local_swap,0,4801,770026678,"72,139,147",195,1560,11,3,2,1,1,4,5,0.09090909090909091,0.36363636363636365,0.45454545454545453,7,2.0,6,0.45454545454545453,2.727272727272727,low
local_swap_p0,local_swap,0,4801,770026678,"72,139,147",196,1568,11,3,2,1,1,4,5,0.09090909090909091,0.36363636363636365,0.45454545454545453,7,2.0,6,0.45454545454545453,2.727272727272727,low
local_swap_p0,local_swap,0,4801,770026678,"72,139,147",197,1576,11,3,2,1,1,4,5,0.09090909090909091,0.36363636363636365,0.45454545454545453,7,2.0,6,0.45454545454545453,2.727272727272727,low
local_swap_p0,local_swap,0,4801,770026678,"72,139,147",198,1584,11,3,2,1,1,4,5,0.09090909090909091,0.36363636363636365,0.45454545454545453,7,2.0,6,0.45454545454545453,2.727272727272727,low
local_swap_p0,local_swap,0,4801,770026678,"72,139,147",199,1592,11,3,2,1,1,4,5,0.09090909090909091,0.36363636363636365,0.45454545454545453,7,2.0,6,0.45454545454545453,2.727272727272727,low
local_swap_p0,local_swap,0,4801,770026678,"72,139,147",200,1600,13,3,3,1,2,4,6,0.15384615384615385,0.3076923076923077,0.46153846153846156,7,2.1538461538461537,4,0.5384615384615384,2.5384615384615383,low
local_swap_p0,local_swap,0,4801,770026678,"72,139,147",201,1608,14,3,4,1,2,4,7,0.14285714285714285,0.2857142857142857,0.5,7,2.142857142857143,5,0.5714285714285714,2.5,low
local_swap_p0,local_swap,0,4801,770026678,"72,139,147",202,1616,13,3,3,2,1,4,6,0.07692307692307693,0.3076923076923077,0.46153846153846156,7,2.076923076923077,6,0.5384615384615384,2.5384615384615383,low
local_swap_p0,local_swap,0,4801,770026678,"72,139,147",203,1624,12,3,3,3,1,2,6,0.08333333333333333,0.16666666666666666,0.5,5,2.6666666666666665,5,0.5833333333333334,1.8333333333333333,low
local_swap_p0,local_swap,0,4801,770026678,"72,139,147",204,1632,12,3,3,2,2,2,6,0.16666666666666666,0.16666666666666666,0.5,5,2.6666666666666665,4,0.5833333333333334,1.8333333333333333,low
local_swap_p0,local_swap,0,4801,770026678,"72,139,147",205,1640,12,3,3,2,2,2,6,0.16666666666666666,0.16666666666666666,0.5,5,2.6666666666666665,4,0.5833333333333334,1.8333333333333333,low
local_swap_p0,local_swap,0,4801,770026678,"72,139,147",206,1648,14,3,3,2,2,4,6,0.14285714285714285,0.2857142857142857,0.42857142857142855,5,3.2142857142857144,5,0.5,2.142857142857143,low
local_swap_p0,local_swap,0,4801,770026678,"72,139,147",207,1656,16,3,3,2,2,6,6,0.125,0.375,0.375,10,2.9375,6,0.4375,2.9375,low
local_swap_p0,local_swap,0,4801,770026678,"72,139,147",208,1664,18,3,4,3,1,7,7,0.05555555555555555,0.3888888888888889,0.3888888888888889,10,2.7222222222222223,4,0.6666666666666666,2.888888888888889,low
local_swap_p0,local_swap,0,4801,770026678,"72,139,147",209,1672,18,3,4,3,2,6,7,0.1111111111111111,0.3333333333333333,0.3888888888888889,5,2.7222222222222223,4,0.6666666666666666,2.388888888888889,low
local_swap_p0,local_swap,0,4801,770026678,"72,139,147",210,1680,19,3,4,4,2,6,7,0.10526315789473684,0.3157894736842105,0.3684210526315789,5,2.526315789473684,5,0.631578947368421,2.3684210526315788,low
local_swap_p0,local_swap,0,4801,770026678,"72,139,147",211,1688,17,3,4,3,2,5,7,0.11764705882352941,0.29411764705882354,0.4117647058823529,5,2.823529411764706,5,0.6470588235294118,2.235294117647059,low
local_swap_p0,local_swap,0,4801,770026678,"72,139,147",212,1696,16,3,4,3,2,4,7,0.125,0.25,0.4375,5,3.0625,5,0.6875,2.0625,low
local_swap_p0,local_swap,0,4801,770026678,"72,139,147",213,1704,16,3,4,3,2,4,7,0.125,0.25,0.4375,5,3.0625,5,0.6875,2.0625,low
local_swap_p0,local_swap,0,4801,770026678,"72,139,147",214,1712,17,3,4,3,2,5,7,0.11764705882352941,0.29411764705882354,0.4117647058823529,5,2.8823529411764706,5,0.6470588235294118,2.235294117647059,low
local_swap_p0,local_swap,0,4801,770026678,"72,139,147",215,1720,17,3,4,3,2,5,7,0.11764705882352941,0.29411764705882354,0.4117647058823529,5,2.8823529411764706,5,0.6470588235294118,2.235294117647059,low
local_swap_p0,local_swap,0,4801,770026678,"72,139,147",216,1728,21,3,5,4,2,7,8,0.09523809523809523,0.3333333333333333,0.38095238095238093,7,2.5714285714285716,7,0.5714285714285714,2.5714285714285716,low
local_swap_p0,local_swap,0,4801,770026678,"72,139,147",217,1736,20,3,4,4,1,8,7,0.05,0.4,0.35,7,2.5,8,0.55,2.75,low
local_swap_p0,local_swap,0,4801,770026678,"72,139,147",218,1744,20,3,4,4,1,8,7,0.05,0.4,0.35,7,2.5,8,0.55,2.75,low
local_swap_p0,local_swap,0,4801,770026678,"72,139,147",219,1752,20,3,4,4,1,8,7,0.05,0.4,0.35,7,2.5,8,0.55,2.75,low
local_swap_p0,local_swap,0,4801,770026678,"72,139,147",220,1760,19,3,4,3,1,8,7,0.05263157894736842,0.42105263157894735,0.3684210526315789,7,2.4210526315789473,10,0.47368421052631576,2.736842105263158,low
local_swap_p0,local_swap,0,4801,770026678,"72,139,147",221,1768,19,3,4,3,1,8,7,0.05263157894736842,0.42105263157894735,0.3684210526315789,7,2.4210526315789473,10,0.47368421052631576,2.736842105263158,low
local_swap_p0,local_swap,0,4801,770026678,"72,139,147",222,1776,19,3,4,3,1,8,7,0.05263157894736842,0.42105263157894735,0.3684210526315789,7,2.4210526315789473,10,0.47368421052631576,2.736842105263158,low
local_swap_p0,local_swap,0,4801,770026678,"72,139,147",223,1784,19,3,4,3,1,8,7,0.05263157894736842,0.42105263157894735,0.3684210526315789,7,2.4210526315789473,10,0.47368421052631576,2.736842105263158,low
local_swap_p0,local_swap,0,4801,770026678,"72,139,147",224,1792,19,3,4,3,1,8,7,0.05263157894736842,0.42105263157894735,0.3684210526315789,7,2.4210526315789473,10,0.47368421052631576,2.736842105263158,low
local_swap_p0,local_swap,0,4801,770026678,"72,139,147",225,1800,21,3,5,4,1,8,8,0.047619047619047616,0.38095238095238093,0.38095238095238093,7,2.4285714285714284,10,0.5238095238095238,2.619047619047619,low
local_swap_p0,local_swap,0,4801,770026678,"72,139,147",226,1808,20,3,3,5,0,9,6,0.0,0.45,0.3,7,2.8,10,0.5,2.8,low
local_swap_p0,local_swap,0,4801,770026678,"72,139,147",227,1816,22,3,5,5,0,9,8,0.0,0.4090909090909091,0.36363636363636365,7,2.409090909090909,10,0.5454545454545454,2.6363636363636362,low
local_swap_p0,local_swap,0,4801,770026678,"72,139,147",228,1824,21,3,5,3,1,9,8,0.047619047619047616,0.42857142857142855,0.38095238095238093,7,2.7142857142857144,11,0.47619047619047616,2.6666666666666665,low
local_swap_p0,local_swap,0,4801,770026678,"72,139,147",229,1832,20,3,4,3,1,9,7,0.05,0.45,0.35,7,2.85,11,0.45,2.75,low
local_swap_p0,local_swap,0,4801,770026678,"72,139,147",230,1840,20,3,4,3,1,9,7,0.05,0.45,0.35,7,2.85,11,0.45,2.75,low
local_swap_p0,local_swap,0,4801,770026678,"72,139,147",231,1848,22,3,5,3,0,11,8,0.0,0.5,0.36363636363636365,7,2.1818181818181817,12,0.45454545454545453,2.8181818181818183,low
local_swap_p0,local_swap,0,4801,770026678,"72,139,147",232,1856,22,3,5,3,0,11,8,0.0,0.5,0.36363636363636365,7,2.1818181818181817,12,0.45454545454545453,2.8181818181818183,low
local_swap_p0,local_swap,0,4801,770026678,"72,139,147",233,1864,21,3,4,3,0,11,7,0.0,0.5238095238095238,0.3333333333333333,7,2.3333333333333335,12,0.42857142857142855,2.9047619047619047,low
local_swap_p0,local_swap,0,4801,770026678,"72,139,147",234,1872,21,3,4,2,2,10,7,0.09523809523809523,0.47619047619047616,0.3333333333333333,7,3.0,11,0.38095238095238093,2.9047619047619047,low
local_swap_p0,local_swap,0,4801,770026678,"72,139,147",235,1880,21,3,4,2,2,10,7,0.09523809523809523,0.47619047619047616,0.3333333333333333,7,3.0,11,0.38095238095238093,2.9047619047619047,low
local_swap_p0,local_swap,0,4801,770026678,"72,139,147",236,1888,21,3,4,2,2,10,7,0.09523809523809523,0.47619047619047616,0.3333333333333333,7,3.0,11,0.38095238095238093,2.9047619047619047,low
local_swap_p0,local_swap,0,4801,770026678,"72,139,147",237,1896,22,3,3,2,2,12,6,0.09090909090909091,0.5454545454545454,0.2727272727272727,6,3.0454545454545454,10,0.3181818181818182,3.0454545454545454,low
local_swap_p0,local_swap,0,4801,770026678,"72,139,147",238,1904,22,3,3,2,2,12,6,0.09090909090909091,0.5454545454545454,0.2727272727272727,6,3.0454545454545454,10,0.3181818181818182,3.0454545454545454,low
local_swap_p0,local_swap,0,4801,770026678,"72,139,147",239,1912,21,3,2,2,2,12,5,0.09523809523809523,0.5714285714285714,0.23809523809523808,6,3.380952380952381,11,0.2857142857142857,3.1904761904761907,low
local_swap_p0,local_swap,0,4801,770026678,"72,139,147",240,1920,22,3,2,1,4,12,5,0.18181818181818182,0.5454545454545454,0.22727272727272727,7,3.409090909090909,11,0.2727272727272727,3.3181818181818183,low
local_swap_p0,local_swap,0,4801,770026678,"72,139,147",241,1928,24,3,2,1,4,14,5,0.16666666666666666,0.5833333333333334,0.20833333333333334,7,3.2083333333333335,12,0.25,3.5,low
local_swap_p0,local_swap,0,4801,770026678,"72,139,147",242,1936,24,3,2,1,4,14,5,0.16666666666666666,0.5833333333333334,0.20833333333333334,7,3.2083333333333335,12,0.25,3.5,low
local_swap_p0,local_swap,0,4801,770026678,"72,139,147",243,1944,22,3,2,1,5,11,5,0.22727272727272727,0.5,0.22727272727272727,7,3.409090909090909,12,0.2727272727272727,3.3181818181818183,low
local_swap_p0,local_swap,0,4801,770026678,"72,139,147",244,1952,22,3,2,0,6,11,5,0.2727272727272727,0.5,0.22727272727272727,7,3.727272727272727,12,0.22727272727272727,3.3636363636363638,low
local_swap_p0,local_swap,0,4801,770026678,"72,139,147",245,1960,22,3,2,0,6,11,5,0.2727272727272727,0.5,0.22727272727272727,7,3.727272727272727,12,0.22727272727272727,3.3636363636363638,low
local_swap_p0,local_swap,0,4801,770026678,"72,139,147",246,1968,22,3,2,0,6,11,5,0.2727272727272727,0.5,0.22727272727272727,7,3.727272727272727,12,0.22727272727272727,3.3636363636363638,low
local_swap_p0,local_swap,0,4801,770026678,"72,139,147",247,1976,24,3,2,0,6,13,5,0.25,0.5416666666666666,0.20833333333333334,7,3.5416666666666665,12,0.2916666666666667,3.4166666666666665,low
local_swap_p0,local_swap,0,4801,770026678,"72,139,147",248,1984,22,3,2,0,6,11,5,0.2727272727272727,0.5,0.22727272727272727,7,3.9545454545454546,13,0.2727272727272727,3.3636363636363638,low
local_swap_p0,local_swap,0,4801,770026678,"72,139,147",249,1992,22,3,2,0,5,12,5,0.22727272727272727,0.5454545454545454,0.22727272727272727,7,3.6818181818181817,15,0.18181818181818182,3.409090909090909,low
local_swap_p0,local_swap,0,4801,770026678,"72,139,147",250,2000,22,3,2,1,4,12,5,0.18181818181818182,0.5454545454545454,0.22727272727272727,7,3.727272727272727,14,0.22727272727272727,3.3181818181818183,low
local_swap_p0,local_swap,0,4801,770026678,"72,139,147",251,2008,21,3,2,1,4,11,5,0.19047619047619047,0.5238095238095238,0.23809523809523808,7,3.5238095238095237,14,0.23809523809523808,3.238095238095238,low
local_swap_p0,local_swap,0,4801,770026678,"72,139,147",252,2016,25,3,3,2,3,14,6,0.12,0.56,0.24,7,2.84,13,0.32,3.36,low
local_swap_p0,local_swap,0,4801,770026678,"72,139,147",253,2024,25,3,3,2,2,15,6,0.08,0.6,0.24,7,2.72,14,0.32,3.44,low
local_swap_p0,local_swap,0,4801,770026678,"72,139,147",254,2032,26,3,3,2,2,16,6,0.07692307692307693,0.6153846153846154,0.23076923076923078,7,3.0,15,0.3076923076923077,3.4615384615384617,low
local_swap_p0,local_swap,0,4801,770026678,"72,139,147",255,2040,26,3,2,3,3,15,5,0.11538461538461539,0.5769230769230769,0.19230769230769232,7,3.3461538461538463,18,0.19230769230769232,3.4615384615384617,low
local_swap_p0,local_swap,0,4801,770026678,"72,139,147",256,2048,26,3,2,3,3,15,5,0.11538461538461539,0.5769230769230769,0.19230769230769232,7,3.3461538461538463,18,0.19230769230769232,3.4615384615384617,low
local_swap_p0,local_swap,0,4801,770026678,"72,139,147",257,2056,26,3,2,2,4,15,5,0.15384615384615385,0.5769230769230769,0.19230769230769232,7,3.3461538461538463,19,0.19230769230769232,3.4615384615384617,low
local_swap_p0,local_swap,0,4801,770026678,"72,139,147",258,2064,26,3,2,2,4,15,5,0.15384615384615385,0.5769230769230769,0.19230769230769232,7,3.3461538461538463,19,0.19230769230769232,3.4615384615384617,low
local_swap_p0,local_swap,0,4801,770026678,"72,139,147",259,2072,25,3,1,3,3,15,4,0.12,0.6,0.16,7,3.64,19,0.16,3.56,low
local_swap_p0,local_swap,0,4801,770026678,"72,139,147",260,2080,27,3,2,3,3,16,5,0.1111111111111111,0.5925925925925926,0.18518518518518517,7,3.6666666666666665,16,0.2222222222222222,3.4814814814814814,low
local_swap_p0,local_swap,0,4801,770026678,"72,139,147",261,2088,29,3,2,3,3,18,5,0.10344827586206896,0.6206896551724138,0.1724137931034483,7,3.4482758620689653,17,0.20689655172413793,3.5517241379310347,low
local_swap_p0,local_swap,0,4801,770026678,"72,139,147",262,2096,29,3,3,2,2,19,6,0.06896551724137931,0.6551724137931034,0.20689655172413793,7,3.2413793103448274,16,0.2413793103448276,3.5517241379310347,low
local_swap_p0,local_swap,0,4801,770026678,"72,139,147",263,2104,30,3,3,2,3,19,6,0.1,0.6333333333333333,0.2,7,3.2333333333333334,17,0.23333333333333334,3.533333333333333,low
local_swap_p0,local_swap,0,4801,770026678,"72,139,147",264,2112,32,3,3,2,3,21,6,0.09375,0.65625,0.1875,8,3.15625,18,0.21875,3.71875,low
local_swap_p0,local_swap,0,4801,770026678,"72,139,147",265,2120,32,3,3,2,3,21,6,0.09375,0.65625,0.1875,8,3.15625,18,0.21875,3.71875,low
local_swap_p0,local_swap,0,4801,770026678,"72,139,147",266,2128,31,3,3,1,2,22,6,0.06451612903225806,0.7096774193548387,0.1935483870967742,8,2.935483870967742,17,0.1935483870967742,3.806451612903226,low
local_swap_p0,local_swap,0,4801,770026678,"72,139,147",267,2136,31,3,3,1,2,22,6,0.06451612903225806,0.7096774193548387,0.1935483870967742,8,2.935483870967742,17,0.1935483870967742,3.806451612903226,low
local_swap_p0,local_swap,0,4801,770026678,"72,139,147",268,2144,27,3,3,1,2,18,6,0.07407407407407407,0.6666666666666666,0.2222222222222222,7,3.185185185185185,15,0.2222222222222222,3.5555555555555554,low
local_swap_p0,local_swap,0,4801,770026678,"72,139,147",269,2152,28,3,4,1,2,18,7,0.07142857142857142,0.6428571428571429,0.25,7,3.142857142857143,14,0.2857142857142857,3.4642857142857144,low
local_swap_p0,local_swap,0,4801,770026678,"72,139,147",270,2160,30,3,4,3,2,18,7,0.06666666666666667,0.6,0.23333333333333334,7,3.0,14,0.3333333333333333,3.3666666666666667,low
local_swap_p0,local_swap,0,4801,770026678,"72,139,147",271,2168,28,3,4,3,1,17,7,0.03571428571428571,0.6071428571428571,0.25,6,2.7857142857142856,17,0.35714285714285715,3.3214285714285716,low
local_swap_p0,local_swap,0,4801,770026678,"72,139,147",272,2176,28,3,4,3,1,17,7,0.03571428571428571,0.6071428571428571,0.25,6,2.7857142857142856,17,0.35714285714285715,3.3214285714285716,low
local_swap_p0,local_swap,0,4801,770026678,"72,139,147",273,2184,27,3,4,2,1,17,7,0.037037037037037035,0.6296296296296297,0.25925925925925924,6,2.925925925925926,17,0.3333333333333333,3.3703703703703702,low
local_swap_p0,local_swap,0,4801,770026678,"72,139,147",274,2192,27,3,4,2,1,17,7,0.037037037037037035,0.6296296296296297,0.25925925925925924,6,2.925925925925926,17,0.3333333333333333,3.3703703703703702,low
local_swap_p0,local_swap,0,4801,770026678,"72,139,147",275,2200,27,3,4,2,1,17,7,0.037037037037037035,0.6296296296296297,0.25925925925925924,6,2.925925925925926,17,0.3333333333333333,3.3703703703703702,low
local_swap_p0,local_swap,0,4801,770026678,"72,139,147",276,2208,27,3,3,3,1,17,6,0.037037037037037035,0.6296296296296297,0.2222222222222222,6,2.888888888888889,17,0.3333333333333333,3.4074074074074074,low
local_swap_p0,local_swap,0,4801,770026678,"72,139,147",277,2216,29,3,5,3,1,17,8,0.034482758620689655,0.5862068965517241,0.27586206896551724,6,2.689655172413793,17,0.3793103448275862,3.2413793103448274,low
local_swap_p0,local_swap,0,4801,770026678,"72,139,147",278,2224,29,3,5,3,1,17,8,0.034482758620689655,0.5862068965517241,0.27586206896551724,6,2.689655172413793,17,0.3793103448275862,3.2413793103448274,low
local_swap_p0,local_swap,0,4801,770026678,"72,139,147",279,2232,29,3,5,3,2,16,8,0.06896551724137931,0.5517241379310345,0.27586206896551724,6,3.0,16,0.3793103448275862,3.2413793103448274,low
local_swap_p0,local_swap,0,4801,770026678,"72,139,147",280,2240,29,3,5,3,2,16,8,0.06896551724137931,0.5517241379310345,0.27586206896551724,6,3.0,16,0.3793103448275862,3.2413793103448274,low
local_swap_p0,local_swap,0,4801,770026678,"72,139,147",281,2248,33,3,5,3,1,21,8,0.030303030303030304,0.6363636363636364,0.24242424242424243,6,2.393939393939394,19,0.3333333333333333,3.393939393939394,low
local_swap_p0,local_swap,0,4801,770026678,"72,139,147",282,2256,33,3,5,2,2,21,8,0.06060606060606061,0.6363636363636364,0.24242424242424243,7,2.0303030303030303,20,0.30303030303030304,3.4545454545454546,low
local_swap_p0,local_swap,0,4801,770026678,"72,139,147",283,2264,33,3,4,3,2,21,7,0.06060606060606061,0.6363636363636364,0.21212121212121213,7,1.9393939393939394,21,0.2727272727272727,3.515151515151515,low
local_swap_p0,local_swap,0,4801,770026678,"72,139,147",284,2272,33,3,4,3,2,21,7,0.06060606060606061,0.6363636363636364,0.21212121212121213,7,1.9393939393939394,21,0.2727272727272727,3.515151515151515,low
local_swap_p0,local_swap,0,4801,770026678,"72,139,147",285,2280,33,3,4,4,2,20,7,0.06060606060606061,0.6060606060606061,0.21212121212121213,7,2.303030303030303,20,0.30303030303030304,3.484848484848485,low
local_swap_p0,local_swap,0,4801,770026678,"72,139,147",286,2288,34,3,3,4,2,22,6,0.058823529411764705,0.6470588235294118,0.17647058823529413,7,2.5588235294117645,21,0.2647058823529412,3.5588235294117645,low
local_swap_p0,local_swap,0,4801,770026678,"72,139,147",287,2296,34,3,3,4,2,22,6,0.058823529411764705,0.6470588235294118,0.17647058823529413,7,2.5588235294117645,21,0.2647058823529412,3.5588235294117645,low
local_swap_p0,local_swap,0,4801,770026678,"72,139,147",288,2304,34,3,3,4,2,22,6,0.058823529411764705,0.6470588235294118,0.17647058823529413,7,2.5588235294117645,21,0.2647058823529412,3.5588235294117645,low
local_swap_p0,local_swap,0,4801,770026678,"72,139,147",289,2312,34,3,3,4,2,22,6,0.058823529411764705,0.6470588235294118,0.17647058823529413,7,2.5588235294117645,21,0.2647058823529412,3.5588235294117645,low
local_swap_p0,local_swap,0,4801,770026678,"72,139,147",290,2320,34,3,3,4,2,22,6,0.058823529411764705,0.6470588235294118,0.17647058823529413,7,2.5588235294117645,21,0.2647058823529412,3.5588235294117645,low
local_swap_p0,local_swap,0,4801,770026678,"72,139,147",291,2328,39,3,3,4,2,27,6,0.05128205128205128,0.6923076923076923,0.15384615384615385,7,2.641025641025641,25,0.23076923076923078,3.717948717948718,low
local_swap_p0,local_swap,0,4801,770026678,"72,139,147",292,2336,37,3,3,3,2,26,6,0.05405405405405406,0.7027027027027027,0.16216216216216217,6,2.4324324324324325,27,0.1891891891891892,3.7837837837837838,low
local_swap_p0,local_swap,0,4801,770026678,"72,139,147",293,2344,39,3,3,3,2,28,6,0.05128205128205128,0.717948717948718,0.15384615384615385,6,2.3333333333333335,27,0.1794871794871795,3.871794871794872,low
local_swap_p0,local_swap,0,4801,770026678,"72,139,147",294,2352,41,3,3,3,4,28,6,0.0975609756097561,0.6829268292682927,0.14634146341463414,6,2.6097560975609757,26,0.17073170731707318,3.8292682926829267,low
local_swap_p0,local_swap,0,4801,770026678,"72,139,147",295,2360,45,3,3,4,5,30,6,0.1111111111111111,0.6666666666666666,0.13333333333333333,6,2.6444444444444444,27,0.2,3.8,low
local_swap_p0,local_swap,0,4801,770026678,"72,139,147",296,2368,45,3,3,4,5,30,6,0.1111111111111111,0.6666666666666666,0.13333333333333333,6,2.6444444444444444,27,0.2,3.8,low
local_swap_p0,local_swap,0,4801,770026678,"72,139,147",297,2376,43,3,3,4,4,29,6,0.09302325581395349,0.6744186046511628,0.13953488372093023,6,2.604651162790698,26,0.20930232558139536,3.744186046511628,low
local_swap_p0,local_swap,0,4801,770026678,"72,139,147",298,2384,43,3,3,4,4,29,6,0.09302325581395349,0.6744186046511628,0.13953488372093023,6,2.604651162790698,26,0.20930232558139536,3.744186046511628,low
local_swap_p0,local_swap,0,4801,770026678,"72,139,147",299,2392,45,3,3,4,4,31,6,0.08888888888888889,0.6888888888888889,0.13333333333333333,8,2.6,27,0.2,3.8666666666666667,low
local_swap_p0,local_swap,0,4801,770026678,"72,139,147",300,2400,45,3,3,5,3,31,6,0.06666666666666667,0.6888888888888889,0.13333333333333333,8,2.488888888888889,29,0.2222222222222222,3.8666666666666667,low
local_swap_p0,local_swap,0,4801,770026678,"72,139,147",301,2408,48,3,3,6,3,33,6,0.0625,0.6875,0.125,8,2.5416666666666665,25,0.22916666666666666,3.8541666666666665,low
local_swap_p0,local_swap,0,4801,770026678,"72,139,147",302,2416,47,3,3,5,3,33,6,0.06382978723404255,0.7021276595744681,0.1276595744680851,8,2.404255319148936,25,0.2127659574468085,3.9148936170212765,low
local_swap_p0,local_swap,0,4801,770026678,"72,139,147",303,2424,47,3,3,5,3,33,6,0.06382978723404255,0.7021276595744681,0.1276595744680851,8,2.4893617021276597,26,0.2127659574468085,3.893617021276596,low
local_swap_p0,local_swap,0,4801,770026678,"72,139,147",304,2432,46,3,3,5,3,32,6,0.06521739130434782,0.6956521739130435,0.13043478260869565,9,2.5652173913043477,26,0.21739130434782608,3.9130434782608696,low
local_swap_p0,local_swap,0,4801,770026678,"72,139,147",305,2440,46,3,3,5,4,31,6,0.08695652173913043,0.6739130434782609,0.13043478260869565,9,2.6739130434782608,26,0.21739130434782608,3.891304347826087,low
local_swap_p0,local_swap,0,4801,770026678,"72,139,147",306,2448,44,3,3,5,4,29,6,0.09090909090909091,0.6590909090909091,0.13636363636363635,9,2.977272727272727,25,0.22727272727272727,3.8636363636363638,low
local_swap_p0,local_swap,0,4801,770026678,"72,139,147",307,2456,46,3,3,5,4,31,6,0.08695652173913043,0.6739130434782609,0.13043478260869565,9,2.869565217391304,25,0.21739130434782608,3.869565217391304,low
local_swap_p0,local_swap,0,4801,770026678,"72,139,147",308,2464,47,3,3,5,4,32,6,0.0851063829787234,0.6808510638297872,0.1276595744680851,9,2.872340425531915,23,0.2127659574468085,3.8085106382978724,low
local_swap_p0,local_swap,0,4801,770026678,"72,139,147",309,2472,49,3,3,5,4,34,6,0.08163265306122448,0.6938775510204082,0.12244897959183673,9,2.7551020408163267,26,0.20408163265306123,4.0,low
local_swap_p0,local_swap,0,4801,770026678,"72,139,147",310,2480,50,3,3,5,5,34,6,0.1,0.68,0.12,9,2.92,24,0.2,3.98,low
local_swap_p0,local_swap,0,4801,770026678,"72,139,147",311,2488,50,3,3,5,5,34,6,0.1,0.68,0.12,9,2.86,23,0.22,3.96,low
local_swap_p0,local_swap,0,4801,770026678,"72,139,147",312,2496,50,3,3,5,5,34,6,0.1,0.68,0.12,9,2.8,23,0.22,3.98,low
local_swap_p0,local_swap,0,4801,770026678,"72,139,147",313,2504,52,3,3,5,5,36,6,0.09615384615384616,0.6923076923076923,0.11538461538461539,9,2.673076923076923,24,0.25,4.096153846153846,low
local_swap_p0,local_swap,0,4801,770026678,"72,139,147",314,2512,56,3,4,5,4,40,7,0.07142857142857142,0.7142857142857143,0.125,9,2.482142857142857,23,0.30357142857142855,4.089285714285714,low
local_swap_p0,local_swap,0,4801,770026678,"72,139,147",315,2520,56,3,5,4,4,40,8,0.07142857142857142,0.7142857142857143,0.14285714285714285,9,2.482142857142857,23,0.30357142857142855,4.017857142857143,low
local_swap_p0,local_swap,0,4801,770026678,"72,139,147",316,2528,57,3,5,4,4,41,8,0.07017543859649122,0.7192982456140351,0.14035087719298245,9,2.43859649122807,23,0.2982456140350877,4.0701754385964914,low
local_swap_p0,local_swap,0,4801,770026678,"72,139,147",317,2536,56,3,6,3,4,40,9,0.07142857142857142,0.7142857142857143,0.16071428571428573,9,2.375,22,0.26785714285714285,4.0,low
local_swap_p0,local_swap,0,4801,770026678,"72,139,147",318,2544,56,3,5,3,4,41,8,0.07142857142857142,0.7321428571428571,0.14285714285714285,9,2.3392857142857144,22,0.30357142857142855,4.071428571428571,low
local_swap_p0,local_swap,0,4801,770026678,"72,139,147",319,2552,54,3,5,3,4,39,8,0.07407407407407407,0.7222222222222222,0.14814814814814814,9,2.5185185185185186,23,0.25925925925925924,3.962962962962963,low
local_swap_p0,local_swap,0,4801,770026678,"72,139,147",320,2560,54,3,5,3,3,40,8,0.05555555555555555,0.7407407407407407,0.14814814814814814,9,2.5555555555555554,21,0.2777777777777778,3.9444444444444446,low
local_swap_p0,local_swap,0,4861,770026738,"72,139,147",0,0,3,3,0,0,0,0,3,0.0,0.0,1.0,0,2.6666666666666665,1,1.0,0.0,low
local_swap_p0,local_swap,0,4861,770026738,"72,139,147",1,8,3,3,0,0,0,0,3,0.0,0.0,1.0,0,2.6666666666666665,1,1.0,0.0,low
local_swap_p0,local_swap,0,4861,770026738,"72,139,147",2,16,4,3,1,0,0,0,4,0.0,0.0,1.0,1,3.5,1,1.0,0.25,low
local_swap_p0,local_swap,0,4861,770026738,"72,139,147",3,24,5,3,1,1,0,0,4,0.0,0.0,0.8,2,2.6,2,0.8,0.6,low
local_swap_p0,local_swap,0,4861,770026738,"72,139,147",4,32,5,3,1,1,0,0,4,0.0,0.0,0.8,2,2.6,2,0.8,0.6,low
local_swap_p0,local_swap,0,4861,770026738,"72,139,147",5,40,5,3,1,1,0,0,4,0.0,0.0,0.8,2,2.6,2,0.8,0.6,low
local_swap_p0,local_swap,0,4861,770026738,"72,139,147",6,48,5,3,1,1,0,0,4,0.0,0.0,0.8,2,2.6,2,0.8,0.6,low
local_swap_p0,local_swap,0,4861,770026738,"72,139,147",7,56,5,3,1,1,0,0,4,0.0,0.0,0.8,2,2.6,2,0.8,0.6,low
local_swap_p0,local_swap,0,4861,770026738,"72,139,147",8,64,5,3,1,1,0,0,4,0.0,0.0,0.8,2,2.6,2,0.8,0.6,low
local_swap_p0,local_swap,0,4861,770026738,"72,139,147",9,72,5,3,1,1,0,0,4,0.0,0.0,0.8,2,2.6,2,0.8,0.6,low
local_swap_p0,local_swap,0,4861,770026738,"72,139,147",10,80,5,3,1,1,0,0,4,0.0,0.0,0.8,2,2.6,2,0.8,0.6,low
local_swap_p0,local_swap,0,4861,770026738,"72,139,147",11,88,5,3,1,1,0,0,4,0.0,0.0,0.8,2,2.6,2,0.8,0.6,low
local_swap_p0,local_swap,0,4861,770026738,"72,139,147",12,96,5,3,1,1,0,0,4,0.0,0.0,0.8,2,2.6,2,0.8,0.6,low
local_swap_p0,local_swap,0,4861,770026738,"72,139,147",13,104,5,3,1,1,0,0,4,0.0,0.0,0.8,2,2.6,2,0.8,0.6,low
local_swap_p0,local_swap,0,4861,770026738,"72,139,147",14,112,5,3,0,2,0,0,3,0.0,0.0,0.6,2,3.8,3,0.6,0.8,low
local_swap_p0,local_swap,0,4861,770026738,"72,139,147",15,120,5,3,0,2,0,0,3,0.0,0.0,0.6,2,3.8,3,0.6,0.8,low
local_swap_p0,local_swap,0,4861,770026738,"72,139,147",16,128,5,3,0,2,0,0,3,0.0,0.0,0.6,2,3.8,3,0.6,0.8,low
local_swap_p0,local_swap,0,4861,770026738,"72,139,147",17,136,5,3,0,2,0,0,3,0.0,0.0,0.6,2,3.8,3,0.6,0.8,low
local_swap_p0,local_swap,0,4861,770026738,"72,139,147",18,144,5,3,0,2,0,0,3,0.0,0.0,0.6,2,3.8,3,0.6,0.8,low
local_swap_p0,local_swap,0,4861,770026738,"72,139,147",19,152,5,3,0,2,0,0,3,0.0,0.0,0.6,2,3.8,3,0.6,0.8,low
local_swap_p0,local_swap,0,4861,770026738,"72,139,147",20,160,5,3,0,2,0,0,3,0.0,0.0,0.6,2,3.8,3,0.6,0.8,low
local_swap_p0,local_swap,0,4861,770026738,"72,139,147",21,168,5,3,0,2,0,0,3,0.0,0.0,0.6,2,3.8,3,0.6,0.8,low
local_swap_p0,local_swap,0,4861,770026738,"72,139,147",22,176,5,3,0,1,1,0,3,0.2,0.0,0.6,3,5.0,3,0.6,1.0,low
local_swap_p0,local_swap,0,4861,770026738,"72,139,147",23,184,5,3,0,1,1,0,3,0.2,0.0,0.6,3,5.0,3,0.6,1.0,low
local_swap_p0,local_swap,0,4861,770026738,"72,139,147",24,192,5,3,1,0,0,1,4,0.0,0.2,0.8,4,3.2,2,0.8,1.0,low
local_swap_p0,local_swap,0,4861,770026738,"72,139,147",25,200,5,3,1,0,0,1,4,0.0,0.2,0.8,4,3.2,2,0.8,1.0,low
local_swap_p0,local_swap,0,4861,770026738,"72,139,147",26,208,5,3,1,0,0,1,4,0.0,0.2,0.8,4,3.2,2,0.8,1.0,low
local_swap_p0,local_swap,0,4861,770026738,"72,139,147",27,216,5,3,1,0,0,1,4,0.0,0.2,0.8,4,3.2,2,0.8,1.0,low
local_swap_p0,local_swap,0,4861,770026738,"72,139,147",28,224,5,3,1,0,0,1,4,0.0,0.2,0.8,4,3.2,2,0.8,1.0,low
local_swap_p0,local_swap,0,4861,770026738,"72,139,147",29,232,5,3,1,0,0,1,4,0.0,0.2,0.8,4,3.2,2,0.8,1.0,low
local_swap_p0,local_swap,0,4861,770026738,"72,139,147",30,240,5,3,1,0,0,1,4,0.0,0.2,0.8,4,3.2,2,0.8,1.0,low
local_swap_p0,local_swap,0,4861,770026738,"72,139,147",31,248,5,3,1,0,0,1,4,0.0,0.2,0.8,4,3.2,2,0.8,1.0,low
local_swap_p0,local_swap,0,4861,770026738,"72,139,147",32,256,5,3,1,0,0,1,4,0.0,0.2,0.8,4,3.2,2,0.8,1.0,low
local_swap_p0,local_swap,0,4861,770026738,"72,139,147",33,264,5,3,1,0,0,1,4,0.0,0.2,0.8,4,1.8,2,0.8,1.0,low
local_swap_p0,local_swap,0,4861,770026738,"72,139,147",34,272,6,3,1,0,0,2,4,0.0,0.3333333333333333,0.6666666666666666,14,2.1666666666666665,3,0.6666666666666666,3.0,low
local_swap_p0,local_swap,0,4861,770026738,"72,139,147",35,280,6,3,1,0,0,2,4,0.0,0.3333333333333333,0.6666666666666666,14,2.1666666666666665,3,0.6666666666666666,3.0,low
local_swap_p0,local_swap,0,4861,770026738,"72,139,147",36,288,6,3,0,1,0,2,3,0.0,0.3333333333333333,0.5,13,3.8333333333333335,4,0.5,3.1666666666666665,low
local_swap_p0,local_swap,0,4861,770026738,"72,139,147",37,296,6,3,0,1,0,2,3,0.0,0.3333333333333333,0.5,13,3.8333333333333335,4,0.5,3.1666666666666665,low
local_swap_p0,local_swap,0,4861,770026738,"72,139,147",38,304,6,3,0,1,0,2,3,0.0,0.3333333333333333,0.5,13,3.8333333333333335,4,0.5,3.1666666666666665,low
local_swap_p0,local_swap,0,4861,770026738,"72,139,147",39,312,6,3,0,1,0,2,3,0.0,0.3333333333333333,0.5,13,3.8333333333333335,4,0.5,3.1666666666666665,low
local_swap_p0,local_swap,0,4861,770026738,"72,139,147",40,320,6,3,0,1,1,1,3,0.16666666666666666,0.16666666666666666,0.5,14,5.333333333333333,3,0.5,3.0,low
local_swap_p0,local_swap,0,4861,770026738,"72,139,147",41,328,8,3,1,1,0,3,4,0.0,0.375,0.5,14,4.125,5,0.5,3.0,low
local_swap_p0,local_swap,0,4861,770026738,"72,139,147",42,336,8,3,1,1,0,3,4,0.0,0.375,0.5,14,4.125,5,0.5,3.0,low
local_swap_p0,local_swap,0,4861,770026738,"72,139,147",43,344,10,3,0,2,1,4,3,0.1,0.4,0.3,14,4.2,6,0.3,3.5,low
local_swap_p0,local_swap,0,4861,770026738,"72,139,147",44,352,10,3,0,1,2,4,3,0.2,0.4,0.3,13,3.9,7,0.3,3.6,low
local_swap_p0,local_swap,0,4861,770026738,"72,139,147",45,360,8,3,0,1,0,4,3,0.0,0.5,0.375,13,2.5,6,0.375,3.5,low
local_swap_p0,local_swap,0,4861,770026738,"72,139,147",46,368,13,3,0,1,3,6,3,0.23076923076923078,0.46153846153846156,0.23076923076923078,13,3.076923076923077,7,0.23076923076923078,4.846153846153846,low
local_swap_p0,local_swap,0,4861,770026738,"72,139,147",47,376,13,3,0,1,1,8,3,0.07692307692307693,0.6153846153846154,0.23076923076923078,14,3.3076923076923075,10,0.23076923076923078,4.923076923076923,low
local_swap_p0,local_swap,0,4861,770026738,"72,139,147",48,384,13,3,0,1,2,7,3,0.15384615384615385,0.5384615384615384,0.23076923076923078,14,4.076923076923077,8,0.23076923076923078,4.923076923076923,low
local_swap_p0,local_swap,0,4861,770026738,"72,139,147",49,392,12,3,0,2,3,4,3,0.25,0.3333333333333333,0.25,13,5.083333333333333,8,0.25,4.0,low
local_swap_p0,local_swap,0,4861,770026738,"72,139,147",50,400,15,3,1,1,3,7,4,0.2,0.4666666666666667,0.26666666666666666,14,3.6666666666666665,9,0.26666666666666666,4.666666666666667,low
local_swap_p0,local_swap,0,4861,770026738,"72,139,147",51,408,15,3,1,1,4,6,4,0.26666666666666666,0.4,0.26666666666666666,14,4.2,9,0.26666666666666666,4.533333333333333,low
local_swap_p0,local_swap,0,4861,770026738,"72,139,147",52,416,15,3,1,1,4,6,4,0.26666666666666666,0.4,0.26666666666666666,14,3.533333333333333,9,0.26666666666666666,4.666666666666667,low
local_swap_p0,local_swap,0,4861,770026738,"72,139,147",53,424,18,3,1,2,3,9,4,0.16666666666666666,0.5,0.2222222222222222,13,3.2222222222222223,11,0.3888888888888889,4.611111111111111,low
local_swap_p0,local_swap,0,4861,770026738,"72,139,147",54,432,18,3,1,1,3,10,4,0.16666666666666666,0.5555555555555556,0.2222222222222222,13,3.8333333333333335,13,0.2222222222222222,4.722222222222222,low
local_swap_p0,local_swap,0,4861,770026738,"72,139,147",55,440,18,3,1,1,3,10,4,0.16666666666666666,0.5555555555555556,0.2222222222222222,13,3.7777777777777777,14,0.2222222222222222,4.777777777777778,low
local_swap_p0,local_swap,0,4861,770026738,"72,139,147",56,448,16,3,1,1,1,10,4,0.0625,0.625,0.25,13,3.5,13,0.25,4.875,low
local_swap_p0,local_swap,0,4861,770026738,"72,139,147",57,456,16,3,1,1,2,9,4,0.125,0.5625,0.25,13,3.875,12,0.25,4.875,low
local_swap_p0,local_swap,0,4861,770026738,"72,139,147",58,464,18,3,1,1,2,11,4,0.1111111111111111,0.6111111111111112,0.2222222222222222,13,4.0,13,0.2222222222222222,4.777777777777778,low
local_swap_p0,local_swap,0,4861,770026738,"72,139,147",59,472,19,3,1,1,3,11,4,0.15789473684210525,0.5789473684210527,0.21052631578947367,13,3.6842105263157894,14,0.21052631578947367,4.7368421052631575,low
local_swap_p0,local_swap,0,4861,770026738,"72,139,147",60,480,19,3,1,1,2,12,4,0.10526315789473684,0.631578947368421,0.21052631578947367,13,3.0,13,0.21052631578947367,4.7368421052631575,low
local_swap_p0,local_swap,0,4861,770026738,"72,139,147",61,488,21,3,1,2,4,11,4,0.19047619047619047,0.5238095238095238,0.19047619047619047,13,2.8095238095238093,13,0.23809523809523808,4.476190476190476,low
local_swap_p0,local_swap,0,4861,770026738,"72,139,147",62,496,21,3,1,2,4,11,4,0.19047619047619047,0.5238095238095238,0.19047619047619047,13,2.8095238095238093,10,0.23809523809523808,4.333333333333333,low
local_swap_p0,local_swap,0,4861,770026738,"72,139,147",63,504,21,3,1,2,4,11,4,0.19047619047619047,0.5238095238095238,0.19047619047619047,13,3.4285714285714284,10,0.38095238095238093,4.333333333333333,low
local_swap_p0,local_swap,0,4861,770026738,"72,139,147",64,512,24,3,1,3,5,12,4,0.20833333333333334,0.5,0.16666666666666666,13,3.0833333333333335,9,0.375,4.166666666666667,low
local_swap_p0,local_swap,0,4861,770026738,"72,139,147",65,520,25,3,2,2,6,12,5,0.24,0.48,0.2,13,3.08,9,0.36,4.08,low
local_swap_p0,local_swap,0,4861,770026738,"72,139,147",66,528,26,3,3,1,6,13,6,0.23076923076923078,0.5,0.23076923076923078,13,3.1153846153846154,10,0.3076923076923077,4.038461538461538,low
local_swap_p0,local_swap,0,4861,770026738,"72,139,147",67,536,27,3,2,1,6,15,5,0.2222222222222222,0.5555555555555556,0.18518518518518517,13,3.037037037037037,11,0.18518518518518517,4.222222222222222,low
local_swap_p0,local_swap,0,4861,770026738,"72,139,147",68,544,26,3,2,1,6,14,5,0.23076923076923078,0.5384615384615384,0.19230769230769232,13,3.1538461538461537,13,0.19230769230769232,3.923076923076923,low
local_swap_p0,local_swap,0,4861,770026738,"72,139,147",69,552,26,3,2,1,6,14,5,0.23076923076923078,0.5384615384615384,0.19230769230769232,13,3.230769230769231,14,0.19230769230769232,4.0,low
local_swap_p0,local_swap,0,4861,770026738,"72,139,147",70,560,23,3,2,1,6,11,5,0.2608695652173913,0.4782608695652174,0.21739130434782608,13,3.4347826086956523,12,0.21739130434782608,3.9130434782608696,low
local_swap_p0,local_swap,0,4861,770026738,"72,139,147",71,568,26,3,2,1,7,13,5,0.2692307692307692,0.5,0.19230769230769232,13,2.8846153846153846,11,0.19230769230769232,4.230769230769231,low
local_swap_p0,local_swap,0,4861,770026738,"72,139,147",72,576,31,3,2,2,8,16,5,0.25806451612903225,0.5161290322580645,0.16129032258064516,13,3.5806451612903225,12,0.22580645161290322,4.096774193548387,low
local_swap_p0,local_swap,0,4861,770026738,"72,139,147",73,584,31,3,2,2,8,16,5,0.25806451612903225,0.5161290322580645,0.16129032258064516,14,3.4193548387096775,13,0.22580645161290322,4.419354838709677,low
local_swap_p0,local_swap,0,4861,770026738,"72,139,147",74,592,30,3,2,3,8,14,5,0.26666666666666666,0.4666666666666667,0.16666666666666666,13,3.9,12,0.5,4.033333333333333,low
local_swap_p0,local_swap,0,4861,770026738,"72,139,147",75,600,29,3,2,3,7,14,5,0.2413793103448276,0.4827586206896552,0.1724137931034483,13,3.6206896551724137,13,0.5172413793103449,3.7241379310344827,low
local_swap_p0,local_swap,0,4861,770026738,"72,139,147",76,608,29,3,2,3,8,13,5,0.27586206896551724,0.4482758620689655,0.1724137931034483,13,3.7586206896551726,12,0.4827586206896552,3.689655172413793,low
local_swap_p0,local_swap,0,4861,770026738,"72,139,147",77,616,30,3,2,4,6,15,5,0.2,0.5,0.16666666666666666,13,3.7666666666666666,12,0.5,3.8333333333333335,low
local_swap_p0,local_swap,0,4861,770026738,"72,139,147",78,624,28,3,1,4,4,16,4,0.14285714285714285,0.5714285714285714,0.14285714285714285,13,4.107142857142857,9,0.6071428571428571,4.071428571428571,low
local_swap_p0,local_swap,0,4861,770026738,"72,139,147",79,632,29,3,1,4,4,17,4,0.13793103448275862,0.5862068965517241,0.13793103448275862,13,3.8620689655172415,11,0.5172413793103449,4.379310344827586,low
local_swap_p0,local_swap,0,4861,770026738,"72,139,147",80,640,30,3,1,4,4,18,4,0.13333333333333333,0.6,0.13333333333333333,13,3.566666666666667,13,0.43333333333333335,4.366666666666666,low
local_swap_p0,local_swap,0,4861,770026738,"72,139,147",81,648,28,3,2,4,2,17,5,0.07142857142857142,0.6071428571428571,0.17857142857142858,14,3.8214285714285716,14,0.5,4.035714285714286,low
local_swap_p0,local_swap,0,4861,770026738,"72,139,147",82,656,30,3,2,4,2,19,5,0.06666666666666667,0.6333333333333333,0.16666666666666666,14,3.3666666666666667,14,0.5,4.1,low
local_swap_p0,local_swap,0,4861,770026738,"72,139,147",83,664,30,3,2,4,2,19,5,0.06666666666666667,0.6333333333333333,0.16666666666666666,14,3.466666666666667,14,0.5,4.1,low
local_swap_p0,local_swap,0,4861,770026738,"72,139,147",84,672,31,3,1,4,3,20,4,0.0967741935483871,0.6451612903225806,0.12903225806451613,14,3.5161290322580645,17,0.25806451612903225,4.129032258064516,low
local_swap_p0,local_swap,0,4861,770026738,"72,139,147",85,680,31,3,1,4,3,20,4,0.0967741935483871,0.6451612903225806,0.12903225806451613,14,3.5483870967741935,17,0.25806451612903225,4.193548387096774,low
local_swap_p0,local_swap,0,4861,770026738,"72,139,147",86,688,30,3,1,4,3,19,4,0.1,0.6333333333333333,0.13333333333333333,14,3.6333333333333333,16,0.36666666666666664,4.166666666666667,low
local_swap_p0,local_swap,0,4861,770026738,"72,139,147",87,696,30,3,2,2,3,20,5,0.1,0.6666666666666666,0.16666666666666666,14,3.433333333333333,14,0.3333333333333333,4.533333333333333,low
local_swap_p0,local_swap,0,4861,770026738,"72,139,147",88,704,31,3,1,2,4,21,4,0.12903225806451613,0.6774193548387096,0.12903225806451613,14,3.3870967741935485,14,0.3225806451612903,4.580645161290323,low
local_swap_p0,local_swap,0,4861,770026738,"72,139,147",89,712,32,3,1,1,5,22,4,0.15625,0.6875,0.125,14,3.15625,16,0.21875,4.59375,low
local_swap_p0,local_swap,0,4861,770026738,"72,139,147",90,720,34,3,2,1,5,23,5,0.14705882352941177,0.6764705882352942,0.14705882352941177,14,3.1470588235294117,17,0.20588235294117646,4.5,low
local_swap_p0,local_swap,0,4861,770026738,"72,139,147",91,728,35,3,1,2,6,23,4,0.17142857142857143,0.6571428571428571,0.11428571428571428,14,2.942857142857143,17,0.2,4.514285714285714,low
local_swap_p0,local_swap,0,4861,770026738,"72,139,147",92,736,38,3,1,2,8,24,4,0.21052631578947367,0.631578947368421,0.10526315789473684,14,2.736842105263158,17,0.23684210526315788,4.394736842105263,low
local_swap_p0,local_swap,0,4861,770026738,"72,139,147",93,744,39,3,1,2,8,25,4,0.20512820512820512,0.6410256410256411,0.10256410256410256,14,2.58974358974359,21,0.20512820512820512,4.461538461538462,low
local_swap_p0,local_swap,0,4861,770026738,"72,139,147",94,752,35,3,1,2,7,22,4,0.2,0.6285714285714286,0.11428571428571428,13,2.9714285714285715,18,0.2,3.942857142857143,low
local_swap_p0,local_swap,0,4861,770026738,"72,139,147",95,760,39,3,2,2,7,25,5,0.1794871794871795,0.6410256410256411,0.1282051282051282,14,2.923076923076923,16,0.23076923076923078,4.435897435897436,low
local_swap_p0,local_swap,0,4861,770026738,"72,139,147",96,768,41,3,2,2,5,29,5,0.12195121951219512,0.7073170731707317,0.12195121951219512,14,2.6341463414634148,18,0.21951219512195122,4.585365853658536,low
local_swap_p0,local_swap,0,4861,770026738,"72,139,147",97,776,44,3,2,3,5,31,5,0.11363636363636363,0.7045454545454546,0.11363636363636363,14,2.6136363636363638,17,0.22727272727272727,4.5227272727272725,low
local_swap_p0,local_swap,0,4861,770026738,"72,139,147",98,784,45,3,2,4,3,33,5,0.06666666666666667,0.7333333333333333,0.1111111111111111,14,2.7555555555555555,17,0.4,4.511111111111111,low
local_swap_p0,local_swap,0,4861,770026738,"72,139,147",99,792,46,3,2,4,4,33,5,0.08695652173913043,0.717391304347826,0.10869565217391304,14,2.8043478260869565,14,0.6304347826086957,4.5,low
local_swap_p0,local_swap,0,4861,770026738,"72,139,147",100,800,47,3,2,4,3,35,5,0.06382978723404255,0.7446808510638298,0.10638297872340426,14,2.702127659574468,17,0.3829787234042553,4.48936170212766,low
local_swap_p0,local_swap,0,4861,770026738,"72,139,147",101,808,47,3,1,3,5,35,4,0.10638297872340426,0.7446808510638298,0.0851063829787234,14,2.702127659574468,15,0.6595744680851063,4.574468085106383,low
local_swap_p0,local_swap,0,4861,770026738,"72,139,147",102,816,44,3,2,2,7,30,5,0.1590909090909091,0.6818181818181818,0.11363636363636363,15,3.0681818181818183,13,0.7045454545454546,4.386363636363637,low
local_swap_p0,local_swap,0,4861,770026738,"72,139,147",103,824,43,3,2,2,6,30,5,0.13953488372093023,0.6976744186046512,0.11627906976744186,15,3.2325581395348837,15,0.6511627906976745,4.465116279069767,low
local_swap_p0,local_swap,0,4861,770026738,"72,139,147",104,832,45,3,2,3,7,30,5,0.15555555555555556,0.6666666666666666,0.1111111111111111,15,3.0444444444444443,15,0.6888888888888889,4.377777777777778,low
local_swap_p0,local_swap,0,4861,770026738,"72,139,147",105,840,45,3,1,3,9,29,4,0.2,0.6444444444444445,0.08888888888888889,15,3.0,12,0.7555555555555555,4.377777777777778,low
local_swap_p0,local_swap,0,4861,770026738,"72,139,147",106,848,46,3,2,4,9,28,5,0.1956521739130435,0.6086956521739131,0.10869565217391304,15,3.391304347826087,12,0.7608695652173914,4.239130434782608,low
local_swap_p0,local_swap,0,4861,770026738,"72,139,147",107,856,46,3,2,4,9,28,5,0.1956521739130435,0.6086956521739131,0.10869565217391304,15,3.239130434782609,12,0.7608695652173914,4.260869565217392,low
local_swap_p0,local_swap,0,4861,770026738,"72,139,147",108,864,50,3,2,4,9,32,5,0.18,0.64,0.1,15,3.02,13,0.72,4.74,low
local_swap_p0,local_swap,0,4861,770026738,"72,139,147",109,872,49,3,2,4,9,31,5,0.1836734693877551,0.6326530612244898,0.10204081632653061,15,3.204081632653061,12,0.7551020408163265,4.326530612244898,low
local_swap_p0,local_swap,0,4861,770026738,"72,139,147",110,880,46,3,2,4,7,30,5,0.15217391304347827,0.6521739130434783,0.10869565217391304,15,3.4130434782608696,12,0.7608695652173914,4.304347826086956,low
local_swap_p0,local_swap,0,4861,770026738,"72,139,147",111,888,47,3,2,4,7,31,5,0.14893617021276595,0.6595744680851063,0.10638297872340426,15,3.297872340425532,13,0.723404255319149,4.361702127659575,low
local_swap_p0,local_swap,0,4861,770026738,"72,139,147",112,896,48,3,2,4,7,32,5,0.14583333333333334,0.6666666666666666,0.10416666666666667,15,3.2083333333333335,14,0.7083333333333334,4.375,low
local_swap_p0,local_swap,0,4861,770026738,"72,139,147",113,904,51,3,1,5,9,33,4,0.17647058823529413,0.6470588235294118,0.0784313725490196,14,3.0392156862745097,15,0.6470588235294118,4.294117647058823,low
local_swap_p0,local_swap,0,4861,770026738,"72,139,147",114,912,51,3,1,5,9,33,4,0.17647058823529413,0.6470588235294118,0.0784313725490196,14,3.0392156862745097,15,0.6470588235294118,4.294117647058823,low
local_swap_p0,local_swap,0,4861,770026738,"72,139,147",115,920,51,3,1,5,9,33,4,0.17647058823529413,0.6470588235294118,0.0784313725490196,14,3.0784313725490198,18,0.5686274509803921,4.313725490196078,low
local_swap_p0,local_swap,0,4861,770026738,"72,139,147",116,928,50,3,0,6,9,32,3,0.18,0.64,0.06,14,3.18,20,0.5,4.3,low
local_swap_p0,local_swap,0,4861,770026738,"72,139,147",117,936,50,3,0,5,8,34,3,0.16,0.68,0.06,14,2.88,21,0.48,4.4,low
local_swap_p0,local_swap,0,4861,770026738,"72,139,147",118,944,49,3,0,5,8,33,3,0.16326530612244897,0.673469387755102,0.061224489795918366,14,2.8979591836734695,20,0.4897959183673469,4.428571428571429,low
local_swap_p0,local_swap,0,4861,770026738,"72,139,147",119,952,52,3,0,5,9,35,3,0.17307692307692307,0.6730769230769231,0.057692307692307696,14,2.519230769230769,19,0.5192307692307693,4.423076923076923,low
local_swap_p0,local_swap,0,4861,770026738,"72,139,147",120,960,56,3,0,5,8,40,3,0.14285714285714285,0.7142857142857143,0.05357142857142857,14,2.375,21,0.4642857142857143,4.571428571428571,low
local_swap_p0,local_swap,0,4861,770026738,"72,139,147",121,968,57,3,0,5,8,41,3,0.14035087719298245,0.7192982456140351,0.05263157894736842,14,2.3333333333333335,21,0.47368421052631576,4.5964912280701755,low
local_swap_p0,local_swap,0,4861,770026738,"72,139,147",122,976,55,3,1,4,8,39,4,0.14545454545454545,0.7090909090909091,0.07272727272727272,14,2.3636363636363638,18,0.5454545454545454,4.5636363636363635,low
local_swap_p0,local_swap,0,4861,770026738,"72,139,147",123,984,52,3,1,4,5,39,4,0.09615384615384616,0.75,0.07692307692307693,14,2.6538461538461537,19,0.5576923076923077,4.634615384615385,low
local_swap_p0,local_swap,0,4861,770026738,"72,139,147",124,992,55,3,2,4,6,40,5,0.10909090909090909,0.7272727272727273,0.09090909090909091,14,2.4,18,0.6,4.5636363636363635,low
local_swap_p0,local_swap,0,4861,770026738,"72,139,147",125,1000,54,3,1,3,7,40,4,0.12962962962962962,0.7407407407407407,0.07407407407407407,14,2.4444444444444446,20,0.5555555555555556,4.685185185185185,low
local_swap_p0,local_swap,0,4861,770026738,"72,139,147",126,1008,57,3,1,3,7,43,4,0.12280701754385964,0.7543859649122807,0.07017543859649122,14,2.3859649122807016,17,0.6666666666666666,4.719298245614035,low
local_swap_p0,local_swap,0,4861,770026738,"72,139,147",127,1016,55,3,1,2,8,41,4,0.14545454545454545,0.7454545454545455,0.07272727272727272,14,2.4727272727272727,20,0.6,4.709090909090909,low
local_swap_p0,local_swap,0,4861,770026738,"72,139,147",128,1024,55,3,2,3,8,39,5,0.14545454545454545,0.7090909090909091,0.09090909090909091,14,2.581818181818182,22,0.4909090909090909,4.618181818181818,low
local_swap_p0,local_swap,0,4861,770026738,"72,139,147",129,1032,55,3,2,3,9,38,5,0.16363636363636364,0.6909090909090909,0.09090909090909091,14,2.6363636363636362,19,0.5636363636363636,4.527272727272727,low
local_swap_p0,local_swap,0,4861,770026738,"72,139,147",130,1040,57,3,2,3,10,39,5,0.17543859649122806,0.6842105263157895,0.08771929824561403,14,2.5789473684210527,19,0.5789473684210527,4.491228070175438,low
local_swap_p0,local_swap,0,4861,770026738,"72,139,147",131,1048,59,3,2,3,8,43,5,0.13559322033898305,0.7288135593220338,0.0847457627118644,14,2.6271186440677967,20,0.5084745762711864,4.508474576271187,low
local_swap_p0,local_swap,0,4861,770026738,"72,139,147",132,1056,65,3,4,4,9,45,7,0.13846153846153847,0.6923076923076923,0.1076923076923077,14,2.7384615384615385,17,0.6461538461538462,4.292307692307692,low
local_swap_p0,local_swap,0,4861,770026738,"72,139,147",133,1064,66,3,4,4,10,45,7,0.15151515151515152,0.6818181818181818,0.10606060606060606,14,2.621212121212121,18,0.6363636363636364,4.257575757575758,low
local_swap_p0,local_swap,0,4861,770026738,"72,139,147",134,1072,66,3,4,4,10,45,7,0.15151515151515152,0.6818181818181818,0.10606060606060606,14,2.6363636363636362,17,0.6363636363636364,4.242424242424242,low
local_swap_p0,local_swap,0,4861,770026738,"72,139,147",135,1080,68,3,4,4,10,47,7,0.14705882352941177,0.6911764705882353,0.10294117647058823,14,2.588235294117647,17,0.6323529411764706,4.279411764705882,low
local_swap_p0,local_swap,0,4861,770026738,"72,139,147",136,1088,70,3,3,4,10,50,6,0.14285714285714285,0.7142857142857143,0.08571428571428572,14,2.557142857142857,16,0.6428571428571429,4.4,low
local_swap_p0,local_swap,0,4861,770026738,"72,139,147",137,1096,73,3,3,4,10,53,6,0.136986301369863,0.726027397260274,0.0821917808219178,14,2.2739726027397262,19,0.6575342465753424,4.2465753424657535,low
local_swap_p0,local_swap,0,4861,770026738,"72,139,147",138,1104,72,3,3,4,9,53,6,0.125,0.7361111111111112,0.08333333333333333,14,2.236111111111111,23,0.625,4.25,low
local_swap_p0,local_swap,0,4861,770026738,"72,139,147",139,1112,72,3,4,4,9,52,7,0.125,0.7222222222222222,0.09722222222222222,14,2.263888888888889,24,0.6111111111111112,4.208333333333333,low
local_swap_p0,local_swap,0,4861,770026738,"72,139,147",140,1120,72,3,4,7,8,50,7,0.1111111111111111,0.6944444444444444,0.09722222222222222,14,2.388888888888889,24,0.6388888888888888,4.125,low
local_swap_p0,local_swap,0,4861,770026738,"72,139,147",141,1128,71,3,3,7,8,50,6,0.11267605633802817,0.704225352112676,0.08450704225352113,14,2.3661971830985915,22,0.647887323943662,4.169014084507042,low
local_swap_p0,local_swap,0,4861,770026738,"72,139,147",142,1136,74,3,4,6,10,51,7,0.13513513513513514,0.6891891891891891,0.0945945945945946,14,2.0945945945945947,21,0.6891891891891891,4.121621621621622,low
local_swap_p0,local_swap,0,4861,770026738,"72,139,147",143,1144,75,3,4,6,8,54,7,0.10666666666666667,0.72,0.09333333333333334,14,2.0933333333333333,21,0.7066666666666667,4.266666666666667,low
local_swap_p0,local_swap,0,4861,770026738,"72,139,147",144,1152,77,3,4,5,9,56,7,0.11688311688311688,0.7272727272727273,0.09090909090909091,14,2.0,18,0.7272727272727273,4.415584415584416,low
local_swap_p0,local_swap,0,4861,770026738,"72,139,147",145,1160,73,3,4,5,9,52,7,0.1232876712328767,0.7123287671232876,0.0958904109589041,14,2.1232876712328768,20,0.726027397260274,4.178082191780822,low
local_swap_p0,local_swap,0,4861,770026738,"72,139,147",146,1168,72,3,5,4,9,51,8,0.125,0.7083333333333334,0.1111111111111111,14,2.1805555555555554,22,0.6527777777777778,4.180555555555555,low
local_swap_p0,local_swap,0,4861,770026738,"72,139,147",147,1176,71,3,5,4,10,49,8,0.14084507042253522,0.6901408450704225,0.11267605633802817,14,2.1690140845070425,21,0.704225352112676,4.140845070422535,low
local_swap_p0,local_swap,0,4861,770026738,"72,139,147",148,1184,71,3,5,4,9,50,8,0.1267605633802817,0.704225352112676,0.11267605633802817,14,2.1690140845070425,21,0.7183098591549296,4.169014084507042,low
local_swap_p0,local_swap,0,4861,770026738,"72,139,147",149,1192,71,3,4,5,9,50,7,0.1267605633802817,0.704225352112676,0.09859154929577464,14,2.2816901408450705,22,0.704225352112676,4.183098591549296,low
local_swap_p0,local_swap,0,4861,770026738,"72,139,147",150,1200,73,3,4,6,10,50,7,0.136986301369863,0.684931506849315,0.0958904109589041,14,2.1506849315068495,20,0.7397260273972602,4.068493150684931,low
local_swap_p0,local_swap,0,4861,770026738,"72,139,147",151,1208,76,3,4,7,9,53,7,0.11842105263157894,0.6973684210526315,0.09210526315789473,14,2.0,20,0.75,4.078947368421052,low
local_swap_p0,local_swap,0,4861,770026738,"72,139,147",152,1216,73,3,5,5,8,52,8,0.1095890410958904,0.7123287671232876,0.1095890410958904,14,2.095890410958904,19,0.7534246575342466,4.095890410958904,low
local_swap_p0,local_swap,0,4861,770026738,"72,139,147",153,1224,72,3,5,5,8,51,8,0.1111111111111111,0.7083333333333334,0.1111111111111111,14,2.2222222222222223,17,0.7777777777777778,4.055555555555555,low
local_swap_p0,local_swap,0,4861,770026738,"72,139,147",154,1232,75,3,5,4,8,55,8,0.10666666666666667,0.7333333333333333,0.10666666666666667,14,2.0533333333333332,16,0.8,4.16,low
local_swap_p0,local_swap,0,4861,770026738,"72,139,147",155,1240,76,3,5,4,8,56,8,0.10526315789473684,0.7368421052631579,0.10526315789473684,14,2.0,16,0.8026315789473685,4.144736842105263,low
local_swap_p0,local_swap,0,4861,770026738,"72,139,147",156,1248,76,3,5,4,9,55,8,0.11842105263157894,0.7236842105263158,0.10526315789473684,14,2.039473684210526,16,0.8026315789473685,4.131578947368421,low
local_swap_p0,local_swap,0,4861,770026738,"72,139,147",157,1256,77,3,5,5,9,55,8,0.11688311688311688,0.7142857142857143,0.1038961038961039,14,2.0779220779220777,15,0.8181818181818182,4.090909090909091,low
local_swap_p0,local_swap,0,4861,770026738,"72,139,147",158,1264,80,3,5,6,9,57,8,0.1125,0.7125,0.1,14,1.975,18,0.775,4.1125,low
local_swap_p0,local_swap,0,4861,770026738,"72,139,147",159,1272,79,3,4,7,9,56,7,0.11392405063291139,0.7088607594936709,0.08860759493670886,14,2.240506329113924,17,0.7848101265822784,4.1265822784810124,low
local_swap_p0,local_swap,0,4861,770026738,"72,139,147",160,1280,80,3,4,6,9,58,7,0.1125,0.725,0.0875,14,2.1625,17,0.7875,4.1625,low
local_swap_p0,local_swap,0,4861,770026738,"72,139,147",161,1288,79,3,4,6,8,58,7,0.10126582278481013,0.7341772151898734,0.08860759493670886,14,2.240506329113924,22,0.6582278481012658,4.1645569620253164,low
local_swap_p0,local_swap,0,4861,770026738,"72,139,147",162,1296,78,3,4,6,7,58,7,0.08974358974358974,0.7435897435897436,0.08974358974358974,14,2.2948717948717947,21,0.6666666666666666,4.282051282051282,low
local_swap_p0,local_swap,0,4861,770026738,"72,139,147",163,1304,80,3,4,7,9,57,7,0.1125,0.7125,0.0875,14,2.2125,15,0.8,4.2125,low
local_swap_p0,local_swap,0,4861,770026738,"72,139,147",164,1312,80,3,4,7,8,58,7,0.1,0.725,0.0875,13,2.1125,14,0.8125,4.2375,low
local_swap_p0,local_swap,0,4861,770026738,"72,139,147",165,1320,80,3,4,7,7,59,7,0.0875,0.7375,0.0875,13,2.15,20,0.675,4.3625,low
local_swap_p0,local_swap,0,4861,770026738,"72,139,147",166,1328,78,3,4,7,7,57,7,0.08974358974358974,0.7307692307692307,0.08974358974358974,13,2.2564102564102564,20,0.6666666666666666,4.358974358974359,low
local_swap_p0,local_swap,0,4861,770026738,"72,139,147",167,1336,75,3,4,6,7,55,7,0.09333333333333334,0.7333333333333333,0.09333333333333334,13,2.3333333333333335,22,0.6666666666666666,4.16,low
local_swap_p0,local_swap,0,4861,770026738,"72,139,147",168,1344,77,3,4,7,8,55,7,0.1038961038961039,0.7142857142857143,0.09090909090909091,13,2.272727272727273,21,0.6883116883116883,4.12987012987013,low
local_swap_p0,local_swap,0,4861,770026738,"72,139,147",169,1352,76,3,4,7,9,53,7,0.11842105263157894,0.6973684210526315,0.09210526315789473,13,2.3552631578947367,20,0.6842105263157895,4.105263157894737,low
local_swap_p0,local_swap,0,4861,770026738,"72,139,147",170,1360,74,3,4,7,9,51,7,0.12162162162162163,0.6891891891891891,0.0945945945945946,13,2.391891891891892,20,0.6891891891891891,4.0675675675675675,low
local_swap_p0,local_swap,0,4861,770026738,"72,139,147",171,1368,75,3,4,5,10,53,7,0.13333333333333333,0.7066666666666667,0.09333333333333334,13,2.3466666666666667,23,0.6266666666666667,4.12,low
local_swap_p0,local_swap,0,4861,770026738,"72,139,147",172,1376,78,3,4,5,12,54,7,0.15384615384615385,0.6923076923076923,0.08974358974358974,13,2.269230769230769,15,0.7692307692307693,4.333333333333333,low
local_swap_p0,local_swap,0,4861,770026738,"72,139,147",173,1384,77,3,4,4,13,53,7,0.16883116883116883,0.6883116883116883,0.09090909090909091,13,2.272727272727273,16,0.7532467532467533,4.337662337662338,low
local_swap_p0,local_swap,0,4861,770026738,"72,139,147",174,1392,75,3,4,4,12,52,7,0.16,0.6933333333333334,0.09333333333333334,13,2.36,18,0.72,4.253333333333333,low
local_swap_p0,local_swap,0,4861,770026738,"72,139,147",175,1400,77,3,4,4,12,54,7,0.15584415584415584,0.7012987012987013,0.09090909090909091,13,2.1948051948051948,19,0.7142857142857143,4.285714285714286,low
local_swap_p0,local_swap,0,4861,770026738,"72,139,147",176,1408,77,3,4,4,12,54,7,0.15584415584415584,0.7012987012987013,0.09090909090909091,13,2.207792207792208,20,0.6883116883116883,4.311688311688312,low
local_swap_p0,local_swap,0,4861,770026738,"72,139,147",177,1416,77,3,4,4,11,55,7,0.14285714285714285,0.7142857142857143,0.09090909090909091,13,2.25974025974026,20,0.6883116883116883,4.311688311688312,low
local_swap_p0,local_swap,0,4861,770026738,"72,139,147",178,1424,75,3,4,4,9,55,7,0.12,0.7333333333333333,0.09333333333333334,13,2.28,19,0.6533333333333333,4.453333333333333,low
local_swap_p0,local_swap,0,4861,770026738,"72,139,147",179,1432,77,3,5,4,11,54,8,0.14285714285714285,0.7012987012987013,0.1038961038961039,13,2.2467532467532467,20,0.6493506493506493,4.402597402597403,low
local_swap_p0,local_swap,0,4861,770026738,"72,139,147",180,1440,76,3,4,4,11,54,7,0.14473684210526316,0.7105263157894737,0.09210526315789473,13,2.1973684210526314,20,0.6447368421052632,4.447368421052632,low
local_swap_p0,local_swap,0,4861,770026738,"72,139,147",181,1448,76,3,4,4,11,54,7,0.14473684210526316,0.7105263157894737,0.09210526315789473,13,2.1710526315789473,19,0.6578947368421053,4.447368421052632,low
local_swap_p0,local_swap,0,4861,770026738,"72,139,147",182,1456,76,3,4,4,11,54,7,0.14473684210526316,0.7105263157894737,0.09210526315789473,13,2.1315789473684212,19,0.6578947368421053,4.421052631578948,low
local_swap_p0,local_swap,0,4861,770026738,"72,139,147",183,1464,79,3,4,4,11,57,7,0.13924050632911392,0.7215189873417721,0.08860759493670886,13,2.0253164556962027,18,0.6582278481012658,4.417721518987341,low
local_swap_p0,local_swap,0,4861,770026738,"72,139,147",184,1472,81,3,4,5,11,58,7,0.13580246913580246,0.7160493827160493,0.08641975308641975,13,2.0123456790123457,21,0.6049382716049383,4.271604938271605,low
local_swap_p0,local_swap,0,4861,770026738,"72,139,147",185,1480,81,3,4,5,11,58,7,0.13580246913580246,0.7160493827160493,0.08641975308641975,13,2.0617283950617282,20,0.6296296296296297,4.271604938271605,low
local_swap_p0,local_swap,0,4861,770026738,"72,139,147",186,1488,86,3,4,6,13,60,7,0.1511627906976744,0.6976744186046512,0.08139534883720931,13,1.872093023255814,14,0.7790697674418605,4.244186046511628,low
local_swap_p0,local_swap,0,4861,770026738,"72,139,147",187,1496,89,3,4,7,12,63,7,0.1348314606741573,0.7078651685393258,0.07865168539325842,13,1.9887640449438202,15,0.7752808988764045,4.292134831460674,low
local_swap_p0,local_swap,0,4861,770026738,"72,139,147",188,1504,90,3,4,7,12,64,7,0.13333333333333333,0.7111111111111111,0.07777777777777778,13,1.9222222222222223,17,0.7444444444444445,4.388888888888889,low
local_swap_p0,local_swap,0,4861,770026738,"72,139,147",189,1512,89,3,4,8,11,63,7,0.12359550561797752,0.7078651685393258,0.07865168539325842,13,2.0,17,0.7528089887640449,4.303370786516854,low
local_swap_p0,local_swap,0,4861,770026738,"72,139,147",190,1520,87,3,4,8,12,60,7,0.13793103448275862,0.6896551724137931,0.08045977011494253,13,2.0804597701149423,17,0.7701149425287356,4.241379310344827,low
local_swap_p0,local_swap,0,4861,770026738,"72,139,147",191,1528,89,3,4,8,12,62,7,0.1348314606741573,0.6966292134831461,0.07865168539325842,13,1.9775280898876404,16,0.7640449438202247,4.359550561797753,low
local_swap_p0,local_swap,0,4861,770026738,"72,139,147",192,1536,90,3,4,8,13,62,7,0.14444444444444443,0.6888888888888889,0.07777777777777778,13,1.8555555555555556,18,0.7444444444444445,4.266666666666667,low
local_swap_p0,local_swap,0,4861,770026738,"72,139,147",193,1544,91,3,4,8,12,64,7,0.13186813186813187,0.7032967032967034,0.07692307692307693,13,1.8681318681318682,21,0.6593406593406593,4.2967032967032965,low
local_swap_p0,local_swap,0,4861,770026738,"72,139,147",194,1552,90,3,4,7,12,64,7,0.13333333333333333,0.7111111111111111,0.07777777777777778,13,1.9333333333333333,23,0.6333333333333333,4.311111111111111,low
local_swap_p0,local_swap,0,4861,770026738,"72,139,147",195,1560,90,3,4,7,12,64,7,0.13333333333333333,0.7111111111111111,0.07777777777777778,13,1.9111111111111112,22,0.6333333333333333,4.3,low
local_swap_p0,local_swap,0,4861,770026738,"72,139,147",196,1568,96,3,5,7,12,69,8,0.125,0.71875,0.08333333333333333,13,1.8645833333333333,19,0.65625,4.302083333333333,low
local_swap_p0,local_swap,0,4861,770026738,"72,139,147",197,1576,96,3,5,7,13,68,8,0.13541666666666666,0.7083333333333334,0.08333333333333333,13,1.9791666666666667,23,0.6145833333333334,4.416666666666667,low
local_swap_p0,local_swap,0,4861,770026738,"72,139,147",198,1584,96,3,5,8,12,68,8,0.125,0.7083333333333334,0.08333333333333333,13,1.9583333333333333,22,0.625,4.427083333333333,low
local_swap_p0,local_swap,0,4861,770026738,"72,139,147",199,1592,95,3,5,8,11,68,8,0.11578947368421053,0.7157894736842105,0.08421052631578947,13,1.9473684210526316,23,0.631578947368421,4.431578947368421,low
local_swap_p0,local_swap,0,4861,770026738,"72,139,147",200,1600,96,3,5,7,10,71,8,0.10416666666666667,0.7395833333333334,0.08333333333333333,13,2.0625,27,0.5625,4.489583333333333,low
local_swap_p0,local_swap,0,4861,770026738,"72,139,147",201,1608,94,3,5,7,10,69,8,0.10638297872340426,0.7340425531914894,0.0851063829787234,13,2.021276595744681,27,0.5638297872340425,4.446808510638298,low
local_swap_p0,local_swap,0,4861,770026738,"72,139,147",202,1616,96,3,6,7,11,69,9,0.11458333333333333,0.71875,0.09375,13,2.0416666666666665,26,0.59375,4.395833333333333,low
local_swap_p0,local_swap,0,4861,770026738,"72,139,147",203,1624,95,3,6,7,12,67,9,0.12631578947368421,0.7052631578947368,0.09473684210526316,13,2.0736842105263156,26,0.5894736842105263,4.378947368421053,low
local_swap_p0,local_swap,0,4861,770026738,"72,139,147",204,1632,97,3,6,7,12,69,9,0.12371134020618557,0.711340206185567,0.09278350515463918,13,2.082474226804124,26,0.5876288659793815,4.402061855670103,low
local_swap_p0,local_swap,0,4861,770026738,"72,139,147",205,1640,99,3,6,8,13,69,9,0.13131313131313133,0.696969696969697,0.09090909090909091,13,2.0707070707070705,25,0.5959595959595959,4.383838383838384,low
local_swap_p0,local_swap,0,4861,770026738,"72,139,147",206,1648,99,3,6,8,13,69,9,0.13131313131313133,0.696969696969697,0.09090909090909091,13,2.1313131313131315,23,0.6464646464646465,4.363636363636363,low
local_swap_p0,local_swap,0,4861,770026738,"72,139,147",207,1656,102,3,6,8,15,70,9,0.14705882352941177,0.6862745098039216,0.08823529411764706,13,2.0392156862745097,23,0.6372549019607843,4.392156862745098,low
local_swap_p0,local_swap,0,4861,770026738,"72,139,147",208,1664,100,3,6,8,14,69,9,0.14,0.69,0.09,14,2.12,23,0.64,4.38,low
local_swap_p0,local_swap,0,4861,770026738,"72,139,147",209,1672,99,3,6,9,12,69,9,0.12121212121212122,0.696969696969697,0.09090909090909091,14,2.111111111111111,22,0.6868686868686869,4.383838383838384,low
local_swap_p0,local_swap,0,4861,770026738,"72,139,147",210,1680,103,3,5,9,15,71,8,0.14563106796116504,0.6893203883495146,0.07766990291262135,14,2.0388349514563107,19,0.7184466019417476,4.359223300970874,low
local_swap_p0,local_swap,0,4861,770026738,"72,139,147",211,1688,105,3,5,9,16,72,8,0.1523809523809524,0.6857142857142857,0.0761904761904762,14,2.0095238095238095,19,0.7428571428571429,4.3619047619047615,low
local_swap_p0,local_swap,0,4861,770026738,"72,139,147",212,1696,102,3,4,9,17,69,7,0.16666666666666666,0.6764705882352942,0.06862745098039216,14,2.1470588235294117,20,0.6764705882352942,4.382352941176471,low
local_swap_p0,local_swap,0,4861,770026738,"72,139,147",213,1704,101,3,5,8,15,70,8,0.1485148514851485,0.693069306930693,0.07920792079207921,14,2.118811881188119,21,0.6633663366336634,4.4950495049504955,low
local_swap_p0,local_swap,0,4861,770026738,"72,139,147",214,1712,100,3,5,8,15,69,8,0.15,0.69,0.08,14,2.13,21,0.66,4.51,low
local_swap_p0,local_swap,0,4861,770026738,"72,139,147",215,1720,100,3,5,8,15,69,8,0.15,0.69,0.08,14,2.18,21,0.65,4.51,low
local_swap_p0,local_swap,0,4861,770026738,"72,139,147",216,1728,101,3,5,7,17,69,8,0.16831683168316833,0.6831683168316832,0.07920792079207921,14,2.207920792079208,22,0.6336633663366337,4.564356435643564,low
local_swap_p0,local_swap,0,4861,770026738,"72,139,147",217,1736,100,3,5,7,17,68,8,0.17,0.68,0.08,14,2.15,22,0.63,4.58,low
local_swap_p0,local_swap,0,4861,770026738,"72,139,147",218,1744,104,3,5,7,19,70,8,0.18269230769230768,0.6730769230769231,0.07692307692307693,14,2.019230769230769,17,0.7596153846153846,4.548076923076923,low
local_swap_p0,local_swap,0,4861,770026738,"72,139,147",219,1752,105,3,5,7,18,72,8,0.17142857142857143,0.6857142857142857,0.0761904761904762,14,1.9904761904761905,19,0.7428571428571429,4.561904761904762,low
local_swap_p0,local_swap,0,4861,770026738,"72,139,147",220,1760,103,3,5,7,17,71,8,0.1650485436893204,0.6893203883495146,0.07766990291262135,14,2.0776699029126213,17,0.7766990291262136,4.563106796116505,low
local_swap_p0,local_swap,0,4861,770026738,"72,139,147",221,1768,105,3,5,7,16,74,8,0.1523809523809524,0.7047619047619048,0.0761904761904762,14,2.066666666666667,19,0.7523809523809524,4.571428571428571,low
local_swap_p0,local_swap,0,4861,770026738,"72,139,147",222,1776,107,3,5,7,16,76,8,0.14953271028037382,0.7102803738317757,0.07476635514018691,14,1.9906542056074767,22,0.6542056074766355,4.672897196261682,low
local_swap_p0,local_swap,0,4861,770026738,"72,139,147",223,1784,110,3,5,7,17,78,8,0.15454545454545454,0.7090909090909091,0.07272727272727272,14,1.9,20,0.6818181818181818,4.681818181818182,low
local_swap_p0,local_swap,0,4861,770026738,"72,139,147",224,1792,111,3,5,6,17,80,8,0.15315315315315314,0.7207207207207207,0.07207207207207207,14,1.864864864864865,18,0.6846846846846847,4.792792792792793,low
local_swap_p0,local_swap,0,4861,770026738,"72,139,147",225,1800,113,3,5,6,18,81,8,0.1592920353982301,0.7168141592920354,0.07079646017699115,14,1.8495575221238938,19,0.6902654867256637,4.778761061946903,low
local_swap_p0,local_swap,0,4861,770026738,"72,139,147",226,1808,112,3,5,7,17,80,8,0.15178571428571427,0.7142857142857143,0.07142857142857142,14,1.8303571428571428,16,0.7142857142857143,4.758928571428571,low
local_swap_p0,local_swap,0,4861,770026738,"72,139,147",227,1816,112,3,4,7,16,82,7,0.14285714285714285,0.7321428571428571,0.0625,14,1.8214285714285714,19,0.6517857142857143,4.803571428571429,low
local_swap_p0,local_swap,0,4861,770026738,"72,139,147",228,1824,113,3,4,7,17,82,7,0.1504424778761062,0.7256637168141593,0.061946902654867256,14,1.8053097345132743,21,0.6371681415929203,4.79646017699115,low
local_swap_p0,local_swap,0,4861,770026738,"72,139,147",229,1832,114,3,4,7,18,82,7,0.15789473684210525,0.7192982456140351,0.06140350877192982,14,1.7894736842105263,21,0.631578947368421,4.7631578947368425,low
local_swap_p0,local_swap,0,4861,770026738,"72,139,147",230,1840,116,3,4,7,18,84,7,0.15517241379310345,0.7241379310344828,0.0603448275862069,14,1.7672413793103448,21,0.6293103448275862,4.905172413793103,low
local_swap_p0,local_swap,0,4861,770026738,"72,139,147",231,1848,117,3,4,7,19,84,7,0.1623931623931624,0.717948717948718,0.05982905982905983,14,1.7435897435897436,21,0.6324786324786325,4.794871794871795,low
local_swap_p0,local_swap,0,4861,770026738,"72,139,147",232,1856,115,3,5,5,19,83,8,0.16521739130434782,0.7217391304347827,0.06956521739130435,14,1.7565217391304349,18,0.7130434782608696,4.817391304347826,low
local_swap_p0,local_swap,0,4861,770026738,"72,139,147",233,1864,114,3,5,5,19,82,8,0.16666666666666666,0.7192982456140351,0.07017543859649122,14,1.7543859649122806,18,0.7105263157894737,4.824561403508772,low
local_swap_p0,local_swap,0,4861,770026738,"72,139,147",234,1872,114,3,5,5,18,83,8,0.15789473684210525,0.7280701754385965,0.07017543859649122,14,1.7543859649122806,15,0.7807017543859649,4.833333333333333,low
local_swap_p0,local_swap,0,4861,770026738,"72,139,147",235,1880,113,3,5,5,17,83,8,0.1504424778761062,0.7345132743362832,0.07079646017699115,14,1.7079646017699115,21,0.7256637168141593,4.849557522123894,low
local_swap_p0,local_swap,0,4861,770026738,"72,139,147",236,1888,112,3,5,5,17,82,8,0.15178571428571427,0.7321428571428571,0.07142857142857142,14,1.7321428571428572,21,0.6964285714285714,4.857142857142857,low
local_swap_p0,local_swap,0,4861,770026738,"72,139,147",237,1896,113,3,5,5,18,82,8,0.1592920353982301,0.7256637168141593,0.07079646017699115,14,1.7256637168141593,22,0.6991150442477876,4.823008849557522,low
local_swap_p0,local_swap,0,4861,770026738,"72,139,147",238,1904,114,3,5,5,17,84,8,0.14912280701754385,0.7368421052631579,0.07017543859649122,14,1.780701754385965,24,0.6929824561403509,4.868421052631579,low
local_swap_p0,local_swap,0,4861,770026738,"72,139,147",239,1912,115,3,5,6,17,84,8,0.14782608695652175,0.7304347826086957,0.06956521739130435,14,1.8782608695652174,23,0.7043478260869566,4.791304347826087,low
local_swap_p0,local_swap,0,4861,770026738,"72,139,147",240,1920,119,3,5,7,19,85,8,0.15966386554621848,0.7142857142857143,0.06722689075630252,14,1.7563025210084033,21,0.7310924369747899,4.739495798319328,low
local_swap_p0,local_swap,0,4861,770026738,"72,139,147",241,1928,118,3,5,7,20,83,8,0.1694915254237288,0.7033898305084746,0.06779661016949153,14,1.8135593220338984,21,0.7288135593220338,4.754237288135593,low
local_swap_p0,local_swap,0,4861,770026738,"72,139,147",242,1936,118,3,5,7,21,82,8,0.17796610169491525,0.6949152542372882,0.06779661016949153,14,1.8220338983050848,21,0.7288135593220338,4.737288135593221,low
local_swap_p0,local_swap,0,4861,770026738,"72,139,147",243,1944,118,3,5,8,21,81,8,0.17796610169491525,0.6864406779661016,0.06779661016949153,14,1.7881355932203389,22,0.7288135593220338,4.703389830508475,low
local_swap_p0,local_swap,0,4861,770026738,"72,139,147",244,1952,119,3,5,8,20,83,8,0.16806722689075632,0.6974789915966386,0.06722689075630252,14,1.773109243697479,26,0.6638655462184874,4.781512605042017,low
local_swap_p0,local_swap,0,4861,770026738,"72,139,147",245,1960,120,3,5,7,20,85,8,0.16666666666666666,0.7083333333333334,0.06666666666666667,14,1.7583333333333333,28,0.6416666666666667,4.816666666666666,low
local_swap_p0,local_swap,0,4861,770026738,"72,139,147",246,1968,122,3,5,7,19,88,8,0.1557377049180328,0.7213114754098361,0.06557377049180328,14,1.7377049180327868,27,0.6475409836065574,4.819672131147541,low
local_swap_p0,local_swap,0,4861,770026738,"72,139,147",247,1976,124,3,5,6,20,90,8,0.16129032258064516,0.7258064516129032,0.06451612903225806,14,1.7096774193548387,28,0.6451612903225806,4.82258064516129,low
local_swap_p0,local_swap,0,4861,770026738,"72,139,147",248,1984,126,3,5,6,20,92,8,0.15873015873015872,0.7301587301587301,0.06349206349206349,14,1.6111111111111112,28,0.6507936507936508,4.801587301587301,low
local_swap_p0,local_swap,0,4861,770026738,"72,139,147",249,1992,127,3,5,6,19,94,8,0.14960629921259844,0.7401574803149606,0.06299212598425197,14,1.5905511811023623,26,0.6456692913385826,4.84251968503937,low
local_swap_p0,local_swap,0,4861,770026738,"72,139,147",250,2000,125,3,5,6,20,91,8,0.16,0.728,0.064,14,1.664,24,0.688,4.84,low
local_swap_p0,local_swap,0,4861,770026738,"72,139,147",251,2008,125,3,5,7,20,90,8,0.16,0.72,0.064,14,1.656,22,0.704,4.816,low
local_swap_p0,local_swap,0,4861,770026738,"72,139,147",252,2016,127,3,6,7,20,91,9,0.15748031496062992,0.7165354330708661,0.07086614173228346,14,1.6062992125984252,22,0.7086614173228346,4.78740157480315,low
local_swap_p0,local_swap,0,4861,770026738,"72,139,147",253,2024,128,3,7,7,20,91,10,0.15625,0.7109375,0.078125,14,1.5859375,19,0.7578125,4.75,low
local_swap_p0,local_swap,0,4861,770026738,"72,139,147",254,2032,126,3,6,7,21,89,9,0.16666666666666666,0.7063492063492064,0.07142857142857142,14,1.5873015873015872,19,0.746031746031746,4.833333333333333,low
local_swap_p0,local_swap,0,4861,770026738,"72,139,147",255,2040,127,3,6,7,21,90,9,0.16535433070866143,0.7086614173228346,0.07086614173228346,14,1.5196850393700787,19,0.7401574803149606,4.881889763779528,low
local_swap_p0,local_swap,0,4861,770026738,"72,139,147",256,2048,129,3,6,8,21,91,9,0.16279069767441862,0.7054263565891473,0.06976744186046512,14,1.4573643410852712,18,0.751937984496124,4.837209302325581,low
local_swap_p0,local_swap,0,4861,770026738,"72,139,147",257,2056,130,3,6,8,23,90,9,0.17692307692307693,0.6923076923076923,0.06923076923076923,14,1.4153846153846155,18,0.7538461538461538,4.8,low
local_swap_p0,local_swap,0,4861,770026738,"72,139,147",258,2064,131,3,6,8,24,90,9,0.183206106870229,0.6870229007633588,0.06870229007633588,14,1.4198473282442747,20,0.7099236641221374,4.854961832061068,low
local_swap_p0,local_swap,0,4861,770026738,"72,139,147",259,2072,133,3,6,9,24,91,9,0.18045112781954886,0.6842105263157895,0.06766917293233082,14,1.4360902255639099,22,0.6917293233082706,4.849624060150376,low
local_swap_p0,local_swap,0,4861,770026738,"72,139,147",260,2080,133,3,6,9,24,91,9,0.18045112781954886,0.6842105263157895,0.06766917293233082,14,1.4586466165413534,22,0.6917293233082706,4.842105263157895,low
local_swap_p0,local_swap,0,4861,770026738,"72,139,147",261,2088,128,3,6,8,24,87,9,0.1875,0.6796875,0.0703125,14,1.5390625,22,0.6953125,4.859375,low
local_swap_p0,local_swap,0,4861,770026738,"72,139,147",262,2096,125,3,6,8,23,85,9,0.184,0.68,0.072,14,1.6,21,0.696,4.888,low
local_swap_p0,local_swap,0,4861,770026738,"72,139,147",263,2104,126,3,6,7,22,88,9,0.1746031746031746,0.6984126984126984,0.07142857142857142,14,1.619047619047619,22,0.7063492063492064,4.896825396825397,low
local_swap_p0,local_swap,0,4861,770026738,"72,139,147",264,2112,130,3,7,6,22,92,10,0.16923076923076924,0.7076923076923077,0.07692307692307693,14,1.5307692307692307,23,0.7076923076923077,4.884615384615385,low
local_swap_p0,local_swap,0,4861,770026738,"72,139,147",265,2120,131,3,6,7,21,94,9,0.16030534351145037,0.7175572519083969,0.06870229007633588,14,1.534351145038168,24,0.7022900763358778,4.893129770992366,low
local_swap_p0,local_swap,0,4861,770026738,"72,139,147",266,2128,132,3,6,8,22,93,9,0.16666666666666666,0.7045454545454546,0.06818181818181818,14,1.4924242424242424,21,0.7272727272727273,4.878787878787879,low
local_swap_p0,local_swap,0,4861,770026738,"72,139,147",267,2136,134,3,6,7,23,95,9,0.17164179104477612,0.7089552238805971,0.06716417910447761,14,1.4850746268656716,23,0.7089552238805971,4.888059701492537,low
local_swap_p0,local_swap,0,4861,770026738,"72,139,147",268,2144,136,3,6,7,23,97,9,0.16911764705882354,0.7132352941176471,0.0661764705882353,14,1.4705882352941178,23,0.7132352941176471,4.904411764705882,low
local_swap_p0,local_swap,0,4861,770026738,"72,139,147",269,2152,138,3,6,7,23,99,9,0.16666666666666666,0.717391304347826,0.06521739130434782,14,1.4130434782608696,21,0.7246376811594203,4.978260869565218,low
local_swap_p0,local_swap,0,4861,770026738,"72,139,147",270,2160,138,3,6,7,23,99,9,0.16666666666666666,0.717391304347826,0.06521739130434782,14,1.4057971014492754,20,0.7318840579710145,4.9855072463768115,low
local_swap_p0,local_swap,0,4861,770026738,"72,139,147",271,2168,139,3,5,6,24,101,8,0.17266187050359713,0.7266187050359713,0.05755395683453238,14,1.3525179856115108,24,0.6690647482014388,5.028776978417266,mid
local_swap_p0,local_swap,0,4861,770026738,"72,139,147",272,2176,141,3,5,6,24,103,8,0.1702127659574468,0.7304964539007093,0.05673758865248227,14,1.3617021276595744,27,0.6170212765957447,5.0638297872340425,mid
local_swap_p0,local_swap,0,4861,770026738,"72,139,147",273,2184,141,3,5,6,24,103,8,0.1702127659574468,0.7304964539007093,0.05673758865248227,14,1.375886524822695,25,0.6453900709219859,5.070921985815603,mid
local_swap_p0,local_swap,0,4861,770026738,"72,139,147",274,2192,141,3,6,6,24,102,9,0.1702127659574468,0.723404255319149,0.06382978723404255,14,1.375886524822695,23,0.6950354609929078,5.035460992907802,mid
local_swap_p0,local_swap,0,4861,770026738,"72,139,147",275,2200,146,3,6,6,24,107,9,0.1643835616438356,0.7328767123287672,0.06164383561643835,14,1.3767123287671232,22,0.7191780821917808,5.082191780821918,mid
local_swap_p0,local_swap,0,4861,770026738,"72,139,147",276,2208,145,3,5,7,24,106,8,0.16551724137931034,0.7310344827586207,0.05517241379310345,14,1.4344827586206896,23,0.6689655172413793,5.089655172413793,mid
local_swap_p0,local_swap,0,4861,770026738,"72,139,147",277,2216,146,3,5,7,24,107,8,0.1643835616438356,0.7328767123287672,0.0547945205479452,14,1.452054794520548,25,0.6712328767123288,5.095890410958904,mid
local_swap_p0,local_swap,0,4861,770026738,"72,139,147",278,2224,147,3,5,7,24,108,8,0.16326530612244897,0.7346938775510204,0.05442176870748299,14,1.435374149659864,24,0.6870748299319728,5.040816326530612,mid
local_swap_p0,local_swap,0,4861,770026738,"72,139,147",279,2232,148,3,5,7,24,109,8,0.16216216216216217,0.7364864864864865,0.05405405405405406,14,1.4189189189189189,26,0.6891891891891891,5.047297297297297,mid
local_swap_p0,local_swap,0,4861,770026738,"72,139,147",280,2240,147,3,5,7,23,109,8,0.1564625850340136,0.7414965986394558,0.05442176870748299,14,1.4489795918367347,28,0.673469387755102,5.061224489795919,mid
local_swap_p0,local_swap,0,4861,770026738,"72,139,147",281,2248,149,3,5,7,23,111,8,0.15436241610738255,0.7449664429530202,0.053691275167785234,14,1.4228187919463087,27,0.6711409395973155,5.053691275167785,mid
local_swap_p0,local_swap,0,4861,770026738,"72,139,147",282,2256,153,3,5,7,23,115,8,0.1503267973856209,0.7516339869281046,0.05228758169934641,14,1.34640522875817,27,0.6928104575163399,4.9869281045751634,low
local_swap_p0,local_swap,0,4861,770026738,"72,139,147",283,2264,152,3,5,7,23,114,8,0.1513157894736842,0.75,0.05263157894736842,14,1.361842105263158,28,0.6776315789473685,4.980263157894737,low
local_swap_p0,local_swap,0,4861,770026738,"72,139,147",284,2272,153,3,5,7,23,115,8,0.1503267973856209,0.7516339869281046,0.05228758169934641,14,1.3529411764705883,28,0.673202614379085,4.980392156862745,low
local_swap_p0,local_swap,0,4861,770026738,"72,139,147",285,2280,155,3,5,8,25,114,8,0.16129032258064516,0.7354838709677419,0.05161290322580645,14,1.3096774193548386,26,0.6903225806451613,4.948387096774193,low
local_swap_p0,local_swap,0,4861,770026738,"72,139,147",286,2288,154,3,5,8,24,114,8,0.15584415584415584,0.7402597402597403,0.05194805194805195,14,1.4025974025974026,29,0.6688311688311688,4.961038961038961,low
local_swap_p0,local_swap,0,4861,770026738,"72,139,147",287,2296,153,3,6,7,24,113,9,0.1568627450980392,0.738562091503268,0.058823529411764705,14,1.4183006535947713,27,0.7254901960784313,4.954248366013072,low
local_swap_p0,local_swap,0,4861,770026738,"72,139,147",288,2304,157,3,6,7,25,116,9,0.1592356687898089,0.7388535031847133,0.05732484076433121,14,1.3694267515923566,25,0.7515923566878981,4.942675159235669,low
local_swap_p0,local_swap,0,4861,770026738,"72,139,147",289,2312,158,3,6,7,25,117,9,0.15822784810126583,0.740506329113924,0.056962025316455694,14,1.3544303797468353,25,0.7531645569620253,4.955696202531645,low
local_swap_p0,local_swap,0,4861,770026738,"72,139,147",290,2320,158,3,6,7,25,117,9,0.15822784810126583,0.740506329113924,0.056962025316455694,14,1.3544303797468353,25,0.7531645569620253,4.955696202531645,low
local_swap_p0,local_swap,0,4861,770026738,"72,139,147",291,2328,160,3,6,7,26,118,9,0.1625,0.7375,0.05625,14,1.35625,23,0.76875,4.95,low
local_swap_p0,local_swap,0,4861,770026738,"72,139,147",292,2336,157,3,6,7,24,117,9,0.15286624203821655,0.7452229299363057,0.05732484076433121,14,1.4777070063694266,28,0.6815286624203821,4.980891719745223,low
local_swap_p0,local_swap,0,4861,770026738,"72,139,147",293,2344,160,3,6,8,25,118,9,0.15625,0.7375,0.05625,14,1.39375,26,0.73125,4.94375,low
local_swap_p0,local_swap,0,4861,770026738,"72,139,147",294,2352,160,3,6,8,25,118,9,0.15625,0.7375,0.05625,14,1.4,26,0.73125,4.9375,low
local_swap_p0,local_swap,0,4861,770026738,"72,139,147",295,2360,161,3,6,8,25,119,9,0.15527950310559005,0.7391304347826086,0.055900621118012424,14,1.4161490683229814,28,0.7267080745341615,4.950310559006211,low
local_swap_p0,local_swap,0,4861,770026738,"72,139,147",296,2368,159,3,6,8,25,117,9,0.15723270440251572,0.7358490566037735,0.05660377358490566,14,1.4654088050314464,29,0.7232704402515723,4.867924528301887,low
local_swap_p0,local_swap,0,4861,770026738,"72,139,147",297,2376,163,3,6,9,26,119,9,0.15950920245398773,0.7300613496932515,0.05521472392638037,14,1.3865030674846626,29,0.7300613496932515,4.828220858895706,low
local_swap_p0,local_swap,0,4861,770026738,"72,139,147",298,2384,161,3,6,9,27,116,9,0.16770186335403728,0.7204968944099379,0.055900621118012424,14,1.4223602484472049,29,0.7267080745341615,4.813664596273292,low
local_swap_p0,local_swap,0,4861,770026738,"72,139,147",299,2392,160,3,6,9,27,115,9,0.16875,0.71875,0.05625,14,1.44375,27,0.7375,4.8125,low
local_swap_p0,local_swap,0,4861,770026738,"72,139,147",300,2400,162,3,6,9,30,114,9,0.18518518518518517,0.7037037037037037,0.05555555555555555,14,1.3888888888888888,22,0.7901234567901234,4.765432098765432,low
local_swap_p0,local_swap,0,4861,770026738,"72,139,147",301,2408,161,3,5,10,31,112,8,0.19254658385093168,0.6956521739130435,0.049689440993788817,14,1.4161490683229814,25,0.7329192546583851,4.751552795031056,low
local_swap_p0,local_swap,0,4861,770026738,"72,139,147",302,2416,161,3,6,9,29,114,9,0.18012422360248448,0.7080745341614907,0.055900621118012424,14,1.4223602484472049,30,0.7142857142857143,4.77639751552795,low
local_swap_p0,local_swap,0,4861,770026738,"72,139,147",303,2424,160,3,6,9,28,114,9,0.175,0.7125,0.05625,14,1.425,29,0.71875,4.7375,low
local_swap_p0,local_swap,0,4861,770026738,"72,139,147",304,2432,158,3,5,9,27,114,8,0.17088607594936708,0.7215189873417721,0.05063291139240506,14,1.481012658227848,31,0.6962025316455697,4.772151898734177,low
local_swap_p0,local_swap,0,4861,770026738,"72,139,147",305,2440,156,3,5,9,27,112,8,0.17307692307692307,0.717948717948718,0.05128205128205128,14,1.4871794871794872,31,0.6987179487179487,4.756410256410256,low
local_swap_p0,local_swap,0,4861,770026738,"72,139,147",306,2448,156,3,6,9,25,113,9,0.16025641025641027,0.7243589743589743,0.057692307692307696,14,1.5,30,0.75,4.743589743589744,low
local_swap_p0,local_swap,0,4861,770026738,"72,139,147",307,2456,157,3,6,9,27,112,9,0.17197452229299362,0.7133757961783439,0.05732484076433121,14,1.464968152866242,27,0.7579617834394905,4.732484076433121,low
local_swap_p0,local_swap,0,4861,770026738,"72,139,147",308,2464,156,3,7,9,28,109,10,0.1794871794871795,0.6987179487179487,0.0641025641025641,14,1.4615384615384615,26,0.7628205128205128,4.705128205128205,low
local_swap_p0,local_swap,0,4861,770026738,"72,139,147",309,2472,156,3,6,9,29,109,9,0.1858974358974359,0.6987179487179487,0.057692307692307696,14,1.435897435897436,24,0.782051282051282,4.717948717948718,low
local_swap_p0,local_swap,0,4861,770026738,"72,139,147",310,2480,156,3,5,9,28,111,8,0.1794871794871795,0.7115384615384616,0.05128205128205128,14,1.4487179487179487,26,0.75,4.865384615384615,low
local_swap_p0,local_swap,0,4861,770026738,"72,139,147",311,2488,158,3,5,9,28,113,8,0.17721518987341772,0.7151898734177216,0.05063291139240506,14,1.4050632911392404,26,0.7531645569620253,4.860759493670886,low
local_swap_p0,local_swap,0,4861,770026738,"72,139,147",312,2496,157,3,5,9,28,112,8,0.17834394904458598,0.7133757961783439,0.050955414012738856,14,1.4012738853503184,27,0.7452229299363057,4.859872611464968,low
local_swap_p0,local_swap,0,4861,770026738,"72,139,147",313,2504,156,3,5,9,28,111,8,0.1794871794871795,0.7115384615384616,0.05128205128205128,14,1.4166666666666667,27,0.7435897435897436,4.858974358974359,low
local_swap_p0,local_swap,0,4861,770026738,"72,139,147",314,2512,157,3,5,9,30,110,8,0.1910828025477707,0.7006369426751592,0.050955414012738856,14,1.4267515923566878,26,0.7388535031847133,4.834394904458598,low
local_swap_p0,local_swap,0,4861,770026738,"72,139,147",315,2520,157,3,5,9,30,110,8,0.1910828025477707,0.7006369426751592,0.050955414012738856,14,1.3885350318471337,22,0.7770700636942676,4.828025477707007,low
local_swap_p0,local_swap,0,4861,770026738,"72,139,147",316,2528,157,3,5,9,30,110,8,0.1910828025477707,0.7006369426751592,0.050955414012738856,14,1.375796178343949,20,0.7898089171974523,4.821656050955414,low
local_swap_p0,local_swap,0,4861,770026738,"72,139,147",317,2536,159,3,5,9,30,112,8,0.18867924528301888,0.7044025157232704,0.050314465408805034,14,1.3459119496855345,20,0.7861635220125787,4.8742138364779874,low
local_swap_p0,local_swap,0,4861,770026738,"72,139,147",318,2544,158,3,5,9,31,110,8,0.1962025316455696,0.6962025316455697,0.05063291139240506,14,1.3354430379746836,19,0.7848101265822784,4.810126582278481,low
local_swap_p0,local_swap,0,4861,770026738,"72,139,147",319,2552,156,3,4,9,32,108,7,0.20512820512820512,0.6923076923076923,0.04487179487179487,14,1.3461538461538463,18,0.7884615384615384,4.826923076923077,low
local_swap_p0,local_swap,0,4861,770026738,"72,139,147",320,2560,156,3,4,9,32,108,7,0.20512820512820512,0.6923076923076923,0.04487179487179487,14,1.3397435897435896,18,0.7756410256410257,4.955128205128205,low
local_swap_p2,local_swap,2,4703,770028580,"3,80,162",0,0,3,3,0,0,0,0,3,0.0,0.0,1.0,0,3.6666666666666665,1,1.0,0.0,low
local_swap_p2,local_swap,2,4703,770028580,"3,80,162",1,8,3,3,0,0,0,0,3,0.0,0.0,1.0,0,3.6666666666666665,1,1.0,0.0,low
local_swap_p2,local_swap,2,4703,770028580,"3,80,162",2,16,3,3,0,0,0,0,3,0.0,0.0,1.0,0,3.6666666666666665,1,1.0,0.0,low
local_swap_p2,local_swap,2,4703,770028580,"3,80,162",3,24,3,3,0,0,0,0,3,0.0,0.0,1.0,0,3.6666666666666665,1,1.0,0.0,low
local_swap_p2,local_swap,2,4703,770028580,"3,80,162",4,32,3,3,0,0,0,0,3,0.0,0.0,1.0,0,3.6666666666666665,1,1.0,0.0,low
local_swap_p2,local_swap,2,4703,770028580,"3,80,162",5,40,3,3,0,0,0,0,3,0.0,0.0,1.0,0,3.6666666666666665,1,1.0,0.0,low
local_swap_p2,local_swap,2,4703,770028580,"3,80,162",6,48,3,3,0,0,0,0,3,0.0,0.0,1.0,0,3.6666666666666665,1,1.0,0.0,low
local_swap_p2,local_swap,2,4703,770028580,"3,80,162",7,56,3,3,0,0,0,0,3,0.0,0.0,1.0,0,3.6666666666666665,1,1.0,0.0,low
local_swap_p2,local_swap,2,4703,770028580,"3,80,162",8,64,3,3,0,0,0,0,3,0.0,0.0,1.0,0,3.6666666666666665,1,1.0,0.0,low
local_swap_p2,local_swap,2,4703,770028580,"3,80,162",9,72,3,3,0,0,0,0,3,0.0,0.0,1.0,0,3.6666666666666665,1,1.0,0.0,low
local_swap_p2,local_swap,2,4703,770028580,"3,80,162",10,80,3,3,0,0,0,0,3,0.0,0.0,1.0,0,3.6666666666666665,1,1.0,0.0,low
local_swap_p2,local_swap,2,4703,770028580,"3,80,162",11,88,3,3,0,0,0,0,3,0.0,0.0,1.0,0,3.6666666666666665,1,1.0,0.0,low
local_swap_p2,local_swap,2,4703,770028580,"3,80,162",12,96,3,3,0,0,0,0,3,0.0,0.0,1.0,0,3.6666666666666665,1,1.0,0.0,low
local_swap_p2,local_swap,2,4703,770028580,"3,80,162",13,104,3,3,0,0,0,0,3,0.0,0.0,1.0,0,3.6666666666666665,1,1.0,0.0,low
local_swap_p2,local_swap,2,4703,770028580,"3,80,162",14,112,3,3,0,0,0,0,3,0.0,0.0,1.0,0,3.6666666666666665,1,1.0,0.0,low
local_swap_p2,local_swap,2,4703,770028580,"3,80,162",15,120,3,3,0,0,0,0,3,0.0,0.0,1.0,0,3.6666666666666665,1,1.0,0.0,low
local_swap_p2,local_swap,2,4703,770028580,"3,80,162",16,128,3,3,0,0,0,0,3,0.0,0.0,1.0,0,3.6666666666666665,1,1.0,0.0,low
local_swap_p2,local_swap,2,4703,770028580,"3,80,162",17,136,3,3,0,0,0,0,3,0.0,0.0,1.0,0,3.6666666666666665,1,1.0,0.0,low
local_swap_p2,local_swap,2,4703,770028580,"3,80,162",18,144,3,3,0,0,0,0,3,0.0,0.0,1.0,0,3.6666666666666665,1,1.0,0.0,low
local_swap_p2,local_swap,2,4703,770028580,"3,80,162",19,152,3,3,0,0,0,0,3,0.0,0.0,1.0,0,3.6666666666666665,1,1.0,0.0,low
local_swap_p2,local_swap,2,4703,770028580,"3,80,162",20,160,3,3,0,0,0,0,3,0.0,0.0,1.0,0,3.6666666666666665,1,1.0,0.0,low
local_swap_p2,local_swap,2,4703,770028580,"3,80,162",21,168,3,3,0,0,0,0,3,0.0,0.0,1.0,0,3.6666666666666665,1,1.0,0.0,low
local_swap_p2,local_swap,2,4703,770028580,"3,80,162",22,176,3,3,0,0,0,0,3,0.0,0.0,1.0,0,3.6666666666666665,1,1.0,0.0,low
local_swap_p2,local_swap,2,4703,770028580,"3,80,162",23,184,3,3,0,0,0,0,3,0.0,0.0,1.0,0,3.6666666666666665,1,1.0,0.0,low
local_swap_p2,local_swap,2,4703,770028580,"3,80,162",24,192,3,3,0,0,0,0,3,0.0,0.0,1.0,0,3.6666666666666665,1,1.0,0.0,low
local_swap_p2,local_swap,2,4703,770028580,"3,80,162",25,200,3,3,0,0,0,0,3,0.0,0.0,1.0,0,3.6666666666666665,1,1.0,0.0,low
local_swap_p2,local_swap,2,4703,770028580,"3,80,162",26,208,3,3,0,0,0,0,3,0.0,0.0,1.0,0,3.6666666666666665,1,1.0,0.0,low
local_swap_p2,local_swap,2,4703,770028580,"3,80,162",27,216,3,3,0,0,0,0,3,0.0,0.0,1.0,0,3.6666666666666665,1,1.0,0.0,low
local_swap_p2,local_swap,2,4703,770028580,"3,80,162",28,224,3,3,0,0,0,0,3,0.0,0.0,1.0,0,3.6666666666666665,1,1.0,0.0,low
local_swap_p2,local_swap,2,4703,770028580,"3,80,162",29,232,3,3,0,0,0,0,3,0.0,0.0,1.0,0,3.6666666666666665,1,1.0,0.0,low
local_swap_p2,local_swap,2,4703,770028580,"3,80,162",30,240,3,3,0,0,0,0,3,0.0,0.0,1.0,0,3.6666666666666665,1,1.0,0.0,low
local_swap_p2,local_swap,2,4703,770028580,"3,80,162",31,248,3,3,0,0,0,0,3,0.0,0.0,1.0,0,3.6666666666666665,1,1.0,0.0,low
local_swap_p2,local_swap,2,4703,770028580,"3,80,162",32,256,3,3,0,0,0,0,3,0.0,0.0,1.0,0,3.6666666666666665,1,1.0,0.0,low
local_swap_p2,local_swap,2,4703,770028580,"3,80,162",33,264,3,3,0,0,0,0,3,0.0,0.0,1.0,0,3.6666666666666665,1,1.0,0.0,low
local_swap_p2,local_swap,2,4703,770028580,"3,80,162",34,272,3,3,0,0,0,0,3,0.0,0.0,1.0,0,3.6666666666666665,1,1.0,0.0,low
local_swap_p2,local_swap,2,4703,770028580,"3,80,162",35,280,3,3,0,0,0,0,3,0.0,0.0,1.0,0,3.6666666666666665,1,1.0,0.0,low
local_swap_p2,local_swap,2,4703,770028580,"3,80,162",36,288,3,3,0,0,0,0,3,0.0,0.0,1.0,0,3.6666666666666665,1,1.0,0.0,low
local_swap_p2,local_swap,2,4703,770028580,"3,80,162",37,296,3,3,0,0,0,0,3,0.0,0.0,1.0,0,3.6666666666666665,1,1.0,0.0,low
local_swap_p2,local_swap,2,4703,770028580,"3,80,162",38,304,3,3,0,0,0,0,3,0.0,0.0,1.0,0,3.6666666666666665,1,1.0,0.0,low
local_swap_p2,local_swap,2,4703,770028580,"3,80,162",39,312,3,3,0,0,0,0,3,0.0,0.0,1.0,0,3.6666666666666665,1,1.0,0.0,low
local_swap_p2,local_swap,2,4703,770028580,"3,80,162",40,320,3,3,0,0,0,0,3,0.0,0.0,1.0,0,3.6666666666666665,1,1.0,0.0,low
local_swap_p2,local_swap,2,4703,770028580,"3,80,162",41,328,3,3,0,0,0,0,3,0.0,0.0,1.0,0,3.6666666666666665,1,1.0,0.0,low
local_swap_p2,local_swap,2,4703,770028580,"3,80,162",42,336,3,3,0,0,0,0,3,0.0,0.0,1.0,0,3.6666666666666665,1,1.0,0.0,low
local_swap_p2,local_swap,2,4703,770028580,"3,80,162",43,344,3,3,0,0,0,0,3,0.0,0.0,1.0,0,3.6666666666666665,1,1.0,0.0,low
local_swap_p2,local_swap,2,4703,770028580,"3,80,162",44,352,3,3,0,0,0,0,3,0.0,0.0,1.0,0,3.6666666666666665,1,1.0,0.0,low
local_swap_p2,local_swap,2,4703,770028580,"3,80,162",45,360,3,3,0,0,0,0,3,0.0,0.0,1.0,0,3.6666666666666665,1,1.0,0.0,low
local_swap_p2,local_swap,2,4703,770028580,"3,80,162",46,368,3,3,0,0,0,0,3,0.0,0.0,1.0,0,3.6666666666666665,1,1.0,0.0,low
local_swap_p2,local_swap,2,4703,770028580,"3,80,162",47,376,3,3,0,0,0,0,3,0.0,0.0,1.0,0,3.6666666666666665,1,1.0,0.0,low
local_swap_p2,local_swap,2,4703,770028580,"3,80,162",48,384,3,3,0,0,0,0,3,0.0,0.0,1.0,0,3.6666666666666665,1,1.0,0.0,low
local_swap_p2,local_swap,2,4703,770028580,"3,80,162",49,392,3,3,0,0,0,0,3,0.0,0.0,1.0,0,3.6666666666666665,1,1.0,0.0,low
local_swap_p2,local_swap,2,4703,770028580,"3,80,162",50,400,3,3,0,0,0,0,3,0.0,0.0,1.0,0,3.6666666666666665,1,1.0,0.0,low
local_swap_p2,local_swap,2,4703,770028580,"3,80,162",51,408,3,3,0,0,0,0,3,0.0,0.0,1.0,0,3.6666666666666665,1,1.0,0.0,low
local_swap_p2,local_swap,2,4703,770028580,"3,80,162",52,416,3,3,0,0,0,0,3,0.0,0.0,1.0,0,3.6666666666666665,1,1.0,0.0,low
local_swap_p2,local_swap,2,4703,770028580,"3,80,162",53,424,3,3,0,0,0,0,3,0.0,0.0,1.0,0,3.6666666666666665,1,1.0,0.0,low
local_swap_p2,local_swap,2,4703,770028580,"3,80,162",54,432,3,3,0,0,0,0,3,0.0,0.0,1.0,0,3.6666666666666665,1,1.0,0.0,low
local_swap_p2,local_swap,2,4703,770028580,"3,80,162",55,440,3,3,0,0,0,0,3,0.0,0.0,1.0,0,3.6666666666666665,1,1.0,0.0,low
local_swap_p2,local_swap,2,4703,770028580,"3,80,162",56,448,3,3,0,0,0,0,3,0.0,0.0,1.0,0,3.6666666666666665,1,1.0,0.0,low
local_swap_p2,local_swap,2,4703,770028580,"3,80,162",57,456,3,3,0,0,0,0,3,0.0,0.0,1.0,0,3.6666666666666665,1,1.0,0.0,low
local_swap_p2,local_swap,2,4703,770028580,"3,80,162",58,464,3,3,0,0,0,0,3,0.0,0.0,1.0,0,3.6666666666666665,1,1.0,0.0,low
local_swap_p2,local_swap,2,4703,770028580,"3,80,162",59,472,3,3,0,0,0,0,3,0.0,0.0,1.0,0,3.6666666666666665,1,1.0,0.0,low
local_swap_p2,local_swap,2,4703,770028580,"3,80,162",60,480,3,3,0,0,0,0,3,0.0,0.0,1.0,0,3.6666666666666665,1,1.0,0.0,low
local_swap_p2,local_swap,2,4703,770028580,"3,80,162",61,488,3,3,0,0,0,0,3,0.0,0.0,1.0,0,3.6666666666666665,1,1.0,0.0,low
local_swap_p2,local_swap,2,4703,770028580,"3,80,162",62,496,3,3,0,0,0,0,3,0.0,0.0,1.0,0,3.6666666666666665,1,1.0,0.0,low
local_swap_p2,local_swap,2,4703,770028580,"3,80,162",63,504,3,3,0,0,0,0,3,0.0,0.0,1.0,0,3.6666666666666665,1,1.0,0.0,low
local_swap_p2,local_swap,2,4703,770028580,"3,80,162",64,512,3,3,0,0,0,0,3,0.0,0.0,1.0,0,3.6666666666666665,1,1.0,0.0,low
local_swap_p2,local_swap,2,4703,770028580,"3,80,162",65,520,3,3,0,0,0,0,3,0.0,0.0,1.0,0,3.6666666666666665,1,1.0,0.0,low
local_swap_p2,local_swap,2,4703,770028580,"3,80,162",66,528,3,3,0,0,0,0,3,0.0,0.0,1.0,0,3.6666666666666665,1,1.0,0.0,low
local_swap_p2,local_swap,2,4703,770028580,"3,80,162",67,536,3,3,0,0,0,0,3,0.0,0.0,1.0,0,3.6666666666666665,1,1.0,0.0,low
local_swap_p2,local_swap,2,4703,770028580,"3,80,162",68,544,3,3,0,0,0,0,3,0.0,0.0,1.0,0,3.6666666666666665,1,1.0,0.0,low
local_swap_p2,local_swap,2,4703,770028580,"3,80,162",69,552,3,3,0,0,0,0,3,0.0,0.0,1.0,0,3.6666666666666665,1,1.0,0.0,low
local_swap_p2,local_swap,2,4703,770028580,"3,80,162",70,560,3,3,0,0,0,0,3,0.0,0.0,1.0,0,3.6666666666666665,1,1.0,0.0,low
local_swap_p2,local_swap,2,4703,770028580,"3,80,162",71,568,3,3,0,0,0,0,3,0.0,0.0,1.0,0,3.6666666666666665,1,1.0,0.0,low
local_swap_p2,local_swap,2,4703,770028580,"3,80,162",72,576,3,3,0,0,0,0,3,0.0,0.0,1.0,0,3.6666666666666665,1,1.0,0.0,low
local_swap_p2,local_swap,2,4703,770028580,"3,80,162",73,584,3,3,0,0,0,0,3,0.0,0.0,1.0,0,3.6666666666666665,1,1.0,0.0,low
local_swap_p2,local_swap,2,4703,770028580,"3,80,162",74,592,3,3,0,0,0,0,3,0.0,0.0,1.0,0,3.6666666666666665,1,1.0,0.0,low
local_swap_p2,local_swap,2,4703,770028580,"3,80,162",75,600,3,3,0,0,0,0,3,0.0,0.0,1.0,0,3.6666666666666665,1,1.0,0.0,low
local_swap_p2,local_swap,2,4703,770028580,"3,80,162",76,608,3,3,0,0,0,0,3,0.0,0.0,1.0,0,3.6666666666666665,1,1.0,0.0,low
local_swap_p2,local_swap,2,4703,770028580,"3,80,162",77,616,3,3,0,0,0,0,3,0.0,0.0,1.0,0,3.6666666666666665,1,1.0,0.0,low
local_swap_p2,local_swap,2,4703,770028580,"3,80,162",78,624,3,3,0,0,0,0,3,0.0,0.0,1.0,0,3.6666666666666665,1,1.0,0.0,low
local_swap_p2,local_swap,2,4703,770028580,"3,80,162",79,632,3,3,0,0,0,0,3,0.0,0.0,1.0,0,3.6666666666666665,1,1.0,0.0,low
local_swap_p2,local_swap,2,4703,770028580,"3,80,162",80,640,3,3,0,0,0,0,3,0.0,0.0,1.0,0,3.6666666666666665,1,1.0,0.0,low
local_swap_p2,local_swap,2,4703,770028580,"3,80,162",81,648,3,3,0,0,0,0,3,0.0,0.0,1.0,0,3.6666666666666665,1,1.0,0.0,low
local_swap_p2,local_swap,2,4703,770028580,"3,80,162",82,656,3,3,0,0,0,0,3,0.0,0.0,1.0,0,3.6666666666666665,1,1.0,0.0,low
local_swap_p2,local_swap,2,4703,770028580,"3,80,162",83,664,3,3,0,0,0,0,3,0.0,0.0,1.0,0,3.6666666666666665,1,1.0,0.0,low
local_swap_p2,local_swap,2,4703,770028580,"3,80,162",84,672,3,3,0,0,0,0,3,0.0,0.0,1.0,0,3.6666666666666665,1,1.0,0.0,low
local_swap_p2,local_swap,2,4703,770028580,"3,80,162",85,680,3,3,0,0,0,0,3,0.0,0.0,1.0,0,3.6666666666666665,1,1.0,0.0,low
local_swap_p2,local_swap,2,4703,770028580,"3,80,162",86,688,5,3,2,0,0,0,5,0.0,0.0,1.0,1,2.4,1,1.0,0.4,low
local_swap_p2,local_swap,2,4703,770028580,"3,80,162",87,696,5,3,1,1,0,0,4,0.0,0.0,0.8,2,3.0,2,0.8,0.6,low
local_swap_p2,local_swap,2,4703,770028580,"3,80,162",88,704,5,3,1,1,0,0,4,0.0,0.0,0.8,2,3.0,2,0.8,0.6,low
local_swap_p2,local_swap,2,4703,770028580,"3,80,162",89,712,5,3,1,1,0,0,4,0.0,0.0,0.8,2,3.0,2,0.8,0.6,low
local_swap_p2,local_swap,2,4703,770028580,"3,80,162",90,720,5,3,1,1,0,0,4,0.0,0.0,0.8,2,3.0,2,0.8,0.6,low
local_swap_p2,local_swap,2,4703,770028580,"3,80,162",91,728,6,3,2,1,0,0,5,0.0,0.0,0.8333333333333334,2,1.8333333333333333,1,1.0,0.6666666666666666,low
local_swap_p2,local_swap,2,4703,770028580,"3,80,162",92,736,6,3,2,1,0,0,5,0.0,0.0,0.8333333333333334,2,1.8333333333333333,1,1.0,0.6666666666666666,low
local_swap_p2,local_swap,2,4703,770028580,"3,80,162",93,744,6,3,2,1,0,0,5,0.0,0.0,0.8333333333333334,2,1.8333333333333333,1,1.0,0.6666666666666666,low
local_swap_p2,local_swap,2,4703,770028580,"3,80,162",94,752,6,3,2,1,0,0,5,0.0,0.0,0.8333333333333334,2,1.8333333333333333,1,1.0,0.6666666666666666,low
local_swap_p2,local_swap,2,4703,770028580,"3,80,162",95,760,6,3,2,1,0,0,5,0.0,0.0,0.8333333333333334,2,1.8333333333333333,1,1.0,0.6666666666666666,low
local_swap_p2,local_swap,2,4703,770028580,"3,80,162",96,768,6,3,2,1,0,0,5,0.0,0.0,0.8333333333333334,2,1.8333333333333333,1,1.0,0.6666666666666666,low
local_swap_p2,local_swap,2,4703,770028580,"3,80,162",97,776,4,3,1,0,0,0,4,0.0,0.0,1.0,1,3.0,1,1.0,0.25,low
local_swap_p2,local_swap,2,4703,770028580,"3,80,162",98,784,5,3,2,0,0,0,5,0.0,0.0,1.0,1,3.0,1,1.0,0.4,low
local_swap_p2,local_swap,2,4703,770028580,"3,80,162",99,792,7,3,4,0,0,0,7,0.0,0.0,1.0,1,2.0,1,1.0,0.5714285714285714,low
local_swap_p2,local_swap,2,4703,770028580,"3,80,162",100,800,7,3,4,0,0,0,7,0.0,0.0,1.0,1,2.0,1,1.0,0.5714285714285714,low
local_swap_p2,local_swap,2,4703,770028580,"3,80,162",101,808,7,3,4,0,0,0,7,0.0,0.0,1.0,1,2.0,1,1.0,0.5714285714285714,low
local_swap_p2,local_swap,2,4703,770028580,"3,80,162",102,816,6,3,2,1,0,0,5,0.0,0.0,0.8333333333333334,2,2.1666666666666665,2,0.8333333333333334,0.6666666666666666,low
local_swap_p2,local_swap,2,4703,770028580,"3,80,162",103,824,6,3,2,1,0,0,5,0.0,0.0,0.8333333333333334,2,2.1666666666666665,2,0.8333333333333334,0.6666666666666666,low
local_swap_p2,local_swap,2,4703,770028580,"3,80,162",104,832,6,3,2,1,0,0,5,0.0,0.0,0.8333333333333334,2,2.1666666666666665,2,0.8333333333333334,0.6666666666666666,low
local_swap_p2,local_swap,2,4703,770028580,"3,80,162",105,840,7,3,2,1,0,1,5,0.0,0.14285714285714285,0.7142857142857143,9,2.5714285714285716,3,0.7142857142857143,1.8571428571428572,low
local_swap_p2,local_swap,2,4703,770028580,"3,80,162",106,848,7,3,3,0,0,1,6,0.0,0.14285714285714285,0.8571428571428571,9,2.857142857142857,2,0.8571428571428571,1.7142857142857142,low
local_swap_p2,local_swap,2,4703,770028580,"3,80,162",107,856,7,3,3,0,0,1,6,0.0,0.14285714285714285,0.8571428571428571,9,2.5714285714285716,2,0.8571428571428571,1.7142857142857142,low
local_swap_p2,local_swap,2,4703,770028580,"3,80,162",108,864,7,3,3,0,0,1,6,0.0,0.14285714285714285,0.8571428571428571,9,2.5714285714285716,2,0.8571428571428571,1.7142857142857142,low
local_swap_p2,local_swap,2,4703,770028580,"3,80,162",109,872,7,3,3,0,0,1,6,0.0,0.14285714285714285,0.8571428571428571,9,2.5714285714285716,2,0.8571428571428571,1.7142857142857142,low
local_swap_p2,local_swap,2,4703,770028580,"3,80,162",110,880,8,3,3,1,0,1,6,0.0,0.125,0.75,9,1.75,3,0.75,1.75,low
local_swap_p2,local_swap,2,4703,770028580,"3,80,162",111,888,8,3,3,1,0,1,6,0.0,0.125,0.75,9,1.75,3,0.75,1.75,low
local_swap_p2,local_swap,2,4703,770028580,"3,80,162",112,896,8,3,3,1,0,1,6,0.0,0.125,0.75,9,1.75,3,0.75,1.75,low
local_swap_p2,local_swap,2,4703,770028580,"3,80,162",113,904,8,3,3,1,0,1,6,0.0,0.125,0.75,9,1.75,3,0.75,1.75,low
local_swap_p2,local_swap,2,4703,770028580,"3,80,162",114,912,7,3,2,1,0,1,5,0.0,0.14285714285714285,0.7142857142857143,9,2.4285714285714284,3,0.7142857142857143,1.8571428571428572,low
local_swap_p2,local_swap,2,4703,770028580,"3,80,162",115,920,7,3,2,1,0,1,5,0.0,0.14285714285714285,0.7142857142857143,9,2.142857142857143,3,0.7142857142857143,1.8571428571428572,low
local_swap_p2,local_swap,2,4703,770028580,"3,80,162",116,928,7,3,2,1,0,1,5,0.0,0.14285714285714285,0.7142857142857143,9,2.142857142857143,3,0.7142857142857143,1.8571428571428572,low
local_swap_p2,local_swap,2,4703,770028580,"3,80,162",117,936,7,3,2,1,0,1,5,0.0,0.14285714285714285,0.7142857142857143,9,2.142857142857143,3,0.7142857142857143,1.8571428571428572,low
local_swap_p2,local_swap,2,4703,770028580,"3,80,162",118,944,7,3,2,1,0,1,5,0.0,0.14285714285714285,0.7142857142857143,9,2.142857142857143,3,0.7142857142857143,1.8571428571428572,low
local_swap_p2,local_swap,2,4703,770028580,"3,80,162",119,952,7,3,2,1,0,1,5,0.0,0.14285714285714285,0.7142857142857143,9,2.142857142857143,3,0.7142857142857143,1.8571428571428572,low
local_swap_p2,local_swap,2,4703,770028580,"3,80,162",120,960,8,3,3,1,0,1,6,0.0,0.125,0.75,10,1.625,3,0.75,1.875,low
local_swap_p2,local_swap,2,4703,770028580,"3,80,162",121,968,8,3,3,1,0,1,6,0.0,0.125,0.75,10,1.625,3,0.75,1.875,low
local_swap_p2,local_swap,2,4703,770028580,"3,80,162",122,976,8,3,3,1,0,1,6,0.0,0.125,0.75,10,1.625,3,0.75,1.875,low
local_swap_p2,local_swap,2,4703,770028580,"3,80,162",123,984,8,3,3,1,0,1,6,0.0,0.125,0.75,10,1.625,3,0.75,1.875,low
local_swap_p2,local_swap,2,4703,770028580,"3,80,162",124,992,7,3,3,0,0,1,6,0.0,0.14285714285714285,0.8571428571428571,10,2.142857142857143,2,0.8571428571428571,1.8571428571428572,low
local_swap_p2,local_swap,2,4703,770028580,"3,80,162",125,1000,9,3,4,1,0,1,7,0.0,0.1111111111111111,0.7777777777777778,10,2.3333333333333335,2,0.8888888888888888,1.7777777777777777,low
local_swap_p2,local_swap,2,4703,770028580,"3,80,162",126,1008,9,3,4,1,0,1,7,0.0,0.1111111111111111,0.7777777777777778,10,2.3333333333333335,2,0.8888888888888888,1.7777777777777777,low
local_swap_p2,local_swap,2,4703,770028580,"3,80,162",127,1016,9,3,4,1,0,1,7,0.0,0.1111111111111111,0.7777777777777778,10,2.3333333333333335,2,0.8888888888888888,1.7777777777777777,low
local_swap_p2,local_swap,2,4703,770028580,"3,80,162",128,1024,9,3,4,1,0,1,7,0.0,0.1111111111111111,0.7777777777777778,10,2.3333333333333335,2,0.8888888888888888,1.7777777777777777,low
local_swap_p2,local_swap,2,4703,770028580,"3,80,162",129,1032,8,3,3,1,0,1,6,0.0,0.125,0.75,10,2.25,2,0.875,1.875,low
local_swap_p2,local_swap,2,4703,770028580,"3,80,162",130,1040,8,3,3,1,0,1,6,0.0,0.125,0.75,10,2.25,2,0.875,1.875,low
local_swap_p2,local_swap,2,4703,770028580,"3,80,162",131,1048,8,3,3,1,0,1,6,0.0,0.125,0.75,10,2.25,2,0.875,1.875,low
local_swap_p2,local_swap,2,4703,770028580,"3,80,162",132,1056,8,3,3,1,0,1,6,0.0,0.125,0.75,10,2.25,2,0.875,1.875,low
local_swap_p2,local_swap,2,4703,770028580,"3,80,162",133,1064,8,3,3,1,0,1,6,0.0,0.125,0.75,10,2.25,2,0.875,1.875,low
local_swap_p2,local_swap,2,4703,770028580,"3,80,162",134,1072,7,3,2,1,0,1,5,0.0,0.14285714285714285,0.7142857142857143,10,2.5714285714285716,2,0.8571428571428571,2.0,low
local_swap_p2,local_swap,2,4703,770028580,"3,80,162",135,1080,7,3,2,0,1,1,5,0.14285714285714285,0.14285714285714285,0.7142857142857143,10,1.8571428571428572,3,0.7142857142857143,2.142857142857143,low
local_swap_p2,local_swap,2,4703,770028580,"3,80,162",136,1088,7,3,2,0,1,1,5,0.14285714285714285,0.14285714285714285,0.7142857142857143,10,1.8571428571428572,3,0.7142857142857143,2.142857142857143,low
local_swap_p2,local_swap,2,4703,770028580,"3,80,162",137,1096,8,3,3,1,0,1,6,0.0,0.125,0.75,10,2.25,2,0.875,1.875,low
local_swap_p2,local_swap,2,4703,770028580,"3,80,162",138,1104,7,3,2,0,1,1,5,0.14285714285714285,0.14285714285714285,0.7142857142857143,10,2.4285714285714284,3,0.7142857142857143,2.142857142857143,low
local_swap_p2,local_swap,2,4703,770028580,"3,80,162",139,1112,7,3,2,0,1,1,5,0.14285714285714285,0.14285714285714285,0.7142857142857143,10,2.4285714285714284,3,0.7142857142857143,2.142857142857143,low
local_swap_p2,local_swap,2,4703,770028580,"3,80,162",140,1120,7,3,2,0,1,1,5,0.14285714285714285,0.14285714285714285,0.7142857142857143,10,2.4285714285714284,3,0.7142857142857143,2.142857142857143,low
local_swap_p2,local_swap,2,4703,770028580,"3,80,162",141,1128,7,3,2,0,1,1,5,0.14285714285714285,0.14285714285714285,0.7142857142857143,10,2.4285714285714284,3,0.7142857142857143,2.142857142857143,low
local_swap_p2,local_swap,2,4703,770028580,"3,80,162",142,1136,8,3,3,0,1,1,6,0.125,0.125,0.75,10,2.0,3,0.75,2.0,low
local_swap_p2,local_swap,2,4703,770028580,"3,80,162",143,1144,10,3,5,0,1,1,8,0.1,0.1,0.8,10,1.5,3,0.8,1.8,low
local_swap_p2,local_swap,2,4703,770028580,"3,80,162",144,1152,10,3,5,0,1,1,8,0.1,0.1,0.8,10,1.5,3,0.8,1.8,low
local_swap_p2,local_swap,2,4703,770028580,"3,80,162",145,1160,10,3,5,0,1,1,8,0.1,0.1,0.8,10,1.5,3,0.8,1.8,low
local_swap_p2,local_swap,2,4703,770028580,"3,80,162",146,1168,10,3,4,1,1,1,7,0.1,0.1,0.7,10,1.7,4,0.7,1.9,low
local_swap_p2,local_swap,2,4703,770028580,"3,80,162",147,1176,10,3,4,1,1,1,7,0.1,0.1,0.7,10,1.7,4,0.7,1.9,low
local_swap_p2,local_swap,2,4703,770028580,"3,80,162",148,1184,10,3,4,1,1,1,7,0.1,0.1,0.7,10,1.7,4,0.7,1.9,low
local_swap_p2,local_swap,2,4703,770028580,"3,80,162",149,1192,10,3,4,1,1,1,7,0.1,0.1,0.7,10,1.5,4,0.7,1.9,low
local_swap_p2,local_swap,2,4703,770028580,"3,80,162",150,1200,10,3,4,1,1,1,7,0.1,0.1,0.7,10,1.5,4,0.7,1.9,low
local_swap_p2,local_swap,2,4703,770028580,"3,80,162",151,1208,10,3,4,1,1,1,7,0.1,0.1,0.7,10,1.5,4,0.7,1.9,low
local_swap_p2,local_swap,2,4703,770028580,"3,80,162",152,1216,10,3,4,1,1,1,7,0.1,0.1,0.7,10,1.5,4,0.7,1.9,low
local_swap_p2,local_swap,2,4703,770028580,"3,80,162",153,1224,10,3,4,1,1,1,7,0.1,0.1,0.7,10,1.5,4,0.7,1.9,low
local_swap_p2,local_swap,2,4703,770028580,"3,80,162",154,1232,10,3,4,1,1,1,7,0.1,0.1,0.7,10,1.5,4,0.7,1.9,low
local_swap_p2,local_swap,2,4703,770028580,"3,80,162",155,1240,10,3,4,1,1,1,7,0.1,0.1,0.7,10,1.6,4,0.7,1.9,low
local_swap_p2,local_swap,2,4703,770028580,"3,80,162",156,1248,10,3,4,1,1,1,7,0.1,0.1,0.7,9,1.8,4,0.7,1.8,low
local_swap_p2,local_swap,2,4703,770028580,"3,80,162",157,1256,10,3,4,1,1,1,7,0.1,0.1,0.7,9,1.8,4,0.7,1.8,low
local_swap_p2,local_swap,2,4703,770028580,"3,80,162",158,1264,10,3,4,1,1,1,7,0.1,0.1,0.7,9,1.8,4,0.7,1.8,low
local_swap_p2,local_swap,2,4703,770028580,"3,80,162",159,1272,10,3,4,1,1,1,7,0.1,0.1,0.7,9,1.8,4,0.7,1.8,low
local_swap_p2,local_swap,2,4703,770028580,"3,80,162",160,1280,10,3,4,1,1,1,7,0.1,0.1,0.7,9,1.8,4,0.7,1.8,low
local_swap_p2,local_swap,2,4703,770028580,"3,80,162",161,1288,10,3,4,1,1,1,7,0.1,0.1,0.7,9,1.8,4,0.7,1.8,low
local_swap_p2,local_swap,2,4703,770028580,"3,80,162",162,1296,11,3,5,1,1,1,8,0.09090909090909091,0.09090909090909091,0.7272727272727273,9,1.6363636363636365,4,0.7272727272727273,1.7272727272727273,low
local_swap_p2,local_swap,2,4703,770028580,"3,80,162",163,1304,11,3,5,1,1,1,8,0.09090909090909091,0.09090909090909091,0.7272727272727273,9,1.6363636363636365,4,0.7272727272727273,1.7272727272727273,low
local_swap_p2,local_swap,2,4703,770028580,"3,80,162",164,1312,11,3,5,1,1,1,8,0.09090909090909091,0.09090909090909091,0.7272727272727273,9,1.6363636363636365,4,0.7272727272727273,1.7272727272727273,low
local_swap_p2,local_swap,2,4703,770028580,"3,80,162",165,1320,11,3,5,1,1,1,8,0.09090909090909091,0.09090909090909091,0.7272727272727273,9,1.6363636363636365,4,0.7272727272727273,1.7272727272727273,low
local_swap_p2,local_swap,2,4703,770028580,"3,80,162",166,1328,11,3,3,2,2,1,6,0.18181818181818182,0.09090909090909091,0.5454545454545454,9,1.9090909090909092,5,0.5454545454545454,2.0,low
local_swap_p2,local_swap,2,4703,770028580,"3,80,162",167,1336,11,3,3,2,2,1,6,0.18181818181818182,0.09090909090909091,0.5454545454545454,9,1.9090909090909092,5,0.5454545454545454,2.0,low
local_swap_p2,local_swap,2,4703,770028580,"3,80,162",168,1344,11,3,3,2,2,1,6,0.18181818181818182,0.09090909090909091,0.5454545454545454,9,1.9090909090909092,5,0.5454545454545454,2.0,low
local_swap_p2,local_swap,2,4703,770028580,"3,80,162",169,1352,11,3,3,2,2,1,6,0.18181818181818182,0.09090909090909091,0.5454545454545454,9,1.9090909090909092,5,0.5454545454545454,2.0,low
local_swap_p2,local_swap,2,4703,770028580,"3,80,162",170,1360,11,3,3,2,2,1,6,0.18181818181818182,0.09090909090909091,0.5454545454545454,9,1.9090909090909092,5,0.5454545454545454,2.0,low
local_swap_p2,local_swap,2,4703,770028580,"3,80,162",171,1368,10,3,3,2,1,1,6,0.1,0.1,0.6,9,2.2,5,0.6,1.9,low
local_swap_p2,local_swap,2,4703,770028580,"3,80,162",172,1376,10,3,3,2,1,1,6,0.1,0.1,0.6,9,2.2,5,0.6,1.9,low
local_swap_p2,local_swap,2,4703,770028580,"3,80,162",173,1384,10,3,3,2,1,1,6,0.1,0.1,0.6,9,2.2,5,0.6,1.9,low
local_swap_p2,local_swap,2,4703,770028580,"3,80,162",174,1392,10,3,3,1,2,1,6,0.2,0.1,0.6,9,2.0,5,0.6,2.0,low
local_swap_p2,local_swap,2,4703,770028580,"3,80,162",175,1400,10,3,3,1,2,1,6,0.2,0.1,0.6,10,1.8,5,0.6,2.1,low
local_swap_p2,local_swap,2,4703,770028580,"3,80,162",176,1408,10,3,3,1,2,1,6,0.2,0.1,0.6,10,1.8,5,0.6,2.1,low
local_swap_p2,local_swap,2,4703,770028580,"3,80,162",177,1416,11,3,4,1,2,1,7,0.18181818181818182,0.09090909090909091,0.6363636363636364,10,1.5454545454545454,5,0.6363636363636364,2.0,low
local_swap_p2,local_swap,2,4703,770028580,"3,80,162",178,1424,11,3,4,1,2,1,7,0.18181818181818182,0.09090909090909091,0.6363636363636364,10,1.5454545454545454,5,0.6363636363636364,2.0,low
local_swap_p2,local_swap,2,4703,770028580,"3,80,162",179,1432,10,3,3,1,2,1,6,0.2,0.1,0.6,10,2.8,5,0.6,2.1,low
local_swap_p2,local_swap,2,4703,770028580,"3,80,162",180,1440,10,3,3,1,2,1,6,0.2,0.1,0.6,10,2.8,5,0.6,2.1,low
local_swap_p2,local_swap,2,4703,770028580,"3,80,162",181,1448,10,3,3,1,2,1,6,0.2,0.1,0.6,10,2.8,5,0.6,2.1,low
local_swap_p2,local_swap,2,4703,770028580,"3,80,162",182,1456,10,3,3,1,2,1,6,0.2,0.1,0.6,10,2.8,5,0.6,2.1,low
local_swap_p2,local_swap,2,4703,770028580,"3,80,162",183,1464,10,3,3,1,2,1,6,0.2,0.1,0.6,10,2.8,5,0.6,2.1,low
local_swap_p2,local_swap,2,4703,770028580,"3,80,162",184,1472,10,3,3,1,1,2,6,0.1,0.2,0.6,10,2.4,5,0.6,2.2,low
local_swap_p2,local_swap,2,4703,770028580,"3,80,162",185,1480,11,3,3,2,1,2,6,0.09090909090909091,0.18181818181818182,0.5454545454545454,10,2.3636363636363638,4,0.6363636363636364,2.1818181818181817,low
local_swap_p2,local_swap,2,4703,770028580,"3,80,162",186,1488,11,3,3,2,1,2,6,0.09090909090909091,0.18181818181818182,0.5454545454545454,10,2.3636363636363638,4,0.6363636363636364,2.1818181818181817,low
local_swap_p2,local_swap,2,4703,770028580,"3,80,162",187,1496,11,3,3,2,1,2,6,0.09090909090909091,0.18181818181818182,0.5454545454545454,10,2.3636363636363638,4,0.6363636363636364,2.1818181818181817,low
local_swap_p2,local_swap,2,4703,770028580,"3,80,162",188,1504,11,3,3,2,1,2,6,0.09090909090909091,0.18181818181818182,0.5454545454545454,10,2.3636363636363638,4,0.6363636363636364,2.1818181818181817,low
local_swap_p2,local_swap,2,4703,770028580,"3,80,162",189,1512,11,3,3,2,1,2,6,0.09090909090909091,0.18181818181818182,0.5454545454545454,10,2.3636363636363638,4,0.6363636363636364,2.1818181818181817,low
local_swap_p2,local_swap,2,4703,770028580,"3,80,162",190,1520,11,3,3,2,1,2,6,0.09090909090909091,0.18181818181818182,0.5454545454545454,10,2.3636363636363638,4,0.6363636363636364,2.1818181818181817,low
local_swap_p2,local_swap,2,4703,770028580,"3,80,162",191,1528,11,3,4,1,1,2,7,0.09090909090909091,0.18181818181818182,0.6363636363636364,10,2.3636363636363638,4,0.7272727272727273,2.090909090909091,low
local_swap_p2,local_swap,2,4703,770028580,"3,80,162",192,1536,11,3,4,1,1,2,7,0.09090909090909091,0.18181818181818182,0.6363636363636364,10,2.3636363636363638,4,0.7272727272727273,2.090909090909091,low
local_swap_p2,local_swap,2,4703,770028580,"3,80,162",193,1544,11,3,4,1,1,2,7,0.09090909090909091,0.18181818181818182,0.6363636363636364,10,2.3636363636363638,4,0.7272727272727273,2.090909090909091,low
local_swap_p2,local_swap,2,4703,770028580,"3,80,162",194,1552,11,3,4,1,1,2,7,0.09090909090909091,0.18181818181818182,0.6363636363636364,10,2.3636363636363638,4,0.7272727272727273,2.090909090909091,low
local_swap_p2,local_swap,2,4703,770028580,"3,80,162",195,1560,11,3,4,1,1,2,7,0.09090909090909091,0.18181818181818182,0.6363636363636364,10,2.3636363636363638,4,0.7272727272727273,2.090909090909091,low
local_swap_p2,local_swap,2,4703,770028580,"3,80,162",196,1568,11,3,4,1,1,2,7,0.09090909090909091,0.18181818181818182,0.6363636363636364,10,1.7272727272727273,4,0.7272727272727273,2.1818181818181817,low
local_swap_p2,local_swap,2,4703,770028580,"3,80,162",197,1576,11,3,4,1,1,2,7,0.09090909090909091,0.18181818181818182,0.6363636363636364,10,1.7272727272727273,4,0.7272727272727273,2.1818181818181817,low
local_swap_p2,local_swap,2,4703,770028580,"3,80,162",198,1584,11,3,4,1,1,2,7,0.09090909090909091,0.18181818181818182,0.6363636363636364,10,1.7272727272727273,4,0.7272727272727273,2.1818181818181817,low
local_swap_p2,local_swap,2,4703,770028580,"3,80,162",199,1592,11,3,4,1,1,2,7,0.09090909090909091,0.18181818181818182,0.6363636363636364,10,1.7272727272727273,4,0.7272727272727273,2.1818181818181817,low
local_swap_p2,local_swap,2,4703,770028580,"3,80,162",200,1600,11,3,4,1,1,2,7,0.09090909090909091,0.18181818181818182,0.6363636363636364,10,1.7272727272727273,4,0.7272727272727273,2.1818181818181817,low
local_swap_p2,local_swap,2,4703,770028580,"3,80,162",201,1608,9,3,2,1,1,2,5,0.1111111111111111,0.2222222222222222,0.5555555555555556,10,2.2222222222222223,4,0.6666666666666666,2.4444444444444446,low
local_swap_p2,local_swap,2,4703,770028580,"3,80,162",202,1616,10,3,3,1,1,2,6,0.1,0.2,0.6,9,2.1,4,0.7,2.2,low
local_swap_p2,local_swap,2,4703,770028580,"3,80,162",203,1624,10,3,3,2,0,2,6,0.0,0.2,0.6,9,2.2,4,0.7,2.1,low
local_swap_p2,local_swap,2,4703,770028580,"3,80,162",204,1632,10,3,3,2,0,2,6,0.0,0.2,0.6,9,2.2,4,0.7,2.1,low
local_swap_p2,local_swap,2,4703,770028580,"3,80,162",205,1640,10,3,3,2,0,2,6,0.0,0.2,0.6,9,2.2,4,0.7,2.1,low
local_swap_p2,local_swap,2,4703,770028580,"3,80,162",206,1648,10,3,3,2,0,2,6,0.0,0.2,0.6,9,2.2,4,0.7,2.1,low
local_swap_p2,local_swap,2,4703,770028580,"3,80,162",207,1656,11,3,5,0,1,2,8,0.09090909090909091,0.18181818181818182,0.7272727272727273,9,1.5454545454545454,4,0.7272727272727273,2.0,low
local_swap_p2,local_swap,2,4703,770028580,"3,80,162",208,1664,11,3,5,0,1,2,8,0.09090909090909091,0.18181818181818182,0.7272727272727273,9,1.6363636363636365,4,0.7272727272727273,2.0,low
local_swap_p2,local_swap,2,4703,770028580,"3,80,162",209,1672,12,3,6,0,1,2,9,0.08333333333333333,0.16666666666666666,0.75,9,1.4166666666666667,4,0.75,1.9166666666666667,low
local_swap_p2,local_swap,2,4703,770028580,"3,80,162",210,1680,10,3,4,0,1,2,7,0.1,0.2,0.7,9,1.9,4,0.7,2.1,low
local_swap_p2,local_swap,2,4703,770028580,"3,80,162",211,1688,10,3,4,0,1,2,7,0.1,0.2,0.7,9,1.9,4,0.7,2.1,low
local_swap_p2,local_swap,2,4703,770028580,"3,80,162",212,1696,10,3,4,0,1,2,7,0.1,0.2,0.7,9,1.9,4,0.7,2.1,low
local_swap_p2,local_swap,2,4703,770028580,"3,80,162",213,1704,10,3,4,0,1,2,7,0.1,0.2,0.7,9,1.9,4,0.7,2.1,low
local_swap_p2,local_swap,2,4703,770028580,"3,80,162",214,1712,10,3,4,0,1,2,7,0.1,0.2,0.7,9,1.9,4,0.7,2.1,low
local_swap_p2,local_swap,2,4703,770028580,"3,80,162",215,1720,10,3,4,0,1,2,7,0.1,0.2,0.7,9,1.9,4,0.7,2.1,low
local_swap_p2,local_swap,2,4703,770028580,"3,80,162",216,1728,11,3,5,0,1,2,8,0.09090909090909091,0.18181818181818182,0.7272727272727273,10,1.4545454545454546,4,0.7272727272727273,2.090909090909091,low
local_swap_p2,local_swap,2,4703,770028580,"3,80,162",217,1736,11,3,5,0,1,2,8,0.09090909090909091,0.18181818181818182,0.7272727272727273,10,1.4545454545454546,4,0.7272727272727273,2.090909090909091,low
local_swap_p2,local_swap,2,4703,770028580,"3,80,162",218,1744,11,3,5,0,1,2,8,0.09090909090909091,0.18181818181818182,0.7272727272727273,10,1.4545454545454546,4,0.7272727272727273,2.090909090909091,low
local_swap_p2,local_swap,2,4703,770028580,"3,80,162",219,1752,11,3,5,0,1,2,8,0.09090909090909091,0.18181818181818182,0.7272727272727273,10,1.4545454545454546,4,0.7272727272727273,2.090909090909091,low
local_swap_p2,local_swap,2,4703,770028580,"3,80,162",220,1760,11,3,5,0,1,2,8,0.09090909090909091,0.18181818181818182,0.7272727272727273,10,1.4545454545454546,4,0.7272727272727273,2.090909090909091,low
local_swap_p2,local_swap,2,4703,770028580,"3,80,162",221,1768,11,3,5,0,1,2,8,0.09090909090909091,0.18181818181818182,0.7272727272727273,10,1.4545454545454546,4,0.7272727272727273,2.090909090909091,low
local_swap_p2,local_swap,2,4703,770028580,"3,80,162",222,1776,11,3,5,0,1,2,8,0.09090909090909091,0.18181818181818182,0.7272727272727273,10,1.4545454545454546,4,0.7272727272727273,2.090909090909091,low
local_swap_p2,local_swap,2,4703,770028580,"3,80,162",223,1784,11,3,5,0,1,2,8,0.09090909090909091,0.18181818181818182,0.7272727272727273,10,1.4545454545454546,4,0.7272727272727273,2.090909090909091,low
local_swap_p2,local_swap,2,4703,770028580,"3,80,162",224,1792,11,3,5,0,1,2,8,0.09090909090909091,0.18181818181818182,0.7272727272727273,10,1.4545454545454546,4,0.7272727272727273,2.090909090909091,low
local_swap_p2,local_swap,2,4703,770028580,"3,80,162",225,1800,11,3,5,0,1,2,8,0.09090909090909091,0.18181818181818182,0.7272727272727273,10,1.4545454545454546,4,0.7272727272727273,2.090909090909091,low
local_swap_p2,local_swap,2,4703,770028580,"3,80,162",226,1808,11,3,5,0,1,2,8,0.09090909090909091,0.18181818181818182,0.7272727272727273,10,1.4545454545454546,4,0.7272727272727273,2.090909090909091,low
local_swap_p2,local_swap,2,4703,770028580,"3,80,162",227,1816,11,3,5,0,1,2,8,0.09090909090909091,0.18181818181818182,0.7272727272727273,10,1.4545454545454546,4,0.7272727272727273,2.090909090909091,low
local_swap_p2,local_swap,2,4703,770028580,"3,80,162",228,1824,11,3,5,0,1,2,8,0.09090909090909091,0.18181818181818182,0.7272727272727273,10,1.4545454545454546,4,0.7272727272727273,2.090909090909091,low
local_swap_p2,local_swap,2,4703,770028580,"3,80,162",229,1832,11,3,5,1,0,2,8,0.0,0.18181818181818182,0.7272727272727273,9,1.9090909090909092,3,0.8181818181818182,1.9090909090909092,low
local_swap_p2,local_swap,2,4703,770028580,"3,80,162",230,1840,11,3,5,1,0,2,8,0.0,0.18181818181818182,0.7272727272727273,9,1.9090909090909092,3,0.8181818181818182,1.9090909090909092,low
local_swap_p2,local_swap,2,4703,770028580,"3,80,162",231,1848,11,3,5,1,0,2,8,0.0,0.18181818181818182,0.7272727272727273,9,1.9090909090909092,3,0.8181818181818182,1.9090909090909092,low
local_swap_p2,local_swap,2,4703,770028580,"3,80,162",232,1856,11,3,5,1,0,2,8,0.0,0.18181818181818182,0.7272727272727273,9,1.9090909090909092,3,0.8181818181818182,1.9090909090909092,low
local_swap_p2,local_swap,2,4703,770028580,"3,80,162",233,1864,11,3,5,1,0,2,8,0.0,0.18181818181818182,0.7272727272727273,9,1.9090909090909092,3,0.8181818181818182,1.9090909090909092,low
local_swap_p2,local_swap,2,4703,770028580,"3,80,162",234,1872,11,3,5,1,0,2,8,0.0,0.18181818181818182,0.7272727272727273,9,1.9090909090909092,3,0.8181818181818182,1.9090909090909092,low
local_swap_p2,local_swap,2,4703,770028580,"3,80,162",235,1880,11,3,5,1,0,2,8,0.0,0.18181818181818182,0.7272727272727273,9,1.9090909090909092,3,0.8181818181818182,1.9090909090909092,low
local_swap_p2,local_swap,2,4703,770028580,"3,80,162",236,1888,11,3,5,1,0,2,8,0.0,0.18181818181818182,0.7272727272727273,9,1.9090909090909092,3,0.8181818181818182,1.9090909090909092,low
local_swap_p2,local_swap,2,4703,770028580,"3,80,162",237,1896,11,3,5,1,0,2,8,0.0,0.18181818181818182,0.7272727272727273,9,1.9090909090909092,3,0.8181818181818182,1.9090909090909092,low
local_swap_p2,local_swap,2,4703,770028580,"3,80,162",238,1904,11,3,5,1,0,2,8,0.0,0.18181818181818182,0.7272727272727273,9,1.9090909090909092,3,0.8181818181818182,1.9090909090909092,low
local_swap_p2,local_swap,2,4703,770028580,"3,80,162",239,1912,11,3,5,1,0,2,8,0.0,0.18181818181818182,0.7272727272727273,9,1.9090909090909092,3,0.8181818181818182,1.9090909090909092,low
local_swap_p2,local_swap,2,4703,770028580,"3,80,162",240,1920,11,3,5,1,0,2,8,0.0,0.18181818181818182,0.7272727272727273,9,1.9090909090909092,3,0.8181818181818182,1.9090909090909092,low
local_swap_p2,local_swap,2,4703,770028580,"3,80,162",241,1928,12,3,6,1,0,2,9,0.0,0.16666666666666666,0.75,9,1.5833333333333333,3,0.8333333333333334,1.8333333333333333,low
local_swap_p2,local_swap,2,4703,770028580,"3,80,162",242,1936,13,3,7,1,0,2,10,0.0,0.15384615384615385,0.7692307692307693,9,1.4615384615384615,3,0.8461538461538461,1.7692307692307692,low
local_swap_p2,local_swap,2,4703,770028580,"3,80,162",243,1944,13,3,7,1,0,2,10,0.0,0.15384615384615385,0.7692307692307693,9,1.4615384615384615,3,0.8461538461538461,1.7692307692307692,low
local_swap_p2,local_swap,2,4703,770028580,"3,80,162",244,1952,13,3,7,1,0,2,10,0.0,0.15384615384615385,0.7692307692307693,9,1.4615384615384615,3,0.8461538461538461,1.7692307692307692,low
local_swap_p2,local_swap,2,4703,770028580,"3,80,162",245,1960,13,3,7,1,0,2,10,0.0,0.15384615384615385,0.7692307692307693,9,1.4615384615384615,3,0.8461538461538461,1.7692307692307692,low
local_swap_p2,local_swap,2,4703,770028580,"3,80,162",246,1968,13,3,7,1,0,2,10,0.0,0.15384615384615385,0.7692307692307693,9,1.4615384615384615,3,0.8461538461538461,1.7692307692307692,low
local_swap_p2,local_swap,2,4703,770028580,"3,80,162",247,1976,13,3,7,1,0,2,10,0.0,0.15384615384615385,0.7692307692307693,9,1.4615384615384615,3,0.8461538461538461,1.7692307692307692,low
local_swap_p2,local_swap,2,4703,770028580,"3,80,162",248,1984,12,3,6,1,0,2,9,0.0,0.16666666666666666,0.75,9,1.75,3,0.8333333333333334,1.8333333333333333,low
local_swap_p2,local_swap,2,4703,770028580,"3,80,162",249,1992,12,3,5,2,0,2,8,0.0,0.16666666666666666,0.6666666666666666,9,2.0,4,0.75,1.9166666666666667,low
local_swap_p2,local_swap,2,4703,770028580,"3,80,162",250,2000,12,3,5,2,0,2,8,0.0,0.16666666666666666,0.6666666666666666,9,2.0,4,0.75,1.9166666666666667,low
local_swap_p2,local_swap,2,4703,770028580,"3,80,162",251,2008,12,3,5,2,0,2,8,0.0,0.16666666666666666,0.6666666666666666,9,2.0,4,0.75,1.9166666666666667,low
local_swap_p2,local_swap,2,4703,770028580,"3,80,162",252,2016,12,3,5,2,0,2,8,0.0,0.16666666666666666,0.6666666666666666,9,2.0,4,0.75,1.9166666666666667,low
local_swap_p2,local_swap,2,4703,770028580,"3,80,162",253,2024,12,3,5,2,0,2,8,0.0,0.16666666666666666,0.6666666666666666,9,2.0,4,0.75,1.9166666666666667,low
local_swap_p2,local_swap,2,4703,770028580,"3,80,162",254,2032,12,3,5,2,0,2,8,0.0,0.16666666666666666,0.6666666666666666,9,2.0,4,0.75,1.9166666666666667,low
local_swap_p2,local_swap,2,4703,770028580,"3,80,162",255,2040,12,3,5,2,0,2,8,0.0,0.16666666666666666,0.6666666666666666,9,2.0,4,0.75,1.9166666666666667,low
local_swap_p2,local_swap,2,4703,770028580,"3,80,162",256,2048,12,3,5,2,0,2,8,0.0,0.16666666666666666,0.6666666666666666,9,2.0,4,0.75,1.9166666666666667,low
local_swap_p2,local_swap,2,4703,770028580,"3,80,162",257,2056,12,3,5,2,0,2,8,0.0,0.16666666666666666,0.6666666666666666,9,2.0,4,0.75,1.9166666666666667,low
local_swap_p2,local_swap,2,4703,770028580,"3,80,162",258,2064,12,3,5,2,0,2,8,0.0,0.16666666666666666,0.6666666666666666,9,2.0,4,0.75,1.9166666666666667,low
local_swap_p2,local_swap,2,4703,770028580,"3,80,162",259,2072,12,3,5,2,0,2,8,0.0,0.16666666666666666,0.6666666666666666,9,2.0,4,0.75,1.9166666666666667,low
local_swap_p2,local_swap,2,4703,770028580,"3,80,162",260,2080,12,3,5,2,0,2,8,0.0,0.16666666666666666,0.6666666666666666,9,2.0,4,0.75,1.9166666666666667,low
local_swap_p2,local_swap,2,4703,770028580,"3,80,162",261,2088,12,3,5,2,0,2,8,0.0,0.16666666666666666,0.6666666666666666,9,2.0,4,0.75,1.9166666666666667,low
local_swap_p2,local_swap,2,4703,770028580,"3,80,162",262,2096,12,3,5,1,1,2,8,0.08333333333333333,0.16666666666666666,0.6666666666666666,9,2.1666666666666665,5,0.6666666666666666,1.9166666666666667,low
local_swap_p2,local_swap,2,4703,770028580,"3,80,162",263,2104,12,3,5,1,1,2,8,0.08333333333333333,0.16666666666666666,0.6666666666666666,9,2.1666666666666665,5,0.6666666666666666,1.9166666666666667,low
local_swap_p2,local_swap,2,4703,770028580,"3,80,162",264,2112,12,3,5,1,1,2,8,0.08333333333333333,0.16666666666666666,0.6666666666666666,9,2.1666666666666665,5,0.6666666666666666,1.9166666666666667,low
local_swap_p2,local_swap,2,4703,770028580,"3,80,162",265,2120,12,3,5,1,1,2,8,0.08333333333333333,0.16666666666666666,0.6666666666666666,9,2.1666666666666665,5,0.6666666666666666,1.9166666666666667,low
local_swap_p2,local_swap,2,4703,770028580,"3,80,162",266,2128,12,3,5,1,1,2,8,0.08333333333333333,0.16666666666666666,0.6666666666666666,9,2.1666666666666665,5,0.6666666666666666,1.9166666666666667,low
local_swap_p2,local_swap,2,4703,770028580,"3,80,162",267,2136,12,3,6,1,0,2,9,0.0,0.16666666666666666,0.75,9,2.3333333333333335,3,0.8333333333333334,1.75,low
local_swap_p2,local_swap,2,4703,770028580,"3,80,162",268,2144,12,3,6,0,1,2,9,0.08333333333333333,0.16666666666666666,0.75,9,1.5833333333333333,4,0.75,1.9166666666666667,low
local_swap_p2,local_swap,2,4703,770028580,"3,80,162",269,2152,13,3,7,1,0,2,10,0.0,0.15384615384615385,0.7692307692307693,9,1.6153846153846154,3,0.8461538461538461,1.7692307692307692,low
local_swap_p2,local_swap,2,4703,770028580,"3,80,162",270,2160,12,3,6,1,0,2,9,0.0,0.16666666666666666,0.75,9,1.8333333333333333,3,0.8333333333333334,1.8333333333333333,low
local_swap_p2,local_swap,2,4703,770028580,"3,80,162",271,2168,12,3,6,1,0,2,9,0.0,0.16666666666666666,0.75,9,1.8333333333333333,3,0.8333333333333334,1.8333333333333333,low
local_swap_p2,local_swap,2,4703,770028580,"3,80,162",272,2176,13,3,6,2,0,2,9,0.0,0.15384615384615385,0.6923076923076923,9,1.6923076923076923,3,0.8461538461538461,1.8461538461538463,low
local_swap_p2,local_swap,2,4703,770028580,"3,80,162",273,2184,13,3,6,2,0,2,9,0.0,0.15384615384615385,0.6923076923076923,9,1.6923076923076923,3,0.8461538461538461,1.8461538461538463,low
local_swap_p2,local_swap,2,4703,770028580,"3,80,162",274,2192,13,3,6,2,0,2,9,0.0,0.15384615384615385,0.6923076923076923,9,1.6923076923076923,3,0.8461538461538461,1.8461538461538463,low
local_swap_p2,local_swap,2,4703,770028580,"3,80,162",275,2200,13,3,6,2,0,2,9,0.0,0.15384615384615385,0.6923076923076923,9,1.6923076923076923,3,0.8461538461538461,1.8461538461538463,low
local_swap_p2,local_swap,2,4703,770028580,"3,80,162",276,2208,13,3,6,2,0,2,9,0.0,0.15384615384615385,0.6923076923076923,9,1.6923076923076923,3,0.8461538461538461,1.8461538461538463,low
local_swap_p2,local_swap,2,4703,770028580,"3,80,162",277,2216,13,3,6,2,0,2,9,0.0,0.15384615384615385,0.6923076923076923,9,1.6923076923076923,3,0.8461538461538461,1.8461538461538463,low
local_swap_p2,local_swap,2,4703,770028580,"3,80,162",278,2224,13,3,6,2,0,2,9,0.0,0.15384615384615385,0.6923076923076923,9,1.6923076923076923,3,0.8461538461538461,1.8461538461538463,low
local_swap_p2,local_swap,2,4703,770028580,"3,80,162",279,2232,13,3,6,2,0,2,9,0.0,0.15384615384615385,0.6923076923076923,9,1.6923076923076923,3,0.8461538461538461,1.8461538461538463,low
local_swap_p2,local_swap,2,4703,770028580,"3,80,162",280,2240,15,3,7,3,0,2,10,0.0,0.13333333333333333,0.6666666666666666,9,1.5333333333333334,3,0.8666666666666667,1.8,low
local_swap_p2,local_swap,2,4703,770028580,"3,80,162",281,2248,15,3,7,3,0,2,10,0.0,0.13333333333333333,0.6666666666666666,9,1.5333333333333334,3,0.8666666666666667,1.8,low
local_swap_p2,local_swap,2,4703,770028580,"3,80,162",282,2256,15,3,7,3,0,2,10,0.0,0.13333333333333333,0.6666666666666666,9,1.5333333333333334,3,0.8666666666666667,1.8,low
local_swap_p2,local_swap,2,4703,770028580,"3,80,162",283,2264,15,3,7,3,0,2,10,0.0,0.13333333333333333,0.6666666666666666,9,1.5333333333333334,3,0.8666666666666667,1.8,low
local_swap_p2,local_swap,2,4703,770028580,"3,80,162",284,2272,15,3,7,3,0,2,10,0.0,0.13333333333333333,0.6666666666666666,9,1.5333333333333334,3,0.8666666666666667,1.8,low
local_swap_p2,local_swap,2,4703,770028580,"3,80,162",285,2280,15,3,7,3,0,2,10,0.0,0.13333333333333333,0.6666666666666666,9,1.5333333333333334,3,0.8666666666666667,1.8,low
local_swap_p2,local_swap,2,4703,770028580,"3,80,162",286,2288,14,3,7,2,0,2,10,0.0,0.14285714285714285,0.7142857142857143,8,2.142857142857143,3,0.8571428571428571,1.7142857142857142,low
local_swap_p2,local_swap,2,4703,770028580,"3,80,162",287,2296,14,3,7,2,0,2,10,0.0,0.14285714285714285,0.7142857142857143,8,2.142857142857143,3,0.8571428571428571,1.7142857142857142,low
local_swap_p2,local_swap,2,4703,770028580,"3,80,162",288,2304,14,3,7,2,0,2,10,0.0,0.14285714285714285,0.7142857142857143,8,2.142857142857143,3,0.8571428571428571,1.7142857142857142,low
local_swap_p2,local_swap,2,4703,770028580,"3,80,162",289,2312,14,3,7,2,0,2,10,0.0,0.14285714285714285,0.7142857142857143,8,2.142857142857143,3,0.8571428571428571,1.7142857142857142,low
local_swap_p2,local_swap,2,4703,770028580,"3,80,162",290,2320,14,3,7,2,0,2,10,0.0,0.14285714285714285,0.7142857142857143,8,2.142857142857143,3,0.8571428571428571,1.7142857142857142,low
local_swap_p2,local_swap,2,4703,770028580,"3,80,162",291,2328,14,3,7,2,0,2,10,0.0,0.14285714285714285,0.7142857142857143,8,2.142857142857143,3,0.8571428571428571,1.7142857142857142,low
local_swap_p2,local_swap,2,4703,770028580,"3,80,162",292,2336,14,3,7,2,0,2,10,0.0,0.14285714285714285,0.7142857142857143,8,2.142857142857143,3,0.8571428571428571,1.7142857142857142,low
local_swap_p2,local_swap,2,4703,770028580,"3,80,162",293,2344,15,3,6,4,0,2,9,0.0,0.13333333333333333,0.6,8,2.2,4,0.8,1.8,low
local_swap_p2,local_swap,2,4703,770028580,"3,80,162",294,2352,15,3,6,4,0,2,9,0.0,0.13333333333333333,0.6,8,2.2,4,0.8,1.8,low
local_swap_p2,local_swap,2,4703,770028580,"3,80,162",295,2360,15,3,6,4,0,2,9,0.0,0.13333333333333333,0.6,8,2.2,4,0.8,1.8,low
local_swap_p2,local_swap,2,4703,770028580,"3,80,162",296,2368,14,3,6,3,0,2,9,0.0,0.14285714285714285,0.6428571428571429,8,2.5,4,0.7857142857142857,1.7857142857142858,low
local_swap_p2,local_swap,2,4703,770028580,"3,80,162",297,2376,14,3,5,4,0,2,8,0.0,0.14285714285714285,0.5714285714285714,8,2.642857142857143,5,0.7142857142857143,1.8571428571428572,low
local_swap_p2,local_swap,2,4703,770028580,"3,80,162",298,2384,14,3,5,4,0,2,8,0.0,0.14285714285714285,0.5714285714285714,8,2.642857142857143,5,0.7142857142857143,1.8571428571428572,low
local_swap_p2,local_swap,2,4703,770028580,"3,80,162",299,2392,15,3,5,5,0,2,8,0.0,0.13333333333333333,0.5333333333333333,8,2.2666666666666666,5,0.7333333333333333,1.9333333333333333,low
local_swap_p2,local_swap,2,4703,770028580,"3,80,162",300,2400,16,3,5,6,0,2,8,0.0,0.125,0.5,8,2.0625,5,0.75,1.9375,low
local_swap_p2,local_swap,2,4703,770028580,"3,80,162",301,2408,16,3,5,6,0,2,8,0.0,0.125,0.5,8,2.0625,5,0.75,1.9375,low
local_swap_p2,local_swap,2,4703,770028580,"3,80,162",302,2416,17,3,6,5,1,2,9,0.058823529411764705,0.11764705882352941,0.5294117647058824,8,1.7058823529411764,5,0.7647058823529411,1.9411764705882353,low
local_swap_p2,local_swap,2,4703,770028580,"3,80,162",303,2424,16,3,6,4,1,2,9,0.0625,0.125,0.5625,8,1.8125,5,0.75,2.0,low
local_swap_p2,local_swap,2,4703,770028580,"3,80,162",304,2432,16,3,6,4,1,2,9,0.0625,0.125,0.5625,8,1.8125,5,0.75,2.0,low
local_swap_p2,local_swap,2,4703,770028580,"3,80,162",305,2440,16,3,6,4,1,2,9,0.0625,0.125,0.5625,8,1.8125,5,0.75,2.0,low
local_swap_p2,local_swap,2,4703,770028580,"3,80,162",306,2448,16,3,6,4,1,2,9,0.0625,0.125,0.5625,8,1.8125,5,0.75,2.0,low
local_swap_p2,local_swap,2,4703,770028580,"3,80,162",307,2456,16,3,6,4,1,2,9,0.0625,0.125,0.5625,8,1.8125,5,0.75,2.0,low
local_swap_p2,local_swap,2,4703,770028580,"3,80,162",308,2464,16,3,6,4,1,2,9,0.0625,0.125,0.5625,8,1.8125,5,0.75,2.0,low
local_swap_p2,local_swap,2,4703,770028580,"3,80,162",309,2472,16,3,6,4,1,2,9,0.0625,0.125,0.5625,8,1.8125,5,0.75,2.0,low
local_swap_p2,local_swap,2,4703,770028580,"3,80,162",310,2480,16,3,6,4,1,2,9,0.0625,0.125,0.5625,8,1.8125,5,0.75,2.0,low
local_swap_p2,local_swap,2,4703,770028580,"3,80,162",311,2488,16,3,6,4,1,2,9,0.0625,0.125,0.5625,8,1.8125,5,0.75,2.0,low
local_swap_p2,local_swap,2,4703,770028580,"3,80,162",312,2496,16,3,6,4,1,2,9,0.0625,0.125,0.5625,8,1.8125,5,0.75,2.0,low
local_swap_p2,local_swap,2,4703,770028580,"3,80,162",313,2504,17,3,5,6,1,2,8,0.058823529411764705,0.11764705882352941,0.47058823529411764,8,1.9411764705882353,7,0.6470588235294118,2.0588235294117645,low
local_swap_p2,local_swap,2,4703,770028580,"3,80,162",314,2512,17,3,6,4,2,2,9,0.11764705882352941,0.11764705882352941,0.5294117647058824,8,1.7647058823529411,6,0.7058823529411765,2.0588235294117645,low
local_swap_p2,local_swap,2,4703,770028580,"3,80,162",315,2520,16,3,6,3,2,2,9,0.125,0.125,0.5625,8,1.9375,6,0.6875,2.0625,low
local_swap_p2,local_swap,2,4703,770028580,"3,80,162",316,2528,16,3,6,3,2,2,9,0.125,0.125,0.5625,8,1.9375,6,0.6875,2.0625,low
local_swap_p2,local_swap,2,4703,770028580,"3,80,162",317,2536,16,3,6,3,2,2,9,0.125,0.125,0.5625,8,1.9375,6,0.6875,2.0625,low
local_swap_p2,local_swap,2,4703,770028580,"3,80,162",318,2544,16,3,6,3,2,2,9,0.125,0.125,0.5625,8,1.9375,6,0.6875,2.0625,low
local_swap_p2,local_swap,2,4703,770028580,"3,80,162",319,2552,16,3,6,4,1,2,9,0.0625,0.125,0.5625,8,2.25,5,0.75,2.0,low
local_swap_p2,local_swap,2,4703,770028580,"3,80,162",320,2560,16,3,6,4,1,2,9,0.0625,0.125,0.5625,8,2.25,5,0.75,2.0,low
local_swap_p2,local_swap,2,4751,770028628,"3,80,162",0,0,3,3,0,0,0,0,3,0.0,0.0,1.0,0,3.6666666666666665,1,1.0,0.0,low
local_swap_p2,local_swap,2,4751,770028628,"3,80,162",1,8,3,3,0,0,0,0,3,0.0,0.0,1.0,0,3.6666666666666665,1,1.0,0.0,low
local_swap_p2,local_swap,2,4751,770028628,"3,80,162",2,16,3,3,0,0,0,0,3,0.0,0.0,1.0,0,3.6666666666666665,1,1.0,0.0,low
local_swap_p2,local_swap,2,4751,770028628,"3,80,162",3,24,3,3,0,0,0,0,3,0.0,0.0,1.0,0,3.6666666666666665,1,1.0,0.0,low
local_swap_p2,local_swap,2,4751,770028628,"3,80,162",4,32,4,3,1,0,0,0,4,0.0,0.0,1.0,1,3.5,1,1.0,0.25,low
local_swap_p2,local_swap,2,4751,770028628,"3,80,162",5,40,4,3,1,0,0,0,4,0.0,0.0,1.0,1,3.5,1,1.0,0.25,low
local_swap_p2,local_swap,2,4751,770028628,"3,80,162",6,48,5,3,1,1,0,0,4,0.0,0.0,0.8,2,2.8,2,0.8,0.6,low
local_swap_p2,local_swap,2,4751,770028628,"3,80,162",7,56,5,3,1,1,0,0,4,0.0,0.0,0.8,2,2.8,2,0.8,0.6,low
local_swap_p2,local_swap,2,4751,770028628,"3,80,162",8,64,7,3,1,2,1,0,4,0.14285714285714285,0.0,0.5714285714285714,3,1.7142857142857142,2,0.7142857142857143,1.1428571428571428,low
local_swap_p2,local_swap,2,4751,770028628,"3,80,162",9,72,7,3,2,1,1,0,5,0.14285714285714285,0.0,0.7142857142857143,2,1.5714285714285714,1,1.0,1.0,low
local_swap_p2,local_swap,2,4751,770028628,"3,80,162",10,80,7,3,2,1,1,0,5,0.14285714285714285,0.0,0.7142857142857143,2,1.5714285714285714,1,1.0,1.0,low
local_swap_p2,local_swap,2,4751,770028628,"3,80,162",11,88,7,3,2,1,1,0,5,0.14285714285714285,0.0,0.7142857142857143,2,1.5714285714285714,1,1.0,1.0,low
local_swap_p2,local_swap,2,4751,770028628,"3,80,162",12,96,7,3,1,2,1,0,4,0.14285714285714285,0.0,0.5714285714285714,2,1.5714285714285714,2,0.8571428571428571,1.1428571428571428,low
local_swap_p2,local_swap,2,4751,770028628,"3,80,162",13,104,8,3,2,2,1,0,5,0.125,0.0,0.625,2,1.375,2,0.875,1.125,low
local_swap_p2,local_swap,2,4751,770028628,"3,80,162",14,112,8,3,2,2,1,0,5,0.125,0.0,0.625,2,1.375,2,0.875,1.125,low
local_swap_p2,local_swap,2,4751,770028628,"3,80,162",15,120,8,3,2,2,1,0,5,0.125,0.0,0.625,2,1.375,2,0.875,1.125,low
local_swap_p2,local_swap,2,4751,770028628,"3,80,162",16,128,8,3,2,2,1,0,5,0.125,0.0,0.625,2,1.375,2,0.875,1.125,low
local_swap_p2,local_swap,2,4751,770028628,"3,80,162",17,136,7,3,2,1,1,0,5,0.14285714285714285,0.0,0.7142857142857143,2,1.5714285714285714,1,1.0,1.0,low
local_swap_p2,local_swap,2,4751,770028628,"3,80,162",18,144,8,3,3,1,1,0,6,0.125,0.0,0.75,2,1.25,1,1.0,1.0,low
local_swap_p2,local_swap,2,4751,770028628,"3,80,162",19,152,8,3,3,1,1,0,6,0.125,0.0,0.75,2,1.25,1,1.0,1.0,low
local_swap_p2,local_swap,2,4751,770028628,"3,80,162",20,160,10,3,4,2,1,0,7,0.1,0.0,0.7,2,0.9,1,1.0,1.1,low
local_swap_p2,local_swap,2,4751,770028628,"3,80,162",21,168,11,3,4,2,2,0,7,0.18181818181818182,0.0,0.6363636363636364,3,0.8181818181818182,3,0.8181818181818182,1.2727272727272727,low
local_swap_p2,local_swap,2,4751,770028628,"3,80,162",22,176,11,3,4,2,2,0,7,0.18181818181818182,0.0,0.6363636363636364,3,0.8181818181818182,3,0.8181818181818182,1.2727272727272727,low
local_swap_p2,local_swap,2,4751,770028628,"3,80,162",23,184,10,3,3,3,1,0,6,0.1,0.0,0.6,2,1.8,3,0.8,1.2,low
local_swap_p2,local_swap,2,4751,770028628,"3,80,162",24,192,10,3,4,1,2,0,7,0.2,0.0,0.7,3,1.5,2,0.9,1.2,low
local_swap_p2,local_swap,2,4751,770028628,"3,80,162",25,200,8,3,2,1,2,0,5,0.25,0.0,0.625,3,1.875,2,0.875,1.25,low
local_swap_p2,local_swap,2,4751,770028628,"3,80,162",26,208,8,3,2,1,2,0,5,0.25,0.0,0.625,3,1.875,2,0.875,1.25,low
local_swap_p2,local_swap,2,4751,770028628,"3,80,162",27,216,8,3,2,1,2,0,5,0.25,0.0,0.625,3,1.875,2,0.875,1.25,low
local_swap_p2,local_swap,2,4751,770028628,"3,80,162",28,224,9,3,3,1,2,0,6,0.2222222222222222,0.0,0.6666666666666666,3,1.7777777777777777,2,0.8888888888888888,1.2222222222222223,low
local_swap_p2,local_swap,2,4751,770028628,"3,80,162",29,232,11,3,4,1,3,0,7,0.2727272727272727,0.0,0.6363636363636364,3,1.4545454545454546,2,0.8181818181818182,1.3636363636363635,low
local_swap_p2,local_swap,2,4751,770028628,"3,80,162",30,240,11,3,4,1,3,0,7,0.2727272727272727,0.0,0.6363636363636364,3,1.4545454545454546,2,0.8181818181818182,1.3636363636363635,low
local_swap_p2,local_swap,2,4751,770028628,"3,80,162",31,248,11,3,4,1,3,0,7,0.2727272727272727,0.0,0.6363636363636364,3,1.4545454545454546,2,0.8181818181818182,1.3636363636363635,low
local_swap_p2,local_swap,2,4751,770028628,"3,80,162",32,256,9,3,2,1,2,1,5,0.2222222222222222,0.1111111111111111,0.5555555555555556,4,1.8888888888888888,3,0.7777777777777778,1.5555555555555556,low
local_swap_p2,local_swap,2,4751,770028628,"3,80,162",33,264,9,3,2,1,2,1,5,0.2222222222222222,0.1111111111111111,0.5555555555555556,4,1.8888888888888888,3,0.7777777777777778,1.5555555555555556,low
local_swap_p2,local_swap,2,4751,770028628,"3,80,162",34,272,10,3,3,1,2,1,6,0.2,0.1,0.6,4,1.6,3,0.8,1.5,low
local_swap_p2,local_swap,2,4751,770028628,"3,80,162",35,280,10,3,3,2,1,1,6,0.1,0.1,0.6,4,1.9,2,0.9,1.4,low
local_swap_p2,local_swap,2,4751,770028628,"3,80,162",36,288,10,3,3,2,1,1,6,0.1,0.1,0.6,4,2.0,2,0.9,1.4,low
local_swap_p2,local_swap,2,4751,770028628,"3,80,162",37,296,10,3,3,2,1,1,6,0.1,0.1,0.6,4,2.0,2,0.9,1.4,low
local_swap_p2,local_swap,2,4751,770028628,"3,80,162",38,304,12,3,4,2,2,1,7,0.16666666666666666,0.08333333333333333,0.5833333333333334,4,2.5833333333333335,3,0.8333333333333334,1.5,low
local_swap_p2,local_swap,2,4751,770028628,"3,80,162",39,312,10,3,2,1,3,1,5,0.3,0.1,0.5,4,2.9,4,0.7,1.7,low
local_swap_p2,local_swap,2,4751,770028628,"3,80,162",40,320,10,3,2,1,3,1,5,0.3,0.1,0.5,4,2.9,4,0.7,1.7,low
local_swap_p2,local_swap,2,4751,770028628,"3,80,162",41,328,10,3,2,1,3,1,5,0.3,0.1,0.5,4,2.9,4,0.7,1.7,low
local_swap_p2,local_swap,2,4751,770028628,"3,80,162",42,336,10,3,2,1,3,1,5,0.3,0.1,0.5,4,2.9,4,0.7,1.7,low
local_swap_p2,local_swap,2,4751,770028628,"3,80,162",43,344,11,3,3,1,3,1,6,0.2727272727272727,0.09090909090909091,0.5454545454545454,4,2.5454545454545454,4,0.7272727272727273,1.6363636363636365,low
local_swap_p2,local_swap,2,4751,770028628,"3,80,162",44,352,13,3,5,1,3,1,8,0.23076923076923078,0.07692307692307693,0.6153846153846154,5,2.076923076923077,4,0.7692307692307693,1.6153846153846154,low
local_swap_p2,local_swap,2,4751,770028628,"3,80,162",45,360,12,3,4,1,3,1,7,0.25,0.08333333333333333,0.5833333333333334,5,2.5,4,0.75,1.6666666666666667,low
local_swap_p2,local_swap,2,4751,770028628,"3,80,162",46,368,12,3,4,2,2,1,7,0.16666666666666666,0.08333333333333333,0.5833333333333334,5,2.5833333333333335,3,0.8333333333333334,1.5833333333333333,low
local_swap_p2,local_swap,2,4751,770028628,"3,80,162",47,376,12,3,4,2,2,1,7,0.16666666666666666,0.08333333333333333,0.5833333333333334,5,2.8333333333333335,3,0.8333333333333334,1.5833333333333333,low
local_swap_p2,local_swap,2,4751,770028628,"3,80,162",48,384,13,3,5,1,3,1,8,0.23076923076923078,0.07692307692307693,0.6153846153846154,5,2.3076923076923075,4,0.7692307692307693,1.6153846153846154,low
local_swap_p2,local_swap,2,4751,770028628,"3,80,162",49,392,13,3,5,1,3,1,8,0.23076923076923078,0.07692307692307693,0.6153846153846154,5,2.3076923076923075,4,0.7692307692307693,1.6153846153846154,low
local_swap_p2,local_swap,2,4751,770028628,"3,80,162",50,400,13,3,3,3,3,1,6,0.23076923076923078,0.07692307692307693,0.46153846153846156,5,2.6153846153846154,6,0.6153846153846154,1.7692307692307692,low
local_swap_p2,local_swap,2,4751,770028628,"3,80,162",51,408,13,3,3,3,3,1,6,0.23076923076923078,0.07692307692307693,0.46153846153846156,5,2.6153846153846154,6,0.6153846153846154,1.7692307692307692,low
local_swap_p2,local_swap,2,4751,770028628,"3,80,162",52,416,13,3,3,3,3,1,6,0.23076923076923078,0.07692307692307693,0.46153846153846156,5,2.6153846153846154,6,0.6153846153846154,1.7692307692307692,low
local_swap_p2,local_swap,2,4751,770028628,"3,80,162",53,424,13,3,2,5,2,1,5,0.15384615384615385,0.07692307692307693,0.38461538461538464,5,3.0,7,0.5384615384615384,1.7692307692307692,low
local_swap_p2,local_swap,2,4751,770028628,"3,80,162",54,432,13,3,3,3,3,1,6,0.23076923076923078,0.07692307692307693,0.46153846153846156,5,2.4615384615384617,6,0.6153846153846154,1.7692307692307692,low
local_swap_p2,local_swap,2,4751,770028628,"3,80,162",55,440,13,3,3,3,3,1,6,0.23076923076923078,0.07692307692307693,0.46153846153846156,5,2.4615384615384617,6,0.6153846153846154,1.7692307692307692,low
local_swap_p2,local_swap,2,4751,770028628,"3,80,162",56,448,13,3,3,3,3,1,6,0.23076923076923078,0.07692307692307693,0.46153846153846156,5,2.4615384615384617,6,0.6153846153846154,1.7692307692307692,low
local_swap_p2,local_swap,2,4751,770028628,"3,80,162",57,456,14,3,4,4,2,1,7,0.14285714285714285,0.07142857142857142,0.5,5,2.5714285714285716,5,0.7142857142857143,1.6428571428571428,low
local_swap_p2,local_swap,2,4751,770028628,"3,80,162",58,464,14,3,4,4,2,1,7,0.14285714285714285,0.07142857142857142,0.5,5,2.5714285714285716,5,0.7142857142857143,1.6428571428571428,low
local_swap_p2,local_swap,2,4751,770028628,"3,80,162",59,472,14,3,4,4,2,1,7,0.14285714285714285,0.07142857142857142,0.5,5,2.5714285714285716,5,0.7142857142857143,1.6428571428571428,low
local_swap_p2,local_swap,2,4751,770028628,"3,80,162",60,480,14,3,4,4,2,1,7,0.14285714285714285,0.07142857142857142,0.5,5,2.5714285714285716,5,0.7142857142857143,1.6428571428571428,low
local_swap_p2,local_swap,2,4751,770028628,"3,80,162",61,488,14,3,5,2,3,1,8,0.21428571428571427,0.07142857142857142,0.5714285714285714,5,2.5,4,0.7857142857142857,1.6428571428571428,low
local_swap_p2,local_swap,2,4751,770028628,"3,80,162",62,496,14,3,5,2,3,1,8,0.21428571428571427,0.07142857142857142,0.5714285714285714,5,2.5,4,0.7857142857142857,1.6428571428571428,low
local_swap_p2,local_swap,2,4751,770028628,"3,80,162",63,504,14,3,5,2,3,1,8,0.21428571428571427,0.07142857142857142,0.5714285714285714,5,2.5,4,0.7857142857142857,1.6428571428571428,low
local_swap_p2,local_swap,2,4751,770028628,"3,80,162",64,512,15,3,4,2,5,1,7,0.3333333333333333,0.06666666666666667,0.4666666666666667,5,2.6666666666666665,7,0.6,1.8666666666666667,low
local_swap_p2,local_swap,2,4751,770028628,"3,80,162",65,520,15,3,3,3,5,1,6,0.3333333333333333,0.06666666666666667,0.4,4,2.6,7,0.5333333333333333,1.8666666666666667,low
local_swap_p2,local_swap,2,4751,770028628,"3,80,162",66,528,15,3,3,4,4,1,6,0.26666666666666666,0.06666666666666667,0.4,4,2.466666666666667,6,0.5333333333333333,1.8,low
local_swap_p2,local_swap,2,4751,770028628,"3,80,162",67,536,15,3,4,4,3,1,7,0.2,0.06666666666666667,0.4666666666666667,4,2.4,6,0.6,1.6666666666666667,low
local_swap_p2,local_swap,2,4751,770028628,"3,80,162",68,544,15,3,4,4,3,1,7,0.2,0.06666666666666667,0.4666666666666667,4,2.4,6,0.6,1.6666666666666667,low
local_swap_p2,local_swap,2,4751,770028628,"3,80,162",69,552,14,3,4,3,3,1,7,0.21428571428571427,0.07142857142857142,0.5,4,2.642857142857143,5,0.6428571428571429,1.6428571428571428,low
local_swap_p2,local_swap,2,4751,770028628,"3,80,162",70,560,14,3,4,3,3,1,7,0.21428571428571427,0.07142857142857142,0.5,4,2.5714285714285716,3,0.7857142857142857,1.6428571428571428,low
local_swap_p2,local_swap,2,4751,770028628,"3,80,162",71,568,14,3,4,3,3,1,7,0.21428571428571427,0.07142857142857142,0.5,4,2.5714285714285716,3,0.7857142857142857,1.6428571428571428,low
local_swap_p2,local_swap,2,4751,770028628,"3,80,162",72,576,14,3,4,2,4,1,7,0.2857142857142857,0.07142857142857142,0.5,4,2.642857142857143,4,0.7142857142857143,1.7142857142857142,low
local_swap_p2,local_swap,2,4751,770028628,"3,80,162",73,584,14,3,4,2,4,1,7,0.2857142857142857,0.07142857142857142,0.5,4,2.642857142857143,4,0.7142857142857143,1.7142857142857142,low
local_swap_p2,local_swap,2,4751,770028628,"3,80,162",74,592,15,3,4,2,3,3,7,0.2,0.2,0.4666666666666667,5,1.8,4,0.6666666666666666,2.066666666666667,low
local_swap_p2,local_swap,2,4751,770028628,"3,80,162",75,600,15,3,4,2,3,3,7,0.2,0.2,0.4666666666666667,5,2.066666666666667,4,0.6666666666666666,2.0,low
local_swap_p2,local_swap,2,4751,770028628,"3,80,162",76,608,14,3,3,1,4,3,6,0.2857142857142857,0.21428571428571427,0.42857142857142855,5,2.357142857142857,5,0.5714285714285714,2.142857142857143,low
local_swap_p2,local_swap,2,4751,770028628,"3,80,162",77,616,14,3,3,1,4,3,6,0.2857142857142857,0.21428571428571427,0.42857142857142855,5,2.357142857142857,5,0.5714285714285714,2.142857142857143,low
local_swap_p2,local_swap,2,4751,770028628,"3,80,162",78,624,14,3,3,1,3,4,6,0.21428571428571427,0.2857142857142857,0.42857142857142855,5,2.142857142857143,5,0.5714285714285714,2.2142857142857144,low
local_swap_p2,local_swap,2,4751,770028628,"3,80,162",79,632,16,3,3,2,2,6,6,0.125,0.375,0.375,12,1.875,5,0.5625,3.3125,low
local_swap_p2,local_swap,2,4751,770028628,"3,80,162",80,640,16,3,3,2,2,6,6,0.125,0.375,0.375,12,1.875,5,0.5625,3.3125,low
local_swap_p2,local_swap,2,4751,770028628,"3,80,162",81,648,16,3,3,2,2,6,6,0.125,0.375,0.375,12,1.875,5,0.5625,3.3125,low
local_swap_p2,local_swap,2,4751,770028628,"3,80,162",82,656,16,3,3,2,2,6,6,0.125,0.375,0.375,12,1.875,5,0.5625,3.3125,low
local_swap_p2,local_swap,2,4751,770028628,"3,80,162",83,664,20,3,3,4,2,8,6,0.1,0.4,0.3,12,1.55,5,0.7,3.85,low
local_swap_p2,local_swap,2,4751,770028628,"3,80,162",84,672,20,3,3,4,3,7,6,0.15,0.35,0.3,12,1.75,7,0.55,3.8,low
local_swap_p2,local_swap,2,4751,770028628,"3,80,162",85,680,22,3,4,4,1,10,7,0.045454545454545456,0.45454545454545453,0.3181818181818182,12,1.8181818181818181,10,0.45454545454545453,4.2272727272727275,low
local_swap_p2,local_swap,2,4751,770028628,"3,80,162",86,688,24,3,5,4,1,11,8,0.041666666666666664,0.4583333333333333,0.3333333333333333,12,1.625,10,0.4583333333333333,4.125,low
local_swap_p2,local_swap,2,4751,770028628,"3,80,162",87,696,25,3,5,4,1,12,8,0.04,0.48,0.32,12,2.44,11,0.44,4.44,low
local_swap_p2,local_swap,2,4751,770028628,"3,80,162",88,704,25,3,5,4,1,12,8,0.04,0.48,0.32,12,2.44,12,0.44,4.48,low
local_swap_p2,local_swap,2,4751,770028628,"3,80,162",89,712,26,3,5,3,3,12,8,0.11538461538461539,0.46153846153846156,0.3076923076923077,12,2.269230769230769,11,0.5,4.461538461538462,low
local_swap_p2,local_swap,2,4751,770028628,"3,80,162",90,720,26,3,5,3,3,12,8,0.11538461538461539,0.46153846153846156,0.3076923076923077,12,1.8076923076923077,11,0.5,4.5,low
local_swap_p2,local_swap,2,4751,770028628,"3,80,162",91,728,26,3,5,4,2,12,8,0.07692307692307693,0.46153846153846156,0.3076923076923077,12,1.9615384615384615,12,0.5384615384615384,4.3076923076923075,low
local_swap_p2,local_swap,2,4751,770028628,"3,80,162",92,736,26,3,5,3,3,12,8,0.11538461538461539,0.46153846153846156,0.3076923076923077,12,2.0384615384615383,14,0.38461538461538464,4.461538461538462,low
local_swap_p2,local_swap,2,4751,770028628,"3,80,162",93,744,26,3,5,3,3,12,8,0.11538461538461539,0.46153846153846156,0.3076923076923077,11,2.3846153846153846,14,0.38461538461538464,4.384615384615385,low
local_swap_p2,local_swap,2,4751,770028628,"3,80,162",94,752,26,3,5,4,2,12,8,0.07692307692307693,0.46153846153846156,0.3076923076923077,11,2.769230769230769,12,0.5,4.384615384615385,low
local_swap_p2,local_swap,2,4751,770028628,"3,80,162",95,760,26,3,5,4,2,12,8,0.07692307692307693,0.46153846153846156,0.3076923076923077,11,2.769230769230769,12,0.5,4.384615384615385,low
local_swap_p2,local_swap,2,4751,770028628,"3,80,162",96,768,24,3,4,3,3,11,7,0.125,0.4583333333333333,0.2916666666666667,10,2.5416666666666665,13,0.375,4.083333333333333,low
local_swap_p2,local_swap,2,4751,770028628,"3,80,162",97,776,24,3,3,3,4,11,6,0.16666666666666666,0.4583333333333333,0.25,10,2.75,13,0.3333333333333333,4.416666666666667,low
local_swap_p2,local_swap,2,4751,770028628,"3,80,162",98,784,26,3,4,3,5,11,7,0.19230769230769232,0.4230769230769231,0.2692307692307692,10,2.5384615384615383,15,0.38461538461538464,4.269230769230769,low
local_swap_p2,local_swap,2,4751,770028628,"3,80,162",99,792,26,3,4,3,5,11,7,0.19230769230769232,0.4230769230769231,0.2692307692307692,10,2.5384615384615383,15,0.38461538461538464,4.269230769230769,low
local_swap_p2,local_swap,2,4751,770028628,"3,80,162",100,800,26,3,5,3,5,10,8,0.19230769230769232,0.38461538461538464,0.3076923076923077,10,2.6153846153846154,15,0.4230769230769231,3.923076923076923,low
local_swap_p2,local_swap,2,4751,770028628,"3,80,162",101,808,26,3,5,3,5,10,8,0.19230769230769232,0.38461538461538464,0.3076923076923077,10,2.6153846153846154,15,0.4230769230769231,3.923076923076923,low
local_swap_p2,local_swap,2,4751,770028628,"3,80,162",102,816,27,3,5,4,5,10,8,0.18518518518518517,0.37037037037037035,0.2962962962962963,10,2.6666666666666665,13,0.5185185185185185,3.814814814814815,low
local_swap_p2,local_swap,2,4751,770028628,"3,80,162",103,824,26,3,5,4,5,9,8,0.19230769230769232,0.34615384615384615,0.3076923076923077,10,2.576923076923077,10,0.5384615384615384,3.5384615384615383,low
local_swap_p2,local_swap,2,4751,770028628,"3,80,162",104,832,27,3,6,4,5,9,9,0.18518518518518517,0.3333333333333333,0.3333333333333333,10,2.5925925925925926,11,0.5555555555555556,3.2962962962962963,low
local_swap_p2,local_swap,2,4751,770028628,"3,80,162",105,840,26,3,6,4,4,9,9,0.15384615384615385,0.34615384615384615,0.34615384615384615,10,2.6153846153846154,10,0.5769230769230769,3.3076923076923075,low
local_swap_p2,local_swap,2,4751,770028628,"3,80,162",106,848,25,3,6,4,3,9,9,0.12,0.36,0.36,10,2.72,10,0.56,3.32,low
local_swap_p2,local_swap,2,4751,770028628,"3,80,162",107,856,25,3,6,4,3,9,9,0.12,0.36,0.36,10,2.8,10,0.56,3.32,low
local_swap_p2,local_swap,2,4751,770028628,"3,80,162",108,864,25,3,5,4,4,9,8,0.16,0.36,0.32,10,2.92,10,0.52,3.44,low
local_swap_p2,local_swap,2,4751,770028628,"3,80,162",109,872,25,3,5,4,4,9,8,0.16,0.36,0.32,10,2.92,10,0.52,3.44,low
local_swap_p2,local_swap,2,4751,770028628,"3,80,162",110,880,25,3,4,4,5,9,7,0.2,0.36,0.28,10,3.16,11,0.52,3.52,low
local_swap_p2,local_swap,2,4751,770028628,"3,80,162",111,888,25,3,4,4,5,9,7,0.2,0.36,0.28,10,3.16,11,0.52,3.52,low
local_swap_p2,local_swap,2,4751,770028628,"3,80,162",112,896,25,3,4,4,4,10,7,0.16,0.4,0.28,10,3.36,13,0.36,3.52,low
local_swap_p2,local_swap,2,4751,770028628,"3,80,162",113,904,27,3,4,4,4,12,7,0.14814814814814814,0.4444444444444444,0.25925925925925924,10,3.3703703703703702,13,0.3333333333333333,3.962962962962963,low
local_swap_p2,local_swap,2,4751,770028628,"3,80,162",114,912,28,3,4,4,4,13,7,0.14285714285714285,0.4642857142857143,0.25,10,3.1785714285714284,12,0.32142857142857145,4.035714285714286,low
local_swap_p2,local_swap,2,4751,770028628,"3,80,162",115,920,29,3,5,4,4,13,8,0.13793103448275862,0.4482758620689655,0.27586206896551724,10,3.0,10,0.5172413793103449,3.896551724137931,low
local_swap_p2,local_swap,2,4751,770028628,"3,80,162",116,928,29,3,6,3,4,13,9,0.13793103448275862,0.4482758620689655,0.3103448275862069,10,2.8620689655172415,10,0.5517241379310345,3.8620689655172415,low
local_swap_p2,local_swap,2,4751,770028628,"3,80,162",117,936,28,3,5,3,4,13,8,0.14285714285714285,0.4642857142857143,0.2857142857142857,10,2.9285714285714284,10,0.5357142857142857,4.0,low
local_swap_p2,local_swap,2,4751,770028628,"3,80,162",118,944,28,3,5,3,4,13,8,0.14285714285714285,0.4642857142857143,0.2857142857142857,10,2.75,12,0.5357142857142857,4.0,low
local_swap_p2,local_swap,2,4751,770028628,"3,80,162",119,952,28,3,5,3,4,13,8,0.14285714285714285,0.4642857142857143,0.2857142857142857,10,2.75,12,0.5357142857142857,4.0,low
local_swap_p2,local_swap,2,4751,770028628,"3,80,162",120,960,28,3,5,3,5,12,8,0.17857142857142858,0.42857142857142855,0.2857142857142857,10,3.0,13,0.5357142857142857,3.9285714285714284,low
local_swap_p2,local_swap,2,4751,770028628,"3,80,162",121,968,30,3,5,3,5,14,8,0.16666666666666666,0.4666666666666667,0.26666666666666666,10,3.3666666666666667,13,0.5,4.3,low
local_swap_p2,local_swap,2,4751,770028628,"3,80,162",122,976,33,3,5,2,6,17,8,0.18181818181818182,0.5151515151515151,0.24242424242424243,12,2.757575757575758,17,0.3333333333333333,5.0,low
local_swap_p2,local_swap,2,4751,770028628,"3,80,162",123,984,33,3,5,2,6,17,8,0.18181818181818182,0.5151515151515151,0.24242424242424243,12,2.696969696969697,17,0.3333333333333333,5.03030303030303,low
local_swap_p2,local_swap,2,4751,770028628,"3,80,162",124,992,33,3,5,2,6,17,8,0.18181818181818182,0.5151515151515151,0.24242424242424243,12,2.696969696969697,17,0.3333333333333333,4.96969696969697,low
local_swap_p2,local_swap,2,4751,770028628,"3,80,162",125,1000,31,3,5,2,6,15,8,0.1935483870967742,0.4838709677419355,0.25806451612903225,10,2.7096774193548385,16,0.3548387096774194,4.580645161290323,low
local_swap_p2,local_swap,2,4751,770028628,"3,80,162",126,1008,32,3,4,2,6,17,7,0.1875,0.53125,0.21875,10,2.78125,15,0.3125,5.0,low
local_swap_p2,local_swap,2,4751,770028628,"3,80,162",127,1016,35,3,6,2,6,18,9,0.17142857142857143,0.5142857142857142,0.2571428571428571,10,2.657142857142857,13,0.34285714285714286,4.885714285714286,low
local_swap_p2,local_swap,2,4751,770028628,"3,80,162",128,1024,36,3,6,2,7,18,9,0.19444444444444445,0.5,0.25,10,2.5277777777777777,13,0.3333333333333333,4.833333333333333,low
local_swap_p2,local_swap,2,4751,770028628,"3,80,162",129,1032,36,3,6,2,7,18,9,0.19444444444444445,0.5,0.25,10,2.5277777777777777,13,0.3333333333333333,4.833333333333333,low
local_swap_p2,local_swap,2,4751,770028628,"3,80,162",130,1040,35,3,6,1,7,18,9,0.2,0.5142857142857142,0.2571428571428571,10,2.7142857142857144,13,0.3142857142857143,4.914285714285715,low
local_swap_p2,local_swap,2,4751,770028628,"3,80,162",131,1048,37,3,5,2,7,20,8,0.1891891891891892,0.5405405405405406,0.21621621621621623,13,2.675675675675676,13,0.40540540540540543,5.378378378378378,low
local_swap_p2,local_swap,2,4751,770028628,"3,80,162",132,1056,40,3,5,2,7,23,8,0.175,0.575,0.2,13,2.65,14,0.375,5.725,low
local_swap_p2,local_swap,2,4751,770028628,"3,80,162",133,1064,39,3,4,3,6,23,7,0.15384615384615385,0.5897435897435898,0.1794871794871795,13,2.7435897435897436,14,0.358974358974359,5.82051282051282,low
local_swap_p2,local_swap,2,4751,770028628,"3,80,162",134,1072,40,3,4,3,6,24,7,0.15,0.6,0.175,13,2.775,15,0.35,5.925,low
local_swap_p2,local_swap,2,4751,770028628,"3,80,162",135,1080,39,3,4,3,4,25,7,0.10256410256410256,0.6410256410256411,0.1794871794871795,13,3.1025641025641026,14,0.3333333333333333,6.0,mid
local_swap_p2,local_swap,2,4751,770028628,"3,80,162",136,1088,40,3,4,3,4,26,7,0.1,0.65,0.175,13,3.15,15,0.325,6.05,mid
local_swap_p2,local_swap,2,4751,770028628,"3,80,162",137,1096,42,3,4,4,4,27,7,0.09523809523809523,0.6428571428571429,0.16666666666666666,13,3.0476190476190474,16,0.30952380952380953,5.928571428571429,mid
local_swap_p2,local_swap,2,4751,770028628,"3,80,162",138,1104,44,3,4,5,5,27,7,0.11363636363636363,0.6136363636363636,0.1590909090909091,14,3.0454545454545454,16,0.29545454545454547,6.0227272727272725,low
local_swap_p2,local_swap,2,4751,770028628,"3,80,162",139,1112,49,3,4,5,6,31,7,0.12244897959183673,0.6326530612244898,0.14285714285714285,14,2.7551020408163267,17,0.2857142857142857,6.448979591836735,mid
local_swap_p2,local_swap,2,4751,770028628,"3,80,162",140,1120,50,3,4,5,6,32,7,0.12,0.64,0.14,14,2.72,19,0.28,6.56,mid
local_swap_p2,local_swap,2,4751,770028628,"3,80,162",141,1128,48,3,4,5,6,30,7,0.125,0.625,0.14583333333333334,14,2.7291666666666665,17,0.2916666666666667,6.166666666666667,mid
local_swap_p2,local_swap,2,4751,770028628,"3,80,162",142,1136,50,3,4,4,6,33,7,0.12,0.66,0.14,14,2.88,15,0.32,6.44,mid
local_swap_p2,local_swap,2,4751,770028628,"3,80,162",143,1144,49,3,4,4,6,32,7,0.12244897959183673,0.6530612244897959,0.14285714285714285,14,2.795918367346939,15,0.32653061224489793,6.36734693877551,mid
local_swap_p2,local_swap,2,4751,770028628,"3,80,162",144,1152,48,3,4,4,6,31,7,0.125,0.6458333333333334,0.14583333333333334,15,2.7916666666666665,17,0.2708333333333333,6.354166666666667,mid
local_swap_p2,local_swap,2,4751,770028628,"3,80,162",145,1160,52,3,5,4,7,33,8,0.1346153846153846,0.6346153846153846,0.15384615384615385,15,2.5,16,0.3269230769230769,6.346153846153846,mid
local_swap_p2,local_swap,2,4751,770028628,"3,80,162",146,1168,54,3,6,4,7,34,9,0.12962962962962962,0.6296296296296297,0.16666666666666666,14,2.4444444444444446,17,0.3333333333333333,6.314814814814815,mid
local_swap_p2,local_swap,2,4751,770028628,"3,80,162",147,1176,54,3,6,4,7,34,9,0.12962962962962962,0.6296296296296297,0.16666666666666666,14,2.4444444444444446,17,0.3333333333333333,6.314814814814815,mid
local_swap_p2,local_swap,2,4751,770028628,"3,80,162",148,1184,53,3,5,4,7,34,8,0.1320754716981132,0.6415094339622641,0.1509433962264151,14,2.509433962264151,17,0.32075471698113206,6.415094339622642,mid
local_swap_p2,local_swap,2,4751,770028628,"3,80,162",149,1192,52,3,5,4,7,33,8,0.1346153846153846,0.6346153846153846,0.15384615384615385,14,2.576923076923077,17,0.3269230769230769,6.346153846153846,mid
local_swap_p2,local_swap,2,4751,770028628,"3,80,162",150,1200,51,3,5,4,7,32,8,0.13725490196078433,0.6274509803921569,0.1568627450980392,14,2.7450980392156863,17,0.3137254901960784,6.352941176470588,mid
local_swap_p2,local_swap,2,4751,770028628,"3,80,162",151,1208,56,3,5,4,7,37,8,0.125,0.6607142857142857,0.14285714285714285,14,2.5892857142857144,20,0.30357142857142855,6.625,mid
local_swap_p2,local_swap,2,4751,770028628,"3,80,162",152,1216,58,3,5,4,7,39,8,0.1206896551724138,0.6724137931034483,0.13793103448275862,14,2.5344827586206895,20,0.29310344827586204,6.758620689655173,mid
local_swap_p2,local_swap,2,4751,770028628,"3,80,162",153,1224,58,3,5,4,6,40,8,0.10344827586206896,0.6896551724137931,0.13793103448275862,14,2.5689655172413794,20,0.27586206896551724,6.896551724137931,high
local_swap_p2,local_swap,2,4751,770028628,"3,80,162",154,1232,57,3,5,4,5,40,8,0.08771929824561403,0.7017543859649122,0.14035087719298245,14,2.6491228070175437,20,0.22807017543859648,7.035087719298246,high
local_swap_p2,local_swap,2,4751,770028628,"3,80,162",155,1240,54,3,5,4,5,37,8,0.09259259259259259,0.6851851851851852,0.14814814814814814,14,2.759259259259259,23,0.24074074074074073,6.888888888888889,high
local_swap_p2,local_swap,2,4751,770028628,"3,80,162",156,1248,53,3,5,4,6,35,8,0.11320754716981132,0.660377358490566,0.1509433962264151,13,2.7169811320754715,23,0.2641509433962264,6.849056603773585,mid
local_swap_p2,local_swap,2,4751,770028628,"3,80,162",157,1256,58,3,6,4,6,39,9,0.10344827586206896,0.6724137931034483,0.15517241379310345,13,2.586206896551724,19,0.27586206896551724,6.913793103448276,mid
local_swap_p2,local_swap,2,4751,770028628,"3,80,162",158,1264,57,3,6,4,5,39,9,0.08771929824561403,0.6842105263157895,0.15789473684210525,13,2.6491228070175437,20,0.24561403508771928,6.982456140350878,high
local_swap_p2,local_swap,2,4751,770028628,"3,80,162",159,1272,60,3,6,4,5,42,9,0.08333333333333333,0.7,0.15,13,2.3833333333333333,21,0.23333333333333334,7.1,high
local_swap_p2,local_swap,2,4751,770028628,"3,80,162",160,1280,55,3,6,4,5,37,9,0.09090909090909091,0.6727272727272727,0.16363636363636364,13,2.5272727272727273,21,0.2545454545454545,6.763636363636364,mid
local_swap_p2,local_swap,2,4751,770028628,"3,80,162",161,1288,61,3,6,4,5,43,9,0.08196721311475409,0.7049180327868853,0.14754098360655737,13,2.3114754098360657,20,0.22950819672131148,7.049180327868853,high
local_swap_p2,local_swap,2,4751,770028628,"3,80,162",162,1296,63,3,6,4,4,46,9,0.06349206349206349,0.7301587301587301,0.14285714285714285,14,2.3015873015873014,19,0.2222222222222222,7.301587301587301,high
local_swap_p2,local_swap,2,4751,770028628,"3,80,162",163,1304,64,3,5,4,6,46,8,0.09375,0.71875,0.125,14,2.28125,19,0.21875,7.265625,high
local_swap_p2,local_swap,2,4751,770028628,"3,80,162",164,1312,62,3,5,4,6,44,8,0.0967741935483871,0.7096774193548387,0.12903225806451613,14,2.338709677419355,19,0.22580645161290322,7.161290322580645,high
local_swap_p2,local_swap,2,4751,770028628,"3,80,162",165,1320,62,3,5,5,5,44,8,0.08064516129032258,0.7096774193548387,0.12903225806451613,14,2.306451612903226,19,0.22580645161290322,7.145161290322581,high
local_swap_p2,local_swap,2,4751,770028628,"3,80,162",166,1328,65,3,5,5,5,47,8,0.07692307692307693,0.7230769230769231,0.12307692307692308,14,2.123076923076923,19,0.2153846153846154,7.2615384615384615,high
local_swap_p2,local_swap,2,4751,770028628,"3,80,162",167,1336,63,3,5,5,5,45,8,0.07936507936507936,0.7142857142857143,0.12698412698412698,14,2.3333333333333335,20,0.2222222222222222,7.158730158730159,high
local_swap_p2,local_swap,2,4751,770028628,"3,80,162",168,1344,63,3,6,5,5,44,9,0.07936507936507936,0.6984126984126984,0.14285714285714285,14,2.3968253968253967,19,0.25396825396825395,7.222222222222222,high
local_swap_p2,local_swap,2,4751,770028628,"3,80,162",169,1352,64,3,6,5,6,44,9,0.09375,0.6875,0.140625,14,2.390625,18,0.265625,7.09375,high
local_swap_p2,local_swap,2,4751,770028628,"3,80,162",170,1360,67,3,6,5,6,47,9,0.08955223880597014,0.7014925373134329,0.13432835820895522,14,2.3582089552238807,19,0.26865671641791045,7.2835820895522385,high
local_swap_p2,local_swap,2,4751,770028628,"3,80,162",171,1368,68,3,6,5,5,49,9,0.07352941176470588,0.7205882352941176,0.1323529411764706,14,2.323529411764706,21,0.27941176470588236,7.455882352941177,high
local_swap_p2,local_swap,2,4751,770028628,"3,80,162",172,1376,66,3,5,4,5,49,8,0.07575757575757576,0.7424242424242424,0.12121212121212122,14,2.1818181818181817,23,0.22727272727272727,7.742424242424242,high
local_swap_p2,local_swap,2,4751,770028628,"3,80,162",173,1384,64,3,5,4,5,47,8,0.078125,0.734375,0.125,14,2.25,23,0.203125,7.671875,high
local_swap_p2,local_swap,2,4751,770028628,"3,80,162",174,1392,63,3,5,4,5,46,8,0.07936507936507936,0.7301587301587301,0.12698412698412698,14,2.3015873015873014,23,0.20634920634920634,7.634920634920635,high
local_swap_p2,local_swap,2,4751,770028628,"3,80,162",175,1400,63,3,4,3,6,47,7,0.09523809523809523,0.746031746031746,0.1111111111111111,14,2.2698412698412698,23,0.2222222222222222,7.809523809523809,high
local_swap_p2,local_swap,2,4751,770028628,"3,80,162",176,1408,63,3,5,3,6,46,8,0.09523809523809523,0.7301587301587301,0.12698412698412698,14,2.3492063492063493,22,0.25396825396825395,7.634920634920635,high
local_swap_p2,local_swap,2,4751,770028628,"3,80,162",177,1416,63,3,5,3,6,46,8,0.09523809523809523,0.7301587301587301,0.12698412698412698,14,2.3492063492063493,22,0.25396825396825395,7.634920634920635,high
local_swap_p2,local_swap,2,4751,770028628,"3,80,162",178,1424,65,3,5,4,5,48,8,0.07692307692307693,0.7384615384615385,0.12307692307692308,14,2.276923076923077,21,0.24615384615384617,7.723076923076923,high
local_swap_p2,local_swap,2,4751,770028628,"3,80,162",179,1432,66,3,5,4,5,49,8,0.07575757575757576,0.7424242424242424,0.12121212121212122,14,2.3636363636363638,20,0.24242424242424243,7.7272727272727275,high
local_swap_p2,local_swap,2,4751,770028628,"3,80,162",180,1440,68,3,5,3,7,50,8,0.10294117647058823,0.7352941176470589,0.11764705882352941,14,2.4558823529411766,22,0.25,7.720588235294118,high
local_swap_p2,local_swap,2,4751,770028628,"3,80,162",181,1448,68,3,5,3,7,50,8,0.10294117647058823,0.7352941176470589,0.11764705882352941,14,2.3529411764705883,23,0.25,7.735294117647059,high
local_swap_p2,local_swap,2,4751,770028628,"3,80,162",182,1456,68,2,5,3,7,51,7,0.10294117647058823,0.75,0.10294117647058823,14,2.3529411764705883,24,0.22058823529411764,7.823529411764706,high
local_swap_p2,local_swap,2,4751,770028628,"3,80,162",183,1464,70,2,5,3,7,53,7,0.1,0.7571428571428571,0.1,14,2.3285714285714287,24,0.22857142857142856,7.914285714285715,high
local_swap_p2,local_swap,2,4751,770028628,"3,80,162",184,1472,73,2,5,3,7,56,7,0.0958904109589041,0.7671232876712328,0.0958904109589041,14,2.232876712328767,22,0.2328767123287671,8.027397260273972,high
local_swap_p2,local_swap,2,4751,770028628,"3,80,162",185,1480,73,2,5,3,7,56,7,0.0958904109589041,0.7671232876712328,0.0958904109589041,14,2.232876712328767,22,0.2328767123287671,8.013698630136986,high
local_swap_p2,local_swap,2,4751,770028628,"3,80,162",186,1488,75,2,6,4,7,56,8,0.09333333333333334,0.7466666666666667,0.10666666666666667,14,1.92,22,0.21333333333333335,7.786666666666667,high
local_swap_p2,local_swap,2,4751,770028628,"3,80,162",187,1496,78,2,6,4,7,59,8,0.08974358974358974,0.7564102564102564,0.10256410256410256,14,1.8974358974358974,23,0.21794871794871795,7.884615384615385,high
local_swap_p2,local_swap,2,4751,770028628,"3,80,162",188,1504,80,2,6,4,8,60,8,0.1,0.75,0.1,14,1.8625,23,0.225,7.825,high
local_swap_p2,local_swap,2,4751,770028628,"3,80,162",189,1512,79,2,6,4,8,59,8,0.10126582278481013,0.7468354430379747,0.10126582278481013,14,1.9113924050632911,25,0.20253164556962025,7.7974683544303796,high
local_swap_p2,local_swap,2,4751,770028628,"3,80,162",190,1520,81,2,6,4,7,62,8,0.08641975308641975,0.7654320987654321,0.09876543209876543,14,1.9012345679012346,24,0.2222222222222222,7.938271604938271,high
local_swap_p2,local_swap,2,4751,770028628,"3,80,162",191,1528,80,2,6,4,7,61,8,0.0875,0.7625,0.1,14,1.9125,23,0.225,7.95,high
local_swap_p2,local_swap,2,4751,770028628,"3,80,162",192,1536,80,3,6,4,7,60,9,0.0875,0.75,0.1125,14,1.875,23,0.2625,7.75,high
local_swap_p2,local_swap,2,4751,770028628,"3,80,162",193,1544,83,3,6,4,7,63,9,0.08433734939759036,0.7590361445783133,0.10843373493975904,15,1.8313253012048192,23,0.25301204819277107,7.927710843373494,high
local_swap_p2,local_swap,2,4751,770028628,"3,80,162",194,1552,81,3,6,4,7,61,9,0.08641975308641975,0.7530864197530864,0.1111111111111111,14,1.9382716049382716,23,0.2716049382716049,7.592592592592593,high
local_swap_p2,local_swap,2,4751,770028628,"3,80,162",195,1560,81,3,6,4,8,60,9,0.09876543209876543,0.7407407407407407,0.1111111111111111,14,1.9259259259259258,25,0.2716049382716049,7.530864197530864,high
local_swap_p2,local_swap,2,4751,770028628,"3,80,162",196,1568,83,3,6,4,9,61,9,0.10843373493975904,0.7349397590361446,0.10843373493975904,14,1.8795180722891567,25,0.26506024096385544,7.397590361445783,high
local_swap_p2,local_swap,2,4751,770028628,"3,80,162",197,1576,83,3,6,4,9,61,9,0.10843373493975904,0.7349397590361446,0.10843373493975904,14,1.8795180722891567,28,0.26506024096385544,7.337349397590361,high
local_swap_p2,local_swap,2,4751,770028628,"3,80,162",198,1584,83,2,6,3,10,62,8,0.12048192771084337,0.7469879518072289,0.0963855421686747,14,1.927710843373494,28,0.21686746987951808,7.518072289156627,high
local_swap_p2,local_swap,2,4751,770028628,"3,80,162",199,1592,82,2,5,3,9,63,7,0.10975609756097561,0.7682926829268293,0.08536585365853659,14,1.951219512195122,24,0.2804878048780488,7.597560975609756,high
local_swap_p2,local_swap,2,4751,770028628,"3,80,162",200,1600,85,2,5,4,9,65,7,0.10588235294117647,0.7647058823529411,0.08235294117647059,14,1.8941176470588235,22,0.24705882352941178,7.623529411764705,high
local_swap_p2,local_swap,2,4751,770028628,"3,80,162",201,1608,85,2,5,4,9,65,7,0.10588235294117647,0.7647058823529411,0.08235294117647059,14,1.8470588235294119,24,0.23529411764705882,7.552941176470588,high
local_swap_p2,local_swap,2,4751,770028628,"3,80,162",202,1616,86,2,5,4,9,66,7,0.10465116279069768,0.7674418604651163,0.08139534883720931,14,1.7906976744186047,23,0.2441860465116279,7.569767441860465,high
local_swap_p2,local_swap,2,4751,770028628,"3,80,162",203,1624,88,2,6,4,8,68,8,0.09090909090909091,0.7727272727272727,0.09090909090909091,14,1.7613636363636365,23,0.22727272727272727,7.659090909090909,high
local_swap_p2,local_swap,2,4751,770028628,"3,80,162",204,1632,87,2,6,5,8,66,8,0.09195402298850575,0.7586206896551724,0.09195402298850575,14,1.8045977011494252,24,0.2413793103448276,7.517241379310345,high
local_swap_p2,local_swap,2,4751,770028628,"3,80,162",205,1640,87,2,6,5,8,66,8,0.09195402298850575,0.7586206896551724,0.09195402298850575,14,1.793103448275862,25,0.2413793103448276,7.471264367816092,high
local_swap_p2,local_swap,2,4751,770028628,"3,80,162",206,1648,85,2,6,4,8,65,8,0.09411764705882353,0.7647058823529411,0.09411764705882353,14,1.8352941176470587,24,0.23529411764705882,7.517647058823529,high
local_swap_p2,local_swap,2,4751,770028628,"3,80,162",207,1656,85,2,6,4,8,65,8,0.09411764705882353,0.7647058823529411,0.09411764705882353,14,1.8352941176470587,22,0.23529411764705882,7.470588235294118,high
local_swap_p2,local_swap,2,4751,770028628,"3,80,162",208,1664,85,2,6,4,8,65,8,0.09411764705882353,0.7647058823529411,0.09411764705882353,14,1.8352941176470587,22,0.23529411764705882,7.470588235294118,high
local_swap_p2,local_swap,2,4751,770028628,"3,80,162",209,1672,87,2,6,4,8,67,8,0.09195402298850575,0.7701149425287356,0.09195402298850575,15,1.7816091954022988,24,0.22988505747126436,7.7011494252873565,high
local_swap_p2,local_swap,2,4751,770028628,"3,80,162",210,1680,89,2,6,4,9,68,8,0.10112359550561797,0.7640449438202247,0.0898876404494382,15,1.7640449438202248,21,0.23595505617977527,7.573033707865169,high
local_swap_p2,local_swap,2,4751,770028628,"3,80,162",211,1688,89,2,6,4,9,68,8,0.10112359550561797,0.7640449438202247,0.0898876404494382,15,1.7640449438202248,21,0.23595505617977527,7.573033707865169,high
local_swap_p2,local_swap,2,4751,770028628,"3,80,162",212,1696,93,2,6,4,9,72,8,0.0967741935483871,0.7741935483870968,0.08602150537634409,15,1.8064516129032258,23,0.1935483870967742,7.688172043010753,high
local_swap_p2,local_swap,2,4751,770028628,"3,80,162",213,1704,94,2,7,4,8,73,9,0.0851063829787234,0.776595744680851,0.09574468085106383,15,1.797872340425532,25,0.2127659574468085,7.702127659574468,high
local_swap_p2,local_swap,2,4751,770028628,"3,80,162",214,1712,93,3,7,4,8,71,10,0.08602150537634409,0.7634408602150538,0.10752688172043011,14,1.7956989247311828,22,0.2903225806451613,7.483870967741935,high
local_swap_p2,local_swap,2,4751,770028628,"3,80,162",215,1720,92,3,7,3,9,70,10,0.09782608695652174,0.7608695652173914,0.10869565217391304,14,1.815217391304348,22,0.2391304347826087,7.543478260869565,high
local_swap_p2,local_swap,2,4751,770028628,"3,80,162",216,1728,94,2,7,3,11,71,9,0.11702127659574468,0.7553191489361702,0.09574468085106383,14,1.9361702127659575,21,0.2765957446808511,7.542553191489362,high
local_swap_p2,local_swap,2,4751,770028628,"3,80,162",217,1736,93,2,7,3,10,71,9,0.10752688172043011,0.7634408602150538,0.0967741935483871,14,1.8172043010752688,20,0.27956989247311825,7.548387096774194,high
local_swap_p2,local_swap,2,4751,770028628,"3,80,162",218,1744,89,2,7,4,10,66,9,0.11235955056179775,0.7415730337078652,0.10112359550561797,14,2.0224719101123596,20,0.23595505617977527,7.404494382022472,high
local_swap_p2,local_swap,2,4751,770028628,"3,80,162",219,1752,88,2,7,4,10,65,9,0.11363636363636363,0.7386363636363636,0.10227272727272728,14,2.0568181818181817,20,0.23863636363636365,7.375,high
local_swap_p2,local_swap,2,4751,770028628,"3,80,162",220,1760,89,2,7,4,10,66,9,0.11235955056179775,0.7415730337078652,0.10112359550561797,14,2.0224719101123596,20,0.23595505617977527,7.415730337078652,high
local_swap_p2,local_swap,2,4751,770028628,"3,80,162",221,1768,90,2,7,4,10,67,9,0.1111111111111111,0.7444444444444445,0.1,14,1.9777777777777779,18,0.4444444444444444,7.4222222222222225,high
local_swap_p2,local_swap,2,4751,770028628,"3,80,162",222,1776,92,2,7,4,11,68,9,0.11956521739130435,0.7391304347826086,0.09782608695652174,14,1.8804347826086956,16,0.44565217391304346,7.326086956521739,high
local_swap_p2,local_swap,2,4751,770028628,"3,80,162",223,1784,89,2,7,4,10,66,9,0.11235955056179775,0.7415730337078652,0.10112359550561797,14,1.9325842696629214,18,0.2808988764044944,7.415730337078652,high
local_swap_p2,local_swap,2,4751,770028628,"3,80,162",224,1792,90,2,7,4,11,66,9,0.12222222222222222,0.7333333333333333,0.1,14,1.8333333333333333,17,0.26666666666666666,7.344444444444444,high
local_swap_p2,local_swap,2,4751,770028628,"3,80,162",225,1800,90,2,7,4,10,67,9,0.1111111111111111,0.7444444444444445,0.1,14,1.7,17,0.2777777777777778,7.344444444444444,high
local_swap_p2,local_swap,2,4751,770028628,"3,80,162",226,1808,88,2,7,4,10,65,9,0.11363636363636363,0.7386363636363636,0.10227272727272728,14,1.7954545454545454,17,0.29545454545454547,7.261363636363637,high
local_swap_p2,local_swap,2,4751,770028628,"3,80,162",227,1816,89,2,7,3,10,67,9,0.11235955056179775,0.7528089887640449,0.10112359550561797,14,1.7752808988764044,18,0.3258426966292135,7.415730337078652,high
local_swap_p2,local_swap,2,4751,770028628,"3,80,162",228,1824,90,2,7,3,9,69,9,0.1,0.7666666666666667,0.1,14,1.7777777777777777,18,0.32222222222222224,7.5,high
local_swap_p2,local_swap,2,4751,770028628,"3,80,162",229,1832,92,3,7,3,9,70,10,0.09782608695652174,0.7608695652173914,0.10869565217391304,14,1.9021739130434783,18,0.29347826086956524,7.413043478260869,high
local_swap_p2,local_swap,2,4751,770028628,"3,80,162",230,1840,93,3,7,3,9,71,10,0.0967741935483871,0.7634408602150538,0.10752688172043011,14,1.903225806451613,15,0.3118279569892473,7.462365591397849,high
local_swap_p2,local_swap,2,4751,770028628,"3,80,162",231,1848,93,3,7,3,9,71,10,0.0967741935483871,0.7634408602150538,0.10752688172043011,14,1.89247311827957,13,0.5483870967741935,7.451612903225806,high
local_swap_p2,local_swap,2,4751,770028628,"3,80,162",232,1856,93,3,7,3,10,70,10,0.10752688172043011,0.7526881720430108,0.10752688172043011,14,1.913978494623656,13,0.5376344086021505,7.365591397849462,high
local_swap_p2,local_swap,2,4751,770028628,"3,80,162",233,1864,97,3,7,3,10,74,10,0.10309278350515463,0.7628865979381443,0.10309278350515463,14,1.8453608247422681,16,0.5051546391752577,7.556701030927835,high
local_swap_p2,local_swap,2,4751,770028628,"3,80,162",234,1872,99,3,7,3,10,76,10,0.10101010101010101,0.7676767676767676,0.10101010101010101,14,1.7676767676767677,16,0.5151515151515151,7.636363636363637,high
local_swap_p2,local_swap,2,4751,770028628,"3,80,162",235,1880,100,2,6,3,10,79,8,0.1,0.79,0.08,14,1.69,16,0.53,7.78,high
local_swap_p2,local_swap,2,4751,770028628,"3,80,162",236,1888,101,2,6,4,9,80,8,0.0891089108910891,0.7920792079207921,0.07920792079207921,14,1.683168316831683,15,0.5247524752475248,7.752475247524752,high
local_swap_p2,local_swap,2,4751,770028628,"3,80,162",237,1896,100,2,6,4,9,79,8,0.09,0.79,0.08,14,1.7,15,0.52,7.7,high
local_swap_p2,local_swap,2,4751,770028628,"3,80,162",238,1904,100,2,6,4,9,79,8,0.09,0.79,0.08,14,1.66,15,0.52,7.71,high
local_swap_p2,local_swap,2,4751,770028628,"3,80,162",239,1912,101,2,6,4,9,80,8,0.0891089108910891,0.7920792079207921,0.07920792079207921,14,1.693069306930693,15,0.5247524752475248,7.653465346534653,high
local_swap_p2,local_swap,2,4751,770028628,"3,80,162",240,1920,102,2,6,5,9,80,8,0.08823529411764706,0.7843137254901961,0.0784313725490196,14,1.7450980392156863,17,0.5098039215686274,7.588235294117647,high
local_swap_p2,local_swap,2,4751,770028628,"3,80,162",241,1928,104,2,6,5,9,82,8,0.08653846153846154,0.7884615384615384,0.07692307692307693,14,1.6442307692307692,18,0.5,7.740384615384615,high
local_swap_p2,local_swap,2,4751,770028628,"3,80,162",242,1936,102,2,6,5,9,80,8,0.08823529411764706,0.7843137254901961,0.0784313725490196,14,1.696078431372549,18,0.5098039215686274,7.764705882352941,high
local_swap_p2,local_swap,2,4751,770028628,"3,80,162",243,1944,102,2,6,5,8,81,8,0.0784313725490196,0.7941176470588235,0.0784313725490196,15,1.6862745098039216,18,0.5098039215686274,7.784313725490196,high
local_swap_p2,local_swap,2,4751,770028628,"3,80,162",244,1952,102,2,6,5,8,81,8,0.0784313725490196,0.7941176470588235,0.0784313725490196,15,1.7156862745098038,19,0.5098039215686274,7.872549019607843,high
local_swap_p2,local_swap,2,4751,770028628,"3,80,162",245,1960,103,2,6,5,8,82,8,0.07766990291262135,0.7961165048543689,0.07766990291262135,15,1.6407766990291262,18,0.5242718446601942,7.912621359223301,high
local_swap_p2,local_swap,2,4751,770028628,"3,80,162",246,1968,105,2,6,5,8,84,8,0.0761904761904762,0.8,0.0761904761904762,15,1.5904761904761904,17,0.5428571428571428,7.923809523809524,high
local_swap_p2,local_swap,2,4751,770028628,"3,80,162",247,1976,105,2,6,5,8,84,8,0.0761904761904762,0.8,0.0761904761904762,15,1.5714285714285714,17,0.5428571428571428,7.923809523809524,high
local_swap_p2,local_swap,2,4751,770028628,"3,80,162",248,1984,105,2,6,5,8,84,8,0.0761904761904762,0.8,0.0761904761904762,15,1.5809523809523809,18,0.5333333333333333,7.933333333333334,high
local_swap_p2,local_swap,2,4751,770028628,"3,80,162",249,1992,104,2,6,5,8,83,8,0.07692307692307693,0.7980769230769231,0.07692307692307693,15,1.6057692307692308,18,0.5288461538461539,7.903846153846154,high
local_swap_p2,local_swap,2,4751,770028628,"3,80,162",250,2000,106,2,6,5,8,85,8,0.07547169811320754,0.8018867924528302,0.07547169811320754,15,1.650943396226415,19,0.5283018867924528,7.943396226415095,high
local_swap_p2,local_swap,2,4751,770028628,"3,80,162",251,2008,105,2,6,5,9,83,8,0.08571428571428572,0.7904761904761904,0.0761904761904762,15,1.7619047619047619,18,0.5142857142857142,7.885714285714286,high
local_swap_p2,local_swap,2,4751,770028628,"3,80,162",252,2016,101,2,6,5,9,79,8,0.0891089108910891,0.7821782178217822,0.07920792079207921,14,1.8613861386138615,18,0.504950495049505,7.801980198019802,high
local_swap_p2,local_swap,2,4751,770028628,"3,80,162",253,2024,104,2,6,5,9,82,8,0.08653846153846154,0.7884615384615384,0.07692307692307693,14,1.7596153846153846,17,0.5096153846153846,7.826923076923077,high
local_swap_p2,local_swap,2,4751,770028628,"3,80,162",254,2032,104,2,6,5,9,82,8,0.08653846153846154,0.7884615384615384,0.07692307692307693,14,1.7403846153846154,17,0.5096153846153846,7.826923076923077,high
local_swap_p2,local_swap,2,4751,770028628,"3,80,162",255,2040,106,2,6,5,9,84,8,0.08490566037735849,0.7924528301886793,0.07547169811320754,14,1.7264150943396226,19,0.5,7.90566037735849,high
local_swap_p2,local_swap,2,4751,770028628,"3,80,162",256,2048,108,2,6,5,9,86,8,0.08333333333333333,0.7962962962962963,0.07407407407407407,15,1.712962962962963,24,0.3888888888888889,8.0,high
local_swap_p2,local_swap,2,4751,770028628,"3,80,162",257,2056,112,2,6,5,10,89,8,0.08928571428571429,0.7946428571428571,0.07142857142857142,15,1.6607142857142858,25,0.39285714285714285,8.089285714285714,high
local_swap_p2,local_swap,2,4751,770028628,"3,80,162",258,2064,113,2,6,5,10,90,8,0.08849557522123894,0.7964601769911505,0.07079646017699115,15,1.6283185840707965,25,0.39823008849557523,8.106194690265486,high
local_swap_p2,local_swap,2,4751,770028628,"3,80,162",259,2072,118,2,6,5,10,95,8,0.0847457627118644,0.8050847457627118,0.06779661016949153,15,1.5932203389830508,24,0.4322033898305085,8.152542372881356,high
local_swap_p2,local_swap,2,4751,770028628,"3,80,162",260,2080,121,2,6,5,10,98,8,0.08264462809917356,0.8099173553719008,0.06611570247933884,14,1.512396694214876,17,0.5619834710743802,8.090909090909092,high
local_swap_p2,local_swap,2,4751,770028628,"3,80,162",261,2088,121,2,6,4,11,98,8,0.09090909090909091,0.8099173553719008,0.06611570247933884,14,1.5867768595041323,19,0.5371900826446281,8.132231404958677,high
local_swap_p2,local_swap,2,4751,770028628,"3,80,162",262,2096,122,2,6,4,11,99,8,0.09016393442622951,0.8114754098360656,0.06557377049180328,14,1.5737704918032787,18,0.5409836065573771,8.163934426229508,high
local_swap_p2,local_swap,2,4751,770028628,"3,80,162",263,2104,122,2,6,4,11,99,8,0.09016393442622951,0.8114754098360656,0.06557377049180328,14,1.5163934426229508,16,0.5491803278688525,8.131147540983607,high
local_swap_p2,local_swap,2,4751,770028628,"3,80,162",264,2112,118,2,6,4,11,95,8,0.09322033898305085,0.8050847457627118,0.06779661016949153,14,1.6101694915254237,16,0.5508474576271186,8.127118644067796,high
local_swap_p2,local_swap,2,4751,770028628,"3,80,162",265,2120,121,3,6,4,11,97,9,0.09090909090909091,0.8016528925619835,0.0743801652892562,15,1.5537190082644627,15,0.5454545454545454,8.049586776859504,high
local_swap_p2,local_swap,2,4751,770028628,"3,80,162",266,2128,123,3,6,4,11,99,9,0.08943089430894309,0.8048780487804879,0.07317073170731707,15,1.5203252032520325,16,0.5447154471544715,8.097560975609756,high
local_swap_p2,local_swap,2,4751,770028628,"3,80,162",267,2136,123,3,6,4,11,99,9,0.08943089430894309,0.8048780487804879,0.07317073170731707,15,1.4552845528455285,19,0.5447154471544715,8.105691056910569,high
local_swap_p2,local_swap,2,4751,770028628,"3,80,162",268,2144,124,3,7,4,11,99,10,0.08870967741935484,0.7983870967741935,0.08064516129032258,15,1.4274193548387097,24,0.4596774193548387,8.024193548387096,high
local_swap_p2,local_swap,2,4751,770028628,"3,80,162",269,2152,124,3,7,4,11,99,10,0.08870967741935484,0.7983870967741935,0.08064516129032258,15,1.3790322580645162,22,0.5241935483870968,8.0,high
local_swap_p2,local_swap,2,4751,770028628,"3,80,162",270,2160,118,3,7,4,11,93,10,0.09322033898305085,0.788135593220339,0.0847457627118644,15,1.4915254237288136,22,0.5169491525423728,7.906779661016949,high
local_swap_p2,local_swap,2,4751,770028628,"3,80,162",271,2168,117,3,7,4,11,92,10,0.09401709401709402,0.7863247863247863,0.08547008547008547,14,1.5384615384615385,19,0.5299145299145299,7.931623931623932,high
local_swap_p2,local_swap,2,4751,770028628,"3,80,162",272,2176,116,2,6,4,11,93,8,0.09482758620689655,0.8017241379310345,0.06896551724137931,14,1.5172413793103448,18,0.5689655172413793,7.956896551724138,high
local_swap_p2,local_swap,2,4751,770028628,"3,80,162",273,2184,118,2,6,4,11,95,8,0.09322033898305085,0.8050847457627118,0.06779661016949153,14,1.4915254237288136,17,0.5677966101694916,8.008474576271187,high
local_swap_p2,local_swap,2,4751,770028628,"3,80,162",274,2192,122,2,6,4,11,99,8,0.09016393442622951,0.8114754098360656,0.06557377049180328,14,1.4262295081967213,17,0.5573770491803278,8.10655737704918,high
local_swap_p2,local_swap,2,4751,770028628,"3,80,162",275,2200,123,2,6,4,11,100,8,0.08943089430894309,0.8130081300813008,0.06504065040650407,14,1.4308943089430894,20,0.5365853658536586,8.211382113821138,high
local_swap_p2,local_swap,2,4751,770028628,"3,80,162",276,2208,125,2,6,4,11,102,8,0.088,0.816,0.064,14,1.4,20,0.544,8.224,high
local_swap_p2,local_swap,2,4751,770028628,"3,80,162",277,2216,124,2,6,4,11,101,8,0.08870967741935484,0.8145161290322581,0.06451612903225806,14,1.4193548387096775,20,0.532258064516129,8.21774193548387,high
local_swap_p2,local_swap,2,4751,770028628,"3,80,162",278,2224,125,2,6,4,11,102,8,0.088,0.816,0.064,14,1.376,20,0.536,8.24,high
local_swap_p2,local_swap,2,4751,770028628,"3,80,162",279,2232,124,2,6,4,11,101,8,0.08870967741935484,0.8145161290322581,0.06451612903225806,14,1.4112903225806452,19,0.5241935483870968,8.17741935483871,high
local_swap_p2,local_swap,2,4751,770028628,"3,80,162",280,2240,123,2,6,4,11,100,8,0.08943089430894309,0.8130081300813008,0.06504065040650407,14,1.4796747967479675,21,0.5040650406504065,8.178861788617887,high
local_swap_p2,local_swap,2,4751,770028628,"3,80,162",281,2248,124,2,6,4,12,100,8,0.0967741935483871,0.8064516129032258,0.06451612903225806,14,1.532258064516129,21,0.5,8.21774193548387,high
local_swap_p2,local_swap,2,4751,770028628,"3,80,162",282,2256,124,2,6,4,12,100,8,0.0967741935483871,0.8064516129032258,0.06451612903225806,14,1.5403225806451613,19,0.5161290322580645,8.169354838709678,high
local_swap_p2,local_swap,2,4751,770028628,"3,80,162",283,2264,122,2,6,4,9,101,8,0.07377049180327869,0.8278688524590164,0.06557377049180328,14,1.540983606557377,18,0.5901639344262295,8.254098360655737,high
local_swap_p2,local_swap,2,4751,770028628,"3,80,162",284,2272,121,2,6,4,8,101,8,0.06611570247933884,0.8347107438016529,0.06611570247933884,14,1.56198347107438,18,0.5867768595041323,8.322314049586776,high
local_swap_p2,local_swap,2,4751,770028628,"3,80,162",285,2280,121,3,6,4,8,100,9,0.06611570247933884,0.8264462809917356,0.0743801652892562,14,1.578512396694215,19,0.5041322314049587,8.214876033057852,high
local_swap_p2,local_swap,2,4751,770028628,"3,80,162",286,2288,122,2,6,4,8,102,8,0.06557377049180328,0.8360655737704918,0.06557377049180328,14,1.598360655737705,21,0.4918032786885246,8.336065573770492,high
local_swap_p2,local_swap,2,4751,770028628,"3,80,162",287,2296,123,2,6,4,8,103,8,0.06504065040650407,0.8373983739837398,0.06504065040650407,14,1.5691056910569106,21,0.4959349593495935,8.34959349593496,high
local_swap_p2,local_swap,2,4751,770028628,"3,80,162",288,2304,123,2,6,4,8,103,8,0.06504065040650407,0.8373983739837398,0.06504065040650407,14,1.5772357723577235,22,0.4796747967479675,8.365853658536585,high
local_swap_p2,local_swap,2,4751,770028628,"3,80,162",289,2312,124,2,6,4,8,104,8,0.06451612903225806,0.8387096774193549,0.06451612903225806,14,1.596774193548387,23,0.47580645161290325,8.443548387096774,high
local_swap_p2,local_swap,2,4751,770028628,"3,80,162",290,2320,122,2,6,4,8,102,8,0.06557377049180328,0.8360655737704918,0.06557377049180328,14,1.6475409836065573,25,0.4672131147540984,8.475409836065573,high
local_swap_p2,local_swap,2,4751,770028628,"3,80,162",291,2328,120,2,6,3,8,101,8,0.06666666666666667,0.8416666666666667,0.06666666666666667,14,1.6916666666666667,25,0.4666666666666667,8.5,high
local_swap_p2,local_swap,2,4751,770028628,"3,80,162",292,2336,121,2,6,3,8,102,8,0.06611570247933884,0.8429752066115702,0.06611570247933884,14,1.7272727272727273,26,0.45454545454545453,8.561983471074381,high
local_swap_p2,local_swap,2,4751,770028628,"3,80,162",293,2344,124,2,6,3,8,105,8,0.06451612903225806,0.8467741935483871,0.06451612903225806,14,1.6612903225806452,24,0.46774193548387094,8.57258064516129,high
local_swap_p2,local_swap,2,4751,770028628,"3,80,162",294,2352,123,2,6,3,8,104,8,0.06504065040650407,0.8455284552845529,0.06504065040650407,14,1.7073170731707317,22,0.4715447154471545,8.560975609756097,high
local_swap_p2,local_swap,2,4751,770028628,"3,80,162",295,2360,123,2,5,3,7,106,7,0.056910569105691054,0.8617886178861789,0.056910569105691054,14,1.6016260162601625,21,0.6016260162601627,8.585365853658537,high
local_swap_p2,local_swap,2,4751,770028628,"3,80,162",296,2368,122,2,5,3,8,104,7,0.06557377049180328,0.8524590163934426,0.05737704918032787,14,1.6229508196721312,22,0.4672131147540984,8.51639344262295,high
local_swap_p2,local_swap,2,4751,770028628,"3,80,162",297,2376,125,2,5,3,8,107,7,0.064,0.856,0.056,14,1.568,22,0.48,8.56,high
local_swap_p2,local_swap,2,4751,770028628,"3,80,162",298,2384,129,2,5,3,8,111,7,0.06201550387596899,0.8604651162790697,0.05426356589147287,14,1.503875968992248,22,0.4728682170542636,8.612403100775193,high
local_swap_p2,local_swap,2,4751,770028628,"3,80,162",299,2392,129,2,5,3,8,111,7,0.06201550387596899,0.8604651162790697,0.05426356589147287,14,1.503875968992248,21,0.4883720930232558,8.651162790697674,high
local_swap_p2,local_swap,2,4751,770028628,"3,80,162",300,2400,129,2,5,3,8,111,7,0.06201550387596899,0.8604651162790697,0.05426356589147287,14,1.496124031007752,21,0.4806201550387597,8.651162790697674,high
local_swap_p2,local_swap,2,4751,770028628,"3,80,162",301,2408,130,2,5,3,9,111,7,0.06923076923076923,0.8538461538461538,0.05384615384615385,14,1.4846153846153847,23,0.46923076923076923,8.615384615384615,high
local_swap_p2,local_swap,2,4751,770028628,"3,80,162",302,2416,129,2,5,3,9,110,7,0.06976744186046512,0.8527131782945736,0.05426356589147287,14,1.5116279069767442,25,0.4728682170542636,8.5968992248062,high
local_swap_p2,local_swap,2,4751,770028628,"3,80,162",303,2424,130,2,6,3,9,110,8,0.06923076923076923,0.8461538461538461,0.06153846153846154,14,1.5,25,0.46923076923076923,8.53076923076923,high
local_swap_p2,local_swap,2,4751,770028628,"3,80,162",304,2432,132,2,6,3,10,111,8,0.07575757575757576,0.8409090909090909,0.06060606060606061,14,1.5378787878787878,28,0.45454545454545453,8.522727272727273,high
local_swap_p2,local_swap,2,4751,770028628,"3,80,162",305,2440,136,2,6,3,10,115,8,0.07352941176470588,0.8455882352941176,0.058823529411764705,14,1.4779411764705883,29,0.45588235294117646,8.654411764705882,high
local_swap_p2,local_swap,2,4751,770028628,"3,80,162",306,2448,136,2,6,3,10,115,8,0.07352941176470588,0.8455882352941176,0.058823529411764705,15,1.4705882352941178,29,0.47058823529411764,8.705882352941176,high
local_swap_p2,local_swap,2,4751,770028628,"3,80,162",307,2456,136,2,6,3,10,115,8,0.07352941176470588,0.8455882352941176,0.058823529411764705,15,1.4705882352941178,29,0.4632352941176471,8.705882352941176,high
local_swap_p2,local_swap,2,4751,770028628,"3,80,162",308,2464,139,2,6,3,9,119,8,0.06474820143884892,0.8561151079136691,0.05755395683453238,15,1.5107913669064748,29,0.4676258992805755,8.784172661870503,high
local_swap_p2,local_swap,2,4751,770028628,"3,80,162",309,2472,138,2,6,3,9,118,8,0.06521739130434782,0.855072463768116,0.057971014492753624,15,1.463768115942029,27,0.463768115942029,8.73913043478261,high
local_swap_p2,local_swap,2,4751,770028628,"3,80,162",310,2480,140,2,6,3,8,121,8,0.05714285714285714,0.8642857142857143,0.05714285714285714,15,1.4428571428571428,31,0.35714285714285715,8.8,high
local_swap_p2,local_swap,2,4751,770028628,"3,80,162",311,2488,142,3,6,3,8,122,9,0.056338028169014086,0.8591549295774648,0.06338028169014084,15,1.443661971830986,29,0.4084507042253521,8.80281690140845,high
local_swap_p2,local_swap,2,4751,770028628,"3,80,162",312,2496,140,3,6,3,8,120,9,0.05714285714285714,0.8571428571428571,0.06428571428571428,15,1.4714285714285715,28,0.4,8.728571428571428,high
local_swap_p2,local_swap,2,4751,770028628,"3,80,162",313,2504,138,3,6,3,8,118,9,0.057971014492753624,0.855072463768116,0.06521739130434782,15,1.4492753623188406,29,0.3333333333333333,8.710144927536232,high
local_swap_p2,local_swap,2,4751,770028628,"3,80,162",314,2512,139,3,6,3,9,118,9,0.06474820143884892,0.8489208633093526,0.06474820143884892,15,1.474820143884892,26,0.35251798561151076,8.697841726618705,high
local_swap_p2,local_swap,2,4751,770028628,"3,80,162",315,2520,138,3,6,3,10,116,9,0.07246376811594203,0.8405797101449275,0.06521739130434782,15,1.4927536231884058,26,0.34057971014492755,8.623188405797102,high
local_swap_p2,local_swap,2,4751,770028628,"3,80,162",316,2528,138,3,6,3,10,116,9,0.07246376811594203,0.8405797101449275,0.06521739130434782,15,1.463768115942029,23,0.36231884057971014,8.58695652173913,high
local_swap_p2,local_swap,2,4751,770028628,"3,80,162",317,2536,138,3,6,3,10,116,9,0.07246376811594203,0.8405797101449275,0.06521739130434782,15,1.4492753623188406,20,0.5652173913043478,8.579710144927537,high
local_swap_p2,local_swap,2,4751,770028628,"3,80,162",318,2544,136,3,6,3,10,114,9,0.07352941176470588,0.8382352941176471,0.0661764705882353,15,1.4779411764705883,23,0.3602941176470588,8.566176470588236,high
local_swap_p2,local_swap,2,4751,770028628,"3,80,162",319,2552,137,3,6,3,10,115,9,0.072992700729927,0.8394160583941606,0.06569343065693431,15,1.4452554744525548,24,0.36496350364963503,8.576642335766424,high
local_swap_p2,local_swap,2,4751,770028628,"3,80,162",320,2560,136,3,6,3,10,114,9,0.07352941176470588,0.8382352941176471,0.0661764705882353,15,1.5147058823529411,25,0.3602941176470588,8.566176470588236,high
local_swap_p2,local_swap,2,4801,770028678,"3,80,162",0,0,3,3,0,0,0,0,3,0.0,0.0,1.0,0,3.6666666666666665,1,1.0,0.0,low
local_swap_p2,local_swap,2,4801,770028678,"3,80,162",1,8,3,3,0,0,0,0,3,0.0,0.0,1.0,0,3.6666666666666665,1,1.0,0.0,low
local_swap_p2,local_swap,2,4801,770028678,"3,80,162",2,16,3,3,0,0,0,0,3,0.0,0.0,1.0,0,3.6666666666666665,1,1.0,0.0,low
local_swap_p2,local_swap,2,4801,770028678,"3,80,162",3,24,3,3,0,0,0,0,3,0.0,0.0,1.0,0,3.6666666666666665,1,1.0,0.0,low
local_swap_p2,local_swap,2,4801,770028678,"3,80,162",4,32,3,3,0,0,0,0,3,0.0,0.0,1.0,0,3.6666666666666665,1,1.0,0.0,low
local_swap_p2,local_swap,2,4801,770028678,"3,80,162",5,40,3,3,0,0,0,0,3,0.0,0.0,1.0,0,3.6666666666666665,1,1.0,0.0,low
local_swap_p2,local_swap,2,4801,770028678,"3,80,162",6,48,3,3,0,0,0,0,3,0.0,0.0,1.0,0,3.6666666666666665,1,1.0,0.0,low
local_swap_p2,local_swap,2,4801,770028678,"3,80,162",7,56,3,3,0,0,0,0,3,0.0,0.0,1.0,0,3.6666666666666665,1,1.0,0.0,low
local_swap_p2,local_swap,2,4801,770028678,"3,80,162",8,64,3,3,0,0,0,0,3,0.0,0.0,1.0,0,3.6666666666666665,1,1.0,0.0,low
local_swap_p2,local_swap,2,4801,770028678,"3,80,162",9,72,3,3,0,0,0,0,3,0.0,0.0,1.0,0,3.6666666666666665,1,1.0,0.0,low
local_swap_p2,local_swap,2,4801,770028678,"3,80,162",10,80,3,3,0,0,0,0,3,0.0,0.0,1.0,0,3.6666666666666665,1,1.0,0.0,low
local_swap_p2,local_swap,2,4801,770028678,"3,80,162",11,88,3,3,0,0,0,0,3,0.0,0.0,1.0,0,3.6666666666666665,1,1.0,0.0,low
local_swap_p2,local_swap,2,4801,770028678,"3,80,162",12,96,3,3,0,0,0,0,3,0.0,0.0,1.0,0,3.6666666666666665,1,1.0,0.0,low
local_swap_p2,local_swap,2,4801,770028678,"3,80,162",13,104,4,3,1,0,0,0,4,0.0,0.0,1.0,1,2.5,1,1.0,0.25,low
local_swap_p2,local_swap,2,4801,770028678,"3,80,162",14,112,4,3,1,0,0,0,4,0.0,0.0,1.0,1,2.5,1,1.0,0.25,low
local_swap_p2,local_swap,2,4801,770028678,"3,80,162",15,120,4,3,1,0,0,0,4,0.0,0.0,1.0,1,2.5,1,1.0,0.25,low
local_swap_p2,local_swap,2,4801,770028678,"3,80,162",16,128,5,3,2,0,0,0,5,0.0,0.0,1.0,1,2.0,1,1.0,0.4,low
local_swap_p2,local_swap,2,4801,770028678,"3,80,162",17,136,5,3,2,0,0,0,5,0.0,0.0,1.0,1,2.0,1,1.0,0.4,low
local_swap_p2,local_swap,2,4801,770028678,"3,80,162",18,144,6,3,3,0,0,0,6,0.0,0.0,1.0,1,1.8333333333333333,1,1.0,0.5,low
local_swap_p2,local_swap,2,4801,770028678,"3,80,162",19,152,8,3,5,0,0,0,8,0.0,0.0,1.0,1,1.25,1,1.0,0.625,low
local_swap_p2,local_swap,2,4801,770028678,"3,80,162",20,160,8,3,5,0,0,0,8,0.0,0.0,1.0,1,1.25,1,1.0,0.625,low
local_swap_p2,local_swap,2,4801,770028678,"3,80,162",21,168,6,3,3,0,0,0,6,0.0,0.0,1.0,1,1.8333333333333333,1,1.0,0.5,low
local_swap_p2,local_swap,2,4801,770028678,"3,80,162",22,176,6,3,3,0,0,0,6,0.0,0.0,1.0,1,2.0,1,1.0,0.5,low
local_swap_p2,local_swap,2,4801,770028678,"3,80,162",23,184,6,3,3,0,0,0,6,0.0,0.0,1.0,1,2.0,1,1.0,0.5,low
local_swap_p2,local_swap,2,4801,770028678,"3,80,162",24,192,5,3,2,0,0,0,5,0.0,0.0,1.0,1,2.4,1,1.0,0.4,low
local_swap_p2,local_swap,2,4801,770028678,"3,80,162",25,200,5,3,2,0,0,0,5,0.0,0.0,1.0,1,2.4,1,1.0,0.4,low
local_swap_p2,local_swap,2,4801,770028678,"3,80,162",26,208,8,3,4,0,0,1,7,0.0,0.125,0.875,11,1.75,2,0.875,1.875,low
local_swap_p2,local_swap,2,4801,770028678,"3,80,162",27,216,10,3,5,0,0,2,8,0.0,0.2,0.8,11,1.8,3,0.8,2.6,low
local_swap_p2,local_swap,2,4801,770028678,"3,80,162",28,224,10,3,5,0,0,2,8,0.0,0.2,0.8,11,1.8,3,0.8,2.6,low
local_swap_p2,local_swap,2,4801,770028678,"3,80,162",29,232,11,3,3,1,0,4,6,0.0,0.36363636363636365,0.5454545454545454,11,2.909090909090909,5,0.5454545454545454,3.909090909090909,low
local_swap_p2,local_swap,2,4801,770028678,"3,80,162",30,240,11,3,3,1,0,4,6,0.0,0.36363636363636365,0.5454545454545454,11,2.909090909090909,5,0.5454545454545454,3.909090909090909,low
local_swap_p2,local_swap,2,4801,770028678,"3,80,162",31,248,11,3,4,0,0,4,7,0.0,0.36363636363636365,0.6363636363636364,11,2.3636363636363638,4,0.6363636363636364,3.909090909090909,low
local_swap_p2,local_swap,2,4801,770028678,"3,80,162",32,256,8,3,3,0,0,2,6,0.0,0.25,0.75,11,2.625,3,0.75,3.0,low
local_swap_p2,local_swap,2,4801,770028678,"3,80,162",33,264,8,3,3,0,0,2,6,0.0,0.25,0.75,11,2.625,3,0.75,3.0,low
local_swap_p2,local_swap,2,4801,770028678,"3,80,162",34,272,7,3,2,0,0,2,5,0.0,0.2857142857142857,0.7142857142857143,11,3.0,3,0.7142857142857143,3.2857142857142856,low
local_swap_p2,local_swap,2,4801,770028678,"3,80,162",35,280,8,3,3,0,0,2,6,0.0,0.25,0.75,11,3.0,3,0.75,2.875,low
local_swap_p2,local_swap,2,4801,770028678,"3,80,162",36,288,9,3,3,0,0,3,6,0.0,0.3333333333333333,0.6666666666666666,11,3.0,4,0.6666666666666666,3.6666666666666665,low
local_swap_p2,local_swap,2,4801,770028678,"3,80,162",37,296,11,3,3,0,0,5,6,0.0,0.45454545454545453,0.5454545454545454,12,2.6363636363636362,5,0.5454545454545454,5.181818181818182,low
local_swap_p2,local_swap,2,4801,770028678,"3,80,162",38,304,11,3,3,0,0,5,6,0.0,0.45454545454545453,0.5454545454545454,12,2.6363636363636362,5,0.5454545454545454,5.181818181818182,low
local_swap_p2,local_swap,2,4801,770028678,"3,80,162",39,312,12,3,4,0,0,5,7,0.0,0.4166666666666667,0.5833333333333334,12,2.4166666666666665,5,0.5833333333333334,4.833333333333333,low
local_swap_p2,local_swap,2,4801,770028678,"3,80,162",40,320,13,3,4,0,0,6,7,0.0,0.46153846153846156,0.5384615384615384,12,3.3076923076923075,3,0.5384615384615384,5.153846153846154,low
local_swap_p2,local_swap,2,4801,770028678,"3,80,162",41,328,12,3,3,0,0,6,6,0.0,0.5,0.5,12,2.25,4,0.5,5.583333333333333,low
local_swap_p2,local_swap,2,4801,770028678,"3,80,162",42,336,9,3,3,0,0,3,6,0.0,0.3333333333333333,0.6666666666666666,11,2.111111111111111,4,0.6666666666666666,3.888888888888889,low
local_swap_p2,local_swap,2,4801,770028678,"3,80,162",43,344,10,3,4,0,0,3,7,0.0,0.3,0.7,11,2.0,4,0.7,3.6,low
local_swap_p2,local_swap,2,4801,770028678,"3,80,162",44,352,14,3,4,0,0,7,7,0.0,0.5,0.5,11,3.2142857142857144,6,0.5,5.142857142857143,low
local_swap_p2,local_swap,2,4801,770028678,"3,80,162",45,360,12,3,3,1,0,5,6,0.0,0.4166666666666667,0.5,11,3.5,6,0.5,4.666666666666667,low
local_swap_p2,local_swap,2,4801,770028678,"3,80,162",46,368,15,3,6,1,0,5,9,0.0,0.3333333333333333,0.6,11,2.7333333333333334,5,0.6666666666666666,3.8666666666666667,low
local_swap_p2,local_swap,2,4801,770028678,"3,80,162",47,376,15,3,6,1,0,5,9,0.0,0.3333333333333333,0.6,11,2.7333333333333334,5,0.6666666666666666,3.8666666666666667,low
local_swap_p2,local_swap,2,4801,770028678,"3,80,162",48,384,14,3,6,0,0,5,9,0.0,0.35714285714285715,0.6428571428571429,11,3.0,5,0.6428571428571429,4.0,low
local_swap_p2,local_swap,2,4801,770028678,"3,80,162",49,392,14,3,4,2,0,5,7,0.0,0.35714285714285715,0.5,10,3.0,5,0.6428571428571429,4.071428571428571,low
local_swap_p2,local_swap,2,4801,770028678,"3,80,162",50,400,14,3,4,2,0,5,7,0.0,0.35714285714285715,0.5,10,3.0,5,0.6428571428571429,4.071428571428571,low
local_swap_p2,local_swap,2,4801,770028678,"3,80,162",51,408,16,3,5,3,0,5,8,0.0,0.3125,0.5,10,2.6875,5,0.6875,3.75,low
local_swap_p2,local_swap,2,4801,770028678,"3,80,162",52,416,18,3,5,3,0,7,8,0.0,0.3888888888888889,0.4444444444444444,11,2.611111111111111,6,0.6111111111111112,4.555555555555555,low
local_swap_p2,local_swap,2,4801,770028678,"3,80,162",53,424,20,3,5,3,1,8,8,0.05,0.4,0.4,12,1.9,7,0.6,4.95,low
local_swap_p2,local_swap,2,4801,770028678,"3,80,162",54,432,19,3,4,3,1,8,7,0.05263157894736842,0.42105263157894735,0.3684210526315789,12,2.6842105263157894,7,0.5789473684210527,5.105263157894737,low
local_swap_p2,local_swap,2,4801,770028678,"3,80,162",55,440,21,3,4,2,0,12,7,0.0,0.5714285714285714,0.3333333333333333,12,2.6666666666666665,9,0.42857142857142855,6.0,low
local_swap_p2,local_swap,2,4801,770028678,"3,80,162",56,448,18,3,5,2,0,8,8,0.0,0.4444444444444444,0.4444444444444444,12,2.2222222222222223,9,0.5555555555555556,4.888888888888889,low
local_swap_p2,local_swap,2,4801,770028678,"3,80,162",57,456,16,3,3,2,0,8,6,0.0,0.5,0.375,12,2.6875,9,0.5,5.375,low
local_swap_p2,local_swap,2,4801,770028678,"3,80,162",58,464,18,3,4,3,0,8,7,0.0,0.4444444444444444,0.3888888888888889,12,2.6666666666666665,7,0.5555555555555556,4.888888888888889,low
local_swap_p2,local_swap,2,4801,770028678,"3,80,162",59,472,18,3,4,3,0,8,7,0.0,0.4444444444444444,0.3888888888888889,12,2.6666666666666665,7,0.5555555555555556,4.888888888888889,low
local_swap_p2,local_swap,2,4801,770028678,"3,80,162",60,480,22,3,4,4,0,11,7,0.0,0.5,0.3181818181818182,12,2.5454545454545454,6,0.45454545454545453,5.409090909090909,low
local_swap_p2,local_swap,2,4801,770028678,"3,80,162",61,488,23,3,4,4,1,11,7,0.043478260869565216,0.4782608695652174,0.30434782608695654,12,2.9130434782608696,6,0.4782608695652174,5.217391304347826,low
local_swap_p2,local_swap,2,4801,770028678,"3,80,162",62,496,23,3,4,4,1,11,7,0.043478260869565216,0.4782608695652174,0.30434782608695654,12,2.391304347826087,9,0.4782608695652174,5.304347826086956,low
local_swap_p2,local_swap,2,4801,770028678,"3,80,162",63,504,29,3,6,3,3,14,9,0.10344827586206896,0.4827586206896552,0.3103448275862069,12,2.2758620689655173,9,0.4827586206896552,5.758620689655173,low
local_swap_p2,local_swap,2,4801,770028678,"3,80,162",64,512,28,3,5,2,4,14,8,0.14285714285714285,0.5,0.2857142857142857,11,2.8214285714285716,11,0.35714285714285715,5.892857142857143,low
local_swap_p2,local_swap,2,4801,770028678,"3,80,162",65,520,27,3,4,3,4,13,7,0.14814814814814814,0.48148148148148145,0.25925925925925924,12,3.4814814814814814,12,0.37037037037037035,5.7407407407407405,low
local_swap_p2,local_swap,2,4801,770028678,"3,80,162",66,528,27,3,4,3,3,14,7,0.1111111111111111,0.5185185185185185,0.25925925925925924,12,3.4444444444444446,12,0.37037037037037035,5.777777777777778,low
local_swap_p2,local_swap,2,4801,770028678,"3,80,162",67,536,26,3,3,3,4,13,6,0.15384615384615385,0.5,0.23076923076923078,12,3.5384615384615383,13,0.3076923076923077,5.923076923076923,low
local_swap_p2,local_swap,2,4801,770028678,"3,80,162",68,544,25,3,3,3,4,12,6,0.16,0.48,0.24,12,3.76,13,0.32,5.76,low
local_swap_p2,local_swap,2,4801,770028678,"3,80,162",69,552,25,3,3,3,3,13,6,0.12,0.52,0.24,12,3.52,15,0.32,5.84,low
local_swap_p2,local_swap,2,4801,770028678,"3,80,162",70,560,27,3,3,3,3,15,6,0.1111111111111111,0.5555555555555556,0.2222222222222222,11,3.5185185185185186,17,0.2962962962962963,6.111111111111111,low
local_swap_p2,local_swap,2,4801,770028678,"3,80,162",71,568,31,3,4,3,3,18,7,0.0967741935483871,0.5806451612903226,0.22580645161290322,11,3.3225806451612905,18,0.2903225806451613,6.32258064516129,low
local_swap_p2,local_swap,2,4801,770028678,"3,80,162",72,576,32,3,4,3,3,19,7,0.09375,0.59375,0.21875,11,3.15625,15,0.28125,6.4375,low
local_swap_p2,local_swap,2,4801,770028678,"3,80,162",73,584,33,3,5,3,3,19,8,0.09090909090909091,0.5757575757575758,0.24242424242424243,11,3.1515151515151514,12,0.36363636363636365,6.2727272727272725,low
local_swap_p2,local_swap,2,4801,770028678,"3,80,162",74,592,33,3,4,4,1,21,7,0.030303030303030304,0.6363636363636364,0.21212121212121213,11,3.0303030303030303,11,0.3939393939393939,6.545454545454546,mid
local_swap_p2,local_swap,2,4801,770028678,"3,80,162",75,600,40,3,5,4,2,26,8,0.05,0.65,0.2,11,2.625,13,0.35,6.65,mid
local_swap_p2,local_swap,2,4801,770028678,"3,80,162",76,608,41,3,3,3,3,29,6,0.07317073170731707,0.7073170731707317,0.14634146341463414,11,2.7804878048780486,16,0.34146341463414637,7.195121951219512,high
local_swap_p2,local_swap,2,4801,770028678,"3,80,162",77,616,41,3,3,2,4,29,6,0.0975609756097561,0.7073170731707317,0.14634146341463414,11,3.073170731707317,11,0.36585365853658536,7.317073170731708,high
local_swap_p2,local_swap,2,4801,770028678,"3,80,162",78,624,39,3,3,3,2,28,6,0.05128205128205128,0.717948717948718,0.15384615384615385,12,3.282051282051282,12,0.3333333333333333,7.358974358974359,high
local_swap_p2,local_swap,2,4801,770028678,"3,80,162",79,632,45,3,3,4,1,34,6,0.022222222222222223,0.7555555555555555,0.13333333333333333,13,2.888888888888889,15,0.3111111111111111,7.5777777777777775,high
local_swap_p2,local_swap,2,4801,770028678,"3,80,162",80,640,44,3,3,4,1,33,6,0.022727272727272728,0.75,0.13636363636363635,13,3.090909090909091,17,0.3181818181818182,7.568181818181818,high
local_swap_p2,local_swap,2,4801,770028678,"3,80,162",81,648,44,3,3,4,1,33,6,0.022727272727272728,0.75,0.13636363636363635,13,3.1363636363636362,18,0.3181818181818182,7.590909090909091,high
local_swap_p2,local_swap,2,4801,770028678,"3,80,162",82,656,47,3,3,4,1,36,6,0.02127659574468085,0.7659574468085106,0.1276595744680851,13,3.0,15,0.3191489361702128,7.702127659574468,high
local_swap_p2,local_swap,2,4801,770028678,"3,80,162",83,664,50,3,2,4,3,38,5,0.06,0.76,0.1,13,2.78,15,0.36,7.84,high
local_swap_p2,local_swap,2,4801,770028678,"3,80,162",84,672,48,3,2,4,3,36,5,0.0625,0.75,0.10416666666666667,13,2.75,15,0.375,7.916666666666667,high
local_swap_p2,local_swap,2,4801,770028678,"3,80,162",85,680,48,3,3,4,3,35,6,0.0625,0.7291666666666666,0.125,13,3.0,16,0.3125,7.75,high
local_swap_p2,local_swap,2,4801,770028678,"3,80,162",86,688,49,3,3,4,3,36,6,0.061224489795918366,0.7346938775510204,0.12244897959183673,13,2.6530612244897958,15,0.32653061224489793,7.816326530612245,high
local_swap_p2,local_swap,2,4801,770028678,"3,80,162",87,696,51,3,4,4,3,37,7,0.058823529411764705,0.7254901960784313,0.13725490196078433,13,2.803921568627451,16,0.39215686274509803,7.686274509803922,high
local_swap_p2,local_swap,2,4801,770028678,"3,80,162",88,704,52,3,5,4,3,37,8,0.057692307692307696,0.7115384615384616,0.15384615384615385,13,2.75,16,0.38461538461538464,7.5576923076923075,high
local_swap_p2,local_swap,2,4801,770028678,"3,80,162",89,712,49,3,4,3,3,36,7,0.061224489795918366,0.7346938775510204,0.14285714285714285,13,2.938775510204082,14,0.40816326530612246,7.795918367346939,high
local_swap_p2,local_swap,2,4801,770028678,"3,80,162",90,720,52,3,3,4,3,39,6,0.057692307692307696,0.75,0.11538461538461539,13,2.6153846153846154,16,0.4807692307692308,7.980769230769231,high
local_swap_p2,local_swap,2,4801,770028678,"3,80,162",91,728,51,3,3,4,3,38,6,0.058823529411764705,0.7450980392156863,0.11764705882352941,14,2.6666666666666665,16,0.47058823529411764,7.9411764705882355,high
local_swap_p2,local_swap,2,4801,770028678,"3,80,162",92,736,52,3,3,4,3,39,6,0.057692307692307696,0.75,0.11538461538461539,14,2.5576923076923075,16,0.4807692307692308,8.0,high
local_swap_p2,local_swap,2,4801,770028678,"3,80,162",93,744,54,3,3,4,4,40,6,0.07407407407407407,0.7407407407407407,0.1111111111111111,14,2.537037037037037,15,0.5185185185185185,7.944444444444445,high
local_swap_p2,local_swap,2,4801,770028678,"3,80,162",94,752,56,3,4,4,4,41,7,0.07142857142857142,0.7321428571428571,0.125,14,2.392857142857143,14,0.5,7.839285714285714,high
local_swap_p2,local_swap,2,4801,770028678,"3,80,162",95,760,57,3,4,4,4,42,7,0.07017543859649122,0.7368421052631579,0.12280701754385964,14,2.4210526315789473,15,0.49122807017543857,7.859649122807017,high
local_swap_p2,local_swap,2,4801,770028678,"3,80,162",96,768,59,3,5,5,3,43,8,0.05084745762711865,0.7288135593220338,0.13559322033898305,14,2.3559322033898304,14,0.4915254237288136,7.745762711864407,high
local_swap_p2,local_swap,2,4801,770028678,"3,80,162",97,776,60,3,5,5,3,44,8,0.05,0.7333333333333333,0.13333333333333333,14,2.3833333333333333,12,0.55,7.716666666666667,high
local_swap_p2,local_swap,2,4801,770028678,"3,80,162",98,784,62,3,5,5,2,47,8,0.03225806451612903,0.7580645161290323,0.12903225806451613,14,2.370967741935484,14,0.5483870967741935,7.741935483870968,high
local_swap_p2,local_swap,2,4801,770028678,"3,80,162",99,792,58,3,4,4,4,43,7,0.06896551724137931,0.7413793103448276,0.1206896551724138,13,2.4310344827586206,12,0.5517241379310345,7.724137931034483,high
local_swap_p2,local_swap,2,4801,770028678,"3,80,162",100,800,59,3,5,4,5,42,8,0.0847457627118644,0.711864406779661,0.13559322033898305,13,2.4915254237288136,12,0.5423728813559322,7.593220338983051,high
local_swap_p2,local_swap,2,4801,770028678,"3,80,162",101,808,57,3,4,5,4,41,7,0.07017543859649122,0.7192982456140351,0.12280701754385964,13,2.543859649122807,12,0.5614035087719298,7.43859649122807,high
local_swap_p2,local_swap,2,4801,770028678,"3,80,162",102,816,58,3,4,4,5,42,7,0.08620689655172414,0.7241379310344828,0.1206896551724138,13,2.5344827586206895,16,0.3103448275862069,7.517241379310345,high
local_swap_p2,local_swap,2,4801,770028678,"3,80,162",103,824,56,3,4,4,4,41,7,0.07142857142857142,0.7321428571428571,0.125,13,2.4285714285714284,14,0.5535714285714286,7.607142857142857,high
local_swap_p2,local_swap,2,4801,770028678,"3,80,162",104,832,55,3,4,3,5,40,7,0.09090909090909091,0.7272727272727273,0.12727272727272726,13,2.709090909090909,14,0.5454545454545454,7.527272727272727,high
local_swap_p2,local_swap,2,4801,770028678,"3,80,162",105,840,58,3,5,4,4,42,8,0.06896551724137931,0.7241379310344828,0.13793103448275862,13,2.5689655172413794,16,0.5,7.551724137931035,high
local_swap_p2,local_swap,2,4801,770028678,"3,80,162",106,848,60,3,5,4,4,44,8,0.06666666666666667,0.7333333333333333,0.13333333333333333,13,2.5166666666666666,16,0.5,7.633333333333334,high
local_swap_p2,local_swap,2,4801,770028678,"3,80,162",107,856,62,3,5,4,4,46,8,0.06451612903225806,0.7419354838709677,0.12903225806451613,13,2.467741935483871,19,0.4838709677419355,7.774193548387097,high
local_swap_p2,local_swap,2,4801,770028678,"3,80,162",108,864,64,3,5,4,4,48,8,0.0625,0.75,0.125,13,2.390625,19,0.5,7.828125,high
local_swap_p2,local_swap,2,4801,770028678,"3,80,162",109,872,64,3,4,4,4,49,7,0.0625,0.765625,0.109375,13,2.40625,21,0.5,8.015625,high
local_swap_p2,local_swap,2,4801,770028678,"3,80,162",110,880,67,3,4,4,4,52,7,0.05970149253731343,0.7761194029850746,0.1044776119402985,13,2.328358208955224,25,0.34328358208955223,7.970149253731344,high
local_swap_p2,local_swap,2,4801,770028678,"3,80,162",111,888,67,3,4,4,4,52,7,0.05970149253731343,0.7761194029850746,0.1044776119402985,13,2.417910447761194,26,0.3283582089552239,7.985074626865671,high
local_swap_p2,local_swap,2,4801,770028678,"3,80,162",112,896,66,3,3,4,4,52,6,0.06060606060606061,0.7878787878787878,0.09090909090909091,13,2.4696969696969697,25,0.3333333333333333,8.075757575757576,high
local_swap_p2,local_swap,2,4801,770028678,"3,80,162",113,904,68,3,5,3,4,53,8,0.058823529411764705,0.7794117647058824,0.11764705882352941,13,2.3676470588235294,25,0.3382352941176471,7.985294117647059,high
local_swap_p2,local_swap,2,4801,770028678,"3,80,162",114,912,66,3,5,3,3,52,8,0.045454545454545456,0.7878787878787878,0.12121212121212122,14,2.4393939393939394,24,0.3333333333333333,8.015151515151516,high
local_swap_p2,local_swap,2,4801,770028678,"3,80,162",115,920,69,3,5,3,4,54,8,0.057971014492753624,0.782608695652174,0.11594202898550725,14,2.318840579710145,26,0.34782608695652173,8.028985507246377,high
local_swap_p2,local_swap,2,4801,770028678,"3,80,162",116,928,68,3,5,3,4,53,8,0.058823529411764705,0.7794117647058824,0.11764705882352941,14,2.264705882352941,27,0.35294117647058826,8.058823529411764,high
local_swap_p2,local_swap,2,4801,770028678,"3,80,162",117,936,68,3,5,4,2,54,8,0.029411764705882353,0.7941176470588235,0.11764705882352941,14,2.3088235294117645,27,0.35294117647058826,8.132352941176471,high
local_swap_p2,local_swap,2,4801,770028678,"3,80,162",118,944,66,3,3,5,2,53,6,0.030303030303030304,0.803030303030303,0.09090909090909091,14,2.4393939393939394,27,0.36363636363636365,8.212121212121213,high
local_swap_p2,local_swap,2,4801,770028678,"3,80,162",119,952,70,3,5,5,2,55,8,0.02857142857142857,0.7857142857142857,0.11428571428571428,14,2.2714285714285714,27,0.32857142857142857,7.957142857142857,high
local_swap_p2,local_swap,2,4801,770028678,"3,80,162",120,960,67,3,5,4,1,54,8,0.014925373134328358,0.8059701492537313,0.11940298507462686,14,2.417910447761194,28,0.34328358208955223,8.08955223880597,high
local_swap_p2,local_swap,2,4801,770028678,"3,80,162",121,968,65,3,5,3,2,52,8,0.03076923076923077,0.8,0.12307692307692308,14,2.4923076923076923,26,0.35384615384615387,8.015384615384615,high
local_swap_p2,local_swap,2,4801,770028678,"3,80,162",122,976,66,3,5,3,2,53,8,0.030303030303030304,0.803030303030303,0.12121212121212122,14,2.3636363636363638,23,0.36363636363636365,8.075757575757576,high
local_swap_p2,local_swap,2,4801,770028678,"3,80,162",123,984,70,3,5,4,2,56,8,0.02857142857142857,0.8,0.11428571428571428,14,2.4,23,0.32857142857142857,7.914285714285715,high
local_swap_p2,local_swap,2,4801,770028678,"3,80,162",124,992,73,3,5,4,2,59,8,0.0273972602739726,0.8082191780821918,0.1095890410958904,14,2.2054794520547945,22,0.3287671232876712,7.945205479452055,high
local_swap_p2,local_swap,2,4801,770028678,"3,80,162",125,1000,71,3,5,4,2,57,8,0.028169014084507043,0.8028169014084507,0.11267605633802817,14,2.380281690140845,25,0.30985915492957744,7.929577464788732,high
local_swap_p2,local_swap,2,4801,770028678,"3,80,162",126,1008,71,3,5,4,3,56,8,0.04225352112676056,0.7887323943661971,0.11267605633802817,14,2.380281690140845,24,0.323943661971831,7.887323943661972,high
local_swap_p2,local_swap,2,4801,770028678,"3,80,162",127,1016,73,3,5,3,4,58,8,0.0547945205479452,0.7945205479452054,0.1095890410958904,14,2.328767123287671,23,0.3424657534246575,7.972602739726027,high
local_swap_p2,local_swap,2,4801,770028678,"3,80,162",128,1024,73,3,5,3,4,58,8,0.0547945205479452,0.7945205479452054,0.1095890410958904,14,2.232876712328767,20,0.3835616438356164,7.958904109589041,high
local_swap_p2,local_swap,2,4801,770028678,"3,80,162",129,1032,73,3,5,3,4,58,8,0.0547945205479452,0.7945205479452054,0.1095890410958904,14,2.315068493150685,22,0.3698630136986301,7.972602739726027,high
local_swap_p2,local_swap,2,4801,770028678,"3,80,162",130,1040,73,3,5,3,4,58,8,0.0547945205479452,0.7945205479452054,0.1095890410958904,14,2.1780821917808217,28,0.3150684931506849,8.027397260273972,high
local_swap_p2,local_swap,2,4801,770028678,"3,80,162",131,1048,71,3,5,4,3,56,8,0.04225352112676056,0.7887323943661971,0.11267605633802817,14,2.295774647887324,28,0.30985915492957744,7.943661971830986,high
local_swap_p2,local_swap,2,4801,770028678,"3,80,162",132,1056,75,3,5,4,2,61,8,0.02666666666666667,0.8133333333333334,0.10666666666666667,14,2.2133333333333334,27,0.30666666666666664,8.2,high
local_swap_p2,local_swap,2,4801,770028678,"3,80,162",133,1064,81,3,6,4,3,65,9,0.037037037037037035,0.8024691358024691,0.1111111111111111,14,2.1358024691358026,25,0.32098765432098764,8.049382716049383,high
local_swap_p2,local_swap,2,4801,770028678,"3,80,162",134,1072,80,3,6,4,4,63,9,0.05,0.7875,0.1125,13,2.225,21,0.3875,7.9375,high
local_swap_p2,local_swap,2,4801,770028678,"3,80,162",135,1080,84,3,6,4,4,67,9,0.047619047619047616,0.7976190476190477,0.10714285714285714,13,2.1904761904761907,24,0.36904761904761907,8.05952380952381,high
local_swap_p2,local_swap,2,4801,770028678,"3,80,162",136,1088,84,3,6,4,4,67,9,0.047619047619047616,0.7976190476190477,0.10714285714285714,13,2.1904761904761907,25,0.35714285714285715,8.047619047619047,high
local_swap_p2,local_swap,2,4801,770028678,"3,80,162",137,1096,87,3,6,5,4,69,9,0.04597701149425287,0.7931034482758621,0.10344827586206896,13,2.1149425287356323,26,0.367816091954023,8.022988505747126,high
local_swap_p2,local_swap,2,4801,770028678,"3,80,162",138,1104,83,3,6,5,4,65,9,0.04819277108433735,0.7831325301204819,0.10843373493975904,13,2.1566265060240966,27,0.3493975903614458,8.012048192771084,high
local_swap_p2,local_swap,2,4801,770028678,"3,80,162",139,1112,80,3,6,4,5,62,9,0.0625,0.775,0.1125,13,2.3375,25,0.3625,8.0,high
local_swap_p2,local_swap,2,4801,770028678,"3,80,162",140,1120,82,3,6,4,5,64,9,0.06097560975609756,0.7804878048780488,0.10975609756097561,13,2.292682926829268,25,0.3902439024390244,8.060975609756097,high
local_swap_p2,local_swap,2,4801,770028678,"3,80,162",141,1128,81,3,5,4,5,64,8,0.06172839506172839,0.7901234567901234,0.09876543209876543,13,2.259259259259259,24,0.3950617283950617,8.08641975308642,high
local_swap_p2,local_swap,2,4801,770028678,"3,80,162",142,1136,81,3,6,4,5,63,9,0.06172839506172839,0.7777777777777778,0.1111111111111111,13,2.234567901234568,24,0.3950617283950617,7.9753086419753085,high
local_swap_p2,local_swap,2,4801,770028678,"3,80,162",143,1144,78,3,5,5,6,59,8,0.07692307692307693,0.7564102564102564,0.10256410256410256,13,2.371794871794872,20,0.41025641025641024,7.769230769230769,high
local_swap_p2,local_swap,2,4801,770028678,"3,80,162",144,1152,80,3,6,5,6,60,9,0.075,0.75,0.1125,13,2.375,23,0.375,7.7625,high
local_swap_p2,local_swap,2,4801,770028678,"3,80,162",145,1160,80,3,6,5,6,60,9,0.075,0.75,0.1125,13,2.35,23,0.3875,7.7625,high
local_swap_p2,local_swap,2,4801,770028678,"3,80,162",146,1168,78,3,6,4,6,59,9,0.07692307692307693,0.7564102564102564,0.11538461538461539,13,2.423076923076923,24,0.3974358974358974,7.82051282051282,high
local_swap_p2,local_swap,2,4801,770028678,"3,80,162",147,1176,80,3,7,4,5,61,10,0.0625,0.7625,0.125,13,2.4125,21,0.375,7.85,high
local_swap_p2,local_swap,2,4801,770028678,"3,80,162",148,1184,78,3,6,4,5,60,9,0.0641025641025641,0.7692307692307693,0.11538461538461539,13,2.371794871794872,23,0.358974358974359,7.935897435897436,high
local_swap_p2,local_swap,2,4801,770028678,"3,80,162",149,1192,82,3,6,4,5,64,9,0.06097560975609756,0.7804878048780488,0.10975609756097561,13,2.182926829268293,24,0.36585365853658536,7.963414634146342,high
local_swap_p2,local_swap,2,4801,770028678,"3,80,162",150,1200,86,3,6,4,6,67,9,0.06976744186046512,0.7790697674418605,0.10465116279069768,13,2.2093023255813953,24,0.3488372093023256,8.046511627906977,high
local_swap_p2,local_swap,2,4801,770028678,"3,80,162",151,1208,86,3,7,4,5,67,10,0.05813953488372093,0.7790697674418605,0.11627906976744186,13,2.2093023255813953,25,0.3372093023255814,8.046511627906977,high
local_swap_p2,local_swap,2,4801,770028678,"3,80,162",152,1216,83,3,6,4,5,65,9,0.060240963855421686,0.7831325301204819,0.10843373493975904,13,2.325301204819277,25,0.3373493975903614,7.963855421686747,high
local_swap_p2,local_swap,2,4801,770028678,"3,80,162",153,1224,82,3,6,4,5,64,9,0.06097560975609756,0.7804878048780488,0.10975609756097561,13,2.3902439024390243,25,0.32926829268292684,7.939024390243903,high
local_swap_p2,local_swap,2,4801,770028678,"3,80,162",154,1232,81,3,6,4,5,63,9,0.06172839506172839,0.7777777777777778,0.1111111111111111,13,2.45679012345679,28,0.3333333333333333,7.962962962962963,high
local_swap_p2,local_swap,2,4801,770028678,"3,80,162",155,1240,86,3,6,4,5,68,9,0.05813953488372093,0.7906976744186046,0.10465116279069768,13,2.127906976744186,29,0.3372093023255814,8.116279069767442,high
local_swap_p2,local_swap,2,4801,770028678,"3,80,162",156,1248,87,3,6,4,5,69,9,0.05747126436781609,0.7931034482758621,0.10344827586206896,13,2.1264367816091956,27,0.367816091954023,8.10344827586207,high
local_swap_p2,local_swap,2,4801,770028678,"3,80,162",157,1256,91,3,5,4,5,74,8,0.054945054945054944,0.8131868131868132,0.08791208791208792,13,2.0549450549450547,27,0.34065934065934067,8.384615384615385,high
local_swap_p2,local_swap,2,4801,770028678,"3,80,162",158,1264,89,3,5,4,6,71,8,0.06741573033707865,0.797752808988764,0.0898876404494382,13,2.0786516853932584,29,0.34831460674157305,8.348314606741573,high
local_swap_p2,local_swap,2,4801,770028678,"3,80,162",159,1272,92,3,5,3,6,75,8,0.06521739130434782,0.8152173913043478,0.08695652173913043,13,1.9456521739130435,30,0.3695652173913043,8.576086956521738,high
local_swap_p2,local_swap,2,4801,770028678,"3,80,162",160,1280,98,3,5,4,6,80,8,0.061224489795918366,0.8163265306122449,0.08163265306122448,13,1.8673469387755102,28,0.3979591836734694,8.612244897959183,high
local_swap_p2,local_swap,2,4801,770028678,"3,80,162",161,1288,99,3,7,3,7,79,10,0.0707070707070707,0.797979797979798,0.10101010101010101,13,1.9090909090909092,29,0.3939393939393939,8.434343434343434,high
local_swap_p2,local_swap,2,4801,770028678,"3,80,162",162,1296,104,3,8,3,8,82,11,0.07692307692307693,0.7884615384615384,0.10576923076923077,13,1.8365384615384615,28,0.375,8.384615384615385,high
local_swap_p2,local_swap,2,4801,770028678,"3,80,162",163,1304,102,3,8,3,7,81,11,0.06862745098039216,0.7941176470588235,0.10784313725490197,13,1.9313725490196079,28,0.37254901960784315,8.441176470588236,high
local_swap_p2,local_swap,2,4801,770028678,"3,80,162",164,1312,105,3,6,3,6,87,9,0.05714285714285714,0.8285714285714286,0.08571428571428572,14,2.0095238095238095,32,0.4380952380952381,8.714285714285714,high
local_swap_p2,local_swap,2,4801,770028678,"3,80,162",165,1320,104,3,6,3,5,87,9,0.04807692307692308,0.8365384615384616,0.08653846153846154,14,1.9903846153846154,34,0.4230769230769231,8.788461538461538,high
local_swap_p2,local_swap,2,4801,770028678,"3,80,162",166,1328,105,3,6,3,5,88,9,0.047619047619047616,0.8380952380952381,0.08571428571428572,14,1.980952380952381,35,0.3904761904761905,8.742857142857142,high
local_swap_p2,local_swap,2,4801,770028678,"3,80,162",167,1336,105,3,5,3,4,90,8,0.0380952380952381,0.8571428571428571,0.0761904761904762,14,2.0095238095238095,28,0.5142857142857142,8.876190476190477,high
local_swap_p2,local_swap,2,4801,770028678,"3,80,162",168,1344,103,3,5,3,5,87,8,0.04854368932038835,0.8446601941747572,0.07766990291262135,14,1.9805825242718447,29,0.3106796116504854,8.699029126213592,high
local_swap_p2,local_swap,2,4801,770028678,"3,80,162",169,1352,104,3,5,3,5,88,8,0.04807692307692308,0.8461538461538461,0.07692307692307693,14,1.9423076923076923,28,0.5096153846153846,8.701923076923077,high
local_swap_p2,local_swap,2,4801,770028678,"3,80,162",170,1360,106,3,6,3,5,89,9,0.04716981132075472,0.839622641509434,0.08490566037735849,14,1.7924528301886793,29,0.5094339622641509,8.660377358490566,high
local_swap_p2,local_swap,2,4801,770028678,"3,80,162",171,1368,105,3,5,3,5,89,8,0.047619047619047616,0.8476190476190476,0.0761904761904762,14,1.838095238095238,31,0.3333333333333333,8.733333333333333,high
local_swap_p2,local_swap,2,4801,770028678,"3,80,162",172,1376,103,3,5,3,5,87,8,0.04854368932038835,0.8446601941747572,0.07766990291262135,13,1.8058252427184467,31,0.33980582524271846,8.660194174757281,high
local_swap_p2,local_swap,2,4801,770028678,"3,80,162",173,1384,106,3,5,3,5,90,8,0.04716981132075472,0.8490566037735849,0.07547169811320754,13,1.7358490566037736,32,0.330188679245283,8.660377358490566,high
local_swap_p2,local_swap,2,4801,770028678,"3,80,162",174,1392,106,3,5,3,5,90,8,0.04716981132075472,0.8490566037735849,0.07547169811320754,13,1.7830188679245282,32,0.330188679245283,8.650943396226415,high
local_swap_p2,local_swap,2,4801,770028678,"3,80,162",175,1400,106,3,5,3,4,91,8,0.03773584905660377,0.8584905660377359,0.07547169811320754,13,1.7924528301886793,31,0.5188679245283019,8.79245283018868,high
local_swap_p2,local_swap,2,4801,770028678,"3,80,162",176,1408,102,3,5,3,5,86,8,0.049019607843137254,0.8431372549019608,0.0784313725490196,13,1.9215686274509804,32,0.5098039215686274,8.72549019607843,high
local_swap_p2,local_swap,2,4801,770028678,"3,80,162",177,1416,103,3,5,3,6,86,8,0.05825242718446602,0.8349514563106796,0.07766990291262135,13,1.8640776699029127,31,0.5048543689320388,8.669902912621358,high
local_swap_p2,local_swap,2,4801,770028678,"3,80,162",178,1424,103,3,5,3,5,87,8,0.04854368932038835,0.8446601941747572,0.07766990291262135,13,1.8446601941747574,27,0.5533980582524272,8.70873786407767,high
local_swap_p2,local_swap,2,4801,770028678,"3,80,162",179,1432,103,3,5,3,6,86,8,0.05825242718446602,0.8349514563106796,0.07766990291262135,13,1.8640776699029127,29,0.32038834951456313,8.640776699029127,high
local_swap_p2,local_swap,2,4801,770028678,"3,80,162",180,1440,105,3,5,4,6,87,8,0.05714285714285714,0.8285714285714286,0.0761904761904762,13,1.8666666666666667,30,0.3238095238095238,8.628571428571428,high
local_swap_p2,local_swap,2,4801,770028678,"3,80,162",181,1448,107,3,5,4,6,89,8,0.056074766355140186,0.8317757009345794,0.07476635514018691,13,1.8878504672897196,27,0.5327102803738317,8.626168224299066,high
local_swap_p2,local_swap,2,4801,770028678,"3,80,162",182,1456,104,3,5,3,6,87,8,0.057692307692307696,0.8365384615384616,0.07692307692307693,13,1.9326923076923077,24,0.5576923076923077,8.673076923076923,high
local_swap_p2,local_swap,2,4801,770028678,"3,80,162",183,1464,104,3,5,3,6,87,8,0.057692307692307696,0.8365384615384616,0.07692307692307693,13,1.8269230769230769,33,0.16346153846153846,8.740384615384615,high
local_swap_p2,local_swap,2,4801,770028678,"3,80,162",184,1472,104,3,6,4,7,84,9,0.0673076923076923,0.8076923076923077,0.08653846153846154,13,1.875,36,0.14423076923076922,8.48076923076923,high
local_swap_p2,local_swap,2,4801,770028678,"3,80,162",185,1480,109,3,6,4,7,89,9,0.06422018348623854,0.8165137614678899,0.08256880733944955,14,1.7064220183486238,34,0.30275229357798167,8.568807339449542,high
local_swap_p2,local_swap,2,4801,770028678,"3,80,162",186,1488,108,3,6,4,6,89,9,0.05555555555555555,0.8240740740740741,0.08333333333333333,14,1.712962962962963,34,0.28703703703703703,8.546296296296296,high
local_swap_p2,local_swap,2,4801,770028678,"3,80,162",187,1496,110,3,5,4,6,92,8,0.05454545454545454,0.8363636363636363,0.07272727272727272,14,1.6181818181818182,35,0.2909090909090909,8.681818181818182,high
local_swap_p2,local_swap,2,4801,770028678,"3,80,162",188,1504,113,3,5,4,7,94,8,0.061946902654867256,0.831858407079646,0.07079646017699115,14,1.5398230088495575,34,0.3008849557522124,8.646017699115044,high
local_swap_p2,local_swap,2,4801,770028678,"3,80,162",189,1512,114,3,5,3,7,96,8,0.06140350877192982,0.8421052631578947,0.07017543859649122,14,1.4912280701754386,26,0.5789473684210527,8.701754385964913,high
local_swap_p2,local_swap,2,4801,770028678,"3,80,162",190,1520,111,3,5,3,5,95,8,0.04504504504504504,0.8558558558558559,0.07207207207207207,14,1.5765765765765767,26,0.5855855855855856,8.756756756756756,high
local_swap_p2,local_swap,2,4801,770028678,"3,80,162",191,1528,114,3,6,3,5,97,9,0.043859649122807015,0.8508771929824561,0.07894736842105263,13,1.5350877192982457,26,0.5877192982456141,8.701754385964913,high
local_swap_p2,local_swap,2,4801,770028678,"3,80,162",192,1536,116,3,6,3,6,98,9,0.05172413793103448,0.8448275862068966,0.07758620689655173,13,1.5603448275862069,29,0.5603448275862069,8.672413793103448,high
local_swap_p2,local_swap,2,4801,770028678,"3,80,162",193,1544,115,3,6,3,5,98,9,0.043478260869565216,0.8521739130434782,0.0782608695652174,13,1.5391304347826087,29,0.5391304347826087,8.704347826086957,high
local_swap_p2,local_swap,2,4801,770028678,"3,80,162",194,1552,115,3,6,3,5,98,9,0.043478260869565216,0.8521739130434782,0.0782608695652174,13,1.5478260869565217,30,0.4956521739130435,8.669565217391304,high
local_swap_p2,local_swap,2,4801,770028678,"3,80,162",195,1560,113,3,6,3,5,96,9,0.04424778761061947,0.8495575221238938,0.07964601769911504,13,1.575221238938053,31,0.48672566371681414,8.628318584070797,high
local_swap_p2,local_swap,2,4801,770028678,"3,80,162",196,1568,113,3,6,3,4,97,9,0.035398230088495575,0.8584070796460177,0.07964601769911504,13,1.6283185840707965,35,0.36283185840707965,8.70796460176991,high
local_swap_p2,local_swap,2,4801,770028678,"3,80,162",197,1576,116,3,6,3,4,100,9,0.034482758620689655,0.8620689655172413,0.07758620689655173,13,1.543103448275862,34,0.3620689655172414,8.767241379310345,high
local_swap_p2,local_swap,2,4801,770028678,"3,80,162",198,1584,119,3,6,3,4,103,9,0.03361344537815126,0.865546218487395,0.07563025210084033,13,1.495798319327731,33,0.3697478991596639,8.840336134453782,high
local_swap_p2,local_swap,2,4801,770028678,"3,80,162",199,1592,120,3,7,3,4,103,10,0.03333333333333333,0.8583333333333333,0.08333333333333333,13,1.525,35,0.3,8.791666666666666,high
local_swap_p2,local_swap,2,4801,770028678,"3,80,162",200,1600,122,3,6,3,4,106,9,0.03278688524590164,0.8688524590163934,0.07377049180327869,14,1.6557377049180328,30,0.5737704918032787,8.778688524590164,high
local_swap_p2,local_swap,2,4801,770028678,"3,80,162",201,1608,120,3,6,3,4,104,9,0.03333333333333333,0.8666666666666667,0.075,14,1.7,28,0.575,8.725,high
local_swap_p2,local_swap,2,4801,770028678,"3,80,162",202,1616,125,3,7,4,5,106,10,0.04,0.848,0.08,14,1.608,28,0.568,8.576,high
local_swap_p2,local_swap,2,4801,770028678,"3,80,162",203,1624,123,3,7,4,5,104,10,0.04065040650406504,0.8455284552845529,0.08130081300813008,13,1.6422764227642277,29,0.5772357723577236,8.544715447154472,high
local_swap_p2,local_swap,2,4801,770028678,"3,80,162",204,1632,122,3,7,4,5,103,10,0.040983606557377046,0.8442622950819673,0.08196721311475409,13,1.6065573770491803,30,0.5081967213114754,8.467213114754099,high
local_swap_p2,local_swap,2,4801,770028678,"3,80,162",205,1640,123,3,7,4,5,104,10,0.04065040650406504,0.8455284552845529,0.08130081300813008,13,1.6178861788617886,30,0.5121951219512195,8.463414634146341,high
local_swap_p2,local_swap,2,4801,770028678,"3,80,162",206,1648,125,3,8,4,5,105,11,0.04,0.84,0.088,13,1.632,33,0.376,8.44,high
local_swap_p2,local_swap,2,4801,770028678,"3,80,162",207,1656,126,3,8,4,5,106,11,0.03968253968253968,0.8412698412698413,0.0873015873015873,13,1.5476190476190477,30,0.5158730158730159,8.46031746031746,high
local_swap_p2,local_swap,2,4801,770028678,"3,80,162",208,1664,130,3,8,4,5,110,11,0.038461538461538464,0.8461538461538461,0.08461538461538462,13,1.5,30,0.5230769230769231,8.592307692307692,high
local_swap_p2,local_swap,2,4801,770028678,"3,80,162",209,1672,130,3,8,4,5,110,11,0.038461538461538464,0.8461538461538461,0.08461538461538462,13,1.5307692307692307,29,0.5230769230769231,8.592307692307692,high
local_swap_p2,local_swap,2,4801,770028678,"3,80,162",210,1680,133,3,8,2,8,112,11,0.06015037593984962,0.8421052631578947,0.08270676691729323,13,1.4887218045112782,30,0.5488721804511278,8.639097744360901,high
local_swap_p2,local_swap,2,4801,770028678,"3,80,162",211,1688,131,3,8,2,7,111,11,0.05343511450381679,0.8473282442748091,0.08396946564885496,13,1.5114503816793894,35,0.4961832061068702,8.618320610687023,high
local_swap_p2,local_swap,2,4801,770028678,"3,80,162",212,1696,133,3,8,2,7,113,11,0.05263157894736842,0.849624060150376,0.08270676691729323,13,1.4586466165413534,35,0.5037593984962406,8.654135338345865,high
local_swap_p2,local_swap,2,4801,770028678,"3,80,162",213,1704,134,3,7,3,7,114,10,0.05223880597014925,0.8507462686567164,0.07462686567164178,13,1.3955223880597014,31,0.5223880597014925,8.656716417910447,high
local_swap_p2,local_swap,2,4801,770028678,"3,80,162",214,1712,135,3,7,5,6,114,10,0.044444444444444446,0.8444444444444444,0.07407407407407407,13,1.348148148148148,28,0.5259259259259259,8.577777777777778,high
local_swap_p2,local_swap,2,4801,770028678,"3,80,162",215,1720,133,3,7,3,6,114,10,0.045112781954887216,0.8571428571428571,0.07518796992481203,13,1.4360902255639099,29,0.5338345864661654,8.669172932330827,high
local_swap_p2,local_swap,2,4801,770028678,"3,80,162",216,1728,134,3,7,3,6,115,10,0.04477611940298507,0.8582089552238806,0.07462686567164178,13,1.4402985074626866,30,0.5223880597014925,8.656716417910447,high
local_swap_p2,local_swap,2,4801,770028678,"3,80,162",217,1736,133,3,7,3,6,114,10,0.045112781954887216,0.8571428571428571,0.07518796992481203,14,1.481203007518797,31,0.5112781954887218,8.654135338345865,high
local_swap_p2,local_swap,2,4801,770028678,"3,80,162",218,1744,134,3,7,3,6,115,10,0.04477611940298507,0.8582089552238806,0.07462686567164178,14,1.4179104477611941,33,0.5149253731343284,8.664179104477611,high
local_swap_p2,local_swap,2,4801,770028678,"3,80,162",219,1752,138,3,8,3,5,119,11,0.036231884057971016,0.8623188405797102,0.07971014492753623,14,1.434782608695652,34,0.5217391304347826,8.673913043478262,high
local_swap_p2,local_swap,2,4801,770028678,"3,80,162",220,1760,136,3,8,3,5,117,11,0.03676470588235294,0.8602941176470589,0.08088235294117647,13,1.4485294117647058,31,0.5294117647058824,8.676470588235293,high
local_swap_p2,local_swap,2,4801,770028678,"3,80,162",221,1768,135,3,8,4,4,116,11,0.02962962962962963,0.8592592592592593,0.08148148148148149,13,1.4444444444444444,30,0.5259259259259259,8.65925925925926,high
local_swap_p2,local_swap,2,4801,770028678,"3,80,162",222,1776,134,3,8,3,5,115,11,0.03731343283582089,0.8582089552238806,0.08208955223880597,13,1.5,32,0.5149253731343284,8.649253731343284,high
local_swap_p2,local_swap,2,4801,770028678,"3,80,162",223,1784,131,3,8,3,5,112,11,0.03816793893129771,0.8549618320610687,0.08396946564885496,13,1.534351145038168,33,0.4961832061068702,8.625954198473282,high
local_swap_p2,local_swap,2,4801,770028678,"3,80,162",224,1792,133,3,8,4,5,113,11,0.03759398496240601,0.849624060150376,0.08270676691729323,13,1.4661654135338347,32,0.49624060150375937,8.586466165413533,high
local_swap_p2,local_swap,2,4801,770028678,"3,80,162",225,1800,135,3,8,4,5,115,11,0.037037037037037035,0.8518518518518519,0.08148148148148149,13,1.474074074074074,31,0.5037037037037037,8.614814814814816,high
local_swap_p2,local_swap,2,4801,770028678,"3,80,162",226,1808,136,3,7,4,6,116,10,0.04411764705882353,0.8529411764705882,0.07352941176470588,13,1.5,31,0.5147058823529411,8.625,high
local_swap_p2,local_swap,2,4801,770028678,"3,80,162",227,1816,135,3,6,4,6,116,9,0.044444444444444446,0.8592592592592593,0.06666666666666667,13,1.511111111111111,34,0.5259259259259259,8.71111111111111,high
local_swap_p2,local_swap,2,4801,770028678,"3,80,162",228,1824,139,3,7,4,6,119,10,0.04316546762589928,0.8561151079136691,0.07194244604316546,14,1.5035971223021583,35,0.5251798561151079,8.697841726618705,high
local_swap_p2,local_swap,2,4801,770028678,"3,80,162",229,1832,140,3,7,4,6,120,10,0.04285714285714286,0.8571428571428571,0.07142857142857142,14,1.5285714285714285,32,0.5214285714285715,8.657142857142857,high
local_swap_p2,local_swap,2,4801,770028678,"3,80,162",230,1840,143,3,7,5,7,121,10,0.04895104895104895,0.8461538461538461,0.06993006993006994,14,1.4685314685314685,32,0.5454545454545454,8.573426573426573,high
local_swap_p2,local_swap,2,4801,770028678,"3,80,162",231,1848,142,3,6,5,8,120,9,0.056338028169014086,0.8450704225352113,0.06338028169014084,14,1.556338028169014,30,0.5492957746478874,8.612676056338028,high
local_swap_p2,local_swap,2,4801,770028678,"3,80,162",232,1856,145,3,6,5,8,123,9,0.05517241379310345,0.8482758620689655,0.06206896551724138,14,1.5241379310344827,34,0.5172413793103449,8.613793103448275,high
local_swap_p2,local_swap,2,4801,770028678,"3,80,162",233,1864,146,3,6,5,8,124,9,0.0547945205479452,0.8493150684931506,0.06164383561643835,14,1.4589041095890412,33,0.5205479452054794,8.657534246575343,high
local_swap_p2,local_swap,2,4801,770028678,"3,80,162",234,1872,149,3,6,5,8,127,9,0.053691275167785234,0.8523489932885906,0.06040268456375839,14,1.4630872483221478,32,0.5100671140939598,8.697986577181208,high
local_swap_p2,local_swap,2,4801,770028678,"3,80,162",235,1880,148,3,6,5,7,127,9,0.0472972972972973,0.8581081081081081,0.060810810810810814,14,1.527027027027027,36,0.49324324324324326,8.743243243243244,high
local_swap_p2,local_swap,2,4801,770028678,"3,80,162",236,1888,144,3,6,5,7,123,9,0.04861111111111111,0.8541666666666666,0.0625,14,1.6388888888888888,38,0.4791666666666667,8.75,high
local_swap_p2,local_swap,2,4801,770028678,"3,80,162",237,1896,147,3,6,4,7,127,9,0.047619047619047616,0.8639455782312925,0.061224489795918366,14,1.5578231292517006,39,0.47619047619047616,8.795918367346939,high
local_swap_p2,local_swap,2,4801,770028678,"3,80,162",238,1904,149,3,6,4,8,128,9,0.053691275167785234,0.8590604026845637,0.06040268456375839,14,1.5302013422818792,40,0.46308724832214765,8.758389261744966,high
local_swap_p2,local_swap,2,4801,770028678,"3,80,162",239,1912,147,3,6,4,8,126,9,0.05442176870748299,0.8571428571428571,0.061224489795918366,14,1.5850340136054422,37,0.48299319727891155,8.782312925170068,high
local_swap_p2,local_swap,2,4801,770028678,"3,80,162",240,1920,147,3,6,5,8,125,9,0.05442176870748299,0.8503401360544217,0.061224489795918366,14,1.5510204081632653,33,0.5034013605442177,8.693877551020408,high
local_swap_p2,local_swap,2,4801,770028678,"3,80,162",241,1928,145,3,6,5,7,124,9,0.04827586206896552,0.8551724137931035,0.06206896551724138,14,1.5655172413793104,35,0.496551724137931,8.744827586206897,high
local_swap_p2,local_swap,2,4801,770028678,"3,80,162",242,1936,145,3,6,5,7,124,9,0.04827586206896552,0.8551724137931035,0.06206896551724138,14,1.5379310344827586,33,0.5793103448275863,8.724137931034482,high
local_swap_p2,local_swap,2,4801,770028678,"3,80,162",243,1944,146,3,7,5,7,124,10,0.04794520547945205,0.8493150684931506,0.0684931506849315,14,1.5273972602739727,33,0.5684931506849316,8.636986301369863,high
local_swap_p2,local_swap,2,4801,770028678,"3,80,162",244,1952,147,3,7,4,8,125,10,0.05442176870748299,0.8503401360544217,0.06802721088435375,14,1.5238095238095237,34,0.5578231292517006,8.63265306122449,high
local_swap_p2,local_swap,2,4801,770028678,"3,80,162",245,1960,147,3,7,4,8,125,10,0.05442176870748299,0.8503401360544217,0.06802721088435375,14,1.5034013605442176,36,0.5374149659863946,8.639455782312925,high
local_swap_p2,local_swap,2,4801,770028678,"3,80,162",246,1968,152,3,7,4,8,130,10,0.05263157894736842,0.8552631578947368,0.06578947368421052,14,1.4342105263157894,33,0.5723684210526315,8.730263157894736,high
local_swap_p2,local_swap,2,4801,770028678,"3,80,162",247,1976,151,3,7,4,8,129,10,0.052980132450331126,0.8543046357615894,0.06622516556291391,14,1.423841059602649,34,0.5761589403973509,8.721854304635762,high
local_swap_p2,local_swap,2,4801,770028678,"3,80,162",248,1984,150,3,6,4,7,130,9,0.04666666666666667,0.8666666666666667,0.06,14,1.4266666666666667,37,0.5533333333333333,8.793333333333333,high
local_swap_p2,local_swap,2,4801,770028678,"3,80,162",249,1992,149,3,6,4,7,129,9,0.04697986577181208,0.8657718120805369,0.06040268456375839,14,1.4429530201342282,39,0.5369127516778524,8.818791946308725,high
local_swap_p2,local_swap,2,4801,770028678,"3,80,162",250,2000,148,3,6,4,6,129,9,0.04054054054054054,0.8716216216216216,0.060810810810810814,14,1.412162162162162,37,0.5472972972972973,8.777027027027026,high
local_swap_p2,local_swap,2,4801,770028678,"3,80,162",251,2008,148,3,6,4,6,129,9,0.04054054054054054,0.8716216216216216,0.060810810810810814,14,1.364864864864865,38,0.5405405405405406,8.783783783783784,high
local_swap_p2,local_swap,2,4801,770028678,"3,80,162",252,2016,146,3,6,4,6,127,9,0.0410958904109589,0.8698630136986302,0.06164383561643835,14,1.3972602739726028,38,0.541095890410959,8.808219178082192,high
local_swap_p2,local_swap,2,4801,770028678,"3,80,162",253,2024,149,3,6,4,6,130,9,0.040268456375838924,0.87248322147651,0.06040268456375839,14,1.3355704697986577,39,0.5369127516778524,8.832214765100671,high
local_swap_p2,local_swap,2,4801,770028678,"3,80,162",254,2032,148,3,6,4,5,130,9,0.033783783783783786,0.8783783783783784,0.060810810810810814,14,1.364864864864865,41,0.527027027027027,8.797297297297296,high
local_swap_p2,local_swap,2,4801,770028678,"3,80,162",255,2040,150,3,6,4,6,131,9,0.04,0.8733333333333333,0.06,14,1.3466666666666667,41,0.52,8.726666666666667,high
local_swap_p2,local_swap,2,4801,770028678,"3,80,162",256,2048,153,3,6,4,5,135,9,0.032679738562091505,0.8823529411764706,0.058823529411764705,14,1.3137254901960784,40,0.5294117647058824,8.81045751633987,high
local_swap_p2,local_swap,2,4801,770028678,"3,80,162",257,2056,153,3,6,4,5,135,9,0.032679738562091505,0.8823529411764706,0.058823529411764705,14,1.3137254901960784,40,0.5294117647058824,8.816993464052288,high
local_swap_p2,local_swap,2,4801,770028678,"3,80,162",258,2064,159,3,7,4,6,139,10,0.03773584905660377,0.8742138364779874,0.06289308176100629,14,1.220125786163522,37,0.5345911949685535,8.685534591194969,high
local_swap_p2,local_swap,2,4801,770028678,"3,80,162",259,2072,155,3,7,4,5,136,10,0.03225806451612903,0.8774193548387097,0.06451612903225806,14,1.2838709677419355,35,0.5548387096774193,8.735483870967743,high
local_swap_p2,local_swap,2,4801,770028678,"3,80,162",260,2080,159,3,8,4,6,138,11,0.03773584905660377,0.8679245283018868,0.06918238993710692,14,1.2264150943396226,34,0.559748427672956,8.641509433962264,high
local_swap_p2,local_swap,2,4801,770028678,"3,80,162",261,2088,159,3,8,4,7,137,11,0.0440251572327044,0.8616352201257862,0.06918238993710692,14,1.2641509433962264,34,0.559748427672956,8.616352201257861,high
local_swap_p2,local_swap,2,4801,770028678,"3,80,162",262,2096,160,3,8,4,6,139,11,0.0375,0.86875,0.06875,14,1.3,37,0.5375,8.70625,high
local_swap_p2,local_swap,2,4801,770028678,"3,80,162",263,2104,162,3,8,4,6,141,11,0.037037037037037035,0.8703703703703703,0.06790123456790123,14,1.308641975308642,37,0.5493827160493827,8.685185185185185,high
local_swap_p2,local_swap,2,4801,770028678,"3,80,162",264,2112,161,3,9,4,8,137,12,0.049689440993788817,0.8509316770186336,0.07453416149068323,14,1.31055900621118,37,0.5279503105590062,8.608695652173912,high
local_swap_p2,local_swap,2,4801,770028678,"3,80,162",265,2120,164,3,9,4,8,140,12,0.04878048780487805,0.8536585365853658,0.07317073170731707,14,1.2621951219512195,36,0.5426829268292683,8.615853658536585,high
local_swap_p2,local_swap,2,4801,770028678,"3,80,162",266,2128,165,3,9,5,7,141,12,0.04242424242424243,0.8545454545454545,0.07272727272727272,14,1.2969696969696969,37,0.5333333333333333,8.587878787878788,high
local_swap_p2,local_swap,2,4801,770028678,"3,80,162",267,2136,163,3,8,5,7,140,11,0.04294478527607362,0.8588957055214724,0.06748466257668712,14,1.3067484662576687,37,0.5398773006134969,8.656441717791411,high
local_swap_p2,local_swap,2,4801,770028678,"3,80,162",268,2144,161,3,8,5,6,139,11,0.037267080745341616,0.8633540372670807,0.06832298136645963,14,1.3478260869565217,37,0.5403726708074534,8.677018633540373,high
local_swap_p2,local_swap,2,4801,770028678,"3,80,162",269,2152,163,3,8,5,7,140,11,0.04294478527607362,0.8588957055214724,0.06748466257668712,14,1.3251533742331287,37,0.5337423312883436,8.680981595092025,high
local_swap_p2,local_swap,2,4801,770028678,"3,80,162",270,2160,164,3,8,5,5,143,11,0.03048780487804878,0.8719512195121951,0.06707317073170732,14,1.298780487804878,37,0.5304878048780488,8.731707317073171,high
local_swap_p2,local_swap,2,4801,770028678,"3,80,162",271,2168,162,3,8,5,5,141,11,0.030864197530864196,0.8703703703703703,0.06790123456790123,14,1.3271604938271604,36,0.5493827160493827,8.75925925925926,high
local_swap_p2,local_swap,2,4801,770028678,"3,80,162",272,2176,162,3,8,5,5,141,11,0.030864197530864196,0.8703703703703703,0.06790123456790123,14,1.2777777777777777,39,0.5370370370370371,8.802469135802468,high
local_swap_p2,local_swap,2,4801,770028678,"3,80,162",273,2184,163,3,8,6,5,141,11,0.03067484662576687,0.8650306748466258,0.06748466257668712,15,1.2576687116564418,38,0.5337423312883436,8.785276073619633,high
local_swap_p2,local_swap,2,4801,770028678,"3,80,162",274,2192,166,3,8,6,6,143,11,0.03614457831325301,0.8614457831325302,0.06626506024096386,15,1.180722891566265,39,0.5421686746987951,8.819277108433734,high
local_swap_p2,local_swap,2,4801,770028678,"3,80,162",275,2200,167,3,9,6,6,143,12,0.03592814371257485,0.8562874251497006,0.0718562874251497,14,1.1676646706586826,37,0.5449101796407185,8.760479041916168,high
local_swap_p2,local_swap,2,4801,770028678,"3,80,162",276,2208,164,3,9,6,6,140,12,0.036585365853658534,0.8536585365853658,0.07317073170731707,14,1.2317073170731707,38,0.5304878048780488,8.701219512195122,high
local_swap_p2,local_swap,2,4801,770028678,"3,80,162",277,2216,164,3,8,5,8,140,11,0.04878048780487805,0.8536585365853658,0.06707317073170732,14,1.2317073170731707,38,0.5365853658536586,8.731707317073171,high
local_swap_p2,local_swap,2,4801,770028678,"3,80,162",278,2224,166,3,8,5,8,142,11,0.04819277108433735,0.8554216867469879,0.06626506024096386,14,1.283132530120482,34,0.5542168674698795,8.728915662650602,high
local_swap_p2,local_swap,2,4801,770028678,"3,80,162",279,2232,169,3,8,5,8,145,11,0.047337278106508875,0.8579881656804734,0.0650887573964497,14,1.2544378698224852,36,0.5502958579881657,8.804733727810651,high
local_swap_p2,local_swap,2,4801,770028678,"3,80,162",280,2240,173,3,8,6,7,149,11,0.04046242774566474,0.861271676300578,0.06358381502890173,14,1.1907514450867052,38,0.5028901734104047,8.797687861271676,high
local_swap_p2,local_swap,2,4801,770028678,"3,80,162",281,2248,172,3,7,6,7,149,10,0.040697674418604654,0.8662790697674418,0.05813953488372093,14,1.2383720930232558,42,0.5058139534883721,8.866279069767442,high
local_swap_p2,local_swap,2,4801,770028678,"3,80,162",282,2256,168,3,7,6,7,145,10,0.041666666666666664,0.8630952380952381,0.05952380952380952,14,1.2380952380952381,39,0.5,8.821428571428571,high
local_swap_p2,local_swap,2,4801,770028678,"3,80,162",283,2264,172,3,7,5,9,148,10,0.05232558139534884,0.8604651162790697,0.05813953488372093,14,1.197674418604651,39,0.4941860465116279,8.779069767441861,high
local_swap_p2,local_swap,2,4801,770028678,"3,80,162",284,2272,174,3,8,5,9,149,11,0.05172413793103448,0.8563218390804598,0.06321839080459771,14,1.1839080459770115,42,0.46551724137931033,8.775862068965518,high
local_swap_p2,local_swap,2,4801,770028678,"3,80,162",285,2280,174,3,8,5,9,149,11,0.05172413793103448,0.8563218390804598,0.06321839080459771,15,1.1839080459770115,41,0.4827586206896552,8.781609195402298,high
local_swap_p2,local_swap,2,4801,770028678,"3,80,162",286,2288,173,3,8,5,8,149,11,0.046242774566473986,0.861271676300578,0.06358381502890173,15,1.2138728323699421,42,0.4797687861271676,8.815028901734104,high
local_swap_p2,local_swap,2,4801,770028678,"3,80,162",287,2296,173,3,8,5,9,148,11,0.05202312138728324,0.8554913294797688,0.06358381502890173,16,1.1734104046242775,44,0.47398843930635837,8.76878612716763,high
local_swap_p2,local_swap,2,4801,770028678,"3,80,162",288,2304,176,3,8,5,9,151,11,0.05113636363636364,0.8579545454545454,0.0625,16,1.1420454545454546,43,0.48863636363636365,8.801136363636363,high
local_swap_p2,local_swap,2,4801,770028678,"3,80,162",289,2312,177,3,8,5,9,152,11,0.05084745762711865,0.8587570621468926,0.062146892655367235,16,1.1242937853107344,42,0.5028248587570622,8.819209039548022,high
local_swap_p2,local_swap,2,4801,770028678,"3,80,162",290,2320,177,3,8,4,9,153,11,0.05084745762711865,0.864406779661017,0.062146892655367235,16,1.112994350282486,44,0.5141242937853108,8.864406779661017,high
local_swap_p2,local_swap,2,4801,770028678,"3,80,162",291,2328,176,3,8,4,8,153,11,0.045454545454545456,0.8693181818181818,0.0625,16,1.1477272727272727,43,0.5284090909090909,8.875,high
local_swap_p2,local_swap,2,4801,770028678,"3,80,162",292,2336,175,3,8,4,8,152,11,0.045714285714285714,0.8685714285714285,0.06285714285714286,16,1.2285714285714286,45,0.5085714285714286,8.862857142857143,high
local_swap_p2,local_swap,2,4801,770028678,"3,80,162",293,2344,174,3,8,4,10,149,11,0.05747126436781609,0.8563218390804598,0.06321839080459771,16,1.2701149425287357,46,0.4942528735632184,8.78735632183908,high
local_swap_p2,local_swap,2,4801,770028678,"3,80,162",294,2352,176,3,8,5,9,151,11,0.05113636363636364,0.8579545454545454,0.0625,16,1.25,45,0.4943181818181818,8.823863636363637,high
local_swap_p2,local_swap,2,4801,770028678,"3,80,162",295,2360,176,3,9,6,7,151,12,0.03977272727272727,0.8579545454545454,0.06818181818181818,15,1.2784090909090908,44,0.48863636363636365,8.738636363636363,high
local_swap_p2,local_swap,2,4801,770028678,"3,80,162",296,2368,176,3,10,6,7,150,13,0.03977272727272727,0.8522727272727273,0.07386363636363637,15,1.2784090909090908,44,0.4772727272727273,8.681818181818182,high
local_swap_p2,local_swap,2,4801,770028678,"3,80,162",297,2376,177,3,10,6,7,151,13,0.03954802259887006,0.8531073446327684,0.07344632768361582,15,1.2429378531073447,44,0.480225988700565,8.689265536723164,high
local_swap_p2,local_swap,2,4801,770028678,"3,80,162",298,2384,173,3,10,6,7,147,13,0.04046242774566474,0.8497109826589595,0.07514450867052024,15,1.283236994219653,47,0.4508670520231214,8.61849710982659,high
local_swap_p2,local_swap,2,4801,770028678,"3,80,162",299,2392,171,3,10,6,7,145,13,0.04093567251461988,0.847953216374269,0.07602339181286549,15,1.3099415204678362,47,0.45614035087719296,8.596491228070175,high
local_swap_p2,local_swap,2,4801,770028678,"3,80,162",300,2400,173,3,10,6,7,147,13,0.04046242774566474,0.8497109826589595,0.07514450867052024,14,1.30635838150289,47,0.4508670520231214,8.624277456647398,high
local_swap_p2,local_swap,2,4801,770028678,"3,80,162",301,2408,174,3,10,6,7,148,13,0.040229885057471264,0.8505747126436781,0.07471264367816093,14,1.293103448275862,45,0.4540229885057471,8.60919540229885,high
local_swap_p2,local_swap,2,4801,770028678,"3,80,162",302,2416,176,3,10,6,9,148,13,0.05113636363636364,0.8409090909090909,0.07386363636363637,14,1.2329545454545454,45,0.45454545454545453,8.5625,high
local_swap_p2,local_swap,2,4801,770028678,"3,80,162",303,2424,175,3,10,7,8,147,13,0.045714285714285714,0.84,0.07428571428571429,14,1.2342857142857142,43,0.46285714285714286,8.554285714285715,high
local_swap_p2,local_swap,2,4801,770028678,"3,80,162",304,2432,175,3,10,7,8,147,13,0.045714285714285714,0.84,0.07428571428571429,14,1.24,43,0.4514285714285714,8.542857142857143,high
local_swap_p2,local_swap,2,4801,770028678,"3,80,162",305,2440,175,3,10,7,8,147,13,0.045714285714285714,0.84,0.07428571428571429,14,1.2114285714285715,41,0.4685714285714286,8.531428571428572,high
local_swap_p2,local_swap,2,4801,770028678,"3,80,162",306,2448,177,3,10,7,8,149,13,0.04519774011299435,0.8418079096045198,0.07344632768361582,14,1.2033898305084745,42,0.4745762711864407,8.548022598870057,high
local_swap_p2,local_swap,2,4801,770028678,"3,80,162",307,2456,175,3,10,6,8,148,13,0.045714285714285714,0.8457142857142858,0.07428571428571429,14,1.24,43,0.48,8.577142857142857,high
local_swap_p2,local_swap,2,4801,770028678,"3,80,162",308,2464,171,3,10,6,7,145,13,0.04093567251461988,0.847953216374269,0.07602339181286549,14,1.2982456140350878,44,0.4678362573099415,8.584795321637428,high
local_swap_p2,local_swap,2,4801,770028678,"3,80,162",309,2472,173,3,10,6,7,147,13,0.04046242774566474,0.8497109826589595,0.07514450867052024,14,1.2947976878612717,40,0.4797687861271676,8.566473988439306,high
local_swap_p2,local_swap,2,4801,770028678,"3,80,162",310,2480,170,3,10,6,7,144,13,0.041176470588235294,0.8470588235294118,0.07647058823529412,14,1.3352941176470587,38,0.4764705882352941,8.523529411764706,high
local_swap_p2,local_swap,2,4801,770028678,"3,80,162",311,2488,170,3,10,6,8,143,13,0.047058823529411764,0.8411764705882353,0.07647058823529412,14,1.311764705882353,37,0.47058823529411764,8.488235294117647,high
local_swap_p2,local_swap,2,4801,770028678,"3,80,162",312,2496,172,3,10,6,8,145,13,0.046511627906976744,0.8430232558139535,0.0755813953488372,14,1.2267441860465116,35,0.4941860465116279,8.424418604651162,high
local_swap_p2,local_swap,2,4801,770028678,"3,80,162",313,2504,173,3,10,6,8,146,13,0.046242774566473986,0.8439306358381503,0.07514450867052024,14,1.1907514450867052,35,0.5028901734104047,8.427745664739884,high
local_swap_p2,local_swap,2,4801,770028678,"3,80,162",314,2512,175,3,10,6,9,147,13,0.05142857142857143,0.84,0.07428571428571429,14,1.2457142857142858,33,0.5314285714285715,8.405714285714286,high
local_swap_p2,local_swap,2,4801,770028678,"3,80,162",315,2520,174,3,10,6,10,145,13,0.05747126436781609,0.8333333333333334,0.07471264367816093,14,1.3103448275862069,37,0.5172413793103449,8.344827586206897,high
local_swap_p2,local_swap,2,4801,770028678,"3,80,162",316,2528,175,3,10,6,11,145,13,0.06285714285714286,0.8285714285714286,0.07428571428571429,14,1.28,38,0.5085714285714286,8.337142857142856,high
local_swap_p2,local_swap,2,4801,770028678,"3,80,162",317,2536,177,3,10,6,11,147,13,0.062146892655367235,0.8305084745762712,0.07344632768361582,14,1.271186440677966,38,0.5084745762711864,8.35593220338983,high
local_swap_p2,local_swap,2,4801,770028678,"3,80,162",318,2544,178,3,10,6,11,148,13,0.06179775280898876,0.8314606741573034,0.07303370786516854,14,1.2808988764044944,31,0.5674157303370787,8.393258426966293,high
local_swap_p2,local_swap,2,4801,770028678,"3,80,162",319,2552,178,3,10,6,11,148,13,0.06179775280898876,0.8314606741573034,0.07303370786516854,14,1.202247191011236,33,0.5,8.426966292134832,high
local_swap_p2,local_swap,2,4801,770028678,"3,80,162",320,2560,180,3,10,6,11,150,13,0.06111111111111111,0.8333333333333334,0.07222222222222222,14,1.1944444444444444,35,0.4888888888888889,8.46111111111111,high
local_swap_p2,local_swap,2,4861,770028738,"3,80,162",0,0,3,3,0,0,0,0,3,0.0,0.0,1.0,0,3.6666666666666665,1,1.0,0.0,low
local_swap_p2,local_swap,2,4861,770028738,"3,80,162",1,8,5,3,2,0,0,0,5,0.0,0.0,1.0,1,2.2,1,1.0,0.4,low
local_swap_p2,local_swap,2,4861,770028738,"3,80,162",2,16,4,3,0,1,0,0,3,0.0,0.0,0.75,2,3.0,2,0.75,0.5,low
local_swap_p2,local_swap,2,4861,770028738,"3,80,162",3,24,4,3,0,1,0,0,3,0.0,0.0,0.75,2,3.0,2,0.75,0.5,low
local_swap_p2,local_swap,2,4861,770028738,"3,80,162",4,32,4,3,0,1,0,0,3,0.0,0.0,0.75,2,3.0,2,0.75,0.5,low
local_swap_p2,local_swap,2,4861,770028738,"3,80,162",5,40,4,3,0,1,0,0,3,0.0,0.0,0.75,2,3.0,2,0.75,0.5,low
local_swap_p2,local_swap,2,4861,770028738,"3,80,162",6,48,4,3,0,1,0,0,3,0.0,0.0,0.75,2,3.0,2,0.75,0.5,low
local_swap_p2,local_swap,2,4861,770028738,"3,80,162",7,56,5,3,2,0,0,0,5,0.0,0.0,1.0,1,2.4,1,1.0,0.4,low
local_swap_p2,local_swap,2,4861,770028738,"3,80,162",8,64,4,3,1,0,0,0,4,0.0,0.0,1.0,1,3.25,1,1.0,0.25,low
local_swap_p2,local_swap,2,4861,770028738,"3,80,162",9,72,4,3,1,0,0,0,4,0.0,0.0,1.0,1,3.25,1,1.0,0.25,low
local_swap_p2,local_swap,2,4861,770028738,"3,80,162",10,80,4,3,1,0,0,0,4,0.0,0.0,1.0,1,3.25,1,1.0,0.25,low
local_swap_p2,local_swap,2,4861,770028738,"3,80,162",11,88,4,3,1,0,0,0,4,0.0,0.0,1.0,1,3.25,1,1.0,0.25,low
local_swap_p2,local_swap,2,4861,770028738,"3,80,162",12,96,4,3,1,0,0,0,4,0.0,0.0,1.0,1,3.25,1,1.0,0.25,low
local_swap_p2,local_swap,2,4861,770028738,"3,80,162",13,104,4,3,1,0,0,0,4,0.0,0.0,1.0,1,3.25,1,1.0,0.25,low
local_swap_p2,local_swap,2,4861,770028738,"3,80,162",14,112,4,3,1,0,0,0,4,0.0,0.0,1.0,1,3.25,1,1.0,0.25,low
local_swap_p2,local_swap,2,4861,770028738,"3,80,162",15,120,5,3,1,0,1,0,4,0.2,0.0,0.8,2,2.8,1,1.0,0.8,low
local_swap_p2,local_swap,2,4861,770028738,"3,80,162",16,128,4,3,0,0,1,0,3,0.25,0.0,0.75,3,3.5,2,0.75,0.75,low
local_swap_p2,local_swap,2,4861,770028738,"3,80,162",17,136,4,3,0,0,1,0,3,0.25,0.0,0.75,3,3.5,2,0.75,0.75,low
local_swap_p2,local_swap,2,4861,770028738,"3,80,162",18,144,4,3,0,0,1,0,3,0.25,0.0,0.75,3,3.0,2,0.75,0.75,low
local_swap_p2,local_swap,2,4861,770028738,"3,80,162",19,152,4,3,0,0,1,0,3,0.25,0.0,0.75,3,3.0,2,0.75,0.75,low
local_swap_p2,local_swap,2,4861,770028738,"3,80,162",20,160,4,3,0,0,1,0,3,0.25,0.0,0.75,3,3.0,2,0.75,0.75,low
local_swap_p2,local_swap,2,4861,770028738,"3,80,162",21,168,4,3,0,0,1,0,3,0.25,0.0,0.75,3,3.0,2,0.75,0.75,low
local_swap_p2,local_swap,2,4861,770028738,"3,80,162",22,176,5,3,1,1,0,0,4,0.0,0.0,0.8,2,3.4,2,0.8,0.6,low
local_swap_p2,local_swap,2,4861,770028738,"3,80,162",23,184,5,3,1,1,0,0,4,0.0,0.0,0.8,2,3.4,2,0.8,0.6,low
local_swap_p2,local_swap,2,4861,770028738,"3,80,162",24,192,4,3,0,0,1,0,3,0.25,0.0,0.75,3,3.0,2,0.75,0.75,low
local_swap_p2,local_swap,2,4861,770028738,"3,80,162",25,200,4,3,0,0,1,0,3,0.25,0.0,0.75,3,3.0,2,0.75,0.75,low
local_swap_p2,local_swap,2,4861,770028738,"3,80,162",26,208,4,3,0,0,1,0,3,0.25,0.0,0.75,3,3.0,2,0.75,0.75,low
local_swap_p2,local_swap,2,4861,770028738,"3,80,162",27,216,5,3,1,1,0,0,4,0.0,0.0,0.8,2,3.4,2,0.8,0.6,low
local_swap_p2,local_swap,2,4861,770028738,"3,80,162",28,224,5,3,1,1,0,0,4,0.0,0.0,0.8,2,3.4,2,0.8,0.6,low
local_swap_p2,local_swap,2,4861,770028738,"3,80,162",29,232,4,3,0,0,1,0,3,0.25,0.0,0.75,3,3.0,2,0.75,0.75,low
local_swap_p2,local_swap,2,4861,770028738,"3,80,162",30,240,4,3,0,1,0,0,3,0.0,0.0,0.75,2,4.5,2,0.75,0.5,low
local_swap_p2,local_swap,2,4861,770028738,"3,80,162",31,248,4,3,0,1,0,0,3,0.0,0.0,0.75,2,4.5,2,0.75,0.5,low
local_swap_p2,local_swap,2,4861,770028738,"3,80,162",32,256,4,3,0,1,0,0,3,0.0,0.0,0.75,2,4.5,2,0.75,0.5,low
local_swap_p2,local_swap,2,4861,770028738,"3,80,162",33,264,4,3,0,1,0,0,3,0.0,0.0,0.75,2,4.5,2,0.75,0.5,low
local_swap_p2,local_swap,2,4861,770028738,"3,80,162",34,272,4,3,0,1,0,0,3,0.0,0.0,0.75,2,4.5,2,0.75,0.5,low
local_swap_p2,local_swap,2,4861,770028738,"3,80,162",35,280,4,3,0,1,0,0,3,0.0,0.0,0.75,2,4.5,2,0.75,0.5,low
local_swap_p2,local_swap,2,4861,770028738,"3,80,162",36,288,4,3,0,1,0,0,3,0.0,0.0,0.75,2,4.5,2,0.75,0.5,low
local_swap_p2,local_swap,2,4861,770028738,"3,80,162",37,296,5,3,1,0,1,0,4,0.2,0.0,0.8,3,2.6,2,0.8,0.8,low
local_swap_p2,local_swap,2,4861,770028738,"3,80,162",38,304,5,3,1,0,1,0,4,0.2,0.0,0.8,3,2.6,2,0.8,0.8,low
local_swap_p2,local_swap,2,4861,770028738,"3,80,162",39,312,5,3,1,0,1,0,4,0.2,0.0,0.8,3,2.6,2,0.8,0.8,low
local_swap_p2,local_swap,2,4861,770028738,"3,80,162",40,320,5,3,1,0,1,0,4,0.2,0.0,0.8,3,2.6,2,0.8,0.8,low
local_swap_p2,local_swap,2,4861,770028738,"3,80,162",41,328,5,3,1,0,1,0,4,0.2,0.0,0.8,3,2.6,2,0.8,0.8,low
local_swap_p2,local_swap,2,4861,770028738,"3,80,162",42,336,5,3,1,0,1,0,4,0.2,0.0,0.8,3,2.6,2,0.8,0.8,low
local_swap_p2,local_swap,2,4861,770028738,"3,80,162",43,344,5,3,1,0,1,0,4,0.2,0.0,0.8,3,2.6,2,0.8,0.8,low
local_swap_p2,local_swap,2,4861,770028738,"3,80,162",44,352,5,3,1,0,1,0,4,0.2,0.0,0.8,3,2.6,2,0.8,0.8,low
local_swap_p2,local_swap,2,4861,770028738,"3,80,162",45,360,5,3,1,0,1,0,4,0.2,0.0,0.8,3,2.6,2,0.8,0.8,low
local_swap_p2,local_swap,2,4861,770028738,"3,80,162",46,368,5,3,1,0,1,0,4,0.2,0.0,0.8,3,2.6,2,0.8,0.8,low
local_swap_p2,local_swap,2,4861,770028738,"3,80,162",47,376,5,3,1,0,1,0,4,0.2,0.0,0.8,3,2.6,2,0.8,0.8,low
local_swap_p2,local_swap,2,4861,770028738,"3,80,162",48,384,5,3,1,0,1,0,4,0.2,0.0,0.8,3,2.6,2,0.8,0.8,low
local_swap_p2,local_swap,2,4861,770028738,"3,80,162",49,392,5,3,1,0,1,0,4,0.2,0.0,0.8,3,2.6,2,0.8,0.8,low
local_swap_p2,local_swap,2,4861,770028738,"3,80,162",50,400,5,3,1,1,0,0,4,0.0,0.0,0.8,2,3.4,2,0.8,0.6,low
local_swap_p2,local_swap,2,4861,770028738,"3,80,162",51,408,5,3,1,1,0,0,4,0.0,0.0,0.8,2,3.4,2,0.8,0.6,low
local_swap_p2,local_swap,2,4861,770028738,"3,80,162",52,416,5,3,1,1,0,0,4,0.0,0.0,0.8,2,3.4,2,0.8,0.6,low
local_swap_p2,local_swap,2,4861,770028738,"3,80,162",53,424,5,3,1,1,0,0,4,0.0,0.0,0.8,2,3.4,2,0.8,0.6,low
local_swap_p2,local_swap,2,4861,770028738,"3,80,162",54,432,5,3,1,1,0,0,4,0.0,0.0,0.8,2,3.4,2,0.8,0.6,low
local_swap_p2,local_swap,2,4861,770028738,"3,80,162",55,440,5,3,1,1,0,0,4,0.0,0.0,0.8,2,3.4,2,0.8,0.6,low
local_swap_p2,local_swap,2,4861,770028738,"3,80,162",56,448,5,3,1,0,1,0,4,0.2,0.0,0.8,3,3.0,2,0.8,0.8,low
local_swap_p2,local_swap,2,4861,770028738,"3,80,162",57,456,5,3,1,0,1,0,4,0.2,0.0,0.8,3,3.0,2,0.8,0.8,low
local_swap_p2,local_swap,2,4861,770028738,"3,80,162",58,464,5,3,1,0,1,0,4,0.2,0.0,0.8,3,3.0,2,0.8,0.8,low
local_swap_p2,local_swap,2,4861,770028738,"3,80,162",59,472,5,3,1,0,1,0,4,0.2,0.0,0.8,3,3.0,2,0.8,0.8,low
local_swap_p2,local_swap,2,4861,770028738,"3,80,162",60,480,5,3,1,0,1,0,4,0.2,0.0,0.8,3,3.0,2,0.8,0.8,low
local_swap_p2,local_swap,2,4861,770028738,"3,80,162",61,488,5,3,1,0,1,0,4,0.2,0.0,0.8,3,3.0,2,0.8,0.8,low
local_swap_p2,local_swap,2,4861,770028738,"3,80,162",62,496,5,3,1,0,1,0,4,0.2,0.0,0.8,3,3.0,2,0.8,0.8,low
local_swap_p2,local_swap,2,4861,770028738,"3,80,162",63,504,5,3,1,0,1,0,4,0.2,0.0,0.8,3,3.0,2,0.8,0.8,low
local_swap_p2,local_swap,2,4861,770028738,"3,80,162",64,512,5,3,1,0,1,0,4,0.2,0.0,0.8,3,3.0,2,0.8,0.8,low
local_swap_p2,local_swap,2,4861,770028738,"3,80,162",65,520,5,3,1,0,1,0,4,0.2,0.0,0.8,3,3.2,2,0.8,0.8,low
local_swap_p2,local_swap,2,4861,770028738,"3,80,162",66,528,5,3,1,0,1,0,4,0.2,0.0,0.8,3,3.2,2,0.8,0.8,low
local_swap_p2,local_swap,2,4861,770028738,"3,80,162",67,536,5,3,1,0,1,0,4,0.2,0.0,0.8,3,3.2,2,0.8,0.8,low
local_swap_p2,local_swap,2,4861,770028738,"3,80,162",68,544,5,3,1,0,1,0,4,0.2,0.0,0.8,3,3.2,2,0.8,0.8,low
local_swap_p2,local_swap,2,4861,770028738,"3,80,162",69,552,5,3,1,0,1,0,4,0.2,0.0,0.8,3,3.2,2,0.8,0.8,low
local_swap_p2,local_swap,2,4861,770028738,"3,80,162",70,560,6,3,0,0,2,1,3,0.3333333333333333,0.16666666666666666,0.5,8,4.5,3,0.5,2.3333333333333335,low
local_swap_p2,local_swap,2,4861,770028738,"3,80,162",71,568,6,3,0,0,2,1,3,0.3333333333333333,0.16666666666666666,0.5,8,4.5,3,0.5,2.3333333333333335,low
local_swap_p2,local_swap,2,4861,770028738,"3,80,162",72,576,7,3,2,0,1,1,5,0.14285714285714285,0.14285714285714285,0.7142857142857143,8,4.0,3,0.7142857142857143,1.8571428571428572,low
local_swap_p2,local_swap,2,4861,770028738,"3,80,162",73,584,7,3,2,0,1,1,5,0.14285714285714285,0.14285714285714285,0.7142857142857143,8,4.0,3,0.7142857142857143,1.8571428571428572,low
local_swap_p2,local_swap,2,4861,770028738,"3,80,162",74,592,7,3,2,0,1,1,5,0.14285714285714285,0.14285714285714285,0.7142857142857143,8,4.0,3,0.7142857142857143,1.8571428571428572,low
local_swap_p2,local_swap,2,4861,770028738,"3,80,162",75,600,7,3,2,0,1,1,5,0.14285714285714285,0.14285714285714285,0.7142857142857143,8,4.0,3,0.7142857142857143,1.8571428571428572,low
local_swap_p2,local_swap,2,4861,770028738,"3,80,162",76,608,7,3,2,0,1,1,5,0.14285714285714285,0.14285714285714285,0.7142857142857143,8,3.4285714285714284,2,0.8571428571428571,1.8571428571428572,low
local_swap_p2,local_swap,2,4861,770028738,"3,80,162",77,616,7,3,2,0,1,1,5,0.14285714285714285,0.14285714285714285,0.7142857142857143,8,3.4285714285714284,2,0.8571428571428571,1.8571428571428572,low
local_swap_p2,local_swap,2,4861,770028738,"3,80,162",78,624,7,3,2,0,1,1,5,0.14285714285714285,0.14285714285714285,0.7142857142857143,8,3.4285714285714284,2,0.8571428571428571,1.8571428571428572,low
local_swap_p2,local_swap,2,4861,770028738,"3,80,162",79,632,7,3,2,0,1,1,5,0.14285714285714285,0.14285714285714285,0.7142857142857143,8,3.4285714285714284,2,0.8571428571428571,1.8571428571428572,low
local_swap_p2,local_swap,2,4861,770028738,"3,80,162",80,640,5,3,1,0,0,1,4,0.0,0.2,0.8,8,4.6,2,0.8,1.8,low
local_swap_p2,local_swap,2,4861,770028738,"3,80,162",81,648,5,3,1,0,0,1,4,0.0,0.2,0.8,7,5.0,2,0.8,1.6,low
local_swap_p2,local_swap,2,4861,770028738,"3,80,162",82,656,5,3,0,1,0,1,3,0.0,0.2,0.6,8,3.8,3,0.6,2.0,low
local_swap_p2,local_swap,2,4861,770028738,"3,80,162",83,664,5,3,0,1,0,1,3,0.0,0.2,0.6,8,3.8,3,0.6,2.0,low
local_swap_p2,local_swap,2,4861,770028738,"3,80,162",84,672,5,3,0,1,0,1,3,0.0,0.2,0.6,8,3.8,3,0.6,2.0,low
local_swap_p2,local_swap,2,4861,770028738,"3,80,162",85,680,5,3,0,0,1,1,3,0.2,0.2,0.6,8,3.0,3,0.6,2.2,low
local_swap_p2,local_swap,2,4861,770028738,"3,80,162",86,688,7,3,2,0,1,1,5,0.14285714285714285,0.14285714285714285,0.7142857142857143,8,2.2857142857142856,3,0.7142857142857143,1.8571428571428572,low
local_swap_p2,local_swap,2,4861,770028738,"3,80,162",87,696,7,3,2,0,1,1,5,0.14285714285714285,0.14285714285714285,0.7142857142857143,8,2.2857142857142856,3,0.7142857142857143,1.8571428571428572,low
local_swap_p2,local_swap,2,4861,770028738,"3,80,162",88,704,8,3,2,1,1,1,5,0.125,0.125,0.625,7,3.125,3,0.75,1.75,low
local_swap_p2,local_swap,2,4861,770028738,"3,80,162",89,712,8,3,2,1,1,1,5,0.125,0.125,0.625,7,3.125,3,0.75,1.75,low
local_swap_p2,local_swap,2,4861,770028738,"3,80,162",90,720,8,3,2,1,1,1,5,0.125,0.125,0.625,7,3.125,3,0.75,1.75,low
local_swap_p2,local_swap,2,4861,770028738,"3,80,162",91,728,8,3,2,1,1,1,5,0.125,0.125,0.625,7,3.125,3,0.75,1.75,low
local_swap_p2,local_swap,2,4861,770028738,"3,80,162",92,736,8,3,2,1,1,1,5,0.125,0.125,0.625,7,3.125,3,0.75,1.75,low
local_swap_p2,local_swap,2,4861,770028738,"3,80,162",93,744,8,3,2,1,1,1,5,0.125,0.125,0.625,7,3.125,3,0.75,1.75,low
local_swap_p2,local_swap,2,4861,770028738,"3,80,162",94,752,7,3,1,0,1,2,4,0.14285714285714285,0.2857142857142857,0.5714285714285714,7,4.285714285714286,4,0.5714285714285714,2.5714285714285716,low
local_swap_p2,local_swap,2,4861,770028738,"3,80,162",95,760,9,3,1,2,1,2,4,0.1111111111111111,0.2222222222222222,0.4444444444444444,7,3.4444444444444446,5,0.5555555555555556,2.4444444444444446,low
local_swap_p2,local_swap,2,4861,770028738,"3,80,162",96,768,11,3,1,2,1,4,4,0.09090909090909091,0.36363636363636365,0.36363636363636365,12,3.727272727272727,6,0.45454545454545453,3.909090909090909,low
local_swap_p2,local_swap,2,4861,770028738,"3,80,162",97,776,13,3,1,2,1,6,4,0.07692307692307693,0.46153846153846156,0.3076923076923077,12,3.230769230769231,7,0.38461538461538464,5.076923076923077,low
local_swap_p2,local_swap,2,4861,770028738,"3,80,162",98,784,13,3,1,3,0,6,4,0.0,0.46153846153846156,0.3076923076923077,12,3.4615384615384617,6,0.46153846153846156,5.076923076923077,low
local_swap_p2,local_swap,2,4861,770028738,"3,80,162",99,792,13,3,1,3,0,6,4,0.0,0.46153846153846156,0.3076923076923077,12,3.4615384615384617,6,0.46153846153846156,5.076923076923077,low
local_swap_p2,local_swap,2,4861,770028738,"3,80,162",100,800,13,3,1,3,0,6,4,0.0,0.46153846153846156,0.3076923076923077,12,3.4615384615384617,6,0.46153846153846156,5.076923076923077,low
local_swap_p2,local_swap,2,4861,770028738,"3,80,162",101,808,13,3,1,3,0,6,4,0.0,0.46153846153846156,0.3076923076923077,12,3.4615384615384617,6,0.46153846153846156,5.076923076923077,low
local_swap_p2,local_swap,2,4861,770028738,"3,80,162",102,816,13,3,1,3,0,6,4,0.0,0.46153846153846156,0.3076923076923077,12,4.461538461538462,6,0.46153846153846156,4.846153846153846,low
local_swap_p2,local_swap,2,4861,770028738,"3,80,162",103,824,13,3,1,3,0,6,4,0.0,0.46153846153846156,0.3076923076923077,12,4.461538461538462,6,0.46153846153846156,4.846153846153846,low
local_swap_p2,local_swap,2,4861,770028738,"3,80,162",104,832,12,3,1,2,0,6,4,0.0,0.5,0.3333333333333333,12,5.166666666666667,6,0.4166666666666667,5.0,low
local_swap_p2,local_swap,2,4861,770028738,"3,80,162",105,840,12,3,1,2,0,6,4,0.0,0.5,0.3333333333333333,12,5.166666666666667,6,0.4166666666666667,5.0,low
local_swap_p2,local_swap,2,4861,770028738,"3,80,162",106,848,15,3,1,3,0,8,4,0.0,0.5333333333333333,0.26666666666666666,12,4.066666666666666,8,0.4,5.666666666666667,low
local_swap_p2,local_swap,2,4861,770028738,"3,80,162",107,856,13,3,1,3,0,6,4,0.0,0.46153846153846156,0.3076923076923077,12,4.538461538461538,7,0.46153846153846156,4.846153846153846,low
local_swap_p2,local_swap,2,4861,770028738,"3,80,162",108,864,13,3,1,3,0,6,4,0.0,0.46153846153846156,0.3076923076923077,12,4.538461538461538,7,0.46153846153846156,4.846153846153846,low
local_swap_p2,local_swap,2,4861,770028738,"3,80,162",109,872,13,3,1,3,0,6,4,0.0,0.46153846153846156,0.3076923076923077,12,4.538461538461538,7,0.46153846153846156,4.846153846153846,low
local_swap_p2,local_swap,2,4861,770028738,"3,80,162",110,880,13,3,1,3,0,6,4,0.0,0.46153846153846156,0.3076923076923077,12,4.615384615384615,7,0.46153846153846156,4.769230769230769,low
local_swap_p2,local_swap,2,4861,770028738,"3,80,162",111,888,13,3,1,3,0,6,4,0.0,0.46153846153846156,0.3076923076923077,12,4.615384615384615,7,0.46153846153846156,4.769230769230769,low
local_swap_p2,local_swap,2,4861,770028738,"3,80,162",112,896,15,3,2,1,0,9,5,0.0,0.6,0.3333333333333333,13,4.066666666666666,6,0.4,5.933333333333334,low
local_swap_p2,local_swap,2,4861,770028738,"3,80,162",113,904,15,3,2,1,0,9,5,0.0,0.6,0.3333333333333333,13,3.933333333333333,6,0.4,5.866666666666666,low
local_swap_p2,local_swap,2,4861,770028738,"3,80,162",114,912,15,3,1,1,0,10,4,0.0,0.6666666666666666,0.26666666666666666,14,3.3333333333333335,8,0.26666666666666666,6.866666666666666,mid
local_swap_p2,local_swap,2,4861,770028738,"3,80,162",115,920,11,3,1,1,0,6,4,0.0,0.5454545454545454,0.36363636363636365,12,3.909090909090909,7,0.36363636363636365,5.363636363636363,low
local_swap_p2,local_swap,2,4861,770028738,"3,80,162",116,928,11,3,1,1,0,6,4,0.0,0.5454545454545454,0.36363636363636365,12,4.818181818181818,7,0.36363636363636365,5.363636363636363,low
local_swap_p2,local_swap,2,4861,770028738,"3,80,162",117,936,11,3,1,1,0,6,4,0.0,0.5454545454545454,0.36363636363636365,12,4.818181818181818,7,0.36363636363636365,5.363636363636363,low
local_swap_p2,local_swap,2,4861,770028738,"3,80,162",118,944,11,3,1,1,0,6,4,0.0,0.5454545454545454,0.36363636363636365,12,4.818181818181818,7,0.36363636363636365,5.363636363636363,low
local_swap_p2,local_swap,2,4861,770028738,"3,80,162",119,952,12,3,1,2,0,6,4,0.0,0.5,0.3333333333333333,12,4.666666666666667,9,0.3333333333333333,5.166666666666667,low
local_swap_p2,local_swap,2,4861,770028738,"3,80,162",120,960,12,3,1,2,0,6,4,0.0,0.5,0.3333333333333333,12,3.75,8,0.3333333333333333,5.166666666666667,low
local_swap_p2,local_swap,2,4861,770028738,"3,80,162",121,968,13,3,2,2,0,6,5,0.0,0.46153846153846156,0.38461538461538464,12,2.6923076923076925,7,0.5384615384615384,4.923076923076923,low
local_swap_p2,local_swap,2,4861,770028738,"3,80,162",122,976,12,3,2,1,0,6,5,0.0,0.5,0.4166666666666667,12,3.6666666666666665,6,0.5,5.083333333333333,low
local_swap_p2,local_swap,2,4861,770028738,"3,80,162",123,984,12,3,1,2,0,6,4,0.0,0.5,0.3333333333333333,12,3.8333333333333335,7,0.4166666666666667,5.166666666666667,low
local_swap_p2,local_swap,2,4861,770028738,"3,80,162",124,992,12,3,1,2,0,6,4,0.0,0.5,0.3333333333333333,12,3.8333333333333335,7,0.4166666666666667,5.166666666666667,low
local_swap_p2,local_swap,2,4861,770028738,"3,80,162",125,1000,12,3,1,2,0,6,4,0.0,0.5,0.3333333333333333,12,3.8333333333333335,7,0.4166666666666667,5.166666666666667,low
local_swap_p2,local_swap,2,4861,770028738,"3,80,162",126,1008,12,3,1,2,0,6,4,0.0,0.5,0.3333333333333333,12,3.8333333333333335,7,0.4166666666666667,5.166666666666667,low
local_swap_p2,local_swap,2,4861,770028738,"3,80,162",127,1016,12,3,1,2,0,6,4,0.0,0.5,0.3333333333333333,12,3.8333333333333335,7,0.4166666666666667,5.166666666666667,low
local_swap_p2,local_swap,2,4861,770028738,"3,80,162",128,1024,12,3,1,2,0,6,4,0.0,0.5,0.3333333333333333,12,4.083333333333333,7,0.4166666666666667,5.083333333333333,low
local_swap_p2,local_swap,2,4861,770028738,"3,80,162",129,1032,12,3,1,2,0,6,4,0.0,0.5,0.3333333333333333,12,4.083333333333333,7,0.4166666666666667,5.083333333333333,low
local_swap_p2,local_swap,2,4861,770028738,"3,80,162",130,1040,12,3,1,2,0,6,4,0.0,0.5,0.3333333333333333,12,4.083333333333333,7,0.4166666666666667,5.083333333333333,low
local_swap_p2,local_swap,2,4861,770028738,"3,80,162",131,1048,12,3,1,2,0,6,4,0.0,0.5,0.3333333333333333,12,4.083333333333333,7,0.4166666666666667,5.083333333333333,low
local_swap_p2,local_swap,2,4861,770028738,"3,80,162",132,1056,13,3,1,3,0,6,4,0.0,0.46153846153846156,0.3076923076923077,12,3.923076923076923,7,0.46153846153846156,4.769230769230769,low
local_swap_p2,local_swap,2,4861,770028738,"3,80,162",133,1064,13,3,1,3,0,6,4,0.0,0.46153846153846156,0.3076923076923077,12,4.0,7,0.46153846153846156,4.769230769230769,low
local_swap_p2,local_swap,2,4861,770028738,"3,80,162",134,1072,15,3,1,3,0,8,4,0.0,0.5333333333333333,0.26666666666666666,12,3.2,9,0.4,5.733333333333333,low
local_swap_p2,local_swap,2,4861,770028738,"3,80,162",135,1080,16,3,1,2,2,8,4,0.125,0.5,0.25,12,2.6875,9,0.375,5.625,low
local_swap_p2,local_swap,2,4861,770028738,"3,80,162",136,1088,15,3,1,0,2,9,4,0.13333333333333333,0.6,0.26666666666666666,12,3.1333333333333333,9,0.3333333333333333,6.466666666666667,low
local_swap_p2,local_swap,2,4861,770028738,"3,80,162",137,1096,14,3,1,0,2,8,4,0.14285714285714285,0.5714285714285714,0.2857142857142857,12,3.5,10,0.35714285714285715,6.142857142857143,low
local_swap_p2,local_swap,2,4861,770028738,"3,80,162",138,1104,14,3,1,0,2,8,4,0.14285714285714285,0.5714285714285714,0.2857142857142857,12,3.5,10,0.35714285714285715,6.142857142857143,low
local_swap_p2,local_swap,2,4861,770028738,"3,80,162",139,1112,15,3,1,0,2,9,4,0.13333333333333333,0.6,0.26666666666666666,13,3.2,10,0.3333333333333333,6.6,low
local_swap_p2,local_swap,2,4861,770028738,"3,80,162",140,1120,18,3,2,0,2,11,5,0.1111111111111111,0.6111111111111112,0.2777777777777778,13,3.4444444444444446,11,0.3333333333333333,6.611111111111111,low
local_swap_p2,local_swap,2,4861,770028738,"3,80,162",141,1128,18,3,2,0,2,11,5,0.1111111111111111,0.6111111111111112,0.2777777777777778,13,3.4444444444444446,11,0.3333333333333333,6.611111111111111,low
local_swap_p2,local_swap,2,4861,770028738,"3,80,162",142,1136,19,3,0,0,3,13,3,0.15789473684210525,0.6842105263157895,0.15789473684210525,13,3.9473684210526314,10,0.2631578947368421,7.157894736842105,high
local_swap_p2,local_swap,2,4861,770028738,"3,80,162",143,1144,21,3,0,0,3,15,3,0.14285714285714285,0.7142857142857143,0.14285714285714285,13,3.6666666666666665,11,0.23809523809523808,7.380952380952381,high
local_swap_p2,local_swap,2,4861,770028738,"3,80,162",144,1152,21,3,0,0,3,15,3,0.14285714285714285,0.7142857142857143,0.14285714285714285,13,3.6666666666666665,11,0.23809523809523808,7.380952380952381,high
local_swap_p2,local_swap,2,4861,770028738,"3,80,162",145,1160,20,3,0,0,3,14,3,0.15,0.7,0.15,13,3.65,11,0.2,7.25,high
local_swap_p2,local_swap,2,4861,770028738,"3,80,162",146,1168,20,3,0,2,2,13,3,0.1,0.65,0.15,13,3.75,10,0.2,6.9,mid
local_swap_p2,local_swap,2,4861,770028738,"3,80,162",147,1176,20,3,0,2,2,13,3,0.1,0.65,0.15,13,3.5,12,0.15,6.95,mid
local_swap_p2,local_swap,2,4861,770028738,"3,80,162",148,1184,20,3,0,2,2,13,3,0.1,0.65,0.15,13,3.75,12,0.15,6.9,mid
local_swap_p2,local_swap,2,4861,770028738,"3,80,162",149,1192,21,3,0,2,2,14,3,0.09523809523809523,0.6666666666666666,0.14285714285714285,13,3.619047619047619,10,0.3333333333333333,6.857142857142857,mid
local_swap_p2,local_swap,2,4861,770028738,"3,80,162",150,1200,21,3,0,2,2,14,3,0.09523809523809523,0.6666666666666666,0.14285714285714285,13,3.380952380952381,12,0.23809523809523808,6.904761904761905,mid
local_swap_p2,local_swap,2,4861,770028738,"3,80,162",151,1208,22,3,1,2,2,14,4,0.09090909090909091,0.6363636363636364,0.18181818181818182,13,3.272727272727273,11,0.2727272727272727,6.636363636363637,mid
local_swap_p2,local_swap,2,4861,770028738,"3,80,162",152,1216,22,3,1,2,2,14,4,0.09090909090909091,0.6363636363636364,0.18181818181818182,13,3.272727272727273,11,0.2727272727272727,6.636363636363637,mid
local_swap_p2,local_swap,2,4861,770028738,"3,80,162",153,1224,25,3,2,1,2,17,5,0.08,0.68,0.2,12,3.72,9,0.28,6.76,high
local_swap_p2,local_swap,2,4861,770028738,"3,80,162",154,1232,23,3,1,1,2,16,4,0.08695652173913043,0.6956521739130435,0.17391304347826086,12,3.782608695652174,10,0.2608695652173913,6.913043478260869,high
local_swap_p2,local_swap,2,4861,770028738,"3,80,162",155,1240,23,3,1,1,2,16,4,0.08695652173913043,0.6956521739130435,0.17391304347826086,12,3.782608695652174,10,0.2608695652173913,6.913043478260869,high
local_swap_p2,local_swap,2,4861,770028738,"3,80,162",156,1248,23,3,1,1,2,16,4,0.08695652173913043,0.6956521739130435,0.17391304347826086,12,3.782608695652174,10,0.2608695652173913,6.913043478260869,high
local_swap_p2,local_swap,2,4861,770028738,"3,80,162",157,1256,23,3,1,2,2,15,4,0.08695652173913043,0.6521739130434783,0.17391304347826086,12,3.8260869565217392,11,0.2608695652173913,6.478260869565218,mid
local_swap_p2,local_swap,2,4861,770028738,"3,80,162",158,1264,24,3,1,2,2,16,4,0.08333333333333333,0.6666666666666666,0.16666666666666666,12,3.6666666666666665,10,0.25,6.666666666666667,mid
local_swap_p2,local_swap,2,4861,770028738,"3,80,162",159,1272,24,3,2,1,2,16,5,0.08333333333333333,0.6666666666666666,0.20833333333333334,12,3.625,12,0.2916666666666667,6.666666666666667,mid
local_swap_p2,local_swap,2,4861,770028738,"3,80,162",160,1280,25,3,2,1,1,18,5,0.04,0.72,0.2,12,3.52,13,0.24,6.8,high
local_swap_p2,local_swap,2,4861,770028738,"3,80,162",161,1288,24,3,2,1,1,17,5,0.041666666666666664,0.7083333333333334,0.20833333333333334,12,3.3333333333333335,14,0.25,6.833333333333333,high
local_swap_p2,local_swap,2,4861,770028738,"3,80,162",162,1296,25,3,2,1,1,18,5,0.04,0.72,0.2,12,3.6,14,0.24,6.92,high
local_swap_p2,local_swap,2,4861,770028738,"3,80,162",163,1304,26,3,3,1,1,18,6,0.038461538461538464,0.6923076923076923,0.23076923076923078,12,3.5,12,0.2692307692307692,6.653846153846154,high
local_swap_p2,local_swap,2,4861,770028738,"3,80,162",164,1312,28,3,3,1,1,20,6,0.03571428571428571,0.7142857142857143,0.21428571428571427,12,3.2857142857142856,13,0.25,7.0,high
local_swap_p2,local_swap,2,4861,770028738,"3,80,162",165,1320,31,3,3,1,1,23,6,0.03225806451612903,0.7419354838709677,0.1935483870967742,12,3.096774193548387,14,0.22580645161290322,7.32258064516129,high
local_swap_p2,local_swap,2,4861,770028738,"3,80,162",166,1328,32,3,3,2,0,24,6,0.0,0.75,0.1875,12,2.9375,13,0.25,7.40625,high
local_swap_p2,local_swap,2,4861,770028738,"3,80,162",167,1336,32,3,3,2,0,24,6,0.0,0.75,0.1875,12,3.0,13,0.25,7.5,high
local_swap_p2,local_swap,2,4861,770028738,"3,80,162",168,1344,34,3,3,2,0,26,6,0.0,0.7647058823529411,0.17647058823529413,12,2.8823529411764706,14,0.23529411764705882,7.5588235294117645,high
local_swap_p2,local_swap,2,4861,770028738,"3,80,162",169,1352,38,3,3,2,0,30,6,0.0,0.7894736842105263,0.15789473684210525,13,2.736842105263158,15,0.23684210526315788,7.842105263157895,high
local_swap_p2,local_swap,2,4861,770028738,"3,80,162",170,1360,37,3,3,1,0,30,6,0.0,0.8108108108108109,0.16216216216216217,13,2.72972972972973,16,0.24324324324324326,8.027027027027026,high
local_swap_p2,local_swap,2,4861,770028738,"3,80,162",171,1368,37,3,3,1,0,30,6,0.0,0.8108108108108109,0.16216216216216217,13,2.72972972972973,16,0.24324324324324326,8.027027027027026,high
local_swap_p2,local_swap,2,4861,770028738,"3,80,162",172,1376,35,3,3,1,0,28,6,0.0,0.8,0.17142857142857143,13,2.942857142857143,16,0.2,7.857142857142857,high
local_swap_p2,local_swap,2,4861,770028738,"3,80,162",173,1384,34,3,3,1,0,27,6,0.0,0.7941176470588235,0.17647058823529413,13,3.0294117647058822,17,0.20588235294117646,7.764705882352941,high
local_swap_p2,local_swap,2,4861,770028738,"3,80,162",174,1392,35,3,3,1,0,28,6,0.0,0.8,0.17142857142857143,13,2.857142857142857,19,0.2,7.914285714285715,high
local_swap_p2,local_swap,2,4861,770028738,"3,80,162",175,1400,33,3,3,1,0,26,6,0.0,0.7878787878787878,0.18181818181818182,13,2.878787878787879,16,0.21212121212121213,7.818181818181818,high
local_swap_p2,local_swap,2,4861,770028738,"3,80,162",176,1408,34,3,3,1,0,27,6,0.0,0.7941176470588235,0.17647058823529413,13,2.7941176470588234,16,0.20588235294117646,7.882352941176471,high
local_swap_p2,local_swap,2,4861,770028738,"3,80,162",177,1416,34,3,3,1,0,27,6,0.0,0.7941176470588235,0.17647058823529413,13,2.8823529411764706,18,0.20588235294117646,7.9411764705882355,high
local_swap_p2,local_swap,2,4861,770028738,"3,80,162",178,1424,37,3,3,1,0,30,6,0.0,0.8108108108108109,0.16216216216216217,13,2.8378378378378377,16,0.2972972972972973,8.08108108108108,high
local_swap_p2,local_swap,2,4861,770028738,"3,80,162",179,1432,36,3,3,1,0,29,6,0.0,0.8055555555555556,0.16666666666666666,13,2.9444444444444446,16,0.3333333333333333,7.972222222222222,high
local_swap_p2,local_swap,2,4861,770028738,"3,80,162",180,1440,37,3,3,1,0,30,6,0.0,0.8108108108108109,0.16216216216216217,13,2.7837837837837838,15,0.32432432432432434,7.945945945945946,high
local_swap_p2,local_swap,2,4861,770028738,"3,80,162",181,1448,37,3,3,1,0,30,6,0.0,0.8108108108108109,0.16216216216216217,13,2.7837837837837838,15,0.32432432432432434,7.945945945945946,high
local_swap_p2,local_swap,2,4861,770028738,"3,80,162",182,1456,36,3,2,1,0,30,5,0.0,0.8333333333333334,0.1388888888888889,13,2.888888888888889,16,0.3055555555555556,8.166666666666666,high
local_swap_p2,local_swap,2,4861,770028738,"3,80,162",183,1464,37,3,2,1,0,31,5,0.0,0.8378378378378378,0.13513513513513514,13,2.972972972972973,16,0.35135135135135137,8.18918918918919,high
local_swap_p2,local_swap,2,4861,770028738,"3,80,162",184,1472,37,3,2,1,0,31,5,0.0,0.8378378378378378,0.13513513513513514,13,2.891891891891892,16,0.32432432432432434,8.243243243243244,high
local_swap_p2,local_swap,2,4861,770028738,"3,80,162",185,1480,37,3,2,1,0,31,5,0.0,0.8378378378378378,0.13513513513513514,13,2.891891891891892,15,0.32432432432432434,8.216216216216216,high
local_swap_p2,local_swap,2,4861,770028738,"3,80,162",186,1488,38,3,2,1,0,32,5,0.0,0.8421052631578947,0.13157894736842105,13,2.789473684210526,15,0.34210526315789475,8.263157894736842,high
local_swap_p2,local_swap,2,4861,770028738,"3,80,162",187,1496,38,3,2,1,0,32,5,0.0,0.8421052631578947,0.13157894736842105,13,2.789473684210526,15,0.34210526315789475,8.263157894736842,high
local_swap_p2,local_swap,2,4861,770028738,"3,80,162",188,1504,39,3,2,1,2,31,5,0.05128205128205128,0.7948717948717948,0.1282051282051282,13,2.8974358974358974,13,0.358974358974359,8.0,high
local_swap_p2,local_swap,2,4861,770028738,"3,80,162",189,1512,37,3,2,2,1,29,5,0.02702702702702703,0.7837837837837838,0.13513513513513514,13,3.1621621621621623,15,0.2702702702702703,7.864864864864865,high
local_swap_p2,local_swap,2,4861,770028738,"3,80,162",190,1520,37,3,2,2,1,29,5,0.02702702702702703,0.7837837837837838,0.13513513513513514,13,3.135135135135135,15,0.24324324324324326,7.837837837837838,high
local_swap_p2,local_swap,2,4861,770028738,"3,80,162",191,1528,38,3,1,3,1,30,4,0.02631578947368421,0.7894736842105263,0.10526315789473684,13,3.0789473684210527,17,0.23684210526315788,7.973684210526316,high
local_swap_p2,local_swap,2,4861,770028738,"3,80,162",192,1536,38,3,1,2,2,30,4,0.05263157894736842,0.7894736842105263,0.10526315789473684,13,3.026315789473684,18,0.23684210526315788,8.0,high
local_swap_p2,local_swap,2,4861,770028738,"3,80,162",193,1544,37,3,1,1,2,30,4,0.05405405405405406,0.8108108108108109,0.10810810810810811,13,3.135135135135135,17,0.24324324324324326,8.18918918918919,high
local_swap_p2,local_swap,2,4861,770028738,"3,80,162",194,1552,37,3,1,1,2,30,4,0.05405405405405406,0.8108108108108109,0.10810810810810811,13,3.2972972972972974,17,0.2702702702702703,8.108108108108109,high
local_swap_p2,local_swap,2,4861,770028738,"3,80,162",195,1560,36,3,1,1,2,29,4,0.05555555555555555,0.8055555555555556,0.1111111111111111,13,3.25,17,0.3333333333333333,7.944444444444445,high
local_swap_p2,local_swap,2,4861,770028738,"3,80,162",196,1568,36,3,1,1,2,29,4,0.05555555555555555,0.8055555555555556,0.1111111111111111,13,3.25,17,0.3333333333333333,7.944444444444445,high
local_swap_p2,local_swap,2,4861,770028738,"3,80,162",197,1576,36,3,1,1,3,28,4,0.08333333333333333,0.7777777777777778,0.1111111111111111,13,3.2222222222222223,16,0.3333333333333333,7.916666666666667,high
local_swap_p2,local_swap,2,4861,770028738,"3,80,162",198,1584,38,3,1,1,3,30,4,0.07894736842105263,0.7894736842105263,0.10526315789473684,13,3.263157894736842,14,0.42105263157894735,7.973684210526316,high
local_swap_p2,local_swap,2,4861,770028738,"3,80,162",199,1592,39,3,2,0,3,31,5,0.07692307692307693,0.7948717948717948,0.1282051282051282,13,3.076923076923077,13,0.46153846153846156,7.948717948717949,high
local_swap_p2,local_swap,2,4861,770028738,"3,80,162",200,1600,39,3,2,0,3,31,5,0.07692307692307693,0.7948717948717948,0.1282051282051282,13,3.2051282051282053,13,0.46153846153846156,7.948717948717949,high
local_swap_p2,local_swap,2,4861,770028738,"3,80,162",201,1608,41,3,2,0,3,33,5,0.07317073170731707,0.8048780487804879,0.12195121951219512,13,3.1707317073170733,12,0.3902439024390244,8.21951219512195,high
local_swap_p2,local_swap,2,4861,770028738,"3,80,162",202,1616,43,3,2,0,3,35,5,0.06976744186046512,0.813953488372093,0.11627906976744186,13,3.0697674418604652,12,0.5116279069767442,8.279069767441861,high
local_swap_p2,local_swap,2,4861,770028738,"3,80,162",203,1624,43,3,2,0,3,35,5,0.06976744186046512,0.813953488372093,0.11627906976744186,13,3.046511627906977,12,0.5116279069767442,8.279069767441861,high
local_swap_p2,local_swap,2,4861,770028738,"3,80,162",204,1632,43,3,2,0,3,35,5,0.06976744186046512,0.813953488372093,0.11627906976744186,13,3.046511627906977,12,0.5116279069767442,8.279069767441861,high
local_swap_p2,local_swap,2,4861,770028738,"3,80,162",205,1640,47,3,2,0,4,38,5,0.0851063829787234,0.8085106382978723,0.10638297872340426,13,2.765957446808511,11,0.5106382978723404,8.340425531914894,high
local_swap_p2,local_swap,2,4861,770028738,"3,80,162",206,1648,47,3,2,1,3,38,5,0.06382978723404255,0.8085106382978723,0.10638297872340426,13,2.765957446808511,13,0.48936170212765956,8.340425531914894,high
local_swap_p2,local_swap,2,4861,770028738,"3,80,162",207,1656,47,3,2,1,3,38,5,0.06382978723404255,0.8085106382978723,0.10638297872340426,13,2.765957446808511,13,0.48936170212765956,8.340425531914894,high
local_swap_p2,local_swap,2,4861,770028738,"3,80,162",208,1664,48,3,1,2,3,39,4,0.0625,0.8125,0.08333333333333333,13,2.7708333333333335,13,0.5208333333333334,8.354166666666666,high
local_swap_p2,local_swap,2,4861,770028738,"3,80,162",209,1672,48,3,1,2,3,39,4,0.0625,0.8125,0.08333333333333333,13,2.7708333333333335,15,0.5208333333333334,8.354166666666666,high
local_swap_p2,local_swap,2,4861,770028738,"3,80,162",210,1680,51,3,1,2,3,42,4,0.058823529411764705,0.8235294117647058,0.0784313725490196,13,2.6470588235294117,14,0.5490196078431373,8.450980392156863,high
local_swap_p2,local_swap,2,4861,770028738,"3,80,162",211,1688,51,3,1,2,3,42,4,0.058823529411764705,0.8235294117647058,0.0784313725490196,13,2.6470588235294117,14,0.5490196078431373,8.450980392156863,high
local_swap_p2,local_swap,2,4861,770028738,"3,80,162",212,1696,53,3,1,2,3,44,4,0.05660377358490566,0.8301886792452831,0.07547169811320754,13,2.6226415094339623,16,0.5660377358490566,8.49056603773585,high
local_swap_p2,local_swap,2,4861,770028738,"3,80,162",213,1704,52,3,1,2,3,43,4,0.057692307692307696,0.8269230769230769,0.07692307692307693,13,2.673076923076923,19,0.4807692307692308,8.557692307692308,high
local_swap_p2,local_swap,2,4861,770028738,"3,80,162",214,1712,53,3,2,1,3,44,5,0.05660377358490566,0.8301886792452831,0.09433962264150944,13,2.547169811320755,15,0.5471698113207547,8.49056603773585,high
local_swap_p2,local_swap,2,4861,770028738,"3,80,162",215,1720,54,3,2,1,3,45,5,0.05555555555555555,0.8333333333333334,0.09259259259259259,13,2.611111111111111,10,0.5925925925925926,8.444444444444445,high
local_swap_p2,local_swap,2,4861,770028738,"3,80,162",216,1728,53,3,2,0,3,45,5,0.05660377358490566,0.8490566037735849,0.09433962264150944,13,2.69811320754717,11,0.5849056603773585,8.584905660377359,high
local_swap_p2,local_swap,2,4861,770028738,"3,80,162",217,1736,52,3,2,1,2,44,5,0.038461538461538464,0.8461538461538461,0.09615384615384616,13,2.8076923076923075,15,0.5,8.596153846153847,high
local_swap_p2,local_swap,2,4861,770028738,"3,80,162",218,1744,52,3,2,1,2,44,5,0.038461538461538464,0.8461538461538461,0.09615384615384616,13,2.75,16,0.4807692307692308,8.615384615384615,high
local_swap_p2,local_swap,2,4861,770028738,"3,80,162",219,1752,53,3,2,2,1,45,5,0.018867924528301886,0.8490566037735849,0.09433962264150944,13,2.7547169811320753,13,0.5849056603773585,8.622641509433961,high
local_swap_p2,local_swap,2,4861,770028738,"3,80,162",220,1760,54,3,2,2,1,46,5,0.018518518518518517,0.8518518518518519,0.09259259259259259,13,2.685185185185185,10,0.5925925925925926,8.666666666666666,high
local_swap_p2,local_swap,2,4861,770028738,"3,80,162",221,1768,53,3,2,2,1,45,5,0.018867924528301886,0.8490566037735849,0.09433962264150944,13,2.6226415094339623,11,0.5471698113207547,8.716981132075471,high
local_swap_p2,local_swap,2,4861,770028738,"3,80,162",222,1776,51,3,2,2,1,43,5,0.0196078431372549,0.8431372549019608,0.09803921568627451,13,2.6862745098039214,12,0.5098039215686274,8.607843137254902,high
local_swap_p2,local_swap,2,4861,770028738,"3,80,162",223,1784,50,3,2,2,1,42,5,0.02,0.84,0.1,13,2.74,12,0.5,8.58,high
local_swap_p2,local_swap,2,4861,770028738,"3,80,162",224,1792,51,3,2,2,1,43,5,0.0196078431372549,0.8431372549019608,0.09803921568627451,13,2.627450980392157,11,0.5294117647058824,8.607843137254902,high
local_swap_p2,local_swap,2,4861,770028738,"3,80,162",225,1800,50,3,2,2,1,42,5,0.02,0.84,0.1,13,2.54,11,0.52,8.62,high
local_swap_p2,local_swap,2,4861,770028738,"3,80,162",226,1808,51,3,3,2,1,42,6,0.0196078431372549,0.8235294117647058,0.11764705882352941,13,2.4705882352941178,11,0.5098039215686274,8.470588235294118,high
local_swap_p2,local_swap,2,4861,770028738,"3,80,162",227,1816,54,3,3,2,1,45,6,0.018518518518518517,0.8333333333333334,0.1111111111111111,13,2.3518518518518516,10,0.5555555555555556,8.537037037037036,high
local_swap_p2,local_swap,2,4861,770028738,"3,80,162",228,1824,53,3,3,1,1,45,6,0.018867924528301886,0.8490566037735849,0.11320754716981132,13,2.4150943396226414,10,0.5660377358490566,8.641509433962264,high
local_swap_p2,local_swap,2,4861,770028738,"3,80,162",229,1832,55,3,3,1,2,46,6,0.03636363636363636,0.8363636363636363,0.10909090909090909,13,2.327272727272727,10,0.5454545454545454,8.581818181818182,high
local_swap_p2,local_swap,2,4861,770028738,"3,80,162",230,1840,56,3,3,1,1,48,6,0.017857142857142856,0.8571428571428571,0.10714285714285714,13,2.3214285714285716,9,0.6785714285714286,8.571428571428571,high
local_swap_p2,local_swap,2,4861,770028738,"3,80,162",231,1848,55,3,3,1,1,47,6,0.01818181818181818,0.8545454545454545,0.10909090909090909,13,2.3454545454545452,10,0.6909090909090909,8.563636363636364,high
local_swap_p2,local_swap,2,4861,770028738,"3,80,162",232,1856,55,3,3,1,1,47,6,0.01818181818181818,0.8545454545454545,0.10909090909090909,13,2.3454545454545452,10,0.6909090909090909,8.563636363636364,high
local_swap_p2,local_swap,2,4861,770028738,"3,80,162",233,1864,57,3,3,1,2,48,6,0.03508771929824561,0.8421052631578947,0.10526315789473684,13,2.210526315789474,11,0.631578947368421,8.491228070175438,high
local_swap_p2,local_swap,2,4861,770028738,"3,80,162",234,1872,58,3,3,1,2,49,6,0.034482758620689655,0.8448275862068966,0.10344827586206896,13,2.2413793103448274,12,0.6724137931034483,8.53448275862069,high
local_swap_p2,local_swap,2,4861,770028738,"3,80,162",235,1880,56,3,2,1,2,48,5,0.03571428571428571,0.8571428571428571,0.08928571428571429,13,2.392857142857143,14,0.6607142857142857,8.553571428571429,high
local_swap_p2,local_swap,2,4861,770028738,"3,80,162",236,1888,56,3,2,1,2,48,5,0.03571428571428571,0.8571428571428571,0.08928571428571429,13,2.6964285714285716,15,0.625,8.535714285714286,high
local_swap_p2,local_swap,2,4861,770028738,"3,80,162",237,1896,59,3,2,1,2,51,5,0.03389830508474576,0.864406779661017,0.0847457627118644,13,2.593220338983051,16,0.6101694915254238,8.59322033898305,high
local_swap_p2,local_swap,2,4861,770028738,"3,80,162",238,1904,61,3,3,1,2,52,6,0.03278688524590164,0.8524590163934426,0.09836065573770492,13,2.4918032786885247,14,0.6065573770491803,8.475409836065573,high
local_swap_p2,local_swap,2,4861,770028738,"3,80,162",239,1912,62,3,2,1,2,54,5,0.03225806451612903,0.8709677419354839,0.08064516129032258,13,2.467741935483871,16,0.5967741935483871,8.580645161290322,high
local_swap_p2,local_swap,2,4861,770028738,"3,80,162",240,1920,62,3,1,2,2,54,4,0.03225806451612903,0.8709677419354839,0.06451612903225806,13,2.564516129032258,16,0.5967741935483871,8.548387096774194,high
local_swap_p2,local_swap,2,4861,770028738,"3,80,162",241,1928,65,3,2,2,1,57,5,0.015384615384615385,0.8769230769230769,0.07692307692307693,14,2.353846153846154,14,0.6307692307692307,8.63076923076923,high
local_swap_p2,local_swap,2,4861,770028738,"3,80,162",242,1936,70,3,3,2,1,61,6,0.014285714285714285,0.8714285714285714,0.08571428571428572,14,2.3857142857142857,16,0.5857142857142857,8.657142857142857,high
local_swap_p2,local_swap,2,4861,770028738,"3,80,162",243,1944,72,3,3,2,1,63,6,0.013888888888888888,0.875,0.08333333333333333,14,2.3055555555555554,16,0.5972222222222222,8.708333333333334,high
local_swap_p2,local_swap,2,4861,770028738,"3,80,162",244,1952,69,3,3,1,2,60,6,0.028985507246376812,0.8695652173913043,0.08695652173913043,14,2.4057971014492754,15,0.5942028985507246,8.768115942028986,high
local_swap_p2,local_swap,2,4861,770028738,"3,80,162",245,1960,69,3,3,1,2,60,6,0.028985507246376812,0.8695652173913043,0.08695652173913043,14,2.391304347826087,16,0.5797101449275363,8.782608695652174,high
local_swap_p2,local_swap,2,4861,770028738,"3,80,162",246,1968,70,3,3,1,2,61,6,0.02857142857142857,0.8714285714285714,0.08571428571428572,14,2.342857142857143,15,0.6,8.785714285714286,high
local_swap_p2,local_swap,2,4861,770028738,"3,80,162",247,1976,68,3,1,1,2,61,4,0.029411764705882353,0.8970588235294118,0.058823529411764705,14,2.4705882352941178,16,0.6029411764705882,9.029411764705882,high
local_swap_p2,local_swap,2,4861,770028738,"3,80,162",248,1984,66,3,1,1,2,59,4,0.030303030303030304,0.8939393939393939,0.06060606060606061,14,2.5606060606060606,17,0.5757575757575758,9.015151515151516,high
local_swap_p2,local_swap,2,4861,770028738,"3,80,162",249,1992,64,3,1,1,2,57,4,0.03125,0.890625,0.0625,14,2.6875,17,0.5625,8.96875,high
local_swap_p2,local_swap,2,4861,770028738,"3,80,162",250,2000,64,3,1,1,2,57,4,0.03125,0.890625,0.0625,14,2.6875,17,0.5625,8.96875,high
local_swap_p2,local_swap,2,4861,770028738,"3,80,162",251,2008,64,3,1,1,2,57,4,0.03125,0.890625,0.0625,14,2.71875,17,0.5625,8.953125,high
local_swap_p2,local_swap,2,4861,770028738,"3,80,162",252,2016,65,3,1,1,1,59,4,0.015384615384615385,0.9076923076923077,0.06153846153846154,14,2.5846153846153848,18,0.5538461538461539,9.061538461538461,high
local_swap_p2,local_swap,2,4861,770028738,"3,80,162",253,2024,67,3,2,1,1,60,5,0.014925373134328358,0.8955223880597015,0.07462686567164178,14,2.462686567164179,17,0.5671641791044776,8.955223880597014,high
local_swap_p2,local_swap,2,4861,770028738,"3,80,162",254,2032,71,3,2,1,1,64,5,0.014084507042253521,0.9014084507042254,0.07042253521126761,14,2.3380281690140845,17,0.5915492957746479,9.028169014084508,high
local_swap_p2,local_swap,2,4861,770028738,"3,80,162",255,2040,69,3,1,1,2,62,4,0.028985507246376812,0.8985507246376812,0.057971014492753624,14,2.420289855072464,17,0.5942028985507246,9.057971014492754,high
local_swap_p2,local_swap,2,4861,770028738,"3,80,162",256,2048,66,3,1,1,1,60,4,0.015151515151515152,0.9090909090909091,0.06060606060606061,14,2.4393939393939394,15,0.6212121212121212,9.166666666666666,high
local_swap_p2,local_swap,2,4861,770028738,"3,80,162",257,2056,65,3,1,1,1,59,4,0.015384615384615385,0.9076923076923077,0.06153846153846154,13,2.5384615384615383,17,0.5846153846153846,9.107692307692307,high
local_swap_p2,local_swap,2,4861,770028738,"3,80,162",258,2064,66,3,1,1,1,60,4,0.015151515151515152,0.9090909090909091,0.06060606060606061,13,2.4696969696969697,16,0.5909090909090909,9.121212121212121,high
local_swap_p2,local_swap,2,4861,770028738,"3,80,162",259,2072,66,3,1,1,1,60,4,0.015151515151515152,0.9090909090909091,0.06060606060606061,13,2.4696969696969697,15,0.6060606060606061,9.136363636363637,high
local_swap_p2,local_swap,2,4861,770028738,"3,80,162",260,2080,70,3,1,1,2,63,4,0.02857142857142857,0.9,0.05714285714285714,13,2.3142857142857145,16,0.6142857142857143,9.128571428571428,high
local_swap_p2,local_swap,2,4861,770028738,"3,80,162",261,2088,69,3,1,1,2,62,4,0.028985507246376812,0.8985507246376812,0.057971014492753624,13,2.420289855072464,17,0.6086956521739131,9.072463768115941,high
local_swap_p2,local_swap,2,4861,770028738,"3,80,162",262,2096,69,3,1,1,2,62,4,0.028985507246376812,0.8985507246376812,0.057971014492753624,13,2.463768115942029,16,0.6231884057971014,8.985507246376812,high
local_swap_p2,local_swap,2,4861,770028738,"3,80,162",263,2104,69,3,1,1,2,62,4,0.028985507246376812,0.8985507246376812,0.057971014492753624,13,2.463768115942029,17,0.6231884057971014,8.971014492753623,high
local_swap_p2,local_swap,2,4861,770028738,"3,80,162",264,2112,68,3,1,1,2,61,4,0.029411764705882353,0.8970588235294118,0.058823529411764705,13,2.5294117647058822,17,0.6176470588235294,8.970588235294118,high
local_swap_p2,local_swap,2,4861,770028738,"3,80,162",265,2120,67,3,1,1,2,60,4,0.029850746268656716,0.8955223880597015,0.05970149253731343,13,2.537313432835821,19,0.582089552238806,8.955223880597014,high
local_swap_p2,local_swap,2,4861,770028738,"3,80,162",266,2128,68,3,1,1,2,61,4,0.029411764705882353,0.8970588235294118,0.058823529411764705,13,2.5,19,0.5882352941176471,8.970588235294118,high
local_swap_p2,local_swap,2,4861,770028738,"3,80,162",267,2136,68,3,1,1,2,61,4,0.029411764705882353,0.8970588235294118,0.058823529411764705,13,2.485294117647059,19,0.5882352941176471,8.985294117647058,high
local_swap_p2,local_swap,2,4861,770028738,"3,80,162",268,2144,69,3,1,1,1,63,4,0.014492753623188406,0.9130434782608695,0.057971014492753624,13,2.391304347826087,19,0.6086956521739131,9.101449275362318,high
local_swap_p2,local_swap,2,4861,770028738,"3,80,162",269,2152,71,3,0,2,1,65,3,0.014084507042253521,0.9154929577464789,0.04225352112676056,13,2.323943661971831,20,0.6338028169014085,9.169014084507042,high
local_swap_p2,local_swap,2,4861,770028738,"3,80,162",270,2160,74,3,1,2,1,67,4,0.013513513513513514,0.9054054054054054,0.05405405405405406,13,2.2432432432432434,21,0.6081081081081081,9.094594594594595,high
local_swap_p2,local_swap,2,4861,770028738,"3,80,162",271,2168,76,3,1,2,1,69,4,0.013157894736842105,0.9078947368421053,0.05263157894736842,14,2.1578947368421053,19,0.6447368421052632,9.092105263157896,high
local_swap_p2,local_swap,2,4861,770028738,"3,80,162",272,2176,73,3,1,2,1,66,4,0.0136986301369863,0.9041095890410958,0.0547945205479452,14,2.356164383561644,20,0.6164383561643836,9.068493150684931,high
local_swap_p2,local_swap,2,4861,770028738,"3,80,162",273,2184,71,3,1,2,1,64,4,0.014084507042253521,0.9014084507042254,0.056338028169014086,14,2.563380281690141,21,0.5915492957746479,9.04225352112676,high
local_swap_p2,local_swap,2,4861,770028738,"3,80,162",274,2192,72,3,1,2,1,65,4,0.013888888888888888,0.9027777777777778,0.05555555555555555,14,2.4583333333333335,21,0.5972222222222222,9.055555555555555,high
local_swap_p2,local_swap,2,4861,770028738,"3,80,162",275,2200,75,3,1,2,1,68,4,0.013333333333333334,0.9066666666666666,0.05333333333333334,14,2.3066666666666666,20,0.6266666666666667,9.16,high
local_swap_p2,local_swap,2,4861,770028738,"3,80,162",276,2208,76,3,1,2,1,69,4,0.013157894736842105,0.9078947368421053,0.05263157894736842,14,2.276315789473684,17,0.618421052631579,9.18421052631579,high
local_swap_p2,local_swap,2,4861,770028738,"3,80,162",277,2216,77,3,1,2,1,70,4,0.012987012987012988,0.9090909090909091,0.05194805194805195,13,2.2987012987012987,19,0.6103896103896104,9.233766233766234,high
local_swap_p2,local_swap,2,4861,770028738,"3,80,162",278,2224,75,3,1,2,1,68,4,0.013333333333333334,0.9066666666666666,0.05333333333333334,13,2.3866666666666667,19,0.6,9.2,high
local_swap_p2,local_swap,2,4861,770028738,"3,80,162",279,2232,75,3,2,1,1,68,5,0.013333333333333334,0.9066666666666666,0.06666666666666667,13,2.2933333333333334,18,0.6133333333333333,9.173333333333334,high
local_swap_p2,local_swap,2,4861,770028738,"3,80,162",280,2240,77,3,2,1,1,70,5,0.012987012987012988,0.9090909090909091,0.06493506493506493,13,2.168831168831169,18,0.6233766233766234,9.181818181818182,high
local_swap_p2,local_swap,2,4861,770028738,"3,80,162",281,2248,77,3,2,1,1,70,5,0.012987012987012988,0.9090909090909091,0.06493506493506493,13,2.168831168831169,18,0.6233766233766234,9.181818181818182,high
local_swap_p2,local_swap,2,4861,770028738,"3,80,162",282,2256,78,3,2,1,1,71,5,0.01282051282051282,0.9102564102564102,0.0641025641025641,13,2.1666666666666665,19,0.6153846153846154,9.192307692307692,high
local_swap_p2,local_swap,2,4861,770028738,"3,80,162",283,2264,77,3,2,1,1,70,5,0.012987012987012988,0.9090909090909091,0.06493506493506493,13,2.1948051948051948,19,0.6103896103896104,9.194805194805195,high
local_swap_p2,local_swap,2,4861,770028738,"3,80,162",284,2272,79,3,3,1,2,70,6,0.02531645569620253,0.8860759493670886,0.0759493670886076,13,2.1265822784810124,19,0.5949367088607594,9.10126582278481,high
local_swap_p2,local_swap,2,4861,770028738,"3,80,162",285,2280,81,3,3,1,2,72,6,0.024691358024691357,0.8888888888888888,0.07407407407407407,13,2.111111111111111,17,0.6296296296296297,9.123456790123457,high
local_swap_p2,local_swap,2,4861,770028738,"3,80,162",286,2288,81,3,3,1,2,72,6,0.024691358024691357,0.8888888888888888,0.07407407407407407,13,2.111111111111111,17,0.6296296296296297,9.135802469135802,high
local_swap_p2,local_swap,2,4861,770028738,"3,80,162",287,2296,79,3,2,1,2,71,5,0.02531645569620253,0.8987341772151899,0.06329113924050633,13,2.151898734177215,17,0.6329113924050633,9.240506329113924,high
local_swap_p2,local_swap,2,4861,770028738,"3,80,162",288,2304,81,3,2,1,2,73,5,0.024691358024691357,0.9012345679012346,0.06172839506172839,13,2.123456790123457,18,0.6296296296296297,9.271604938271604,high
local_swap_p2,local_swap,2,4861,770028738,"3,80,162",289,2312,81,3,2,1,2,73,5,0.024691358024691357,0.9012345679012346,0.06172839506172839,13,2.123456790123457,18,0.6296296296296297,9.25925925925926,high
local_swap_p2,local_swap,2,4861,770028738,"3,80,162",290,2320,81,3,2,1,2,73,5,0.024691358024691357,0.9012345679012346,0.06172839506172839,13,2.197530864197531,20,0.5802469135802469,9.333333333333334,high
local_swap_p2,local_swap,2,4861,770028738,"3,80,162",291,2328,83,3,2,1,2,75,5,0.024096385542168676,0.9036144578313253,0.060240963855421686,13,2.144578313253012,19,0.6385542168674698,9.301204819277109,high
local_swap_p2,local_swap,2,4861,770028738,"3,80,162",292,2336,82,3,2,1,2,74,5,0.024390243902439025,0.9024390243902439,0.06097560975609756,13,2.158536585365854,18,0.6463414634146342,9.317073170731707,high
local_swap_p2,local_swap,2,4861,770028738,"3,80,162",293,2344,82,3,2,1,1,75,5,0.012195121951219513,0.9146341463414634,0.06097560975609756,13,2.1097560975609757,17,0.6463414634146342,9.426829268292684,high
local_swap_p2,local_swap,2,4861,770028738,"3,80,162",294,2352,79,3,1,0,1,74,4,0.012658227848101266,0.9367088607594937,0.05063291139240506,13,2.189873417721519,17,0.6708860759493671,9.594936708860759,high
local_swap_p2,local_swap,2,4861,770028738,"3,80,162",295,2360,79,3,1,0,1,74,4,0.012658227848101266,0.9367088607594937,0.05063291139240506,13,2.1139240506329116,23,0.6329113924050633,9.582278481012658,high
local_swap_p2,local_swap,2,4861,770028738,"3,80,162",296,2368,80,3,1,0,1,75,4,0.0125,0.9375,0.05,13,2.05,21,0.675,9.525,high
local_swap_p2,local_swap,2,4861,770028738,"3,80,162",297,2376,80,3,1,0,1,75,4,0.0125,0.9375,0.05,14,2.0375,21,0.675,9.5375,high
local_swap_p2,local_swap,2,4861,770028738,"3,80,162",298,2384,81,3,1,0,1,76,4,0.012345679012345678,0.9382716049382716,0.04938271604938271,14,2.0246913580246915,18,0.7160493827160493,9.54320987654321,high
local_swap_p2,local_swap,2,4861,770028738,"3,80,162",299,2392,81,3,1,0,1,76,4,0.012345679012345678,0.9382716049382716,0.04938271604938271,14,1.9753086419753085,16,0.7407407407407407,9.555555555555555,high
local_swap_p2,local_swap,2,4861,770028738,"3,80,162",300,2400,81,3,1,0,1,76,4,0.012345679012345678,0.9382716049382716,0.04938271604938271,14,1.8395061728395061,18,0.7037037037037037,9.617283950617283,high
local_swap_p2,local_swap,2,4861,770028738,"3,80,162",301,2408,83,3,1,0,1,78,4,0.012048192771084338,0.9397590361445783,0.04819277108433735,14,1.8433734939759037,19,0.6867469879518072,9.662650602409638,high
local_swap_p2,local_swap,2,4861,770028738,"3,80,162",302,2416,83,3,1,0,1,78,4,0.012048192771084338,0.9397590361445783,0.04819277108433735,14,1.8072289156626506,19,0.6867469879518072,9.626506024096386,high
local_swap_p2,local_swap,2,4861,770028738,"3,80,162",303,2424,83,3,1,0,1,78,4,0.012048192771084338,0.9397590361445783,0.04819277108433735,14,1.8072289156626506,19,0.6867469879518072,9.626506024096386,high
local_swap_p2,local_swap,2,4861,770028738,"3,80,162",304,2432,85,3,1,0,1,80,4,0.011764705882352941,0.9411764705882353,0.047058823529411764,14,1.6,20,0.6823529411764706,9.705882352941176,high
local_swap_p2,local_swap,2,4861,770028738,"3,80,162",305,2440,85,3,1,0,1,80,4,0.011764705882352941,0.9411764705882353,0.047058823529411764,14,1.6470588235294117,20,0.6823529411764706,9.694117647058823,high
local_swap_p2,local_swap,2,4861,770028738,"3,80,162",306,2448,87,3,1,1,1,81,4,0.011494252873563218,0.9310344827586207,0.04597701149425287,14,1.6551724137931034,20,0.6781609195402298,9.60919540229885,high
local_swap_p2,local_swap,2,4861,770028738,"3,80,162",307,2456,88,3,1,1,1,82,4,0.011363636363636364,0.9318181818181818,0.045454545454545456,14,1.6590909090909092,20,0.6704545454545454,9.625,high
local_swap_p2,local_swap,2,4861,770028738,"3,80,162",308,2464,90,3,1,1,2,83,4,0.022222222222222223,0.9222222222222223,0.044444444444444446,14,1.6222222222222222,22,0.6555555555555556,9.555555555555555,high
local_swap_p2,local_swap,2,4861,770028738,"3,80,162",309,2472,91,3,1,1,2,84,4,0.02197802197802198,0.9230769230769231,0.04395604395604396,14,1.6813186813186813,19,0.6923076923076923,9.516483516483516,high
local_swap_p2,local_swap,2,4861,770028738,"3,80,162",310,2480,90,3,1,1,1,84,4,0.011111111111111112,0.9333333333333333,0.044444444444444446,14,1.7333333333333334,19,0.6888888888888889,9.577777777777778,high
local_swap_p2,local_swap,2,4861,770028738,"3,80,162",311,2488,90,3,1,1,1,84,4,0.011111111111111112,0.9333333333333333,0.044444444444444446,14,1.7444444444444445,20,0.6777777777777778,9.588888888888889,high
local_swap_p2,local_swap,2,4861,770028738,"3,80,162",312,2496,90,3,2,1,1,83,5,0.011111111111111112,0.9222222222222223,0.05555555555555555,14,1.7444444444444445,20,0.6666666666666666,9.488888888888889,high
local_swap_p2,local_swap,2,4861,770028738,"3,80,162",313,2504,90,3,2,0,2,83,5,0.022222222222222223,0.9222222222222223,0.05555555555555555,14,1.7,20,0.6666666666666666,9.522222222222222,high
local_swap_p2,local_swap,2,4861,770028738,"3,80,162",314,2512,87,3,2,1,2,79,5,0.022988505747126436,0.9080459770114943,0.05747126436781609,14,1.7471264367816093,19,0.6551724137931034,9.379310344827585,high
local_swap_p2,local_swap,2,4861,770028738,"3,80,162",315,2520,87,3,2,1,2,79,5,0.022988505747126436,0.9080459770114943,0.05747126436781609,14,1.7126436781609196,19,0.6896551724137931,9.471264367816092,high
local_swap_p2,local_swap,2,4861,770028738,"3,80,162",316,2528,87,3,2,1,2,79,5,0.022988505747126436,0.9080459770114943,0.05747126436781609,14,1.7701149425287357,21,0.5057471264367817,9.482758620689655,high
local_swap_p2,local_swap,2,4861,770028738,"3,80,162",317,2536,81,3,2,1,2,73,5,0.024691358024691357,0.9012345679012346,0.06172839506172839,14,1.9506172839506173,20,0.49382716049382713,9.37037037037037,high
local_swap_p2,local_swap,2,4861,770028738,"3,80,162",318,2544,82,3,2,1,3,73,5,0.036585365853658534,0.8902439024390244,0.06097560975609756,14,1.9268292682926829,21,0.47560975609756095,9.304878048780488,high
local_swap_p2,local_swap,2,4861,770028738,"3,80,162",319,2552,83,3,2,1,3,74,5,0.03614457831325301,0.891566265060241,0.060240963855421686,14,1.927710843373494,21,0.4819277108433735,9.337349397590362,high
local_swap_p2,local_swap,2,4861,770028738,"3,80,162",320,2560,86,3,2,1,3,77,5,0.03488372093023256,0.8953488372093024,0.05813953488372093,14,1.8604651162790697,21,0.47674418604651164,9.418604651162791,high
