target_nodes,growth_seed,profile_label,perturbation,placement,seed_delta,run_seed,requested_match,support_signature,step_budget,log_every,early_step_limit,full_exact_return_rate,full_coarse_return_rate,first_shell1_step,first_shell2_step,first_shell3_step,first_outer_step,first_mid_step,first_high_step,early_high_band_rate,early_mid_or_high_rate,mean_early_damage_nodes,max_early_damage_nodes,mean_early_shell23_share,max_early_shell23_share,mean_early_outer_share,max_early_outer_share,mean_early_weighted_distance,max_early_weighted_distance,early_outer_slope,early_distance_slope,early_radius_slope,tail_mean_far_shell_share,tail_mean_weighted_mean_distance,mean_early_component_count,max_early_component_count,mean_early_largest_component_fraction,mean_early_boundary_to_volume,mean_early_gate_beta1,mean_early_gate_boundary_to_volume,trigger_label,support_size,mean_support_degree,min_support_degree,max_support_degree,support_ball_1,support_ball_2,support_ball_3,shell2_over_shell1,ball3_over_ball1,support_internal_edge_count,support_boundary_to_volume,support_pairwise_mean_distance,tail_snapshot_count,high_start_index,last_high_index,high_horizon_span,high_retention_rate,last12_high_rate,total_high_count,total_mid_count,longest_high_run,far_shell_horizon_label,final_abs_delta_spectral_radius_rel,final_abs_delta_beta1_rel,final_abs_delta_dim_proxy_rel,genealogy_pattern,split_count,merge_count,birth_count,death_count,compress_count,churn_event_count,first_split_step,first_birth_step,first_merge_step,max_component_count,mean_component_lifetime,max_component_lifetime,post_first_split_dual_duration,min_daughter_separation_after_first_split,max_total_defect_mass,mean_total_defect_mass,final_total_defect_mass,max_largest_component_fraction,final_component_count,source_scope,pre_registered_support_rank_holdout,pre_registered_landscape_atlas,pre_registered_taxonomy_mapper_holdout,pre_registered_active_set_type_guard_holdout,pre_registered_return_probability_holdout,atlas_source,pre_registered_primary_metric,primary_metric_direction,metric_source,static_support_size,static_mean_support_degree,static_min_support_degree,static_max_support_degree,static_support_ball_1,static_support_ball_2,static_support_ball_3,static_shell2_over_shell1,static_ball3_over_ball1,static_support_internal_edge_count,static_support_boundary_to_volume,static_support_pairwise_mean_distance,w32_snapshot_count,w32_last_step,w32_mean_total_mass,w32_max_total_mass,w32_mean_component_count,w32_max_component_count,w32_mean_largest_fraction,w32_max_largest_fraction,w32_mean_total_beta1,w32_max_total_beta1,w32_mean_total_boundary_edges,w32_max_total_boundary_edges,w32_mean_total_internal_edges,w32_max_total_internal_edges,w32_mean_mean_support_distance,w32_max_mean_support_distance,w32_mean_max_support_distance,w32_max_max_support_distance,w32_mean_boundary_to_volume,w32_max_boundary_to_volume,w32_mean_support_touch_fraction,w32_max_support_touch_fraction,w32_mean_near_support_fraction,w32_max_near_support_fraction,w32_mean_gate_bridge_fraction,w32_max_gate_bridge_fraction,w32_mean_spanning_fraction,w32_max_spanning_fraction,w32_mean_beta_component_fraction,w32_max_beta_component_fraction,w32_mean_boundary_heavy_fraction,w32_max_boundary_heavy_fraction,w32_mean_beta1_per_mass,w32_max_beta1_per_mass,w32_mean_boundary_per_mass,w32_max_boundary_per_mass,w32_mean_internal_per_mass,w32_max_internal_per_mass,w32_mean_fragmentation_pressure,w32_max_fragmentation_pressure,w32_mean_gate_tension_index,w32_max_gate_tension_index,w32_mean_coherent_gate_index,w32_max_coherent_gate_index,w32_mean_trapped_core_index,w32_max_trapped_core_index,w32_total_mass_slope_per_100,w32_component_count_slope_per_100,w32_largest_fraction_slope_per_100,w32_total_beta1_slope_per_100,w32_mean_support_distance_slope_per_100,w32_boundary_to_volume_slope_per_100,w32_gate_bridge_fraction_slope_per_100,w32_fragmentation_pressure_slope_per_100,w32_gate_tension_index_slope_per_100,w32_coherent_gate_index_slope_per_100,w32_trapped_core_index_slope_per_100,w64_snapshot_count,w64_last_step,w64_mean_total_mass,w64_max_total_mass,w64_mean_component_count,w64_max_component_count,w64_mean_largest_fraction,w64_max_largest_fraction,w64_mean_total_beta1,w64_max_total_beta1,w64_mean_total_boundary_edges,w64_max_total_boundary_edges,w64_mean_total_internal_edges,w64_max_total_internal_edges,w64_mean_mean_support_distance,w64_max_mean_support_distance,w64_mean_max_support_distance,w64_max_max_support_distance,w64_mean_boundary_to_volume,w64_max_boundary_to_volume,w64_mean_support_touch_fraction,w64_max_support_touch_fraction,w64_mean_near_support_fraction,w64_max_near_support_fraction,w64_mean_gate_bridge_fraction,w64_max_gate_bridge_fraction,w64_mean_spanning_fraction,w64_max_spanning_fraction,w64_mean_beta_component_fraction,w64_max_beta_component_fraction,w64_mean_boundary_heavy_fraction,w64_max_boundary_heavy_fraction,w64_mean_beta1_per_mass,w64_max_beta1_per_mass,w64_mean_boundary_per_mass,w64_max_boundary_per_mass,w64_mean_internal_per_mass,w64_max_internal_per_mass,w64_mean_fragmentation_pressure,w64_max_fragmentation_pressure,w64_mean_gate_tension_index,w64_max_gate_tension_index,w64_mean_coherent_gate_index,w64_max_coherent_gate_index,w64_mean_trapped_core_index,w64_max_trapped_core_index,w64_total_mass_slope_per_100,w64_component_count_slope_per_100,w64_largest_fraction_slope_per_100,w64_total_beta1_slope_per_100,w64_mean_support_distance_slope_per_100,w64_boundary_to_volume_slope_per_100,w64_gate_bridge_fraction_slope_per_100,w64_fragmentation_pressure_slope_per_100,w64_gate_tension_index_slope_per_100,w64_coherent_gate_index_slope_per_100,w64_trapped_core_index_slope_per_100,w96_snapshot_count,w96_last_step,w96_mean_total_mass,w96_max_total_mass,w96_mean_component_count,w96_max_component_count,w96_mean_largest_fraction,w96_max_largest_fraction,w96_mean_total_beta1,w96_max_total_beta1,w96_mean_total_boundary_edges,w96_max_total_boundary_edges,w96_mean_total_internal_edges,w96_max_total_internal_edges,w96_mean_mean_support_distance,w96_max_mean_support_distance,w96_mean_max_support_distance,w96_max_max_support_distance,w96_mean_boundary_to_volume,w96_max_boundary_to_volume,w96_mean_support_touch_fraction,w96_max_support_touch_fraction,w96_mean_near_support_fraction,w96_max_near_support_fraction,w96_mean_gate_bridge_fraction,w96_max_gate_bridge_fraction,w96_mean_spanning_fraction,w96_max_spanning_fraction,w96_mean_beta_component_fraction,w96_max_beta_component_fraction,w96_mean_boundary_heavy_fraction,w96_max_boundary_heavy_fraction,w96_mean_beta1_per_mass,w96_max_beta1_per_mass,w96_mean_boundary_per_mass,w96_max_boundary_per_mass,w96_mean_internal_per_mass,w96_max_internal_per_mass,w96_mean_fragmentation_pressure,w96_max_fragmentation_pressure,w96_mean_gate_tension_index,w96_max_gate_tension_index,w96_mean_coherent_gate_index,w96_max_coherent_gate_index,w96_mean_trapped_core_index,w96_max_trapped_core_index,w96_total_mass_slope_per_100,w96_component_count_slope_per_100,w96_largest_fraction_slope_per_100,w96_total_beta1_slope_per_100,w96_mean_support_distance_slope_per_100,w96_boundary_to_volume_slope_per_100,w96_gate_bridge_fraction_slope_per_100,w96_fragmentation_pressure_slope_per_100,w96_gate_tension_index_slope_per_100,w96_coherent_gate_index_slope_per_100,w96_trapped_core_index_slope_per_100,boundary_mass_score,static_support_audit_score,churn_per_step,split_per_step,birth_death_per_step,merge_per_step,compress_per_step,max_component_count_per_target,max_total_defect_mass_fraction,mean_total_defect_mass_fraction,final_total_defect_mass_fraction,post_split_dual_fraction,first_split_earliness,first_birth_earliness,fragmentation_pressure,merge_pressure,genealogy_intensity_index,decisive_label,pre_registered_primary_score,mixed_excluded_from_primary_auc,score_source,frozen_component_churn_per_step,frozen_component_split_per_step,frozen_component_birth_death_per_step,frozen_component_max_component_count_per_target,frozen_component_max_total_defect_mass_fraction,frozen_component_mean_total_defect_mass_fraction,frozen_component_post_split_dual_fraction,frozen_component_first_split_earliness,analysis_group,is_p0_high_score_no_horizon,morph_support_signature,morph_mean_support_degree,morph_support_ball_1,morph_support_ball_2,morph_support_ball_3,morph_support_ball2_minus_ball1,morph_support_ball3_minus_ball1,morph_support_ball3_minus_ball2,morph_support_boundary_to_volume,morph_support_pairwise_mean_distance,morph_support_pairwise_max_distance,morph_local_ball3_beta1,morph_local_ball3_boundary_to_volume,morph_base_return_t2,morph_base_return_t4,morph_base_return_t6,morph_delta_return_t2,morph_delta_return_t4,morph_delta_return_t6,morph_new_edge_mean_forman
1024,1201,add_chord_p0,add_chord,0,18107,1036030020,1,"152,674,970",3414,8,640,1.0,1.0,224.0,nan,nan,nan,nan,nan,0.0,0.0,2.2962962962962963,3.0,0.0,0.0,0.0,0.0,0.008230452674897118,0.3333333333333333,0.0,-2.164257753688648e-05,-6.492773261065944e-05,0.0,0.0,1.728395061728395,2.0,0.6399176954732511,1.6131687242798354,0.0,nan,quiet_or_delayed_launch,3.0,2.0,1.0,3.0,5.0,13.0,31.0,4.0,6.2,2.0,0.6666666666666666,1.3333333333333333,172,172,-1,0,0.0,0.0,0,0,0,no_far_shell_horizon,6.977913088103988e-07,0.007462686567164179,0.0,merge_split_churn,2,2,0,0,2,4,224,-1,184,2,1659.0,3414,8,2.0,3,2.05607476635514,2,1.0,2,v15ds_growth_seed_1201_p0,0,1,0,0,0,v15ds_fresh_active_set_landscape_atlas_after_failed_v15dr_mapper,w32_mean_boundary_per_mass,higher_is_established,v15df_frozen_boundary_mass_no_refit,3.0,2.0,1.0,3.0,5.0,13.0,31.0,4.0,6.2,2.0,0.6666666666666666,1.3333333333333333,5,32.0,2.0,2.0,2.0,2.0,0.5,0.5,0.0,0.0,4.0,4.0,0.0,0.0,0.0,0.0,0.0,0.0,2.0,2.0,1.0,1.0,1.0,1.0,0.0,0.0,0.0,0.0,0.0,0.0,0.0,0.0,0.0,0.0,2.0,2.0,0.0,0.0,1.0,1.0,0.04583333333333333,0.04583333333333333,0.0,0.0,0.16666666666666666,0.16666666666666666,0.0,0.0,0.0,0.0,0.0,0.0,0.0,0.0,0.0,0.0,0.0,9,64.0,2.0,2.0,2.0,2.0,0.5,0.5,0.0,0.0,4.0,4.0,0.0,0.0,0.0,0.0,0.0,0.0,2.0,2.0,1.0,1.0,1.0,1.0,0.0,0.0,0.0,0.0,0.0,0.0,0.0,0.0,0.0,0.0,2.0,2.0,0.0,0.0,1.0,1.0,0.04583333333333333,0.04583333333333333,0.0,0.0,0.16666666666666666,0.16666666666666666,0.0,0.0,0.0,0.0,0.0,0.0,0.0,0.0,0.0,0.0,0.0,13,96.0,2.0,2.0,2.0,2.0,0.5,0.5,0.0,0.0,4.0,4.0,0.0,0.0,0.0,0.0,0.0,0.0,2.0,2.0,1.0,1.0,1.0,1.0,0.0,0.0,0.0,0.0,0.0,0.0,0.0,0.0,0.0,0.0,2.0,2.0,0.0,0.0,1.0,1.0,0.04583333333333333,0.04583333333333333,0.0,0.0,0.16666666666666666,0.16666666666666666,0.0,0.0,0.0,0.0,0.0,0.0,0.0,0.0,0.0,0.0,0.0,2.0,2.0,0.0011716461628588166,0.0005858230814294083,0.0,0.0005858230814294083,0.0005858230814294083,0.001953125,0.0029296875,0.0020078855140186914,0.001953125,0.0023432923257176333,0.9343878148799063,0.0,0.0005858230814294083,0.0005858230814294083,0.11962917639590208,0,genealogy_intensity_index,0,v15cz_frozen_spec_no_refit,0.0,0.009174311926605505,0.0,0.0,0.0,0.0,0.0023937761819269898,0.9454653230586841,p0_no_horizon_other,0,"152,674,970",2.0,5.0,13.0,31.0,8.0,26.0,18.0,0.6666666666666666,1.3333333333333333,2,2,0.9032258064516129,0.5679012345679012,0.4073388203017833,0.32063534912986213,-0.14197530864197533,-0.14281550068587112,-0.12544315623790933,-2.0
1024,1201,add_chord_p0,add_chord,0,18161,1036030074,1,"152,674,970",3414,8,640,0.3081395348837209,0.7267441860465116,168.0,584.0,704.0,736.0,2616.0,2728.0,0.0,0.0,2.814814814814815,4.0,0.024691358024691357,0.25,0.0,0.0,0.11728395061728394,0.75,0.0,0.0005558848991267691,0.0014453477868112015,0.6289518815739973,5.897033536016683,1.5185185185185186,2.0,0.7839506172839507,1.4753086419753085,0.0,6.0,quiet_or_delayed_launch,3.0,2.0,1.0,3.0,5.0,13.0,31.0,4.0,6.2,2.0,0.6666666666666666,1.3333333333333333,172,85,171,87,1.0,1.0,87,14,87,established_far_shell_horizon,2.697264012456182e-07,0.007462686567164179,0.0,split_persistent_dual,18,14,94,76,11,202,168,736,8,24,171.88333333333333,3246,48,2.0,38,9.00233644859813,35,1.0,23,v15ds_growth_seed_1201_p0,0,1,0,0,0,v15ds_fresh_active_set_landscape_atlas_after_failed_v15dr_mapper,w32_mean_boundary_per_mass,higher_is_established,v15df_frozen_boundary_mass_no_refit,3.0,2.0,1.0,3.0,5.0,13.0,31.0,4.0,6.2,2.0,0.6666666666666666,1.3333333333333333,5,32.0,2.8,3.0,1.2,2.0,0.9,1.0,0.0,0.0,2.4,4.0,1.6,2.0,0.0,0.0,0.0,0.0,0.9333333333333333,2.0,1.0,1.0,1.0,1.0,0.0,0.0,0.0,0.0,0.0,0.0,0.0,0.0,0.0,0.0,0.9333333333333333,2.0,0.5333333333333333,0.6666666666666666,0.2,1.0,0.018055555555555554,0.04583333333333333,0.0,0.0,0.07777777777777778,0.16666666666666666,2.5,-2.5,1.25,0.0,0.0,-3.333333333333334,0.0,-2.5,-0.08680555555555554,0.0,-0.27777777777777773,9,64.0,2.888888888888889,3.0,1.1111111111111112,2.0,0.9444444444444444,1.0,0.0,0.0,2.2222222222222223,4.0,1.7777777777777777,2.0,0.0,0.0,0.0,0.0,0.8148148148148148,2.0,1.0,1.0,1.0,1.0,0.0,0.0,0.0,0.0,0.0,0.0,0.0,0.0,0.0,0.0,0.8148148148148148,2.0,0.5925925925925926,0.6666666666666666,0.1111111111111111,1.0,0.014969135802469136,0.04583333333333333,0.0,0.0,0.06790123456790123,0.16666666666666666,0.8333333333333334,-0.8333333333333334,0.4166666666666667,0.0,0.0,-1.111111111111111,0.0,-0.8333333333333334,-0.02893518518518518,0.0,-0.09259259259259259,13,96.0,2.923076923076923,3.0,1.0769230769230769,2.0,0.9615384615384616,1.0,0.0,0.0,2.1538461538461537,4.0,1.8461538461538463,2.0,0.0,0.0,0.0,0.0,0.7692307692307692,2.0,1.0,1.0,1.0,1.0,0.0,0.0,0.0,0.0,0.0,0.0,0.0,0.0,0.0,0.0,0.7692307692307692,2.0,0.6153846153846153,0.6666666666666666,0.07692307692307693,1.0,0.013782051282051282,0.04583333333333333,0.0,0.0,0.0641025641025641,0.16666666666666666,0.4120879120879121,-0.4120879120879121,0.20604395604395606,0.0,0.0,-0.5494505494505495,0.0,-0.4120879120879121,-0.014308608058608056,0.0,-0.04578754578754579,0.9333333333333333,2.0,0.05916813122437024,0.005272407732864675,0.04979496192149971,0.004100761570005858,0.003222026947861746,0.0234375,0.037109375,0.008791344188084112,0.0341796875,0.014059753954305799,0.9507908611599297,0.7844171060339777,0.032806092560046865,0.026362038664323375,0.21492080437335437,1,genealogy_intensity_index,0,v15cz_frozen_spec_no_refit,0.09719236407959478,0.08256880733944955,0.11174666611458166,0.35714285714285715,0.06823266219239374,0.026057587594267895,0.014362657091561938,0.9620628334321281,other_established,0,"152,674,970",2.0,5.0,13.0,31.0,8.0,26.0,18.0,0.6666666666666666,1.3333333333333333,2,2,0.9032258064516129,0.5679012345679012,0.4073388203017833,0.32063534912986213,-0.14197530864197533,-0.14281550068587112,-0.12544315623790933,-2.0
1024,1201,add_chord_p0,add_chord,0,18223,1036030136,1,"152,674,970",3414,8,640,1.0,1.0,160.0,192.0,nan,nan,nan,nan,0.0,0.0,2.3333333333333335,4.0,0.009259259259259259,0.25,0.0,0.0,0.044238683127572016,0.75,0.0,-0.0001649070310147546,-0.000462962962962963,0.0,0.0,1.7901234567901234,2.0,0.6224279835390947,1.8549382716049383,0.0,4.666666666666667,quiet_or_delayed_launch,3.0,2.0,1.0,3.0,5.0,13.0,31.0,4.0,6.2,2.0,0.6666666666666666,1.3333333333333333,172,172,-1,0,0.0,0.0,0,0,0,no_far_shell_horizon,1.069568250916182e-06,0.007462686567164179,0.0,split_persistent_dual,1,1,0,0,1,2,160,-1,24,2,2228.0,3414,3254,2.0,4,2.0630841121495327,2,1.0,2,v15ds_growth_seed_1201_p0,0,1,0,0,0,v15ds_fresh_active_set_landscape_atlas_after_failed_v15dr_mapper,w32_mean_boundary_per_mass,higher_is_established,v15df_frozen_boundary_mass_no_refit,3.0,2.0,1.0,3.0,5.0,13.0,31.0,4.0,6.2,2.0,0.6666666666666666,1.3333333333333333,5,32.0,2.4,3.0,1.6,2.0,0.7,1.0,0.0,0.0,3.2,4.0,0.8,2.0,0.0,0.0,0.0,0.0,1.4666666666666666,2.0,1.0,1.0,1.0,1.0,0.0,0.0,0.0,0.0,0.0,0.0,0.0,0.0,0.0,0.0,1.4666666666666666,2.0,0.26666666666666666,0.6666666666666666,0.6,1.0,0.03194444444444444,0.04583333333333333,0.0,0.0,0.12222222222222222,0.16666666666666666,3.75,-3.75,1.875,0.0,0.0,-5.0,0.0,-3.75,-0.13020833333333331,0.0,-0.4166666666666667,9,64.0,2.6666666666666665,3.0,1.3333333333333333,2.0,0.8333333333333334,1.0,0.0,0.0,2.6666666666666665,4.0,1.3333333333333333,2.0,0.0,0.0,0.0,0.0,1.1111111111111112,2.0,1.0,1.0,1.0,1.0,0.0,0.0,0.0,0.0,0.0,0.0,0.0,0.0,0.0,0.0,1.1111111111111112,2.0,0.4444444444444444,0.6666666666666666,0.3333333333333333,1.0,0.022685185185185183,0.04583333333333333,0.0,0.0,0.09259259259259259,0.16666666666666666,1.875,-1.875,0.9375,0.0,0.0,-2.5,0.0,-1.875,-0.06510416666666666,0.0,-0.20833333333333334,13,96.0,2.769230769230769,3.0,1.2307692307692308,2.0,0.8846153846153846,1.0,0.0,0.0,2.4615384615384617,4.0,1.5384615384615385,2.0,0.0,0.0,0.0,0.0,0.9743589743589743,2.0,1.0,1.0,1.0,1.0,0.0,0.0,0.0,0.0,0.0,0.0,0.0,0.0,0.0,0.0,0.9743589743589743,2.0,0.5128205128205128,0.6666666666666666,0.23076923076923078,1.0,0.019123931623931622,0.04583333333333333,0.0,0.0,0.08119658119658119,0.16666666666666666,1.0302197802197801,-1.0302197802197801,0.5151098901098901,0.0,0.0,-1.3736263736263736,0.0,-1.0302197802197801,-0.035771520146520144,0.0,-0.11446886446886445,1.4666666666666666,2.0,0.0005858230814294083,0.00029291154071470416,0.0,0.00029291154071470416,0.00029291154071470416,0.001953125,0.00390625,0.002014730578271028,0.001953125,0.9531341534856473,0.9531341534856473,0.0,0.00029291154071470416,0.00029291154071470416,0.24283619053809075,0,genealogy_intensity_index,0,v15cz_frozen_spec_no_refit,0.0,0.0045871559633027525,0.0,0.0,0.0,0.0,0.9736684619988031,0.96443390634262,p0_no_horizon_other,0,"152,674,970",2.0,5.0,13.0,31.0,8.0,26.0,18.0,0.6666666666666666,1.3333333333333333,2,2,0.9032258064516129,0.5679012345679012,0.4073388203017833,0.32063534912986213,-0.14197530864197533,-0.14281550068587112,-0.12544315623790933,-2.0
1024,1201,add_chord_p0,add_chord,0,18289,1036030202,1,"152,674,970",3414,8,640,0.9418604651162791,0.9709302325581395,24.0,2472.0,nan,nan,nan,nan,0.0,0.0,2.123456790123457,3.0,0.0,0.0,0.0,0.0,0.03292181069958847,0.3333333333333333,0.0,-0.00025218307738632934,-0.0007565492321589882,0.0,0.23255813953488372,1.9753086419753085,2.0,0.5288065843621399,1.6131687242798354,0.0,nan,quiet_or_delayed_launch,3.0,2.0,1.0,3.0,5.0,13.0,31.0,4.0,6.2,2.0,0.6666666666666666,1.3333333333333333,172,172,-1,0,0.0,0.0,0,0,0,no_far_shell_horizon,8.878719470781438e-08,0.007462686567164179,0.0,split_persistent_dual,1,1,0,0,1,2,24,-1,8,2,2268.0,3414,3390,2.0,5,2.371495327102804,3,1.0,2,v15ds_growth_seed_1201_p0,0,1,0,0,0,v15ds_fresh_active_set_landscape_atlas_after_failed_v15dr_mapper,w32_mean_boundary_per_mass,higher_is_established,v15df_frozen_boundary_mass_no_refit,3.0,2.0,1.0,3.0,5.0,13.0,31.0,4.0,6.2,2.0,0.6666666666666666,1.3333333333333333,5,32.0,2.8,3.0,1.6,2.0,0.7666666666666666,1.0,0.0,0.0,2.8,4.0,1.2,2.0,0.13333333333333333,0.3333333333333333,0.4,1.0,1.0666666666666667,2.0,1.0,1.0,1.0,1.0,0.0,0.0,0.0,0.0,0.0,0.0,0.0,0.0,0.0,0.0,1.0666666666666667,2.0,0.39999999999999997,0.6666666666666666,0.4666666666666667,1.0,0.02361111111111111,0.04583333333333333,0.0,0.0,0.08611111111111111,0.16666666666666666,2.5,1.25,-1.3877787807814457e-16,0.0,1.25,-2.083333333333333,0.0,2.7755575615628914e-16,-0.03472222222222221,0.0,-0.19965277777777776,9,64.0,2.888888888888889,3.0,1.7777777777777777,2.0,0.7222222222222222,1.0,0.0,0.0,5.555555555555555,11.0,1.1111111111111112,2.0,0.2222222222222222,0.3333333333333333,0.6666666666666666,1.0,1.9259259259259258,3.6666666666666665,1.0,1.0,1.0,1.0,0.0,0.0,0.0,0.0,0.0,0.0,0.2222222222222222,0.6666666666666666,0.0,0.0,1.9259259259259258,3.6666666666666665,0.37037037037037035,0.6666666666666666,0.5555555555555556,1.0,0.03904320987654321,0.06944444444444445,0.0,0.0,0.14969135802469136,0.28009259259259256,0.8333333333333334,1.0416666666666665,-0.20833333333333343,0.0,0.625,4.513888888888888,0.0,0.41666666666666685,0.08043981481481483,0.0,0.3284143518518518,13,96.0,2.769230769230769,3.0,1.8461538461538463,2.0,0.6794871794871795,1.0,0.0,0.0,6.153846153846154,11.0,0.9230769230769231,2.0,0.20512820512820512,0.3333333333333333,0.6153846153846154,1.0,2.2051282051282053,3.6666666666666665,1.0,1.0,1.0,1.0,0.0,0.0,0.0,0.0,0.0,0.0,0.2564102564102564,0.6666666666666666,0.0,0.0,2.2051282051282053,3.6666666666666665,0.30769230769230765,0.6666666666666666,0.6410256410256411,1.0,0.044764957264957266,0.06944444444444445,0.0,0.0,0.17236467236467234,0.28009259259259256,-0.3434065934065934,0.6181318681318682,-0.2632783882783883,0.0,0.09157509157509157,2.380952380952381,0.0,0.5265567765567766,0.046264499389499385,0.0,0.18378612128612126,1.0666666666666667,2.0,0.0005858230814294083,0.00029291154071470416,0.0,0.00029291154071470416,0.00029291154071470416,0.001953125,0.0048828125,0.002315913405373832,0.0029296875,0.9929701230228472,0.9929701230228472,0.0,0.00029291154071470416,0.00029291154071470416,0.2505733944954128,0,genealogy_intensity_index,0,v15cz_frozen_spec_no_refit,0.0,0.0045871559633027525,0.0,0.0,0.0,0.0,1.0,1.0,p0_no_horizon_other,0,"152,674,970",2.0,5.0,13.0,31.0,8.0,26.0,18.0,0.6666666666666666,1.3333333333333333,2,2,0.9032258064516129,0.5679012345679012,0.4073388203017833,0.32063534912986213,-0.14197530864197533,-0.14281550068587112,-0.12544315623790933,-2.0
1024,1201,add_chord_p1,add_chord,1,18107,1036031020,1,"6,7,107",3414,8,640,0.0,0.936046511627907,80.0,48.0,40.0,32.0,40.0,504.0,0.1728395061728395,0.9135802469135802,45.98765432098765,82.0,0.16271072439859127,0.25,0.6590693377739808,0.7875,5.454022536569967,6.215189873417722,0.0005250154356209299,0.003319080676620393,0.004454607046070461,0.7334514183879005,5.763331228594106,21.901234567901234,42.0,0.21732161996532712,3.7282086038592803,0.0,4.894574869574869,early_high_launch,3.0,11.666666666666666,9.0,17.0,32.0,97.0,170.0,2.2413793103448274,5.3125,2.0,10.333333333333334,1.3333333333333333,172,172,-1,0,0.0,0.0,1,171,1,no_far_shell_horizon,0.0238420898820463,0.007462686567164179,0.0016776406599980727,split_persistent_dual,248,265,883,787,13,2183,192,32,104,56,96.26550079491255,3254,3222,2.0,300,172.18691588785046,289,0.7231833910034602,38,v15ds_growth_seed_1201_p1,0,1,0,0,0,v15ds_fresh_active_set_landscape_atlas_after_failed_v15dr_mapper,w32_mean_boundary_per_mass,higher_is_established,v15df_frozen_boundary_mass_no_refit,3.0,11.666666666666666,9.0,17.0,32.0,97.0,170.0,2.2413793103448274,5.3125,2.0,10.333333333333334,1.3333333333333333,5,32.0,2.6,5.0,2.4,4.0,0.48,0.5,0.0,0.0,21.0,33.0,0.2,1.0,1.04,5.2,1.8,9.0,8.52,9.0,0.88,1.0,0.88,1.0,0.0,0.0,0.0,0.0,0.0,0.0,0.92,1.0,0.0,0.0,8.52,9.0,0.04,0.2,1.28,2.4,0.15800000000000003,0.16250000000000003,0.0,0.0,0.6,0.75,7.5,5.0,-0.24999999999999997,0.0,13.0,-6.000000000000001,0.0,3.4999999999999996,-0.05625000000000011,0.0,-1.875,9,64.0,5.0,8.0,4.666666666666667,8.0,0.35,0.5,0.0,0.0,33.55555555555556,55.0,0.3333333333333333,1.0,3.091666666666667,5.75,5.666666666666667,11.0,7.469444444444444,9.0,0.6,1.0,0.6,1.0,0.0,0.0,0.0,0.0,0.0,0.0,0.8166666666666667,1.0,0.0,0.0,7.469444444444444,9.0,0.05,0.2,3.433333333333333,7.0,0.16740740740740742,0.1875,0.0,0.0,0.3333333333333333,0.75,12.5,11.875,-0.703125,0.0,11.744791666666666,-6.171875,0.0,11.40625,0.0397135416666666,0.0,-1.5625,13,96.0,7.615384615384615,18.0,6.846153846153846,14.0,0.2829059829059829,0.5,0.0,0.0,43.38461538461539,83.0,0.7692307692307693,4.0,3.8674145299145297,5.833333333333333,7.153846153846154,11.0,6.694123931623931,9.0,0.4655982905982906,1.0,0.48055555555555557,1.0,0.008547008547008546,0.1111111111111111,0.0,0.0,0.0,0.0,0.7341880341880341,1.0,0.0,0.0,6.694123931623931,9.0,0.06773504273504273,0.2222222222222222,5.52008547008547,12.444444444444443,0.1824661680911681,0.2601851851851852,0.0005341880341880341,0.006944444444444444,0.23076923076923078,0.75,15.659340659340659,13.392857142857142,-0.5032814407814408,0.0,6.959897741147741,-5.212530525030525,0.03815628815628815,12.79800061050061,0.08135079619454616,0.0023847680097680095,-0.927197802197802,8.52,11.666666666666666,0.6394258933801992,0.07264206209724663,0.48916227299355597,0.0776215582893966,0.003807850029291154,0.0546875,0.29296875,0.16815128504672897,0.2822265625,0.9437609841827768,0.9437609841827768,0.9906268306971294,0.3312829525483304,0.3081429408318688,0.9898803714964683,0,genealogy_intensity_index,0,v15cz_frozen_spec_no_refit,1.0,1.0,1.0,1.0,1.0,1.0,0.964093357271095,0.954949614700652,other_no_horizon,0,"6,7,107",11.666666666666666,32.0,97.0,170.0,65.0,138.0,73.0,10.333333333333334,1.3333333333333333,2,29,0.4764705882352941,0.3572737357051082,0.2105255767760784,0.1568985609331199,-0.017549658039854032,-0.015245629575021569,-0.013195811280063807,-16.0
1024,1201,add_chord_p1,add_chord,1,18161,1036031074,1,"6,7,107",3414,8,640,0.0,0.9069767441860465,584.0,592.0,640.0,656.0,nan,nan,0.0,0.0,2.2839506172839505,6.0,0.0308641975308642,0.5,0.0,0.0,0.0897119341563786,1.3333333333333333,0.0,0.0007597485697079193,0.001668360433604336,0.4960522770296017,3.98041783423557,2.0864197530864197,3.0,0.5045267489711934,8.75925925925926,0.0,6.309523809523809,quiet_or_delayed_launch,3.0,11.666666666666666,9.0,17.0,32.0,97.0,170.0,2.2413793103448274,5.3125,2.0,10.333333333333334,1.3333333333333333,172,172,-1,0,0.0,0.0,0,0,0,no_far_shell_horizon,0.022160021059705045,0.007462686567164179,0.01424042099613516,split_persistent_dual,59,73,293,261,19,686,680,592,672,33,120.85051546391753,2694,2734,2.0,101,45.99766355140187,100,0.782608695652174,17,v15ds_growth_seed_1201_p1,0,1,0,0,0,v15ds_fresh_active_set_landscape_atlas_after_failed_v15dr_mapper,w32_mean_boundary_per_mass,higher_is_established,v15df_frozen_boundary_mass_no_refit,3.0,11.666666666666666,9.0,17.0,32.0,97.0,170.0,2.2413793103448274,5.3125,2.0,10.333333333333334,1.3333333333333333,5,32.0,2.0,2.0,2.0,2.0,0.5,0.5,0.0,0.0,18.0,18.0,0.0,0.0,0.0,0.0,0.0,0.0,9.0,9.0,1.0,1.0,1.0,1.0,0.0,0.0,0.0,0.0,0.0,0.0,1.0,1.0,0.0,0.0,9.0,9.0,0.0,0.0,1.0,1.0,0.16250000000000003,0.16250000000000003,0.0,0.0,0.75,0.75,0.0,0.0,0.0,0.0,0.0,0.0,0.0,0.0,0.0,0.0,0.0,9,64.0,2.0,2.0,2.0,2.0,0.5,0.5,0.0,0.0,18.0,18.0,0.0,0.0,0.0,0.0,0.0,0.0,9.0,9.0,1.0,1.0,1.0,1.0,0.0,0.0,0.0,0.0,0.0,0.0,1.0,1.0,0.0,0.0,9.0,9.0,0.0,0.0,1.0,1.0,0.16250000000000003,0.16250000000000003,0.0,0.0,0.75,0.75,0.0,0.0,0.0,0.0,0.0,0.0,0.0,0.0,0.0,0.0,0.0,13,96.0,2.0,2.0,2.0,2.0,0.5,0.5,0.0,0.0,18.0,18.0,0.0,0.0,0.0,0.0,0.0,0.0,9.0,9.0,1.0,1.0,1.0,1.0,0.0,0.0,0.0,0.0,0.0,0.0,1.0,1.0,0.0,0.0,9.0,9.0,0.0,0.0,1.0,1.0,0.16250000000000003,0.16250000000000003,0.0,0.0,0.75,0.75,0.0,0.0,0.0,0.0,0.0,0.0,0.0,0.0,0.0,0.0,0.0,9.0,11.666666666666666,0.20093731693028705,0.017281780902167546,0.1622729935559461,0.021382542472173402,0.005565319273579379,0.0322265625,0.0986328125,0.04491959331191589,0.09765625,0.8008201523140012,0.8008201523140012,0.8265963678968952,0.10310486233157587,0.09783245459871119,0.48369659824872613,0,genealogy_intensity_index,0,v15cz_frozen_spec_no_refit,0.38353502186824234,0.2706422018348624,0.4201456536480361,0.5714285714285714,0.3148769574944072,0.2805572023815006,0.8180730101735487,0.8103141671606402,other_no_horizon,0,"6,7,107",11.666666666666666,32.0,97.0,170.0,65.0,138.0,73.0,10.333333333333334,1.3333333333333333,2,29,0.4764705882352941,0.3572737357051082,0.2105255767760784,0.1568985609331199,-0.017549658039854032,-0.015245629575021569,-0.013195811280063807,-16.0
1024,1201,add_chord_p1,add_chord,1,18223,1036031136,1,"6,7,107",3414,8,640,0.0,0.9127906976744186,16.0,32.0,128.0,40.0,688.0,nan,0.0,0.0,22.604938271604937,54.0,0.2976944336299923,0.5,0.30613653763727405,0.6078431372549019,2.875790106059477,4.8,0.0007873337724826847,0.005716213801711154,0.00905883017163505,0.7010302387840768,5.273238452926774,10.777777777777779,24.0,0.3654444546181608,3.7959573791862478,0.0,2.330999647282542,early_outer_mass_without_high,3.0,11.666666666666666,9.0,17.0,32.0,97.0,170.0,2.2413793103448274,5.3125,2.0,10.333333333333334,1.3333333333333333,172,172,-1,0,0.0,0.0,0,172,0,no_far_shell_horizon,0.0017313684624180167,0.007462686567164179,0.002353699367526206,split_persistent_dual,198,214,640,568,25,1620,64,32,40,49,101.60831509846827,2814,3350,2.0,256,136.0607476635514,256,0.8333333333333334,41,v15ds_growth_seed_1201_p1,0,1,0,0,0,v15ds_fresh_active_set_landscape_atlas_after_failed_v15dr_mapper,w32_mean_boundary_per_mass,higher_is_established,v15df_frozen_boundary_mass_no_refit,3.0,11.666666666666666,9.0,17.0,32.0,97.0,170.0,2.2413793103448274,5.3125,2.0,10.333333333333334,1.3333333333333333,5,32.0,2.8,4.0,2.2,3.0,0.5666666666666667,0.6666666666666666,0.0,0.0,18.6,21.0,0.6,1.0,0.2833333333333333,0.75,0.8,2.0,7.05,9.0,0.95,1.0,0.95,1.0,0.0,0.0,0.0,0.0,0.0,0.0,0.95,1.0,0.0,0.0,7.05,9.0,0.18333333333333332,0.3333333333333333,0.9666666666666667,1.5,0.12958333333333336,0.16250000000000003,0.0,0.0,0.5366536458333333,0.75,6.25,2.5,0.2083333333333333,0.0,2.2916666666666665,-13.125,0.0,0.8333333333333335,-0.20833333333333343,0.0,-1.5730794270833335,9,64.0,4.555555555555555,7.0,2.5555555555555554,4.0,0.5978835978835979,0.8333333333333334,0.0,0.0,24.88888888888889,42.0,2.0,4.0,0.8955026455026455,1.7142857142857142,3.5555555555555554,7.0,6.107142857142857,9.0,0.8902116402116402,1.0,0.906084656084656,1.0,0.19047619047619047,0.5714285714285714,0.19047619047619047,0.5714285714285714,0.0,0.0,0.7817460317460317,1.0,0.0,0.0,6.107142857142857,9.0,0.3505291005291005,0.6666666666666666,1.0502645502645502,1.7142857142857144,0.2101521164021164,0.3904761904761905,0.023809523809523808,0.07142857142857142,0.3895597901032106,0.75,9.166666666666666,2.2916666666666665,0.20833333333333334,0.0,3.229166666666667,-5.9226190476190474,0.8333333333333334,0.5654761904761905,0.3250248015873015,0.10416666666666667,-0.9218566518869452,13,96.0,5.615384615384615,9.0,3.076923076923077,5.0,0.568986568986569,0.8333333333333334,0.0,0.0,28.76923076923077,43.0,2.5384615384615383,4.0,1.0937118437118436,1.7142857142857142,4.384615384615385,7.0,5.672466422466423,9.0,0.8379120879120879,1.0,0.8962148962148963,1.0,0.2869352869352869,0.5714285714285714,0.2869352869352869,0.5714285714285714,0.0,0.0,0.6938339438339438,1.0,0.0,0.0,5.672466422466423,9.0,0.3867521367521367,0.6666666666666666,1.3803418803418803,2.7777777777777777,0.25526302401302403,0.3904761904761905,0.035866910866910864,0.07142857142857142,0.33433729372740106,0.75,7.486263736263736,2.953296703296703,-0.06050497121925693,0.0,1.8331371009942439,-3.7218733647305076,0.6492019884877027,1.6221873364730508,0.28284711320425604,0.08115024856096284,-0.5235156029334067,7.05,11.666666666666666,0.47451669595782076,0.05799648506151142,0.3538371411833626,0.0626830697129467,0.007322788517867604,0.0478515625,0.25,0.13287182389018692,0.25,0.981253661394259,0.981253661394259,0.9906268306971294,0.2454598711189221,0.22905682483889866,0.9446050447009644,0,genealogy_intensity_index,0,v15cz_frozen_spec_no_refit,0.9361053573529464,0.908256880733945,0.9453876792909507,0.9523809523809523,0.9217002237136466,0.9001224828667511,1.0,0.992886781268524,other_no_horizon,0,"6,7,107",11.666666666666666,32.0,97.0,170.0,65.0,138.0,73.0,10.333333333333334,1.3333333333333333,2,29,0.4764705882352941,0.3572737357051082,0.2105255767760784,0.1568985609331199,-0.017549658039854032,-0.015245629575021569,-0.013195811280063807,-16.0
1024,1201,add_chord_p1,add_chord,1,18289,1036031202,1,"6,7,107",3414,8,640,0.0,0.936046511627907,192.0,208.0,280.0,232.0,344.0,352.0,0.18518518518518517,0.4691358024691358,12.08641975308642,30.0,0.06467742856738418,0.25,0.43098124531846266,0.8148148148148148,3.4854730136553993,6.518518518518518,0.001659178582501757,0.013118889619805826,0.022690831074977415,0.758929770591263,6.2267896741972715,5.962962962962963,14.0,0.4157502994013637,5.645907385387401,0.0,1.9025157232704402,early_high_launch,3.0,11.666666666666666,9.0,17.0,32.0,97.0,170.0,2.2413793103448274,5.3125,2.0,10.333333333333334,1.3333333333333333,172,0,171,172,1.0,1.0,172,0,172,established_far_shell_horizon,0.027871283382306773,0.007462686567164179,0.0946374128928315,split_persistent_dual,174,201,525,448,7,1348,248,208,216,49,115.06803594351733,2702,3166,2.0,265,127.04672897196262,261,1.0,41,v15ds_growth_seed_1201_p1,0,1,0,0,0,v15ds_fresh_active_set_landscape_atlas_after_failed_v15dr_mapper,w32_mean_boundary_per_mass,higher_is_established,v15df_frozen_boundary_mass_no_refit,3.0,11.666666666666666,9.0,17.0,32.0,97.0,170.0,2.2413793103448274,5.3125,2.0,10.333333333333334,1.3333333333333333,5,32.0,2.0,2.0,2.0,2.0,0.5,0.5,0.0,0.0,18.0,18.0,0.0,0.0,0.0,0.0,0.0,0.0,9.0,9.0,1.0,1.0,1.0,1.0,0.0,0.0,0.0,0.0,0.0,0.0,1.0,1.0,0.0,0.0,9.0,9.0,0.0,0.0,1.0,1.0,0.16250000000000003,0.16250000000000003,0.0,0.0,0.75,0.75,0.0,0.0,0.0,0.0,0.0,0.0,0.0,0.0,0.0,0.0,0.0,9,64.0,2.0,2.0,2.0,2.0,0.5,0.5,0.0,0.0,18.0,18.0,0.0,0.0,0.0,0.0,0.0,0.0,9.0,9.0,1.0,1.0,1.0,1.0,0.0,0.0,0.0,0.0,0.0,0.0,1.0,1.0,0.0,0.0,9.0,9.0,0.0,0.0,1.0,1.0,0.16250000000000003,0.16250000000000003,0.0,0.0,0.75,0.75,0.0,0.0,0.0,0.0,0.0,0.0,0.0,0.0,0.0,0.0,0.0,13,96.0,2.0,2.0,2.0,2.0,0.5,0.5,0.0,0.0,18.0,18.0,0.0,0.0,0.0,0.0,0.0,0.0,9.0,9.0,1.0,1.0,1.0,1.0,0.0,0.0,0.0,0.0,0.0,0.0,1.0,1.0,0.0,0.0,9.0,9.0,0.0,0.0,1.0,1.0,0.16250000000000003,0.16250000000000003,0.0,0.0,0.75,0.75,0.0,0.0,0.0,0.0,0.0,0.0,0.0,0.0,0.0,0.0,0.0,9.0,11.666666666666666,0.3948447568834212,0.050966608084358524,0.28500292911540714,0.058875219683655534,0.002050380785002929,0.0478515625,0.2587890625,0.12406907126168225,0.2548828125,0.9273579379027533,0.9273579379027533,0.9390743995313415,0.2047451669595782,0.190099589923843,0.8703903244810588,1,genealogy_intensity_index,0,v15cz_frozen_spec_no_refit,0.7751855166122188,0.7981651376146789,0.7566539238993836,0.9523809523809523,0.9569351230425056,0.8381129139739166,0.9473369239976062,0.9383521043272081,p1_established,0,"6,7,107",11.666666666666666,32.0,97.0,170.0,65.0,138.0,73.0,10.333333333333334,1.3333333333333333,2,29,0.4764705882352941,0.3572737357051082,0.2105255767760784,0.1568985609331199,-0.017549658039854032,-0.015245629575021569,-0.013195811280063807,-16.0
1024,1201,add_chord_p2,add_chord,2,18107,1036032020,1,"34,160,289",3414,8,640,0.11046511627906977,0.9651162790697675,1056.0,1256.0,1456.0,976.0,1768.0,1872.0,0.0,0.0,2.0,2.0,0.0,0.0,0.0,0.0,0.0,0.0,0.0,0.0,0.0,0.7606244385458054,6.682340343540568,2.0,2.0,0.5,8.0,0.0,nan,quiet_or_delayed_launch,3.0,6.333333333333333,3.0,8.0,18.0,56.0,106.0,2.533333333333333,5.888888888888889,2.0,5.0,1.3333333333333333,172,0,171,172,0.872093023255814,1.0,150,22,60,established_far_shell_horizon,0.00023117014772318175,0.007462686567164179,0.0012594005130546972,split_persistent_dual,9,10,103,85,3,207,1856,976,1312,19,190.0,3414,1558,2.0,36,10.647196261682243,36,0.5,19,v15ds_growth_seed_1201_p2,0,1,0,0,0,v15ds_fresh_active_set_landscape_atlas_after_failed_v15dr_mapper,w32_mean_boundary_per_mass,higher_is_established,v15df_frozen_boundary_mass_no_refit,3.0,6.333333333333333,3.0,8.0,18.0,56.0,106.0,2.533333333333333,5.888888888888889,2.0,5.0,1.3333333333333333,5,32.0,2.0,2.0,2.0,2.0,0.5,0.5,0.0,0.0,16.0,16.0,0.0,0.0,0.0,0.0,0.0,0.0,8.0,8.0,1.0,1.0,1.0,1.0,0.0,0.0,0.0,0.0,0.0,0.0,1.0,1.0,0.0,0.0,8.0,8.0,0.0,0.0,1.0,1.0,0.14583333333333334,0.14583333333333334,0.0,0.0,0.6666666666666666,0.6666666666666666,0.0,0.0,0.0,0.0,0.0,0.0,0.0,0.0,0.0,0.0,0.0,9,64.0,2.0,2.0,2.0,2.0,0.5,0.5,0.0,0.0,16.0,16.0,0.0,0.0,0.0,0.0,0.0,0.0,8.0,8.0,1.0,1.0,1.0,1.0,0.0,0.0,0.0,0.0,0.0,0.0,1.0,1.0,0.0,0.0,8.0,8.0,0.0,0.0,1.0,1.0,0.14583333333333334,0.14583333333333334,0.0,0.0,0.6666666666666666,0.6666666666666666,0.0,0.0,0.0,0.0,0.0,0.0,0.0,0.0,0.0,0.0,0.0,13,96.0,2.0,2.0,2.0,2.0,0.5,0.5,0.0,0.0,16.0,16.0,0.0,0.0,0.0,0.0,0.0,0.0,8.0,8.0,1.0,1.0,1.0,1.0,0.0,0.0,0.0,0.0,0.0,0.0,1.0,1.0,0.0,0.0,8.0,8.0,0.0,0.0,1.0,1.0,0.14583333333333334,0.14583333333333334,0.0,0.0,0.6666666666666666,0.6666666666666666,0.0,0.0,0.0,0.0,0.0,0.0,0.0,0.0,0.0,0.0,0.0,8.0,6.333333333333333,0.06063268892794376,0.0026362038664323375,0.05506736965436438,0.0029291154071470417,0.0008787346221441124,0.0185546875,0.03515625,0.010397652599299066,0.03515625,0.45635618043350906,0.4563561804335091,0.7141183362624488,0.032806092560046865,0.027826596367896896,0.1914328716041881,1,genealogy_intensity_index,0,v15cz_frozen_spec_no_refit,0.10015044938732874,0.04128440366972477,0.12620286865521232,0.23809523809523808,0.060402684563758385,0.03737296771364467,0.4661879114302812,0.46176644931831656,other_established,0,"34,160,289",6.333333333333333,18.0,56.0,106.0,38.0,88.0,50.0,5.0,1.3333333333333333,2,24,0.6226415094339622,0.3241417147667148,0.22309819941125086,0.18426932527821172,-0.026242083533750182,-0.03003019435965326,-0.03225108820715797,-14.0
1024,1201,add_chord_p2,add_chord,2,18161,1036032074,1,"34,160,289",3414,8,640,0.0,1.0,24.0,24.0,328.0,8.0,496.0,560.0,0.12345679012345678,0.20987654320987653,9.790123456790123,23.0,0.1542086699186254,0.42857142857142855,0.3604990195463341,0.782608695652174,4.345998793147604,8.05,0.0008650995583507851,0.008164796767097367,0.004014227642276423,0.7942926151727836,7.526763447739278,4.7407407407407405,11.0,0.48025904452446083,3.499949412254044,0.0,1.106837606837607,early_high_launch,3.0,6.333333333333333,3.0,8.0,18.0,56.0,106.0,2.533333333333333,5.888888888888889,2.0,5.0,1.3333333333333333,172,0,171,172,1.0,1.0,172,0,172,established_far_shell_horizon,0.0011673009583864483,0.007462686567164179,0.0009465459395997191,split_persistent_dual,68,85,362,314,10,829,640,8,488,47,138.47577092511014,3232,2774,2.0,136,50.10747663551402,135,0.6666666666666666,42,v15ds_growth_seed_1201_p2,0,1,0,0,0,v15ds_fresh_active_set_landscape_atlas_after_failed_v15dr_mapper,w32_mean_boundary_per_mass,higher_is_established,v15df_frozen_boundary_mass_no_refit,3.0,6.333333333333333,3.0,8.0,18.0,56.0,106.0,2.533333333333333,5.888888888888889,2.0,5.0,1.3333333333333333,5,32.0,3.6,5.0,2.8,3.0,0.47333333333333333,0.6,0.0,0.0,19.2,21.0,0.8,2.0,2.453333333333333,3.3333333333333335,8.4,11.0,5.8133333333333335,8.0,0.7866666666666666,1.0,0.7866666666666666,1.0,0.24,0.6,0.24,0.6,0.0,0.0,0.6266666666666667,1.0,0.0,0.0,5.8133333333333335,8.0,0.16,0.4,1.48,2.0,0.2353888888888889,0.385,0.0225,0.056249999999999994,0.19039012345679013,0.6666666666666666,10.0,2.5,0.5833333333333333,0.0,6.333333333333332,-12.166666666666666,2.25,-0.49999999999999933,0.9159722222222222,0.21093749999999997,-1.4249691358024692,9,64.0,4.222222222222222,5.0,2.888888888888889,3.0,0.5296296296296296,0.6,0.0,0.0,18.88888888888889,21.0,1.3333333333333333,2.0,2.651851851851852,3.3333333333333335,9.777777777777779,12.0,4.874074074074074,8.0,0.7925925925925926,1.0,0.7925925925925926,1.0,0.39999999999999997,0.6,0.39999999999999997,0.6,0.0,0.0,0.4814814814814815,1.0,0.0,0.0,4.874074074074074,8.0,0.26666666666666666,0.4,1.3555555555555556,2.0,0.298179012345679,0.385,0.0375,0.056249999999999994,0.13629080932784637,0.6666666666666666,4.583333333333333,0.8333333333333334,0.3611111111111111,0.0,1.9027777777777772,-6.013888888888888,1.1250000000000002,-0.6666666666666664,0.45393518518518516,0.10546874999999999,-0.47830761316872417,13,96.0,4.461538461538462,5.0,2.923076923076923,3.0,0.5512820512820512,0.6,0.0,0.0,19.53846153846154,21.0,1.5384615384615385,2.0,2.697435897435897,3.3333333333333335,10.153846153846153,12.0,4.666666666666667,8.0,0.7948717948717949,1.0,0.7948717948717949,1.0,0.4615384615384615,0.6,0.4615384615384615,0.6,0.0,0.0,0.4564102564102564,1.0,0.0,0.0,4.666666666666667,8.0,0.3076923076923077,0.4,1.307692307692308,2.0,0.3248931623931624,0.385,0.04326923076923077,0.056249999999999994,0.12020132953466288,0.6666666666666666,2.4725274725274726,0.4120879120879121,0.20604395604395606,0.0,0.8104395604395601,-2.815934065934066,0.6181318681318682,-0.4120879120879119,0.2569826007326007,0.057949862637362626,-0.2223290598290598,5.8133333333333335,6.333333333333333,0.24282366725248974,0.01991798476859988,0.19800820152314,0.024897480960749854,0.0029291154071470417,0.0458984375,0.1328125,0.04893308265186916,0.1318359375,0.8125366139425894,0.8125366139425894,0.9976567076742824,0.1259519625073228,0.11687170474516696,0.5769867403004414,1,genealogy_intensity_index,0,v15cz_frozen_spec_no_refit,0.4681362616694336,0.3119266055045872,0.5181265819789774,0.9047619047619048,0.4519015659955258,0.3088295796968184,0.8300418910831837,0.8221695317131003,other_established,0,"34,160,289",6.333333333333333,18.0,56.0,106.0,38.0,88.0,50.0,5.0,1.3333333333333333,2,24,0.6226415094339622,0.3241417147667148,0.22309819941125086,0.18426932527821172,-0.026242083533750182,-0.03003019435965326,-0.03225108820715797,-14.0
1024,1201,add_chord_p2,add_chord,2,18223,1036032136,1,"34,160,289",3414,8,640,0.0,1.0,232.0,288.0,440.0,600.0,1272.0,2440.0,0.0,0.0,5.407407407407407,15.0,0.22209796376463042,0.5,0.0049382716049382715,0.06666666666666667,0.7098395774321701,1.7333333333333334,4.234417344173442e-05,0.0031324015741359913,0.008982610659439928,0.6966223306656054,6.819983307498777,2.4074074074074074,5.0,0.5890746085190529,5.214813924073184,0.0,1.5568181818181819,inner_gate_load_without_outer_horizon,3.0,6.333333333333333,3.0,8.0,18.0,56.0,106.0,2.533333333333333,5.888888888888889,2.0,5.0,1.3333333333333333,172,66,171,106,1.0,1.0,107,59,106,established_far_shell_horizon,0.002156622410368723,0.007462686567164179,0.0027232274344056546,split_persistent_dual,142,150,451,385,11,1128,336,288,312,49,119.80891719745223,2590,216,2.0,155,65.30140186915888,152,1.0,44,v15ds_growth_seed_1201_p2,0,1,0,0,0,v15ds_fresh_active_set_landscape_atlas_after_failed_v15dr_mapper,w32_mean_boundary_per_mass,higher_is_established,v15df_frozen_boundary_mass_no_refit,3.0,6.333333333333333,3.0,8.0,18.0,56.0,106.0,2.533333333333333,5.888888888888889,2.0,5.0,1.3333333333333333,5,32.0,2.0,2.0,2.0,2.0,0.5,0.5,0.0,0.0,16.0,16.0,0.0,0.0,0.0,0.0,0.0,0.0,8.0,8.0,1.0,1.0,1.0,1.0,0.0,0.0,0.0,0.0,0.0,0.0,1.0,1.0,0.0,0.0,8.0,8.0,0.0,0.0,1.0,1.0,0.14583333333333334,0.14583333333333334,0.0,0.0,0.6666666666666666,0.6666666666666666,0.0,0.0,0.0,0.0,0.0,0.0,0.0,0.0,0.0,0.0,0.0,9,64.0,2.0,2.0,2.0,2.0,0.5,0.5,0.0,0.0,16.0,16.0,0.0,0.0,0.0,0.0,0.0,0.0,8.0,8.0,1.0,1.0,1.0,1.0,0.0,0.0,0.0,0.0,0.0,0.0,1.0,1.0,0.0,0.0,8.0,8.0,0.0,0.0,1.0,1.0,0.14583333333333334,0.14583333333333334,0.0,0.0,0.6666666666666666,0.6666666666666666,0.0,0.0,0.0,0.0,0.0,0.0,0.0,0.0,0.0,0.0,0.0,13,96.0,2.0,2.0,2.0,2.0,0.5,0.5,0.0,0.0,16.0,16.0,0.0,0.0,0.0,0.0,0.0,0.0,8.0,8.0,1.0,1.0,1.0,1.0,0.0,0.0,0.0,0.0,0.0,0.0,1.0,1.0,0.0,0.0,8.0,8.0,0.0,0.0,1.0,1.0,0.14583333333333334,0.14583333333333334,0.0,0.0,0.6666666666666666,0.6666666666666666,0.0,0.0,0.0,0.0,0.0,0.0,0.0,0.0,0.0,0.0,0.0,8.0,6.333333333333333,0.3304042179261863,0.04159343878148799,0.2448740480374927,0.043936731107205626,0.003222026947861746,0.0478515625,0.1513671875,0.06377090026285047,0.1484375,0.0632688927943761,0.9015817223198594,0.9156414762741651,0.17369654364381956,0.15670767428236673,0.6014942280005134,1,genealogy_intensity_index,0,v15cz_frozen_spec_no_refit,0.6450297630719245,0.6513761467889908,0.6466261601179167,0.9523809523809523,0.5262863534675615,0.4133521889529365,0.06463195691202872,0.9122703023117962,other_established,0,"34,160,289",6.333333333333333,18.0,56.0,106.0,38.0,88.0,50.0,5.0,1.3333333333333333,2,24,0.6226415094339622,0.3241417147667148,0.22309819941125086,0.18426932527821172,-0.026242083533750182,-0.03003019435965326,-0.03225108820715797,-14.0
1024,1201,add_chord_p2,add_chord,2,18289,1036032202,1,"34,160,289",3414,8,640,0.0,0.9709302325581395,88.0,88.0,448.0,1040.0,1328.0,1408.0,0.0,0.0,8.320987654320987,13.0,0.20673390395612617,0.38461538461538464,0.0,0.0,0.8799203882537215,1.2307692307692308,0.0,0.0014946010074312918,0.0030290198735320687,0.8214307742060658,7.082884501372894,3.0,5.0,0.705669090854276,2.7278619528619528,0.0,1.917857142857143,inner_gate_load_without_outer_horizon,3.0,6.333333333333333,3.0,8.0,18.0,56.0,106.0,2.533333333333333,5.888888888888889,2.0,5.0,1.3333333333333333,172,0,171,172,1.0,1.0,172,0,172,established_far_shell_horizon,0.003903728636098596,0.007462686567164179,0.023297479522813733,split_persistent_dual,90,87,326,284,13,787,256,176,328,44,131.28159645232816,3160,64,2.0,151,61.05140186915888,151,1.0,41,v15ds_growth_seed_1201_p2,0,1,0,0,0,v15ds_fresh_active_set_landscape_atlas_after_failed_v15dr_mapper,w32_mean_boundary_per_mass,higher_is_established,v15df_frozen_boundary_mass_no_refit,3.0,6.333333333333333,3.0,8.0,18.0,56.0,106.0,2.533333333333333,5.888888888888889,2.0,5.0,1.3333333333333333,5,32.0,2.0,2.0,2.0,2.0,0.5,0.5,0.0,0.0,16.0,16.0,0.0,0.0,0.0,0.0,0.0,0.0,8.0,8.0,1.0,1.0,1.0,1.0,0.0,0.0,0.0,0.0,0.0,0.0,1.0,1.0,0.0,0.0,8.0,8.0,0.0,0.0,1.0,1.0,0.14583333333333334,0.14583333333333334,0.0,0.0,0.6666666666666666,0.6666666666666666,0.0,0.0,0.0,0.0,0.0,0.0,0.0,0.0,0.0,0.0,0.0,9,64.0,2.0,2.0,2.0,2.0,0.5,0.5,0.0,0.0,16.0,16.0,0.0,0.0,0.0,0.0,0.0,0.0,8.0,8.0,1.0,1.0,1.0,1.0,0.0,0.0,0.0,0.0,0.0,0.0,1.0,1.0,0.0,0.0,8.0,8.0,0.0,0.0,1.0,1.0,0.14583333333333334,0.14583333333333334,0.0,0.0,0.6666666666666666,0.6666666666666666,0.0,0.0,0.0,0.0,0.0,0.0,0.0,0.0,0.0,0.0,0.0,13,96.0,2.3076923076923075,4.0,2.0,2.0,0.5384615384615384,0.75,0.0,0.0,15.846153846153847,16.0,0.3076923076923077,2.0,0.11538461538461539,0.75,0.3076923076923077,2.0,7.346153846153846,8.0,1.0,1.0,1.0,1.0,0.11538461538461539,0.75,0.11538461538461539,0.75,0.0,0.0,0.8846153846153846,1.0,0.0,0.0,7.346153846153846,8.0,0.07692307692307693,0.5,0.9230769230769231,1.0,0.19166666666666668,0.44375,0.010817307692307692,0.0703125,0.6031650641025641,0.6666666666666666,1.510989010989011,0.0,0.18887362637362637,0.0,0.5666208791208791,-3.210851648351648,0.5666208791208791,-0.37774725274725274,0.22507440476190474,0.053120707417582416,-0.31183822687728935,8.0,6.333333333333333,0.23052138254247218,0.026362038664323375,0.17867603983596952,0.025483304042179262,0.003807850029291154,0.04296875,0.1474609375,0.05962050963785047,0.1474609375,0.018746338605741066,0.9250146455770357,0.9484475688342121,0.12185120093731693,0.10867018160515525,0.5005574116055386,1,genealogy_intensity_index,0,v15cz_frozen_spec_no_refit,0.44328834508446835,0.41284403669724773,0.4651205059966648,0.8333333333333334,0.5106263982102908,0.38411543265017184,0.019150209455415918,0.9359810314167161,other_established,0,"34,160,289",6.333333333333333,18.0,56.0,106.0,38.0,88.0,50.0,5.0,1.3333333333333333,2,24,0.6226415094339622,0.3241417147667148,0.22309819941125086,0.18426932527821172,-0.026242083533750182,-0.03003019435965326,-0.03225108820715797,-14.0
1024,1301,add_chord_p0,add_chord,0,18107,1037030020,1,"2,3,21",3414,8,640,0.0,0.8953488372093024,336.0,408.0,512.0,408.0,nan,nan,0.0,0.0,6.864197530864198,29.0,0.06769291924723468,0.4,0.11693620969677386,0.5862068965517241,1.0624064175552321,3.6666666666666665,0.0007395779634009477,0.005957445832262299,0.015602416440831076,0.7117020390765606,4.738313346556905,3.049382716049383,9.0,0.5660577710723934,5.504111168023656,0.0,5.3677777777777775,early_outer_mass_without_high,3.0,9.0,5.0,15.0,22.0,60.0,115.0,2.0,5.2272727272727275,2.0,7.666666666666667,1.3333333333333333,172,172,-1,0,0.0,0.0,0,0,0,no_far_shell_horizon,0.05449061229957121,0.006622516556291391,0.03232191623899417,split_persistent_dual,117,150,375,326,8,968,680,408,368,42,117.55,2894,2734,2.0,232,114.9696261682243,231,1.0,22,v15ds_growth_seed_1301_p0,0,1,0,0,0,v15ds_fresh_active_set_landscape_atlas_after_failed_v15dr_mapper,w32_mean_boundary_per_mass,higher_is_established,v15df_frozen_boundary_mass_no_refit,3.0,9.0,5.0,15.0,22.0,60.0,115.0,2.0,5.2272727272727275,2.0,7.666666666666667,1.3333333333333333,5,32.0,2.0,2.0,2.0,2.0,0.5,0.5,0.0,0.0,12.8,13.0,0.0,0.0,0.0,0.0,0.0,0.0,6.4,6.5,1.0,1.0,1.0,1.0,0.0,0.0,0.0,0.0,0.0,0.0,1.0,1.0,0.0,0.0,6.4,6.5,0.0,0.0,1.0,1.0,0.11916666666666667,0.12083333333333333,0.0,0.0,0.5333333333333333,0.5416666666666666,0.0,0.0,0.0,0.0,0.0,1.25,0.0,0.0,0.02083333333333333,0.0,0.10416666666666657,9,64.0,2.0,2.0,2.0,2.0,0.5,0.5,0.0,0.0,12.88888888888889,13.0,0.0,0.0,0.0,0.0,0.0,0.0,6.444444444444445,6.5,1.0,1.0,1.0,1.0,0.0,0.0,0.0,0.0,0.0,0.0,1.0,1.0,0.0,0.0,6.444444444444445,6.5,0.0,0.0,1.0,1.0,0.11990740740740741,0.12083333333333333,0.0,0.0,0.537037037037037,0.5416666666666666,0.0,0.0,0.0,0.0,0.0,0.4166666666666667,0.0,0.0,0.006944444444444443,0.0,0.03472222222222219,13,96.0,2.0,2.0,2.0,2.0,0.5,0.5,0.0,0.0,12.923076923076923,13.0,0.0,0.0,0.0,0.0,0.0,0.0,6.461538461538462,6.5,1.0,1.0,1.0,1.0,0.0,0.0,0.0,0.0,0.0,0.0,1.0,1.0,0.0,0.0,6.461538461538462,6.5,0.0,0.0,1.0,1.0,0.1201923076923077,0.12083333333333333,0.0,0.0,0.5384615384615384,0.5416666666666666,0.0,0.0,0.0,0.0,0.0,0.20604395604395606,0.0,0.0,0.0034340659340659336,0.0,0.017170329670329654,6.4,9.0,0.28353837141183363,0.03427065026362039,0.2053309900410076,0.043936731107205626,0.0023432923257176333,0.041015625,0.2265625,0.11227502555490654,0.2255859375,0.8008201523140012,0.8008201523140012,0.8804920913884007,0.14411247803163443,0.13942589338019917,0.7027683176772389,0,genealogy_intensity_index,0,v15cz_frozen_spec_no_refit,0.5503710332244377,0.5366972477064221,0.5382046410631867,0.7857142857142857,0.8277404921700223,0.7550316642053675,0.8180730101735487,0.8103141671606402,p0_high_score_no_horizon,1,"2,3,21",9.0,22.0,60.0,115.0,38.0,93.0,55.0,7.666666666666667,1.3333333333333333,2,28,0.8173913043478261,0.355036075036075,0.18211394336872933,0.11714341178856742,-0.02236772486772487,-0.01544072900203855,-0.009956205745026064,-10.0
1024,1301,add_chord_p0,add_chord,0,18161,1037030074,1,"2,3,21",3414,8,640,0.0872093023255814,0.7674418604651163,8.0,16.0,40.0,64.0,nan,nan,0.0,0.0,9.802469135802468,13.0,0.3729283747802266,0.5,0.12413149265001117,0.25,1.7515145348478682,2.1666666666666665,0.0002339716673219383,0.0014159771743613206,0.004254177958446251,0.6385525418572188,3.762634438843312,4.283950617283951,5.0,0.4530381141492253,3.252703058258614,0.0,1.7548523206751054,inner_gate_load_without_outer_horizon,3.0,9.0,5.0,15.0,22.0,60.0,115.0,2.0,5.2272727272727275,2.0,7.666666666666667,1.3333333333333333,172,172,-1,0,0.0,0.0,0,0,0,no_far_shell_horizon,0.037178730962928744,0.006622516556291391,0.0,split_persistent_dual,22,25,96,77,9,220,16,16,8,19,182.10852713178295,1680,3398,2.0,76,31.0911214953271,73,1.0,15,v15ds_growth_seed_1301_p0,0,1,0,0,0,v15ds_fresh_active_set_landscape_atlas_after_failed_v15dr_mapper,w32_mean_boundary_per_mass,higher_is_established,v15df_frozen_boundary_mass_no_refit,3.0,9.0,5.0,15.0,22.0,60.0,115.0,2.0,5.2272727272727275,2.0,7.666666666666667,1.3333333333333333,5,32.0,3.6,4.0,2.8,4.0,0.5,1.0,0.0,0.0,19.2,27.0,0.8,3.0,0.55,1.0,1.4,2.0,5.4,6.75,0.75,1.0,0.8,1.0,0.0,0.0,0.0,0.0,0.0,0.0,0.8,1.0,0.0,0.0,5.4,6.75,0.2,0.75,1.7,3.0,0.11125000000000002,0.1416666666666667,0.0,0.0,0.335546875,0.52734375,5.0,7.5,-1.25,0.0,3.125,-8.75,0.0,6.875000000000001,-0.05989583333333331,0.0,-1.346435546875,9,64.0,5.0,7.0,3.111111111111111,4.0,0.5079365079365079,1.0,0.0,0.0,22.555555555555557,28.0,1.8888888888888888,4.0,0.9933862433862434,1.7142857142857142,2.5555555555555554,5.0,4.764550264550264,6.75,0.5965608465608465,1.0,0.8544973544973545,1.0,0.23015873015873015,0.5714285714285714,0.23015873015873015,0.5714285714285714,0.0,0.0,0.6243386243386243,1.0,0.0,0.0,4.764550264550264,6.75,0.32275132275132273,0.75,1.7063492063492063,3.0,0.2158179012345679,0.36607142857142855,0.02554563492063492,0.07142857142857142,0.26935633757103666,0.52734375,7.708333333333334,2.7083333333333335,-0.19345238095238101,0.0,2.7182539682539684,-4.489087301587301,1.0565476190476188,1.2648809523809523,0.46926669973544977,0.11765252976190475,-0.5439352963166362,13,96.0,5.538461538461538,7.0,3.3076923076923075,4.0,0.5018315018315018,1.0,0.0,0.0,24.076923076923077,28.0,2.230769230769231,4.0,1.2115384615384615,1.7142857142857142,3.230769230769231,5.0,4.554945054945055,6.75,0.5375457875457875,1.0,0.8663003663003663,1.0,0.30952380952380953,0.6666666666666666,0.30952380952380953,0.6666666666666666,0.0,0.0,0.5677655677655677,1.0,0.0,0.0,4.554945054945055,6.75,0.3608058608058608,0.75,1.7857142857142856,3.0,0.25299908424908424,0.41805555555555557,0.03336767399267399,0.08333333333333333,0.24035777728114038,0.52734375,4.670329670329671,1.6483516483516485,-0.08012820512820516,0.0,1.7709968602825743,-2.3106357927786503,0.6753663003663003,0.6917189952904237,0.3078190410779697,0.07169634680795395,-0.29420424301277043,5.4,9.0,0.06444053895723492,0.006444053895723492,0.05067369654364382,0.007322788517867604,0.0026362038664323375,0.0185546875,0.07421875,0.030362423335280372,0.0712890625,0.9953134153485648,0.9953134153485648,0.9953134153485648,0.03456356180433509,0.029876977152899824,0.36950299760826705,0,genealogy_intensity_index,0,v15cz_frozen_spec_no_refit,0.10784147118743705,0.10091743119266056,0.11415603320468677,0.23809523809523808,0.21700223713646535,0.17801157004964857,1.0,1.0,p0_no_horizon_other,0,"2,3,21",9.0,22.0,60.0,115.0,38.0,93.0,55.0,7.666666666666667,1.3333333333333333,2,28,0.8173913043478261,0.355036075036075,0.18211394336872933,0.11714341178856742,-0.02236772486772487,-0.01544072900203855,-0.009956205745026064,-10.0
1024,1301,add_chord_p0,add_chord,0,18223,1037030136,1,"2,3,21",3414,8,640,0.0,0.8895348837209303,424.0,576.0,584.0,488.0,1488.0,nan,0.0,0.0,3.950617283950617,13.0,0.024888965629706373,0.3076923076923077,0.12280901540160799,0.5555555555555556,0.7723121186084149,3.3333333333333335,0.0008633692288841341,0.00539359226478129,0.012101964769647696,0.8522021459573088,5.193112070925442,2.8271604938271606,7.0,0.504256374626745,5.907403022217837,0.037037037037037035,9.916666666666666,early_outer_mass_without_high,3.0,9.0,5.0,15.0,22.0,60.0,115.0,2.0,5.2272727272727275,2.0,7.666666666666667,1.3333333333333333,172,172,-1,0,0.0,0.0,0,172,0,no_far_shell_horizon,0.04462187044829486,0.006622516556291391,0.0018856849256470582,split_persistent_dual,51,63,221,187,9,522,496,488,432,26,146.65248226950354,2574,2918,2.0,140,59.31308411214953,140,1.0,16,v15ds_growth_seed_1301_p0,0,1,0,0,0,v15ds_fresh_active_set_landscape_atlas_after_failed_v15dr_mapper,w32_mean_boundary_per_mass,higher_is_established,v15df_frozen_boundary_mass_no_refit,3.0,9.0,5.0,15.0,22.0,60.0,115.0,2.0,5.2272727272727275,2.0,7.666666666666667,1.3333333333333333,5,32.0,2.0,2.0,2.0,2.0,0.5,0.5,0.0,0.0,12.0,12.0,0.0,0.0,0.0,0.0,0.0,0.0,6.0,6.0,1.0,1.0,1.0,1.0,0.0,0.0,0.0,0.0,0.0,0.0,1.0,1.0,0.0,0.0,6.0,6.0,0.0,0.0,1.0,1.0,0.1125,0.1125,0.0,0.0,0.5,0.5,0.0,0.0,0.0,0.0,0.0,0.0,0.0,0.0,0.0,0.0,0.0,9,64.0,2.0,2.0,2.0,2.0,0.5,0.5,0.0,0.0,12.0,12.0,0.0,0.0,0.0,0.0,0.0,0.0,6.0,6.0,1.0,1.0,1.0,1.0,0.0,0.0,0.0,0.0,0.0,0.0,1.0,1.0,0.0,0.0,6.0,6.0,0.0,0.0,1.0,1.0,0.1125,0.1125,0.0,0.0,0.5,0.5,0.0,0.0,0.0,0.0,0.0,0.0,0.0,0.0,0.0,0.0,0.0,13,96.0,2.0,2.0,2.0,2.0,0.5,0.5,0.0,0.0,12.0,12.0,0.0,0.0,0.0,0.0,0.0,0.0,6.0,6.0,1.0,1.0,1.0,1.0,0.0,0.0,0.0,0.0,0.0,0.0,1.0,1.0,0.0,0.0,6.0,6.0,0.0,0.0,1.0,1.0,0.1125,0.1125,0.0,0.0,0.5,0.5,0.0,0.0,0.0,0.0,0.0,0.0,0.0,0.0,0.0,0.0,0.0,6.0,9.0,0.15289982425307558,0.014938488576449912,0.1195079086115993,0.01845342706502636,0.0026362038664323375,0.025390625,0.13671875,0.05792293370327103,0.13671875,0.8547158758055068,0.8547158758055067,0.8570591681312244,0.07967193907439953,0.07322788517867604,0.4757254790224525,0,genealogy_intensity_index,0,v15cz_frozen_spec_no_refit,0.2865098237745684,0.23394495412844038,0.30288978859625393,0.40476190476190477,0.46756152125279643,0.37215713320583044,0.8731298623578696,0.8648488441019561,p0_no_horizon_other,0,"2,3,21",9.0,22.0,60.0,115.0,38.0,93.0,55.0,7.666666666666667,1.3333333333333333,2,28,0.8173913043478261,0.355036075036075,0.18211394336872933,0.11714341178856742,-0.02236772486772487,-0.01544072900203855,-0.009956205745026064,-10.0
1024,1301,add_chord_p0,add_chord,0,18289,1037030202,1,"2,3,21",3414,8,640,0.10465116279069768,0.6744186046511628,1056.0,1128.0,952.0,1056.0,2824.0,nan,0.0,0.0,2.0,2.0,0.0,0.0,0.0,0.0,0.0,0.0,0.0,0.0,0.0,0.6849537974951925,4.475155680068417,2.0,2.0,0.5,6.0,0.0,nan,quiet_or_delayed_launch,3.0,9.0,5.0,15.0,22.0,60.0,115.0,2.0,5.2272727272727275,2.0,7.666666666666667,1.3333333333333333,172,172,-1,0,0.0,0.0,0,56,0,no_far_shell_horizon,0.021444022284480196,0.006622516556291391,0.0,split_persistent_dual,22,29,92,66,10,209,1352,952,1320,19,196.288,2376,2062,2.0,64,17.588785046728972,64,0.7192982456140351,16,v15ds_growth_seed_1301_p0,0,1,0,0,0,v15ds_fresh_active_set_landscape_atlas_after_failed_v15dr_mapper,w32_mean_boundary_per_mass,higher_is_established,v15df_frozen_boundary_mass_no_refit,3.0,9.0,5.0,15.0,22.0,60.0,115.0,2.0,5.2272727272727275,2.0,7.666666666666667,1.3333333333333333,5,32.0,2.0,2.0,2.0,2.0,0.5,0.5,0.0,0.0,12.0,12.0,0.0,0.0,0.0,0.0,0.0,0.0,6.0,6.0,1.0,1.0,1.0,1.0,0.0,0.0,0.0,0.0,0.0,0.0,1.0,1.0,0.0,0.0,6.0,6.0,0.0,0.0,1.0,1.0,0.1125,0.1125,0.0,0.0,0.5,0.5,0.0,0.0,0.0,0.0,0.0,0.0,0.0,0.0,0.0,0.0,0.0,9,64.0,2.0,2.0,2.0,2.0,0.5,0.5,0.0,0.0,12.0,12.0,0.0,0.0,0.0,0.0,0.0,0.0,6.0,6.0,1.0,1.0,1.0,1.0,0.0,0.0,0.0,0.0,0.0,0.0,1.0,1.0,0.0,0.0,6.0,6.0,0.0,0.0,1.0,1.0,0.1125,0.1125,0.0,0.0,0.5,0.5,0.0,0.0,0.0,0.0,0.0,0.0,0.0,0.0,0.0,0.0,0.0,13,96.0,2.0,2.0,2.0,2.0,0.5,0.5,0.0,0.0,12.0,12.0,0.0,0.0,0.0,0.0,0.0,0.0,6.0,6.0,1.0,1.0,1.0,1.0,0.0,0.0,0.0,0.0,0.0,0.0,1.0,1.0,0.0,0.0,6.0,6.0,0.0,0.0,1.0,1.0,0.1125,0.1125,0.0,0.0,0.5,0.5,0.0,0.0,0.0,0.0,0.0,0.0,0.0,0.0,0.0,0.0,0.0,6.0,9.0,0.06121851200937317,0.006444053895723492,0.046280023432923256,0.00849443468072642,0.0029291154071470417,0.0185546875,0.0625,0.017176547897196262,0.0625,0.60398359695372,0.60398359695372,0.7211482132396017,0.033391915641476276,0.027826596367896896,0.25321794700793987,0,genealogy_intensity_index,0,v15cz_frozen_spec_no_refit,0.10133368351042232,0.10091743119266056,0.1021091977541612,0.23809523809523808,0.17002237136465326,0.08512580057538954,0.6169958108916815,0.6111440426793123,p0_no_horizon_other,0,"2,3,21",9.0,22.0,60.0,115.0,38.0,93.0,55.0,7.666666666666667,1.3333333333333333,2,28,0.8173913043478261,0.355036075036075,0.18211394336872933,0.11714341178856742,-0.02236772486772487,-0.01544072900203855,-0.009956205745026064,-10.0
1024,1301,add_chord_p1,add_chord,1,18107,1037031020,1,"0,19,97",3414,8,640,0.0,0.622093023255814,1648.0,2040.0,2072.0,1952.0,nan,nan,0.0,0.0,2.0,2.0,0.0,0.0,0.0,0.0,0.0,0.0,0.0,0.0,0.0,0.46661756296566936,3.3220048064371883,2.0,2.0,0.5,4.5,0.0,nan,quiet_or_delayed_launch,3.0,12.0,4.0,27.0,32.0,72.0,130.0,1.3793103448275863,4.0625,2.0,10.666666666666666,1.3333333333333333,172,172,-1,0,0.0,0.0,0,0,0,no_far_shell_horizon,0.014940423428662532,0.006622516556291391,0.0,split_persistent_dual,27,29,66,46,4,168,2104,1952,1864,19,185.2549019607843,2432,1310,2.0,86,22.457943925233646,86,1.0,16,v15ds_growth_seed_1301_p1,0,1,0,0,0,v15ds_fresh_active_set_landscape_atlas_after_failed_v15dr_mapper,w32_mean_boundary_per_mass,higher_is_established,v15df_frozen_boundary_mass_no_refit,3.0,12.0,4.0,27.0,32.0,72.0,130.0,1.3793103448275863,4.0625,2.0,10.666666666666666,1.3333333333333333,5,32.0,2.0,2.0,2.0,2.0,0.5,0.5,0.0,0.0,9.0,9.0,0.0,0.0,0.0,0.0,0.0,0.0,4.5,4.5,1.0,1.0,1.0,1.0,0.0,0.0,0.0,0.0,0.0,0.0,1.0,1.0,0.0,0.0,4.5,4.5,0.0,0.0,1.0,1.0,0.08750000000000001,0.08750000000000001,0.0,0.0,0.375,0.375,0.0,0.0,0.0,0.0,0.0,0.0,0.0,0.0,0.0,0.0,0.0,9,64.0,2.0,2.0,2.0,2.0,0.5,0.5,0.0,0.0,9.0,9.0,0.0,0.0,0.0,0.0,0.0,0.0,4.5,4.5,1.0,1.0,1.0,1.0,0.0,0.0,0.0,0.0,0.0,0.0,1.0,1.0,0.0,0.0,4.5,4.5,0.0,0.0,1.0,1.0,0.08750000000000001,0.08750000000000001,0.0,0.0,0.375,0.375,0.0,0.0,0.0,0.0,0.0,0.0,0.0,0.0,0.0,0.0,0.0,13,96.0,2.0,2.0,2.0,2.0,0.5,0.5,0.0,0.0,9.0,9.0,0.0,0.0,0.0,0.0,0.0,0.0,4.5,4.5,1.0,1.0,1.0,1.0,0.0,0.0,0.0,0.0,0.0,0.0,1.0,1.0,0.0,0.0,4.5,4.5,0.0,0.0,1.0,1.0,0.08750000000000001,0.08750000000000001,0.0,0.0,0.375,0.375,0.0,0.0,0.0,0.0,0.0,0.0,0.0,0.0,0.0,0.0,0.0,4.5,12.0,0.0492091388400703,0.007908611599297012,0.032806092560046865,0.00849443468072642,0.0011716461628588166,0.0185546875,0.083984375,0.021931585864485983,0.083984375,0.38371411833626246,0.38371411833626246,0.4282366725248975,0.027240773286467488,0.021968365553602813,0.20740118296249105,0,genealogy_intensity_index,0,v15cz_frozen_spec_no_refit,0.07707738398700383,0.12385321100917432,0.06516556903921614,0.23809523809523808,0.2561521252796421,0.11862189740604465,0.3919808497905446,0.3882631890930646,other_no_horizon,0,"0,19,97",12.0,32.0,72.0,130.0,40.0,98.0,58.0,10.666666666666666,1.3333333333333333,2,36,0.8,0.35745684356795465,0.19721414259365644,0.1401227737931267,-0.017136978248089296,-0.011853972429614196,-0.009756073321827957,-7.0
1024,1301,add_chord_p1,add_chord,1,18161,1037031074,1,"0,19,97",3414,8,640,0.0,0.9534883720930233,8.0,16.0,32.0,40.0,nan,nan,0.0,0.0,25.925925925925927,47.0,0.27805250324740477,0.5,0.40837617366449797,0.6521739130434783,2.8977481348281997,4.2,0.0006260904592278859,0.003632351052212852,0.006622628726287263,0.5568464796138506,4.008898245046788,8.679012345679013,15.0,0.4853954716276895,3.1668827777847866,0.7407407407407407,4.797103185414874,early_outer_mass_without_high,3.0,12.0,4.0,27.0,32.0,72.0,130.0,1.3793103448275863,4.0625,2.0,10.666666666666666,1.3333333333333333,172,172,-1,0,0.0,0.0,0,0,0,no_far_shell_horizon,0.02631679604483634,0.006622516556291391,0.032368288389482726,split_persistent_dual,134,150,401,350,16,1035,72,32,56,33,97.60899653979239,2894,3342,2.0,244,133.21028037383178,243,0.9333333333333333,31,v15ds_growth_seed_1301_p1,0,1,0,0,0,v15ds_fresh_active_set_landscape_atlas_after_failed_v15dr_mapper,w32_mean_boundary_per_mass,higher_is_established,v15df_frozen_boundary_mass_no_refit,3.0,12.0,4.0,27.0,32.0,72.0,130.0,1.3793103448275863,4.0625,2.0,10.666666666666666,1.3333333333333333,5,32.0,3.8,6.0,2.4,4.0,0.6333333333333333,0.75,0.0,0.0,10.4,16.0,1.4,2.0,0.6,1.1666666666666667,1.6,3.0,2.933333333333333,4.5,0.9333333333333333,1.0,0.9333333333333333,1.0,0.3,0.75,0.3,0.75,0.0,0.0,0.43333333333333335,1.0,0.0,0.0,2.933333333333333,4.5,0.3333333333333333,0.5,0.9333333333333333,2.0,0.21055555555555555,0.41874999999999996,0.028125,0.0703125,0.20275848765432097,0.375,11.25,5.0,0.10416666666666671,0.0,3.4375000000000004,-5.520833333333334,0.9375,2.2916666666666665,0.4053819444444444,0.087890625,-0.7711829668209877,9,64.0,4.555555555555555,6.0,2.4444444444444446,4.0,0.6703703703703704,0.8333333333333334,0.0,0.0,13.333333333333334,22.0,2.111111111111111,4.0,0.8592592592592593,1.2,2.4444444444444446,4.0,2.977777777777778,4.5,0.8814814814814815,1.0,0.8814814814814815,1.0,0.35185185185185186,0.8333333333333334,0.35185185185185186,0.8333333333333334,0.0,0.0,0.36666666666666664,1.0,0.0,0.0,2.977777777777778,4.5,0.4222222222222222,0.6666666666666666,0.8592592592592593,2.0,0.23629629629629628,0.48194444444444445,0.04456018518518519,0.13020833333333334,0.1776130829903978,0.375,5.833333333333333,0.625,0.28819444444444453,0.0,1.7743055555555558,-0.18402777777777804,0.7465277777777779,-0.32638888888888895,0.36611689814814813,0.1459418402777778,-0.21791513953189307,13,96.0,4.6923076923076925,6.0,3.230769230769231,5.0,0.5256410256410257,0.8333333333333334,0.0,0.0,14.153846153846153,22.0,1.4615384615384615,4.0,1.1487179487179486,1.8,3.230769230769231,5.0,3.046153846153846,4.5,0.7333333333333334,1.0,0.7333333333333334,1.0,0.24358974358974358,0.8333333333333334,0.24358974358974358,0.8333333333333334,0.0,0.0,0.43846153846153846,1.0,0.0,0.0,3.046153846153846,4.5,0.2923076923076923,0.6666666666666666,1.8256410256410256,4.0,0.19538461538461538,0.48194444444444445,0.030849358974358976,0.13020833333333334,0.141014185660019,0.375,2.4725274725274726,3.3653846153846154,-0.486492673992674,0.0,1.7479395604395604,0.21405677655677685,-0.18887362637362637,3.7751831501831505,-0.04367941086691085,-0.006975446428571427,-0.21888929694919276,2.933333333333333,12.0,0.3031634446397188,0.03925014645577036,0.21997656707674282,0.043936731107205626,0.0046865846514352666,0.0322265625,0.23828125,0.1300881644275701,0.2373046875,0.9789103690685413,0.9789103690685413,0.9906268306971294,0.15670767428236673,0.14645577035735208,0.762528389480752,0,genealogy_intensity_index,0,v15cz_frozen_spec_no_refit,0.5900093763480728,0.6146788990825689,0.5783607592316052,0.5714285714285714,0.8747203579418344,0.8805134434553312,1.0,0.990515708358032,other_no_horizon,0,"0,19,97",12.0,32.0,72.0,130.0,40.0,98.0,58.0,10.666666666666666,1.3333333333333333,2,36,0.8,0.35745684356795465,0.19721414259365644,0.1401227737931267,-0.017136978248089296,-0.011853972429614196,-0.009756073321827957,-7.0
1024,1301,add_chord_p1,add_chord,1,18223,1037031136,1,"0,19,97",3414,8,640,1.0,1.0,nan,nan,nan,nan,nan,nan,0.0,0.0,2.0,2.0,0.0,0.0,0.0,0.0,0.0,0.0,0.0,0.0,0.0,0.0,0.0,2.0,2.0,0.5,4.5,0.0,nan,quiet_or_delayed_launch,3.0,12.0,4.0,27.0,32.0,72.0,130.0,1.3793103448275863,4.0625,2.0,10.666666666666666,1.3333333333333333,172,172,-1,0,0.0,0.0,0,0,0,no_far_shell_horizon,0.009569423502648666,0.006622516556291391,0.0,heterogeneous_genealogy,0,0,0,0,0,0,-1,-1,-1,2,3414.0,3414,-1,nan,2,2.0,2,0.5,2,v15ds_growth_seed_1301_p1,0,1,0,0,0,v15ds_fresh_active_set_landscape_atlas_after_failed_v15dr_mapper,w32_mean_boundary_per_mass,higher_is_established,v15df_frozen_boundary_mass_no_refit,3.0,12.0,4.0,27.0,32.0,72.0,130.0,1.3793103448275863,4.0625,2.0,10.666666666666666,1.3333333333333333,5,32.0,2.0,2.0,2.0,2.0,0.5,0.5,0.0,0.0,9.0,9.0,0.0,0.0,0.0,0.0,0.0,0.0,4.5,4.5,1.0,1.0,1.0,1.0,0.0,0.0,0.0,0.0,0.0,0.0,1.0,1.0,0.0,0.0,4.5,4.5,0.0,0.0,1.0,1.0,0.08750000000000001,0.08750000000000001,0.0,0.0,0.375,0.375,0.0,0.0,0.0,0.0,0.0,0.0,0.0,0.0,0.0,0.0,0.0,9,64.0,2.0,2.0,2.0,2.0,0.5,0.5,0.0,0.0,9.0,9.0,0.0,0.0,0.0,0.0,0.0,0.0,4.5,4.5,1.0,1.0,1.0,1.0,0.0,0.0,0.0,0.0,0.0,0.0,1.0,1.0,0.0,0.0,4.5,4.5,0.0,0.0,1.0,1.0,0.08750000000000001,0.08750000000000001,0.0,0.0,0.375,0.375,0.0,0.0,0.0,0.0,0.0,0.0,0.0,0.0,0.0,0.0,0.0,13,96.0,2.0,2.0,2.0,2.0,0.5,0.5,0.0,0.0,9.0,9.0,0.0,0.0,0.0,0.0,0.0,0.0,4.5,4.5,1.0,1.0,1.0,1.0,0.0,0.0,0.0,0.0,0.0,0.0,1.0,1.0,0.0,0.0,4.5,4.5,0.0,0.0,1.0,1.0,0.08750000000000001,0.08750000000000001,0.0,0.0,0.375,0.375,0.0,0.0,0.0,0.0,0.0,0.0,0.0,0.0,0.0,0.0,0.0,4.5,12.0,0.0,0.0,0.0,0.0,0.0,0.001953125,0.001953125,0.001953125,0.001953125,0.0,0.0,0.0,0.0,0.0,0.0,0,genealogy_intensity_index,0,v15cz_frozen_spec_no_refit,0.0,0.0,0.0,0.0,0.0,0.0,0.0,0.0,other_no_horizon,0,"0,19,97",12.0,32.0,72.0,130.0,40.0,98.0,58.0,10.666666666666666,1.3333333333333333,2,36,0.8,0.35745684356795465,0.19721414259365644,0.1401227737931267,-0.017136978248089296,-0.011853972429614196,-0.009756073321827957,-7.0
1024,1301,add_chord_p1,add_chord,1,18289,1037031202,1,"0,19,97",3414,8,640,0.38372093023255816,0.6046511627906976,2272.0,2464.0,2744.0,2240.0,nan,nan,0.0,0.0,2.0,2.0,0.0,0.0,0.0,0.0,0.0,0.0,0.0,0.0,0.0,0.26535302478786704,2.099667185583895,2.0,2.0,0.5,4.5,0.0,nan,quiet_or_delayed_launch,3.0,12.0,4.0,27.0,32.0,72.0,130.0,1.3793103448275863,4.0625,2.0,10.666666666666666,1.3333333333333333,172,172,-1,0,0.0,0.0,0,0,0,no_far_shell_horizon,0.010204216087728226,0.006622516556291391,0.0,split_persistent_dual,6,7,25,16,4,54,2792,2240,2216,11,321.8235294117647,3112,622,2.0,35,5.731308411214953,35,1.0,9,v15ds_growth_seed_1301_p1,0,1,0,0,0,v15ds_fresh_active_set_landscape_atlas_after_failed_v15dr_mapper,w32_mean_boundary_per_mass,higher_is_established,v15df_frozen_boundary_mass_no_refit,3.0,12.0,4.0,27.0,32.0,72.0,130.0,1.3793103448275863,4.0625,2.0,10.666666666666666,1.3333333333333333,5,32.0,2.0,2.0,2.0,2.0,0.5,0.5,0.0,0.0,9.0,9.0,0.0,0.0,0.0,0.0,0.0,0.0,4.5,4.5,1.0,1.0,1.0,1.0,0.0,0.0,0.0,0.0,0.0,0.0,1.0,1.0,0.0,0.0,4.5,4.5,0.0,0.0,1.0,1.0,0.08750000000000001,0.08750000000000001,0.0,0.0,0.375,0.375,0.0,0.0,0.0,0.0,0.0,0.0,0.0,0.0,0.0,0.0,0.0,9,64.0,2.0,2.0,2.0,2.0,0.5,0.5,0.0,0.0,9.0,9.0,0.0,0.0,0.0,0.0,0.0,0.0,4.5,4.5,1.0,1.0,1.0,1.0,0.0,0.0,0.0,0.0,0.0,0.0,1.0,1.0,0.0,0.0,4.5,4.5,0.0,0.0,1.0,1.0,0.08750000000000001,0.08750000000000001,0.0,0.0,0.375,0.375,0.0,0.0,0.0,0.0,0.0,0.0,0.0,0.0,0.0,0.0,0.0,13,96.0,2.0,2.0,2.0,2.0,0.5,0.5,0.0,0.0,9.0,9.0,0.0,0.0,0.0,0.0,0.0,0.0,4.5,4.5,1.0,1.0,1.0,1.0,0.0,0.0,0.0,0.0,0.0,0.0,1.0,1.0,0.0,0.0,4.5,4.5,0.0,0.0,1.0,1.0,0.08750000000000001,0.08750000000000001,0.0,0.0,0.375,0.375,0.0,0.0,0.0,0.0,0.0,0.0,0.0,0.0,0.0,0.0,0.0,4.5,12.0,0.015817223198594025,0.0017574692442882249,0.01200937316930287,0.002050380785002929,0.0011716461628588166,0.0107421875,0.0341796875,0.005596980870327103,0.0341796875,0.18219097832454598,0.182190978324546,0.34387814879906264,0.00908025776215583,0.006736965436438196,0.06542862843938996,0,genealogy_intensity_index,0,v15cz_frozen_spec_no_refit,0.0096330389706695,0.027522935779816512,0.008143881240061799,0.047619047619047616,0.056487695749440715,0.0035554112205072675,0.18611609814482344,0.18435091879075283,other_no_horizon,0,"0,19,97",12.0,32.0,72.0,130.0,40.0,98.0,58.0,10.666666666666666,1.3333333333333333,2,36,0.8,0.35745684356795465,0.19721414259365644,0.1401227737931267,-0.017136978248089296,-0.011853972429614196,-0.009756073321827957,-7.0
1024,1301,add_chord_p2,add_chord,2,18107,1037032020,1,"40,67,510",3414,8,640,0.0,0.9651162790697675,304.0,344.0,480.0,328.0,1008.0,1144.0,0.0,0.0,9.061728395061728,35.0,0.08373059950164806,0.2903225806451613,0.10218331951377141,0.45714285714285713,1.4145703334136288,5.171428571428572,0.000642297405023195,0.007933429256982835,0.026894196025293585,0.7720039191973564,7.329676065567147,2.728395061728395,8.0,0.6475646181372163,4.870072082011871,0.0,2.449122807017544,early_outer_mass_without_high,3.0,8.0,5.0,10.0,21.0,58.0,116.0,2.0555555555555554,5.523809523809524,2.0,6.666666666666667,1.3333333333333333,172,0,171,172,1.0,1.0,172,0,172,established_far_shell_horizon,0.008189665205650423,0.006622516556291391,0.0,split_persistent_dual,117,136,318,275,9,846,520,328,304,29,115.56631578947369,3414,2894,2.0,175,91.45794392523365,175,1.0,25,v15ds_growth_seed_1301_p2,0,1,0,0,0,v15ds_fresh_active_set_landscape_atlas_after_failed_v15dr_mapper,w32_mean_boundary_per_mass,higher_is_established,v15df_frozen_boundary_mass_no_refit,3.0,8.0,5.0,10.0,21.0,58.0,116.0,2.0555555555555554,5.523809523809524,2.0,6.666666666666667,1.3333333333333333,5,32.0,2.0,2.0,2.0,2.0,0.5,0.5,0.0,0.0,14.0,14.0,0.0,0.0,0.0,0.0,0.0,0.0,7.0,7.0,1.0,1.0,1.0,1.0,0.0,0.0,0.0,0.0,0.0,0.0,1.0,1.0,0.0,0.0,7.0,7.0,0.0,0.0,1.0,1.0,0.12916666666666668,0.12916666666666668,0.0,0.0,0.5833333333333334,0.5833333333333334,0.0,0.0,0.0,0.0,0.0,0.0,0.0,0.0,0.0,0.0,0.0,9,64.0,2.0,2.0,2.0,2.0,0.5,0.5,0.0,0.0,14.0,14.0,0.0,0.0,0.0,0.0,0.0,0.0,7.0,7.0,1.0,1.0,1.0,1.0,0.0,0.0,0.0,0.0,0.0,0.0,1.0,1.0,0.0,0.0,7.0,7.0,0.0,0.0,1.0,1.0,0.12916666666666668,0.12916666666666668,0.0,0.0,0.5833333333333334,0.5833333333333334,0.0,0.0,0.0,0.0,0.0,0.0,0.0,0.0,0.0,0.0,0.0,13,96.0,2.0,2.0,2.0,2.0,0.5,0.5,0.0,0.0,14.0,14.0,0.0,0.0,0.0,0.0,0.0,0.0,7.0,7.0,1.0,1.0,1.0,1.0,0.0,0.0,0.0,0.0,0.0,0.0,1.0,1.0,0.0,0.0,7.0,7.0,0.0,0.0,1.0,1.0,0.12916666666666668,0.12916666666666668,0.0,0.0,0.5833333333333334,0.5833333333333334,0.0,0.0,0.0,0.0,0.0,0.0,0.0,0.0,0.0,0.0,0.0,7.0,8.0,0.2478031634446397,0.03427065026362039,0.17369654364381956,0.03983596953719976,0.0026362038664323375,0.0283203125,0.1708984375,0.08931439836448599,0.1708984375,0.8476859988283538,0.8476859988283538,0.9039250146455771,0.1274165202108963,0.12038664323374342,0.6080135531744892,1,genealogy_intensity_index,0,v15cz_frozen_spec_no_refit,0.4781937517157291,0.5366972477064221,0.45146742581940263,0.47619047619047616,0.604586129753915,0.5932892350274009,0.8659485338120885,0.8577356253704802,other_established,0,"40,67,510",8.0,21.0,58.0,116.0,37.0,95.0,58.0,6.666666666666667,1.3333333333333333,2,29,0.6120689655172413,0.33356261022927686,0.20079597069084346,0.1490326875411717,-0.016763668430335055,-0.013053807617501217,-0.010655738707034262,-12.0
1024,1301,add_chord_p2,add_chord,2,18161,1037032074,1,"40,67,510",3414,8,640,0.005813953488372093,0.9709302325581395,112.0,192.0,424.0,672.0,3176.0,nan,0.0,0.0,6.938271604938271,15.0,0.1369795156832194,0.46153846153846156,0.0,0.0,0.657531460309238,1.3846153846153846,0.0,0.002130854433318864,0.004703026196928636,0.5026253821432718,5.557981476354994,1.6666666666666667,3.0,0.85342743676077,4.056178012659494,0.0,2.3954954954954957,inner_gate_load_without_outer_horizon,3.0,8.0,5.0,10.0,21.0,58.0,116.0,2.0555555555555554,5.523809523809524,2.0,6.666666666666667,1.3333333333333333,172,172,-1,0,0.0,0.0,0,31,0,no_far_shell_horizon,0.0011402310697554098,0.006622516556291391,0.0,split_persistent_dual,29,32,142,118,3,321,656,112,136,24,148.17486338797815,3302,2758,2.0,101,38.48364485981308,99,1.0,18,v15ds_growth_seed_1301_p2,0,1,0,0,0,v15ds_fresh_active_set_landscape_atlas_after_failed_v15dr_mapper,w32_mean_boundary_per_mass,higher_is_established,v15df_frozen_boundary_mass_no_refit,3.0,8.0,5.0,10.0,21.0,58.0,116.0,2.0555555555555554,5.523809523809524,2.0,6.666666666666667,1.3333333333333333,5,32.0,2.0,2.0,2.0,2.0,0.5,0.5,0.0,0.0,14.0,14.0,0.0,0.0,0.0,0.0,0.0,0.0,7.0,7.0,1.0,1.0,1.0,1.0,0.0,0.0,0.0,0.0,0.0,0.0,1.0,1.0,0.0,0.0,7.0,7.0,0.0,0.0,1.0,1.0,0.12916666666666668,0.12916666666666668,0.0,0.0,0.5833333333333334,0.5833333333333334,0.0,0.0,0.0,0.0,0.0,0.0,0.0,0.0,0.0,0.0,0.0,9,64.0,2.0,2.0,2.0,2.0,0.5,0.5,0.0,0.0,14.0,14.0,0.0,0.0,0.0,0.0,0.0,0.0,7.0,7.0,1.0,1.0,1.0,1.0,0.0,0.0,0.0,0.0,0.0,0.0,1.0,1.0,0.0,0.0,7.0,7.0,0.0,0.0,1.0,1.0,0.12916666666666668,0.12916666666666668,0.0,0.0,0.5833333333333334,0.5833333333333334,0.0,0.0,0.0,0.0,0.0,0.0,0.0,0.0,0.0,0.0,0.0,13,96.0,2.0,2.0,2.0,2.0,0.5,0.5,0.0,0.0,14.0,14.0,0.0,0.0,0.0,0.0,0.0,0.0,7.0,7.0,1.0,1.0,1.0,1.0,0.0,0.0,0.0,0.0,0.0,0.0,1.0,1.0,0.0,0.0,7.0,7.0,0.0,0.0,1.0,1.0,0.12916666666666668,0.12916666666666668,0.0,0.0,0.5833333333333334,0.5833333333333334,0.0,0.0,0.0,0.0,0.0,0.0,0.0,0.0,0.0,0.0,0.0,7.0,8.0,0.09402460456942004,0.00849443468072642,0.07615700058582309,0.009373169302870533,0.0008787346221441124,0.0234375,0.0986328125,0.037581684433411214,0.0966796875,0.8078500292911541,0.8078500292911541,0.9671939074399531,0.05008787346221441,0.043936731107205626,0.37852725300752954,0,genealogy_intensity_index,0,v15cz_frozen_spec_no_refit,0.16759479440366307,0.13302752293577982,0.18402767881773507,0.35714285714285715,0.3148769574944072,0.22886648865434758,0.8252543387193297,0.8174273858921163,p2_no_horizon,0,"40,67,510",8.0,21.0,58.0,116.0,37.0,95.0,58.0,6.666666666666667,1.3333333333333333,2,29,0.6120689655172413,0.33356261022927686,0.20079597069084346,0.1490326875411717,-0.016763668430335055,-0.013053807617501217,-0.010655738707034262,-12.0
1024,1301,add_chord_p2,add_chord,2,18223,1037032136,1,"40,67,510",3414,8,640,0.0,0.9709302325581395,48.0,80.0,104.0,136.0,nan,184.0,0.7160493827160493,0.7160493827160493,26.382716049382715,52.0,0.09367017159771492,0.3333333333333333,0.6230670501649482,0.8709677419354839,5.981400019081303,8.368421052631579,0.0014418846688666377,0.012015055606199643,0.018877032520325205,0.8790701325994894,7.999510291220632,10.962962962962964,21.0,0.3557076956439237,4.530006485955396,0.2716049382716049,2.2657276995305162,early_high_launch,3.0,8.0,5.0,10.0,21.0,58.0,116.0,2.0555555555555554,5.523809523809524,2.0,6.666666666666667,1.3333333333333333,172,0,171,172,1.0,1.0,172,0,172,established_far_shell_horizon,0.03594363828123665,0.006622516556291391,0.010446605662637755,split_persistent_dual,193,210,562,508,14,1473,184,80,160,46,108.60796139927623,3278,3230,2.0,274,156.57476635514018,268,0.8666666666666667,23,v15ds_growth_seed_1301_p2,0,1,0,0,0,v15ds_fresh_active_set_landscape_atlas_after_failed_v15dr_mapper,w32_mean_boundary_per_mass,higher_is_established,v15df_frozen_boundary_mass_no_refit,3.0,8.0,5.0,10.0,21.0,58.0,116.0,2.0555555555555554,5.523809523809524,2.0,6.666666666666667,1.3333333333333333,5,32.0,2.0,2.0,2.0,2.0,0.5,0.5,0.0,0.0,14.0,14.0,0.0,0.0,0.0,0.0,0.0,0.0,7.0,7.0,1.0,1.0,1.0,1.0,0.0,0.0,0.0,0.0,0.0,0.0,1.0,1.0,0.0,0.0,7.0,7.0,0.0,0.0,1.0,1.0,0.12916666666666668,0.12916666666666668,0.0,0.0,0.5833333333333334,0.5833333333333334,0.0,0.0,0.0,0.0,0.0,0.0,0.0,0.0,0.0,0.0,0.0,9,64.0,2.6666666666666665,4.0,2.0,2.0,0.5,0.5,0.0,0.0,14.777777777777779,21.0,0.6666666666666666,2.0,0.16666666666666666,0.5,0.3333333333333333,1.0,6.027777777777778,7.0,1.0,1.0,1.0,1.0,0.0,0.0,0.0,0.0,0.0,0.0,0.8888888888888888,1.0,0.0,0.0,6.027777777777778,7.0,0.16666666666666666,0.5,1.0,1.0,0.11296296296296297,0.12916666666666668,0.0,0.0,0.4881365740740741,0.5833333333333334,3.75,0.0,0.0,0.0,0.9375,-5.104166666666667,0.0,0.0,-0.08506944444444445,0.0,-0.5088975694444444,13,96.0,3.0,4.0,2.230769230769231,3.0,0.48717948717948717,0.5,0.0,0.0,15.461538461538462,21.0,0.7692307692307693,2.0,0.3205128205128205,0.75,0.7692307692307693,2.0,5.589743589743589,7.0,0.9358974358974359,1.0,0.9358974358974359,1.0,0.0,0.0,0.0,0.0,0.0,0.0,0.782051282051282,1.0,0.0,0.0,5.589743589743589,7.0,0.19230769230769232,0.5,1.1538461538461537,2.0,0.10758547008547009,0.12916666666666668,0.0,0.0,0.41686513235992406,0.5833333333333334,2.60989010989011,1.0302197802197801,-0.04578754578754579,0.0,0.9558150183150182,-3.6630036630036633,0.0,0.6524725274725275,-0.05289415445665446,0.0,-0.4764162011069563,7.0,8.0,0.4314586994727592,0.056531927357937904,0.31341534856473346,0.061511423550087874,0.004100761570005858,0.044921875,0.267578125,0.1529050452686916,0.26171875,0.9461042765084944,0.9461042765084944,0.9765670767428236,0.22114821323960163,0.2103104862331576,0.9207432209696282,1,genealogy_intensity_index,0,v15cz_frozen_spec_no_refit,0.8491376493055679,0.8853211009174312,0.8345567931461155,0.8809523809523809,0.9921700223713646,1.0,0.9664871334530221,0.957320687611144,other_established,0,"40,67,510",8.0,21.0,58.0,116.0,37.0,95.0,58.0,6.666666666666667,1.3333333333333333,2,29,0.6120689655172413,0.33356261022927686,0.20079597069084346,0.1490326875411717,-0.016763668430335055,-0.013053807617501217,-0.010655738707034262,-12.0
1024,1301,add_chord_p2,add_chord,2,18289,1037032202,1,"40,67,510",3414,8,640,0.7558139534883721,0.8837209302325582,1168.0,2728.0,nan,nan,nan,nan,0.0,0.0,2.0,2.0,0.0,0.0,0.0,0.0,0.0,0.0,0.0,0.0,0.0,0.0,0.44609634551495014,2.0,2.0,0.5,7.0,0.0,nan,quiet_or_delayed_launch,3.0,8.0,5.0,10.0,21.0,58.0,116.0,2.0555555555555554,5.523809523809524,2.0,6.666666666666667,1.3333333333333333,172,172,-1,0,0.0,0.0,0,0,0,no_far_shell_horizon,3.4791412395224453e-06,0.006622516556291391,0.0,split_persistent_dual,2,3,4,4,4,13,1496,1496,1480,4,817.75,3414,120,2.0,7,3.296728971962617,6,1.0,1,v15ds_growth_seed_1301_p2,0,1,0,0,0,v15ds_fresh_active_set_landscape_atlas_after_failed_v15dr_mapper,w32_mean_boundary_per_mass,higher_is_established,v15df_frozen_boundary_mass_no_refit,3.0,8.0,5.0,10.0,21.0,58.0,116.0,2.0555555555555554,5.523809523809524,2.0,6.666666666666667,1.3333333333333333,5,32.0,2.0,2.0,2.0,2.0,0.5,0.5,0.0,0.0,14.0,14.0,0.0,0.0,0.0,0.0,0.0,0.0,7.0,7.0,1.0,1.0,1.0,1.0,0.0,0.0,0.0,0.0,0.0,0.0,1.0,1.0,0.0,0.0,7.0,7.0,0.0,0.0,1.0,1.0,0.12916666666666668,0.12916666666666668,0.0,0.0,0.5833333333333334,0.5833333333333334,0.0,0.0,0.0,0.0,0.0,0.0,0.0,0.0,0.0,0.0,0.0,9,64.0,2.0,2.0,2.0,2.0,0.5,0.5,0.0,0.0,14.0,14.0,0.0,0.0,0.0,0.0,0.0,0.0,7.0,7.0,1.0,1.0,1.0,1.0,0.0,0.0,0.0,0.0,0.0,0.0,1.0,1.0,0.0,0.0,7.0,7.0,0.0,0.0,1.0,1.0,0.12916666666666668,0.12916666666666668,0.0,0.0,0.5833333333333334,0.5833333333333334,0.0,0.0,0.0,0.0,0.0,0.0,0.0,0.0,0.0,0.0,0.0,13,96.0,2.0,2.0,2.0,2.0,0.5,0.5,0.0,0.0,14.0,14.0,0.0,0.0,0.0,0.0,0.0,0.0,7.0,7.0,1.0,1.0,1.0,1.0,0.0,0.0,0.0,0.0,0.0,0.0,1.0,1.0,0.0,0.0,7.0,7.0,0.0,0.0,1.0,1.0,0.12916666666666668,0.12916666666666668,0.0,0.0,0.5833333333333334,0.5833333333333334,0.0,0.0,0.0,0.0,0.0,0.0,0.0,0.0,0.0,0.0,0.0,7.0,8.0,0.003807850029291154,0.0005858230814294083,0.0023432923257176333,0.0008787346221441124,0.0011716461628588166,0.00390625,0.0068359375,0.003219461886682243,0.005859375,0.0351493848857645,0.5618043350908026,0.5618043350908026,0.0017574692442882249,0.002050380785002929,0.07669321061824586,0,genealogy_intensity_index,0,v15cz_frozen_spec_no_refit,0.0,0.009174311926605505,0.0,0.0,0.0,0.0,0.03590664272890485,0.5684647302904565,p2_no_horizon,0,"40,67,510",8.0,21.0,58.0,116.0,37.0,95.0,58.0,6.666666666666667,1.3333333333333333,2,29,0.6120689655172413,0.33356261022927686,0.20079597069084346,0.1490326875411717,-0.016763668430335055,-0.013053807617501217,-0.010655738707034262,-12.0
1024,1409,add_chord_p0,add_chord,0,18107,1038110020,1,"12,13,14",3414,8,640,0.0,0.8372093023255814,632.0,752.0,848.0,968.0,nan,nan,0.0,0.0,2.0246913580246915,3.0,0.0,0.0,0.0,0.0,0.008230452674897118,0.3333333333333333,0.0,7.433754893104486e-05,0.0002230126467931346,0.4378134290390448,3.607081895656516,2.0246913580246915,3.0,0.49588477366255146,7.983539094650205,0.0,nan,quiet_or_delayed_launch,3.0,9.0,7.0,11.0,26.0,91.0,196.0,2.8260869565217392,7.538461538461538,2.0,7.666666666666667,1.3333333333333333,172,172,-1,0,0.0,0.0,0,0,0,no_far_shell_horizon,0.01011444232616233,0.007575757575757576,0.0036251058907281974,split_persistent_dual,93,114,292,245,11,744,1080,632,744,29,102.57756563245823,2086,2334,2.0,156,58.81308411214953,156,0.7557251908396947,23,v15ds_growth_seed_1409_p0,0,1,0,0,0,v15ds_fresh_active_set_landscape_atlas_after_failed_v15dr_mapper,w32_mean_boundary_per_mass,higher_is_established,v15df_frozen_boundary_mass_no_refit,3.0,9.0,7.0,11.0,26.0,91.0,196.0,2.8260869565217392,7.538461538461538,2.0,7.666666666666667,1.3333333333333333,5,32.0,2.0,2.0,2.0,2.0,0.5,0.5,0.0,0.0,16.0,16.0,0.0,0.0,0.0,0.0,0.0,0.0,8.0,8.0,1.0,1.0,1.0,1.0,0.0,0.0,0.0,0.0,0.0,0.0,1.0,1.0,0.0,0.0,8.0,8.0,0.0,0.0,1.0,1.0,0.14583333333333334,0.14583333333333334,0.0,0.0,0.6666666666666666,0.6666666666666666,0.0,0.0,0.0,0.0,0.0,0.0,0.0,0.0,0.0,0.0,0.0,9,64.0,2.0,2.0,2.0,2.0,0.5,0.5,0.0,0.0,16.0,16.0,0.0,0.0,0.0,0.0,0.0,0.0,8.0,8.0,1.0,1.0,1.0,1.0,0.0,0.0,0.0,0.0,0.0,0.0,1.0,1.0,0.0,0.0,8.0,8.0,0.0,0.0,1.0,1.0,0.14583333333333334,0.14583333333333334,0.0,0.0,0.6666666666666666,0.6666666666666666,0.0,0.0,0.0,0.0,0.0,0.0,0.0,0.0,0.0,0.0,0.0,13,96.0,2.0,2.0,2.0,2.0,0.5,0.5,0.0,0.0,16.0,16.0,0.0,0.0,0.0,0.0,0.0,0.0,8.0,8.0,1.0,1.0,1.0,1.0,0.0,0.0,0.0,0.0,0.0,0.0,1.0,1.0,0.0,0.0,8.0,8.0,0.0,0.0,1.0,1.0,0.14583333333333334,0.14583333333333334,0.0,0.0,0.6666666666666666,0.6666666666666666,0.0,0.0,0.0,0.0,0.0,0.0,0.0,0.0,0.0,0.0,0.0,8.0,9.0,0.2179261862917399,0.027240773286467488,0.15729349736379614,0.033391915641476276,0.003222026947861746,0.0283203125,0.15234375,0.05743465245327103,0.15234375,0.6836555360281195,0.6836555360281196,0.814879906268307,0.1127709431751611,0.1051552431165788,0.5020251181873439,0,genealogy_intensity_index,0,v15cz_frozen_spec_no_refit,0.4178488114379563,0.426605504587156,0.40649257347077383,0.47619047619047616,0.5302013422818792,0.3687175148172699,0.6983842010771992,0.6917605216360404,p0_no_horizon_other,0,"12,13,14",9.0,26.0,91.0,196.0,65.0,170.0,105.0,7.666666666666667,1.3333333333333333,2,55,0.7806122448979592,0.3779070993983275,0.21841594358029207,0.15250465446748399,-0.014997726850797033,-0.013519568115334751,-0.011756949533060668,-14.0
1024,1409,add_chord_p0,add_chord,0,18161,1038110074,1,"12,13,14",3414,8,640,0.0,0.9011627906976745,744.0,680.0,744.0,752.0,nan,nan,0.0,0.0,2.0,2.0,0.0,0.0,0.0,0.0,0.0,0.0,0.0,0.0,0.0,0.3982037491628276,3.7691936347872566,2.0,2.0,0.5,8.0,0.0,nan,quiet_or_delayed_launch,3.0,9.0,7.0,11.0,26.0,91.0,196.0,2.8260869565217392,7.538461538461538,2.0,7.666666666666667,1.3333333333333333,172,172,-1,0,0.0,0.0,0,0,0,no_far_shell_horizon,0.02364260247297638,0.007575757575757576,0.0,split_persistent_dual,65,69,258,233,4,625,848,728,840,34,136.95043731778426,3414,2566,2.0,145,61.97196261682243,144,0.8333333333333334,25,v15ds_growth_seed_1409_p0,0,1,0,0,0,v15ds_fresh_active_set_landscape_atlas_after_failed_v15dr_mapper,w32_mean_boundary_per_mass,higher_is_established,v15df_frozen_boundary_mass_no_refit,3.0,9.0,7.0,11.0,26.0,91.0,196.0,2.8260869565217392,7.538461538461538,2.0,7.666666666666667,1.3333333333333333,5,32.0,2.0,2.0,2.0,2.0,0.5,0.5,0.0,0.0,16.0,16.0,0.0,0.0,0.0,0.0,0.0,0.0,8.0,8.0,1.0,1.0,1.0,1.0,0.0,0.0,0.0,0.0,0.0,0.0,1.0,1.0,0.0,0.0,8.0,8.0,0.0,0.0,1.0,1.0,0.14583333333333334,0.14583333333333334,0.0,0.0,0.6666666666666666,0.6666666666666666,0.0,0.0,0.0,0.0,0.0,0.0,0.0,0.0,0.0,0.0,0.0,9,64.0,2.0,2.0,2.0,2.0,0.5,0.5,0.0,0.0,16.0,16.0,0.0,0.0,0.0,0.0,0.0,0.0,8.0,8.0,1.0,1.0,1.0,1.0,0.0,0.0,0.0,0.0,0.0,0.0,1.0,1.0,0.0,0.0,8.0,8.0,0.0,0.0,1.0,1.0,0.14583333333333334,0.14583333333333334,0.0,0.0,0.6666666666666666,0.6666666666666666,0.0,0.0,0.0,0.0,0.0,0.0,0.0,0.0,0.0,0.0,0.0,13,96.0,2.0,2.0,2.0,2.0,0.5,0.5,0.0,0.0,16.0,16.0,0.0,0.0,0.0,0.0,0.0,0.0,8.0,8.0,1.0,1.0,1.0,1.0,0.0,0.0,0.0,0.0,0.0,0.0,1.0,1.0,0.0,0.0,8.0,8.0,0.0,0.0,1.0,1.0,0.14583333333333334,0.14583333333333334,0.0,0.0,0.6666666666666666,0.6666666666666666,0.0,0.0,0.0,0.0,0.0,0.0,0.0,0.0,0.0,0.0,0.0,8.0,9.0,0.1830697129466901,0.019039250146455772,0.14381956649091973,0.020210896309314587,0.0011716461628588166,0.033203125,0.1416015625,0.060519494742990655,0.140625,0.7516110134739309,0.7516110134739309,0.7867603983596954,0.09461042765084944,0.08845928529584066,0.5020385698051674,0,genealogy_intensity_index,0,v15cz_frozen_spec_no_refit,0.34744638111388804,0.29816513761467894,0.3695489447558288,0.5952380952380952,0.4871364653243848,0.390448188001073,0.7678037103530819,0.7605216360403083,p0_no_horizon_other,0,"12,13,14",9.0,26.0,91.0,196.0,65.0,170.0,105.0,7.666666666666667,1.3333333333333333,2,55,0.7806122448979592,0.3779070993983275,0.21841594358029207,0.15250465446748399,-0.014997726850797033,-0.013519568115334751,-0.011756949533060668,-14.0
1024,1409,add_chord_p0,add_chord,0,18223,1038110136,1,"12,13,14",3414,8,640,0.0,0.9418604651162791,64.0,72.0,88.0,216.0,nan,nan,0.0,0.0,13.765432098765432,40.0,0.2556037851296987,0.5,0.2707876474031255,0.5862068965517241,2.2998875113970074,4.5,0.0010866538726281919,0.00702246401445456,0.01809789972899729,0.5186375340589509,3.9448198109410977,6.185185185185185,11.0,0.3599454542411223,5.316463417651621,0.0,5.95078125,early_outer_mass_without_high,3.0,9.0,7.0,11.0,26.0,91.0,196.0,2.8260869565217392,7.538461538461538,2.0,7.666666666666667,1.3333333333333333,172,172,-1,0,0.0,0.0,0,0,0,no_far_shell_horizon,0.021719183484857102,0.007575757575757576,0.027465531062901682,split_persistent_dual,100,110,389,347,8,946,88,72,72,39,115.86206896551724,3414,3326,2.0,193,102.99766355140187,193,0.8421052631578947,20,v15ds_growth_seed_1409_p0,0,1,0,0,0,v15ds_fresh_active_set_landscape_atlas_after_failed_v15dr_mapper,w32_mean_boundary_per_mass,higher_is_established,v15df_frozen_boundary_mass_no_refit,3.0,9.0,7.0,11.0,26.0,91.0,196.0,2.8260869565217392,7.538461538461538,2.0,7.666666666666667,1.3333333333333333,5,32.0,2.0,2.0,2.0,2.0,0.5,0.5,0.0,0.0,16.0,16.0,0.0,0.0,0.0,0.0,0.0,0.0,8.0,8.0,1.0,1.0,1.0,1.0,0.0,0.0,0.0,0.0,0.0,0.0,1.0,1.0,0.0,0.0,8.0,8.0,0.0,0.0,1.0,1.0,0.14583333333333334,0.14583333333333334,0.0,0.0,0.6666666666666666,0.6666666666666666,0.0,0.0,0.0,0.0,0.0,0.0,0.0,0.0,0.0,0.0,0.0,9,64.0,2.111111111111111,3.0,2.0,2.0,0.5185185185185185,0.6666666666666666,0.0,0.0,17.88888888888889,33.0,0.1111111111111111,1.0,0.037037037037037035,0.3333333333333333,0.1111111111111111,1.0,8.333333333333334,11.0,1.0,1.0,1.0,1.0,0.0,0.0,0.0,0.0,0.0,0.0,1.0,1.0,0.0,0.0,8.333333333333334,11.0,0.037037037037037035,0.3333333333333333,0.962962962962963,1.0,0.15092592592592594,0.19166666666666668,0.0,0.0,0.6859567901234568,0.8402777777777777,0.8333333333333334,0.0,0.13888888888888884,0.0,0.27777777777777773,2.5,0.0,-0.2777777777777777,0.03819444444444445,0.0,0.14467592592592587,13,96.0,2.6923076923076925,4.0,2.3076923076923075,4.0,0.5128205128205128,0.75,0.0,0.0,21.46153846153846,36.0,0.38461538461538464,2.0,0.27564102564102566,1.25,0.8461538461538461,3.0,8.038461538461538,11.0,0.8846153846153846,1.0,0.9038461538461539,1.0,0.0,0.0,0.0,0.0,0.0,0.0,0.9615384615384616,1.0,0.0,0.0,8.038461538461538,11.0,0.10256410256410256,0.5,1.205128205128205,3.0,0.14903846153846154,0.19166666666666668,0.0,0.0,0.5840177617521367,0.8402777777777777,2.60989010989011,1.510989010989011,-0.045787545787545784,0.0,1.1446886446886448,-0.8070054945054946,0.0,1.22481684981685,0.0018601190476190488,0.0,-0.4032642704517704,8.0,9.0,0.27709431751611013,0.029291154071470416,0.21558289396602226,0.03222026947861746,0.0023432923257176333,0.0380859375,0.1884765625,0.10058365581191589,0.1884765625,0.974223784417106,0.974223784417106,0.9789103690685413,0.14323374340949033,0.1338605741066198,0.7006732911912135,0,genealogy_intensity_index,0,v15cz_frozen_spec_no_refit,0.5373554578704083,0.45871559633027525,0.5663139237810796,0.7142857142857143,0.6750559284116331,0.6726736986774036,0.9952124476361459,0.985773562537048,p0_high_score_no_horizon,1,"12,13,14",9.0,26.0,91.0,196.0,65.0,170.0,105.0,7.666666666666667,1.3333333333333333,2,55,0.7806122448979592,0.3779070993983275,0.21841594358029207,0.15250465446748399,-0.014997726850797033,-0.013519568115334751,-0.011756949533060668,-14.0
1024,1409,add_chord_p0,add_chord,0,18289,1038110202,1,"12,13,14",3414,8,640,0.0,0.9593023255813954,160.0,136.0,136.0,112.0,nan,nan,0.0,0.0,35.0,67.0,0.2288150006494672,0.42424242424242425,0.46648616642886487,0.8,3.3487211554648084,4.769230769230769,0.0006407211167778495,0.005444732450823359,0.014617208672086721,0.5979180270317203,4.30008659535415,12.518518518518519,21.0,0.3969114211989943,3.929144199422654,0.5185185185185185,4.2923748020152575,early_outer_mass_without_high,3.0,9.0,7.0,11.0,26.0,91.0,196.0,2.8260869565217392,7.538461538461538,2.0,7.666666666666667,1.3333333333333333,172,172,-1,0,0.0,0.0,0,0,0,no_far_shell_horizon,0.021083711213930902,0.007575757575757576,0.10741569700445804,split_persistent_dual,175,199,553,474,6,1401,160,112,160,47,103.82244143033292,2950,3254,2.0,255,141.07943925233644,255,0.7905405405405406,37,v15ds_growth_seed_1409_p0,0,1,0,0,0,v15ds_fresh_active_set_landscape_atlas_after_failed_v15dr_mapper,w32_mean_boundary_per_mass,higher_is_established,v15df_frozen_boundary_mass_no_refit,3.0,9.0,7.0,11.0,26.0,91.0,196.0,2.8260869565217392,7.538461538461538,2.0,7.666666666666667,1.3333333333333333,5,32.0,2.0,2.0,2.0,2.0,0.5,0.5,0.0,0.0,16.0,16.0,0.0,0.0,0.0,0.0,0.0,0.0,8.0,8.0,1.0,1.0,1.0,1.0,0.0,0.0,0.0,0.0,0.0,0.0,1.0,1.0,0.0,0.0,8.0,8.0,0.0,0.0,1.0,1.0,0.14583333333333334,0.14583333333333334,0.0,0.0,0.6666666666666666,0.6666666666666666,0.0,0.0,0.0,0.0,0.0,0.0,0.0,0.0,0.0,0.0,0.0,9,64.0,2.0,2.0,2.0,2.0,0.5,0.5,0.0,0.0,16.0,16.0,0.0,0.0,0.0,0.0,0.0,0.0,8.0,8.0,1.0,1.0,1.0,1.0,0.0,0.0,0.0,0.0,0.0,0.0,1.0,1.0,0.0,0.0,8.0,8.0,0.0,0.0,1.0,1.0,0.14583333333333334,0.14583333333333334,0.0,0.0,0.6666666666666666,0.6666666666666666,0.0,0.0,0.0,0.0,0.0,0.0,0.0,0.0,0.0,0.0,0.0,13,96.0,2.0,2.0,2.0,2.0,0.5,0.5,0.0,0.0,16.0,16.0,0.0,0.0,0.0,0.0,0.0,0.0,8.0,8.0,1.0,1.0,1.0,1.0,0.0,0.0,0.0,0.0,0.0,0.0,1.0,1.0,0.0,0.0,8.0,8.0,0.0,0.0,1.0,1.0,0.14583333333333334,0.14583333333333334,0.0,0.0,0.6666666666666666,0.6666666666666666,0.0,0.0,0.0,0.0,0.0,0.0,0.0,0.0,0.0,0.0,0.0,8.0,9.0,0.4103690685413005,0.051259519625073226,0.30082015231400117,0.05828939660222613,0.0017574692442882249,0.0458984375,0.2490234375,0.1377728898948598,0.2490234375,0.9531341534856473,0.9531341534856473,0.9671939074399531,0.21323960164030462,0.1971294669009959,0.8880766005741828,0,genealogy_intensity_index,0,v15cz_frozen_spec_no_refit,0.8065412208741988,0.8027522935779816,0.8000225315212756,0.9047619047619048,0.9177852348993288,0.9346472506173495,0.9736684619988031,0.96443390634262,p0_high_score_no_horizon,1,"12,13,14",9.0,26.0,91.0,196.0,65.0,170.0,105.0,7.666666666666667,1.3333333333333333,2,55,0.7806122448979592,0.3779070993983275,0.21841594358029207,0.15250465446748399,-0.014997726850797033,-0.013519568115334751,-0.011756949533060668,-14.0
1024,1409,add_chord_p1,add_chord,1,18107,1038111020,1,"14,35,48",3414,8,640,0.0,0.9825581395348837,8.0,24.0,40.0,48.0,nan,nan,0.0,0.0,42.382716049382715,69.0,0.39017267552768575,0.5454545454545454,0.24651462314890243,0.3484848484848485,3.0775633496760015,4.222222222222222,0.0003629580251778026,0.0024648067552475324,0.006264114724480578,0.48331041741196323,4.1629522896767,10.333333333333334,25.0,0.6771540895098572,3.288080409947885,0.5061728395061729,2.491036648323094,inner_gate_load_without_outer_horizon,3.0,8.666666666666666,7.0,10.0,24.0,79.0,142.0,2.619047619047619,5.916666666666667,2.0,7.333333333333333,1.3333333333333333,172,172,-1,0,0.0,0.0,0,0,0,no_far_shell_horizon,0.035069219072730896,0.007575757575757576,0.0030069382837865427,split_persistent_dual,151,172,632,577,12,1532,24,32,16,39,86.53099415204679,3414,48,2.0,204,125.22196261682242,199,1.0,29,v15ds_growth_seed_1409_p1,0,1,0,0,0,v15ds_fresh_active_set_landscape_atlas_after_failed_v15dr_mapper,w32_mean_boundary_per_mass,higher_is_established,v15df_frozen_boundary_mass_no_refit,3.0,8.666666666666666,7.0,10.0,24.0,79.0,142.0,2.619047619047619,5.916666666666667,2.0,7.333333333333333,1.3333333333333333,5,32.0,4.4,6.0,2.2,4.0,0.7,1.0,0.0,0.0,34.4,48.0,2.2,4.0,0.5133333333333333,1.0,1.2,2.0,7.886666666666667,9.6,0.9333333333333333,1.0,0.9333333333333333,1.0,0.16666666666666669,0.8333333333333334,0.16666666666666669,0.8333333333333334,0.0,0.0,0.9666666666666667,1.0,0.0,0.0,7.886666666666667,9.6,0.42666666666666664,0.8,0.8,2.0,0.2247777777777778,0.5541666666666667,0.026041666666666668,0.13020833333333334,0.5509444444444445,0.72,13.750000000000002,5.0,0.20833333333333343,0.0,3.125,-4.166666666666667,1.0416666666666667,2.083333333333333,0.4774305555555555,0.16276041666666669,-1.119791666666667,9,64.0,7.0,13.0,3.3333333333333335,6.0,0.6482406482406482,1.0,0.2222222222222222,1.0,43.0,60.0,3.888888888888889,11.0,1.1504421504421505,2.1818181818181817,3.4444444444444446,8.0,6.736870536870537,9.6,0.8149554149554149,1.0,0.8149554149554149,1.0,0.24876974876974878,0.8333333333333334,0.24876974876974878,0.8333333333333334,0.1561771561771562,0.7692307692307693,0.8604580604580605,1.0,0.018648018648018648,0.09090909090909091,6.736870536870537,9.6,0.4779516779516779,0.8461538461538461,1.3741813741813742,3.0,0.25664051997385334,0.5541666666666667,0.05664416601916602,0.2403846153846154,0.37208670642304187,0.72,16.458333333333332,5.416666666666667,-0.08723914973914969,1.4583333333333333,3.7184135309135313,-6.3638028638028645,0.8651418026418026,2.239080364080364,0.3726341366966367,0.2601966176184926,-1.03095843118124,13,96.0,8.538461538461538,15.0,3.230769230769231,6.0,0.6893414278029663,1.0,0.6923076923076923,3.0,47.0,63.0,6.0,14.0,1.3334063372524911,2.533333333333333,3.769230769230769,8.0,6.123194753963984,9.6,0.8047593432208817,1.0,0.8047593432208817,1.0,0.4127846512461897,1.0,0.4127846512461897,1.0,0.3486820871436256,1.0,0.8496644381259766,1.0,0.05964676349291734,0.3,6.123194753963984,9.6,0.6086285509362432,1.2,1.1993749839903687,3.0,0.33238477334631183,0.6416666666666667,0.1094512058454366,0.3125,0.3158419619701794,0.72,12.087912087912088,1.3736263736263736,0.12555439066428076,2.403846153846154,2.1186814559067306,-4.658939961137763,0.9333775199159814,0.0516287741562468,0.41991330555890993,0.30018108894310813,-0.5837309431314078,7.886666666666667,8.666666666666666,0.44874048037492675,0.04422964264792033,0.3541300527240773,0.05038078500292911,0.0035149384885764497,0.0380859375,0.19921875,0.12228707286799065,0.1943359375,0.014059753954305799,0.9929701230228472,0.9906268306971294,0.22934973637961337,0.21939074399531341,0.7244029373687813,0,genealogy_intensity_index,0,v15cz_frozen_spec_no_refit,0.8840430559368286,0.6926605504587157,0.9461908016543191,0.7142857142857143,0.7181208053691275,0.8255599141539829,0.014362657091561938,1.0,other_no_horizon,0,"14,35,48",8.666666666666666,24.0,79.0,142.0,55.0,118.0,63.0,7.333333333333333,1.3333333333333333,2,48,0.6408450704225352,0.23951604600727405,0.13586064491264085,0.09957751056306981,-0.012434795954532757,-0.010060797125241244,-0.008339248094008767,-15.0
1024,1409,add_chord_p1,add_chord,1,18161,1038111074,1,"14,35,48",3414,8,640,0.0,1.0,112.0,112.0,120.0,184.0,nan,nan,0.0,0.0,25.950617283950617,66.0,0.3107228500932561,0.5,0.2105779092120402,0.3787878787878788,2.0945060147935215,3.287878787878788,0.0006356113384017956,0.00544448161257588,0.013360998193315267,0.5840229465260381,4.546424803906958,7.592592592592593,18.0,0.5401854647462613,3.6933914242651418,0.19753086419753085,2.467554014550454,early_outer_mass_without_high,3.0,8.666666666666666,7.0,10.0,24.0,79.0,142.0,2.619047619047619,5.916666666666667,2.0,7.333333333333333,1.3333333333333333,172,172,-1,0,0.0,0.0,0,0,0,no_far_shell_horizon,0.04786314226104105,0.007575757575757576,0.000998856465987149,split_persistent_dual,174,196,437,386,9,1193,208,128,208,34,97.06942392909896,3414,3206,2.0,259,144.39719626168224,259,0.8324022346368715,30,v15ds_growth_seed_1409_p1,0,1,0,0,0,v15ds_fresh_active_set_landscape_atlas_after_failed_v15dr_mapper,w32_mean_boundary_per_mass,higher_is_established,v15df_frozen_boundary_mass_no_refit,3.0,8.666666666666666,7.0,10.0,24.0,79.0,142.0,2.619047619047619,5.916666666666667,2.0,7.333333333333333,1.3333333333333333,5,32.0,2.0,2.0,2.0,2.0,0.5,0.5,0.0,0.0,17.0,17.0,0.0,0.0,0.0,0.0,0.0,0.0,8.5,8.5,1.0,1.0,1.0,1.0,0.0,0.0,0.0,0.0,0.0,0.0,1.0,1.0,0.0,0.0,8.5,8.5,0.0,0.0,1.0,1.0,0.1541666666666667,0.1541666666666667,0.0,0.0,0.7083333333333334,0.7083333333333334,0.0,0.0,0.0,0.0,0.0,0.0,0.0,0.0,0.0,0.0,0.0,9,64.0,2.0,2.0,2.0,2.0,0.5,0.5,0.0,0.0,17.0,17.0,0.0,0.0,0.0,0.0,0.0,0.0,8.5,8.5,1.0,1.0,1.0,1.0,0.0,0.0,0.0,0.0,0.0,0.0,1.0,1.0,0.0,0.0,8.5,8.5,0.0,0.0,1.0,1.0,0.1541666666666667,0.1541666666666667,0.0,0.0,0.7083333333333334,0.7083333333333334,0.0,0.0,0.0,0.0,0.0,0.0,0.0,0.0,0.0,0.0,0.0,13,96.0,2.0,2.0,2.0,2.0,0.5,0.5,0.0,0.0,17.0,17.0,0.0,0.0,0.0,0.0,0.0,0.0,8.5,8.5,1.0,1.0,1.0,1.0,0.0,0.0,0.0,0.0,0.0,0.0,1.0,1.0,0.0,0.0,8.5,8.5,0.0,0.0,1.0,1.0,0.1541666666666667,0.1541666666666667,0.0,0.0,0.7083333333333334,0.7083333333333334,0.0,0.0,0.0,0.0,0.0,0.0,0.0,0.0,0.0,0.0,0.0,8.5,8.666666666666666,0.34944346807264204,0.050966608084358524,0.24106619800820153,0.05741066198008202,0.0026362038664323375,0.033203125,0.2529296875,0.14101288697429906,0.2529296875,0.9390743995313415,0.9390743995313415,0.9625073227885179,0.17896895137668425,0.1704745166959578,0.8141878781145587,0,genealogy_intensity_index,0,v15cz_frozen_spec_no_refit,0.683484872072466,0.7981651376146789,0.636185569394128,0.5952380952380952,0.9334451901565995,0.9574708866535926,0.9593058049072412,0.9502074688796681,other_no_horizon,0,"14,35,48",8.666666666666666,24.0,79.0,142.0,55.0,118.0,63.0,7.333333333333333,1.3333333333333333,2,48,0.6408450704225352,0.23951604600727405,0.13586064491264085,0.09957751056306981,-0.012434795954532757,-0.010060797125241244,-0.008339248094008767,-15.0
1024,1409,add_chord_p1,add_chord,1,18223,1038111136,1,"14,35,48",3414,8,640,0.005813953488372093,0.9476744186046512,104.0,112.0,120.0,176.0,nan,nan,0.0,0.0,17.320987654320987,42.0,0.2649552656714602,0.5,0.13580588933038434,0.3333333333333333,1.5648657921412614,2.2962962962962963,0.00046672003036627086,0.0035066999777037854,0.011543021680216802,0.4230232335465277,3.561858087396868,6.753086419753086,12.0,0.5946424370910474,4.751461788478976,0.0,3.644399340294863,inner_gate_load_without_outer_horizon,3.0,8.666666666666666,7.0,10.0,24.0,79.0,142.0,2.619047619047619,5.916666666666667,2.0,7.333333333333333,1.3333333333333333,172,172,-1,0,0.0,0.0,0,0,0,no_far_shell_horizon,0.018049631266031943,0.007575757575757576,0.0023391103020222576,split_persistent_dual,111,121,416,367,10,1015,144,112,136,32,107.24333925399645,3414,3270,2.0,203,107.79439252336448,202,0.8888888888888888,20,v15ds_growth_seed_1409_p1,0,1,0,0,0,v15ds_fresh_active_set_landscape_atlas_after_failed_v15dr_mapper,w32_mean_boundary_per_mass,higher_is_established,v15df_frozen_boundary_mass_no_refit,3.0,8.666666666666666,7.0,10.0,24.0,79.0,142.0,2.619047619047619,5.916666666666667,2.0,7.333333333333333,1.3333333333333333,5,32.0,2.0,2.0,2.0,2.0,0.5,0.5,0.0,0.0,17.0,17.0,0.0,0.0,0.0,0.0,0.0,0.0,8.5,8.5,1.0,1.0,1.0,1.0,0.0,0.0,0.0,0.0,0.0,0.0,1.0,1.0,0.0,0.0,8.5,8.5,0.0,0.0,1.0,1.0,0.1541666666666667,0.1541666666666667,0.0,0.0,0.7083333333333334,0.7083333333333334,0.0,0.0,0.0,0.0,0.0,0.0,0.0,0.0,0.0,0.0,0.0,9,64.0,2.0,2.0,2.0,2.0,0.5,0.5,0.0,0.0,17.0,17.0,0.0,0.0,0.0,0.0,0.0,0.0,8.5,8.5,1.0,1.0,1.0,1.0,0.0,0.0,0.0,0.0,0.0,0.0,1.0,1.0,0.0,0.0,8.5,8.5,0.0,0.0,1.0,1.0,0.1541666666666667,0.1541666666666667,0.0,0.0,0.7083333333333334,0.7083333333333334,0.0,0.0,0.0,0.0,0.0,0.0,0.0,0.0,0.0,0.0,0.0,13,96.0,2.0,2.0,2.0,2.0,0.5,0.5,0.0,0.0,17.0,17.0,0.0,0.0,0.0,0.0,0.0,0.0,8.5,8.5,1.0,1.0,1.0,1.0,0.0,0.0,0.0,0.0,0.0,0.0,1.0,1.0,0.0,0.0,8.5,8.5,0.0,0.0,1.0,1.0,0.1541666666666667,0.1541666666666667,0.0,0.0,0.7083333333333334,0.7083333333333334,0.0,0.0,0.0,0.0,0.0,0.0,0.0,0.0,0.0,0.0,0.0,8.5,8.666666666666666,0.29730521382542474,0.03251318101933216,0.22934973637961337,0.035442296426479204,0.0029291154071470417,0.03125,0.1982421875,0.10526796144859812,0.197265625,0.9578207381370826,0.9578207381370826,0.9671939074399531,0.1543643819566491,0.14294083186877563,0.7008175607043082,0,genealogy_intensity_index,0,v15cz_frozen_spec_no_refit,0.578177035117137,0.5091743119266056,0.6040606748593931,0.5476190476190477,0.7142058165548099,0.7056715330312111,0.9784560143626571,0.969176052163604,other_no_horizon,0,"14,35,48",8.666666666666666,24.0,79.0,142.0,55.0,118.0,63.0,7.333333333333333,1.3333333333333333,2,48,0.6408450704225352,0.23951604600727405,0.13586064491264085,0.09957751056306981,-0.012434795954532757,-0.010060797125241244,-0.008339248094008767,-15.0
1024,1409,add_chord_p1,add_chord,1,18289,1038111202,1,"14,35,48",3414,8,640,0.01744186046511628,0.7267441860465116,960.0,976.0,1096.0,1040.0,nan,nan,0.0,0.0,2.0,2.0,0.0,0.0,0.0,0.0,0.0,0.0,0.0,0.0,0.0,0.14989513179935787,2.215477751942651,2.0,2.0,0.5,8.598765432098766,0.0,nan,quiet_or_delayed_launch,3.0,8.666666666666666,7.0,10.0,24.0,79.0,142.0,2.619047619047619,5.916666666666667,2.0,7.333333333333333,1.3333333333333333,172,172,-1,0,0.0,0.0,0,0,0,no_far_shell_horizon,0.0013507253460711857,0.007575757575757576,0.0018428759144118298,split_persistent_dual,21,27,76,54,8,178,1072,968,1096,15,162.43564356435644,3414,2342,2.0,79,27.27102803738318,75,0.9736842105263158,13,v15ds_growth_seed_1409_p1,0,1,0,0,0,v15ds_fresh_active_set_landscape_atlas_after_failed_v15dr_mapper,w32_mean_boundary_per_mass,higher_is_established,v15df_frozen_boundary_mass_no_refit,3.0,8.666666666666666,7.0,10.0,24.0,79.0,142.0,2.619047619047619,5.916666666666667,2.0,7.333333333333333,1.3333333333333333,5,32.0,2.0,2.0,2.0,2.0,0.5,0.5,0.0,0.0,17.0,17.0,0.0,0.0,0.0,0.0,0.0,0.0,8.5,8.5,1.0,1.0,1.0,1.0,0.0,0.0,0.0,0.0,0.0,0.0,1.0,1.0,0.0,0.0,8.5,8.5,0.0,0.0,1.0,1.0,0.1541666666666667,0.1541666666666667,0.0,0.0,0.7083333333333334,0.7083333333333334,0.0,0.0,0.0,0.0,0.0,0.0,0.0,0.0,0.0,0.0,0.0,9,64.0,2.0,2.0,2.0,2.0,0.5,0.5,0.0,0.0,17.0,17.0,0.0,0.0,0.0,0.0,0.0,0.0,8.5,8.5,1.0,1.0,1.0,1.0,0.0,0.0,0.0,0.0,0.0,0.0,1.0,1.0,0.0,0.0,8.5,8.5,0.0,0.0,1.0,1.0,0.1541666666666667,0.1541666666666667,0.0,0.0,0.7083333333333334,0.7083333333333334,0.0,0.0,0.0,0.0,0.0,0.0,0.0,0.0,0.0,0.0,0.0,13,96.0,2.0,2.0,2.0,2.0,0.5,0.5,0.0,0.0,17.0,17.0,0.0,0.0,0.0,0.0,0.0,0.0,8.5,8.5,1.0,1.0,1.0,1.0,0.0,0.0,0.0,0.0,0.0,0.0,1.0,1.0,0.0,0.0,8.5,8.5,0.0,0.0,1.0,1.0,0.1541666666666667,0.1541666666666667,0.0,0.0,0.7083333333333334,0.7083333333333334,0.0,0.0,0.0,0.0,0.0,0.0,0.0,0.0,0.0,0.0,0.0,8.5,8.666666666666666,0.05213825424721734,0.006151142355008787,0.038078500292911543,0.007908611599297012,0.0023432923257176333,0.0146484375,0.0771484375,0.02663186331775701,0.0732421875,0.6859988283538372,0.6859988283538372,0.7164616285881664,0.028412419449326303,0.023725834797891036,0.2721489702869522,0,genealogy_intensity_index,0,v15cz_frozen_spec_no_refit,0.08299355460247175,0.0963302752293578,0.07962177157984683,0.14285714285714285,0.22874720357941836,0.151732242641721,0.7007779772591263,0.6941315945465324,other_no_horizon,0,"14,35,48",8.666666666666666,24.0,79.0,142.0,55.0,118.0,63.0,7.333333333333333,1.3333333333333333,2,48,0.6408450704225352,0.23951604600727405,0.13586064491264085,0.09957751056306981,-0.012434795954532757,-0.010060797125241244,-0.008339248094008767,-15.0
1024,1409,add_chord_p2,add_chord,2,18107,1038112020,1,"83,97,371",3414,8,640,0.029069767441860465,0.9883720930232558,72.0,136.0,112.0,120.0,784.0,nan,0.0,0.0,24.555555555555557,46.0,0.1320829244391184,0.3125,0.5297306546914539,0.8043478260869565,3.199737497054017,4.72093023255814,0.0012376066577967251,0.006702453094985534,0.009075767841011743,0.8862327202675179,5.495875585824047,7.172839506172839,15.0,0.5524431610897963,2.592640641027627,0.1111111111111111,6.2438877043354655,early_outer_mass_without_high,3.0,3.0,2.0,4.0,8.0,13.0,20.0,1.0,2.5,2.0,1.6666666666666667,1.3333333333333333,172,172,-1,0,0.0,0.0,0,172,0,no_far_shell_horizon,0.0888742616884173,0.007575757575757576,0.0036251058907281974,split_persistent_dual,94,127,286,232,11,739,152,112,152,26,100.65384615384616,3262,3262,2.0,175,104.08878504672897,173,0.9090909090909091,16,v15ds_growth_seed_1409_p2,0,1,0,0,0,v15ds_fresh_active_set_landscape_atlas_after_failed_v15dr_mapper,w32_mean_boundary_per_mass,higher_is_established,v15df_frozen_boundary_mass_no_refit,3.0,3.0,2.0,4.0,8.0,13.0,20.0,1.0,2.5,2.0,1.6666666666666667,1.3333333333333333,5,32.0,2.0,2.0,2.0,2.0,0.5,0.5,0.0,0.0,7.0,7.0,0.0,0.0,0.0,0.0,0.0,0.0,3.5,3.5,1.0,1.0,1.0,1.0,0.0,0.0,0.0,0.0,0.0,0.0,0.5,0.5,0.0,0.0,3.5,3.5,0.0,0.0,1.0,1.0,0.07083333333333335,0.07083333333333335,0.0,0.0,0.2916666666666667,0.2916666666666667,0.0,0.0,0.0,0.0,0.0,0.0,0.0,0.0,0.0,0.0,0.0,9,64.0,2.0,2.0,2.0,2.0,0.5,0.5,0.0,0.0,7.0,7.0,0.0,0.0,0.0,0.0,0.0,0.0,3.5,3.5,1.0,1.0,1.0,1.0,0.0,0.0,0.0,0.0,0.0,0.0,0.5,0.5,0.0,0.0,3.5,3.5,0.0,0.0,1.0,1.0,0.07083333333333335,0.07083333333333335,0.0,0.0,0.2916666666666667,0.2916666666666667,0.0,0.0,0.0,0.0,0.0,0.0,0.0,0.0,0.0,0.0,0.0,13,96.0,2.3846153846153846,4.0,2.0,2.0,0.5576923076923077,0.75,0.0,0.0,6.769230769230769,7.0,0.38461538461538464,2.0,0.11538461538461538,0.5,0.3076923076923077,1.0,3.019230769230769,3.5,1.0,1.0,1.0,1.0,0.0,0.0,0.0,0.0,0.0,0.0,0.34615384615384615,0.5,0.0,0.0,3.019230769230769,3.5,0.11538461538461538,0.5,0.8846153846153846,1.0,0.06137820512820514,0.07083333333333335,0.0,0.0,0.24699519230769232,0.2916666666666667,1.6483516483516485,0.0,0.24038461538461536,0.0,0.4807692307692308,-1.9574175824175823,0.0,-0.4807692307692307,-0.038633241758241774,0.0,-0.18207703754578758,3.5,3.0,0.21646162858816637,0.02753368482718219,0.15172817809021674,0.03719976567076743,0.003222026947861746,0.025390625,0.1708984375,0.10164920414719626,0.1689453125,0.955477445811365,0.955477445811365,0.9671939074399531,0.11130638547158758,0.1051552431165788,0.6087139586241853,0,genealogy_intensity_index,0,v15cz_frozen_spec_no_refit,0.4148907261302223,0.43119266055045874,0.39123324856677477,0.40476190476190477,0.604586129753915,0.6801797817963652,0.97606223818073,0.966804979253112,p2_no_horizon,0,"83,97,371",3.0,8.0,13.0,20.0,5.0,12.0,7.0,1.6666666666666667,1.3333333333333333,2,3,2.05,0.5277777777777778,0.40029761904761907,0.3339924156908023,-0.08472222222222225,-0.09667741402116409,-0.09522809386427902,-5.0
1024,1409,add_chord_p2,add_chord,2,18161,1038112074,1,"83,97,371",3414,8,640,0.0872093023255814,0.7267441860465116,80.0,424.0,992.0,912.0,nan,nan,0.0,0.0,4.62962962962963,7.0,0.04074074074074074,0.2857142857142857,0.0,0.0,0.37389770723104054,0.8571428571428571,0.0,0.0008718665311653116,0.0023769196025293588,0.48682441005560906,3.1700980883130616,1.3580246913580247,3.0,0.899294532627866,1.0747501469723693,0.0,1.8529411764705883,quiet_or_delayed_launch,3.0,3.0,2.0,4.0,8.0,13.0,20.0,1.0,2.5,2.0,1.6666666666666667,1.3333333333333333,172,172,-1,0,0.0,0.0,0,0,0,no_far_shell_horizon,0.052611343828797986,0.007575757575757576,0.005655491596805128,split_persistent_dual,16,22,75,63,10,176,1312,424,80,8,137.72340425531914,3414,2102,2.0,45,18.33411214953271,45,1.0,7,v15ds_growth_seed_1409_p2,0,1,0,0,0,v15ds_fresh_active_set_landscape_atlas_after_failed_v15dr_mapper,w32_mean_boundary_per_mass,higher_is_established,v15df_frozen_boundary_mass_no_refit,3.0,3.0,2.0,4.0,8.0,13.0,20.0,1.0,2.5,2.0,1.6666666666666667,1.3333333333333333,5,32.0,2.0,2.0,2.0,2.0,0.5,0.5,0.0,0.0,7.0,7.0,0.0,0.0,0.0,0.0,0.0,0.0,3.5,3.5,1.0,1.0,1.0,1.0,0.0,0.0,0.0,0.0,0.0,0.0,0.5,0.5,0.0,0.0,3.5,3.5,0.0,0.0,1.0,1.0,0.07083333333333335,0.07083333333333335,0.0,0.0,0.2916666666666667,0.2916666666666667,0.0,0.0,0.0,0.0,0.0,0.0,0.0,0.0,0.0,0.0,0.0,9,64.0,2.0,2.0,2.0,2.0,0.5,0.5,0.0,0.0,7.0,7.0,0.0,0.0,0.0,0.0,0.0,0.0,3.5,3.5,1.0,1.0,1.0,1.0,0.0,0.0,0.0,0.0,0.0,0.0,0.5,0.5,0.0,0.0,3.5,3.5,0.0,0.0,1.0,1.0,0.07083333333333335,0.07083333333333335,0.0,0.0,0.2916666666666667,0.2916666666666667,0.0,0.0,0.0,0.0,0.0,0.0,0.0,0.0,0.0,0.0,0.0,13,96.0,2.4615384615384617,4.0,1.7692307692307692,2.0,0.6153846153846154,1.0,0.0,0.0,6.3076923076923075,7.0,0.6923076923076923,3.0,0.057692307692307696,0.25,0.23076923076923078,1.0,2.923076923076923,3.5,1.0,1.0,1.0,1.0,0.0,0.0,0.0,0.0,0.0,0.0,0.38461538461538464,0.5,0.0,0.0,2.923076923076923,3.5,0.17307692307692307,0.75,0.7692307692307693,1.0,0.05833333333333334,0.07083333333333335,0.0,0.0,0.24238782051282054,0.2916666666666667,2.0604395604395602,-1.0302197802197801,0.5151098901098901,0.0,0.25755494505494503,-2.5755494505494503,0.0,-1.0302197802197801,-0.05580357142857144,0.0,-0.2199948489010989,3.5,3.0,0.051552431165787935,0.0046865846514352666,0.040421792618629174,0.006444053895723492,0.0029291154071470417,0.0078125,0.0439453125,0.017904406396028038,0.0439453125,0.6157000585823081,0.6157000585823081,0.8758055067369654,0.026654950205038077,0.024897480960749854,0.20988829143708806,0,genealogy_intensity_index,0,v15cz_frozen_spec_no_refit,0.08181032047937818,0.07339449541284404,0.08604675048679379,0.0,0.09563758389261745,0.09025308219198214,0.6289646918013165,0.6229994072317724,p2_no_horizon,0,"83,97,371",3.0,8.0,13.0,20.0,5.0,12.0,7.0,1.6666666666666667,1.3333333333333333,2,3,2.05,0.5277777777777778,0.40029761904761907,0.3339924156908023,-0.08472222222222225,-0.09667741402116409,-0.09522809386427902,-5.0
1024,1409,add_chord_p2,add_chord,2,18223,1038112136,1,"83,97,371",3414,8,640,0.005813953488372093,0.9418604651162791,56.0,576.0,752.0,1120.0,1536.0,2888.0,0.0,0.0,4.209876543209877,7.0,0.001763668430335097,0.14285714285714285,0.0,0.0,0.28253968253968254,0.7142857142857143,0.0,0.00038636033681765393,0.0008214769647696477,0.7991558610723883,5.68189683557545,1.0740740740740742,2.0,0.9629629629629629,1.1299235743680187,0.0,2.0,quiet_or_delayed_launch,3.0,3.0,2.0,4.0,8.0,13.0,20.0,1.0,2.5,2.0,1.6666666666666667,1.3333333333333333,172,118,137,20,1.0,0.0,21,141,20,mixed_far_shell_horizon,0.016006706123749066,0.007575757575757576,0.008406987882777566,split_persistent_dual,38,41,146,122,8,347,776,672,48,23,154.42105263157896,2144,2638,2.0,95,31.450934579439252,95,1.0,19,v15ds_growth_seed_1409_p2,0,1,0,0,0,v15ds_fresh_active_set_landscape_atlas_after_failed_v15dr_mapper,w32_mean_boundary_per_mass,higher_is_established,v15df_frozen_boundary_mass_no_refit,3.0,3.0,2.0,4.0,8.0,13.0,20.0,1.0,2.5,2.0,1.6666666666666667,1.3333333333333333,5,32.0,2.0,2.0,2.0,2.0,0.5,0.5,0.0,0.0,7.0,7.0,0.0,0.0,0.0,0.0,0.0,0.0,3.5,3.5,1.0,1.0,1.0,1.0,0.0,0.0,0.0,0.0,0.0,0.0,0.5,0.5,0.0,0.0,3.5,3.5,0.0,0.0,1.0,1.0,0.07083333333333335,0.07083333333333335,0.0,0.0,0.2916666666666667,0.2916666666666667,0.0,0.0,0.0,0.0,0.0,0.0,0.0,0.0,0.0,0.0,0.0,9,64.0,2.5555555555555554,4.0,1.6666666666666667,2.0,0.6666666666666666,1.0,0.0,0.0,6.111111111111111,7.0,0.8888888888888888,3.0,0.05555555555555555,0.25,0.2222222222222222,1.0,2.740740740740741,3.5,1.0,1.0,1.0,1.0,0.0,0.0,0.0,0.0,0.0,0.0,0.3333333333333333,0.5,0.0,0.0,2.740740740740741,3.5,0.24074074074074073,0.75,0.6666666666666666,1.0,0.05401234567901236,0.07083333333333335,0.0,0.0,0.22723765432098766,0.2916666666666667,3.3333333333333335,-1.875,0.9375,0.0,0.3645833333333333,-4.409722222222222,0.0,-1.875,-0.09693287037037039,0.0,-0.37507233796296297,13,96.0,3.0,4.0,1.4615384615384615,2.0,0.7692307692307693,1.0,0.0,0.0,5.461538461538462,7.0,1.5384615384615385,3.0,0.11538461538461539,0.25,0.46153846153846156,1.0,2.2051282051282053,3.5,1.0,1.0,1.0,1.0,0.0,0.0,0.0,0.0,0.0,0.0,0.23076923076923078,0.5,0.0,0.0,2.2051282051282053,3.5,0.3974358974358974,0.75,0.46153846153846156,1.0,0.04252136752136753,0.07083333333333335,0.0,0.0,0.18135683760683763,0.2916666666666667,2.8846153846153846,-1.4423076923076923,0.7211538461538461,0.0,0.3605769230769231,-3.6057692307692304,0.0,-1.4423076923076923,-0.07812500000000001,0.0,-0.30799278846153844,3.5,3.0,0.10164030462800235,0.011130638547158758,0.07850029291154072,0.01200937316930287,0.0023432923257176333,0.0224609375,0.0927734375,0.030713803300233645,0.0927734375,0.7727006444053895,0.7727006444053895,0.8031634446397188,0.053895723491505565,0.04774458113649678,0.36551969724397804,-1,genealogy_intensity_index,1,v15cz_frozen_spec_no_refit,0.18297683800387968,0.1743119266055046,0.19045265772468203,0.3333333333333333,0.29138702460850113,0.18048680945076226,0.7893476959904249,0.7818612922347362,non_decisive,0,"83,97,371",3.0,8.0,13.0,20.0,5.0,12.0,7.0,1.6666666666666667,1.3333333333333333,2,3,2.05,0.5277777777777778,0.40029761904761907,0.3339924156908023,-0.08472222222222225,-0.09667741402116409,-0.09522809386427902,-5.0
1024,1409,add_chord_p2,add_chord,2,18289,1038112202,1,"83,97,371",3414,8,640,0.0,0.9302325581395349,88.0,168.0,256.0,80.0,1232.0,nan,0.0,0.0,6.925925925925926,13.0,0.1840219108737627,0.45454545454545453,0.12019825167973316,0.3333333333333333,1.7777000091814907,6.666666666666667,0.00010510940304300737,0.002218805797735337,0.011469625112917796,0.8629775288979701,5.627633482758648,3.246913580246914,7.0,0.5813830202719091,1.7317771391845467,0.0,1.5446428571428572,inner_gate_load_without_outer_horizon,3.0,3.0,2.0,4.0,8.0,13.0,20.0,1.0,2.5,2.0,1.6666666666666667,1.3333333333333333,172,172,-1,0,0.0,0.0,0,172,0,no_far_shell_horizon,0.04294412495047555,0.007575757575757576,0.0064984501026850204,split_persistent_dual,103,120,321,288,21,832,40,80,24,28,104.9678800856531,2942,24,2.0,163,83.58644859813084,163,1.0,18,v15ds_growth_seed_1409_p2,0,1,0,0,0,v15ds_fresh_active_set_landscape_atlas_after_failed_v15dr_mapper,w32_mean_boundary_per_mass,higher_is_established,v15df_frozen_boundary_mass_no_refit,3.0,3.0,2.0,4.0,8.0,13.0,20.0,1.0,2.5,2.0,1.6666666666666667,1.3333333333333333,5,32.0,2.4,3.0,1.6,2.0,0.7,1.0,0.0,0.0,6.2,7.0,0.8,2.0,0.0,0.0,0.0,0.0,2.7666666666666666,3.5,1.0,1.0,1.0,1.0,0.0,0.0,0.0,0.0,0.0,0.0,0.3,0.5,0.0,0.0,2.7666666666666666,3.5,0.26666666666666666,0.6666666666666666,0.6,1.0,0.053611111111111116,0.07083333333333335,0.0,0.0,0.23055555555555557,0.2916666666666667,3.75,-3.75,1.875,0.0,0.0,-6.875000000000001,0.0,-3.75,-0.16145833333333337,0.0,-0.5729166666666667,9,64.0,2.2222222222222223,3.0,1.7777777777777777,2.0,0.6111111111111112,1.0,0.0,0.0,6.555555555555555,7.0,0.4444444444444444,2.0,0.0,0.0,0.0,0.0,3.0925925925925926,3.5,1.0,1.0,1.0,1.0,0.0,0.0,0.0,0.0,0.0,0.0,0.3888888888888889,0.5,0.0,0.0,3.0925925925925926,3.5,0.14814814814814814,0.6666666666666666,0.7777777777777778,1.0,0.06126543209876544,0.07083333333333335,0.0,0.0,0.2577160493827161,0.2916666666666667,-0.20833333333333334,0.20833333333333334,-0.10416666666666667,0.0,0.0,0.3819444444444444,0.0,0.20833333333333334,0.00896990740740741,0.0,0.031828703703703706,13,96.0,2.5384615384615383,4.0,1.8461538461538463,3.0,0.6346153846153846,1.0,0.0,0.0,6.538461538461538,8.0,0.6923076923076923,2.0,0.1346153846153846,0.75,0.38461538461538464,2.0,2.769230769230769,3.5,0.9743589743589743,1.0,0.9743589743589743,1.0,0.057692307692307696,0.75,0.057692307692307696,0.75,0.0,0.0,0.2948717948717949,0.5,0.0,0.0,2.769230769230769,3.5,0.21794871794871795,0.6666666666666666,0.782051282051282,2.0,0.08477564102564103,0.40625,0.005408653846153846,0.0703125,0.22012256647673314,0.2916666666666667,1.2362637362637363,0.4120879120879121,0.04006410256410255,0.0,0.5780677655677655,-1.1446886446886448,0.25755494505494503,0.10302197802197809,0.11098710317460315,0.0241457760989011,-0.13725002331773167,2.7666666666666666,3.0,0.24370240187463385,0.03016988869361453,0.17838312829525482,0.0351493848857645,0.006151142355008787,0.02734375,0.1591796875,0.08162739120911215,0.1591796875,0.007029876977152899,0.9882835383714118,0.9765670767428236,0.12419449326303457,0.1195079086115993,0.495376682562331,0,genealogy_intensity_index,0,v15cz_frozen_spec_no_refit,0.469911112854074,0.47247706422018354,0.46431738363329644,0.4523809523809524,0.5576062639821029,0.5391393548822584,0.007181328545780969,1.0,p2_no_horizon,0,"83,97,371",3.0,8.0,13.0,20.0,5.0,12.0,7.0,1.6666666666666667,1.3333333333333333,2,3,2.05,0.5277777777777778,0.40029761904761907,0.3339924156908023,-0.08472222222222225,-0.09667741402116409,-0.09522809386427902,-5.0
1024,1511,add_chord_p0,add_chord,0,18107,1039130020,1,"59,570,921",3414,8,640,0.0,0.9767441860465116,24.0,64.0,88.0,32.0,200.0,184.0,0.6172839506172839,0.6790123456790124,35.41975308641975,75.0,0.11267757535918554,0.3333333333333333,0.6440176207478961,0.8461538461538461,7.817416714903998,10.096153846153847,0.001007432693732168,0.012005382032555136,0.009434281842818429,0.8360425216894597,10.266374364726719,13.25925925925926,29.0,0.36840141621045464,3.4113810038947046,0.4444444444444444,3.750309849967384,early_high_launch,3.0,5.333333333333333,1.0,9.0,12.0,29.0,45.0,1.8888888888888888,3.75,2.0,4.0,1.3333333333333333,172,0,171,172,1.0,1.0,172,0,172,established_far_shell_horizon,0.05004510348555661,0.0064516129032258064,0.0026573813291376172,split_persistent_dual,165,198,661,567,4,1591,104,32,40,50,105.816091954023,3414,3310,2.0,233,128.47429906542055,231,0.8571428571428571,36,v15ds_growth_seed_1511_p0,0,1,0,0,0,v15ds_fresh_active_set_landscape_atlas_after_failed_v15dr_mapper,w32_mean_boundary_per_mass,higher_is_established,v15df_frozen_boundary_mass_no_refit,3.0,5.333333333333333,1.0,9.0,12.0,29.0,45.0,1.8888888888888888,3.75,2.0,4.0,1.3333333333333333,5,32.0,2.6,4.0,2.2,3.0,0.5333333333333333,0.6666666666666666,0.0,0.0,14.4,23.0,0.4,1.0,0.7166666666666667,3.25,2.6,12.0,5.416666666666667,6.333333333333333,0.95,1.0,0.95,1.0,0.0,0.0,0.0,0.0,0.0,0.0,0.5833333333333334,0.75,0.0,0.0,5.416666666666667,6.333333333333333,0.11666666666666667,0.3333333333333333,1.0333333333333334,1.5,0.10319444444444445,0.11458333333333334,0.0,0.0,0.3602358217592593,0.4837962962962963,6.25,2.5,0.2083333333333333,0.0,8.541666666666666,3.5416666666666665,0.0,0.8333333333333335,0.06944444444444446,0.0,-0.7892975983796297,9,64.0,4.222222222222222,7.0,2.3333333333333335,4.0,0.6312169312169312,0.8571428571428571,0.6666666666666666,3.0,19.22222222222222,30.0,2.5555555555555554,8.0,1.532010582010582,3.25,7.222222222222222,13.0,4.806084656084656,6.333333333333333,0.8626984126984127,1.0,0.8626984126984127,1.0,0.0,0.0,0.0,0.0,0.19047619047619047,0.8571428571428571,0.658994708994709,0.8571428571428571,0.09523809523809523,0.42857142857142855,4.806084656084656,6.333333333333333,0.42248677248677247,1.1428571428571428,0.9042328042328043,2.0,0.10569003527336861,0.1392857142857143,0.0,0.0,0.24355867918706284,0.4837962962962963,8.958333333333334,1.6666666666666667,0.39980158730158727,3.125,5.2559523809523805,-2.7718253968253967,0.0,0.03373015873015868,0.02118882275132274,0.0,-0.6958304763704424,13,96.0,5.384615384615385,11.0,3.0,6.0,0.5846264846264846,0.8571428571428571,0.5384615384615384,3.0,23.153846153846153,47.0,2.923076923076923,8.0,2.3714230214230216,6.818181818181818,9.0,13.0,4.502114552114552,6.333333333333333,0.7448828948828948,1.0,0.7448828948828948,1.0,0.0,0.0,0.0,0.0,0.1746031746031746,0.8571428571428571,0.6069652569652569,0.8571428571428571,0.07448107448107448,0.42857142857142855,4.502114552114552,6.333333333333333,0.43001998001998,1.1428571428571428,1.3641580641580642,3.8181818181818183,0.10325937950937951,0.1392857142857143,0.0,0.0,0.1742265214884794,0.4837962962962963,8.241758241758241,3.4340659340659343,-0.0675316746745318,0.5494505494505495,5.575040039325754,-1.9352968460111315,0.0,2.038715253000967,0.0033676640819497836,0.0,-0.5129693803991704,5.416666666666667,5.333333333333333,0.46602226127709434,0.048330404217926184,0.3596953719976567,0.05799648506151142,0.0011716461628588166,0.048828125,0.2275390625,0.12546318268107476,0.2255859375,0.9695371997656708,0.9695371997656708,0.9906268306971294,0.24194493263034564,0.22407732864674867,0.9080643873621606,1,genealogy_intensity_index,0,v15cz_frozen_spec_no_refit,0.9189484625680895,0.7568807339449541,0.9614501265583182,0.9761904761904762,0.8316554809843401,0.8479335066627506,0.990424895272292,0.9810314167160641,other_established,0,"59,570,921",5.333333333333333,12.0,29.0,45.0,17.0,33.0,16.0,4.0,1.3333333333333333,2,29,0.5777777777777777,0.2941077441077441,0.1457459135203243,0.09000471234237861,-0.031632996632996624,-0.01621752319572181,-0.006167527202055878,-8.0
1024,1511,add_chord_p0,add_chord,0,18161,1039130074,1,"59,570,921",3414,8,640,0.0,0.9767441860465116,176.0,320.0,432.0,232.0,256.0,344.0,0.06172839506172839,0.1728395061728395,14.753086419753087,34.0,0.08472201620190814,0.2962962962962963,0.3543926548545186,0.7,4.579071046848359,8.95,0.0011704753049774654,0.015225526496720721,0.03387816169828365,0.7521698134643439,8.370928111151311,5.814814814814815,13.0,0.44856956619571436,3.7078073012585673,0.06172839506172839,2.358526906697638,early_high_launch,3.0,5.333333333333333,1.0,9.0,12.0,29.0,45.0,1.8888888888888888,3.75,2.0,4.0,1.3333333333333333,172,0,171,172,1.0,1.0,172,0,172,established_far_shell_horizon,0.037326453045125246,0.0064516129032258064,0.0003156009521325388,split_persistent_dual,136,140,427,376,5,1079,176,176,160,53,144.5815831987076,3166,3238,2.0,205,106.20794392523365,204,1.0,49,v15ds_growth_seed_1511_p0,0,1,0,0,0,v15ds_fresh_active_set_landscape_atlas_after_failed_v15dr_mapper,w32_mean_boundary_per_mass,higher_is_established,v15df_frozen_boundary_mass_no_refit,3.0,5.333333333333333,1.0,9.0,12.0,29.0,45.0,1.8888888888888888,3.75,2.0,4.0,1.3333333333333333,5,32.0,2.0,2.0,2.0,2.0,0.5,0.5,0.0,0.0,10.0,10.0,0.0,0.0,0.0,0.0,0.0,0.0,5.0,5.0,1.0,1.0,1.0,1.0,0.0,0.0,0.0,0.0,0.0,0.0,0.5,0.5,0.0,0.0,5.0,5.0,0.0,0.0,1.0,1.0,0.09583333333333334,0.09583333333333334,0.0,0.0,0.4166666666666667,0.4166666666666667,0.0,0.0,0.0,0.0,0.0,0.0,0.0,0.0,0.0,0.0,0.0,9,64.0,2.0,2.0,2.0,2.0,0.5,0.5,0.0,0.0,10.0,10.0,0.0,0.0,0.0,0.0,0.0,0.0,5.0,5.0,1.0,1.0,1.0,1.0,0.0,0.0,0.0,0.0,0.0,0.0,0.5,0.5,0.0,0.0,5.0,5.0,0.0,0.0,1.0,1.0,0.09583333333333334,0.09583333333333334,0.0,0.0,0.4166666666666667,0.4166666666666667,0.0,0.0,0.0,0.0,0.0,0.0,0.0,0.0,0.0,0.0,0.0,13,96.0,2.0,2.0,2.0,2.0,0.5,0.5,0.0,0.0,10.0,10.0,0.0,0.0,0.0,0.0,0.0,0.0,5.0,5.0,1.0,1.0,1.0,1.0,0.0,0.0,0.0,0.0,0.0,0.0,0.5,0.5,0.0,0.0,5.0,5.0,0.0,0.0,1.0,1.0,0.09583333333333334,0.09583333333333334,0.0,0.0,0.4166666666666667,0.4166666666666667,0.0,0.0,0.0,0.0,0.0,0.0,0.0,0.0,0.0,0.0,0.0,5.0,5.333333333333333,0.3160515524311658,0.03983596953719976,0.23520796719390744,0.041007615700058585,0.0014645577035735209,0.0517578125,0.2001953125,0.10371869523948599,0.19921875,0.9484475688342121,0.9484475688342121,0.9484475688342121,0.16490919742237845,0.15114235500878734,0.7756729127527543,1,genealogy_intensity_index,0,v15cz_frozen_spec_no_refit,0.6160405270561317,0.6238532110091743,0.6201231221267606,1.0,0.7220357941834452,0.6947579774899373,0.9688809096349491,0.9596917605216361,other_established,0,"59,570,921",5.333333333333333,12.0,29.0,45.0,17.0,33.0,16.0,4.0,1.3333333333333333,2,29,0.5777777777777777,0.2941077441077441,0.1457459135203243,0.09000471234237861,-0.031632996632996624,-0.01621752319572181,-0.006167527202055878,-8.0
1024,1511,add_chord_p0,add_chord,0,18223,1039130136,1,"59,570,921",3414,8,640,0.011627906976744186,0.9709302325581395,408.0,680.0,720.0,824.0,nan,nan,0.0,0.0,2.5925925925925926,4.0,0.0,0.0,0.0,0.0,0.10905349794238683,0.5,0.0,0.0006264585215296597,0.00130420054200542,0.4855598372041909,6.0882825168264905,1.9382716049382716,3.0,0.6069958847736625,4.825102880658436,0.0,nan,quiet_or_delayed_launch,3.0,5.333333333333333,1.0,9.0,12.0,29.0,45.0,1.8888888888888888,3.75,2.0,4.0,1.3333333333333333,172,172,-1,0,0.0,0.0,0,0,0,no_far_shell_horizon,0.03908112748399993,0.0064516129032258064,0.0,split_persistent_dual,37,50,171,136,8,394,464,464,432,27,148.5205479452055,2814,56,2.0,81,29.371495327102803,79,1.0,25,v15ds_growth_seed_1511_p0,0,1,0,0,0,v15ds_fresh_active_set_landscape_atlas_after_failed_v15dr_mapper,w32_mean_boundary_per_mass,higher_is_established,v15df_frozen_boundary_mass_no_refit,3.0,5.333333333333333,1.0,9.0,12.0,29.0,45.0,1.8888888888888888,3.75,2.0,4.0,1.3333333333333333,5,32.0,2.0,2.0,2.0,2.0,0.5,0.5,0.0,0.0,10.0,10.0,0.0,0.0,0.0,0.0,0.0,0.0,5.0,5.0,1.0,1.0,1.0,1.0,0.0,0.0,0.0,0.0,0.0,0.0,0.5,0.5,0.0,0.0,5.0,5.0,0.0,0.0,1.0,1.0,0.09583333333333334,0.09583333333333334,0.0,0.0,0.4166666666666667,0.4166666666666667,0.0,0.0,0.0,0.0,0.0,0.0,0.0,0.0,0.0,0.0,0.0,9,64.0,2.0,2.0,2.0,2.0,0.5,0.5,0.0,0.0,10.0,10.0,0.0,0.0,0.0,0.0,0.0,0.0,5.0,5.0,1.0,1.0,1.0,1.0,0.0,0.0,0.0,0.0,0.0,0.0,0.5,0.5,0.0,0.0,5.0,5.0,0.0,0.0,1.0,1.0,0.09583333333333334,0.09583333333333334,0.0,0.0,0.4166666666666667,0.4166666666666667,0.0,0.0,0.0,0.0,0.0,0.0,0.0,0.0,0.0,0.0,0.0,13,96.0,2.0,2.0,2.0,2.0,0.5,0.5,0.0,0.0,10.0,10.0,0.0,0.0,0.0,0.0,0.0,0.0,5.0,5.0,1.0,1.0,1.0,1.0,0.0,0.0,0.0,0.0,0.0,0.0,0.5,0.5,0.0,0.0,5.0,5.0,0.0,0.0,1.0,1.0,0.09583333333333334,0.09583333333333334,0.0,0.0,0.4166666666666667,0.4166666666666667,0.0,0.0,0.0,0.0,0.0,0.0,0.0,0.0,0.0,0.0,0.0,5.0,5.333333333333333,0.11540714704159344,0.010837727006444054,0.08992384299941418,0.014645577035735208,0.0023432923257176333,0.0263671875,0.0791015625,0.02868310090537383,0.0771484375,0.016403046280023433,0.8640890451083773,0.8640890451083773,0.06092560046865846,0.054481546572934976,0.2905877592127531,0,genealogy_intensity_index,0,v15cz_frozen_spec_no_refit,0.21078283989657892,0.16972477064220184,0.22177442989604848,0.42857142857142855,0.2365771812080537,0.16618185447030012,0.016756433273488927,0.8743331357439241,p0_no_horizon_other,0,"59,570,921",5.333333333333333,12.0,29.0,45.0,17.0,33.0,16.0,4.0,1.3333333333333333,2,29,0.5777777777777777,0.2941077441077441,0.1457459135203243,0.09000471234237861,-0.031632996632996624,-0.01621752319572181,-0.006167527202055878,-8.0
1024,1511,add_chord_p0,add_chord,0,18289,1039130202,1,"59,570,921",3414,8,640,0.0,1.0,64.0,64.0,200.0,488.0,2528.0,3024.0,0.0,0.0,6.333333333333333,13.0,0.31241988464210685,0.6,0.0072448128003683564,0.09090909090909091,0.9957152929375152,1.5384615384615385,3.952122854561879e-05,0.0017834232398510853,0.0029189250225835593,0.5992788206245765,7.105674443354073,2.3703703703703702,4.0,0.6781507587063142,4.309911693245026,0.1728395061728395,4.711835748792271,inner_gate_load_without_outer_horizon,3.0,5.333333333333333,1.0,9.0,12.0,29.0,45.0,1.8888888888888888,3.75,2.0,4.0,1.3333333333333333,172,166,171,6,1.0,0.5,10,86,6,mixed_far_shell_horizon,0.005172964636158724,0.0064516129032258064,0.0,split_persistent_dual,55,66,286,245,7,652,64,168,8,38,137.707182320442,3054,440,2.0,126,48.85280373831776,123,1.0,36,v15ds_growth_seed_1511_p0,0,1,0,0,0,v15ds_fresh_active_set_landscape_atlas_after_failed_v15dr_mapper,w32_mean_boundary_per_mass,higher_is_established,v15df_frozen_boundary_mass_no_refit,3.0,5.333333333333333,1.0,9.0,12.0,29.0,45.0,1.8888888888888888,3.75,2.0,4.0,1.3333333333333333,5,32.0,2.8,3.0,1.2,2.0,0.9,1.0,0.0,0.0,11.6,12.0,1.6,2.0,0.0,0.0,0.0,0.0,4.2,5.0,1.0,1.0,1.0,1.0,0.0,0.0,0.0,0.0,0.0,0.0,0.9,1.0,0.0,0.0,4.2,5.0,0.5333333333333333,0.6666666666666666,0.2,1.0,0.0725,0.09583333333333334,0.0,0.0,0.35,0.4166666666666667,2.5,-2.5,1.25,0.0,0.0,-2.5,0.0,-2.5,-0.07291666666666669,0.0,-0.20833333333333343,9,64.0,3.0,4.0,1.2222222222222223,2.0,0.9166666666666666,1.0,0.1111111111111111,1.0,13.11111111111111,24.0,1.8888888888888888,3.0,0.05555555555555555,0.5,0.1111111111111111,1.0,4.333333333333333,6.0,1.0,1.0,1.0,1.0,0.0,0.0,0.0,0.0,0.08333333333333333,0.75,0.9166666666666666,1.0,0.027777777777777776,0.25,4.333333333333333,6.0,0.6018518518518519,0.75,0.16666666666666666,1.0,0.07847222222222222,0.14375000000000002,0.0,0.0,0.35416666666666663,0.4375,1.6666666666666667,0.0,0.20833333333333334,0.8333333333333334,0.4166666666666667,0.8333333333333334,0.0,-0.4166666666666667,0.039930555555555566,0.0,0.017361111111111095,13,96.0,3.3076923076923075,4.0,1.4615384615384615,2.0,0.8653846153846154,1.0,0.38461538461538464,1.0,16.46153846153846,24.0,2.230769230769231,3.0,0.19230769230769232,0.5,0.38461538461538464,1.0,4.846153846153846,6.0,1.0,1.0,1.0,1.0,0.0,0.0,0.0,0.0,0.28846153846153844,0.75,0.8653846153846154,1.0,0.09615384615384616,0.25,4.846153846153846,6.0,0.6474358974358975,0.75,0.2692307692307692,1.0,0.09855769230769232,0.14375000000000002,0.0,0.0,0.3798076923076923,0.4375,1.7857142857142856,0.9615384615384616,-0.13736263736263737,1.3736263736263736,0.6868131868131868,2.3351648351648353,0.0,0.2747252747252747,0.09386446886446888,0.0,0.10874542124542125,4.2,5.333333333333333,0.19097832454598712,0.01611013473930873,0.1555360281195079,0.019332161687170474,0.002050380785002929,0.037109375,0.123046875,0.04770781615070094,0.1201171875,0.12888107791446984,0.981253661394259,0.9507908611599297,0.09988283538371412,0.09109548916227299,0.4431697733012604,-1,genealogy_intensity_index,1,v15cz_frozen_spec_no_refit,0.3634200417756514,0.2522935779816514,0.4016738392905635,0.6904761904761905,0.412751677852349,0.3001983877591688,0.13165769000598446,0.992886781268524,non_decisive,0,"59,570,921",5.333333333333333,12.0,29.0,45.0,17.0,33.0,16.0,4.0,1.3333333333333333,2,29,0.5777777777777777,0.2941077441077441,0.1457459135203243,0.09000471234237861,-0.031632996632996624,-0.01621752319572181,-0.006167527202055878,-8.0
1024,1511,add_chord_p1,add_chord,1,18107,1039131020,1,"19,198,580",3414,8,640,0.0,0.9651162790697675,96.0,136.0,168.0,160.0,504.0,nan,0.0,0.037037037037037035,14.419753086419753,33.0,0.21734358222448744,0.6153846153846154,0.3410323340396456,0.65,3.7618065261771494,6.411764705882353,0.0012451445143317006,0.011731296560553247,0.018913730803974706,0.631316695289606,5.726214256539705,8.37037037037037,15.0,0.36903109289588437,5.146480511774856,0.0,3.2445870535714287,early_outer_mass_without_high,3.0,7.666666666666667,1.0,17.0,22.0,76.0,167.0,2.8421052631578947,7.590909090909091,2.0,6.333333333333333,1.3333333333333333,172,172,-1,0,0.0,0.0,0,117,0,no_far_shell_horizon,0.02541484565221685,0.0064516129032258064,0.0034083133495307403,split_persistent_dual,107,124,445,386,8,1062,216,128,368,42,115.03691275167785,3126,3198,2.0,193,102.86682242990655,187,0.75,29,v15ds_growth_seed_1511_p1,0,1,0,0,0,v15ds_fresh_active_set_landscape_atlas_after_failed_v15dr_mapper,w32_mean_boundary_per_mass,higher_is_established,v15df_frozen_boundary_mass_no_refit,3.0,7.666666666666667,1.0,17.0,22.0,76.0,167.0,2.8421052631578947,7.590909090909091,2.0,6.333333333333333,1.3333333333333333,5,32.0,2.0,2.0,2.0,2.0,0.5,0.5,0.0,0.0,18.0,18.0,0.0,0.0,0.0,0.0,0.0,0.0,9.0,9.0,1.0,1.0,1.0,1.0,0.0,0.0,0.0,0.0,0.0,0.0,0.5,0.5,0.0,0.0,9.0,9.0,0.0,0.0,1.0,1.0,0.16250000000000003,0.16250000000000003,0.0,0.0,0.75,0.75,0.0,0.0,0.0,0.0,0.0,0.0,0.0,0.0,0.0,0.0,0.0,9,64.0,2.0,2.0,2.0,2.0,0.5,0.5,0.0,0.0,18.0,18.0,0.0,0.0,0.0,0.0,0.0,0.0,9.0,9.0,1.0,1.0,1.0,1.0,0.0,0.0,0.0,0.0,0.0,0.0,0.5,0.5,0.0,0.0,9.0,9.0,0.0,0.0,1.0,1.0,0.16250000000000003,0.16250000000000003,0.0,0.0,0.75,0.75,0.0,0.0,0.0,0.0,0.0,0.0,0.0,0.0,0.0,0.0,0.0,13,96.0,2.076923076923077,3.0,2.0,2.0,0.5128205128205128,0.6666666666666666,0.0,0.0,18.076923076923077,19.0,0.07692307692307693,1.0,0.02564102564102564,0.3333333333333333,0.07692307692307693,1.0,8.794871794871796,9.0,1.0,1.0,1.0,1.0,0.0,0.0,0.0,0.0,0.0,0.0,0.5128205128205128,0.6666666666666666,0.0,0.0,8.794871794871796,9.0,0.02564102564102564,0.3333333333333333,0.9743589743589743,1.0,0.15876068376068378,0.16250000000000003,0.0,0.0,0.729522792022792,0.75,0.4120879120879121,0.0,0.06868131868131866,0.0,0.13736263736263732,-1.098901098901099,0.0,-0.13736263736263732,-0.02003205128205129,0.0,-0.10969932844932845,9.0,7.666666666666667,0.3110720562390158,0.03134153485647335,0.24340949033391915,0.03632103104862332,0.0023432923257176333,0.041015625,0.1884765625,0.10045588127920561,0.1826171875,0.9367311072056239,0.9367311072056239,0.9625073227885179,0.1616871704745167,0.14938488576449913,0.7220889404783959,0,genealogy_intensity_index,0,v15cz_frozen_spec_no_refit,0.6059830370098361,0.49082568807339455,0.6426105483010749,0.7857142857142857,0.6750559284116331,0.6717736116224532,0.9569120287253141,0.9478363959691761,other_no_horizon,0,"19,198,580",7.666666666666667,22.0,76.0,167.0,54.0,145.0,91.0,6.333333333333333,1.3333333333333333,2,37,0.7125748502994012,0.29907407407407405,0.16344614612118694,0.11791289935659911,-0.05426954732510289,-0.030983387544252283,-0.021711244081388942,-16.0
1024,1511,add_chord_p1,add_chord,1,18161,1039131074,1,"19,198,580",3414,8,640,0.0,0.9767441860465116,112.0,128.0,136.0,128.0,408.0,496.0,0.2345679012345679,0.345679012345679,23.135802469135804,46.0,0.13995483674582365,0.3076923076923077,0.4656901566754106,0.7560975609756098,4.164396368225137,6.5777777777777775,0.0012540633039843456,0.010945181096760941,0.019277890695573622,0.7082588578013096,6.4144584992311175,10.37037037037037,18.0,0.3835895855234633,4.188602587119084,0.024691358024691357,3.116135531135531,early_high_launch,3.0,7.666666666666667,1.0,17.0,22.0,76.0,167.0,2.8421052631578947,7.590909090909091,2.0,6.333333333333333,1.3333333333333333,172,0,171,172,1.0,1.0,172,0,172,established_far_shell_horizon,0.0018853548100256966,0.0064516129032258064,0.004019162620233796,split_persistent_dual,133,153,420,359,5,1065,128,128,88,42,127.58361774744027,3166,3286,2.0,230,118.09345794392523,230,1.0,34,v15ds_growth_seed_1511_p1,0,1,0,0,0,v15ds_fresh_active_set_landscape_atlas_after_failed_v15dr_mapper,w32_mean_boundary_per_mass,higher_is_established,v15df_frozen_boundary_mass_no_refit,3.0,7.666666666666667,1.0,17.0,22.0,76.0,167.0,2.8421052631578947,7.590909090909091,2.0,6.333333333333333,1.3333333333333333,5,32.0,2.0,2.0,2.0,2.0,0.5,0.5,0.0,0.0,18.0,18.0,0.0,0.0,0.0,0.0,0.0,0.0,9.0,9.0,1.0,1.0,1.0,1.0,0.0,0.0,0.0,0.0,0.0,0.0,0.5,0.5,0.0,0.0,9.0,9.0,0.0,0.0,1.0,1.0,0.16250000000000003,0.16250000000000003,0.0,0.0,0.75,0.75,0.0,0.0,0.0,0.0,0.0,0.0,0.0,0.0,0.0,0.0,0.0,9,64.0,2.0,2.0,2.0,2.0,0.5,0.5,0.0,0.0,18.0,18.0,0.0,0.0,0.0,0.0,0.0,0.0,9.0,9.0,1.0,1.0,1.0,1.0,0.0,0.0,0.0,0.0,0.0,0.0,0.5,0.5,0.0,0.0,9.0,9.0,0.0,0.0,1.0,1.0,0.16250000000000003,0.16250000000000003,0.0,0.0,0.75,0.75,0.0,0.0,0.0,0.0,0.0,0.0,0.0,0.0,0.0,0.0,0.0,13,96.0,2.1538461538461537,3.0,1.8461538461538463,2.0,0.5769230769230769,1.0,0.0,0.0,18.153846153846153,19.0,0.3076923076923077,2.0,0.0,0.0,0.0,0.0,8.58974358974359,9.0,1.0,1.0,1.0,1.0,0.0,0.0,0.0,0.0,0.0,0.0,0.5769230769230769,1.0,0.0,0.0,8.58974358974359,9.0,0.10256410256410256,0.6666666666666666,0.8461538461538461,1.0,0.15373931623931628,0.16250000000000003,0.0,0.0,0.7158119658119658,0.75,0.7554945054945055,-0.7554945054945055,0.37774725274725274,0.0,0.0,-2.0146520146520146,0.0,-0.7554945054945055,-0.04302121489621491,0.0,-0.16788766788766787,9.0,7.666666666666667,0.31195079086115995,0.03895723491505566,0.22817809021675453,0.04481546572934974,0.0014645577035735209,0.041015625,0.224609375,0.11532564252336448,0.224609375,0.9625073227885179,0.9625073227885179,0.9625073227885179,0.1619800820152314,0.14997070884592853,0.7697507030410928,1,genealogy_intensity_index,0,v15cz_frozen_spec_no_refit,0.6077578881944766,0.6100917431192662,0.6008481854059196,0.7857142857142857,0.819910514541387,0.7765212426423088,0.983243566726511,0.9739181979845881,p1_established,0,"19,198,580",7.666666666666667,22.0,76.0,167.0,54.0,145.0,91.0,6.333333333333333,1.3333333333333333,2,37,0.7125748502994012,0.29907407407407405,0.16344614612118694,0.11791289935659911,-0.05426954732510289,-0.030983387544252283,-0.021711244081388942,-16.0
1024,1511,add_chord_p1,add_chord,1,18223,1039131136,1,"19,198,580",3414,8,640,0.25,0.5872093023255814,1064.0,1320.0,1448.0,2672.0,nan,nan,0.0,0.0,2.0,2.0,0.0,0.0,0.0,0.0,0.0,0.0,0.0,0.0,0.0,0.2057811357732393,2.57669026028346,2.0,2.0,0.5,9.0,0.0,nan,quiet_or_delayed_launch,3.0,7.666666666666667,1.0,17.0,22.0,76.0,167.0,2.8421052631578947,7.590909090909091,2.0,6.333333333333333,1.3333333333333333,172,172,-1,0,0.0,0.0,0,0,0,no_far_shell_horizon,2.461631012975139e-05,0.0064516129032258064,0.0013138703928730264,split_persistent_dual,11,10,45,38,13,104,1176,1176,1064,14,236.06666666666666,3414,1160,2.0,24,6.866822429906542,20,1.0,10,v15ds_growth_seed_1511_p1,0,1,0,0,0,v15ds_fresh_active_set_landscape_atlas_after_failed_v15dr_mapper,w32_mean_boundary_per_mass,higher_is_established,v15df_frozen_boundary_mass_no_refit,3.0,7.666666666666667,1.0,17.0,22.0,76.0,167.0,2.8421052631578947,7.590909090909091,2.0,6.333333333333333,1.3333333333333333,5,32.0,2.0,2.0,2.0,2.0,0.5,0.5,0.0,0.0,18.0,18.0,0.0,0.0,0.0,0.0,0.0,0.0,9.0,9.0,1.0,1.0,1.0,1.0,0.0,0.0,0.0,0.0,0.0,0.0,0.5,0.5,0.0,0.0,9.0,9.0,0.0,0.0,1.0,1.0,0.16250000000000003,0.16250000000000003,0.0,0.0,0.75,0.75,0.0,0.0,0.0,0.0,0.0,0.0,0.0,0.0,0.0,0.0,0.0,9,64.0,2.0,2.0,2.0,2.0,0.5,0.5,0.0,0.0,18.0,18.0,0.0,0.0,0.0,0.0,0.0,0.0,9.0,9.0,1.0,1.0,1.0,1.0,0.0,0.0,0.0,0.0,0.0,0.0,0.5,0.5,0.0,0.0,9.0,9.0,0.0,0.0,1.0,1.0,0.16250000000000003,0.16250000000000003,0.0,0.0,0.75,0.75,0.0,0.0,0.0,0.0,0.0,0.0,0.0,0.0,0.0,0.0,0.0,13,96.0,2.0,2.0,2.0,2.0,0.5,0.5,0.0,0.0,18.0,18.0,0.0,0.0,0.0,0.0,0.0,0.0,9.0,9.0,1.0,1.0,1.0,1.0,0.0,0.0,0.0,0.0,0.0,0.0,0.5,0.5,0.0,0.0,9.0,9.0,0.0,0.0,1.0,1.0,0.16250000000000003,0.16250000000000003,0.0,0.0,0.75,0.75,0.0,0.0,0.0,0.0,0.0,0.0,0.0,0.0,0.0,0.0,0.0,9.0,7.666666666666667,0.03046280023432923,0.003222026947861746,0.024311657879320447,0.0029291154071470417,0.003807850029291154,0.013671875,0.0234375,0.006705881279205608,0.01953125,0.3397773872290568,0.655536028119508,0.655536028119508,0.016403046280023433,0.014059753954305799,0.16072376751172687,0,genealogy_intensity_index,0,v15cz_frozen_spec_no_refit,0.03921389204800912,0.05045871559633028,0.04187502050153338,0.11904761904761904,0.013422818791946303,0.01136688101882703,0.3470975463794135,0.6633076467101364,other_no_horizon,0,"19,198,580",7.666666666666667,22.0,76.0,167.0,54.0,145.0,91.0,6.333333333333333,1.3333333333333333,2,37,0.7125748502994012,0.29907407407407405,0.16344614612118694,0.11791289935659911,-0.05426954732510289,-0.030983387544252283,-0.021711244081388942,-16.0
1024,1511,add_chord_p1,add_chord,1,18289,1039131202,1,"19,198,580",3414,8,640,0.005813953488372093,0.8662790697674418,80.0,80.0,184.0,200.0,1736.0,nan,0.0,0.0,3.802469135802469,5.0,0.16913580246913582,0.5,0.1748971193415638,0.3333333333333333,1.3868312757201646,2.25,0.0004961325654923216,0.0035411020776874437,0.009657294489611563,0.6225915693261621,4.684376531000627,3.2962962962962963,4.0,0.4039094650205761,6.157407407407407,0.0,1.7452830188679245,quiet_or_delayed_launch,3.0,7.666666666666667,1.0,17.0,22.0,76.0,167.0,2.8421052631578947,7.590909090909091,2.0,6.333333333333333,1.3333333333333333,172,172,-1,0,0.0,0.0,0,12,0,no_far_shell_horizon,0.02400692582036539,0.0064516129032258064,0.0009640927609055118,split_persistent_dual,39,46,161,139,8,385,80,80,48,25,168.04694835680752,2488,48,2.0,103,31.373831775700936,103,1.0,17,v15ds_growth_seed_1511_p1,0,1,0,0,0,v15ds_fresh_active_set_landscape_atlas_after_failed_v15dr_mapper,w32_mean_boundary_per_mass,higher_is_established,v15df_frozen_boundary_mass_no_refit,3.0,7.666666666666667,1.0,17.0,22.0,76.0,167.0,2.8421052631578947,7.590909090909091,2.0,6.333333333333333,1.3333333333333333,5,32.0,2.0,2.0,2.0,2.0,0.5,0.5,0.0,0.0,18.0,18.0,0.0,0.0,0.0,0.0,0.0,0.0,9.0,9.0,1.0,1.0,1.0,1.0,0.0,0.0,0.0,0.0,0.0,0.0,0.5,0.5,0.0,0.0,9.0,9.0,0.0,0.0,1.0,1.0,0.16250000000000003,0.16250000000000003,0.0,0.0,0.75,0.75,0.0,0.0,0.0,0.0,0.0,0.0,0.0,0.0,0.0,0.0,0.0,9,64.0,2.3333333333333335,3.0,1.6666666666666667,2.0,0.6666666666666666,1.0,0.0,0.0,18.333333333333332,19.0,0.6666666666666666,2.0,0.0,0.0,0.0,0.0,8.11111111111111,9.0,1.0,1.0,1.0,1.0,0.0,0.0,0.0,0.0,0.0,0.0,0.6666666666666666,1.0,0.0,0.0,8.11111111111111,9.0,0.2222222222222222,0.6666666666666666,0.6666666666666666,1.0,0.14351851851851855,0.16250000000000003,0.0,0.0,0.6759259259259259,0.75,1.875,-1.875,0.9375,0.0,0.0,-5.000000000000001,0.0,-1.875,-0.10677083333333337,0.0,-0.4166666666666667,13,96.0,2.769230769230769,4.0,1.9230769230769231,3.0,0.6538461538461539,1.0,0.0,0.0,18.76923076923077,20.0,0.8461538461538461,2.0,0.17307692307692307,0.75,0.46153846153846156,2.0,7.256410256410256,9.0,0.9423076923076923,1.0,0.9423076923076923,1.0,0.0,0.0,0.0,0.0,0.0,0.0,0.6538461538461539,1.0,0.0,0.0,7.256410256410256,9.0,0.26282051282051283,0.6666666666666666,0.8076923076923077,1.5,0.13103632478632482,0.16250000000000003,0.0,0.0,0.5671407585470085,0.75,2.4725274725274726,0.6181318681318682,0.20604395604395606,0.0,0.772664835164835,-5.21978021978022,0.0,0.10302197802197798,-0.08570856227106229,0.0,-0.6026606856684982,9.0,7.666666666666667,0.1127709431751611,0.011423550087873463,0.08787346221441125,0.013473930872876391,0.0023432923257176333,0.0244140625,0.1005859375,0.030638507593457945,0.1005859375,0.014059753954305799,0.9765670767428236,0.9765670767428236,0.05858230814294083,0.05418863503222027,0.3108291189857659,0,genealogy_intensity_index,0,v15cz_frozen_spec_no_refit,0.2054582863426578,0.17889908256880735,0.2161525733524699,0.38095238095238093,0.32270693512304255,0.17995640100766647,0.014362657091561938,0.9881446354475399,other_no_horizon,0,"19,198,580",7.666666666666667,22.0,76.0,167.0,54.0,145.0,91.0,6.333333333333333,1.3333333333333333,2,37,0.7125748502994012,0.29907407407407405,0.16344614612118694,0.11791289935659911,-0.05426954732510289,-0.030983387544252283,-0.021711244081388942,-16.0
1024,1511,add_chord_p2,add_chord,2,18107,1039132020,1,"161,591,912",3414,8,640,0.0,0.9593023255813954,896.0,928.0,1272.0,1216.0,1352.0,1408.0,0.0,0.0,2.0,2.0,0.0,0.0,0.0,0.0,0.0,0.0,0.0,0.0,0.0,0.861891908433019,9.623159199622913,2.0,2.0,0.5,6.0,0.0,nan,quiet_or_delayed_launch,3.0,5.333333333333333,2.0,10.0,13.0,23.0,29.0,1.0,2.230769230769231,2.0,4.0,1.3333333333333333,172,0,171,172,1.0,1.0,172,0,172,established_far_shell_horizon,0.03317996505532408,0.0064516129032258064,0.007672045282023659,split_persistent_dual,61,78,195,142,14,476,952,928,912,31,144.04363636363635,2006,2462,2.0,114,40.44859813084112,114,1.0,27,v15ds_growth_seed_1511_p2,0,1,0,0,0,v15ds_fresh_active_set_landscape_atlas_after_failed_v15dr_mapper,w32_mean_boundary_per_mass,higher_is_established,v15df_frozen_boundary_mass_no_refit,3.0,5.333333333333333,2.0,10.0,13.0,23.0,29.0,1.0,2.230769230769231,2.0,4.0,1.3333333333333333,5,32.0,2.0,2.0,2.0,2.0,0.5,0.5,0.0,0.0,12.0,12.0,0.0,0.0,0.0,0.0,0.0,0.0,6.0,6.0,1.0,1.0,1.0,1.0,0.0,0.0,0.0,0.0,0.0,0.0,0.5,0.5,0.0,0.0,6.0,6.0,0.0,0.0,1.0,1.0,0.1125,0.1125,0.0,0.0,0.5,0.5,0.0,0.0,0.0,0.0,0.0,0.0,0.0,0.0,0.0,0.0,0.0,9,64.0,2.0,2.0,2.0,2.0,0.5,0.5,0.0,0.0,12.0,12.0,0.0,0.0,0.0,0.0,0.0,0.0,6.0,6.0,1.0,1.0,1.0,1.0,0.0,0.0,0.0,0.0,0.0,0.0,0.5,0.5,0.0,0.0,6.0,6.0,0.0,0.0,1.0,1.0,0.1125,0.1125,0.0,0.0,0.5,0.5,0.0,0.0,0.0,0.0,0.0,0.0,0.0,0.0,0.0,0.0,0.0,13,96.0,2.0,2.0,2.0,2.0,0.5,0.5,0.0,0.0,12.0,12.0,0.0,0.0,0.0,0.0,0.0,0.0,6.0,6.0,1.0,1.0,1.0,1.0,0.0,0.0,0.0,0.0,0.0,0.0,0.5,0.5,0.0,0.0,6.0,6.0,0.0,0.0,1.0,1.0,0.1125,0.1125,0.0,0.0,0.5,0.5,0.0,0.0,0.0,0.0,0.0,0.0,0.0,0.0,0.0,0.0,0.0,6.0,5.333333333333333,0.13942589338019917,0.017867603983596953,0.0987111892208553,0.022847100175746926,0.004100761570005858,0.0302734375,0.111328125,0.03950058411214953,0.111328125,0.7211482132396017,0.7211482132396017,0.7281780902167545,0.07498535442296426,0.06444053895723492,0.42291594563071444,1,genealogy_intensity_index,0,v15cz_frozen_spec_no_refit,0.2592954389434159,0.2798165137614679,0.2458681007970996,0.5238095238095238,0.36577181208053694,0.24238386746172808,0.7366846199880311,0.7296976882039123,other_established,0,"161,591,912",5.333333333333333,13.0,23.0,29.0,10.0,16.0,6.0,4.0,1.3333333333333333,2,10,0.2413793103448276,0.3675925925925925,0.23242369684499317,0.17778612905171975,-0.04730639730639724,-0.03301139906358763,-0.02392450128226034,-10.0
1024,1511,add_chord_p2,add_chord,2,18161,1039132074,1,"161,591,912",3414,8,640,0.0,1.0,8.0,360.0,376.0,8.0,312.0,1280.0,0.0,0.037037037037037035,9.135802469135802,15.0,0.06536919870253204,0.21428571428571427,0.4596789698641551,0.625,4.6356209291394475,6.333333333333333,0.0003776071552155563,0.005665730419710772,0.015128161698283649,0.8371364345084052,9.848334602449164,4.530864197530864,8.0,0.4392511809178476,3.1383576642835904,0.0,2.1523809523809523,early_outer_mass_without_high,3.0,5.333333333333333,2.0,10.0,13.0,23.0,29.0,1.0,2.230769230769231,2.0,4.0,1.3333333333333333,172,0,171,172,1.0,1.0,172,0,172,established_far_shell_horizon,0.016907279132162147,0.0064516129032258064,0.07844348670247436,split_persistent_dual,90,102,341,298,7,831,56,8,8,41,140.99346405228758,2862,3358,2.0,129,61.69626168224299,126,0.8333333333333334,31,v15ds_growth_seed_1511_p2,0,1,0,0,0,v15ds_fresh_active_set_landscape_atlas_after_failed_v15dr_mapper,w32_mean_boundary_per_mass,higher_is_established,v15df_frozen_boundary_mass_no_refit,3.0,5.333333333333333,2.0,10.0,13.0,23.0,29.0,1.0,2.230769230769231,2.0,4.0,1.3333333333333333,5,32.0,4.2,5.0,2.0,2.0,0.73,0.8,0.6,1.0,16.0,18.0,2.8,4.0,1.53,2.25,6.6,9.0,4.0600000000000005,6.0,0.8300000000000001,1.0,0.8300000000000001,1.0,0.0,0.0,0.0,0.0,0.48000000000000004,0.8,0.37,0.75,0.12000000000000001,0.2,4.0600000000000005,6.0,0.5800000000000001,0.8,0.5399999999999999,1.0,0.09241666666666667,0.1125,0.0,0.0,0.198340625,0.5,6.25,0.0,0.6875000000000001,1.25,5.0625,-6.125000000000001,0.0,-1.3750000000000002,-0.08177083333333332,0.0,-0.9653710937500001,9,64.0,4.666666666666667,6.0,2.111111111111111,3.0,0.7166666666666667,0.8333333333333334,0.7777777777777778,2.0,16.333333333333332,18.0,3.3333333333333335,6.0,1.8462962962962963,3.0,7.444444444444445,9.0,3.6925925925925926,6.0,0.8,1.0,0.8,1.0,0.0,0.0,0.0,0.0,0.5222222222222223,0.8333333333333334,0.3111111111111111,0.75,0.14444444444444446,0.3333333333333333,3.6925925925925926,6.0,0.6425925925925926,1.0,0.6222222222222222,1.5,0.09098765432098765,0.1125,0.0,0.0,0.15135303069272976,0.5,3.3333333333333335,0.625,-0.024305555555555608,0.8333333333333334,2.788194444444444,-2.861111111111111,0.0,0.3611111111111112,-0.02650462962962963,0.0,-0.41278963316615225,13,96.0,4.846153846153846,6.0,2.3076923076923075,3.0,0.6858974358974359,0.8333333333333334,0.6153846153846154,2.0,16.615384615384617,18.0,3.1538461538461537,6.0,2.33974358974359,3.6,7.923076923076923,9.0,3.571794871794872,6.0,0.7435897435897436,1.0,0.7435897435897436,1.0,0.0,0.0,0.0,0.0,0.41282051282051285,0.8333333333333334,0.37948717948717947,0.75,0.11282051282051282,0.3333333333333333,3.571794871794872,6.0,0.6012820512820513,1.0,0.7589743589743589,1.5,0.08594017094017094,0.1125,0.0,0.0,0.1119110725308642,0.5,1.7170329670329672,1.098901098901099,-0.13850732600732607,-0.4807692307692308,2.963598901098901,-1.3873626373626375,0.0,0.7234432234432236,-0.03021978021978022,0.0,-0.2970978565705128,4.0600000000000005,5.333333333333333,0.24340949033391915,0.026362038664323375,0.18717047451669597,0.029876977152899824,0.002050380785002929,0.0400390625,0.1259765625,0.06025025554906542,0.123046875,0.9835969537199766,0.9835969537199766,0.9976567076742824,0.1262448740480375,0.11716461628588166,0.6175981779244537,1,genealogy_intensity_index,0,v15cz_frozen_spec_no_refit,0.46931949579252724,0.41284403669724773,0.48841105453434774,0.7619047619047619,0.42449664429530204,0.38855157599242746,1.0,0.995257854179016,other_established,0,"161,591,912",5.333333333333333,13.0,23.0,29.0,10.0,16.0,6.0,4.0,1.3333333333333333,2,10,0.2413793103448276,0.3675925925925925,0.23242369684499317,0.17778612905171975,-0.04730639730639724,-0.03301139906358763,-0.02392450128226034,-10.0
1024,1511,add_chord_p2,add_chord,2,18223,1039132136,1,"161,591,912",3414,8,640,0.0,0.9825581395348837,40.0,440.0,632.0,344.0,1880.0,1912.0,0.0,0.0,4.777777777777778,8.0,0.05276308054085832,0.25,0.07405937683715462,0.25,1.4745149911816577,4.0,0.0003225113724351529,0.005961891588161913,0.03319783197831978,0.7837362209932004,10.211214745731965,2.1358024691358026,3.0,0.6784097589653145,4.094650205761317,0.0,1.4038461538461537,quiet_or_delayed_launch,3.0,5.333333333333333,2.0,10.0,13.0,23.0,29.0,1.0,2.230769230769231,2.0,4.0,1.3333333333333333,172,0,171,172,1.0,1.0,172,0,172,established_far_shell_horizon,0.013374855760320358,0.0064516129032258064,0.003498811131923459,split_persistent_dual,60,74,204,159,6,497,56,344,48,34,152.29078014184398,3414,192,2.0,127,49.10981308411215,126,1.0,31,v15ds_growth_seed_1511_p2,0,1,0,0,0,v15ds_fresh_active_set_landscape_atlas_after_failed_v15dr_mapper,w32_mean_boundary_per_mass,higher_is_established,v15df_frozen_boundary_mass_no_refit,3.0,5.333333333333333,2.0,10.0,13.0,23.0,29.0,1.0,2.230769230769231,2.0,4.0,1.3333333333333333,5,32.0,2.0,2.0,2.0,2.0,0.5,0.5,0.0,0.0,12.0,12.0,0.0,0.0,0.0,0.0,0.0,0.0,6.0,6.0,1.0,1.0,1.0,1.0,0.0,0.0,0.0,0.0,0.0,0.0,0.5,0.5,0.0,0.0,6.0,6.0,0.0,0.0,1.0,1.0,0.1125,0.1125,0.0,0.0,0.5,0.5,0.0,0.0,0.0,0.0,0.0,0.0,0.0,0.0,0.0,0.0,0.0,9,64.0,2.3333333333333335,4.0,1.8888888888888888,2.0,0.5740740740740741,1.0,0.0,0.0,12.0,12.0,0.4444444444444444,3.0,0.06481481481481481,0.3333333333333333,0.2222222222222222,1.0,5.444444444444445,6.0,1.0,1.0,1.0,1.0,0.0,0.0,0.0,0.0,0.0,0.0,0.42592592592592593,0.5,0.0,0.0,5.444444444444445,6.0,0.12037037037037036,0.75,0.8518518518518519,1.0,0.10138888888888889,0.1125,0.0,0.0,0.4488811728395062,0.5,1.0416666666666665,-0.4166666666666667,0.24305555555555552,0.0,0.1736111111111111,-1.6666666666666667,0.0,-0.48611111111111105,-0.03385416666666667,0.0,-0.1511863425925926,13,96.0,2.230769230769231,4.0,1.9230769230769231,2.0,0.5512820512820513,1.0,0.0,0.0,12.0,12.0,0.3076923076923077,3.0,0.04487179487179487,0.3333333333333333,0.15384615384615385,1.0,5.615384615384615,6.0,1.0,1.0,1.0,1.0,0.0,0.0,0.0,0.0,0.0,0.0,0.44871794871794873,0.5,0.0,0.0,5.615384615384615,6.0,0.08333333333333333,0.75,0.8974358974358975,1.0,0.10480769230769231,0.1125,0.0,0.0,0.46461004273504275,0.5,-0.06868131868131869,0.0,-0.011446886446886444,0.0,-0.022893772893772892,0.13736263736263737,0.0,0.02289377289377289,0.002575549450549451,0.0,0.013354700854700856,6.0,5.333333333333333,0.14557703573520797,0.01757469244288225,0.1063268892794376,0.021675454012888107,0.0017574692442882249,0.033203125,0.1240234375,0.04795880183995327,0.123046875,0.056239015817223195,0.9835969537199766,0.8992384299941418,0.0773286467486819,0.06824838898652606,0.39753471220394854,1,genealogy_intensity_index,0,v15cz_frozen_spec_no_refit,0.27171939723589855,0.27522935779816515,0.26674928224467725,0.5952380952380952,0.4166666666666667,0.30196641590282136,0.05745062836624775,0.995257854179016,other_established,0,"161,591,912",5.333333333333333,13.0,23.0,29.0,10.0,16.0,6.0,4.0,1.3333333333333333,2,10,0.2413793103448276,0.3675925925925925,0.23242369684499317,0.17778612905171975,-0.04730639730639724,-0.03301139906358763,-0.02392450128226034,-10.0
1024,1511,add_chord_p2,add_chord,2,18289,1039132202,1,"161,591,912",3414,8,640,0.11627906976744186,0.7790697674418605,536.0,1008.0,1088.0,2152.0,2232.0,2280.0,0.0,0.0,2.1728395061728394,3.0,0.0,0.0,0.0,0.0,0.028806584362139915,0.3333333333333333,0.0,0.00019760614272809396,0.0005928184281842818,0.6645693027994459,7.663714922374772,1.9135802469135803,2.0,0.5576131687242798,5.683127572016461,0.0,nan,quiet_or_delayed_launch,3.0,5.333333333333333,2.0,10.0,13.0,23.0,29.0,1.0,2.230769230769231,2.0,4.0,1.3333333333333333,172,29,171,143,0.7132867132867133,1.0,102,34,75,established_far_shell_horizon,0.00014398203121934213,0.0064516129032258064,0.0,split_fragment,15,20,72,59,8,166,960,1008,592,20,209.3932584269663,1966,8,2.0,44,11.86448598130841,44,1.0,11,v15ds_growth_seed_1511_p2,0,1,0,0,0,v15ds_fresh_active_set_landscape_atlas_after_failed_v15dr_mapper,w32_mean_boundary_per_mass,higher_is_established,v15df_frozen_boundary_mass_no_refit,3.0,5.333333333333333,2.0,10.0,13.0,23.0,29.0,1.0,2.230769230769231,2.0,4.0,1.3333333333333333,5,32.0,2.0,2.0,2.0,2.0,0.5,0.5,0.0,0.0,12.0,12.0,0.0,0.0,0.0,0.0,0.0,0.0,6.0,6.0,1.0,1.0,1.0,1.0,0.0,0.0,0.0,0.0,0.0,0.0,0.5,0.5,0.0,0.0,6.0,6.0,0.0,0.0,1.0,1.0,0.1125,0.1125,0.0,0.0,0.5,0.5,0.0,0.0,0.0,0.0,0.0,0.0,0.0,0.0,0.0,0.0,0.0,9,64.0,2.0,2.0,2.0,2.0,0.5,0.5,0.0,0.0,12.0,12.0,0.0,0.0,0.0,0.0,0.0,0.0,6.0,6.0,1.0,1.0,1.0,1.0,0.0,0.0,0.0,0.0,0.0,0.0,0.5,0.5,0.0,0.0,6.0,6.0,0.0,0.0,1.0,1.0,0.1125,0.1125,0.0,0.0,0.5,0.5,0.0,0.0,0.0,0.0,0.0,0.0,0.0,0.0,0.0,0.0,0.0,13,96.0,2.0,2.0,2.0,2.0,0.5,0.5,0.0,0.0,12.0,12.0,0.0,0.0,0.0,0.0,0.0,0.0,6.0,6.0,1.0,1.0,1.0,1.0,0.0,0.0,0.0,0.0,0.0,0.0,0.5,0.5,0.0,0.0,6.0,6.0,0.0,0.0,1.0,1.0,0.1125,0.1125,0.0,0.0,0.5,0.5,0.0,0.0,0.0,0.0,0.0,0.0,0.0,0.0,0.0,0.0,0.0,6.0,5.333333333333333,0.04862331575864089,0.004393673110720563,0.038371411833626246,0.005858230814294083,0.0023432923257176333,0.01953125,0.04296875,0.011586412091121495,0.04296875,0.0023432923257176333,0.718804920913884,0.7047451669595782,0.025483304042179262,0.023140011716461628,0.16927764045454805,1,genealogy_intensity_index,0,v15cz_frozen_spec_no_refit,0.07589414986391026,0.06880733944954129,0.08042489394321518,0.2619047619047619,0.09172259507829977,0.04574699192130844,0.0023937761819269898,0.7273266152934204,other_established,0,"161,591,912",5.333333333333333,13.0,23.0,29.0,10.0,16.0,6.0,4.0,1.3333333333333333,2,10,0.2413793103448276,0.3675925925925925,0.23242369684499317,0.17778612905171975,-0.04730639730639724,-0.03301139906358763,-0.02392450128226034,-10.0
1024,1601,add_chord_p0,add_chord,0,18107,1040030020,1,"24,59,68",3414,8,640,0.023255813953488372,0.9244186046511628,152.0,200.0,632.0,1176.0,nan,nan,0.0,0.0,4.135802469135802,6.0,0.12901234567901235,0.4,0.0,0.0,0.49650205761316873,1.0,0.0,0.0014848690153568202,0.003791214995483288,0.41294109415222763,4.909513935227601,2.185185185185185,4.0,0.6300411522633745,9.081893004115226,0.0,2.0408163265306123,quiet_or_delayed_launch,3.0,11.333333333333334,3.0,17.0,32.0,93.0,156.0,2.103448275862069,4.875,2.0,10.0,1.3333333333333333,172,172,-1,0,0.0,0.0,0,0,0,no_far_shell_horizon,0.01906364567938167,0.008695652173913044,0.0,split_persistent_dual,37,42,160,137,8,376,424,200,264,27,170.4600938967136,2918,2990,2.0,91,35.24065420560748,91,1.0,23,v15ds_growth_seed_1601_p0,0,1,0,0,0,v15ds_fresh_active_set_landscape_atlas_after_failed_v15dr_mapper,w32_mean_boundary_per_mass,higher_is_established,v15df_frozen_boundary_mass_no_refit,3.0,11.333333333333334,3.0,17.0,32.0,93.0,156.0,2.103448275862069,4.875,2.0,10.0,1.3333333333333333,5,32.0,2.0,2.0,2.0,2.0,0.5,0.5,0.0,0.0,31.0,31.0,0.0,0.0,0.0,0.0,0.0,0.0,15.5,15.5,1.0,1.0,1.0,1.0,0.0,0.0,0.0,0.0,0.0,0.0,1.0,1.0,0.0,0.0,15.5,15.5,0.0,0.0,1.0,1.0,0.21250000000000002,0.21250000000000002,0.0,0.0,1.0,1.0,0.0,0.0,0.0,0.0,0.0,0.0,0.0,0.0,0.0,0.0,0.0,9,64.0,2.0,2.0,2.0,2.0,0.5,0.5,0.0,0.0,31.0,31.0,0.0,0.0,0.0,0.0,0.0,0.0,15.5,15.5,1.0,1.0,1.0,1.0,0.0,0.0,0.0,0.0,0.0,0.0,1.0,1.0,0.0,0.0,15.5,15.5,0.0,0.0,1.0,1.0,0.21250000000000002,0.21250000000000002,0.0,0.0,1.0,1.0,0.0,0.0,0.0,0.0,0.0,0.0,0.0,0.0,0.0,0.0,0.0,13,96.0,2.0,2.0,2.0,2.0,0.5,0.5,0.0,0.0,31.0,31.0,0.0,0.0,0.0,0.0,0.0,0.0,15.5,15.5,1.0,1.0,1.0,1.0,0.0,0.0,0.0,0.0,0.0,0.0,1.0,1.0,0.0,0.0,15.5,15.5,0.0,0.0,1.0,1.0,0.21250000000000002,0.21250000000000002,0.0,0.0,1.0,1.0,0.0,0.0,0.0,0.0,0.0,0.0,0.0,0.0,0.0,0.0,0.0,15.5,11.333333333333334,0.11013473930872876,0.010837727006444054,0.08699472759226713,0.012302284710017574,0.0023432923257176333,0.0263671875,0.0888671875,0.03441470137266355,0.0888671875,0.8758055067369654,0.8758055067369654,0.9414176918570591,0.05770357352079672,0.05243116578793205,0.40941496799820437,0,genealogy_intensity_index,0,v15cz_frozen_spec_no_refit,0.20013373278873664,0.16972477064220184,0.21374320626236476,0.42857142857142855,0.2757270693512304,0.20655718807807635,0.8946738479952124,0.8861885002963842,p0_no_horizon_other,0,"24,59,68",11.333333333333334,32.0,93.0,156.0,61.0,124.0,63.0,10.0,1.3333333333333333,2,26,0.4551282051282051,0.3088331292112805,0.1984081218566547,0.15569562130934897,-0.014756917357290844,-0.014529468389986394,-0.013756758414951609,-29.0
1024,1601,add_chord_p0,add_chord,0,18161,1040030074,1,"24,59,68",3414,8,640,0.005813953488372093,0.9476744186046512,152.0,208.0,488.0,624.0,2048.0,2160.0,0.0,0.0,4.209876543209877,8.0,0.24563492063492062,0.5,0.005291005291005291,0.14285714285714285,0.6800411522633745,1.2857142857142858,4.71835075493612e-05,0.002173113062975868,0.0050107271906052395,0.6793205059841563,7.120498941436298,2.7901234567901234,5.0,0.46393298059964727,9.807613168724279,0.0,2.9874213836477987,inner_gate_load_without_outer_horizon,3.0,11.333333333333334,3.0,17.0,32.0,93.0,156.0,2.103448275862069,4.875,2.0,10.0,1.3333333333333333,172,14,171,158,0.5253164556962026,1.0,83,82,40,mixed_far_shell_horizon,0.03995561666332553,0.008695652173913044,0.008774168120720903,split_persistent_dual,51,57,165,139,8,412,520,208,576,32,156.2943722943723,2574,2894,2.0,88,30.177570093457945,84,0.7857142857142857,25,v15ds_growth_seed_1601_p0,0,1,0,0,0,v15ds_fresh_active_set_landscape_atlas_after_failed_v15dr_mapper,w32_mean_boundary_per_mass,higher_is_established,v15df_frozen_boundary_mass_no_refit,3.0,11.333333333333334,3.0,17.0,32.0,93.0,156.0,2.103448275862069,4.875,2.0,10.0,1.3333333333333333,5,32.0,2.0,2.0,2.0,2.0,0.5,0.5,0.0,0.0,31.0,31.0,0.0,0.0,0.0,0.0,0.0,0.0,15.5,15.5,1.0,1.0,1.0,1.0,0.0,0.0,0.0,0.0,0.0,0.0,1.0,1.0,0.0,0.0,15.5,15.5,0.0,0.0,1.0,1.0,0.21250000000000002,0.21250000000000002,0.0,0.0,1.0,1.0,0.0,0.0,0.0,0.0,0.0,0.0,0.0,0.0,0.0,0.0,0.0,9,64.0,2.0,2.0,2.0,2.0,0.5,0.5,0.0,0.0,31.0,31.0,0.0,0.0,0.0,0.0,0.0,0.0,15.5,15.5,1.0,1.0,1.0,1.0,0.0,0.0,0.0,0.0,0.0,0.0,1.0,1.0,0.0,0.0,15.5,15.5,0.0,0.0,1.0,1.0,0.21250000000000002,0.21250000000000002,0.0,0.0,1.0,1.0,0.0,0.0,0.0,0.0,0.0,0.0,0.0,0.0,0.0,0.0,0.0,13,96.0,2.0,2.0,2.0,2.0,0.5,0.5,0.0,0.0,31.0,31.0,0.0,0.0,0.0,0.0,0.0,0.0,15.5,15.5,1.0,1.0,1.0,1.0,0.0,0.0,0.0,0.0,0.0,0.0,1.0,1.0,0.0,0.0,15.5,15.5,0.0,0.0,1.0,1.0,0.21250000000000002,0.21250000000000002,0.0,0.0,1.0,1.0,0.0,0.0,0.0,0.0,0.0,0.0,0.0,0.0,0.0,0.0,0.0,15.5,11.333333333333334,0.12067955477445812,0.014938488576449912,0.08904510837727006,0.016695957820738138,0.0023432923257176333,0.03125,0.0859375,0.029470283294392524,0.08203125,0.8476859988283538,0.8476859988283538,0.9390743995313415,0.0632688927943761,0.05741066198008202,0.4227192884121023,-1,genealogy_intensity_index,1,v15cz_frozen_spec_no_refit,0.22143194700442118,0.23394495412844038,0.21936506280594337,0.5476190476190477,0.26398210290827745,0.17172703364811973,0.8659485338120885,0.8577356253704802,non_decisive,0,"24,59,68",11.333333333333334,32.0,93.0,156.0,61.0,124.0,63.0,10.0,1.3333333333333333,2,26,0.4551282051282051,0.3088331292112805,0.1984081218566547,0.15569562130934897,-0.014756917357290844,-0.014529468389986394,-0.013756758414951609,-29.0
1024,1601,add_chord_p0,add_chord,0,18223,1040030136,1,"24,59,68",3414,8,640,0.0,0.9709302325581395,48.0,56.0,200.0,16.0,608.0,624.0,0.037037037037037035,0.06172839506172839,6.938271604938271,29.0,0.14418241594369174,0.4,0.30827105429836715,0.7241379310344828,4.0714382286011315,8.444444444444445,0.00038685537517155975,0.005117757400054976,0.005902777777777778,0.823603492430234,9.286347780282052,4.925925925925926,15.0,0.383715113157261,8.51456175579918,0.0,3.154126984126984,early_high_launch,3.0,11.333333333333334,3.0,17.0,32.0,93.0,156.0,2.103448275862069,4.875,2.0,10.0,1.3333333333333333,172,0,171,172,1.0,1.0,172,0,172,established_far_shell_horizon,0.03990897409891813,0.008695652173913044,0.011368114858780755,split_persistent_dual,106,126,476,432,10,1140,512,16,448,37,117.18979266347688,2790,2902,2.0,179,83.07009345794393,178,0.8571428571428571,32,v15ds_growth_seed_1601_p0,0,1,0,0,0,v15ds_fresh_active_set_landscape_atlas_after_failed_v15dr_mapper,w32_mean_boundary_per_mass,higher_is_established,v15df_frozen_boundary_mass_no_refit,3.0,11.333333333333334,3.0,17.0,32.0,93.0,156.0,2.103448275862069,4.875,2.0,10.0,1.3333333333333333,5,32.0,2.6,3.0,2.6,3.0,0.39999999999999997,0.5,0.0,0.0,34.0,36.0,0.0,0.0,2.1999999999999997,3.6666666666666665,6.6,11.0,13.4,15.5,0.7999999999999999,1.0,0.7999999999999999,1.0,0.0,0.0,0.0,0.0,0.0,0.0,1.0,1.0,0.0,0.0,13.4,15.5,0.0,0.0,1.6,2.0,0.22,0.225,0.0,0.0,0.43333333333333335,1.0,3.75,3.75,-0.625,0.0,13.750000000000002,-13.125,0.0,3.75,0.04687499999999994,0.0,-3.5416666666666665,9,64.0,3.111111111111111,4.0,2.888888888888889,4.0,0.39814814814814814,0.5,0.0,0.0,36.55555555555556,46.0,0.2222222222222222,1.0,2.7407407407407405,3.6666666666666665,8.88888888888889,13.0,12.194444444444445,15.5,0.7407407407407407,1.0,0.7407407407407407,1.0,0.0,0.0,0.0,0.0,0.0,0.0,0.9444444444444444,1.0,0.0,0.0,12.194444444444445,15.5,0.05555555555555555,0.25,1.7777777777777777,3.0,0.21250000000000002,0.225,0.0,0.0,0.28055073302469136,1.0,3.3333333333333335,2.083333333333333,-0.08680555555555555,0.0,4.826388888888889,-8.958333333333334,0.0,1.4583333333333333,-0.04600694444444446,0.0,-1.3154658564814816,13,96.0,3.3846153846153846,4.0,2.923076923076923,4.0,0.42948717948717946,0.5,0.0,0.0,36.07692307692308,46.0,0.46153846153846156,1.0,2.9743589743589745,3.6666666666666665,10.153846153846153,13.0,11.134615384615385,15.5,0.7435897435897436,1.0,0.7435897435897436,1.0,0.0,0.0,0.0,0.0,0.0,0.0,0.8846153846153846,1.0,0.0,0.0,11.134615384615385,15.5,0.11538461538461539,0.25,1.6923076923076923,3.0,0.19775641025641028,0.225,0.0,0.0,0.2152610844017094,1.0,2.197802197802198,0.8241758241758242,0.09729853479853483,0.0,2.5297619047619047,-7.211538461538461,0.0,0.13736263736263735,-0.07440476190476193,0.0,-0.6959945436507936,13.4,11.333333333333334,0.3339191564147627,0.031048623315758642,0.2659636789689514,0.03690685413005272,0.0029291154071470417,0.0361328125,0.1748046875,0.08112313814252337,0.173828125,0.8500292911540714,0.8500292911540714,0.9953134153485648,0.1704745166959578,0.1634446397188049,0.6742209569707107,1,genealogy_intensity_index,0,v15cz_frozen_spec_no_refit,0.652129167810486,0.48623853211009177,0.7044509702804395,0.6666666666666666,0.6202460850111856,0.535587225611829,0.8683423099940155,0.8601066982809721,other_established,0,"24,59,68",11.333333333333334,32.0,93.0,156.0,61.0,124.0,63.0,10.0,1.3333333333333333,2,26,0.4551282051282051,0.3088331292112805,0.1984081218566547,0.15569562130934897,-0.014756917357290844,-0.014529468389986394,-0.013756758414951609,-29.0
1024,1601,add_chord_p0,add_chord,0,18289,1040030202,1,"24,59,68",3414,8,640,0.0,0.9476744186046512,144.0,152.0,160.0,112.0,1472.0,1504.0,0.0,0.0,5.08641975308642,6.0,0.19176954732510287,0.3333333333333333,0.29176954732510285,0.5,3.803292181069959,6.0,0.0004799006323396567,0.006437443541102078,0.01808378500451671,0.7636749127463687,8.351682785182565,4.802469135802469,6.0,0.2820987654320988,9.54485596707819,0.0,3.5847457627118646,early_outer_mass_without_high,3.0,11.333333333333334,3.0,17.0,32.0,93.0,156.0,2.103448275862069,4.875,2.0,10.0,1.3333333333333333,172,0,171,172,1.0,1.0,172,0,172,established_far_shell_horizon,0.033485180462673306,0.008695652173913044,0.006451137020090715,split_persistent_dual,46,57,245,220,9,568,1304,112,1128,24,132.21639344262294,3192,2110,2.0,113,42.63551401869159,113,0.6363636363636364,17,v15ds_growth_seed_1601_p0,0,1,0,0,0,v15ds_fresh_active_set_landscape_atlas_after_failed_v15dr_mapper,w32_mean_boundary_per_mass,higher_is_established,v15df_frozen_boundary_mass_no_refit,3.0,11.333333333333334,3.0,17.0,32.0,93.0,156.0,2.103448275862069,4.875,2.0,10.0,1.3333333333333333,5,32.0,2.0,2.0,2.0,2.0,0.5,0.5,0.0,0.0,31.0,31.0,0.0,0.0,0.0,0.0,0.0,0.0,15.5,15.5,1.0,1.0,1.0,1.0,0.0,0.0,0.0,0.0,0.0,0.0,1.0,1.0,0.0,0.0,15.5,15.5,0.0,0.0,1.0,1.0,0.21250000000000002,0.21250000000000002,0.0,0.0,1.0,1.0,0.0,0.0,0.0,0.0,0.0,0.0,0.0,0.0,0.0,0.0,0.0,9,64.0,2.0,2.0,2.0,2.0,0.5,0.5,0.0,0.0,31.0,31.0,0.0,0.0,0.0,0.0,0.0,0.0,15.5,15.5,1.0,1.0,1.0,1.0,0.0,0.0,0.0,0.0,0.0,0.0,1.0,1.0,0.0,0.0,15.5,15.5,0.0,0.0,1.0,1.0,0.21250000000000002,0.21250000000000002,0.0,0.0,1.0,1.0,0.0,0.0,0.0,0.0,0.0,0.0,0.0,0.0,0.0,0.0,0.0,13,96.0,2.0,2.0,2.0,2.0,0.5,0.5,0.0,0.0,31.0,31.0,0.0,0.0,0.0,0.0,0.0,0.0,15.5,15.5,1.0,1.0,1.0,1.0,0.0,0.0,0.0,0.0,0.0,0.0,1.0,1.0,0.0,0.0,15.5,15.5,0.0,0.0,1.0,1.0,0.21250000000000002,0.21250000000000002,0.0,0.0,1.0,1.0,0.0,0.0,0.0,0.0,0.0,0.0,0.0,0.0,0.0,0.0,0.0,15.5,11.333333333333334,0.16637375512595196,0.013473930872876391,0.13620386643233742,0.016695957820738138,0.0026362038664323375,0.0234375,0.1103515625,0.0416362441588785,0.1103515625,0.6180433509080258,0.6180433509080258,0.9671939074399531,0.0852372583479789,0.08113649677797305,0.3883197443032978,1,genealogy_intensity_index,0,v15cz_frozen_spec_no_refit,0.3137242086057208,0.21100917431192662,0.3486677633082511,0.35714285714285715,0.36185682326621926,0.2574281796658995,0.6313584679832435,0.6253704801422644,other_established,0,"24,59,68",11.333333333333334,32.0,93.0,156.0,61.0,124.0,63.0,10.0,1.3333333333333333,2,26,0.4551282051282051,0.3088331292112805,0.1984081218566547,0.15569562130934897,-0.014756917357290844,-0.014529468389986394,-0.013756758414951609,-29.0
1024,1601,add_chord_p1,add_chord,1,18107,1040031020,1,"14,15,502",3414,8,640,0.0,1.0,96.0,232.0,264.0,392.0,nan,nan,0.0,0.0,7.91358024691358,22.0,0.2427746404325925,0.6666666666666666,0.05268281706190203,0.3333333333333333,1.4385723914591018,5.277777777777778,0.00027282477605289655,0.0056172094486348035,0.01724537037037037,0.3466388650875719,3.803019009249303,4.135802469135802,9.0,0.5649829866333135,5.667988199769246,0.024691358024691357,2.6441163003663,inner_gate_load_without_outer_horizon,3.0,9.666666666666666,5.0,13.0,24.0,70.0,151.0,2.1904761904761907,6.291666666666667,2.0,8.333333333333334,1.3333333333333333,172,172,-1,0,0.0,0.0,0,0,0,no_far_shell_horizon,0.010116487204684346,0.008695652173913044,0.07366150432051931,split_persistent_dual,67,75,284,243,9,669,208,232,184,36,108.7979002624672,3038,3206,2.0,174,80.32943925233644,174,1.0,35,v15ds_growth_seed_1601_p1,0,1,0,0,0,v15ds_fresh_active_set_landscape_atlas_after_failed_v15dr_mapper,w32_mean_boundary_per_mass,higher_is_established,v15df_frozen_boundary_mass_no_refit,3.0,9.666666666666666,5.0,13.0,24.0,70.0,151.0,2.1904761904761907,6.291666666666667,2.0,8.333333333333334,1.3333333333333333,5,32.0,2.0,2.0,2.0,2.0,0.5,0.5,0.0,0.0,18.0,18.0,0.0,0.0,0.0,0.0,0.0,0.0,9.0,9.0,1.0,1.0,1.0,1.0,0.0,0.0,0.0,0.0,0.0,0.0,1.0,1.0,0.0,0.0,9.0,9.0,0.0,0.0,1.0,1.0,0.16250000000000003,0.16250000000000003,0.0,0.0,0.75,0.75,0.0,0.0,0.0,0.0,0.0,0.0,0.0,0.0,0.0,0.0,0.0,9,64.0,2.0,2.0,2.0,2.0,0.5,0.5,0.0,0.0,18.0,18.0,0.0,0.0,0.0,0.0,0.0,0.0,9.0,9.0,1.0,1.0,1.0,1.0,0.0,0.0,0.0,0.0,0.0,0.0,1.0,1.0,0.0,0.0,9.0,9.0,0.0,0.0,1.0,1.0,0.16250000000000003,0.16250000000000003,0.0,0.0,0.75,0.75,0.0,0.0,0.0,0.0,0.0,0.0,0.0,0.0,0.0,0.0,0.0,13,96.0,2.076923076923077,3.0,2.0,2.0,0.5128205128205128,0.6666666666666666,0.0,0.0,18.0,18.0,0.07692307692307693,1.0,0.02564102564102564,0.3333333333333333,0.07692307692307693,1.0,8.76923076923077,9.0,1.0,1.0,1.0,1.0,0.0,0.0,0.0,0.0,0.0,0.0,0.9487179487179487,1.0,0.0,0.0,8.76923076923077,9.0,0.02564102564102564,0.3333333333333333,0.9743589743589743,1.0,0.15833333333333335,0.16250000000000003,0.0,0.0,0.7275641025641025,0.75,0.4120879120879121,0.0,0.06868131868131866,0.0,0.13736263736263732,-1.2362637362637363,0.0,-0.13736263736263732,-0.022321428571428586,0.0,-0.1201923076923077,9.0,9.666666666666666,0.19595782073813708,0.01962507322788518,0.1543643819566491,0.021968365553602813,0.0026362038664323375,0.03515625,0.169921875,0.0784467180198598,0.169921875,0.9390743995313415,0.9390743995313415,0.9320445225541887,0.10281195079086115,0.09314586994727592,0.5936316881489017,0,genealogy_intensity_index,0,v15cz_frozen_spec_no_refit,0.3734775318219469,0.30733944954128445,0.39846134983709003,0.6428571428571429,0.6006711409395973,0.5167336164072425,0.9593058049072412,0.9502074688796681,other_no_horizon,0,"14,15,502",9.666666666666666,24.0,70.0,151.0,46.0,127.0,81.0,8.333333333333334,1.3333333333333333,2,40,0.47019867549668876,0.3405105836924019,0.19230842756659502,0.1318626086920151,-0.0220571095571096,-0.016363184874195136,-0.011121747916182298,-16.0
1024,1601,add_chord_p1,add_chord,1,18161,1040031074,1,"14,15,502",3414,8,640,0.0,1.0,24.0,48.0,104.0,296.0,nan,nan,0.0,0.0,12.765432098765432,24.0,0.37045996307368156,0.5882352941176471,0.07088941384613251,0.2222222222222222,1.9830221866342823,3.7777777777777777,0.00030888414587476126,0.004915523447027612,0.02655544263775971,0.39993136480489966,5.046785317142782,3.5555555555555554,7.0,0.6754097385426436,3.9694352225288294,0.0,2.369906685906686,inner_gate_load_without_outer_horizon,3.0,9.666666666666666,5.0,13.0,24.0,70.0,151.0,2.1904761904761907,6.291666666666667,2.0,8.333333333333334,1.3333333333333333,172,172,-1,0,0.0,0.0,0,0,0,no_far_shell_horizon,0.021145882008727433,0.008695652173913044,0.013322611822526895,split_persistent_dual,67,74,299,250,13,690,56,24,48,36,118.85567010309278,3414,88,2.0,133,62.205607476635514,133,1.0,31,v15ds_growth_seed_1601_p1,0,1,0,0,0,v15ds_fresh_active_set_landscape_atlas_after_failed_v15dr_mapper,w32_mean_boundary_per_mass,higher_is_established,v15df_frozen_boundary_mass_no_refit,3.0,9.666666666666666,5.0,13.0,24.0,70.0,151.0,2.1904761904761907,6.291666666666667,2.0,8.333333333333334,1.3333333333333333,5,32.0,2.8,4.0,2.4,3.0,0.5,0.5,0.0,0.0,18.4,19.0,0.4,1.0,0.2,0.5,0.4,1.0,7.3,9.0,0.9,1.0,1.0,1.0,0.0,0.0,0.0,0.0,0.0,0.0,0.9,1.0,0.0,0.0,7.3,9.0,0.1,0.25,1.2,1.5,0.1366666666666667,0.16250000000000003,0.0,0.0,0.5885416666666666,0.75,7.5,3.75,0.0,0.0,1.875,-15.937499999999998,0.0,1.875,-0.24218750000000014,0.0,-1.513671875,9,64.0,3.3333333333333335,5.0,2.5555555555555554,3.0,0.4981481481481482,0.75,0.0,0.0,21.22222222222222,33.0,0.7777777777777778,2.0,0.3851851851851852,0.8,1.0,2.0,6.807407407407408,9.0,0.8296296296296296,1.0,0.912962962962963,1.0,0.0,0.0,0.0,0.0,0.0,0.0,0.8296296296296296,1.0,0.0,0.0,6.807407407407408,9.0,0.18333333333333335,0.5,1.3111111111111111,2.0,0.1298456790123457,0.16250000000000003,0.0,0.0,0.4798716778120713,0.75,3.958333333333333,1.4583333333333333,-0.08333333333333333,0.0,1.2916666666666667,-4.395833333333334,0.0,1.0833333333333333,-0.05972222222222228,0.0,-0.7662068383487655,13,96.0,4.538461538461538,9.0,2.769230769230769,4.0,0.5254273504273504,0.8888888888888888,0.23076923076923078,2.0,25.307692307692307,41.0,2.0,9.0,0.5743589743589743,1.0,1.3076923076923077,2.0,6.191452991452992,9.0,0.8126068376068376,1.0,0.8702991452991453,1.0,0.11645299145299146,0.8888888888888888,0.11645299145299146,0.8888888888888888,0.11645299145299146,0.8888888888888888,0.7645299145299145,1.0,0.026709401709401708,0.2222222222222222,6.191452991452992,9.0,0.3128205128205128,1.0,1.3702991452991453,2.666666666666667,0.1825525284900285,0.5564814814814815,0.024606036324786324,0.2222222222222222,0.4032027985517569,0.75,6.5247252747252755,1.098901098901099,0.13221153846153844,1.1675824175824177,1.185897435897436,-3.9926739926739923,0.5809294871794871,0.3588598901098902,0.248581063034188,0.1251108917124542,-0.5549714728751187,7.3,9.666666666666666,0.20210896309314588,0.01962507322788518,0.1608084358523726,0.021675454012888107,0.003807850029291154,0.03515625,0.1298828125,0.06074766355140187,0.1298828125,0.025776215582893967,0.9835969537199766,0.9929701230228472,0.10720562390158173,0.09490333919156414,0.4507537002987902,0,genealogy_intensity_index,0,v15cz_frozen_spec_no_refit,0.38590149011442954,0.30733944954128445,0.41613004183119423,0.6428571428571429,0.44015659955257275,0.39205548631348447,0.026331538001196888,0.995257854179016,other_no_horizon,0,"14,15,502",9.666666666666666,24.0,70.0,151.0,46.0,127.0,81.0,8.333333333333334,1.3333333333333333,2,40,0.47019867549668876,0.3405105836924019,0.19230842756659502,0.1318626086920151,-0.0220571095571096,-0.016363184874195136,-0.011121747916182298,-16.0
1024,1601,add_chord_p1,add_chord,1,18223,1040031136,1,"14,15,502",3414,8,640,0.011627906976744186,0.6802325581395349,784.0,848.0,1008.0,1040.0,nan,nan,0.0,0.0,2.0,2.0,0.0,0.0,0.0,0.0,0.0,0.0,0.0,0.0,0.0,0.12906102645155668,2.192593196105819,2.0,2.0,0.5,9.0,0.0,nan,quiet_or_delayed_launch,3.0,9.666666666666666,5.0,13.0,24.0,70.0,151.0,2.1904761904761907,6.291666666666667,2.0,8.333333333333334,1.3333333333333333,172,172,-1,0,0.0,0.0,0,0,0,no_far_shell_horizon,0.009048366524366054,0.008695652173913044,0.013567537600474551,split_persistent_dual,35,40,57,42,12,174,848,848,816,13,116.88,1718,112,2.0,59,19.313084112149532,56,1.0,12,v15ds_growth_seed_1601_p1,0,1,0,0,0,v15ds_fresh_active_set_landscape_atlas_after_failed_v15dr_mapper,w32_mean_boundary_per_mass,higher_is_established,v15df_frozen_boundary_mass_no_refit,3.0,9.666666666666666,5.0,13.0,24.0,70.0,151.0,2.1904761904761907,6.291666666666667,2.0,8.333333333333334,1.3333333333333333,5,32.0,2.0,2.0,2.0,2.0,0.5,0.5,0.0,0.0,18.0,18.0,0.0,0.0,0.0,0.0,0.0,0.0,9.0,9.0,1.0,1.0,1.0,1.0,0.0,0.0,0.0,0.0,0.0,0.0,1.0,1.0,0.0,0.0,9.0,9.0,0.0,0.0,1.0,1.0,0.16250000000000003,0.16250000000000003,0.0,0.0,0.75,0.75,0.0,0.0,0.0,0.0,0.0,0.0,0.0,0.0,0.0,0.0,0.0,9,64.0,2.0,2.0,2.0,2.0,0.5,0.5,0.0,0.0,18.0,18.0,0.0,0.0,0.0,0.0,0.0,0.0,9.0,9.0,1.0,1.0,1.0,1.0,0.0,0.0,0.0,0.0,0.0,0.0,1.0,1.0,0.0,0.0,9.0,9.0,0.0,0.0,1.0,1.0,0.16250000000000003,0.16250000000000003,0.0,0.0,0.75,0.75,0.0,0.0,0.0,0.0,0.0,0.0,0.0,0.0,0.0,0.0,0.0,13,96.0,2.0,2.0,2.0,2.0,0.5,0.5,0.0,0.0,18.0,18.0,0.0,0.0,0.0,0.0,0.0,0.0,9.0,9.0,1.0,1.0,1.0,1.0,0.0,0.0,0.0,0.0,0.0,0.0,1.0,1.0,0.0,0.0,9.0,9.0,0.0,0.0,1.0,1.0,0.16250000000000003,0.16250000000000003,0.0,0.0,0.75,0.75,0.0,0.0,0.0,0.0,0.0,0.0,0.0,0.0,0.0,0.0,0.0,9.0,9.666666666666666,0.050966608084358524,0.010251903925014646,0.02899824253075571,0.011716461628588167,0.0035149384885764497,0.0126953125,0.0576171875,0.018860433703271028,0.0546875,0.032806092560046865,0.7516110134739309,0.7516110134739309,0.026947861745752782,0.02401874633860574,0.1790762763283426,0,genealogy_intensity_index,0,v15cz_frozen_spec_no_refit,0.08062708635628459,0.16055045871559634,0.05472497831542732,0.09523809523809523,0.1504474272930649,0.09698766212098621,0.033512866546977854,0.7605216360403083,other_no_horizon,0,"14,15,502",9.666666666666666,24.0,70.0,151.0,46.0,127.0,81.0,8.333333333333334,1.3333333333333333,2,40,0.47019867549668876,0.3405105836924019,0.19230842756659502,0.1318626086920151,-0.0220571095571096,-0.016363184874195136,-0.011121747916182298,-16.0
1024,1601,add_chord_p1,add_chord,1,18289,1040031202,1,"14,15,502",3414,8,640,0.0,0.9593023255813954,176.0,184.0,352.0,360.0,nan,nan,0.0,0.0,5.0,12.0,0.2609703739333369,0.7142857142857143,0.03605811198403791,0.2,0.9309042809042809,2.25,0.00015978723549861762,0.003669272330349566,0.009002371273712737,0.3706321376606954,4.090143407501735,3.45679012345679,5.0,0.45400210215025033,7.113462669018225,0.0,5.559057971014493,inner_gate_load_without_outer_horizon,3.0,9.666666666666666,5.0,13.0,24.0,70.0,151.0,2.1904761904761907,6.291666666666667,2.0,8.333333333333334,1.3333333333333333,172,172,-1,0,0.0,0.0,0,0,0,no_far_shell_horizon,0.020031267102958127,0.008695652173913044,0.07648885147496373,split_persistent_dual,82,99,273,225,8,679,800,288,568,29,135.4360313315927,3414,2614,2.0,152,62.33644859813084,152,0.8,29,v15ds_growth_seed_1601_p1,0,1,0,0,0,v15ds_fresh_active_set_landscape_atlas_after_failed_v15dr_mapper,w32_mean_boundary_per_mass,higher_is_established,v15df_frozen_boundary_mass_no_refit,3.0,9.666666666666666,5.0,13.0,24.0,70.0,151.0,2.1904761904761907,6.291666666666667,2.0,8.333333333333334,1.3333333333333333,5,32.0,2.0,2.0,2.0,2.0,0.5,0.5,0.0,0.0,18.0,18.0,0.0,0.0,0.0,0.0,0.0,0.0,9.0,9.0,1.0,1.0,1.0,1.0,0.0,0.0,0.0,0.0,0.0,0.0,1.0,1.0,0.0,0.0,9.0,9.0,0.0,0.0,1.0,1.0,0.16250000000000003,0.16250000000000003,0.0,0.0,0.75,0.75,0.0,0.0,0.0,0.0,0.0,0.0,0.0,0.0,0.0,0.0,0.0,9,64.0,2.0,2.0,2.0,2.0,0.5,0.5,0.0,0.0,18.0,18.0,0.0,0.0,0.0,0.0,0.0,0.0,9.0,9.0,1.0,1.0,1.0,1.0,0.0,0.0,0.0,0.0,0.0,0.0,1.0,1.0,0.0,0.0,9.0,9.0,0.0,0.0,1.0,1.0,0.16250000000000003,0.16250000000000003,0.0,0.0,0.75,0.75,0.0,0.0,0.0,0.0,0.0,0.0,0.0,0.0,0.0,0.0,0.0,13,96.0,2.0,2.0,2.0,2.0,0.5,0.5,0.0,0.0,18.0,18.0,0.0,0.0,0.0,0.0,0.0,0.0,9.0,9.0,1.0,1.0,1.0,1.0,0.0,0.0,0.0,0.0,0.0,0.0,1.0,1.0,0.0,0.0,9.0,9.0,0.0,0.0,1.0,1.0,0.16250000000000003,0.16250000000000003,0.0,0.0,0.75,0.75,0.0,0.0,0.0,0.0,0.0,0.0,0.0,0.0,0.0,0.0,0.0,9.0,9.666666666666666,0.19888693614528413,0.02401874633860574,0.14586994727592267,0.02899824253075571,0.0023432923257176333,0.0283203125,0.1484375,0.06087543808411215,0.1484375,0.7656707674282367,0.7656707674282367,0.9156414762741651,0.10398359695371998,0.09490333919156414,0.508914146282384,0,genealogy_intensity_index,0,v15cz_frozen_spec_no_refit,0.3793937024374148,0.3761467889908257,0.37517080129940733,0.47619047619047616,0.5145413870246085,0.3929555733684349,0.782166367444644,0.7747480735032602,other_no_horizon,0,"14,15,502",9.666666666666666,24.0,70.0,151.0,46.0,127.0,81.0,8.333333333333334,1.3333333333333333,2,40,0.47019867549668876,0.3405105836924019,0.19230842756659502,0.1318626086920151,-0.0220571095571096,-0.016363184874195136,-0.011121747916182298,-16.0
1024,1601,add_chord_p2,add_chord,2,18107,1040032020,1,"6,105,287",3414,8,640,0.7906976744186046,0.8197674418604651,2696.0,2752.0,nan,nan,nan,nan,0.0,0.0,2.0,2.0,0.0,0.0,0.0,0.0,0.0,0.0,0.0,0.0,0.0,0.0,0.5130843316889829,2.0,2.0,0.5,7.0,0.0,nan,quiet_or_delayed_launch,3.0,7.666666666666667,3.0,11.0,18.0,56.0,125.0,2.533333333333333,6.944444444444445,2.0,6.333333333333333,1.3333333333333333,172,172,-1,0,0.0,0.0,0,0,0,no_far_shell_horizon,0.002381745822544973,0.008695652173913044,0.0,split_persistent_dual,1,2,4,2,2,9,2888,2888,2984,4,975.4285714285714,3024,136,2.0,11,3.205607476635514,10,1.0,2,v15ds_growth_seed_1601_p2,0,1,0,0,0,v15ds_fresh_active_set_landscape_atlas_after_failed_v15dr_mapper,w32_mean_boundary_per_mass,higher_is_established,v15df_frozen_boundary_mass_no_refit,3.0,7.666666666666667,3.0,11.0,18.0,56.0,125.0,2.533333333333333,6.944444444444445,2.0,6.333333333333333,1.3333333333333333,5,32.0,2.0,2.0,2.0,2.0,0.5,0.5,0.0,0.0,14.0,14.0,0.0,0.0,0.0,0.0,0.0,0.0,7.0,7.0,1.0,1.0,1.0,1.0,0.0,0.0,0.0,0.0,0.0,0.0,0.5,0.5,0.0,0.0,7.0,7.0,0.0,0.0,1.0,1.0,0.12916666666666668,0.12916666666666668,0.0,0.0,0.5833333333333334,0.5833333333333334,0.0,0.0,0.0,0.0,0.0,0.0,0.0,0.0,0.0,0.0,0.0,9,64.0,2.0,2.0,2.0,2.0,0.5,0.5,0.0,0.0,14.0,14.0,0.0,0.0,0.0,0.0,0.0,0.0,7.0,7.0,1.0,1.0,1.0,1.0,0.0,0.0,0.0,0.0,0.0,0.0,0.5,0.5,0.0,0.0,7.0,7.0,0.0,0.0,1.0,1.0,0.12916666666666668,0.12916666666666668,0.0,0.0,0.5833333333333334,0.5833333333333334,0.0,0.0,0.0,0.0,0.0,0.0,0.0,0.0,0.0,0.0,0.0,13,96.0,2.0,2.0,2.0,2.0,0.5,0.5,0.0,0.0,14.0,14.0,0.0,0.0,0.0,0.0,0.0,0.0,7.0,7.0,1.0,1.0,1.0,1.0,0.0,0.0,0.0,0.0,0.0,0.0,0.5,0.5,0.0,0.0,7.0,7.0,0.0,0.0,1.0,1.0,0.12916666666666668,0.12916666666666668,0.0,0.0,0.5833333333333334,0.5833333333333334,0.0,0.0,0.0,0.0,0.0,0.0,0.0,0.0,0.0,0.0,0.0,7.0,7.666666666666667,0.0026362038664323375,0.00029291154071470416,0.0017574692442882249,0.0005858230814294083,0.0005858230814294083,0.00390625,0.0107421875,0.003130476051401869,0.009765625,0.03983596953719976,0.1540714704159344,0.1540714704159344,0.0014645577035735209,0.0011716461628588166,0.025147424365113802,0,genealogy_intensity_index,0,v15cz_frozen_spec_no_refit,0.0,0.0045871559633027525,0.0,0.0,0.0,0.0,0.040694195092758824,0.15589804386484885,p2_no_horizon,0,"6,105,287",7.666666666666667,18.0,56.0,125.0,38.0,107.0,69.0,6.333333333333333,1.3333333333333333,2,24,0.576,0.29563374171217305,0.16350860739666542,0.1150615570165114,-0.021237409105056115,-0.015148249049419638,-0.010846401003812303,-12.0
1024,1601,add_chord_p2,add_chord,2,18161,1040032074,1,"6,105,287",3414,8,640,0.8255813953488372,0.8837209302325582,1200.0,1264.0,1536.0,nan,nan,nan,0.0,0.0,2.0,2.0,0.0,0.0,0.0,0.0,0.0,0.0,0.0,0.0,0.0,0.0,0.9585755813953488,2.0,2.0,0.5,7.0,0.0,nan,quiet_or_delayed_launch,3.0,7.666666666666667,3.0,11.0,18.0,56.0,125.0,2.533333333333333,6.944444444444445,2.0,6.333333333333333,1.3333333333333333,172,172,-1,0,0.0,0.0,0,0,0,no_far_shell_horizon,0.0024741969591508474,0.008695652173913044,0.0,split_persistent_dual,2,2,14,13,3,31,2600,1264,2480,4,491.22222222222223,3414,814,2.0,8,3.9836448598130842,6,0.875,3,v15ds_growth_seed_1601_p2,0,1,0,0,0,v15ds_fresh_active_set_landscape_atlas_after_failed_v15dr_mapper,w32_mean_boundary_per_mass,higher_is_established,v15df_frozen_boundary_mass_no_refit,3.0,7.666666666666667,3.0,11.0,18.0,56.0,125.0,2.533333333333333,6.944444444444445,2.0,6.333333333333333,1.3333333333333333,5,32.0,2.0,2.0,2.0,2.0,0.5,0.5,0.0,0.0,14.0,14.0,0.0,0.0,0.0,0.0,0.0,0.0,7.0,7.0,1.0,1.0,1.0,1.0,0.0,0.0,0.0,0.0,0.0,0.0,0.5,0.5,0.0,0.0,7.0,7.0,0.0,0.0,1.0,1.0,0.12916666666666668,0.12916666666666668,0.0,0.0,0.5833333333333334,0.5833333333333334,0.0,0.0,0.0,0.0,0.0,0.0,0.0,0.0,0.0,0.0,0.0,9,64.0,2.0,2.0,2.0,2.0,0.5,0.5,0.0,0.0,14.0,14.0,0.0,0.0,0.0,0.0,0.0,0.0,7.0,7.0,1.0,1.0,1.0,1.0,0.0,0.0,0.0,0.0,0.0,0.0,0.5,0.5,0.0,0.0,7.0,7.0,0.0,0.0,1.0,1.0,0.12916666666666668,0.12916666666666668,0.0,0.0,0.5833333333333334,0.5833333333333334,0.0,0.0,0.0,0.0,0.0,0.0,0.0,0.0,0.0,0.0,0.0,13,96.0,2.0,2.0,2.0,2.0,0.5,0.5,0.0,0.0,14.0,14.0,0.0,0.0,0.0,0.0,0.0,0.0,7.0,7.0,1.0,1.0,1.0,1.0,0.0,0.0,0.0,0.0,0.0,0.0,0.5,0.5,0.0,0.0,7.0,7.0,0.0,0.0,1.0,1.0,0.12916666666666668,0.12916666666666668,0.0,0.0,0.5833333333333334,0.5833333333333334,0.0,0.0,0.0,0.0,0.0,0.0,0.0,0.0,0.0,0.0,0.0,7.0,7.666666666666667,0.00908025776215583,0.0005858230814294083,0.007908611599297012,0.0005858230814294083,0.0008787346221441124,0.00390625,0.0078125,0.003890278183411215,0.005859375,0.23842999414176919,0.23842999414176913,0.629759812536614,0.0046865846514352666,0.004393673110720563,0.06174971338502967,0,genealogy_intensity_index,0,v15cz_frozen_spec_no_refit,0.0,0.009174311926605505,0.0,0.0,0.0,0.0,0.2435667265110712,0.2412566686425607,p2_no_horizon,0,"6,105,287",7.666666666666667,18.0,56.0,125.0,38.0,107.0,69.0,6.333333333333333,1.3333333333333333,2,24,0.576,0.29563374171217305,0.16350860739666542,0.1150615570165114,-0.021237409105056115,-0.015148249049419638,-0.010846401003812303,-12.0
1024,1601,add_chord_p2,add_chord,2,18223,1040032136,1,"6,105,287",3414,8,640,0.0,0.9302325581395349,16.0,168.0,176.0,328.0,1112.0,1120.0,0.0,0.0,3.654320987654321,4.0,0.1882716049382716,0.5,0.03292181069958847,0.3333333333333333,0.7674897119341564,1.3333333333333333,3.387533875338753e-05,0.0014135896567299005,0.004556233062330623,0.6347565039794673,7.29889590724443,2.7777777777777777,4.0,0.5164609053497943,5.516460905349795,0.0,2.8,quiet_or_delayed_launch,3.0,7.666666666666667,3.0,11.0,18.0,56.0,125.0,2.533333333333333,6.944444444444445,2.0,6.333333333333333,1.3333333333333333,172,99,171,73,0.8493150684931506,1.0,63,44,52,established_far_shell_horizon,0.002919931263076632,0.008695652173913044,0.0,split_persistent_dual,52,62,271,239,11,624,152,32,48,27,124.46567164179105,3262,3262,2.0,83,30.742990654205606,83,1.0,24,v15ds_growth_seed_1601_p2,0,1,0,0,0,v15ds_fresh_active_set_landscape_atlas_after_failed_v15dr_mapper,w32_mean_boundary_per_mass,higher_is_established,v15df_frozen_boundary_mass_no_refit,3.0,7.666666666666667,3.0,11.0,18.0,56.0,125.0,2.533333333333333,6.944444444444445,2.0,6.333333333333333,1.3333333333333333,5,32.0,2.8,4.0,2.2,3.0,0.5666666666666667,0.6666666666666666,0.0,0.0,14.6,17.0,0.6,1.0,0.23333333333333334,0.5,0.6,1.0,5.516666666666667,7.0,0.95,1.0,1.0,1.0,0.0,0.0,0.0,0.0,0.0,0.0,0.43333333333333335,0.5,0.0,0.0,5.516666666666667,7.0,0.18333333333333332,0.3333333333333333,0.9666666666666667,1.5,0.10402777777777779,0.12916666666666668,0.0,0.0,0.4379050925925926,0.5833333333333334,6.25,2.5,0.2083333333333333,0.0,1.666666666666667,-9.791666666666666,0.0,0.8333333333333335,-0.1527777777777778,0.0,-0.9671585648148148,9,64.0,3.3333333333333335,4.0,1.8888888888888888,3.0,0.7037037037037037,1.0,0.3333333333333333,1.0,16.666666666666668,20.0,1.7777777777777777,4.0,0.2685185185185185,0.5,0.7777777777777778,1.0,5.203703703703704,7.0,0.9444444444444444,1.0,1.0,1.0,0.0,0.0,0.0,0.0,0.3333333333333333,1.0,0.6296296296296297,1.0,0.08333333333333333,0.25,5.203703703703704,7.0,0.46296296296296297,1.0,0.7037037037037037,1.5,0.1080246913580247,0.12916666666666668,0.0,0.0,0.4079218106995885,0.5833333333333334,3.5416666666666665,-1.6666666666666667,0.8333333333333334,1.875,0.3645833333333333,-2.864583333333333,0.0,-1.5625,0.003038194444444457,0.0,-0.276511863425926,13,96.0,3.5384615384615383,4.0,1.6153846153846154,3.0,0.7948717948717948,1.0,0.46153846153846156,1.0,18.076923076923077,25.0,2.3846153846153846,4.0,0.26282051282051283,0.5,0.8461538461538461,1.0,5.237179487179487,7.0,0.9615384615384616,1.0,1.0,1.0,0.0,0.0,0.0,0.0,0.46153846153846156,1.0,0.7435897435897436,1.0,0.11538461538461539,0.25,5.237179487179487,7.0,0.6089743589743589,1.0,0.48717948717948717,1.5,0.11068376068376069,0.12916666666666668,0.0,0.0,0.41011173433048437,0.5833333333333334,1.9917582417582416,-1.6483516483516485,0.6410256410256411,1.0302197802197801,0.09729853479853483,-0.6810897435897437,0.0,-1.3850732600732603,0.009968330280830292,0.0,-0.07229821682946684,5.516666666666667,7.666666666666667,0.1827768014059754,0.015231400117164616,0.14938488576449913,0.01816051552431166,0.003222026947861746,0.0263671875,0.0810546875,0.030022451810747662,0.0810546875,0.955477445811365,0.955477445811365,0.9906268306971294,0.09461042765084944,0.08816637375512595,0.47020720552625345,1,genealogy_intensity_index,0,v15cz_frozen_spec_no_refit,0.3468547640523412,0.23853211009174313,0.38480826965982784,0.42857142857142855,0.24440715883668906,0.17561669556415546,0.97606223818073,0.966804979253112,other_established,0,"6,105,287",7.666666666666667,18.0,56.0,125.0,38.0,107.0,69.0,6.333333333333333,1.3333333333333333,2,24,0.576,0.29563374171217305,0.16350860739666542,0.1150615570165114,-0.021237409105056115,-0.015148249049419638,-0.010846401003812303,-12.0
1024,1601,add_chord_p2,add_chord,2,18289,1040032202,1,"6,105,287",3414,8,640,0.0,0.9476744186046512,16.0,24.0,64.0,48.0,808.0,1080.0,0.0,0.0,16.135802469135804,42.0,0.29012347346055134,0.42857142857142855,0.20355031251992128,0.5476190476190477,2.5605222817089794,5.571428571428571,0.0010086188427386581,0.008387961487487702,0.024356368563685636,0.7069221291431996,7.528695689413562,7.098765432098766,24.0,0.5289170857302957,4.8100331970623555,0.0,3.1058362933362935,early_outer_mass_without_high,3.0,7.666666666666667,3.0,11.0,18.0,56.0,125.0,2.533333333333333,6.944444444444445,2.0,6.333333333333333,1.3333333333333333,172,11,171,161,0.9937888198757764,1.0,164,8,148,established_far_shell_horizon,0.021686458388350757,0.008695652173913044,0.04946591270180706,split_persistent_dual,100,116,418,367,4,1001,168,24,160,33,108.14126394052045,3414,112,2.0,205,99.35514018691589,205,1.0,27,v15ds_growth_seed_1601_p2,0,1,0,0,0,v15ds_fresh_active_set_landscape_atlas_after_failed_v15dr_mapper,w32_mean_boundary_per_mass,higher_is_established,v15df_frozen_boundary_mass_no_refit,3.0,7.666666666666667,3.0,11.0,18.0,56.0,125.0,2.533333333333333,6.944444444444445,2.0,6.333333333333333,1.3333333333333333,5,32.0,3.6,6.0,2.4,3.0,0.5866666666666667,0.6666666666666666,0.0,0.0,22.0,34.0,1.2,3.0,0.4666666666666667,1.0,1.0,2.0,6.28,7.0,0.9266666666666666,1.0,0.96,1.0,0.2533333333333333,0.6666666666666666,0.2533333333333333,0.6666666666666666,0.0,0.0,0.5533333333333333,0.8333333333333334,0.0,0.0,6.28,7.0,0.24666666666666667,0.5,0.9733333333333334,1.2000000000000002,0.2435,0.44027777777777777,0.027916666666666666,0.08333333333333333,0.4496481481481482,0.5833333333333334,13.750000000000002,3.75,0.5416666666666665,0.0,3.75,-4.083333333333332,2.416666666666666,0.2500000000000002,1.1434027777777778,0.2786458333333333,-0.9020833333333333,9,64.0,4.444444444444445,6.0,2.6666666666666665,3.0,0.5888888888888889,0.6666666666666666,0.0,0.0,26.77777777777778,35.0,1.7777777777777777,3.0,0.8111111111111111,1.4,2.0,4.0,6.144444444444445,7.0,0.8777777777777778,1.0,0.9148148148148149,1.0,0.4037037037037037,0.6666666666666666,0.4037037037037037,0.6666666666666666,0.0,0.0,0.5888888888888889,0.8333333333333334,0.0,0.0,6.144444444444445,7.0,0.337037037037037,0.5,1.0851851851851853,1.5,0.3178240740740741,0.44027777777777777,0.04247685185185185,0.08333333333333333,0.3807423696844993,0.5833333333333334,6.25,1.875,0.0486111111111111,0.0,2.2916666666666665,-1.2638888888888888,1.0555555555555556,0.7222222222222223,0.5157407407407406,0.1032986111111111,-0.4943512088477366,13,96.0,4.923076923076923,6.0,2.769230769230769,3.0,0.5615384615384615,0.6666666666666666,0.0,0.0,29.307692307692307,35.0,2.1538461538461537,3.0,0.9205128205128206,1.4,2.3076923076923075,4.0,6.0487179487179485,7.0,0.8641025641025641,1.0,0.8897435897435898,1.0,0.43333333333333335,0.6666666666666666,0.43333333333333335,0.6666666666666666,0.0,0.0,0.5615384615384615,0.8333333333333334,0.0,0.0,6.0487179487179485,7.0,0.3871794871794872,0.5,1.212820512820513,1.5,0.3326388888888889,0.44027777777777777,0.0438301282051282,0.08333333333333333,0.35188028252611586,0.5833333333333334,3.983516483516483,1.0302197802197801,-0.09386446886446884,0.0,1.1950549450549453,-0.8012820512820518,0.46703296703296704,0.7509157509157509,0.2295482295482295,0.03949175824175825,-0.27893666904083575,6.28,7.666666666666667,0.29320445225541886,0.029291154071470416,0.22993555946104277,0.03397773872290568,0.0011716461628588166,0.0322265625,0.2001953125,0.09702650408878505,0.2001953125,0.032806092560046865,0.9507908611599297,0.9929701230228472,0.15172817809021674,0.14147627416520211,0.5713666119687397,1,genealogy_intensity_index,0,v15cz_frozen_spec_no_refit,0.5698943962554819,0.45871559633027525,0.6056669195861298,0.5714285714285714,0.7220357941834452,0.6476159179869088,0.033512866546977854,0.9620628334321281,other_established,0,"6,105,287",7.666666666666667,18.0,56.0,125.0,38.0,107.0,69.0,6.333333333333333,1.3333333333333333,2,24,0.576,0.29563374171217305,0.16350860739666542,0.1150615570165114,-0.021237409105056115,-0.015148249049419638,-0.010846401003812303,-12.0
1024,1709,add_chord_p0,add_chord,0,18107,1041110020,1,"0,20,50",3414,8,640,0.0,0.9418604651162791,104.0,272.0,280.0,360.0,nan,nan,0.0,0.0,6.296296296296297,12.0,0.19263356670764079,0.6,0.035661286587212515,0.25,0.9306962927333298,1.75,0.0001556841889667093,0.002775261364776947,0.006461720867208672,0.4807703861455499,3.8878838704609575,3.728395061728395,8.0,0.5168915789286159,3.948239449165375,0.0,2.876595744680851,inner_gate_load_without_outer_horizon,3.0,9.0,6.0,15.0,26.0,84.0,173.0,2.5217391304347827,6.653846153846154,2.0,7.666666666666667,1.3333333333333333,172,172,-1,0,0.0,0.0,0,0,0,no_far_shell_horizon,0.010280250127255253,0.008130081300813009,0.0023998833767796073,split_persistent_dual,141,167,335,272,19,915,280,168,232,40,116.3003663003663,2550,3134,2.0,201,89.17056074766356,199,1.0,38,v15ds_growth_seed_1709_p0,0,1,0,0,0,v15ds_fresh_active_set_landscape_atlas_after_failed_v15dr_mapper,w32_mean_boundary_per_mass,higher_is_established,v15df_frozen_boundary_mass_no_refit,3.0,9.0,6.0,15.0,26.0,84.0,173.0,2.5217391304347827,6.653846153846154,2.0,7.666666666666667,1.3333333333333333,5,32.0,2.0,2.0,2.0,2.0,0.5,0.5,0.0,0.0,12.0,12.0,0.0,0.0,0.0,0.0,0.0,0.0,6.0,6.0,1.0,1.0,1.0,1.0,0.0,0.0,0.0,0.0,0.0,0.0,1.0,1.0,0.0,0.0,6.0,6.0,0.0,0.0,1.0,1.0,0.1125,0.1125,0.0,0.0,0.5,0.5,0.0,0.0,0.0,0.0,0.0,0.0,0.0,0.0,0.0,0.0,0.0,9,64.0,2.0,2.0,2.0,2.0,0.5,0.5,0.0,0.0,12.0,12.0,0.0,0.0,0.0,0.0,0.0,0.0,6.0,6.0,1.0,1.0,1.0,1.0,0.0,0.0,0.0,0.0,0.0,0.0,1.0,1.0,0.0,0.0,6.0,6.0,0.0,0.0,1.0,1.0,0.1125,0.1125,0.0,0.0,0.5,0.5,0.0,0.0,0.0,0.0,0.0,0.0,0.0,0.0,0.0,0.0,0.0,13,96.0,2.0,2.0,2.0,2.0,0.5,0.5,0.0,0.0,12.0,12.0,0.0,0.0,0.0,0.0,0.0,0.0,6.0,6.0,1.0,1.0,1.0,1.0,0.0,0.0,0.0,0.0,0.0,0.0,1.0,1.0,0.0,0.0,6.0,6.0,0.0,0.0,1.0,1.0,0.1125,0.1125,0.0,0.0,0.5,0.5,0.0,0.0,0.0,0.0,0.0,0.0,0.0,0.0,0.0,0.0,0.0,6.0,9.0,0.2680140597539543,0.04130052724077329,0.17779730521382542,0.048916227299355595,0.005565319273579379,0.0390625,0.1962890625,0.0870806257301402,0.1943359375,0.9179847685998829,0.9179847685998829,0.9507908611599297,0.13942589338019917,0.12858816637375511,0.6896462440275186,0,genealogy_intensity_index,0,v15cz_frozen_spec_no_refit,0.5190153289624577,0.6467889908256881,0.46271113890655974,0.7380952380952381,0.7063758389261745,0.5775537845488926,0.9377618192698982,0.9288678126852401,p0_high_score_no_horizon,1,"0,20,50",9.0,26.0,84.0,173.0,58.0,147.0,89.0,7.666666666666667,1.3333333333333333,2,40,0.7225433526011561,0.4297494553376906,0.26644302084668287,0.19825227664130676,-0.03395135832110624,-0.03311614975010499,-0.0296172281110694,-10.0
1024,1709,add_chord_p0,add_chord,0,18161,1041110074,1,"0,20,50",3414,8,640,0.0,0.9186046511627907,16.0,88.0,24.0,16.0,nan,nan,0.0,0.0,30.333333333333332,57.0,0.2601804368775861,0.38181818181818183,0.5705740523526113,0.8333333333333334,3.9915580792715724,4.666666666666667,0.00012231199770313119,0.00178185345996081,0.004059394760614273,0.6094566193551489,4.359543991139012,15.567901234567902,25.0,0.24835316449831038,3.4458066270674936,0.2222222222222222,4.38653482098609,early_outer_mass_without_high,3.0,9.0,6.0,15.0,26.0,84.0,173.0,2.5217391304347827,6.653846153846154,2.0,7.666666666666667,1.3333333333333333,172,172,-1,0,0.0,0.0,0,0,0,no_far_shell_horizon,0.021138020901663,0.008130081300813009,0.008461424400876934,split_persistent_dual,189,206,594,541,7,1530,96,16,176,36,79.03078677309009,1654,3318,2.0,253,137.1658878504673,251,0.9011857707509882,26,v15ds_growth_seed_1709_p0,0,1,0,0,0,v15ds_fresh_active_set_landscape_atlas_after_failed_v15dr_mapper,w32_mean_boundary_per_mass,higher_is_established,v15df_frozen_boundary_mass_no_refit,3.0,9.0,6.0,15.0,26.0,84.0,173.0,2.5217391304347827,6.653846153846154,2.0,7.666666666666667,1.3333333333333333,5,32.0,4.6,8.0,3.4,5.0,0.40714285714285714,0.5,0.0,0.0,17.2,23.0,1.2,3.0,1.4928571428571429,3.0,3.6,6.0,4.432142857142857,6.0,0.7107142857142857,1.0,0.7107142857142857,1.0,0.0,0.0,0.0,0.0,0.0,0.0,0.6071428571428571,1.0,0.0,0.0,4.432142857142857,6.0,0.18214285714285713,0.375,2.164285714285714,3.75,0.10092261904761905,0.1125,0.0,0.0,0.24016091927842564,0.5,21.25,11.25,-0.8928571428571428,0.0,10.892857142857144,-11.205357142857144,0.0,10.089285714285715,-0.06063988095238096,0.0,-1.77169933263484,9,64.0,7.111111111111111,13.0,5.333333333333333,10.0,0.3148894315560982,0.5,0.0,0.0,27.0,45.0,1.7777777777777777,3.0,2.5382919549586216,4.5,5.444444444444445,9.0,4.188892280558947,6.0,0.5167785917785918,1.0,0.5167785917785918,1.0,0.0,0.0,0.0,0.0,0.0,0.0,0.4788970288970289,1.0,0.0,0.0,4.188892280558947,6.0,0.21201668701668702,0.375,3.9795889295889295,8.461538461538462,0.11955973296251074,0.16346153846153846,0.0,0.0,0.13685966304256922,0.5,16.041666666666668,12.291666666666666,-0.5953144078144078,0.0,7.033348595848595,-3.40995115995116,0.0,11.377747252747254,0.08538932132682131,0.0,-0.7846447922310974,13,96.0,9.538461538461538,18.0,7.076923076923077,12.0,0.27454799474030245,0.5,0.0,0.0,32.61538461538461,52.0,2.4615384615384617,6.0,3.1095378979994366,4.666666666666667,6.538461538461538,9.0,3.848186108763032,6.0,0.4045494035878651,1.0,0.4045494035878651,1.0,0.0,0.0,0.043727106227106224,0.21428571428571427,0.0,0.0,0.395188785573401,1.0,0.0,0.0,3.848186108763032,6.0,0.22645111298957452,0.375,5.519752042828966,10.0,0.14187875692683385,0.2064814814814815,0.0,0.0,0.09474899749100946,0.5,15.590659340659341,11.332417582417582,-0.3578326054287592,0.0,4.552003247058193,-2.6750262481718523,0.0,10.158595982771807,0.12107280247733547,0.0,-0.4278687457057358,4.432142857142857,9.0,0.44815465729349735,0.05536028119507909,0.3324545987111892,0.06033977738722906,0.002050380785002929,0.03515625,0.2470703125,0.13395106235397197,0.2451171875,0.9718804920913884,0.9718804920913884,0.9953134153485648,0.22934973637961337,0.218804920913884,0.8841688263420104,0,genealogy_intensity_index,0,v15cz_frozen_spec_no_refit,0.882859821813735,0.8669724770642203,0.8867597467650596,0.6428571428571429,0.9099552572706935,0.9077250038844574,0.992818671454219,0.9834024896265561,p0_high_score_no_horizon,1,"0,20,50",9.0,26.0,84.0,173.0,58.0,147.0,89.0,7.666666666666667,1.3333333333333333,2,40,0.7225433526011561,0.4297494553376906,0.26644302084668287,0.19825227664130676,-0.03395135832110624,-0.03311614975010499,-0.0296172281110694,-10.0
1024,1709,add_chord_p0,add_chord,0,18223,1041110136,1,"0,20,50",3414,8,640,0.0,0.9186046511627907,200.0,232.0,336.0,320.0,nan,nan,0.0,0.0,12.987654320987655,41.0,0.23307798603837207,0.5625,0.19859021661965706,0.6153846153846154,1.7415215706410976,4.230769230769231,0.0009415704147235443,0.0072779272906816714,0.01652269647696477,0.6019727579060276,4.352342457350398,6.765432098765432,20.0,0.43790491117269403,4.749544677162477,0.037037037037037035,4.512355415515394,early_outer_mass_without_high,3.0,9.0,6.0,15.0,26.0,84.0,173.0,2.5217391304347827,6.653846153846154,2.0,7.666666666666667,1.3333333333333333,172,172,-1,0,0.0,0.0,0,0,0,no_far_shell_horizon,0.004621552724308039,0.008130081300813009,0.005679222534203841,split_persistent_dual,171,180,402,356,8,1109,232,232,216,37,110.35857805255023,3078,3182,2.0,249,125.64719626168224,249,1.0,23,v15ds_growth_seed_1709_p0,0,1,0,0,0,v15ds_fresh_active_set_landscape_atlas_after_failed_v15dr_mapper,w32_mean_boundary_per_mass,higher_is_established,v15df_frozen_boundary_mass_no_refit,3.0,9.0,6.0,15.0,26.0,84.0,173.0,2.5217391304347827,6.653846153846154,2.0,7.666666666666667,1.3333333333333333,5,32.0,2.0,2.0,2.0,2.0,0.5,0.5,0.0,0.0,12.0,12.0,0.0,0.0,0.0,0.0,0.0,0.0,6.0,6.0,1.0,1.0,1.0,1.0,0.0,0.0,0.0,0.0,0.0,0.0,1.0,1.0,0.0,0.0,6.0,6.0,0.0,0.0,1.0,1.0,0.1125,0.1125,0.0,0.0,0.5,0.5,0.0,0.0,0.0,0.0,0.0,0.0,0.0,0.0,0.0,0.0,0.0,9,64.0,2.0,2.0,2.0,2.0,0.5,0.5,0.0,0.0,12.0,12.0,0.0,0.0,0.0,0.0,0.0,0.0,6.0,6.0,1.0,1.0,1.0,1.0,0.0,0.0,0.0,0.0,0.0,0.0,1.0,1.0,0.0,0.0,6.0,6.0,0.0,0.0,1.0,1.0,0.1125,0.1125,0.0,0.0,0.5,0.5,0.0,0.0,0.0,0.0,0.0,0.0,0.0,0.0,0.0,0.0,0.0,13,96.0,2.0,2.0,2.0,2.0,0.5,0.5,0.0,0.0,12.0,12.0,0.0,0.0,0.0,0.0,0.0,0.0,6.0,6.0,1.0,1.0,1.0,1.0,0.0,0.0,0.0,0.0,0.0,0.0,1.0,1.0,0.0,0.0,6.0,6.0,0.0,0.0,1.0,1.0,0.1125,0.1125,0.0,0.0,0.5,0.5,0.0,0.0,0.0,0.0,0.0,0.0,0.0,0.0,0.0,0.0,0.0,6.0,9.0,0.3248388986526069,0.05008787346221441,0.22202694786174576,0.05272407732864675,0.0023432923257176333,0.0361328125,0.2431640625,0.12270234009929906,0.2431640625,0.9320445225541887,0.9320445225541887,0.9320445225541887,0.1678383128295255,0.15700058582308143,0.7858551520843504,0,genealogy_intensity_index,0,v15cz_frozen_spec_no_refit,0.6337890389025355,0.7844036697247707,0.5839826157751837,0.6666666666666666,0.8942953020134228,0.8284851970825718,0.9521244763614602,0.9430942501481921,p0_high_score_no_horizon,1,"0,20,50",9.0,26.0,84.0,173.0,58.0,147.0,89.0,7.666666666666667,1.3333333333333333,2,40,0.7225433526011561,0.4297494553376906,0.26644302084668287,0.19825227664130676,-0.03395135832110624,-0.03311614975010499,-0.0296172281110694,-10.0
1024,1709,add_chord_p0,add_chord,0,18289,1041110202,1,"0,20,50",3414,8,640,0.0,0.9476744186046512,24.0,72.0,112.0,184.0,nan,nan,0.0,0.0,7.703703703703703,15.0,0.178084741047704,0.4,0.1816046779009742,0.46153846153846156,2.5746383246383244,5.0,0.0006927497217978247,0.0070100162465508,0.019173441734417346,0.5158373835369481,4.041963801154234,3.3950617283950617,8.0,0.6697976235013272,4.051762572132943,0.0,2.2981770833333335,early_outer_mass_without_high,3.0,9.0,6.0,15.0,26.0,84.0,173.0,2.5217391304347827,6.653846153846154,2.0,7.666666666666667,1.3333333333333333,172,172,-1,0,0.0,0.0,0,0,0,no_far_shell_horizon,0.0024646485756635787,0.008130081300813009,0.003081748772288525,split_persistent_dual,119,133,337,299,17,888,424,72,168,31,94.04743083003953,2366,2990,2.0,173,71.46728971962617,170,1.0,20,v15ds_growth_seed_1709_p0,0,1,0,0,0,v15ds_fresh_active_set_landscape_atlas_after_failed_v15dr_mapper,w32_mean_boundary_per_mass,higher_is_established,v15df_frozen_boundary_mass_no_refit,3.0,9.0,6.0,15.0,26.0,84.0,173.0,2.5217391304347827,6.653846153846154,2.0,7.666666666666667,1.3333333333333333,5,32.0,2.4,3.0,2.0,2.0,0.5666666666666667,0.6666666666666666,0.0,0.0,12.4,13.0,0.4,1.0,0.13333333333333333,0.3333333333333333,0.4,1.0,5.333333333333333,6.0,1.0,1.0,1.0,1.0,0.0,0.0,0.0,0.0,0.0,0.0,0.7333333333333333,1.0,0.0,0.0,5.333333333333333,6.0,0.13333333333333333,0.3333333333333333,0.8666666666666667,1.0,0.09972222222222223,0.1125,0.0,0.0,0.4324074074074074,0.5,3.75,0.0,0.6249999999999999,0.0,1.25,-6.250000000000002,0.0,-1.2499999999999998,-0.11979166666666666,0.0,-0.6336805555555557,9,64.0,2.6666666666666665,3.0,2.0,2.0,0.611111111111111,0.6666666666666666,0.0,0.0,12.444444444444445,13.0,0.6666666666666666,1.0,0.2222222222222222,0.3333333333333333,0.6666666666666666,1.0,4.814814814814815,6.0,1.0,1.0,1.0,1.0,0.0,0.0,0.0,0.0,0.0,0.0,0.5555555555555556,1.0,0.0,0.0,4.814814814814815,6.0,0.2222222222222222,0.3333333333333333,0.7777777777777778,1.0,0.08996913580246914,0.1125,0.0,0.0,0.38168724279835387,0.5,1.875,0.0,0.3124999999999999,0.0,0.625,-3.680555555555556,0.0,-0.6249999999999998,-0.06915509259259259,0.0,-0.3592785493827161,13,96.0,2.8461538461538463,4.0,2.076923076923077,3.0,0.6153846153846153,0.6666666666666666,0.0,0.0,12.923076923076923,14.0,0.7692307692307693,1.0,0.28846153846153844,0.75,0.8461538461538461,2.0,4.67948717948718,6.0,0.9807692307692307,1.0,0.9807692307692307,1.0,0.0,0.0,0.0,0.0,0.0,0.0,0.6346153846153846,1.0,0.0,0.0,4.67948717948718,6.0,0.25,0.3333333333333333,0.8076923076923077,1.5,0.08808760683760684,0.1125,0.0,0.0,0.3601818465099715,0.5,1.2362637362637363,0.20604395604395606,0.13736263736263732,0.0,0.4292582417582418,-1.6369047619047616,0.0,-0.17170329670329665,-0.029428037240537244,0.0,-0.1864342074303012,5.333333333333333,9.0,0.2601054481546573,0.03485647334504979,0.18629173989455183,0.03895723491505566,0.00497949619214997,0.0302734375,0.1689453125,0.06979227511682243,0.166015625,0.8758055067369654,0.8758055067369654,0.9789103690685413,0.1335676625659051,0.1265377855887522,0.61151396637773,0,genealogy_intensity_index,0,v15cz_frozen_spec_no_refit,0.5030416683006944,0.5458715596330275,0.4860016874442425,0.5238095238095238,0.5967561521252797,0.4557687914174753,0.8946738479952124,0.8861885002963842,p0_high_score_no_horizon,1,"0,20,50",9.0,26.0,84.0,173.0,58.0,147.0,89.0,7.666666666666667,1.3333333333333333,2,40,0.7225433526011561,0.4297494553376906,0.26644302084668287,0.19825227664130676,-0.03395135832110624,-0.03311614975010499,-0.0296172281110694,-10.0
1024,1709,add_chord_p1,add_chord,1,18107,1041111020,1,"42,59,999",3414,8,640,0.0,0.9651162790697675,88.0,104.0,192.0,200.0,344.0,384.0,0.1111111111111111,0.37037037037037035,14.925925925925926,37.0,0.17470085977203065,0.4,0.38925803032291023,0.75,3.746464545300435,6.777777777777778,0.0014198370531288886,0.012598794318589547,0.021959688346883468,0.8441091531215195,7.063227291093023,8.333333333333334,21.0,0.4237942007431382,3.7642065724941576,0.04938271604938271,3.8931457431457432,early_high_launch,3.0,4.666666666666667,2.0,7.0,13.0,38.0,77.0,2.5,5.923076923076923,2.0,3.3333333333333335,1.3333333333333333,172,0,171,172,1.0,1.0,172,0,172,established_far_shell_horizon,0.02971428645697456,0.008130081300813009,0.006393144349523826,split_persistent_dual,189,204,646,586,17,1625,88,104,24,48,98.80593849416755,2742,3326,2.0,262,139.1355140186916,261,1.0,29,v15ds_growth_seed_1709_p1,0,1,0,0,0,v15ds_fresh_active_set_landscape_atlas_after_failed_v15dr_mapper,w32_mean_boundary_per_mass,higher_is_established,v15df_frozen_boundary_mass_no_refit,3.0,4.666666666666667,2.0,7.0,13.0,38.0,77.0,2.5,5.923076923076923,2.0,3.3333333333333335,1.3333333333333333,5,32.0,2.4,3.0,1.6,2.0,0.7,1.0,0.0,0.0,9.4,10.0,0.8,2.0,0.0,0.0,0.0,0.0,4.033333333333333,4.5,1.0,1.0,1.0,1.0,0.0,0.0,0.0,0.0,0.0,0.0,0.3,0.5,0.0,0.0,4.033333333333333,4.5,0.26666666666666666,0.6666666666666666,0.6,1.0,0.07472222222222223,0.08750000000000001,0.0,0.0,0.33611111111111114,0.375,3.75,-3.75,1.875,0.0,0.0,-4.375,0.0,-3.75,-0.1197916666666667,0.0,-0.3645833333333333,9,64.0,2.6666666666666665,3.0,1.3333333333333333,2.0,0.8333333333333334,1.0,0.0,0.0,9.666666666666666,10.0,1.3333333333333333,2.0,0.0,0.0,0.0,0.0,3.7222222222222223,4.5,1.0,1.0,1.0,1.0,0.0,0.0,0.0,0.0,0.0,0.0,0.16666666666666666,0.5,0.0,0.0,3.7222222222222223,4.5,0.4444444444444444,0.6666666666666666,0.3333333333333333,1.0,0.06620370370370371,0.08750000000000001,0.0,0.0,0.3101851851851852,0.375,1.875,-1.875,0.9375,0.0,0.0,-2.1874999999999996,0.0,-1.875,-0.05989583333333334,0.0,-0.18229166666666666,13,96.0,2.769230769230769,3.0,1.3846153846153846,2.0,0.8333333333333334,1.0,0.0,0.0,10.076923076923077,12.0,1.3846153846153846,2.0,0.05128205128205128,0.3333333333333333,0.15384615384615385,1.0,3.7051282051282053,4.5,1.0,1.0,1.0,1.0,0.0,0.0,0.0,0.0,0.0,0.0,0.21794871794871795,0.6666666666666666,0.0,0.0,3.7051282051282053,4.5,0.4615384615384615,0.6666666666666666,0.33333333333333337,1.0,0.06591880341880342,0.08750000000000001,0.0,0.0,0.3044871794871795,0.375,1.0302197802197801,-0.27472527472527475,0.26327838827838823,0.0,0.2518315018315018,-0.6982600732600732,0.0,-0.5265567765567765,-0.018219627594627606,0.0,-0.07917429792429795,4.033333333333333,4.666666666666667,0.47598125366139427,0.05536028119507909,0.36086701816051553,0.05975395430579965,0.00497949619214997,0.046875,0.255859375,0.1358745254088785,0.2548828125,0.974223784417106,0.974223784417106,0.9695371997656708,0.24458113649677798,0.23140011716461628,0.943340082467369,1,genealogy_intensity_index,0,v15cz_frozen_spec_no_refit,0.9390634426606804,0.8669724770642203,0.9646626160117916,0.9285714285714286,0.9451901565995525,0.9212745286580861,0.9952124476361459,0.985773562537048,p1_established,0,"42,59,999",4.666666666666667,13.0,38.0,77.0,25.0,64.0,39.0,3.3333333333333335,1.3333333333333333,2,26,1.051948051948052,0.3831632653061225,0.2598188299390924,0.19026281908970744,-0.04407596371882083,-0.046275792760851114,-0.042538158483502536,-7.0
1024,1709,add_chord_p1,add_chord,1,18161,1041111074,1,"42,59,999",3414,8,640,0.01744186046511628,0.8372093023255814,80.0,128.0,168.0,192.0,nan,nan,0.0,0.0,9.839506172839506,16.0,0.23827785725933873,0.5714285714285714,0.07107236042421228,0.2222222222222222,1.1763926745408226,1.6923076923076923,0.0001365808321897414,0.0024363301213741594,0.006244354110207769,0.47314811851635497,4.334329861383033,3.3703703703703702,5.0,0.7009835157983306,2.5322618054099535,0.0,3.3896336996336998,inner_gate_load_without_outer_horizon,3.0,4.666666666666667,2.0,7.0,13.0,38.0,77.0,2.5,5.923076923076923,2.0,3.3333333333333335,1.3333333333333333,172,172,-1,0,0.0,0.0,0,0,0,no_far_shell_horizon,0.0006229769837801872,0.008130081300813009,0.0024674140504214593,split_persistent_dual,46,61,229,186,6,522,152,128,144,23,112.47183098591549,3414,3262,2.0,116,44.1588785046729,115,0.8461538461538461,23,v15ds_growth_seed_1709_p1,0,1,0,0,0,v15ds_fresh_active_set_landscape_atlas_after_failed_v15dr_mapper,w32_mean_boundary_per_mass,higher_is_established,v15df_frozen_boundary_mass_no_refit,3.0,4.666666666666667,2.0,7.0,13.0,38.0,77.0,2.5,5.923076923076923,2.0,3.3333333333333335,1.3333333333333333,5,32.0,2.0,2.0,2.0,2.0,0.5,0.5,0.0,0.0,9.0,9.0,0.0,0.0,0.0,0.0,0.0,0.0,4.5,4.5,1.0,1.0,1.0,1.0,0.0,0.0,0.0,0.0,0.0,0.0,0.5,0.5,0.0,0.0,4.5,4.5,0.0,0.0,1.0,1.0,0.08750000000000001,0.08750000000000001,0.0,0.0,0.375,0.375,0.0,0.0,0.0,0.0,0.0,0.0,0.0,0.0,0.0,0.0,0.0,9,64.0,2.0,2.0,2.0,2.0,0.5,0.5,0.0,0.0,9.0,9.0,0.0,0.0,0.0,0.0,0.0,0.0,4.5,4.5,1.0,1.0,1.0,1.0,0.0,0.0,0.0,0.0,0.0,0.0,0.5,0.5,0.0,0.0,4.5,4.5,0.0,0.0,1.0,1.0,0.08750000000000001,0.08750000000000001,0.0,0.0,0.375,0.375,0.0,0.0,0.0,0.0,0.0,0.0,0.0,0.0,0.0,0.0,0.0,13,96.0,2.4615384615384617,4.0,2.0,2.0,0.5576923076923077,0.75,0.0,0.0,8.76923076923077,9.0,0.46153846153846156,2.0,0.17307692307692307,0.75,0.46153846153846156,2.0,3.923076923076923,4.5,1.0,1.0,1.0,1.0,0.17307692307692307,0.75,0.17307692307692307,0.75,0.0,0.0,0.38461538461538464,0.5,0.0,0.0,3.923076923076923,4.5,0.11538461538461539,0.5,0.8846153846153846,1.0,0.16298076923076923,0.4145833333333333,0.01622596153846154,0.0703125,0.31971153846153844,0.375,2.0604395604395602,0.0,0.25755494505494503,0.0,0.772664835164835,-2.5755494505494503,0.772664835164835,-0.5151098901098901,0.3369677197802198,0.0724373282967033,-0.246823489010989,4.5,4.666666666666667,0.15289982425307558,0.013473930872876391,0.12155828939660222,0.017867603983596953,0.0017574692442882249,0.0224609375,0.11328125,0.04312390478971963,0.1123046875,0.955477445811365,0.955477445811365,0.9625073227885179,0.08055067369654365,0.07234915055653193,0.46546759354568723,0,genealogy_intensity_index,0,v15cz_frozen_spec_no_refit,0.2865098237745684,0.21100917431192662,0.30851164513983254,0.3333333333333333,0.3736017897091723,0.2679077646628223,0.97606223818073,0.966804979253112,other_no_horizon,0,"42,59,999",4.666666666666667,13.0,38.0,77.0,25.0,64.0,39.0,3.3333333333333335,1.3333333333333333,2,26,1.051948051948052,0.3831632653061225,0.2598188299390924,0.19026281908970744,-0.04407596371882083,-0.046275792760851114,-0.042538158483502536,-7.0
1024,1709,add_chord_p1,add_chord,1,18223,1041111136,1,"42,59,999",3414,8,640,0.0,0.9651162790697675,112.0,176.0,192.0,184.0,1624.0,nan,0.0,0.0,5.580246913580247,12.0,0.2768870361462954,0.5714285714285714,0.13304295156147009,0.5,1.4817255446885076,3.2222222222222223,0.0005640017822436522,0.005380653038808527,0.015009598012646792,0.6870988404099427,5.361628229306663,4.382716049382716,8.0,0.39894313505424617,4.179527639712825,0.09876543209876543,4.574,early_outer_mass_without_high,3.0,4.666666666666667,2.0,7.0,13.0,38.0,77.0,2.5,5.923076923076923,2.0,3.3333333333333335,1.3333333333333333,172,172,-1,0,0.0,0.0,0,171,0,no_far_shell_horizon,0.02993410735727444,0.008130081300813009,0.0007597239327387024,split_persistent_dual,88,92,318,279,20,777,112,184,96,45,120.56561085972851,2366,3302,2.0,124,49.52803738317757,123,1.0,31,v15ds_growth_seed_1709_p1,0,1,0,0,0,v15ds_fresh_active_set_landscape_atlas_after_failed_v15dr_mapper,w32_mean_boundary_per_mass,higher_is_established,v15df_frozen_boundary_mass_no_refit,3.0,4.666666666666667,2.0,7.0,13.0,38.0,77.0,2.5,5.923076923076923,2.0,3.3333333333333335,1.3333333333333333,5,32.0,2.0,2.0,2.0,2.0,0.5,0.5,0.0,0.0,9.0,9.0,0.0,0.0,0.0,0.0,0.0,0.0,4.5,4.5,1.0,1.0,1.0,1.0,0.0,0.0,0.0,0.0,0.0,0.0,0.5,0.5,0.0,0.0,4.5,4.5,0.0,0.0,1.0,1.0,0.08750000000000001,0.08750000000000001,0.0,0.0,0.375,0.375,0.0,0.0,0.0,0.0,0.0,0.0,0.0,0.0,0.0,0.0,0.0,9,64.0,2.0,2.0,2.0,2.0,0.5,0.5,0.0,0.0,9.0,9.0,0.0,0.0,0.0,0.0,0.0,0.0,4.5,4.5,1.0,1.0,1.0,1.0,0.0,0.0,0.0,0.0,0.0,0.0,0.5,0.5,0.0,0.0,4.5,4.5,0.0,0.0,1.0,1.0,0.08750000000000001,0.08750000000000001,0.0,0.0,0.375,0.375,0.0,0.0,0.0,0.0,0.0,0.0,0.0,0.0,0.0,0.0,0.0,13,96.0,2.076923076923077,3.0,1.9230769230769231,2.0,0.5384615384615384,1.0,0.0,0.0,9.076923076923077,10.0,0.15384615384615385,2.0,0.0,0.0,0.0,0.0,4.410256410256411,4.5,1.0,1.0,1.0,1.0,0.0,0.0,0.0,0.0,0.0,0.0,0.46153846153846156,0.5,0.0,0.0,4.410256410256411,4.5,0.05128205128205128,0.6666666666666666,0.9230769230769231,1.0,0.08504273504273505,0.08750000000000001,0.0,0.0,0.36752136752136755,0.375,0.4120879120879121,-0.4120879120879121,0.20604395604395606,0.0,0.0,-0.4807692307692307,0.0,-0.4120879120879121,-0.013163919413919416,0.0,-0.04006410256410256,4.5,4.666666666666667,0.22759226713532513,0.025776215582893967,0.17486818980667837,0.026947861745752782,0.005858230814294083,0.0439453125,0.12109375,0.048367224007009345,0.1201171875,0.9671939074399531,0.9671939074399531,0.9461042765084944,0.11892208553016989,0.10867018160515525,0.6036651643321331,0,genealogy_intensity_index,0,v15cz_frozen_spec_no_refit,0.43737217446900045,0.4036697247706422,0.4546799152728761,0.8571428571428571,0.40492170022371365,0.3048434798820379,0.988031119090365,0.9786603438055721,other_no_horizon,0,"42,59,999",4.666666666666667,13.0,38.0,77.0,25.0,64.0,39.0,3.3333333333333335,1.3333333333333333,2,26,1.051948051948052,0.3831632653061225,0.2598188299390924,0.19026281908970744,-0.04407596371882083,-0.046275792760851114,-0.042538158483502536,-7.0
1024,1709,add_chord_p1,add_chord,1,18289,1041111202,1,"42,59,999",3414,8,640,0.0,0.9593023255813954,120.0,280.0,296.0,40.0,1712.0,2032.0,0.0,0.0,7.111111111111111,15.0,0.07895424191720488,0.26666666666666666,0.3035154831451128,0.45454545454545453,3.1451709127635055,6.0,0.00024547075741181433,0.006896659654959112,0.00811596657633243,0.7093519269106575,6.106851073445316,4.432098765432099,8.0,0.4276190544709063,2.9247309960272925,0.0,2.473684210526316,early_outer_mass_without_high,3.0,4.666666666666667,2.0,7.0,13.0,38.0,77.0,2.5,5.923076923076923,2.0,3.3333333333333335,1.3333333333333333,172,0,171,172,0.6918604651162791,1.0,119,51,66,established_far_shell_horizon,0.03626465229908159,0.008130081300813009,0.0014436588987214124,split_persistent_dual,55,61,206,180,15,502,288,40,280,22,117.68794326241135,3006,3126,2.0,126,46.345794392523366,120,0.8604651162790697,22,v15ds_growth_seed_1709_p1,0,1,0,0,0,v15ds_fresh_active_set_landscape_atlas_after_failed_v15dr_mapper,w32_mean_boundary_per_mass,higher_is_established,v15df_frozen_boundary_mass_no_refit,3.0,4.666666666666667,2.0,7.0,13.0,38.0,77.0,2.5,5.923076923076923,2.0,3.3333333333333335,1.3333333333333333,5,32.0,2.0,2.0,2.0,2.0,0.5,0.5,0.0,0.0,9.0,9.0,0.0,0.0,0.0,0.0,0.0,0.0,4.5,4.5,1.0,1.0,1.0,1.0,0.0,0.0,0.0,0.0,0.0,0.0,0.5,0.5,0.0,0.0,4.5,4.5,0.0,0.0,1.0,1.0,0.08750000000000001,0.08750000000000001,0.0,0.0,0.375,0.375,0.0,0.0,0.0,0.0,0.0,0.0,0.0,0.0,0.0,0.0,0.0,9,64.0,2.4444444444444446,3.0,2.4444444444444446,3.0,0.42592592592592593,0.5,0.0,0.0,11.666666666666666,15.0,0.0,0.0,0.8888888888888888,2.0,2.6666666666666665,6.0,4.722222222222222,5.0,0.8518518518518519,1.0,0.8518518518518519,1.0,0.0,0.0,0.0,0.0,0.0,0.0,0.5740740740740741,0.6666666666666666,0.0,0.0,4.722222222222222,5.0,0.0,0.0,1.4444444444444444,2.0,0.09675925925925927,0.10833333333333334,0.0,0.0,0.2700617283950617,0.375,2.083333333333333,2.083333333333333,-0.34722222222222227,0.0,4.166666666666666,1.0416666666666665,0.0,2.083333333333333,0.04340277777777777,0.0,-0.49189814814814814,13,96.0,2.6153846153846154,3.0,2.6153846153846154,3.0,0.3974358974358974,0.5,0.0,0.0,12.076923076923077,15.0,0.0,0.0,1.3333333333333335,2.3333333333333335,4.0,7.0,4.602564102564102,5.0,0.7948717948717948,1.0,0.7948717948717948,1.0,0.0,0.0,0.0,0.0,0.0,0.0,0.6025641025641025,0.6666666666666666,0.0,0.0,4.602564102564102,5.0,0.0,0.0,1.6153846153846154,2.0,0.0969017094017094,0.10833333333333334,0.0,0.0,0.21783000949667616,0.375,1.3736263736263736,1.3736263736263736,-0.22893772893772898,0.0,3.159340659340659,-0.1373626373626377,0.0,1.3736263736263736,0.014880952380952371,0.0,-0.37202380952380953,4.5,4.666666666666667,0.14704159343878148,0.01611013473930873,0.11306385471587581,0.017867603983596953,0.004393673110720563,0.021484375,0.123046875,0.0452595648364486,0.1171875,0.9156414762741653,0.9156414762741651,0.9882835383714118,0.07644991212653779,0.0705916813122437,0.45991056302916317,1,genealogy_intensity_index,0,v15cz_frozen_spec_no_refit,0.2746774825436325,0.2522935779816514,0.2852210966021498,0.30952380952380953,0.412751677852349,0.2829520768669937,0.9353680430879713,0.926496739774748,p1_established,0,"42,59,999",4.666666666666667,13.0,38.0,77.0,25.0,64.0,39.0,3.3333333333333335,1.3333333333333333,2,26,1.051948051948052,0.3831632653061225,0.2598188299390924,0.19026281908970744,-0.04407596371882083,-0.046275792760851114,-0.042538158483502536,-7.0
1024,1709,add_chord_p2,add_chord,2,18107,1041112020,1,"0,1,2",3414,8,640,0.0,0.9127906976744186,8.0,32.0,96.0,120.0,nan,nan,0.0,0.0,18.950617283950617,34.0,0.33006574326675997,0.5555555555555556,0.29005960994739016,0.5,2.529479880461087,3.533333333333333,0.00044627977499921953,0.0034797116995881785,0.010360207768744354,0.5022835469699264,4.009395769689447,9.728395061728396,18.0,0.34428903987066867,4.458466518559213,0.1728395061728395,3.6638336108336107,early_outer_mass_without_high,3.0,11.0,6.0,17.0,31.0,114.0,240.0,2.9642857142857144,7.741935483870968,2.0,9.666666666666666,1.3333333333333333,172,172,-1,0,0.0,0.0,0,0,0,no_far_shell_horizon,0.009443022662236898,0.008130081300813009,0.00014128976505126288,split_persistent_dual,160,188,586,515,19,1449,200,32,152,40,89.30832356389215,2542,3214,2.0,242,120.86915887850468,238,0.8589211618257261,32,v15ds_growth_seed_1709_p2,0,1,0,0,0,v15ds_fresh_active_set_landscape_atlas_after_failed_v15dr_mapper,w32_mean_boundary_per_mass,higher_is_established,v15df_frozen_boundary_mass_no_refit,3.0,11.0,6.0,17.0,31.0,114.0,240.0,2.9642857142857144,7.741935483870968,2.0,9.666666666666666,1.3333333333333333,5,32.0,3.0,4.0,2.2,3.0,0.6,0.6666666666666666,0.0,0.0,17.4,18.0,0.8,1.0,0.35,0.75,1.0,2.0,6.05,8.0,0.95,1.0,0.95,1.0,0.0,0.0,0.0,0.0,0.0,0.0,0.95,1.0,0.0,0.0,6.05,8.0,0.25,0.3333333333333333,0.9,1.5,0.11208333333333334,0.14583333333333334,0.0,0.0,0.4514973958333333,0.6666666666666666,5.0,2.5,0.0,0.0,1.875,-9.375,0.0,1.25,-0.140625,0.0,-1.1271158854166665,9,64.0,3.2222222222222223,4.0,2.3333333333333335,3.0,0.5925925925925926,0.6666666666666666,0.0,0.0,17.444444444444443,18.0,0.8888888888888888,1.0,0.4351851851851852,0.75,1.2222222222222223,2.0,5.638888888888889,8.0,0.9166666666666666,1.0,0.9166666666666666,1.0,0.0,0.0,0.0,0.0,0.0,0.0,0.9166666666666666,1.0,0.0,0.0,5.638888888888889,8.0,0.2685185185185185,0.3333333333333333,0.9814814814814815,1.5,0.10625000000000001,0.14583333333333334,0.0,0.0,0.40064380787037035,0.6666666666666666,1.875,1.0416666666666665,-0.03472222222222221,0.0,0.7118055555555556,-3.4895833333333335,0.0,0.5902777777777777,-0.05078124999999999,0.0,-0.4262288411458333,13,96.0,3.923076923076923,9.0,2.769230769230769,5.0,0.5435897435897435,0.6666666666666666,0.0,0.0,19.384615384615383,32.0,1.1538461538461537,4.0,0.6132478632478633,1.5555555555555556,1.5384615384615385,3.0,5.30042735042735,8.0,0.8217948717948718,1.0,0.8474358974358974,1.0,0.02564102564102564,0.3333333333333333,0.0,0.0,0.0,0.0,0.8564102564102564,1.0,0.0,0.0,5.30042735042735,8.0,0.2739316239316239,0.4444444444444444,1.3512820512820514,3.333333333333334,0.11292378917378919,0.20092592592592595,0.002403846153846154,0.03125,0.33898615974860186,0.6666666666666666,3.983516483516483,2.3351648351648353,-0.2289377289377289,0.0,1.0416666666666665,-2.638507326007326,0.13736263736263732,1.9001831501831503,0.020985958485958495,0.012877747252747254,-0.40302010774558517,6.05,11.0,0.4244288224956063,0.04686584651435267,0.3224956063268893,0.05506736965436438,0.005565319273579379,0.0390625,0.236328125,0.11803628796728972,0.232421875,0.9414176918570591,0.9414176918570591,0.9906268306971294,0.2185120093731693,0.20591681312243704,0.8429021335311179,0,genealogy_intensity_index,0,v15cz_frozen_spec_no_refit,0.8349388398284449,0.7339449541284404,0.859453586410535,0.7380952380952381,0.8668903803131991,0.7956159465937572,0.9616995810891681,0.9525785417901601,p2_no_horizon,0,"0,1,2",11.0,31.0,114.0,240.0,83.0,209.0,126.0,9.666666666666666,1.3333333333333333,2,50,0.5041666666666667,0.39913052089522677,0.22548241844427486,0.1563340014213915,-0.02474270332559103,-0.0209135240439334,-0.01648216972416583,-14.0
1024,1709,add_chord_p2,add_chord,2,18161,1041112074,1,"0,1,2",3414,8,640,0.09302325581395349,0.627906976744186,1312.0,1376.0,1416.0,1480.0,nan,nan,0.0,0.0,2.0,2.0,0.0,0.0,0.0,0.0,0.0,0.0,0.0,0.0,0.0,0.15876527122620895,2.1103152134662753,2.0,2.0,0.5,8.0,0.0,nan,quiet_or_delayed_launch,3.0,11.0,6.0,17.0,31.0,114.0,240.0,2.9642857142857144,7.741935483870968,2.0,9.666666666666666,1.3333333333333333,172,172,-1,0,0.0,0.0,0,0,0,no_far_shell_horizon,0.0003034079924117537,0.008130081300813009,0.0021225084034968704,split_persistent_dual,14,16,77,57,6,164,1320,1320,1312,22,179.1919191919192,2792,2094,2.0,42,11.004672897196262,42,1.0,22,v15ds_growth_seed_1709_p2,0,1,0,0,0,v15ds_fresh_active_set_landscape_atlas_after_failed_v15dr_mapper,w32_mean_boundary_per_mass,higher_is_established,v15df_frozen_boundary_mass_no_refit,3.0,11.0,6.0,17.0,31.0,114.0,240.0,2.9642857142857144,7.741935483870968,2.0,9.666666666666666,1.3333333333333333,5,32.0,2.0,2.0,2.0,2.0,0.5,0.5,0.0,0.0,16.0,16.0,0.0,0.0,0.0,0.0,0.0,0.0,8.0,8.0,1.0,1.0,1.0,1.0,0.0,0.0,0.0,0.0,0.0,0.0,1.0,1.0,0.0,0.0,8.0,8.0,0.0,0.0,1.0,1.0,0.14583333333333334,0.14583333333333334,0.0,0.0,0.6666666666666666,0.6666666666666666,0.0,0.0,0.0,0.0,0.0,0.0,0.0,0.0,0.0,0.0,0.0,9,64.0,2.0,2.0,2.0,2.0,0.5,0.5,0.0,0.0,16.0,16.0,0.0,0.0,0.0,0.0,0.0,0.0,8.0,8.0,1.0,1.0,1.0,1.0,0.0,0.0,0.0,0.0,0.0,0.0,1.0,1.0,0.0,0.0,8.0,8.0,0.0,0.0,1.0,1.0,0.14583333333333334,0.14583333333333334,0.0,0.0,0.6666666666666666,0.6666666666666666,0.0,0.0,0.0,0.0,0.0,0.0,0.0,0.0,0.0,0.0,0.0,13,96.0,2.0,2.0,2.0,2.0,0.5,0.5,0.0,0.0,16.0,16.0,0.0,0.0,0.0,0.0,0.0,0.0,8.0,8.0,1.0,1.0,1.0,1.0,0.0,0.0,0.0,0.0,0.0,0.0,1.0,1.0,0.0,0.0,8.0,8.0,0.0,0.0,1.0,1.0,0.14583333333333334,0.14583333333333334,0.0,0.0,0.6666666666666666,0.6666666666666666,0.0,0.0,0.0,0.0,0.0,0.0,0.0,0.0,0.0,0.0,0.0,8.0,11.0,0.04803749267721148,0.004100761570005858,0.03925014645577036,0.0046865846514352666,0.0017574692442882249,0.021484375,0.041015625,0.010746750876168224,0.041015625,0.6133567662565905,0.6133567662565905,0.6133567662565905,0.026654950205038077,0.021382542472173402,0.23777664641326923,0,genealogy_intensity_index,0,v15cz_frozen_spec_no_refit,0.07471091574081666,0.06422018348623854,0.08283426103332031,0.30952380952380953,0.08389261744966443,0.03983213413163422,0.6265709156193896,0.6206283343212804,p2_no_horizon,0,"0,1,2",11.0,31.0,114.0,240.0,83.0,209.0,126.0,9.666666666666666,1.3333333333333333,2,50,0.5041666666666667,0.39913052089522677,0.22548241844427486,0.1563340014213915,-0.02474270332559103,-0.0209135240439334,-0.01648216972416583,-14.0
1024,1709,add_chord_p2,add_chord,2,18223,1041112136,1,"0,1,2",3414,8,640,0.0,0.9651162790697675,24.0,72.0,48.0,384.0,nan,nan,0.0,0.0,12.222222222222221,26.0,0.47070269697907635,0.75,0.08155756058502053,0.391304347826087,1.866794131558942,3.347826086956522,0.0005240294119064979,0.0036692321742788827,0.011288956639566396,0.46506147966437383,3.9603512535602365,9.209876543209877,21.0,0.26336360130156217,4.932056670481537,0.0,3.2653500573500573,early_outer_mass_without_high,3.0,11.0,6.0,17.0,31.0,114.0,240.0,2.9642857142857144,7.741935483870968,2.0,9.666666666666666,1.3333333333333333,172,172,-1,0,0.0,0.0,0,0,0,no_far_shell_horizon,0.005555603644126049,0.008130081300813009,0.005106504591284371,split_persistent_dual,152,166,524,469,18,1311,136,40,96,43,100.75265957446808,2262,3278,2.0,189,85.47196261682242,183,0.7513227513227513,30,v15ds_growth_seed_1709_p2,0,1,0,0,0,v15ds_fresh_active_set_landscape_atlas_after_failed_v15dr_mapper,w32_mean_boundary_per_mass,higher_is_established,v15df_frozen_boundary_mass_no_refit,3.0,11.0,6.0,17.0,31.0,114.0,240.0,2.9642857142857144,7.741935483870968,2.0,9.666666666666666,1.3333333333333333,5,32.0,2.8,4.0,2.0,2.0,0.5,0.5,0.0,0.0,22.8,33.0,0.8,2.0,0.2,0.5,0.4,1.0,8.1,8.25,1.0,1.0,1.0,1.0,0.0,0.0,0.0,0.0,0.0,0.0,1.0,1.0,0.0,0.0,8.1,8.25,0.2,0.5,1.0,1.0,0.14750000000000002,0.15000000000000002,0.0,0.0,0.640625,0.6666666666666666,7.5,0.0,0.0,0.0,1.875,0.9375,0.0,0.0,0.01562500000000005,0.0,-0.24414062499999986,9,64.0,3.7777777777777777,5.0,2.888888888888889,4.0,0.45555555555555555,0.5,0.0,0.0,27.666666666666668,39.0,0.8888888888888888,2.0,0.6,1.2,1.3333333333333333,3.0,7.5,8.25,0.7333333333333334,1.0,0.9333333333333333,1.0,0.0,0.0,0.0,0.0,0.0,0.0,0.9333333333333333,1.0,0.0,0.0,7.5,8.25,0.2,0.5,1.6222222222222222,2.4,0.14527777777777778,0.16,0.0,0.0,0.5132361111111111,0.6666666666666666,5.833333333333333,4.166666666666666,-0.2083333333333333,0.0,2.3125,-3.0937499999999996,0.0,2.9166666666666665,-0.015104166666666703,0.0,-0.7069921874999998,13,96.0,4.615384615384615,8.0,3.4615384615384617,6.0,0.4307692307692308,0.5,0.0,0.0,31.76923076923077,52.0,1.1538461538461537,4.0,0.8032051282051282,1.5,1.7692307692307692,3.0,7.134615384615385,8.666666666666666,0.6230769230769231,1.0,0.8352564102564103,1.0,0.038461538461538464,0.5,0.038461538461538464,0.5,0.0,0.0,0.8705128205128205,1.0,0.0,0.0,7.134615384615385,8.666666666666666,0.2153846153846154,0.5,2.071794871794872,5.0,0.16403846153846155,0.3791666666666667,0.004807692307692308,0.0625,0.42987989486882716,0.6666666666666666,5.4945054945054945,3.6401098901098905,-0.16254578754578755,0.0,1.6288919413919412,-2.6911630036630036,0.20604395604395606,2.7106227106227108,0.09205204517704517,0.025755494505494508,-0.5935261597126831,8.1,11.0,0.38400702987697716,0.04452255418863503,0.29086115992970124,0.04862331575864089,0.005272407732864675,0.0419921875,0.1845703125,0.08346871349299065,0.1787109375,0.9601640304628002,0.9601640304628002,0.9882835383714118,0.19800820152314,0.18599882835383713,0.7745858391855035,0,genealogy_intensity_index,0,v15cz_frozen_spec_no_refit,0.7532956853349876,0.6972477064220184,0.772716371166751,0.8095238095238095,0.6593959731543624,0.5521102522634189,0.980849790544584,0.971547125074096,p2_no_horizon,0,"0,1,2",11.0,31.0,114.0,240.0,83.0,209.0,126.0,9.666666666666666,1.3333333333333333,2,50,0.5041666666666667,0.39913052089522677,0.22548241844427486,0.1563340014213915,-0.02474270332559103,-0.0209135240439334,-0.01648216972416583,-14.0
1024,1709,add_chord_p2,add_chord,2,18289,1041112202,1,"0,1,2",3414,8,640,0.0,0.9651162790697675,456.0,824.0,824.0,888.0,nan,nan,0.0,0.0,2.0987654320987654,3.0,0.0,0.0,0.0,0.0,0.03292181069958847,0.3333333333333333,0.0,0.00015432098765432096,0.000462962962962963,0.24161833942460298,3.037144513630297,2.0,2.0,0.5164609053497943,7.868312757201646,0.0,nan,quiet_or_delayed_launch,3.0,11.0,6.0,17.0,31.0,114.0,240.0,2.9642857142857144,7.741935483870968,2.0,9.666666666666666,1.3333333333333333,172,172,-1,0,0.0,0.0,0,0,0,no_far_shell_horizon,0.029770244267049027,0.008130081300813009,0.0018800921870354519,split_persistent_dual,60,83,311,271,13,725,848,824,840,29,108.23614457831326,1558,2566,2.0,110,49.99065420560748,110,0.8404255319148937,22,v15ds_growth_seed_1709_p2,0,1,0,0,0,v15ds_fresh_active_set_landscape_atlas_after_failed_v15dr_mapper,w32_mean_boundary_per_mass,higher_is_established,v15df_frozen_boundary_mass_no_refit,3.0,11.0,6.0,17.0,31.0,114.0,240.0,2.9642857142857144,7.741935483870968,2.0,9.666666666666666,1.3333333333333333,5,32.0,2.0,2.0,2.0,2.0,0.5,0.5,0.0,0.0,16.0,16.0,0.0,0.0,0.0,0.0,0.0,0.0,8.0,8.0,1.0,1.0,1.0,1.0,0.0,0.0,0.0,0.0,0.0,0.0,1.0,1.0,0.0,0.0,8.0,8.0,0.0,0.0,1.0,1.0,0.14583333333333334,0.14583333333333334,0.0,0.0,0.6666666666666666,0.6666666666666666,0.0,0.0,0.0,0.0,0.0,0.0,0.0,0.0,0.0,0.0,0.0,9,64.0,2.0,2.0,2.0,2.0,0.5,0.5,0.0,0.0,16.0,16.0,0.0,0.0,0.0,0.0,0.0,0.0,8.0,8.0,1.0,1.0,1.0,1.0,0.0,0.0,0.0,0.0,0.0,0.0,1.0,1.0,0.0,0.0,8.0,8.0,0.0,0.0,1.0,1.0,0.14583333333333334,0.14583333333333334,0.0,0.0,0.6666666666666666,0.6666666666666666,0.0,0.0,0.0,0.0,0.0,0.0,0.0,0.0,0.0,0.0,0.0,13,96.0,2.0,2.0,2.0,2.0,0.5,0.5,0.0,0.0,16.0,16.0,0.0,0.0,0.0,0.0,0.0,0.0,8.0,8.0,1.0,1.0,1.0,1.0,0.0,0.0,0.0,0.0,0.0,0.0,1.0,1.0,0.0,0.0,8.0,8.0,0.0,0.0,1.0,1.0,0.14583333333333334,0.14583333333333334,0.0,0.0,0.6666666666666666,0.6666666666666666,0.0,0.0,0.0,0.0,0.0,0.0,0.0,0.0,0.0,0.0,0.0,8.0,11.0,0.2123608670181605,0.01757469244288225,0.1704745166959578,0.024311657879320447,0.003807850029291154,0.0283203125,0.107421875,0.04881899824766355,0.107421875,0.7516110134739309,0.7516110134739309,0.7586408904510837,0.10867018160515525,0.10369068541300527,0.47339051685460354,0,genealogy_intensity_index,0,v15cz_frozen_spec_no_refit,0.40660808726856723,0.27522935779816515,0.44263307982235045,0.47619047619047616,0.35011185682326623,0.30802593054061267,0.7678037103530819,0.7605216360403083,p2_no_horizon,0,"0,1,2",11.0,31.0,114.0,240.0,83.0,209.0,126.0,9.666666666666666,1.3333333333333333,2,50,0.5041666666666667,0.39913052089522677,0.22548241844427486,0.1563340014213915,-0.02474270332559103,-0.0209135240439334,-0.01648216972416583,-14.0
