artifact_role,source_stage,growth_seed,run_offset,arm,run_seed,bin_family,requested_bins,map_kind,shuffle_index,fine_events,fine_edges,occupied_bins,empty_bins,coarse_edges,internalized_fine_edges,edge_retention,fine_edge_crossing_rate,mean_events_per_bin,occupancy_cv,max_bin_fraction,causal_depth,max_layer_width,comparable_pair_fraction,dependency_density,audit_assignment_rows,audit_unique_events,audit_backward_edges,audit_quotient_edges,audit_quotient_witness_errors,audit_quotient_invalid_edges,audit_quotient_acyclic,audit_map_integrity_pass,shuffle_seed
v16e_design_calibration_not_fresh_evidence,v16c,3109,51017,current_global,1055157020,wide_128_32_8,128,clock,-1,2048,2291,128,0,954,297,0.41641204714098645,0.870362287210825,16.0,0.6343784545695473,0.0224609375,118,4,0.9950787401574803,7.453125,2048,2048,0,954,0,0,1,1,
v16e_design_calibration_not_fresh_evidence,v16c,3109,51017,current_global,1055157020,wide_128_32_8,128,event_count,-1,2048,2291,128,0,1135,268,0.4954168485377564,0.8830205150589262,16.0,0.0,0.0078125,121,2,0.9988927165354331,8.8671875,2048,2048,0,1135,0,0,1,1,
v16e_design_calibration_not_fresh_evidence,v16c,3109,51017,current_global,1055157020,wide_128_32_8,128,shuffled_clock,0,2048,2291,128,0,1094,278,0.47752073330423395,0.8786556089044085,16.0,0.3191709240205904,0.01318359375,122,2,0.999138779527559,8.546875,2048,2048,0,1094,0,0,1,1,13330638612401674910
v16e_design_calibration_not_fresh_evidence,v16c,3109,51017,current_global,1055157020,wide_128_32_8,128,shuffled_clock,1,2048,2291,128,0,1092,302,0.47664775207333043,0.8681798341335661,16.0,0.30858771516824174,0.01318359375,118,2,0.9981545275590551,8.53125,2048,2048,0,1092,0,0,1,1,6169878288287896154
v16e_design_calibration_not_fresh_evidence,v16c,3109,51017,current_global,1055157020,wide_128_32_8,128,shuffled_clock,2,2048,2291,128,0,1085,300,0.473592317765168,0.8690528153644697,16.0,0.31215532172604354,0.0146484375,119,2,0.9979084645669292,8.4765625,2048,2048,0,1085,0,0,1,1,17529057529658516248
v16e_design_calibration_not_fresh_evidence,v16c,3109,51017,current_global,1055157020,wide_128_32_8,128,shuffled_clock,3,2048,2291,128,0,1089,268,0.4753382802269751,0.8830205150589262,16.0,0.3335895504792924,0.0146484375,120,3,0.99876968503937,8.5078125,2048,2048,0,1089,0,0,1,1,14613622676835407542
v16e_design_calibration_not_fresh_evidence,v16c,3109,51017,current_global,1055157020,wide_128_32_8,128,shuffled_clock,4,2048,2291,128,0,1101,277,0.48057616761239635,0.8790920995198603,16.0,0.28441731427853917,0.01416015625,121,2,0.9986466535433071,8.6015625,2048,2048,0,1101,0,0,1,1,784024373420620863
v16e_design_calibration_not_fresh_evidence,v16c,3109,51017,current_global,1055157020,wide_128_32_8,128,shuffled_clock,5,2048,2291,128,0,1097,288,0.47883020515058927,0.8742907027498908,16.0,0.31974860942363215,0.01513671875,120,2,0.9982775590551181,8.5703125,2048,2048,0,1097,0,0,1,1,1724342021108384470
v16e_design_calibration_not_fresh_evidence,v16c,3109,51017,current_global,1055157020,wide_128_32_8,128,shuffled_clock,6,2048,2291,128,0,1089,291,0.4753382802269751,0.8729812309035355,16.0,0.33081190387897397,0.01611328125,116,3,0.9972933070866141,8.5078125,2048,2048,0,1089,0,0,1,1,17213321516082886919
v16e_design_calibration_not_fresh_evidence,v16c,3109,51017,current_global,1055157020,wide_128_32_8,128,shuffled_clock,7,2048,2291,128,0,1104,273,0.4818856394587516,0.8808380619816674,16.0,0.29241561135442057,0.0146484375,123,2,0.9986466535433071,8.625,2048,2048,0,1104,0,0,1,1,11833097533371660105
v16e_design_calibration_not_fresh_evidence,v16c,3109,51017,current_global,1055157020,wide_128_32_8,128,shuffled_clock,8,2048,2291,128,0,1097,279,0.47883020515058927,0.8782191182889568,16.0,0.32490155989475833,0.01416015625,120,2,0.9980314960629921,8.5703125,2048,2048,0,1097,0,0,1,1,17982998448852267186
v16e_design_calibration_not_fresh_evidence,v16c,3109,51017,current_global,1055157020,wide_128_32_8,128,shuffled_clock,9,2048,2291,128,0,1087,255,0.4744652989960716,0.8886948930597992,16.0,0.2836592999095867,0.01513671875,121,2,0.9988927165354331,8.4921875,2048,2048,0,1087,0,0,1,1,7785702115230976991
v16e_design_calibration_not_fresh_evidence,v16c,3109,51017,current_global,1055157020,wide_128_32_8,128,shuffled_clock,10,2048,2291,128,0,1095,273,0.4779572239196857,0.8808380619816674,16.0,0.29824783595785453,0.013671875,122,2,0.9980314960629921,8.5546875,2048,2048,0,1095,0,0,1,1,10769641080582123337
v16e_design_calibration_not_fresh_evidence,v16c,3109,51017,current_global,1055157020,wide_128_32_8,128,shuffled_clock,11,2048,2291,128,0,1079,275,0.47097337407245743,0.8799650807507639,16.0,0.3195561636587275,0.01611328125,118,3,0.9976624015748031,8.4296875,2048,2048,0,1079,0,0,1,1,16098064617213016769
v16e_design_calibration_not_fresh_evidence,v16c,3109,51017,current_global,1055157020,wide_128_32_8,128,shuffled_clock,12,2048,2291,128,0,1097,291,0.47883020515058927,0.8729812309035355,16.0,0.32725970928734055,0.01416015625,118,2,0.9982775590551181,8.5703125,2048,2048,0,1097,0,0,1,1,1678407422849365694
v16e_design_calibration_not_fresh_evidence,v16c,3109,51017,current_global,1055157020,wide_128_32_8,128,shuffled_clock,13,2048,2291,128,0,1085,277,0.473592317765168,0.8790920995198603,16.0,0.3387135516608985,0.013671875,119,2,0.9977854330708661,8.4765625,2048,2048,0,1085,0,0,1,1,6891252605354932668
v16e_design_calibration_not_fresh_evidence,v16c,3109,51017,current_global,1055157020,wide_128_32_8,128,shuffled_clock,14,2048,2291,128,0,1075,279,0.46922741161065035,0.8782191182889568,16.0,0.342506250302185,0.015625,122,2,0.9981545275590551,8.3984375,2048,2048,0,1075,0,0,1,1,16501966639914075363
v16e_design_calibration_not_fresh_evidence,v16c,3109,51017,current_global,1055157020,wide_128_32_8,128,shuffled_clock,15,2048,2291,128,0,1092,267,0.47664775207333043,0.883457005674378,16.0,0.31616940166812646,0.0146484375,116,2,0.9974163385826772,8.53125,2048,2048,0,1092,0,0,1,1,4306832777971429337
v16e_design_calibration_not_fresh_evidence,v16c,3109,51017,current_global,1055157020,wide_128_32_8,32,clock,-1,2048,2291,32,0,175,873,0.07638585770405937,0.6189436927106067,64.0,0.6077249683012655,0.08154296875,32,1,1.0,5.46875,2048,2048,0,175,0,0,1,1,
v16e_design_calibration_not_fresh_evidence,v16c,3109,51017,current_global,1055157020,wide_128_32_8,32,event_count,-1,2048,2291,32,0,214,788,0.09340899170667831,0.6560453950240069,64.0,0.0,0.03125,32,1,1.0,6.6875,2048,2048,0,214,0,0,1,1,
v16e_design_calibration_not_fresh_evidence,v16c,3109,51017,current_global,1055157020,wide_128_32_8,32,shuffled_clock,0,2048,2291,32,0,214,806,0.09340899170667831,0.6481885639458752,64.0,0.20166581966853145,0.046875,32,1,1.0,6.6875,2048,2048,0,214,0,0,1,1,13559962511731551581
v16e_design_calibration_not_fresh_evidence,v16c,3109,51017,current_global,1055157020,wide_128_32_8,32,shuffled_clock,1,2048,2291,32,0,206,803,0.08991706678306416,0.6494980357922304,64.0,0.16106492567364897,0.04443359375,32,1,1.0,6.4375,2048,2048,0,206,0,0,1,1,16026616433419180932
v16e_design_calibration_not_fresh_evidence,v16c,3109,51017,current_global,1055157020,wide_128_32_8,32,shuffled_clock,2,2048,2291,32,0,207,815,0.09035355739851593,0.6442601484068092,64.0,0.137824945948861,0.044921875,32,1,1.0,6.46875,2048,2048,0,207,0,0,1,1,5088485693683111391
v16e_design_calibration_not_fresh_evidence,v16c,3109,51017,current_global,1055157020,wide_128_32_8,32,shuffled_clock,3,2048,2291,32,0,212,798,0.09253601047577477,0.6516804888694893,64.0,0.180654611647966,0.044921875,32,1,1.0,6.625,2048,2048,0,212,0,0,1,1,13262201665031434797
v16e_design_calibration_not_fresh_evidence,v16c,3109,51017,current_global,1055157020,wide_128_32_8,32,shuffled_clock,4,2048,2291,32,0,209,775,0.09122653862941947,0.6617197730248799,64.0,0.18191445226685093,0.04248046875,32,1,1.0,6.53125,2048,2048,0,209,0,0,1,1,5473015500346693908
v16e_design_calibration_not_fresh_evidence,v16c,3109,51017,current_global,1055157020,wide_128_32_8,32,shuffled_clock,5,2048,2291,32,0,213,807,0.09297250109122654,0.6477520733304234,64.0,0.1587005415717328,0.0400390625,32,1,1.0,6.65625,2048,2048,0,213,0,0,1,1,10403463851612278567
v16e_design_calibration_not_fresh_evidence,v16c,3109,51017,current_global,1055157020,wide_128_32_8,32,shuffled_clock,6,2048,2291,32,0,212,814,0.09253601047577477,0.644696639022261,64.0,0.1657875419703804,0.04296875,32,1,1.0,6.625,2048,2048,0,212,0,0,1,1,17714824537504103028
v16e_design_calibration_not_fresh_evidence,v16c,3109,51017,current_global,1055157020,wide_128_32_8,32,shuffled_clock,7,2048,2291,32,0,215,813,0.09384548232213008,0.6451331296377127,64.0,0.1559472874134491,0.0419921875,32,1,1.0,6.71875,2048,2048,0,215,0,0,1,1,13198831531388614328
v16e_design_calibration_not_fresh_evidence,v16c,3109,51017,current_global,1055157020,wide_128_32_8,32,shuffled_clock,8,2048,2291,32,0,222,782,0.09690091663029245,0.6586643387167176,64.0,0.15544145641034035,0.041015625,32,1,1.0,6.9375,2048,2048,0,222,0,0,1,1,4182446135888518396
v16e_design_calibration_not_fresh_evidence,v16c,3109,51017,current_global,1055157020,wide_128_32_8,32,shuffled_clock,9,2048,2291,32,0,208,805,0.0907900480139677,0.6486250545613269,64.0,0.16917322971801954,0.0439453125,32,1,1.0,6.5,2048,2048,0,208,0,0,1,1,9287483434258809559
v16e_design_calibration_not_fresh_evidence,v16c,3109,51017,current_global,1055157020,wide_128_32_8,32,shuffled_clock,10,2048,2291,32,0,208,820,0.0907900480139677,0.6420776953295504,64.0,0.15427175109359417,0.0400390625,32,1,1.0,6.5,2048,2048,0,208,0,0,1,1,12185953763292851831
v16e_design_calibration_not_fresh_evidence,v16c,3109,51017,current_global,1055157020,wide_128_32_8,32,shuffled_clock,11,2048,2291,32,0,207,797,0.09035355739851593,0.6521169794849411,64.0,0.1558967781692373,0.04150390625,32,1,1.0,6.46875,2048,2048,0,207,0,0,1,1,13348644807076250337
v16e_design_calibration_not_fresh_evidence,v16c,3109,51017,current_global,1055157020,wide_128_32_8,32,shuffled_clock,12,2048,2291,32,0,213,813,0.09297250109122654,0.6451331296377127,64.0,0.17708827475711544,0.041015625,32,1,1.0,6.65625,2048,2048,0,213,0,0,1,1,16514286550035982119
v16e_design_calibration_not_fresh_evidence,v16c,3109,51017,current_global,1055157020,wide_128_32_8,32,shuffled_clock,13,2048,2291,32,0,207,784,0.09035355739851593,0.6577913574858141,64.0,0.1404288506567443,0.03955078125,32,1,1.0,6.46875,2048,2048,0,207,0,0,1,1,14637357272880369050
v16e_design_calibration_not_fresh_evidence,v16c,3109,51017,current_global,1055157020,wide_128_32_8,32,shuffled_clock,14,2048,2291,32,0,208,795,0.0907900480139677,0.6529899607158446,64.0,0.14009195568763788,0.03857421875,32,1,1.0,6.5,2048,2048,0,208,0,0,1,1,5762531856576649771
v16e_design_calibration_not_fresh_evidence,v16c,3109,51017,current_global,1055157020,wide_128_32_8,32,shuffled_clock,15,2048,2291,32,0,213,801,0.09297250109122654,0.650371017023134,64.0,0.137939181315301,0.0390625,32,1,1.0,6.65625,2048,2048,0,213,0,0,1,1,4168747766614869937
v16e_design_calibration_not_fresh_evidence,v16c,3109,51017,current_global,1055157020,wide_128_32_8,8,clock,-1,2048,2291,8,0,25,1725,0.010912265386294195,0.24705368834570057,256.0,0.6000967765144516,0.26904296875,8,1,1.0,3.125,2048,2048,0,25,0,0,1,1,
v16e_design_calibration_not_fresh_evidence,v16c,3109,51017,current_global,1055157020,wide_128_32_8,8,event_count,-1,2048,2291,8,0,27,1605,0.01178524661719773,0.2994325621999127,256.0,0.0,0.125,8,1,1.0,3.375,2048,2048,0,27,0,0,1,1,
v16e_design_calibration_not_fresh_evidence,v16c,3109,51017,current_global,1055157020,wide_128_32_8,8,shuffled_clock,0,2048,2291,8,0,27,1611,0.01178524661719773,0.2968136185072021,256.0,0.059351499108519334,0.13427734375,8,1,1.0,3.375,2048,2048,0,27,0,0,1,1,7519881853296244501
v16e_design_calibration_not_fresh_evidence,v16c,3109,51017,current_global,1055157020,wide_128_32_8,8,shuffled_clock,1,2048,2291,8,0,27,1611,0.01178524661719773,0.2968136185072021,256.0,0.049806055215814014,0.1328125,8,1,1.0,3.375,2048,2048,0,27,0,0,1,1,13474471605037366502
v16e_design_calibration_not_fresh_evidence,v16c,3109,51017,current_global,1055157020,wide_128_32_8,8,shuffled_clock,2,2048,2291,8,0,27,1608,0.01178524661719773,0.2981230903535574,256.0,0.043095389679258536,0.13330078125,8,1,1.0,3.375,2048,2048,0,27,0,0,1,1,17251783922146270672
v16e_design_calibration_not_fresh_evidence,v16c,3109,51017,current_global,1055157020,wide_128_32_8,8,shuffled_clock,3,2048,2291,8,0,26,1619,0.011348756001745963,0.29332169358358795,256.0,0.08682074519880027,0.1376953125,8,1,1.0,3.25,2048,2048,0,26,0,0,1,1,11045404873336796763
v16e_design_calibration_not_fresh_evidence,v16c,3109,51017,current_global,1055157020,wide_128_32_8,8,shuffled_clock,4,2048,2291,8,0,27,1601,0.01178524661719773,0.3011785246617198,256.0,0.08568347195388051,0.14013671875,8,1,1.0,3.375,2048,2048,0,27,0,0,1,1,8127678442983191727
v16e_design_calibration_not_fresh_evidence,v16c,3109,51017,current_global,1055157020,wide_128_32_8,8,shuffled_clock,5,2048,2291,8,0,27,1595,0.01178524661719773,0.3037974683544304,256.0,0.06123154787654108,0.13623046875,8,1,1.0,3.375,2048,2048,0,27,0,0,1,1,11842535776260004710
v16e_design_calibration_not_fresh_evidence,v16c,3109,51017,current_global,1055157020,wide_128_32_8,8,shuffled_clock,6,2048,2291,8,0,27,1605,0.01178524661719773,0.2994325621999127,256.0,0.059498227389561786,0.138671875,8,1,1.0,3.375,2048,2048,0,27,0,0,1,1,5981354665060863775
v16e_design_calibration_not_fresh_evidence,v16c,3109,51017,current_global,1055157020,wide_128_32_8,8,shuffled_clock,7,2048,2291,8,0,27,1614,0.01178524661719773,0.2955041466608468,256.0,0.09618308492605578,0.14501953125,8,1,1.0,3.375,2048,2048,0,27,0,0,1,1,16060534214212893073
v16e_design_calibration_not_fresh_evidence,v16c,3109,51017,current_global,1055157020,wide_128_32_8,8,shuffled_clock,8,2048,2291,8,0,27,1610,0.01178524661719773,0.29725010912265387,256.0,0.0516537342205631,0.13232421875,8,1,1.0,3.375,2048,2048,0,27,0,0,1,1,1614189466374921571
v16e_design_calibration_not_fresh_evidence,v16c,3109,51017,current_global,1055157020,wide_128_32_8,8,shuffled_clock,9,2048,2291,8,0,26,1611,0.011348756001745963,0.2968136185072021,256.0,0.06752923887234752,0.138671875,8,1,1.0,3.25,2048,2048,0,26,0,0,1,1,11919680212806334841
v16e_design_calibration_not_fresh_evidence,v16c,3109,51017,current_global,1055157020,wide_128_32_8,8,shuffled_clock,10,2048,2291,8,0,27,1606,0.01178524661719773,0.29899607158446095,256.0,0.12103072956898178,0.14794921875,8,1,1.0,3.375,2048,2048,0,27,0,0,1,1,11628118639746846547
v16e_design_calibration_not_fresh_evidence,v16c,3109,51017,current_global,1055157020,wide_128_32_8,8,shuffled_clock,11,2048,2291,8,0,27,1590,0.01178524661719773,0.30597992143168923,256.0,0.0775368485987469,0.13720703125,8,1,1.0,3.375,2048,2048,0,27,0,0,1,1,7688864169020193661
v16e_design_calibration_not_fresh_evidence,v16c,3109,51017,current_global,1055157020,wide_128_32_8,8,shuffled_clock,12,2048,2291,8,0,27,1613,0.01178524661719773,0.29594063727629855,256.0,0.12299593262366153,0.146484375,8,1,1.0,3.375,2048,2048,0,27,0,0,1,1,11259795894762104360
v16e_design_calibration_not_fresh_evidence,v16c,3109,51017,current_global,1055157020,wide_128_32_8,8,shuffled_clock,13,2048,2291,8,0,27,1611,0.01178524661719773,0.2968136185072021,256.0,0.08191158363431965,0.14501953125,8,1,1.0,3.375,2048,2048,0,27,0,0,1,1,2106646400166932828
v16e_design_calibration_not_fresh_evidence,v16c,3109,51017,current_global,1055157020,wide_128_32_8,8,shuffled_clock,14,2048,2291,8,0,27,1592,0.01178524661719773,0.30510694020078566,256.0,0.1000052314479812,0.1455078125,8,1,1.0,3.375,2048,2048,0,27,0,0,1,1,1660516964891964378
v16e_design_calibration_not_fresh_evidence,v16c,3109,51017,current_global,1055157020,wide_128_32_8,8,shuffled_clock,15,2048,2291,8,0,27,1608,0.01178524661719773,0.2981230903535574,256.0,0.03699907244252405,0.12890625,8,1,1.0,3.375,2048,2048,0,27,0,0,1,1,9117976944923129863
v16e_design_calibration_not_fresh_evidence,v16c,3109,51017,current_global,1055157020,compact_64_16_4,64,clock,-1,2048,2291,64,0,442,534,0.19292885202968135,0.766914011348756,32.0,0.6130555061097066,0.04248046875,64,1,1.0,6.90625,2048,2048,0,442,0,0,1,1,
v16e_design_calibration_not_fresh_evidence,v16c,3109,51017,current_global,1055157020,compact_64_16_4,64,event_count,-1,2048,2291,64,0,525,493,0.22915757311217808,0.7848101265822784,32.0,0.0,0.015625,64,1,1.0,8.203125,2048,2048,0,525,0,0,1,1,
v16e_design_calibration_not_fresh_evidence,v16c,3109,51017,current_global,1055157020,compact_64_16_4,64,shuffled_clock,0,2048,2291,64,0,517,496,0.22566564818856394,0.7835006547359232,32.0,0.23078433380573893,0.025390625,64,1,1.0,8.078125,2048,2048,0,517,0,0,1,1,7683104191351849378
v16e_design_calibration_not_fresh_evidence,v16c,3109,51017,current_global,1055157020,compact_64_16_4,64,shuffled_clock,1,2048,2291,64,0,523,475,0.22828459188127456,0.7926669576604103,32.0,0.21136191503434135,0.0224609375,64,1,1.0,8.171875,2048,2048,0,523,0,0,1,1,18288501600253085408
v16e_design_calibration_not_fresh_evidence,v16c,3109,51017,current_global,1055157020,compact_64_16_4,64,shuffled_clock,2,2048,2291,64,0,524,501,0.22872108249672632,0.7813182016586644,32.0,0.22957215209139156,0.025390625,64,1,1.0,8.1875,2048,2048,0,524,0,0,1,1,18351784504642466971
v16e_design_calibration_not_fresh_evidence,v16c,3109,51017,current_global,1055157020,compact_64_16_4,64,shuffled_clock,3,2048,2291,64,0,515,498,0.2247926669576604,0.7826276735050196,32.0,0.22368996933468516,0.02392578125,64,1,1.0,8.046875,2048,2048,0,515,0,0,1,1,8549983979051385620
v16e_design_calibration_not_fresh_evidence,v16c,3109,51017,current_global,1055157020,compact_64_16_4,64,shuffled_clock,4,2048,2291,64,0,516,486,0.22522915757311218,0.7878655608904409,32.0,0.22527815698791798,0.0234375,64,1,1.0,8.0625,2048,2048,0,516,0,0,1,1,1082979263278491151
v16e_design_calibration_not_fresh_evidence,v16c,3109,51017,current_global,1055157020,compact_64_16_4,64,shuffled_clock,5,2048,2291,64,0,521,499,0.22741161065037102,0.7821911828895679,32.0,0.21521376416417767,0.0234375,64,1,1.0,8.140625,2048,2048,0,521,0,0,1,1,2326948655932652534
v16e_design_calibration_not_fresh_evidence,v16c,3109,51017,current_global,1055157020,compact_64_16_4,64,shuffled_clock,6,2048,2291,64,0,525,494,0.22915757311217808,0.7843736359668267,32.0,0.23078433380573893,0.02685546875,64,1,1.0,8.203125,2048,2048,0,525,0,0,1,1,17191485460883296803
v16e_design_calibration_not_fresh_evidence,v16c,3109,51017,current_global,1055157020,compact_64_16_4,64,shuffled_clock,7,2048,2291,64,0,509,493,0.2221737232649498,0.7848101265822784,32.0,0.24416554932297568,0.02294921875,64,1,1.0,7.953125,2048,2048,0,509,0,0,1,1,24347914061557106
v16e_design_calibration_not_fresh_evidence,v16c,3109,51017,current_global,1055157020,compact_64_16_4,64,shuffled_clock,8,2048,2291,64,0,517,497,0.22566564818856394,0.7830641641204714,32.0,0.24968978769538228,0.02734375,64,1,1.0,8.078125,2048,2048,0,517,0,0,1,1,9838362928597272600
v16e_design_calibration_not_fresh_evidence,v16c,3109,51017,current_global,1055157020,compact_64_16_4,64,shuffled_clock,9,2048,2291,64,0,520,498,0.22697512003491924,0.7826276735050196,32.0,0.23299028779403919,0.025390625,64,1,1.0,8.125,2048,2048,0,520,0,0,1,1,17693670390058867192
v16e_design_calibration_not_fresh_evidence,v16c,3109,51017,current_global,1055157020,compact_64_16_4,64,shuffled_clock,10,2048,2291,64,0,519,479,0.22653862941946748,0.7909209951986033,32.0,0.2400035135324825,0.0263671875,64,1,1.0,8.109375,2048,2048,0,519,0,0,1,1,13992791384203262139
v16e_design_calibration_not_fresh_evidence,v16c,3109,51017,current_global,1055157020,compact_64_16_4,64,shuffled_clock,11,2048,2291,64,0,524,502,0.22872108249672632,0.7808817110432126,32.0,0.24757003578593192,0.0283203125,64,1,1.0,8.1875,2048,2048,0,524,0,0,1,1,4657563539283140501
v16e_design_calibration_not_fresh_evidence,v16c,3109,51017,current_global,1055157020,compact_64_16_4,64,shuffled_clock,12,2048,2291,64,0,530,495,0.23134002618943691,0.7839371453513749,32.0,0.20282907320329582,0.02294921875,64,1,1.0,8.28125,2048,2048,0,530,0,0,1,1,742276042047390379
v16e_design_calibration_not_fresh_evidence,v16c,3109,51017,current_global,1055157020,compact_64_16_4,64,shuffled_clock,13,2048,2291,64,0,515,495,0.2247926669576604,0.7839371453513749,32.0,0.22019787277492753,0.02197265625,64,1,1.0,8.046875,2048,2048,0,515,0,0,1,1,10109932461330541001
v16e_design_calibration_not_fresh_evidence,v16c,3109,51017,current_global,1055157020,compact_64_16_4,64,shuffled_clock,14,2048,2291,64,0,511,486,0.22304670449585334,0.7878655608904409,32.0,0.25472956792994755,0.0244140625,64,1,1.0,7.984375,2048,2048,0,511,0,0,1,1,9807562232092936657
v16e_design_calibration_not_fresh_evidence,v16c,3109,51017,current_global,1055157020,compact_64_16_4,64,shuffled_clock,15,2048,2291,64,0,518,486,0.22610213880401572,0.7878655608904409,32.0,0.2215313541533475,0.02294921875,64,1,1.0,8.09375,2048,2048,0,518,0,0,1,1,16920199379022744770
v16e_design_calibration_not_fresh_evidence,v16c,3109,51017,current_global,1055157020,compact_64_16_4,16,clock,-1,2048,2291,16,0,69,1306,0.030117852466171977,0.42994325621999124,128.0,0.6051603717369747,0.15576171875,16,1,1.0,4.3125,2048,2048,0,69,0,0,1,1,
v16e_design_calibration_not_fresh_evidence,v16c,3109,51017,current_global,1055157020,compact_64_16_4,16,event_count,-1,2048,2291,16,0,82,1207,0.03579223046704496,0.47315582714971627,128.0,0.0,0.0625,16,1,1.0,5.125,2048,2048,0,82,0,0,1,1,
v16e_design_calibration_not_fresh_evidence,v16c,3109,51017,current_global,1055157020,compact_64_16_4,16,shuffled_clock,0,2048,2291,16,0,83,1204,0.03622872108249672,0.4744652989960716,128.0,0.12256747716394155,0.07470703125,16,1,1.0,5.1875,2048,2048,0,83,0,0,1,1,10585976366878118379
v16e_design_calibration_not_fresh_evidence,v16c,3109,51017,current_global,1055157020,compact_64_16_4,16,shuffled_clock,1,2048,2291,16,0,82,1201,0.03579223046704496,0.47577477084242686,128.0,0.09208592567995032,0.07568359375,16,1,1.0,5.125,2048,2048,0,82,0,0,1,1,16626051705371309350
v16e_design_calibration_not_fresh_evidence,v16c,3109,51017,current_global,1055157020,compact_64_16_4,16,shuffled_clock,2,2048,2291,16,0,81,1224,0.03535573985159319,0.46573548668703624,128.0,0.10134190787461358,0.07275390625,16,1,1.0,5.0625,2048,2048,0,81,0,0,1,1,17742663574517693735
v16e_design_calibration_not_fresh_evidence,v16c,3109,51017,current_global,1055157020,compact_64_16_4,16,shuffled_clock,3,2048,2291,16,0,82,1197,0.03579223046704496,0.47752073330423395,128.0,0.11594830924453649,0.07421875,16,1,1.0,5.125,2048,2048,0,82,0,0,1,1,15041640893386505632
v16e_design_calibration_not_fresh_evidence,v16c,3109,51017,current_global,1055157020,compact_64_16_4,16,shuffled_clock,4,2048,2291,16,0,80,1198,0.034919249236141425,0.4770842426887822,128.0,0.10162257838443187,0.07958984375,16,1,1.0,5.0,2048,2048,0,80,0,0,1,1,5210554866892703804
v16e_design_calibration_not_fresh_evidence,v16c,3109,51017,current_global,1055157020,compact_64_16_4,16,shuffled_clock,5,2048,2291,16,0,82,1214,0.03579223046704496,0.4701003928415539,128.0,0.13582670293122287,0.0810546875,16,1,1.0,5.125,2048,2048,0,82,0,0,1,1,17684461665285680244
v16e_design_calibration_not_fresh_evidence,v16c,3109,51017,current_global,1055157020,compact_64_16_4,16,shuffled_clock,6,2048,2291,16,0,80,1219,0.034919249236141425,0.4679179397642951,128.0,0.1333780849377688,0.08349609375,16,1,1.0,5.0,2048,2048,0,80,0,0,1,1,1543764564019156961
v16e_design_calibration_not_fresh_evidence,v16c,3109,51017,current_global,1055157020,compact_64_16_4,16,shuffled_clock,7,2048,2291,16,0,82,1220,0.03579223046704496,0.4674814491488433,128.0,0.1464366241615578,0.08203125,16,1,1.0,5.125,2048,2048,0,82,0,0,1,1,14589856225619181485
v16e_design_calibration_not_fresh_evidence,v16c,3109,51017,current_global,1055157020,compact_64_16_4,16,shuffled_clock,8,2048,2291,16,0,81,1206,0.03535573985159319,0.473592317765168,128.0,0.12532509807829129,0.080078125,16,1,1.0,5.0625,2048,2048,0,81,0,0,1,1,982695283466530
v16e_design_calibration_not_fresh_evidence,v16c,3109,51017,current_global,1055157020,compact_64_16_4,16,shuffled_clock,9,2048,2291,16,0,85,1211,0.037101702313400264,0.4714098646879092,128.0,0.09568319307746789,0.07177734375,16,1,1.0,5.3125,2048,2048,0,85,0,0,1,1,14975918753338680505
v16e_design_calibration_not_fresh_evidence,v16c,3109,51017,current_global,1055157020,compact_64_16_4,16,shuffled_clock,10,2048,2291,16,0,82,1211,0.03579223046704496,0.4714098646879092,128.0,0.08893905919223567,0.07080078125,16,1,1.0,5.125,2048,2048,0,82,0,0,1,1,17441003229810021347
v16e_design_calibration_not_fresh_evidence,v16c,3109,51017,current_global,1055157020,compact_64_16_4,16,shuffled_clock,11,2048,2291,16,0,82,1208,0.03579223046704496,0.4727193365342645,128.0,0.10844095215446362,0.0771484375,16,1,1.0,5.125,2048,2048,0,82,0,0,1,1,4337032231045792855
v16e_design_calibration_not_fresh_evidence,v16c,3109,51017,current_global,1055157020,compact_64_16_4,16,shuffled_clock,12,2048,2291,16,0,78,1203,0.034046268005237884,0.47490178961152335,128.0,0.11527960800086602,0.07763671875,16,1,1.0,4.875,2048,2048,0,78,0,0,1,1,15307377417409381964
v16e_design_calibration_not_fresh_evidence,v16c,3109,51017,current_global,1055157020,compact_64_16_4,16,shuffled_clock,13,2048,2291,16,0,79,1217,0.034482758620689655,0.4687909209951986,128.0,0.10915155747858113,0.07958984375,16,1,1.0,4.9375,2048,2048,0,79,0,0,1,1,7204098664136657906
v16e_design_calibration_not_fresh_evidence,v16c,3109,51017,current_global,1055157020,compact_64_16_4,16,shuffled_clock,14,2048,2291,16,0,80,1210,0.034919249236141425,0.471846355303361,128.0,0.11844808110166524,0.0849609375,16,1,1.0,5.0,2048,2048,0,80,0,0,1,1,524226169573461607
v16e_design_calibration_not_fresh_evidence,v16c,3109,51017,current_global,1055157020,compact_64_16_4,16,shuffled_clock,15,2048,2291,16,0,83,1216,0.03622872108249672,0.46922741161065035,128.0,0.11288994917617777,0.080078125,16,1,1.0,5.1875,2048,2048,0,83,0,0,1,1,2788288196409001820
v16e_design_calibration_not_fresh_evidence,v16c,3109,51017,current_global,1055157020,compact_64_16_4,4,clock,-1,2048,2291,4,0,6,2010,0.0026189436927106066,0.12265386294194675,512.0,0.6101695040974014,0.45703125,4,1,1.0,1.5,2048,2048,0,6,0,0,1,1,
v16e_design_calibration_not_fresh_evidence,v16c,3109,51017,current_global,1055157020,compact_64_16_4,4,event_count,-1,2048,2291,4,0,6,1935,0.0026189436927106066,0.15539065910082933,512.0,0.0,0.25,4,1,1.0,1.5,2048,2048,0,6,0,0,1,1,
v16e_design_calibration_not_fresh_evidence,v16c,3109,51017,current_global,1055157020,compact_64_16_4,4,shuffled_clock,0,2048,2291,4,0,6,1936,0.0026189436927106066,0.15495416848537757,512.0,0.03409121734788033,0.2626953125,4,1,1.0,1.5,2048,2048,0,6,0,0,1,1,11638446054717025339
v16e_design_calibration_not_fresh_evidence,v16c,3109,51017,current_global,1055157020,compact_64_16_4,4,shuffled_clock,1,2048,2291,4,0,6,1940,0.0026189436927106066,0.1532082060235705,512.0,0.06085063252889543,0.26953125,4,1,1.0,1.5,2048,2048,0,6,0,0,1,1,10458664079464966050
v16e_design_calibration_not_fresh_evidence,v16c,3109,51017,current_global,1055157020,compact_64_16_4,4,shuffled_clock,2,2048,2291,4,0,6,1938,0.0026189436927106066,0.15408118725447403,512.0,0.048919185922315624,0.26220703125,4,1,1.0,1.5,2048,2048,0,6,0,0,1,1,10425144967855908144
v16e_design_calibration_not_fresh_evidence,v16c,3109,51017,current_global,1055157020,compact_64_16_4,4,shuffled_clock,3,2048,2291,4,0,6,1936,0.0026189436927106066,0.15495416848537757,512.0,0.05874546331109677,0.263671875,4,1,1.0,1.5,2048,2048,0,6,0,0,1,1,10931950191246974120
v16e_design_calibration_not_fresh_evidence,v16c,3109,51017,current_global,1055157020,compact_64_16_4,4,shuffled_clock,4,2048,2291,4,0,6,1935,0.0026189436927106066,0.15539065910082933,512.0,0.06491509002351006,0.267578125,4,1,1.0,1.5,2048,2048,0,6,0,0,1,1,18423203688301506695
v16e_design_calibration_not_fresh_evidence,v16c,3109,51017,current_global,1055157020,compact_64_16_4,4,shuffled_clock,5,2048,2291,4,0,6,1934,0.0026189436927106066,0.1558271497162811,512.0,0.027482904842715407,0.2578125,4,1,1.0,1.5,2048,2048,0,6,0,0,1,1,3990448419347596502
v16e_design_calibration_not_fresh_evidence,v16c,3109,51017,current_global,1055157020,compact_64_16_4,4,shuffled_clock,6,2048,2291,4,0,6,1927,0.0026189436927106066,0.15888258402444347,512.0,0.05913379597846664,0.26904296875,4,1,1.0,1.5,2048,2048,0,6,0,0,1,1,679859895301665926
v16e_design_calibration_not_fresh_evidence,v16c,3109,51017,current_global,1055157020,compact_64_16_4,4,shuffled_clock,7,2048,2291,4,0,6,1935,0.0026189436927106066,0.15539065910082933,512.0,0.09594861159864865,0.271484375,4,1,1.0,1.5,2048,2048,0,6,0,0,1,1,11417491965655468496
v16e_design_calibration_not_fresh_evidence,v16c,3109,51017,current_global,1055157020,compact_64_16_4,4,shuffled_clock,8,2048,2291,4,0,6,1939,0.0026189436927106066,0.15364469663902225,512.0,0.029231698334171417,0.2578125,4,1,1.0,1.5,2048,2048,0,6,0,0,1,1,5845095043180818521
v16e_design_calibration_not_fresh_evidence,v16c,3109,51017,current_global,1055157020,compact_64_16_4,4,shuffled_clock,9,2048,2291,4,0,6,1933,0.0026189436927106066,0.15626364033173287,512.0,0.03558763116853242,0.25927734375,4,1,1.0,1.5,2048,2048,0,6,0,0,1,1,15762900254010664465
v16e_design_calibration_not_fresh_evidence,v16c,3109,51017,current_global,1055157020,compact_64_16_4,4,shuffled_clock,10,2048,2291,4,0,6,1936,0.0026189436927106066,0.15495416848537757,512.0,0.042462692341459184,0.26171875,4,1,1.0,1.5,2048,2048,0,6,0,0,1,1,7609288993480865014
v16e_design_calibration_not_fresh_evidence,v16c,3109,51017,current_global,1055157020,compact_64_16_4,4,shuffled_clock,11,2048,2291,4,0,6,1930,0.0026189436927106066,0.15757311217808817,512.0,0.07193936769042328,0.27001953125,4,1,1.0,1.5,2048,2048,0,6,0,0,1,1,7195347198606652710
v16e_design_calibration_not_fresh_evidence,v16c,3109,51017,current_global,1055157020,compact_64_16_4,4,shuffled_clock,12,2048,2291,4,0,6,1931,0.0026189436927106066,0.1571366215626364,512.0,0.07154944954693047,0.2666015625,4,1,1.0,1.5,2048,2048,0,6,0,0,1,1,10634941075474679990
v16e_design_calibration_not_fresh_evidence,v16c,3109,51017,current_global,1055157020,compact_64_16_4,4,shuffled_clock,13,2048,2291,4,0,6,1937,0.0026189436927106066,0.1545176778699258,512.0,0.07579534340598537,0.27099609375,4,1,1.0,1.5,2048,2048,0,6,0,0,1,1,11791571172866171479
v16e_design_calibration_not_fresh_evidence,v16c,3109,51017,current_global,1055157020,compact_64_16_4,4,shuffled_clock,14,2048,2291,4,0,6,1933,0.0026189436927106066,0.15626364033173287,512.0,0.08342991636104172,0.27197265625,4,1,1.0,1.5,2048,2048,0,6,0,0,1,1,12799059365587346073
v16e_design_calibration_not_fresh_evidence,v16c,3109,51017,current_global,1055157020,compact_64_16_4,4,shuffled_clock,15,2048,2291,4,0,6,1939,0.0026189436927106066,0.15364469663902225,512.0,0.06414660383725834,0.27001953125,4,1,1.0,1.5,2048,2048,0,6,0,0,1,1,5605356047375220573
v16e_design_calibration_not_fresh_evidence,v16c,3109,51017,exposure_matched_local,1155157020,wide_128_32_8,128,clock,-1,2048,2296,128,0,1043,217,0.45426829268292684,0.9054878048780488,16.0,0.488172108865322,0.021484375,119,3,0.9984005905511811,8.1484375,2048,2048,0,1043,0,0,1,1,
v16e_design_calibration_not_fresh_evidence,v16c,3109,51017,exposure_matched_local,1155157020,wide_128_32_8,128,event_count,-1,2048,2296,128,0,1139,217,0.4960801393728223,0.9054878048780488,16.0,0.0,0.0078125,121,2,0.9986466535433071,8.8984375,2048,2048,0,1139,0,0,1,1,
v16e_design_calibration_not_fresh_evidence,v16c,3109,51017,exposure_matched_local,1155157020,wide_128_32_8,128,shuffled_clock,0,2048,2296,128,0,1110,246,0.4834494773519164,0.8928571428571429,16.0,0.2871081718833595,0.01318359375,119,2,0.9979084645669292,8.671875,2048,2048,0,1110,0,0,1,1,16945747762051667949
v16e_design_calibration_not_fresh_evidence,v16c,3109,51017,exposure_matched_local,1155157020,wide_128_32_8,128,shuffled_clock,1,2048,2296,128,0,1105,226,0.48127177700348434,0.9015679442508711,16.0,0.26689929977516325,0.0126953125,120,2,0.9977854330708661,8.6328125,2048,2048,0,1105,0,0,1,1,448308874207273656
v16e_design_calibration_not_fresh_evidence,v16c,3109,51017,exposure_matched_local,1155157020,wide_128_32_8,128,shuffled_clock,2,2048,2296,128,0,1119,235,0.4873693379790941,0.8976480836236934,16.0,0.28452543719226375,0.01318359375,122,2,0.9988927165354331,8.7421875,2048,2048,0,1119,0,0,1,1,8624638277761174218
v16e_design_calibration_not_fresh_evidence,v16c,3109,51017,exposure_matched_local,1155157020,wide_128_32_8,128,shuffled_clock,3,2048,2296,128,0,1110,242,0.4834494773519164,0.8945993031358885,16.0,0.29188921018705377,0.01318359375,115,2,0.9975393700787402,8.671875,2048,2048,0,1110,0,0,1,1,10782097081860729063
v16e_design_calibration_not_fresh_evidence,v16c,3109,51017,exposure_matched_local,1155157020,wide_128_32_8,128,shuffled_clock,4,2048,2296,128,0,1132,240,0.4930313588850174,0.8954703832752613,16.0,0.2827905098141465,0.013671875,122,2,0.999138779527559,8.84375,2048,2048,0,1132,0,0,1,1,17223022076386177491
v16e_design_calibration_not_fresh_evidence,v16c,3109,51017,exposure_matched_local,1155157020,wide_128_32_8,128,shuffled_clock,5,2048,2296,128,0,1114,249,0.48519163763066203,0.8915505226480837,16.0,0.2630688437185846,0.0146484375,122,2,0.9985236220472441,8.703125,2048,2048,0,1114,0,0,1,1,11726267152967074994
v16e_design_calibration_not_fresh_evidence,v16c,3109,51017,exposure_matched_local,1155157020,wide_128_32_8,128,shuffled_clock,6,2048,2296,128,0,1103,228,0.4804006968641115,0.9006968641114983,16.0,0.2871081718833595,0.01416015625,120,3,0.9984005905511811,8.6171875,2048,2048,0,1103,0,0,1,1,13028883285025702096
v16e_design_calibration_not_fresh_evidence,v16c,3109,51017,exposure_matched_local,1155157020,wide_128_32_8,128,shuffled_clock,7,2048,2296,128,0,1113,226,0.4847560975609756,0.9015679442508711,16.0,0.30071273602276843,0.01318359375,123,2,0.999138779527559,8.6953125,2048,2048,0,1113,0,0,1,1,17364138299986605494
v16e_design_calibration_not_fresh_evidence,v16c,3109,51017,exposure_matched_local,1155157020,wide_128_32_8,128,shuffled_clock,8,2048,2296,128,0,1109,239,0.48301393728222997,0.8959059233449478,16.0,0.24615647830399187,0.01220703125,117,2,0.9975393700787402,8.6640625,2048,2048,0,1109,0,0,1,1,7823997952129139614
v16e_design_calibration_not_fresh_evidence,v16c,3109,51017,exposure_matched_local,1155157020,wide_128_32_8,128,shuffled_clock,9,2048,2296,128,0,1112,245,0.4843205574912892,0.8932926829268293,16.0,0.29388451853784414,0.01611328125,119,2,0.9979084645669292,8.6875,2048,2048,0,1112,0,0,1,1,17621696257472559844
v16e_design_calibration_not_fresh_evidence,v16c,3109,51017,exposure_matched_local,1155157020,wide_128_32_8,128,shuffled_clock,10,2048,2296,128,0,1104,228,0.4808362369337979,0.9006968641114983,16.0,0.2751833676419628,0.013671875,120,2,0.99876968503937,8.625,2048,2048,0,1104,0,0,1,1,12722453594659914755
v16e_design_calibration_not_fresh_evidence,v16c,3109,51017,exposure_matched_local,1155157020,wide_128_32_8,128,shuffled_clock,11,2048,2296,128,0,1118,254,0.48693379790940766,0.8893728222996515,16.0,0.2756300941822167,0.01318359375,115,3,0.9976624015748031,8.734375,2048,2048,0,1118,0,0,1,1,5122034367327433169
v16e_design_calibration_not_fresh_evidence,v16c,3109,51017,exposure_matched_local,1155157020,wide_128_32_8,128,shuffled_clock,12,2048,2296,128,0,1089,242,0.47430313588850176,0.8945993031358885,16.0,0.3014278683906312,0.01611328125,121,2,0.9982775590551181,8.5078125,2048,2048,0,1089,0,0,1,1,4735961963888907910
v16e_design_calibration_not_fresh_evidence,v16c,3109,51017,exposure_matched_local,1155157020,wide_128_32_8,128,shuffled_clock,13,2048,2296,128,0,1112,223,0.4843205574912892,0.9028745644599303,16.0,0.27124312829207176,0.01318359375,119,2,0.9977854330708661,8.6875,2048,2048,0,1112,0,0,1,1,15390042679611266444
v16e_design_calibration_not_fresh_evidence,v16c,3109,51017,exposure_matched_local,1155157020,wide_128_32_8,128,shuffled_clock,14,2048,2296,128,0,1105,234,0.48127177700348434,0.8980836236933798,16.0,0.2738388154560885,0.013671875,120,2,0.9984005905511811,8.6328125,2048,2048,0,1105,0,0,1,1,2241173103966691329
v16e_design_calibration_not_fresh_evidence,v16c,3109,51017,exposure_matched_local,1155157020,wide_128_32_8,128,shuffled_clock,15,2048,2296,128,0,1117,236,0.4864982578397213,0.8972125435540069,16.0,0.29325588783182427,0.01513671875,124,2,0.9993848425196851,8.7265625,2048,2048,0,1117,0,0,1,1,13510795202107122937
v16e_design_calibration_not_fresh_evidence,v16c,3109,51017,exposure_matched_local,1155157020,wide_128_32_8,32,clock,-1,2048,2296,32,0,190,809,0.08275261324041812,0.6476480836236934,64.0,0.45067643491970544,0.0673828125,32,1,1.0,5.9375,2048,2048,0,190,0,0,1,1,
v16e_design_calibration_not_fresh_evidence,v16c,3109,51017,exposure_matched_local,1155157020,wide_128_32_8,32,event_count,-1,2048,2296,32,0,209,754,0.09102787456445993,0.671602787456446,64.0,0.0,0.03125,32,1,1.0,6.53125,2048,2048,0,209,0,0,1,1,
v16e_design_calibration_not_fresh_evidence,v16c,3109,51017,exposure_matched_local,1155157020,wide_128_32_8,32,shuffled_clock,0,2048,2296,32,0,216,747,0.09407665505226481,0.6746515679442509,64.0,0.11447636747240637,0.0390625,32,1,1.0,6.75,2048,2048,0,216,0,0,1,1,9561454112246907737
v16e_design_calibration_not_fresh_evidence,v16c,3109,51017,exposure_matched_local,1155157020,wide_128_32_8,32,shuffled_clock,1,2048,2296,32,0,207,763,0.0901567944250871,0.6676829268292683,64.0,0.16382831788776775,0.04150390625,32,1,1.0,6.46875,2048,2048,0,207,0,0,1,1,14729849010118203712
v16e_design_calibration_not_fresh_evidence,v16c,3109,51017,exposure_matched_local,1155157020,wide_128_32_8,32,shuffled_clock,2,2048,2296,32,0,209,752,0.09102787456445993,0.6724738675958188,64.0,0.12251820552670477,0.03955078125,32,1,1.0,6.53125,2048,2048,0,209,0,0,1,1,8179409843919761512
v16e_design_calibration_not_fresh_evidence,v16c,3109,51017,exposure_matched_local,1155157020,wide_128_32_8,32,shuffled_clock,3,2048,2296,32,0,210,774,0.09146341463414634,0.6628919860627178,64.0,0.15715463927342804,0.03955078125,32,1,1.0,6.5625,2048,2048,0,210,0,0,1,1,1114089195139533513
v16e_design_calibration_not_fresh_evidence,v16c,3109,51017,exposure_matched_local,1155157020,wide_128_32_8,32,shuffled_clock,4,2048,2296,32,0,209,756,0.09102787456445993,0.6707317073170732,64.0,0.11041413062618155,0.03759765625,32,1,1.0,6.53125,2048,2048,0,209,0,0,1,1,2299725406380762700
v16e_design_calibration_not_fresh_evidence,v16c,3109,51017,exposure_matched_local,1155157020,wide_128_32_8,32,shuffled_clock,5,2048,2296,32,0,208,756,0.09059233449477352,0.6707317073170732,64.0,0.13563619509317873,0.04248046875,32,1,1.0,6.5,2048,2048,0,208,0,0,1,1,14718847984597270391
v16e_design_calibration_not_fresh_evidence,v16c,3109,51017,exposure_matched_local,1155157020,wide_128_32_8,32,shuffled_clock,6,2048,2296,32,0,214,771,0.09320557491289198,0.664198606271777,64.0,0.14764618234580373,0.04052734375,32,1,1.0,6.6875,2048,2048,0,214,0,0,1,1,15098043753618768240
v16e_design_calibration_not_fresh_evidence,v16c,3109,51017,exposure_matched_local,1155157020,wide_128_32_8,32,shuffled_clock,7,2048,2296,32,0,214,758,0.09320557491289198,0.6698606271777003,64.0,0.1381103572007872,0.04345703125,32,1,1.0,6.6875,2048,2048,0,214,0,0,1,1,12467790419684986593
v16e_design_calibration_not_fresh_evidence,v16c,3109,51017,exposure_matched_local,1155157020,wide_128_32_8,32,shuffled_clock,8,2048,2296,32,0,207,765,0.0901567944250871,0.6668118466898955,64.0,0.16300905068381544,0.0390625,32,1,1.0,6.46875,2048,2048,0,207,0,0,1,1,657084768757072609
v16e_design_calibration_not_fresh_evidence,v16c,3109,51017,exposure_matched_local,1155157020,wide_128_32_8,32,shuffled_clock,9,2048,2296,32,0,207,771,0.0901567944250871,0.664198606271777,64.0,0.1536579353261968,0.04052734375,32,1,1.0,6.46875,2048,2048,0,207,0,0,1,1,1299639804371901254
v16e_design_calibration_not_fresh_evidence,v16c,3109,51017,exposure_matched_local,1155157020,wide_128_32_8,32,shuffled_clock,10,2048,2296,32,0,209,757,0.09102787456445993,0.6702961672473867,64.0,0.13986690822395778,0.0400390625,32,1,1.0,6.53125,2048,2048,0,209,0,0,1,1,15333172786951371895
v16e_design_calibration_not_fresh_evidence,v16c,3109,51017,exposure_matched_local,1155157020,wide_128_32_8,32,shuffled_clock,11,2048,2296,32,0,219,766,0.09538327526132404,0.6663763066202091,64.0,0.12706212364874528,0.04052734375,32,1,1.0,6.84375,2048,2048,0,219,0,0,1,1,10194499311353419146
v16e_design_calibration_not_fresh_evidence,v16c,3109,51017,exposure_matched_local,1155157020,wide_128_32_8,32,shuffled_clock,12,2048,2296,32,0,208,766,0.09059233449477352,0.6663763066202091,64.0,0.16421244108304223,0.044921875,32,1,1.0,6.5,2048,2048,0,208,0,0,1,1,14146280479108005325
v16e_design_calibration_not_fresh_evidence,v16c,3109,51017,exposure_matched_local,1155157020,wide_128_32_8,32,shuffled_clock,13,2048,2296,32,0,210,760,0.09146341463414634,0.6689895470383276,64.0,0.1608692209529219,0.04296875,32,1,1.0,6.5625,2048,2048,0,210,0,0,1,1,13154570618416487280
v16e_design_calibration_not_fresh_evidence,v16c,3109,51017,exposure_matched_local,1155157020,wide_128_32_8,32,shuffled_clock,14,2048,2296,32,0,214,749,0.09320557491289198,0.6737804878048781,64.0,0.13114915480647069,0.04296875,32,1,1.0,6.6875,2048,2048,0,214,0,0,1,1,13764382516022207172
v16e_design_calibration_not_fresh_evidence,v16c,3109,51017,exposure_matched_local,1155157020,wide_128_32_8,32,shuffled_clock,15,2048,2296,32,0,207,756,0.0901567944250871,0.6707317073170732,64.0,0.16320218943720324,0.04248046875,32,1,1.0,6.46875,2048,2048,0,207,0,0,1,1,555483651963537435
v16e_design_calibration_not_fresh_evidence,v16c,3109,51017,exposure_matched_local,1155157020,wide_128_32_8,8,clock,-1,2048,2296,8,0,27,1686,0.011759581881533102,0.2656794425087108,256.0,0.45816261447853157,0.232421875,8,1,1.0,3.375,2048,2048,0,27,0,0,1,1,
v16e_design_calibration_not_fresh_evidence,v16c,3109,51017,exposure_matched_local,1155157020,wide_128_32_8,8,event_count,-1,2048,2296,8,0,27,1604,0.011759581881533102,0.30139372822299654,256.0,0.0,0.125,8,1,1.0,3.375,2048,2048,0,27,0,0,1,1,
v16e_design_calibration_not_fresh_evidence,v16c,3109,51017,exposure_matched_local,1155157020,wide_128_32_8,8,shuffled_clock,0,2048,2296,8,0,27,1608,0.011759581881533102,0.29965156794425085,256.0,0.09302641144022716,0.13818359375,8,1,1.0,3.375,2048,2048,0,27,0,0,1,1,8235873294952480862
v16e_design_calibration_not_fresh_evidence,v16c,3109,51017,exposure_matched_local,1155157020,wide_128_32_8,8,shuffled_clock,1,2048,2296,8,0,27,1604,0.011759581881533102,0.30139372822299654,256.0,0.06499619022145507,0.13427734375,8,1,1.0,3.375,2048,2048,0,27,0,0,1,1,12412731347268480339
v16e_design_calibration_not_fresh_evidence,v16c,3109,51017,exposure_matched_local,1155157020,wide_128_32_8,8,shuffled_clock,2,2048,2296,8,0,27,1605,0.011759581881533102,0.3009581881533101,256.0,0.09206067244330929,0.1494140625,8,1,1.0,3.375,2048,2048,0,27,0,0,1,1,13657392140998772058
v16e_design_calibration_not_fresh_evidence,v16c,3109,51017,exposure_matched_local,1155157020,wide_128_32_8,8,shuffled_clock,3,2048,2296,8,0,27,1607,0.011759581881533102,0.3000871080139373,256.0,0.06596161542762145,0.134765625,8,1,1.0,3.375,2048,2048,0,27,0,0,1,1,8683023130264412817
v16e_design_calibration_not_fresh_evidence,v16c,3109,51017,exposure_matched_local,1155157020,wide_128_32_8,8,shuffled_clock,4,2048,2296,8,0,27,1606,0.011759581881533102,0.30052264808362367,256.0,0.0585751458560162,0.1376953125,8,1,1.0,3.375,2048,2048,0,27,0,0,1,1,15242074500346111054
v16e_design_calibration_not_fresh_evidence,v16c,3109,51017,exposure_matched_local,1155157020,wide_128_32_8,8,shuffled_clock,5,2048,2296,8,0,28,1611,0.012195121951219513,0.29834494773519166,256.0,0.10776881879083314,0.14453125,8,1,1.0,3.5,2048,2048,0,28,0,0,1,1,18258717052016755641
v16e_design_calibration_not_fresh_evidence,v16c,3109,51017,exposure_matched_local,1155157020,wide_128_32_8,8,shuffled_clock,6,2048,2296,8,0,27,1608,0.011759581881533102,0.29965156794425085,256.0,0.07420406339651199,0.1435546875,8,1,1.0,3.375,2048,2048,0,27,0,0,1,1,7191115825281736816
v16e_design_calibration_not_fresh_evidence,v16c,3109,51017,exposure_matched_local,1155157020,wide_128_32_8,8,shuffled_clock,7,2048,2296,8,0,27,1609,0.011759581881533102,0.29921602787456447,256.0,0.08396166117267452,0.134765625,8,1,1.0,3.375,2048,2048,0,27,0,0,1,1,35960165209821148
v16e_design_calibration_not_fresh_evidence,v16c,3109,51017,exposure_matched_local,1155157020,wide_128_32_8,8,shuffled_clock,8,2048,2296,8,0,27,1609,0.011759581881533102,0.29921602787456447,256.0,0.07923321138079843,0.13916015625,8,1,1.0,3.375,2048,2048,0,27,0,0,1,1,17022718505078547328
v16e_design_calibration_not_fresh_evidence,v16c,3109,51017,exposure_matched_local,1155157020,wide_128_32_8,8,shuffled_clock,9,2048,2296,8,0,27,1606,0.011759581881533102,0.30052264808362367,256.0,0.07172441523687334,0.1337890625,8,1,1.0,3.375,2048,2048,0,27,0,0,1,1,17634448232858594743
v16e_design_calibration_not_fresh_evidence,v16c,3109,51017,exposure_matched_local,1155157020,wide_128_32_8,8,shuffled_clock,10,2048,2296,8,0,27,1610,0.011759581881533102,0.29878048780487804,256.0,0.0861148737697211,0.14013671875,8,1,1.0,3.375,2048,2048,0,27,0,0,1,1,12230575428521945090
v16e_design_calibration_not_fresh_evidence,v16c,3109,51017,exposure_matched_local,1155157020,wide_128_32_8,8,shuffled_clock,11,2048,2296,8,0,27,1607,0.011759581881533102,0.3000871080139373,256.0,0.07196713814800673,0.14404296875,8,1,1.0,3.375,2048,2048,0,27,0,0,1,1,8989856756213631789
v16e_design_calibration_not_fresh_evidence,v16c,3109,51017,exposure_matched_local,1155157020,wide_128_32_8,8,shuffled_clock,12,2048,2296,8,0,27,1607,0.011759581881533102,0.3000871080139373,256.0,0.07190653423144917,0.1376953125,8,1,1.0,3.375,2048,2048,0,27,0,0,1,1,14910825571654214915
v16e_design_calibration_not_fresh_evidence,v16c,3109,51017,exposure_matched_local,1155157020,wide_128_32_8,8,shuffled_clock,13,2048,2296,8,0,27,1610,0.011759581881533102,0.29878048780487804,256.0,0.04384754750125713,0.13232421875,8,1,1.0,3.375,2048,2048,0,27,0,0,1,1,15240258689066249124
v16e_design_calibration_not_fresh_evidence,v16c,3109,51017,exposure_matched_local,1155157020,wide_128_32_8,8,shuffled_clock,14,2048,2296,8,0,27,1612,0.011759581881533102,0.2979094076655052,256.0,0.05890912151962789,0.13134765625,8,1,1.0,3.375,2048,2048,0,27,0,0,1,1,6021909615230283160
v16e_design_calibration_not_fresh_evidence,v16c,3109,51017,exposure_matched_local,1155157020,wide_128_32_8,8,shuffled_clock,15,2048,2296,8,0,27,1603,0.011759581881533102,0.3018292682926829,256.0,0.05139990598066721,0.138671875,8,1,1.0,3.375,2048,2048,0,27,0,0,1,1,17444471312035641862
v16e_design_calibration_not_fresh_evidence,v16c,3109,51017,exposure_matched_local,1155157020,compact_64_16_4,64,clock,-1,2048,2296,64,0,471,440,0.20513937282229966,0.8083623693379791,32.0,0.4559257654173852,0.0361328125,64,1,1.0,7.359375,2048,2048,0,471,0,0,1,1,
v16e_design_calibration_not_fresh_evidence,v16c,3109,51017,exposure_matched_local,1155157020,compact_64_16_4,64,event_count,-1,2048,2296,64,0,528,418,0.22996515679442509,0.8179442508710801,32.0,0.0,0.015625,64,1,1.0,8.25,2048,2048,0,528,0,0,1,1,
v16e_design_calibration_not_fresh_evidence,v16c,3109,51017,exposure_matched_local,1155157020,compact_64_16_4,64,shuffled_clock,0,2048,2296,64,0,510,431,0.2221254355400697,0.8122822299651568,32.0,0.20840772481341654,0.0244140625,64,1,1.0,7.96875,2048,2048,0,510,0,0,1,1,15613871867605431798
v16e_design_calibration_not_fresh_evidence,v16c,3109,51017,exposure_matched_local,1155157020,compact_64_16_4,64,shuffled_clock,1,2048,2296,64,0,522,445,0.2273519163763066,0.806184668989547,32.0,0.20442767572707615,0.02197265625,64,1,1.0,8.15625,2048,2048,0,522,0,0,1,1,7786053524169036560
v16e_design_calibration_not_fresh_evidence,v16c,3109,51017,exposure_matched_local,1155157020,compact_64_16_4,64,shuffled_clock,2,2048,2296,64,0,522,446,0.2273519163763066,0.8057491289198606,32.0,0.20863074009907004,0.02392578125,64,1,1.0,8.15625,2048,2048,0,522,0,0,1,1,12138166297902088049
v16e_design_calibration_not_fresh_evidence,v16c,3109,51017,exposure_matched_local,1155157020,compact_64_16_4,64,shuffled_clock,3,2048,2296,64,0,521,454,0.2269163763066202,0.8022648083623694,32.0,0.1908594544401884,0.021484375,63,2,0.9995039682539683,8.140625,2048,2048,0,521,0,0,1,1,5421054148549305662
v16e_design_calibration_not_fresh_evidence,v16c,3109,51017,exposure_matched_local,1155157020,compact_64_16_4,64,shuffled_clock,4,2048,2296,64,0,523,450,0.22778745644599302,0.804006968641115,32.0,0.2021400877593682,0.021484375,64,1,1.0,8.171875,2048,2048,0,523,0,0,1,1,7694678106747238462
v16e_design_calibration_not_fresh_evidence,v16c,3109,51017,exposure_matched_local,1155157020,compact_64_16_4,64,shuffled_clock,5,2048,2296,64,0,509,463,0.22168989547038329,0.7983449477351916,32.0,0.18947373859996436,0.02197265625,64,1,1.0,7.953125,2048,2048,0,509,0,0,1,1,10935280134224466277
v16e_design_calibration_not_fresh_evidence,v16c,3109,51017,exposure_matched_local,1155157020,compact_64_16_4,64,shuffled_clock,6,2048,2296,64,0,519,438,0.2260452961672474,0.8092334494773519,32.0,0.18633899812498247,0.0224609375,64,1,1.0,8.109375,2048,2048,0,519,0,0,1,1,1176967469097047008
v16e_design_calibration_not_fresh_evidence,v16c,3109,51017,exposure_matched_local,1155157020,compact_64_16_4,64,shuffled_clock,7,2048,2296,64,0,525,436,0.22865853658536586,0.8101045296167247,32.0,0.19077822036353984,0.02392578125,64,1,1.0,8.203125,2048,2048,0,525,0,0,1,1,17983401632416370002
v16e_design_calibration_not_fresh_evidence,v16c,3109,51017,exposure_matched_local,1155157020,compact_64_16_4,64,shuffled_clock,8,2048,2296,64,0,522,432,0.2273519163763066,0.8118466898954704,32.0,0.1741262199560723,0.02099609375,64,1,1.0,8.15625,2048,2048,0,522,0,0,1,1,4485392843765387913
v16e_design_calibration_not_fresh_evidence,v16c,3109,51017,exposure_matched_local,1155157020,compact_64_16_4,64,shuffled_clock,9,2048,2296,64,0,518,450,0.22560975609756098,0.804006968641115,32.0,0.19819059990042134,0.02294921875,64,1,1.0,8.09375,2048,2048,0,518,0,0,1,1,10406303158220264232
v16e_design_calibration_not_fresh_evidence,v16c,3109,51017,exposure_matched_local,1155157020,compact_64_16_4,64,shuffled_clock,10,2048,2296,64,0,533,450,0.23214285714285715,0.804006968641115,32.0,0.16934236126102742,0.02197265625,64,1,1.0,8.328125,2048,2048,0,533,0,0,1,1,7600075359996467023
v16e_design_calibration_not_fresh_evidence,v16c,3109,51017,exposure_matched_local,1155157020,compact_64_16_4,64,shuffled_clock,11,2048,2296,64,0,515,453,0.22430313588850173,0.8027003484320557,32.0,0.1849194108039053,0.0224609375,64,1,1.0,8.046875,2048,2048,0,515,0,0,1,1,17297336753864453734
v16e_design_calibration_not_fresh_evidence,v16c,3109,51017,exposure_matched_local,1155157020,compact_64_16_4,64,shuffled_clock,12,2048,2296,64,0,522,452,0.2273519163763066,0.8031358885017421,32.0,0.2199161095465615,0.0244140625,64,1,1.0,8.15625,2048,2048,0,522,0,0,1,1,5769842933587742354
v16e_design_calibration_not_fresh_evidence,v16c,3109,51017,exposure_matched_local,1155157020,compact_64_16_4,64,shuffled_clock,13,2048,2296,64,0,517,451,0.22517421602787457,0.8035714285714286,32.0,0.19850320356456927,0.0234375,64,1,1.0,8.078125,2048,2048,0,517,0,0,1,1,4626758315627469495
v16e_design_calibration_not_fresh_evidence,v16c,3109,51017,exposure_matched_local,1155157020,compact_64_16_4,64,shuffled_clock,14,2048,2296,64,0,504,416,0.21951219512195122,0.818815331010453,32.0,0.1851707170274081,0.0224609375,64,1,1.0,7.875,2048,2048,0,504,0,0,1,1,8931070913236822070
v16e_design_calibration_not_fresh_evidence,v16c,3109,51017,exposure_matched_local,1155157020,compact_64_16_4,64,shuffled_clock,15,2048,2296,64,0,519,450,0.2260452961672474,0.804006968641115,32.0,0.2203386192723762,0.02734375,64,1,1.0,8.109375,2048,2048,0,519,0,0,1,1,9186976167059076669
v16e_design_calibration_not_fresh_evidence,v16c,3109,51017,exposure_matched_local,1155157020,compact_64_16_4,16,clock,-1,2048,2296,16,0,74,1241,0.032229965156794424,0.4594947735191638,128.0,0.4515868289293876,0.1259765625,16,1,1.0,4.625,2048,2048,0,74,0,0,1,1,
v16e_design_calibration_not_fresh_evidence,v16c,3109,51017,exposure_matched_local,1155157020,compact_64_16_4,16,event_count,-1,2048,2296,16,0,83,1194,0.03614982578397213,0.4799651567944251,128.0,0.0,0.0625,16,1,1.0,5.1875,2048,2048,0,83,0,0,1,1,
v16e_design_calibration_not_fresh_evidence,v16c,3109,51017,exposure_matched_local,1155157020,compact_64_16_4,16,shuffled_clock,0,2048,2296,16,0,83,1190,0.03614982578397213,0.4817073170731707,128.0,0.1274499493265232,0.07666015625,16,1,1.0,5.1875,2048,2048,0,83,0,0,1,1,12967758454613555750
v16e_design_calibration_not_fresh_evidence,v16c,3109,51017,exposure_matched_local,1155157020,compact_64_16_4,16,shuffled_clock,1,2048,2296,16,0,87,1194,0.03789198606271777,0.4799651567944251,128.0,0.08880170148989264,0.07666015625,16,1,1.0,5.4375,2048,2048,0,87,0,0,1,1,15496914200781869375
v16e_design_calibration_not_fresh_evidence,v16c,3109,51017,exposure_matched_local,1155157020,compact_64_16_4,16,shuffled_clock,2,2048,2296,16,0,85,1184,0.03702090592334495,0.4843205574912892,128.0,0.0821365891112684,0.07177734375,16,1,1.0,5.3125,2048,2048,0,85,0,0,1,1,14340313365346217140
v16e_design_calibration_not_fresh_evidence,v16c,3109,51017,exposure_matched_local,1155157020,compact_64_16_4,16,shuffled_clock,3,2048,2296,16,0,85,1192,0.03702090592334495,0.4808362369337979,128.0,0.06461272852542291,0.06884765625,16,1,1.0,5.3125,2048,2048,0,85,0,0,1,1,17845940086558660058
v16e_design_calibration_not_fresh_evidence,v16c,3109,51017,exposure_matched_local,1155157020,compact_64_16_4,16,shuffled_clock,4,2048,2296,16,0,86,1182,0.037456445993031356,0.48519163763066203,128.0,0.10387981336621663,0.07470703125,16,1,1.0,5.375,2048,2048,0,86,0,0,1,1,12799099651899984674
v16e_design_calibration_not_fresh_evidence,v16c,3109,51017,exposure_matched_local,1155157020,compact_64_16_4,16,shuffled_clock,5,2048,2296,16,0,83,1183,0.03614982578397213,0.4847560975609756,128.0,0.06197697825268132,0.06982421875,16,1,1.0,5.1875,2048,2048,0,83,0,0,1,1,1743239283653345112
v16e_design_calibration_not_fresh_evidence,v16c,3109,51017,exposure_matched_local,1155157020,compact_64_16_4,16,shuffled_clock,6,2048,2296,16,0,83,1186,0.03614982578397213,0.4834494773519164,128.0,0.1090769749229109,0.072265625,16,1,1.0,5.1875,2048,2048,0,83,0,0,1,1,6532019010048313938
v16e_design_calibration_not_fresh_evidence,v16c,3109,51017,exposure_matched_local,1155157020,compact_64_16_4,16,shuffled_clock,7,2048,2296,16,0,81,1198,0.035278745644599305,0.47822299651567945,128.0,0.10504835196232257,0.0712890625,16,1,1.0,5.0625,2048,2048,0,81,0,0,1,1,17752742389246700219
v16e_design_calibration_not_fresh_evidence,v16c,3109,51017,exposure_matched_local,1155157020,compact_64_16_4,16,shuffled_clock,8,2048,2296,16,0,84,1188,0.036585365853658534,0.48257839721254353,128.0,0.11114637027361712,0.07275390625,16,1,1.0,5.25,2048,2048,0,84,0,0,1,1,1284303168872087816
v16e_design_calibration_not_fresh_evidence,v16c,3109,51017,exposure_matched_local,1155157020,compact_64_16_4,16,shuffled_clock,9,2048,2296,16,0,89,1196,0.03876306620209059,0.47909407665505227,128.0,0.11916730404841198,0.076171875,16,1,1.0,5.5625,2048,2048,0,89,0,0,1,1,10102033335032470456
v16e_design_calibration_not_fresh_evidence,v16c,3109,51017,exposure_matched_local,1155157020,compact_64_16_4,16,shuffled_clock,10,2048,2296,16,0,87,1193,0.03789198606271777,0.4804006968641115,128.0,0.080232004082951,0.0703125,16,1,1.0,5.4375,2048,2048,0,87,0,0,1,1,11350608348694073489
v16e_design_calibration_not_fresh_evidence,v16c,3109,51017,exposure_matched_local,1155157020,compact_64_16_4,16,shuffled_clock,11,2048,2296,16,0,85,1199,0.03702090592334495,0.477787456445993,128.0,0.09248275458610287,0.07763671875,16,1,1.0,5.3125,2048,2048,0,85,0,0,1,1,8550836618475386940
v16e_design_calibration_not_fresh_evidence,v16c,3109,51017,exposure_matched_local,1155157020,compact_64_16_4,16,shuffled_clock,12,2048,2296,16,0,82,1193,0.03571428571428571,0.4804006968641115,128.0,0.11205786962919353,0.07861328125,16,1,1.0,5.125,2048,2048,0,82,0,0,1,1,1698902360463321638
v16e_design_calibration_not_fresh_evidence,v16c,3109,51017,exposure_matched_local,1155157020,compact_64_16_4,16,shuffled_clock,13,2048,2296,16,0,84,1191,0.036585365853658534,0.48127177700348434,128.0,0.08144008214120775,0.07177734375,16,1,1.0,5.25,2048,2048,0,84,0,0,1,1,16389733931554992081
v16e_design_calibration_not_fresh_evidence,v16c,3109,51017,exposure_matched_local,1155157020,compact_64_16_4,16,shuffled_clock,14,2048,2296,16,0,86,1185,0.037456445993031356,0.4838850174216028,128.0,0.06981886907682383,0.072265625,16,1,1.0,5.375,2048,2048,0,86,0,0,1,1,3808876914354983290
v16e_design_calibration_not_fresh_evidence,v16c,3109,51017,exposure_matched_local,1155157020,compact_64_16_4,16,shuffled_clock,15,2048,2296,16,0,85,1191,0.03702090592334495,0.48127177700348434,128.0,0.09564065775948358,0.07275390625,16,1,1.0,5.3125,2048,2048,0,85,0,0,1,1,207900980006625927
v16e_design_calibration_not_fresh_evidence,v16c,3109,51017,exposure_matched_local,1155157020,compact_64_16_4,4,clock,-1,2048,2296,4,0,6,1978,0.002613240418118467,0.13850174216027875,512.0,0.4710474298330729,0.40478515625,4,1,1.0,1.5,2048,2048,0,6,0,0,1,1,
v16e_design_calibration_not_fresh_evidence,v16c,3109,51017,exposure_matched_local,1155157020,compact_64_16_4,4,event_count,-1,2048,2296,4,0,6,1940,0.002613240418118467,0.15505226480836237,512.0,0.0,0.25,4,1,1.0,1.5,2048,2048,0,6,0,0,1,1,
v16e_design_calibration_not_fresh_evidence,v16c,3109,51017,exposure_matched_local,1155157020,compact_64_16_4,4,shuffled_clock,0,2048,2296,4,0,6,1934,0.002613240418118467,0.15766550522648085,512.0,0.06842444819417313,0.2666015625,4,1,1.0,1.5,2048,2048,0,6,0,0,1,1,6575639856470135005
v16e_design_calibration_not_fresh_evidence,v16c,3109,51017,exposure_matched_local,1155157020,compact_64_16_4,4,shuffled_clock,1,2048,2296,4,0,6,1941,0.002613240418118467,0.15461672473867596,512.0,0.04264198670263754,0.26025390625,4,1,1.0,1.5,2048,2048,0,6,0,0,1,1,14739467062701069150
v16e_design_calibration_not_fresh_evidence,v16c,3109,51017,exposure_matched_local,1155157020,compact_64_16_4,4,shuffled_clock,2,2048,2296,4,0,6,1937,0.002613240418118467,0.1563588850174216,512.0,0.04588804736121379,0.2646484375,4,1,1.0,1.5,2048,2048,0,6,0,0,1,1,7706147637038126129
v16e_design_calibration_not_fresh_evidence,v16c,3109,51017,exposure_matched_local,1155157020,compact_64_16_4,4,shuffled_clock,3,2048,2296,4,0,6,1940,0.002613240418118467,0.15505226480836237,512.0,0.03674782758247418,0.26025390625,4,1,1.0,1.5,2048,2048,0,6,0,0,1,1,2869096047187664763
v16e_design_calibration_not_fresh_evidence,v16c,3109,51017,exposure_matched_local,1155157020,compact_64_16_4,4,shuffled_clock,4,2048,2296,4,0,6,1940,0.002613240418118467,0.15505226480836237,512.0,0.052890875030182034,0.2666015625,4,1,1.0,1.5,2048,2048,0,6,0,0,1,1,16841528157553805978
v16e_design_calibration_not_fresh_evidence,v16c,3109,51017,exposure_matched_local,1155157020,compact_64_16_4,4,shuffled_clock,5,2048,2296,4,0,6,1937,0.002613240418118467,0.1563588850174216,512.0,0.042041365341049325,0.2607421875,4,1,1.0,1.5,2048,2048,0,6,0,0,1,1,14299646506255165736
v16e_design_calibration_not_fresh_evidence,v16c,3109,51017,exposure_matched_local,1155157020,compact_64_16_4,4,shuffled_clock,6,2048,2296,4,0,6,1934,0.002613240418118467,0.15766550522648085,512.0,0.07354754056157317,0.27001953125,4,1,1.0,1.5,2048,2048,0,6,0,0,1,1,9529391743014830138
v16e_design_calibration_not_fresh_evidence,v16c,3109,51017,exposure_matched_local,1155157020,compact_64_16_4,4,shuffled_clock,7,2048,2296,4,0,6,1940,0.002613240418118467,0.15505226480836237,512.0,0.010457277606906908,0.2529296875,4,1,1.0,1.5,2048,2048,0,6,0,0,1,1,15202078508118925577
v16e_design_calibration_not_fresh_evidence,v16c,3109,51017,exposure_matched_local,1155157020,compact_64_16_4,4,shuffled_clock,8,2048,2296,4,0,6,1940,0.002613240418118467,0.15505226480836237,512.0,0.03562334380287618,0.2587890625,4,1,1.0,1.5,2048,2048,0,6,0,0,1,1,3600095540205870278
v16e_design_calibration_not_fresh_evidence,v16c,3109,51017,exposure_matched_local,1155157020,compact_64_16_4,4,shuffled_clock,9,2048,2296,4,0,6,1940,0.002613240418118467,0.15505226480836237,512.0,0.044538102542935075,0.263671875,4,1,1.0,1.5,2048,2048,0,6,0,0,1,1,1354835462269704984
v16e_design_calibration_not_fresh_evidence,v16c,3109,51017,exposure_matched_local,1155157020,compact_64_16_4,4,shuffled_clock,10,2048,2296,4,0,6,1940,0.002613240418118467,0.15505226480836237,512.0,0.02658929408419549,0.25634765625,4,1,1.0,1.5,2048,2048,0,6,0,0,1,1,17766393259157868390
v16e_design_calibration_not_fresh_evidence,v16c,3109,51017,exposure_matched_local,1155157020,compact_64_16_4,4,shuffled_clock,11,2048,2296,4,0,6,1939,0.002613240418118467,0.15548780487804878,512.0,0.0438765376184746,0.26220703125,4,1,1.0,1.5,2048,2048,0,6,0,0,1,1,7334144464242184764
v16e_design_calibration_not_fresh_evidence,v16c,3109,51017,exposure_matched_local,1155157020,compact_64_16_4,4,shuffled_clock,12,2048,2296,4,0,6,1937,0.002613240418118467,0.1563588850174216,512.0,0.06654015298776685,0.265625,4,1,1.0,1.5,2048,2048,0,6,0,0,1,1,3249912637694376672
v16e_design_calibration_not_fresh_evidence,v16c,3109,51017,exposure_matched_local,1155157020,compact_64_16_4,4,shuffled_clock,13,2048,2296,4,0,6,1936,0.002613240418118467,0.156794425087108,512.0,0.08106449175142386,0.2646484375,4,1,1.0,1.5,2048,2048,0,6,0,0,1,1,7720375559054629816
v16e_design_calibration_not_fresh_evidence,v16c,3109,51017,exposure_matched_local,1155157020,compact_64_16_4,4,shuffled_clock,14,2048,2296,4,0,6,1940,0.002613240418118467,0.15505226480836237,512.0,0.07108587982994877,0.2705078125,4,1,1.0,1.5,2048,2048,0,6,0,0,1,1,7759069118144569636
v16e_design_calibration_not_fresh_evidence,v16c,3109,51017,exposure_matched_local,1155157020,compact_64_16_4,4,shuffled_clock,15,2048,2296,4,0,6,1940,0.002613240418118467,0.15505226480836237,512.0,0.008438464451051902,0.2529296875,4,1,1.0,1.5,2048,2048,0,6,0,0,1,1,8540574984605198382
v16e_design_calibration_not_fresh_evidence,v16c,3109,51059,current_global,1055157062,wide_128_32_8,128,clock,-1,2048,2313,128,0,1024,265,0.4427150886294855,0.885430177258971,16.0,0.5206725473604338,0.01953125,120,2,0.9986466535433071,8.0,2048,2048,0,1024,0,0,1,1,
v16e_design_calibration_not_fresh_evidence,v16c,3109,51059,current_global,1055157062,wide_128_32_8,128,event_count,-1,2048,2313,128,0,1143,245,0.49416342412451364,0.8940769563337657,16.0,0.0,0.0078125,121,2,0.9986466535433071,8.9296875,2048,2048,0,1143,0,0,1,1,
v16e_design_calibration_not_fresh_evidence,v16c,3109,51059,current_global,1055157062,wide_128_32_8,128,shuffled_clock,0,2048,2313,128,0,1118,253,0.4833549502810203,0.8906182447038478,16.0,0.3066880805316005,0.01904296875,122,2,0.9988927165354331,8.734375,2048,2048,0,1118,0,0,1,1,15567388033552163366
v16e_design_calibration_not_fresh_evidence,v16c,3109,51059,current_global,1055157062,wide_128_32_8,128,shuffled_clock,1,2048,2313,128,0,1112,258,0.48076091655858194,0.8884565499351491,16.0,0.3153901782981346,0.0146484375,122,2,0.9990157480314961,8.6875,2048,2048,0,1112,0,0,1,1,15839882012928852637
v16e_design_calibration_not_fresh_evidence,v16c,3109,51059,current_global,1055157062,wide_128_32_8,128,shuffled_clock,2,2048,2313,128,0,1077,257,0.4656290531776913,0.8888888888888888,16.0,0.32328819326649066,0.01416015625,121,2,0.9990157480314961,8.4140625,2048,2048,0,1077,0,0,1,1,13677295873166348031
v16e_design_calibration_not_fresh_evidence,v16c,3109,51059,current_global,1055157062,wide_128_32_8,128,shuffled_clock,3,2048,2313,128,0,1086,245,0.4695201037613489,0.8940769563337657,16.0,0.28441731427853917,0.013671875,121,2,0.9985236220472441,8.484375,2048,2048,0,1086,0,0,1,1,8365429788756840524
v16e_design_calibration_not_fresh_evidence,v16c,3109,51059,current_global,1055157062,wide_128_32_8,128,shuffled_clock,4,2048,2313,128,0,1115,237,0.48205793341980113,0.8975356679636836,16.0,0.3068885958067202,0.01318359375,121,2,0.9977854330708661,8.7109375,2048,2048,0,1115,0,0,1,1,12480261593705371094
v16e_design_calibration_not_fresh_evidence,v16c,3109,51059,current_global,1055157062,wide_128_32_8,128,shuffled_clock,5,2048,2313,128,0,1125,251,0.48638132295719844,0.8914829226113273,16.0,0.2995855076233708,0.0146484375,120,2,0.9986466535433071,8.7890625,2048,2048,0,1125,0,0,1,1,2083816405343651858
v16e_design_calibration_not_fresh_evidence,v16c,3109,51059,current_global,1055157062,wide_128_32_8,128,shuffled_clock,6,2048,2313,128,0,1101,250,0.47600518806744485,0.8919152615650671,16.0,0.30457470024855327,0.013671875,122,2,0.9981545275590551,8.6015625,2048,2048,0,1101,0,0,1,1,7241387723629780618
v16e_design_calibration_not_fresh_evidence,v16c,3109,51059,current_global,1055157062,wide_128_32_8,128,shuffled_clock,7,2048,2313,128,0,1116,252,0.48249027237354086,0.8910505836575876,16.0,0.2875363722285073,0.0146484375,123,2,0.9993848425196851,8.71875,2048,2048,0,1116,0,0,1,1,10303613048452530972
v16e_design_calibration_not_fresh_evidence,v16c,3109,51059,current_global,1055157062,wide_128_32_8,128,shuffled_clock,8,2048,2313,128,0,1117,247,0.4829226113272806,0.8932122784262863,16.0,0.28322523798749094,0.01513671875,122,2,0.9988927165354331,8.7265625,2048,2048,0,1117,0,0,1,1,10534047866836185537
v16e_design_calibration_not_fresh_evidence,v16c,3109,51059,current_global,1055157062,wide_128_32_8,128,shuffled_clock,9,2048,2313,128,0,1108,269,0.479031560743623,0.8837008214440121,16.0,0.28420094504655385,0.0146484375,118,2,0.9970472440944882,8.65625,2048,2048,0,1108,0,0,1,1,10182577946714452745
v16e_design_calibration_not_fresh_evidence,v16c,3109,51059,current_global,1055157062,wide_128_32_8,128,shuffled_clock,10,2048,2313,128,0,1134,259,0.490272373540856,0.8880242109814094,16.0,0.2852811501758735,0.01416015625,120,2,0.99876968503937,8.859375,2048,2048,0,1134,0,0,1,1,5420745276211439411
v16e_design_calibration_not_fresh_evidence,v16c,3109,51059,current_global,1055157062,wide_128_32_8,128,shuffled_clock,11,2048,2313,128,0,1087,275,0.4699524427150886,0.8811067877215737,16.0,0.3321110299590672,0.01416015625,119,2,0.9975393700787402,8.4921875,2048,2048,0,1087,0,0,1,1,14494839066572324167
v16e_design_calibration_not_fresh_evidence,v16c,3109,51059,current_global,1055157062,wide_128_32_8,128,shuffled_clock,12,2048,2313,128,0,1122,250,0.48508430609597925,0.8919152615650671,16.0,0.29072777265902133,0.01318359375,124,2,0.999138779527559,8.765625,2048,2048,0,1122,0,0,1,1,8401337726060225410
v16e_design_calibration_not_fresh_evidence,v16c,3109,51059,current_global,1055157062,wide_128_32_8,128,shuffled_clock,13,2048,2313,128,0,1106,261,0.47816688283614356,0.8871595330739299,16.0,0.3200370610920569,0.0146484375,119,2,0.9972933070866141,8.640625,2048,2048,0,1106,0,0,1,1,1267602402328564098
v16e_design_calibration_not_fresh_evidence,v16c,3109,51059,current_global,1055157062,wide_128_32_8,128,shuffled_clock,14,2048,2313,128,0,1087,274,0.4699524427150886,0.8815391266753134,16.0,0.3510214285582671,0.0166015625,118,3,0.9968011811023622,8.4921875,2048,2048,0,1087,0,0,1,1,2060904982295260707
v16e_design_calibration_not_fresh_evidence,v16c,3109,51059,current_global,1055157062,wide_128_32_8,128,shuffled_clock,15,2048,2313,128,0,1116,252,0.48249027237354086,0.8910505836575876,16.0,0.3043726606241649,0.01416015625,119,2,0.9986466535433071,8.71875,2048,2048,0,1116,0,0,1,1,17856601048032327552
v16e_design_calibration_not_fresh_evidence,v16c,3109,51059,current_global,1055157062,wide_128_32_8,32,clock,-1,2048,2313,32,0,201,821,0.08690012970168612,0.6450497189796801,64.0,0.4841879841882263,0.06591796875,32,1,1.0,6.28125,2048,2048,0,201,0,0,1,1,
v16e_design_calibration_not_fresh_evidence,v16c,3109,51059,current_global,1055157062,wide_128_32_8,32,event_count,-1,2048,2313,32,0,221,779,0.09554690877648075,0.6632079550367488,64.0,0.0,0.03125,32,1,1.0,6.90625,2048,2048,0,221,0,0,1,1,
v16e_design_calibration_not_fresh_evidence,v16c,3109,51059,current_global,1055157062,wide_128_32_8,32,shuffled_clock,0,2048,2313,32,0,219,775,0.0946822308690013,0.6649373108517077,64.0,0.15845222262511408,0.041015625,32,1,1.0,6.84375,2048,2048,0,219,0,0,1,1,3103700243340548924
v16e_design_calibration_not_fresh_evidence,v16c,3109,51059,current_global,1055157062,wide_128_32_8,32,shuffled_clock,1,2048,2313,32,0,223,780,0.09641158668396023,0.6627756160830091,64.0,0.15128190479281364,0.04296875,32,1,1.0,6.96875,2048,2048,0,223,0,0,1,1,3114369427394848439
v16e_design_calibration_not_fresh_evidence,v16c,3109,51059,current_global,1055157062,wide_128_32_8,32,shuffled_clock,2,2048,2313,32,0,221,788,0.09554690877648075,0.6593169044530912,64.0,0.17285734667171973,0.04052734375,32,1,1.0,6.90625,2048,2048,0,221,0,0,1,1,15490701217408358876
v16e_design_calibration_not_fresh_evidence,v16c,3109,51059,current_global,1055157062,wide_128_32_8,32,shuffled_clock,3,2048,2313,32,0,213,752,0.09208819714656291,0.6748811067877216,64.0,0.14997479626967003,0.0390625,32,1,1.0,6.65625,2048,2048,0,213,0,0,1,1,10002591146393454927
v16e_design_calibration_not_fresh_evidence,v16c,3109,51059,current_global,1055157062,wide_128_32_8,32,shuffled_clock,4,2048,2313,32,0,224,789,0.09684392563769996,0.6588845654993515,64.0,0.13771061582055835,0.0400390625,32,1,1.0,7.0,2048,2048,0,224,0,0,1,1,4553270941750017002
v16e_design_calibration_not_fresh_evidence,v16c,3109,51059,current_global,1055157062,wide_128_32_8,32,shuffled_clock,5,2048,2313,32,0,220,777,0.09511456982274102,0.6640726329442282,64.0,0.14270968231840248,0.04052734375,32,1,1.0,6.875,2048,2048,0,220,0,0,1,1,13498872973615212772
v16e_design_calibration_not_fresh_evidence,v16c,3109,51059,current_global,1055157062,wide_128_32_8,32,shuffled_clock,6,2048,2313,32,0,220,785,0.09511456982274102,0.6606139213143104,64.0,0.15850191753699142,0.04248046875,32,1,1.0,6.875,2048,2048,0,220,0,0,1,1,3855016945140143994
v16e_design_calibration_not_fresh_evidence,v16c,3109,51059,current_global,1055157062,wide_128_32_8,32,shuffled_clock,7,2048,2313,32,0,216,768,0.0933852140077821,0.6679636835278858,64.0,0.13276060418736255,0.04052734375,32,1,1.0,6.75,2048,2048,0,216,0,0,1,1,16568598089903435300
v16e_design_calibration_not_fresh_evidence,v16c,3109,51059,current_global,1055157062,wide_128_32_8,32,shuffled_clock,8,2048,2313,32,0,221,786,0.09554690877648075,0.6601815823605707,64.0,0.13446991209212758,0.04150390625,32,1,1.0,6.90625,2048,2048,0,221,0,0,1,1,835084043585747704
v16e_design_calibration_not_fresh_evidence,v16c,3109,51059,current_global,1055157062,wide_128_32_8,32,shuffled_clock,9,2048,2313,32,0,218,786,0.09424989191526156,0.6601815823605707,64.0,0.1465217526237503,0.0458984375,32,1,1.0,6.8125,2048,2048,0,218,0,0,1,1,2263257210802834337
v16e_design_calibration_not_fresh_evidence,v16c,3109,51059,current_global,1055157062,wide_128_32_8,32,shuffled_clock,10,2048,2313,32,0,218,781,0.09424989191526156,0.6623432771292693,64.0,0.13981058975651492,0.0390625,32,1,1.0,6.8125,2048,2048,0,218,0,0,1,1,14783840752178391402
v16e_design_calibration_not_fresh_evidence,v16c,3109,51059,current_global,1055157062,wide_128_32_8,32,shuffled_clock,11,2048,2313,32,0,219,783,0.0946822308690013,0.6614785992217899,64.0,0.12774210094889904,0.041015625,32,1,1.0,6.84375,2048,2048,0,219,0,0,1,1,15637100295001688572
v16e_design_calibration_not_fresh_evidence,v16c,3109,51059,current_global,1055157062,wide_128_32_8,32,shuffled_clock,12,2048,2313,32,0,219,781,0.0946822308690013,0.6623432771292693,64.0,0.13210646061220424,0.0380859375,32,1,1.0,6.84375,2048,2048,0,219,0,0,1,1,6078978725686844918
v16e_design_calibration_not_fresh_evidence,v16c,3109,51059,current_global,1055157062,wide_128_32_8,32,shuffled_clock,13,2048,2313,32,0,221,775,0.09554690877648075,0.6649373108517077,64.0,0.13293844834504087,0.03857421875,32,1,1.0,6.90625,2048,2048,0,221,0,0,1,1,2545854406441357384
v16e_design_calibration_not_fresh_evidence,v16c,3109,51059,current_global,1055157062,wide_128_32_8,32,shuffled_clock,14,2048,2313,32,0,216,792,0.0933852140077821,0.6575875486381323,64.0,0.1784615877617691,0.04931640625,32,1,1.0,6.75,2048,2048,0,216,0,0,1,1,14150949661088139452
v16e_design_calibration_not_fresh_evidence,v16c,3109,51059,current_global,1055157062,wide_128_32_8,32,shuffled_clock,15,2048,2313,32,0,225,802,0.09727626459143969,0.653264159100735,64.0,0.12544025293521857,0.0380859375,32,1,1.0,7.03125,2048,2048,0,225,0,0,1,1,11806896709333750266
v16e_design_calibration_not_fresh_evidence,v16c,3109,51059,current_global,1055157062,wide_128_32_8,8,clock,-1,2048,2313,8,0,24,1706,0.010376134889753566,0.2624297449200173,256.0,0.48959866918103373,0.2392578125,8,1,1.0,3.0,2048,2048,0,24,0,0,1,1,
v16e_design_calibration_not_fresh_evidence,v16c,3109,51059,current_global,1055157062,wide_128_32_8,8,event_count,-1,2048,2313,8,0,27,1624,0.011673151750972763,0.2978815391266753,256.0,0.0,0.125,8,1,1.0,3.375,2048,2048,0,27,0,0,1,1,
v16e_design_calibration_not_fresh_evidence,v16c,3109,51059,current_global,1055157062,wide_128_32_8,8,shuffled_clock,0,2048,2313,8,0,26,1632,0.01124081279723303,0.29442282749675747,256.0,0.08070516156156662,0.14501953125,8,1,1.0,3.25,2048,2048,0,26,0,0,1,1,3393495933240531518
v16e_design_calibration_not_fresh_evidence,v16c,3109,51059,current_global,1055157062,wide_128_32_8,8,shuffled_clock,1,2048,2313,8,0,27,1617,0.011673151750972763,0.3009079118028534,256.0,0.0868709451134884,0.13525390625,8,1,1.0,3.375,2048,2048,0,27,0,0,1,1,15912944638976308609
v16e_design_calibration_not_fresh_evidence,v16c,3109,51059,current_global,1055157062,wide_128_32_8,8,shuffled_clock,2,2048,2313,8,0,27,1623,0.011673151750972763,0.29831387808041504,256.0,0.10539638721275033,0.14013671875,8,1,1.0,3.375,2048,2048,0,27,0,0,1,1,2041878379829652588
v16e_design_calibration_not_fresh_evidence,v16c,3109,51059,current_global,1055157062,wide_128_32_8,8,shuffled_clock,3,2048,2313,8,0,27,1628,0.011673151750972763,0.2961521833117164,256.0,0.10477408466297515,0.140625,8,1,1.0,3.375,2048,2048,0,27,0,0,1,1,16292684300621261221
v16e_design_calibration_not_fresh_evidence,v16c,3109,51059,current_global,1055157062,wide_128_32_8,8,shuffled_clock,4,2048,2313,8,0,27,1626,0.011673151750972763,0.29701686121919585,256.0,0.0658954884782389,0.134765625,8,1,1.0,3.375,2048,2048,0,27,0,0,1,1,9913725953063252706
v16e_design_calibration_not_fresh_evidence,v16c,3109,51059,current_global,1055157062,wide_128_32_8,8,shuffled_clock,5,2048,2313,8,0,27,1632,0.011673151750972763,0.29442282749675747,256.0,0.10070032395943776,0.13818359375,8,1,1.0,3.375,2048,2048,0,27,0,0,1,1,8806498209873197485
v16e_design_calibration_not_fresh_evidence,v16c,3109,51059,current_global,1055157062,wide_128_32_8,8,shuffled_clock,6,2048,2313,8,0,26,1628,0.01124081279723303,0.2961521833117164,256.0,0.07671722703609107,0.14404296875,8,1,1.0,3.25,2048,2048,0,26,0,0,1,1,11857725499143802021
v16e_design_calibration_not_fresh_evidence,v16c,3109,51059,current_global,1055157062,wide_128_32_8,8,shuffled_clock,7,2048,2313,8,0,28,1624,0.012105490704712495,0.2978815391266753,256.0,0.06445735240465479,0.1376953125,8,1,1.0,3.5,2048,2048,0,28,0,0,1,1,17801449655085987444
v16e_design_calibration_not_fresh_evidence,v16c,3109,51059,current_global,1055157062,wide_128_32_8,8,shuffled_clock,8,2048,2313,8,0,27,1624,0.011673151750972763,0.2978815391266753,256.0,0.06302098706199274,0.13525390625,8,1,1.0,3.375,2048,2048,0,27,0,0,1,1,6141064348179584394
v16e_design_calibration_not_fresh_evidence,v16c,3109,51059,current_global,1055157062,wide_128_32_8,8,shuffled_clock,9,2048,2313,8,0,27,1623,0.011673151750972763,0.29831387808041504,256.0,0.09423701626417827,0.1416015625,8,1,1.0,3.375,2048,2048,0,27,0,0,1,1,8297067756135733943
v16e_design_calibration_not_fresh_evidence,v16c,3109,51059,current_global,1055157062,wide_128_32_8,8,shuffled_clock,10,2048,2313,8,0,27,1604,0.011673151750972763,0.30652831820147,256.0,0.09108469463077835,0.14013671875,8,1,1.0,3.375,2048,2048,0,27,0,0,1,1,7586197197062874390
v16e_design_calibration_not_fresh_evidence,v16c,3109,51059,current_global,1055157062,wide_128_32_8,8,shuffled_clock,11,2048,2313,8,0,27,1623,0.011673151750972763,0.29831387808041504,256.0,0.04502487221862569,0.1318359375,8,1,1.0,3.375,2048,2048,0,27,0,0,1,1,17907277121073787543
v16e_design_calibration_not_fresh_evidence,v16c,3109,51059,current_global,1055157062,wide_128_32_8,8,shuffled_clock,12,2048,2313,8,0,27,1625,0.011673151750972763,0.2974492001729356,256.0,0.11591571801544308,0.146484375,8,1,1.0,3.375,2048,2048,0,27,0,0,1,1,2868840613538387956
v16e_design_calibration_not_fresh_evidence,v16c,3109,51059,current_global,1055157062,wide_128_32_8,8,shuffled_clock,13,2048,2313,8,0,27,1620,0.011673151750972763,0.29961089494163423,256.0,0.02746306874858099,0.12939453125,8,1,1.0,3.375,2048,2048,0,27,0,0,1,1,2256316283908594912
v16e_design_calibration_not_fresh_evidence,v16c,3109,51059,current_global,1055157062,wide_128_32_8,8,shuffled_clock,14,2048,2313,8,0,27,1610,0.011673151750972763,0.30393428447903154,256.0,0.06871321052999406,0.14111328125,8,1,1.0,3.375,2048,2048,0,27,0,0,1,1,16848504374914503479
v16e_design_calibration_not_fresh_evidence,v16c,3109,51059,current_global,1055157062,wide_128_32_8,8,shuffled_clock,15,2048,2313,8,0,27,1625,0.011673151750972763,0.2974492001729356,256.0,0.052032154914910894,0.13330078125,8,1,1.0,3.375,2048,2048,0,27,0,0,1,1,4094072783210132765
v16e_design_calibration_not_fresh_evidence,v16c,3109,51059,current_global,1055157062,compact_64_16_4,64,clock,-1,2048,2313,64,0,468,498,0.20233463035019456,0.7846952010376135,32.0,0.4933209659003207,0.03369140625,63,2,0.9995039682539683,7.3125,2048,2048,0,468,0,0,1,1,
v16e_design_calibration_not_fresh_evidence,v16c,3109,51059,current_global,1055157062,compact_64_16_4,64,event_count,-1,2048,2313,64,0,536,463,0.23173367920449633,0.7998270644185042,32.0,0.0,0.015625,64,1,1.0,8.375,2048,2048,0,536,0,0,1,1,
v16e_design_calibration_not_fresh_evidence,v16c,3109,51059,current_global,1055157062,compact_64_16_4,64,shuffled_clock,0,2048,2313,64,0,524,446,0.22654561175961954,0.8071768266320796,32.0,0.21018522160454664,0.0224609375,64,1,1.0,8.1875,2048,2048,0,524,0,0,1,1,9099120711239523104
v16e_design_calibration_not_fresh_evidence,v16c,3109,51059,current_global,1055157062,compact_64_16_4,64,shuffled_clock,1,2048,2313,64,0,538,458,0.2325983571119758,0.8019887591872028,32.0,0.24844506514886827,0.0224609375,64,1,1.0,8.40625,2048,2048,0,538,0,0,1,1,17566534006293613658
v16e_design_calibration_not_fresh_evidence,v16c,3109,51059,current_global,1055157062,compact_64_16_4,64,shuffled_clock,2,2048,2313,64,0,540,472,0.23346303501945526,0.7959360138348465,32.0,0.1939211353773274,0.0224609375,64,1,1.0,8.4375,2048,2048,0,540,0,0,1,1,2890919332435689904
v16e_design_calibration_not_fresh_evidence,v16c,3109,51059,current_global,1055157062,compact_64_16_4,64,shuffled_clock,3,2048,2313,64,0,522,459,0.22568093385214008,0.8015564202334631,32.0,0.2446095447137731,0.0234375,64,1,1.0,8.15625,2048,2048,0,522,0,0,1,1,769302585517926285
v16e_design_calibration_not_fresh_evidence,v16c,3109,51059,current_global,1055157062,compact_64_16_4,64,shuffled_clock,4,2048,2313,64,0,526,476,0.227410289667099,0.7942066580198875,32.0,0.22292640165659058,0.0234375,64,1,1.0,8.21875,2048,2048,0,526,0,0,1,1,8306932629934209783
v16e_design_calibration_not_fresh_evidence,v16c,3109,51059,current_global,1055157062,compact_64_16_4,64,shuffled_clock,5,2048,2313,64,0,527,477,0.22784262862083873,0.7937743190661478,32.0,0.23365464696345983,0.0224609375,64,1,1.0,8.234375,2048,2048,0,527,0,0,1,1,6077004134425058415
v16e_design_calibration_not_fresh_evidence,v16c,3109,51059,current_global,1055157062,compact_64_16_4,64,shuffled_clock,6,2048,2313,64,0,528,479,0.22827496757457846,0.7929096411586684,32.0,0.2337872922463345,0.025390625,64,1,1.0,8.25,2048,2048,0,528,0,0,1,1,17927696024494426252
v16e_design_calibration_not_fresh_evidence,v16c,3109,51059,current_global,1055157062,compact_64_16_4,64,shuffled_clock,7,2048,2313,64,0,523,468,0.2261132728058798,0.7976653696498055,32.0,0.19826879702317224,0.0224609375,64,1,1.0,8.171875,2048,2048,0,523,0,0,1,1,17966985473854595293
v16e_design_calibration_not_fresh_evidence,v16c,3109,51059,current_global,1055157062,compact_64_16_4,64,shuffled_clock,8,2048,2313,64,0,520,465,0.22481625594466062,0.7989623865110247,32.0,0.19858127759062236,0.0244140625,64,1,1.0,8.125,2048,2048,0,520,0,0,1,1,8788098369254173997
v16e_design_calibration_not_fresh_evidence,v16c,3109,51059,current_global,1055157062,compact_64_16_4,64,shuffled_clock,9,2048,2313,64,0,537,467,0.23216601815823606,0.7980977086035452,32.0,0.2032108335132329,0.02392578125,64,1,1.0,8.390625,2048,2048,0,537,0,0,1,1,15270979388411841423
v16e_design_calibration_not_fresh_evidence,v16c,3109,51059,current_global,1055157062,compact_64_16_4,64,shuffled_clock,10,2048,2313,64,0,530,442,0.22913964548205792,0.8089061824470385,32.0,0.21650635094610965,0.0263671875,64,1,1.0,8.28125,2048,2048,0,530,0,0,1,1,14305916774803841808
v16e_design_calibration_not_fresh_evidence,v16c,3109,51059,current_global,1055157062,compact_64_16_4,64,shuffled_clock,11,2048,2313,64,0,521,462,0.22524859489840035,0.8002594033722439,32.0,0.2453688105171543,0.025390625,64,1,1.0,8.140625,2048,2048,0,521,0,0,1,1,6675077040441309055
v16e_design_calibration_not_fresh_evidence,v16c,3109,51059,current_global,1055157062,compact_64_16_4,64,shuffled_clock,12,2048,2313,64,0,518,489,0.22395157803718116,0.788586251621271,32.0,0.2329237476562281,0.0244140625,64,1,1.0,8.09375,2048,2048,0,518,0,0,1,1,16650421395519667513
v16e_design_calibration_not_fresh_evidence,v16c,3109,51059,current_global,1055157062,compact_64_16_4,64,shuffled_clock,13,2048,2313,64,0,520,489,0.22481625594466062,0.788586251621271,32.0,0.23838338219087735,0.02490234375,64,1,1.0,8.125,2048,2048,0,520,0,0,1,1,341853357734299264
v16e_design_calibration_not_fresh_evidence,v16c,3109,51059,current_global,1055157062,compact_64_16_4,64,shuffled_clock,14,2048,2313,64,0,539,482,0.23303069606571553,0.7916126242974492,32.0,0.23916241492819418,0.025390625,63,2,0.9995039682539683,8.421875,2048,2048,0,539,0,0,1,1,2050829430055744851
v16e_design_calibration_not_fresh_evidence,v16c,3109,51059,current_global,1055157062,compact_64_16_4,64,shuffled_clock,15,2048,2313,64,0,525,455,0.22697795071335927,0.803285776048422,32.0,0.19223518168994216,0.02294921875,64,1,1.0,8.203125,2048,2048,0,525,0,0,1,1,5444008283964159040
v16e_design_calibration_not_fresh_evidence,v16c,3109,51059,current_global,1055157062,compact_64_16_4,16,clock,-1,2048,2313,16,0,75,1288,0.0324254215304799,0.44314742758322523,128.0,0.4864538722136629,0.1279296875,16,1,1.0,4.6875,2048,2048,0,75,0,0,1,1,
v16e_design_calibration_not_fresh_evidence,v16c,3109,51059,current_global,1055157062,compact_64_16_4,16,event_count,-1,2048,2313,16,0,86,1199,0.03718115002161695,0.4816255944660614,128.0,0.0,0.0625,16,1,1.0,5.375,2048,2048,0,86,0,0,1,1,
v16e_design_calibration_not_fresh_evidence,v16c,3109,51059,current_global,1055157062,compact_64_16_4,16,shuffled_clock,0,2048,2313,16,0,83,1207,0.03588413316039775,0.47816688283614356,128.0,0.08360956820743265,0.07373046875,16,1,1.0,5.1875,2048,2048,0,83,0,0,1,1,4801102363791108840
v16e_design_calibration_not_fresh_evidence,v16c,3109,51059,current_global,1055157062,compact_64_16_4,16,shuffled_clock,1,2048,2313,16,0,92,1197,0.03977518374405534,0.48249027237354086,128.0,0.09213010218797474,0.0751953125,16,1,1.0,5.75,2048,2048,0,92,0,0,1,1,12006146314986174995
v16e_design_calibration_not_fresh_evidence,v16c,3109,51059,current_global,1055157062,compact_64_16_4,16,shuffled_clock,2,2048,2313,16,0,86,1190,0.03718115002161695,0.485516645049719,128.0,0.13245970299176527,0.07763671875,16,1,1.0,5.375,2048,2048,0,86,0,0,1,1,8492823628038871476
v16e_design_calibration_not_fresh_evidence,v16c,3109,51059,current_global,1055157062,compact_64_16_4,16,shuffled_clock,3,2048,2313,16,0,87,1197,0.03761348897535668,0.48249027237354086,128.0,0.10202219682908878,0.072265625,16,1,1.0,5.4375,2048,2048,0,87,0,0,1,1,8593314761516383727
v16e_design_calibration_not_fresh_evidence,v16c,3109,51059,current_global,1055157062,compact_64_16_4,16,shuffled_clock,4,2048,2313,16,0,84,1189,0.03631647211413749,0.4859489840034587,128.0,0.07389595374015188,0.06884765625,16,1,1.0,5.25,2048,2048,0,84,0,0,1,1,106314597149843174
v16e_design_calibration_not_fresh_evidence,v16c,3109,51059,current_global,1055157062,compact_64_16_4,16,shuffled_clock,5,2048,2313,16,0,90,1202,0.038910505836575876,0.4803285776048422,128.0,0.123658162471522,0.07666015625,16,1,1.0,5.625,2048,2048,0,90,0,0,1,1,11977072734403229451
v16e_design_calibration_not_fresh_evidence,v16c,3109,51059,current_global,1055157062,compact_64_16_4,16,shuffled_clock,6,2048,2313,16,0,87,1197,0.03761348897535668,0.48249027237354086,128.0,0.13386531244127434,0.0791015625,16,1,1.0,5.4375,2048,2048,0,87,0,0,1,1,2055670382918370745
v16e_design_calibration_not_fresh_evidence,v16c,3109,51059,current_global,1055157062,compact_64_16_4,16,shuffled_clock,7,2048,2313,16,0,86,1201,0.03718115002161695,0.48076091655858194,128.0,0.12454343703436699,0.078125,16,1,1.0,5.375,2048,2048,0,86,0,0,1,1,15806489223656222456
v16e_design_calibration_not_fresh_evidence,v16c,3109,51059,current_global,1055157062,compact_64_16_4,16,shuffled_clock,8,2048,2313,16,0,91,1200,0.039342844790315606,0.48119325551232167,128.0,0.1013017486069877,0.07275390625,16,1,1.0,5.6875,2048,2048,0,91,0,0,1,1,4434062121430388388
v16e_design_calibration_not_fresh_evidence,v16c,3109,51059,current_global,1055157062,compact_64_16_4,16,shuffled_clock,9,2048,2313,16,0,82,1203,0.03545179420665802,0.4798962386511025,128.0,0.09853252688410394,0.0751953125,16,1,1.0,5.125,2048,2048,0,82,0,0,1,1,3850945117940435329
v16e_design_calibration_not_fresh_evidence,v16c,3109,51059,current_global,1055157062,compact_64_16_4,16,shuffled_clock,10,2048,2313,16,0,86,1194,0.03718115002161695,0.48378728923476005,128.0,0.08722986575231367,0.07080078125,16,1,1.0,5.375,2048,2048,0,86,0,0,1,1,6686700853363720696
v16e_design_calibration_not_fresh_evidence,v16c,3109,51059,current_global,1055157062,compact_64_16_4,16,shuffled_clock,11,2048,2313,16,0,88,1200,0.03804582792909641,0.48119325551232167,128.0,0.09915003361908994,0.07421875,16,1,1.0,5.5,2048,2048,0,88,0,0,1,1,9805381271652112933
v16e_design_calibration_not_fresh_evidence,v16c,3109,51059,current_global,1055157062,compact_64_16_4,16,shuffled_clock,12,2048,2313,16,0,88,1190,0.03804582792909641,0.485516645049719,128.0,0.12897330957734368,0.07958984375,16,1,1.0,5.5,2048,2048,0,88,0,0,1,1,4771311047834458954
v16e_design_calibration_not_fresh_evidence,v16c,3109,51059,current_global,1055157062,compact_64_16_4,16,shuffled_clock,13,2048,2313,16,0,86,1184,0.03718115002161695,0.48811067877215736,128.0,0.12349352631480999,0.07861328125,16,1,1.0,5.375,2048,2048,0,86,0,0,1,1,2802716462920272821
v16e_design_calibration_not_fresh_evidence,v16c,3109,51059,current_global,1055157062,compact_64_16_4,16,shuffled_clock,14,2048,2313,16,0,83,1206,0.03588413316039775,0.4785992217898833,128.0,0.07931387081820346,0.0712890625,16,1,1.0,5.1875,2048,2048,0,83,0,0,1,1,18280582032916363597
v16e_design_calibration_not_fresh_evidence,v16c,3109,51059,current_global,1055157062,compact_64_16_4,16,shuffled_clock,15,2048,2313,16,0,86,1190,0.03718115002161695,0.485516645049719,128.0,0.11803512895179412,0.07763671875,16,1,1.0,5.375,2048,2048,0,86,0,0,1,1,16886482354270633641
v16e_design_calibration_not_fresh_evidence,v16c,3109,51059,current_global,1055157062,compact_64_16_4,4,clock,-1,2048,2313,4,0,6,2005,0.0025940337224383916,0.13316039775183744,512.0,0.4924380356072837,0.40576171875,4,1,1.0,1.5,2048,2048,0,6,0,0,1,1,
v16e_design_calibration_not_fresh_evidence,v16c,3109,51059,current_global,1055157062,compact_64_16_4,4,event_count,-1,2048,2313,4,0,6,1937,0.0025940337224383916,0.16255944660613922,512.0,0.0,0.25,4,1,1.0,1.5,2048,2048,0,6,0,0,1,1,
v16e_design_calibration_not_fresh_evidence,v16c,3109,51059,current_global,1055157062,compact_64_16_4,4,shuffled_clock,0,2048,2313,4,0,6,1934,0.0025940337224383916,0.1638564634673584,512.0,0.03964410767614148,0.26123046875,4,1,1.0,1.5,2048,2048,0,6,0,0,1,1,7172982732040622342
v16e_design_calibration_not_fresh_evidence,v16c,3109,51059,current_global,1055157062,compact_64_16_4,4,shuffled_clock,1,2048,2313,4,0,6,1919,0.0025940337224383916,0.1703415477734544,512.0,0.04228263771127479,0.25927734375,4,1,1.0,1.5,2048,2048,0,6,0,0,1,1,23645656294846917
v16e_design_calibration_not_fresh_evidence,v16c,3109,51059,current_global,1055157062,compact_64_16_4,4,shuffled_clock,2,2048,2313,4,0,6,1924,0.0025940337224383916,0.16817985300475574,512.0,0.06820108160837395,0.26123046875,4,1,1.0,1.5,2048,2048,0,6,0,0,1,1,7404748600138872572
v16e_design_calibration_not_fresh_evidence,v16c,3109,51059,current_global,1055157062,compact_64_16_4,4,shuffled_clock,3,2048,2313,4,0,6,1934,0.0025940337224383916,0.1638564634673584,512.0,0.04654834096801947,0.2626953125,4,1,1.0,1.5,2048,2048,0,6,0,0,1,1,15768154053923729140
v16e_design_calibration_not_fresh_evidence,v16c,3109,51059,current_global,1055157062,compact_64_16_4,4,shuffled_clock,4,2048,2313,4,0,6,1937,0.0025940337224383916,0.16255944660613922,512.0,0.050881311673385214,0.26318359375,4,1,1.0,1.5,2048,2048,0,6,0,0,1,1,2438548779229352456
v16e_design_calibration_not_fresh_evidence,v16c,3109,51059,current_global,1055157062,compact_64_16_4,4,shuffled_clock,5,2048,2313,4,0,6,1938,0.0025940337224383916,0.1621271076523995,512.0,0.01710146554240065,0.25537109375,4,1,1.0,1.5,2048,2048,0,6,0,0,1,1,18317959805109150995
v16e_design_calibration_not_fresh_evidence,v16c,3109,51059,current_global,1055157062,compact_64_16_4,4,shuffled_clock,6,2048,2313,4,0,6,1934,0.0025940337224383916,0.1638564634673584,512.0,0.04161577295441898,0.2607421875,4,1,1.0,1.5,2048,2048,0,6,0,0,1,1,8107130452792457672
v16e_design_calibration_not_fresh_evidence,v16c,3109,51059,current_global,1055157062,compact_64_16_4,4,shuffled_clock,7,2048,2313,4,0,6,1937,0.0025940337224383916,0.16255944660613922,512.0,0.04482269395327736,0.26318359375,4,1,1.0,1.5,2048,2048,0,6,0,0,1,1,17649070361023571975
v16e_design_calibration_not_fresh_evidence,v16c,3109,51059,current_global,1055157062,compact_64_16_4,4,shuffled_clock,8,2048,2313,4,0,6,1938,0.0025940337224383916,0.1621271076523995,512.0,0.027529133478992156,0.25830078125,4,1,1.0,1.5,2048,2048,0,6,0,0,1,1,12154057693710657995
v16e_design_calibration_not_fresh_evidence,v16c,3109,51059,current_global,1055157062,compact_64_16_4,4,shuffled_clock,9,2048,2313,4,0,6,1930,0.0025940337224383916,0.16558581928231733,512.0,0.03416573375885918,0.26220703125,4,1,1.0,1.5,2048,2048,0,6,0,0,1,1,897609367272521191
v16e_design_calibration_not_fresh_evidence,v16c,3109,51059,current_global,1055157062,compact_64_16_4,4,shuffled_clock,10,2048,2313,4,0,6,1936,0.0025940337224383916,0.16299178555987895,512.0,0.042820530344805596,0.26171875,4,1,1.0,1.5,2048,2048,0,6,0,0,1,1,5646758375954151081
v16e_design_calibration_not_fresh_evidence,v16c,3109,51059,current_global,1055157062,compact_64_16_4,4,shuffled_clock,11,2048,2313,4,0,6,1918,0.0025940337224383916,0.17077388672719412,512.0,0.06495425448560894,0.26708984375,4,1,1.0,1.5,2048,2048,0,6,0,0,1,1,16996050790162953698
v16e_design_calibration_not_fresh_evidence,v16c,3109,51059,current_global,1055157062,compact_64_16_4,4,shuffled_clock,12,2048,2313,4,0,6,1918,0.0025940337224383916,0.17077388672719412,512.0,0.06286514429465266,0.27001953125,4,1,1.0,1.5,2048,2048,0,6,0,0,1,1,13993246704914426129
v16e_design_calibration_not_fresh_evidence,v16c,3109,51059,current_global,1055157062,compact_64_16_4,4,shuffled_clock,13,2048,2313,4,0,6,1928,0.0025940337224383916,0.1664504971897968,512.0,0.09492267875174115,0.28125,4,1,1.0,1.5,2048,2048,0,6,0,0,1,1,6472717130192304376
v16e_design_calibration_not_fresh_evidence,v16c,3109,51059,current_global,1055157062,compact_64_16_4,4,shuffled_clock,14,2048,2313,4,0,6,1935,0.0025940337224383916,0.16342412451361868,512.0,0.04665748142491905,0.2607421875,4,1,1.0,1.5,2048,2048,0,6,0,0,1,1,1834804377977947301
v16e_design_calibration_not_fresh_evidence,v16c,3109,51059,current_global,1055157062,compact_64_16_4,4,shuffled_clock,15,2048,2313,4,0,6,1934,0.0025940337224383916,0.1638564634673584,512.0,0.02157297073669387,0.2568359375,4,1,1.0,1.5,2048,2048,0,6,0,0,1,1,8663995082723701649
v16e_design_calibration_not_fresh_evidence,v16c,3109,51059,exposure_matched_local,1155157062,wide_128_32_8,128,clock,-1,2048,2339,128,0,1043,261,0.44591705857203934,0.8884138520735357,16.0,0.565635399804336,0.02294921875,119,2,0.9982775590551181,8.1484375,2048,2048,0,1043,0,0,1,1,
v16e_design_calibration_not_fresh_evidence,v16c,3109,51059,exposure_matched_local,1155157062,wide_128_32_8,128,event_count,-1,2048,2339,128,0,1169,242,0.4997862334330911,0.8965369816160752,16.0,0.0,0.0078125,123,2,0.999138779527559,9.1328125,2048,2048,0,1169,0,0,1,1,
v16e_design_calibration_not_fresh_evidence,v16c,3109,51059,exposure_matched_local,1155157062,wide_128_32_8,128,shuffled_clock,0,2048,2339,128,0,1150,249,0.4916631038905515,0.8935442496793502,16.0,0.2731640575958058,0.01318359375,121,2,0.9986466535433071,8.984375,2048,2048,0,1150,0,0,1,1,6622018449653943290
v16e_design_calibration_not_fresh_evidence,v16c,3109,51059,exposure_matched_local,1155157062,wide_128_32_8,128,shuffled_clock,1,2048,2339,128,0,1126,269,0.48140230867892264,0.8849935870029927,16.0,0.3319257518247258,0.01513671875,118,2,0.9981545275590551,8.796875,2048,2048,0,1126,0,0,1,1,16827353948385756395
v16e_design_calibration_not_fresh_evidence,v16c,3109,51059,exposure_matched_local,1155157062,wide_128_32_8,128,shuffled_clock,2,2048,2339,128,0,1117,252,0.47755451047456177,0.8922616502778965,16.0,0.3177221152511815,0.0146484375,121,3,0.9988927165354331,8.7265625,2048,2048,0,1117,0,0,1,1,4010908949955716899
v16e_design_calibration_not_fresh_evidence,v16c,3109,51059,exposure_matched_local,1155157062,wide_128_32_8,128,shuffled_clock,3,2048,2339,128,0,1134,279,0.4848225737494656,0.880718255664814,16.0,0.3099799968146281,0.01416015625,118,2,0.9979084645669292,8.859375,2048,2048,0,1134,0,0,1,1,3285584454234316719
v16e_design_calibration_not_fresh_evidence,v16c,3109,51059,exposure_matched_local,1155157062,wide_128_32_8,128,shuffled_clock,4,2048,2339,128,0,1134,259,0.4848225737494656,0.8892689183411714,16.0,0.2780742621595723,0.01318359375,116,2,0.9980314960629921,8.859375,2048,2048,0,1134,0,0,1,1,9026924614050984095
v16e_design_calibration_not_fresh_evidence,v16c,3109,51059,exposure_matched_local,1155157062,wide_128_32_8,128,shuffled_clock,5,2048,2339,128,0,1133,272,0.4843950406156477,0.8837109876015391,16.0,0.3004057295761929,0.01416015625,120,2,0.9986466535433071,8.8515625,2048,2048,0,1133,0,0,1,1,15581623699363010052
v16e_design_calibration_not_fresh_evidence,v16c,3109,51059,exposure_matched_local,1155157062,wide_128_32_8,128,shuffled_clock,6,2048,2339,128,0,1146,263,0.48995297135528004,0.8875587858059,16.0,0.29093928798176877,0.01416015625,122,2,0.9988927165354331,8.953125,2048,2048,0,1146,0,0,1,1,2477562770613996096
v16e_design_calibration_not_fresh_evidence,v16c,3109,51059,exposure_matched_local,1155157062,wide_128_32_8,128,shuffled_clock,7,2048,2339,128,0,1125,241,0.48097477554510476,0.8969645147498931,16.0,0.33386604414505955,0.0146484375,122,3,0.9981545275590551,8.7890625,2048,2048,0,1125,0,0,1,1,16477527181089846517
v16e_design_calibration_not_fresh_evidence,v16c,3109,51059,exposure_matched_local,1155157062,wide_128_32_8,128,shuffled_clock,8,2048,2339,128,0,1134,254,0.4848225737494656,0.8914065840102608,16.0,0.29482495140083365,0.01318359375,123,2,0.999261811023622,8.859375,2048,2048,0,1134,0,0,1,1,3160984033919943420
v16e_design_calibration_not_fresh_evidence,v16c,3109,51059,exposure_matched_local,1155157062,wide_128_32_8,128,shuffled_clock,9,2048,2339,128,0,1126,235,0.48140230867892264,0.8995297135528003,16.0,0.28235511231217136,0.0146484375,124,2,0.9993848425196851,8.796875,2048,2048,0,1126,0,0,1,1,7274150112016584971
v16e_design_calibration_not_fresh_evidence,v16c,3109,51059,exposure_matched_local,1155157062,wide_128_32_8,128,shuffled_clock,10,2048,2339,128,0,1129,254,0.48268490808037623,0.8914065840102608,16.0,0.3224307897413464,0.01513671875,124,2,0.999138779527559,8.8203125,2048,2048,0,1129,0,0,1,1,7354257626422198179
v16e_design_calibration_not_fresh_evidence,v16c,3109,51059,exposure_matched_local,1155157062,wide_128_32_8,128,shuffled_clock,11,2048,2339,128,0,1116,253,0.4771269773407439,0.8918341171440787,16.0,0.31509747273317606,0.01416015625,117,2,0.9976624015748031,8.71875,2048,2048,0,1116,0,0,1,1,10697581123312410538
v16e_design_calibration_not_fresh_evidence,v16c,3109,51059,exposure_matched_local,1155157062,wide_128_32_8,128,shuffled_clock,12,2048,2339,128,0,1137,264,0.4861051731509192,0.887131252672082,16.0,0.303563157433805,0.0146484375,118,2,0.9984005905511811,8.8828125,2048,2048,0,1137,0,0,1,1,1449109407764625533
v16e_design_calibration_not_fresh_evidence,v16c,3109,51059,exposure_matched_local,1155157062,wide_128_32_8,128,shuffled_clock,13,2048,2339,128,0,1143,259,0.4886703719538264,0.8892689183411714,16.0,0.2995855076233708,0.01318359375,118,2,0.9982775590551181,8.9296875,2048,2048,0,1143,0,0,1,1,11264335771730463548
v16e_design_calibration_not_fresh_evidence,v16c,3109,51059,exposure_matched_local,1155157062,wide_128_32_8,128,shuffled_clock,14,2048,2339,128,0,1138,260,0.48653270628473705,0.8888413852073536,16.0,0.30234483884267505,0.013671875,121,2,0.9990157480314961,8.890625,2048,2048,0,1138,0,0,1,1,16141861636723212096
v16e_design_calibration_not_fresh_evidence,v16c,3109,51059,exposure_matched_local,1155157062,wide_128_32_8,128,shuffled_clock,15,2048,2339,128,0,1147,242,0.4903805044890979,0.8965369816160752,16.0,0.28289925448642733,0.013671875,120,2,0.9982775590551181,8.9609375,2048,2048,0,1147,0,0,1,1,9012765136864578191
v16e_design_calibration_not_fresh_evidence,v16c,3109,51059,exposure_matched_local,1155157062,wide_128_32_8,32,clock,-1,2048,2339,32,0,216,828,0.09234715690466011,0.646002565198803,64.0,0.52612566533653,0.07080078125,32,1,1.0,6.75,2048,2048,0,216,0,0,1,1,
v16e_design_calibration_not_fresh_evidence,v16c,3109,51059,exposure_matched_local,1155157062,wide_128_32_8,32,event_count,-1,2048,2339,32,0,239,770,0.10218041898247114,0.6707994869602394,64.0,0.0,0.03125,32,1,1.0,7.46875,2048,2048,0,239,0,0,1,1,
v16e_design_calibration_not_fresh_evidence,v16c,3109,51059,exposure_matched_local,1155157062,wide_128_32_8,32,shuffled_clock,0,2048,2339,32,0,234,790,0.10004275331338179,0.662248824283882,64.0,0.16664041291878132,0.04345703125,32,1,1.0,7.3125,2048,2048,0,234,0,0,1,1,5126168525619146790
v16e_design_calibration_not_fresh_evidence,v16c,3109,51059,exposure_matched_local,1155157062,wide_128_32_8,32,shuffled_clock,1,2048,2339,32,0,228,796,0.09747755451047456,0.6596836254809748,64.0,0.16096710305565243,0.0439453125,32,1,1.0,7.125,2048,2048,0,228,0,0,1,1,14107504664351552128
v16e_design_calibration_not_fresh_evidence,v16c,3109,51059,exposure_matched_local,1155157062,wide_128_32_8,32,shuffled_clock,2,2048,2339,32,0,232,763,0.09918768704574604,0.6737922188969645,64.0,0.1514379996630155,0.04052734375,32,1,1.0,7.25,2048,2048,0,232,0,0,1,1,13912470963058674801
v16e_design_calibration_not_fresh_evidence,v16c,3109,51059,exposure_matched_local,1155157062,wide_128_32_8,32,shuffled_clock,3,2048,2339,32,0,234,782,0.10004275331338179,0.6656690893544249,64.0,0.17565939997161295,0.04443359375,32,1,1.0,7.3125,2048,2048,0,234,0,0,1,1,16233400692836441290
v16e_design_calibration_not_fresh_evidence,v16c,3109,51059,exposure_matched_local,1155157062,wide_128_32_8,32,shuffled_clock,4,2048,2339,32,0,236,787,0.10089781958101753,0.6635314236853356,64.0,0.1600840095729981,0.03955078125,32,1,1.0,7.375,2048,2048,0,236,0,0,1,1,17215083857410077518
v16e_design_calibration_not_fresh_evidence,v16c,3109,51059,exposure_matched_local,1155157062,wide_128_32_8,32,shuffled_clock,5,2048,2339,32,0,240,783,0.10260795211628901,0.6652415562206071,64.0,0.15288720014357624,0.03955078125,32,1,1.0,7.5,2048,2048,0,240,0,0,1,1,11379222572139810699
v16e_design_calibration_not_fresh_evidence,v16c,3109,51059,exposure_matched_local,1155157062,wide_128_32_8,32,shuffled_clock,6,2048,2339,32,0,235,769,0.10047028644719966,0.6712270200940573,64.0,0.17198951463726297,0.041015625,32,1,1.0,7.34375,2048,2048,0,235,0,0,1,1,640887075430194289
v16e_design_calibration_not_fresh_evidence,v16c,3109,51059,exposure_matched_local,1155157062,wide_128_32_8,32,shuffled_clock,7,2048,2339,32,0,232,770,0.09918768704574604,0.6707994869602394,64.0,0.1374816703325187,0.0419921875,32,1,1.0,7.25,2048,2048,0,232,0,0,1,1,7376667259849582532
v16e_design_calibration_not_fresh_evidence,v16c,3109,51059,exposure_matched_local,1155157062,wide_128_32_8,32,shuffled_clock,8,2048,2339,32,0,233,776,0.09961522017956391,0.6682342881573322,64.0,0.1587005415717328,0.0419921875,32,1,1.0,7.28125,2048,2048,0,233,0,0,1,1,9270739305608384407
v16e_design_calibration_not_fresh_evidence,v16c,3109,51059,exposure_matched_local,1155157062,wide_128_32_8,32,shuffled_clock,9,2048,2339,32,0,243,764,0.10389055151774262,0.6733646857631467,64.0,0.1448459275987264,0.03955078125,32,1,1.0,7.59375,2048,2048,0,243,0,0,1,1,17344320418748273774
v16e_design_calibration_not_fresh_evidence,v16c,3109,51059,exposure_matched_local,1155157062,wide_128_32_8,32,shuffled_clock,10,2048,2339,32,0,232,787,0.09918768704574604,0.6635314236853356,64.0,0.1828644036464389,0.04052734375,32,1,1.0,7.25,2048,2048,0,232,0,0,1,1,15027244739039253034
v16e_design_calibration_not_fresh_evidence,v16c,3109,51059,exposure_matched_local,1155157062,wide_128_32_8,32,shuffled_clock,11,2048,2339,32,0,237,765,0.1013253527148354,0.6729371526293287,64.0,0.17056409908055473,0.044921875,32,1,1.0,7.40625,2048,2048,0,237,0,0,1,1,13844988975623193521
v16e_design_calibration_not_fresh_evidence,v16c,3109,51059,exposure_matched_local,1155157062,wide_128_32_8,32,shuffled_clock,12,2048,2339,32,0,241,766,0.10303548525010689,0.6725096194955109,64.0,0.14528024919599916,0.03955078125,32,1,1.0,7.53125,2048,2048,0,241,0,0,1,1,1139857389258553922
v16e_design_calibration_not_fresh_evidence,v16c,3109,51059,exposure_matched_local,1155157062,wide_128_32_8,32,shuffled_clock,13,2048,2339,32,0,238,781,0.10175288584865327,0.6660966224882429,64.0,0.15909704572894312,0.0419921875,32,1,1.0,7.4375,2048,2048,0,238,0,0,1,1,16608741508163102232
v16e_design_calibration_not_fresh_evidence,v16c,3109,51059,exposure_matched_local,1155157062,wide_128_32_8,32,shuffled_clock,14,2048,2339,32,0,240,779,0.10260795211628901,0.6669516887558786,64.0,0.15539078274757234,0.041015625,32,1,1.0,7.5,2048,2048,0,240,0,0,1,1,883749864439701453
v16e_design_calibration_not_fresh_evidence,v16c,3109,51059,exposure_matched_local,1155157062,wide_128_32_8,32,shuffled_clock,15,2048,2339,32,0,234,779,0.10004275331338179,0.6669516887558786,64.0,0.13156883317451448,0.03857421875,32,1,1.0,7.3125,2048,2048,0,234,0,0,1,1,10005544268876543515
v16e_design_calibration_not_fresh_evidence,v16c,3109,51059,exposure_matched_local,1155157062,wide_128_32_8,8,clock,-1,2048,2339,8,0,27,1700,0.011543394613082514,0.2731936725096195,256.0,0.5355573151725419,0.2548828125,8,1,1.0,3.375,2048,2048,0,27,0,0,1,1,
v16e_design_calibration_not_fresh_evidence,v16c,3109,51059,exposure_matched_local,1155157062,wide_128_32_8,8,event_count,-1,2048,2339,8,0,28,1610,0.011970927746900385,0.3116716545532279,256.0,0.0,0.125,8,1,1.0,3.5,2048,2048,0,28,0,0,1,1,
v16e_design_calibration_not_fresh_evidence,v16c,3109,51059,exposure_matched_local,1155157062,wide_128_32_8,8,shuffled_clock,0,2048,2339,8,0,27,1606,0.011543394613082514,0.31338178708849934,256.0,0.09766741007660348,0.14990234375,8,1,1.0,3.375,2048,2048,0,27,0,0,1,1,18296638484603956610
v16e_design_calibration_not_fresh_evidence,v16c,3109,51059,exposure_matched_local,1155157062,wide_128_32_8,8,shuffled_clock,1,2048,2339,8,0,28,1614,0.011970927746900385,0.3099615220179564,256.0,0.08699631816921909,0.1396484375,8,1,1.0,3.5,2048,2048,0,28,0,0,1,1,12962364506923614499
v16e_design_calibration_not_fresh_evidence,v16c,3109,51059,exposure_matched_local,1155157062,wide_128_32_8,8,shuffled_clock,2,2048,2339,8,0,28,1609,0.011970927746900385,0.31209918768704575,256.0,0.07473096277230075,0.14013671875,8,1,1.0,3.5,2048,2048,0,28,0,0,1,1,12472506816150386149
v16e_design_calibration_not_fresh_evidence,v16c,3109,51059,exposure_matched_local,1155157062,wide_128_32_8,8,shuffled_clock,3,2048,2339,8,0,28,1606,0.011970927746900385,0.31338178708849934,256.0,0.040862543837104484,0.1337890625,8,1,1.0,3.5,2048,2048,0,28,0,0,1,1,6095525637386057100
v16e_design_calibration_not_fresh_evidence,v16c,3109,51059,exposure_matched_local,1155157062,wide_128_32_8,8,shuffled_clock,4,2048,2339,8,0,27,1604,0.011543394613082514,0.3142368533561351,256.0,0.05583146624232483,0.1328125,8,1,1.0,3.375,2048,2048,0,27,0,0,1,1,9459365113829301194
v16e_design_calibration_not_fresh_evidence,v16c,3109,51059,exposure_matched_local,1155157062,wide_128_32_8,8,shuffled_clock,5,2048,2339,8,0,27,1600,0.011543394613082514,0.3159469858914066,256.0,0.06398214690652274,0.14013671875,8,1,1.0,3.375,2048,2048,0,27,0,0,1,1,15056330924280387939
v16e_design_calibration_not_fresh_evidence,v16c,3109,51059,exposure_matched_local,1155157062,wide_128_32_8,8,shuffled_clock,6,2048,2339,8,0,28,1607,0.011970927746900385,0.31295425395468146,256.0,0.06861797387919374,0.13525390625,8,1,1.0,3.5,2048,2048,0,28,0,0,1,1,2116638300298678109
v16e_design_calibration_not_fresh_evidence,v16c,3109,51059,exposure_matched_local,1155157062,wide_128_32_8,8,shuffled_clock,7,2048,2339,8,0,28,1609,0.011970927746900385,0.31209918768704575,256.0,0.07304941148193558,0.13818359375,8,1,1.0,3.5,2048,2048,0,28,0,0,1,1,12289768566290218924
v16e_design_calibration_not_fresh_evidence,v16c,3109,51059,exposure_matched_local,1155157062,wide_128_32_8,8,shuffled_clock,8,2048,2339,8,0,28,1606,0.011970927746900385,0.31338178708849934,256.0,0.07331748361760554,0.13427734375,8,1,1.0,3.5,2048,2048,0,28,0,0,1,1,11637814774591883751
v16e_design_calibration_not_fresh_evidence,v16c,3109,51059,exposure_matched_local,1155157062,wide_128_32_8,8,shuffled_clock,9,2048,2339,8,0,27,1608,0.011543394613082514,0.31252672082086363,256.0,0.08385774818586278,0.13818359375,8,1,1.0,3.375,2048,2048,0,27,0,0,1,1,1887285689798766064
v16e_design_calibration_not_fresh_evidence,v16c,3109,51059,exposure_matched_local,1155157062,wide_128_32_8,8,shuffled_clock,10,2048,2339,8,0,28,1614,0.011970927746900385,0.3099615220179564,256.0,0.06374321567541802,0.1357421875,8,1,1.0,3.5,2048,2048,0,28,0,0,1,1,7336405185617554759
v16e_design_calibration_not_fresh_evidence,v16c,3109,51059,exposure_matched_local,1155157062,wide_128_32_8,8,shuffled_clock,11,2048,2339,8,0,27,1609,0.011543394613082514,0.31209918768704575,256.0,0.06176323555016366,0.13623046875,8,1,1.0,3.375,2048,2048,0,27,0,0,1,1,4675414048836815750
v16e_design_calibration_not_fresh_evidence,v16c,3109,51059,exposure_matched_local,1155157062,wide_128_32_8,8,shuffled_clock,12,2048,2339,8,0,28,1613,0.011970927746900385,0.3103890551517743,256.0,0.09302641144022716,0.14501953125,8,1,1.0,3.5,2048,2048,0,28,0,0,1,1,994208763373069695
v16e_design_calibration_not_fresh_evidence,v16c,3109,51059,exposure_matched_local,1155157062,wide_128_32_8,8,shuffled_clock,13,2048,2339,8,0,27,1610,0.011543394613082514,0.3116716545532279,256.0,0.07739615378386522,0.13623046875,8,1,1.0,3.375,2048,2048,0,27,0,0,1,1,11167074558963188735
v16e_design_calibration_not_fresh_evidence,v16c,3109,51059,exposure_matched_local,1155157062,wide_128_32_8,8,shuffled_clock,14,2048,2339,8,0,28,1607,0.011970927746900385,0.31295425395468146,256.0,0.09518067581766344,0.1396484375,8,1,1.0,3.5,2048,2048,0,28,0,0,1,1,11261070153600264460
v16e_design_calibration_not_fresh_evidence,v16c,3109,51059,exposure_matched_local,1155157062,wide_128_32_8,8,shuffled_clock,15,2048,2339,8,0,28,1613,0.011970927746900385,0.3103890551517743,256.0,0.06671736469789663,0.1357421875,8,1,1.0,3.5,2048,2048,0,28,0,0,1,1,9374700425475075571
v16e_design_calibration_not_fresh_evidence,v16c,3109,51059,exposure_matched_local,1155157062,compact_64_16_4,64,clock,-1,2048,2339,64,0,504,480,0.21547669944420692,0.7947840957674219,32.0,0.5438087224266466,0.0419921875,64,1,1.0,7.875,2048,2048,0,504,0,0,1,1,
v16e_design_calibration_not_fresh_evidence,v16c,3109,51059,exposure_matched_local,1155157062,compact_64_16_4,64,event_count,-1,2048,2339,64,0,568,443,0.24283882000855067,0.8106028217186833,32.0,0.0,0.015625,64,1,1.0,8.875,2048,2048,0,568,0,0,1,1,
v16e_design_calibration_not_fresh_evidence,v16c,3109,51059,exposure_matched_local,1155157062,compact_64_16_4,64,shuffled_clock,0,2048,2339,64,0,559,467,0.23899102180418982,0.8003420265070543,32.0,0.24700588001483845,0.02294921875,64,1,1.0,8.734375,2048,2048,0,559,0,0,1,1,13723928460880326703
v16e_design_calibration_not_fresh_evidence,v16c,3109,51059,exposure_matched_local,1155157062,compact_64_16_4,64,shuffled_clock,1,2048,2339,64,0,570,469,0.2436938862761864,0.7994869602394186,32.0,0.19352105008343878,0.0234375,64,1,1.0,8.90625,2048,2048,0,570,0,0,1,1,17050000419198973221
v16e_design_calibration_not_fresh_evidence,v16c,3109,51059,exposure_matched_local,1155157062,compact_64_16_4,64,shuffled_clock,2,2048,2339,64,0,563,469,0.24070115433946132,0.7994869602394186,32.0,0.18196186151943777,0.02197265625,64,1,1.0,8.796875,2048,2048,0,563,0,0,1,1,1449156121285229209
v16e_design_calibration_not_fresh_evidence,v16c,3109,51059,exposure_matched_local,1155157062,compact_64_16_4,64,shuffled_clock,3,2048,2339,64,0,542,461,0.231722958529286,0.8029072253099615,32.0,0.20616430398615382,0.0224609375,64,1,1.0,8.46875,2048,2048,0,542,0,0,1,1,17091677053548938604
v16e_design_calibration_not_fresh_evidence,v16c,3109,51059,exposure_matched_local,1155157062,compact_64_16_4,64,shuffled_clock,4,2048,2339,64,0,554,476,0.23685335613510047,0.7964942283026935,32.0,0.1891462124456625,0.02294921875,64,1,1.0,8.65625,2048,2048,0,554,0,0,1,1,11073312588043209484
v16e_design_calibration_not_fresh_evidence,v16c,3109,51059,exposure_matched_local,1155157062,compact_64_16_4,64,shuffled_clock,5,2048,2339,64,0,545,460,0.23300555793073963,0.8033347584437794,32.0,0.20638974342364058,0.02392578125,64,1,1.0,8.515625,2048,2048,0,545,0,0,1,1,3033054972281703958
v16e_design_calibration_not_fresh_evidence,v16c,3109,51059,exposure_matched_local,1155157062,compact_64_16_4,64,shuffled_clock,6,2048,2339,64,0,556,462,0.2377084224027362,0.8024796921761437,32.0,0.23118698197545776,0.0244140625,64,1,1.0,8.6875,2048,2048,0,556,0,0,1,1,2398116337989184470
v16e_design_calibration_not_fresh_evidence,v16c,3109,51059,exposure_matched_local,1155157062,compact_64_16_4,64,shuffled_clock,7,2048,2339,64,0,556,459,0.2377084224027362,0.8037622915775973,32.0,0.21977509246919058,0.0224609375,64,1,1.0,8.6875,2048,2048,0,556,0,0,1,1,5155236652878244278
v16e_design_calibration_not_fresh_evidence,v16c,3109,51059,exposure_matched_local,1155157062,compact_64_16_4,64,shuffled_clock,8,2048,2339,64,0,556,469,0.2377084224027362,0.7994869602394186,32.0,0.20313453884806462,0.02294921875,63,2,0.9995039682539683,8.6875,2048,2048,0,556,0,0,1,1,9366968986924117086
v16e_design_calibration_not_fresh_evidence,v16c,3109,51059,exposure_matched_local,1155157062,compact_64_16_4,64,shuffled_clock,9,2048,2339,64,0,558,459,0.23856348867037194,0.8037622915775973,32.0,0.22222997258310076,0.0224609375,64,1,1.0,8.71875,2048,2048,0,558,0,0,1,1,9292262670725807609
v16e_design_calibration_not_fresh_evidence,v16c,3109,51059,exposure_matched_local,1155157062,compact_64_16_4,64,shuffled_clock,10,2048,2339,64,0,551,471,0.23557075673364686,0.7986318939717828,32.0,0.22678688601122127,0.0224609375,64,1,1.0,8.609375,2048,2048,0,551,0,0,1,1,4173778822286560778
v16e_design_calibration_not_fresh_evidence,v16c,3109,51059,exposure_matched_local,1155157062,compact_64_16_4,64,shuffled_clock,11,2048,2339,64,0,550,455,0.23514322359982898,0.8054724241128688,32.0,0.19826879702317224,0.02490234375,64,1,1.0,8.59375,2048,2048,0,550,0,0,1,1,906335326930340618
v16e_design_calibration_not_fresh_evidence,v16c,3109,51059,exposure_matched_local,1155157062,compact_64_16_4,64,shuffled_clock,12,2048,2339,64,0,556,468,0.2377084224027362,0.7999144933732364,32.0,0.1968564963589725,0.0205078125,64,1,1.0,8.6875,2048,2048,0,556,0,0,1,1,781087981233231497
v16e_design_calibration_not_fresh_evidence,v16c,3109,51059,exposure_matched_local,1155157062,compact_64_16_4,64,shuffled_clock,13,2048,2339,64,0,546,490,0.2334330910645575,0.7905087644292432,32.0,0.2694562057652353,0.02587890625,64,1,1.0,8.53125,2048,2048,0,546,0,0,1,1,17389923070753474555
v16e_design_calibration_not_fresh_evidence,v16c,3109,51059,exposure_matched_local,1155157062,compact_64_16_4,64,shuffled_clock,14,2048,2339,64,0,547,474,0.23386062419837536,0.7973492945703292,32.0,0.19943807468715855,0.0234375,64,1,1.0,8.546875,2048,2048,0,547,0,0,1,1,9093317605645383578
v16e_design_calibration_not_fresh_evidence,v16c,3109,51059,exposure_matched_local,1155157062,compact_64_16_4,64,shuffled_clock,15,2048,2339,64,0,556,461,0.2377084224027362,0.8029072253099615,32.0,0.21224015392123127,0.02197265625,64,1,1.0,8.6875,2048,2048,0,556,0,0,1,1,2119209126620547833
v16e_design_calibration_not_fresh_evidence,v16c,3109,51059,exposure_matched_local,1155157062,compact_64_16_4,16,clock,-1,2048,2339,16,0,91,1285,0.03890551517742625,0.4506199230440359,128.0,0.5252340128258705,0.1396484375,16,1,1.0,5.6875,2048,2048,0,91,0,0,1,1,
v16e_design_calibration_not_fresh_evidence,v16c,3109,51059,exposure_matched_local,1155157062,compact_64_16_4,16,event_count,-1,2048,2339,16,0,91,1204,0.03890551517742625,0.48525010688328346,128.0,0.0,0.0625,16,1,1.0,5.6875,2048,2048,0,91,0,0,1,1,
v16e_design_calibration_not_fresh_evidence,v16c,3109,51059,exposure_matched_local,1155157062,compact_64_16_4,16,shuffled_clock,0,2048,2339,16,0,91,1198,0.03890551517742625,0.4878153056861907,128.0,0.1048932989597842,0.076171875,16,1,1.0,5.6875,2048,2048,0,91,0,0,1,1,16773319773851932359
v16e_design_calibration_not_fresh_evidence,v16c,3109,51059,exposure_matched_local,1155157062,compact_64_16_4,16,shuffled_clock,1,2048,2339,16,0,90,1203,0.03847798204360838,0.48567764001710134,128.0,0.08341467384399462,0.07373046875,16,1,1.0,5.625,2048,2048,0,90,0,0,1,1,15036066720269052924
v16e_design_calibration_not_fresh_evidence,v16c,3109,51059,exposure_matched_local,1155157062,compact_64_16_4,16,shuffled_clock,2,2048,2339,16,0,91,1205,0.03890551517742625,0.4848225737494656,128.0,0.09996744261675064,0.078125,16,1,1.0,5.6875,2048,2048,0,91,0,0,1,1,12790052541124274121
v16e_design_calibration_not_fresh_evidence,v16c,3109,51059,exposure_matched_local,1155157062,compact_64_16_4,16,shuffled_clock,3,2048,2339,16,0,95,1206,0.04061564771269773,0.4843950406156477,128.0,0.1244780770524138,0.07958984375,16,1,1.0,5.9375,2048,2048,0,95,0,0,1,1,632631900060227079
v16e_design_calibration_not_fresh_evidence,v16c,3109,51059,exposure_matched_local,1155157062,compact_64_16_4,16,shuffled_clock,4,2048,2339,16,0,92,1192,0.03933304831124412,0.4903805044890979,128.0,0.07915981329984721,0.07080078125,16,1,1.0,5.75,2048,2048,0,92,0,0,1,1,17183650039321344409
v16e_design_calibration_not_fresh_evidence,v16c,3109,51059,exposure_matched_local,1155157062,compact_64_16_4,16,shuffled_clock,5,2048,2339,16,0,92,1201,0.03933304831124412,0.48653270628473705,128.0,0.13209056236789465,0.07861328125,16,1,1.0,5.75,2048,2048,0,92,0,0,1,1,18375625812174431976
v16e_design_calibration_not_fresh_evidence,v16c,3109,51059,exposure_matched_local,1155157062,compact_64_16_4,16,shuffled_clock,6,2048,2339,16,0,90,1194,0.03847798204360838,0.48952543822146216,128.0,0.11775902300885482,0.0751953125,16,1,1.0,5.625,2048,2048,0,90,0,0,1,1,2788063621888054052
v16e_design_calibration_not_fresh_evidence,v16c,3109,51059,exposure_matched_local,1155157062,compact_64_16_4,16,shuffled_clock,7,2048,2339,16,0,92,1190,0.03933304831124412,0.49123557075673363,128.0,0.07838498407964797,0.07177734375,16,1,1.0,5.75,2048,2048,0,92,0,0,1,1,13958775673964653703
v16e_design_calibration_not_fresh_evidence,v16c,3109,51059,exposure_matched_local,1155157062,compact_64_16_4,16,shuffled_clock,8,2048,2339,16,0,92,1205,0.03933304831124412,0.4848225737494656,128.0,0.09610751087107258,0.07421875,16,1,1.0,5.75,2048,2048,0,92,0,0,1,1,14284640051523463414
v16e_design_calibration_not_fresh_evidence,v16c,3109,51059,exposure_matched_local,1155157062,compact_64_16_4,16,shuffled_clock,9,2048,2339,16,0,92,1186,0.03933304831124412,0.49294570329200516,128.0,0.12096347158681142,0.07373046875,16,1,1.0,5.75,2048,2048,0,92,0,0,1,1,14686437926676288981
v16e_design_calibration_not_fresh_evidence,v16c,3109,51059,exposure_matched_local,1155157062,compact_64_16_4,16,shuffled_clock,10,2048,2339,16,0,91,1197,0.03890551517742625,0.4882428388200086,128.0,0.1068152854620224,0.07177734375,16,1,1.0,5.6875,2048,2048,0,91,0,0,1,1,1313193333572589220
v16e_design_calibration_not_fresh_evidence,v16c,3109,51059,exposure_matched_local,1155157062,compact_64_16_4,16,shuffled_clock,11,2048,2339,16,0,90,1203,0.03847798204360838,0.48567764001710134,128.0,0.1349551430105574,0.07861328125,16,1,1.0,5.625,2048,2048,0,90,0,0,1,1,8390455324003563731
v16e_design_calibration_not_fresh_evidence,v16c,3109,51059,exposure_matched_local,1155157062,compact_64_16_4,16,shuffled_clock,12,2048,2339,16,0,91,1205,0.03890551517742625,0.4848225737494656,128.0,0.08792678654236527,0.07275390625,16,1,1.0,5.6875,2048,2048,0,91,0,0,1,1,6465578885523385434
v16e_design_calibration_not_fresh_evidence,v16c,3109,51059,exposure_matched_local,1155157062,compact_64_16_4,16,shuffled_clock,13,2048,2339,16,0,93,1208,0.03976058144506199,0.483539974348012,128.0,0.12919396552922535,0.08154296875,16,1,1.0,5.8125,2048,2048,0,93,0,0,1,1,3711337407084974638
v16e_design_calibration_not_fresh_evidence,v16c,3109,51059,exposure_matched_local,1155157062,compact_64_16_4,16,shuffled_clock,14,2048,2339,16,0,88,1210,0.03762291577597264,0.48268490808037623,128.0,0.11587810136086973,0.0712890625,16,1,1.0,5.5,2048,2048,0,88,0,0,1,1,6306967230234032331
v16e_design_calibration_not_fresh_evidence,v16c,3109,51059,exposure_matched_local,1155157062,compact_64_16_4,16,shuffled_clock,15,2048,2339,16,0,92,1209,0.03933304831124412,0.4831124412141941,128.0,0.10021136516550073,0.07373046875,16,1,1.0,5.75,2048,2048,0,92,0,0,1,1,12203358592709483347
v16e_design_calibration_not_fresh_evidence,v16c,3109,51059,exposure_matched_local,1155157062,compact_64_16_4,4,clock,-1,2048,2339,4,0,6,1996,0.0025651988029072254,0.1466438648995297,512.0,0.5477532011188411,0.43212890625,4,1,1.0,1.5,2048,2048,0,6,0,0,1,1,
v16e_design_calibration_not_fresh_evidence,v16c,3109,51059,exposure_matched_local,1155157062,compact_64_16_4,4,event_count,-1,2048,2339,4,0,6,1930,0.0025651988029072254,0.1748610517315092,512.0,0.0,0.25,4,1,1.0,1.5,2048,2048,0,6,0,0,1,1,
v16e_design_calibration_not_fresh_evidence,v16c,3109,51059,exposure_matched_local,1155157062,compact_64_16_4,4,shuffled_clock,0,2048,2339,4,0,6,1929,0.0025651988029072254,0.17528858486532706,512.0,0.0503032389897965,0.265625,4,1,1.0,1.5,2048,2048,0,6,0,0,1,1,964928694095359729
v16e_design_calibration_not_fresh_evidence,v16c,3109,51059,exposure_matched_local,1155157062,compact_64_16_4,4,shuffled_clock,1,2048,2339,4,0,6,1925,0.0025651988029072254,0.17699871740059855,512.0,0.0342029310848013,0.26171875,4,1,1.0,1.5,2048,2048,0,6,0,0,1,1,12254711871726765770
v16e_design_calibration_not_fresh_evidence,v16c,3109,51059,exposure_matched_local,1155157062,compact_64_16_4,4,shuffled_clock,2,2048,2339,4,0,6,1930,0.0025651988029072254,0.1748610517315092,512.0,0.038637005533744245,0.25927734375,4,1,1.0,1.5,2048,2048,0,6,0,0,1,1,1607994563811883023
v16e_design_calibration_not_fresh_evidence,v16c,3109,51059,exposure_matched_local,1155157062,compact_64_16_4,4,shuffled_clock,3,2048,2339,4,0,6,1923,0.0025651988029072254,0.1778537836682343,512.0,0.03548027758707998,0.26123046875,4,1,1.0,1.5,2048,2048,0,6,0,0,1,1,15114759612309664711
v16e_design_calibration_not_fresh_evidence,v16c,3109,51059,exposure_matched_local,1155157062,compact_64_16_4,4,shuffled_clock,4,2048,2339,4,0,6,1928,0.0025651988029072254,0.17571611799914494,512.0,0.05729906438981283,0.2666015625,4,1,1.0,1.5,2048,2048,0,6,0,0,1,1,3421498415774573781
v16e_design_calibration_not_fresh_evidence,v16c,3109,51059,exposure_matched_local,1155157062,compact_64_16_4,4,shuffled_clock,5,2048,2339,4,0,6,1932,0.0025651988029072254,0.17400598546387344,512.0,0.05863713671457137,0.2626953125,4,1,1.0,1.5,2048,2048,0,6,0,0,1,1,12911354683022417932
v16e_design_calibration_not_fresh_evidence,v16c,3109,51059,exposure_matched_local,1155157062,compact_64_16_4,4,shuffled_clock,6,2048,2339,4,0,6,1931,0.0025651988029072254,0.17443351859769132,512.0,0.038637005533744245,0.26123046875,4,1,1.0,1.5,2048,2048,0,6,0,0,1,1,3692729942318498368
v16e_design_calibration_not_fresh_evidence,v16c,3109,51059,exposure_matched_local,1155157062,compact_64_16_4,4,shuffled_clock,7,2048,2339,4,0,6,1930,0.0025651988029072254,0.1748610517315092,512.0,0.04043802123247275,0.263671875,4,1,1.0,1.5,2048,2048,0,6,0,0,1,1,14281863519758973486
v16e_design_calibration_not_fresh_evidence,v16c,3109,51059,exposure_matched_local,1155157062,compact_64_16_4,4,shuffled_clock,8,2048,2339,4,0,6,1930,0.0025651988029072254,0.1748610517315092,512.0,0.03928970382712138,0.26025390625,4,1,1.0,1.5,2048,2048,0,6,0,0,1,1,1086905826200393218
v16e_design_calibration_not_fresh_evidence,v16c,3109,51059,exposure_matched_local,1155157062,compact_64_16_4,4,shuffled_clock,9,2048,2339,4,0,6,1929,0.0025651988029072254,0.17528858486532706,512.0,0.046929222111823175,0.25927734375,4,1,1.0,1.5,2048,2048,0,6,0,0,1,1,16835732027600134015
v16e_design_calibration_not_fresh_evidence,v16c,3109,51059,exposure_matched_local,1155157062,compact_64_16_4,4,shuffled_clock,10,2048,2339,4,0,6,1932,0.0025651988029072254,0.17400598546387344,512.0,0.051403439956124695,0.26806640625,4,1,1.0,1.5,2048,2048,0,6,0,0,1,1,2690319322426908558
v16e_design_calibration_not_fresh_evidence,v16c,3109,51059,exposure_matched_local,1155157062,compact_64_16_4,4,shuffled_clock,11,2048,2339,4,0,6,1931,0.0025651988029072254,0.17443351859769132,512.0,0.0753072590672982,0.27001953125,4,1,1.0,1.5,2048,2048,0,6,0,0,1,1,12165592127801602724
v16e_design_calibration_not_fresh_evidence,v16c,3109,51059,exposure_matched_local,1155157062,compact_64_16_4,4,shuffled_clock,12,2048,2339,4,0,6,1925,0.0025651988029072254,0.17699871740059855,512.0,0.05640441046169395,0.26416015625,4,1,1.0,1.5,2048,2048,0,6,0,0,1,1,2790198861887623445
v16e_design_calibration_not_fresh_evidence,v16c,3109,51059,exposure_matched_local,1155157062,compact_64_16_4,4,shuffled_clock,13,2048,2339,4,0,6,1932,0.0025651988029072254,0.17400598546387344,512.0,0.04456664346386675,0.259765625,4,1,1.0,1.5,2048,2048,0,6,0,0,1,1,4085819775586301129
v16e_design_calibration_not_fresh_evidence,v16c,3109,51059,exposure_matched_local,1155157062,compact_64_16_4,4,shuffled_clock,14,2048,2339,4,0,6,1930,0.0025651988029072254,0.1748610517315092,512.0,0.05990290945520023,0.27001953125,4,1,1.0,1.5,2048,2048,0,6,0,0,1,1,13623859619619459400
v16e_design_calibration_not_fresh_evidence,v16c,3109,51059,exposure_matched_local,1155157062,compact_64_16_4,4,shuffled_clock,15,2048,2339,4,0,6,1924,0.0025651988029072254,0.1774262505344164,512.0,0.038964721373554695,0.2587890625,4,1,1.0,1.5,2048,2048,0,6,0,0,1,1,17400188336307718871
v16e_design_calibration_not_fresh_evidence,v16c,3109,51091,current_global,1055157094,wide_128_32_8,128,clock,-1,2048,2397,128,0,1094,244,0.45640383813099705,0.8982060909470171,16.0,0.5260792244459962,0.01904296875,122,2,0.9981545275590551,8.546875,2048,2048,0,1094,0,0,1,1,
v16e_design_calibration_not_fresh_evidence,v16c,3109,51091,current_global,1055157094,wide_128_32_8,128,event_count,-1,2048,2397,128,0,1262,232,0.5264914476428869,0.9032123487692949,16.0,0.0,0.0078125,121,2,0.99876968503937,9.859375,2048,2048,0,1262,0,0,1,1,
v16e_design_calibration_not_fresh_evidence,v16c,3109,51091,current_global,1055157094,wide_128_32_8,128,shuffled_clock,0,2048,2397,128,0,1217,254,0.507717980809345,0.8940342094284522,16.0,0.28592731442424013,0.0146484375,119,3,0.9981545275590551,9.5078125,2048,2048,0,1217,0,0,1,1,13934790749991003249
v16e_design_calibration_not_fresh_evidence,v16c,3109,51091,current_global,1055157094,wide_128_32_8,128,shuffled_clock,1,2048,2397,128,0,1207,253,0.5035460992907801,0.8944513975803087,16.0,0.2873223518250324,0.013671875,117,2,0.9969242125984252,9.4296875,2048,2048,0,1207,0,0,1,1,2618747642796589339
v16e_design_calibration_not_fresh_evidence,v16c,3109,51091,current_global,1055157094,wide_128_32_8,128,shuffled_clock,2,2048,2397,128,0,1180,243,0.492282019190655,0.8986232790988736,16.0,0.31665544254179273,0.0146484375,119,3,0.9977854330708661,9.21875,2048,2048,0,1180,0,0,1,1,3590151853448751799
v16e_design_calibration_not_fresh_evidence,v16c,3109,51091,current_global,1055157094,wide_128_32_8,128,shuffled_clock,3,2048,2397,128,0,1186,237,0.4947851481017939,0.9011264080100125,16.0,0.3003033243475224,0.01611328125,117,2,0.9975393700787402,9.265625,2048,2048,0,1186,0,0,1,1,12518762284998925712
v16e_design_calibration_not_fresh_evidence,v16c,3109,51091,current_global,1055157094,wide_128_32_8,128,shuffled_clock,4,2048,2397,128,0,1215,250,0.5068836045056321,0.8957029620358782,16.0,0.2851733137894179,0.0146484375,115,2,0.9971702755905512,9.4921875,2048,2048,0,1215,0,0,1,1,14514378005173863028
v16e_design_calibration_not_fresh_evidence,v16c,3109,51091,current_global,1055157094,wide_128_32_8,128,shuffled_clock,5,2048,2397,128,0,1217,253,0.507717980809345,0.8944513975803087,16.0,0.2919945663392618,0.01416015625,114,2,0.9979084645669292,9.5078125,2048,2048,0,1217,0,0,1,1,5486366066328523076
v16e_design_calibration_not_fresh_evidence,v16c,3109,51091,current_global,1055157094,wide_128_32_8,128,shuffled_clock,6,2048,2397,128,0,1211,265,0.5052148518982061,0.8894451397580309,16.0,0.29814468954772916,0.01318359375,114,3,0.9965551181102362,9.4609375,2048,2048,0,1211,0,0,1,1,17036361200827776298
v16e_design_calibration_not_fresh_evidence,v16c,3109,51091,current_global,1055157094,wide_128_32_8,128,shuffled_clock,7,2048,2397,128,0,1223,268,0.510221109720484,0.8881935753024615,16.0,0.3392579616853953,0.0166015625,121,2,0.99876968503937,9.5546875,2048,2048,0,1223,0,0,1,1,6795057910938769476
v16e_design_calibration_not_fresh_evidence,v16c,3109,51091,current_global,1055157094,wide_128_32_8,128,shuffled_clock,8,2048,2397,128,0,1238,258,0.5164789319983313,0.8923654568210263,16.0,0.29742166308003076,0.015625,119,2,0.9982775590551181,9.671875,2048,2048,0,1238,0,0,1,1,6763553898711644667
v16e_design_calibration_not_fresh_evidence,v16c,3109,51091,current_global,1055157094,wide_128_32_8,128,shuffled_clock,9,2048,2397,128,0,1236,248,0.5156445556946183,0.8965373383395911,16.0,0.26885126731523484,0.013671875,117,3,0.9982775590551181,9.65625,2048,2048,0,1236,0,0,1,1,6134996265210456460
v16e_design_calibration_not_fresh_evidence,v16c,3109,51091,current_global,1055157094,wide_128_32_8,128,shuffled_clock,10,2048,2397,128,0,1211,253,0.5052148518982061,0.8944513975803087,16.0,0.325185440735193,0.01708984375,112,2,0.9972933070866141,9.4609375,2048,2048,0,1211,0,0,1,1,3046548887337549828
v16e_design_calibration_not_fresh_evidence,v16c,3109,51091,current_global,1055157094,wide_128_32_8,128,shuffled_clock,11,2048,2397,128,0,1202,253,0.5014601585314977,0.8944513975803087,16.0,0.2693084976920221,0.0146484375,116,3,0.9976624015748031,9.390625,2048,2048,0,1202,0,0,1,1,4519942301224168277
v16e_design_calibration_not_fresh_evidence,v16c,3109,51091,current_global,1055157094,wide_128_32_8,128,shuffled_clock,12,2048,2397,128,0,1207,250,0.5035460992907801,0.8957029620358782,16.0,0.291361857976408,0.0126953125,119,2,0.9981545275590551,9.4296875,2048,2048,0,1207,0,0,1,1,8863181874669621327
v16e_design_calibration_not_fresh_evidence,v16c,3109,51091,current_global,1055157094,wide_128_32_8,128,shuffled_clock,13,2048,2397,128,0,1217,258,0.507717980809345,0.8923654568210263,16.0,0.3065877737159882,0.01416015625,119,2,0.9977854330708661,9.5078125,2048,2048,0,1217,0,0,1,1,1160848245703904773
v16e_design_calibration_not_fresh_evidence,v16c,3109,51091,current_global,1055157094,wide_128_32_8,128,shuffled_clock,14,2048,2397,128,0,1212,240,0.5056320400500626,0.899874843554443,16.0,0.27763146846757947,0.01318359375,117,2,0.9975393700787402,9.46875,2048,2048,0,1212,0,0,1,1,4403727322683996515
v16e_design_calibration_not_fresh_evidence,v16c,3109,51091,current_global,1055157094,wide_128_32_8,128,shuffled_clock,15,2048,2397,128,0,1219,267,0.508552357113058,0.8886107634543179,16.0,0.2862498495684369,0.01318359375,115,3,0.9945866141732284,9.5234375,2048,2048,0,1219,0,0,1,1,6842138748892406013
v16e_design_calibration_not_fresh_evidence,v16c,3109,51091,current_global,1055157094,wide_128_32_8,32,clock,-1,2048,2397,32,0,218,791,0.09094701710471423,0.6700041718815186,64.0,0.4926373232491267,0.06396484375,32,1,1.0,6.8125,2048,2048,0,218,0,0,1,1,
v16e_design_calibration_not_fresh_evidence,v16c,3109,51091,current_global,1055157094,wide_128_32_8,32,event_count,-1,2048,2397,32,0,257,749,0.10721735502711723,0.6875260742594911,64.0,0.0,0.03125,32,1,1.0,8.03125,2048,2048,0,257,0,0,1,1,
v16e_design_calibration_not_fresh_evidence,v16c,3109,51091,current_global,1055157094,wide_128_32_8,32,shuffled_clock,0,2048,2397,32,0,248,778,0.10346266166040885,0.6754276178556529,64.0,0.18182784695260337,0.046875,32,1,1.0,7.75,2048,2048,0,248,0,0,1,1,2965354998958896549
v16e_design_calibration_not_fresh_evidence,v16c,3109,51091,current_global,1055157094,wide_128_32_8,32,shuffled_clock,1,2048,2397,32,0,254,753,0.10596579057154777,0.685857321652065,64.0,0.14182396588160653,0.0400390625,32,1,1.0,7.9375,2048,2048,0,254,0,0,1,1,12840349527240572106
v16e_design_calibration_not_fresh_evidence,v16c,3109,51091,current_global,1055157094,wide_128_32_8,32,shuffled_clock,2,2048,2397,32,0,255,747,0.10638297872340426,0.688360450563204,64.0,0.137824945948861,0.04541015625,32,1,1.0,7.96875,2048,2048,0,255,0,0,1,1,4885403371166095634
v16e_design_calibration_not_fresh_evidence,v16c,3109,51091,current_global,1055157094,wide_128_32_8,32,shuffled_clock,3,2048,2397,32,0,254,740,0.10596579057154777,0.6912807676261994,64.0,0.14886795607777448,0.04052734375,32,1,1.0,7.9375,2048,2048,0,254,0,0,1,1,15824619441381608727
v16e_design_calibration_not_fresh_evidence,v16c,3109,51091,current_global,1055157094,wide_128_32_8,32,shuffled_clock,4,2048,2397,32,0,259,757,0.10805173133083021,0.6841885690446391,64.0,0.1581537252373513,0.041015625,32,1,1.0,8.09375,2048,2048,0,259,0,0,1,1,1552508939355326592
v16e_design_calibration_not_fresh_evidence,v16c,3109,51091,current_global,1055157094,wide_128_32_8,32,shuffled_clock,5,2048,2397,32,0,258,773,0.10763454317897372,0.6775135586149353,64.0,0.1572548335069238,0.041015625,32,1,1.0,8.0625,2048,2048,0,258,0,0,1,1,7896978859932883567
v16e_design_calibration_not_fresh_evidence,v16c,3109,51091,current_global,1055157094,wide_128_32_8,32,shuffled_clock,6,2048,2397,32,0,254,751,0.10596579057154777,0.686691697955778,64.0,0.13638893109117597,0.04150390625,32,1,1.0,7.9375,2048,2048,0,254,0,0,1,1,2021992727730595079
v16e_design_calibration_not_fresh_evidence,v16c,3109,51091,current_global,1055157094,wide_128_32_8,32,shuffled_clock,7,2048,2397,32,0,261,745,0.10888610763454318,0.689194826866917,64.0,0.14668291317031112,0.041015625,32,1,1.0,8.15625,2048,2048,0,261,0,0,1,1,2421647726116503904
v16e_design_calibration_not_fresh_evidence,v16c,3109,51091,current_global,1055157094,wide_128_32_8,32,shuffled_clock,8,2048,2397,32,0,255,738,0.10638297872340426,0.6921151439299124,64.0,0.15133395430572233,0.04150390625,32,1,1.0,7.96875,2048,2048,0,255,0,0,1,1,3798446844159454668
v16e_design_calibration_not_fresh_evidence,v16c,3109,51091,current_global,1055157094,wide_128_32_8,32,shuffled_clock,9,2048,2397,32,0,259,748,0.10805173133083021,0.6879432624113475,64.0,0.15805410083361512,0.04345703125,32,1,1.0,8.09375,2048,2048,0,259,0,0,1,1,14587972406688449596
v16e_design_calibration_not_fresh_evidence,v16c,3109,51091,current_global,1055157094,wide_128_32_8,32,shuffled_clock,10,2048,2397,32,0,261,750,0.10888610763454318,0.6871088861076345,64.0,0.12761873819588437,0.03955078125,32,1,1.0,8.15625,2048,2048,0,261,0,0,1,1,16962027476667908885
v16e_design_calibration_not_fresh_evidence,v16c,3109,51091,current_global,1055157094,wide_128_32_8,32,shuffled_clock,11,2048,2397,32,0,268,758,0.11180642469753858,0.6837713808927827,64.0,0.12606651869983868,0.04052734375,32,1,1.0,8.375,2048,2048,0,268,0,0,1,1,5701018788076305459
v16e_design_calibration_not_fresh_evidence,v16c,3109,51091,current_global,1055157094,wide_128_32_8,32,shuffled_clock,12,2048,2397,32,0,251,745,0.1047142261159783,0.689194826866917,64.0,0.12969994839206075,0.0390625,32,1,1.0,7.84375,2048,2048,0,251,0,0,1,1,6149923109537585327
v16e_design_calibration_not_fresh_evidence,v16c,3109,51091,current_global,1055157094,wide_128_32_8,32,shuffled_clock,13,2048,2397,32,0,257,748,0.10721735502711723,0.6879432624113475,64.0,0.12724793236167958,0.037109375,32,1,1.0,8.03125,2048,2048,0,257,0,0,1,1,3476405564929659080
v16e_design_calibration_not_fresh_evidence,v16c,3109,51091,current_global,1055157094,wide_128_32_8,32,shuffled_clock,14,2048,2397,32,0,246,762,0.10262828535669587,0.6821026282853567,64.0,0.14037275764445778,0.04150390625,32,1,1.0,7.6875,2048,2048,0,246,0,0,1,1,7850485655719364625
v16e_design_calibration_not_fresh_evidence,v16c,3109,51091,current_global,1055157094,wide_128_32_8,32,shuffled_clock,15,2048,2397,32,0,253,745,0.10554860241969129,0.689194826866917,64.0,0.13742437436406554,0.03857421875,32,1,1.0,7.90625,2048,2048,0,253,0,0,1,1,2470481544406276115
v16e_design_calibration_not_fresh_evidence,v16c,3109,51091,current_global,1055157094,wide_128_32_8,8,clock,-1,2048,2397,8,0,25,1683,0.010429703796412181,0.2978723404255319,256.0,0.5024094429107527,0.22412109375,8,1,1.0,3.125,2048,2048,0,25,0,0,1,1,
v16e_design_calibration_not_fresh_evidence,v16c,3109,51091,current_global,1055157094,wide_128_32_8,8,event_count,-1,2048,2397,8,0,26,1584,0.01084689194826867,0.33917396745932415,256.0,0.0,0.125,8,1,1.0,3.25,2048,2048,0,26,0,0,1,1,
v16e_design_calibration_not_fresh_evidence,v16c,3109,51091,current_global,1055157094,wide_128_32_8,8,shuffled_clock,0,2048,2397,8,0,26,1593,0.01084689194826867,0.3354192740926158,256.0,0.09631896879639025,0.1396484375,8,1,1.0,3.25,2048,2048,0,26,0,0,1,1,10158985695782427566
v16e_design_calibration_not_fresh_evidence,v16c,3109,51091,current_global,1055157094,wide_128_32_8,8,shuffled_clock,1,2048,2397,8,0,26,1586,0.01084689194826867,0.3383395911556112,256.0,0.06720566614877052,0.14111328125,8,1,1.0,3.25,2048,2048,0,26,0,0,1,1,1721401001299001144
v16e_design_calibration_not_fresh_evidence,v16c,3109,51091,current_global,1055157094,wide_128_32_8,8,shuffled_clock,2,2048,2397,8,0,26,1590,0.01084689194826867,0.33667083854818525,256.0,0.09937110420261229,0.1416015625,8,1,1.0,3.25,2048,2048,0,26,0,0,1,1,8124290437841944819
v16e_design_calibration_not_fresh_evidence,v16c,3109,51091,current_global,1055157094,wide_128_32_8,8,shuffled_clock,3,2048,2397,8,0,27,1582,0.011264080100125156,0.3400083437630371,256.0,0.07562979618793489,0.1416015625,8,1,1.0,3.375,2048,2048,0,27,0,0,1,1,9337060356991628274
v16e_design_calibration_not_fresh_evidence,v16c,3109,51091,current_global,1055157094,wide_128_32_8,8,shuffled_clock,4,2048,2397,8,0,26,1592,0.01084689194826867,0.3358364622444723,256.0,0.07018838251575948,0.138671875,8,1,1.0,3.25,2048,2048,0,26,0,0,1,1,594006513263933510
v16e_design_calibration_not_fresh_evidence,v16c,3109,51091,current_global,1055157094,wide_128_32_8,8,shuffled_clock,5,2048,2397,8,0,25,1600,0.010429703796412181,0.33249895702962035,256.0,0.08929617684235264,0.14453125,8,1,1.0,3.125,2048,2048,0,25,0,0,1,1,6697959749506455315
v16e_design_calibration_not_fresh_evidence,v16c,3109,51091,current_global,1055157094,wide_128_32_8,8,shuffled_clock,6,2048,2397,8,0,26,1586,0.01084689194826867,0.3383395911556112,256.0,0.07680242109569668,0.1396484375,8,1,1.0,3.25,2048,2048,0,26,0,0,1,1,12654429910225020173
v16e_design_calibration_not_fresh_evidence,v16c,3109,51091,current_global,1055157094,wide_128_32_8,8,shuffled_clock,7,2048,2397,8,0,26,1584,0.01084689194826867,0.33917396745932415,256.0,0.04128710114529891,0.1328125,8,1,1.0,3.25,2048,2048,0,26,0,0,1,1,14280347450203815609
v16e_design_calibration_not_fresh_evidence,v16c,3109,51091,current_global,1055157094,wide_128_32_8,8,shuffled_clock,8,2048,2397,8,0,27,1596,0.011264080100125156,0.3341677096370463,256.0,0.10209766283660184,0.1416015625,8,1,1.0,3.375,2048,2048,0,27,0,0,1,1,12883218708439700449
v16e_design_calibration_not_fresh_evidence,v16c,3109,51091,current_global,1055157094,wide_128_32_8,8,shuffled_clock,9,2048,2397,8,0,27,1587,0.011264080100125156,0.3379224030037547,256.0,0.0751962183966768,0.1396484375,8,1,1.0,3.375,2048,2048,0,27,0,0,1,1,18066437700107176457
v16e_design_calibration_not_fresh_evidence,v16c,3109,51091,current_global,1055157094,wide_128_32_8,8,shuffled_clock,10,2048,2397,8,0,26,1582,0.01084689194826867,0.3400083437630371,256.0,0.05194829965507602,0.1357421875,8,1,1.0,3.25,2048,2048,0,26,0,0,1,1,2367783817290097768
v16e_design_calibration_not_fresh_evidence,v16c,3109,51091,current_global,1055157094,wide_128_32_8,8,shuffled_clock,11,2048,2397,8,0,27,1584,0.011264080100125156,0.33917396745932415,256.0,0.11449663589685256,0.15234375,8,1,1.0,3.375,2048,2048,0,27,0,0,1,1,7002634151928658070
v16e_design_calibration_not_fresh_evidence,v16c,3109,51091,current_global,1055157094,wide_128_32_8,8,shuffled_clock,12,2048,2397,8,0,26,1594,0.01084689194826867,0.3350020859407593,256.0,0.13315672303952586,0.1533203125,8,1,1.0,3.25,2048,2048,0,26,0,0,1,1,13732651687893599530
v16e_design_calibration_not_fresh_evidence,v16c,3109,51091,current_global,1055157094,wide_128_32_8,8,shuffled_clock,13,2048,2397,8,0,26,1586,0.01084689194826867,0.3383395911556112,256.0,0.0522412041895913,0.13330078125,8,1,1.0,3.25,2048,2048,0,26,0,0,1,1,4409494048954879027
v16e_design_calibration_not_fresh_evidence,v16c,3109,51091,current_global,1055157094,wide_128_32_8,8,shuffled_clock,14,2048,2397,8,0,26,1589,0.01084689194826867,0.33708802670004173,256.0,0.056722347140951174,0.13720703125,8,1,1.0,3.25,2048,2048,0,26,0,0,1,1,6553897874059026101
v16e_design_calibration_not_fresh_evidence,v16c,3109,51091,current_global,1055157094,wide_128_32_8,8,shuffled_clock,15,2048,2397,8,0,26,1591,0.01084689194826867,0.33625365039632876,256.0,0.06566351973250227,0.13525390625,8,1,1.0,3.25,2048,2048,0,26,0,0,1,1,7215695924530490556
v16e_design_calibration_not_fresh_evidence,v16c,3109,51091,current_global,1055157094,compact_64_16_4,64,clock,-1,2048,2397,64,0,540,460,0.22528160200250313,0.8080934501460159,32.0,0.5029982032376631,0.03369140625,64,1,1.0,8.4375,2048,2048,0,540,0,0,1,1,
v16e_design_calibration_not_fresh_evidence,v16c,3109,51091,current_global,1055157094,compact_64_16_4,64,event_count,-1,2048,2397,64,0,595,449,0.24822695035460993,0.8126825198164372,32.0,0.0,0.015625,64,1,1.0,9.296875,2048,2048,0,595,0,0,1,1,
v16e_design_calibration_not_fresh_evidence,v16c,3109,51091,current_global,1055157094,compact_64_16_4,64,shuffled_clock,0,2048,2397,64,0,599,445,0.24989570296203586,0.8143512724238632,32.0,0.19904907865721386,0.02294921875,64,1,1.0,9.359375,2048,2048,0,599,0,0,1,1,11696387150731721142
v16e_design_calibration_not_fresh_evidence,v16c,3109,51091,current_global,1055157094,compact_64_16_4,64,shuffled_clock,1,2048,2397,64,0,600,459,0.2503128911138924,0.8085106382978723,32.0,0.20833333333333334,0.0244140625,64,1,1.0,9.375,2048,2048,0,600,0,0,1,1,6789038095871702024
v16e_design_calibration_not_fresh_evidence,v16c,3109,51091,current_global,1055157094,compact_64_16_4,64,shuffled_clock,2,2048,2397,64,0,589,467,0.24572382144347102,0.8051731330830204,32.0,0.22651331910101608,0.0234375,64,1,1.0,9.203125,2048,2048,0,589,0,0,1,1,18329576577452305302
v16e_design_calibration_not_fresh_evidence,v16c,3109,51091,current_global,1055157094,compact_64_16_4,64,shuffled_clock,3,2048,2397,64,0,608,457,0.25365039632874425,0.8093450146015854,32.0,0.24154861648741466,0.02685546875,64,1,1.0,9.5,2048,2048,0,608,0,0,1,1,14257504085341526515
v16e_design_calibration_not_fresh_evidence,v16c,3109,51091,current_global,1055157094,compact_64_16_4,64,shuffled_clock,4,2048,2397,64,0,611,460,0.2549019607843137,0.8080934501460159,32.0,0.20803550139644397,0.0234375,64,1,1.0,9.546875,2048,2048,0,611,0,0,1,1,18228589662067907443
v16e_design_calibration_not_fresh_evidence,v16c,3109,51091,current_global,1055157094,compact_64_16_4,64,shuffled_clock,5,2048,2397,64,0,600,439,0.2503128911138924,0.8168544013350021,32.0,0.19045293756876377,0.0234375,64,1,1.0,9.375,2048,2048,0,600,0,0,1,1,7475597060347720821
v16e_design_calibration_not_fresh_evidence,v16c,3109,51091,current_global,1055157094,compact_64_16_4,64,shuffled_clock,6,2048,2397,64,0,590,458,0.2461410095953275,0.8089278264497288,32.0,0.21998658418690495,0.02392578125,64,1,1.0,9.21875,2048,2048,0,590,0,0,1,1,10638312044631544309
v16e_design_calibration_not_fresh_evidence,v16c,3109,51091,current_global,1055157094,compact_64_16_4,64,shuffled_clock,7,2048,2397,64,0,597,453,0.2490613266583229,0.8110137672090113,32.0,0.2006777949374379,0.021484375,64,1,1.0,9.328125,2048,2048,0,597,0,0,1,1,12293682842899526768
v16e_design_calibration_not_fresh_evidence,v16c,3109,51091,current_global,1055157094,compact_64_16_4,64,shuffled_clock,8,2048,2397,64,0,606,455,0.2528160200250313,0.8101793909052983,32.0,0.2072890493972125,0.0224609375,64,1,1.0,9.46875,2048,2048,0,606,0,0,1,1,8286217414383242484
v16e_design_calibration_not_fresh_evidence,v16c,3109,51091,current_global,1055157094,compact_64_16_4,64,shuffled_clock,9,2048,2397,64,0,601,451,0.25073007926574886,0.8118481435127243,32.0,0.20420007015374322,0.0244140625,64,1,1.0,9.390625,2048,2048,0,601,0,0,1,1,7606303720218033762
v16e_design_calibration_not_fresh_evidence,v16c,3109,51091,current_global,1055157094,compact_64_16_4,64,shuffled_clock,10,2048,2397,64,0,585,458,0.24405506883604505,0.8089278264497288,32.0,0.21128856368212914,0.02392578125,64,1,1.0,9.140625,2048,2048,0,585,0,0,1,1,12224772318130013287
v16e_design_calibration_not_fresh_evidence,v16c,3109,51091,current_global,1055157094,compact_64_16_4,64,shuffled_clock,11,2048,2397,64,0,606,447,0.2528160200250313,0.8135168961201502,32.0,0.19583016714765722,0.0234375,64,1,1.0,9.46875,2048,2048,0,606,0,0,1,1,16433827102840676575
v16e_design_calibration_not_fresh_evidence,v16c,3109,51091,current_global,1055157094,compact_64_16_4,64,shuffled_clock,12,2048,2397,64,0,606,443,0.2528160200250313,0.8151856487275762,32.0,0.19045293756876377,0.02490234375,64,1,1.0,9.46875,2048,2048,0,606,0,0,1,1,1934296799287009252
v16e_design_calibration_not_fresh_evidence,v16c,3109,51091,current_global,1055157094,compact_64_16_4,64,shuffled_clock,13,2048,2397,64,0,602,472,0.25114726741760535,0.803087192323738,32.0,0.22236943288712072,0.02685546875,64,1,1.0,9.40625,2048,2048,0,602,0,0,1,1,505774888543628918
v16e_design_calibration_not_fresh_evidence,v16c,3109,51091,current_global,1055157094,compact_64_16_4,64,shuffled_clock,14,2048,2397,64,0,589,455,0.24572382144347102,0.8101793909052983,32.0,0.2019866607256804,0.0224609375,64,1,1.0,9.203125,2048,2048,0,589,0,0,1,1,17697976159564939360
v16e_design_calibration_not_fresh_evidence,v16c,3109,51091,current_global,1055157094,compact_64_16_4,64,shuffled_clock,15,2048,2397,64,0,597,470,0.2490613266583229,0.803921568627451,32.0,0.216291456252019,0.0234375,64,1,1.0,9.328125,2048,2048,0,597,0,0,1,1,4632446976609835953
v16e_design_calibration_not_fresh_evidence,v16c,3109,51091,current_global,1055157094,compact_64_16_4,16,clock,-1,2048,2397,16,0,83,1249,0.034626616604088445,0.4789319983312474,128.0,0.49122342750439607,0.11669921875,16,1,1.0,5.1875,2048,2048,0,83,0,0,1,1,
v16e_design_calibration_not_fresh_evidence,v16c,3109,51091,current_global,1055157094,compact_64_16_4,16,event_count,-1,2048,2397,16,0,95,1139,0.03963287442636629,0.524822695035461,128.0,0.0,0.0625,16,1,1.0,5.9375,2048,2048,0,95,0,0,1,1,
v16e_design_calibration_not_fresh_evidence,v16c,3109,51091,current_global,1055157094,compact_64_16_4,16,shuffled_clock,0,2048,2397,16,0,85,1155,0.03546099290780142,0.5181476846057572,128.0,0.11030113846118422,0.07763671875,16,1,1.0,5.3125,2048,2048,0,85,0,0,1,1,18295111112056152525
v16e_design_calibration_not_fresh_evidence,v16c,3109,51091,current_global,1055157094,compact_64_16_4,16,shuffled_clock,1,2048,2397,16,0,93,1153,0.03879849812265332,0.5189820609094702,128.0,0.09873879155799575,0.07568359375,16,1,1.0,5.8125,2048,2048,0,93,0,0,1,1,7649698416230863798
v16e_design_calibration_not_fresh_evidence,v16c,3109,51091,current_global,1055157094,compact_64_16_4,16,shuffled_clock,2,2048,2397,16,0,87,1143,0.03629536921151439,0.523153942428035,128.0,0.10844095215446362,0.0732421875,16,1,1.0,5.4375,2048,2048,0,87,0,0,1,1,5645371906492071228
v16e_design_calibration_not_fresh_evidence,v16c,3109,51091,current_global,1055157094,compact_64_16_4,16,shuffled_clock,3,2048,2397,16,0,91,1139,0.03796412181894034,0.524822695035461,128.0,0.0919975090242484,0.0693359375,16,1,1.0,5.6875,2048,2048,0,91,0,0,1,1,4038841801934470728
v16e_design_calibration_not_fresh_evidence,v16c,3109,51091,current_global,1055157094,compact_64_16_4,16,shuffled_clock,4,2048,2397,16,0,95,1153,0.03963287442636629,0.5189820609094702,128.0,0.12163437785017853,0.07763671875,16,1,1.0,5.9375,2048,2048,0,95,0,0,1,1,11165727779635240089
v16e_design_calibration_not_fresh_evidence,v16c,3109,51091,current_global,1055157094,compact_64_16_4,16,shuffled_clock,5,2048,2397,16,0,93,1163,0.03879849812265332,0.5148101793909053,128.0,0.15022227454952655,0.07861328125,16,1,1.0,5.8125,2048,2048,0,93,0,0,1,1,5325327084037691834
v16e_design_calibration_not_fresh_evidence,v16c,3109,51091,current_global,1055157094,compact_64_16_4,16,shuffled_clock,6,2048,2397,16,0,95,1149,0.03963287442636629,0.5206508135168961,128.0,0.13113213954188857,0.0732421875,16,1,1.0,5.9375,2048,2048,0,95,0,0,1,1,13228078868855344719
v16e_design_calibration_not_fresh_evidence,v16c,3109,51091,current_global,1055157094,compact_64_16_4,16,shuffled_clock,7,2048,2397,16,0,94,1161,0.0392156862745098,0.5156445556946183,128.0,0.137286766478055,0.0810546875,16,1,1.0,5.875,2048,2048,0,94,0,0,1,1,4198215295159279390
v16e_design_calibration_not_fresh_evidence,v16c,3109,51091,current_global,1055157094,compact_64_16_4,16,shuffled_clock,8,2048,2397,16,0,88,1168,0.03671255736337088,0.5127242386316229,128.0,0.13150397055158955,0.078125,16,1,1.0,5.5,2048,2048,0,88,0,0,1,1,2898808883541644902
v16e_design_calibration_not_fresh_evidence,v16c,3109,51091,current_global,1055157094,compact_64_16_4,16,shuffled_clock,9,2048,2397,16,0,90,1142,0.03754693366708386,0.5235711305798916,128.0,0.09686659909810674,0.07275390625,16,1,1.0,5.625,2048,2048,0,90,0,0,1,1,3165719673291578772
v16e_design_calibration_not_fresh_evidence,v16c,3109,51091,current_global,1055157094,compact_64_16_4,16,shuffled_clock,10,2048,2397,16,0,91,1148,0.03796412181894034,0.5210680016687526,128.0,0.11414451959759903,0.0732421875,16,1,1.0,5.6875,2048,2048,0,91,0,0,1,1,18158207510038757376
v16e_design_calibration_not_fresh_evidence,v16c,3109,51091,current_global,1055157094,compact_64_16_4,16,shuffled_clock,11,2048,2397,16,0,90,1143,0.03754693366708386,0.523153942428035,128.0,0.12230160379842395,0.07763671875,16,1,1.0,5.625,2048,2048,0,90,0,0,1,1,3086898821480558346
v16e_design_calibration_not_fresh_evidence,v16c,3109,51091,current_global,1055157094,compact_64_16_4,16,shuffled_clock,12,2048,2397,16,0,87,1148,0.03629536921151439,0.5210680016687526,128.0,0.11143886122743119,0.07275390625,16,1,1.0,5.4375,2048,2048,0,87,0,0,1,1,15655415322920258506
v16e_design_calibration_not_fresh_evidence,v16c,3109,51091,current_global,1055157094,compact_64_16_4,16,shuffled_clock,13,2048,2397,16,0,94,1162,0.0392156862745098,0.5152273675427618,128.0,0.10230100093189053,0.07763671875,16,1,1.0,5.875,2048,2048,0,94,0,0,1,1,16444822879913731942
v16e_design_calibration_not_fresh_evidence,v16c,3109,51091,current_global,1055157094,compact_64_16_4,16,shuffled_clock,14,2048,2397,16,0,92,1162,0.03838130997079683,0.5152273675427618,128.0,0.11995007642070651,0.07470703125,16,1,1.0,5.75,2048,2048,0,92,0,0,1,1,1561246802337477625
v16e_design_calibration_not_fresh_evidence,v16c,3109,51091,current_global,1055157094,compact_64_16_4,16,shuffled_clock,15,2048,2397,16,0,93,1133,0.03879849812265332,0.5273258239465999,128.0,0.08524818240975386,0.07568359375,16,1,1.0,5.8125,2048,2048,0,93,0,0,1,1,847718553657081527
v16e_design_calibration_not_fresh_evidence,v16c,3109,51091,current_global,1055157094,compact_64_16_4,4,clock,-1,2048,2397,4,0,6,2016,0.0025031289111389237,0.15894868585732166,512.0,0.5397885358281133,0.427734375,4,1,1.0,1.5,2048,2048,0,6,0,0,1,1,
v16e_design_calibration_not_fresh_evidence,v16c,3109,51091,current_global,1055157094,compact_64_16_4,4,event_count,-1,2048,2397,4,0,6,1937,0.0025031289111389237,0.19190654985398414,512.0,0.0,0.25,4,1,1.0,1.5,2048,2048,0,6,0,0,1,1,
v16e_design_calibration_not_fresh_evidence,v16c,3109,51091,current_global,1055157094,compact_64_16_4,4,shuffled_clock,0,2048,2397,4,0,6,1938,0.0025031289111389237,0.19148936170212766,512.0,0.009160968280905136,0.2529296875,4,1,1.0,1.5,2048,2048,0,6,0,0,1,1,6220116991724228820
v16e_design_calibration_not_fresh_evidence,v16c,3109,51091,current_global,1055157094,compact_64_16_4,4,shuffled_clock,1,2048,2397,4,0,6,1938,0.0025031289111389237,0.19148936170212766,512.0,0.027110238038615904,0.25732421875,4,1,1.0,1.5,2048,2048,0,6,0,0,1,1,3343841021842829880
v16e_design_calibration_not_fresh_evidence,v16c,3109,51091,current_global,1055157094,compact_64_16_4,4,shuffled_clock,2,2048,2397,4,0,6,1938,0.0025031289111389237,0.19148936170212766,512.0,0.06835007377198225,0.2744140625,4,1,1.0,1.5,2048,2048,0,6,0,0,1,1,6520990304839799684
v16e_design_calibration_not_fresh_evidence,v16c,3109,51091,current_global,1055157094,compact_64_16_4,4,shuffled_clock,3,2048,2397,4,0,6,1943,0.0025031289111389237,0.18940342094284524,512.0,0.03318397119107984,0.26123046875,4,1,1.0,1.5,2048,2048,0,6,0,0,1,1,2470968569834657303
v16e_design_calibration_not_fresh_evidence,v16c,3109,51091,current_global,1055157094,compact_64_16_4,4,shuffled_clock,4,2048,2397,4,0,6,1944,0.0025031289111389237,0.18898623279098872,512.0,0.05277053158635272,0.2607421875,4,1,1.0,1.5,2048,2048,0,6,0,0,1,1,14185919590706157797
v16e_design_calibration_not_fresh_evidence,v16c,3109,51091,current_global,1055157094,compact_64_16_4,4,shuffled_clock,5,2048,2397,4,0,6,1938,0.0025031289111389237,0.19148936170212766,512.0,0.04572148402624854,0.26416015625,4,1,1.0,1.5,2048,2048,0,6,0,0,1,1,10638872181305459664
v16e_design_calibration_not_fresh_evidence,v16c,3109,51091,current_global,1055157094,compact_64_16_4,4,shuffled_clock,6,2048,2397,4,0,6,1951,0.0025031289111389237,0.18606591572799333,512.0,0.05433760837204514,0.26904296875,4,1,1.0,1.5,2048,2048,0,6,0,0,1,1,81563203757246998
v16e_design_calibration_not_fresh_evidence,v16c,3109,51091,current_global,1055157094,compact_64_16_4,4,shuffled_clock,7,2048,2397,4,0,6,1940,0.0025031289111389237,0.1906549853984147,512.0,0.047118508132089135,0.2626953125,4,1,1.0,1.5,2048,2048,0,6,0,0,1,1,11442367044940801916
v16e_design_calibration_not_fresh_evidence,v16c,3109,51091,current_global,1055157094,compact_64_16_4,4,shuffled_clock,8,2048,2397,4,0,6,1939,0.0025031289111389237,0.19107217355027117,512.0,0.037092238367823216,0.26220703125,4,1,1.0,1.5,2048,2048,0,6,0,0,1,1,15543201339839285592
v16e_design_calibration_not_fresh_evidence,v16c,3109,51091,current_global,1055157094,compact_64_16_4,4,shuffled_clock,9,2048,2397,4,0,6,1946,0.0025031289111389237,0.18815185648727575,512.0,0.05015134159523635,0.25830078125,4,1,1.0,1.5,2048,2048,0,6,0,0,1,1,7226387333830245084
v16e_design_calibration_not_fresh_evidence,v16c,3109,51091,current_global,1055157094,compact_64_16_4,4,shuffled_clock,10,2048,2397,4,0,6,1937,0.0025031289111389237,0.19190654985398414,512.0,0.011826759195693327,0.2529296875,4,1,1.0,1.5,2048,2048,0,6,0,0,1,1,15581275843952440507
v16e_design_calibration_not_fresh_evidence,v16c,3109,51091,current_global,1055157094,compact_64_16_4,4,shuffled_clock,11,2048,2397,4,0,6,1940,0.0025031289111389237,0.1906549853984147,512.0,0.043175402686430345,0.2607421875,4,1,1.0,1.5,2048,2048,0,6,0,0,1,1,15992580820576495529
v16e_design_calibration_not_fresh_evidence,v16c,3109,51091,current_global,1055157094,compact_64_16_4,4,shuffled_clock,12,2048,2397,4,0,6,1945,0.0025031289111389237,0.18856904463913224,512.0,0.08802795983231455,0.27978515625,4,1,1.0,1.5,2048,2048,0,6,0,0,1,1,5088721568110000842
v16e_design_calibration_not_fresh_evidence,v16c,3109,51091,current_global,1055157094,compact_64_16_4,4,shuffled_clock,13,2048,2397,4,0,6,1949,0.0025031289111389237,0.1869002920317063,512.0,0.08330789813653375,0.2783203125,4,1,1.0,1.5,2048,2048,0,6,0,0,1,1,17656265090596329244
v16e_design_calibration_not_fresh_evidence,v16c,3109,51091,current_global,1055157094,compact_64_16_4,4,shuffled_clock,14,2048,2397,4,0,6,1934,0.0025031289111389237,0.1931581143095536,512.0,0.060494348855819446,0.27099609375,4,1,1.0,1.5,2048,2048,0,6,0,0,1,1,7034407843453373319
v16e_design_calibration_not_fresh_evidence,v16c,3109,51091,current_global,1055157094,compact_64_16_4,4,shuffled_clock,15,2048,2397,4,0,6,1951,0.0025031289111389237,0.18606591572799333,512.0,0.06520825013306726,0.2666015625,4,1,1.0,1.5,2048,2048,0,6,0,0,1,1,3148540891191894138
v16e_design_calibration_not_fresh_evidence,v16c,3109,51091,exposure_matched_local,1155157094,wide_128_32_8,128,clock,-1,2048,2457,128,0,1089,267,0.4432234432234432,0.8913308913308914,16.0,0.6148786769774789,0.021484375,120,2,0.9982775590551181,8.5078125,2048,2048,0,1089,0,0,1,1,
v16e_design_calibration_not_fresh_evidence,v16c,3109,51091,exposure_matched_local,1155157094,wide_128_32_8,128,event_count,-1,2048,2457,128,0,1267,252,0.5156695156695157,0.8974358974358975,16.0,0.0,0.0078125,123,2,0.9993848425196851,9.8984375,2048,2048,0,1267,0,0,1,1,
v16e_design_calibration_not_fresh_evidence,v16c,3109,51091,exposure_matched_local,1155157094,wide_128_32_8,128,shuffled_clock,0,2048,2457,128,0,1241,264,0.5050875050875051,0.8925518925518926,16.0,0.29019830987639833,0.01513671875,121,3,0.9986466535433071,9.6953125,2048,2048,0,1241,0,0,1,1,2673739015269355782
v16e_design_calibration_not_fresh_evidence,v16c,3109,51091,exposure_matched_local,1155157094,wide_128_32_8,128,shuffled_clock,1,2048,2457,128,0,1222,259,0.4973544973544973,0.8945868945868946,16.0,0.29700771484452276,0.01416015625,121,2,0.9981545275590551,9.546875,2048,2048,0,1222,0,0,1,1,9698335697029294037
v16e_design_calibration_not_fresh_evidence,v16c,3109,51091,exposure_matched_local,1155157094,wide_128_32_8,128,shuffled_clock,2,2048,2457,128,0,1225,263,0.4985754985754986,0.892958892958893,16.0,0.2986600653680858,0.01318359375,121,2,0.99876968503937,9.5703125,2048,2048,0,1225,0,0,1,1,2508085055821334377
v16e_design_calibration_not_fresh_evidence,v16c,3109,51091,exposure_matched_local,1155157094,wide_128_32_8,128,shuffled_clock,3,2048,2457,128,0,1211,256,0.4928774928774929,0.8958078958078958,16.0,0.3006104353781946,0.0146484375,121,2,0.9990157480314961,9.4609375,2048,2048,0,1211,0,0,1,1,14209148508411547040
v16e_design_calibration_not_fresh_evidence,v16c,3109,51091,exposure_matched_local,1155157094,wide_128_32_8,128,shuffled_clock,4,2048,2457,128,0,1223,276,0.49776149776149775,0.8876678876678876,16.0,0.3162666695989519,0.015625,120,2,0.99876968503937,9.5546875,2048,2048,0,1223,0,0,1,1,4725064037038029069
v16e_design_calibration_not_fresh_evidence,v16c,3109,51091,exposure_matched_local,1155157094,wide_128_32_8,128,shuffled_clock,5,2048,2457,128,0,1240,254,0.5046805046805046,0.8966218966218966,16.0,0.27293876761307057,0.01318359375,126,2,0.999753937007874,9.6875,2048,2048,0,1240,0,0,1,1,8314909846127659316
v16e_design_calibration_not_fresh_evidence,v16c,3109,51091,exposure_matched_local,1155157094,wide_128_32_8,128,shuffled_clock,6,2048,2457,128,0,1229,273,0.5002035002035002,0.8888888888888888,16.0,0.29968815813439187,0.01611328125,118,3,0.9977854330708661,9.6015625,2048,2048,0,1229,0,0,1,1,3966889982760374769
v16e_design_calibration_not_fresh_evidence,v16c,3109,51091,exposure_matched_local,1155157094,wide_128_32_8,128,shuffled_clock,7,2048,2457,128,0,1221,269,0.49694749694749696,0.8905168905168905,16.0,0.3011215910532242,0.015625,120,2,0.9984005905511811,9.5390625,2048,2048,0,1221,0,0,1,1,3269884147974914504
v16e_design_calibration_not_fresh_evidence,v16c,3109,51091,exposure_matched_local,1155157094,wide_128_32_8,128,shuffled_clock,8,2048,2457,128,0,1225,261,0.4985754985754986,0.8937728937728938,16.0,0.2860348665493243,0.015625,117,2,0.9980314960629921,9.5703125,2048,2048,0,1225,0,0,1,1,8953797524690628289
v16e_design_calibration_not_fresh_evidence,v16c,3109,51091,exposure_matched_local,1155157094,wide_128_32_8,128,shuffled_clock,9,2048,2457,128,0,1229,280,0.5002035002035002,0.886039886039886,16.0,0.31392392127147095,0.01513671875,121,2,0.9985236220472441,9.6015625,2048,2048,0,1229,0,0,1,1,1501992786683638247
v16e_design_calibration_not_fresh_evidence,v16c,3109,51091,exposure_matched_local,1155157094,wide_128_32_8,128,shuffled_clock,10,2048,2457,128,0,1221,250,0.49694749694749696,0.8982498982498982,16.0,0.2799483220026975,0.0126953125,120,2,0.99876968503937,9.5390625,2048,2048,0,1221,0,0,1,1,3107928078956330447
v16e_design_calibration_not_fresh_evidence,v16c,3109,51091,exposure_matched_local,1155157094,wide_128_32_8,128,shuffled_clock,11,2048,2457,128,0,1218,277,0.49572649572649574,0.8872608872608873,16.0,0.3078892133812671,0.013671875,116,2,0.9977854330708661,9.515625,2048,2048,0,1218,0,0,1,1,11712332914257898892
v16e_design_calibration_not_fresh_evidence,v16c,3109,51091,exposure_matched_local,1155157094,wide_128_32_8,128,shuffled_clock,12,2048,2457,128,0,1215,274,0.4945054945054945,0.8884818884818885,16.0,0.3188816888691839,0.01416015625,118,2,0.9975393700787402,9.4921875,2048,2048,0,1215,0,0,1,1,4235956072381786771
v16e_design_calibration_not_fresh_evidence,v16c,3109,51091,exposure_matched_local,1155157094,wide_128_32_8,128,shuffled_clock,13,2048,2457,128,0,1228,260,0.4997964997964998,0.8941798941798942,16.0,0.3098807555773113,0.013671875,117,2,0.9981545275590551,9.59375,2048,2048,0,1228,0,0,1,1,18096076571489926720
v16e_design_calibration_not_fresh_evidence,v16c,3109,51091,exposure_matched_local,1155157094,wide_128_32_8,128,shuffled_clock,14,2048,2457,128,0,1209,256,0.49206349206349204,0.8958078958078958,16.0,0.3133354972840896,0.015625,118,2,0.9985236220472441,9.4453125,2048,2048,0,1209,0,0,1,1,12421815989135692178
v16e_design_calibration_not_fresh_evidence,v16c,3109,51091,exposure_matched_local,1155157094,wide_128_32_8,128,shuffled_clock,15,2048,2457,128,0,1215,250,0.4945054945054945,0.8982498982498982,16.0,0.27293876761307057,0.0126953125,120,2,0.9988927165354331,9.4921875,2048,2048,0,1215,0,0,1,1,10093594249112071435
v16e_design_calibration_not_fresh_evidence,v16c,3109,51091,exposure_matched_local,1155157094,wide_128_32_8,32,clock,-1,2048,2457,32,0,233,851,0.09483109483109484,0.6536426536426536,64.0,0.5763855151691221,0.07275390625,32,1,1.0,7.28125,2048,2048,0,233,0,0,1,1,
v16e_design_calibration_not_fresh_evidence,v16c,3109,51091,exposure_matched_local,1155157094,wide_128_32_8,32,event_count,-1,2048,2457,32,0,274,790,0.11151811151811152,0.6784696784696784,64.0,0.0,0.03125,32,1,1.0,8.5625,2048,2048,0,274,0,0,1,1,
v16e_design_calibration_not_fresh_evidence,v16c,3109,51091,exposure_matched_local,1155157094,wide_128_32_8,32,shuffled_clock,0,2048,2457,32,0,267,795,0.10866910866910867,0.6764346764346765,64.0,0.13873619518654354,0.0390625,32,1,1.0,8.34375,2048,2048,0,267,0,0,1,1,2296377250050729394
v16e_design_calibration_not_fresh_evidence,v16c,3109,51091,exposure_matched_local,1155157094,wide_128_32_8,32,shuffled_clock,1,2048,2457,32,0,269,801,0.10948310948310948,0.673992673992674,64.0,0.14721884083490874,0.0400390625,32,1,1.0,8.40625,2048,2048,0,269,0,0,1,1,13368199958232029764
v16e_design_calibration_not_fresh_evidence,v16c,3109,51091,exposure_matched_local,1155157094,wide_128_32_8,32,shuffled_clock,2,2048,2457,32,0,254,781,0.10337810337810338,0.6821326821326821,64.0,0.1504466636011237,0.04296875,32,1,1.0,7.9375,2048,2048,0,254,0,0,1,1,1711308432518848578
v16e_design_calibration_not_fresh_evidence,v16c,3109,51091,exposure_matched_local,1155157094,wide_128_32_8,32,shuffled_clock,3,2048,2457,32,0,269,786,0.10948310948310948,0.6800976800976801,64.0,0.13192749490265598,0.0390625,32,1,1.0,8.40625,2048,2048,0,269,0,0,1,1,12595471750808492679
v16e_design_calibration_not_fresh_evidence,v16c,3109,51091,exposure_matched_local,1155157094,wide_128_32_8,32,shuffled_clock,4,2048,2457,32,0,262,799,0.10663410663410663,0.6748066748066748,64.0,0.16626189928310636,0.0419921875,32,1,1.0,8.1875,2048,2048,0,262,0,0,1,1,6481723265695920266
v16e_design_calibration_not_fresh_evidence,v16c,3109,51091,exposure_matched_local,1155157094,wide_128_32_8,32,shuffled_clock,5,2048,2457,32,0,263,796,0.10704110704110704,0.676027676027676,64.0,0.15252619090271127,0.04052734375,32,1,1.0,8.21875,2048,2048,0,263,0,0,1,1,3626042802305927882
v16e_design_calibration_not_fresh_evidence,v16c,3109,51091,exposure_matched_local,1155157094,wide_128_32_8,32,shuffled_clock,6,2048,2457,32,0,273,795,0.1111111111111111,0.6764346764346765,64.0,0.16889368136445693,0.04541015625,32,1,1.0,8.53125,2048,2048,0,273,0,0,1,1,914335718203686961
v16e_design_calibration_not_fresh_evidence,v16c,3109,51091,exposure_matched_local,1155157094,wide_128_32_8,32,shuffled_clock,7,2048,2457,32,0,279,788,0.11355311355311355,0.6792836792836793,64.0,0.11753141738522788,0.03955078125,32,1,1.0,8.71875,2048,2048,0,279,0,0,1,1,9849446310845537708
v16e_design_calibration_not_fresh_evidence,v16c,3109,51091,exposure_matched_local,1155157094,wide_128_32_8,32,shuffled_clock,8,2048,2457,32,0,272,801,0.11070411070411071,0.673992673992674,64.0,0.13650436820967518,0.03759765625,32,1,1.0,8.5,2048,2048,0,272,0,0,1,1,8459166705759468305
v16e_design_calibration_not_fresh_evidence,v16c,3109,51091,exposure_matched_local,1155157094,wide_128_32_8,32,shuffled_clock,9,2048,2457,32,0,266,780,0.10826210826210826,0.6825396825396826,64.0,0.14413736377878145,0.0390625,32,1,1.0,8.3125,2048,2048,0,266,0,0,1,1,7535298617803699450
v16e_design_calibration_not_fresh_evidence,v16c,3109,51091,exposure_matched_local,1155157094,wide_128_32_8,32,shuffled_clock,10,2048,2457,32,0,277,790,0.11273911273911275,0.6784696784696784,64.0,0.16411649457115082,0.04296875,32,1,1.0,8.65625,2048,2048,0,277,0,0,1,1,12348205386658377898
v16e_design_calibration_not_fresh_evidence,v16c,3109,51091,exposure_matched_local,1155157094,wide_128_32_8,32,shuffled_clock,11,2048,2457,32,0,268,796,0.10907610907610908,0.676027676027676,64.0,0.17143914677922045,0.041015625,32,1,1.0,8.375,2048,2048,0,268,0,0,1,1,7357260576904372437
v16e_design_calibration_not_fresh_evidence,v16c,3109,51091,exposure_matched_local,1155157094,wide_128_32_8,32,shuffled_clock,12,2048,2457,32,0,277,802,0.11273911273911275,0.6735856735856736,64.0,0.12556575597104747,0.04150390625,32,1,1.0,8.65625,2048,2048,0,277,0,0,1,1,7942181879598530172
v16e_design_calibration_not_fresh_evidence,v16c,3109,51091,exposure_matched_local,1155157094,wide_128_32_8,32,shuffled_clock,13,2048,2457,32,0,278,793,0.11314611314611314,0.6772486772486772,64.0,0.13329342480698061,0.04052734375,32,1,1.0,8.6875,2048,2048,0,278,0,0,1,1,18336259529809355093
v16e_design_calibration_not_fresh_evidence,v16c,3109,51091,exposure_matched_local,1155157094,wide_128_32_8,32,shuffled_clock,14,2048,2457,32,0,256,810,0.10419210419210419,0.6703296703296703,64.0,0.20618431260920175,0.04248046875,32,1,1.0,8.0,2048,2048,0,256,0,0,1,1,9410960499664157590
v16e_design_calibration_not_fresh_evidence,v16c,3109,51091,exposure_matched_local,1155157094,wide_128_32_8,32,shuffled_clock,15,2048,2457,32,0,265,804,0.10785510785510785,0.6727716727716728,64.0,0.1409326831127359,0.04248046875,32,1,1.0,8.28125,2048,2048,0,265,0,0,1,1,11787185269758772761
v16e_design_calibration_not_fresh_evidence,v16c,3109,51091,exposure_matched_local,1155157094,wide_128_32_8,8,clock,-1,2048,2457,8,0,27,1748,0.01098901098901099,0.28856328856328856,256.0,0.595103163184829,0.26611328125,8,1,1.0,3.375,2048,2048,0,27,0,0,1,1,
v16e_design_calibration_not_fresh_evidence,v16c,3109,51091,exposure_matched_local,1155157094,wide_128_32_8,8,event_count,-1,2048,2457,8,0,28,1615,0.011396011396011397,0.3426943426943427,256.0,0.0,0.125,8,1,1.0,3.5,2048,2048,0,28,0,0,1,1,
v16e_design_calibration_not_fresh_evidence,v16c,3109,51091,exposure_matched_local,1155157094,wide_128_32_8,8,shuffled_clock,0,2048,2457,8,0,28,1613,0.011396011396011397,0.3435083435083435,256.0,0.05676076390603309,0.13427734375,8,1,1.0,3.5,2048,2048,0,28,0,0,1,1,10189964970376771729
v16e_design_calibration_not_fresh_evidence,v16c,3109,51091,exposure_matched_local,1155157094,wide_128_32_8,8,shuffled_clock,1,2048,2457,8,0,28,1617,0.011396011396011397,0.3418803418803419,256.0,0.052615399849657,0.1357421875,8,1,1.0,3.5,2048,2048,0,28,0,0,1,1,3448360082556439831
v16e_design_calibration_not_fresh_evidence,v16c,3109,51091,exposure_matched_local,1155157094,wide_128_32_8,8,shuffled_clock,2,2048,2457,8,0,28,1632,0.011396011396011397,0.33577533577533575,256.0,0.11619745476258751,0.14306640625,8,1,1.0,3.5,2048,2048,0,28,0,0,1,1,383911400246219705
v16e_design_calibration_not_fresh_evidence,v16c,3109,51091,exposure_matched_local,1155157094,wide_128_32_8,8,shuffled_clock,3,2048,2457,8,0,28,1611,0.011396011396011397,0.3443223443223443,256.0,0.06769044521029433,0.138671875,8,1,1.0,3.5,2048,2048,0,28,0,0,1,1,1709953549692946165
v16e_design_calibration_not_fresh_evidence,v16c,3109,51091,exposure_matched_local,1155157094,wide_128_32_8,8,shuffled_clock,4,2048,2457,8,0,28,1629,0.011396011396011397,0.336996336996337,256.0,0.06987712429686843,0.13720703125,8,1,1.0,3.5,2048,2048,0,28,0,0,1,1,16921574811621027645
v16e_design_calibration_not_fresh_evidence,v16c,3109,51091,exposure_matched_local,1155157094,wide_128_32_8,8,shuffled_clock,5,2048,2457,8,0,28,1608,0.011396011396011397,0.34554334554334554,256.0,0.09645466123576996,0.15185546875,8,1,1.0,3.5,2048,2048,0,28,0,0,1,1,7671061011398240408
v16e_design_calibration_not_fresh_evidence,v16c,3109,51091,exposure_matched_local,1155157094,wide_128_32_8,8,shuffled_clock,6,2048,2457,8,0,28,1623,0.011396011396011397,0.33943833943833945,256.0,0.05699072067717315,0.1318359375,8,1,1.0,3.5,2048,2048,0,28,0,0,1,1,187486672342898859
v16e_design_calibration_not_fresh_evidence,v16c,3109,51091,exposure_matched_local,1155157094,wide_128_32_8,8,shuffled_clock,7,2048,2457,8,0,28,1612,0.011396011396011397,0.3439153439153439,256.0,0.06080285032087605,0.13525390625,8,1,1.0,3.5,2048,2048,0,28,0,0,1,1,3646642738980920149
v16e_design_calibration_not_fresh_evidence,v16c,3109,51091,exposure_matched_local,1155157094,wide_128_32_8,8,shuffled_clock,8,2048,2457,8,0,28,1633,0.011396011396011397,0.3353683353683354,256.0,0.08504508225420797,0.14697265625,8,1,1.0,3.5,2048,2048,0,28,0,0,1,1,6597189164207339659
v16e_design_calibration_not_fresh_evidence,v16c,3109,51091,exposure_matched_local,1155157094,wide_128_32_8,8,shuffled_clock,9,2048,2457,8,0,28,1616,0.011396011396011397,0.3422873422873423,256.0,0.06267414355289816,0.13623046875,8,1,1.0,3.5,2048,2048,0,28,0,0,1,1,18338523359497373980
v16e_design_calibration_not_fresh_evidence,v16c,3109,51091,exposure_matched_local,1155157094,wide_128_32_8,8,shuffled_clock,10,2048,2457,8,0,28,1615,0.011396011396011397,0.3426943426943427,256.0,0.05002440810494413,0.1328125,8,1,1.0,3.5,2048,2048,0,28,0,0,1,1,2225725041666180596
v16e_design_calibration_not_fresh_evidence,v16c,3109,51091,exposure_matched_local,1155157094,wide_128_32_8,8,shuffled_clock,11,2048,2457,8,0,28,1615,0.011396011396011397,0.3426943426943427,256.0,0.04654834096801947,0.13330078125,8,1,1.0,3.5,2048,2048,0,28,0,0,1,1,12124283557965732396
v16e_design_calibration_not_fresh_evidence,v16c,3109,51091,exposure_matched_local,1155157094,wide_128_32_8,8,shuffled_clock,12,2048,2457,8,0,28,1628,0.011396011396011397,0.3374033374033374,256.0,0.08073216680293195,0.1416015625,8,1,1.0,3.5,2048,2048,0,28,0,0,1,1,16787247578286623352
v16e_design_calibration_not_fresh_evidence,v16c,3109,51091,exposure_matched_local,1155157094,wide_128_32_8,8,shuffled_clock,13,2048,2457,8,0,28,1612,0.011396011396011397,0.3439153439153439,256.0,0.058537919830104264,0.1396484375,8,1,1.0,3.5,2048,2048,0,28,0,0,1,1,15705278344644310597
v16e_design_calibration_not_fresh_evidence,v16c,3109,51091,exposure_matched_local,1155157094,wide_128_32_8,8,shuffled_clock,14,2048,2457,8,0,28,1630,0.011396011396011397,0.3365893365893366,256.0,0.06981470612961345,0.138671875,8,1,1.0,3.5,2048,2048,0,28,0,0,1,1,4169019026383961723
v16e_design_calibration_not_fresh_evidence,v16c,3109,51091,exposure_matched_local,1155157094,wide_128_32_8,8,shuffled_clock,15,2048,2457,8,0,28,1617,0.011396011396011397,0.3418803418803419,256.0,0.08056999958166368,0.14208984375,8,1,1.0,3.5,2048,2048,0,28,0,0,1,1,9592438296001206555
v16e_design_calibration_not_fresh_evidence,v16c,3109,51091,exposure_matched_local,1155157094,compact_64_16_4,64,clock,-1,2048,2457,64,0,519,494,0.21123321123321123,0.798941798941799,32.0,0.5855347491484322,0.0390625,63,2,0.9995039682539683,8.109375,2048,2048,0,519,0,0,1,1,
v16e_design_calibration_not_fresh_evidence,v16c,3109,51091,exposure_matched_local,1155157094,compact_64_16_4,64,event_count,-1,2048,2457,64,0,613,451,0.24949124949124948,0.8164428164428165,32.0,0.0,0.015625,64,1,1.0,9.578125,2048,2048,0,613,0,0,1,1,
v16e_design_calibration_not_fresh_evidence,v16c,3109,51091,exposure_matched_local,1155157094,compact_64_16_4,64,shuffled_clock,0,2048,2457,64,0,609,486,0.24786324786324787,0.8021978021978022,32.0,0.22139136592189385,0.0224609375,64,1,1.0,9.515625,2048,2048,0,609,0,0,1,1,15117130828718206996
v16e_design_calibration_not_fresh_evidence,v16c,3109,51091,exposure_matched_local,1155157094,compact_64_16_4,64,shuffled_clock,1,2048,2457,64,0,598,471,0.24338624338624337,0.8083028083028083,32.0,0.21289645556854814,0.02392578125,64,1,1.0,9.34375,2048,2048,0,598,0,0,1,1,6831888745299872273
v16e_design_calibration_not_fresh_evidence,v16c,3109,51091,exposure_matched_local,1155157094,compact_64_16_4,64,shuffled_clock,2,2048,2457,64,0,598,466,0.24338624338624337,0.8103378103378104,32.0,0.20060053688070079,0.0234375,64,1,1.0,9.34375,2048,2048,0,598,0,0,1,1,16020226733679032260
v16e_design_calibration_not_fresh_evidence,v16c,3109,51091,exposure_matched_local,1155157094,compact_64_16_4,64,shuffled_clock,3,2048,2457,64,0,617,456,0.2511192511192511,0.8144078144078144,32.0,0.17756412322635126,0.025390625,64,1,1.0,9.640625,2048,2048,0,617,0,0,1,1,13916468978023545664
v16e_design_calibration_not_fresh_evidence,v16c,3109,51091,exposure_matched_local,1155157094,compact_64_16_4,64,shuffled_clock,4,2048,2457,64,0,606,482,0.24664224664224665,0.8038258038258038,32.0,0.21535776803720885,0.02294921875,64,1,1.0,9.46875,2048,2048,0,606,0,0,1,1,7279841947862707488
v16e_design_calibration_not_fresh_evidence,v16c,3109,51091,exposure_matched_local,1155157094,compact_64_16_4,64,shuffled_clock,5,2048,2457,64,0,604,472,0.24582824582824583,0.807895807895808,32.0,0.22685522619237505,0.0234375,64,1,1.0,9.4375,2048,2048,0,604,0,0,1,1,16590926384899576589
v16e_design_calibration_not_fresh_evidence,v16c,3109,51091,exposure_matched_local,1155157094,compact_64_16_4,64,shuffled_clock,6,2048,2457,64,0,604,485,0.24582824582824583,0.8026048026048026,32.0,0.20736381551304217,0.02099609375,64,1,1.0,9.4375,2048,2048,0,604,0,0,1,1,12630547362227132103
v16e_design_calibration_not_fresh_evidence,v16c,3109,51091,exposure_matched_local,1155157094,compact_64_16_4,64,shuffled_clock,7,2048,2457,64,0,613,459,0.24949124949124948,0.8131868131868132,32.0,0.2155735934810876,0.0263671875,64,1,1.0,9.578125,2048,2048,0,613,0,0,1,1,11986942848397985961
v16e_design_calibration_not_fresh_evidence,v16c,3109,51091,exposure_matched_local,1155157094,compact_64_16_4,64,shuffled_clock,8,2048,2457,64,0,615,472,0.2503052503052503,0.807895807895808,32.0,0.23219054760438762,0.02587890625,64,1,1.0,9.609375,2048,2048,0,615,0,0,1,1,9606049173061418520
v16e_design_calibration_not_fresh_evidence,v16c,3109,51091,exposure_matched_local,1155157094,compact_64_16_4,64,shuffled_clock,9,2048,2457,64,0,606,476,0.24664224664224665,0.8062678062678063,32.0,0.22061984289579456,0.02392578125,64,1,1.0,9.46875,2048,2048,0,606,0,0,1,1,15244228259047018818
v16e_design_calibration_not_fresh_evidence,v16c,3109,51091,exposure_matched_local,1155157094,compact_64_16_4,64,shuffled_clock,10,2048,2457,64,0,615,486,0.2503052503052503,0.8021978021978022,32.0,0.2458106325273422,0.02587890625,64,1,1.0,9.609375,2048,2048,0,615,0,0,1,1,10356715756709815234
v16e_design_calibration_not_fresh_evidence,v16c,3109,51091,exposure_matched_local,1155157094,compact_64_16_4,64,shuffled_clock,11,2048,2457,64,0,604,468,0.24582824582824583,0.8095238095238095,32.0,0.23484575738536295,0.0263671875,64,1,1.0,9.4375,2048,2048,0,604,0,0,1,1,6271484037812366190
v16e_design_calibration_not_fresh_evidence,v16c,3109,51091,exposure_matched_local,1155157094,compact_64_16_4,64,shuffled_clock,12,2048,2457,64,0,594,481,0.24175824175824176,0.8042328042328042,32.0,0.24738212681328994,0.02490234375,64,1,1.0,9.28125,2048,2048,0,594,0,0,1,1,16444989802691247247
v16e_design_calibration_not_fresh_evidence,v16c,3109,51091,exposure_matched_local,1155157094,compact_64_16_4,64,shuffled_clock,13,2048,2457,64,0,608,484,0.24745624745624745,0.803011803011803,32.0,0.20389620083337923,0.0244140625,64,1,1.0,9.5,2048,2048,0,608,0,0,1,1,13292700627368520595
v16e_design_calibration_not_fresh_evidence,v16c,3109,51091,exposure_matched_local,1155157094,compact_64_16_4,64,shuffled_clock,14,2048,2457,64,0,584,464,0.23768823768823769,0.8111518111518111,32.0,0.25117531267704774,0.02783203125,64,1,1.0,9.125,2048,2048,0,584,0,0,1,1,3534482084510517531
v16e_design_calibration_not_fresh_evidence,v16c,3109,51091,exposure_matched_local,1155157094,compact_64_16_4,64,shuffled_clock,15,2048,2457,64,0,611,472,0.24867724867724866,0.807895807895808,32.0,0.19583016714765722,0.02392578125,64,1,1.0,9.546875,2048,2048,0,611,0,0,1,1,17281942395257308615
v16e_design_calibration_not_fresh_evidence,v16c,3109,51091,exposure_matched_local,1155157094,compact_64_16_4,16,clock,-1,2048,2457,16,0,91,1315,0.037037037037037035,0.4647944647944648,128.0,0.5791095220609541,0.1337890625,16,1,1.0,5.6875,2048,2048,0,91,0,0,1,1,
v16e_design_calibration_not_fresh_evidence,v16c,3109,51091,exposure_matched_local,1155157094,compact_64_16_4,16,event_count,-1,2048,2457,16,0,103,1194,0.04192104192104192,0.514041514041514,128.0,0.0,0.0625,16,1,1.0,6.4375,2048,2048,0,103,0,0,1,1,
v16e_design_calibration_not_fresh_evidence,v16c,3109,51091,exposure_matched_local,1155157094,compact_64_16_4,16,shuffled_clock,0,2048,2457,16,0,98,1216,0.039886039886039885,0.5050875050875051,128.0,0.09799420688659781,0.072265625,16,1,1.0,6.125,2048,2048,0,98,0,0,1,1,5193624052169840244
v16e_design_calibration_not_fresh_evidence,v16c,3109,51091,exposure_matched_local,1155157094,compact_64_16_4,16,shuffled_clock,1,2048,2457,16,0,101,1200,0.04110704110704111,0.5115995115995116,128.0,0.13172038724763402,0.07177734375,16,1,1.0,6.3125,2048,2048,0,101,0,0,1,1,6230283857630387653
v16e_design_calibration_not_fresh_evidence,v16c,3109,51091,exposure_matched_local,1155157094,compact_64_16_4,16,shuffled_clock,2,2048,2457,16,0,103,1190,0.04192104192104192,0.5156695156695157,128.0,0.106318911476275,0.07421875,16,1,1.0,6.4375,2048,2048,0,103,0,0,1,1,14694958615267030700
v16e_design_calibration_not_fresh_evidence,v16c,3109,51091,exposure_matched_local,1155157094,compact_64_16_4,16,shuffled_clock,3,2048,2457,16,0,101,1196,0.04110704110704111,0.5132275132275133,128.0,0.11779357164477751,0.076171875,16,1,1.0,6.3125,2048,2048,0,101,0,0,1,1,17573300780374111118
v16e_design_calibration_not_fresh_evidence,v16c,3109,51091,exposure_matched_local,1155157094,compact_64_16_4,16,shuffled_clock,4,2048,2457,16,0,98,1219,0.039886039886039885,0.5038665038665039,128.0,0.11267347735824966,0.08056640625,16,1,1.0,6.125,2048,2048,0,98,0,0,1,1,57992380426524325
v16e_design_calibration_not_fresh_evidence,v16c,3109,51091,exposure_matched_local,1155157094,compact_64_16_4,16,shuffled_clock,5,2048,2457,16,0,106,1203,0.04314204314204314,0.5103785103785103,128.0,0.18935712236846722,0.083984375,16,1,1.0,6.625,2048,2048,0,106,0,0,1,1,15240042027025475080
v16e_design_calibration_not_fresh_evidence,v16c,3109,51091,exposure_matched_local,1155157094,compact_64_16_4,16,shuffled_clock,6,2048,2457,16,0,101,1223,0.04110704110704111,0.5022385022385022,128.0,0.1385260016206344,0.0810546875,16,1,1.0,6.3125,2048,2048,0,101,0,0,1,1,4236225135368946976
v16e_design_calibration_not_fresh_evidence,v16c,3109,51091,exposure_matched_local,1155157094,compact_64_16_4,16,shuffled_clock,7,2048,2457,16,0,98,1209,0.039886039886039885,0.5079365079365079,128.0,0.10539638721275033,0.07666015625,16,1,1.0,6.125,2048,2048,0,98,0,0,1,1,696269693031491709
v16e_design_calibration_not_fresh_evidence,v16c,3109,51091,exposure_matched_local,1155157094,compact_64_16_4,16,shuffled_clock,8,2048,2457,16,0,104,1194,0.042328042328042326,0.514041514041514,128.0,0.10146229030613624,0.07421875,16,1,1.0,6.5,2048,2048,0,104,0,0,1,1,474000481412763262
v16e_design_calibration_not_fresh_evidence,v16c,3109,51091,exposure_matched_local,1155157094,compact_64_16_4,16,shuffled_clock,9,2048,2457,16,0,95,1192,0.03866503866503866,0.5148555148555148,128.0,0.09915003361908994,0.0712890625,16,1,1.0,5.9375,2048,2048,0,95,0,0,1,1,9615449573693973050
v16e_design_calibration_not_fresh_evidence,v16c,3109,51091,exposure_matched_local,1155157094,compact_64_16_4,16,shuffled_clock,10,2048,2457,16,0,100,1198,0.0407000407000407,0.5124135124135124,128.0,0.1188938273734175,0.07666015625,16,1,1.0,6.25,2048,2048,0,100,0,0,1,1,17962742198643822886
v16e_design_calibration_not_fresh_evidence,v16c,3109,51091,exposure_matched_local,1155157094,compact_64_16_4,16,shuffled_clock,11,2048,2457,16,0,97,1219,0.03947903947903948,0.5038665038665039,128.0,0.1459077191241094,0.0859375,16,1,1.0,6.0625,2048,2048,0,97,0,0,1,1,11511656958127774832
v16e_design_calibration_not_fresh_evidence,v16c,3109,51091,exposure_matched_local,1155157094,compact_64_16_4,16,shuffled_clock,12,2048,2457,16,0,103,1199,0.04192104192104192,0.512006512006512,128.0,0.11460700513057655,0.07177734375,16,1,1.0,6.4375,2048,2048,0,103,0,0,1,1,12499929329385961260
v16e_design_calibration_not_fresh_evidence,v16c,3109,51091,exposure_matched_local,1155157094,compact_64_16_4,16,shuffled_clock,13,2048,2457,16,0,99,1217,0.040293040293040296,0.5046805046805046,128.0,0.11926969613722786,0.0771484375,16,1,1.0,6.1875,2048,2048,0,99,0,0,1,1,11575906947085595781
v16e_design_calibration_not_fresh_evidence,v16c,3109,51091,exposure_matched_local,1155157094,compact_64_16_4,16,shuffled_clock,14,2048,2457,16,0,103,1195,0.04192104192104192,0.5136345136345136,128.0,0.09534237919641682,0.07373046875,16,1,1.0,6.4375,2048,2048,0,103,0,0,1,1,15892641623884327391
v16e_design_calibration_not_fresh_evidence,v16c,3109,51091,exposure_matched_local,1155157094,compact_64_16_4,16,shuffled_clock,15,2048,2457,16,0,102,1203,0.04151404151404151,0.5103785103785103,128.0,0.10562777363222231,0.06982421875,16,1,1.0,6.375,2048,2048,0,102,0,0,1,1,14756735704461543798
v16e_design_calibration_not_fresh_evidence,v16c,3109,51091,exposure_matched_local,1155157094,compact_64_16_4,4,clock,-1,2048,2457,4,0,6,2064,0.002442002442002442,0.15995115995115994,512.0,0.6114144391275839,0.45654296875,4,1,1.0,1.5,2048,2048,0,6,0,0,1,1,
v16e_design_calibration_not_fresh_evidence,v16c,3109,51091,exposure_matched_local,1155157094,compact_64_16_4,4,event_count,-1,2048,2457,4,0,6,1951,0.002442002442002442,0.20594220594220594,512.0,0.0,0.25,4,1,1.0,1.5,2048,2048,0,6,0,0,1,1,
v16e_design_calibration_not_fresh_evidence,v16c,3109,51091,exposure_matched_local,1155157094,compact_64_16_4,4,shuffled_clock,0,2048,2457,4,0,6,1961,0.002442002442002442,0.20187220187220187,512.0,0.04878904686248749,0.2646484375,4,1,1.0,1.5,2048,2048,0,6,0,0,1,1,18342108861901359517
v16e_design_calibration_not_fresh_evidence,v16c,3109,51091,exposure_matched_local,1155157094,compact_64_16_4,4,shuffled_clock,1,2048,2457,4,0,6,1954,0.002442002442002442,0.20472120472120472,512.0,0.024026877717768146,0.2578125,4,1,1.0,1.5,2048,2048,0,6,0,0,1,1,16974634265404795034
v16e_design_calibration_not_fresh_evidence,v16c,3109,51091,exposure_matched_local,1155157094,compact_64_16_4,4,shuffled_clock,2,2048,2457,4,0,6,1959,0.002442002442002442,0.2026862026862027,512.0,0.04657565005864563,0.2587890625,4,1,1.0,1.5,2048,2048,0,6,0,0,1,1,10831480049954796235
v16e_design_calibration_not_fresh_evidence,v16c,3109,51091,exposure_matched_local,1155157094,compact_64_16_4,4,shuffled_clock,3,2048,2457,4,0,6,1965,0.002442002442002442,0.20024420024420025,512.0,0.08909047897508698,0.27490234375,4,1,1.0,1.5,2048,2048,0,6,0,0,1,1,6555946883140455417
v16e_design_calibration_not_fresh_evidence,v16c,3109,51091,exposure_matched_local,1155157094,compact_64_16_4,4,shuffled_clock,4,2048,2457,4,0,6,1954,0.002442002442002442,0.20472120472120472,512.0,0.014528589586211848,0.25244140625,4,1,1.0,1.5,2048,2048,0,6,0,0,1,1,16262559383108202133
v16e_design_calibration_not_fresh_evidence,v16c,3109,51091,exposure_matched_local,1155157094,compact_64_16_4,4,shuffled_clock,5,2048,2457,4,0,6,1965,0.002442002442002442,0.20024420024420025,512.0,0.03295325712198897,0.26123046875,4,1,1.0,1.5,2048,2048,0,6,0,0,1,1,7118993148109901669
v16e_design_calibration_not_fresh_evidence,v16c,3109,51091,exposure_matched_local,1155157094,compact_64_16_4,4,shuffled_clock,6,2048,2457,4,0,6,1976,0.002442002442002442,0.19576719576719576,512.0,0.07515514010788228,0.27197265625,4,1,1.0,1.5,2048,2048,0,6,0,0,1,1,14484325479182590866
v16e_design_calibration_not_fresh_evidence,v16c,3109,51091,exposure_matched_local,1155157094,compact_64_16_4,4,shuffled_clock,7,2048,2457,4,0,6,1966,0.002442002442002442,0.19983719983719983,512.0,0.05199373804193075,0.26318359375,4,1,1.0,1.5,2048,2048,0,6,0,0,1,1,7332826531767137244
v16e_design_calibration_not_fresh_evidence,v16c,3109,51091,exposure_matched_local,1155157094,compact_64_16_4,4,shuffled_clock,8,2048,2457,4,0,6,1952,0.002442002442002442,0.20553520553520555,512.0,0.038637005533744245,0.259765625,4,1,1.0,1.5,2048,2048,0,6,0,0,1,1,5405095572856265890
v16e_design_calibration_not_fresh_evidence,v16c,3109,51091,exposure_matched_local,1155157094,compact_64_16_4,4,shuffled_clock,9,2048,2457,4,0,6,1953,0.002442002442002442,0.20512820512820512,512.0,0.0316542858883938,0.25732421875,4,1,1.0,1.5,2048,2048,0,6,0,0,1,1,10010536977581516941
v16e_design_calibration_not_fresh_evidence,v16c,3109,51091,exposure_matched_local,1155157094,compact_64_16_4,4,shuffled_clock,10,2048,2457,4,0,6,1950,0.002442002442002442,0.20634920634920634,512.0,0.06112168345850827,0.2685546875,4,1,1.0,1.5,2048,2048,0,6,0,0,1,1,11792055723932600494
v16e_design_calibration_not_fresh_evidence,v16c,3109,51091,exposure_matched_local,1155157094,compact_64_16_4,4,shuffled_clock,11,2048,2457,4,0,6,1956,0.002442002442002442,0.2039072039072039,512.0,0.057542655713500916,0.26025390625,4,1,1.0,1.5,2048,2048,0,6,0,0,1,1,9335718003345062753
v16e_design_calibration_not_fresh_evidence,v16c,3109,51091,exposure_matched_local,1155157094,compact_64_16_4,4,shuffled_clock,12,2048,2457,4,0,6,1958,0.002442002442002442,0.20309320309320308,512.0,0.04744124141207468,0.26318359375,4,1,1.0,1.5,2048,2048,0,6,0,0,1,1,9112243569691332441
v16e_design_calibration_not_fresh_evidence,v16c,3109,51091,exposure_matched_local,1155157094,compact_64_16_4,4,shuffled_clock,13,2048,2457,4,0,6,1958,0.002442002442002442,0.20309320309320308,512.0,0.04043802123247275,0.25830078125,4,1,1.0,1.5,2048,2048,0,6,0,0,1,1,18170380257224372078
v16e_design_calibration_not_fresh_evidence,v16c,3109,51091,exposure_matched_local,1155157094,compact_64_16_4,4,shuffled_clock,14,2048,2457,4,0,6,1957,0.002442002442002442,0.2035002035002035,512.0,0.06436428536439094,0.2685546875,4,1,1.0,1.5,2048,2048,0,6,0,0,1,1,1178927701543457502
v16e_design_calibration_not_fresh_evidence,v16c,3109,51091,exposure_matched_local,1155157094,compact_64_16_4,4,shuffled_clock,15,2048,2457,4,0,6,1970,0.002442002442002442,0.19820919820919822,512.0,0.0266370736269255,0.25732421875,4,1,1.0,1.5,2048,2048,0,6,0,0,1,1,12436429565027479158
v16e_design_calibration_not_fresh_evidence,v16c,3203,51017,current_global,1056097020,wide_128_32_8,128,clock,-1,2048,2329,128,0,850,365,0.36496350364963503,0.8432803778445684,16.0,0.6666717929592935,0.0244140625,123,3,0.9984005905511811,6.640625,2048,2048,0,850,0,0,1,1,
v16e_design_calibration_not_fresh_evidence,v16c,3203,51017,current_global,1056097020,wide_128_32_8,128,event_count,-1,2048,2329,128,0,1044,316,0.44826105624731644,0.8643194504079004,16.0,0.0,0.0078125,126,2,0.999753937007874,8.15625,2048,2048,0,1044,0,0,1,1,
v16e_design_calibration_not_fresh_evidence,v16c,3203,51017,current_global,1056097020,wide_128_32_8,128,shuffled_clock,0,2048,2329,128,0,994,339,0.42679261485616143,0.8544439673679691,16.0,0.3394392376596909,0.01513671875,122,2,0.999138779527559,7.765625,2048,2048,0,994,0,0,1,1,8313637358523403245
v16e_design_calibration_not_fresh_evidence,v16c,3203,51017,current_global,1056097020,wide_128_32_8,128,shuffled_clock,1,2048,2329,128,0,1025,350,0.44010304851867754,0.849720910261915,16.0,0.2968005242264615,0.01416015625,124,2,0.999138779527559,8.0078125,2048,2048,0,1025,0,0,1,1,15298811845448138043
v16e_design_calibration_not_fresh_evidence,v16c,3203,51017,current_global,1056097020,wide_128_32_8,128,shuffled_clock,2,2048,2329,128,0,1024,335,0.43967367969085447,0.8561614426792615,16.0,0.30457470024855327,0.01611328125,125,2,0.999630905511811,8.0,2048,2048,0,1024,0,0,1,1,10880426593131230640
v16e_design_calibration_not_fresh_evidence,v16c,3203,51017,current_global,1056097020,wide_128_32_8,128,shuffled_clock,3,2048,2329,128,0,999,326,0.42893945899527697,0.8600257621296694,16.0,0.32338331999895004,0.01416015625,121,2,0.999138779527559,7.8046875,2048,2048,0,999,0,0,1,1,1829539752831644888
v16e_design_calibration_not_fresh_evidence,v16c,3203,51017,current_global,1056097020,wide_128_32_8,128,shuffled_clock,4,2048,2329,128,0,1003,328,0.4306569343065693,0.8591670244740232,16.0,0.3294142976975332,0.015625,124,2,0.999507874015748,7.8359375,2048,2048,0,1003,0,0,1,1,2319025671190081870
v16e_design_calibration_not_fresh_evidence,v16c,3203,51017,current_global,1056097020,wide_128_32_8,128,shuffled_clock,5,2048,2329,128,0,994,353,0.42679261485616143,0.8484328037784457,16.0,0.32857288049270833,0.01513671875,121,2,0.9988927165354331,7.765625,2048,2048,0,994,0,0,1,1,8760347794729257582
v16e_design_calibration_not_fresh_evidence,v16c,3203,51017,current_global,1056097020,wide_128_32_8,128,shuffled_clock,6,2048,2329,128,0,999,340,0.42893945899527697,0.8540145985401459,16.0,0.30578413465690796,0.013671875,122,2,0.9986466535433071,7.8046875,2048,2048,0,999,0,0,1,1,4250889665818833381
v16e_design_calibration_not_fresh_evidence,v16c,3203,51017,current_global,1056097020,wide_128_32_8,128,shuffled_clock,7,2048,2329,128,0,1011,330,0.4340918849291541,0.858308286818377,16.0,0.31868871959954903,0.0166015625,121,2,0.9988927165354331,7.8984375,2048,2048,0,1011,0,0,1,1,3315988901153624884
v16e_design_calibration_not_fresh_evidence,v16c,3203,51017,current_global,1056097020,wide_128_32_8,128,shuffled_clock,8,2048,2329,128,0,999,346,0.42893945899527697,0.8514383855732074,16.0,0.3291340643012579,0.01318359375,117,2,0.9974163385826772,7.8046875,2048,2048,0,999,0,0,1,1,1089768336686234797
v16e_design_calibration_not_fresh_evidence,v16c,3203,51017,current_global,1056097020,wide_128_32_8,128,shuffled_clock,9,2048,2329,128,0,1021,338,0.43838557320738514,0.8548733361957922,16.0,0.29482495140083365,0.0146484375,123,2,0.999138779527559,7.9765625,2048,2048,0,1021,0,0,1,1,6547164288915670660
v16e_design_calibration_not_fresh_evidence,v16c,3203,51017,current_global,1056097020,wide_128_32_8,128,shuffled_clock,10,2048,2329,128,0,1012,347,0.43452125375697725,0.8510090167453843,16.0,0.29586637093258655,0.015625,117,2,0.9979084645669292,7.90625,2048,2048,0,1012,0,0,1,1,5892514256905773967
v16e_design_calibration_not_fresh_evidence,v16c,3203,51017,current_global,1056097020,wide_128_32_8,128,shuffled_clock,11,2048,2329,128,0,997,339,0.42808072133963077,0.8544439673679691,16.0,0.29252077791468256,0.015625,122,2,0.9990157480314961,7.7890625,2048,2048,0,997,0,0,1,1,4503722204442961762
v16e_design_calibration_not_fresh_evidence,v16c,3203,51017,current_global,1056097020,wide_128_32_8,128,shuffled_clock,12,2048,2329,128,0,1010,347,0.43366251610133105,0.8510090167453843,16.0,0.33889511884180795,0.01611328125,120,2,0.9976624015748031,7.890625,2048,2048,0,1010,0,0,1,1,9525649690244582792
v16e_design_calibration_not_fresh_evidence,v16c,3203,51017,current_global,1056097020,wide_128_32_8,128,shuffled_clock,13,2048,2329,128,0,998,333,0.42851009016745384,0.8570201803349077,16.0,0.3404345301101793,0.015625,119,2,0.9980314960629921,7.796875,2048,2048,0,998,0,0,1,1,6881972859739774484
v16e_design_calibration_not_fresh_evidence,v16c,3203,51017,current_global,1056097020,wide_128_32_8,128,shuffled_clock,14,2048,2329,128,0,1006,355,0.43194504079003865,0.8475740661227995,16.0,0.34124670111756694,0.0146484375,116,3,0.9975393700787402,7.859375,2048,2048,0,1006,0,0,1,1,1929777424467790275
v16e_design_calibration_not_fresh_evidence,v16c,3203,51017,current_global,1056097020,wide_128_32_8,128,shuffled_clock,15,2048,2329,128,0,999,343,0.42893945899527697,0.8527264920566767,16.0,0.3147067751585731,0.013671875,120,2,0.9984005905511811,7.8046875,2048,2048,0,999,0,0,1,1,8012006116516580876
v16e_design_calibration_not_fresh_evidence,v16c,3203,51017,current_global,1056097020,wide_128_32_8,32,clock,-1,2048,2329,32,0,178,1017,0.07642765135251181,0.5633319021039073,64.0,0.6386241866814286,0.07958984375,32,1,1.0,5.5625,2048,2048,0,178,0,0,1,1,
v16e_design_calibration_not_fresh_evidence,v16c,3203,51017,current_global,1056097020,wide_128_32_8,32,event_count,-1,2048,2329,32,0,202,917,0.08673250322026621,0.6062687848862173,64.0,0.0,0.03125,32,1,1.0,6.3125,2048,2048,0,202,0,0,1,1,
v16e_design_calibration_not_fresh_evidence,v16c,3203,51017,current_global,1056097020,wide_128_32_8,32,shuffled_clock,0,2048,2329,32,0,199,912,0.08544439673679691,0.6084156290253327,64.0,0.14849717603484108,0.04150390625,32,1,1.0,6.21875,2048,2048,0,199,0,0,1,1,2324348814637786024
v16e_design_calibration_not_fresh_evidence,v16c,3203,51017,current_global,1056097020,wide_128_32_8,32,shuffled_clock,1,2048,2329,32,0,204,921,0.08759124087591241,0.6045513095749249,64.0,0.18775184699061445,0.04296875,32,1,1.0,6.375,2048,2048,0,204,0,0,1,1,6636912762201692870
v16e_design_calibration_not_fresh_evidence,v16c,3203,51017,current_global,1056097020,wide_128_32_8,32,shuffled_clock,2,2048,2329,32,0,204,917,0.08759124087591241,0.6062687848862173,64.0,0.15437381643793388,0.04052734375,32,1,1.0,6.375,2048,2048,0,204,0,0,1,1,14794450912558386316
v16e_design_calibration_not_fresh_evidence,v16c,3203,51017,current_global,1056097020,wide_128_32_8,32,shuffled_clock,3,2048,2329,32,0,198,900,0.0850150279089738,0.61356805495921,64.0,0.13656205017642015,0.0419921875,32,1,1.0,6.1875,2048,2048,0,198,0,0,1,1,15280725532457928712
v16e_design_calibration_not_fresh_evidence,v16c,3203,51017,current_global,1056097020,wide_128_32_8,32,shuffled_clock,4,2048,2329,32,0,199,911,0.08544439673679691,0.6088449978531558,64.0,0.1187314289383478,0.04052734375,32,1,1.0,6.21875,2048,2048,0,199,0,0,1,1,17073967790585171804
v16e_design_calibration_not_fresh_evidence,v16c,3203,51017,current_global,1056097020,wide_128_32_8,32,shuffled_clock,5,2048,2329,32,0,210,907,0.090167453842851,0.6105624731644482,64.0,0.16469133519131107,0.0400390625,32,1,1.0,6.5625,2048,2048,0,210,0,0,1,1,2422422519209235705
v16e_design_calibration_not_fresh_evidence,v16c,3203,51017,current_global,1056097020,wide_128_32_8,32,shuffled_clock,6,2048,2329,32,0,208,899,0.0893087161872048,0.613997423787033,64.0,0.14059699541941764,0.0400390625,32,1,1.0,6.5,2048,2048,0,208,0,0,1,1,2921904758316874129
v16e_design_calibration_not_fresh_evidence,v16c,3203,51017,current_global,1056097020,wide_128_32_8,32,shuffled_clock,7,2048,2329,32,0,203,922,0.08716187204808931,0.6041219407471018,64.0,0.16271891271899408,0.044921875,32,1,1.0,6.34375,2048,2048,0,203,0,0,1,1,12730375046666175700
v16e_design_calibration_not_fresh_evidence,v16c,3203,51017,current_global,1056097020,wide_128_32_8,32,shuffled_clock,8,2048,2329,32,0,200,894,0.08587376556462001,0.6161442679261485,64.0,0.13833826223567758,0.0400390625,32,1,1.0,6.25,2048,2048,0,200,0,0,1,1,16474931647572399870
v16e_design_calibration_not_fresh_evidence,v16c,3203,51017,current_global,1056097020,wide_128_32_8,32,shuffled_clock,9,2048,2329,32,0,209,904,0.0897380850150279,0.6118505796479176,64.0,0.1461450202212989,0.04345703125,32,1,1.0,6.53125,2048,2048,0,209,0,0,1,1,8584630596450000896
v16e_design_calibration_not_fresh_evidence,v16c,3203,51017,current_global,1056097020,wide_128_32_8,32,shuffled_clock,10,2048,2329,32,0,196,916,0.0841562902533276,0.6066981537140403,64.0,0.18152440296270841,0.04443359375,32,1,1.0,6.125,2048,2048,0,196,0,0,1,1,4550639409108085246
v16e_design_calibration_not_fresh_evidence,v16c,3203,51017,current_global,1056097020,wide_128_32_8,32,shuffled_clock,11,2048,2329,32,0,212,898,0.09102619149849721,0.6144267926148561,64.0,0.16507345017177324,0.041015625,32,1,1.0,6.625,2048,2048,0,212,0,0,1,1,7875847111684554270
v16e_design_calibration_not_fresh_evidence,v16c,3203,51017,current_global,1056097020,wide_128_32_8,32,shuffled_clock,12,2048,2329,32,0,201,921,0.08630313439244311,0.6045513095749249,64.0,0.16687654795705872,0.03857421875,32,1,1.0,6.28125,2048,2048,0,201,0,0,1,1,10743040854143983053
v16e_design_calibration_not_fresh_evidence,v16c,3203,51017,current_global,1056097020,wide_128_32_8,32,shuffled_clock,13,2048,2329,32,0,207,915,0.0888793473593817,0.6071275225418634,64.0,0.14870916354609975,0.0439453125,32,1,1.0,6.46875,2048,2048,0,207,0,0,1,1,8025019011423590788
v16e_design_calibration_not_fresh_evidence,v16c,3203,51017,current_global,1056097020,wide_128_32_8,32,shuffled_clock,14,2048,2329,32,0,206,914,0.08844997853155862,0.6075568913696866,64.0,0.20503521776561592,0.0419921875,32,1,1.0,6.4375,2048,2048,0,206,0,0,1,1,14289697400416454264
v16e_design_calibration_not_fresh_evidence,v16c,3203,51017,current_global,1056097020,wide_128_32_8,32,shuffled_clock,15,2048,2329,32,0,205,925,0.08802060970373551,0.6028338342636325,64.0,0.18808711841299294,0.04248046875,32,1,1.0,6.40625,2048,2048,0,205,0,0,1,1,1961306838240309963
v16e_design_calibration_not_fresh_evidence,v16c,3203,51017,current_global,1056097020,wide_128_32_8,8,clock,-1,2048,2329,8,0,26,1837,0.0111635895234006,0.2112494632889652,256.0,0.6567878854324986,0.275390625,8,1,1.0,3.25,2048,2048,0,26,0,0,1,1,
v16e_design_calibration_not_fresh_evidence,v16c,3203,51017,current_global,1056097020,wide_128_32_8,8,event_count,-1,2048,2329,8,0,28,1707,0.012022327179046801,0.26706741090596825,256.0,0.0,0.125,8,1,1.0,3.5,2048,2048,0,28,0,0,1,1,
v16e_design_calibration_not_fresh_evidence,v16c,3203,51017,current_global,1056097020,wide_128_32_8,8,shuffled_clock,0,2048,2329,8,0,28,1714,0.012022327179046801,0.2640618291112065,256.0,0.0859882155547242,0.13720703125,8,1,1.0,3.5,2048,2048,0,28,0,0,1,1,1723527522137101789
v16e_design_calibration_not_fresh_evidence,v16c,3203,51017,current_global,1056097020,wide_128_32_8,8,shuffled_clock,1,2048,2329,8,0,28,1705,0.012022327179046801,0.26792614856161445,256.0,0.10425266167593927,0.14453125,8,1,1.0,3.5,2048,2048,0,28,0,0,1,1,8249473740655118912
v16e_design_calibration_not_fresh_evidence,v16c,3203,51017,current_global,1056097020,wide_128_32_8,8,shuffled_clock,2,2048,2329,8,0,28,1717,0.012022327179046801,0.26277372262773724,256.0,0.07820866056296816,0.140625,8,1,1.0,3.5,2048,2048,0,28,0,0,1,1,15931697400858062772
v16e_design_calibration_not_fresh_evidence,v16c,3203,51017,current_global,1056097020,wide_128_32_8,8,shuffled_clock,3,2048,2329,8,0,28,1706,0.012022327179046801,0.2674967797337913,256.0,0.08537764062011284,0.140625,8,1,1.0,3.5,2048,2048,0,28,0,0,1,1,10537463459976116764
v16e_design_calibration_not_fresh_evidence,v16c,3203,51017,current_global,1056097020,wide_128_32_8,8,shuffled_clock,4,2048,2329,8,0,28,1708,0.012022327179046801,0.2666380420781451,256.0,0.06645547020441045,0.1357421875,8,1,1.0,3.5,2048,2048,0,28,0,0,1,1,13940206228527624275
v16e_design_calibration_not_fresh_evidence,v16c,3203,51017,current_global,1056097020,wide_128_32_8,8,shuffled_clock,5,2048,2329,8,0,28,1713,0.012022327179046801,0.26449119793902964,256.0,0.10738382036988693,0.14990234375,8,1,1.0,3.5,2048,2048,0,28,0,0,1,1,11834429579601568002
v16e_design_calibration_not_fresh_evidence,v16c,3203,51017,current_global,1056097020,wide_128_32_8,8,shuffled_clock,6,2048,2329,8,0,28,1718,0.012022327179046801,0.2623443537999141,256.0,0.08757072237575018,0.14111328125,8,1,1.0,3.5,2048,2048,0,28,0,0,1,1,1619489929110425187
v16e_design_calibration_not_fresh_evidence,v16c,3203,51017,current_global,1056097020,wide_128_32_8,8,shuffled_clock,7,2048,2329,8,0,28,1698,0.012022327179046801,0.27093173035637613,256.0,0.03793001220528221,0.13134765625,8,1,1.0,3.5,2048,2048,0,28,0,0,1,1,1730109507864167919
v16e_design_calibration_not_fresh_evidence,v16c,3203,51017,current_global,1056097020,wide_128_32_8,8,shuffled_clock,8,2048,2329,8,0,28,1697,0.012022327179046801,0.2713610991841992,256.0,0.07074519639169857,0.1357421875,8,1,1.0,3.5,2048,2048,0,28,0,0,1,1,18052741244046163501
v16e_design_calibration_not_fresh_evidence,v16c,3203,51017,current_global,1056097020,wide_128_32_8,8,shuffled_clock,9,2048,2329,8,0,28,1706,0.012022327179046801,0.2674967797337913,256.0,0.08409137183423925,0.138671875,8,1,1.0,3.5,2048,2048,0,28,0,0,1,1,4937836012325054914
v16e_design_calibration_not_fresh_evidence,v16c,3203,51017,current_global,1056097020,wide_128_32_8,8,shuffled_clock,10,2048,2329,8,0,28,1716,0.012022327179046801,0.2632030914555603,256.0,0.07666037839765356,0.1337890625,8,1,1.0,3.5,2048,2048,0,28,0,0,1,1,8075027582590990537
v16e_design_calibration_not_fresh_evidence,v16c,3203,51017,current_global,1056097020,wide_128_32_8,8,shuffled_clock,11,2048,2329,8,0,28,1714,0.012022327179046801,0.2640618291112065,256.0,0.0659946540550012,0.13232421875,8,1,1.0,3.5,2048,2048,0,28,0,0,1,1,11993835905263886392
v16e_design_calibration_not_fresh_evidence,v16c,3203,51017,current_global,1056097020,wide_128_32_8,8,shuffled_clock,12,2048,2329,8,0,28,1709,0.012022327179046801,0.26620867325032205,256.0,0.07257039378128954,0.13818359375,8,1,1.0,3.5,2048,2048,0,28,0,0,1,1,6730688967556324510
v16e_design_calibration_not_fresh_evidence,v16c,3203,51017,current_global,1056097020,wide_128_32_8,8,shuffled_clock,13,2048,2329,8,0,28,1703,0.012022327179046801,0.26878488621726065,256.0,0.07129766184680553,0.13720703125,8,1,1.0,3.5,2048,2048,0,28,0,0,1,1,8209082555666130242
v16e_design_calibration_not_fresh_evidence,v16c,3203,51017,current_global,1056097020,wide_128_32_8,8,shuffled_clock,14,2048,2329,8,0,28,1704,0.012022327179046801,0.2683555173894375,256.0,0.05771287265110668,0.1318359375,8,1,1.0,3.5,2048,2048,0,28,0,0,1,1,4335801534650963761
v16e_design_calibration_not_fresh_evidence,v16c,3203,51017,current_global,1056097020,wide_128_32_8,8,shuffled_clock,15,2048,2329,8,0,27,1713,0.011592958351223702,0.26449119793902964,256.0,0.08826495187734888,0.142578125,8,1,1.0,3.375,2048,2048,0,27,0,0,1,1,3511950766130508144
v16e_design_calibration_not_fresh_evidence,v16c,3203,51017,current_global,1056097020,compact_64_16_4,64,clock,-1,2048,2329,64,0,394,609,0.1691713181623014,0.7385143838557321,32.0,0.6450888566209371,0.0439453125,64,1,1.0,6.15625,2048,2048,0,394,0,0,1,1,
v16e_design_calibration_not_fresh_evidence,v16c,3203,51017,current_global,1056097020,compact_64_16_4,64,event_count,-1,2048,2329,64,0,482,568,0.20695577501073423,0.7561185057964792,32.0,0.0,0.015625,64,1,1.0,7.53125,2048,2048,0,482,0,0,1,1,
v16e_design_calibration_not_fresh_evidence,v16c,3203,51017,current_global,1056097020,compact_64_16_4,64,shuffled_clock,0,2048,2329,64,0,479,588,0.20566766852726492,0.7475311292400172,32.0,0.2479454265031108,0.02734375,64,1,1.0,7.484375,2048,2048,0,479,0,0,1,1,13570902057105400695
v16e_design_calibration_not_fresh_evidence,v16c,3203,51017,current_global,1056097020,compact_64_16_4,64,shuffled_clock,1,2048,2329,64,0,484,585,0.20781451266638043,0.7488192357234865,32.0,0.2066149368822524,0.021484375,64,1,1.0,7.5625,2048,2048,0,484,0,0,1,1,11919078470689860375
v16e_design_calibration_not_fresh_evidence,v16c,3203,51017,current_global,1056097020,compact_64_16_4,64,shuffled_clock,2,2048,2329,64,0,469,589,0.2013739802490339,0.7471017604121941,32.0,0.25314245236719224,0.02294921875,64,1,1.0,7.328125,2048,2048,0,469,0,0,1,1,13557774833674161876
v16e_design_calibration_not_fresh_evidence,v16c,3203,51017,current_global,1056097020,compact_64_16_4,64,shuffled_clock,3,2048,2329,64,0,479,579,0.20566766852726492,0.7513954486904251,32.0,0.2325241069598168,0.02880859375,64,1,1.0,7.484375,2048,2048,0,479,0,0,1,1,4712122426726556000
v16e_design_calibration_not_fresh_evidence,v16c,3203,51017,current_global,1056097020,compact_64_16_4,64,shuffled_clock,4,2048,2329,64,0,466,584,0.2000858737655646,0.7492486045513096,32.0,0.2342509592397903,0.02685546875,64,1,1.0,7.28125,2048,2048,0,466,0,0,1,1,11639800222280296793
v16e_design_calibration_not_fresh_evidence,v16c,3203,51017,current_global,1056097020,compact_64_16_4,64,shuffled_clock,5,2048,2329,64,0,481,576,0.20652640618291113,0.7526835551738944,32.0,0.2439750182371333,0.0234375,64,1,1.0,7.515625,2048,2048,0,481,0,0,1,1,15434652997466089406
v16e_design_calibration_not_fresh_evidence,v16c,3203,51017,current_global,1056097020,compact_64_16_4,64,shuffled_clock,6,2048,2329,64,0,476,550,0.20437956204379562,0.763847144697295,32.0,0.2175776407673931,0.02294921875,64,1,1.0,7.4375,2048,2048,0,476,0,0,1,1,10232337665113064541
v16e_design_calibration_not_fresh_evidence,v16c,3203,51017,current_global,1056097020,compact_64_16_4,64,shuffled_clock,7,2048,2329,64,0,482,591,0.20695577501073423,0.7462430227565479,32.0,0.2333227038395195,0.02294921875,64,1,1.0,7.53125,2048,2048,0,482,0,0,1,1,3740521314510149382
v16e_design_calibration_not_fresh_evidence,v16c,3203,51017,current_global,1056097020,compact_64_16_4,64,shuffled_clock,8,2048,2329,64,0,486,589,0.20867325032202663,0.7471017604121941,32.0,0.20892772350933625,0.0224609375,64,1,1.0,7.59375,2048,2048,0,486,0,0,1,1,16188525218499320248
v16e_design_calibration_not_fresh_evidence,v16c,3203,51017,current_global,1056097020,compact_64_16_4,64,shuffled_clock,9,2048,2329,64,0,462,569,0.19836839845427223,0.755689136968656,32.0,0.24956559480647791,0.02294921875,64,1,1.0,7.21875,2048,2048,0,462,0,0,1,1,17649695198232119810
v16e_design_calibration_not_fresh_evidence,v16c,3203,51017,current_global,1056097020,compact_64_16_4,64,shuffled_clock,10,2048,2329,64,0,468,566,0.2009446114212108,0.7569772434521254,32.0,0.1997487260821169,0.02294921875,64,1,1.0,7.3125,2048,2048,0,468,0,0,1,1,4094425593344984312
v16e_design_calibration_not_fresh_evidence,v16c,3203,51017,current_global,1056097020,compact_64_16_4,64,shuffled_clock,11,2048,2329,64,0,470,573,0.201803349076857,0.7539716616573636,32.0,0.2398096756921112,0.025390625,64,1,1.0,7.34375,2048,2048,0,470,0,0,1,1,13549459191991221796
v16e_design_calibration_not_fresh_evidence,v16c,3203,51017,current_global,1056097020,compact_64_16_4,64,shuffled_clock,12,2048,2329,64,0,481,571,0.20652640618291113,0.7548303993130099,32.0,0.23192335471081274,0.0234375,64,1,1.0,7.515625,2048,2048,0,481,0,0,1,1,16808243307687665839
v16e_design_calibration_not_fresh_evidence,v16c,3203,51017,current_global,1056097020,compact_64_16_4,64,shuffled_clock,13,2048,2329,64,0,466,590,0.2000858737655646,0.7466723915843709,32.0,0.27767235102510573,0.0244140625,64,1,1.0,7.28125,2048,2048,0,466,0,0,1,1,3728881486527514453
v16e_design_calibration_not_fresh_evidence,v16c,3203,51017,current_global,1056097020,compact_64_16_4,64,shuffled_clock,14,2048,2329,64,0,469,568,0.2013739802490339,0.7561185057964792,32.0,0.2250027557150469,0.02294921875,64,1,1.0,7.328125,2048,2048,0,469,0,0,1,1,13417913774441249231
v16e_design_calibration_not_fresh_evidence,v16c,3203,51017,current_global,1056097020,compact_64_16_4,64,shuffled_clock,15,2048,2329,64,0,479,601,0.20566766852726492,0.7419493344783169,32.0,0.2716334335501104,0.02880859375,63,2,0.9995039682539683,7.484375,2048,2048,0,479,0,0,1,1,11488110899916950986
v16e_design_calibration_not_fresh_evidence,v16c,3203,51017,current_global,1056097020,compact_64_16_4,16,clock,-1,2048,2329,16,0,79,1472,0.0339201373980249,0.3679690854443967,128.0,0.6391115252181474,0.1474609375,16,1,1.0,4.9375,2048,2048,0,79,0,0,1,1,
v16e_design_calibration_not_fresh_evidence,v16c,3203,51017,current_global,1056097020,compact_64_16_4,16,event_count,-1,2048,2329,16,0,83,1317,0.035637612709317305,0.43452125375697725,128.0,0.0,0.0625,16,1,1.0,5.1875,2048,2048,0,83,0,0,1,1,
v16e_design_calibration_not_fresh_evidence,v16c,3203,51017,current_global,1056097020,compact_64_16_4,16,shuffled_clock,0,2048,2329,16,0,87,1320,0.0373550880206097,0.4332331472735079,128.0,0.10033310406258411,0.07421875,16,1,1.0,5.4375,2048,2048,0,87,0,0,1,1,6191958331065678910
v16e_design_calibration_not_fresh_evidence,v16c,3203,51017,current_global,1056097020,compact_64_16_4,16,shuffled_clock,1,2048,2329,16,0,84,1330,0.036066981537140406,0.42893945899527697,128.0,0.1458519333376604,0.0859375,16,1,1.0,5.25,2048,2048,0,84,0,0,1,1,833921672153103144
v16e_design_calibration_not_fresh_evidence,v16c,3203,51017,current_global,1056097020,compact_64_16_4,16,shuffled_clock,2,2048,2329,16,0,80,1314,0.034349506225848,0.43580936024044653,128.0,0.10170262769056986,0.07421875,16,1,1.0,5.0,2048,2048,0,80,0,0,1,1,7199588923252347986
v16e_design_calibration_not_fresh_evidence,v16c,3203,51017,current_global,1056097020,compact_64_16_4,16,shuffled_clock,3,2048,2329,16,0,83,1313,0.035637612709317305,0.43623872906826966,128.0,0.12246784229271508,0.0830078125,16,1,1.0,5.1875,2048,2048,0,83,0,0,1,1,7071782528295005125
v16e_design_calibration_not_fresh_evidence,v16c,3203,51017,current_global,1056097020,compact_64_16_4,16,shuffled_clock,4,2048,2329,16,0,83,1324,0.035637612709317305,0.4315156719622155,128.0,0.11727427342914273,0.07421875,16,1,1.0,5.1875,2048,2048,0,83,0,0,1,1,9449286470974830417
v16e_design_calibration_not_fresh_evidence,v16c,3203,51017,current_global,1056097020,compact_64_16_4,16,shuffled_clock,5,2048,2329,16,0,80,1316,0.034349506225848,0.43495062258480033,128.0,0.07739239842086129,0.0693359375,16,1,1.0,5.0,2048,2048,0,80,0,0,1,1,8253209311238004700
v16e_design_calibration_not_fresh_evidence,v16c,3203,51017,current_global,1056097020,compact_64_16_4,16,shuffled_clock,6,2048,2329,16,0,84,1329,0.036066981537140406,0.42936882782310004,128.0,0.1607933213398492,0.08837890625,16,1,1.0,5.25,2048,2048,0,84,0,0,1,1,8530381824865956367
v16e_design_calibration_not_fresh_evidence,v16c,3203,51017,current_global,1056097020,compact_64_16_4,16,shuffled_clock,7,2048,2329,16,0,82,1332,0.035208243881494204,0.42808072133963077,128.0,0.14348934702037408,0.0791015625,16,1,1.0,5.125,2048,2048,0,82,0,0,1,1,3922341152368103699
v16e_design_calibration_not_fresh_evidence,v16c,3203,51017,current_global,1056097020,compact_64_16_4,16,shuffled_clock,8,2048,2329,16,0,84,1329,0.036066981537140406,0.42936882782310004,128.0,0.11755151796127518,0.080078125,16,1,1.0,5.25,2048,2048,0,84,0,0,1,1,13868711724390772436
v16e_design_calibration_not_fresh_evidence,v16c,3203,51017,current_global,1056097020,compact_64_16_4,16,shuffled_clock,9,2048,2329,16,0,87,1321,0.0373550880206097,0.43280377844568485,128.0,0.1041536450194295,0.07421875,16,1,1.0,5.4375,2048,2048,0,87,0,0,1,1,8783008294836736091
v16e_design_calibration_not_fresh_evidence,v16c,3203,51017,current_global,1056097020,compact_64_16_4,16,shuffled_clock,10,2048,2329,16,0,84,1317,0.036066981537140406,0.43452125375697725,128.0,0.11357272128831523,0.078125,16,1,1.0,5.25,2048,2048,0,84,0,0,1,1,12647711600812863957
v16e_design_calibration_not_fresh_evidence,v16c,3203,51017,current_global,1056097020,compact_64_16_4,16,shuffled_clock,11,2048,2329,16,0,90,1315,0.038643194504079006,0.43537999141262346,128.0,0.1290679226060191,0.0810546875,16,1,1.0,5.625,2048,2048,0,90,0,0,1,1,2367169556179485758
v16e_design_calibration_not_fresh_evidence,v16c,3203,51017,current_global,1056097020,compact_64_16_4,16,shuffled_clock,12,2048,2329,16,0,82,1323,0.035208243881494204,0.43194504079003865,128.0,0.12862579972216565,0.0791015625,16,1,1.0,5.125,2048,2048,0,82,0,0,1,1,17097178448432794132
v16e_design_calibration_not_fresh_evidence,v16c,3203,51017,current_global,1056097020,compact_64_16_4,16,shuffled_clock,13,2048,2329,16,0,82,1328,0.035208243881494204,0.42979819665092317,128.0,0.11485526444544601,0.072265625,16,1,1.0,5.125,2048,2048,0,82,0,0,1,1,16213241250391371400
v16e_design_calibration_not_fresh_evidence,v16c,3203,51017,current_global,1056097020,compact_64_16_4,16,shuffled_clock,14,2048,2329,16,0,87,1323,0.0373550880206097,0.43194504079003865,128.0,0.11510298830467725,0.0751953125,16,1,1.0,5.4375,2048,2048,0,87,0,0,1,1,8167732348499887261
v16e_design_calibration_not_fresh_evidence,v16c,3203,51017,current_global,1056097020,compact_64_16_4,16,shuffled_clock,15,2048,2329,16,0,85,1317,0.0364963503649635,0.43452125375697725,128.0,0.10376223572427494,0.0771484375,16,1,1.0,5.3125,2048,2048,0,85,0,0,1,1,4387278888831585194
v16e_design_calibration_not_fresh_evidence,v16c,3203,51017,current_global,1056097020,compact_64_16_4,4,clock,-1,2048,2329,4,0,6,2065,0.0025762129669386004,0.11335337054529841,512.0,0.6885035732733391,0.490234375,4,1,1.0,1.5,2048,2048,0,6,0,0,1,1,
v16e_design_calibration_not_fresh_evidence,v16c,3203,51017,current_global,1056097020,compact_64_16_4,4,event_count,-1,2048,2329,4,0,6,1997,0.0025762129669386004,0.14255045083726922,512.0,0.0,0.25,4,1,1.0,1.5,2048,2048,0,6,0,0,1,1,
v16e_design_calibration_not_fresh_evidence,v16c,3203,51017,current_global,1056097020,compact_64_16_4,4,shuffled_clock,0,2048,2329,4,0,6,1995,0.0025762129669386004,0.14340918849291542,512.0,0.010932848713376735,0.25390625,4,1,1.0,1.5,2048,2048,0,6,0,0,1,1,9378867227587368761
v16e_design_calibration_not_fresh_evidence,v16c,3203,51017,current_global,1056097020,compact_64_16_4,4,shuffled_clock,1,2048,2329,4,0,6,1990,0.0025762129669386004,0.1455560326320309,512.0,0.06538351526960307,0.26708984375,4,1,1.0,1.5,2048,2048,0,6,0,0,1,1,17367458969560969782
v16e_design_calibration_not_fresh_evidence,v16c,3203,51017,current_global,1056097020,compact_64_16_4,4,shuffled_clock,2,2048,2329,4,0,6,1998,0.0025762129669386004,0.14212108200944612,512.0,0.07461176097842809,0.265625,4,1,1.0,1.5,2048,2048,0,6,0,0,1,1,8869362427396223501
v16e_design_calibration_not_fresh_evidence,v16c,3203,51017,current_global,1056097020,compact_64_16_4,4,shuffled_clock,3,2048,2329,4,0,6,1989,0.0025762129669386004,0.145985401459854,512.0,0.027297207413068528,0.25830078125,4,1,1.0,1.5,2048,2048,0,6,0,0,1,1,6301140072108428203
v16e_design_calibration_not_fresh_evidence,v16c,3203,51017,current_global,1056097020,compact_64_16_4,4,shuffled_clock,4,2048,2329,4,0,6,1990,0.0025762129669386004,0.1455560326320309,512.0,0.04818588039052951,0.267578125,4,1,1.0,1.5,2048,2048,0,6,0,0,1,1,11183563433972143436
v16e_design_calibration_not_fresh_evidence,v16c,3203,51017,current_global,1056097020,compact_64_16_4,4,shuffled_clock,5,2048,2329,4,0,6,2000,0.0025762129669386004,0.14126234435379992,512.0,0.10049266255734586,0.2666015625,4,1,1.0,1.5,2048,2048,0,6,0,0,1,1,11320325818703674010
v16e_design_calibration_not_fresh_evidence,v16c,3203,51017,current_global,1056097020,compact_64_16_4,4,shuffled_clock,6,2048,2329,4,0,6,1997,0.0025762129669386004,0.14255045083726922,512.0,0.030799156699257476,0.2568359375,4,1,1.0,1.5,2048,2048,0,6,0,0,1,1,1699363419235698685
v16e_design_calibration_not_fresh_evidence,v16c,3203,51017,current_global,1056097020,compact_64_16_4,4,shuffled_clock,7,2048,2329,4,0,6,1995,0.0025762129669386004,0.14340918849291542,512.0,0.030425316264447715,0.2568359375,4,1,1.0,1.5,2048,2048,0,6,0,0,1,1,2319006499303475599
v16e_design_calibration_not_fresh_evidence,v16c,3203,51017,current_global,1056097020,compact_64_16_4,4,shuffled_clock,8,2048,2329,4,0,6,1992,0.0025762129669386004,0.14469729497638473,512.0,0.0647974546081705,0.267578125,4,1,1.0,1.5,2048,2048,0,6,0,0,1,1,10561139458326172586
v16e_design_calibration_not_fresh_evidence,v16c,3203,51017,current_global,1056097020,compact_64_16_4,4,shuffled_clock,9,2048,2329,4,0,6,1992,0.0025762129669386004,0.14469729497638473,512.0,0.09332858845593392,0.27685546875,4,1,1.0,1.5,2048,2048,0,6,0,0,1,1,17686652246400987262
v16e_design_calibration_not_fresh_evidence,v16c,3203,51017,current_global,1056097020,compact_64_16_4,4,shuffled_clock,10,2048,2329,4,0,6,1992,0.0025762129669386004,0.14469729497638473,512.0,0.04673916952030616,0.26611328125,4,1,1.0,1.5,2048,2048,0,6,0,0,1,1,10586045124913460185
v16e_design_calibration_not_fresh_evidence,v16c,3203,51017,current_global,1056097020,compact_64_16_4,4,shuffled_clock,11,2048,2329,4,0,6,1990,0.0025762129669386004,0.1455560326320309,512.0,0.07976788225258648,0.27294921875,4,1,1.0,1.5,2048,2048,0,6,0,0,1,1,12306996478125947123
v16e_design_calibration_not_fresh_evidence,v16c,3203,51017,current_global,1056097020,compact_64_16_4,4,shuffled_clock,12,2048,2329,4,0,6,1993,0.0025762129669386004,0.14426792614856163,512.0,0.05540360758175335,0.267578125,4,1,1.0,1.5,2048,2048,0,6,0,0,1,1,1628739336950632634
v16e_design_calibration_not_fresh_evidence,v16c,3203,51017,current_global,1056097020,compact_64_16_4,4,shuffled_clock,13,2048,2329,4,0,6,1994,0.0025762129669386004,0.14383855732073852,512.0,0.0228329139541018,0.25634765625,4,1,1.0,1.5,2048,2048,0,6,0,0,1,1,10058332927501653764
v16e_design_calibration_not_fresh_evidence,v16c,3203,51017,current_global,1056097020,compact_64_16_4,4,shuffled_clock,14,2048,2329,4,0,6,1989,0.0025762129669386004,0.145985401459854,512.0,0.06956708463291326,0.2734375,4,1,1.0,1.5,2048,2048,0,6,0,0,1,1,12132514807730401854
v16e_design_calibration_not_fresh_evidence,v16c,3203,51017,current_global,1056097020,compact_64_16_4,4,shuffled_clock,15,2048,2329,4,0,6,1999,0.0025762129669386004,0.14169171318162302,512.0,0.0859670877096045,0.27880859375,4,1,1.0,1.5,2048,2048,0,6,0,0,1,1,9164748699990454082
v16e_design_calibration_not_fresh_evidence,v16c,3203,51017,exposure_matched_local,1156097020,wide_128_32_8,128,clock,-1,2048,2334,128,0,961,286,0.4117395029991431,0.8774635818337618,16.0,0.6406505060219196,0.0205078125,119,2,0.9966781496062992,7.5078125,2048,2048,0,961,0,0,1,1,
v16e_design_calibration_not_fresh_evidence,v16c,3203,51017,exposure_matched_local,1156097020,wide_128_32_8,128,event_count,-1,2048,2334,128,0,1157,267,0.49571550985432733,0.8856041131105399,16.0,0.0,0.0078125,119,2,0.9986466535433071,9.0390625,2048,2048,0,1157,0,0,1,1,
v16e_design_calibration_not_fresh_evidence,v16c,3203,51017,exposure_matched_local,1156097020,wide_128_32_8,128,shuffled_clock,0,2048,2334,128,0,1113,282,0.4768637532133676,0.8791773778920309,16.0,0.32433305279274,0.0126953125,117,3,0.9976624015748031,8.6953125,2048,2048,0,1113,0,0,1,1,10745886963840569197
v16e_design_calibration_not_fresh_evidence,v16c,3203,51017,exposure_matched_local,1156097020,wide_128_32_8,128,shuffled_clock,1,2048,2334,128,0,1100,282,0.4712939160239931,0.8791773778920309,16.0,0.33616131415416955,0.01513671875,116,3,0.9974163385826772,8.59375,2048,2048,0,1100,0,0,1,1,2660780273881236443
v16e_design_calibration_not_fresh_evidence,v16c,3203,51017,exposure_matched_local,1156097020,wide_128_32_8,128,shuffled_clock,2,2048,2334,128,0,1123,296,0.4811482433590403,0.8731790916880892,16.0,0.3266953058044233,0.015625,116,3,0.9972933070866141,8.7734375,2048,2048,0,1123,0,0,1,1,1759686034687525259
v16e_design_calibration_not_fresh_evidence,v16c,3203,51017,exposure_matched_local,1156097020,wide_128_32_8,128,shuffled_clock,3,2048,2334,128,0,1115,291,0.4777206512425021,0.8753213367609255,16.0,0.3274476275969909,0.01513671875,123,2,0.9986466535433071,8.7109375,2048,2048,0,1115,0,0,1,1,6574213275546216592
v16e_design_calibration_not_fresh_evidence,v16c,3203,51017,exposure_matched_local,1156097020,wide_128_32_8,128,shuffled_clock,4,2048,2334,128,0,1114,265,0.4772922022279349,0.8864610111396743,16.0,0.3281982248628862,0.013671875,118,2,0.9980314960629921,8.703125,2048,2048,0,1114,0,0,1,1,1310751109582274620
v16e_design_calibration_not_fresh_evidence,v16c,3203,51017,exposure_matched_local,1156097020,wide_128_32_8,128,shuffled_clock,5,2048,2334,128,0,1102,277,0.4721508140531277,0.8813196229648672,16.0,0.33395815782984306,0.013671875,114,4,0.9956938976377953,8.609375,2048,2048,0,1102,0,0,1,1,7604357340805535164
v16e_design_calibration_not_fresh_evidence,v16c,3203,51017,exposure_matched_local,1156097020,wide_128_32_8,128,shuffled_clock,6,2048,2334,128,0,1114,275,0.4772922022279349,0.8821765209940017,16.0,0.28913647569063844,0.0146484375,117,3,0.9964320866141733,8.703125,2048,2048,0,1114,0,0,1,1,5220997461357459863
v16e_design_calibration_not_fresh_evidence,v16c,3203,51017,exposure_matched_local,1156097020,wide_128_32_8,128,shuffled_clock,7,2048,2334,128,0,1112,277,0.47643530419880037,0.8813196229648672,16.0,0.34456551438120936,0.013671875,119,2,0.9980314960629921,8.6875,2048,2048,0,1112,0,0,1,1,7424290081097382279
v16e_design_calibration_not_fresh_evidence,v16c,3203,51017,exposure_matched_local,1156097020,wide_128_32_8,128,shuffled_clock,8,2048,2334,128,0,1107,297,0.47429305912596403,0.8727506426735219,16.0,0.36001900102961537,0.0146484375,116,2,0.9970472440944882,8.6484375,2048,2048,0,1107,0,0,1,1,14679310740123402607
v16e_design_calibration_not_fresh_evidence,v16c,3203,51017,exposure_matched_local,1156097020,wide_128_32_8,128,shuffled_clock,9,2048,2334,128,0,1085,286,0.46486718080548417,0.8774635818337618,16.0,0.3667061837450391,0.01513671875,116,2,0.9959399606299213,8.4765625,2048,2048,0,1085,0,0,1,1,10841403499259938010
v16e_design_calibration_not_fresh_evidence,v16c,3203,51017,exposure_matched_local,1156097020,wide_128_32_8,128,shuffled_clock,10,2048,2334,128,0,1108,286,0.47472150814053127,0.8774635818337618,16.0,0.3620636118903944,0.015625,116,2,0.9964320866141733,8.65625,2048,2048,0,1108,0,0,1,1,5152119836770646099
v16e_design_calibration_not_fresh_evidence,v16c,3203,51017,exposure_matched_local,1156097020,wide_128_32_8,128,shuffled_clock,11,2048,2334,128,0,1068,278,0.45758354755784064,0.8808911739502999,16.0,0.3615535431536097,0.01611328125,114,2,0.9960629921259843,8.34375,2048,2048,0,1068,0,0,1,1,17325743028837830123
v16e_design_calibration_not_fresh_evidence,v16c,3203,51017,exposure_matched_local,1156097020,wide_128_32_8,128,shuffled_clock,12,2048,2334,128,0,1097,273,0.47000856898029136,0.8830334190231363,16.0,0.3593348787942944,0.01513671875,122,3,0.9984005905511811,8.5703125,2048,2048,0,1097,0,0,1,1,3537875303357896590
v16e_design_calibration_not_fresh_evidence,v16c,3203,51017,exposure_matched_local,1156097020,wide_128_32_8,128,shuffled_clock,13,2048,2334,128,0,1109,292,0.47514995715509856,0.8748928877463582,16.0,0.3301604239030036,0.0146484375,116,4,0.9968011811023622,8.6640625,2048,2048,0,1109,0,0,1,1,8331316028352020641
v16e_design_calibration_not_fresh_evidence,v16c,3203,51017,exposure_matched_local,1156097020,wide_128_32_8,128,shuffled_clock,14,2048,2334,128,0,1091,288,0.46743787489288774,0.8766066838046273,16.0,0.37277885509125863,0.01611328125,117,3,0.9979084645669292,8.5234375,2048,2048,0,1091,0,0,1,1,12185087660432396258
v16e_design_calibration_not_fresh_evidence,v16c,3203,51017,exposure_matched_local,1156097020,wide_128_32_8,128,shuffled_clock,15,2048,2334,128,0,1109,290,0.47514995715509856,0.8757497857754927,16.0,0.3396204168760399,0.01416015625,117,3,0.9974163385826772,8.6640625,2048,2048,0,1109,0,0,1,1,2029126960808426408
v16e_design_calibration_not_fresh_evidence,v16c,3203,51017,exposure_matched_local,1156097020,wide_128_32_8,32,clock,-1,2048,2334,32,0,201,888,0.08611825192802057,0.6195372750642674,64.0,0.6145292257938907,0.0732421875,32,1,1.0,6.28125,2048,2048,0,201,0,0,1,1,
v16e_design_calibration_not_fresh_evidence,v16c,3203,51017,exposure_matched_local,1156097020,wide_128_32_8,32,event_count,-1,2048,2334,32,0,223,807,0.09554413024850043,0.6542416452442159,64.0,0.0,0.03125,32,1,1.0,6.96875,2048,2048,0,223,0,0,1,1,
v16e_design_calibration_not_fresh_evidence,v16c,3203,51017,exposure_matched_local,1156097020,wide_128_32_8,32,shuffled_clock,0,2048,2334,32,0,230,800,0.09854327335047129,0.6572407883461868,64.0,0.17947370696549253,0.04150390625,32,1,1.0,7.1875,2048,2048,0,230,0,0,1,1,1518805773148934000
v16e_design_calibration_not_fresh_evidence,v16c,3203,51017,exposure_matched_local,1156097020,wide_128_32_8,32,shuffled_clock,1,2048,2334,32,0,225,810,0.09640102827763496,0.6529562982005142,64.0,0.17235545018849105,0.04736328125,32,1,1.0,7.03125,2048,2048,0,225,0,0,1,1,2602024085809895573
v16e_design_calibration_not_fresh_evidence,v16c,3203,51017,exposure_matched_local,1156097020,wide_128_32_8,32,shuffled_clock,2,2048,2334,32,0,226,810,0.09682947729220223,0.6529562982005142,64.0,0.1730850003284793,0.0419921875,32,1,1.0,7.0625,2048,2048,0,226,0,0,1,1,6501893809778635420
v16e_design_calibration_not_fresh_evidence,v16c,3203,51017,exposure_matched_local,1156097020,wide_128_32_8,32,shuffled_clock,3,2048,2334,32,0,221,807,0.0946872322193659,0.6542416452442159,64.0,0.22380394465951955,0.048828125,32,1,1.0,6.90625,2048,2048,0,221,0,0,1,1,15706348458509451115
v16e_design_calibration_not_fresh_evidence,v16c,3203,51017,exposure_matched_local,1156097020,wide_128_32_8,32,shuffled_clock,4,2048,2334,32,0,227,807,0.0972579263067695,0.6542416452442159,64.0,0.1440280445641325,0.0390625,32,1,1.0,7.09375,2048,2048,0,227,0,0,1,1,11886602437666564660
v16e_design_calibration_not_fresh_evidence,v16c,3203,51017,exposure_matched_local,1156097020,wide_128_32_8,32,shuffled_clock,5,2048,2334,32,0,225,804,0.09640102827763496,0.6555269922879178,64.0,0.17748807320220775,0.048828125,32,1,1.0,7.03125,2048,2048,0,225,0,0,1,1,1638536477020263591
v16e_design_calibration_not_fresh_evidence,v16c,3203,51017,exposure_matched_local,1156097020,wide_128_32_8,32,shuffled_clock,6,2048,2334,32,0,230,809,0.09854327335047129,0.6533847472150814,64.0,0.1947117777929479,0.0439453125,32,1,1.0,7.1875,2048,2048,0,230,0,0,1,1,5579418016974246466
v16e_design_calibration_not_fresh_evidence,v16c,3203,51017,exposure_matched_local,1156097020,wide_128_32_8,32,shuffled_clock,7,2048,2334,32,0,220,784,0.09425878320479864,0.6640959725792631,64.0,0.16160189160702218,0.04052734375,32,1,1.0,6.875,2048,2048,0,220,0,0,1,1,2500533623851968210
v16e_design_calibration_not_fresh_evidence,v16c,3203,51017,exposure_matched_local,1156097020,wide_128_32_8,32,shuffled_clock,8,2048,2334,32,0,228,820,0.09768637532133675,0.6486718080548415,64.0,0.1556945773342486,0.0390625,32,1,1.0,7.125,2048,2048,0,228,0,0,1,1,1685351688757667491
v16e_design_calibration_not_fresh_evidence,v16c,3203,51017,exposure_matched_local,1156097020,wide_128_32_8,32,shuffled_clock,9,2048,2334,32,0,223,795,0.09554413024850043,0.6593830334190232,64.0,0.16682934768798924,0.0390625,32,1,1.0,6.96875,2048,2048,0,223,0,0,1,1,7054491300008932329
v16e_design_calibration_not_fresh_evidence,v16c,3203,51017,exposure_matched_local,1156097020,wide_128_32_8,32,shuffled_clock,10,2048,2334,32,0,219,807,0.09383033419023136,0.6542416452442159,64.0,0.1983186000785019,0.04248046875,32,1,1.0,6.84375,2048,2048,0,219,0,0,1,1,15096563895916689514
v16e_design_calibration_not_fresh_evidence,v16c,3203,51017,exposure_matched_local,1156097020,wide_128_32_8,32,shuffled_clock,11,2048,2334,32,0,220,808,0.09425878320479864,0.6538131962296486,64.0,0.1605261635794875,0.041015625,32,1,1.0,6.875,2048,2048,0,220,0,0,1,1,12739281718952421774
v16e_design_calibration_not_fresh_evidence,v16c,3203,51017,exposure_matched_local,1156097020,wide_128_32_8,32,shuffled_clock,12,2048,2334,32,0,225,804,0.09640102827763496,0.6555269922879178,64.0,0.17358478743086722,0.04248046875,32,1,1.0,7.03125,2048,2048,0,225,0,0,1,1,4792570090216213004
v16e_design_calibration_not_fresh_evidence,v16c,3203,51017,exposure_matched_local,1156097020,wide_128_32_8,32,shuffled_clock,13,2048,2334,32,0,226,795,0.09682947729220223,0.6593830334190232,64.0,0.14886795607777448,0.04443359375,32,1,1.0,7.0625,2048,2048,0,226,0,0,1,1,12023357556033897471
v16e_design_calibration_not_fresh_evidence,v16c,3203,51017,exposure_matched_local,1156097020,wide_128_32_8,32,shuffled_clock,14,2048,2334,32,0,231,800,0.09897172236503857,0.6572407883461868,64.0,0.16512115236903302,0.04150390625,32,1,1.0,7.21875,2048,2048,0,231,0,0,1,1,18408086191457001999
v16e_design_calibration_not_fresh_evidence,v16c,3203,51017,exposure_matched_local,1156097020,wide_128_32_8,32,shuffled_clock,15,2048,2334,32,0,227,841,0.0972579263067695,0.6396743787489289,64.0,0.13534556652891241,0.04296875,32,1,1.0,7.09375,2048,2048,0,227,0,0,1,1,15030131398661449450
v16e_design_calibration_not_fresh_evidence,v16c,3203,51017,exposure_matched_local,1156097020,wide_128_32_8,8,clock,-1,2048,2334,8,0,25,1752,0.010711225364181662,0.2493573264781491,256.0,0.6255403635040411,0.263671875,8,1,1.0,3.125,2048,2048,0,25,0,0,1,1,
v16e_design_calibration_not_fresh_evidence,v16c,3203,51017,exposure_matched_local,1156097020,wide_128_32_8,8,event_count,-1,2048,2334,8,0,27,1629,0.011568123393316195,0.30205655526992287,256.0,0.0,0.125,8,1,1.0,3.375,2048,2048,0,27,0,0,1,1,
v16e_design_calibration_not_fresh_evidence,v16c,3203,51017,exposure_matched_local,1156097020,wide_128_32_8,8,shuffled_clock,0,2048,2334,8,0,27,1618,0.011568123393316195,0.3067694944301628,256.0,0.0991734816585851,0.13916015625,8,1,1.0,3.375,2048,2048,0,27,0,0,1,1,7180078407564586683
v16e_design_calibration_not_fresh_evidence,v16c,3203,51017,exposure_matched_local,1156097020,wide_128_32_8,8,shuffled_clock,1,2048,2334,8,0,27,1626,0.011568123393316195,0.3033419023136247,256.0,0.06849078568109937,0.13232421875,8,1,1.0,3.375,2048,2048,0,27,0,0,1,1,5000248599928383301
v16e_design_calibration_not_fresh_evidence,v16c,3203,51017,exposure_matched_local,1156097020,wide_128_32_8,8,shuffled_clock,2,2048,2334,8,0,27,1624,0.011568123393316195,0.3041988003427592,256.0,0.04958674082929255,0.1357421875,8,1,1.0,3.375,2048,2048,0,27,0,0,1,1,11969022914165789806
v16e_design_calibration_not_fresh_evidence,v16c,3203,51017,exposure_matched_local,1156097020,wide_128_32_8,8,shuffled_clock,3,2048,2334,8,0,26,1626,0.011139674378748929,0.3033419023136247,256.0,0.09710783511450041,0.1474609375,8,1,1.0,3.25,2048,2048,0,26,0,0,1,1,16245667006150800071
v16e_design_calibration_not_fresh_evidence,v16c,3203,51017,exposure_matched_local,1156097020,wide_128_32_8,8,shuffled_clock,4,2048,2334,8,0,27,1626,0.011568123393316195,0.3033419023136247,256.0,0.12578228981380316,0.1513671875,8,1,1.0,3.375,2048,2048,0,27,0,0,1,1,2915583509462416712
v16e_design_calibration_not_fresh_evidence,v16c,3203,51017,exposure_matched_local,1156097020,wide_128_32_8,8,shuffled_clock,5,2048,2334,8,0,27,1627,0.011568123393316195,0.3029134532990574,256.0,0.07997257307475125,0.1455078125,8,1,1.0,3.375,2048,2048,0,27,0,0,1,1,16851201260980158975
v16e_design_calibration_not_fresh_evidence,v16c,3203,51017,exposure_matched_local,1156097020,wide_128_32_8,8,shuffled_clock,6,2048,2334,8,0,27,1627,0.011568123393316195,0.3029134532990574,256.0,0.08742124165958506,0.1396484375,8,1,1.0,3.375,2048,2048,0,27,0,0,1,1,8340541017318783122
v16e_design_calibration_not_fresh_evidence,v16c,3203,51017,exposure_matched_local,1156097020,wide_128_32_8,8,shuffled_clock,7,2048,2334,8,0,27,1628,0.011568123393316195,0.30248500428449016,256.0,0.07382118613461469,0.13525390625,8,1,1.0,3.375,2048,2048,0,27,0,0,1,1,2781629781119723554
v16e_design_calibration_not_fresh_evidence,v16c,3203,51017,exposure_matched_local,1156097020,wide_128_32_8,8,shuffled_clock,8,2048,2334,8,0,27,1626,0.011568123393316195,0.3033419023136247,256.0,0.12171320533400873,0.14013671875,8,1,1.0,3.375,2048,2048,0,27,0,0,1,1,3797235623425926644
v16e_design_calibration_not_fresh_evidence,v16c,3203,51017,exposure_matched_local,1156097020,wide_128_32_8,8,shuffled_clock,9,2048,2334,8,0,27,1630,0.011568123393316195,0.30162810625535563,256.0,0.06529733248352712,0.1396484375,8,1,1.0,3.375,2048,2048,0,27,0,0,1,1,8885832312088821149
v16e_design_calibration_not_fresh_evidence,v16c,3203,51017,exposure_matched_local,1156097020,wide_128_32_8,8,shuffled_clock,10,2048,2334,8,0,27,1621,0.011568123393316195,0.305484147386461,256.0,0.0672380934925869,0.13720703125,8,1,1.0,3.375,2048,2048,0,27,0,0,1,1,10336342582352918801
v16e_design_calibration_not_fresh_evidence,v16c,3203,51017,exposure_matched_local,1156097020,wide_128_32_8,8,shuffled_clock,11,2048,2334,8,0,27,1625,0.011568123393316195,0.30377035132819197,256.0,0.09182358558962786,0.14208984375,8,1,1.0,3.375,2048,2048,0,27,0,0,1,1,6438579829593041894
v16e_design_calibration_not_fresh_evidence,v16c,3203,51017,exposure_matched_local,1156097020,wide_128_32_8,8,shuffled_clock,12,2048,2334,8,0,27,1627,0.011568123393316195,0.3029134532990574,256.0,0.09206067244330929,0.14453125,8,1,1.0,3.375,2048,2048,0,27,0,0,1,1,14600679162660294303
v16e_design_calibration_not_fresh_evidence,v16c,3203,51017,exposure_matched_local,1156097020,wide_128_32_8,8,shuffled_clock,13,2048,2334,8,0,27,1621,0.011568123393316195,0.305484147386461,256.0,0.05232459004344215,0.13525390625,8,1,1.0,3.375,2048,2048,0,27,0,0,1,1,9144907364198549612
v16e_design_calibration_not_fresh_evidence,v16c,3203,51017,exposure_matched_local,1156097020,wide_128_32_8,8,shuffled_clock,14,2048,2334,8,0,27,1626,0.011568123393316195,0.3033419023136247,256.0,0.05476716136779151,0.1337890625,8,1,1.0,3.375,2048,2048,0,27,0,0,1,1,3104618753058138142
v16e_design_calibration_not_fresh_evidence,v16c,3203,51017,exposure_matched_local,1156097020,wide_128_32_8,8,shuffled_clock,15,2048,2334,8,0,27,1624,0.011568123393316195,0.3041988003427592,256.0,0.08816611091479132,0.142578125,8,1,1.0,3.375,2048,2048,0,27,0,0,1,1,17412120688944403563
v16e_design_calibration_not_fresh_evidence,v16c,3203,51017,exposure_matched_local,1156097020,compact_64_16_4,64,clock,-1,2048,2334,64,0,461,528,0.19751499571550984,0.7737789203084833,32.0,0.6186182118750563,0.0390625,64,1,1.0,7.203125,2048,2048,0,461,0,0,1,1,
v16e_design_calibration_not_fresh_evidence,v16c,3203,51017,exposure_matched_local,1156097020,compact_64_16_4,64,event_count,-1,2048,2334,64,0,532,487,0.22793487574978577,0.7913453299057412,32.0,0.0,0.015625,64,1,1.0,8.3125,2048,2048,0,532,0,0,1,1,
v16e_design_calibration_not_fresh_evidence,v16c,3203,51017,exposure_matched_local,1156097020,compact_64_16_4,64,shuffled_clock,0,2048,2334,64,0,530,498,0.22707797772065125,0.7866323907455013,32.0,0.30415443550098137,0.02734375,63,2,0.9995039682539683,8.28125,2048,2048,0,530,0,0,1,1,16081564093018856360
v16e_design_calibration_not_fresh_evidence,v16c,3203,51017,exposure_matched_local,1156097020,compact_64_16_4,64,shuffled_clock,1,2048,2334,64,0,538,490,0.23050556983718937,0.7900599828620394,32.0,0.24593672160079313,0.02490234375,64,1,1.0,8.40625,2048,2048,0,538,0,0,1,1,12639294477509393837
v16e_design_calibration_not_fresh_evidence,v16c,3203,51017,exposure_matched_local,1156097020,compact_64_16_4,64,shuffled_clock,2,2048,2334,64,0,523,487,0.2240788346186804,0.7913453299057412,32.0,0.2107008335765221,0.0224609375,64,1,1.0,8.171875,2048,2048,0,523,0,0,1,1,3233649996713103892
v16e_design_calibration_not_fresh_evidence,v16c,3203,51017,exposure_matched_local,1156097020,compact_64_16_4,64,shuffled_clock,3,2048,2334,64,0,541,495,0.23179091688089118,0.787917737789203,32.0,0.2548512443486038,0.02392578125,64,1,1.0,8.453125,2048,2048,0,541,0,0,1,1,7442731248625100048
v16e_design_calibration_not_fresh_evidence,v16c,3203,51017,exposure_matched_local,1156097020,compact_64_16_4,64,shuffled_clock,4,2048,2334,64,0,530,503,0.22707797772065125,0.784490145672665,32.0,0.2416769291745451,0.02490234375,64,1,1.0,8.28125,2048,2048,0,530,0,0,1,1,14138761049282191012
v16e_design_calibration_not_fresh_evidence,v16c,3203,51017,exposure_matched_local,1156097020,compact_64_16_4,64,shuffled_clock,5,2048,2334,64,0,543,482,0.2326478149100257,0.7934875749785776,32.0,0.23011168785806793,0.0263671875,64,1,1.0,8.484375,2048,2048,0,543,0,0,1,1,3676868803409039467
v16e_design_calibration_not_fresh_evidence,v16c,3203,51017,exposure_matched_local,1156097020,compact_64_16_4,64,shuffled_clock,6,2048,2334,64,0,535,478,0.22922022279348758,0.7952013710368466,32.0,0.2618709393745111,0.02392578125,64,1,1.0,8.359375,2048,2048,0,535,0,0,1,1,9590548747332440770
v16e_design_calibration_not_fresh_evidence,v16c,3203,51017,exposure_matched_local,1156097020,compact_64_16_4,64,shuffled_clock,7,2048,2334,64,0,533,481,0.22836332476435303,0.7939160239931449,32.0,0.22753749908985,0.0224609375,64,1,1.0,8.328125,2048,2048,0,533,0,0,1,1,7444593835970208100
v16e_design_calibration_not_fresh_evidence,v16c,3203,51017,exposure_matched_local,1156097020,compact_64_16_4,64,shuffled_clock,8,2048,2334,64,0,538,508,0.23050556983718937,0.7823479005998286,32.0,0.33057827219528363,0.03173828125,64,1,1.0,8.40625,2048,2048,0,538,0,0,1,1,5921698504347982390
v16e_design_calibration_not_fresh_evidence,v16c,3203,51017,exposure_matched_local,1156097020,compact_64_16_4,64,shuffled_clock,9,2048,2334,64,0,551,502,0.23607540702656385,0.7849185946872322,32.0,0.23232402881553033,0.0234375,63,2,0.9990079365079365,8.609375,2048,2048,0,551,0,0,1,1,111890126855510122
v16e_design_calibration_not_fresh_evidence,v16c,3203,51017,exposure_matched_local,1156097020,compact_64_16_4,64,shuffled_clock,10,2048,2334,64,0,533,482,0.22836332476435303,0.7934875749785776,32.0,0.22236943288712072,0.0244140625,64,1,1.0,8.328125,2048,2048,0,533,0,0,1,1,13793875236835459368
v16e_design_calibration_not_fresh_evidence,v16c,3203,51017,exposure_matched_local,1156097020,compact_64_16_4,64,shuffled_clock,11,2048,2334,64,0,529,484,0.22664952870608399,0.792630676949443,32.0,0.2453688105171543,0.02294921875,63,2,0.9995039682539683,8.265625,2048,2048,0,529,0,0,1,1,10758476874721207837
v16e_design_calibration_not_fresh_evidence,v16c,3203,51017,exposure_matched_local,1156097020,compact_64_16_4,64,shuffled_clock,12,2048,2334,64,0,538,487,0.23050556983718937,0.7913453299057412,32.0,0.24568447874303762,0.025390625,64,1,1.0,8.40625,2048,2048,0,538,0,0,1,1,1687060085102486047
v16e_design_calibration_not_fresh_evidence,v16c,3203,51017,exposure_matched_local,1156097020,compact_64_16_4,64,shuffled_clock,13,2048,2334,64,0,532,495,0.22793487574978577,0.787917737789203,32.0,0.26198929912716445,0.0234375,64,1,1.0,8.3125,2048,2048,0,532,0,0,1,1,5357391269126246894
v16e_design_calibration_not_fresh_evidence,v16c,3203,51017,exposure_matched_local,1156097020,compact_64_16_4,64,shuffled_clock,14,2048,2334,64,0,527,476,0.22579263067694944,0.7960582690659811,32.0,0.23491175310322757,0.025390625,64,1,1.0,8.234375,2048,2048,0,527,0,0,1,1,11722560479784126654
v16e_design_calibration_not_fresh_evidence,v16c,3203,51017,exposure_matched_local,1156097020,compact_64_16_4,64,shuffled_clock,15,2048,2334,64,0,525,489,0.2249357326478149,0.7904884318766067,32.0,0.21564548729448568,0.0234375,64,1,1.0,8.203125,2048,2048,0,525,0,0,1,1,10132255337330158532
v16e_design_calibration_not_fresh_evidence,v16c,3203,51017,exposure_matched_local,1156097020,compact_64_16_4,16,clock,-1,2048,2334,16,0,79,1337,0.03384747215081405,0.4271636675235647,128.0,0.6141572498995406,0.14306640625,16,1,1.0,4.9375,2048,2048,0,79,0,0,1,1,
v16e_design_calibration_not_fresh_evidence,v16c,3203,51017,exposure_matched_local,1156097020,compact_64_16_4,16,event_count,-1,2048,2334,16,0,93,1210,0.03984575835475578,0.48157669237360756,128.0,0.0,0.0625,16,1,1.0,5.8125,2048,2048,0,93,0,0,1,1,
v16e_design_calibration_not_fresh_evidence,v16c,3203,51017,exposure_matched_local,1156097020,compact_64_16_4,16,shuffled_clock,0,2048,2334,16,0,90,1222,0.038560411311053984,0.47643530419880037,128.0,0.15726234550107665,0.0791015625,16,1,1.0,5.625,2048,2048,0,90,0,0,1,1,2001480825651592411
v16e_design_calibration_not_fresh_evidence,v16c,3203,51017,exposure_matched_local,1156097020,compact_64_16_4,16,shuffled_clock,1,2048,2334,16,0,96,1206,0.04113110539845758,0.4832904884318766,128.0,0.12369106340664497,0.07373046875,16,1,1.0,6.0,2048,2048,0,96,0,0,1,1,8125487840394181521
v16e_design_calibration_not_fresh_evidence,v16c,3203,51017,exposure_matched_local,1156097020,compact_64_16_4,16,shuffled_clock,2,2048,2334,16,0,94,1197,0.04027420736932305,0.487146529562982,128.0,0.111839787288931,0.07568359375,16,1,1.0,5.875,2048,2048,0,94,0,0,1,1,12981108494942505325
v16e_design_calibration_not_fresh_evidence,v16c,3203,51017,exposure_matched_local,1156097020,compact_64_16_4,16,shuffled_clock,3,2048,2334,16,0,95,1193,0.04070265638389032,0.4888603256212511,128.0,0.09075063131093543,0.0732421875,16,1,1.0,5.9375,2048,2048,0,95,0,0,1,1,15817845304187034404
v16e_design_calibration_not_fresh_evidence,v16c,3203,51017,exposure_matched_local,1156097020,compact_64_16_4,16,shuffled_clock,4,2048,2334,16,0,95,1214,0.04070265638389032,0.47986289631533846,128.0,0.11506763183377562,0.07177734375,16,1,1.0,5.9375,2048,2048,0,95,0,0,1,1,9282385494172736949
v16e_design_calibration_not_fresh_evidence,v16c,3203,51017,exposure_matched_local,1156097020,compact_64_16_4,16,shuffled_clock,5,2048,2334,16,0,90,1225,0.038560411311053984,0.47514995715509856,128.0,0.12519516015006332,0.07177734375,16,1,1.0,5.625,2048,2048,0,90,0,0,1,1,7900333898565946250
v16e_design_calibration_not_fresh_evidence,v16c,3203,51017,exposure_matched_local,1156097020,compact_64_16_4,16,shuffled_clock,6,2048,2334,16,0,91,1218,0.03898886032562125,0.4781491002570694,128.0,0.10612738022458358,0.06982421875,16,1,1.0,5.6875,2048,2048,0,91,0,0,1,1,14125191459109464085
v16e_design_calibration_not_fresh_evidence,v16c,3203,51017,exposure_matched_local,1156097020,compact_64_16_4,16,shuffled_clock,7,2048,2334,16,0,92,1221,0.03941730934018852,0.4768637532133676,128.0,0.14200709709377204,0.076171875,16,1,1.0,5.75,2048,2048,0,92,0,0,1,1,12659956578467283431
v16e_design_calibration_not_fresh_evidence,v16c,3203,51017,exposure_matched_local,1156097020,compact_64_16_4,16,shuffled_clock,8,2048,2334,16,0,92,1209,0.03941730934018852,0.4820051413881748,128.0,0.12408519418797179,0.07666015625,16,1,1.0,5.75,2048,2048,0,92,0,0,1,1,16521295076243885317
v16e_design_calibration_not_fresh_evidence,v16c,3203,51017,exposure_matched_local,1156097020,compact_64_16_4,16,shuffled_clock,9,2048,2334,16,0,90,1203,0.038560411311053984,0.4845758354755784,128.0,0.14053816763605537,0.07470703125,16,1,1.0,5.625,2048,2048,0,90,0,0,1,1,17327230985379087562
v16e_design_calibration_not_fresh_evidence,v16c,3203,51017,exposure_matched_local,1156097020,compact_64_16_4,16,shuffled_clock,10,2048,2334,16,0,95,1199,0.04070265638389032,0.48628963153384747,128.0,0.14537688985587313,0.07568359375,16,1,1.0,5.9375,2048,2048,0,95,0,0,1,1,1438538965293465643
v16e_design_calibration_not_fresh_evidence,v16c,3203,51017,exposure_matched_local,1156097020,compact_64_16_4,16,shuffled_clock,11,2048,2334,16,0,92,1202,0.03941730934018852,0.48500428449014565,128.0,0.12590815931993182,0.07373046875,16,1,1.0,5.75,2048,2048,0,92,0,0,1,1,11136874552738152880
v16e_design_calibration_not_fresh_evidence,v16c,3203,51017,exposure_matched_local,1156097020,compact_64_16_4,16,shuffled_clock,12,2048,2334,16,0,91,1202,0.03898886032562125,0.48500428449014565,128.0,0.11446490091581203,0.08203125,16,1,1.0,5.6875,2048,2048,0,91,0,0,1,1,14025495857259088102
v16e_design_calibration_not_fresh_evidence,v16c,3203,51017,exposure_matched_local,1156097020,compact_64_16_4,16,shuffled_clock,13,2048,2334,16,0,88,1215,0.037703513281919454,0.4794344473007712,128.0,0.11510298830467725,0.0732421875,16,1,1.0,5.5,2048,2048,0,88,0,0,1,1,9659627745540672426
v16e_design_calibration_not_fresh_evidence,v16c,3203,51017,exposure_matched_local,1156097020,compact_64_16_4,16,shuffled_clock,14,2048,2334,16,0,91,1198,0.03898886032562125,0.48671808054841476,128.0,0.09504316453590968,0.07177734375,16,1,1.0,5.6875,2048,2048,0,91,0,0,1,1,10935844059073457278
v16e_design_calibration_not_fresh_evidence,v16c,3203,51017,exposure_matched_local,1156097020,compact_64_16_4,16,shuffled_clock,15,2048,2334,16,0,90,1228,0.038560411311053984,0.47386461011139674,128.0,0.1654824465137214,0.07958984375,16,1,1.0,5.625,2048,2048,0,90,0,0,1,1,5376446107690609011
v16e_design_calibration_not_fresh_evidence,v16c,3203,51017,exposure_matched_local,1156097020,compact_64_16_4,4,clock,-1,2048,2334,4,0,6,2026,0.002570694087403599,0.1319622964867181,512.0,0.652700360985398,0.462890625,4,1,1.0,1.5,2048,2048,0,6,0,0,1,1,
v16e_design_calibration_not_fresh_evidence,v16c,3203,51017,exposure_matched_local,1156097020,compact_64_16_4,4,event_count,-1,2048,2334,4,0,6,1958,0.002570694087403599,0.1610968294772922,512.0,0.0,0.25,4,1,1.0,1.5,2048,2048,0,6,0,0,1,1,
v16e_design_calibration_not_fresh_evidence,v16c,3203,51017,exposure_matched_local,1156097020,compact_64_16_4,4,shuffled_clock,0,2048,2334,4,0,6,1959,0.002570694087403599,0.16066838046272494,512.0,0.0813307141158477,0.27978515625,4,1,1.0,1.5,2048,2048,0,6,0,0,1,1,8940763483442292311
v16e_design_calibration_not_fresh_evidence,v16c,3203,51017,exposure_matched_local,1156097020,compact_64_16_4,4,shuffled_clock,1,2048,2334,4,0,6,1951,0.002570694087403599,0.16409597257926306,512.0,0.06829423980178831,0.27197265625,4,1,1.0,1.5,2048,2048,0,6,0,0,1,1,17789141443121651923
v16e_design_calibration_not_fresh_evidence,v16c,3203,51017,exposure_matched_local,1156097020,compact_64_16_4,4,shuffled_clock,2,2048,2334,4,0,6,1950,0.002570694087403599,0.16452442159383032,512.0,0.07403005068854078,0.26611328125,4,1,1.0,1.5,2048,2048,0,6,0,0,1,1,16377853752703624852
v16e_design_calibration_not_fresh_evidence,v16c,3203,51017,exposure_matched_local,1156097020,compact_64_16_4,4,shuffled_clock,3,2048,2334,4,0,6,1955,0.002570694087403599,0.16238217652099401,512.0,0.013053344827970978,0.2529296875,4,1,1.0,1.5,2048,2048,0,6,0,0,1,1,18064519359269209870
v16e_design_calibration_not_fresh_evidence,v16c,3203,51017,exposure_matched_local,1156097020,compact_64_16_4,4,shuffled_clock,4,2048,2334,4,0,6,1960,0.002570694087403599,0.16023993144815768,512.0,0.05820181416309117,0.2607421875,4,1,1.0,1.5,2048,2048,0,6,0,0,1,1,7805405833632592210
v16e_design_calibration_not_fresh_evidence,v16c,3203,51017,exposure_matched_local,1156097020,compact_64_16_4,4,shuffled_clock,5,2048,2334,4,0,6,1956,0.002570694087403599,0.16195372750642673,512.0,0.03615480046071568,0.26318359375,4,1,1.0,1.5,2048,2048,0,6,0,0,1,1,621804969426348119
v16e_design_calibration_not_fresh_evidence,v16c,3203,51017,exposure_matched_local,1156097020,compact_64_16_4,4,shuffled_clock,6,2048,2334,4,0,6,1964,0.002570694087403599,0.1585261353898886,512.0,0.068572955038852,0.2646484375,4,1,1.0,1.5,2048,2048,0,6,0,0,1,1,15449051460938715216
v16e_design_calibration_not_fresh_evidence,v16c,3203,51017,exposure_matched_local,1156097020,compact_64_16_4,4,shuffled_clock,7,2048,2334,4,0,6,1952,0.002570694087403599,0.1636675235646958,512.0,0.0680143824308353,0.2685546875,4,1,1.0,1.5,2048,2048,0,6,0,0,1,1,3432331425322416633
v16e_design_calibration_not_fresh_evidence,v16c,3203,51017,exposure_matched_local,1156097020,compact_64_16_4,4,shuffled_clock,8,2048,2334,4,0,6,1960,0.002570694087403599,0.16023993144815768,512.0,0.06883207104182068,0.263671875,4,1,1.0,1.5,2048,2048,0,6,0,0,1,1,10261981763022390076
v16e_design_calibration_not_fresh_evidence,v16c,3203,51017,exposure_matched_local,1156097020,compact_64_16_4,4,shuffled_clock,9,2048,2334,4,0,6,1958,0.002570694087403599,0.1610968294772922,512.0,0.08336892957192596,0.27783203125,4,1,1.0,1.5,2048,2048,0,6,0,0,1,1,1896311634273503183
v16e_design_calibration_not_fresh_evidence,v16c,3203,51017,exposure_matched_local,1156097020,compact_64_16_4,4,shuffled_clock,10,2048,2334,4,0,6,1948,0.002570694087403599,0.16538131962296487,512.0,0.06617607166444303,0.27197265625,4,1,1.0,1.5,2048,2048,0,6,0,0,1,1,4124964995127875517
v16e_design_calibration_not_fresh_evidence,v16c,3203,51017,exposure_matched_local,1156097020,compact_64_16_4,4,shuffled_clock,11,2048,2334,4,0,6,1956,0.002570694087403599,0.16195372750642673,512.0,0.06542239931423526,0.26416015625,4,1,1.0,1.5,2048,2048,0,6,0,0,1,1,9082375868287847226
v16e_design_calibration_not_fresh_evidence,v16c,3203,51017,exposure_matched_local,1156097020,compact_64_16_4,4,shuffled_clock,12,2048,2334,4,0,6,1956,0.002570694087403599,0.16195372750642673,512.0,0.03954776705335271,0.25830078125,4,1,1.0,1.5,2048,2048,0,6,0,0,1,1,7808981821431657089
v16e_design_calibration_not_fresh_evidence,v16c,3203,51017,exposure_matched_local,1156097020,compact_64_16_4,4,shuffled_clock,13,2048,2334,4,0,6,1953,0.002570694087403599,0.16323907455012854,512.0,0.034053897996411515,0.2548828125,4,1,1.0,1.5,2048,2048,0,6,0,0,1,1,2836338243711685820
v16e_design_calibration_not_fresh_evidence,v16c,3203,51017,exposure_matched_local,1156097020,compact_64_16_4,4,shuffled_clock,14,2048,2334,4,0,6,1952,0.002570694087403599,0.1636675235646958,512.0,0.06611840187426077,0.26953125,4,1,1.0,1.5,2048,2048,0,6,0,0,1,1,3105623547427700343
v16e_design_calibration_not_fresh_evidence,v16c,3203,51017,exposure_matched_local,1156097020,compact_64_16_4,4,shuffled_clock,15,2048,2334,4,0,6,1957,0.002570694087403599,0.16152527849185946,512.0,0.06239819182033977,0.2724609375,4,1,1.0,1.5,2048,2048,0,6,0,0,1,1,2114736256685995870
v16e_design_calibration_not_fresh_evidence,v16c,3203,51059,current_global,1056097062,wide_128_32_8,128,clock,-1,2048,2359,128,0,935,288,0.3963543874523103,0.8779143704959729,16.0,0.732950903921303,0.0224609375,117,2,0.9972933070866141,7.3046875,2048,2048,0,935,0,0,1,1,
v16e_design_calibration_not_fresh_evidence,v16c,3203,51059,current_global,1056097062,wide_128_32_8,128,event_count,-1,2048,2359,128,0,1206,267,0.5112335735481136,0.8868164476473082,16.0,0.0,0.0078125,123,2,0.999261811023622,9.421875,2048,2048,0,1206,0,0,1,1,
v16e_design_calibration_not_fresh_evidence,v16c,3203,51059,current_global,1056097062,wide_128_32_8,128,shuffled_clock,0,2048,2359,128,0,1131,294,0.4794404408647732,0.8753709198813057,16.0,0.3616386045694799,0.01611328125,116,3,0.9970472440944882,8.8359375,2048,2048,0,1131,0,0,1,1,290186047606198
v16e_design_calibration_not_fresh_evidence,v16c,3203,51059,current_global,1056097062,wide_128_32_8,128,shuffled_clock,1,2048,2359,128,0,1125,293,0.47689699025010596,0.8757948283170836,16.0,0.37319117559678056,0.0166015625,116,3,0.9954478346456693,8.7890625,2048,2048,0,1125,0,0,1,1,11494470893527582648
v16e_design_calibration_not_fresh_evidence,v16c,3203,51059,current_global,1056097062,wide_128_32_8,128,shuffled_clock,2,2048,2359,128,0,1126,294,0.47732089868588384,0.8753709198813057,16.0,0.39066682846914674,0.01806640625,115,3,0.9961860236220472,8.796875,2048,2048,0,1126,0,0,1,1,10503041511607066492
v16e_design_calibration_not_fresh_evidence,v16c,3203,51059,current_global,1056097062,wide_128_32_8,128,shuffled_clock,3,2048,2359,128,0,1143,295,0.4845273420941077,0.8749470114455278,16.0,0.34855932402132744,0.0146484375,117,2,0.9980314960629921,8.9296875,2048,2048,0,1143,0,0,1,1,5305854561443327524
v16e_design_calibration_not_fresh_evidence,v16c,3203,51059,current_global,1056097062,wide_128_32_8,128,shuffled_clock,4,2048,2359,128,0,1115,282,0.47265790589232726,0.8804578211106401,16.0,0.35649899780093475,0.01513671875,118,3,0.9970472440944882,8.7109375,2048,2048,0,1115,0,0,1,1,11099900347521161474
v16e_design_calibration_not_fresh_evidence,v16c,3203,51059,current_global,1056097062,wide_128_32_8,128,shuffled_clock,5,2048,2359,128,0,1149,285,0.4870707927087749,0.8791860958033065,16.0,0.3435821888172333,0.01416015625,117,3,0.9972933070866141,8.9765625,2048,2048,0,1149,0,0,1,1,16142844801025258723
v16e_design_calibration_not_fresh_evidence,v16c,3203,51059,current_global,1056097062,wide_128_32_8,128,shuffled_clock,6,2048,2359,128,0,1103,261,0.4675710046629928,0.8893598982619754,16.0,0.3750820120294114,0.0146484375,117,3,0.9972933070866141,8.6171875,2048,2048,0,1103,0,0,1,1,7979863876660237576
v16e_design_calibration_not_fresh_evidence,v16c,3203,51059,current_global,1056097062,wide_128_32_8,128,shuffled_clock,7,2048,2359,128,0,1139,286,0.4828317083509962,0.8787621873675286,16.0,0.36367410997721095,0.01611328125,117,4,0.9971702755905512,8.8984375,2048,2048,0,1139,0,0,1,1,4877032574027780076
v16e_design_calibration_not_fresh_evidence,v16c,3203,51059,current_global,1056097062,wide_128_32_8,128,shuffled_clock,8,2048,2359,128,0,1138,291,0.4824077999152183,0.8766426451886392,16.0,0.3725312437354149,0.0166015625,117,2,0.9975393700787402,8.890625,2048,2048,0,1138,0,0,1,1,10542406749300902871
v16e_design_calibration_not_fresh_evidence,v16c,3203,51059,current_global,1056097062,wide_128_32_8,128,shuffled_clock,9,2048,2359,128,0,1127,309,0.47774480712166173,0.8690122933446376,16.0,0.38829769304645223,0.01611328125,113,2,0.9952017716535433,8.8046875,2048,2048,0,1127,0,0,1,1,3206783383119985335
v16e_design_calibration_not_fresh_evidence,v16c,3203,51059,current_global,1056097062,wide_128_32_8,128,shuffled_clock,10,2048,2359,128,0,1117,289,0.473505722763883,0.877490462060195,16.0,0.3635049198726938,0.01513671875,116,3,0.9964320866141733,8.7265625,2048,2048,0,1117,0,0,1,1,10919741993386345654
v16e_design_calibration_not_fresh_evidence,v16c,3203,51059,current_global,1056097062,wide_128_32_8,128,shuffled_clock,11,2048,2359,128,0,1149,303,0.4870707927087749,0.8715557439593048,16.0,0.3646876022626688,0.0146484375,119,3,0.9982775590551181,8.9765625,2048,2048,0,1149,0,0,1,1,18161535146495009986
v16e_design_calibration_not_fresh_evidence,v16c,3203,51059,current_global,1056097062,wide_128_32_8,128,shuffled_clock,12,2048,2359,128,0,1111,296,0.47096227214921577,0.8745231030097499,16.0,0.3737676601573865,0.015625,117,3,0.9970472440944882,8.6796875,2048,2048,0,1111,0,0,1,1,11990532529097646820
v16e_design_calibration_not_fresh_evidence,v16c,3203,51059,current_global,1056097062,wide_128_32_8,128,shuffled_clock,13,2048,2359,128,0,1120,286,0.47477744807121663,0.8787621873675286,16.0,0.3527695540543664,0.01416015625,116,2,0.9956938976377953,8.75,2048,2048,0,1120,0,0,1,1,659796735770406209
v16e_design_calibration_not_fresh_evidence,v16c,3203,51059,current_global,1056097062,wide_128_32_8,128,shuffled_clock,14,2048,2359,128,0,1112,285,0.47138618058499365,0.8791860958033065,16.0,0.3879807152850137,0.01708984375,113,3,0.9934793307086615,8.6875,2048,2048,0,1112,0,0,1,1,9049023828763484749
v16e_design_calibration_not_fresh_evidence,v16c,3203,51059,current_global,1056097062,wide_128_32_8,128,shuffled_clock,15,2048,2359,128,0,1118,299,0.47392963119966086,0.8732513777024162,16.0,0.3577048446771609,0.0146484375,115,2,0.9963090551181102,8.734375,2048,2048,0,1118,0,0,1,1,14241327370118310689
v16e_design_calibration_not_fresh_evidence,v16c,3203,51059,current_global,1056097062,wide_128_32_8,32,clock,-1,2048,2359,32,0,180,875,0.07630351844001695,0.629080118694362,64.0,0.7112489901631246,0.083984375,32,1,1.0,5.625,2048,2048,0,180,0,0,1,1,
v16e_design_calibration_not_fresh_evidence,v16c,3203,51059,current_global,1056097062,wide_128_32_8,32,event_count,-1,2048,2359,32,0,234,797,0.09919457397202204,0.662144976685036,64.0,0.0,0.03125,32,1,1.0,7.3125,2048,2048,0,234,0,0,1,1,
v16e_design_calibration_not_fresh_evidence,v16c,3203,51059,current_global,1056097062,wide_128_32_8,32,shuffled_clock,0,2048,2359,32,0,238,804,0.10089020771513353,0.6591776176345909,64.0,0.20306683410370888,0.04541015625,32,1,1.0,7.4375,2048,2048,0,238,0,0,1,1,12435545421872866662
v16e_design_calibration_not_fresh_evidence,v16c,3203,51059,current_global,1056097062,wide_128_32_8,32,shuffled_clock,1,2048,2359,32,0,224,805,0.09495548961424333,0.658753709198813,64.0,0.19696378566351538,0.04443359375,32,1,1.0,7.0,2048,2048,0,224,0,0,1,1,1637293428951253844
v16e_design_calibration_not_fresh_evidence,v16c,3203,51059,current_global,1056097062,wide_128_32_8,32,shuffled_clock,2,2048,2359,32,0,237,821,0.10046629927935566,0.6519711742263671,64.0,0.1716227988369994,0.0390625,32,1,1.0,7.40625,2048,2048,0,237,0,0,1,1,17609250318965846671
v16e_design_calibration_not_fresh_evidence,v16c,3203,51059,current_global,1056097062,wide_128_32_8,32,shuffled_clock,3,2048,2359,32,0,233,812,0.09877066553624417,0.655786350148368,64.0,0.1892558911598518,0.04345703125,32,1,1.0,7.28125,2048,2048,0,233,0,0,1,1,6124768969141133649
v16e_design_calibration_not_fresh_evidence,v16c,3203,51059,current_global,1056097062,wide_128_32_8,32,shuffled_clock,4,2048,2359,32,0,224,813,0.09495548961424333,0.6553624417125901,64.0,0.19475222057618455,0.046875,32,1,1.0,7.0,2048,2048,0,224,0,0,1,1,7947174931556800296
v16e_design_calibration_not_fresh_evidence,v16c,3203,51059,current_global,1056097062,wide_128_32_8,32,shuffled_clock,5,2048,2359,32,0,230,804,0.09749894022891055,0.6591776176345909,64.0,0.17403789388539645,0.041015625,32,1,1.0,7.1875,2048,2048,0,230,0,0,1,1,5477484981858164481
v16e_design_calibration_not_fresh_evidence,v16c,3203,51059,current_global,1056097062,wide_128_32_8,32,shuffled_clock,6,2048,2359,32,0,236,804,0.10004239084357779,0.6591776176345909,64.0,0.1540162918173311,0.03955078125,32,1,1.0,7.375,2048,2048,0,236,0,0,1,1,5805702014413382261
v16e_design_calibration_not_fresh_evidence,v16c,3203,51059,current_global,1056097062,wide_128_32_8,32,shuffled_clock,7,2048,2359,32,0,233,784,0.09877066553624417,0.6676557863501483,64.0,0.1953175402575459,0.048828125,32,1,1.0,7.28125,2048,2048,0,233,0,0,1,1,14368363249886531753
v16e_design_calibration_not_fresh_evidence,v16c,3203,51059,current_global,1056097062,wide_128_32_8,32,shuffled_clock,8,2048,2359,32,0,221,809,0.09368376430690971,0.6570580754557016,64.0,0.16833319193808605,0.0400390625,32,1,1.0,6.90625,2048,2048,0,221,0,0,1,1,9910338034696964774
v16e_design_calibration_not_fresh_evidence,v16c,3203,51059,current_global,1056097062,wide_128_32_8,32,shuffled_clock,9,2048,2359,32,0,239,802,0.1013141161509114,0.6600254345061467,64.0,0.18445101631423677,0.04296875,32,1,1.0,7.46875,2048,2048,0,239,0,0,1,1,2913142622521155527
v16e_design_calibration_not_fresh_evidence,v16c,3203,51059,current_global,1056097062,wide_128_32_8,32,shuffled_clock,10,2048,2359,32,0,234,810,0.09919457397202204,0.6566341670199237,64.0,0.17890234315708883,0.04541015625,32,1,1.0,7.3125,2048,2048,0,234,0,0,1,1,17455569106025119164
v16e_design_calibration_not_fresh_evidence,v16c,3203,51059,current_global,1056097062,wide_128_32_8,32,shuffled_clock,11,2048,2359,32,0,231,797,0.09792284866468842,0.662144976685036,64.0,0.16949878674986857,0.04541015625,32,1,1.0,7.21875,2048,2048,0,231,0,0,1,1,17082047785990747561
v16e_design_calibration_not_fresh_evidence,v16c,3203,51059,current_global,1056097062,wide_128_32_8,32,shuffled_clock,12,2048,2359,32,0,233,804,0.09877066553624417,0.6591776176345909,64.0,0.19776185937686153,0.04833984375,32,1,1.0,7.28125,2048,2048,0,233,0,0,1,1,11435995461824016485
v16e_design_calibration_not_fresh_evidence,v16c,3203,51059,current_global,1056097062,wide_128_32_8,32,shuffled_clock,13,2048,2359,32,0,222,791,0.09410767274268758,0.6646884272997032,64.0,0.18008699454663213,0.04736328125,32,1,1.0,6.9375,2048,2048,0,222,0,0,1,1,10502222715460366403
v16e_design_calibration_not_fresh_evidence,v16c,3203,51059,current_global,1056097062,wide_128_32_8,32,shuffled_clock,14,2048,2359,32,0,237,824,0.10046629927935566,0.6506994489190335,64.0,0.22299312200083082,0.04931640625,32,1,1.0,7.40625,2048,2048,0,237,0,0,1,1,7904511865068581974
v16e_design_calibration_not_fresh_evidence,v16c,3203,51059,current_global,1056097062,wide_128_32_8,32,shuffled_clock,15,2048,2359,32,0,237,795,0.10046629927935566,0.6629927935565918,64.0,0.18030552028476912,0.0419921875,32,1,1.0,7.40625,2048,2048,0,237,0,0,1,1,17433020434205582626
v16e_design_calibration_not_fresh_evidence,v16c,3203,51059,current_global,1056097062,wide_128_32_8,8,clock,-1,2048,2359,8,0,26,1778,0.011021619330224672,0.24629080118694363,256.0,0.7270033944534751,0.2919921875,8,1,1.0,3.25,2048,2048,0,26,0,0,1,1,
v16e_design_calibration_not_fresh_evidence,v16c,3203,51059,current_global,1056097062,wide_128_32_8,8,event_count,-1,2048,2359,8,0,28,1582,0.011869436201780416,0.3293768545994065,256.0,0.0,0.125,8,1,1.0,3.5,2048,2048,0,28,0,0,1,1,
v16e_design_calibration_not_fresh_evidence,v16c,3203,51059,current_global,1056097062,wide_128_32_8,8,shuffled_clock,0,2048,2359,8,0,25,1585,0.0105977108944468,0.3281051292920729,256.0,0.09636422083966494,0.13525390625,8,1,1.0,3.125,2048,2048,0,25,0,0,1,1,17049847989093762972
v16e_design_calibration_not_fresh_evidence,v16c,3203,51059,current_global,1056097062,wide_128_32_8,8,shuffled_clock,1,2048,2359,8,0,27,1592,0.011445527766002543,0.3251377702416278,256.0,0.1106037484631834,0.1455078125,8,1,1.0,3.375,2048,2048,0,27,0,0,1,1,11841078803456834143
v16e_design_calibration_not_fresh_evidence,v16c,3203,51059,current_global,1056097062,wide_128_32_8,8,shuffled_clock,2,2048,2359,8,0,28,1587,0.011869436201780416,0.32725731242051714,256.0,0.10421083512995251,0.13720703125,8,1,1.0,3.5,2048,2048,0,28,0,0,1,1,9596713330319082163
v16e_design_calibration_not_fresh_evidence,v16c,3203,51059,current_global,1056097062,wide_128_32_8,8,shuffled_clock,3,2048,2359,8,0,27,1580,0.011445527766002543,0.3302246714709623,256.0,0.10498192871700757,0.13671875,8,1,1.0,3.375,2048,2048,0,27,0,0,1,1,8127554163483818183
v16e_design_calibration_not_fresh_evidence,v16c,3203,51059,current_global,1056097062,wide_128_32_8,8,shuffled_clock,4,2048,2359,8,0,27,1583,0.011445527766002543,0.32895294616362863,256.0,0.05905694890769175,0.13623046875,8,1,1.0,3.375,2048,2048,0,27,0,0,1,1,7644797264738599774
v16e_design_calibration_not_fresh_evidence,v16c,3203,51059,current_global,1056097062,wide_128_32_8,8,shuffled_clock,5,2048,2359,8,0,28,1582,0.011869436201780416,0.3293768545994065,256.0,0.11193589972534025,0.146484375,8,1,1.0,3.5,2048,2048,0,28,0,0,1,1,7354359755717607116
v16e_design_calibration_not_fresh_evidence,v16c,3203,51059,current_global,1056097062,wide_128_32_8,8,shuffled_clock,6,2048,2359,8,0,26,1577,0.011021619330224672,0.3314963967782959,256.0,0.11001090652099649,0.14501953125,8,1,1.0,3.25,2048,2048,0,26,0,0,1,1,13108294470324633703
v16e_design_calibration_not_fresh_evidence,v16c,3203,51059,current_global,1056097062,wide_128_32_8,8,shuffled_clock,7,2048,2359,8,0,27,1583,0.011445527766002543,0.32895294616362863,256.0,0.06519710628095939,0.1328125,8,1,1.0,3.375,2048,2048,0,27,0,0,1,1,11845838128534263513
v16e_design_calibration_not_fresh_evidence,v16c,3203,51059,current_global,1056097062,wide_128_32_8,8,shuffled_clock,8,2048,2359,8,0,27,1588,0.011445527766002543,0.3268334039847393,256.0,0.09274479703591001,0.140625,8,1,1.0,3.375,2048,2048,0,27,0,0,1,1,3197309845568287443
v16e_design_calibration_not_fresh_evidence,v16c,3203,51059,current_global,1056097062,wide_128_32_8,8,shuffled_clock,9,2048,2359,8,0,28,1590,0.011869436201780416,0.32598558711318354,256.0,0.09543226521100487,0.14794921875,8,1,1.0,3.5,2048,2048,0,28,0,0,1,1,14941549611579987818
v16e_design_calibration_not_fresh_evidence,v16c,3203,51059,current_global,1056097062,wide_128_32_8,8,shuffled_clock,10,2048,2359,8,0,27,1598,0.011445527766002543,0.32259431962696056,256.0,0.15010227168262882,0.15380859375,8,1,1.0,3.375,2048,2048,0,27,0,0,1,1,3957547915869650882
v16e_design_calibration_not_fresh_evidence,v16c,3203,51059,current_global,1056097062,wide_128_32_8,8,shuffled_clock,11,2048,2359,8,0,28,1586,0.011869436201780416,0.32768122085629503,256.0,0.10881553341550093,0.1455078125,8,1,1.0,3.5,2048,2048,0,28,0,0,1,1,11981520276281130205
v16e_design_calibration_not_fresh_evidence,v16c,3203,51059,current_global,1056097062,wide_128_32_8,8,shuffled_clock,12,2048,2359,8,0,26,1583,0.011021619330224672,0.32895294616362863,256.0,0.08209765594465619,0.14453125,8,1,1.0,3.25,2048,2048,0,26,0,0,1,1,5820812142046599747
v16e_design_calibration_not_fresh_evidence,v16c,3203,51059,current_global,1056097062,wide_128_32_8,8,shuffled_clock,13,2048,2359,8,0,26,1586,0.011021619330224672,0.32768122085629503,256.0,0.11300188767584182,0.14501953125,8,1,1.0,3.25,2048,2048,0,26,0,0,1,1,14831446849173535639
v16e_design_calibration_not_fresh_evidence,v16c,3203,51059,current_global,1056097062,wide_128_32_8,8,shuffled_clock,14,2048,2359,8,0,28,1582,0.011869436201780416,0.3293768545994065,256.0,0.09506609689588533,0.14013671875,8,1,1.0,3.5,2048,2048,0,28,0,0,1,1,8921503742979328656
v16e_design_calibration_not_fresh_evidence,v16c,3203,51059,current_global,1056097062,wide_128_32_8,8,shuffled_clock,15,2048,2359,8,0,27,1587,0.011445527766002543,0.32725731242051714,256.0,0.10271495861467446,0.14453125,8,1,1.0,3.375,2048,2048,0,27,0,0,1,1,1999195347692654221
v16e_design_calibration_not_fresh_evidence,v16c,3203,51059,current_global,1056097062,compact_64_16_4,64,clock,-1,2048,2359,64,0,431,531,0.18270453582026283,0.77490462060195,32.0,0.7160599245008692,0.0419921875,64,1,1.0,6.734375,2048,2048,0,431,0,0,1,1,
v16e_design_calibration_not_fresh_evidence,v16c,3203,51059,current_global,1056097062,compact_64_16_4,64,event_count,-1,2048,2359,64,0,568,477,0.24077999152183127,0.7977956761339551,32.0,0.0,0.015625,64,1,1.0,8.875,2048,2048,0,568,0,0,1,1,
v16e_design_calibration_not_fresh_evidence,v16c,3203,51059,current_global,1056097062,compact_64_16_4,64,shuffled_clock,0,2048,2359,64,0,555,494,0.23526918185671894,0.7905892327257312,32.0,0.2624031378357198,0.025390625,64,1,1.0,8.671875,2048,2048,0,555,0,0,1,1,10166323046167778642
v16e_design_calibration_not_fresh_evidence,v16c,3203,51059,current_global,1056097062,compact_64_16_4,64,shuffled_clock,1,2048,2359,64,0,553,504,0.2344213649851632,0.7863501483679525,32.0,0.2527134489923069,0.02587890625,63,2,0.9995039682539683,8.640625,2048,2048,0,553,0,0,1,1,6350060681283600383
v16e_design_calibration_not_fresh_evidence,v16c,3203,51059,current_global,1056097062,compact_64_16_4,64,shuffled_clock,2,2048,2359,64,0,553,497,0.2344213649851632,0.7893175074183977,32.0,0.2400035135324825,0.02392578125,64,1,1.0,8.640625,2048,2048,0,553,0,0,1,1,10794961790573035647
v16e_design_calibration_not_fresh_evidence,v16c,3203,51059,current_global,1056097062,compact_64_16_4,64,shuffled_clock,3,2048,2359,64,0,560,483,0.23738872403560832,0.7952522255192879,32.0,0.23825329575161797,0.02392578125,64,1,1.0,8.75,2048,2048,0,560,0,0,1,1,894837540372201242
v16e_design_calibration_not_fresh_evidence,v16c,3203,51059,current_global,1056097062,compact_64_16_4,64,shuffled_clock,4,2048,2359,64,0,551,479,0.23357354811360745,0.7969478592623993,32.0,0.23916241492819418,0.0234375,64,1,1.0,8.609375,2048,2048,0,551,0,0,1,1,10251982070404752332
v16e_design_calibration_not_fresh_evidence,v16c,3203,51059,current_global,1056097062,compact_64_16_4,64,shuffled_clock,5,2048,2359,64,0,545,503,0.23103009749894024,0.7867740568037304,32.0,0.29383758403861615,0.029296875,64,1,1.0,8.515625,2048,2048,0,545,0,0,1,1,13197366001055245054
v16e_design_calibration_not_fresh_evidence,v16c,3203,51059,current_global,1056097062,compact_64_16_4,64,shuffled_clock,6,2048,2359,64,0,555,490,0.23526918185671894,0.7922848664688428,32.0,0.23668668174922797,0.0234375,64,1,1.0,8.671875,2048,2048,0,555,0,0,1,1,16293199079716649552
v16e_design_calibration_not_fresh_evidence,v16c,3203,51059,current_global,1056097062,compact_64_16_4,64,shuffled_clock,7,2048,2359,64,0,563,499,0.23866044934294192,0.7884696905468419,32.0,0.2634054678175654,0.02685546875,64,1,1.0,8.796875,2048,2048,0,563,0,0,1,1,12545027193299104248
v16e_design_calibration_not_fresh_evidence,v16c,3203,51059,current_global,1056097062,compact_64_16_4,64,shuffled_clock,8,2048,2359,64,0,548,493,0.23230182280627384,0.7910131411615091,32.0,0.25877458475338283,0.0263671875,64,1,1.0,8.5625,2048,2048,0,548,0,0,1,1,9496675144489972351
v16e_design_calibration_not_fresh_evidence,v16c,3203,51059,current_global,1056097062,compact_64_16_4,64,shuffled_clock,9,2048,2359,64,0,542,485,0.2297583721916066,0.7944044086477321,32.0,0.27778397810540384,0.02490234375,64,1,1.0,8.46875,2048,2048,0,542,0,0,1,1,6300859558853918282
v16e_design_calibration_not_fresh_evidence,v16c,3203,51059,current_global,1056097062,compact_64_16_4,64,shuffled_clock,10,2048,2359,64,0,551,504,0.23357354811360745,0.7863501483679525,32.0,0.24644043277181996,0.025390625,64,1,1.0,8.609375,2048,2048,0,551,0,0,1,1,10839982036633671237
v16e_design_calibration_not_fresh_evidence,v16c,3203,51059,current_global,1056097062,compact_64_16_4,64,shuffled_clock,11,2048,2359,64,0,536,499,0.22721492157693937,0.7884696905468419,32.0,0.25913374465524097,0.02490234375,63,2,0.9990079365079365,8.375,2048,2048,0,536,0,0,1,1,3729567772555593249
v16e_design_calibration_not_fresh_evidence,v16c,3203,51059,current_global,1056097062,compact_64_16_4,64,shuffled_clock,12,2048,2359,64,0,556,495,0.23569309029249683,0.7901653242899533,32.0,0.23451550021537987,0.025390625,64,1,1.0,8.6875,2048,2048,0,556,0,0,1,1,9985536685737563656
v16e_design_calibration_not_fresh_evidence,v16c,3203,51059,current_global,1056097062,compact_64_16_4,64,shuffled_clock,13,2048,2359,64,0,547,509,0.23187791437049599,0.7842306061890632,32.0,0.29145400410345457,0.02734375,63,2,0.9995039682539683,8.546875,2048,2048,0,547,0,0,1,1,12426748599606655265
v16e_design_calibration_not_fresh_evidence,v16c,3203,51059,current_global,1056097062,compact_64_16_4,64,shuffled_clock,14,2048,2359,64,0,543,504,0.2301822806273845,0.7863501483679525,32.0,0.26157480568329583,0.02392578125,63,2,0.9995039682539683,8.484375,2048,2048,0,543,0,0,1,1,12353963120064465609
v16e_design_calibration_not_fresh_evidence,v16c,3203,51059,current_global,1056097062,compact_64_16_4,64,shuffled_clock,15,2048,2359,64,0,544,488,0.23060618906316235,0.7931326833403984,32.0,0.3022628776780606,0.0283203125,64,1,1.0,8.5,2048,2048,0,544,0,0,1,1,9449407254229300916
v16e_design_calibration_not_fresh_evidence,v16c,3203,51059,current_global,1056097062,compact_64_16_4,16,clock,-1,2048,2359,16,0,78,1339,0.03306485799067401,0.4323866044934294,128.0,0.7093245209646052,0.16064453125,16,1,1.0,4.875,2048,2048,0,78,0,0,1,1,
v16e_design_calibration_not_fresh_evidence,v16c,3203,51059,current_global,1056097062,compact_64_16_4,16,event_count,-1,2048,2359,16,0,91,1189,0.03857566765578635,0.49597286986011024,128.0,0.0,0.0625,16,1,1.0,5.6875,2048,2048,0,91,0,0,1,1,
v16e_design_calibration_not_fresh_evidence,v16c,3203,51059,current_global,1056097062,compact_64_16_4,16,shuffled_clock,0,2048,2359,16,0,84,1201,0.03560830860534125,0.49088596863077577,128.0,0.10635717633678196,0.076171875,16,1,1.0,5.25,2048,2048,0,84,0,0,1,1,7315581638815961674
v16e_design_calibration_not_fresh_evidence,v16c,3203,51059,current_global,1056097062,compact_64_16_4,16,shuffled_clock,1,2048,2359,16,0,91,1200,0.03857566765578635,0.4913098770665536,128.0,0.10033310406258411,0.0732421875,16,1,1.0,5.6875,2048,2048,0,91,0,0,1,1,6858779259833185152
v16e_design_calibration_not_fresh_evidence,v16c,3203,51059,current_global,1056097062,compact_64_16_4,16,shuffled_clock,2,2048,2359,16,0,85,1200,0.03603221704111912,0.4913098770665536,128.0,0.1275775907699572,0.08154296875,16,1,1.0,5.3125,2048,2048,0,85,0,0,1,1,13237850453658331540
v16e_design_calibration_not_fresh_evidence,v16c,3203,51059,current_global,1056097062,compact_64_16_4,16,shuffled_clock,3,2048,2359,16,0,85,1200,0.03603221704111912,0.4913098770665536,128.0,0.128086884574495,0.07763671875,16,1,1.0,5.3125,2048,2048,0,85,0,0,1,1,13600407207648771609
v16e_design_calibration_not_fresh_evidence,v16c,3203,51059,current_global,1056097062,compact_64_16_4,16,shuffled_clock,4,2048,2359,16,0,85,1209,0.03603221704111912,0.4874947011445528,128.0,0.14203574777440126,0.078125,16,1,1.0,5.3125,2048,2048,0,85,0,0,1,1,7972068808084926983
v16e_design_calibration_not_fresh_evidence,v16c,3203,51059,current_global,1056097062,compact_64_16_4,16,shuffled_clock,5,2048,2359,16,0,88,1191,0.03730394234845273,0.49512505298855447,128.0,0.1642236311913321,0.0849609375,16,1,1.0,5.5,2048,2048,0,88,0,0,1,1,7848771217879139249
v16e_design_calibration_not_fresh_evidence,v16c,3203,51059,current_global,1056097062,compact_64_16_4,16,shuffled_clock,6,2048,2359,16,0,82,1180,0.0347604917337855,0.49978804578211106,128.0,0.18194908285012046,0.07861328125,16,1,1.0,5.125,2048,2048,0,82,0,0,1,1,4528868351667292732
v16e_design_calibration_not_fresh_evidence,v16c,3203,51059,current_global,1056097062,compact_64_16_4,16,shuffled_clock,7,2048,2359,16,0,85,1204,0.03603221704111912,0.4896142433234421,128.0,0.13007284617667134,0.07470703125,16,1,1.0,5.3125,2048,2048,0,85,0,0,1,1,13572986397157935314
v16e_design_calibration_not_fresh_evidence,v16c,3203,51059,current_global,1056097062,compact_64_16_4,16,shuffled_clock,8,2048,2359,16,0,80,1195,0.03391267486222976,0.493429419245443,128.0,0.1282773484485862,0.07373046875,16,1,1.0,5.0,2048,2048,0,80,0,0,1,1,5491338695042821130
v16e_design_calibration_not_fresh_evidence,v16c,3203,51059,current_global,1056097062,compact_64_16_4,16,shuffled_clock,9,2048,2359,16,0,92,1199,0.03899957609156422,0.4917337855023315,128.0,0.10214177748763399,0.0732421875,16,1,1.0,5.75,2048,2048,0,92,0,0,1,1,1236024554992401293
v16e_design_calibration_not_fresh_evidence,v16c,3203,51059,current_global,1056097062,compact_64_16_4,16,shuffled_clock,10,2048,2359,16,0,82,1204,0.0347604917337855,0.4896142433234421,128.0,0.1768227249017124,0.080078125,16,1,1.0,5.125,2048,2048,0,82,0,0,1,1,9304214399680903774
v16e_design_calibration_not_fresh_evidence,v16c,3203,51059,current_global,1056097062,compact_64_16_4,16,shuffled_clock,11,2048,2359,16,0,86,1191,0.03645612547689699,0.49512505298855447,128.0,0.16253004529932305,0.078125,16,1,1.0,5.375,2048,2048,0,86,0,0,1,1,10554643422600697258
v16e_design_calibration_not_fresh_evidence,v16c,3203,51059,current_global,1056097062,compact_64_16_4,16,shuffled_clock,12,2048,2359,16,0,86,1203,0.03645612547689699,0.49003815175922,128.0,0.12648853291240805,0.076171875,16,1,1.0,5.375,2048,2048,0,86,0,0,1,1,7623935150738982663
v16e_design_calibration_not_fresh_evidence,v16c,3203,51059,current_global,1056097062,compact_64_16_4,16,shuffled_clock,13,2048,2359,16,0,90,1198,0.03815175922000848,0.4921576939381094,128.0,0.10903966451479938,0.0732421875,16,1,1.0,5.625,2048,2048,0,90,0,0,1,1,17306064514548785222
v16e_design_calibration_not_fresh_evidence,v16c,3203,51059,current_global,1056097062,compact_64_16_4,16,shuffled_clock,14,2048,2359,16,0,81,1198,0.03433658329800763,0.4921576939381094,128.0,0.17744295591588488,0.087890625,16,1,1.0,5.0625,2048,2048,0,81,0,0,1,1,12049395129776496248
v16e_design_calibration_not_fresh_evidence,v16c,3203,51059,current_global,1056097062,compact_64_16_4,16,shuffled_clock,15,2048,2359,16,0,89,1190,0.037727850784230604,0.49554896142433236,128.0,0.13707913810703168,0.0810546875,16,1,1.0,5.5625,2048,2048,0,89,0,0,1,1,17200344538809013187
v16e_design_calibration_not_fresh_evidence,v16c,3203,51059,current_global,1056097062,compact_64_16_4,4,clock,-1,2048,2359,4,0,6,2056,0.002543450614667232,0.1284442560406952,512.0,0.7508455384589415,0.5087890625,4,1,1.0,1.5,2048,2048,0,6,0,0,1,1,
v16e_design_calibration_not_fresh_evidence,v16c,3203,51059,current_global,1056097062,compact_64_16_4,4,event_count,-1,2048,2359,4,0,6,1929,0.002543450614667232,0.18228062738448494,512.0,0.0,0.25,4,1,1.0,1.5,2048,2048,0,6,0,0,1,1,
v16e_design_calibration_not_fresh_evidence,v16c,3203,51059,current_global,1056097062,compact_64_16_4,4,shuffled_clock,0,2048,2359,4,0,6,1929,0.002543450614667232,0.18228062738448494,512.0,0.07014955076589051,0.26611328125,4,1,1.0,1.5,2048,2048,0,6,0,0,1,1,2835705742403189069
v16e_design_calibration_not_fresh_evidence,v16c,3203,51059,current_global,1056097062,compact_64_16_4,4,shuffled_clock,1,2048,2359,4,0,6,1926,0.002543450614667232,0.18355235269181858,512.0,0.06901655829589315,0.27197265625,4,1,1.0,1.5,2048,2048,0,6,0,0,1,1,3093073259869264259
v16e_design_calibration_not_fresh_evidence,v16c,3203,51059,current_global,1056097062,compact_64_16_4,4,shuffled_clock,2,2048,2359,4,0,6,1929,0.002543450614667232,0.18228062738448494,512.0,0.030550438038151214,0.25927734375,4,1,1.0,1.5,2048,2048,0,6,0,0,1,1,11260758413829297371
v16e_design_calibration_not_fresh_evidence,v16c,3203,51059,current_global,1056097062,compact_64_16_4,4,shuffled_clock,3,2048,2359,4,0,6,1931,0.002543450614667232,0.1814328105129292,512.0,0.015044557302462687,0.25390625,4,1,1.0,1.5,2048,2048,0,6,0,0,1,1,17397046703757562960
v16e_design_calibration_not_fresh_evidence,v16c,3203,51059,current_global,1056097062,compact_64_16_4,4,shuffled_clock,4,2048,2359,4,0,6,1930,0.002543450614667232,0.18185671894870709,512.0,0.028123191492780177,0.25537109375,4,1,1.0,1.5,2048,2048,0,6,0,0,1,1,3363835456668001008
v16e_design_calibration_not_fresh_evidence,v16c,3203,51059,current_global,1056097062,compact_64_16_4,4,shuffled_clock,5,2048,2359,4,0,6,1932,0.002543450614667232,0.18100890207715134,512.0,0.012657696676577852,0.2529296875,4,1,1.0,1.5,2048,2048,0,6,0,0,1,1,7735350176922117664
v16e_design_calibration_not_fresh_evidence,v16c,3203,51059,current_global,1056097062,compact_64_16_4,4,shuffled_clock,6,2048,2359,4,0,6,1931,0.002543450614667232,0.1814328105129292,512.0,0.01680141653719263,0.2548828125,4,1,1.0,1.5,2048,2048,0,6,0,0,1,1,12341039659295634207
v16e_design_calibration_not_fresh_evidence,v16c,3203,51059,current_global,1056097062,compact_64_16_4,4,shuffled_clock,7,2048,2359,4,0,6,1915,0.002543450614667232,0.18821534548537516,512.0,0.09128987873601004,0.279296875,4,1,1.0,1.5,2048,2048,0,6,0,0,1,1,14961317614978079739
v16e_design_calibration_not_fresh_evidence,v16c,3203,51059,current_global,1056097062,compact_64_16_4,4,shuffled_clock,8,2048,2359,4,0,6,1939,0.002543450614667232,0.17804154302670624,512.0,0.1031526162517623,0.2802734375,4,1,1.0,1.5,2048,2048,0,6,0,0,1,1,17378243371583055512
v16e_design_calibration_not_fresh_evidence,v16c,3203,51059,current_global,1056097062,compact_64_16_4,4,shuffled_clock,9,2048,2359,4,0,6,1928,0.002543450614667232,0.18270453582026283,512.0,0.05305889729377392,0.2646484375,4,1,1.0,1.5,2048,2048,0,6,0,0,1,1,14405244791675924102
v16e_design_calibration_not_fresh_evidence,v16c,3203,51059,current_global,1056097062,compact_64_16_4,4,shuffled_clock,10,2048,2359,4,0,6,1932,0.002543450614667232,0.18100890207715134,512.0,0.048501511802575975,0.267578125,4,1,1.0,1.5,2048,2048,0,6,0,0,1,1,9006148494585149718
v16e_design_calibration_not_fresh_evidence,v16c,3203,51059,current_global,1056097062,compact_64_16_4,4,shuffled_clock,11,2048,2359,4,0,6,1926,0.002543450614667232,0.18355235269181858,512.0,0.056201150663820934,0.26806640625,4,1,1.0,1.5,2048,2048,0,6,0,0,1,1,6322581719185419408
v16e_design_calibration_not_fresh_evidence,v16c,3203,51059,current_global,1056097062,compact_64_16_4,4,shuffled_clock,12,2048,2359,4,0,6,1931,0.002543450614667232,0.1814328105129292,512.0,0.06733797949948392,0.26611328125,4,1,1.0,1.5,2048,2048,0,6,0,0,1,1,18160824322394857934
v16e_design_calibration_not_fresh_evidence,v16c,3203,51059,current_global,1056097062,compact_64_16_4,4,shuffled_clock,13,2048,2359,4,0,6,1932,0.002543450614667232,0.18100890207715134,512.0,0.08458031058586912,0.27880859375,4,1,1.0,1.5,2048,2048,0,6,0,0,1,1,10332306279662386828
v16e_design_calibration_not_fresh_evidence,v16c,3203,51059,current_global,1056097062,compact_64_16_4,4,shuffled_clock,14,2048,2359,4,0,6,1921,0.002543450614667232,0.18567189487070793,512.0,0.0753072590672982,0.27783203125,4,1,1.0,1.5,2048,2048,0,6,0,0,1,1,13631796706317647055
v16e_design_calibration_not_fresh_evidence,v16c,3203,51059,current_global,1056097062,compact_64_16_4,4,shuffled_clock,15,2048,2359,4,0,6,1941,0.002543450614667232,0.1771937261551505,512.0,0.11161900048616835,0.28076171875,4,1,1.0,1.5,2048,2048,0,6,0,0,1,1,11223832378780158945
v16e_design_calibration_not_fresh_evidence,v16c,3203,51059,exposure_matched_local,1156097062,wide_128_32_8,128,clock,-1,2048,2255,128,0,895,324,0.3968957871396896,0.8563192904656319,16.0,0.5494718294313028,0.0234375,125,2,0.9993848425196851,6.9921875,2048,2048,0,895,0,0,1,1,
v16e_design_calibration_not_fresh_evidence,v16c,3203,51059,exposure_matched_local,1156097062,wide_128_32_8,128,event_count,-1,2048,2255,128,0,1009,297,0.447450110864745,0.8682926829268293,16.0,0.0,0.0078125,127,2,0.999876968503937,7.8828125,2048,2048,0,1009,0,0,1,1,
v16e_design_calibration_not_fresh_evidence,v16c,3203,51059,exposure_matched_local,1156097062,wide_128_32_8,128,shuffled_clock,0,2048,2255,128,0,979,313,0.43414634146341463,0.8611973392461197,16.0,0.26574438609339895,0.01416015625,123,2,0.9990157480314961,7.6484375,2048,2048,0,979,0,0,1,1,12294216358512737006
v16e_design_calibration_not_fresh_evidence,v16c,3203,51059,exposure_matched_local,1156097062,wide_128_32_8,128,shuffled_clock,1,2048,2255,128,0,981,307,0.43503325942350335,0.8638580931263858,16.0,0.2856044150389902,0.01416015625,122,2,0.9986466535433071,7.6640625,2048,2048,0,981,0,0,1,1,3493084888144919851
v16e_design_calibration_not_fresh_evidence,v16c,3203,51059,exposure_matched_local,1156097062,wide_128_32_8,128,shuffled_clock,2,2048,2255,128,0,991,316,0.43946784922394677,0.8598669623059867,16.0,0.28049713319797664,0.01318359375,122,2,0.9986466535433071,7.7421875,2048,2048,0,991,0,0,1,1,9626995481867508362
v16e_design_calibration_not_fresh_evidence,v16c,3203,51059,exposure_matched_local,1156097062,wide_128_32_8,128,shuffled_clock,3,2048,2255,128,0,958,305,0.42483370288248334,0.8647450110864745,16.0,0.2914674047496496,0.0146484375,123,2,0.999138779527559,7.484375,2048,2048,0,958,0,0,1,1,15976353731460619619
v16e_design_calibration_not_fresh_evidence,v16c,3203,51059,exposure_matched_local,1156097062,wide_128_32_8,128,shuffled_clock,4,2048,2255,128,0,965,318,0.4279379157427938,0.858980044345898,16.0,0.294407352109926,0.013671875,121,2,0.9980314960629921,7.5390625,2048,2048,0,965,0,0,1,1,9351813851490356037
v16e_design_calibration_not_fresh_evidence,v16c,3203,51059,exposure_matched_local,1156097062,wide_128_32_8,128,shuffled_clock,5,2048,2255,128,0,976,311,0.4328159645232816,0.8620842572062084,16.0,0.28549670075454864,0.0126953125,124,2,0.9990157480314961,7.625,2048,2048,0,976,0,0,1,1,13768540694014670623
v16e_design_calibration_not_fresh_evidence,v16c,3203,51059,exposure_matched_local,1156097062,wide_128_32_8,128,shuffled_clock,6,2048,2255,128,0,962,336,0.4266075388026608,0.8509977827050997,16.0,0.287750233449764,0.015625,122,2,0.9990157480314961,7.515625,2048,2048,0,962,0,0,1,1,10223252054283082914
v16e_design_calibration_not_fresh_evidence,v16c,3203,51059,exposure_matched_local,1156097062,wide_128_32_8,128,shuffled_clock,7,2048,2255,128,0,958,328,0.42483370288248334,0.8545454545454545,16.0,0.27707698125847097,0.01318359375,124,2,0.9993848425196851,7.484375,2048,2048,0,958,0,0,1,1,12387668204313642449
v16e_design_calibration_not_fresh_evidence,v16c,3203,51059,exposure_matched_local,1156097062,wide_128_32_8,128,shuffled_clock,8,2048,2255,128,0,978,325,0.4337028824833703,0.8558758314855875,16.0,0.2984540218352004,0.01416015625,121,2,0.9985236220472441,7.640625,2048,2048,0,978,0,0,1,1,12723626860078472733
v16e_design_calibration_not_fresh_evidence,v16c,3203,51059,exposure_matched_local,1156097062,wide_128_32_8,128,shuffled_clock,9,2048,2255,128,0,969,309,0.42971175166297115,0.8629711751662971,16.0,0.3097814825471882,0.01513671875,125,2,0.999630905511811,7.5703125,2048,2048,0,969,0,0,1,1,9461763786576159209
v16e_design_calibration_not_fresh_evidence,v16c,3203,51059,exposure_matched_local,1156097062,wide_128_32_8,128,shuffled_clock,10,2048,2255,128,0,983,312,0.435920177383592,0.8616407982261641,16.0,0.27192265285161193,0.01318359375,123,2,0.999138779527559,7.6796875,2048,2048,0,983,0,0,1,1,7680196343381127243
v16e_design_calibration_not_fresh_evidence,v16c,3203,51059,exposure_matched_local,1156097062,wide_128_32_8,128,shuffled_clock,11,2048,2255,128,0,982,333,0.4354767184035477,0.8523281596452328,16.0,0.3018357547320159,0.013671875,123,3,0.9985236220472441,7.671875,2048,2048,0,982,0,0,1,1,3557404000067674292
v16e_design_calibration_not_fresh_evidence,v16c,3203,51059,exposure_matched_local,1156097062,wide_128_32_8,128,shuffled_clock,12,2048,2255,128,0,951,343,0.42172949002217297,0.8478935698447894,16.0,0.3203252530109598,0.0146484375,119,2,0.9985236220472441,7.4296875,2048,2048,0,951,0,0,1,1,1656620393464218011
v16e_design_calibration_not_fresh_evidence,v16c,3203,51059,exposure_matched_local,1156097062,wide_128_32_8,128,shuffled_clock,13,2048,2255,128,0,996,317,0.44168514412416854,0.8594235033259423,16.0,0.28333381580937766,0.01318359375,125,2,0.999507874015748,7.78125,2048,2048,0,996,0,0,1,1,13895666686842892210
v16e_design_calibration_not_fresh_evidence,v16c,3203,51059,exposure_matched_local,1156097062,wide_128_32_8,128,shuffled_clock,14,2048,2255,128,0,958,310,0.42483370288248334,0.8625277161862528,16.0,0.3051800165798623,0.01416015625,121,2,0.9985236220472441,7.484375,2048,2048,0,958,0,0,1,1,17548308636139193465
v16e_design_calibration_not_fresh_evidence,v16c,3203,51059,exposure_matched_local,1156097062,wide_128_32_8,128,shuffled_clock,15,2048,2255,128,0,958,330,0.42483370288248334,0.8536585365853658,16.0,0.3346941546626626,0.0146484375,120,2,0.9982775590551181,7.484375,2048,2048,0,958,0,0,1,1,8759412653835211918
v16e_design_calibration_not_fresh_evidence,v16c,3203,51059,exposure_matched_local,1156097062,wide_128_32_8,32,clock,-1,2048,2255,32,0,165,929,0.07317073170731707,0.5880266075388026,64.0,0.5076438150352552,0.07177734375,32,1,1.0,5.15625,2048,2048,0,165,0,0,1,1,
v16e_design_calibration_not_fresh_evidence,v16c,3203,51059,exposure_matched_local,1156097062,wide_128_32_8,32,event_count,-1,2048,2255,32,0,188,904,0.08337028824833703,0.5991130820399113,64.0,0.0,0.03125,32,1,1.0,5.875,2048,2048,0,188,0,0,1,1,
v16e_design_calibration_not_fresh_evidence,v16c,3203,51059,exposure_matched_local,1156097062,wide_128_32_8,32,shuffled_clock,0,2048,2255,32,0,186,911,0.08248337028824834,0.5960088691796009,64.0,0.13066787188109968,0.0400390625,32,1,1.0,5.8125,2048,2048,0,186,0,0,1,1,2753255594173961249
v16e_design_calibration_not_fresh_evidence,v16c,3203,51059,exposure_matched_local,1156097062,wide_128_32_8,32,shuffled_clock,1,2048,2255,32,0,185,897,0.082039911308204,0.6022172949002217,64.0,0.13598412947010374,0.04052734375,32,1,1.0,5.78125,2048,2048,0,185,0,0,1,1,5165953255769881577
v16e_design_calibration_not_fresh_evidence,v16c,3203,51059,exposure_matched_local,1156097062,wide_128_32_8,32,shuffled_clock,2,2048,2255,32,0,179,904,0.07937915742793791,0.5991130820399113,64.0,0.1508648622218766,0.04150390625,32,1,1.0,5.59375,2048,2048,0,179,0,0,1,1,15090159114389675915
v16e_design_calibration_not_fresh_evidence,v16c,3203,51059,exposure_matched_local,1156097062,wide_128_32_8,32,shuffled_clock,3,2048,2255,32,0,185,888,0.082039911308204,0.6062084257206208,64.0,0.14137902685289275,0.04052734375,32,1,1.0,5.78125,2048,2048,0,185,0,0,1,1,4774696884556862715
v16e_design_calibration_not_fresh_evidence,v16c,3203,51059,exposure_matched_local,1156097062,wide_128_32_8,32,shuffled_clock,4,2048,2255,32,0,181,899,0.0802660753880266,0.601330376940133,64.0,0.13546189277860135,0.0419921875,32,1,1.0,5.65625,2048,2048,0,181,0,0,1,1,11525504574727033239
v16e_design_calibration_not_fresh_evidence,v16c,3203,51059,exposure_matched_local,1156097062,wide_128_32_8,32,shuffled_clock,5,2048,2255,32,0,190,887,0.08425720620842572,0.6066518847006652,64.0,0.12109578237108226,0.03857421875,32,1,1.0,5.9375,2048,2048,0,190,0,0,1,1,9638557257958679714
v16e_design_calibration_not_fresh_evidence,v16c,3203,51059,exposure_matched_local,1156097062,wide_128_32_8,32,shuffled_clock,6,2048,2255,32,0,188,916,0.08337028824833703,0.5937915742793791,64.0,0.1780197411126262,0.04248046875,32,1,1.0,5.875,2048,2048,0,188,0,0,1,1,6220888347531178829
v16e_design_calibration_not_fresh_evidence,v16c,3203,51059,exposure_matched_local,1156097062,wide_128_32_8,32,shuffled_clock,7,2048,2255,32,0,184,909,0.08159645232815965,0.5968957871396896,64.0,0.15670297244334788,0.041015625,32,1,1.0,5.75,2048,2048,0,184,0,0,1,1,10646162143038106088
v16e_design_calibration_not_fresh_evidence,v16c,3203,51059,exposure_matched_local,1156097062,wide_128_32_8,32,shuffled_clock,8,2048,2255,32,0,184,920,0.08159645232815965,0.5920177383592018,64.0,0.1599855871784665,0.0400390625,32,1,1.0,5.75,2048,2048,0,184,0,0,1,1,15306329006851221720
v16e_design_calibration_not_fresh_evidence,v16c,3203,51059,exposure_matched_local,1156097062,wide_128_32_8,32,shuffled_clock,9,2048,2255,32,0,194,908,0.0860310421286031,0.5973392461197339,64.0,0.14603720388775882,0.03955078125,32,1,1.0,6.0625,2048,2048,0,194,0,0,1,1,16098170237363602330
v16e_design_calibration_not_fresh_evidence,v16c,3203,51059,exposure_matched_local,1156097062,wide_128_32_8,32,shuffled_clock,10,2048,2255,32,0,186,913,0.08248337028824834,0.5951219512195122,64.0,0.16488250337544866,0.04248046875,32,1,1.0,5.8125,2048,2048,0,186,0,0,1,1,11332059806063579248
v16e_design_calibration_not_fresh_evidence,v16c,3203,51059,exposure_matched_local,1156097062,wide_128_32_8,32,shuffled_clock,11,2048,2255,32,0,175,889,0.07760532150776053,0.6057649667405764,64.0,0.1412675731289454,0.0400390625,32,1,1.0,5.46875,2048,2048,0,175,0,0,1,1,10976964616444572856
v16e_design_calibration_not_fresh_evidence,v16c,3203,51059,exposure_matched_local,1156097062,wide_128_32_8,32,shuffled_clock,12,2048,2255,32,0,186,887,0.08248337028824834,0.6066518847006652,64.0,0.1371375354490238,0.03759765625,32,1,1.0,5.8125,2048,2048,0,186,0,0,1,1,12485219974372750713
v16e_design_calibration_not_fresh_evidence,v16c,3203,51059,exposure_matched_local,1156097062,wide_128_32_8,32,shuffled_clock,13,2048,2255,32,0,179,901,0.07937915742793791,0.6004434589800444,64.0,0.1682395954938536,0.04248046875,32,1,1.0,5.59375,2048,2048,0,179,0,0,1,1,5336209557375288816
v16e_design_calibration_not_fresh_evidence,v16c,3203,51059,exposure_matched_local,1156097062,wide_128_32_8,32,shuffled_clock,14,2048,2255,32,0,188,904,0.08337028824833703,0.5991130820399113,64.0,0.13650436820967518,0.0439453125,32,1,1.0,5.875,2048,2048,0,188,0,0,1,1,6321413089061157168
v16e_design_calibration_not_fresh_evidence,v16c,3203,51059,exposure_matched_local,1156097062,wide_128_32_8,32,shuffled_clock,15,2048,2255,32,0,189,896,0.08381374722838138,0.6026607538802661,64.0,0.13329342480698061,0.0400390625,32,1,1.0,5.90625,2048,2048,0,189,0,0,1,1,18337087192660662572
v16e_design_calibration_not_fresh_evidence,v16c,3203,51059,exposure_matched_local,1156097062,wide_128_32_8,8,clock,-1,2048,2255,8,0,23,1790,0.010199556541019957,0.20620842572062084,256.0,0.5176165543347977,0.248046875,8,1,1.0,2.875,2048,2048,0,23,0,0,1,1,
v16e_design_calibration_not_fresh_evidence,v16c,3203,51059,exposure_matched_local,1156097062,wide_128_32_8,8,event_count,-1,2048,2255,8,0,24,1690,0.010643015521064302,0.25055432372505543,256.0,0.0,0.125,8,1,1.0,3.0,2048,2048,0,24,0,0,1,1,
v16e_design_calibration_not_fresh_evidence,v16c,3203,51059,exposure_matched_local,1156097062,wide_128_32_8,8,shuffled_clock,0,2048,2255,8,0,25,1688,0.011086474501108648,0.25144124168514415,256.0,0.06788338748821393,0.13525390625,8,1,1.0,3.125,2048,2048,0,25,0,0,1,1,5128044883613117761
v16e_design_calibration_not_fresh_evidence,v16c,3203,51059,exposure_matched_local,1156097062,wide_128_32_8,8,shuffled_clock,1,2048,2255,8,0,24,1690,0.010643015521064302,0.25055432372505543,256.0,0.057028956656434,0.134765625,8,1,1.0,3.0,2048,2048,0,24,0,0,1,1,12114944035593145362
v16e_design_calibration_not_fresh_evidence,v16c,3203,51059,exposure_matched_local,1156097062,wide_128_32_8,8,shuffled_clock,2,2048,2255,8,0,24,1691,0.010643015521064302,0.2501108647450111,256.0,0.09084506071220147,0.14111328125,8,1,1.0,3.0,2048,2048,0,24,0,0,1,1,8851019928781674147
v16e_design_calibration_not_fresh_evidence,v16c,3203,51059,exposure_matched_local,1156097062,wide_128_32_8,8,shuffled_clock,3,2048,2255,8,0,25,1696,0.011086474501108648,0.24789356984478936,256.0,0.11645979413322682,0.142578125,8,1,1.0,3.125,2048,2048,0,25,0,0,1,1,13391653401644903462
v16e_design_calibration_not_fresh_evidence,v16c,3203,51059,exposure_matched_local,1156097062,wide_128_32_8,8,shuffled_clock,4,2048,2255,8,0,24,1693,0.010643015521064302,0.2492239467849224,256.0,0.08885568876745757,0.14208984375,8,1,1.0,3.0,2048,2048,0,24,0,0,1,1,9251385604425754846
v16e_design_calibration_not_fresh_evidence,v16c,3203,51059,exposure_matched_local,1156097062,wide_128_32_8,8,shuffled_clock,5,2048,2255,8,0,24,1692,0.010643015521064302,0.24966740576496674,256.0,0.06658654620988172,0.13623046875,8,1,1.0,3.0,2048,2048,0,24,0,0,1,1,1285013477830079814
v16e_design_calibration_not_fresh_evidence,v16c,3203,51059,exposure_matched_local,1156097062,wide_128_32_8,8,shuffled_clock,6,2048,2255,8,0,25,1697,0.011086474501108648,0.247450110864745,256.0,0.0851219418110194,0.146484375,8,1,1.0,3.125,2048,2048,0,25,0,0,1,1,16358112226051658850
v16e_design_calibration_not_fresh_evidence,v16c,3203,51059,exposure_matched_local,1156097062,wide_128_32_8,8,shuffled_clock,7,2048,2255,8,0,25,1690,0.011086474501108648,0.25055432372505543,256.0,0.08377972886534069,0.146484375,8,1,1.0,3.125,2048,2048,0,25,0,0,1,1,6775053943142161884
v16e_design_calibration_not_fresh_evidence,v16c,3203,51059,exposure_matched_local,1156097062,wide_128_32_8,8,shuffled_clock,8,2048,2255,8,0,26,1688,0.011529933481152993,0.25144124168514415,256.0,0.06817177702712256,0.13720703125,8,1,1.0,3.25,2048,2048,0,26,0,0,1,1,6218458086962686459
v16e_design_calibration_not_fresh_evidence,v16c,3203,51059,exposure_matched_local,1156097062,wide_128_32_8,8,shuffled_clock,9,2048,2255,8,0,25,1700,0.011086474501108648,0.24611973392461198,256.0,0.06743233008450027,0.14208984375,8,1,1.0,3.125,2048,2048,0,25,0,0,1,1,16612286975153325463
v16e_design_calibration_not_fresh_evidence,v16c,3203,51059,exposure_matched_local,1156097062,wide_128_32_8,8,shuffled_clock,10,2048,2255,8,0,23,1696,0.010199556541019957,0.24789356984478936,256.0,0.044635881151386655,0.13720703125,8,1,1.0,2.875,2048,2048,0,23,0,0,1,1,16855334357559680921
v16e_design_calibration_not_fresh_evidence,v16c,3203,51059,exposure_matched_local,1156097062,wide_128_32_8,8,shuffled_clock,11,2048,2255,8,0,24,1694,0.010643015521064302,0.24878048780487805,256.0,0.06592856024367263,0.13330078125,8,1,1.0,3.0,2048,2048,0,24,0,0,1,1,6346876418186799096
v16e_design_calibration_not_fresh_evidence,v16c,3203,51059,exposure_matched_local,1156097062,wide_128_32_8,8,shuffled_clock,12,2048,2255,8,0,23,1696,0.010199556541019957,0.24789356984478936,256.0,0.052407843222651324,0.13427734375,8,1,1.0,2.875,2048,2048,0,23,0,0,1,1,7691202356028226727
v16e_design_calibration_not_fresh_evidence,v16c,3203,51059,exposure_matched_local,1156097062,wide_128_32_8,8,shuffled_clock,13,2048,2255,8,0,24,1690,0.010643015521064302,0.25055432372505543,256.0,0.08968590559807281,0.1455078125,8,1,1.0,3.0,2048,2048,0,24,0,0,1,1,12499711749907083031
v16e_design_calibration_not_fresh_evidence,v16c,3203,51059,exposure_matched_local,1156097062,wide_128_32_8,8,shuffled_clock,14,2048,2255,8,0,25,1685,0.011086474501108648,0.25277161862527714,256.0,0.04706064429086611,0.13427734375,8,1,1.0,3.125,2048,2048,0,25,0,0,1,1,2693272827017464788
v16e_design_calibration_not_fresh_evidence,v16c,3203,51059,exposure_matched_local,1156097062,wide_128_32_8,8,shuffled_clock,15,2048,2255,8,0,25,1689,0.011086474501108648,0.25099778270509976,256.0,0.0703744766537252,0.13525390625,8,1,1.0,3.125,2048,2048,0,25,0,0,1,1,8508697660639453017
v16e_design_calibration_not_fresh_evidence,v16c,3203,51059,exposure_matched_local,1156097062,compact_64_16_4,64,clock,-1,2048,2255,64,0,396,568,0.17560975609756097,0.7481152993348116,32.0,0.5145755011935289,0.03759765625,64,1,1.0,6.1875,2048,2048,0,396,0,0,1,1,
v16e_design_calibration_not_fresh_evidence,v16c,3203,51059,exposure_matched_local,1156097062,compact_64_16_4,64,event_count,-1,2048,2255,64,0,452,535,0.20044345898004434,0.7627494456762749,32.0,0.0,0.015625,64,1,1.0,7.0625,2048,2048,0,452,0,0,1,1,
v16e_design_calibration_not_fresh_evidence,v16c,3203,51059,exposure_matched_local,1156097062,compact_64_16_4,64,shuffled_clock,0,2048,2255,64,0,438,534,0.1942350332594235,0.7631929046563193,32.0,0.25539807086815397,0.02490234375,64,1,1.0,6.84375,2048,2048,0,438,0,0,1,1,17901384127441642681
v16e_design_calibration_not_fresh_evidence,v16c,3203,51059,exposure_matched_local,1156097062,compact_64_16_4,64,shuffled_clock,1,2048,2255,64,0,444,545,0.19689578713968958,0.7583148558758315,32.0,0.18102236663523716,0.02294921875,64,1,1.0,6.9375,2048,2048,0,444,0,0,1,1,16333562061829557637
v16e_design_calibration_not_fresh_evidence,v16c,3203,51059,exposure_matched_local,1156097062,compact_64_16_4,64,shuffled_clock,2,2048,2255,64,0,443,578,0.19645232815964522,0.743680709534368,32.0,0.23219054760438762,0.0234375,64,1,1.0,6.921875,2048,2048,0,443,0,0,1,1,12646244504945293387
v16e_design_calibration_not_fresh_evidence,v16c,3203,51059,exposure_matched_local,1156097062,compact_64_16_4,64,shuffled_clock,3,2048,2255,64,0,436,555,0.19334811529933482,0.753880266075388,32.0,0.2138408908214273,0.021484375,64,1,1.0,6.8125,2048,2048,0,436,0,0,1,1,4057293580267672201
v16e_design_calibration_not_fresh_evidence,v16c,3203,51059,exposure_matched_local,1156097062,compact_64_16_4,64,shuffled_clock,4,2048,2255,64,0,454,532,0.20133037694013303,0.7640798226164079,32.0,0.18955553171346545,0.02197265625,64,1,1.0,7.09375,2048,2048,0,454,0,0,1,1,10925816650805951857
v16e_design_calibration_not_fresh_evidence,v16c,3203,51059,exposure_matched_local,1156097062,compact_64_16_4,64,shuffled_clock,5,2048,2255,64,0,447,553,0.1982261640798226,0.7547671840354767,32.0,0.20221675762283417,0.0244140625,64,1,1.0,6.984375,2048,2048,0,447,0,0,1,1,7434463666236862347
v16e_design_calibration_not_fresh_evidence,v16c,3203,51059,exposure_matched_local,1156097062,compact_64_16_4,64,shuffled_clock,6,2048,2255,64,0,445,554,0.1973392461197339,0.7543237250554323,32.0,0.2101114594609856,0.02587890625,64,1,1.0,6.953125,2048,2048,0,445,0,0,1,1,11121720059268733146
v16e_design_calibration_not_fresh_evidence,v16c,3203,51059,exposure_matched_local,1156097062,compact_64_16_4,64,shuffled_clock,7,2048,2255,64,0,437,552,0.19379157427937915,0.7552106430155211,32.0,0.20336333697448228,0.02099609375,64,1,1.0,6.828125,2048,2048,0,437,0,0,1,1,5751162890554110847
v16e_design_calibration_not_fresh_evidence,v16c,3203,51059,exposure_matched_local,1156097062,compact_64_16_4,64,shuffled_clock,8,2048,2255,64,0,444,571,0.19689578713968958,0.7467849223946785,32.0,0.20803550139644397,0.0234375,64,1,1.0,6.9375,2048,2048,0,444,0,0,1,1,17306278452651721587
v16e_design_calibration_not_fresh_evidence,v16c,3203,51059,exposure_matched_local,1156097062,compact_64_16_4,64,shuffled_clock,9,2048,2255,64,0,453,547,0.2008869179600887,0.7574279379157428,32.0,0.19646238886386178,0.021484375,64,1,1.0,7.078125,2048,2048,0,453,0,0,1,1,5066673907501089285
v16e_design_calibration_not_fresh_evidence,v16c,3203,51059,exposure_matched_local,1156097062,compact_64_16_4,64,shuffled_clock,10,2048,2255,64,0,453,554,0.2008869179600887,0.7543237250554323,32.0,0.21333286830306458,0.0224609375,64,1,1.0,7.078125,2048,2048,0,453,0,0,1,1,3647413479185097645
v16e_design_calibration_not_fresh_evidence,v16c,3203,51059,exposure_matched_local,1156097062,compact_64_16_4,64,shuffled_clock,11,2048,2255,64,0,443,550,0.19645232815964522,0.7560975609756098,32.0,0.19199312260334778,0.021484375,64,1,1.0,6.921875,2048,2048,0,443,0,0,1,1,15268256075887731231
v16e_design_calibration_not_fresh_evidence,v16c,3203,51059,exposure_matched_local,1156097062,compact_64_16_4,64,shuffled_clock,12,2048,2255,64,0,449,554,0.19911308203991132,0.7543237250554323,32.0,0.2299095103220133,0.02392578125,64,1,1.0,7.015625,2048,2048,0,449,0,0,1,1,11022246937492594116
v16e_design_calibration_not_fresh_evidence,v16c,3203,51059,exposure_matched_local,1156097062,compact_64_16_4,64,shuffled_clock,13,2048,2255,64,0,444,558,0.19689578713968958,0.752549889135255,32.0,0.18298126367784998,0.021484375,64,1,1.0,6.9375,2048,2048,0,444,0,0,1,1,5581373275809330360
v16e_design_calibration_not_fresh_evidence,v16c,3203,51059,exposure_matched_local,1156097062,compact_64_16_4,64,shuffled_clock,14,2048,2255,64,0,442,558,0.1960088691796009,0.752549889135255,32.0,0.2185727740128732,0.02490234375,64,1,1.0,6.90625,2048,2048,0,442,0,0,1,1,10643295682160097705
v16e_design_calibration_not_fresh_evidence,v16c,3203,51059,exposure_matched_local,1156097062,compact_64_16_4,64,shuffled_clock,15,2048,2255,64,0,461,557,0.20443458980044346,0.7529933481152994,32.0,0.21764887260455026,0.02490234375,64,1,1.0,7.203125,2048,2048,0,461,0,0,1,1,1146234366794661731
v16e_design_calibration_not_fresh_evidence,v16c,3203,51059,exposure_matched_local,1156097062,compact_64_16_4,16,clock,-1,2048,2255,16,0,63,1404,0.027937915742793792,0.37738359201773836,128.0,0.5112583409058803,0.13525390625,16,1,1.0,3.9375,2048,2048,0,63,0,0,1,1,
v16e_design_calibration_not_fresh_evidence,v16c,3203,51059,exposure_matched_local,1156097062,compact_64_16_4,16,event_count,-1,2048,2255,16,0,74,1306,0.032815964523281595,0.42084257206208425,128.0,0.0,0.0625,16,1,1.0,4.625,2048,2048,0,74,0,0,1,1,
v16e_design_calibration_not_fresh_evidence,v16c,3203,51059,exposure_matched_local,1156097062,compact_64_16_4,16,shuffled_clock,0,2048,2255,16,0,77,1292,0.03414634146341464,0.4270509977827051,128.0,0.14526488915368824,0.078125,16,1,1.0,4.8125,2048,2048,0,77,0,0,1,1,12739116321835475924
v16e_design_calibration_not_fresh_evidence,v16c,3203,51059,exposure_matched_local,1156097062,compact_64_16_4,16,shuffled_clock,1,2048,2255,16,0,72,1309,0.031929046563192905,0.4195121951219512,128.0,0.08736969464102909,0.0732421875,16,1,1.0,4.5,2048,2048,0,72,0,0,1,1,9271399162102123324
v16e_design_calibration_not_fresh_evidence,v16c,3203,51059,exposure_matched_local,1156097062,compact_64_16_4,16,shuffled_clock,2,2048,2255,16,0,79,1297,0.03503325942350333,0.42483370288248334,128.0,0.14439393815184903,0.07861328125,16,1,1.0,4.9375,2048,2048,0,79,0,0,1,1,7765950797766096543
v16e_design_calibration_not_fresh_evidence,v16c,3203,51059,exposure_matched_local,1156097062,compact_64_16_4,16,shuffled_clock,3,2048,2255,16,0,73,1316,0.03237250554323725,0.4164079822616408,128.0,0.12897330957734368,0.078125,16,1,1.0,4.5625,2048,2048,0,73,0,0,1,1,7046458257384711535
v16e_design_calibration_not_fresh_evidence,v16c,3203,51059,exposure_matched_local,1156097062,compact_64_16_4,16,shuffled_clock,4,2048,2255,16,0,73,1323,0.03237250554323725,0.4133037694013304,128.0,0.12190170647561364,0.072265625,16,1,1.0,4.5625,2048,2048,0,73,0,0,1,1,15276071129170244178
v16e_design_calibration_not_fresh_evidence,v16c,3203,51059,exposure_matched_local,1156097062,compact_64_16_4,16,shuffled_clock,5,2048,2255,16,0,74,1303,0.032815964523281595,0.4221729490022173,128.0,0.08861822670402893,0.072265625,16,1,1.0,4.625,2048,2048,0,74,0,0,1,1,7331227093609247519
v16e_design_calibration_not_fresh_evidence,v16c,3203,51059,exposure_matched_local,1156097062,compact_64_16_4,16,shuffled_clock,6,2048,2255,16,0,76,1316,0.03370288248337029,0.4164079822616408,128.0,0.11636866703140784,0.0751953125,16,1,1.0,4.75,2048,2048,0,76,0,0,1,1,2353686690881392831
v16e_design_calibration_not_fresh_evidence,v16c,3203,51059,exposure_matched_local,1156097062,compact_64_16_4,16,shuffled_clock,7,2048,2255,16,0,71,1325,0.03148558758314856,0.4124168514412417,128.0,0.08448102905879717,0.06982421875,16,1,1.0,4.4375,2048,2048,0,71,0,0,1,1,8508258878778357746
v16e_design_calibration_not_fresh_evidence,v16c,3203,51059,exposure_matched_local,1156097062,compact_64_16_4,16,shuffled_clock,8,2048,2255,16,0,72,1320,0.031929046563192905,0.4146341463414634,128.0,0.111839787288931,0.07177734375,16,1,1.0,4.5,2048,2048,0,72,0,0,1,1,8010043233392468031
v16e_design_calibration_not_fresh_evidence,v16c,3203,51059,exposure_matched_local,1156097062,compact_64_16_4,16,shuffled_clock,9,2048,2255,16,0,76,1313,0.03370288248337029,0.4177383592017738,128.0,0.15862774163640692,0.07861328125,16,1,1.0,4.75,2048,2048,0,76,0,0,1,1,17224452453243890274
v16e_design_calibration_not_fresh_evidence,v16c,3203,51059,exposure_matched_local,1156097062,compact_64_16_4,16,shuffled_clock,10,2048,2255,16,0,73,1311,0.03237250554323725,0.41862527716186254,128.0,0.10874072038952719,0.07861328125,16,1,1.0,4.5625,2048,2048,0,73,0,0,1,1,17848671324831598105
v16e_design_calibration_not_fresh_evidence,v16c,3203,51059,exposure_matched_local,1156097062,compact_64_16_4,16,shuffled_clock,11,2048,2255,16,0,77,1293,0.03414634146341464,0.4266075388026608,128.0,0.1206940648568382,0.080078125,16,1,1.0,4.8125,2048,2048,0,77,0,0,1,1,1105998673282158734
v16e_design_calibration_not_fresh_evidence,v16c,3203,51059,exposure_matched_local,1156097062,compact_64_16_4,16,shuffled_clock,12,2048,2255,16,0,70,1322,0.031042128603104215,0.41374722838137473,128.0,0.12561696699026503,0.07666015625,16,1,1.0,4.375,2048,2048,0,70,0,0,1,1,13777609153961960613
v16e_design_calibration_not_fresh_evidence,v16c,3203,51059,exposure_matched_local,1156097062,compact_64_16_4,16,shuffled_clock,13,2048,2255,16,0,74,1308,0.032815964523281595,0.4199556541019956,128.0,0.094657070192881,0.072265625,16,1,1.0,4.625,2048,2048,0,74,0,0,1,1,6855217277689277362
v16e_design_calibration_not_fresh_evidence,v16c,3203,51059,exposure_matched_local,1156097062,compact_64_16_4,16,shuffled_clock,14,2048,2255,16,0,75,1324,0.03325942350332594,0.412860310421286,128.0,0.13696035200317402,0.0810546875,16,1,1.0,4.6875,2048,2048,0,75,0,0,1,1,10378339013110744082
v16e_design_calibration_not_fresh_evidence,v16c,3203,51059,exposure_matched_local,1156097062,compact_64_16_4,16,shuffled_clock,15,2048,2255,16,0,72,1310,0.031929046563192905,0.4190687361419069,128.0,0.09500034265289081,0.07666015625,16,1,1.0,4.5,2048,2048,0,72,0,0,1,1,8272637069609888957
v16e_design_calibration_not_fresh_evidence,v16c,3203,51059,exposure_matched_local,1156097062,compact_64_16_4,4,clock,-1,2048,2255,4,0,6,2026,0.0026607538802660754,0.1015521064301552,512.0,0.5346570436241115,0.4345703125,4,1,1.0,1.5,2048,2048,0,6,0,0,1,1,
v16e_design_calibration_not_fresh_evidence,v16c,3203,51059,exposure_matched_local,1156097062,compact_64_16_4,4,event_count,-1,2048,2255,4,0,6,1959,0.0026607538802660754,0.13126385809312638,512.0,0.0,0.25,4,1,1.0,1.5,2048,2048,0,6,0,0,1,1,
v16e_design_calibration_not_fresh_evidence,v16c,3203,51059,exposure_matched_local,1156097062,compact_64_16_4,4,shuffled_clock,0,2048,2255,4,0,6,1966,0.0026607538802660754,0.12815964523281598,512.0,0.07525658691236214,0.27197265625,4,1,1.0,1.5,2048,2048,0,6,0,0,1,1,17500030095366137350
v16e_design_calibration_not_fresh_evidence,v16c,3203,51059,exposure_matched_local,1156097062,compact_64_16_4,4,shuffled_clock,1,2048,2255,4,0,6,1959,0.0026607538802660754,0.13126385809312638,512.0,0.03185450474667986,0.2587890625,4,1,1.0,1.5,2048,2048,0,6,0,0,1,1,5560388035537560885
v16e_design_calibration_not_fresh_evidence,v16c,3203,51059,exposure_matched_local,1156097062,compact_64_16_4,4,shuffled_clock,2,2048,2255,4,0,6,1962,0.0026607538802660754,0.12993348115299336,512.0,0.05257740913950512,0.26318359375,4,1,1.0,1.5,2048,2048,0,6,0,0,1,1,1683929644570739751
v16e_design_calibration_not_fresh_evidence,v16c,3203,51059,exposure_matched_local,1156097062,compact_64_16_4,4,shuffled_clock,3,2048,2255,4,0,6,1959,0.0026607538802660754,0.13126385809312638,512.0,0.028482607883108538,0.255859375,4,1,1.0,1.5,2048,2048,0,6,0,0,1,1,5824690875952862029
v16e_design_calibration_not_fresh_evidence,v16c,3203,51059,exposure_matched_local,1156097062,compact_64_16_4,4,shuffled_clock,4,2048,2255,4,0,6,1963,0.0026607538802660754,0.129490022172949,512.0,0.04535849856341238,0.265625,4,1,1.0,1.5,2048,2048,0,6,0,0,1,1,17123102059713854907
v16e_design_calibration_not_fresh_evidence,v16c,3203,51059,exposure_matched_local,1156097062,compact_64_16_4,4,shuffled_clock,5,2048,2255,4,0,6,1965,0.0026607538802660754,0.1286031042128603,512.0,0.062009796353076345,0.2685546875,4,1,1.0,1.5,2048,2048,0,6,0,0,1,1,3860100642632611578
v16e_design_calibration_not_fresh_evidence,v16c,3203,51059,exposure_matched_local,1156097062,compact_64_16_4,4,shuffled_clock,6,2048,2255,4,0,6,1962,0.0026607538802660754,0.12993348115299336,512.0,0.04410777261967271,0.265625,4,1,1.0,1.5,2048,2048,0,6,0,0,1,1,17019035485329080883
v16e_design_calibration_not_fresh_evidence,v16c,3203,51059,exposure_matched_local,1156097062,compact_64_16_4,4,shuffled_clock,7,2048,2255,4,0,6,1959,0.0026607538802660754,0.13126385809312638,512.0,0.040563605451680244,0.2607421875,4,1,1.0,1.5,2048,2048,0,6,0,0,1,1,4572515316276814263
v16e_design_calibration_not_fresh_evidence,v16c,3203,51059,exposure_matched_local,1156097062,compact_64_16_4,4,shuffled_clock,8,2048,2255,4,0,6,1957,0.0026607538802660754,0.13215077605321507,512.0,0.023054597929200227,0.2548828125,4,1,1.0,1.5,2048,2048,0,6,0,0,1,1,6983525229326905305
v16e_design_calibration_not_fresh_evidence,v16c,3203,51059,exposure_matched_local,1156097062,compact_64_16_4,4,shuffled_clock,9,2048,2255,4,0,6,1956,0.0026607538802660754,0.13259423503325943,512.0,0.0534171653561615,0.25732421875,4,1,1.0,1.5,2048,2048,0,6,0,0,1,1,8557889100064460344
v16e_design_calibration_not_fresh_evidence,v16c,3203,51059,exposure_matched_local,1156097062,compact_64_16_4,4,shuffled_clock,10,2048,2255,4,0,6,1972,0.0026607538802660754,0.12549889135254988,512.0,0.11024348274742253,0.275390625,4,1,1.0,1.5,2048,2048,0,6,0,0,1,1,17505053386904409437
v16e_design_calibration_not_fresh_evidence,v16c,3203,51059,exposure_matched_local,1156097062,compact_64_16_4,4,shuffled_clock,11,2048,2255,4,0,6,1959,0.0026607538802660754,0.13126385809312638,512.0,0.024653771131199854,0.25537109375,4,1,1.0,1.5,2048,2048,0,6,0,0,1,1,7723636278111775772
v16e_design_calibration_not_fresh_evidence,v16c,3203,51059,exposure_matched_local,1156097062,compact_64_16_4,4,shuffled_clock,12,2048,2255,4,0,6,1960,0.0026607538802660754,0.13082039911308205,512.0,0.04690211889147884,0.26513671875,4,1,1.0,1.5,2048,2048,0,6,0,0,1,1,7976184893212709199
v16e_design_calibration_not_fresh_evidence,v16c,3203,51059,exposure_matched_local,1156097062,compact_64_16_4,4,shuffled_clock,13,2048,2255,4,0,6,1956,0.0026607538802660754,0.13259423503325943,512.0,0.0766959137346557,0.26416015625,4,1,1.0,1.5,2048,2048,0,6,0,0,1,1,6220532203251515969
v16e_design_calibration_not_fresh_evidence,v16c,3203,51059,exposure_matched_local,1156097062,compact_64_16_4,4,shuffled_clock,14,2048,2255,4,0,6,1962,0.0026607538802660754,0.12993348115299336,512.0,0.02966350455701697,0.25732421875,4,1,1.0,1.5,2048,2048,0,6,0,0,1,1,4587853077933504327
v16e_design_calibration_not_fresh_evidence,v16c,3203,51059,exposure_matched_local,1156097062,compact_64_16_4,4,shuffled_clock,15,2048,2255,4,0,6,1960,0.0026607538802660754,0.13082039911308205,512.0,0.03756910949545184,0.25830078125,4,1,1.0,1.5,2048,2048,0,6,0,0,1,1,15206336528471025492
v16e_design_calibration_not_fresh_evidence,v16c,3203,51091,current_global,1056097094,wide_128_32_8,128,clock,-1,2048,2307,128,0,948,233,0.41092327698309494,0.8990030342436064,16.0,0.7138602501140635,0.0234375,115,3,0.9965551181102362,7.40625,2048,2048,0,948,0,0,1,1,
v16e_design_calibration_not_fresh_evidence,v16c,3203,51091,current_global,1056097094,wide_128_32_8,128,event_count,-1,2048,2307,128,0,1190,233,0.5158214130905938,0.8990030342436064,16.0,0.0,0.0078125,118,2,0.9984005905511811,9.296875,2048,2048,0,1190,0,0,1,1,
v16e_design_calibration_not_fresh_evidence,v16c,3203,51091,current_global,1056097094,wide_128_32_8,128,shuffled_clock,0,2048,2307,128,0,1123,247,0.48677936714347636,0.8929345470307759,16.0,0.35847789002642166,0.01513671875,115,2,0.9974163385826772,8.7734375,2048,2048,0,1123,0,0,1,1,13350946906249476168
v16e_design_calibration_not_fresh_evidence,v16c,3203,51091,current_global,1056097094,wide_128_32_8,128,shuffled_clock,1,2048,2307,128,0,1137,270,0.4928478543563069,0.88296488946684,16.0,0.3510214285582671,0.01416015625,113,2,0.9963090551181102,8.8828125,2048,2048,0,1137,0,0,1,1,10388250174512570078
v16e_design_calibration_not_fresh_evidence,v16c,3203,51091,current_global,1056097094,wide_128_32_8,128,shuffled_clock,2,2048,2307,128,0,1123,255,0.48677936714347636,0.8894668400520156,16.0,0.3620636118903944,0.0146484375,113,2,0.9971702755905512,8.7734375,2048,2048,0,1123,0,0,1,1,9735850903762023604
v16e_design_calibration_not_fresh_evidence,v16c,3203,51091,current_global,1056097094,wide_128_32_8,128,shuffled_clock,3,2048,2307,128,0,1135,255,0.4919809276116168,0.8894668400520156,16.0,0.3682963812060184,0.01513671875,108,2,0.9958169291338582,8.8671875,2048,2048,0,1135,0,0,1,1,12741145461561520465
v16e_design_calibration_not_fresh_evidence,v16c,3203,51091,current_global,1056097094,wide_128_32_8,128,shuffled_clock,4,2048,2307,128,0,1114,262,0.48287819679237104,0.8864325964456004,16.0,0.34474399950811385,0.01513671875,108,3,0.9949557086614174,8.703125,2048,2048,0,1114,0,0,1,1,2535926417465471777
v16e_design_calibration_not_fresh_evidence,v16c,3203,51091,current_global,1056097094,wide_128_32_8,128,shuffled_clock,5,2048,2307,128,0,1141,254,0.49458170784568706,0.8899003034243607,16.0,0.3563264008419919,0.01513671875,117,2,0.9971702755905512,8.9140625,2048,2048,0,1141,0,0,1,1,11728961585673646107
v16e_design_calibration_not_fresh_evidence,v16c,3203,51091,current_global,1056097094,wide_128_32_8,128,shuffled_clock,6,2048,2307,128,0,1118,240,0.4846120502817512,0.8959687906371911,16.0,0.34705595319151245,0.0146484375,112,3,0.9955708661417323,8.734375,2048,2048,0,1118,0,0,1,1,5223420514089345018
v16e_design_calibration_not_fresh_evidence,v16c,3203,51091,current_global,1056097094,wide_128_32_8,128,shuffled_clock,7,2048,2307,128,0,1134,264,0.49154746423927176,0.8855656697009102,16.0,0.35528905831819524,0.01611328125,109,3,0.9950787401574803,8.859375,2048,2048,0,1134,0,0,1,1,11253163107839996283
v16e_design_calibration_not_fresh_evidence,v16c,3203,51091,current_global,1056097094,wide_128_32_8,128,shuffled_clock,8,2048,2307,128,0,1130,252,0.48981361074989166,0.8907672301690507,16.0,0.32281213912329,0.0146484375,116,3,0.9966781496062992,8.828125,2048,2048,0,1130,0,0,1,1,7652635324064533048
v16e_design_calibration_not_fresh_evidence,v16c,3203,51091,current_global,1056097094,wide_128_32_8,128,shuffled_clock,9,2048,2307,128,0,1135,254,0.4919809276116168,0.8899003034243607,16.0,0.3292275019367247,0.0146484375,112,3,0.9960629921259843,8.8671875,2048,2048,0,1135,0,0,1,1,1547906279838480489
v16e_design_calibration_not_fresh_evidence,v16c,3203,51091,current_global,1056097094,wide_128_32_8,128,shuffled_clock,10,2048,2307,128,0,1151,262,0.4989163415691374,0.8864325964456004,16.0,0.3398920046178633,0.015625,115,3,0.9965551181102362,8.9921875,2048,2048,0,1151,0,0,1,1,12716954911450974914
v16e_design_calibration_not_fresh_evidence,v16c,3203,51091,current_global,1056097094,wide_128_32_8,128,shuffled_clock,11,2048,2307,128,0,1159,264,0.5023840485478978,0.8855656697009102,16.0,0.3190745414352671,0.0146484375,120,2,0.9984005905511811,9.0546875,2048,2048,0,1159,0,0,1,1,6101335000515309502
v16e_design_calibration_not_fresh_evidence,v16c,3203,51091,current_global,1056097094,wide_128_32_8,128,shuffled_clock,12,2048,2307,128,0,1153,257,0.49978326831382747,0.8885999133073256,16.0,0.3341423090199225,0.0146484375,119,2,0.9974163385826772,9.0078125,2048,2048,0,1153,0,0,1,1,16915555682266369203
v16e_design_calibration_not_fresh_evidence,v16c,3203,51091,current_global,1056097094,wide_128_32_8,128,shuffled_clock,13,2048,2307,128,0,1137,259,0.4928478543563069,0.8877329865626354,16.0,0.3200370610920569,0.0166015625,115,2,0.9975393700787402,8.8828125,2048,2048,0,1137,0,0,1,1,13876918406221222463
v16e_design_calibration_not_fresh_evidence,v16c,3203,51091,current_global,1056097094,wide_128_32_8,128,shuffled_clock,14,2048,2307,128,0,1113,267,0.48244473342002603,0.8842652795838751,16.0,0.35468254076625966,0.0185546875,107,3,0.9942175196850394,8.6953125,2048,2048,0,1113,0,0,1,1,10943644400403709663
v16e_design_calibration_not_fresh_evidence,v16c,3203,51091,current_global,1056097094,wide_128_32_8,128,shuffled_clock,15,2048,2307,128,0,1113,252,0.48244473342002603,0.8907672301690507,16.0,0.3590779969226961,0.01611328125,111,3,0.9963090551181102,8.6953125,2048,2048,0,1113,0,0,1,1,7810442852726867459
v16e_design_calibration_not_fresh_evidence,v16c,3203,51091,current_global,1056097094,wide_128_32_8,32,clock,-1,2048,2307,32,0,166,817,0.07195491980927611,0.6458604247941049,64.0,0.6856647057488648,0.078125,32,1,1.0,5.1875,2048,2048,0,166,0,0,1,1,
v16e_design_calibration_not_fresh_evidence,v16c,3203,51091,current_global,1056097094,wide_128_32_8,32,event_count,-1,2048,2307,32,0,211,721,0.09146077156480277,0.6874729085392285,64.0,0.0,0.03125,32,1,1.0,6.59375,2048,2048,0,211,0,0,1,1,
v16e_design_calibration_not_fresh_evidence,v16c,3203,51091,current_global,1056097094,wide_128_32_8,32,shuffled_clock,0,2048,2307,32,0,213,736,0.09232769830949285,0.6809709579540529,64.0,0.17925416718060672,0.04296875,32,1,1.0,6.65625,2048,2048,0,213,0,0,1,1,1994200844476783641
v16e_design_calibration_not_fresh_evidence,v16c,3203,51091,current_global,1056097094,wide_128_32_8,32,shuffled_clock,1,2048,2307,32,0,214,736,0.09276116168183789,0.6809709579540529,64.0,0.18385228665004852,0.04345703125,32,1,1.0,6.6875,2048,2048,0,214,0,0,1,1,9921848922896866307
v16e_design_calibration_not_fresh_evidence,v16c,3203,51091,current_global,1056097094,wide_128_32_8,32,shuffled_clock,2,2048,2307,32,0,216,718,0.09362808842652796,0.6887732986562636,64.0,0.1765091894254033,0.04345703125,32,1,1.0,6.75,2048,2048,0,216,0,0,1,1,251625745698519277
v16e_design_calibration_not_fresh_evidence,v16c,3203,51091,current_global,1056097094,wide_128_32_8,32,shuffled_clock,3,2048,2307,32,0,218,757,0.09449501517121803,0.6718682271348071,64.0,0.18804524217549007,0.04345703125,32,1,1.0,6.8125,2048,2048,0,218,0,0,1,1,11340208291688802044
v16e_design_calibration_not_fresh_evidence,v16c,3203,51091,current_global,1056097094,wide_128_32_8,32,shuffled_clock,4,2048,2307,32,0,214,729,0.09276116168183789,0.6840052015604682,64.0,0.19426635149346025,0.0439453125,32,1,1.0,6.6875,2048,2048,0,214,0,0,1,1,13757583942470685302
v16e_design_calibration_not_fresh_evidence,v16c,3203,51091,current_global,1056097094,wide_128_32_8,32,shuffled_clock,5,2048,2307,32,0,212,729,0.09189423493714781,0.6840052015604682,64.0,0.16706521568035215,0.03955078125,32,1,1.0,6.625,2048,2048,0,212,0,0,1,1,5594593307063396554
v16e_design_calibration_not_fresh_evidence,v16c,3203,51091,current_global,1056097094,wide_128_32_8,32,shuffled_clock,6,2048,2307,32,0,222,734,0.09622886866059818,0.681837884698743,64.0,0.16711234932938707,0.0400390625,32,1,1.0,6.9375,2048,2048,0,222,0,0,1,1,10461461063116142462
v16e_design_calibration_not_fresh_evidence,v16c,3203,51091,current_global,1056097094,wide_128_32_8,32,shuffled_clock,7,2048,2307,32,0,219,732,0.09492847854356307,0.682704811443433,64.0,0.17503059928333636,0.04345703125,32,1,1.0,6.84375,2048,2048,0,219,0,0,1,1,4492374957663795611
v16e_design_calibration_not_fresh_evidence,v16c,3203,51091,current_global,1056097094,wide_128_32_8,32,shuffled_clock,8,2048,2307,32,0,217,739,0.09406155179887299,0.6796705678370177,64.0,0.16597744757899704,0.04150390625,32,1,1.0,6.78125,2048,2048,0,217,0,0,1,1,5065016186719942283
v16e_design_calibration_not_fresh_evidence,v16c,3203,51091,current_global,1056097094,wide_128_32_8,32,shuffled_clock,9,2048,2307,32,0,207,748,0.08972691807542263,0.6757693974859125,64.0,0.15503560335113872,0.0400390625,32,1,1.0,6.46875,2048,2048,0,207,0,0,1,1,13474771164262057763
v16e_design_calibration_not_fresh_evidence,v16c,3203,51091,current_global,1056097094,wide_128_32_8,32,shuffled_clock,10,2048,2307,32,0,211,740,0.09146077156480277,0.6792371044646728,64.0,0.18423740765390795,0.0498046875,32,1,1.0,6.59375,2048,2048,0,211,0,0,1,1,16183711688813907024
v16e_design_calibration_not_fresh_evidence,v16c,3203,51091,current_global,1056097094,wide_128_32_8,32,shuffled_clock,11,2048,2307,32,0,208,746,0.09016038144776767,0.6766363242306025,64.0,0.179298096642651,0.04248046875,32,1,1.0,6.5,2048,2048,0,208,0,0,1,1,17002359747049223880
v16e_design_calibration_not_fresh_evidence,v16c,3203,51091,current_global,1056097094,wide_128_32_8,32,shuffled_clock,12,2048,2307,32,0,222,740,0.09622886866059818,0.6792371044646728,64.0,0.17494058611241373,0.04638671875,32,1,1.0,6.9375,2048,2048,0,222,0,0,1,1,9206325409089977229
v16e_design_calibration_not_fresh_evidence,v16c,3203,51091,current_global,1056097094,wide_128_32_8,32,shuffled_clock,13,2048,2307,32,0,213,758,0.09232769830949285,0.671434763762462,64.0,0.18061101212720365,0.0458984375,32,1,1.0,6.65625,2048,2048,0,213,0,0,1,1,9639520879965590235
v16e_design_calibration_not_fresh_evidence,v16c,3203,51091,current_global,1056097094,wide_128_32_8,32,shuffled_clock,14,2048,2307,32,0,221,737,0.09579540528825314,0.6805374945817079,64.0,0.2065277943491134,0.0478515625,32,1,1.0,6.90625,2048,2048,0,221,0,0,1,1,298053186081452321
v16e_design_calibration_not_fresh_evidence,v16c,3203,51091,current_global,1056097094,wide_128_32_8,32,shuffled_clock,15,2048,2307,32,0,210,735,0.09102730819245773,0.6814044213263979,64.0,0.1909956404670519,0.0439453125,32,1,1.0,6.5625,2048,2048,0,210,0,0,1,1,15246522018519856336
v16e_design_calibration_not_fresh_evidence,v16c,3203,51091,current_global,1056097094,wide_128_32_8,8,clock,-1,2048,2307,8,0,23,1716,0.009969657563935847,0.25617685305591675,256.0,0.7029265592989478,0.283203125,8,1,1.0,2.875,2048,2048,0,23,0,0,1,1,
v16e_design_calibration_not_fresh_evidence,v16c,3203,51091,current_global,1056097094,wide_128_32_8,8,event_count,-1,2048,2307,8,0,26,1535,0.011270047680970958,0.33463372345036846,256.0,0.0,0.125,8,1,1.0,3.25,2048,2048,0,26,0,0,1,1,
v16e_design_calibration_not_fresh_evidence,v16c,3203,51091,current_global,1056097094,wide_128_32_8,8,shuffled_clock,0,2048,2307,8,0,25,1539,0.010836584308625921,0.3328998699609883,256.0,0.07926071813787801,0.1416015625,8,1,1.0,3.125,2048,2048,0,25,0,0,1,1,3566327251380126408
v16e_design_calibration_not_fresh_evidence,v16c,3203,51091,current_global,1056097094,wide_128_32_8,8,shuffled_clock,1,2048,2307,8,0,25,1527,0.010836584308625921,0.3381014304291287,256.0,0.11261542317971561,0.14453125,8,1,1.0,3.125,2048,2048,0,25,0,0,1,1,6598459877209008265
v16e_design_calibration_not_fresh_evidence,v16c,3203,51091,current_global,1056097094,wide_128_32_8,8,shuffled_clock,2,2048,2307,8,0,26,1534,0.011270047680970958,0.33506718682271347,256.0,0.051059505507579796,0.13623046875,8,1,1.0,3.25,2048,2048,0,26,0,0,1,1,779437458114120558
v16e_design_calibration_not_fresh_evidence,v16c,3203,51091,current_global,1056097094,wide_128_32_8,8,shuffled_clock,3,2048,2307,8,0,26,1535,0.011270047680970958,0.33463372345036846,256.0,0.043598270054965645,0.1298828125,8,1,1.0,3.25,2048,2048,0,26,0,0,1,1,16338986379871156660
v16e_design_calibration_not_fresh_evidence,v16c,3203,51091,current_global,1056097094,wide_128_32_8,8,shuffled_clock,4,2048,2307,8,0,26,1529,0.011270047680970958,0.3372345036844387,256.0,0.089027248662779,0.140625,8,1,1.0,3.25,2048,2048,0,26,0,0,1,1,13165640415286030847
v16e_design_calibration_not_fresh_evidence,v16c,3203,51091,current_global,1056097094,wide_128_32_8,8,shuffled_clock,5,2048,2307,8,0,26,1533,0.011270047680970958,0.33550065019505854,256.0,0.09210801658243434,0.142578125,8,1,1.0,3.25,2048,2048,0,26,0,0,1,1,11340683977310779492
v16e_design_calibration_not_fresh_evidence,v16c,3203,51091,current_global,1056097094,wide_128_32_8,8,shuffled_clock,6,2048,2307,8,0,24,1550,0.010403120936280884,0.3281317728651929,256.0,0.10897567409584057,0.142578125,8,1,1.0,3.0,2048,2048,0,24,0,0,1,1,15430017152700652945
v16e_design_calibration_not_fresh_evidence,v16c,3203,51091,current_global,1056097094,wide_128_32_8,8,shuffled_clock,7,2048,2307,8,0,25,1539,0.010836584308625921,0.3328998699609883,256.0,0.10328636590420068,0.15185546875,8,1,1.0,3.125,2048,2048,0,25,0,0,1,1,5786734577797462469
v16e_design_calibration_not_fresh_evidence,v16c,3203,51091,current_global,1056097094,wide_128_32_8,8,shuffled_clock,8,2048,2307,8,0,26,1540,0.011270047680970958,0.33246640658864324,256.0,0.0659946540550012,0.134765625,8,1,1.0,3.25,2048,2048,0,26,0,0,1,1,15356664582975106641
v16e_design_calibration_not_fresh_evidence,v16c,3203,51091,current_global,1056097094,wide_128_32_8,8,shuffled_clock,9,2048,2307,8,0,24,1538,0.010403120936280884,0.3333333333333333,256.0,0.10039681314307598,0.14404296875,8,1,1.0,3.0,2048,2048,0,24,0,0,1,1,15328530750418054355
v16e_design_calibration_not_fresh_evidence,v16c,3203,51091,current_global,1056097094,wide_128_32_8,8,shuffled_clock,10,2048,2307,8,0,26,1536,0.011270047680970958,0.3342002600780234,256.0,0.054965809685430814,0.13720703125,8,1,1.0,3.25,2048,2048,0,26,0,0,1,1,8721658981712209453
v16e_design_calibration_not_fresh_evidence,v16c,3203,51091,current_global,1056097094,wide_128_32_8,8,shuffled_clock,11,2048,2307,8,0,24,1543,0.010403120936280884,0.33116601647160815,256.0,0.10626148834949566,0.14306640625,8,1,1.0,3.0,2048,2048,0,24,0,0,1,1,17732013263769072796
v16e_design_calibration_not_fresh_evidence,v16c,3203,51091,current_global,1056097094,wide_128_32_8,8,shuffled_clock,12,2048,2307,8,0,26,1543,0.011270047680970958,0.33116601647160815,256.0,0.06315919114696836,0.13623046875,8,1,1.0,3.25,2048,2048,0,26,0,0,1,1,6044850752637194493
v16e_design_calibration_not_fresh_evidence,v16c,3203,51091,current_global,1056097094,wide_128_32_8,8,shuffled_clock,13,2048,2307,8,0,26,1543,0.011270047680970958,0.33116601647160815,256.0,0.043095389679258536,0.1318359375,8,1,1.0,3.25,2048,2048,0,26,0,0,1,1,6194491700912103592
v16e_design_calibration_not_fresh_evidence,v16c,3203,51091,current_global,1056097094,wide_128_32_8,8,shuffled_clock,14,2048,2307,8,0,26,1525,0.011270047680970958,0.3389683571738188,256.0,0.13536478802500143,0.14794921875,8,1,1.0,3.25,2048,2048,0,26,0,0,1,1,1448715806125576082
v16e_design_calibration_not_fresh_evidence,v16c,3203,51091,current_global,1056097094,wide_128_32_8,8,shuffled_clock,15,2048,2307,8,0,24,1542,0.010403120936280884,0.33159947984395316,256.0,0.06906128796609368,0.13427734375,8,1,1.0,3.0,2048,2048,0,24,0,0,1,1,10789308093319790442
v16e_design_calibration_not_fresh_evidence,v16c,3203,51091,current_global,1056097094,compact_64_16_4,64,clock,-1,2048,2307,64,0,422,486,0.18292154312960554,0.7893368010403121,32.0,0.6957255049044868,0.04296875,64,1,1.0,6.59375,2048,2048,0,422,0,0,1,1,
v16e_design_calibration_not_fresh_evidence,v16c,3203,51091,current_global,1056097094,compact_64_16_4,64,event_count,-1,2048,2307,64,0,550,426,0.23840485478977028,0.8153446033810143,32.0,0.0,0.015625,64,1,1.0,8.59375,2048,2048,0,550,0,0,1,1,
v16e_design_calibration_not_fresh_evidence,v16c,3203,51091,current_global,1056097094,compact_64_16_4,64,shuffled_clock,0,2048,2307,64,0,541,462,0.23450368443866493,0.7997399219765929,32.0,0.2748105407973525,0.02734375,64,1,1.0,8.453125,2048,2048,0,541,0,0,1,1,642206350293414933
v16e_design_calibration_not_fresh_evidence,v16c,3203,51091,current_global,1056097094,compact_64_16_4,64,shuffled_clock,1,2048,2307,64,0,541,428,0.23450368443866493,0.8144776766363242,32.0,0.2517301244498869,0.02392578125,64,1,1.0,8.453125,2048,2048,0,541,0,0,1,1,1065036249922146800
v16e_design_calibration_not_fresh_evidence,v16c,3203,51091,current_global,1056097094,compact_64_16_4,64,shuffled_clock,2,2048,2307,64,0,540,448,0.2340702210663199,0.8058084091894235,32.0,0.2672612419124244,0.02587890625,64,1,1.0,8.4375,2048,2048,0,540,0,0,1,1,11262065431545056950
v16e_design_calibration_not_fresh_evidence,v16c,3203,51091,current_global,1056097094,compact_64_16_4,64,shuffled_clock,3,2048,2307,64,0,531,443,0.23016905071521457,0.8079757260511486,32.0,0.23245743337938957,0.0224609375,64,1,1.0,8.296875,2048,2048,0,531,0,0,1,1,6070065247424103012
v16e_design_calibration_not_fresh_evidence,v16c,3203,51091,current_global,1056097094,compact_64_16_4,64,shuffled_clock,4,2048,2307,64,0,541,433,0.23450368443866493,0.8123103597745991,32.0,0.24225349523253725,0.02587890625,64,1,1.0,8.453125,2048,2048,0,541,0,0,1,1,9337227889386114347
v16e_design_calibration_not_fresh_evidence,v16c,3203,51091,current_global,1056097094,compact_64_16_4,64,shuffled_clock,5,2048,2307,64,0,542,419,0.23493714781100997,0.8183788469874296,32.0,0.24186927057321492,0.025390625,64,1,1.0,8.46875,2048,2048,0,542,0,0,1,1,3057133252480503006
v16e_design_calibration_not_fresh_evidence,v16c,3203,51091,current_global,1056097094,compact_64_16_4,64,shuffled_clock,6,2048,2307,64,0,530,432,0.22973558734286953,0.812743823146944,32.0,0.2525293673005307,0.0244140625,64,1,1.0,8.28125,2048,2048,0,530,0,0,1,1,15106924092803962755
v16e_design_calibration_not_fresh_evidence,v16c,3203,51091,current_global,1056097094,compact_64_16_4,64,shuffled_clock,7,2048,2307,64,0,546,449,0.23667100130039012,0.8053749458170785,32.0,0.25228371610688316,0.02392578125,64,1,1.0,8.53125,2048,2048,0,546,0,0,1,1,12965195208803075872
v16e_design_calibration_not_fresh_evidence,v16c,3203,51091,current_global,1056097094,compact_64_16_4,64,shuffled_clock,8,2048,2307,64,0,554,445,0.2401387082791504,0.8071087993064586,32.0,0.2411632688081297,0.02294921875,64,1,1.0,8.65625,2048,2048,0,554,0,0,1,1,6021818845297310322
v16e_design_calibration_not_fresh_evidence,v16c,3203,51091,current_global,1056097094,compact_64_16_4,64,shuffled_clock,9,2048,2307,64,0,539,440,0.23363675769397485,0.8092761161681837,32.0,0.2727155292986355,0.02685546875,64,1,1.0,8.421875,2048,2048,0,539,0,0,1,1,8911886673033830372
v16e_design_calibration_not_fresh_evidence,v16c,3203,51091,current_global,1056097094,compact_64_16_4,64,shuffled_clock,10,2048,2307,64,0,546,433,0.23667100130039012,0.8123103597745991,32.0,0.22733303222295378,0.02294921875,63,2,0.9995039682539683,8.53125,2048,2048,0,546,0,0,1,1,3130320985469135539
v16e_design_calibration_not_fresh_evidence,v16c,3203,51091,current_global,1056097094,compact_64_16_4,64,shuffled_clock,11,2048,2307,64,0,532,420,0.2306025140875596,0.8179453836150845,32.0,0.2347137102805262,0.025390625,64,1,1.0,8.3125,2048,2048,0,532,0,0,1,1,314210786769874080
v16e_design_calibration_not_fresh_evidence,v16c,3203,51091,current_global,1056097094,compact_64_16_4,64,shuffled_clock,12,2048,2307,64,0,551,441,0.23883831816211532,0.8088426527958388,32.0,0.25412031193217893,0.02490234375,64,1,1.0,8.609375,2048,2048,0,551,0,0,1,1,14646991638054491291
v16e_design_calibration_not_fresh_evidence,v16c,3203,51091,current_global,1056097094,compact_64_16_4,64,shuffled_clock,13,2048,2307,64,0,543,440,0.235370611183355,0.8092761161681837,32.0,0.24562137755315824,0.0283203125,63,2,0.9995039682539683,8.484375,2048,2048,0,543,0,0,1,1,5179720573075177924
v16e_design_calibration_not_fresh_evidence,v16c,3203,51091,current_global,1056097094,compact_64_16_4,64,shuffled_clock,14,2048,2307,64,0,554,428,0.2401387082791504,0.8144776766363242,32.0,0.2758801751336004,0.02783203125,63,2,0.9995039682539683,8.65625,2048,2048,0,554,0,0,1,1,2800360846178592632
v16e_design_calibration_not_fresh_evidence,v16c,3203,51091,current_global,1056097094,compact_64_16_4,64,shuffled_clock,15,2048,2307,64,0,538,428,0.2332032943216298,0.8144776766363242,32.0,0.2271966187499906,0.0244140625,64,1,1.0,8.40625,2048,2048,0,538,0,0,1,1,10159812128771819428
v16e_design_calibration_not_fresh_evidence,v16c,3203,51091,current_global,1056097094,compact_64_16_4,16,clock,-1,2048,2307,16,0,59,1282,0.025574338968357174,0.4442999566536628,128.0,0.6893618255767431,0.154296875,16,1,1.0,3.6875,2048,2048,0,59,0,0,1,1,
v16e_design_calibration_not_fresh_evidence,v16c,3203,51091,current_global,1056097094,compact_64_16_4,16,event_count,-1,2048,2307,16,0,75,1128,0.032509752925877766,0.5110533159947984,128.0,0.0,0.0625,16,1,1.0,4.6875,2048,2048,0,75,0,0,1,1,
v16e_design_calibration_not_fresh_evidence,v16c,3203,51091,current_global,1056097094,compact_64_16_4,16,shuffled_clock,0,2048,2307,16,0,75,1107,0.032509752925877766,0.5201560468140443,128.0,0.13279718048901992,0.07421875,16,1,1.0,4.6875,2048,2048,0,75,0,0,1,1,2202305246549280040
v16e_design_calibration_not_fresh_evidence,v16c,3203,51091,current_global,1056097094,compact_64_16_4,16,shuffled_clock,1,2048,2307,16,0,77,1137,0.03337667967056784,0.5071521456436932,128.0,0.14197844063155035,0.07861328125,16,1,1.0,4.8125,2048,2048,0,77,0,0,1,1,4142063427194833227
v16e_design_calibration_not_fresh_evidence,v16c,3203,51091,current_global,1056097094,compact_64_16_4,16,shuffled_clock,2,2048,2307,16,0,77,1132,0.03337667967056784,0.5093194625054183,128.0,0.1104117530353238,0.0791015625,16,1,1.0,4.8125,2048,2048,0,77,0,0,1,1,14815470265530767567
v16e_design_calibration_not_fresh_evidence,v16c,3203,51091,current_global,1056097094,compact_64_16_4,16,shuffled_clock,3,2048,2307,16,0,77,1132,0.03337667967056784,0.5093194625054183,128.0,0.11988221215704466,0.076171875,16,1,1.0,4.8125,2048,2048,0,77,0,0,1,1,3516737093695934204
v16e_design_calibration_not_fresh_evidence,v16c,3203,51091,current_global,1056097094,compact_64_16_4,16,shuffled_clock,4,2048,2307,16,0,77,1131,0.03337667967056784,0.5097529258777633,128.0,0.137286766478055,0.07763671875,16,1,1.0,4.8125,2048,2048,0,77,0,0,1,1,15254169743380954175
v16e_design_calibration_not_fresh_evidence,v16c,3203,51091,current_global,1056097094,compact_64_16_4,16,shuffled_clock,5,2048,2307,16,0,74,1111,0.03207628955353273,0.5184221933246641,128.0,0.12375683903660975,0.076171875,16,1,1.0,4.625,2048,2048,0,74,0,0,1,1,10404063584536967147
v16e_design_calibration_not_fresh_evidence,v16c,3203,51091,current_global,1056097094,compact_64_16_4,16,shuffled_clock,6,2048,2307,16,0,73,1138,0.03164282618118769,0.5067186822713481,128.0,0.11916730404841198,0.07666015625,16,1,1.0,4.5625,2048,2048,0,73,0,0,1,1,9978186016961653049
v16e_design_calibration_not_fresh_evidence,v16c,3203,51091,current_global,1056097094,compact_64_16_4,16,shuffled_clock,7,2048,2307,16,0,78,1119,0.033810143042912875,0.5149544863459038,128.0,0.13374367196868295,0.08154296875,16,1,1.0,4.875,2048,2048,0,78,0,0,1,1,12691955051631882354
v16e_design_calibration_not_fresh_evidence,v16c,3203,51091,current_global,1056097094,compact_64_16_4,16,shuffled_clock,8,2048,2307,16,0,75,1130,0.032509752925877766,0.5101863892501084,128.0,0.11140234185524707,0.07421875,16,1,1.0,4.6875,2048,2048,0,75,0,0,1,1,7598873068637798938
v16e_design_calibration_not_fresh_evidence,v16c,3203,51091,current_global,1056097094,compact_64_16_4,16,shuffled_clock,9,2048,2307,16,0,73,1100,0.03164282618118769,0.5231902904204595,128.0,0.13820251407204331,0.076171875,16,1,1.0,4.5625,2048,2048,0,73,0,0,1,1,11853102741312925536
v16e_design_calibration_not_fresh_evidence,v16c,3203,51091,current_global,1056097094,compact_64_16_4,16,shuffled_clock,10,2048,2307,16,0,76,1130,0.0329432162982228,0.5101863892501084,128.0,0.12623091852500587,0.0751953125,16,1,1.0,4.75,2048,2048,0,76,0,0,1,1,1584717984638139191
v16e_design_calibration_not_fresh_evidence,v16c,3203,51091,current_global,1056097094,compact_64_16_4,16,shuffled_clock,11,2048,2307,16,0,78,1129,0.033810143042912875,0.5106198526224534,128.0,0.10336934436362971,0.0751953125,16,1,1.0,4.875,2048,2048,0,78,0,0,1,1,4760922413883347802
v16e_design_calibration_not_fresh_evidence,v16c,3203,51091,current_global,1056097094,compact_64_16_4,16,shuffled_clock,12,2048,2307,16,0,76,1128,0.0329432162982228,0.5110533159947984,128.0,0.1308214730558405,0.07470703125,16,1,1.0,4.75,2048,2048,0,76,0,0,1,1,17393324381386598525
v16e_design_calibration_not_fresh_evidence,v16c,3203,51091,current_global,1056097094,compact_64_16_4,16,shuffled_clock,13,2048,2307,16,0,77,1126,0.03337667967056784,0.5119202427394886,128.0,0.10985756640228898,0.07568359375,16,1,1.0,4.8125,2048,2048,0,77,0,0,1,1,10497436587477041937
v16e_design_calibration_not_fresh_evidence,v16c,3203,51091,current_global,1056097094,compact_64_16_4,16,shuffled_clock,14,2048,2307,16,0,77,1115,0.03337667967056784,0.516688339835284,128.0,0.11892804634876221,0.07275390625,16,1,1.0,4.8125,2048,2048,0,77,0,0,1,1,6252390232221833765
v16e_design_calibration_not_fresh_evidence,v16c,3203,51091,current_global,1056097094,compact_64_16_4,16,shuffled_clock,15,2048,2307,16,0,76,1128,0.0329432162982228,0.5110533159947984,128.0,0.10364452469860624,0.07421875,16,1,1.0,4.75,2048,2048,0,76,0,0,1,1,15793744079494415536
v16e_design_calibration_not_fresh_evidence,v16c,3203,51091,current_global,1056097094,compact_64_16_4,4,clock,-1,2048,2307,4,0,6,2043,0.002600780234070221,0.11443433029908973,512.0,0.7251084520625891,0.47900390625,4,1,1.0,1.5,2048,2048,0,6,0,0,1,1,
v16e_design_calibration_not_fresh_evidence,v16c,3203,51091,current_global,1056097094,compact_64_16_4,4,event_count,-1,2048,2307,4,0,6,1896,0.002600780234070221,0.17815344603381014,512.0,0.0,0.25,4,1,1.0,1.5,2048,2048,0,6,0,0,1,1,
v16e_design_calibration_not_fresh_evidence,v16c,3203,51091,current_global,1056097094,compact_64_16_4,4,shuffled_clock,0,2048,2307,4,0,6,1899,0.002600780234070221,0.17685305591677503,512.0,0.03797309002973356,0.2626953125,4,1,1.0,1.5,2048,2048,0,6,0,0,1,1,8386667290022589474
v16e_design_calibration_not_fresh_evidence,v16c,3203,51091,current_global,1056097094,compact_64_16_4,4,shuffled_clock,1,2048,2307,4,0,6,1894,0.002600780234070221,0.17902037277850022,512.0,0.06790211652360637,0.2705078125,4,1,1.0,1.5,2048,2048,0,6,0,0,1,1,12300968757617249766
v16e_design_calibration_not_fresh_evidence,v16c,3203,51091,current_global,1056097094,compact_64_16_4,4,shuffled_clock,2,2048,2307,4,0,6,1896,0.002600780234070221,0.17815344603381014,512.0,0.08029220621521276,0.2734375,4,1,1.0,1.5,2048,2048,0,6,0,0,1,1,5170611790978060334
v16e_design_calibration_not_fresh_evidence,v16c,3203,51091,current_global,1056097094,compact_64_16_4,4,shuffled_clock,3,2048,2307,4,0,6,1898,0.002600780234070221,0.17728651928912006,512.0,0.07709279045308809,0.26904296875,4,1,1.0,1.5,2048,2048,0,6,0,0,1,1,17033278184038804629
v16e_design_calibration_not_fresh_evidence,v16c,3203,51091,current_global,1056097094,compact_64_16_4,4,shuffled_clock,4,2048,2307,4,0,6,1897,0.002600780234070221,0.1777199826614651,512.0,0.03382911733532964,0.26025390625,4,1,1.0,1.5,2048,2048,0,6,0,0,1,1,12526542843243221361
v16e_design_calibration_not_fresh_evidence,v16c,3203,51091,current_global,1056097094,compact_64_16_4,4,shuffled_clock,5,2048,2307,4,0,6,1895,0.002600780234070221,0.17858690940615518,512.0,0.027203883353875233,0.259765625,4,1,1.0,1.5,2048,2048,0,6,0,0,1,1,4033915676934742431
v16e_design_calibration_not_fresh_evidence,v16c,3203,51091,current_global,1056097094,compact_64_16_4,4,shuffled_clock,6,2048,2307,4,0,6,1900,0.002600780234070221,0.17641959254443,512.0,0.07018579440084072,0.27294921875,4,1,1.0,1.5,2048,2048,0,6,0,0,1,1,9144164286919549332
v16e_design_calibration_not_fresh_evidence,v16c,3203,51091,current_global,1056097094,compact_64_16_4,4,shuffled_clock,7,2048,2307,4,0,6,1890,0.002600780234070221,0.18075422626788037,512.0,0.06328848338288925,0.2705078125,4,1,1.0,1.5,2048,2048,0,6,0,0,1,1,2146016759587831087
v16e_design_calibration_not_fresh_evidence,v16c,3203,51091,current_global,1056097094,compact_64_16_4,4,shuffled_clock,8,2048,2307,4,0,6,1897,0.002600780234070221,0.1777199826614651,512.0,0.04358576875863554,0.2646484375,4,1,1.0,1.5,2048,2048,0,6,0,0,1,1,11820297555666622273
v16e_design_calibration_not_fresh_evidence,v16c,3203,51091,current_global,1056097094,compact_64_16_4,4,shuffled_clock,9,2048,2307,4,0,6,1896,0.002600780234070221,0.17815344603381014,512.0,0.0846554463478527,0.27197265625,4,1,1.0,1.5,2048,2048,0,6,0,0,1,1,14173845354691599579
v16e_design_calibration_not_fresh_evidence,v16c,3203,51091,current_global,1056097094,compact_64_16_4,4,shuffled_clock,10,2048,2307,4,0,6,1898,0.002600780234070221,0.17728651928912006,512.0,0.036678557346362696,0.2587890625,4,1,1.0,1.5,2048,2048,0,6,0,0,1,1,18285937111339955598
v16e_design_calibration_not_fresh_evidence,v16c,3203,51091,current_global,1056097094,compact_64_16_4,4,shuffled_clock,11,2048,2307,4,0,6,1888,0.002600780234070221,0.18162115301257042,512.0,0.08488045457589408,0.279296875,4,1,1.0,1.5,2048,2048,0,6,0,0,1,1,8048594658805567897
v16e_design_calibration_not_fresh_evidence,v16c,3203,51091,current_global,1056097094,compact_64_16_4,4,shuffled_clock,12,2048,2307,4,0,6,1892,0.002600780234070221,0.1798872995231903,512.0,0.04198083058633726,0.2646484375,4,1,1.0,1.5,2048,2048,0,6,0,0,1,1,9469492020439159767
v16e_design_calibration_not_fresh_evidence,v16c,3203,51091,current_global,1056097094,compact_64_16_4,4,shuffled_clock,13,2048,2307,4,0,6,1899,0.002600780234070221,0.17685305591677503,512.0,0.049948093174001645,0.2607421875,4,1,1.0,1.5,2048,2048,0,6,0,0,1,1,4923805741095611991
v16e_design_calibration_not_fresh_evidence,v16c,3203,51091,current_global,1056097094,compact_64_16_4,4,shuffled_clock,14,2048,2307,4,0,6,1896,0.002600780234070221,0.17815344603381014,512.0,0.027667355938640337,0.25927734375,4,1,1.0,1.5,2048,2048,0,6,0,0,1,1,220144500861546667
v16e_design_calibration_not_fresh_evidence,v16c,3203,51091,current_global,1056097094,compact_64_16_4,4,shuffled_clock,15,2048,2307,4,0,6,1897,0.002600780234070221,0.1777199826614651,512.0,0.10644083276123995,0.28466796875,4,1,1.0,1.5,2048,2048,0,6,0,0,1,1,7445743285658895274
v16e_design_calibration_not_fresh_evidence,v16c,3203,51091,exposure_matched_local,1156097094,wide_128_32_8,128,clock,-1,2048,2310,128,0,945,296,0.4090909090909091,0.8718614718614719,16.0,0.5832513065687664,0.02099609375,119,2,0.9974163385826772,7.3828125,2048,2048,0,945,0,0,1,1,
v16e_design_calibration_not_fresh_evidence,v16c,3203,51091,exposure_matched_local,1156097094,wide_128_32_8,128,event_count,-1,2048,2310,128,0,1104,273,0.4779220779220779,0.8818181818181818,16.0,0.0,0.0078125,124,2,0.999507874015748,8.625,2048,2048,0,1104,0,0,1,1,
v16e_design_calibration_not_fresh_evidence,v16c,3203,51091,exposure_matched_local,1156097094,wide_128_32_8,128,shuffled_clock,0,2048,2310,128,0,1059,304,0.4584415584415584,0.8683982683982684,16.0,0.3037657354726568,0.013671875,122,2,0.9990157480314961,8.2734375,2048,2048,0,1059,0,0,1,1,18381815793126541656
v16e_design_calibration_not_fresh_evidence,v16c,3203,51091,exposure_matched_local,1156097094,wide_128_32_8,128,shuffled_clock,1,2048,2310,128,0,1050,310,0.45454545454545453,0.8658008658008658,16.0,0.33889511884180795,0.0146484375,120,2,0.9981545275590551,8.203125,2048,2048,0,1050,0,0,1,1,15629596391005373599
v16e_design_calibration_not_fresh_evidence,v16c,3203,51091,exposure_matched_local,1156097094,wide_128_32_8,128,shuffled_clock,2,2048,2310,128,0,1072,300,0.4640692640692641,0.8701298701298701,16.0,0.3109706672750853,0.01416015625,122,2,0.9990157480314961,8.375,2048,2048,0,1072,0,0,1,1,8001126062734060433
v16e_design_calibration_not_fresh_evidence,v16c,3203,51091,exposure_matched_local,1156097094,wide_128_32_8,128,shuffled_clock,3,2048,2310,128,0,1042,294,0.4510822510822511,0.8727272727272727,16.0,0.2920998844910505,0.01416015625,121,2,0.99876968503937,8.140625,2048,2048,0,1042,0,0,1,1,6331714728639831439
v16e_design_calibration_not_fresh_evidence,v16c,3203,51091,exposure_matched_local,1156097094,wide_128_32_8,128,shuffled_clock,4,2048,2310,128,0,1042,300,0.4510822510822511,0.8701298701298701,16.0,0.3059852422976262,0.01416015625,117,2,0.9958169291338582,8.140625,2048,2048,0,1042,0,0,1,1,3661154196627608912
v16e_design_calibration_not_fresh_evidence,v16c,3203,51091,exposure_matched_local,1156097094,wide_128_32_8,128,shuffled_clock,5,2048,2310,128,0,1067,303,0.46190476190476193,0.8688311688311688,16.0,0.3208049975556692,0.0146484375,123,2,0.9993848425196851,8.3359375,2048,2048,0,1067,0,0,1,1,14777524457123766645
v16e_design_calibration_not_fresh_evidence,v16c,3203,51091,exposure_matched_local,1156097094,wide_128_32_8,128,shuffled_clock,6,2048,2310,128,0,1046,322,0.45281385281385284,0.8606060606060606,16.0,0.32157110013330625,0.01416015625,118,2,0.9980314960629921,8.171875,2048,2048,0,1046,0,0,1,1,6594352026802217595
v16e_design_calibration_not_fresh_evidence,v16c,3203,51091,exposure_matched_local,1156097094,wide_128_32_8,128,shuffled_clock,7,2048,2310,128,0,1044,305,0.45194805194805193,0.8679653679653679,16.0,0.3120567722928927,0.01220703125,122,2,0.9979084645669292,8.15625,2048,2048,0,1044,0,0,1,1,16337758681559716631
v16e_design_calibration_not_fresh_evidence,v16c,3203,51091,exposure_matched_local,1156097094,wide_128_32_8,128,shuffled_clock,8,2048,2310,128,0,1049,299,0.45411255411255413,0.8705627705627705,16.0,0.3142177200454347,0.0146484375,121,2,0.99876968503937,8.1953125,2048,2048,0,1049,0,0,1,1,12423386226730644284
v16e_design_calibration_not_fresh_evidence,v16c,3203,51091,exposure_matched_local,1156097094,wide_128_32_8,128,shuffled_clock,9,2048,2310,128,0,1065,289,0.461038961038961,0.8748917748917749,16.0,0.3067883545511286,0.013671875,124,2,0.9993848425196851,8.3203125,2048,2048,0,1065,0,0,1,1,2010627221364644858
v16e_design_calibration_not_fresh_evidence,v16c,3203,51091,exposure_matched_local,1156097094,wide_128_32_8,128,shuffled_clock,10,2048,2310,128,0,1063,315,0.4601731601731602,0.8636363636363636,16.0,0.3358867099034491,0.0146484375,116,3,0.9972933070866141,8.3046875,2048,2048,0,1063,0,0,1,1,12333007255330769481
v16e_design_calibration_not_fresh_evidence,v16c,3203,51091,exposure_matched_local,1156097094,wide_128_32_8,128,shuffled_clock,11,2048,2310,128,0,1042,298,0.4510822510822511,0.870995670995671,16.0,0.3431342911052223,0.013671875,122,2,0.9982775590551181,8.140625,2048,2048,0,1042,0,0,1,1,5929745300347688260
v16e_design_calibration_not_fresh_evidence,v16c,3203,51091,exposure_matched_local,1156097094,wide_128_32_8,128,shuffled_clock,12,2048,2310,128,0,1066,305,0.4614718614718615,0.8679653679653679,16.0,0.30858771516824174,0.015625,120,3,0.9968011811023622,8.328125,2048,2048,0,1066,0,0,1,1,9716730111077780623
v16e_design_calibration_not_fresh_evidence,v16c,3203,51091,exposure_matched_local,1156097094,wide_128_32_8,128,shuffled_clock,13,2048,2310,128,0,1039,288,0.4497835497835498,0.8753246753246753,16.0,0.3295076558679488,0.013671875,120,2,0.9969242125984252,8.1171875,2048,2048,0,1039,0,0,1,1,9467444992674292386
v16e_design_calibration_not_fresh_evidence,v16c,3203,51091,exposure_matched_local,1156097094,wide_128_32_8,128,shuffled_clock,14,2048,2310,128,0,1055,302,0.45670995670995673,0.8692640692640693,16.0,0.33238875351697283,0.015625,120,3,0.9984005905511811,8.2421875,2048,2048,0,1055,0,0,1,1,639619076046609795
v16e_design_calibration_not_fresh_evidence,v16c,3203,51091,exposure_matched_local,1156097094,wide_128_32_8,128,shuffled_clock,15,2048,2310,128,0,1037,288,0.44891774891774894,0.8753246753246753,16.0,0.32866647766893886,0.01611328125,118,2,0.9972933070866141,8.1015625,2048,2048,0,1037,0,0,1,1,11887101084153913178
v16e_design_calibration_not_fresh_evidence,v16c,3203,51091,exposure_matched_local,1156097094,wide_128_32_8,32,clock,-1,2048,2310,32,0,188,909,0.08138528138528138,0.6064935064935065,64.0,0.5576487713765197,0.06689453125,32,1,1.0,5.875,2048,2048,0,188,0,0,1,1,
v16e_design_calibration_not_fresh_evidence,v16c,3203,51091,exposure_matched_local,1156097094,wide_128_32_8,32,event_count,-1,2048,2310,32,0,231,841,0.1,0.6359307359307359,64.0,0.0,0.03125,32,1,1.0,7.21875,2048,2048,0,231,0,0,1,1,
v16e_design_calibration_not_fresh_evidence,v16c,3203,51091,exposure_matched_local,1156097094,wide_128_32_8,32,shuffled_clock,0,2048,2310,32,0,229,857,0.09913419913419913,0.629004329004329,64.0,0.18402355104363594,0.0419921875,32,1,1.0,7.15625,2048,2048,0,229,0,0,1,1,15804337243301358104
v16e_design_calibration_not_fresh_evidence,v16c,3203,51091,exposure_matched_local,1156097094,wide_128_32_8,32,shuffled_clock,1,2048,2310,32,0,217,841,0.09393939393939393,0.6359307359307359,64.0,0.19640320453088336,0.04248046875,32,1,1.0,6.78125,2048,2048,0,217,0,0,1,1,10638280772852799228
v16e_design_calibration_not_fresh_evidence,v16c,3203,51091,exposure_matched_local,1156097094,wide_128_32_8,32,shuffled_clock,2,2048,2310,32,0,228,868,0.0987012987012987,0.6242424242424243,64.0,0.20225075511243062,0.04345703125,32,1,1.0,7.125,2048,2048,0,228,0,0,1,1,57737425720899947
v16e_design_calibration_not_fresh_evidence,v16c,3203,51091,exposure_matched_local,1156097094,wide_128_32_8,32,shuffled_clock,3,2048,2310,32,0,223,836,0.09653679653679653,0.638095238095238,64.0,0.13264190894308073,0.0400390625,32,1,1.0,6.96875,2048,2048,0,223,0,0,1,1,3482402067662133407
v16e_design_calibration_not_fresh_evidence,v16c,3203,51091,exposure_matched_local,1156097094,wide_128_32_8,32,shuffled_clock,4,2048,2310,32,0,230,849,0.09956709956709957,0.6324675324675325,64.0,0.21434945888476964,0.044921875,32,1,1.0,7.1875,2048,2048,0,230,0,0,1,1,1094368047599498401
v16e_design_calibration_not_fresh_evidence,v16c,3203,51091,exposure_matched_local,1156097094,wide_128_32_8,32,shuffled_clock,5,2048,2310,32,0,221,847,0.09567099567099567,0.6333333333333333,64.0,0.16320218943720324,0.041015625,32,1,1.0,6.90625,2048,2048,0,221,0,0,1,1,1248208031086065706
v16e_design_calibration_not_fresh_evidence,v16c,3203,51091,exposure_matched_local,1156097094,wide_128_32_8,32,shuffled_clock,6,2048,2310,32,0,228,840,0.0987012987012987,0.6363636363636364,64.0,0.15242288835723225,0.04248046875,32,1,1.0,7.125,2048,2048,0,228,0,0,1,1,14433765346269570683
v16e_design_calibration_not_fresh_evidence,v16c,3203,51091,exposure_matched_local,1156097094,wide_128_32_8,32,shuffled_clock,7,2048,2310,32,0,226,854,0.09783549783549783,0.6303030303030303,64.0,0.1975227758406773,0.04443359375,32,1,1.0,7.0625,2048,2048,0,226,0,0,1,1,906610729622774828
v16e_design_calibration_not_fresh_evidence,v16c,3203,51091,exposure_matched_local,1156097094,wide_128_32_8,32,shuffled_clock,8,2048,2310,32,0,227,856,0.09826839826839827,0.6294372294372295,64.0,0.1694523168965621,0.03955078125,32,1,1.0,7.09375,2048,2048,0,227,0,0,1,1,10173959373848398661
v16e_design_calibration_not_fresh_evidence,v16c,3203,51091,exposure_matched_local,1156097094,wide_128_32_8,32,shuffled_clock,9,2048,2310,32,0,219,853,0.09480519480519481,0.6307359307359307,64.0,0.14753946300960055,0.03857421875,32,1,1.0,6.84375,2048,2048,0,219,0,0,1,1,11618831908284806748
v16e_design_calibration_not_fresh_evidence,v16c,3203,51091,exposure_matched_local,1156097094,wide_128_32_8,32,shuffled_clock,10,2048,2310,32,0,227,847,0.09826839826839827,0.6333333333333333,64.0,0.14315048547572407,0.0400390625,32,1,1.0,7.09375,2048,2048,0,227,0,0,1,1,2283547808881107677
v16e_design_calibration_not_fresh_evidence,v16c,3203,51091,exposure_matched_local,1156097094,wide_128_32_8,32,shuffled_clock,11,2048,2310,32,0,221,843,0.09567099567099567,0.6350649350649351,64.0,0.15705438112014658,0.03955078125,32,1,1.0,6.90625,2048,2048,0,221,0,0,1,1,16842994203404488764
v16e_design_calibration_not_fresh_evidence,v16c,3203,51091,exposure_matched_local,1156097094,wide_128_32_8,32,shuffled_clock,12,2048,2310,32,0,212,834,0.09177489177489177,0.638961038961039,64.0,0.15765497367925457,0.04150390625,32,1,1.0,6.625,2048,2048,0,212,0,0,1,1,11229170337377991284
v16e_design_calibration_not_fresh_evidence,v16c,3203,51091,exposure_matched_local,1156097094,wide_128_32_8,32,shuffled_clock,13,2048,2310,32,0,230,859,0.09956709956709957,0.6281385281385281,64.0,0.1499222748895724,0.04052734375,32,1,1.0,7.1875,2048,2048,0,230,0,0,1,1,9800711507803480527
v16e_design_calibration_not_fresh_evidence,v16c,3203,51091,exposure_matched_local,1156097094,wide_128_32_8,32,shuffled_clock,14,2048,2310,32,0,233,854,0.10086580086580087,0.6303030303030303,64.0,0.19576057473599667,0.0439453125,32,1,1.0,7.28125,2048,2048,0,233,0,0,1,1,8306733642758192992
v16e_design_calibration_not_fresh_evidence,v16c,3203,51091,exposure_matched_local,1156097094,wide_128_32_8,32,shuffled_clock,15,2048,2310,32,0,226,854,0.09783549783549783,0.6303030303030303,64.0,0.16880039570069047,0.04248046875,32,1,1.0,7.0625,2048,2048,0,226,0,0,1,1,11189453003734877620
v16e_design_calibration_not_fresh_evidence,v16c,3203,51091,exposure_matched_local,1156097094,wide_128_32_8,8,clock,-1,2048,2310,8,0,24,1751,0.01038961038961039,0.24199134199134198,256.0,0.574694970772151,0.23583984375,8,1,1.0,3.0,2048,2048,0,24,0,0,1,1,
v16e_design_calibration_not_fresh_evidence,v16c,3203,51091,exposure_matched_local,1156097094,wide_128_32_8,8,event_count,-1,2048,2310,8,0,28,1652,0.012121212121212121,0.28484848484848485,256.0,0.0,0.125,8,1,1.0,3.5,2048,2048,0,28,0,0,1,1,
v16e_design_calibration_not_fresh_evidence,v16c,3203,51091,exposure_matched_local,1156097094,wide_128_32_8,8,shuffled_clock,0,2048,2310,8,0,28,1653,0.012121212121212121,0.2844155844155844,256.0,0.03804477801129311,0.13232421875,8,1,1.0,3.5,2048,2048,0,28,0,0,1,1,7509388025977032392
v16e_design_calibration_not_fresh_evidence,v16c,3203,51091,exposure_matched_local,1156097094,wide_128_32_8,8,shuffled_clock,1,2048,2310,8,0,27,1647,0.011688311688311689,0.287012987012987,256.0,0.0974439656976914,0.1435546875,8,1,1.0,3.375,2048,2048,0,27,0,0,1,1,12809846390137122159
v16e_design_calibration_not_fresh_evidence,v16c,3203,51091,exposure_matched_local,1156097094,wide_128_32_8,8,shuffled_clock,2,2048,2310,8,0,28,1653,0.012121212121212121,0.2844155844155844,256.0,0.06176323555016366,0.13232421875,8,1,1.0,3.5,2048,2048,0,28,0,0,1,1,4348960565110719667
v16e_design_calibration_not_fresh_evidence,v16c,3203,51091,exposure_matched_local,1156097094,wide_128_32_8,8,shuffled_clock,3,2048,2310,8,0,28,1657,0.012121212121212121,0.2826839826839827,256.0,0.05725783633205652,0.13330078125,8,1,1.0,3.5,2048,2048,0,28,0,0,1,1,6033504386066057995
v16e_design_calibration_not_fresh_evidence,v16c,3203,51091,exposure_matched_local,1156097094,wide_128_32_8,8,shuffled_clock,4,2048,2310,8,0,28,1657,0.012121212121212121,0.2826839826839827,256.0,0.05812686008928476,0.138671875,8,1,1.0,3.5,2048,2048,0,28,0,0,1,1,15348714708580458523
v16e_design_calibration_not_fresh_evidence,v16c,3203,51091,exposure_matched_local,1156097094,wide_128_32_8,8,shuffled_clock,5,2048,2310,8,0,28,1651,0.012121212121212121,0.2852813852813853,256.0,0.13441133229754104,0.16064453125,8,1,1.0,3.5,2048,2048,0,28,0,0,1,1,15001697931425025866
v16e_design_calibration_not_fresh_evidence,v16c,3203,51091,exposure_matched_local,1156097094,wide_128_32_8,8,shuffled_clock,6,2048,2310,8,0,28,1647,0.012121212121212121,0.287012987012987,256.0,0.11355992508284526,0.14453125,8,1,1.0,3.5,2048,2048,0,28,0,0,1,1,5449094458797769331
v16e_design_calibration_not_fresh_evidence,v16c,3203,51091,exposure_matched_local,1156097094,wide_128_32_8,8,shuffled_clock,7,2048,2310,8,0,27,1643,0.011688311688311689,0.28874458874458875,256.0,0.09837902174570988,0.138671875,8,1,1.0,3.375,2048,2048,0,27,0,0,1,1,9781968542044196482
v16e_design_calibration_not_fresh_evidence,v16c,3203,51091,exposure_matched_local,1156097094,wide_128_32_8,8,shuffled_clock,8,2048,2310,8,0,28,1649,0.012121212121212121,0.28614718614718615,256.0,0.07677403357999928,0.1416015625,8,1,1.0,3.5,2048,2048,0,28,0,0,1,1,16815560307689012247
v16e_design_calibration_not_fresh_evidence,v16c,3203,51091,exposure_matched_local,1156097094,wide_128_32_8,8,shuffled_clock,9,2048,2310,8,0,28,1649,0.012121212121212121,0.28614718614718615,256.0,0.07062183937301952,0.140625,8,1,1.0,3.5,2048,2048,0,28,0,0,1,1,4469132353499485564
v16e_design_calibration_not_fresh_evidence,v16c,3203,51091,exposure_matched_local,1156097094,wide_128_32_8,8,shuffled_clock,10,2048,2310,8,0,28,1644,0.012121212121212121,0.2883116883116883,256.0,0.0902914891525932,0.1396484375,8,1,1.0,3.5,2048,2048,0,28,0,0,1,1,6643855258279662047
v16e_design_calibration_not_fresh_evidence,v16c,3203,51091,exposure_matched_local,1156097094,wide_128_32_8,8,shuffled_clock,11,2048,2310,8,0,28,1652,0.012121212121212121,0.28484848484848485,256.0,0.08621606637075499,0.14208984375,8,1,1.0,3.5,2048,2048,0,28,0,0,1,1,4425851641878698005
v16e_design_calibration_not_fresh_evidence,v16c,3203,51091,exposure_matched_local,1156097094,wide_128_32_8,8,shuffled_clock,12,2048,2310,8,0,28,1651,0.012121212121212121,0.2852813852813853,256.0,0.07440941205706823,0.1416015625,8,1,1.0,3.5,2048,2048,0,28,0,0,1,1,900876117349204551
v16e_design_calibration_not_fresh_evidence,v16c,3203,51091,exposure_matched_local,1156097094,wide_128_32_8,8,shuffled_clock,13,2048,2310,8,0,28,1648,0.012121212121212121,0.2865800865800866,256.0,0.062009796353076345,0.13427734375,8,1,1.0,3.5,2048,2048,0,28,0,0,1,1,12364903049910867828
v16e_design_calibration_not_fresh_evidence,v16c,3203,51091,exposure_matched_local,1156097094,wide_128_32_8,8,shuffled_clock,14,2048,2310,8,0,27,1649,0.011688311688311689,0.28614718614718615,256.0,0.10825317547305482,0.142578125,8,1,1.0,3.375,2048,2048,0,27,0,0,1,1,10586227612088011830
v16e_design_calibration_not_fresh_evidence,v16c,3203,51091,exposure_matched_local,1156097094,wide_128_32_8,8,shuffled_clock,15,2048,2310,8,0,28,1659,0.012121212121212121,0.2818181818181818,256.0,0.06455872707133738,0.13720703125,8,1,1.0,3.5,2048,2048,0,28,0,0,1,1,7170902018685572974
v16e_design_calibration_not_fresh_evidence,v16c,3203,51091,exposure_matched_local,1156097094,compact_64_16_4,64,clock,-1,2048,2310,64,0,447,549,0.19350649350649352,0.7623376623376623,32.0,0.5693476495356296,0.03955078125,64,1,1.0,6.984375,2048,2048,0,447,0,0,1,1,
v16e_design_calibration_not_fresh_evidence,v16c,3203,51091,exposure_matched_local,1156097094,compact_64_16_4,64,event_count,-1,2048,2310,64,0,517,497,0.22380952380952382,0.7848484848484848,32.0,0.0,0.015625,64,1,1.0,8.078125,2048,2048,0,517,0,0,1,1,
v16e_design_calibration_not_fresh_evidence,v16c,3203,51091,exposure_matched_local,1156097094,compact_64_16_4,64,shuffled_clock,0,2048,2310,64,0,515,517,0.22294372294372294,0.7761904761904762,32.0,0.2305155109610865,0.0244140625,64,1,1.0,8.046875,2048,2048,0,515,0,0,1,1,6245411961224431535
v16e_design_calibration_not_fresh_evidence,v16c,3203,51091,exposure_matched_local,1156097094,compact_64_16_4,64,shuffled_clock,1,2048,2310,64,0,506,524,0.21904761904761905,0.7731601731601732,32.0,0.23935677693908453,0.0263671875,64,1,1.0,7.90625,2048,2048,0,506,0,0,1,1,17232318905108284361
v16e_design_calibration_not_fresh_evidence,v16c,3203,51091,exposure_matched_local,1156097094,compact_64_16_4,64,shuffled_clock,2,2048,2310,64,0,503,534,0.21774891774891775,0.7688311688311689,32.0,0.2458106325273422,0.0234375,64,1,1.0,7.859375,2048,2048,0,503,0,0,1,1,9531877707707061484
v16e_design_calibration_not_fresh_evidence,v16c,3203,51091,exposure_matched_local,1156097094,compact_64_16_4,64,shuffled_clock,3,2048,2310,64,0,517,523,0.22380952380952382,0.7735930735930736,32.0,0.2651065785978783,0.0263671875,64,1,1.0,8.078125,2048,2048,0,517,0,0,1,1,5671485183902555426
v16e_design_calibration_not_fresh_evidence,v16c,3203,51091,exposure_matched_local,1156097094,compact_64_16_4,64,shuffled_clock,4,2048,2310,64,0,501,526,0.21688311688311687,0.7722943722943723,32.0,0.2563068558682724,0.02392578125,64,1,1.0,7.828125,2048,2048,0,501,0,0,1,1,6884382988366885209
v16e_design_calibration_not_fresh_evidence,v16c,3203,51091,exposure_matched_local,1156097094,compact_64_16_4,64,shuffled_clock,5,2048,2310,64,0,494,499,0.21385281385281385,0.783982683982684,32.0,0.23239074067011867,0.02490234375,64,1,1.0,7.71875,2048,2048,0,494,0,0,1,1,15161891729872206748
v16e_design_calibration_not_fresh_evidence,v16c,3203,51091,exposure_matched_local,1156097094,compact_64_16_4,64,shuffled_clock,6,2048,2310,64,0,499,517,0.21601731601731602,0.7761904761904762,32.0,0.26574897900325006,0.02685546875,64,1,1.0,7.796875,2048,2048,0,499,0,0,1,1,13980866433480135024
v16e_design_calibration_not_fresh_evidence,v16c,3203,51091,exposure_matched_local,1156097094,compact_64_16_4,64,shuffled_clock,7,2048,2310,64,0,511,513,0.22121212121212122,0.7779220779220779,32.0,0.23714467990311147,0.02685546875,64,1,1.0,7.984375,2048,2048,0,511,0,0,1,1,2658463196582218421
v16e_design_calibration_not_fresh_evidence,v16c,3203,51091,exposure_matched_local,1156097094,compact_64_16_4,64,shuffled_clock,8,2048,2310,64,0,494,490,0.21385281385281385,0.7878787878787878,32.0,0.25877458475338283,0.0263671875,64,1,1.0,7.71875,2048,2048,0,494,0,0,1,1,4671227415362582067
v16e_design_calibration_not_fresh_evidence,v16c,3203,51091,exposure_matched_local,1156097094,compact_64_16_4,64,shuffled_clock,9,2048,2310,64,0,509,513,0.22034632034632035,0.7779220779220779,32.0,0.21398581858514726,0.021484375,64,1,1.0,7.953125,2048,2048,0,509,0,0,1,1,14502459013281385575
v16e_design_calibration_not_fresh_evidence,v16c,3203,51091,exposure_matched_local,1156097094,compact_64_16_4,64,shuffled_clock,10,2048,2310,64,0,508,488,0.21991341991341992,0.7887445887445887,32.0,0.20691481358125396,0.02197265625,64,1,1.0,7.9375,2048,2048,0,508,0,0,1,1,12185639457879962178
v16e_design_calibration_not_fresh_evidence,v16c,3203,51091,exposure_matched_local,1156097094,compact_64_16_4,64,shuffled_clock,11,2048,2310,64,0,494,519,0.21385281385281385,0.7753246753246753,32.0,0.2574533784270311,0.025390625,64,1,1.0,7.71875,2048,2048,0,494,0,0,1,1,7870391685471849899
v16e_design_calibration_not_fresh_evidence,v16c,3203,51091,exposure_matched_local,1156097094,compact_64_16_4,64,shuffled_clock,12,2048,2310,64,0,514,513,0.22251082251082252,0.7779220779220779,32.0,0.2262394213961192,0.02490234375,64,1,1.0,8.03125,2048,2048,0,514,0,0,1,1,3405455733340036271
v16e_design_calibration_not_fresh_evidence,v16c,3203,51091,exposure_matched_local,1156097094,compact_64_16_4,64,shuffled_clock,13,2048,2310,64,0,505,528,0.21861471861471862,0.7714285714285715,32.0,0.2478829008618435,0.0234375,64,1,1.0,7.890625,2048,2048,0,505,0,0,1,1,7688637046061296339
v16e_design_calibration_not_fresh_evidence,v16c,3203,51091,exposure_matched_local,1156097094,compact_64_16_4,64,shuffled_clock,14,2048,2310,64,0,508,513,0.21991341991341992,0.7779220779220779,32.0,0.2404551941564694,0.02587890625,64,1,1.0,7.9375,2048,2048,0,508,0,0,1,1,7383614562894276351
v16e_design_calibration_not_fresh_evidence,v16c,3203,51091,exposure_matched_local,1156097094,compact_64_16_4,64,shuffled_clock,15,2048,2310,64,0,498,525,0.21558441558441557,0.7727272727272727,32.0,0.24738212681328994,0.02490234375,64,1,1.0,7.78125,2048,2048,0,498,0,0,1,1,10470154748362711258
v16e_design_calibration_not_fresh_evidence,v16c,3203,51091,exposure_matched_local,1156097094,compact_64_16_4,16,clock,-1,2048,2310,16,0,76,1364,0.0329004329004329,0.4095238095238095,128.0,0.5629410886325792,0.126953125,16,1,1.0,4.75,2048,2048,0,76,0,0,1,1,
v16e_design_calibration_not_fresh_evidence,v16c,3203,51091,exposure_matched_local,1156097094,compact_64_16_4,16,event_count,-1,2048,2310,16,0,98,1267,0.04242424242424243,0.45151515151515154,128.0,0.0,0.0625,16,1,1.0,6.125,2048,2048,0,98,0,0,1,1,
v16e_design_calibration_not_fresh_evidence,v16c,3203,51091,exposure_matched_local,1156097094,compact_64_16_4,16,shuffled_clock,0,2048,2310,16,0,98,1257,0.04242424242424243,0.45584415584415583,128.0,0.08272892795650946,0.06982421875,16,1,1.0,6.125,2048,2048,0,98,0,0,1,1,17027602995612991924
v16e_design_calibration_not_fresh_evidence,v16c,3203,51091,exposure_matched_local,1156097094,compact_64_16_4,16,shuffled_clock,1,2048,2310,16,0,90,1272,0.03896103896103896,0.44935064935064933,128.0,0.1296969123090446,0.07666015625,16,1,1.0,5.625,2048,2048,0,90,0,0,1,1,7679806037139900928
v16e_design_calibration_not_fresh_evidence,v16c,3203,51091,exposure_matched_local,1156097094,compact_64_16_4,16,shuffled_clock,2,2048,2310,16,0,95,1265,0.04112554112554113,0.4523809523809524,128.0,0.10985756640228898,0.07666015625,16,1,1.0,5.9375,2048,2048,0,95,0,0,1,1,3830740267784496081
v16e_design_calibration_not_fresh_evidence,v16c,3203,51091,exposure_matched_local,1156097094,compact_64_16_4,16,shuffled_clock,3,2048,2310,16,0,91,1255,0.03939393939393939,0.45670995670995673,128.0,0.13600632836072984,0.080078125,16,1,1.0,5.6875,2048,2048,0,91,0,0,1,1,474639480919830503
v16e_design_calibration_not_fresh_evidence,v16c,3203,51091,exposure_matched_local,1156097094,compact_64_16_4,16,shuffled_clock,4,2048,2310,16,0,93,1267,0.04025974025974026,0.45151515151515154,128.0,0.1251626545906033,0.07421875,16,1,1.0,5.8125,2048,2048,0,93,0,0,1,1,5037437458946542276
v16e_design_calibration_not_fresh_evidence,v16c,3203,51091,exposure_matched_local,1156097094,compact_64_16_4,16,shuffled_clock,5,2048,2310,16,0,95,1254,0.04112554112554113,0.45714285714285713,128.0,0.1215004929688216,0.076171875,16,1,1.0,5.9375,2048,2048,0,95,0,0,1,1,13089396076293119851
v16e_design_calibration_not_fresh_evidence,v16c,3203,51091,exposure_matched_local,1156097094,compact_64_16_4,16,shuffled_clock,6,2048,2310,16,0,93,1270,0.04025974025974026,0.45021645021645024,128.0,0.10768788087570486,0.07421875,16,1,1.0,5.8125,2048,2048,0,93,0,0,1,1,6418513482160765765
v16e_design_calibration_not_fresh_evidence,v16c,3203,51091,exposure_matched_local,1156097094,compact_64_16_4,16,shuffled_clock,7,2048,2310,16,0,95,1257,0.04112554112554113,0.45584415584415583,128.0,0.13570682055752883,0.0771484375,16,1,1.0,5.9375,2048,2048,0,95,0,0,1,1,196508798545199738
v16e_design_calibration_not_fresh_evidence,v16c,3203,51091,exposure_matched_local,1156097094,compact_64_16_4,16,shuffled_clock,8,2048,2310,16,0,97,1274,0.04199134199134199,0.4484848484848485,128.0,0.07515175618928231,0.06982421875,16,1,1.0,6.0625,2048,2048,0,97,0,0,1,1,15007669883019273319
v16e_design_calibration_not_fresh_evidence,v16c,3203,51091,exposure_matched_local,1156097094,compact_64_16_4,16,shuffled_clock,9,2048,2310,16,0,100,1267,0.04329004329004329,0.45151515151515154,128.0,0.1075366337773629,0.07177734375,16,1,1.0,6.25,2048,2048,0,100,0,0,1,1,16647832563445693271
v16e_design_calibration_not_fresh_evidence,v16c,3203,51091,exposure_matched_local,1156097094,compact_64_16_4,16,shuffled_clock,10,2048,2310,16,0,90,1269,0.03896103896103896,0.45064935064935063,128.0,0.1126012276058007,0.0830078125,16,1,1.0,5.625,2048,2048,0,90,0,0,1,1,5086425078758419187
v16e_design_calibration_not_fresh_evidence,v16c,3203,51091,exposure_matched_local,1156097094,compact_64_16_4,16,shuffled_clock,11,2048,2310,16,0,96,1264,0.04155844155844156,0.45281385281385284,128.0,0.10802741260902253,0.07177734375,16,1,1.0,6.0,2048,2048,0,96,0,0,1,1,1821419979103318546
v16e_design_calibration_not_fresh_evidence,v16c,3203,51091,exposure_matched_local,1156097094,compact_64_16_4,16,shuffled_clock,12,2048,2310,16,0,97,1259,0.04199134199134199,0.454978354978355,128.0,0.17806102652367997,0.08349609375,16,1,1.0,6.0625,2048,2048,0,97,0,0,1,1,2653242536926624926
v16e_design_calibration_not_fresh_evidence,v16c,3203,51091,exposure_matched_local,1156097094,compact_64_16_4,16,shuffled_clock,13,2048,2310,16,0,96,1257,0.04155844155844156,0.45584415584415583,128.0,0.13546673753791616,0.078125,16,1,1.0,6.0,2048,2048,0,96,0,0,1,1,4568488118518924992
v16e_design_calibration_not_fresh_evidence,v16c,3203,51091,exposure_matched_local,1156097094,compact_64_16_4,16,shuffled_clock,14,2048,2310,16,0,94,1257,0.04069264069264069,0.45584415584415583,128.0,0.12658500314347404,0.07373046875,16,1,1.0,5.875,2048,2048,0,94,0,0,1,1,9942141201029872915
v16e_design_calibration_not_fresh_evidence,v16c,3203,51091,exposure_matched_local,1156097094,compact_64_16_4,16,shuffled_clock,15,2048,2310,16,0,90,1269,0.03896103896103896,0.45064935064935063,128.0,0.07199943937860442,0.06982421875,16,1,1.0,5.625,2048,2048,0,90,0,0,1,1,15670498105581976711
v16e_design_calibration_not_fresh_evidence,v16c,3203,51091,exposure_matched_local,1156097094,compact_64_16_4,4,clock,-1,2048,2310,4,0,6,2021,0.0025974025974025974,0.1251082251082251,512.0,0.6039905510641201,0.447265625,4,1,1.0,1.5,2048,2048,0,6,0,0,1,1,
v16e_design_calibration_not_fresh_evidence,v16c,3203,51091,exposure_matched_local,1156097094,compact_64_16_4,4,event_count,-1,2048,2310,4,0,6,1933,0.0025974025974025974,0.1632034632034632,512.0,0.0,0.25,4,1,1.0,1.5,2048,2048,0,6,0,0,1,1,
v16e_design_calibration_not_fresh_evidence,v16c,3203,51091,exposure_matched_local,1156097094,compact_64_16_4,4,shuffled_clock,0,2048,2310,4,0,6,1940,0.0025974025974025974,0.16017316017316016,512.0,0.040058906413841563,0.2646484375,4,1,1.0,1.5,2048,2048,0,6,0,0,1,1,1645911657872709810
v16e_design_calibration_not_fresh_evidence,v16c,3203,51091,exposure_matched_local,1156097094,compact_64_16_4,4,shuffled_clock,1,2048,2310,4,0,6,1929,0.0025974025974025974,0.16493506493506493,512.0,0.07285269701417775,0.26416015625,4,1,1.0,1.5,2048,2048,0,6,0,0,1,1,10024988809794347246
v16e_design_calibration_not_fresh_evidence,v16c,3203,51091,exposure_matched_local,1156097094,compact_64_16_4,4,shuffled_clock,2,2048,2310,4,0,6,1929,0.0025974025974025974,0.16493506493506493,512.0,0.08321626705677553,0.2744140625,4,1,1.0,1.5,2048,2048,0,6,0,0,1,1,13966072586325690617
v16e_design_calibration_not_fresh_evidence,v16c,3203,51091,exposure_matched_local,1156097094,compact_64_16_4,4,shuffled_clock,3,2048,2310,4,0,6,1933,0.0025974025974025974,0.1632034632034632,512.0,0.09360068404336272,0.26611328125,4,1,1.0,1.5,2048,2048,0,6,0,0,1,1,9898298562803778297
v16e_design_calibration_not_fresh_evidence,v16c,3203,51091,exposure_matched_local,1156097094,compact_64_16_4,4,shuffled_clock,4,2048,2310,4,0,6,1933,0.0025974025974025974,0.1632034632034632,512.0,0.03364065281969743,0.26171875,4,1,1.0,1.5,2048,2048,0,6,0,0,1,1,3297284907039406695
v16e_design_calibration_not_fresh_evidence,v16c,3203,51091,exposure_matched_local,1156097094,compact_64_16_4,4,shuffled_clock,5,2048,2310,4,0,6,1932,0.0025974025974025974,0.16363636363636364,512.0,0.04541453131925856,0.26171875,4,1,1.0,1.5,2048,2048,0,6,0,0,1,1,409995583995756892
v16e_design_calibration_not_fresh_evidence,v16c,3203,51091,exposure_matched_local,1156097094,compact_64_16_4,4,shuffled_clock,6,2048,2310,4,0,6,1933,0.0025974025974025974,0.1632034632034632,512.0,0.06538351526960307,0.26416015625,4,1,1.0,1.5,2048,2048,0,6,0,0,1,1,17849016333252295580
v16e_design_calibration_not_fresh_evidence,v16c,3203,51091,exposure_matched_local,1156097094,compact_64_16_4,4,shuffled_clock,7,2048,2310,4,0,6,1935,0.0025974025974025974,0.16233766233766234,512.0,0.056110576631289696,0.25830078125,4,1,1.0,1.5,2048,2048,0,6,0,0,1,1,4127514214225805680
v16e_design_calibration_not_fresh_evidence,v16c,3203,51091,exposure_matched_local,1156097094,compact_64_16_4,4,shuffled_clock,8,2048,2310,4,0,6,1934,0.0025974025974025974,0.16277056277056276,512.0,0.06897970031820654,0.2724609375,4,1,1.0,1.5,2048,2048,0,6,0,0,1,1,456515920603178819
v16e_design_calibration_not_fresh_evidence,v16c,3203,51091,exposure_matched_local,1156097094,compact_64_16_4,4,shuffled_clock,9,2048,2310,4,0,6,1936,0.0025974025974025974,0.1619047619047619,512.0,0.06680715381440262,0.27490234375,4,1,1.0,1.5,2048,2048,0,6,0,0,1,1,1186599014468003254
v16e_design_calibration_not_fresh_evidence,v16c,3203,51091,exposure_matched_local,1156097094,compact_64_16_4,4,shuffled_clock,10,2048,2310,4,0,6,1936,0.0025974025974025974,0.1619047619047619,512.0,0.029361906989009586,0.25537109375,4,1,1.0,1.5,2048,2048,0,6,0,0,1,1,15163740247908930343
v16e_design_calibration_not_fresh_evidence,v16c,3203,51091,exposure_matched_local,1156097094,compact_64_16_4,4,shuffled_clock,11,2048,2310,4,0,6,1933,0.0025974025974025974,0.1632034632034632,512.0,0.057454196544037,0.25927734375,4,1,1.0,1.5,2048,2048,0,6,0,0,1,1,8653935631151435410
v16e_design_calibration_not_fresh_evidence,v16c,3203,51091,exposure_matched_local,1156097094,compact_64_16_4,4,shuffled_clock,12,2048,2310,4,0,6,1935,0.0025974025974025974,0.16233766233766234,512.0,0.048658559742330194,0.26513671875,4,1,1.0,1.5,2048,2048,0,6,0,0,1,1,14250782585244769954
v16e_design_calibration_not_fresh_evidence,v16c,3203,51091,exposure_matched_local,1156097094,compact_64_16_4,4,shuffled_clock,13,2048,2310,4,0,6,1933,0.0025974025974025974,0.1632034632034632,512.0,0.034425271006255954,0.25927734375,4,1,1.0,1.5,2048,2048,0,6,0,0,1,1,17858686706876358907
v16e_design_calibration_not_fresh_evidence,v16c,3203,51091,exposure_matched_local,1156097094,compact_64_16_4,4,shuffled_clock,14,2048,2310,4,0,6,1939,0.0025974025974025974,0.1606060606060606,512.0,0.05977541109967724,0.26513671875,4,1,1.0,1.5,2048,2048,0,6,0,0,1,1,3615158960454884405
v16e_design_calibration_not_fresh_evidence,v16c,3203,51091,exposure_matched_local,1156097094,compact_64_16_4,4,shuffled_clock,15,2048,2310,4,0,6,1927,0.0025974025974025974,0.1658008658008658,512.0,0.052480581416189075,0.267578125,4,1,1.0,1.5,2048,2048,0,6,0,0,1,1,7218130179930349325
v16e_design_calibration_not_fresh_evidence,v16d,3407,61001,current_global,1570147005,wide_128_32_8,128,clock,-1,3072,3673,128,0,1156,449,0.31472910427443507,0.8777566022325075,24.0,0.7945365167602064,0.023111979166666668,117,3,0.9974163385826772,9.03125,3072,3072,0,1156,0,0,1,1,
v16e_design_calibration_not_fresh_evidence,v16d,3407,61001,current_global,1570147005,wide_128_32_8,128,event_count,-1,3072,3673,128,0,1591,408,0.4331609038932753,0.8889191396678464,24.0,0.0,0.0078125,124,2,0.999507874015748,12.4296875,3072,3072,0,1591,0,0,1,1,
v16e_design_calibration_not_fresh_evidence,v16d,3407,61001,current_global,1570147005,wide_128_32_8,128,shuffled_clock,0,3072,3673,128,0,1505,415,0.4097468009801252,0.8870133405935203,24.0,0.32820863773865583,0.013671875,125,2,0.999507874015748,11.7578125,3072,3072,0,1505,0,0,1,1,9773124562352767552
v16e_design_calibration_not_fresh_evidence,v16d,3407,61001,current_global,1570147005,wide_128_32_8,128,shuffled_clock,1,3072,3673,128,0,1493,423,0.40647971685270895,0.8848352845085761,24.0,0.34007294261556975,0.0146484375,122,2,0.9986466535433071,11.6640625,3072,3072,0,1493,0,0,1,1,11724235325500517384
v16e_design_calibration_not_fresh_evidence,v16d,3407,61001,current_global,1570147005,wide_128_32_8,128,shuffled_clock,2,3072,3673,128,0,1498,462,0.4078410019057991,0.8742172610944732,24.0,0.3848409813512382,0.015625,121,2,0.99876968503937,11.703125,3072,3072,0,1498,0,0,1,1,16073516938524115240
v16e_design_calibration_not_fresh_evidence,v16d,3407,61001,current_global,1570147005,wide_128_32_8,128,shuffled_clock,3,3072,3673,128,0,1515,415,0.4124693710863055,0.8870133405935203,24.0,0.33793574637631213,0.013997395833333334,126,2,0.999630905511811,11.8359375,3072,3072,0,1515,0,0,1,1,1912211556033727022
v16e_design_calibration_not_fresh_evidence,v16d,3407,61001,current_global,1570147005,wide_128_32_8,128,shuffled_clock,4,3072,3673,128,0,1497,445,0.407568744895181,0.8788456302749795,24.0,0.3330871794536086,0.014973958333333334,120,2,0.9981545275590551,11.6953125,3072,3072,0,1497,0,0,1,1,11794441486368619776
v16e_design_calibration_not_fresh_evidence,v16d,3407,61001,current_global,1570147005,wide_128_32_8,128,shuffled_clock,5,3072,3673,128,0,1530,450,0.41655322624557584,0.8774843452218895,24.0,0.34950909204814967,0.017252604166666668,122,2,0.999138779527559,11.953125,3072,3072,0,1530,0,0,1,1,16842497427344178549
v16e_design_calibration_not_fresh_evidence,v16d,3407,61001,current_global,1570147005,wide_128_32_8,128,shuffled_clock,6,3072,3673,128,0,1537,462,0.418459025319902,0.8742172610944732,24.0,0.32762500703066916,0.013346354166666666,121,3,0.9979084645669292,12.0078125,3072,3072,0,1537,0,0,1,1,3651130415083359463
v16e_design_calibration_not_fresh_evidence,v16d,3407,61001,current_global,1570147005,wide_128_32_8,128,shuffled_clock,7,3072,3673,128,0,1508,440,0.4105635720119793,0.8802069153280697,24.0,0.354403001276916,0.013671875,120,3,0.9977854330708661,11.78125,3072,3072,0,1508,0,0,1,1,13990032952853458686
v16e_design_calibration_not_fresh_evidence,v16d,3407,61001,current_global,1570147005,wide_128_32_8,128,shuffled_clock,8,3072,3673,128,0,1489,433,0.4053906888102369,0.8821127144023959,24.0,0.33643569426853737,0.015950520833333332,121,2,0.99876968503937,11.6328125,3072,3072,0,1489,0,0,1,1,9550177924066436658
v16e_design_calibration_not_fresh_evidence,v16d,3407,61001,current_global,1570147005,wide_128_32_8,128,shuffled_clock,9,3072,3673,128,0,1520,434,0.41383065613939557,0.8818404573917779,24.0,0.3400327424921814,0.014322916666666666,124,2,0.9988927165354331,11.875,3072,3072,0,1520,0,0,1,1,6448963476662783933
v16e_design_calibration_not_fresh_evidence,v16d,3407,61001,current_global,1570147005,wide_128_32_8,128,shuffled_clock,10,3072,3673,128,0,1526,433,0.4154641982031037,0.8821127144023959,24.0,0.33366125602289914,0.0146484375,121,3,0.9985236220472441,11.921875,3072,3072,0,1526,0,0,1,1,10549769994623477383
v16e_design_calibration_not_fresh_evidence,v16d,3407,61001,current_global,1570147005,wide_128_32_8,128,shuffled_clock,11,3072,3673,128,0,1521,448,0.41410291315001363,0.8780288592431255,24.0,0.35455725721513515,0.016927083333333332,122,2,0.9990157480314961,11.8828125,3072,3072,0,1521,0,0,1,1,10328176029185253056
v16e_design_calibration_not_fresh_evidence,v16d,3407,61001,current_global,1570147005,wide_128_32_8,128,shuffled_clock,12,3072,3673,128,0,1485,399,0.40430166076776475,0.8913694527634086,24.0,0.31758225145495,0.013671875,124,2,0.999507874015748,11.6015625,3072,3072,0,1485,0,0,1,1,13131463766816961718
v16e_design_calibration_not_fresh_evidence,v16d,3407,61001,current_global,1570147005,wide_128_32_8,128,shuffled_clock,13,3072,3673,128,0,1501,445,0.40865777293765315,0.8788456302749795,24.0,0.35862086370499197,0.017578125,121,2,0.9990157480314961,11.7265625,3072,3072,0,1501,0,0,1,1,9569400218504196857
v16e_design_calibration_not_fresh_evidence,v16d,3407,61001,current_global,1570147005,wide_128_32_8,128,shuffled_clock,14,3072,3673,128,0,1511,415,0.41138034304383336,0.8870133405935203,24.0,0.3476266236442726,0.0146484375,122,2,0.9986466535433071,11.8046875,3072,3072,0,1511,0,0,1,1,3259579407302783449
v16e_design_calibration_not_fresh_evidence,v16d,3407,61001,current_global,1570147005,wide_128_32_8,128,shuffled_clock,15,3072,3673,128,0,1482,444,0.4034848897359107,0.8791178872855976,24.0,0.3612414799329487,0.013671875,121,2,0.9976624015748031,11.578125,3072,3072,0,1482,0,0,1,1,15222298865732891358
v16e_design_calibration_not_fresh_evidence,v16d,3407,61001,current_global,1570147005,wide_128_32_8,32,clock,-1,3072,3673,32,0,228,1374,0.06207459842090934,0.6259188674108358,96.0,0.7827427495145277,0.08658854166666667,32,1,1.0,7.125,3072,3072,0,228,0,0,1,1,
v16e_design_calibration_not_fresh_evidence,v16d,3407,61001,current_global,1570147005,wide_128_32_8,32,event_count,-1,3072,3673,32,0,321,1175,0.08739450040838552,0.6800980125238225,96.0,0.0,0.03125,32,1,1.0,10.03125,3072,3072,0,321,0,0,1,1,
v16e_design_calibration_not_fresh_evidence,v16d,3407,61001,current_global,1570147005,wide_128_32_8,32,shuffled_clock,0,3072,3673,32,0,321,1166,0.08739450040838552,0.6825483256193847,96.0,0.12787903109963758,0.038411458333333336,32,1,1.0,10.03125,3072,3072,0,321,0,0,1,1,13260134956473194775
v16e_design_calibration_not_fresh_evidence,v16d,3407,61001,current_global,1570147005,wide_128_32_8,32,shuffled_clock,1,3072,3673,32,0,315,1180,0.08576095834467738,0.6787367274707323,96.0,0.16933350266692068,0.039388020833333336,32,1,1.0,9.84375,3072,3072,0,315,0,0,1,1,1680515834295425783
v16e_design_calibration_not_fresh_evidence,v16d,3407,61001,current_global,1570147005,wide_128_32_8,32,shuffled_clock,2,3072,3673,32,0,316,1190,0.0860332153552954,0.6760141573645522,96.0,0.17448480872758668,0.0400390625,32,1,1.0,9.875,3072,3072,0,316,0,0,1,1,2833317497109378276
v16e_design_calibration_not_fresh_evidence,v16d,3407,61001,current_global,1570147005,wide_128_32_8,32,shuffled_clock,3,3072,3673,32,0,320,1209,0.08712224339776749,0.6708412741628097,96.0,0.1895423416631601,0.040690104166666664,32,1,1.0,10.0,3072,3072,0,320,0,0,1,1,1565674413093725768
v16e_design_calibration_not_fresh_evidence,v16d,3407,61001,current_global,1570147005,wide_128_32_8,32,shuffled_clock,4,3072,3673,32,0,316,1191,0.0860332153552954,0.6757419003539341,96.0,0.1852652063518345,0.0419921875,32,1,1.0,9.875,3072,3072,0,316,0,0,1,1,13452406876159589982
v16e_design_calibration_not_fresh_evidence,v16d,3407,61001,current_global,1570147005,wide_128_32_8,32,shuffled_clock,5,3072,3673,32,0,316,1194,0.0860332153552954,0.67492512932208,96.0,0.17772456640930748,0.0419921875,32,1,1.0,9.875,3072,3072,0,316,0,0,1,1,1863638429765384686
v16e_design_calibration_not_fresh_evidence,v16d,3407,61001,current_global,1570147005,wide_128_32_8,32,shuffled_clock,6,3072,3673,32,0,316,1184,0.0860332153552954,0.6776476994282603,96.0,0.17766547262000662,0.043294270833333336,32,1,1.0,9.875,3072,3072,0,316,0,0,1,1,1164781827355217724
v16e_design_calibration_not_fresh_evidence,v16d,3407,61001,current_global,1570147005,wide_128_32_8,32,shuffled_clock,7,3072,3673,32,0,317,1210,0.08630547236591342,0.6705690171521916,96.0,0.1866205480183046,0.041666666666666664,32,1,1.0,9.90625,3072,3072,0,317,0,0,1,1,16033140293051836818
v16e_design_calibration_not_fresh_evidence,v16d,3407,61001,current_global,1570147005,wide_128_32_8,32,shuffled_clock,8,3072,3673,32,0,321,1180,0.08739450040838552,0.6787367274707323,96.0,0.18932061141568826,0.0439453125,32,1,1.0,10.03125,3072,3072,0,321,0,0,1,1,1980250661899467113
v16e_design_calibration_not_fresh_evidence,v16d,3407,61001,current_global,1570147005,wide_128_32_8,32,shuffled_clock,9,3072,3673,32,0,307,1192,0.0835829022597332,0.675469643343316,96.0,0.17256855424433068,0.0439453125,32,1,1.0,9.59375,3072,3072,0,307,0,0,1,1,6740065334312413409
v16e_design_calibration_not_fresh_evidence,v16d,3407,61001,current_global,1570147005,wide_128_32_8,32,shuffled_clock,10,3072,3673,32,0,315,1187,0.08576095834467738,0.6768309283964062,96.0,0.15728821740147395,0.041015625,32,1,1.0,9.84375,3072,3072,0,315,0,0,1,1,10054053205791762585
v16e_design_calibration_not_fresh_evidence,v16d,3407,61001,current_global,1570147005,wide_128_32_8,32,shuffled_clock,11,3072,3673,32,0,321,1212,0.08739450040838552,0.6700245031309556,96.0,0.17315576486738762,0.041666666666666664,32,1,1.0,10.03125,3072,3072,0,321,0,0,1,1,8700183203323561320
v16e_design_calibration_not_fresh_evidence,v16d,3407,61001,current_global,1570147005,wide_128_32_8,32,shuffled_clock,12,3072,3673,32,0,323,1178,0.08793901442962156,0.6792812414919684,96.0,0.12541932355275284,0.041666666666666664,32,1,1.0,10.09375,3072,3072,0,323,0,0,1,1,18112136313344431393
v16e_design_calibration_not_fresh_evidence,v16d,3407,61001,current_global,1570147005,wide_128_32_8,32,shuffled_clock,13,3072,3673,32,0,328,1193,0.08930029948271168,0.6751973863326981,96.0,0.1726496675528024,0.040364583333333336,32,1,1.0,10.25,3072,3072,0,328,0,0,1,1,16816126645111097912
v16e_design_calibration_not_fresh_evidence,v16d,3407,61001,current_global,1570147005,wide_128_32_8,32,shuffled_clock,14,3072,3673,32,0,320,1190,0.08712224339776749,0.6760141573645522,96.0,0.11680699126287479,0.0390625,32,1,1.0,10.0,3072,3072,0,320,0,0,1,1,12897985736212217008
v16e_design_calibration_not_fresh_evidence,v16d,3407,61001,current_global,1570147005,wide_128_32_8,32,shuffled_clock,15,3072,3673,32,0,320,1194,0.08712224339776749,0.67492512932208,96.0,0.18950540463822338,0.041666666666666664,32,1,1.0,10.0,3072,3072,0,320,0,0,1,1,18425768087439877745
v16e_design_calibration_not_fresh_evidence,v16d,3407,61001,current_global,1570147005,wide_128_32_8,8,clock,-1,3072,3673,8,0,28,2769,0.007623196297304655,0.24612033759869317,384.0,0.812505961898151,0.3037109375,8,1,1.0,3.5,3072,3072,0,28,0,0,1,1,
v16e_design_calibration_not_fresh_evidence,v16d,3407,61001,current_global,1570147005,wide_128_32_8,8,event_count,-1,3072,3673,8,0,28,2409,0.007623196297304655,0.3441328614211816,384.0,0.0,0.125,8,1,1.0,3.5,3072,3072,0,28,0,0,1,1,
v16e_design_calibration_not_fresh_evidence,v16d,3407,61001,current_global,1570147005,wide_128_32_8,8,shuffled_clock,0,3072,3673,8,0,28,2418,0.007623196297304655,0.3416825483256194,384.0,0.09383263553830028,0.14192708333333334,8,1,1.0,3.5,3072,3072,0,28,0,0,1,1,18421137859865048472
v16e_design_calibration_not_fresh_evidence,v16d,3407,61001,current_global,1570147005,wide_128_32_8,8,shuffled_clock,1,3072,3673,8,0,28,2399,0.007623196297304655,0.3468554315273618,384.0,0.09072500639688202,0.1376953125,8,1,1.0,3.5,3072,3072,0,28,0,0,1,1,4938219852706853726
v16e_design_calibration_not_fresh_evidence,v16d,3407,61001,current_global,1570147005,wide_128_32_8,8,shuffled_clock,2,3072,3673,8,0,28,2420,0.007623196297304655,0.34113803430438333,384.0,0.11257024923089032,0.14973958333333334,8,1,1.0,3.5,3072,3072,0,28,0,0,1,1,14319257429755156717
v16e_design_calibration_not_fresh_evidence,v16d,3407,61001,current_global,1570147005,wide_128_32_8,8,shuffled_clock,3,3072,3673,8,0,28,2416,0.007623196297304655,0.3422270623468554,384.0,0.11129793476402917,0.14583333333333334,8,1,1.0,3.5,3072,3072,0,28,0,0,1,1,12123401922415755419
v16e_design_calibration_not_fresh_evidence,v16d,3407,61001,current_global,1570147005,wide_128_32_8,8,shuffled_clock,4,3072,3673,8,0,28,2406,0.007623196297304655,0.34494963245303567,384.0,0.06733528182588551,0.1376953125,8,1,1.0,3.5,3072,3072,0,28,0,0,1,1,8614805625561045190
v16e_design_calibration_not_fresh_evidence,v16d,3407,61001,current_global,1570147005,wide_128_32_8,8,shuffled_clock,5,3072,3673,8,0,28,2414,0.007623196297304655,0.34277157636809147,384.0,0.11898831298069597,0.14811197916666666,8,1,1.0,3.5,3072,3072,0,28,0,0,1,1,4094123628195006174
v16e_design_calibration_not_fresh_evidence,v16d,3407,61001,current_global,1570147005,wide_128_32_8,8,shuffled_clock,6,3072,3673,8,0,28,2423,0.007623196297304655,0.34032126327252926,384.0,0.09206067244330929,0.1494140625,8,1,1.0,3.5,3072,3072,0,28,0,0,1,1,8997871914064427819
v16e_design_calibration_not_fresh_evidence,v16d,3407,61001,current_global,1570147005,wide_128_32_8,8,shuffled_clock,7,3072,3673,8,0,28,2410,0.007623196297304655,0.3438606044105636,384.0,0.09449111825230681,0.140625,8,1,1.0,3.5,3072,3072,0,28,0,0,1,1,6598593753210486069
v16e_design_calibration_not_fresh_evidence,v16d,3407,61001,current_global,1570147005,wide_128_32_8,8,shuffled_clock,8,3072,3673,8,0,28,2399,0.007623196297304655,0.3468554315273618,384.0,0.051258347171576894,0.13411458333333334,8,1,1.0,3.5,3072,3072,0,28,0,0,1,1,1336568097777002212
v16e_design_calibration_not_fresh_evidence,v16d,3407,61001,current_global,1570147005,wide_128_32_8,8,shuffled_clock,9,3072,3673,8,0,28,2405,0.007623196297304655,0.3452218894636537,384.0,0.10401775069822199,0.13802083333333334,8,1,1.0,3.5,3072,3072,0,28,0,0,1,1,6406563283404155917
v16e_design_calibration_not_fresh_evidence,v16d,3407,61001,current_global,1570147005,wide_128_32_8,8,shuffled_clock,10,3072,3673,8,0,28,2415,0.007623196297304655,0.34249931935747346,384.0,0.09233388129457483,0.13899739583333334,8,1,1.0,3.5,3072,3072,0,28,0,0,1,1,9667007499623878495
v16e_design_calibration_not_fresh_evidence,v16d,3407,61001,current_global,1570147005,wide_128_32_8,8,shuffled_clock,11,3072,3673,8,0,28,2410,0.007623196297304655,0.3438606044105636,384.0,0.06994641248870224,0.13736979166666666,8,1,1.0,3.5,3072,3072,0,28,0,0,1,1,13827315455574450220
v16e_design_calibration_not_fresh_evidence,v16d,3407,61001,current_global,1570147005,wide_128_32_8,8,shuffled_clock,12,3072,3673,8,0,28,2412,0.007623196297304655,0.34331609038932753,384.0,0.10265835075222408,0.14192708333333334,8,1,1.0,3.5,3072,3072,0,28,0,0,1,1,7349812557703409074
v16e_design_calibration_not_fresh_evidence,v16d,3407,61001,current_global,1570147005,wide_128_32_8,8,shuffled_clock,13,3072,3673,8,0,28,2408,0.007623196297304655,0.3444051184317996,384.0,0.04133986423538423,0.13444010416666666,8,1,1.0,3.5,3072,3072,0,28,0,0,1,1,6486570938877721588
v16e_design_calibration_not_fresh_evidence,v16d,3407,61001,current_global,1570147005,wide_128_32_8,8,shuffled_clock,14,3072,3673,8,0,28,2391,0.007623196297304655,0.349033487612306,384.0,0.12206690223410992,0.15852864583333334,8,1,1.0,3.5,3072,3072,0,28,0,0,1,1,3876650868611869141
v16e_design_calibration_not_fresh_evidence,v16d,3407,61001,current_global,1570147005,wide_128_32_8,8,shuffled_clock,15,3072,3673,8,0,28,2398,0.007623196297304655,0.3471276885379799,384.0,0.07621677489761457,0.1376953125,8,1,1.0,3.5,3072,3072,0,28,0,0,1,1,18171590395719435168
v16e_design_calibration_not_fresh_evidence,v16d,3407,61001,current_global,1570147005,compact_64_16_4,64,clock,-1,3072,3673,64,0,537,805,0.14620201470187857,0.7808331064524912,48.0,0.7835932671285796,0.044270833333333336,63,2,0.9995039682539683,8.390625,3072,3072,0,537,0,0,1,1,
v16e_design_calibration_not_fresh_evidence,v16d,3407,61001,current_global,1570147005,compact_64_16_4,64,event_count,-1,3072,3673,64,0,749,698,0.20392050095289954,0.8099646065886197,48.0,0.0,0.015625,64,1,1.0,11.703125,3072,3072,0,749,0,0,1,1,
v16e_design_calibration_not_fresh_evidence,v16d,3407,61001,current_global,1570147005,compact_64_16_4,64,shuffled_clock,0,3072,3673,64,0,730,727,0.1987476177511571,0.802069153280697,48.0,0.23561455722582078,0.022135416666666668,64,1,1.0,11.40625,3072,3072,0,730,0,0,1,1,10415225859092547764
v16e_design_calibration_not_fresh_evidence,v16d,3407,61001,current_global,1570147005,compact_64_16_4,64,shuffled_clock,1,3072,3673,64,0,744,734,0.2025592158998094,0.8001633542063709,48.0,0.24997244116179687,0.027018229166666668,64,1,1.0,11.625,3072,3072,0,744,0,0,1,1,7726772631894842361
v16e_design_calibration_not_fresh_evidence,v16d,3407,61001,current_global,1570147005,compact_64_16_4,64,shuffled_clock,2,3072,3673,64,0,714,743,0.19439150558126872,0.7977130411108087,48.0,0.20290548272689657,0.0244140625,64,1,1.0,11.15625,3072,3072,0,714,0,0,1,1,16011661802784210154
v16e_design_calibration_not_fresh_evidence,v16d,3407,61001,current_global,1570147005,compact_64_16_4,64,shuffled_clock,3,3072,3673,64,0,733,742,0.19956438878301117,0.7979852981214266,48.0,0.2668742991267453,0.025390625,64,1,1.0,11.453125,3072,3072,0,733,0,0,1,1,3650163960738878047
v16e_design_calibration_not_fresh_evidence,v16d,3407,61001,current_global,1570147005,compact_64_16_4,64,shuffled_clock,4,3072,3673,64,0,736,717,0.20038115981486523,0.8047917233868772,48.0,0.27241853951262934,0.027018229166666668,64,1,1.0,11.5,3072,3072,0,736,0,0,1,1,1506281476856120840
v16e_design_calibration_not_fresh_evidence,v16d,3407,61001,current_global,1570147005,compact_64_16_4,64,shuffled_clock,5,3072,3673,64,0,728,744,0.19820310372992103,0.7974407841001906,48.0,0.2152617761590113,0.022135416666666668,64,1,1.0,11.375,3072,3072,0,728,0,0,1,1,1011746101557786049
v16e_design_calibration_not_fresh_evidence,v16d,3407,61001,current_global,1570147005,compact_64_16_4,64,shuffled_clock,6,3072,3673,64,0,734,712,0.1998366457936292,0.8061530084399673,48.0,0.2518942784448021,0.023763020833333332,64,1,1.0,11.46875,3072,3072,0,734,0,0,1,1,13893464488755801952
v16e_design_calibration_not_fresh_evidence,v16d,3407,61001,current_global,1570147005,compact_64_16_4,64,shuffled_clock,7,3072,3673,64,0,741,748,0.20174244486795534,0.7963517560577185,48.0,0.26242282816237755,0.0263671875,64,1,1.0,11.578125,3072,3072,0,741,0,0,1,1,1334157045389429370
v16e_design_calibration_not_fresh_evidence,v16d,3407,61001,current_global,1570147005,compact_64_16_4,64,shuffled_clock,8,3072,3673,64,0,721,720,0.1962973046555949,0.8039749523550231,48.0,0.23142525772226455,0.0263671875,64,1,1.0,11.265625,3072,3072,0,721,0,0,1,1,7066419883702830869
v16e_design_calibration_not_fresh_evidence,v16d,3407,61001,current_global,1570147005,compact_64_16_4,64,shuffled_clock,9,3072,3673,64,0,732,738,0.19929213177239313,0.7990743261638987,48.0,0.24630760904122498,0.0234375,64,1,1.0,11.4375,3072,3072,0,732,0,0,1,1,4311820883678535242
v16e_design_calibration_not_fresh_evidence,v16d,3407,61001,current_global,1570147005,compact_64_16_4,64,shuffled_clock,10,3072,3673,64,0,732,725,0.19929213177239313,0.8026136673019331,48.0,0.2002396051506781,0.023111979166666668,64,1,1.0,11.4375,3072,3072,0,732,0,0,1,1,1022982690948828856
v16e_design_calibration_not_fresh_evidence,v16d,3407,61001,current_global,1570147005,compact_64_16_4,64,shuffled_clock,11,3072,3673,64,0,735,722,0.2001089028042472,0.8034304383337871,48.0,0.2438902899768122,0.0244140625,64,1,1.0,11.484375,3072,3072,0,735,0,0,1,1,13547006459552909065
v16e_design_calibration_not_fresh_evidence,v16d,3407,61001,current_global,1570147005,compact_64_16_4,64,shuffled_clock,12,3072,3673,64,0,726,733,0.197658589708685,0.8004356112169888,48.0,0.2115166843540743,0.022135416666666668,64,1,1.0,11.34375,3072,3072,0,726,0,0,1,1,9509150427410360771
v16e_design_calibration_not_fresh_evidence,v16d,3407,61001,current_global,1570147005,compact_64_16_4,64,shuffled_clock,13,3072,3673,64,0,729,734,0.19847536074053906,0.8001633542063709,48.0,0.2638105564608368,0.02734375,64,1,1.0,11.390625,3072,3072,0,729,0,0,1,1,12950170622473360796
v16e_design_calibration_not_fresh_evidence,v16d,3407,61001,current_global,1570147005,compact_64_16_4,64,shuffled_clock,14,3072,3673,64,0,740,745,0.20147018785733734,0.7971685270895725,48.0,0.241847906860717,0.0244140625,64,1,1.0,11.5625,3072,3072,0,740,0,0,1,1,10490908257215360635
v16e_design_calibration_not_fresh_evidence,v16d,3407,61001,current_global,1570147005,compact_64_16_4,64,shuffled_clock,15,3072,3673,64,0,729,736,0.19847536074053906,0.7996188401851347,48.0,0.2632354064116614,0.0234375,64,1,1.0,11.390625,3072,3072,0,729,0,0,1,1,17358119890938826264
v16e_design_calibration_not_fresh_evidence,v16d,3407,61001,current_global,1570147005,compact_64_16_4,16,clock,-1,3072,3673,16,0,91,2102,0.02477538796624013,0.4277157636809148,192.0,0.7915570099493782,0.16048177083333334,16,1,1.0,5.6875,3072,3072,0,91,0,0,1,1,
v16e_design_calibration_not_fresh_evidence,v16d,3407,61001,current_global,1570147005,compact_64_16_4,16,event_count,-1,3072,3673,16,0,115,1784,0.03130955622107269,0.5142934930574462,192.0,0.0,0.0625,16,1,1.0,7.1875,3072,3072,0,115,0,0,1,1,
v16e_design_calibration_not_fresh_evidence,v16d,3407,61001,current_global,1570147005,compact_64_16_4,16,shuffled_clock,0,3072,3673,16,0,116,1823,0.031581813231690715,0.5036754696433433,192.0,0.13488142083024326,0.0791015625,16,1,1.0,7.25,3072,3072,0,116,0,0,1,1,14405318713518075388
v16e_design_calibration_not_fresh_evidence,v16d,3407,61001,current_global,1570147005,compact_64_16_4,16,shuffled_clock,1,3072,3673,16,0,113,1781,0.030765042199836647,0.5151102640893003,192.0,0.11356874040111696,0.07063802083333333,16,1,1.0,7.0625,3072,3072,0,113,0,0,1,1,16701969174376597344
v16e_design_calibration_not_fresh_evidence,v16d,3407,61001,current_global,1570147005,compact_64_16_4,16,shuffled_clock,2,3072,3673,16,0,116,1783,0.031581813231690715,0.5145657500680643,192.0,0.1604189213405765,0.0859375,16,1,1.0,7.25,3072,3072,0,116,0,0,1,1,2591846143704127032
v16e_design_calibration_not_fresh_evidence,v16d,3407,61001,current_global,1570147005,compact_64_16_4,16,shuffled_clock,3,3072,3673,16,0,117,1783,0.03185407024230874,0.5145657500680643,192.0,0.1194969199974999,0.08235677083333333,16,1,1.0,7.3125,3072,3072,0,117,0,0,1,1,6613126578889988145
v16e_design_calibration_not_fresh_evidence,v16d,3407,61001,current_global,1570147005,compact_64_16_4,16,shuffled_clock,4,3072,3673,16,0,111,1808,0.0302205281786006,0.5077593248026137,192.0,0.14470046088257504,0.08040364583333333,16,1,1.0,6.9375,3072,3072,0,111,0,0,1,1,11666302876136683738
v16e_design_calibration_not_fresh_evidence,v16d,3407,61001,current_global,1570147005,compact_64_16_4,16,shuffled_clock,5,3072,3673,16,0,115,1784,0.03130955622107269,0.5142934930574462,192.0,0.07067486358382725,0.07096354166666667,16,1,1.0,7.1875,3072,3072,0,115,0,0,1,1,13518503217203230972
v16e_design_calibration_not_fresh_evidence,v16d,3407,61001,current_global,1570147005,compact_64_16_4,16,shuffled_clock,6,3072,3673,16,0,113,1786,0.030765042199836647,0.5137489790362102,192.0,0.1513227748091011,0.08040364583333333,16,1,1.0,7.0625,3072,3072,0,113,0,0,1,1,988375041609239297
v16e_design_calibration_not_fresh_evidence,v16d,3407,61001,current_global,1570147005,compact_64_16_4,16,shuffled_clock,7,3072,3673,16,0,113,1805,0.030765042199836647,0.5085760958344677,192.0,0.12579320092178334,0.07552083333333333,16,1,1.0,7.0625,3072,3072,0,113,0,0,1,1,5112939695048654589
v16e_design_calibration_not_fresh_evidence,v16d,3407,61001,current_global,1570147005,compact_64_16_4,16,shuffled_clock,8,3072,3673,16,0,116,1795,0.031581813231690715,0.511298665940648,192.0,0.08488145328109735,0.0712890625,16,1,1.0,7.25,3072,3072,0,116,0,0,1,1,5086238716729563481
v16e_design_calibration_not_fresh_evidence,v16d,3407,61001,current_global,1570147005,compact_64_16_4,16,shuffled_clock,9,3072,3673,16,0,113,1788,0.030765042199836647,0.5132044650149742,192.0,0.1022037271915846,0.07291666666666667,16,1,1.0,7.0625,3072,3072,0,113,0,0,1,1,7390426341662976528
v16e_design_calibration_not_fresh_evidence,v16d,3407,61001,current_global,1570147005,compact_64_16_4,16,shuffled_clock,10,3072,3673,16,0,113,1764,0.030765042199836647,0.5197386332698067,192.0,0.1390667264234984,0.080078125,16,1,1.0,7.0625,3072,3072,0,113,0,0,1,1,11427458246055512285
v16e_design_calibration_not_fresh_evidence,v16d,3407,61001,current_global,1570147005,compact_64_16_4,16,shuffled_clock,11,3072,3673,16,0,115,1784,0.03130955622107269,0.5142934930574462,192.0,0.13703625500277358,0.07975260416666667,16,1,1.0,7.1875,3072,3072,0,115,0,0,1,1,16222930679170734480
v16e_design_calibration_not_fresh_evidence,v16d,3407,61001,current_global,1570147005,compact_64_16_4,16,shuffled_clock,12,3072,3673,16,0,111,1787,0.0302205281786006,0.5134767220255921,192.0,0.15289216046443152,0.0849609375,16,1,1.0,6.9375,3072,3072,0,111,0,0,1,1,3927058705495336253
v16e_design_calibration_not_fresh_evidence,v16d,3407,61001,current_global,1570147005,compact_64_16_4,16,shuffled_clock,13,3072,3673,16,0,115,1785,0.03130955622107269,0.5140212360468283,192.0,0.1162442750481996,0.078125,16,1,1.0,7.1875,3072,3072,0,115,0,0,1,1,9392270096846937030
v16e_design_calibration_not_fresh_evidence,v16d,3407,61001,current_global,1570147005,compact_64_16_4,16,shuffled_clock,14,3072,3673,16,0,115,1800,0.03130955622107269,0.5099373808875578,192.0,0.10806925612943936,0.07291666666666667,16,1,1.0,7.1875,3072,3072,0,115,0,0,1,1,10065667873718948286
v16e_design_calibration_not_fresh_evidence,v16d,3407,61001,current_global,1570147005,compact_64_16_4,16,shuffled_clock,15,3072,3673,16,0,111,1802,0.0302205281786006,0.5093928668663218,192.0,0.12023619213093929,0.07389322916666667,16,1,1.0,6.9375,3072,3072,0,111,0,0,1,1,12731493108076019114
v16e_design_calibration_not_fresh_evidence,v16d,3407,61001,current_global,1570147005,compact_64_16_4,4,clock,-1,3072,3673,4,0,6,3182,0.0016335420637081405,0.1336781922134495,768.0,0.8425642978387328,0.529296875,4,1,1.0,1.5,3072,3072,0,6,0,0,1,1,
v16e_design_calibration_not_fresh_evidence,v16d,3407,61001,current_global,1570147005,compact_64_16_4,4,event_count,-1,3072,3673,4,0,6,2949,0.0016335420637081405,0.19711407568744896,768.0,0.0,0.25,4,1,1.0,1.5,3072,3072,0,6,0,0,1,1,
v16e_design_calibration_not_fresh_evidence,v16d,3407,61001,current_global,1570147005,compact_64_16_4,4,shuffled_clock,0,3072,3673,4,0,6,2944,0.0016335420637081405,0.19847536074053906,768.0,0.03698161181274443,0.2600911458333333,4,1,1.0,1.5,3072,3072,0,6,0,0,1,1,6842887313271454571
v16e_design_calibration_not_fresh_evidence,v16d,3407,61001,current_global,1570147005,compact_64_16_4,4,shuffled_clock,1,3072,3673,4,0,6,2941,0.0016335420637081405,0.19929213177239313,768.0,0.0609156091971979,0.2682291666666667,4,1,1.0,1.5,3072,3072,0,6,0,0,1,1,7075205582004929599
v16e_design_calibration_not_fresh_evidence,v16d,3407,61001,current_global,1570147005,compact_64_16_4,4,shuffled_clock,2,3072,3673,4,0,6,2959,0.0016335420637081405,0.19439150558126872,768.0,0.04791242055462005,0.2610677083333333,4,1,1.0,1.5,3072,3072,0,6,0,0,1,1,8187395052926933461
v16e_design_calibration_not_fresh_evidence,v16d,3407,61001,current_global,1570147005,compact_64_16_4,4,shuffled_clock,3,3072,3673,4,0,6,2971,0.0016335420637081405,0.19112442145385244,768.0,0.08546931600631869,0.265625,4,1,1.0,1.5,3072,3072,0,6,0,0,1,1,7610212330416484522
v16e_design_calibration_not_fresh_evidence,v16d,3407,61001,current_global,1570147005,compact_64_16_4,4,shuffled_clock,4,3072,3673,4,0,6,2945,0.0016335420637081405,0.19820310372992103,768.0,0.06272564879522895,0.2662760416666667,4,1,1.0,1.5,3072,3072,0,6,0,0,1,1,17749352043250625438
v16e_design_calibration_not_fresh_evidence,v16d,3407,61001,current_global,1570147005,compact_64_16_4,4,shuffled_clock,5,3072,3673,4,0,6,2940,0.0016335420637081405,0.19956438878301117,768.0,0.06148811954748747,0.2718098958333333,4,1,1.0,1.5,3072,3072,0,6,0,0,1,1,13093318570238893406
v16e_design_calibration_not_fresh_evidence,v16d,3407,61001,current_global,1570147005,compact_64_16_4,4,shuffled_clock,6,3072,3673,4,0,6,2944,0.0016335420637081405,0.19847536074053906,768.0,0.022275394827007536,0.25390625,4,1,1.0,1.5,3072,3072,0,6,0,0,1,1,555934330875540269
v16e_design_calibration_not_fresh_evidence,v16d,3407,61001,current_global,1570147005,compact_64_16_4,4,shuffled_clock,7,3072,3673,4,0,6,2944,0.0016335420637081405,0.19847536074053906,768.0,0.026937709460386983,0.2581380208333333,4,1,1.0,1.5,3072,3072,0,6,0,0,1,1,7543147951757696639
v16e_design_calibration_not_fresh_evidence,v16d,3407,61001,current_global,1570147005,compact_64_16_4,4,shuffled_clock,8,3072,3673,4,0,6,2948,0.0016335420637081405,0.19738633269806696,768.0,0.04767593134881428,0.2666015625,4,1,1.0,1.5,3072,3072,0,6,0,0,1,1,3830982041170035955
v16e_design_calibration_not_fresh_evidence,v16d,3407,61001,current_global,1570147005,compact_64_16_4,4,shuffled_clock,9,3072,3673,4,0,6,2935,0.0016335420637081405,0.20092567383610127,768.0,0.07590896430770556,0.2750651041666667,4,1,1.0,1.5,3072,3072,0,6,0,0,1,1,8763795252540309505
v16e_design_calibration_not_fresh_evidence,v16d,3407,61001,current_global,1570147005,compact_64_16_4,4,shuffled_clock,10,3072,3673,4,0,6,2943,0.0016335420637081405,0.1987476177511571,768.0,0.04272473854973859,0.2623697916666667,4,1,1.0,1.5,3072,3072,0,6,0,0,1,1,16550320601756549530
v16e_design_calibration_not_fresh_evidence,v16d,3407,61001,current_global,1570147005,compact_64_16_4,4,shuffled_clock,11,3072,3673,4,0,6,2951,0.0016335420637081405,0.1965695616662129,768.0,0.05023859809951537,0.2666015625,4,1,1.0,1.5,3072,3072,0,6,0,0,1,1,9943849419287521052
v16e_design_calibration_not_fresh_evidence,v16d,3407,61001,current_global,1570147005,compact_64_16_4,4,shuffled_clock,12,3072,3673,4,0,6,2956,0.0016335420637081405,0.1952082766131228,768.0,0.054324606144496156,0.259765625,4,1,1.0,1.5,3072,3072,0,6,0,0,1,1,1183406788142561351
v16e_design_calibration_not_fresh_evidence,v16d,3407,61001,current_global,1570147005,compact_64_16_4,4,shuffled_clock,13,3072,3673,4,0,6,2944,0.0016335420637081405,0.19847536074053906,768.0,0.051019960662424764,0.2679036458333333,4,1,1.0,1.5,3072,3072,0,6,0,0,1,1,17430430213703451561
v16e_design_calibration_not_fresh_evidence,v16d,3407,61001,current_global,1570147005,compact_64_16_4,4,shuffled_clock,14,3072,3673,4,0,6,2969,0.0016335420637081405,0.19166893547508848,768.0,0.10603255083880732,0.2740885416666667,4,1,1.0,1.5,3072,3072,0,6,0,0,1,1,17363010219070060317
v16e_design_calibration_not_fresh_evidence,v16d,3407,61001,current_global,1570147005,compact_64_16_4,4,shuffled_clock,15,3072,3673,4,0,6,2947,0.0016335420637081405,0.197658589708685,768.0,0.025581878521339193,0.2587890625,4,1,1.0,1.5,3072,3072,0,6,0,0,1,1,7005173626698040930
v16e_design_calibration_not_fresh_evidence,v16d,3407,61001,exposure_matched_local,1670147005,wide_128_32_8,128,clock,-1,3072,3521,128,0,1192,422,0.3385401874467481,0.8801476853166714,24.0,0.6950172615667652,0.020833333333333332,120,2,0.9985236220472441,9.3125,3072,3072,0,1192,0,0,1,1,
v16e_design_calibration_not_fresh_evidence,v16d,3407,61001,exposure_matched_local,1670147005,wide_128_32_8,128,event_count,-1,3072,3521,128,0,1488,390,0.42260721385969896,0.8892360124964499,24.0,0.0,0.0078125,126,2,0.999753937007874,11.625,3072,3072,0,1488,0,0,1,1,
v16e_design_calibration_not_fresh_evidence,v16d,3407,61001,exposure_matched_local,1670147005,wide_128_32_8,128,shuffled_clock,0,3072,3521,128,0,1436,415,0.4078386821925589,0.882135756887248,24.0,0.2776191585614184,0.012044270833333334,126,2,0.999507874015748,11.21875,3072,3072,0,1436,0,0,1,1,15994969240407869510
v16e_design_calibration_not_fresh_evidence,v16d,3407,61001,exposure_matched_local,1670147005,wide_128_32_8,128,shuffled_clock,1,3072,3521,128,0,1433,395,0.4069866515194547,0.8878159613746095,24.0,0.30023503479022157,0.0126953125,124,2,0.9993848425196851,11.1953125,3072,3072,0,1433,0,0,1,1,18373219956190298629
v16e_design_calibration_not_fresh_evidence,v16d,3407,61001,exposure_matched_local,1670147005,wide_128_32_8,128,shuffled_clock,2,3072,3521,128,0,1453,428,0.41266685600681624,0.8784436239704629,24.0,0.28026554399909004,0.012369791666666666,122,2,0.999138779527559,11.3515625,3072,3072,0,1453,0,0,1,1,10343484036620129778
v16e_design_calibration_not_fresh_evidence,v16d,3407,61001,exposure_matched_local,1670147005,wide_128_32_8,128,shuffled_clock,3,3072,3521,128,0,1460,430,0.4146549275773928,0.8778756035217268,24.0,0.31316093710492365,0.013997395833333334,123,2,0.9993848425196851,11.40625,3072,3072,0,1460,0,0,1,1,17501373440076160671
v16e_design_calibration_not_fresh_evidence,v16d,3407,61001,exposure_matched_local,1670147005,wide_128_32_8,128,shuffled_clock,4,3072,3521,128,0,1450,415,0.411814825333712,0.882135756887248,24.0,0.27707698125847097,0.013020833333333334,125,2,0.9993848425196851,11.328125,3072,3072,0,1450,0,0,1,1,18097804421960009691
v16e_design_calibration_not_fresh_evidence,v16d,3407,61001,exposure_matched_local,1670147005,wide_128_32_8,128,shuffled_clock,5,3072,3521,128,0,1442,417,0.4095427435387674,0.8815677364385118,24.0,0.31403276768134053,0.014322916666666666,123,2,0.9990157480314961,11.265625,3072,3072,0,1442,0,0,1,1,11763437875395253733
v16e_design_calibration_not_fresh_evidence,v16d,3407,61001,exposure_matched_local,1670147005,wide_128_32_8,128,shuffled_clock,6,3072,3521,128,0,1459,404,0.4143709173530247,0.8852598693552968,24.0,0.27820941966412865,0.013671875,124,2,0.999261811023622,11.3984375,3072,3072,0,1459,0,0,1,1,9956727642218992759
v16e_design_calibration_not_fresh_evidence,v16d,3407,61001,exposure_matched_local,1670147005,wide_128_32_8,128,shuffled_clock,7,3072,3521,128,0,1455,413,0.4132348764555524,0.882703777335984,24.0,0.2510912317249825,0.0126953125,123,2,0.999261811023622,11.3671875,3072,3072,0,1455,0,0,1,1,1439347465011525758
v16e_design_calibration_not_fresh_evidence,v16d,3407,61001,exposure_matched_local,1670147005,wide_128_32_8,128,shuffled_clock,8,3072,3521,128,0,1423,410,0.4041465492757739,0.8835558080090883,24.0,0.32194285261511285,0.0166015625,122,2,0.99876968503937,11.1171875,3072,3072,0,1423,0,0,1,1,13471396214461342181
v16e_design_calibration_not_fresh_evidence,v16d,3407,61001,exposure_matched_local,1670147005,wide_128_32_8,128,shuffled_clock,9,3072,3521,128,0,1457,397,0.41380289690428856,0.8872479409258733,24.0,0.28433319025329257,0.013997395833333334,123,2,0.9988927165354331,11.3828125,3072,3072,0,1457,0,0,1,1,14715504866666637443
v16e_design_calibration_not_fresh_evidence,v16d,3407,61001,exposure_matched_local,1670147005,wide_128_32_8,128,shuffled_clock,10,3072,3521,128,0,1449,394,0.4115308151093439,0.8880999715989776,24.0,0.2810448727026361,0.013671875,126,2,0.999753937007874,11.3203125,3072,3072,0,1449,0,0,1,1,10861427060740968618
v16e_design_calibration_not_fresh_evidence,v16d,3407,61001,exposure_matched_local,1670147005,wide_128_32_8,128,shuffled_clock,11,3072,3521,128,0,1446,426,0.41067878443623973,0.8790116444191991,24.0,0.2920179736555316,0.0146484375,124,2,0.999261811023622,11.296875,3072,3072,0,1446,0,0,1,1,10935367224764911397
v16e_design_calibration_not_fresh_evidence,v16d,3407,61001,exposure_matched_local,1670147005,wide_128_32_8,128,shuffled_clock,12,3072,3521,128,0,1439,424,0.40869071286566316,0.8795796648679353,24.0,0.31672019163612897,0.013997395833333334,122,2,0.9988927165354331,11.2421875,3072,3072,0,1439,0,0,1,1,3601565772415644883
v16e_design_calibration_not_fresh_evidence,v16d,3407,61001,exposure_matched_local,1670147005,wide_128_32_8,128,shuffled_clock,13,3072,3521,128,0,1431,421,0.4064186310707186,0.8804316955410395,24.0,0.3162018276362819,0.015299479166666666,124,2,0.999261811023622,11.1796875,3072,3072,0,1431,0,0,1,1,15289880256460919370
v16e_design_calibration_not_fresh_evidence,v16d,3407,61001,exposure_matched_local,1670147005,wide_128_32_8,128,shuffled_clock,14,3072,3521,128,0,1444,421,0.41011076398750357,0.8804316955410395,24.0,0.31246172119013055,0.013020833333333334,122,2,0.9990157480314961,11.28125,3072,3072,0,1444,0,0,1,1,63205551401111920
v16e_design_calibration_not_fresh_evidence,v16d,3407,61001,exposure_matched_local,1670147005,wide_128_32_8,128,shuffled_clock,15,3072,3521,128,0,1433,418,0.4069866515194547,0.8812837262141437,24.0,0.31101462383298034,0.013671875,122,2,0.9985236220472441,11.1953125,3072,3072,0,1433,0,0,1,1,13957016548980945066
v16e_design_calibration_not_fresh_evidence,v16d,3407,61001,exposure_matched_local,1670147005,wide_128_32_8,32,clock,-1,3072,3521,32,0,242,1335,0.0687304742970747,0.6208463504686169,96.0,0.6812757919881668,0.07682291666666667,32,1,1.0,7.5625,3072,3072,0,242,0,0,1,1,
v16e_design_calibration_not_fresh_evidence,v16d,3407,61001,exposure_matched_local,1670147005,wide_128_32_8,32,event_count,-1,3072,3521,32,0,294,1171,0.08349900596421471,0.6674240272649815,96.0,0.0,0.03125,32,1,1.0,9.1875,3072,3072,0,294,0,0,1,1,
v16e_design_calibration_not_fresh_evidence,v16d,3407,61001,exposure_matched_local,1670147005,wide_128_32_8,32,shuffled_clock,0,3072,3521,32,0,292,1197,0.08293098551547856,0.6600397614314115,96.0,0.13276719525621047,0.039713541666666664,32,1,1.0,9.125,3072,3072,0,292,0,0,1,1,1989336467004330885
v16e_design_calibration_not_fresh_evidence,v16d,3407,61001,exposure_matched_local,1670147005,wide_128_32_8,32,shuffled_clock,1,3072,3521,32,0,294,1214,0.08349900596421471,0.6552115876171543,96.0,0.18250515532562392,0.046223958333333336,32,1,1.0,9.1875,3072,3072,0,294,0,0,1,1,9148791953837827620
v16e_design_calibration_not_fresh_evidence,v16d,3407,61001,exposure_matched_local,1670147005,wide_128_32_8,32,shuffled_clock,2,3072,3521,32,0,297,1203,0.08435103663731894,0.658335700085203,96.0,0.15715463927342804,0.040364583333333336,32,1,1.0,9.28125,3072,3072,0,297,0,0,1,1,15076016694853879830
v16e_design_calibration_not_fresh_evidence,v16d,3407,61001,exposure_matched_local,1670147005,wide_128_32_8,32,shuffled_clock,3,3072,3521,32,0,293,1203,0.08321499573984663,0.658335700085203,96.0,0.11374017740881737,0.037434895833333336,32,1,1.0,9.15625,3072,3072,0,293,0,0,1,1,8430658707852479228
v16e_design_calibration_not_fresh_evidence,v16d,3407,61001,exposure_matched_local,1670147005,wide_128_32_8,32,shuffled_clock,4,3072,3521,32,0,293,1225,0.08321499573984663,0.6520874751491054,96.0,0.14745640568337795,0.042317708333333336,32,1,1.0,9.15625,3072,3072,0,293,0,0,1,1,18433103126086473827
v16e_design_calibration_not_fresh_evidence,v16d,3407,61001,exposure_matched_local,1670147005,wide_128_32_8,32,shuffled_clock,5,3072,3521,32,0,297,1217,0.08435103663731894,0.65435955694405,96.0,0.1738215570398455,0.042317708333333336,32,1,1.0,9.28125,3072,3072,0,297,0,0,1,1,11735191913452659684
v16e_design_calibration_not_fresh_evidence,v16d,3407,61001,exposure_matched_local,1670147005,wide_128_32_8,32,shuffled_clock,6,3072,3521,32,0,288,1174,0.08179494461800625,0.6665719965918773,96.0,0.15062686367621117,0.043294270833333336,32,1,1.0,9.0,3072,3072,0,288,0,0,1,1,14220786809769338392
v16e_design_calibration_not_fresh_evidence,v16d,3407,61001,exposure_matched_local,1670147005,wide_128_32_8,32,shuffled_clock,7,3072,3521,32,0,290,1199,0.0823629650667424,0.6594717409826754,96.0,0.15652976745768973,0.046549479166666664,32,1,1.0,9.0625,3072,3072,0,290,0,0,1,1,14913924061662699525
v16e_design_calibration_not_fresh_evidence,v16d,3407,61001,exposure_matched_local,1670147005,wide_128_32_8,32,shuffled_clock,8,3072,3521,32,0,304,1176,0.08633910820789549,0.6660039761431411,96.0,0.15839698777049716,0.0419921875,32,1,1.0,9.5,3072,3072,0,304,0,0,1,1,3975250348231898893
v16e_design_calibration_not_fresh_evidence,v16d,3407,61001,exposure_matched_local,1670147005,wide_128_32_8,32,shuffled_clock,9,3072,3521,32,0,290,1202,0.0823629650667424,0.6586197103095711,96.0,0.1445072194374179,0.039388020833333336,32,1,1.0,9.0625,3072,3072,0,290,0,0,1,1,1552422751947943809
v16e_design_calibration_not_fresh_evidence,v16d,3407,61001,exposure_matched_local,1670147005,wide_128_32_8,32,shuffled_clock,10,3072,3521,32,0,291,1211,0.08264697529111048,0.6560636182902585,96.0,0.14005447288945858,0.042317708333333336,32,1,1.0,9.09375,3072,3072,0,291,0,0,1,1,9560166746837291246
v16e_design_calibration_not_fresh_evidence,v16d,3407,61001,exposure_matched_local,1670147005,wide_128_32_8,32,shuffled_clock,11,3072,3521,32,0,286,1192,0.08122692416927009,0.6614598125532519,96.0,0.15637315934698545,0.042317708333333336,32,1,1.0,8.9375,3072,3072,0,286,0,0,1,1,14571979864800412329
v16e_design_calibration_not_fresh_evidence,v16d,3407,61001,exposure_matched_local,1670147005,wide_128_32_8,32,shuffled_clock,12,3072,3521,32,0,289,1214,0.08207895484237432,0.6552115876171543,96.0,0.17528538557977236,0.041015625,32,1,1.0,9.03125,3072,3072,0,289,0,0,1,1,15249633140436505109
v16e_design_calibration_not_fresh_evidence,v16d,3407,61001,exposure_matched_local,1670147005,wide_128_32_8,32,shuffled_clock,13,3072,3521,32,0,292,1191,0.08293098551547856,0.66174382277762,96.0,0.16440416612333666,0.04296875,32,1,1.0,9.125,3072,3072,0,292,0,0,1,1,5298375387509920926
v16e_design_calibration_not_fresh_evidence,v16d,3407,61001,exposure_matched_local,1670147005,wide_128_32_8,32,shuffled_clock,14,3072,3521,32,0,285,1187,0.08094291394490202,0.6628798636750923,96.0,0.15395946552612347,0.040690104166666664,32,1,1.0,8.90625,3072,3072,0,285,0,0,1,1,8503251692511748312
v16e_design_calibration_not_fresh_evidence,v16d,3407,61001,exposure_matched_local,1670147005,wide_128_32_8,32,shuffled_clock,15,3072,3521,32,0,283,1191,0.08037489349616586,0.66174382277762,96.0,0.160961666722614,0.041015625,32,1,1.0,8.84375,3072,3072,0,283,0,0,1,1,16949860507089673409
v16e_design_calibration_not_fresh_evidence,v16d,3407,61001,exposure_matched_local,1670147005,wide_128_32_8,8,clock,-1,3072,3521,8,0,27,2629,0.007668276057938086,0.2533371201363249,384.0,0.7057490717189382,0.2770182291666667,8,1,1.0,3.375,3072,3072,0,27,0,0,1,1,
v16e_design_calibration_not_fresh_evidence,v16d,3407,61001,exposure_matched_local,1670147005,wide_128_32_8,8,event_count,-1,3072,3521,8,0,28,2402,0.007952286282306162,0.31780744106787845,384.0,0.0,0.125,8,1,1.0,3.5,3072,3072,0,28,0,0,1,1,
v16e_design_calibration_not_fresh_evidence,v16d,3407,61001,exposure_matched_local,1670147005,wide_128_32_8,8,shuffled_clock,0,3072,3521,8,0,28,2396,0.007952286282306162,0.31951150241408693,384.0,0.06530475052757076,0.140625,8,1,1.0,3.5,3072,3072,0,28,0,0,1,1,10135924416896596079
v16e_design_calibration_not_fresh_evidence,v16d,3407,61001,exposure_matched_local,1670147005,wide_128_32_8,8,shuffled_clock,1,3072,3521,8,0,28,2396,0.007952286282306162,0.31951150241408693,384.0,0.06582193617439426,0.134765625,8,1,1.0,3.5,3072,3072,0,28,0,0,1,1,9760797760802501528
v16e_design_calibration_not_fresh_evidence,v16d,3407,61001,exposure_matched_local,1670147005,wide_128_32_8,8,shuffled_clock,2,3072,3521,8,0,28,2410,0.007952286282306162,0.3155353592729338,384.0,0.09681057445542242,0.14453125,8,1,1.0,3.5,3072,3072,0,28,0,0,1,1,9784389590782068718
v16e_design_calibration_not_fresh_evidence,v16d,3407,61001,exposure_matched_local,1670147005,wide_128_32_8,8,shuffled_clock,3,3072,3521,8,0,28,2392,0.007952286282306162,0.3206475433115592,384.0,0.08059103966697026,0.13671875,8,1,1.0,3.5,3072,3072,0,28,0,0,1,1,6286138456213272144
v16e_design_calibration_not_fresh_evidence,v16d,3407,61001,exposure_matched_local,1670147005,wide_128_32_8,8,shuffled_clock,4,3072,3521,8,0,28,2395,0.007952286282306162,0.31979551263845496,384.0,0.06916642014442585,0.1357421875,8,1,1.0,3.5,3072,3072,0,28,0,0,1,1,15267377492617316294
v16e_design_calibration_not_fresh_evidence,v16d,3407,61001,exposure_matched_local,1670147005,wide_128_32_8,8,shuffled_clock,5,3072,3521,8,0,28,2404,0.007952286282306162,0.3172394206191423,384.0,0.08569477807941021,0.13509114583333334,8,1,1.0,3.5,3072,3072,0,28,0,0,1,1,15955958351458753402
v16e_design_calibration_not_fresh_evidence,v16d,3407,61001,exposure_matched_local,1670147005,wide_128_32_8,8,shuffled_clock,6,3072,3521,8,0,28,2401,0.007952286282306162,0.31809145129224653,384.0,0.03956766607234622,0.13053385416666666,8,1,1.0,3.5,3072,3072,0,28,0,0,1,1,12709673350592123393
v16e_design_calibration_not_fresh_evidence,v16d,3407,61001,exposure_matched_local,1670147005,wide_128_32_8,8,shuffled_clock,7,3072,3521,8,0,28,2402,0.007952286282306162,0.31780744106787845,384.0,0.06734966816977916,0.13997395833333334,8,1,1.0,3.5,3072,3072,0,28,0,0,1,1,14000172917094834501
v16e_design_calibration_not_fresh_evidence,v16d,3407,61001,exposure_matched_local,1670147005,wide_128_32_8,8,shuffled_clock,8,3072,3521,8,0,28,2402,0.007952286282306162,0.31780744106787845,384.0,0.07503822603888961,0.14518229166666666,8,1,1.0,3.5,3072,3072,0,28,0,0,1,1,16285483651562711089
v16e_design_calibration_not_fresh_evidence,v16d,3407,61001,exposure_matched_local,1670147005,wide_128_32_8,8,shuffled_clock,9,3072,3521,8,0,28,2402,0.007952286282306162,0.31780744106787845,384.0,0.0625,0.13932291666666666,8,1,1.0,3.5,3072,3072,0,28,0,0,1,1,14168595445811251410
v16e_design_calibration_not_fresh_evidence,v16d,3407,61001,exposure_matched_local,1670147005,wide_128_32_8,8,shuffled_clock,10,3072,3521,8,0,28,2398,0.007952286282306162,0.3189434819653508,384.0,0.06916642014442585,0.13899739583333334,8,1,1.0,3.5,3072,3072,0,28,0,0,1,1,17074499696386360248
v16e_design_calibration_not_fresh_evidence,v16d,3407,61001,exposure_matched_local,1670147005,wide_128_32_8,8,shuffled_clock,11,3072,3521,8,0,28,2402,0.007952286282306162,0.31780744106787845,384.0,0.06514135842443687,0.134765625,8,1,1.0,3.5,3072,3072,0,28,0,0,1,1,10483151153192057686
v16e_design_calibration_not_fresh_evidence,v16d,3407,61001,exposure_matched_local,1670147005,wide_128_32_8,8,shuffled_clock,12,3072,3521,8,0,28,2414,0.007952286282306162,0.31439931837546153,384.0,0.07343301446956473,0.1396484375,8,1,1.0,3.5,3072,3072,0,28,0,0,1,1,8579134200165004175
v16e_design_calibration_not_fresh_evidence,v16d,3407,61001,exposure_matched_local,1670147005,wide_128_32_8,8,shuffled_clock,13,3072,3521,8,0,28,2403,0.007952286282306162,0.31752343084351037,384.0,0.0836002978261859,0.13997395833333334,8,1,1.0,3.5,3072,3072,0,28,0,0,1,1,14427577094873351869
v16e_design_calibration_not_fresh_evidence,v16d,3407,61001,exposure_matched_local,1670147005,wide_128_32_8,8,shuffled_clock,14,3072,3521,8,0,28,2396,0.007952286282306162,0.31951150241408693,384.0,0.09206067244330929,0.14453125,8,1,1.0,3.5,3072,3072,0,28,0,0,1,1,14872390638513695106
v16e_design_calibration_not_fresh_evidence,v16d,3407,61001,exposure_matched_local,1670147005,wide_128_32_8,8,shuffled_clock,15,3072,3521,8,0,28,2395,0.007952286282306162,0.31979551263845496,384.0,0.062437965245259665,0.1328125,8,1,1.0,3.5,3072,3072,0,28,0,0,1,1,7522523021533487945
v16e_design_calibration_not_fresh_evidence,v16d,3407,61001,exposure_matched_local,1670147005,compact_64_16_4,64,clock,-1,3072,3521,64,0,547,779,0.15535359272933827,0.7787560352172678,48.0,0.6840793933470853,0.038736979166666664,64,1,1.0,8.546875,3072,3072,0,547,0,0,1,1,
v16e_design_calibration_not_fresh_evidence,v16d,3407,61001,exposure_matched_local,1670147005,compact_64_16_4,64,event_count,-1,3072,3521,64,0,689,709,0.19568304458960523,0.7986367509230332,48.0,0.0,0.015625,64,1,1.0,10.765625,3072,3072,0,689,0,0,1,1,
v16e_design_calibration_not_fresh_evidence,v16d,3407,61001,exposure_matched_local,1670147005,compact_64_16_4,64,shuffled_clock,0,3072,3521,64,0,671,715,0.19057086055097983,0.7969326895768247,48.0,0.1889093126213256,0.0224609375,64,1,1.0,10.484375,3072,3072,0,671,0,0,1,1,3281332011073902558
v16e_design_calibration_not_fresh_evidence,v16d,3407,61001,exposure_matched_local,1670147005,compact_64_16_4,64,shuffled_clock,1,3072,3521,64,0,662,721,0.18801476853166715,0.7952286282306164,48.0,0.23895347964007296,0.024088541666666668,64,1,1.0,10.34375,3072,3072,0,662,0,0,1,1,10456215644118871918
v16e_design_calibration_not_fresh_evidence,v16d,3407,61001,exposure_matched_local,1670147005,compact_64_16_4,64,shuffled_clock,2,3072,3521,64,0,674,727,0.19142289122408407,0.7935245668844079,48.0,0.2156454872944857,0.0234375,64,1,1.0,10.53125,3072,3072,0,674,0,0,1,1,11832118669186498232
v16e_design_calibration_not_fresh_evidence,v16d,3407,61001,exposure_matched_local,1670147005,compact_64_16_4,64,shuffled_clock,3,3072,3521,64,0,685,736,0.19454700369213293,0.7909684748650951,48.0,0.22348968900930177,0.0234375,64,1,1.0,10.703125,3072,3072,0,685,0,0,1,1,14578567839727330849
v16e_design_calibration_not_fresh_evidence,v16d,3407,61001,exposure_matched_local,1670147005,compact_64_16_4,64,shuffled_clock,4,3072,3521,64,0,681,708,0.1934109627946606,0.7989207611474013,48.0,0.18938281593116532,0.021484375,64,1,1.0,10.640625,3072,3072,0,681,0,0,1,1,14105277277741491693
v16e_design_calibration_not_fresh_evidence,v16d,3407,61001,exposure_matched_local,1670147005,compact_64_16_4,64,shuffled_clock,5,3072,3521,64,0,685,721,0.19454700369213293,0.7952286282306164,48.0,0.19384118438016407,0.021158854166666668,64,1,1.0,10.703125,3072,3072,0,685,0,0,1,1,15018919429388940694
v16e_design_calibration_not_fresh_evidence,v16d,3407,61001,exposure_matched_local,1670147005,compact_64_16_4,64,shuffled_clock,6,3072,3521,64,0,680,755,0.19312695257029253,0.7855722806021017,48.0,0.2019866607256804,0.025390625,64,1,1.0,10.625,3072,3072,0,680,0,0,1,1,17808245169316702396
v16e_design_calibration_not_fresh_evidence,v16d,3407,61001,exposure_matched_local,1670147005,compact_64_16_4,64,shuffled_clock,7,3072,3521,64,0,701,733,0.19909116728202214,0.7918205055381994,48.0,0.2058382333456987,0.0234375,64,1,1.0,10.953125,3072,3072,0,701,0,0,1,1,10289713507651966265
v16e_design_calibration_not_fresh_evidence,v16d,3407,61001,exposure_matched_local,1670147005,compact_64_16_4,64,shuffled_clock,8,3072,3521,64,0,683,724,0.19397898324339677,0.7943765975575121,48.0,0.1950105138937399,0.025390625,64,1,1.0,10.671875,3072,3072,0,683,0,0,1,1,708096486711039340
v16e_design_calibration_not_fresh_evidence,v16d,3407,61001,exposure_matched_local,1670147005,compact_64_16_4,64,shuffled_clock,9,3072,3521,64,0,682,745,0.1936949730190287,0.7884123828457824,48.0,0.22231520872000343,0.022135416666666668,64,1,1.0,10.65625,3072,3072,0,682,0,0,1,1,14687653254434069305
v16e_design_calibration_not_fresh_evidence,v16d,3407,61001,exposure_matched_local,1670147005,compact_64_16_4,64,shuffled_clock,10,3072,3521,64,0,699,741,0.198523146833286,0.7895484237432547,48.0,0.2043265489953242,0.025065104166666668,64,1,1.0,10.921875,3072,3072,0,699,0,0,1,1,536872784984552524
v16e_design_calibration_not_fresh_evidence,v16d,3407,61001,exposure_matched_local,1670147005,compact_64_16_4,64,shuffled_clock,11,3072,3521,64,0,679,722,0.19284294234592445,0.7949446180062483,48.0,0.18978254984520984,0.022786458333333332,64,1,1.0,10.609375,3072,3072,0,679,0,0,1,1,10203250334841696098
v16e_design_calibration_not_fresh_evidence,v16d,3407,61001,exposure_matched_local,1670147005,compact_64_16_4,64,shuffled_clock,12,3072,3521,64,0,688,753,0.19539903436523715,0.7861403010508379,48.0,0.22511754719015142,0.0234375,64,1,1.0,10.75,3072,3072,0,688,0,0,1,1,11611344329727084159
v16e_design_calibration_not_fresh_evidence,v16d,3407,61001,exposure_matched_local,1670147005,compact_64_16_4,64,shuffled_clock,13,3072,3521,64,0,675,726,0.19170690144845215,0.793808577108776,48.0,0.22019787277492753,0.025716145833333332,64,1,1.0,10.546875,3072,3072,0,675,0,0,1,1,7051913951917995043
v16e_design_calibration_not_fresh_evidence,v16d,3407,61001,exposure_matched_local,1670147005,compact_64_16_4,64,shuffled_clock,14,3072,3521,64,0,685,741,0.19454700369213293,0.7895484237432547,48.0,0.22191198582605398,0.024739583333333332,64,1,1.0,10.703125,3072,3072,0,685,0,0,1,1,10835539892734714559
v16e_design_calibration_not_fresh_evidence,v16d,3407,61001,exposure_matched_local,1670147005,compact_64_16_4,64,shuffled_clock,15,3072,3521,64,0,684,737,0.19426299346776485,0.7906844646407271,48.0,0.21812315704714078,0.024088541666666668,64,1,1.0,10.6875,3072,3072,0,684,0,0,1,1,4696859943107952328
v16e_design_calibration_not_fresh_evidence,v16d,3407,61001,exposure_matched_local,1670147005,compact_64_16_4,16,clock,-1,3072,3521,16,0,91,2005,0.02584493041749503,0.4305595001420051,192.0,0.685426692766927,0.14029947916666666,16,1,1.0,5.6875,3072,3072,0,91,0,0,1,1,
v16e_design_calibration_not_fresh_evidence,v16d,3407,61001,exposure_matched_local,1670147005,compact_64_16_4,16,event_count,-1,3072,3521,16,0,107,1784,0.030389094007384265,0.4933257597273502,192.0,0.0,0.0625,16,1,1.0,6.6875,3072,3072,0,107,0,0,1,1,
v16e_design_calibration_not_fresh_evidence,v16d,3407,61001,exposure_matched_local,1670147005,compact_64_16_4,16,shuffled_clock,0,3072,3521,16,0,110,1772,0.031241124680488497,0.4967338824197671,192.0,0.0993140536379419,0.07389322916666667,16,1,1.0,6.875,3072,3072,0,110,0,0,1,1,8736647012793118828
v16e_design_calibration_not_fresh_evidence,v16d,3407,61001,exposure_matched_local,1670147005,compact_64_16_4,16,shuffled_clock,1,3072,3521,16,0,101,1792,0.0286850326611758,0.49105367793240556,192.0,0.13532315147111404,0.080078125,16,1,1.0,6.3125,3072,3072,0,101,0,0,1,1,8551907854756471654
v16e_design_calibration_not_fresh_evidence,v16d,3407,61001,exposure_matched_local,1670147005,compact_64_16_4,16,shuffled_clock,2,3072,3521,16,0,108,1774,0.030673104231752343,0.49616586197103096,192.0,0.0808215197552951,0.072265625,16,1,1.0,6.75,3072,3072,0,108,0,0,1,1,9589784781391704616
v16e_design_calibration_not_fresh_evidence,v16d,3407,61001,exposure_matched_local,1670147005,compact_64_16_4,16,shuffled_clock,3,3072,3521,16,0,108,1787,0.030673104231752343,0.49247372905424597,192.0,0.08851102410936668,0.07389322916666667,16,1,1.0,6.75,3072,3072,0,108,0,0,1,1,17141197287595492778
v16e_design_calibration_not_fresh_evidence,v16d,3407,61001,exposure_matched_local,1670147005,compact_64_16_4,16,shuffled_clock,4,3072,3521,16,0,105,1778,0.02982107355864811,0.49502982107355864,192.0,0.09900400992627258,0.07486979166666667,16,1,1.0,6.5625,3072,3072,0,105,0,0,1,1,12859561492901677626
v16e_design_calibration_not_fresh_evidence,v16d,3407,61001,exposure_matched_local,1670147005,compact_64_16_4,16,shuffled_clock,5,3072,3521,16,0,109,1781,0.03095711445612042,0.4941777904004544,192.0,0.09883947540405173,0.07356770833333333,16,1,1.0,6.8125,3072,3072,0,109,0,0,1,1,2055753562636629807
v16e_design_calibration_not_fresh_evidence,v16d,3407,61001,exposure_matched_local,1670147005,compact_64_16_4,16,shuffled_clock,6,3072,3521,16,0,106,1784,0.030105083783016188,0.4933257597273502,192.0,0.11576099359840036,0.08138020833333333,16,1,1.0,6.625,3072,3072,0,106,0,0,1,1,14810338689335698538
v16e_design_calibration_not_fresh_evidence,v16d,3407,61001,exposure_matched_local,1670147005,compact_64_16_4,16,shuffled_clock,7,3072,3521,16,0,104,1791,0.029537063334280033,0.49133768815677364,192.0,0.10756605959095984,0.07096354166666667,16,1,1.0,6.5,3072,3072,0,104,0,0,1,1,6663113197219719343
v16e_design_calibration_not_fresh_evidence,v16d,3407,61001,exposure_matched_local,1670147005,compact_64_16_4,16,shuffled_clock,8,3072,3521,16,0,105,1781,0.02982107355864811,0.4941777904004544,192.0,0.1046343666987307,0.07259114583333333,16,1,1.0,6.5625,3072,3072,0,105,0,0,1,1,7266490380423186203
v16e_design_calibration_not_fresh_evidence,v16d,3407,61001,exposure_matched_local,1670147005,compact_64_16_4,16,shuffled_clock,9,3072,3521,16,0,110,1764,0.031241124680488497,0.4990059642147117,192.0,0.10820304665560743,0.07649739583333333,16,1,1.0,6.875,3072,3072,0,110,0,0,1,1,4774122023526270897
v16e_design_calibration_not_fresh_evidence,v16d,3407,61001,exposure_matched_local,1670147005,compact_64_16_4,16,shuffled_clock,10,3072,3521,16,0,107,1791,0.030389094007384265,0.49133768815677364,192.0,0.10147565731631296,0.07291666666666667,16,1,1.0,6.6875,3072,3072,0,107,0,0,1,1,1695391545414556078
v16e_design_calibration_not_fresh_evidence,v16d,3407,61001,exposure_matched_local,1670147005,compact_64_16_4,16,shuffled_clock,11,3072,3521,16,0,111,1779,0.031525134904856575,0.49474581084919056,192.0,0.08952679094157401,0.07161458333333333,16,1,1.0,6.9375,3072,3072,0,111,0,0,1,1,6163694985237076818
v16e_design_calibration_not_fresh_evidence,v16d,3407,61001,exposure_matched_local,1670147005,compact_64_16_4,16,shuffled_clock,12,3072,3521,16,0,105,1791,0.02982107355864811,0.49133768815677364,192.0,0.1193909360121272,0.07389322916666667,16,1,1.0,6.5625,3072,3072,0,105,0,0,1,1,14616236597868749751
v16e_design_calibration_not_fresh_evidence,v16d,3407,61001,exposure_matched_local,1670147005,compact_64_16_4,16,shuffled_clock,13,3072,3521,16,0,108,1774,0.030673104231752343,0.49616586197103096,192.0,0.08408945165494676,0.06998697916666667,16,1,1.0,6.75,3072,3072,0,108,0,0,1,1,5308700292447031689
v16e_design_calibration_not_fresh_evidence,v16d,3407,61001,exposure_matched_local,1670147005,compact_64_16_4,16,shuffled_clock,14,3072,3521,16,0,104,1779,0.029537063334280033,0.49474581084919056,192.0,0.08740073734751264,0.072265625,16,1,1.0,6.5,3072,3072,0,104,0,0,1,1,614441438113695675
v16e_design_calibration_not_fresh_evidence,v16d,3407,61001,exposure_matched_local,1670147005,compact_64_16_4,16,shuffled_clock,15,3072,3521,16,0,108,1782,0.030673104231752343,0.4938937801760863,192.0,0.10883630568512138,0.07682291666666667,16,1,1.0,6.75,3072,3072,0,108,0,0,1,1,1495403195415672853
v16e_design_calibration_not_fresh_evidence,v16d,3407,61001,exposure_matched_local,1670147005,compact_64_16_4,4,clock,-1,3072,3521,4,0,6,3047,0.0017040613462084636,0.13462084635046861,768.0,0.7405691725227888,0.4957682291666667,4,1,1.0,1.5,3072,3072,0,6,0,0,1,1,
v16e_design_calibration_not_fresh_evidence,v16d,3407,61001,exposure_matched_local,1670147005,compact_64_16_4,4,event_count,-1,3072,3521,4,0,6,2884,0.0017040613462084636,0.18091451292246521,768.0,0.0,0.25,4,1,1.0,1.5,3072,3072,0,6,0,0,1,1,
v16e_design_calibration_not_fresh_evidence,v16d,3407,61001,exposure_matched_local,1670147005,compact_64_16_4,4,shuffled_clock,0,3072,3521,4,0,6,2888,0.0017040613462084636,0.1797784720249929,768.0,0.026979635881805648,0.2591145833333333,4,1,1.0,1.5,3072,3072,0,6,0,0,1,1,8715720576954640832
v16e_design_calibration_not_fresh_evidence,v16d,3407,61001,exposure_matched_local,1670147005,compact_64_16_4,4,shuffled_clock,1,3072,3521,4,0,6,2884,0.0017040613462084636,0.18091451292246521,768.0,0.03449906588409315,0.2607421875,4,1,1.0,1.5,3072,3072,0,6,0,0,1,1,3876628146014648028
v16e_design_calibration_not_fresh_evidence,v16d,3407,61001,exposure_matched_local,1670147005,compact_64_16_4,4,shuffled_clock,2,3072,3521,4,0,6,2879,0.0017040613462084636,0.1823345640443056,768.0,0.03524455217128783,0.2591145833333333,4,1,1.0,1.5,3072,3072,0,6,0,0,1,1,6537491168358572974
v16e_design_calibration_not_fresh_evidence,v16d,3407,61001,exposure_matched_local,1670147005,compact_64_16_4,4,shuffled_clock,3,3072,3521,4,0,6,2864,0.0017040613462084636,0.18659471740982675,768.0,0.03687448504819348,0.2555338541666667,4,1,1.0,1.5,3072,3072,0,6,0,0,1,1,12989275628405807553
v16e_design_calibration_not_fresh_evidence,v16d,3407,61001,exposure_matched_local,1670147005,compact_64_16_4,4,shuffled_clock,4,3072,3521,4,0,6,2880,0.0017040613462084636,0.1820505538199375,768.0,0.03243903982822013,0.2613932291666667,4,1,1.0,1.5,3072,3072,0,6,0,0,1,1,8128027284864988750
v16e_design_calibration_not_fresh_evidence,v16d,3407,61001,exposure_matched_local,1670147005,compact_64_16_4,4,shuffled_clock,5,3072,3521,4,0,6,2883,0.0017040613462084636,0.1811985231468333,768.0,0.022097086912079608,0.25390625,4,1,1.0,1.5,3072,3072,0,6,0,0,1,1,558664616936474177
v16e_design_calibration_not_fresh_evidence,v16d,3407,61001,exposure_matched_local,1670147005,compact_64_16_4,4,shuffled_clock,6,3072,3521,4,0,6,2870,0.0017040613462084636,0.1848906560636183,768.0,0.05183316656033371,0.2646484375,4,1,1.0,1.5,3072,3072,0,6,0,0,1,1,2954271576486371099
v16e_design_calibration_not_fresh_evidence,v16d,3407,61001,exposure_matched_local,1670147005,compact_64_16_4,4,shuffled_clock,7,3072,3521,4,0,6,2875,0.0017040613462084636,0.18347060494177792,768.0,0.0781032955961918,0.2662760416666667,4,1,1.0,1.5,3072,3072,0,6,0,0,1,1,13666548239992963465
v16e_design_calibration_not_fresh_evidence,v16d,3407,61001,exposure_matched_local,1670147005,compact_64_16_4,4,shuffled_clock,8,3072,3521,4,0,6,2872,0.0017040613462084636,0.18432263561488213,768.0,0.04383465685052985,0.2604166666666667,4,1,1.0,1.5,3072,3072,0,6,0,0,1,1,7440743553300959710
v16e_design_calibration_not_fresh_evidence,v16d,3407,61001,exposure_matched_local,1670147005,compact_64_16_4,4,shuffled_clock,9,3072,3521,4,0,6,2888,0.0017040613462084636,0.1797784720249929,768.0,0.04384754750125713,0.2613932291666667,4,1,1.0,1.5,3072,3072,0,6,0,0,1,1,12561415795857749318
v16e_design_calibration_not_fresh_evidence,v16d,3407,61001,exposure_matched_local,1670147005,compact_64_16_4,4,shuffled_clock,10,3072,3521,4,0,6,2888,0.0017040613462084636,0.1797784720249929,768.0,0.07279255310151607,0.2708333333333333,4,1,1.0,1.5,3072,3072,0,6,0,0,1,1,6273311173744848738
v16e_design_calibration_not_fresh_evidence,v16d,3407,61001,exposure_matched_local,1670147005,compact_64_16_4,4,shuffled_clock,11,3072,3521,4,0,6,2882,0.0017040613462084636,0.18148253337120138,768.0,0.0258456161995823,0.2565104166666667,4,1,1.0,1.5,3072,3072,0,6,0,0,1,1,14254243140561029189
v16e_design_calibration_not_fresh_evidence,v16d,3407,61001,exposure_matched_local,1670147005,compact_64_16_4,4,shuffled_clock,12,3072,3521,4,0,6,2890,0.0017040613462084636,0.17921045157625676,768.0,0.06879306048372606,0.2613932291666667,4,1,1.0,1.5,3072,3072,0,6,0,0,1,1,16611120364313696290
v16e_design_calibration_not_fresh_evidence,v16d,3407,61001,exposure_matched_local,1670147005,compact_64_16_4,4,shuffled_clock,13,3072,3521,4,0,6,2888,0.0017040613462084636,0.1797784720249929,768.0,0.03761796645836884,0.259765625,4,1,1.0,1.5,3072,3072,0,6,0,0,1,1,2855468529365657035
v16e_design_calibration_not_fresh_evidence,v16d,3407,61001,exposure_matched_local,1670147005,compact_64_16_4,4,shuffled_clock,14,3072,3521,4,0,6,2897,0.0017040613462084636,0.1772223800056802,768.0,0.039736659368911804,0.2594401041666667,4,1,1.0,1.5,3072,3072,0,6,0,0,1,1,3880665446912204817
v16e_design_calibration_not_fresh_evidence,v16d,3407,61001,exposure_matched_local,1670147005,compact_64_16_4,4,shuffled_clock,15,3072,3521,4,0,6,2891,0.0017040613462084636,0.17892644135188868,768.0,0.07149216177737146,0.2705078125,4,1,1.0,1.5,3072,3072,0,6,0,0,1,1,18266390134226547304
v16e_design_calibration_not_fresh_evidence,v16d,3407,61043,current_global,1570147047,wide_128_32_8,128,clock,-1,3072,3685,128,0,1088,538,0.29525101763907735,0.8540027137042062,24.0,0.7420657895668646,0.026692708333333332,125,2,0.999138779527559,8.5,3072,3072,0,1088,0,0,1,1,
v16e_design_calibration_not_fresh_evidence,v16d,3407,61043,current_global,1570147047,wide_128_32_8,128,event_count,-1,3072,3685,128,0,1377,507,0.37367706919945726,0.8624151967435549,24.0,0.0,0.0078125,128,1,1.0,10.7578125,3072,3072,0,1377,0,0,1,1,
v16e_design_calibration_not_fresh_evidence,v16d,3407,61043,current_global,1570147047,wide_128_32_8,128,shuffled_clock,0,3072,3685,128,0,1348,540,0.3658073270013569,0.8534599728629579,24.0,0.27598943137232873,0.013671875,125,2,0.999261811023622,10.53125,3072,3072,0,1348,0,0,1,1,18261923625753321138
v16e_design_calibration_not_fresh_evidence,v16d,3407,61043,current_global,1570147047,wide_128_32_8,128,shuffled_clock,1,3072,3685,128,0,1332,543,0.3614654002713704,0.8526458616010855,24.0,0.27692893049649353,0.012369791666666666,127,2,0.999876968503937,10.40625,3072,3072,0,1332,0,0,1,1,8798471215196173892
v16e_design_calibration_not_fresh_evidence,v16d,3407,61043,current_global,1570147047,wide_128_32_8,128,shuffled_clock,2,3072,3685,128,0,1351,550,0.3666214382632293,0.8507462686567164,24.0,0.2571165570019061,0.0126953125,126,2,0.999630905511811,10.5546875,3072,3072,0,1351,0,0,1,1,2234193242826086639
v16e_design_calibration_not_fresh_evidence,v16d,3407,61043,current_global,1570147047,wide_128_32_8,128,shuffled_clock,3,3072,3685,128,0,1329,530,0.36065128900949794,0.8561736770691994,24.0,0.308277465322308,0.015299479166666666,123,2,0.999261811023622,10.3828125,3072,3072,0,1329,0,0,1,1,8219662300933543816
v16e_design_calibration_not_fresh_evidence,v16d,3407,61043,current_global,1570147047,wide_128_32_8,128,shuffled_clock,4,3072,3685,128,0,1361,533,0.3693351424694708,0.855359565807327,24.0,0.2846695371950152,0.013671875,128,1,1.0,10.6328125,3072,3072,0,1361,0,0,1,1,14826159900089952181
v16e_design_calibration_not_fresh_evidence,v16d,3407,61043,current_global,1570147047,wide_128_32_8,128,shuffled_clock,5,3072,3685,128,0,1328,524,0.3603799185888738,0.8578018995929444,24.0,0.2784058952674764,0.015299479166666666,125,2,0.999507874015748,10.375,3072,3072,0,1328,0,0,1,1,2328279602461760615
v16e_design_calibration_not_fresh_evidence,v16d,3407,61043,current_global,1570147047,wide_128_32_8,128,shuffled_clock,6,3072,3685,128,0,1331,536,0.3611940298507463,0.8545454545454545,24.0,0.28567620199878646,0.014322916666666666,123,2,0.999138779527559,10.3984375,3072,3072,0,1331,0,0,1,1,10318462475569653729
v16e_design_calibration_not_fresh_evidence,v16d,3407,61043,current_global,1570147047,wide_128_32_8,128,shuffled_clock,7,3072,3685,128,0,1327,522,0.36010854816824966,0.8583446404341927,24.0,0.2951840773907984,0.0126953125,124,2,0.9993848425196851,10.3671875,3072,3072,0,1327,0,0,1,1,15827219370803161339
v16e_design_calibration_not_fresh_evidence,v16d,3407,61043,current_global,1570147047,wide_128_32_8,128,shuffled_clock,8,3072,3685,128,0,1334,518,0.3620081411126187,0.8594301221166892,24.0,0.2950914415569181,0.014322916666666666,125,2,0.999630905511811,10.421875,3072,3072,0,1334,0,0,1,1,5035423276293219526
v16e_design_calibration_not_fresh_evidence,v16d,3407,61043,current_global,1570147047,wide_128_32_8,128,shuffled_clock,9,3072,3685,128,0,1355,515,0.3677069199457259,0.8602442333785617,24.0,0.2717466429788116,0.013020833333333334,127,2,0.999753937007874,10.5859375,3072,3072,0,1355,0,0,1,1,2339946506859219393
v16e_design_calibration_not_fresh_evidence,v16d,3407,61043,current_global,1570147047,wide_128_32_8,128,shuffled_clock,10,3072,3685,128,0,1354,533,0.36743554952510177,0.855359565807327,24.0,0.2959241201125585,0.015299479166666666,127,2,0.999876968503937,10.578125,3072,3072,0,1354,0,0,1,1,6553840392294467720
v16e_design_calibration_not_fresh_evidence,v16d,3407,61043,current_global,1570147047,wide_128_32_8,128,shuffled_clock,11,3072,3685,128,0,1334,522,0.3620081411126187,0.8583446404341927,24.0,0.3018697203827994,0.0146484375,126,2,0.999507874015748,10.421875,3072,3072,0,1334,0,0,1,1,17289164209362725105
v16e_design_calibration_not_fresh_evidence,v16d,3407,61043,current_global,1570147047,wide_128_32_8,128,shuffled_clock,12,3072,3685,128,0,1338,508,0.3630936227951153,0.8621438263229309,24.0,0.27914144713130956,0.012369791666666666,125,2,0.999630905511811,10.453125,3072,3072,0,1338,0,0,1,1,12669223696296771682
v16e_design_calibration_not_fresh_evidence,v16d,3407,61043,current_global,1570147047,wide_128_32_8,128,shuffled_clock,13,3072,3685,128,0,1352,539,0.36689280868385343,0.8537313432835821,24.0,0.2738512952927342,0.013671875,126,2,0.999753937007874,10.5625,3072,3072,0,1352,0,0,1,1,2520643477651885943
v16e_design_calibration_not_fresh_evidence,v16d,3407,61043,current_global,1570147047,wide_128_32_8,128,shuffled_clock,14,3072,3685,128,0,1308,525,0.3549525101763908,0.8575305291723202,24.0,0.288343460141069,0.016276041666666668,126,2,0.999753937007874,10.21875,3072,3072,0,1308,0,0,1,1,17492967329034874296
v16e_design_calibration_not_fresh_evidence,v16d,3407,61043,current_global,1570147047,wide_128_32_8,128,shuffled_clock,15,3072,3685,128,0,1370,555,0.37177747625508817,0.8493894165535957,24.0,0.2817250168637126,0.018229166666666668,126,2,0.999753937007874,10.703125,3072,3072,0,1370,0,0,1,1,12419998304112445108
v16e_design_calibration_not_fresh_evidence,v16d,3407,61043,current_global,1570147047,wide_128_32_8,32,clock,-1,3072,3685,32,0,229,1648,0.0621438263229308,0.5527815468113976,96.0,0.7310076605759946,0.09049479166666667,32,1,1.0,7.15625,3072,3072,0,229,0,0,1,1,
v16e_design_calibration_not_fresh_evidence,v16d,3407,61043,current_global,1570147047,wide_128_32_8,32,event_count,-1,3072,3685,32,0,275,1421,0.07462686567164178,0.6143826322930801,96.0,0.0,0.03125,32,1,1.0,8.59375,3072,3072,0,275,0,0,1,1,
v16e_design_calibration_not_fresh_evidence,v16d,3407,61043,current_global,1570147047,wide_128_32_8,32,shuffled_clock,0,3072,3685,32,0,282,1455,0.07652645861601086,0.6051560379918589,96.0,0.1301041249666333,0.039388020833333336,32,1,1.0,8.8125,3072,3072,0,282,0,0,1,1,10361455460622443972
v16e_design_calibration_not_fresh_evidence,v16d,3407,61043,current_global,1570147047,wide_128_32_8,32,shuffled_clock,1,3072,3685,32,0,282,1430,0.07652645861601086,0.6119402985074627,96.0,0.13987942035962034,0.041015625,32,1,1.0,8.8125,3072,3072,0,282,0,0,1,1,16522686114140628997
v16e_design_calibration_not_fresh_evidence,v16d,3407,61043,current_global,1570147047,wide_128_32_8,32,shuffled_clock,2,3072,3685,32,0,271,1440,0.07354138398914518,0.6092265943012212,96.0,0.13839517985266545,0.041015625,32,1,1.0,8.46875,3072,3072,0,271,0,0,1,1,12617267245403271111
v16e_design_calibration_not_fresh_evidence,v16d,3407,61043,current_global,1570147047,wide_128_32_8,32,shuffled_clock,3,3072,3685,32,0,286,1436,0.07761194029850746,0.6103120759837177,96.0,0.1357393797373096,0.0400390625,32,1,1.0,8.9375,3072,3072,0,286,0,0,1,1,11695279323422949133
v16e_design_calibration_not_fresh_evidence,v16d,3407,61043,current_global,1570147047,wide_128_32_8,32,shuffled_clock,4,3072,3685,32,0,296,1443,0.08032564450474898,0.6084124830393487,96.0,0.16790117394309526,0.040690104166666664,32,1,1.0,9.25,3072,3072,0,296,0,0,1,1,13740298169841396300
v16e_design_calibration_not_fresh_evidence,v16d,3407,61043,current_global,1570147047,wide_128_32_8,32,shuffled_clock,5,3072,3685,32,0,285,1431,0.0773405698778833,0.6116689280868385,96.0,0.17281177995241695,0.043619791666666664,32,1,1.0,8.90625,3072,3072,0,285,0,0,1,1,17969631306579247397
v16e_design_calibration_not_fresh_evidence,v16d,3407,61043,current_global,1570147047,wide_128_32_8,32,shuffled_clock,6,3072,3685,32,0,281,1459,0.0762550881953867,0.6040705563093622,96.0,0.12185216563039496,0.040690104166666664,32,1,1.0,8.78125,3072,3072,0,281,0,0,1,1,6074651532323279816
v16e_design_calibration_not_fresh_evidence,v16d,3407,61043,current_global,1570147047,wide_128_32_8,32,shuffled_clock,7,3072,3685,32,0,270,1429,0.07327001356852103,0.6122116689280869,96.0,0.1268898359442151,0.037434895833333336,32,1,1.0,8.4375,3072,3072,0,270,0,0,1,1,2098536558722082904
v16e_design_calibration_not_fresh_evidence,v16d,3407,61043,current_global,1570147047,wide_128_32_8,32,shuffled_clock,8,3072,3685,32,0,282,1455,0.07652645861601086,0.6051560379918589,96.0,0.1507430074699164,0.040364583333333336,32,1,1.0,8.8125,3072,3072,0,282,0,0,1,1,2497386173105749870
v16e_design_calibration_not_fresh_evidence,v16d,3407,61043,current_global,1570147047,wide_128_32_8,32,shuffled_clock,9,3072,3685,32,0,271,1436,0.07354138398914518,0.6103120759837177,96.0,0.1275775907699572,0.038411458333333336,32,1,1.0,8.46875,3072,3072,0,271,0,0,1,1,18372042546983714374
v16e_design_calibration_not_fresh_evidence,v16d,3407,61043,current_global,1570147047,wide_128_32_8,32,shuffled_clock,10,3072,3685,32,0,278,1453,0.07544097693351424,0.6056987788331072,96.0,0.16499921934213066,0.039388020833333336,32,1,1.0,8.6875,3072,3072,0,278,0,0,1,1,12561020612016590791
v16e_design_calibration_not_fresh_evidence,v16d,3407,61043,current_global,1570147047,wide_128_32_8,32,shuffled_clock,11,3072,3685,32,0,279,1450,0.0757123473541384,0.6065128900949797,96.0,0.17136767338178674,0.04296875,32,1,1.0,8.71875,3072,3072,0,279,0,0,1,1,7141193381362786857
v16e_design_calibration_not_fresh_evidence,v16d,3407,61043,current_global,1570147047,wide_128_32_8,32,shuffled_clock,12,3072,3685,32,0,266,1443,0.07218453188602442,0.6084124830393487,96.0,0.1427525979149575,0.043619791666666664,32,1,1.0,8.3125,3072,3072,0,266,0,0,1,1,12848015557798422763
v16e_design_calibration_not_fresh_evidence,v16d,3407,61043,current_global,1570147047,wide_128_32_8,32,shuffled_clock,13,3072,3685,32,0,269,1440,0.07299864314789688,0.6092265943012212,96.0,0.1390008509295529,0.0400390625,32,1,1.0,8.40625,3072,3072,0,269,0,0,1,1,459969665510727744
v16e_design_calibration_not_fresh_evidence,v16d,3407,61043,current_global,1570147047,wide_128_32_8,32,shuffled_clock,14,3072,3685,32,0,280,1441,0.07598371777476255,0.608955223880597,96.0,0.15231377077278696,0.0419921875,32,1,1.0,8.75,3072,3072,0,280,0,0,1,1,6607771933080770468
v16e_design_calibration_not_fresh_evidence,v16d,3407,61043,current_global,1570147047,wide_128_32_8,32,shuffled_clock,15,3072,3685,32,0,274,1439,0.07435549525101764,0.6094979647218454,96.0,0.15670855651363716,0.043619791666666664,32,1,1.0,8.5625,3072,3072,0,274,0,0,1,1,10223118203467984999
v16e_design_calibration_not_fresh_evidence,v16d,3407,61043,current_global,1570147047,wide_128_32_8,8,clock,-1,3072,3685,8,0,28,2902,0.007598371777476255,0.212483039348711,384.0,0.7447032082001335,0.3134765625,8,1,1.0,3.5,3072,3072,0,28,0,0,1,1,
v16e_design_calibration_not_fresh_evidence,v16d,3407,61043,current_global,1570147047,wide_128_32_8,8,event_count,-1,3072,3685,8,0,28,2615,0.007598371777476255,0.2903663500678426,384.0,0.0,0.125,8,1,1.0,3.5,3072,3072,0,28,0,0,1,1,
v16e_design_calibration_not_fresh_evidence,v16d,3407,61043,current_global,1570147047,wide_128_32_8,8,shuffled_clock,0,3072,3685,8,0,28,2613,0.007598371777476255,0.2909090909090909,384.0,0.06802239433416307,0.13802083333333334,8,1,1.0,3.5,3072,3072,0,28,0,0,1,1,13941280178467474727
v16e_design_calibration_not_fresh_evidence,v16d,3407,61043,current_global,1570147047,wide_128_32_8,8,shuffled_clock,1,3072,3685,8,0,28,2616,0.007598371777476255,0.2900949796472185,384.0,0.07310244191467812,0.13411458333333334,8,1,1.0,3.5,3072,3072,0,28,0,0,1,1,4321947233006968181
v16e_design_calibration_not_fresh_evidence,v16d,3407,61043,current_global,1570147047,wide_128_32_8,8,shuffled_clock,2,3072,3685,8,0,28,2610,0.007598371777476255,0.29172320217096337,384.0,0.04093952572838478,0.13151041666666666,8,1,1.0,3.5,3072,3072,0,28,0,0,1,1,11313580022308930675
v16e_design_calibration_not_fresh_evidence,v16d,3407,61043,current_global,1570147047,wide_128_32_8,8,shuffled_clock,3,3072,3685,8,0,28,2618,0.007598371777476255,0.28955223880597014,384.0,0.05678209532243724,0.13671875,8,1,1.0,3.5,3072,3072,0,28,0,0,1,1,6120933532166131258
v16e_design_calibration_not_fresh_evidence,v16d,3407,61043,current_global,1570147047,wide_128_32_8,8,shuffled_clock,4,3072,3685,8,0,28,2605,0.007598371777476255,0.2930800542740841,384.0,0.08532088488651217,0.13802083333333334,8,1,1.0,3.5,3072,3072,0,28,0,0,1,1,13715405189960568595
v16e_design_calibration_not_fresh_evidence,v16d,3407,61043,current_global,1570147047,wide_128_32_8,8,shuffled_clock,5,3072,3685,8,0,28,2628,0.007598371777476255,0.28683853459972863,384.0,0.0796478562296822,0.13411458333333334,8,1,1.0,3.5,3072,3072,0,28,0,0,1,1,11736453106852152685
v16e_design_calibration_not_fresh_evidence,v16d,3407,61043,current_global,1570147047,wide_128_32_8,8,shuffled_clock,6,3072,3685,8,0,28,2612,0.007598371777476255,0.29118046132971503,384.0,0.08624696265068267,0.146484375,8,1,1.0,3.5,3072,3072,0,28,0,0,1,1,8393997044959307316
v16e_design_calibration_not_fresh_evidence,v16d,3407,61043,current_global,1570147047,wide_128_32_8,8,shuffled_clock,7,3072,3685,8,0,28,2629,0.007598371777476255,0.2865671641791045,384.0,0.08551370069148206,0.14095052083333334,8,1,1.0,3.5,3072,3072,0,28,0,0,1,1,3780172207963563927
v16e_design_calibration_not_fresh_evidence,v16d,3407,61043,current_global,1570147047,wide_128_32_8,8,shuffled_clock,8,3072,3685,8,0,27,2623,0.007327001356852103,0.2881953867028494,384.0,0.07839734276858243,0.1396484375,8,1,1.0,3.375,3072,3072,0,27,0,0,1,1,5773866613984063497
v16e_design_calibration_not_fresh_evidence,v16d,3407,61043,current_global,1570147047,wide_128_32_8,8,shuffled_clock,9,3072,3685,8,0,28,2629,0.007598371777476255,0.2865671641791045,384.0,0.08762878490229327,0.14029947916666666,8,1,1.0,3.5,3072,3072,0,28,0,0,1,1,4099047873549134200
v16e_design_calibration_not_fresh_evidence,v16d,3407,61043,current_global,1570147047,wide_128_32_8,8,shuffled_clock,10,3072,3685,8,0,28,2629,0.007598371777476255,0.2865671641791045,384.0,0.05876092223700082,0.13736979166666666,8,1,1.0,3.5,3072,3072,0,28,0,0,1,1,8387684168313314840
v16e_design_calibration_not_fresh_evidence,v16d,3407,61043,current_global,1570147047,wide_128_32_8,8,shuffled_clock,11,3072,3685,8,0,28,2628,0.007598371777476255,0.28683853459972863,384.0,0.06555646459048241,0.13151041666666666,8,1,1.0,3.5,3072,3072,0,28,0,0,1,1,5809687341849105665
v16e_design_calibration_not_fresh_evidence,v16d,3407,61043,current_global,1570147047,wide_128_32_8,8,shuffled_clock,12,3072,3685,8,0,28,2626,0.007598371777476255,0.2873812754409769,384.0,0.03100099204761854,0.130859375,8,1,1.0,3.5,3072,3072,0,28,0,0,1,1,12073973819958542589
v16e_design_calibration_not_fresh_evidence,v16d,3407,61043,current_global,1570147047,wide_128_32_8,8,shuffled_clock,13,3072,3685,8,0,28,2641,0.007598371777476255,0.28331071913161465,384.0,0.0817961838926778,0.13802083333333334,8,1,1.0,3.5,3072,3072,0,28,0,0,1,1,9255827536747210776
v16e_design_calibration_not_fresh_evidence,v16d,3407,61043,current_global,1570147047,wide_128_32_8,8,shuffled_clock,14,3072,3685,8,0,28,2612,0.007598371777476255,0.29118046132971503,384.0,0.12048518194143343,0.14388020833333334,8,1,1.0,3.5,3072,3072,0,28,0,0,1,1,18358871652840212633
v16e_design_calibration_not_fresh_evidence,v16d,3407,61043,current_global,1570147047,wide_128_32_8,8,shuffled_clock,15,3072,3685,8,0,28,2628,0.007598371777476255,0.28683853459972863,384.0,0.04591443041827831,0.1318359375,8,1,1.0,3.5,3072,3072,0,28,0,0,1,1,4295817402713971843
v16e_design_calibration_not_fresh_evidence,v16d,3407,61043,current_global,1570147047,compact_64_16_4,64,clock,-1,3072,3685,64,0,518,1007,0.1405698778833107,0.726729986431479,48.0,0.7326400643186237,0.0478515625,64,1,1.0,8.09375,3072,3072,0,518,0,0,1,1,
v16e_design_calibration_not_fresh_evidence,v16d,3407,61043,current_global,1570147047,compact_64_16_4,64,event_count,-1,3072,3685,64,0,639,895,0.1734056987788331,0.757123473541384,48.0,0.0,0.015625,64,1,1.0,9.984375,3072,3072,0,639,0,0,1,1,
v16e_design_calibration_not_fresh_evidence,v16d,3407,61043,current_global,1570147047,compact_64_16_4,64,shuffled_clock,0,3072,3685,64,0,642,913,0.17421981004070555,0.7522388059701492,48.0,0.20763772760730628,0.022786458333333332,64,1,1.0,10.03125,3072,3072,0,642,0,0,1,1,15673198271879082227
v16e_design_calibration_not_fresh_evidence,v16d,3407,61043,current_global,1570147047,compact_64_16_4,64,shuffled_clock,1,3072,3685,64,0,637,919,0.1728629579375848,0.7506105834464043,48.0,0.2070063559248799,0.0234375,64,1,1.0,9.953125,3072,3072,0,637,0,0,1,1,2647657280975756570
v16e_design_calibration_not_fresh_evidence,v16d,3407,61043,current_global,1570147047,compact_64_16_4,64,shuffled_clock,2,3072,3685,64,0,635,922,0.1723202170963365,0.7497964721845319,48.0,0.20034279485355955,0.023111979166666668,64,1,1.0,9.921875,3072,3072,0,635,0,0,1,1,1434042960174697644
v16e_design_calibration_not_fresh_evidence,v16d,3407,61043,current_global,1570147047,compact_64_16_4,64,shuffled_clock,3,3072,3685,64,0,647,924,0.17557666214382633,0.7492537313432835,48.0,0.20557030191635747,0.0244140625,64,1,1.0,10.109375,3072,3072,0,647,0,0,1,1,13525767377683770257
v16e_design_calibration_not_fresh_evidence,v16d,3407,61043,current_global,1570147047,compact_64_16_4,64,shuffled_clock,4,3072,3685,64,0,620,912,0.16824966078697423,0.7525101763907734,48.0,0.2015769510528602,0.024739583333333332,64,1,1.0,9.6875,3072,3072,0,620,0,0,1,1,14522059501225520190
v16e_design_calibration_not_fresh_evidence,v16d,3407,61043,current_global,1570147047,compact_64_16_4,64,shuffled_clock,5,3072,3685,64,0,627,914,0.1701492537313433,0.751967435549525,48.0,0.1844811351917116,0.022135416666666668,64,1,1.0,9.796875,3072,3072,0,627,0,0,1,1,8230119460803949577
v16e_design_calibration_not_fresh_evidence,v16d,3407,61043,current_global,1570147047,compact_64_16_4,64,shuffled_clock,6,3072,3685,64,0,638,906,0.17313432835820897,0.7541383989145183,48.0,0.19155304891005318,0.0224609375,64,1,1.0,9.96875,3072,3072,0,638,0,0,1,1,17315477995058918570
v16e_design_calibration_not_fresh_evidence,v16d,3407,61043,current_global,1570147047,compact_64_16_4,64,shuffled_clock,7,3072,3685,64,0,637,935,0.1728629579375848,0.746268656716418,48.0,0.20670661202968357,0.0234375,64,1,1.0,9.953125,3072,3072,0,637,0,0,1,1,5794590654837593620
v16e_design_calibration_not_fresh_evidence,v16d,3407,61043,current_global,1570147047,compact_64_16_4,64,shuffled_clock,8,3072,3685,64,0,618,938,0.16770691994572592,0.7454545454545455,48.0,0.2193200873277853,0.024088541666666668,64,1,1.0,9.65625,3072,3072,0,618,0,0,1,1,7697209378283878691
v16e_design_calibration_not_fresh_evidence,v16d,3407,61043,current_global,1570147047,compact_64_16_4,64,shuffled_clock,9,3072,3685,64,0,644,928,0.17476255088195386,0.748168249660787,48.0,0.17728260652121489,0.0224609375,64,1,1.0,10.0625,3072,3072,0,644,0,0,1,1,10152232083744996058
v16e_design_calibration_not_fresh_evidence,v16d,3407,61043,current_global,1570147047,compact_64_16_4,64,shuffled_clock,10,3072,3685,64,0,633,907,0.17177747625508819,0.7538670284938942,48.0,0.2141065167833537,0.0244140625,64,1,1.0,9.890625,3072,3072,0,633,0,0,1,1,14165820842831717278
v16e_design_calibration_not_fresh_evidence,v16d,3407,61043,current_global,1570147047,compact_64_16_4,64,shuffled_clock,11,3072,3685,64,0,623,918,0.16906377204884668,0.7508819538670285,48.0,0.23573148753437148,0.022135416666666668,64,1,1.0,9.734375,3072,3072,0,623,0,0,1,1,14065176170359317267
v16e_design_calibration_not_fresh_evidence,v16d,3407,61043,current_global,1570147047,compact_64_16_4,64,shuffled_clock,12,3072,3685,64,0,636,910,0.17259158751696066,0.7530529172320217,48.0,0.23768151886331226,0.022786458333333332,64,1,1.0,9.9375,3072,3072,0,636,0,0,1,1,12525114566774228083
v16e_design_calibration_not_fresh_evidence,v16d,3407,61043,current_global,1570147047,compact_64_16_4,64,shuffled_clock,13,3072,3685,64,0,626,932,0.16987788331071912,0.7470827679782903,48.0,0.1970488842561564,0.022786458333333332,64,1,1.0,9.78125,3072,3072,0,626,0,0,1,1,3945622606090479435
v16e_design_calibration_not_fresh_evidence,v16d,3407,61043,current_global,1570147047,compact_64_16_4,64,shuffled_clock,14,3072,3685,64,0,627,917,0.1701492537313433,0.7511533242876527,48.0,0.20324473306030552,0.023763020833333332,64,1,1.0,9.796875,3072,3072,0,627,0,0,1,1,16644879336645424105
v16e_design_calibration_not_fresh_evidence,v16d,3407,61043,current_global,1570147047,compact_64_16_4,64,shuffled_clock,15,3072,3685,64,0,635,922,0.1723202170963365,0.7497964721845319,48.0,0.21847031124604452,0.023763020833333332,64,1,1.0,9.921875,3072,3072,0,635,0,0,1,1,6185384532615043092
v16e_design_calibration_not_fresh_evidence,v16d,3407,61043,current_global,1570147047,compact_64_16_4,16,clock,-1,3072,3685,16,0,90,2357,0.024423337856173677,0.3603799185888738,192.0,0.736471347912664,0.1787109375,16,1,1.0,5.625,3072,3072,0,90,0,0,1,1,
v16e_design_calibration_not_fresh_evidence,v16d,3407,61043,current_global,1570147047,compact_64_16_4,16,event_count,-1,3072,3685,16,0,107,2040,0.02903663500678426,0.44640434192673,192.0,0.0,0.0625,16,1,1.0,6.6875,3072,3072,0,107,0,0,1,1,
v16e_design_calibration_not_fresh_evidence,v16d,3407,61043,current_global,1570147047,compact_64_16_4,16,shuffled_clock,0,3072,3685,16,0,106,2044,0.02876526458616011,0.4453188602442334,192.0,0.08447567724674539,0.07356770833333333,16,1,1.0,6.625,3072,3072,0,106,0,0,1,1,4089212836222590
v16e_design_calibration_not_fresh_evidence,v16d,3407,61043,current_global,1570147047,compact_64_16_4,16,shuffled_clock,1,3072,3685,16,0,106,2045,0.02876526458616011,0.4450474898236092,192.0,0.08642276711565029,0.07291666666666667,16,1,1.0,6.625,3072,3072,0,106,0,0,1,1,5723208376277452929
v16e_design_calibration_not_fresh_evidence,v16d,3407,61043,current_global,1570147047,compact_64_16_4,16,shuffled_clock,2,3072,3685,16,0,109,2064,0.029579375848032566,0.4398914518317503,192.0,0.09588615693932358,0.07161458333333333,16,1,1.0,6.8125,3072,3072,0,109,0,0,1,1,18208242924339134869
v16e_design_calibration_not_fresh_evidence,v16d,3407,61043,current_global,1570147047,compact_64_16_4,16,shuffled_clock,3,3072,3685,16,0,109,2057,0.029579375848032566,0.4417910447761194,192.0,0.11448859720028405,0.07682291666666667,16,1,1.0,6.8125,3072,3072,0,109,0,0,1,1,6803460305419813562
v16e_design_calibration_not_fresh_evidence,v16d,3407,61043,current_global,1570147047,compact_64_16_4,16,shuffled_clock,4,3072,3685,16,0,108,2032,0.029308005427408412,0.4485753052917232,192.0,0.0944227405617163,0.07259114583333333,16,1,1.0,6.75,3072,3072,0,108,0,0,1,1,6460084350131261810
v16e_design_calibration_not_fresh_evidence,v16d,3407,61043,current_global,1570147047,compact_64_16_4,16,shuffled_clock,5,3072,3685,16,0,107,2051,0.02903663500678426,0.4434192672998643,192.0,0.0829853847016092,0.07682291666666667,16,1,1.0,6.6875,3072,3072,0,107,0,0,1,1,17020472659476082497
v16e_design_calibration_not_fresh_evidence,v16d,3407,61043,current_global,1570147047,compact_64_16_4,16,shuffled_clock,6,3072,3685,16,0,107,2067,0.02903663500678426,0.4390773405698779,192.0,0.08204296102471988,0.0732421875,16,1,1.0,6.6875,3072,3072,0,107,0,0,1,1,10255139302058093735
v16e_design_calibration_not_fresh_evidence,v16d,3407,61043,current_global,1570147047,compact_64_16_4,16,shuffled_clock,7,3072,3685,16,0,106,2038,0.02876526458616011,0.4469470827679783,192.0,0.08881697394705086,0.0703125,16,1,1.0,6.625,3072,3072,0,106,0,0,1,1,41710888747543230
v16e_design_calibration_not_fresh_evidence,v16d,3407,61043,current_global,1570147047,compact_64_16_4,16,shuffled_clock,8,3072,3685,16,0,108,2027,0.029308005427408412,0.44993215739484393,192.0,0.12527458267667393,0.078125,16,1,1.0,6.75,3072,3072,0,108,0,0,1,1,10541198931823634169
v16e_design_calibration_not_fresh_evidence,v16d,3407,61043,current_global,1570147047,compact_64_16_4,16,shuffled_clock,9,3072,3685,16,0,106,2046,0.02876526458616011,0.44477611940298506,192.0,0.10694218973092166,0.07454427083333333,16,1,1.0,6.625,3072,3072,0,106,0,0,1,1,9055357398439737561
v16e_design_calibration_not_fresh_evidence,v16d,3407,61043,current_global,1570147047,compact_64_16_4,16,shuffled_clock,10,3072,3685,16,0,109,2046,0.029579375848032566,0.44477611940298506,192.0,0.11188424594526586,0.0712890625,16,1,1.0,6.8125,3072,3072,0,109,0,0,1,1,3162402433006278557
v16e_design_calibration_not_fresh_evidence,v16d,3407,61043,current_global,1570147047,compact_64_16_4,16,shuffled_clock,11,3072,3685,16,0,102,2046,0.0276797829036635,0.44477611940298506,192.0,0.14294004910762026,0.07552083333333333,16,1,1.0,6.375,3072,3072,0,102,0,0,1,1,15206545070338546360
v16e_design_calibration_not_fresh_evidence,v16d,3407,61043,current_global,1570147047,compact_64_16_4,16,shuffled_clock,12,3072,3685,16,0,105,2035,0.028493894165535955,0.44776119402985076,192.0,0.10188472743834175,0.0712890625,16,1,1.0,6.5625,3072,3072,0,105,0,0,1,1,1585282461663113705
v16e_design_calibration_not_fresh_evidence,v16d,3407,61043,current_global,1570147047,compact_64_16_4,16,shuffled_clock,13,3072,3685,16,0,109,2060,0.029579375848032566,0.44097693351424694,192.0,0.08954698875140606,0.07096354166666667,16,1,1.0,6.8125,3072,3072,0,109,0,0,1,1,16013675573877752486
v16e_design_calibration_not_fresh_evidence,v16d,3407,61043,current_global,1570147047,compact_64_16_4,16,shuffled_clock,14,3072,3685,16,0,105,2040,0.028493894165535955,0.44640434192673,192.0,0.12638125740085918,0.07845052083333333,16,1,1.0,6.5625,3072,3072,0,105,0,0,1,1,12335852423676662384
v16e_design_calibration_not_fresh_evidence,v16d,3407,61043,current_global,1570147047,compact_64_16_4,16,shuffled_clock,15,3072,3685,16,0,106,2042,0.02876526458616011,0.4458616010854817,192.0,0.1003466214899358,0.07877604166666667,16,1,1.0,6.625,3072,3072,0,106,0,0,1,1,14895851539444615207
v16e_design_calibration_not_fresh_evidence,v16d,3407,61043,current_global,1570147047,compact_64_16_4,4,clock,-1,3072,3685,4,0,6,3230,0.0016282225237449117,0.12347354138398914,768.0,0.7506673222372001,0.5166015625,4,1,1.0,1.5,3072,3072,0,6,0,0,1,1,
v16e_design_calibration_not_fresh_evidence,v16d,3407,61043,current_global,1570147047,compact_64_16_4,4,event_count,-1,3072,3685,4,0,6,3070,0.0016282225237449117,0.16689280868385345,768.0,0.0,0.25,4,1,1.0,1.5,3072,3072,0,6,0,0,1,1,
v16e_design_calibration_not_fresh_evidence,v16d,3407,61043,current_global,1570147047,compact_64_16_4,4,shuffled_clock,0,3072,3685,4,0,6,3092,0.0016282225237449117,0.16092265943012213,768.0,0.10090935817707064,0.2711588541666667,4,1,1.0,1.5,3072,3072,0,6,0,0,1,1,1924893308159543580
v16e_design_calibration_not_fresh_evidence,v16d,3407,61043,current_global,1570147047,compact_64_16_4,4,shuffled_clock,1,3072,3685,4,0,6,3099,0.0016282225237449117,0.15902306648575304,768.0,0.0863246225931888,0.2805989583333333,4,1,1.0,1.5,3072,3072,0,6,0,0,1,1,14042270684661049079
v16e_design_calibration_not_fresh_evidence,v16d,3407,61043,current_global,1570147047,compact_64_16_4,4,shuffled_clock,2,3072,3685,4,0,6,3077,0.0016282225237449117,0.1649932157394844,768.0,0.028783601790953562,0.2581380208333333,4,1,1.0,1.5,3072,3072,0,6,0,0,1,1,4592320231992753643
v16e_design_calibration_not_fresh_evidence,v16d,3407,61043,current_global,1570147047,compact_64_16_4,4,shuffled_clock,3,3072,3685,4,0,6,3071,0.0016282225237449117,0.1666214382632293,768.0,0.006107312187270091,0.251953125,4,1,1.0,1.5,3072,3072,0,6,0,0,1,1,12591955396392950742
v16e_design_calibration_not_fresh_evidence,v16d,3407,61043,current_global,1570147047,compact_64_16_4,4,shuffled_clock,4,3072,3685,4,0,6,3073,0.0016282225237449117,0.166078697421981,768.0,0.012260804593598554,0.2535807291666667,4,1,1.0,1.5,3072,3072,0,6,0,0,1,1,11081145140751621813
v16e_design_calibration_not_fresh_evidence,v16d,3407,61043,current_global,1570147047,compact_64_16_4,4,shuffled_clock,5,3072,3685,4,0,6,3076,0.0016282225237449117,0.16526458616010856,768.0,0.027042403634453496,0.2584635416666667,4,1,1.0,1.5,3072,3072,0,6,0,0,1,1,9782599550030056603
v16e_design_calibration_not_fresh_evidence,v16d,3407,61043,current_global,1570147047,compact_64_16_4,4,shuffled_clock,6,3072,3685,4,0,6,3074,0.0016282225237449117,0.16580732700135686,768.0,0.03914920931867945,0.2571614583333333,4,1,1.0,1.5,3072,3072,0,6,0,0,1,1,13554605673399622397
v16e_design_calibration_not_fresh_evidence,v16d,3407,61043,current_global,1570147047,compact_64_16_4,4,shuffled_clock,7,3072,3685,4,0,6,3074,0.0016282225237449117,0.16580732700135686,768.0,0.05205077107111116,0.2682291666666667,4,1,1.0,1.5,3072,3072,0,6,0,0,1,1,8974853288079090735
v16e_design_calibration_not_fresh_evidence,v16d,3407,61043,current_global,1570147047,compact_64_16_4,4,shuffled_clock,8,3072,3685,4,0,6,3082,0.0016282225237449117,0.16363636363636364,768.0,0.05150503602107669,0.263671875,4,1,1.0,1.5,3072,3072,0,6,0,0,1,1,14388877755759091412
v16e_design_calibration_not_fresh_evidence,v16d,3407,61043,current_global,1570147047,compact_64_16_4,4,shuffled_clock,9,3072,3685,4,0,6,3074,0.0016282225237449117,0.16580732700135686,768.0,0.016435847420799902,0.2555338541666667,4,1,1.0,1.5,3072,3072,0,6,0,0,1,1,14055955389347910559
v16e_design_calibration_not_fresh_evidence,v16d,3407,61043,current_global,1570147047,compact_64_16_4,4,shuffled_clock,10,3072,3685,4,0,6,3093,0.0016282225237449117,0.16065128900949796,768.0,0.07739093795270267,0.2776692708333333,4,1,1.0,1.5,3072,3072,0,6,0,0,1,1,5817242456034106045
v16e_design_calibration_not_fresh_evidence,v16d,3407,61043,current_global,1570147047,compact_64_16_4,4,shuffled_clock,11,3072,3685,4,0,6,3072,0.0016282225237449117,0.16635006784260514,768.0,0.03231685845310119,0.259765625,4,1,1.0,1.5,3072,3072,0,6,0,0,1,1,5246366537601546964
v16e_design_calibration_not_fresh_evidence,v16d,3407,61043,current_global,1570147047,compact_64_16_4,4,shuffled_clock,12,3072,3685,4,0,6,3074,0.0016282225237449117,0.16580732700135686,768.0,0.03897559777889522,0.2604166666666667,4,1,1.0,1.5,3072,3072,0,6,0,0,1,1,6836546418539015466
v16e_design_calibration_not_fresh_evidence,v16d,3407,61043,current_global,1570147047,compact_64_16_4,4,shuffled_clock,13,3072,3685,4,0,6,3073,0.0016282225237449117,0.166078697421981,768.0,0.07604285577456867,0.2760416666666667,4,1,1.0,1.5,3072,3072,0,6,0,0,1,1,13065318480961211211
v16e_design_calibration_not_fresh_evidence,v16d,3407,61043,current_global,1570147047,compact_64_16_4,4,shuffled_clock,14,3072,3685,4,0,6,3078,0.0016282225237449117,0.16472184531886025,768.0,0.04541764222321257,0.2613932291666667,4,1,1.0,1.5,3072,3072,0,6,0,0,1,1,12869785523488326695
v16e_design_calibration_not_fresh_evidence,v16d,3407,61043,current_global,1570147047,compact_64_16_4,4,shuffled_clock,15,3072,3685,4,0,6,3072,0.0016282225237449117,0.16635006784260514,768.0,0.04479116198036088,0.2623697916666667,4,1,1.0,1.5,3072,3072,0,6,0,0,1,1,12437217621561154944
v16e_design_calibration_not_fresh_evidence,v16d,3407,61043,exposure_matched_local,1670147047,wide_128_32_8,128,clock,-1,3072,3629,128,0,1070,534,0.2948470653072472,0.8528520253513364,24.0,0.8177011499341765,0.0263671875,121,2,0.9968011811023622,8.359375,3072,3072,0,1070,0,0,1,1,
v16e_design_calibration_not_fresh_evidence,v16d,3407,61043,exposure_matched_local,1670147047,wide_128_32_8,128,event_count,-1,3072,3629,128,0,1489,474,0.4103058693855057,0.8693855056489391,24.0,0.0,0.0078125,125,2,0.999507874015748,11.6328125,3072,3072,0,1489,0,0,1,1,
v16e_design_calibration_not_fresh_evidence,v16d,3407,61043,exposure_matched_local,1670147047,wide_128_32_8,128,shuffled_clock,0,3072,3629,128,0,1390,513,0.3830256268944613,0.8586387434554974,24.0,0.34243639688891236,0.015299479166666666,120,2,0.9976624015748031,10.859375,3072,3072,0,1390,0,0,1,1,11357160895411627718
v16e_design_calibration_not_fresh_evidence,v16d,3407,61043,exposure_matched_local,1670147047,wide_128_32_8,128,shuffled_clock,1,3072,3629,128,0,1402,526,0.3863323229539818,0.8550564893910169,24.0,0.3733742829997793,0.0146484375,121,2,0.9980314960629921,10.953125,3072,3072,0,1402,0,0,1,1,14684879419494764692
v16e_design_calibration_not_fresh_evidence,v16d,3407,61043,exposure_matched_local,1670147047,wide_128_32_8,128,shuffled_clock,2,3072,3629,128,0,1407,523,0.38771011297878205,0.855883163405897,24.0,0.3610143554339582,0.015950520833333332,122,2,0.99876968503937,10.9921875,3072,3072,0,1407,0,0,1,1,17475299953765725851
v16e_design_calibration_not_fresh_evidence,v16d,3407,61043,exposure_matched_local,1670147047,wide_128_32_8,128,shuffled_clock,3,3072,3629,128,0,1399,529,0.38550564893910166,0.8542298153761366,24.0,0.3704706046927102,0.014322916666666666,122,2,0.9982775590551181,10.9296875,3072,3072,0,1399,0,0,1,1,10861332205031749332
v16e_design_calibration_not_fresh_evidence,v16d,3407,61043,exposure_matched_local,1670147047,wide_128_32_8,128,shuffled_clock,4,3072,3629,128,0,1420,504,0.3912923670432626,0.8611187655001378,24.0,0.3629403832377666,0.015299479166666666,124,2,0.999138779527559,11.09375,3072,3072,0,1420,0,0,1,1,3117381027057274473
v16e_design_calibration_not_fresh_evidence,v16d,3407,61043,exposure_matched_local,1670147047,wide_128_32_8,128,shuffled_clock,5,3072,3629,128,0,1412,510,0.38908790300358226,0.8594654174703775,24.0,0.3329229757564453,0.013020833333333334,123,2,0.9986466535433071,11.03125,3072,3072,0,1412,0,0,1,1,11969487391348448759
v16e_design_calibration_not_fresh_evidence,v16d,3407,61043,exposure_matched_local,1670147047,wide_128_32_8,128,shuffled_clock,6,3072,3629,128,0,1430,515,0.39404794709286306,0.8580876274455773,24.0,0.3539398300906305,0.0146484375,122,2,0.9990157480314961,11.171875,3072,3072,0,1430,0,0,1,1,4037903530285735420
v16e_design_calibration_not_fresh_evidence,v16d,3407,61043,exposure_matched_local,1670147047,wide_128_32_8,128,shuffled_clock,7,3072,3629,128,0,1424,516,0.39239459906310276,0.8578120694406173,24.0,0.3415169955766719,0.013997395833333334,125,2,0.999507874015748,11.125,3072,3072,0,1424,0,0,1,1,8540898001091707979
v16e_design_calibration_not_fresh_evidence,v16d,3407,61043,exposure_matched_local,1670147047,wide_128_32_8,128,shuffled_clock,8,3072,3629,128,0,1434,519,0.3951501791127032,0.8569853954257372,24.0,0.3432736996856707,0.014322916666666666,121,3,0.9988927165354331,11.203125,3072,3072,0,1434,0,0,1,1,7499155800910134834
v16e_design_calibration_not_fresh_evidence,v16d,3407,61043,exposure_matched_local,1670147047,wide_128_32_8,128,shuffled_clock,9,3072,3629,128,0,1427,502,0.39322127307798294,0.8616698815100579,24.0,0.3500952876163839,0.0146484375,125,2,0.9993848425196851,11.1484375,3072,3072,0,1427,0,0,1,1,5255252899058644446
v16e_design_calibration_not_fresh_evidence,v16d,3407,61043,exposure_matched_local,1670147047,wide_128_32_8,128,shuffled_clock,10,3072,3629,128,0,1417,538,0.39046569302838247,0.8517497933314963,24.0,0.3874606632024841,0.015625,120,2,0.9972933070866141,11.0703125,3072,3072,0,1417,0,0,1,1,5865416240023209080
v16e_design_calibration_not_fresh_evidence,v16d,3407,61043,exposure_matched_local,1670147047,wide_128_32_8,128,shuffled_clock,11,3072,3629,128,0,1420,526,0.3912923670432626,0.8550564893910169,24.0,0.39386424865580766,0.015625,117,2,0.9948326771653543,11.09375,3072,3072,0,1420,0,0,1,1,6907145603557146886
v16e_design_calibration_not_fresh_evidence,v16d,3407,61043,exposure_matched_local,1670147047,wide_128_32_8,128,shuffled_clock,12,3072,3629,128,0,1405,500,0.38715899696886197,0.8622209975199779,24.0,0.35728421774333796,0.014322916666666666,124,2,0.9975393700787402,10.9765625,3072,3072,0,1405,0,0,1,1,15387083762542882788
v16e_design_calibration_not_fresh_evidence,v16d,3407,61043,exposure_matched_local,1670147047,wide_128_32_8,128,shuffled_clock,13,3072,3629,128,0,1430,522,0.39404794709286306,0.856158721410857,24.0,0.3282919288547635,0.014973958333333334,121,2,0.999138779527559,11.171875,3072,3072,0,1430,0,0,1,1,2402656564628826382
v16e_design_calibration_not_fresh_evidence,v16d,3407,61043,exposure_matched_local,1670147047,wide_128_32_8,128,shuffled_clock,14,3072,3629,128,0,1416,515,0.3901901350234224,0.8580876274455773,24.0,0.3443075391852573,0.013997395833333334,123,2,0.999138779527559,11.0625,3072,3072,0,1416,0,0,1,1,18180502571514191768
v16e_design_calibration_not_fresh_evidence,v16d,3407,61043,exposure_matched_local,1670147047,wide_128_32_8,128,shuffled_clock,15,3072,3629,128,0,1421,498,0.39156792504822263,0.862772113529898,24.0,0.33797619592417094,0.0146484375,124,2,0.999261811023622,11.1015625,3072,3072,0,1421,0,0,1,1,3718406185866113803
v16e_design_calibration_not_fresh_evidence,v16d,3407,61043,exposure_matched_local,1670147047,wide_128_32_8,32,clock,-1,3072,3629,32,0,228,1563,0.06282722513089005,0.5693028382474511,96.0,0.7966778649615622,0.08723958333333333,32,1,1.0,7.125,3072,3072,0,228,0,0,1,1,
v16e_design_calibration_not_fresh_evidence,v16d,3407,61043,exposure_matched_local,1670147047,wide_128_32_8,32,event_count,-1,3072,3629,32,0,293,1324,0.08073849545329292,0.6351612014329017,96.0,0.0,0.03125,32,1,1.0,9.15625,3072,3072,0,293,0,0,1,1,
v16e_design_calibration_not_fresh_evidence,v16d,3407,61043,exposure_matched_local,1670147047,wide_128_32_8,32,shuffled_clock,0,3072,3629,32,0,294,1330,0.08101405345825297,0.6335078534031413,96.0,0.17647944152101655,0.04296875,32,1,1.0,9.1875,3072,3072,0,294,0,0,1,1,2782959866432504240
v16e_design_calibration_not_fresh_evidence,v16d,3407,61043,exposure_matched_local,1670147047,wide_128_32_8,32,shuffled_clock,1,3072,3629,32,0,298,1341,0.08211628547809313,0.6304767153485809,96.0,0.1504873728017067,0.04296875,32,1,1.0,9.3125,3072,3072,0,298,0,0,1,1,2615657692798923462
v16e_design_calibration_not_fresh_evidence,v16d,3407,61043,exposure_matched_local,1670147047,wide_128_32_8,32,shuffled_clock,2,3072,3629,32,0,296,1336,0.08156516946817305,0.6318545053733811,96.0,0.189579271491404,0.040364583333333336,32,1,1.0,9.25,3072,3072,0,296,0,0,1,1,17956052249771738460
v16e_design_calibration_not_fresh_evidence,v16d,3407,61043,exposure_matched_local,1670147047,wide_128_32_8,32,shuffled_clock,3,3072,3629,32,0,287,1346,0.07908514742353265,0.6290989253237806,96.0,0.17703391150955447,0.043619791666666664,32,1,1.0,8.96875,3072,3072,0,287,0,0,1,1,1061385344578526180
v16e_design_calibration_not_fresh_evidence,v16d,3407,61043,exposure_matched_local,1670147047,wide_128_32_8,32,shuffled_clock,4,3072,3629,32,0,292,1338,0.08046293744833287,0.631303389363461,96.0,0.19026118037127912,0.044921875,32,1,1.0,9.125,3072,3072,0,292,0,0,1,1,15911699651516870631
v16e_design_calibration_not_fresh_evidence,v16d,3407,61043,exposure_matched_local,1670147047,wide_128_32_8,32,shuffled_clock,5,3072,3629,32,0,283,1335,0.07798291540369248,0.6321300633783411,96.0,0.16887813733227044,0.046549479166666664,32,1,1.0,8.84375,3072,3072,0,283,0,0,1,1,3530459170191289954
v16e_design_calibration_not_fresh_evidence,v16d,3407,61043,exposure_matched_local,1670147047,wide_128_32_8,32,shuffled_clock,6,3072,3629,32,0,290,1318,0.07991182143841279,0.6368145494626619,96.0,0.18057709411097167,0.043619791666666664,32,1,1.0,9.0625,3072,3072,0,290,0,0,1,1,16467520976120069492
v16e_design_calibration_not_fresh_evidence,v16d,3407,61043,exposure_matched_local,1670147047,wide_128_32_8,32,shuffled_clock,7,3072,3629,32,0,288,1334,0.0793607054284927,0.6324056213833011,96.0,0.14929643841464366,0.037760416666666664,32,1,1.0,9.0,3072,3072,0,288,0,0,1,1,5380101508601855327
v16e_design_calibration_not_fresh_evidence,v16d,3407,61043,exposure_matched_local,1670147047,wide_128_32_8,32,shuffled_clock,8,3072,3629,32,0,294,1317,0.08101405345825297,0.637090107467622,96.0,0.13689484786784292,0.038736979166666664,32,1,1.0,9.1875,3072,3072,0,294,0,0,1,1,9867950765914688261
v16e_design_calibration_not_fresh_evidence,v16d,3407,61043,exposure_matched_local,1670147047,wide_128_32_8,32,shuffled_clock,9,3072,3629,32,0,292,1327,0.08046293744833287,0.6343345274180215,96.0,0.19893097472765067,0.041666666666666664,32,1,1.0,9.125,3072,3072,0,292,0,0,1,1,2939769062835396214
v16e_design_calibration_not_fresh_evidence,v16d,3407,61043,exposure_matched_local,1670147047,wide_128_32_8,32,shuffled_clock,10,3072,3629,32,0,280,1341,0.07715624138881234,0.6304767153485809,96.0,0.16193726660473243,0.0419921875,32,1,1.0,8.75,3072,3072,0,280,0,0,1,1,357672517869163846
v16e_design_calibration_not_fresh_evidence,v16d,3407,61043,exposure_matched_local,1670147047,wide_128_32_8,32,shuffled_clock,11,3072,3629,32,0,293,1327,0.08073849545329292,0.6343345274180215,96.0,0.19040829903263615,0.044270833333333336,32,1,1.0,9.15625,3072,3072,0,293,0,0,1,1,5433817156724185976
v16e_design_calibration_not_fresh_evidence,v16d,3407,61043,exposure_matched_local,1670147047,wide_128_32_8,32,shuffled_clock,12,3072,3629,32,0,295,1320,0.08128961146321301,0.6362634334527418,96.0,0.18783572094922765,0.044270833333333336,32,1,1.0,9.21875,3072,3072,0,295,0,0,1,1,17617214469093006342
v16e_design_calibration_not_fresh_evidence,v16d,3407,61043,exposure_matched_local,1670147047,wide_128_32_8,32,shuffled_clock,13,3072,3629,32,0,286,1310,0.0788095894185726,0.6390190135023422,96.0,0.17191827005022164,0.037760416666666664,32,1,1.0,8.9375,3072,3072,0,286,0,0,1,1,12837913982287213575
v16e_design_calibration_not_fresh_evidence,v16d,3407,61043,exposure_matched_local,1670147047,wide_128_32_8,32,shuffled_clock,14,3072,3629,32,0,302,1343,0.08321851749793331,0.6299255993386608,96.0,0.17616181797174754,0.042643229166666664,32,1,1.0,9.4375,3072,3072,0,302,0,0,1,1,3611244837745069326
v16e_design_calibration_not_fresh_evidence,v16d,3407,61043,exposure_matched_local,1670147047,wide_128_32_8,32,shuffled_clock,15,3072,3629,32,0,283,1322,0.07798291540369248,0.6357123174428218,96.0,0.18635778135149306,0.047200520833333336,32,1,1.0,8.84375,3072,3072,0,283,0,0,1,1,7592420967206727203
v16e_design_calibration_not_fresh_evidence,v16d,3407,61043,exposure_matched_local,1670147047,wide_128_32_8,8,clock,-1,3072,3629,8,0,27,2814,0.0074400661339211905,0.22457977404243593,384.0,0.8243117507055145,0.3079427083333333,8,1,1.0,3.375,3072,3072,0,27,0,0,1,1,
v16e_design_calibration_not_fresh_evidence,v16d,3407,61043,exposure_matched_local,1670147047,wide_128_32_8,8,event_count,-1,3072,3629,8,0,28,2486,0.0077156241388812346,0.3149627996693304,384.0,0.0,0.125,8,1,1.0,3.5,3072,3072,0,28,0,0,1,1,
v16e_design_calibration_not_fresh_evidence,v16d,3407,61043,exposure_matched_local,1670147047,wide_128_32_8,8,shuffled_clock,0,3072,3629,8,0,28,2497,0.0077156241388812346,0.31193166161476993,384.0,0.10751681185446864,0.14127604166666666,8,1,1.0,3.5,3072,3072,0,28,0,0,1,1,18059362624615925707
v16e_design_calibration_not_fresh_evidence,v16d,3407,61043,exposure_matched_local,1670147047,wide_128_32_8,8,shuffled_clock,1,3072,3629,8,0,28,2476,0.0077156241388812346,0.31771837971893085,384.0,0.09196591104666368,0.14225260416666666,8,1,1.0,3.5,3072,3072,0,28,0,0,1,1,239528448250080251
v16e_design_calibration_not_fresh_evidence,v16d,3407,61043,exposure_matched_local,1670147047,wide_128_32_8,8,shuffled_clock,2,3072,3629,8,0,28,2503,0.0077156241388812346,0.3102783135850096,384.0,0.08847599104877828,0.140625,8,1,1.0,3.5,3072,3072,0,28,0,0,1,1,17925697632921295078
v16e_design_calibration_not_fresh_evidence,v16d,3407,61043,exposure_matched_local,1670147047,wide_128_32_8,8,shuffled_clock,3,3072,3629,8,0,28,2473,0.0077156241388812346,0.318545053733811,384.0,0.10113712047461519,0.15169270833333334,8,1,1.0,3.5,3072,3072,0,28,0,0,1,1,8228690873296396931
v16e_design_calibration_not_fresh_evidence,v16d,3407,61043,exposure_matched_local,1670147047,wide_128_32_8,8,shuffled_clock,4,3072,3629,8,0,28,2487,0.0077156241388812346,0.31468724166437034,384.0,0.060387154121853664,0.1337890625,8,1,1.0,3.5,3072,3072,0,28,0,0,1,1,14505366611977713097
v16e_design_calibration_not_fresh_evidence,v16d,3407,61043,exposure_matched_local,1670147047,wide_128_32_8,8,shuffled_clock,5,3072,3629,8,0,28,2487,0.0077156241388812346,0.31468724166437034,384.0,0.08836642321597116,0.14192708333333334,8,1,1.0,3.5,3072,3072,0,28,0,0,1,1,2625723300056356423
v16e_design_calibration_not_fresh_evidence,v16d,3407,61043,exposure_matched_local,1670147047,wide_128_32_8,8,shuffled_clock,6,3072,3629,8,0,28,2503,0.0077156241388812346,0.3102783135850096,384.0,0.08534359170923927,0.14713541666666666,8,1,1.0,3.5,3072,3072,0,28,0,0,1,1,9309939186773106173
v16e_design_calibration_not_fresh_evidence,v16d,3407,61043,exposure_matched_local,1670147047,wide_128_32_8,8,shuffled_clock,7,3072,3629,8,0,28,2484,0.0077156241388812346,0.31551391567925047,384.0,0.07904958839611524,0.13932291666666666,8,1,1.0,3.5,3072,3072,0,28,0,0,1,1,8993163425439837549
v16e_design_calibration_not_fresh_evidence,v16d,3407,61043,exposure_matched_local,1670147047,wide_128_32_8,8,shuffled_clock,8,3072,3629,8,0,28,2481,0.0077156241388812346,0.3163405896941306,384.0,0.07648324574676678,0.14127604166666666,8,1,1.0,3.5,3072,3072,0,28,0,0,1,1,1576402827099741743
v16e_design_calibration_not_fresh_evidence,v16d,3407,61043,exposure_matched_local,1670147047,wide_128_32_8,8,shuffled_clock,9,3072,3629,8,0,28,2485,0.0077156241388812346,0.3152383576742904,384.0,0.11436328979865623,0.1533203125,8,1,1.0,3.5,3072,3072,0,28,0,0,1,1,6667390625312038225
v16e_design_calibration_not_fresh_evidence,v16d,3407,61043,exposure_matched_local,1670147047,wide_128_32_8,8,shuffled_clock,10,3072,3629,8,0,28,2486,0.0077156241388812346,0.3149627996693304,384.0,0.09853645976880761,0.13997395833333334,8,1,1.0,3.5,3072,3072,0,28,0,0,1,1,9505073931115239585
v16e_design_calibration_not_fresh_evidence,v16d,3407,61043,exposure_matched_local,1670147047,wide_128_32_8,8,shuffled_clock,11,3072,3629,8,0,28,2504,0.0077156241388812346,0.3100027555800496,384.0,0.07986650257853405,0.13346354166666666,8,1,1.0,3.5,3072,3072,0,28,0,0,1,1,15324741674010762334
v16e_design_calibration_not_fresh_evidence,v16d,3407,61043,exposure_matched_local,1670147047,wide_128_32_8,8,shuffled_clock,12,3072,3629,8,0,28,2485,0.0077156241388812346,0.3152383576742904,384.0,0.06691673245415732,0.140625,8,1,1.0,3.5,3072,3072,0,28,0,0,1,1,7137254526856235066
v16e_design_calibration_not_fresh_evidence,v16d,3407,61043,exposure_matched_local,1670147047,wide_128_32_8,8,shuffled_clock,13,3072,3629,8,0,28,2480,0.0077156241388812346,0.31661614769909063,384.0,0.0869963181692191,0.142578125,8,1,1.0,3.5,3072,3072,0,28,0,0,1,1,13747023500633464274
v16e_design_calibration_not_fresh_evidence,v16d,3407,61043,exposure_matched_local,1670147047,wide_128_32_8,8,shuffled_clock,14,3072,3629,8,0,28,2477,0.0077156241388812346,0.3174428217139708,384.0,0.10261115367798467,0.13834635416666666,8,1,1.0,3.5,3072,3072,0,28,0,0,1,1,15823527665067606707
v16e_design_calibration_not_fresh_evidence,v16d,3407,61043,exposure_matched_local,1670147047,wide_128_32_8,8,shuffled_clock,15,3072,3629,8,0,28,2501,0.0077156241388812346,0.3108294295949297,384.0,0.0637887953849786,0.1416015625,8,1,1.0,3.5,3072,3072,0,28,0,0,1,1,12590090810270642484
v16e_design_calibration_not_fresh_evidence,v16d,3407,61043,exposure_matched_local,1670147047,compact_64_16_4,64,clock,-1,3072,3629,64,0,516,951,0.14218793055938275,0.737944337282998,48.0,0.8043059547106864,0.050455729166666664,64,1,1.0,8.0625,3072,3072,0,516,0,0,1,1,
v16e_design_calibration_not_fresh_evidence,v16d,3407,61043,exposure_matched_local,1670147047,compact_64_16_4,64,event_count,-1,3072,3629,64,0,699,832,0.1926150454670708,0.7707357398732433,48.0,0.0,0.015625,64,1,1.0,10.921875,3072,3072,0,699,0,0,1,1,
v16e_design_calibration_not_fresh_evidence,v16d,3407,61043,exposure_matched_local,1670147047,compact_64_16_4,64,shuffled_clock,0,3072,3629,64,0,702,869,0.19344171948195096,0.7605400936897216,48.0,0.23175248686378427,0.0244140625,64,1,1.0,10.96875,3072,3072,0,702,0,0,1,1,1936099373270890543
v16e_design_calibration_not_fresh_evidence,v16d,3407,61043,exposure_matched_local,1670147047,compact_64_16_4,64,shuffled_clock,1,3072,3629,64,0,678,863,0.18682832736290989,0.762193441719482,48.0,0.2658656123110392,0.024088541666666668,64,1,1.0,10.59375,3072,3072,0,678,0,0,1,1,16282364441624840308
v16e_design_calibration_not_fresh_evidence,v16d,3407,61043,exposure_matched_local,1670147047,compact_64_16_4,64,shuffled_clock,2,3072,3629,64,0,681,852,0.18765500137779004,0.7652245797740425,48.0,0.23973065978639982,0.024739583333333332,64,1,1.0,10.640625,3072,3072,0,681,0,0,1,1,12721800388788268177
v16e_design_calibration_not_fresh_evidence,v16d,3407,61043,exposure_matched_local,1670147047,compact_64_16_4,64,shuffled_clock,3,3072,3629,64,0,676,854,0.1862772113529898,0.7646734637641224,48.0,0.24908894843570284,0.022786458333333332,64,1,1.0,10.5625,3072,3072,0,676,0,0,1,1,13875964447104038109
v16e_design_calibration_not_fresh_evidence,v16d,3407,61043,exposure_matched_local,1670147047,compact_64_16_4,64,shuffled_clock,4,3072,3629,64,0,692,880,0.19068613943235052,0.7575089556351612,48.0,0.2597577643111548,0.026692708333333332,64,1,1.0,10.8125,3072,3072,0,692,0,0,1,1,9280371609231652633
v16e_design_calibration_not_fresh_evidence,v16d,3407,61043,exposure_matched_local,1670147047,compact_64_16_4,64,shuffled_clock,5,3072,3629,64,0,667,866,0.1837971893083494,0.7613667677046018,48.0,0.26992879066194236,0.026041666666666668,64,1,1.0,10.421875,3072,3072,0,667,0,0,1,1,10673446129091881803
v16e_design_calibration_not_fresh_evidence,v16d,3407,61043,exposure_matched_local,1670147047,compact_64_16_4,64,shuffled_clock,6,3072,3629,64,0,689,863,0.18985946541747037,0.762193441719482,48.0,0.24041937748923317,0.025716145833333332,64,1,1.0,10.765625,3072,3072,0,689,0,0,1,1,7805786948803090734
v16e_design_calibration_not_fresh_evidence,v16d,3407,61043,exposure_matched_local,1670147047,compact_64_16_4,64,shuffled_clock,7,3072,3629,64,0,694,875,0.1912372554422706,0.7588867456599614,48.0,0.2713543015441073,0.025065104166666668,64,1,1.0,10.84375,3072,3072,0,694,0,0,1,1,12598940321630781458
v16e_design_calibration_not_fresh_evidence,v16d,3407,61043,exposure_matched_local,1670147047,compact_64_16_4,64,shuffled_clock,8,3072,3629,64,0,684,881,0.18848167539267016,0.7572333976302011,48.0,0.2584282553037299,0.025716145833333332,64,1,1.0,10.6875,3072,3072,0,684,0,0,1,1,12248178479372310375
v16e_design_calibration_not_fresh_evidence,v16d,3407,61043,exposure_matched_local,1670147047,compact_64_16_4,64,shuffled_clock,9,3072,3629,64,0,694,858,0.1912372554422706,0.7635712317442822,48.0,0.24027605743030336,0.022786458333333332,64,1,1.0,10.84375,3072,3072,0,694,0,0,1,1,4311084688070063877
v16e_design_calibration_not_fresh_evidence,v16d,3407,61043,exposure_matched_local,1670147047,compact_64_16_4,64,shuffled_clock,10,3072,3629,64,0,703,869,0.193717277486911,0.7605400936897216,48.0,0.23258335631915775,0.0224609375,64,1,1.0,10.984375,3072,3072,0,703,0,0,1,1,16460381006833692954
v16e_design_calibration_not_fresh_evidence,v16d,3407,61043,exposure_matched_local,1670147047,compact_64_16_4,64,shuffled_clock,11,3072,3629,64,0,698,874,0.19233948746211077,0.7591623036649214,48.0,0.2592002011343309,0.0263671875,64,1,1.0,10.90625,3072,3072,0,698,0,0,1,1,1841549482587109550
v16e_design_calibration_not_fresh_evidence,v16d,3407,61043,exposure_matched_local,1670147047,compact_64_16_4,64,shuffled_clock,12,3072,3629,64,0,666,864,0.18352163130338936,0.761917883714522,48.0,0.26552853186534947,0.026692708333333332,64,1,1.0,10.40625,3072,3072,0,666,0,0,1,1,3218361187978057386
v16e_design_calibration_not_fresh_evidence,v16d,3407,61043,exposure_matched_local,1670147047,compact_64_16_4,64,shuffled_clock,13,3072,3629,64,0,679,877,0.18710388536786993,0.7583356296500413,48.0,0.28526612779723837,0.025716145833333332,64,1,1.0,10.609375,3072,3072,0,679,0,0,1,1,10223833684489379952
v16e_design_calibration_not_fresh_evidence,v16d,3407,61043,exposure_matched_local,1670147047,compact_64_16_4,64,shuffled_clock,14,3072,3629,64,0,674,866,0.18572609534306972,0.7613667677046018,48.0,0.2634185449166335,0.0283203125,64,1,1.0,10.53125,3072,3072,0,674,0,0,1,1,16677788451926157528
v16e_design_calibration_not_fresh_evidence,v16d,3407,61043,exposure_matched_local,1670147047,compact_64_16_4,64,shuffled_clock,15,3072,3629,64,0,689,881,0.18985946541747037,0.7572333976302011,48.0,0.27026038297015453,0.0263671875,64,1,1.0,10.765625,3072,3072,0,689,0,0,1,1,10413356049558445581
v16e_design_calibration_not_fresh_evidence,v16d,3407,61043,exposure_matched_local,1670147047,compact_64_16_4,16,clock,-1,3072,3629,16,0,92,2253,0.025351336456324057,0.37916781482502065,192.0,0.8040875032998355,0.16471354166666666,16,1,1.0,5.75,3072,3072,0,92,0,0,1,1,
v16e_design_calibration_not_fresh_evidence,v16d,3407,61043,exposure_matched_local,1670147047,compact_64_16_4,16,event_count,-1,3072,3629,16,0,106,1874,0.029209148525764672,0.48360429870487737,192.0,0.0,0.0625,16,1,1.0,6.625,3072,3072,0,106,0,0,1,1,
v16e_design_calibration_not_fresh_evidence,v16d,3407,61043,exposure_matched_local,1670147047,compact_64_16_4,16,shuffled_clock,0,3072,3629,16,0,108,1870,0.029760264535684762,0.48470653072471753,192.0,0.1289592869288024,0.0771484375,16,1,1.0,6.75,3072,3072,0,108,0,0,1,1,4347093621161229670
v16e_design_calibration_not_fresh_evidence,v16d,3407,61043,exposure_matched_local,1670147047,compact_64_16_4,16,shuffled_clock,1,3072,3629,16,0,105,1906,0.02893359052080463,0.474786442546156,192.0,0.1309907050703019,0.08072916666666667,16,1,1.0,6.5625,3072,3072,0,105,0,0,1,1,1650391291026210049
v16e_design_calibration_not_fresh_evidence,v16d,3407,61043,exposure_matched_local,1670147047,compact_64_16_4,16,shuffled_clock,2,3072,3629,16,0,105,1911,0.02893359052080463,0.4734086525213557,192.0,0.1773078641902375,0.078125,16,1,1.0,6.5625,3072,3072,0,105,0,0,1,1,8515882032473730357
v16e_design_calibration_not_fresh_evidence,v16d,3407,61043,exposure_matched_local,1670147047,compact_64_16_4,16,shuffled_clock,3,3072,3629,16,0,107,1892,0.029484706530724717,0.47864425461559656,192.0,0.13797005093027873,0.08040364583333333,16,1,1.0,6.6875,3072,3072,0,107,0,0,1,1,10952335135054365056
v16e_design_calibration_not_fresh_evidence,v16d,3407,61043,exposure_matched_local,1670147047,compact_64_16_4,16,shuffled_clock,4,3072,3629,16,0,108,1894,0.029760264535684762,0.4780931386056765,192.0,0.1266813999106946,0.0751953125,16,1,1.0,6.75,3072,3072,0,108,0,0,1,1,1278140813201914771
v16e_design_calibration_not_fresh_evidence,v16d,3407,61043,exposure_matched_local,1670147047,compact_64_16_4,16,shuffled_clock,5,3072,3629,16,0,109,1882,0.030035822540644807,0.48139983466519704,192.0,0.09956865884440784,0.076171875,16,1,1.0,6.8125,3072,3072,0,109,0,0,1,1,9641328752897662442
v16e_design_calibration_not_fresh_evidence,v16d,3407,61043,exposure_matched_local,1670147047,compact_64_16_4,16,shuffled_clock,6,3072,3629,16,0,110,1916,0.03031138054560485,0.4720308624965555,192.0,0.12335432910627524,0.08365885416666667,16,1,1.0,6.875,3072,3072,0,110,0,0,1,1,7946943040731930628
v16e_design_calibration_not_fresh_evidence,v16d,3407,61043,exposure_matched_local,1670147047,compact_64_16_4,16,shuffled_clock,7,3072,3629,16,0,102,1909,0.028106916505924496,0.47395976853127586,192.0,0.17126892298803506,0.0869140625,16,1,1.0,6.375,3072,3072,0,102,0,0,1,1,3402771347231223280
v16e_design_calibration_not_fresh_evidence,v16d,3407,61043,exposure_matched_local,1670147047,compact_64_16_4,16,shuffled_clock,8,3072,3629,16,0,105,1900,0.02893359052080463,0.47643979057591623,192.0,0.11336154162841282,0.080078125,16,1,1.0,6.5625,3072,3072,0,105,0,0,1,1,4293928950426126362
v16e_design_calibration_not_fresh_evidence,v16d,3407,61043,exposure_matched_local,1670147047,compact_64_16_4,16,shuffled_clock,9,3072,3629,16,0,108,1888,0.029760264535684762,0.4797464866354368,192.0,0.10120798167909266,0.07161458333333333,16,1,1.0,6.75,3072,3072,0,108,0,0,1,1,3642634329485918292
v16e_design_calibration_not_fresh_evidence,v16d,3407,61043,exposure_matched_local,1670147047,compact_64_16_4,16,shuffled_clock,10,3072,3629,16,0,108,1887,0.029760264535684762,0.4800220446403968,192.0,0.1419752562231519,0.0732421875,16,1,1.0,6.75,3072,3072,0,108,0,0,1,1,2362549435464178504
v16e_design_calibration_not_fresh_evidence,v16d,3407,61043,exposure_matched_local,1670147047,compact_64_16_4,16,shuffled_clock,11,3072,3629,16,0,108,1882,0.029760264535684762,0.48139983466519704,192.0,0.13888454854329216,0.08170572916666667,16,1,1.0,6.75,3072,3072,0,108,0,0,1,1,4488987784089960487
v16e_design_calibration_not_fresh_evidence,v16d,3407,61043,exposure_matched_local,1670147047,compact_64_16_4,16,shuffled_clock,12,3072,3629,16,0,106,1886,0.029209148525764672,0.48029760264535687,192.0,0.11828001537469057,0.078125,16,1,1.0,6.625,3072,3072,0,106,0,0,1,1,10754822357982344493
v16e_design_calibration_not_fresh_evidence,v16d,3407,61043,exposure_matched_local,1670147047,compact_64_16_4,16,shuffled_clock,13,3072,3629,16,0,109,1898,0.030035822540644807,0.4769909065858363,192.0,0.10238051979421346,0.0703125,16,1,1.0,6.8125,3072,3072,0,109,0,0,1,1,1087925937888928480
v16e_design_calibration_not_fresh_evidence,v16d,3407,61043,exposure_matched_local,1670147047,compact_64_16_4,16,shuffled_clock,14,3072,3629,16,0,106,1893,0.029209148525764672,0.4783686966106365,192.0,0.12713739742528188,0.080078125,16,1,1.0,6.625,3072,3072,0,106,0,0,1,1,1791516960879703306
v16e_design_calibration_not_fresh_evidence,v16d,3407,61043,exposure_matched_local,1670147047,compact_64_16_4,16,shuffled_clock,15,3072,3629,16,0,102,1882,0.028106916505924496,0.48139983466519704,192.0,0.17842628029525245,0.08268229166666667,16,1,1.0,6.375,3072,3072,0,102,0,0,1,1,3247699747205699602
v16e_design_calibration_not_fresh_evidence,v16d,3407,61043,exposure_matched_local,1670147047,compact_64_16_4,4,clock,-1,3072,3629,4,0,6,3197,0.0016533480297602646,0.11904105814273905,768.0,0.8666392525795782,0.5475260416666666,4,1,1.0,1.5,3072,3072,0,6,0,0,1,1,
v16e_design_calibration_not_fresh_evidence,v16d,3407,61043,exposure_matched_local,1670147047,compact_64_16_4,4,event_count,-1,3072,3629,4,0,6,2963,0.0016533480297602646,0.18352163130338936,768.0,0.0,0.25,4,1,1.0,1.5,3072,3072,0,6,0,0,1,1,
v16e_design_calibration_not_fresh_evidence,v16d,3407,61043,exposure_matched_local,1670147047,compact_64_16_4,4,shuffled_clock,0,3072,3629,4,0,6,2964,0.0016533480297602646,0.18324607329842932,768.0,0.023772680447272834,0.2565104166666667,4,1,1.0,1.5,3072,3072,0,6,0,0,1,1,1234183836501628985
v16e_design_calibration_not_fresh_evidence,v16d,3407,61043,exposure_matched_local,1670147047,compact_64_16_4,4,shuffled_clock,1,3072,3629,4,0,6,2962,0.0016533480297602646,0.1837971893083494,768.0,0.06780008473565528,0.2659505208333333,4,1,1.0,1.5,3072,3072,0,6,0,0,1,1,7335280402869421926
v16e_design_calibration_not_fresh_evidence,v16d,3407,61043,exposure_matched_local,1670147047,compact_64_16_4,4,shuffled_clock,2,3072,3629,4,0,6,2968,0.0016533480297602646,0.18214384127858915,768.0,0.02921235880288861,0.2561848958333333,4,1,1.0,1.5,3072,3072,0,6,0,0,1,1,5561963782124303905
v16e_design_calibration_not_fresh_evidence,v16d,3407,61043,exposure_matched_local,1670147047,compact_64_16_4,4,shuffled_clock,3,3072,3629,4,0,6,2966,0.0016533480297602646,0.18269495728850924,768.0,0.06862856225575228,0.2682291666666667,4,1,1.0,1.5,3072,3072,0,6,0,0,1,1,2696963696395649838
v16e_design_calibration_not_fresh_evidence,v16d,3407,61043,exposure_matched_local,1670147047,compact_64_16_4,4,shuffled_clock,4,3072,3629,4,0,6,2968,0.0016533480297602646,0.18214384127858915,768.0,0.08004018268911814,0.2766927083333333,4,1,1.0,1.5,3072,3072,0,6,0,0,1,1,13982204897280106200
v16e_design_calibration_not_fresh_evidence,v16d,3407,61043,exposure_matched_local,1670147047,compact_64_16_4,4,shuffled_clock,5,3072,3629,4,0,6,2959,0.0016533480297602646,0.18462386332322955,768.0,0.05084242220090059,0.2607421875,4,1,1.0,1.5,3072,3072,0,6,0,0,1,1,6715817094836434301
v16e_design_calibration_not_fresh_evidence,v16d,3407,61043,exposure_matched_local,1670147047,compact_64_16_4,4,shuffled_clock,6,3072,3629,4,0,6,2972,0.0016533480297602646,0.18104160925874896,768.0,0.08507165884306116,0.2819010416666667,4,1,1.0,1.5,3072,3072,0,6,0,0,1,1,5606973580038678854
v16e_design_calibration_not_fresh_evidence,v16d,3407,61043,exposure_matched_local,1670147047,compact_64_16_4,4,shuffled_clock,7,3072,3629,4,0,6,2960,0.0016533480297602646,0.18434830531826948,768.0,0.06910452833372681,0.275390625,4,1,1.0,1.5,3072,3072,0,6,0,0,1,1,1729938907194725702
v16e_design_calibration_not_fresh_evidence,v16d,3407,61043,exposure_matched_local,1670147047,compact_64_16_4,4,shuffled_clock,8,3072,3629,4,0,6,2960,0.0016533480297602646,0.18434830531826948,768.0,0.02982500441425257,0.2571614583333333,4,1,1.0,1.5,3072,3072,0,6,0,0,1,1,14472323479299576927
v16e_design_calibration_not_fresh_evidence,v16d,3407,61043,exposure_matched_local,1670147047,compact_64_16_4,4,shuffled_clock,9,3072,3629,4,0,6,2965,0.0016533480297602646,0.18297051529346928,768.0,0.08522431339559151,0.2763671875,4,1,1.0,1.5,3072,3072,0,6,0,0,1,1,1133762905853605034
v16e_design_calibration_not_fresh_evidence,v16d,3407,61043,exposure_matched_local,1670147047,compact_64_16_4,4,shuffled_clock,10,3072,3629,4,0,6,2955,0.0016533480297602646,0.18572609534306972,768.0,0.08927266666404776,0.2724609375,4,1,1.0,1.5,3072,3072,0,6,0,0,1,1,424064337957603520
v16e_design_calibration_not_fresh_evidence,v16d,3407,61043,exposure_matched_local,1670147047,compact_64_16_4,4,shuffled_clock,11,3072,3629,4,0,6,2961,0.0016533480297602646,0.18407274731330944,768.0,0.018073492025743935,0.2548828125,4,1,1.0,1.5,3072,3072,0,6,0,0,1,1,7390207415220999834
v16e_design_calibration_not_fresh_evidence,v16d,3407,61043,exposure_matched_local,1670147047,compact_64_16_4,4,shuffled_clock,12,3072,3629,4,0,6,2963,0.0016533480297602646,0.18352163130338936,768.0,0.06389502159575676,0.2688802083333333,4,1,1.0,1.5,3072,3072,0,6,0,0,1,1,16608937178481308439
v16e_design_calibration_not_fresh_evidence,v16d,3407,61043,exposure_matched_local,1670147047,compact_64_16_4,4,shuffled_clock,13,3072,3629,4,0,6,2960,0.0016533480297602646,0.18434830531826948,768.0,0.10324023794201598,0.2822265625,4,1,1.0,1.5,3072,3072,0,6,0,0,1,1,17685525642095885717
v16e_design_calibration_not_fresh_evidence,v16d,3407,61043,exposure_matched_local,1670147047,compact_64_16_4,4,shuffled_clock,14,3072,3629,4,0,6,2954,0.0016533480297602646,0.18600165334802976,768.0,0.0876177283398996,0.2766927083333333,4,1,1.0,1.5,3072,3072,0,6,0,0,1,1,8161010237043871723
v16e_design_calibration_not_fresh_evidence,v16d,3407,61043,exposure_matched_local,1670147047,compact_64_16_4,4,shuffled_clock,15,3072,3629,4,0,6,2960,0.0016533480297602646,0.18434830531826948,768.0,0.031752328399603964,0.26171875,4,1,1.0,1.5,3072,3072,0,6,0,0,1,1,3063060659514354954
v16e_design_calibration_not_fresh_evidence,v16d,3407,61091,current_global,1570147095,wide_128_32_8,128,clock,-1,3072,3457,128,0,985,515,0.28492912930286374,0.8510269019380966,24.0,0.7829590885756433,0.025390625,120,2,0.9979084645669292,7.6953125,3072,3072,0,985,0,0,1,1,
v16e_design_calibration_not_fresh_evidence,v16d,3407,61091,current_global,1570147095,wide_128_32_8,128,event_count,-1,3072,3457,128,0,1326,463,0.38356956899045414,0.8660688458200753,24.0,0.0,0.0078125,127,2,0.999876968503937,10.359375,3072,3072,0,1326,0,0,1,1,
v16e_design_calibration_not_fresh_evidence,v16d,3407,61091,current_global,1570147095,wide_128_32_8,128,shuffled_clock,0,3072,3457,128,0,1257,497,0.3636100665316749,0.8562337286664738,24.0,0.31398923364527065,0.014322916666666666,123,2,0.9990157480314961,9.8203125,3072,3072,0,1257,0,0,1,1,7475806579022322911
v16e_design_calibration_not_fresh_evidence,v16d,3407,61091,current_global,1570147095,wide_128_32_8,128,shuffled_clock,1,3072,3457,128,0,1281,499,0.37055250216951113,0.8556551923633208,24.0,0.31316093710492365,0.014322916666666666,122,2,0.999138779527559,10.0078125,3072,3072,0,1281,0,0,1,1,155086317010936302
v16e_design_calibration_not_fresh_evidence,v16d,3407,61091,current_global,1570147095,wide_128_32_8,128,shuffled_clock,2,3072,3457,128,0,1258,506,0.36389933468325136,0.8536303153022852,24.0,0.3301604239030036,0.014322916666666666,125,2,0.999138779527559,9.828125,3072,3072,0,1258,0,0,1,1,17819796489024915029
v16e_design_calibration_not_fresh_evidence,v16d,3407,61091,current_global,1570147095,wide_128_32_8,128,shuffled_clock,3,3072,3457,128,0,1288,502,0.37257737923054673,0.8547873879085912,24.0,0.2869176554908585,0.012369791666666666,122,2,0.9988927165354331,10.0625,3072,3072,0,1288,0,0,1,1,3051243844493528897
v16e_design_calibration_not_fresh_evidence,v16d,3407,61091,current_global,1570147095,wide_128_32_8,128,shuffled_clock,4,3072,3457,128,0,1268,514,0.36679201619901647,0.8513161700896731,24.0,0.3219003883462985,0.015950520833333332,121,3,0.9985236220472441,9.90625,3072,3072,0,1268,0,0,1,1,7232727606049335499
v16e_design_calibration_not_fresh_evidence,v16d,3407,61091,current_global,1570147095,wide_128_32_8,128,shuffled_clock,5,3072,3457,128,0,1252,481,0.3621637257737923,0.860862019091698,24.0,0.2768301860003978,0.013346354166666666,121,3,0.99876968503937,9.78125,3072,3072,0,1252,0,0,1,1,14753044199836065959
v16e_design_calibration_not_fresh_evidence,v16d,3407,61091,current_global,1570147095,wide_128_32_8,128,shuffled_clock,6,3072,3457,128,0,1291,508,0.37344518368527624,0.8530517789991322,24.0,0.29225194370641056,0.014973958333333334,125,2,0.999507874015748,10.0859375,3072,3072,0,1291,0,0,1,1,1825777702920882770
v16e_design_calibration_not_fresh_evidence,v16d,3407,61091,current_global,1570147095,wide_128_32_8,128,shuffled_clock,7,3072,3457,128,0,1254,518,0.3627422620769453,0.850159097483367,24.0,0.31576920761204774,0.013020833333333334,122,2,0.9990157480314961,9.796875,3072,3072,0,1254,0,0,1,1,5140684434280013792
v16e_design_calibration_not_fresh_evidence,v16d,3407,61091,current_global,1570147095,wide_128_32_8,128,shuffled_clock,8,3072,3457,128,0,1287,510,0.3722881110789702,0.8524732426959791,24.0,0.2809962279817694,0.0126953125,125,2,0.9993848425196851,10.0546875,3072,3072,0,1287,0,0,1,1,14655086200930034438
v16e_design_calibration_not_fresh_evidence,v16d,3407,61091,current_global,1570147095,wide_128_32_8,128,shuffled_clock,9,3072,3457,128,0,1270,501,0.3673705525021695,0.8550766560601678,24.0,0.30903038892209345,0.0146484375,124,2,0.9993848425196851,9.921875,3072,3072,0,1270,0,0,1,1,3877087514616563152
v16e_design_calibration_not_fresh_evidence,v16d,3407,61091,current_global,1570147095,wide_128_32_8,128,shuffled_clock,10,3072,3457,128,0,1272,498,0.3679490888053225,0.8559444605148974,24.0,0.3133354972840896,0.013997395833333334,123,2,0.999261811023622,9.9375,3072,3072,0,1272,0,0,1,1,5350437283811107998
v16e_design_calibration_not_fresh_evidence,v16d,3407,61091,current_global,1570147095,wide_128_32_8,128,shuffled_clock,11,3072,3457,128,0,1266,495,0.36621347989586345,0.8568122649696268,24.0,0.30636475210088016,0.013671875,124,2,0.999507874015748,9.890625,3072,3072,0,1266,0,0,1,1,142165445278340859
v16e_design_calibration_not_fresh_evidence,v16d,3407,61091,current_global,1570147095,wide_128_32_8,128,shuffled_clock,12,3072,3457,128,0,1295,505,0.3746022562915823,0.8539195834538618,24.0,0.3062754979832975,0.014322916666666666,125,2,0.9993848425196851,10.1171875,3072,3072,0,1295,0,0,1,1,8859291795970217668
v16e_design_calibration_not_fresh_evidence,v16d,3407,61091,current_global,1570147095,wide_128_32_8,128,shuffled_clock,13,3072,3457,128,0,1271,508,0.36765982065374603,0.8530517789991322,24.0,0.3160721038040997,0.013997395833333334,123,2,0.9993848425196851,9.9296875,3072,3072,0,1271,0,0,1,1,15784287340884013742
v16e_design_calibration_not_fresh_evidence,v16d,3407,61091,current_global,1570147095,wide_128_32_8,128,shuffled_clock,14,3072,3457,128,0,1279,487,0.3699739658663581,0.8591264101822389,24.0,0.2938845185378442,0.0146484375,126,2,0.999753937007874,9.9921875,3072,3072,0,1279,0,0,1,1,5326184646722749749
v16e_design_calibration_not_fresh_evidence,v16d,3407,61091,current_global,1570147095,wide_128_32_8,128,shuffled_clock,15,3072,3457,128,0,1265,530,0.36592421174428696,0.8466878796644489,24.0,0.34490257541323777,0.014973958333333334,118,2,0.9980314960629921,9.8828125,3072,3072,0,1265,0,0,1,1,6238758135885978587
v16e_design_calibration_not_fresh_evidence,v16d,3407,61091,current_global,1570147095,wide_128_32_8,32,clock,-1,3072,3457,32,0,188,1542,0.05438241249638415,0.5539485102690194,96.0,0.7693243003001128,0.09016927083333333,32,1,1.0,5.875,3072,3072,0,188,0,0,1,1,
v16e_design_calibration_not_fresh_evidence,v16d,3407,61091,current_global,1570147095,wide_128_32_8,32,event_count,-1,3072,3457,32,0,242,1312,0.07000289268151577,0.620480185131617,96.0,0.0,0.03125,32,1,1.0,7.5625,3072,3072,0,242,0,0,1,1,
v16e_design_calibration_not_fresh_evidence,v16d,3407,61091,current_global,1570147095,wide_128_32_8,32,shuffled_clock,0,3072,3457,32,0,236,1351,0.0682672837720567,0.609198727220133,96.0,0.15897049217861955,0.040690104166666664,32,1,1.0,7.375,3072,3072,0,236,0,0,1,1,3579026034326177921
v16e_design_calibration_not_fresh_evidence,v16d,3407,61091,current_global,1570147095,wide_128_32_8,32,shuffled_clock,1,3072,3457,32,0,240,1321,0.06942435637836274,0.6178767717674284,96.0,0.1386731074677676,0.0400390625,32,1,1.0,7.5,3072,3072,0,240,0,0,1,1,7048550853585012372
v16e_design_calibration_not_fresh_evidence,v16d,3407,61091,current_global,1570147095,wide_128_32_8,32,shuffled_clock,2,3072,3457,32,0,240,1342,0.06942435637836274,0.6118021405843217,96.0,0.13184123958457436,0.0400390625,32,1,1.0,7.5,3072,3072,0,240,0,0,1,1,5475577552414507716
v16e_design_calibration_not_fresh_evidence,v16d,3407,61091,current_global,1570147095,wide_128_32_8,32,shuffled_clock,3,3072,3457,32,0,246,1337,0.07115996528782181,0.6132484813422042,96.0,0.1461929130687983,0.041015625,32,1,1.0,7.6875,3072,3072,0,246,0,0,1,1,7695349297225308246
v16e_design_calibration_not_fresh_evidence,v16d,3407,61091,current_global,1570147095,wide_128_32_8,32,shuffled_clock,4,3072,3457,32,0,240,1319,0.06942435637836274,0.6184553080705815,96.0,0.12477578457285136,0.039388020833333336,32,1,1.0,7.5,3072,3072,0,240,0,0,1,1,10941984398781230359
v16e_design_calibration_not_fresh_evidence,v16d,3407,61091,current_global,1570147095,wide_128_32_8,32,shuffled_clock,5,3072,3457,32,0,242,1326,0.07000289268151577,0.6164304310095459,96.0,0.15923448985649005,0.042317708333333336,32,1,1.0,7.5625,3072,3072,0,242,0,0,1,1,10896364880355508812
v16e_design_calibration_not_fresh_evidence,v16d,3407,61091,current_global,1570147095,wide_128_32_8,32,shuffled_clock,6,3072,3457,32,0,244,1346,0.07058142898466879,0.6106450679780157,96.0,0.1929102944905484,0.049479166666666664,32,1,1.0,7.625,3072,3072,0,244,0,0,1,1,4209822506575296063
v16e_design_calibration_not_fresh_evidence,v16d,3407,61091,current_global,1570147095,wide_128_32_8,32,shuffled_clock,7,3072,3457,32,0,241,1335,0.06971362452993925,0.6138270176453573,96.0,0.15420934457225677,0.041341145833333336,32,1,1.0,7.53125,3072,3072,0,241,0,0,1,1,9774118746797891454
v16e_design_calibration_not_fresh_evidence,v16d,3407,61091,current_global,1570147095,wide_128_32_8,32,shuffled_clock,8,3072,3457,32,0,239,1325,0.06913508822678623,0.6167196991611223,96.0,0.15704323737435472,0.044596354166666664,32,1,1.0,7.46875,3072,3072,0,239,0,0,1,1,3951790127400269806
v16e_design_calibration_not_fresh_evidence,v16d,3407,61091,current_global,1570147095,wide_128_32_8,32,shuffled_clock,9,3072,3457,32,0,239,1336,0.06913508822678623,0.6135377494937807,96.0,0.1575328164594563,0.0400390625,32,1,1.0,7.46875,3072,3072,0,239,0,0,1,1,2840548673746354765
v16e_design_calibration_not_fresh_evidence,v16d,3407,61091,current_global,1570147095,wide_128_32_8,32,shuffled_clock,10,3072,3457,32,0,242,1328,0.07000289268151577,0.6158518947063928,96.0,0.16468070822984227,0.0439453125,32,1,1.0,7.5625,3072,3072,0,242,0,0,1,1,8351532739694850686
v16e_design_calibration_not_fresh_evidence,v16d,3407,61091,current_global,1570147095,wide_128_32_8,32,shuffled_clock,11,3072,3457,32,0,241,1341,0.06971362452993925,0.6120914087358982,96.0,0.1317084287927457,0.041341145833333336,32,1,1.0,7.53125,3072,3072,0,241,0,0,1,1,4908983698136107892
v16e_design_calibration_not_fresh_evidence,v16d,3407,61091,current_global,1570147095,wide_128_32_8,32,shuffled_clock,12,3072,3457,32,0,236,1335,0.0682672837720567,0.6138270176453573,96.0,0.15930042091577365,0.0400390625,32,1,1.0,7.375,3072,3072,0,236,0,0,1,1,3159597531530458151
v16e_design_calibration_not_fresh_evidence,v16d,3407,61091,current_global,1570147095,wide_128_32_8,32,shuffled_clock,13,3072,3457,32,0,246,1346,0.07115996528782181,0.6106450679780157,96.0,0.18137007825641568,0.043294270833333336,32,1,1.0,7.6875,3072,3072,0,246,0,0,1,1,5658562466736605333
v16e_design_calibration_not_fresh_evidence,v16d,3407,61091,current_global,1570147095,wide_128_32_8,32,shuffled_clock,14,3072,3457,32,0,234,1338,0.06768874746890367,0.6129592131906277,96.0,0.15883832879799667,0.045572916666666664,32,1,1.0,7.3125,3072,3072,0,234,0,0,1,1,16519763754445414764
v16e_design_calibration_not_fresh_evidence,v16d,3407,61091,current_global,1570147095,wide_128_32_8,32,shuffled_clock,15,3072,3457,32,0,245,1342,0.0708706971362453,0.6118021405843217,96.0,0.17825552895254201,0.0400390625,32,1,1.0,7.65625,3072,3072,0,245,0,0,1,1,12052485162040707923
v16e_design_calibration_not_fresh_evidence,v16d,3407,61091,current_global,1570147095,wide_128_32_8,8,clock,-1,3072,3457,8,0,26,2792,0.007520971940989297,0.1923633207983801,384.0,0.7910520993329877,0.3043619791666667,8,1,1.0,3.25,3072,3072,0,26,0,0,1,1,
v16e_design_calibration_not_fresh_evidence,v16d,3407,61091,current_global,1570147095,wide_128_32_8,8,event_count,-1,3072,3457,8,0,26,2521,0.007520971940989297,0.2707549898756147,384.0,0.0,0.125,8,1,1.0,3.25,3072,3072,0,26,0,0,1,1,
v16e_design_calibration_not_fresh_evidence,v16d,3407,61091,current_global,1570147095,wide_128_32_8,8,shuffled_clock,0,3072,3457,8,0,27,2518,0.007810240092565809,0.27162279433034425,384.0,0.03794278110387832,0.13313802083333334,8,1,1.0,3.375,3072,3072,0,27,0,0,1,1,10919737313855834844
v16e_design_calibration_not_fresh_evidence,v16d,3407,61091,current_global,1570147095,wide_128_32_8,8,shuffled_clock,1,3072,3457,8,0,27,2517,0.007810240092565809,0.27191206248192074,384.0,0.06176715690095331,0.1396484375,8,1,1.0,3.375,3072,3072,0,27,0,0,1,1,3469707571969468472
v16e_design_calibration_not_fresh_evidence,v16d,3407,61091,current_global,1570147095,wide_128_32_8,8,shuffled_clock,2,3072,3457,8,0,26,2520,0.007520971940989297,0.27104425802719123,384.0,0.04730703678277331,0.13704427083333334,8,1,1.0,3.25,3072,3072,0,26,0,0,1,1,5738857997344980358
v16e_design_calibration_not_fresh_evidence,v16d,3407,61091,current_global,1570147095,wide_128_32_8,8,shuffled_clock,3,3072,3457,8,0,27,2511,0.007810240092565809,0.2736476713913798,384.0,0.07678665154928162,0.14420572916666666,8,1,1.0,3.375,3072,3072,0,27,0,0,1,1,3318792820628933797
v16e_design_calibration_not_fresh_evidence,v16d,3407,61091,current_global,1570147095,wide_128_32_8,8,shuffled_clock,4,3072,3457,8,0,26,2520,0.007520971940989297,0.27104425802719123,384.0,0.04510548978043952,0.130859375,8,1,1.0,3.25,3072,3072,0,26,0,0,1,1,6290038852757011015
v16e_design_calibration_not_fresh_evidence,v16d,3407,61091,current_global,1570147095,wide_128_32_8,8,shuffled_clock,5,3072,3457,8,0,27,2517,0.007810240092565809,0.27191206248192074,384.0,0.06384951771703849,0.13411458333333334,8,1,1.0,3.375,3072,3072,0,27,0,0,1,1,4612323860107581863
v16e_design_calibration_not_fresh_evidence,v16d,3407,61091,current_global,1570147095,wide_128_32_8,8,shuffled_clock,6,3072,3457,8,0,26,2507,0.007520971940989297,0.27480474399768584,384.0,0.08018127249135756,0.140625,8,1,1.0,3.25,3072,3072,0,26,0,0,1,1,413027657724659668
v16e_design_calibration_not_fresh_evidence,v16d,3407,61091,current_global,1570147095,wide_128_32_8,8,shuffled_clock,7,3072,3457,8,0,26,2520,0.007520971940989297,0.27104425802719123,384.0,0.05026590998230517,0.13639322916666666,8,1,1.0,3.25,3072,3072,0,26,0,0,1,1,15456535519544642458
v16e_design_calibration_not_fresh_evidence,v16d,3407,61091,current_global,1570147095,wide_128_32_8,8,shuffled_clock,8,3072,3457,8,0,26,2523,0.007520971940989297,0.2701764535724617,384.0,0.05265681300038147,0.13411458333333334,8,1,1.0,3.25,3072,3072,0,26,0,0,1,1,4643969960178736014
v16e_design_calibration_not_fresh_evidence,v16d,3407,61091,current_global,1570147095,wide_128_32_8,8,shuffled_clock,9,3072,3457,8,0,27,2506,0.007810240092565809,0.2750940121492624,384.0,0.09218686944901384,0.13704427083333334,8,1,1.0,3.375,3072,3072,0,27,0,0,1,1,8378458726193494945
v16e_design_calibration_not_fresh_evidence,v16d,3407,61091,current_global,1570147095,wide_128_32_8,8,shuffled_clock,10,3072,3457,8,0,26,2516,0.007520971940989297,0.2722013306334973,384.0,0.04954764997510533,0.13216145833333334,8,1,1.0,3.25,3072,3072,0,26,0,0,1,1,17683750732995539660
v16e_design_calibration_not_fresh_evidence,v16d,3407,61091,current_global,1570147095,wide_128_32_8,8,shuffled_clock,11,3072,3457,8,0,26,2516,0.007520971940989297,0.2722013306334973,384.0,0.0827265857873498,0.142578125,8,1,1.0,3.25,3072,3072,0,26,0,0,1,1,9949715355945511411
v16e_design_calibration_not_fresh_evidence,v16d,3407,61091,current_global,1570147095,wide_128_32_8,8,shuffled_clock,12,3072,3457,8,0,27,2521,0.007810240092565809,0.2707549898756147,384.0,0.0909276725857705,0.14290364583333334,8,1,1.0,3.375,3072,3072,0,27,0,0,1,1,15530682068827577852
v16e_design_calibration_not_fresh_evidence,v16d,3407,61091,current_global,1570147095,wide_128_32_8,8,shuffled_clock,13,3072,3457,8,0,26,2521,0.007520971940989297,0.2707549898756147,384.0,0.06360628057488842,0.13802083333333334,8,1,1.0,3.25,3072,3072,0,26,0,0,1,1,12301792451062451579
v16e_design_calibration_not_fresh_evidence,v16d,3407,61091,current_global,1570147095,wide_128_32_8,8,shuffled_clock,14,3072,3457,8,0,26,2521,0.007520971940989297,0.2707549898756147,384.0,0.05095504067935694,0.13509114583333334,8,1,1.0,3.25,3072,3072,0,26,0,0,1,1,7665331121379873071
v16e_design_calibration_not_fresh_evidence,v16d,3407,61091,current_global,1570147095,wide_128_32_8,8,shuffled_clock,15,3072,3457,8,0,26,2516,0.007520971940989297,0.2722013306334973,384.0,0.06713354930629184,0.1396484375,8,1,1.0,3.25,3072,3072,0,26,0,0,1,1,8305840333661087236
v16e_design_calibration_not_fresh_evidence,v16d,3407,61091,current_global,1570147095,compact_64_16_4,64,clock,-1,3072,3457,64,0,443,944,0.12814579114839456,0.7269308649117732,48.0,0.7751958988912727,0.05078125,64,1,1.0,6.921875,3072,3072,0,443,0,0,1,1,
v16e_design_calibration_not_fresh_evidence,v16d,3407,61091,current_global,1570147095,compact_64_16_4,64,event_count,-1,3072,3457,64,0,578,844,0.16719699161122362,0.7558576800694243,48.0,0.0,0.015625,64,1,1.0,9.03125,3072,3072,0,578,0,0,1,1,
v16e_design_calibration_not_fresh_evidence,v16d,3407,61091,current_global,1570147095,compact_64_16_4,64,shuffled_clock,0,3072,3457,64,0,586,857,0.1695111368238357,0.7520971940989297,48.0,0.24459546200874896,0.025716145833333332,64,1,1.0,9.15625,3072,3072,0,586,0,0,1,1,663259468933025983
v16e_design_calibration_not_fresh_evidence,v16d,3407,61091,current_global,1570147095,compact_64_16_4,64,shuffled_clock,1,3072,3457,64,0,566,838,0.16372577379230546,0.7575932889788835,48.0,0.22141470344010783,0.025065104166666668,64,1,1.0,8.84375,3072,3072,0,566,0,0,1,1,7037936439349608346
v16e_design_calibration_not_fresh_evidence,v16d,3407,61091,current_global,1570147095,compact_64_16_4,64,shuffled_clock,2,3072,3457,64,0,568,869,0.16430431009545848,0.7486259762800116,48.0,0.2130743612486419,0.0244140625,64,1,1.0,8.875,3072,3072,0,568,0,0,1,1,12870091821465469143
v16e_design_calibration_not_fresh_evidence,v16d,3407,61091,current_global,1570147095,compact_64_16_4,64,shuffled_clock,3,3072,3457,64,0,586,861,0.1695111368238357,0.7509401214926237,48.0,0.19212763752393644,0.022135416666666668,64,1,1.0,9.15625,3072,3072,0,586,0,0,1,1,11786180829067581015
v16e_design_calibration_not_fresh_evidence,v16d,3407,61091,current_global,1570147095,compact_64_16_4,64,shuffled_clock,4,3072,3457,64,0,565,851,0.16343650564072895,0.7538328030083887,48.0,0.21326827091526934,0.021158854166666668,64,1,1.0,8.828125,3072,3072,0,565,0,0,1,1,18031159026911635549
v16e_design_calibration_not_fresh_evidence,v16d,3407,61091,current_global,1570147095,compact_64_16_4,64,shuffled_clock,5,3072,3457,64,0,589,861,0.17037894127856523,0.7509401214926237,48.0,0.22685522619237505,0.026692708333333332,64,1,1.0,9.203125,3072,3072,0,589,0,0,1,1,3476902187438933941
v16e_design_calibration_not_fresh_evidence,v16d,3407,61091,current_global,1570147095,compact_64_16_4,64,shuffled_clock,6,3072,3457,64,0,581,851,0.16806479606595315,0.7538328030083887,48.0,0.2025656642289482,0.024739583333333332,64,1,1.0,9.078125,3072,3072,0,581,0,0,1,1,10523935114049932582
v16e_design_calibration_not_fresh_evidence,v16d,3407,61091,current_global,1570147095,compact_64_16_4,64,shuffled_clock,7,3072,3457,64,0,567,821,0.16401504194388197,0.7625108475556841,48.0,0.22560666791276793,0.022786458333333332,64,1,1.0,8.859375,3072,3072,0,567,0,0,1,1,6182453209078679280
v16e_design_calibration_not_fresh_evidence,v16d,3407,61091,current_global,1570147095,compact_64_16_4,64,shuffled_clock,8,3072,3457,64,0,570,824,0.1648828463986115,0.7616430431009545,48.0,0.23552682139808112,0.026041666666666668,64,1,1.0,8.90625,3072,3072,0,570,0,0,1,1,12500715263211195815
v16e_design_calibration_not_fresh_evidence,v16d,3407,61091,current_global,1570147095,compact_64_16_4,64,shuffled_clock,9,3072,3457,64,0,568,875,0.16430431009545848,0.7468903673705525,48.0,0.21637903170490438,0.0224609375,64,1,1.0,8.875,3072,3072,0,568,0,0,1,1,15384941818714401641
v16e_design_calibration_not_fresh_evidence,v16d,3407,61091,current_global,1570147095,compact_64_16_4,64,shuffled_clock,10,3072,3457,64,0,564,864,0.16314723748915244,0.7500723170378941,48.0,0.22903134532822608,0.0244140625,64,1,1.0,8.8125,3072,3072,0,564,0,0,1,1,13033799061342041603
v16e_design_calibration_not_fresh_evidence,v16d,3407,61091,current_global,1570147095,compact_64_16_4,64,shuffled_clock,11,3072,3457,64,0,583,861,0.16864333236910617,0.7509401214926237,48.0,0.21714182736690749,0.024088541666666668,64,1,1.0,9.109375,3072,3072,0,583,0,0,1,1,1963902000040778307
v16e_design_calibration_not_fresh_evidence,v16d,3407,61091,current_global,1570147095,compact_64_16_4,64,shuffled_clock,12,3072,3457,64,0,584,818,0.16893260052068268,0.7633786520104137,48.0,0.20981615157160197,0.0234375,64,1,1.0,9.125,3072,3072,0,584,0,0,1,1,18370451591471719468
v16e_design_calibration_not_fresh_evidence,v16d,3407,61091,current_global,1570147095,compact_64_16_4,64,shuffled_clock,13,3072,3457,64,0,571,843,0.16517211455018802,0.7561469482210008,48.0,0.2266425446237085,0.0224609375,64,1,1.0,8.921875,3072,3072,0,571,0,0,1,1,6308237271472914847
v16e_design_calibration_not_fresh_evidence,v16d,3407,61091,current_global,1570147095,compact_64_16_4,64,shuffled_clock,14,3072,3457,64,0,571,850,0.16517211455018802,0.7541220711599653,48.0,0.22761318094761884,0.022786458333333332,64,1,1.0,8.921875,3072,3072,0,571,0,0,1,1,15218886335505931386
v16e_design_calibration_not_fresh_evidence,v16d,3407,61091,current_global,1570147095,compact_64_16_4,64,shuffled_clock,15,3072,3457,64,0,575,858,0.16632918715649406,0.7518079259473532,48.0,0.24919955632234222,0.024088541666666668,64,1,1.0,8.984375,3072,3072,0,575,0,0,1,1,18311884539049794020
v16e_design_calibration_not_fresh_evidence,v16d,3407,61091,current_global,1570147095,compact_64_16_4,16,clock,-1,3072,3457,16,0,76,2222,0.02198437951981487,0.3572461671969916,192.0,0.7773932581247266,0.16341145833333334,16,1,1.0,4.75,3072,3072,0,76,0,0,1,1,
v16e_design_calibration_not_fresh_evidence,v16d,3407,61091,current_global,1570147095,compact_64_16_4,16,event_count,-1,3072,3457,16,0,93,1919,0.026901938096615563,0.4448944171246746,192.0,0.0,0.0625,16,1,1.0,5.8125,3072,3072,0,93,0,0,1,1,
v16e_design_calibration_not_fresh_evidence,v16d,3407,61091,current_global,1570147095,compact_64_16_4,16,shuffled_clock,0,3072,3457,16,0,92,1928,0.026612669945039052,0.44229100376048597,192.0,0.13297749827055816,0.07291666666666667,16,1,1.0,5.75,3072,3072,0,92,0,0,1,1,10931118239022109173
v16e_design_calibration_not_fresh_evidence,v16d,3407,61091,current_global,1570147095,compact_64_16_4,16,shuffled_clock,1,3072,3457,16,0,94,1927,0.027191206248192074,0.4425802719120625,192.0,0.08350676397531898,0.0732421875,16,1,1.0,5.875,3072,3072,0,94,0,0,1,1,6778926302096306125
v16e_design_calibration_not_fresh_evidence,v16d,3407,61091,current_global,1570147095,compact_64_16_4,16,shuffled_clock,2,3072,3457,16,0,92,1930,0.026612669945039052,0.44171246745733295,192.0,0.09520476227195392,0.07291666666666667,16,1,1.0,5.75,3072,3072,0,92,0,0,1,1,17781915666430387196
v16e_design_calibration_not_fresh_evidence,v16d,3407,61091,current_global,1570147095,compact_64_16_4,16,shuffled_clock,3,3072,3457,16,0,91,1939,0.02632340179346254,0.4391090540931443,192.0,0.15145417807229866,0.08235677083333333,16,1,1.0,5.6875,3072,3072,0,91,0,0,1,1,1186671717046203981
v16e_design_calibration_not_fresh_evidence,v16d,3407,61091,current_global,1570147095,compact_64_16_4,16,shuffled_clock,4,3072,3457,16,0,87,1947,0.025166329187156493,0.43679490888053224,192.0,0.15465622345610183,0.0791015625,16,1,1.0,5.4375,3072,3072,0,87,0,0,1,1,438783401313637887
v16e_design_calibration_not_fresh_evidence,v16d,3407,61091,current_global,1570147095,compact_64_16_4,16,shuffled_clock,5,3072,3457,16,0,92,1938,0.026612669945039052,0.43939832224472086,192.0,0.0943077544335369,0.07194010416666667,16,1,1.0,5.75,3072,3072,0,92,0,0,1,1,9856867178685560195
v16e_design_calibration_not_fresh_evidence,v16d,3407,61091,current_global,1570147095,compact_64_16_4,16,shuffled_clock,6,3072,3457,16,0,93,1924,0.026901938096615563,0.443448076366792,192.0,0.09706708853121086,0.07486979166666667,16,1,1.0,5.8125,3072,3072,0,93,0,0,1,1,1561455151645064092
v16e_design_calibration_not_fresh_evidence,v16d,3407,61091,current_global,1570147095,compact_64_16_4,16,shuffled_clock,7,3072,3457,16,0,98,1931,0.02834827885449812,0.4414231993057564,192.0,0.1297143407075146,0.07649739583333333,16,1,1.0,6.125,3072,3072,0,98,0,0,1,1,16784130844162044076
v16e_design_calibration_not_fresh_evidence,v16d,3407,61091,current_global,1570147095,compact_64_16_4,16,shuffled_clock,8,3072,3457,16,0,92,1924,0.026612669945039052,0.443448076366792,192.0,0.13134916888456763,0.078125,16,1,1.0,5.75,3072,3072,0,92,0,0,1,1,15115358626004106935
v16e_design_calibration_not_fresh_evidence,v16d,3407,61091,current_global,1570147095,compact_64_16_4,16,shuffled_clock,9,3072,3457,16,0,98,1919,0.02834827885449812,0.4448944171246746,192.0,0.09894919548453658,0.07161458333333333,16,1,1.0,6.125,3072,3072,0,98,0,0,1,1,10632693005408101533
v16e_design_calibration_not_fresh_evidence,v16d,3407,61091,current_global,1570147095,compact_64_16_4,16,shuffled_clock,10,3072,3457,16,0,92,1935,0.026612669945039052,0.44026612669945037,192.0,0.14362162141853466,0.07747395833333333,16,1,1.0,5.75,3072,3072,0,92,0,0,1,1,11647609649526907312
v16e_design_calibration_not_fresh_evidence,v16d,3407,61091,current_global,1570147095,compact_64_16_4,16,shuffled_clock,11,3072,3457,16,0,90,1921,0.026034133641886028,0.44431588082152157,192.0,0.15452754309207817,0.08528645833333333,16,1,1.0,5.625,3072,3072,0,90,0,0,1,1,2376726400572262915
v16e_design_calibration_not_fresh_evidence,v16d,3407,61091,current_global,1570147095,compact_64_16_4,16,shuffled_clock,12,3072,3457,16,0,93,1923,0.026901938096615563,0.44373734451836855,192.0,0.12439087698773482,0.07779947916666667,16,1,1.0,5.8125,3072,3072,0,93,0,0,1,1,8001250238253228094
v16e_design_calibration_not_fresh_evidence,v16d,3407,61091,current_global,1570147095,compact_64_16_4,16,shuffled_clock,13,3072,3457,16,0,93,1922,0.026901938096615563,0.44402661266994503,192.0,0.10324242753147851,0.07356770833333333,16,1,1.0,5.8125,3072,3072,0,93,0,0,1,1,17719338861875709722
v16e_design_calibration_not_fresh_evidence,v16d,3407,61091,current_global,1570147095,compact_64_16_4,16,shuffled_clock,14,3072,3457,16,0,95,1927,0.027480474399768584,0.4425802719120625,192.0,0.09451845547789027,0.07584635416666667,16,1,1.0,5.9375,3072,3072,0,95,0,0,1,1,1758749516256801503
v16e_design_calibration_not_fresh_evidence,v16d,3407,61091,current_global,1570147095,compact_64_16_4,16,shuffled_clock,15,3072,3457,16,0,93,1927,0.026901938096615563,0.4425802719120625,192.0,0.12052162861064798,0.07779947916666667,16,1,1.0,5.8125,3072,3072,0,93,0,0,1,1,3979689209249020447
v16e_design_calibration_not_fresh_evidence,v16d,3407,61091,current_global,1570147095,compact_64_16_4,4,clock,-1,3072,3457,4,0,6,3124,0.0017356089094590686,0.0963262944749783,768.0,0.8310563238154126,0.5374348958333334,4,1,1.0,1.5,3072,3072,0,6,0,0,1,1,
v16e_design_calibration_not_fresh_evidence,v16d,3407,61091,current_global,1570147095,compact_64_16_4,4,event_count,-1,3072,3457,4,0,6,2962,0.0017356089094590686,0.14318773503037316,768.0,0.0,0.25,4,1,1.0,1.5,3072,3072,0,6,0,0,1,1,
v16e_design_calibration_not_fresh_evidence,v16d,3407,61091,current_global,1570147095,compact_64_16_4,4,shuffled_clock,0,3072,3457,4,0,6,2963,0.0017356089094590686,0.14289846687879665,768.0,0.0320005357485534,0.2561848958333333,4,1,1.0,1.5,3072,3072,0,6,0,0,1,1,5004083840825206101
v16e_design_calibration_not_fresh_evidence,v16d,3407,61091,current_global,1570147095,compact_64_16_4,4,shuffled_clock,1,3072,3457,4,0,6,2944,0.0017356089094590686,0.14839456175875035,768.0,0.051767706841654854,0.2659505208333333,4,1,1.0,1.5,3072,3072,0,6,0,0,1,1,4088373110268328967
v16e_design_calibration_not_fresh_evidence,v16d,3407,61091,current_global,1570147095,compact_64_16_4,4,shuffled_clock,2,3072,3457,4,0,6,2961,0.0017356089094590686,0.14347700318194967,768.0,0.1099264784154787,0.2884114583333333,4,1,1.0,1.5,3072,3072,0,6,0,0,1,1,3962853973259883435
v16e_design_calibration_not_fresh_evidence,v16d,3407,61091,current_global,1570147095,compact_64_16_4,4,shuffled_clock,3,3072,3457,4,0,6,2932,0.0017356089094590686,0.1518657795776685,768.0,0.05714351108721794,0.2685546875,4,1,1.0,1.5,3072,3072,0,6,0,0,1,1,7507791365329755690
v16e_design_calibration_not_fresh_evidence,v16d,3407,61091,current_global,1570147095,compact_64_16_4,4,shuffled_clock,4,3072,3457,4,0,6,2950,0.0017356089094590686,0.14665895284929129,768.0,0.04184261894095496,0.2643229166666667,4,1,1.0,1.5,3072,3072,0,6,0,0,1,1,2407494118129887494
v16e_design_calibration_not_fresh_evidence,v16d,3407,61091,current_global,1570147095,compact_64_16_4,4,shuffled_clock,5,3072,3457,4,0,6,2967,0.0017356089094590686,0.1417413942724906,768.0,0.05628655897852985,0.2685546875,4,1,1.0,1.5,3072,3072,0,6,0,0,1,1,5448227760568363335
v16e_design_calibration_not_fresh_evidence,v16d,3407,61091,current_global,1570147095,compact_64_16_4,4,shuffled_clock,6,3072,3457,4,0,6,2967,0.0017356089094590686,0.1417413942724906,768.0,0.07433668140270719,0.2760416666666667,4,1,1.0,1.5,3072,3072,0,6,0,0,1,1,13139977250065234406
v16e_design_calibration_not_fresh_evidence,v16d,3407,61091,current_global,1570147095,compact_64_16_4,4,shuffled_clock,7,3072,3457,4,0,6,2958,0.0017356089094590686,0.1443448076366792,768.0,0.06097124837079784,0.2639973958333333,4,1,1.0,1.5,3072,3072,0,6,0,0,1,1,4739442524500082038
v16e_design_calibration_not_fresh_evidence,v16d,3407,61091,current_global,1570147095,compact_64_16_4,4,shuffled_clock,8,3072,3457,4,0,6,2967,0.0017356089094590686,0.1417413942724906,768.0,0.03559557040592478,0.2561848958333333,4,1,1.0,1.5,3072,3072,0,6,0,0,1,1,9679500432897543475
v16e_design_calibration_not_fresh_evidence,v16d,3407,61091,current_global,1570147095,compact_64_16_4,4,shuffled_clock,9,3072,3457,4,0,6,2955,0.0017356089094590686,0.14521261209140873,768.0,0.04102423575839269,0.2607421875,4,1,1.0,1.5,3072,3072,0,6,0,0,1,1,15389965083606852861
v16e_design_calibration_not_fresh_evidence,v16d,3407,61091,current_global,1570147095,compact_64_16_4,4,shuffled_clock,10,3072,3457,4,0,6,2942,0.0017356089094590686,0.1489730980619034,768.0,0.05976359193770314,0.2701822916666667,4,1,1.0,1.5,3072,3072,0,6,0,0,1,1,5462623960559753523
v16e_design_calibration_not_fresh_evidence,v16d,3407,61091,current_global,1570147095,compact_64_16_4,4,shuffled_clock,11,3072,3457,4,0,6,2970,0.0017356089094590686,0.14087358981776107,768.0,0.08316361841371524,0.2776692708333333,4,1,1.0,1.5,3072,3072,0,6,0,0,1,1,1805401661989056210
v16e_design_calibration_not_fresh_evidence,v16d,3407,61091,current_global,1570147095,compact_64_16_4,4,shuffled_clock,12,3072,3457,4,0,6,2947,0.0017356089094590686,0.14752675730402082,768.0,0.04717544532680542,0.263671875,4,1,1.0,1.5,3072,3072,0,6,0,0,1,1,13925625565177299390
v16e_design_calibration_not_fresh_evidence,v16d,3407,61091,current_global,1570147095,compact_64_16_4,4,shuffled_clock,13,3072,3457,4,0,6,2957,0.0017356089094590686,0.1446340757882557,768.0,0.031141304018493226,0.2594401041666667,4,1,1.0,1.5,3072,3072,0,6,0,0,1,1,12128269543574779468
v16e_design_calibration_not_fresh_evidence,v16d,3407,61091,current_global,1570147095,compact_64_16_4,4,shuffled_clock,14,3072,3457,4,0,6,2958,0.0017356089094590686,0.1443448076366792,768.0,0.07840661050689894,0.2705078125,4,1,1.0,1.5,3072,3072,0,6,0,0,1,1,3591470974515759383
v16e_design_calibration_not_fresh_evidence,v16d,3407,61091,current_global,1570147095,compact_64_16_4,4,shuffled_clock,15,3072,3457,4,0,6,2956,0.0017356089094590686,0.14492334393983222,768.0,0.020914555213813815,0.2545572916666667,4,1,1.0,1.5,3072,3072,0,6,0,0,1,1,1299067941049648827
v16e_design_calibration_not_fresh_evidence,v16d,3407,61091,exposure_matched_local,1670147095,wide_128_32_8,128,clock,-1,3072,3633,128,0,1129,470,0.3107624552711258,0.8706303330580787,24.0,0.7769297651766843,0.0244140625,118,2,0.9984005905511811,8.8203125,3072,3072,0,1129,0,0,1,1,
v16e_design_calibration_not_fresh_evidence,v16d,3407,61091,exposure_matched_local,1670147095,wide_128_32_8,128,event_count,-1,3072,3633,128,0,1491,428,0.41040462427745666,0.8821910266996972,24.0,0.0,0.0078125,124,2,0.9993848425196851,11.6484375,3072,3072,0,1491,0,0,1,1,
v16e_design_calibration_not_fresh_evidence,v16d,3407,61091,exposure_matched_local,1670147095,wide_128_32_8,128,shuffled_clock,0,3072,3633,128,0,1451,443,0.3993944398568676,0.8780622075419763,24.0,0.28500548719986646,0.014322916666666666,123,2,0.9990157480314961,11.3359375,3072,3072,0,1451,0,0,1,1,18352824192216009806
v16e_design_calibration_not_fresh_evidence,v16d,3407,61091,exposure_matched_local,1670147095,wide_128_32_8,128,shuffled_clock,1,3072,3633,128,0,1446,456,0.39801816680429397,0.8744838976052849,24.0,0.2902336374448385,0.014973958333333334,126,2,0.999507874015748,11.296875,3072,3072,0,1446,0,0,1,1,6134462692710440428
v16e_design_calibration_not_fresh_evidence,v16d,3407,61091,exposure_matched_local,1670147095,wide_128_32_8,128,shuffled_clock,2,3072,3633,128,0,1433,453,0.3944398568676025,0.8753096614368291,24.0,0.31083876030530116,0.013346354166666666,121,2,0.9990157480314961,11.1953125,3072,3072,0,1433,0,0,1,1,17865126579267462959
v16e_design_calibration_not_fresh_evidence,v16d,3407,61091,exposure_matched_local,1670147095,wide_128_32_8,128,shuffled_clock,3,3072,3633,128,0,1439,469,0.39609138453069087,0.8709055876685935,24.0,0.30290948438524284,0.013997395833333334,122,2,0.999261811023622,11.2421875,3072,3072,0,1439,0,0,1,1,8710775828009890617
v16e_design_calibration_not_fresh_evidence,v16d,3407,61091,exposure_matched_local,1670147095,wide_128_32_8,128,shuffled_clock,4,3072,3633,128,0,1428,459,0.3930635838150289,0.8736581337737407,24.0,0.3125492087240275,0.013997395833333334,117,3,0.9977854330708661,11.15625,3072,3072,0,1428,0,0,1,1,9870497474193050344
v16e_design_calibration_not_fresh_evidence,v16d,3407,61091,exposure_matched_local,1670147095,wide_128_32_8,128,shuffled_clock,5,3072,3633,128,0,1410,454,0.38810900082576383,0.8750344068263144,24.0,0.3432736996856707,0.014973958333333334,123,2,0.9988927165354331,11.015625,3072,3072,0,1410,0,0,1,1,17470596845420048456
v16e_design_calibration_not_fresh_evidence,v16d,3407,61091,exposure_matched_local,1670147095,wide_128_32_8,128,shuffled_clock,6,3072,3633,128,0,1436,456,0.3952656206991467,0.8744838976052849,24.0,0.31407629568316875,0.013346354166666666,125,2,0.999630905511811,11.21875,3072,3072,0,1436,0,0,1,1,7226612676423270299
v16e_design_calibration_not_fresh_evidence,v16d,3407,61091,exposure_matched_local,1670147095,wide_128_32_8,128,shuffled_clock,7,3072,3633,128,0,1424,465,0.39196256537297,0.8720066061106524,24.0,0.31425034739820895,0.014973958333333334,123,2,0.999138779527559,11.125,3072,3072,0,1424,0,0,1,1,13106039686017168524
v16e_design_calibration_not_fresh_evidence,v16d,3407,61091,exposure_matched_local,1670147095,wide_128_32_8,128,shuffled_clock,8,3072,3633,128,0,1427,459,0.3927883292045142,0.8736581337737407,24.0,0.30752269830656936,0.015299479166666666,123,2,0.999138779527559,11.1484375,3072,3072,0,1427,0,0,1,1,8957570198785722697
v16e_design_calibration_not_fresh_evidence,v16d,3407,61091,exposure_matched_local,1670147095,wide_128_32_8,128,shuffled_clock,9,3072,3633,128,0,1443,472,0.39719240297274977,0.8700798238370493,24.0,0.302005544785795,0.014322916666666666,119,2,0.9982775590551181,11.2734375,3072,3072,0,1443,0,0,1,1,17739533717801014043
v16e_design_calibration_not_fresh_evidence,v16d,3407,61091,exposure_matched_local,1670147095,wide_128_32_8,128,shuffled_clock,10,3072,3633,128,0,1434,445,0.3947151114781173,0.8775116983209469,24.0,0.3071223648346491,0.015299479166666666,126,2,0.999507874015748,11.203125,3072,3072,0,1434,0,0,1,1,13709804686773544658
v16e_design_calibration_not_fresh_evidence,v16d,3407,61091,exposure_matched_local,1670147095,wide_128_32_8,128,shuffled_clock,11,3072,3633,128,0,1399,462,0.38508120011010183,0.8728323699421965,24.0,0.34825524373030164,0.017252604166666668,122,2,0.9986466535433071,10.9296875,3072,3072,0,1399,0,0,1,1,11057305684832851673
v16e_design_calibration_not_fresh_evidence,v16d,3407,61091,exposure_matched_local,1670147095,wide_128_32_8,128,shuffled_clock,12,3072,3633,128,0,1432,461,0.3941646022570878,0.8731076245527113,24.0,0.31127823282831857,0.013997395833333334,123,2,0.999261811023622,11.1875,3072,3072,0,1432,0,0,1,1,6512825900679288629
v16e_design_calibration_not_fresh_evidence,v16d,3407,61091,exposure_matched_local,1670147095,wide_128_32_8,128,shuffled_clock,13,3072,3633,128,0,1432,462,0.3941646022570878,0.8728323699421965,24.0,0.32916521312679503,0.016927083333333332,122,2,0.99876968503937,11.1875,3072,3072,0,1432,0,0,1,1,6852803714916999951
v16e_design_calibration_not_fresh_evidence,v16d,3407,61091,exposure_matched_local,1670147095,wide_128_32_8,128,shuffled_clock,14,3072,3633,128,0,1430,451,0.3936140930360584,0.8758601706578585,24.0,0.3007354647734923,0.014322916666666666,120,2,0.99876968503937,11.171875,3072,3072,0,1430,0,0,1,1,14746252156689003487
v16e_design_calibration_not_fresh_evidence,v16d,3407,61091,exposure_matched_local,1670147095,wide_128_32_8,128,shuffled_clock,15,3072,3633,128,0,1438,469,0.3958161299201762,0.8709055876685935,24.0,0.36354252447837787,0.014973958333333334,119,3,0.9979084645669292,11.234375,3072,3072,0,1438,0,0,1,1,16043707024871460839
v16e_design_calibration_not_fresh_evidence,v16d,3407,61091,exposure_matched_local,1670147095,wide_128_32_8,32,clock,-1,3072,3633,32,0,235,1450,0.06468483347096064,0.6008808147536471,96.0,0.7607641163794526,0.083984375,32,1,1.0,7.34375,3072,3072,0,235,0,0,1,1,
v16e_design_calibration_not_fresh_evidence,v16d,3407,61091,exposure_matched_local,1670147095,wide_128_32_8,32,event_count,-1,3072,3633,32,0,293,1241,0.08064960088081476,0.6584090283512248,96.0,0.0,0.03125,32,1,1.0,9.15625,3072,3072,0,293,0,0,1,1,
v16e_design_calibration_not_fresh_evidence,v16d,3407,61091,exposure_matched_local,1670147095,wide_128_32_8,32,shuffled_clock,0,3072,3633,32,0,306,1241,0.08422791081750619,0.6584090283512248,96.0,0.13692041418571788,0.040364583333333336,32,1,1.0,9.5625,3072,3072,0,306,0,0,1,1,10957865364897558148
v16e_design_calibration_not_fresh_evidence,v16d,3407,61091,exposure_matched_local,1670147095,wide_128_32_8,32,shuffled_clock,1,3072,3633,32,0,312,1260,0.08587943848059455,0.653179190751445,96.0,0.18573693193682472,0.046875,32,1,1.0,9.75,3072,3072,0,312,0,0,1,1,2799705284051798433
v16e_design_calibration_not_fresh_evidence,v16d,3407,61091,exposure_matched_local,1670147095,wide_128_32_8,32,shuffled_clock,2,3072,3633,32,0,299,1248,0.0823011285439031,0.6564822460776218,96.0,0.17183681149551813,0.041341145833333336,32,1,1.0,9.34375,3072,3072,0,299,0,0,1,1,9488326417410457633
v16e_design_calibration_not_fresh_evidence,v16d,3407,61091,exposure_matched_local,1670147095,wide_128_32_8,32,shuffled_clock,3,3072,3633,32,0,306,1266,0.08422791081750619,0.6515276630883567,96.0,0.16165603140940776,0.039388020833333336,32,1,1.0,9.5625,3072,3072,0,306,0,0,1,1,15037479237578414194
v16e_design_calibration_not_fresh_evidence,v16d,3407,61091,exposure_matched_local,1670147095,wide_128_32_8,32,shuffled_clock,4,3072,3633,32,0,303,1257,0.08340214698596202,0.6540049545829892,96.0,0.16645652074187733,0.0419921875,32,1,1.0,9.46875,3072,3072,0,303,0,0,1,1,12919021303454634775
v16e_design_calibration_not_fresh_evidence,v16d,3407,61091,exposure_matched_local,1670147095,wide_128_32_8,32,shuffled_clock,5,3072,3633,32,0,295,1247,0.0812001101018442,0.6567575006881365,96.0,0.16202370230162896,0.038736979166666664,32,1,1.0,9.21875,3072,3072,0,295,0,0,1,1,12766678458306412114
v16e_design_calibration_not_fresh_evidence,v16d,3407,61091,exposure_matched_local,1670147095,wide_128_32_8,32,shuffled_clock,6,3072,3633,32,0,302,1261,0.08312689237544729,0.6529039361409303,96.0,0.10841472335501008,0.038736979166666664,32,1,1.0,9.4375,3072,3072,0,302,0,0,1,1,9497773031951945231
v16e_design_calibration_not_fresh_evidence,v16d,3407,61091,exposure_matched_local,1670147095,wide_128_32_8,32,shuffled_clock,7,3072,3633,32,0,296,1261,0.08147536471235893,0.6529039361409303,96.0,0.13034602934340347,0.041341145833333336,32,1,1.0,9.25,3072,3072,0,296,0,0,1,1,17547616685720906444
v16e_design_calibration_not_fresh_evidence,v16d,3407,61091,exposure_matched_local,1670147095,wide_128_32_8,32,shuffled_clock,8,3072,3633,32,0,297,1272,0.08175061932287365,0.6498761354252683,96.0,0.16359313192680208,0.044596354166666664,32,1,1.0,9.28125,3072,3072,0,297,0,0,1,1,11772952870841559345
v16e_design_calibration_not_fresh_evidence,v16d,3407,61091,exposure_matched_local,1670147095,wide_128_32_8,32,shuffled_clock,9,3072,3633,32,0,298,1275,0.08202587393338838,0.6490503715937241,96.0,0.12711032235888323,0.0380859375,32,1,1.0,9.3125,3072,3072,0,298,0,0,1,1,13766660280091743695
v16e_design_calibration_not_fresh_evidence,v16d,3407,61091,exposure_matched_local,1670147095,wide_128_32_8,32,shuffled_clock,10,3072,3633,32,0,304,1300,0.08367740159647674,0.642169006330856,96.0,0.13704817423421553,0.0390625,32,1,1.0,9.5,3072,3072,0,304,0,0,1,1,10223193039648264584
v16e_design_calibration_not_fresh_evidence,v16d,3407,61091,exposure_matched_local,1670147095,wide_128_32_8,32,shuffled_clock,11,3072,3633,32,0,292,1261,0.08037434627030003,0.6529039361409303,96.0,0.16664566399924452,0.041015625,32,1,1.0,9.125,3072,3072,0,292,0,0,1,1,4965902924947168554
v16e_design_calibration_not_fresh_evidence,v16d,3407,61091,exposure_matched_local,1670147095,wide_128_32_8,32,shuffled_clock,12,3072,3633,32,0,300,1243,0.08257638315441784,0.6578585191301954,96.0,0.15623879888166595,0.041015625,32,1,1.0,9.375,3072,3072,0,300,0,0,1,1,11659402803182899089
v16e_design_calibration_not_fresh_evidence,v16d,3407,61091,exposure_matched_local,1670147095,wide_128_32_8,32,shuffled_clock,13,3072,3633,32,0,294,1261,0.08092485549132948,0.6529039361409303,96.0,0.1799557517298215,0.043294270833333336,32,1,1.0,9.1875,3072,3072,0,294,0,0,1,1,8689680738730666756
v16e_design_calibration_not_fresh_evidence,v16d,3407,61091,exposure_matched_local,1670147095,wide_128_32_8,32,shuffled_clock,14,3072,3633,32,0,309,1257,0.08505367464905036,0.6540049545829892,96.0,0.16752550894402143,0.042317708333333336,32,1,1.0,9.65625,3072,3072,0,309,0,0,1,1,17013835396896550477
v16e_design_calibration_not_fresh_evidence,v16d,3407,61091,exposure_matched_local,1670147095,wide_128_32_8,32,shuffled_clock,15,3072,3633,32,0,301,1266,0.08285163776493257,0.6515276630883567,96.0,0.16785947490508893,0.042317708333333336,32,1,1.0,9.40625,3072,3072,0,301,0,0,1,1,16433717875408060843
v16e_design_calibration_not_fresh_evidence,v16d,3407,61091,exposure_matched_local,1670147095,wide_128_32_8,8,clock,-1,3072,3633,8,0,25,2775,0.006881365262868153,0.236168455821635,384.0,0.7715657214874212,0.2994791666666667,8,1,1.0,3.125,3072,3072,0,25,0,0,1,1,
v16e_design_calibration_not_fresh_evidence,v16d,3407,61091,exposure_matched_local,1670147095,wide_128_32_8,8,event_count,-1,3072,3633,8,0,28,2476,0.007707129094412331,0.3184695843655381,384.0,0.0,0.125,8,1,1.0,3.5,3072,3072,0,28,0,0,1,1,
v16e_design_calibration_not_fresh_evidence,v16d,3407,61091,exposure_matched_local,1670147095,wide_128_32_8,8,shuffled_clock,0,3072,3633,8,0,28,2493,0.007707129094412331,0.3137902559867878,384.0,0.1112805240584453,0.14322916666666666,8,1,1.0,3.5,3072,3072,0,28,0,0,1,1,18216741862032145984
v16e_design_calibration_not_fresh_evidence,v16d,3407,61091,exposure_matched_local,1670147095,wide_128_32_8,8,shuffled_clock,1,3072,3633,8,0,28,2476,0.007707129094412331,0.3184695843655381,384.0,0.07433776745796795,0.14322916666666666,8,1,1.0,3.5,3072,3072,0,28,0,0,1,1,17886714817124635814
v16e_design_calibration_not_fresh_evidence,v16d,3407,61091,exposure_matched_local,1670147095,wide_128_32_8,8,shuffled_clock,2,3072,3633,8,0,28,2486,0.007707129094412331,0.3157170382603909,384.0,0.06481333851304336,0.1328125,8,1,1.0,3.5,3072,3072,0,28,0,0,1,1,16741901450294989814
v16e_design_calibration_not_fresh_evidence,v16d,3407,61091,exposure_matched_local,1670147095,wide_128_32_8,8,shuffled_clock,3,3072,3633,8,0,28,2473,0.007707129094412331,0.3192953481970823,384.0,0.05405494430640229,0.1337890625,8,1,1.0,3.5,3072,3072,0,28,0,0,1,1,16871338663287207078
v16e_design_calibration_not_fresh_evidence,v16d,3407,61091,exposure_matched_local,1670147095,wide_128_32_8,8,shuffled_clock,4,3072,3633,8,0,28,2498,0.007707129094412331,0.31241398293421413,384.0,0.0922078854915641,0.14127604166666666,8,1,1.0,3.5,3072,3072,0,28,0,0,1,1,11477824694539131085
v16e_design_calibration_not_fresh_evidence,v16d,3407,61091,exposure_matched_local,1670147095,wide_128_32_8,8,shuffled_clock,5,3072,3633,8,0,28,2495,0.007707129094412331,0.31323974676575833,384.0,0.08719654010993129,0.13736979166666666,8,1,1.0,3.5,3072,3072,0,28,0,0,1,1,4811457642429905225
v16e_design_calibration_not_fresh_evidence,v16d,3407,61091,exposure_matched_local,1670147095,wide_128_32_8,8,shuffled_clock,6,3072,3633,8,0,28,2493,0.007707129094412331,0.3137902559867878,384.0,0.08517314298365586,0.14778645833333334,8,1,1.0,3.5,3072,3072,0,28,0,0,1,1,3370261081975021504
v16e_design_calibration_not_fresh_evidence,v16d,3407,61091,exposure_matched_local,1670147095,wide_128_32_8,8,shuffled_clock,7,3072,3633,8,0,28,2461,0.007707129094412331,0.322598403523259,384.0,0.09045764857388165,0.140625,8,1,1.0,3.5,3072,3072,0,28,0,0,1,1,12588610155768693540
v16e_design_calibration_not_fresh_evidence,v16d,3407,61091,exposure_matched_local,1670147095,wide_128_32_8,8,shuffled_clock,8,3072,3633,8,0,28,2492,0.007707129094412331,0.3140655105973025,384.0,0.0770008406725908,0.14420572916666666,8,1,1.0,3.5,3072,3072,0,28,0,0,1,1,9530077411374667657
v16e_design_calibration_not_fresh_evidence,v16d,3407,61091,exposure_matched_local,1670147095,wide_128_32_8,8,shuffled_clock,9,3072,3633,8,0,28,2478,0.007707129094412331,0.3179190751445087,384.0,0.07277036768967486,0.140625,8,1,1.0,3.5,3072,3072,0,28,0,0,1,1,1740227993814257911
v16e_design_calibration_not_fresh_evidence,v16d,3407,61091,exposure_matched_local,1670147095,wide_128_32_8,8,shuffled_clock,10,3072,3633,8,0,28,2507,0.007707129094412331,0.30993669143958164,384.0,0.07398505134431303,0.134765625,8,1,1.0,3.5,3072,3072,0,28,0,0,1,1,8906507033779497150
v16e_design_calibration_not_fresh_evidence,v16d,3407,61091,exposure_matched_local,1670147095,wide_128_32_8,8,shuffled_clock,11,3072,3633,8,0,28,2457,0.007707129094412331,0.3236994219653179,384.0,0.1103099214478973,0.14713541666666666,8,1,1.0,3.5,3072,3072,0,28,0,0,1,1,805021711732162880
v16e_design_calibration_not_fresh_evidence,v16d,3407,61091,exposure_matched_local,1670147095,wide_128_32_8,8,shuffled_clock,12,3072,3633,8,0,28,2496,0.007707129094412331,0.3129644921552436,384.0,0.08780550055423274,0.1416015625,8,1,1.0,3.5,3072,3072,0,28,0,0,1,1,16662975833554601685
v16e_design_calibration_not_fresh_evidence,v16d,3407,61091,exposure_matched_local,1670147095,wide_128_32_8,8,shuffled_clock,13,3072,3633,8,0,28,2481,0.007707129094412331,0.3170933113129645,384.0,0.10147183835022701,0.1416015625,8,1,1.0,3.5,3072,3072,0,28,0,0,1,1,2275424681170592538
v16e_design_calibration_not_fresh_evidence,v16d,3407,61091,exposure_matched_local,1670147095,wide_128_32_8,8,shuffled_clock,14,3072,3633,8,0,28,2481,0.007707129094412331,0.3170933113129645,384.0,0.07747747528531955,0.1416015625,8,1,1.0,3.5,3072,3072,0,28,0,0,1,1,17853292468235805163
v16e_design_calibration_not_fresh_evidence,v16d,3407,61091,exposure_matched_local,1670147095,wide_128_32_8,8,shuffled_clock,15,3072,3633,8,0,28,2485,0.007707129094412331,0.3159922928709056,384.0,0.09677053699529181,0.13509114583333334,8,1,1.0,3.5,3072,3072,0,28,0,0,1,1,17727399125108586672
v16e_design_calibration_not_fresh_evidence,v16d,3407,61091,exposure_matched_local,1670147095,compact_64_16_4,64,clock,-1,3072,3633,64,0,530,881,0.14588494357280485,0.7575006881365263,48.0,0.766481890546773,0.046549479166666664,64,1,1.0,8.28125,3072,3072,0,530,0,0,1,1,
v16e_design_calibration_not_fresh_evidence,v16d,3407,61091,exposure_matched_local,1670147095,compact_64_16_4,64,event_count,-1,3072,3633,64,0,692,763,0.19047619047619047,0.789980732177264,48.0,0.0,0.015625,64,1,1.0,10.8125,3072,3072,0,692,0,0,1,1,
v16e_design_calibration_not_fresh_evidence,v16d,3407,61091,exposure_matched_local,1670147095,compact_64_16_4,64,shuffled_clock,0,3072,3633,64,0,674,773,0.1855216074869254,0.7872281860721168,48.0,0.24683847512945142,0.023111979166666668,64,1,1.0,10.53125,3072,3072,0,674,0,0,1,1,4889603633404344445
v16e_design_calibration_not_fresh_evidence,v16d,3407,61091,exposure_matched_local,1670147095,compact_64_16_4,64,shuffled_clock,1,3072,3633,64,0,681,775,0.1874483897605285,0.7866776768510872,48.0,0.23358829607557838,0.0244140625,64,1,1.0,10.640625,3072,3072,0,681,0,0,1,1,14318230937937348001
v16e_design_calibration_not_fresh_evidence,v16d,3407,61091,exposure_matched_local,1670147095,compact_64_16_4,64,shuffled_clock,2,3072,3633,64,0,687,803,0.18909991742361684,0.778970547756675,48.0,0.23794224581960854,0.023763020833333332,64,1,1.0,10.734375,3072,3072,0,687,0,0,1,1,2192960078926694667
v16e_design_calibration_not_fresh_evidence,v16d,3407,61091,exposure_matched_local,1670147095,compact_64_16_4,64,shuffled_clock,3,3072,3633,64,0,676,772,0.18607211670795487,0.7875034406826315,48.0,0.21730040609787138,0.023763020833333332,64,1,1.0,10.5625,3072,3072,0,676,0,0,1,1,14006012470008457631
v16e_design_calibration_not_fresh_evidence,v16d,3407,61091,exposure_matched_local,1670147095,compact_64_16_4,64,shuffled_clock,4,3072,3633,64,0,692,800,0.19047619047619047,0.779796311588219,48.0,0.2187854279701084,0.024088541666666668,64,1,1.0,10.8125,3072,3072,0,692,0,0,1,1,12738416572605463771
v16e_design_calibration_not_fresh_evidence,v16d,3407,61091,exposure_matched_local,1670147095,compact_64_16_4,64,shuffled_clock,5,3072,3633,64,0,674,796,0.1855216074869254,0.7808973300302781,48.0,0.2459437246539318,0.0234375,64,1,1.0,10.53125,3072,3072,0,674,0,0,1,1,7913838830932172555
v16e_design_calibration_not_fresh_evidence,v16d,3407,61091,exposure_matched_local,1670147095,compact_64_16_4,64,shuffled_clock,6,3072,3633,64,0,676,795,0.18607211670795487,0.7811725846407928,48.0,0.24295632895188754,0.0244140625,64,1,1.0,10.5625,3072,3072,0,676,0,0,1,1,15079016290325401680
v16e_design_calibration_not_fresh_evidence,v16d,3407,61091,exposure_matched_local,1670147095,compact_64_16_4,64,shuffled_clock,7,3072,3633,64,0,692,806,0.19047619047619047,0.7781447839251308,48.0,0.21966534993302722,0.0234375,64,1,1.0,10.8125,3072,3072,0,692,0,0,1,1,15409800231435150523
v16e_design_calibration_not_fresh_evidence,v16d,3407,61091,exposure_matched_local,1670147095,compact_64_16_4,64,shuffled_clock,8,3072,3633,64,0,695,777,0.19130195430773467,0.7861271676300579,48.0,0.25099010288461926,0.026041666666666668,64,1,1.0,10.859375,3072,3072,0,695,0,0,1,1,10074149837939805048
v16e_design_calibration_not_fresh_evidence,v16d,3407,61091,exposure_matched_local,1670147095,compact_64_16_4,64,shuffled_clock,9,3072,3633,64,0,696,797,0.1915772089182494,0.7806220754197633,48.0,0.24033339570994794,0.024739583333333332,64,1,1.0,10.875,3072,3072,0,696,0,0,1,1,9768168654744351517
v16e_design_calibration_not_fresh_evidence,v16d,3407,61091,exposure_matched_local,1670147095,compact_64_16_4,64,shuffled_clock,10,3072,3633,64,0,674,801,0.1855216074869254,0.7795210569777044,48.0,0.23175248686378427,0.0244140625,64,1,1.0,10.53125,3072,3072,0,674,0,0,1,1,6099199582347869946
v16e_design_calibration_not_fresh_evidence,v16d,3407,61091,exposure_matched_local,1670147095,compact_64_16_4,64,shuffled_clock,11,3072,3633,64,0,694,791,0.19102669969721991,0.7822736030828517,48.0,0.22441256845781657,0.0224609375,64,1,1.0,10.84375,3072,3072,0,694,0,0,1,1,7716950345325158652
v16e_design_calibration_not_fresh_evidence,v16d,3407,61091,exposure_matched_local,1670147095,compact_64_16_4,64,shuffled_clock,12,3072,3633,64,0,701,803,0.19295348197082302,0.778970547756675,48.0,0.18916442322050328,0.023763020833333332,64,1,1.0,10.953125,3072,3072,0,701,0,0,1,1,9616720195509191017
v16e_design_calibration_not_fresh_evidence,v16d,3407,61091,exposure_matched_local,1670147095,compact_64_16_4,64,shuffled_clock,13,3072,3633,64,0,690,799,0.18992568125516102,0.7800715661987339,48.0,0.2545063434100982,0.024088541666666668,64,1,1.0,10.78125,3072,3072,0,690,0,0,1,1,15618526743359867076
v16e_design_calibration_not_fresh_evidence,v16d,3407,61091,exposure_matched_local,1670147095,compact_64_16_4,64,shuffled_clock,14,3072,3633,64,0,687,777,0.18909991742361684,0.7861271676300579,48.0,0.23151454790283169,0.028971354166666668,64,1,1.0,10.734375,3072,3072,0,687,0,0,1,1,3700662988151801727
v16e_design_calibration_not_fresh_evidence,v16d,3407,61091,exposure_matched_local,1670147095,compact_64_16_4,64,shuffled_clock,15,3072,3633,64,0,686,763,0.18882466281310212,0.789980732177264,48.0,0.22200510226591363,0.023111979166666668,64,1,1.0,10.71875,3072,3072,0,686,0,0,1,1,15636671963308037713
v16e_design_calibration_not_fresh_evidence,v16d,3407,61091,exposure_matched_local,1670147095,compact_64_16_4,16,clock,-1,3072,3633,16,0,83,2175,0.02284613267272227,0.40132122213047067,192.0,0.76546318206812,0.16471354166666666,16,1,1.0,5.1875,3072,3072,0,83,0,0,1,1,
v16e_design_calibration_not_fresh_evidence,v16d,3407,61091,exposure_matched_local,1670147095,compact_64_16_4,16,event_count,-1,3072,3633,16,0,107,1857,0.029452243325075695,0.4888521882741536,192.0,0.0,0.0625,16,1,1.0,6.6875,3072,3072,0,107,0,0,1,1,
v16e_design_calibration_not_fresh_evidence,v16d,3407,61091,exposure_matched_local,1670147095,compact_64_16_4,16,shuffled_clock,0,3072,3633,16,0,107,1858,0.029452243325075695,0.48857693366363886,192.0,0.10325994257571879,0.07421875,16,1,1.0,6.6875,3072,3072,0,107,0,0,1,1,10916129573179143429
v16e_design_calibration_not_fresh_evidence,v16d,3407,61091,exposure_matched_local,1670147095,compact_64_16_4,16,shuffled_clock,1,3072,3633,16,0,108,1874,0.02972749793559042,0.48417285989540326,192.0,0.09991315673568164,0.07682291666666667,16,1,1.0,6.75,3072,3072,0,108,0,0,1,1,5605205087214294765
v16e_design_calibration_not_fresh_evidence,v16d,3407,61091,exposure_matched_local,1670147095,compact_64_16_4,16,shuffled_clock,2,3072,3633,16,0,107,1863,0.029452243325075695,0.48720066061106526,192.0,0.10301446095896764,0.07356770833333333,16,1,1.0,6.6875,3072,3072,0,107,0,0,1,1,497752572066167628
v16e_design_calibration_not_fresh_evidence,v16d,3407,61091,exposure_matched_local,1670147095,compact_64_16_4,16,shuffled_clock,3,3072,3633,16,0,106,1862,0.02917698871456097,0.48747591522157996,192.0,0.12122482079147788,0.07454427083333333,16,1,1.0,6.625,3072,3072,0,106,0,0,1,1,180825889398193797
v16e_design_calibration_not_fresh_evidence,v16d,3407,61091,exposure_matched_local,1670147095,compact_64_16_4,16,shuffled_clock,4,3072,3633,16,0,108,1862,0.02972749793559042,0.48747591522157996,192.0,0.12774758097296576,0.07877604166666667,16,1,1.0,6.75,3072,3072,0,108,0,0,1,1,5227672804928315941
v16e_design_calibration_not_fresh_evidence,v16d,3407,61091,exposure_matched_local,1670147095,compact_64_16_4,16,shuffled_clock,5,3072,3633,16,0,108,1880,0.02972749793559042,0.4825213322323149,192.0,0.1147883267310039,0.08138020833333333,16,1,1.0,6.75,3072,3072,0,108,0,0,1,1,5348112159539816782
v16e_design_calibration_not_fresh_evidence,v16d,3407,61091,exposure_matched_local,1670147095,compact_64_16_4,16,shuffled_clock,6,3072,3633,16,0,105,1858,0.028901734104046242,0.48857693366363886,192.0,0.09184011368395338,0.076171875,16,1,1.0,6.5625,3072,3072,0,105,0,0,1,1,6716622910904647174
v16e_design_calibration_not_fresh_evidence,v16d,3407,61091,exposure_matched_local,1670147095,compact_64_16_4,16,shuffled_clock,7,3072,3633,16,0,108,1880,0.02972749793559042,0.4825213322323149,192.0,0.09767997397017884,0.07259114583333333,16,1,1.0,6.75,3072,3072,0,108,0,0,1,1,6901504033646679352
v16e_design_calibration_not_fresh_evidence,v16d,3407,61091,exposure_matched_local,1670147095,compact_64_16_4,16,shuffled_clock,8,3072,3633,16,0,110,1889,0.030278007156619872,0.48004404073768236,192.0,0.11511869880612279,0.07356770833333333,16,1,1.0,6.875,3072,3072,0,110,0,0,1,1,1170975040159770728
v16e_design_calibration_not_fresh_evidence,v16d,3407,61091,exposure_matched_local,1670147095,compact_64_16_4,16,shuffled_clock,9,3072,3633,16,0,108,1871,0.02972749793559042,0.4849986237269474,192.0,0.13304547920555979,0.078125,16,1,1.0,6.75,3072,3072,0,108,0,0,1,1,2855833042711129687
v16e_design_calibration_not_fresh_evidence,v16d,3407,61091,exposure_matched_local,1670147095,compact_64_16_4,16,shuffled_clock,10,3072,3633,16,0,109,1848,0.030002752546105148,0.4913294797687861,192.0,0.08661089284414092,0.0703125,16,1,1.0,6.8125,3072,3072,0,109,0,0,1,1,9183734524975525653
v16e_design_calibration_not_fresh_evidence,v16d,3407,61091,exposure_matched_local,1670147095,compact_64_16_4,16,shuffled_clock,11,3072,3633,16,0,108,1865,0.02972749793559042,0.48665015139003576,192.0,0.0815565797127641,0.07063802083333333,16,1,1.0,6.75,3072,3072,0,108,0,0,1,1,3168360403903759453
v16e_design_calibration_not_fresh_evidence,v16d,3407,61091,exposure_matched_local,1670147095,compact_64_16_4,16,shuffled_clock,12,3072,3633,16,0,107,1882,0.029452243325075695,0.48197082301128547,192.0,0.1119973337976301,0.08072916666666667,16,1,1.0,6.6875,3072,3072,0,107,0,0,1,1,11063497712453687393
v16e_design_calibration_not_fresh_evidence,v16d,3407,61091,exposure_matched_local,1670147095,compact_64_16_4,16,shuffled_clock,13,3072,3633,16,0,107,1859,0.029452243325075695,0.48830167905312416,192.0,0.1033299730636437,0.07161458333333333,16,1,1.0,6.6875,3072,3072,0,107,0,0,1,1,11985994910240668965
v16e_design_calibration_not_fresh_evidence,v16d,3407,61091,exposure_matched_local,1670147095,compact_64_16_4,16,shuffled_clock,14,3072,3633,16,0,105,1861,0.028901734104046242,0.4877511698320947,192.0,0.1110079816533061,0.0771484375,16,1,1.0,6.5625,3072,3072,0,105,0,0,1,1,1732862040730377496
v16e_design_calibration_not_fresh_evidence,v16d,3407,61091,exposure_matched_local,1670147095,compact_64_16_4,16,shuffled_clock,15,3072,3633,16,0,109,1883,0.030002752546105148,0.4816955684007707,192.0,0.12089617618711795,0.07161458333333333,16,1,1.0,6.8125,3072,3072,0,109,0,0,1,1,14757549932966852349
v16e_design_calibration_not_fresh_evidence,v16d,3407,61091,exposure_matched_local,1670147095,compact_64_16_4,4,clock,-1,3072,3633,4,0,6,3177,0.0016515276630883566,0.1255161023947151,768.0,0.8056890735104888,0.5286458333333334,4,1,1.0,1.5,3072,3072,0,6,0,0,1,1,
v16e_design_calibration_not_fresh_evidence,v16d,3407,61091,exposure_matched_local,1670147095,compact_64_16_4,4,event_count,-1,3072,3633,4,0,6,2975,0.0016515276630883566,0.1811175337186898,768.0,0.0,0.25,4,1,1.0,1.5,3072,3072,0,6,0,0,1,1,
v16e_design_calibration_not_fresh_evidence,v16d,3407,61091,exposure_matched_local,1670147095,compact_64_16_4,4,shuffled_clock,0,3072,3633,4,0,6,2975,0.0016515276630883566,0.1811175337186898,768.0,0.025023498794096485,0.2555338541666667,4,1,1.0,1.5,3072,3072,0,6,0,0,1,1,4309085485181497184
v16e_design_calibration_not_fresh_evidence,v16d,3407,61091,exposure_matched_local,1670147095,compact_64_16_4,4,shuffled_clock,1,3072,3633,4,0,6,2976,0.0016515276630883566,0.18084227910817507,768.0,0.02670593760922771,0.2578125,4,1,1.0,1.5,3072,3072,0,6,0,0,1,1,13471157717511370280
v16e_design_calibration_not_fresh_evidence,v16d,3407,61091,exposure_matched_local,1670147095,compact_64_16_4,4,shuffled_clock,2,3072,3633,4,0,6,2978,0.0016515276630883566,0.1802917698871456,768.0,0.018688411581259536,0.2555338541666667,4,1,1.0,1.5,3072,3072,0,6,0,0,1,1,17457276773055655687
v16e_design_calibration_not_fresh_evidence,v16d,3407,61091,exposure_matched_local,1670147095,compact_64_16_4,4,shuffled_clock,3,3072,3633,4,0,6,2958,0.0016515276630883566,0.18579686209744012,768.0,0.08637698021595136,0.2779947916666667,4,1,1.0,1.5,3072,3072,0,6,0,0,1,1,5532168726167140309
v16e_design_calibration_not_fresh_evidence,v16d,3407,61091,exposure_matched_local,1670147095,compact_64_16_4,4,shuffled_clock,4,3072,3633,4,0,6,2976,0.0016515276630883566,0.18084227910817507,768.0,0.05189854371462724,0.2626953125,4,1,1.0,1.5,3072,3072,0,6,0,0,1,1,9128404615589444827
v16e_design_calibration_not_fresh_evidence,v16d,3407,61091,exposure_matched_local,1670147095,compact_64_16_4,4,shuffled_clock,5,3072,3633,4,0,6,2965,0.0016515276630883566,0.18387007982383705,768.0,0.06898174850029105,0.2724609375,4,1,1.0,1.5,3072,3072,0,6,0,0,1,1,2041065219316348149
v16e_design_calibration_not_fresh_evidence,v16d,3407,61091,exposure_matched_local,1670147095,compact_64_16_4,4,shuffled_clock,6,3072,3633,4,0,6,2979,0.0016515276630883566,0.18001651527663087,768.0,0.058114358344847385,0.26953125,4,1,1.0,1.5,3072,3072,0,6,0,0,1,1,12366826647285466094
v16e_design_calibration_not_fresh_evidence,v16d,3407,61091,exposure_matched_local,1670147095,compact_64_16_4,4,shuffled_clock,7,3072,3633,4,0,6,2984,0.0016515276630883566,0.17864024222405725,768.0,0.0366747051636764,0.2620442708333333,4,1,1.0,1.5,3072,3072,0,6,0,0,1,1,13480253636316007227
v16e_design_calibration_not_fresh_evidence,v16d,3407,61091,exposure_matched_local,1670147095,compact_64_16_4,4,shuffled_clock,8,3072,3633,4,0,6,2981,0.0016515276630883566,0.17946600605560142,768.0,0.025581878521339193,0.255859375,4,1,1.0,1.5,3072,3072,0,6,0,0,1,1,13466965576081302493
v16e_design_calibration_not_fresh_evidence,v16d,3407,61091,exposure_matched_local,1670147095,compact_64_16_4,4,shuffled_clock,9,3072,3633,4,0,6,2977,0.0016515276630883566,0.18056702449766032,768.0,0.03057355254402139,0.2613932291666667,4,1,1.0,1.5,3072,3072,0,6,0,0,1,1,16126015689375484991
v16e_design_calibration_not_fresh_evidence,v16d,3407,61091,exposure_matched_local,1670147095,compact_64_16_4,4,shuffled_clock,10,3072,3633,4,0,6,2991,0.0016515276630883566,0.17671345995045418,768.0,0.033468016751140625,0.2578125,4,1,1.0,1.5,3072,3072,0,6,0,0,1,1,15842329033690220487
v16e_design_calibration_not_fresh_evidence,v16d,3407,61091,exposure_matched_local,1670147095,compact_64_16_4,4,shuffled_clock,11,3072,3633,4,0,6,2966,0.0016515276630883566,0.18359482521332232,768.0,0.06597507760633585,0.2688802083333333,4,1,1.0,1.5,3072,3072,0,6,0,0,1,1,14866648852249233923
v16e_design_calibration_not_fresh_evidence,v16d,3407,61091,exposure_matched_local,1670147095,compact_64_16_4,4,shuffled_clock,12,3072,3633,4,0,6,2984,0.0016515276630883566,0.17864024222405725,768.0,0.037088429152062945,0.2584635416666667,4,1,1.0,1.5,3072,3072,0,6,0,0,1,1,411656964910701728
v16e_design_calibration_not_fresh_evidence,v16d,3407,61091,exposure_matched_local,1670147095,compact_64_16_4,4,shuffled_clock,13,3072,3633,4,0,6,2967,0.0016515276630883566,0.1833195706028076,768.0,0.043744315933668794,0.2610677083333333,4,1,1.0,1.5,3072,3072,0,6,0,0,1,1,11558007778959806181
v16e_design_calibration_not_fresh_evidence,v16d,3407,61091,exposure_matched_local,1670147095,compact_64_16_4,4,shuffled_clock,14,3072,3633,4,0,6,2962,0.0016515276630883566,0.18469584365538122,768.0,0.05452190537306321,0.2698567708333333,4,1,1.0,1.5,3072,3072,0,6,0,0,1,1,2214736951358306431
v16e_design_calibration_not_fresh_evidence,v16d,3407,61091,exposure_matched_local,1670147095,compact_64_16_4,4,shuffled_clock,15,3072,3633,4,0,6,2972,0.0016515276630883566,0.18194329755023397,768.0,0.04348516486203891,0.2613932291666667,4,1,1.0,1.5,3072,3072,0,6,0,0,1,1,6254210838380004793
v16e_design_calibration_not_fresh_evidence,v16d,3511,61001,current_global,1571187005,wide_128_32_8,128,clock,-1,3072,3493,128,0,1132,494,0.32407672487832806,0.858574291440023,24.0,0.6121938233438267,0.0234375,126,2,0.9993848425196851,8.84375,3072,3072,0,1132,0,0,1,1,
v16e_design_calibration_not_fresh_evidence,v16d,3511,61001,current_global,1571187005,wide_128_32_8,128,event_count,-1,3072,3493,128,0,1356,438,0.3882049813913541,0.8746063555682794,24.0,0.0,0.0078125,128,1,1.0,10.59375,3072,3072,0,1356,0,0,1,1,
v16e_design_calibration_not_fresh_evidence,v16d,3511,61001,current_global,1571187005,wide_128_32_8,128,shuffled_clock,0,3072,3493,128,0,1319,466,0.3776123675923275,0.8665903235041511,24.0,0.2787493943435468,0.013997395833333334,127,2,0.999753937007874,10.3046875,3072,3072,0,1319,0,0,1,1,10798921699863291262
v16e_design_calibration_not_fresh_evidence,v16d,3511,61001,current_global,1571187005,wide_128_32_8,128,shuffled_clock,1,3072,3493,128,0,1321,501,0.3781849413111938,0.8565702834239909,24.0,0.28409269863430636,0.013671875,126,2,0.999630905511811,10.3203125,3072,3072,0,1321,0,0,1,1,17598681281108281429
v16e_design_calibration_not_fresh_evidence,v16d,3511,61001,current_global,1571187005,wide_128_32_8,128,shuffled_clock,2,3072,3493,128,0,1306,471,0.37389063841969655,0.8651588892069854,24.0,0.2829354934226532,0.013997395833333334,125,2,0.999630905511811,10.203125,3072,3072,0,1306,0,0,1,1,7146613956676509543
v16e_design_calibration_not_fresh_evidence,v16d,3511,61001,current_global,1571187005,wide_128_32_8,128,shuffled_clock,3,3072,3493,128,0,1303,473,0.37303177784139707,0.8645863154881192,24.0,0.28390015866055635,0.013671875,124,2,0.9990157480314961,10.1796875,3072,3072,0,1303,0,0,1,1,12773495945551290949
v16e_design_calibration_not_fresh_evidence,v16d,3511,61001,current_global,1571187005,wide_128_32_8,128,shuffled_clock,4,3072,3493,128,0,1324,500,0.37904380188949327,0.856856570283424,24.0,0.2596033888647474,0.013020833333333334,125,2,0.999630905511811,10.34375,3072,3072,0,1324,0,0,1,1,419663994690690921
v16e_design_calibration_not_fresh_evidence,v16d,3511,61001,current_global,1571187005,wide_128_32_8,128,shuffled_clock,5,3072,3493,128,0,1318,488,0.37732608073289436,0.8602920125966218,24.0,0.24553092080401226,0.012044270833333334,125,2,0.999507874015748,10.296875,3072,3072,0,1318,0,0,1,1,17804718538983125670
v16e_design_calibration_not_fresh_evidence,v16d,3511,61001,current_global,1571187005,wide_128_32_8,128,shuffled_clock,6,3072,3493,128,0,1332,473,0.3813340967649585,0.8645863154881192,24.0,0.25492738231449025,0.013346354166666666,126,2,0.999630905511811,10.40625,3072,3072,0,1332,0,0,1,1,17587395506105517294
v16e_design_calibration_not_fresh_evidence,v16d,3511,61001,current_global,1571187005,wide_128_32_8,128,shuffled_clock,7,3072,3493,128,0,1309,476,0.374749498997996,0.8637274549098196,24.0,0.271394280785437,0.013346354166666666,127,2,0.999876968503937,10.2265625,3072,3072,0,1309,0,0,1,1,327002329403025356
v16e_design_calibration_not_fresh_evidence,v16d,3511,61001,current_global,1571187005,wide_128_32_8,128,shuffled_clock,8,3072,3493,128,0,1312,457,0.37560835957629546,0.8691669052390495,24.0,0.2363393729631151,0.013020833333333334,127,2,0.999630905511811,10.25,3072,3072,0,1312,0,0,1,1,2408949812207345575
v16e_design_calibration_not_fresh_evidence,v16d,3511,61001,current_global,1571187005,wide_128_32_8,128,shuffled_clock,9,3072,3493,128,0,1307,475,0.3741769252791297,0.8640137417692528,24.0,0.25562354073065735,0.0126953125,127,2,0.999876968503937,10.2109375,3072,3072,0,1307,0,0,1,1,1804909619297116878
v16e_design_calibration_not_fresh_evidence,v16d,3511,61001,current_global,1571187005,wide_128_32_8,128,shuffled_clock,10,3072,3493,128,0,1313,480,0.3758946464357286,0.8625823074720871,24.0,0.24463848379094214,0.0126953125,126,2,0.999630905511811,10.2578125,3072,3072,0,1313,0,0,1,1,5675566745847499190
v16e_design_calibration_not_fresh_evidence,v16d,3511,61001,current_global,1571187005,wide_128_32_8,128,shuffled_clock,11,3072,3493,128,0,1314,483,0.3761809332951618,0.8617234468937875,24.0,0.24945259404427042,0.013346354166666666,126,2,0.999753937007874,10.265625,3072,3072,0,1314,0,0,1,1,6662750614073293633
v16e_design_calibration_not_fresh_evidence,v16d,3511,61001,current_global,1571187005,wide_128_32_8,128,shuffled_clock,12,3072,3493,128,0,1315,465,0.3764672201545949,0.8668766103635843,24.0,0.26075928904671253,0.013997395833333334,126,2,0.999753937007874,10.2734375,3072,3072,0,1315,0,0,1,1,18433259140691737085
v16e_design_calibration_not_fresh_evidence,v16d,3511,61001,current_global,1571187005,wide_128_32_8,128,shuffled_clock,13,3072,3493,128,0,1309,489,0.374749498997996,0.8600057257371887,24.0,0.30703333095400315,0.014973958333333334,127,2,0.999876968503937,10.2265625,3072,3072,0,1309,0,0,1,1,6856788700518337989
v16e_design_calibration_not_fresh_evidence,v16d,3511,61001,current_global,1571187005,wide_128_32_8,128,shuffled_clock,14,3072,3493,128,0,1328,466,0.38018894932722586,0.8665903235041511,24.0,0.2580717920826808,0.013997395833333334,125,2,0.999507874015748,10.375,3072,3072,0,1328,0,0,1,1,18136969311152112026
v16e_design_calibration_not_fresh_evidence,v16d,3511,61001,current_global,1571187005,wide_128_32_8,128,shuffled_clock,15,3072,3493,128,0,1279,452,0.36616089321500145,0.8705983395362152,24.0,0.26942268404342895,0.013671875,128,1,1.0,9.9921875,3072,3072,0,1279,0,0,1,1,8080888459498173724
v16e_design_calibration_not_fresh_evidence,v16d,3511,61001,current_global,1571187005,wide_128_32_8,32,clock,-1,3072,3493,32,0,211,1459,0.060406527340395075,0.5823074720870312,96.0,0.5910705197512361,0.07421875,32,1,1.0,6.59375,3072,3072,0,211,0,0,1,1,
v16e_design_calibration_not_fresh_evidence,v16d,3511,61001,current_global,1571187005,wide_128_32_8,32,event_count,-1,3072,3493,32,0,265,1351,0.07586601774978528,0.6132264529058116,96.0,0.0,0.03125,32,1,1.0,8.28125,3072,3072,0,265,0,0,1,1,
v16e_design_calibration_not_fresh_evidence,v16d,3511,61001,current_global,1571187005,wide_128_32_8,32,shuffled_clock,0,3072,3493,32,0,272,1357,0.07787002576581735,0.6115087317492127,96.0,0.1340527884439773,0.0439453125,32,1,1.0,8.5,3072,3072,0,272,0,0,1,1,7467948333447485885
v16e_design_calibration_not_fresh_evidence,v16d,3511,61001,current_global,1571187005,wide_128_32_8,32,shuffled_clock,1,3072,3493,32,0,269,1344,0.0770111651875179,0.6152304609218436,96.0,0.11209729796685348,0.037434895833333336,32,1,1.0,8.40625,3072,3072,0,269,0,0,1,1,13666276536151048708
v16e_design_calibration_not_fresh_evidence,v16d,3511,61001,current_global,1571187005,wide_128_32_8,32,shuffled_clock,2,3072,3493,32,0,267,1321,0.07643859146865159,0.6218150586888062,96.0,0.1634861173723222,0.040364583333333336,32,1,1.0,8.34375,3072,3072,0,267,0,0,1,1,10080448034993483390
v16e_design_calibration_not_fresh_evidence,v16d,3511,61001,current_global,1571187005,wide_128_32_8,32,shuffled_clock,3,3072,3493,32,0,263,1349,0.07529344403091898,0.6137990266246779,96.0,0.13607418945502595,0.039713541666666664,32,1,1.0,8.21875,3072,3072,0,263,0,0,1,1,14985276332137389140
v16e_design_calibration_not_fresh_evidence,v16d,3511,61001,current_global,1571187005,wide_128_32_8,32,shuffled_clock,4,3072,3493,32,0,267,1365,0.07643859146865159,0.6092184368737475,96.0,0.12650306001654024,0.0390625,32,1,1.0,8.34375,3072,3072,0,267,0,0,1,1,4323105849018795245
v16e_design_calibration_not_fresh_evidence,v16d,3511,61001,current_global,1571187005,wide_128_32_8,32,shuffled_clock,5,3072,3493,32,0,263,1346,0.07529344403091898,0.6146578872029774,96.0,0.12336520584969214,0.037434895833333336,32,1,1.0,8.21875,3072,3072,0,263,0,0,1,1,15340020647405618308
v16e_design_calibration_not_fresh_evidence,v16d,3511,61001,current_global,1571187005,wide_128_32_8,32,shuffled_clock,6,3072,3493,32,0,264,1343,0.07557973089035214,0.6155167477812769,96.0,0.12387486459670922,0.037434895833333336,32,1,1.0,8.25,3072,3072,0,264,0,0,1,1,2520081280928101383
v16e_design_calibration_not_fresh_evidence,v16d,3511,61001,current_global,1571187005,wide_128_32_8,32,shuffled_clock,7,3072,3493,32,0,269,1338,0.0770111651875179,0.6169481820784426,96.0,0.1334246579044427,0.038411458333333336,32,1,1.0,8.40625,3072,3072,0,269,0,0,1,1,6278027933142287839
v16e_design_calibration_not_fresh_evidence,v16d,3511,61001,current_global,1571187005,wide_128_32_8,32,shuffled_clock,8,3072,3493,32,0,265,1355,0.07586601774978528,0.612081305468079,96.0,0.13952865643924883,0.0419921875,32,1,1.0,8.28125,3072,3072,0,265,0,0,1,1,13581201972698223196
v16e_design_calibration_not_fresh_evidence,v16d,3511,61001,current_global,1571187005,wide_128_32_8,32,shuffled_clock,9,3072,3493,32,0,266,1355,0.07615230460921844,0.612081305468079,96.0,0.12002883838066064,0.038736979166666664,32,1,1.0,8.3125,3072,3072,0,266,0,0,1,1,3587445308866841554
v16e_design_calibration_not_fresh_evidence,v16d,3511,61001,current_global,1571187005,wide_128_32_8,32,shuffled_clock,10,3072,3493,32,0,275,1342,0.0787288863441168,0.61580303464071,96.0,0.12316643568008373,0.038411458333333336,32,1,1.0,8.59375,3072,3072,0,275,0,0,1,1,12226248688366717407
v16e_design_calibration_not_fresh_evidence,v16d,3511,61001,current_global,1571187005,wide_128_32_8,32,shuffled_clock,11,3072,3493,32,0,264,1345,0.07557973089035214,0.6149441740624105,96.0,0.11203483081351168,0.037760416666666664,32,1,1.0,8.25,3072,3072,0,264,0,0,1,1,14940647209291859684
v16e_design_calibration_not_fresh_evidence,v16d,3511,61001,current_global,1571187005,wide_128_32_8,32,shuffled_clock,12,3072,3493,32,0,268,1331,0.07672487832808474,0.6189521900944747,96.0,0.15185346820685924,0.042317708333333336,32,1,1.0,8.375,3072,3072,0,268,0,0,1,1,8210549417845261451
v16e_design_calibration_not_fresh_evidence,v16d,3511,61001,current_global,1571187005,wide_128_32_8,32,shuffled_clock,13,3072,3493,32,0,257,1339,0.07357572287432007,0.6166618952190095,96.0,0.10773459440468146,0.036783854166666664,32,1,1.0,8.03125,3072,3072,0,257,0,0,1,1,1537245144804959186
v16e_design_calibration_not_fresh_evidence,v16d,3511,61001,current_global,1571187005,wide_128_32_8,32,shuffled_clock,14,3072,3493,32,0,263,1344,0.07529344403091898,0.6152304609218436,96.0,0.1185913154054956,0.038411458333333336,32,1,1.0,8.21875,3072,3072,0,263,0,0,1,1,2530806148560959630
v16e_design_calibration_not_fresh_evidence,v16d,3511,61001,current_global,1571187005,wide_128_32_8,32,shuffled_clock,15,3072,3493,32,0,258,1345,0.07386200973375322,0.6149441740624105,96.0,0.11572319162057815,0.0419921875,32,1,1.0,8.0625,3072,3072,0,258,0,0,1,1,9070665128388869701
v16e_design_calibration_not_fresh_evidence,v16d,3511,61001,current_global,1571187005,wide_128_32_8,8,clock,-1,3072,3493,8,0,25,2709,0.0071571714858288,0.22444889779559118,384.0,0.6111752254877484,0.2639973958333333,8,1,1.0,3.125,3072,3072,0,25,0,0,1,1,
v16e_design_calibration_not_fresh_evidence,v16d,3511,61001,current_global,1571187005,wide_128_32_8,8,event_count,-1,3072,3493,8,0,28,2523,0.008016032064128256,0.27769825365015743,384.0,0.0,0.125,8,1,1.0,3.5,3072,3072,0,28,0,0,1,1,
v16e_design_calibration_not_fresh_evidence,v16d,3511,61001,current_global,1571187005,wide_128_32_8,8,shuffled_clock,0,3072,3493,8,0,28,2519,0.008016032064128256,0.2788434010878901,384.0,0.03056034639570365,0.13053385416666666,8,1,1.0,3.5,3072,3072,0,28,0,0,1,1,14529320987299818951
v16e_design_calibration_not_fresh_evidence,v16d,3511,61001,current_global,1571187005,wide_128_32_8,8,shuffled_clock,1,3072,3493,8,0,27,2546,0.007729745204695104,0.27111365588319497,384.0,0.06409183174808937,0.1376953125,8,1,1.0,3.375,3072,3072,0,27,0,0,1,1,16671212674161027756
v16e_design_calibration_not_fresh_evidence,v16d,3511,61001,current_global,1571187005,wide_128_32_8,8,shuffled_clock,2,3072,3493,8,0,28,2509,0.008016032064128256,0.28170626968222157,384.0,0.08426975726253934,0.142578125,8,1,1.0,3.5,3072,3072,0,28,0,0,1,1,144212375146591643
v16e_design_calibration_not_fresh_evidence,v16d,3511,61001,current_global,1571187005,wide_128_32_8,8,shuffled_clock,3,3072,3493,8,0,27,2522,0.007729745204695104,0.2779845405095906,384.0,0.07990288546824072,0.14290364583333334,8,1,1.0,3.375,3072,3072,0,27,0,0,1,1,17339123509402658908
v16e_design_calibration_not_fresh_evidence,v16d,3511,61001,current_global,1571187005,wide_128_32_8,8,shuffled_clock,4,3072,3493,8,0,28,2506,0.008016032064128256,0.28256513026052105,384.0,0.05489084925869949,0.14029947916666666,8,1,1.0,3.5,3072,3072,0,28,0,0,1,1,1419086406861012225
v16e_design_calibration_not_fresh_evidence,v16d,3511,61001,current_global,1571187005,wide_128_32_8,8,shuffled_clock,5,3072,3493,8,0,27,2526,0.007729745204695104,0.276839393071858,384.0,0.09061815792452922,0.14095052083333334,8,1,1.0,3.375,3072,3072,0,27,0,0,1,1,11551150516426883321
v16e_design_calibration_not_fresh_evidence,v16d,3511,61001,current_global,1571187005,wide_128_32_8,8,shuffled_clock,6,3072,3493,8,0,28,2518,0.008016032064128256,0.27912968794732324,384.0,0.07922098308974933,0.13834635416666666,8,1,1.0,3.5,3072,3072,0,28,0,0,1,1,17740485390210168501
v16e_design_calibration_not_fresh_evidence,v16d,3511,61001,current_global,1571187005,wide_128_32_8,8,shuffled_clock,7,3072,3493,8,0,28,2506,0.008016032064128256,0.28256513026052105,384.0,0.10663009743300167,0.14615885416666666,8,1,1.0,3.5,3072,3072,0,28,0,0,1,1,17147467219201897772
v16e_design_calibration_not_fresh_evidence,v16d,3511,61001,current_global,1571187005,wide_128_32_8,8,shuffled_clock,8,3072,3493,8,0,28,2504,0.008016032064128256,0.28313770397938737,384.0,0.09851679377524407,0.13736979166666666,8,1,1.0,3.5,3072,3072,0,28,0,0,1,1,4086285765639045811
v16e_design_calibration_not_fresh_evidence,v16d,3511,61001,current_global,1571187005,wide_128_32_8,8,shuffled_clock,9,3072,3493,8,0,28,2505,0.008016032064128256,0.2828514171199542,384.0,0.06560078445892994,0.1376953125,8,1,1.0,3.5,3072,3072,0,28,0,0,1,1,11028085283066306081
v16e_design_calibration_not_fresh_evidence,v16d,3511,61001,current_global,1571187005,wide_128_32_8,8,shuffled_clock,10,3072,3493,8,0,28,2518,0.008016032064128256,0.27912968794732324,384.0,0.05476716136779151,0.1328125,8,1,1.0,3.5,3072,3072,0,28,0,0,1,1,10096858834414312636
v16e_design_calibration_not_fresh_evidence,v16d,3511,61001,current_global,1571187005,wide_128_32_8,8,shuffled_clock,11,3072,3493,8,0,28,2527,0.008016032064128256,0.27655310621242485,384.0,0.08099873388438251,0.14876302083333334,8,1,1.0,3.5,3072,3072,0,28,0,0,1,1,14172297178050760672
v16e_design_calibration_not_fresh_evidence,v16d,3511,61001,current_global,1571187005,wide_128_32_8,8,shuffled_clock,12,3072,3493,8,0,28,2524,0.008016032064128256,0.27741196679072433,384.0,0.05178485905150392,0.13053385416666666,8,1,1.0,3.5,3072,3072,0,28,0,0,1,1,16004723070333976464
v16e_design_calibration_not_fresh_evidence,v16d,3511,61001,current_global,1571187005,wide_128_32_8,8,shuffled_clock,13,3072,3493,8,0,28,2525,0.008016032064128256,0.27712567993129117,384.0,0.05462546084219539,0.134765625,8,1,1.0,3.5,3072,3072,0,28,0,0,1,1,3596492752664750561
v16e_design_calibration_not_fresh_evidence,v16d,3511,61001,current_global,1571187005,wide_128_32_8,8,shuffled_clock,14,3072,3493,8,0,28,2528,0.008016032064128256,0.2762668193529917,384.0,0.06412205661737051,0.13346354166666666,8,1,1.0,3.5,3072,3072,0,28,0,0,1,1,15967647783904790353
v16e_design_calibration_not_fresh_evidence,v16d,3511,61001,current_global,1571187005,wide_128_32_8,8,shuffled_clock,15,3072,3493,8,0,28,2515,0.008016032064128256,0.27998854852562266,384.0,0.04397441028508097,0.1337890625,8,1,1.0,3.5,3072,3072,0,28,0,0,1,1,11636835143999216621
v16e_design_calibration_not_fresh_evidence,v16d,3511,61001,current_global,1571187005,compact_64_16_4,64,clock,-1,3072,3493,64,0,510,870,0.14600629831090753,0.7509304322931577,48.0,0.5975797195052901,0.040690104166666664,64,1,1.0,7.96875,3072,3072,0,510,0,0,1,1,
v16e_design_calibration_not_fresh_evidence,v16d,3511,61001,current_global,1571187005,compact_64_16_4,64,event_count,-1,3072,3493,64,0,621,804,0.1777841397079874,0.7698253650157458,48.0,0.0,0.015625,64,1,1.0,9.703125,3072,3072,0,621,0,0,1,1,
v16e_design_calibration_not_fresh_evidence,v16d,3511,61001,current_global,1571187005,compact_64_16_4,64,shuffled_clock,0,3072,3493,64,0,600,826,0.1717721156598912,0.7635270541082164,48.0,0.18165871784949683,0.022786458333333332,64,1,1.0,9.375,3072,3072,0,600,0,0,1,1,16898898306512988089
v16e_design_calibration_not_fresh_evidence,v16d,3511,61001,current_global,1571187005,compact_64_16_4,64,shuffled_clock,1,3072,3493,64,0,613,829,0.1754938448325222,0.762668193529917,48.0,0.1981297585789876,0.023763020833333332,64,1,1.0,9.578125,3072,3072,0,613,0,0,1,1,10054239934935025512
v16e_design_calibration_not_fresh_evidence,v16d,3511,61001,current_global,1571187005,compact_64_16_4,64,shuffled_clock,2,3072,3493,64,0,610,823,0.17463498425422272,0.7643859146865158,48.0,0.16429362184787996,0.021484375,64,1,1.0,9.53125,3072,3072,0,610,0,0,1,1,14809557955797621549
v16e_design_calibration_not_fresh_evidence,v16d,3511,61001,current_global,1571187005,compact_64_16_4,64,shuffled_clock,3,3072,3493,64,0,615,816,0.1760664185513885,0.7663899227025479,48.0,0.17022491346457239,0.022786458333333332,64,1,1.0,9.609375,3072,3072,0,615,0,0,1,1,16999188697904862427
v16e_design_calibration_not_fresh_evidence,v16d,3511,61001,current_global,1571187005,compact_64_16_4,64,shuffled_clock,4,3072,3493,64,0,614,812,0.17578013169195533,0.7675350701402806,48.0,0.15132789655292336,0.020833333333333332,64,1,1.0,9.59375,3072,3072,0,614,0,0,1,1,7457563435135178305
v16e_design_calibration_not_fresh_evidence,v16d,3511,61001,current_global,1571187005,compact_64_16_4,64,shuffled_clock,5,3072,3493,64,0,602,816,0.17234468937875752,0.7663899227025479,48.0,0.2041916354454576,0.024088541666666668,64,1,1.0,9.40625,3072,3072,0,602,0,0,1,1,5975889405353854243
v16e_design_calibration_not_fresh_evidence,v16d,3511,61001,current_global,1571187005,compact_64_16_4,64,shuffled_clock,6,3072,3493,64,0,607,825,0.17377612367592327,0.7638133409676496,48.0,0.18630202243295757,0.022786458333333332,64,1,1.0,9.484375,3072,3072,0,607,0,0,1,1,15991993830177240567
v16e_design_calibration_not_fresh_evidence,v16d,3511,61001,current_global,1571187005,compact_64_16_4,64,shuffled_clock,7,3072,3493,64,0,593,821,0.16976810764385913,0.7649584884053822,48.0,0.20793612928597538,0.024088541666666668,64,1,1.0,9.265625,3072,3072,0,593,0,0,1,1,11250316307969711920
v16e_design_calibration_not_fresh_evidence,v16d,3511,61001,current_global,1571187005,compact_64_16_4,64,shuffled_clock,8,3072,3493,64,0,617,817,0.17663899227025479,0.7661036358431148,48.0,0.18131707540718597,0.020833333333333332,64,1,1.0,9.640625,3072,3072,0,617,0,0,1,1,4542260815306244719
v16e_design_calibration_not_fresh_evidence,v16d,3511,61001,current_global,1571187005,compact_64_16_4,64,shuffled_clock,9,3072,3493,64,0,600,823,0.1717721156598912,0.7643859146865158,48.0,0.18847117678763992,0.023763020833333332,64,1,1.0,9.375,3072,3072,0,600,0,0,1,1,14779589500413590477
v16e_design_calibration_not_fresh_evidence,v16d,3511,61001,current_global,1571187005,compact_64_16_4,64,shuffled_clock,10,3072,3493,64,0,604,856,0.1729172630976238,0.7549384483252218,48.0,0.191984151590909,0.022135416666666668,64,1,1.0,9.4375,3072,3072,0,604,0,0,1,1,1452744508840058587
v16e_design_calibration_not_fresh_evidence,v16d,3511,61001,current_global,1571187005,compact_64_16_4,64,shuffled_clock,11,3072,3493,64,0,614,813,0.17578013169195533,0.7672487832808474,48.0,0.15603490485911006,0.024088541666666668,64,1,1.0,9.59375,3072,3072,0,614,0,0,1,1,829440903254116185
v16e_design_calibration_not_fresh_evidence,v16d,3511,61001,current_global,1571187005,compact_64_16_4,64,shuffled_clock,12,3072,3493,64,0,590,840,0.16890924706555968,0.7595190380761523,48.0,0.17774832345285238,0.022786458333333332,64,1,1.0,9.21875,3072,3072,0,590,0,0,1,1,3773413939009763567
v16e_design_calibration_not_fresh_evidence,v16d,3511,61001,current_global,1571187005,compact_64_16_4,64,shuffled_clock,13,3072,3493,64,0,600,824,0.1717721156598912,0.7640996278270827,48.0,0.18444378705180228,0.021809895833333332,64,1,1.0,9.375,3072,3072,0,600,0,0,1,1,8312590799004570687
v16e_design_calibration_not_fresh_evidence,v16d,3511,61001,current_global,1571187005,compact_64_16_4,64,shuffled_clock,14,3072,3493,64,0,605,823,0.17320354995705697,0.7643859146865158,48.0,0.19366339732599136,0.022786458333333332,64,1,1.0,9.453125,3072,3072,0,605,0,0,1,1,10571551205881034070
v16e_design_calibration_not_fresh_evidence,v16d,3511,61001,current_global,1571187005,compact_64_16_4,64,shuffled_clock,15,3072,3493,64,0,612,812,0.17520755797308904,0.7675350701402806,48.0,0.17311436871642014,0.023763020833333332,64,1,1.0,9.5625,3072,3072,0,612,0,0,1,1,253078584943819141
v16e_design_calibration_not_fresh_evidence,v16d,3511,61001,current_global,1571187005,compact_64_16_4,16,clock,-1,3072,3493,16,0,81,2148,0.023189235614085313,0.38505582593758947,192.0,0.5970667594815321,0.1435546875,16,1,1.0,5.0625,3072,3072,0,81,0,0,1,1,
v16e_design_calibration_not_fresh_evidence,v16d,3511,61001,current_global,1571187005,compact_64_16_4,16,event_count,-1,3072,3493,16,0,110,1955,0.031491554537646724,0.4403091898081878,192.0,0.0,0.0625,16,1,1.0,6.875,3072,3072,0,110,0,0,1,1,
v16e_design_calibration_not_fresh_evidence,v16d,3511,61001,current_global,1571187005,compact_64_16_4,16,shuffled_clock,0,3072,3493,16,0,105,1946,0.03006012024048096,0.44288577154308617,192.0,0.08164522819514339,0.07421875,16,1,1.0,6.5625,3072,3072,0,105,0,0,1,1,11382928777596178568
v16e_design_calibration_not_fresh_evidence,v16d,3511,61001,current_global,1571187005,compact_64_16_4,16,shuffled_clock,1,3072,3493,16,0,109,1954,0.03120526767821357,0.44059547666762094,192.0,0.08021509711741023,0.06901041666666667,16,1,1.0,6.8125,3072,3072,0,109,0,0,1,1,6940570114820930288
v16e_design_calibration_not_fresh_evidence,v16d,3511,61001,current_global,1571187005,compact_64_16_4,16,shuffled_clock,2,3072,3493,16,0,110,1954,0.031491554537646724,0.44059547666762094,192.0,0.08254838648399562,0.0712890625,16,1,1.0,6.875,3072,3072,0,110,0,0,1,1,16861874608433800916
v16e_design_calibration_not_fresh_evidence,v16d,3511,61001,current_global,1571187005,compact_64_16_4,16,shuffled_clock,3,3072,3493,16,0,110,1955,0.031491554537646724,0.4403091898081878,192.0,0.05654500829395079,0.0693359375,16,1,1.0,6.875,3072,3072,0,110,0,0,1,1,4640306424822795211
v16e_design_calibration_not_fresh_evidence,v16d,3511,61001,current_global,1571187005,compact_64_16_4,16,shuffled_clock,4,3072,3493,16,0,110,1958,0.031491554537646724,0.43945032922988836,192.0,0.0946522937543669,0.07161458333333333,16,1,1.0,6.875,3072,3072,0,110,0,0,1,1,5216011803620187096
v16e_design_calibration_not_fresh_evidence,v16d,3511,61001,current_global,1571187005,compact_64_16_4,16,shuffled_clock,5,3072,3493,16,0,108,1939,0.030918980818780417,0.44488977955911824,192.0,0.10853680144779704,0.072265625,16,1,1.0,6.75,3072,3072,0,108,0,0,1,1,1035572627556985396
v16e_design_calibration_not_fresh_evidence,v16d,3511,61001,current_global,1571187005,compact_64_16_4,16,shuffled_clock,6,3072,3493,16,0,107,1935,0.030632693959347267,0.4460349269968508,192.0,0.08281086214313246,0.07063802083333333,16,1,1.0,6.6875,3072,3072,0,107,0,0,1,1,495123052446071661
v16e_design_calibration_not_fresh_evidence,v16d,3511,61001,current_global,1571187005,compact_64_16_4,16,shuffled_clock,7,3072,3493,16,0,110,1961,0.031491554537646724,0.4385914686515889,192.0,0.08466812936181849,0.0693359375,16,1,1.0,6.875,3072,3072,0,110,0,0,1,1,301667889481142989
v16e_design_calibration_not_fresh_evidence,v16d,3511,61001,current_global,1571187005,compact_64_16_4,16,shuffled_clock,8,3072,3493,16,0,105,1953,0.03006012024048096,0.4408817635270541,192.0,0.08352841748637273,0.07161458333333333,16,1,1.0,6.5625,3072,3072,0,105,0,0,1,1,7238979469762803466
v16e_design_calibration_not_fresh_evidence,v16d,3511,61001,current_global,1571187005,compact_64_16_4,16,shuffled_clock,9,3072,3493,16,0,110,1949,0.031491554537646724,0.4420269109647867,192.0,0.07064927065755487,0.068359375,16,1,1.0,6.875,3072,3072,0,110,0,0,1,1,9862595898496455335
v16e_design_calibration_not_fresh_evidence,v16d,3511,61001,current_global,1571187005,compact_64_16_4,16,shuffled_clock,10,3072,3493,16,0,107,1948,0.030632693959347267,0.44231319782421985,192.0,0.061772384981448596,0.06966145833333333,16,1,1.0,6.6875,3072,3072,0,107,0,0,1,1,1053344889959510535
v16e_design_calibration_not_fresh_evidence,v16d,3511,61001,current_global,1571187005,compact_64_16_4,16,shuffled_clock,11,3072,3493,16,0,108,1955,0.030918980818780417,0.4403091898081878,192.0,0.09252674163001022,0.07096354166666667,16,1,1.0,6.75,3072,3072,0,108,0,0,1,1,10503811707179208148
v16e_design_calibration_not_fresh_evidence,v16d,3511,61001,current_global,1571187005,compact_64_16_4,16,shuffled_clock,12,3072,3493,16,0,108,1952,0.030918980818780417,0.44116805038648726,192.0,0.059262197916140874,0.06868489583333333,16,1,1.0,6.75,3072,3072,0,108,0,0,1,1,7804901718997701821
v16e_design_calibration_not_fresh_evidence,v16d,3511,61001,current_global,1571187005,compact_64_16_4,16,shuffled_clock,13,3072,3493,16,0,112,1944,0.03206412825651302,0.4434583452619525,192.0,0.07244390390476595,0.07259114583333333,16,1,1.0,7.0,3072,3072,0,112,0,0,1,1,16297699690931702672
v16e_design_calibration_not_fresh_evidence,v16d,3511,61001,current_global,1571187005,compact_64_16_4,16,shuffled_clock,14,3072,3493,16,0,111,1949,0.03177784139707988,0.4420269109647867,192.0,0.05415998890461618,0.0693359375,16,1,1.0,6.9375,3072,3072,0,111,0,0,1,1,16586902100142651867
v16e_design_calibration_not_fresh_evidence,v16d,3511,61001,current_global,1571187005,compact_64_16_4,16,shuffled_clock,15,3072,3493,16,0,112,1961,0.03206412825651302,0.4385914686515889,192.0,0.10600803057455739,0.07486979166666667,16,1,1.0,7.0,3072,3072,0,112,0,0,1,1,11853574030901348380
v16e_design_calibration_not_fresh_evidence,v16d,3511,61001,current_global,1571187005,compact_64_16_4,4,clock,-1,3072,3493,4,0,6,3081,0.0017177211565989122,0.11795018608645863,768.0,0.6376017260091428,0.4599609375,4,1,1.0,1.5,3072,3072,0,6,0,0,1,1,
v16e_design_calibration_not_fresh_evidence,v16d,3511,61001,current_global,1571187005,compact_64_16_4,4,event_count,-1,3072,3493,4,0,6,2947,0.0017177211565989122,0.156312625250501,768.0,0.0,0.25,4,1,1.0,1.5,3072,3072,0,6,0,0,1,1,
v16e_design_calibration_not_fresh_evidence,v16d,3511,61001,current_global,1571187005,compact_64_16_4,4,shuffled_clock,0,3072,3493,4,0,6,2949,0.0017177211565989122,0.1557400515316347,768.0,0.06056204073804384,0.2688802083333333,4,1,1.0,1.5,3072,3072,0,6,0,0,1,1,2827577835006344061
v16e_design_calibration_not_fresh_evidence,v16d,3511,61001,current_global,1571187005,compact_64_16_4,4,shuffled_clock,1,3072,3493,4,0,6,2961,0.0017177211565989122,0.1523046092184369,768.0,0.05205077107111116,0.2682291666666667,4,1,1.0,1.5,3072,3072,0,6,0,0,1,1,15174679671794086664
v16e_design_calibration_not_fresh_evidence,v16d,3511,61001,current_global,1571187005,compact_64_16_4,4,shuffled_clock,2,3072,3493,4,0,6,2938,0.0017177211565989122,0.15888920698539938,768.0,0.03148422063076759,0.2594401041666667,4,1,1.0,1.5,3072,3072,0,6,0,0,1,1,2531969832983772717
v16e_design_calibration_not_fresh_evidence,v16d,3511,61001,current_global,1571187005,compact_64_16_4,4,shuffled_clock,3,3072,3493,4,0,6,2952,0.0017177211565989122,0.15488119095333525,768.0,0.05762607580139844,0.2679036458333333,4,1,1.0,1.5,3072,3072,0,6,0,0,1,1,14804570559100513619
v16e_design_calibration_not_fresh_evidence,v16d,3511,61001,current_global,1571187005,compact_64_16_4,4,shuffled_clock,4,3072,3493,4,0,6,2950,0.0017177211565989122,0.15545376467220154,768.0,0.048684685145416455,0.2652994791666667,4,1,1.0,1.5,3072,3072,0,6,0,0,1,1,1041280811363443081
v16e_design_calibration_not_fresh_evidence,v16d,3511,61001,current_global,1571187005,compact_64_16_4,4,shuffled_clock,5,3072,3493,4,0,6,2954,0.0017177211565989122,0.15430861723446893,768.0,0.06132245749644071,0.26953125,4,1,1.0,1.5,3072,3072,0,6,0,0,1,1,3631848449129259233
v16e_design_calibration_not_fresh_evidence,v16d,3511,61001,current_global,1571187005,compact_64_16_4,4,shuffled_clock,6,3072,3493,4,0,6,2945,0.0017177211565989122,0.1568851989693673,768.0,0.03514821152956224,0.26171875,4,1,1.0,1.5,3072,3072,0,6,0,0,1,1,8293175934992625201
v16e_design_calibration_not_fresh_evidence,v16d,3511,61001,current_global,1571187005,compact_64_16_4,4,shuffled_clock,7,3072,3493,4,0,6,2950,0.0017177211565989122,0.15545376467220154,768.0,0.022727478231920218,0.2568359375,4,1,1.0,1.5,3072,3072,0,6,0,0,1,1,13769911185509604795
v16e_design_calibration_not_fresh_evidence,v16d,3511,61001,current_global,1571187005,compact_64_16_4,4,shuffled_clock,8,3072,3493,4,0,6,2945,0.0017177211565989122,0.1568851989693673,768.0,0.026663580821888314,0.2581380208333333,4,1,1.0,1.5,3072,3072,0,6,0,0,1,1,5954320880205882588
v16e_design_calibration_not_fresh_evidence,v16d,3511,61001,current_global,1571187005,compact_64_16_4,4,shuffled_clock,9,3072,3493,4,0,6,2943,0.0017177211565989122,0.1574577726882336,768.0,0.022826725333862336,0.2561848958333333,4,1,1.0,1.5,3072,3072,0,6,0,0,1,1,13672858116781388550
v16e_design_calibration_not_fresh_evidence,v16d,3511,61001,current_global,1571187005,compact_64_16_4,4,shuffled_clock,10,3072,3493,4,0,6,2945,0.0017177211565989122,0.1568851989693673,768.0,0.04897402969422407,0.2666015625,4,1,1.0,1.5,3072,3072,0,6,0,0,1,1,10147923916833290632
v16e_design_calibration_not_fresh_evidence,v16d,3511,61001,current_global,1571187005,compact_64_16_4,4,shuffled_clock,11,3072,3493,4,0,6,2950,0.0017177211565989122,0.15545376467220154,768.0,0.049888656407989625,0.2652994791666667,4,1,1.0,1.5,3072,3072,0,6,0,0,1,1,7294496367535313200
v16e_design_calibration_not_fresh_evidence,v16d,3511,61001,current_global,1571187005,compact_64_16_4,4,shuffled_clock,12,3072,3493,4,0,6,2948,0.0017177211565989122,0.15602633839106786,768.0,0.03316267620641158,0.2578125,4,1,1.0,1.5,3072,3072,0,6,0,0,1,1,18008379782434044197
v16e_design_calibration_not_fresh_evidence,v16d,3511,61001,current_global,1571187005,compact_64_16_4,4,shuffled_clock,13,3072,3493,4,0,6,2942,0.0017177211565989122,0.15774405954766677,768.0,0.05606523474377861,0.2682291666666667,4,1,1.0,1.5,3072,3072,0,6,0,0,1,1,13473409916603856613
v16e_design_calibration_not_fresh_evidence,v16d,3511,61001,current_global,1571187005,compact_64_16_4,4,shuffled_clock,14,3072,3493,4,0,6,2947,0.0017177211565989122,0.156312625250501,768.0,0.026979635881805648,0.2565104166666667,4,1,1.0,1.5,3072,3072,0,6,0,0,1,1,369987310222739377
v16e_design_calibration_not_fresh_evidence,v16d,3511,61001,current_global,1571187005,compact_64_16_4,4,shuffled_clock,15,3072,3493,4,0,6,2952,0.0017177211565989122,0.15488119095333525,768.0,0.045912672019471835,0.2623697916666667,4,1,1.0,1.5,3072,3072,0,6,0,0,1,1,18395169651025456091
v16e_design_calibration_not_fresh_evidence,v16d,3511,61001,exposure_matched_local,1671187005,wide_128_32_8,128,clock,-1,3072,3432,128,0,1091,470,0.3178904428904429,0.8630536130536131,24.0,0.6109420747686802,0.022135416666666668,128,1,1.0,8.5234375,3072,3072,0,1091,0,0,1,1,
v16e_design_calibration_not_fresh_evidence,v16d,3511,61001,exposure_matched_local,1671187005,wide_128_32_8,128,event_count,-1,3072,3432,128,0,1322,428,0.38519813519813517,0.8752913752913752,24.0,0.0,0.0078125,127,2,0.999876968503937,10.328125,3072,3072,0,1322,0,0,1,1,
v16e_design_calibration_not_fresh_evidence,v16d,3511,61001,exposure_matched_local,1671187005,wide_128_32_8,128,shuffled_clock,0,3072,3432,128,0,1264,473,0.3682983682983683,0.8621794871794872,24.0,0.2755432874106995,0.013997395833333334,126,2,0.999630905511811,9.875,3072,3072,0,1264,0,0,1,1,5459207395799878837
v16e_design_calibration_not_fresh_evidence,v16d,3511,61001,exposure_matched_local,1671187005,wide_128_32_8,128,shuffled_clock,1,3072,3432,128,0,1263,453,0.368006993006993,0.868006993006993,24.0,0.2640413751081994,0.014322916666666666,126,2,0.999507874015748,9.8671875,3072,3072,0,1263,0,0,1,1,12868498414566132288
v16e_design_calibration_not_fresh_evidence,v16d,3511,61001,exposure_matched_local,1671187005,wide_128_32_8,128,shuffled_clock,2,3072,3432,128,0,1273,463,0.3709207459207459,0.8650932400932401,24.0,0.28486155714075906,0.013671875,124,2,0.999261811023622,9.9453125,3072,3072,0,1273,0,0,1,1,9072321410838229962
v16e_design_calibration_not_fresh_evidence,v16d,3511,61001,exposure_matched_local,1671187005,wide_128_32_8,128,shuffled_clock,3,3072,3432,128,0,1288,451,0.3752913752913753,0.8685897435897436,24.0,0.25886512869763484,0.012044270833333334,127,2,0.999753937007874,10.0625,3072,3072,0,1288,0,0,1,1,5211934003600755275
v16e_design_calibration_not_fresh_evidence,v16d,3511,61001,exposure_matched_local,1671187005,wide_128_32_8,128,shuffled_clock,4,3072,3432,128,0,1282,455,0.3735431235431235,0.8674242424242424,24.0,0.28036307855711445,0.015299479166666666,127,2,0.999876968503937,10.015625,3072,3072,0,1282,0,0,1,1,17830217762670307768
v16e_design_calibration_not_fresh_evidence,v16d,3511,61001,exposure_matched_local,1671187005,wide_128_32_8,128,shuffled_clock,5,3072,3432,128,0,1278,449,0.3723776223776224,0.8691724941724942,24.0,0.26825315474495576,0.0126953125,125,2,0.999630905511811,9.984375,3072,3072,0,1278,0,0,1,1,10113112056143497212
v16e_design_calibration_not_fresh_evidence,v16d,3511,61001,exposure_matched_local,1671187005,wide_128_32_8,128,shuffled_clock,6,3072,3432,128,0,1279,470,0.3726689976689977,0.8630536130536131,24.0,0.27559289462820663,0.013671875,122,2,0.999138779527559,9.9921875,3072,3072,0,1279,0,0,1,1,14159351500395952244
v16e_design_calibration_not_fresh_evidence,v16d,3511,61001,exposure_matched_local,1671187005,wide_128_32_8,128,shuffled_clock,7,3072,3432,128,0,1269,431,0.36975524475524474,0.8744172494172494,24.0,0.261910087889399,0.0126953125,126,2,0.999630905511811,9.9140625,3072,3072,0,1269,0,0,1,1,15671721445933304444
v16e_design_calibration_not_fresh_evidence,v16d,3511,61001,exposure_matched_local,1671187005,wide_128_32_8,128,shuffled_clock,8,3072,3432,128,0,1285,478,0.3744172494172494,0.8607226107226107,24.0,0.26075928904671253,0.0126953125,126,2,0.9993848425196851,10.0390625,3072,3072,0,1285,0,0,1,1,17126495160185973775
v16e_design_calibration_not_fresh_evidence,v16d,3511,61001,exposure_matched_local,1671187005,wide_128_32_8,128,shuffled_clock,9,3072,3432,128,0,1276,460,0.3717948717948718,0.865967365967366,24.0,0.2573291379038686,0.012369791666666666,125,2,0.9993848425196851,9.96875,3072,3072,0,1276,0,0,1,1,5118310888482545234
v16e_design_calibration_not_fresh_evidence,v16d,3511,61001,exposure_matched_local,1671187005,wide_128_32_8,128,shuffled_clock,10,3072,3432,128,0,1261,436,0.36742424242424243,0.872960372960373,24.0,0.2675387642495999,0.012369791666666666,125,2,0.999630905511811,9.8515625,3072,3072,0,1261,0,0,1,1,17219273469147986441
v16e_design_calibration_not_fresh_evidence,v16d,3511,61001,exposure_matched_local,1671187005,wide_128_32_8,128,shuffled_clock,11,3072,3432,128,0,1268,430,0.36946386946386944,0.8747086247086248,24.0,0.2565310511955065,0.0126953125,127,2,0.999753937007874,9.90625,3072,3072,0,1268,0,0,1,1,17486124974127839109
v16e_design_calibration_not_fresh_evidence,v16d,3511,61001,exposure_matched_local,1671187005,wide_128_32_8,128,shuffled_clock,12,3072,3432,128,0,1266,442,0.3688811188811189,0.8712121212121212,24.0,0.2621187812196343,0.013020833333333334,123,2,0.999261811023622,9.890625,3072,3072,0,1266,0,0,1,1,10477959381420096711
v16e_design_calibration_not_fresh_evidence,v16d,3511,61001,exposure_matched_local,1671187005,wide_128_32_8,128,shuffled_clock,13,3072,3432,128,0,1275,455,0.3715034965034965,0.8674242424242424,24.0,0.28031431552021085,0.013671875,126,2,0.999753937007874,9.9609375,3072,3072,0,1275,0,0,1,1,18187819333914229918
v16e_design_calibration_not_fresh_evidence,v16d,3511,61001,exposure_matched_local,1671187005,wide_128_32_8,128,shuffled_clock,14,3072,3432,128,0,1284,433,0.3741258741258741,0.8738344988344988,24.0,0.25498100044155586,0.0126953125,126,2,0.999753937007874,10.03125,3072,3072,0,1284,0,0,1,1,14243184335370082399
v16e_design_calibration_not_fresh_evidence,v16d,3511,61001,exposure_matched_local,1671187005,wide_128_32_8,128,shuffled_clock,15,3072,3432,128,0,1301,472,0.3790792540792541,0.8624708624708625,24.0,0.2738013725331739,0.012369791666666666,126,2,0.999753937007874,10.1640625,3072,3072,0,1301,0,0,1,1,16124656920109044257
v16e_design_calibration_not_fresh_evidence,v16d,3511,61001,exposure_matched_local,1671187005,wide_128_32_8,32,clock,-1,3072,3432,32,0,195,1388,0.056818181818181816,0.5955710955710956,96.0,0.5874828412044708,0.07845052083333333,32,1,1.0,6.09375,3072,3072,0,195,0,0,1,1,
v16e_design_calibration_not_fresh_evidence,v16d,3511,61001,exposure_matched_local,1671187005,wide_128_32_8,32,event_count,-1,3072,3432,32,0,228,1280,0.06643356643356643,0.627039627039627,96.0,0.0,0.03125,32,1,1.0,7.125,3072,3072,0,228,0,0,1,1,
v16e_design_calibration_not_fresh_evidence,v16d,3511,61001,exposure_matched_local,1671187005,wide_128_32_8,32,shuffled_clock,0,3072,3432,32,0,228,1311,0.06643356643356643,0.618006993006993,96.0,0.12505599104424125,0.0380859375,32,1,1.0,7.125,3072,3072,0,228,0,0,1,1,10088201769155716258
v16e_design_calibration_not_fresh_evidence,v16d,3511,61001,exposure_matched_local,1671187005,wide_128_32_8,32,shuffled_clock,1,3072,3432,32,0,231,1293,0.0673076923076923,0.6232517482517482,96.0,0.12779689061513216,0.0390625,32,1,1.0,7.21875,3072,3072,0,231,0,0,1,1,11094023163730273466
v16e_design_calibration_not_fresh_evidence,v16d,3511,61001,exposure_matched_local,1671187005,wide_128_32_8,32,shuffled_clock,2,3072,3432,32,0,229,1308,0.06672494172494173,0.6188811188811189,96.0,0.12650306001654024,0.040690104166666664,32,1,1.0,7.15625,3072,3072,0,229,0,0,1,1,4407839619071631959
v16e_design_calibration_not_fresh_evidence,v16d,3511,61001,exposure_matched_local,1671187005,wide_128_32_8,32,shuffled_clock,3,3072,3432,32,0,230,1284,0.06701631701631702,0.6258741258741258,96.0,0.14326658235636,0.0390625,32,1,1.0,7.1875,3072,3072,0,230,0,0,1,1,2144417071578060358
v16e_design_calibration_not_fresh_evidence,v16d,3511,61001,exposure_matched_local,1671187005,wide_128_32_8,32,shuffled_clock,4,3072,3432,32,0,233,1300,0.0678904428904429,0.6212121212121212,96.0,0.15668621903843089,0.044921875,32,1,1.0,7.28125,3072,3072,0,233,0,0,1,1,9092935981839326140
v16e_design_calibration_not_fresh_evidence,v16d,3511,61001,exposure_matched_local,1671187005,wide_128_32_8,32,shuffled_clock,5,3072,3432,32,0,234,1271,0.06818181818181818,0.6296620046620046,96.0,0.127742100948899,0.0390625,32,1,1.0,7.3125,3072,3072,0,234,0,0,1,1,10108200073205142639
v16e_design_calibration_not_fresh_evidence,v16d,3511,61001,exposure_matched_local,1671187005,wide_128_32_8,32,shuffled_clock,6,3072,3432,32,0,228,1297,0.06643356643356643,0.622086247086247,96.0,0.12319485105378745,0.0390625,32,1,1.0,7.125,3072,3072,0,228,0,0,1,1,17839546560072200262
v16e_design_calibration_not_fresh_evidence,v16d,3511,61001,exposure_matched_local,1671187005,wide_128_32_8,32,shuffled_clock,7,3072,3432,32,0,233,1288,0.0678904428904429,0.6247086247086248,96.0,0.14826127886280976,0.043619791666666664,32,1,1.0,7.28125,3072,3072,0,233,0,0,1,1,11446306647047229830
v16e_design_calibration_not_fresh_evidence,v16d,3511,61001,exposure_matched_local,1671187005,wide_128_32_8,32,shuffled_clock,8,3072,3432,32,0,225,1297,0.06555944055944056,0.622086247086247,96.0,0.1645318586987995,0.043619791666666664,32,1,1.0,7.03125,3072,3072,0,225,0,0,1,1,15183093554201327519
v16e_design_calibration_not_fresh_evidence,v16d,3511,61001,exposure_matched_local,1671187005,wide_128_32_8,32,shuffled_clock,9,3072,3432,32,0,231,1294,0.0673076923076923,0.622960372960373,96.0,0.12173721073156929,0.037434895833333336,32,1,1.0,7.21875,3072,3072,0,231,0,0,1,1,13769907964296084161
v16e_design_calibration_not_fresh_evidence,v16d,3511,61001,exposure_matched_local,1671187005,wide_128_32_8,32,shuffled_clock,10,3072,3432,32,0,235,1306,0.06847319347319347,0.6194638694638694,96.0,0.14102578788811063,0.038736979166666664,32,1,1.0,7.34375,3072,3072,0,235,0,0,1,1,16262607660546293802
v16e_design_calibration_not_fresh_evidence,v16d,3511,61001,exposure_matched_local,1671187005,wide_128_32_8,32,shuffled_clock,11,3072,3432,32,0,233,1288,0.0678904428904429,0.6247086247086248,96.0,0.1592125067694996,0.041341145833333336,32,1,1.0,7.28125,3072,3072,0,233,0,0,1,1,14921372612619914289
v16e_design_calibration_not_fresh_evidence,v16d,3511,61001,exposure_matched_local,1671187005,wide_128_32_8,32,shuffled_clock,12,3072,3432,32,0,224,1283,0.06526806526806526,0.6261655011655012,96.0,0.1477409792623733,0.040364583333333336,32,1,1.0,7.0,3072,3072,0,224,0,0,1,1,11736586267401310740
v16e_design_calibration_not_fresh_evidence,v16d,3511,61001,exposure_matched_local,1671187005,wide_128_32_8,32,shuffled_clock,13,3072,3432,32,0,230,1303,0.06701631701631702,0.6203379953379954,96.0,0.16563440410848454,0.038736979166666664,32,1,1.0,7.1875,3072,3072,0,230,0,0,1,1,10522118074145101924
v16e_design_calibration_not_fresh_evidence,v16d,3511,61001,exposure_matched_local,1671187005,wide_128_32_8,32,shuffled_clock,14,3072,3432,32,0,227,1291,0.06614219114219114,0.6238344988344988,96.0,0.11380170848035014,0.037760416666666664,32,1,1.0,7.09375,3072,3072,0,227,0,0,1,1,8394753226120229659
v16e_design_calibration_not_fresh_evidence,v16d,3511,61001,exposure_matched_local,1671187005,wide_128_32_8,32,shuffled_clock,15,3072,3432,32,0,232,1296,0.0675990675990676,0.6223776223776224,96.0,0.17228435692649832,0.042317708333333336,32,1,1.0,7.25,3072,3072,0,232,0,0,1,1,11492543650220965841
v16e_design_calibration_not_fresh_evidence,v16d,3511,61001,exposure_matched_local,1671187005,wide_128_32_8,8,clock,-1,3072,3432,8,0,24,2653,0.006993006993006993,0.22698135198135197,384.0,0.6087976126021841,0.2649739583333333,8,1,1.0,3.0,3072,3072,0,24,0,0,1,1,
v16e_design_calibration_not_fresh_evidence,v16d,3511,61001,exposure_matched_local,1671187005,wide_128_32_8,8,event_count,-1,3072,3432,8,0,27,2486,0.007867132867132868,0.27564102564102566,384.0,0.0,0.125,8,1,1.0,3.375,3072,3072,0,27,0,0,1,1,
v16e_design_calibration_not_fresh_evidence,v16d,3511,61001,exposure_matched_local,1671187005,wide_128_32_8,8,shuffled_clock,0,3072,3432,8,0,27,2479,0.007867132867132868,0.2776806526806527,384.0,0.08432722045180302,0.13736979166666666,8,1,1.0,3.375,3072,3072,0,27,0,0,1,1,1148584980659703586
v16e_design_calibration_not_fresh_evidence,v16d,3511,61001,exposure_matched_local,1671187005,wide_128_32_8,8,shuffled_clock,1,3072,3432,8,0,27,2482,0.007867132867132868,0.2768065268065268,384.0,0.08035025323198704,0.13932291666666666,8,1,1.0,3.375,3072,3072,0,27,0,0,1,1,3278106342662456472
v16e_design_calibration_not_fresh_evidence,v16d,3511,61001,exposure_matched_local,1671187005,wide_128_32_8,8,shuffled_clock,2,3072,3432,8,0,27,2484,0.007867132867132868,0.2762237762237762,384.0,0.060000878383120626,0.13736979166666666,8,1,1.0,3.375,3072,3072,0,27,0,0,1,1,2300673655714939668
v16e_design_calibration_not_fresh_evidence,v16d,3511,61001,exposure_matched_local,1671187005,wide_128_32_8,8,shuffled_clock,3,3072,3432,8,0,27,2483,0.007867132867132868,0.2765151515151515,384.0,0.06209566632055454,0.1396484375,8,1,1.0,3.375,3072,3072,0,27,0,0,1,1,1513902176755987200
v16e_design_calibration_not_fresh_evidence,v16d,3511,61001,exposure_matched_local,1671187005,wide_128_32_8,8,shuffled_clock,4,3072,3432,8,0,27,2488,0.007867132867132868,0.27505827505827507,384.0,0.04000596743681566,0.13606770833333334,8,1,1.0,3.375,3072,3072,0,27,0,0,1,1,17952655488483147986
v16e_design_calibration_not_fresh_evidence,v16d,3511,61001,exposure_matched_local,1671187005,wide_128_32_8,8,shuffled_clock,5,3072,3432,8,0,27,2482,0.007867132867132868,0.2768065268065268,384.0,0.06951571243822256,0.13606770833333334,8,1,1.0,3.375,3072,3072,0,27,0,0,1,1,14036799279366517808
v16e_design_calibration_not_fresh_evidence,v16d,3511,61001,exposure_matched_local,1671187005,wide_128_32_8,8,shuffled_clock,6,3072,3432,8,0,28,2481,0.008158508158508158,0.2770979020979021,384.0,0.06691673245415732,0.1396484375,8,1,1.0,3.5,3072,3072,0,28,0,0,1,1,3759854757951899010
v16e_design_calibration_not_fresh_evidence,v16d,3511,61001,exposure_matched_local,1671187005,wide_128_32_8,8,shuffled_clock,7,3072,3432,8,0,26,2483,0.007575757575757576,0.2765151515151515,384.0,0.05652558703001059,0.13346354166666666,8,1,1.0,3.25,3072,3072,0,26,0,0,1,1,4235865749053301914
v16e_design_calibration_not_fresh_evidence,v16d,3511,61001,exposure_matched_local,1671187005,wide_128_32_8,8,shuffled_clock,8,3072,3432,8,0,27,2472,0.007867132867132868,0.27972027972027974,384.0,0.07015386646620933,0.14029947916666666,8,1,1.0,3.375,3072,3072,0,27,0,0,1,1,7801563505500479694
v16e_design_calibration_not_fresh_evidence,v16d,3511,61001,exposure_matched_local,1671187005,wide_128_32_8,8,shuffled_clock,9,3072,3432,8,0,27,2489,0.007867132867132868,0.2747668997668998,384.0,0.08397031478374338,0.13541666666666666,8,1,1.0,3.375,3072,3072,0,27,0,0,1,1,8874854685176039714
v16e_design_calibration_not_fresh_evidence,v16d,3511,61001,exposure_matched_local,1671187005,wide_128_32_8,8,shuffled_clock,10,3072,3432,8,0,27,2489,0.007867132867132868,0.2747668997668998,384.0,0.04491176451957666,0.13248697916666666,8,1,1.0,3.375,3072,3072,0,27,0,0,1,1,2581003232717851902
v16e_design_calibration_not_fresh_evidence,v16d,3511,61001,exposure_matched_local,1671187005,wide_128_32_8,8,shuffled_clock,11,3072,3432,8,0,27,2484,0.007867132867132868,0.2762237762237762,384.0,0.054465607094301205,0.1337890625,8,1,1.0,3.375,3072,3072,0,27,0,0,1,1,17672342803796707185
v16e_design_calibration_not_fresh_evidence,v16d,3511,61001,exposure_matched_local,1671187005,wide_128_32_8,8,shuffled_clock,12,3072,3432,8,0,26,2491,0.007575757575757576,0.2741841491841492,384.0,0.06576303510114391,0.13411458333333334,8,1,1.0,3.25,3072,3072,0,26,0,0,1,1,12194892087948810191
v16e_design_calibration_not_fresh_evidence,v16d,3511,61001,exposure_matched_local,1671187005,wide_128_32_8,8,shuffled_clock,13,3072,3432,8,0,26,2493,0.007575757575757576,0.2736013986013986,384.0,0.08712985058575068,0.13997395833333334,8,1,1.0,3.25,3072,3072,0,26,0,0,1,1,4829344067462768795
v16e_design_calibration_not_fresh_evidence,v16d,3511,61001,exposure_matched_local,1671187005,wide_128_32_8,8,shuffled_clock,14,3072,3432,8,0,27,2484,0.007867132867132868,0.2762237762237762,384.0,0.05819765258043503,0.13216145833333334,8,1,1.0,3.375,3072,3072,0,27,0,0,1,1,5923085635934155495
v16e_design_calibration_not_fresh_evidence,v16d,3511,61001,exposure_matched_local,1671187005,wide_128_32_8,8,shuffled_clock,15,3072,3432,8,0,27,2481,0.007867132867132868,0.2770979020979021,384.0,0.06722008023282876,0.134765625,8,1,1.0,3.375,3072,3072,0,27,0,0,1,1,7734623742712806592
v16e_design_calibration_not_fresh_evidence,v16d,3511,61001,exposure_matched_local,1671187005,compact_64_16_4,64,clock,-1,3072,3432,64,0,476,820,0.1386946386946387,0.7610722610722611,48.0,0.5903769757917169,0.042317708333333336,64,1,1.0,7.4375,3072,3072,0,476,0,0,1,1,
v16e_design_calibration_not_fresh_evidence,v16d,3511,61001,exposure_matched_local,1671187005,compact_64_16_4,64,event_count,-1,3072,3432,64,0,573,771,0.16695804195804195,0.7753496503496503,48.0,0.0,0.015625,64,1,1.0,8.953125,3072,3072,0,573,0,0,1,1,
v16e_design_calibration_not_fresh_evidence,v16d,3511,61001,exposure_matched_local,1671187005,compact_64_16_4,64,shuffled_clock,0,3072,3432,64,0,565,801,0.16462703962703962,0.7666083916083916,48.0,0.2289410866664635,0.026692708333333332,64,1,1.0,8.828125,3072,3072,0,565,0,0,1,1,9266514985121164730
v16e_design_calibration_not_fresh_evidence,v16d,3511,61001,exposure_matched_local,1671187005,compact_64_16_4,64,shuffled_clock,1,3072,3432,64,0,567,793,0.1652097902097902,0.7689393939393939,48.0,0.20310910092437237,0.022135416666666668,64,1,1.0,8.859375,3072,3072,0,567,0,0,1,1,16067207881203770462
v16e_design_calibration_not_fresh_evidence,v16d,3511,61001,exposure_matched_local,1671187005,compact_64_16_4,64,shuffled_clock,2,3072,3432,64,0,567,796,0.1652097902097902,0.7680652680652681,48.0,0.198546581813719,0.0234375,64,1,1.0,8.859375,3072,3072,0,567,0,0,1,1,17508555272988840732
v16e_design_calibration_not_fresh_evidence,v16d,3511,61001,exposure_matched_local,1671187005,compact_64_16_4,64,shuffled_clock,3,3072,3432,64,0,575,797,0.16754079254079254,0.7677738927738927,48.0,0.17736031093280114,0.024739583333333332,64,1,1.0,8.984375,3072,3072,0,575,0,0,1,1,1756194202910759725
v16e_design_calibration_not_fresh_evidence,v16d,3511,61001,exposure_matched_local,1671187005,compact_64_16_4,64,shuffled_clock,4,3072,3432,64,0,559,794,0.16287878787878787,0.7686480186480187,48.0,0.20717269291911525,0.0234375,64,1,1.0,8.734375,3072,3072,0,559,0,0,1,1,6052377981418105086
v16e_design_calibration_not_fresh_evidence,v16d,3511,61001,exposure_matched_local,1671187005,compact_64_16_4,64,shuffled_clock,5,3072,3432,64,0,571,803,0.16637529137529136,0.7660256410256411,48.0,0.2131066917793262,0.025390625,64,1,1.0,8.921875,3072,3072,0,571,0,0,1,1,8575035881204375579
v16e_design_calibration_not_fresh_evidence,v16d,3511,61001,exposure_matched_local,1671187005,compact_64_16_4,64,shuffled_clock,6,3072,3432,64,0,562,782,0.16375291375291376,0.7721445221445221,48.0,0.16740906083839566,0.022786458333333332,64,1,1.0,8.78125,3072,3072,0,562,0,0,1,1,15633704446870654961
v16e_design_calibration_not_fresh_evidence,v16d,3511,61001,exposure_matched_local,1671187005,compact_64_16_4,64,shuffled_clock,7,3072,3432,64,0,567,781,0.1652097902097902,0.7724358974358975,48.0,0.19025387985716735,0.024088541666666668,64,1,1.0,8.859375,3072,3072,0,567,0,0,1,1,11978189450315869647
v16e_design_calibration_not_fresh_evidence,v16d,3511,61001,exposure_matched_local,1671187005,compact_64_16_4,64,shuffled_clock,8,3072,3432,64,0,560,807,0.16317016317016317,0.7648601398601399,48.0,0.1965237463830166,0.025716145833333332,64,1,1.0,8.75,3072,3072,0,560,0,0,1,1,16830550666261608222
v16e_design_calibration_not_fresh_evidence,v16d,3511,61001,exposure_matched_local,1671187005,compact_64_16_4,64,shuffled_clock,9,3072,3432,64,0,572,817,0.16666666666666666,0.7619463869463869,48.0,0.2021912042319919,0.021484375,64,1,1.0,8.9375,3072,3072,0,572,0,0,1,1,8833257757561797629
v16e_design_calibration_not_fresh_evidence,v16d,3511,61001,exposure_matched_local,1671187005,compact_64_16_4,64,shuffled_clock,10,3072,3432,64,0,563,790,0.16404428904428905,0.7698135198135199,48.0,0.20085794817212324,0.023111979166666668,64,1,1.0,8.796875,3072,3072,0,563,0,0,1,1,10718542190181654106
v16e_design_calibration_not_fresh_evidence,v16d,3511,61001,exposure_matched_local,1671187005,compact_64_16_4,64,shuffled_clock,11,3072,3432,64,0,572,807,0.16666666666666666,0.7648601398601399,48.0,0.17611292623369848,0.022786458333333332,64,1,1.0,8.9375,3072,3072,0,572,0,0,1,1,13746953176489547339
v16e_design_calibration_not_fresh_evidence,v16d,3511,61001,exposure_matched_local,1671187005,compact_64_16_4,64,shuffled_clock,12,3072,3432,64,0,576,812,0.16783216783216784,0.7634032634032634,48.0,0.18941919023591466,0.021809895833333332,64,1,1.0,9.0,3072,3072,0,576,0,0,1,1,16220701100572301063
v16e_design_calibration_not_fresh_evidence,v16d,3511,61001,exposure_matched_local,1671187005,compact_64_16_4,64,shuffled_clock,13,3072,3432,64,0,582,813,0.16958041958041958,0.7631118881118881,48.0,0.1879953773494495,0.020182291666666668,64,1,1.0,9.09375,3072,3072,0,582,0,0,1,1,17580606837792789053
v16e_design_calibration_not_fresh_evidence,v16d,3511,61001,exposure_matched_local,1671187005,compact_64_16_4,64,shuffled_clock,14,3072,3432,64,0,577,806,0.16812354312354313,0.7651515151515151,48.0,0.20750496689833223,0.025390625,64,1,1.0,9.015625,3072,3072,0,577,0,0,1,1,7007649073633603041
v16e_design_calibration_not_fresh_evidence,v16d,3511,61001,exposure_matched_local,1671187005,compact_64_16_4,64,shuffled_clock,15,3072,3432,64,0,564,793,0.16433566433566432,0.7689393939393939,48.0,0.1993084937010354,0.0224609375,64,1,1.0,8.8125,3072,3072,0,564,0,0,1,1,11554122695427332856
v16e_design_calibration_not_fresh_evidence,v16d,3511,61001,exposure_matched_local,1671187005,compact_64_16_4,16,clock,-1,3072,3432,16,0,81,2045,0.0236013986013986,0.40413752913752915,192.0,0.5909565133700148,0.1396484375,16,1,1.0,5.0625,3072,3072,0,81,0,0,1,1,
v16e_design_calibration_not_fresh_evidence,v16d,3511,61001,exposure_matched_local,1671187005,compact_64_16_4,16,event_count,-1,3072,3432,16,0,90,1887,0.026223776223776224,0.45017482517482516,192.0,0.0,0.0625,16,1,1.0,5.625,3072,3072,0,90,0,0,1,1,
v16e_design_calibration_not_fresh_evidence,v16d,3511,61001,exposure_matched_local,1671187005,compact_64_16_4,16,shuffled_clock,0,3072,3432,16,0,93,1901,0.027097902097902096,0.4460955710955711,192.0,0.11350502721775675,0.07584635416666667,16,1,1.0,5.8125,3072,3072,0,93,0,0,1,1,18119572987542426221
v16e_design_calibration_not_fresh_evidence,v16d,3511,61001,exposure_matched_local,1671187005,compact_64_16_4,16,shuffled_clock,1,3072,3432,16,0,89,1888,0.025932400932400932,0.44988344988344986,192.0,0.08426132603285337,0.06998697916666667,16,1,1.0,5.5625,3072,3072,0,89,0,0,1,1,6849211723818343004
v16e_design_calibration_not_fresh_evidence,v16d,3511,61001,exposure_matched_local,1671187005,compact_64_16_4,16,shuffled_clock,2,3072,3432,16,0,89,1888,0.025932400932400932,0.44988344988344986,192.0,0.09419262793556303,0.07291666666666667,16,1,1.0,5.5625,3072,3072,0,89,0,0,1,1,11014238336769585510
v16e_design_calibration_not_fresh_evidence,v16d,3511,61001,exposure_matched_local,1671187005,compact_64_16_4,16,shuffled_clock,3,3072,3432,16,0,89,1908,0.025932400932400932,0.44405594405594406,192.0,0.09814173306253828,0.07486979166666667,16,1,1.0,5.5625,3072,3072,0,89,0,0,1,1,533795524742333460
v16e_design_calibration_not_fresh_evidence,v16d,3511,61001,exposure_matched_local,1671187005,compact_64_16_4,16,shuffled_clock,4,3072,3432,16,0,81,1897,0.0236013986013986,0.44726107226107226,192.0,0.08184433621436715,0.07161458333333333,16,1,1.0,5.0625,3072,3072,0,81,0,0,1,1,6245538162686631034
v16e_design_calibration_not_fresh_evidence,v16d,3511,61001,exposure_matched_local,1671187005,compact_64_16_4,16,shuffled_clock,5,3072,3432,16,0,90,1880,0.026223776223776224,0.4522144522144522,192.0,0.10893595744323392,0.0712890625,16,1,1.0,5.625,3072,3072,0,90,0,0,1,1,3171856007673703591
v16e_design_calibration_not_fresh_evidence,v16d,3511,61001,exposure_matched_local,1671187005,compact_64_16_4,16,shuffled_clock,6,3072,3432,16,0,83,1909,0.024184149184149184,0.44376456876456877,192.0,0.08906097708249607,0.0712890625,16,1,1.0,5.1875,3072,3072,0,83,0,0,1,1,18342257038096131007
v16e_design_calibration_not_fresh_evidence,v16d,3511,61001,exposure_matched_local,1671187005,compact_64_16_4,16,shuffled_clock,7,3072,3432,16,0,89,1893,0.025932400932400932,0.44842657342657344,192.0,0.08627616350353606,0.07063802083333333,16,1,1.0,5.5625,3072,3072,0,89,0,0,1,1,1795793260099136367
v16e_design_calibration_not_fresh_evidence,v16d,3511,61001,exposure_matched_local,1671187005,compact_64_16_4,16,shuffled_clock,8,3072,3432,16,0,90,1883,0.026223776223776224,0.45134032634032634,192.0,0.0862551997895822,0.07161458333333333,16,1,1.0,5.625,3072,3072,0,90,0,0,1,1,2831242985709166265
v16e_design_calibration_not_fresh_evidence,v16d,3511,61001,exposure_matched_local,1671187005,compact_64_16_4,16,shuffled_clock,9,3072,3432,16,0,90,1881,0.026223776223776224,0.4519230769230769,192.0,0.08509424241740797,0.0712890625,16,1,1.0,5.625,3072,3072,0,90,0,0,1,1,14679690418512237126
v16e_design_calibration_not_fresh_evidence,v16d,3511,61001,exposure_matched_local,1671187005,compact_64_16_4,16,shuffled_clock,10,3072,3432,16,0,90,1886,0.026223776223776224,0.45046620046620045,192.0,0.06664496174450042,0.06966145833333333,16,1,1.0,5.625,3072,3072,0,90,0,0,1,1,16427470307587830713
v16e_design_calibration_not_fresh_evidence,v16d,3511,61001,exposure_matched_local,1671187005,compact_64_16_4,16,shuffled_clock,11,3072,3432,16,0,89,1908,0.025932400932400932,0.44405594405594406,192.0,0.1183105905375057,0.07486979166666667,16,1,1.0,5.5625,3072,3072,0,89,0,0,1,1,12900137254487840890
v16e_design_calibration_not_fresh_evidence,v16d,3511,61001,exposure_matched_local,1671187005,compact_64_16_4,16,shuffled_clock,12,3072,3432,16,0,85,1895,0.024766899766899768,0.44784382284382285,192.0,0.07141306875417754,0.0712890625,16,1,1.0,5.3125,3072,3072,0,85,0,0,1,1,17492751580845909279
v16e_design_calibration_not_fresh_evidence,v16d,3511,61001,exposure_matched_local,1671187005,compact_64_16_4,16,shuffled_clock,13,3072,3432,16,0,89,1882,0.025932400932400932,0.45163170163170163,192.0,0.07501928764336888,0.07161458333333333,16,1,1.0,5.5625,3072,3072,0,89,0,0,1,1,18394492873635458536
v16e_design_calibration_not_fresh_evidence,v16d,3511,61001,exposure_matched_local,1671187005,compact_64_16_4,16,shuffled_clock,14,3072,3432,16,0,91,1886,0.026515151515151516,0.45046620046620045,192.0,0.09505267789007353,0.07421875,16,1,1.0,5.6875,3072,3072,0,91,0,0,1,1,18068205529815171999
v16e_design_calibration_not_fresh_evidence,v16d,3511,61001,exposure_matched_local,1671187005,compact_64_16_4,16,shuffled_clock,15,3072,3432,16,0,88,1902,0.02564102564102564,0.4458041958041958,192.0,0.09839937165750905,0.07421875,16,1,1.0,5.5,3072,3072,0,88,0,0,1,1,11416808697017287546
v16e_design_calibration_not_fresh_evidence,v16d,3511,61001,exposure_matched_local,1671187005,compact_64_16_4,4,clock,-1,3072,3432,4,0,6,3044,0.0017482517482517483,0.11305361305361306,768.0,0.6318660403324009,0.4586588541666667,4,1,1.0,1.5,3072,3072,0,6,0,0,1,1,
v16e_design_calibration_not_fresh_evidence,v16d,3511,61001,exposure_matched_local,1671187005,compact_64_16_4,4,event_count,-1,3072,3432,4,0,6,2925,0.0017482517482517483,0.14772727272727273,768.0,0.0,0.25,4,1,1.0,1.5,3072,3072,0,6,0,0,1,1,
v16e_design_calibration_not_fresh_evidence,v16d,3511,61001,exposure_matched_local,1671187005,compact_64_16_4,4,shuffled_clock,0,3072,3432,4,0,6,2933,0.0017482517482517483,0.1453962703962704,768.0,0.03739194017958306,0.2639973958333333,4,1,1.0,1.5,3072,3072,0,6,0,0,1,1,14548207343051098665
v16e_design_calibration_not_fresh_evidence,v16d,3511,61001,exposure_matched_local,1671187005,compact_64_16_4,4,shuffled_clock,1,3072,3432,4,0,6,2930,0.0017482517482517483,0.14627039627039626,768.0,0.04410456932451473,0.2662760416666667,4,1,1.0,1.5,3072,3072,0,6,0,0,1,1,9331364566629774383
v16e_design_calibration_not_fresh_evidence,v16d,3511,61001,exposure_matched_local,1671187005,compact_64_16_4,4,shuffled_clock,2,3072,3432,4,0,6,2924,0.0017482517482517483,0.14801864801864803,768.0,0.02096852834927285,0.2545572916666667,4,1,1.0,1.5,3072,3072,0,6,0,0,1,1,2203851408726234105
v16e_design_calibration_not_fresh_evidence,v16d,3511,61001,exposure_matched_local,1671187005,compact_64_16_4,4,shuffled_clock,3,3072,3432,4,0,6,2919,0.0017482517482517483,0.14947552447552448,768.0,0.06387732949474038,0.2652994791666667,4,1,1.0,1.5,3072,3072,0,6,0,0,1,1,18191837377652971866
v16e_design_calibration_not_fresh_evidence,v16d,3511,61001,exposure_matched_local,1671187005,compact_64_16_4,4,shuffled_clock,4,3072,3432,4,0,6,2920,0.0017482517482517483,0.14918414918414918,768.0,0.0643445265656554,0.2666015625,4,1,1.0,1.5,3072,3072,0,6,0,0,1,1,4521489968621859827
v16e_design_calibration_not_fresh_evidence,v16d,3511,61001,exposure_matched_local,1671187005,compact_64_16_4,4,shuffled_clock,5,3072,3432,4,0,6,2917,0.0017482517482517483,0.15005827505827507,768.0,0.03967973002826179,0.2604166666666667,4,1,1.0,1.5,3072,3072,0,6,0,0,1,1,7198314186640380458
v16e_design_calibration_not_fresh_evidence,v16d,3511,61001,exposure_matched_local,1671187005,compact_64_16_4,4,shuffled_clock,6,3072,3432,4,0,6,2927,0.0017482517482517483,0.14714452214452214,768.0,0.07262933218018609,0.2679036458333333,4,1,1.0,1.5,3072,3072,0,6,0,0,1,1,7145156953956442542
v16e_design_calibration_not_fresh_evidence,v16d,3511,61001,exposure_matched_local,1671187005,compact_64_16_4,4,shuffled_clock,7,3072,3432,4,0,6,2938,0.0017482517482517483,0.14393939393939395,768.0,0.06174493262027587,0.2607421875,4,1,1.0,1.5,3072,3072,0,6,0,0,1,1,15270804016545269141
v16e_design_calibration_not_fresh_evidence,v16d,3511,61001,exposure_matched_local,1671187005,compact_64_16_4,4,shuffled_clock,8,3072,3432,4,0,6,2916,0.0017482517482517483,0.15034965034965034,768.0,0.05765548936816344,0.2708333333333333,4,1,1.0,1.5,3072,3072,0,6,0,0,1,1,12192435285360455972
v16e_design_calibration_not_fresh_evidence,v16d,3511,61001,exposure_matched_local,1671187005,compact_64_16_4,4,shuffled_clock,9,3072,3432,4,0,6,2918,0.0017482517482517483,0.14976689976689977,768.0,0.04718742335044057,0.2633463541666667,4,1,1.0,1.5,3072,3072,0,6,0,0,1,1,3210383060467176762
v16e_design_calibration_not_fresh_evidence,v16d,3511,61001,exposure_matched_local,1671187005,compact_64_16_4,4,shuffled_clock,10,3072,3432,4,0,6,2922,0.0017482517482517483,0.1486013986013986,768.0,0.036905124426182837,0.2604166666666667,4,1,1.0,1.5,3072,3072,0,6,0,0,1,1,153127139525549540
v16e_design_calibration_not_fresh_evidence,v16d,3511,61001,exposure_matched_local,1671187005,compact_64_16_4,4,shuffled_clock,11,3072,3432,4,0,6,2918,0.0017482517482517483,0.14976689976689977,768.0,0.0662486214697598,0.2666015625,4,1,1.0,1.5,3072,3072,0,6,0,0,1,1,9378002286836591819
v16e_design_calibration_not_fresh_evidence,v16d,3511,61001,exposure_matched_local,1671187005,compact_64_16_4,4,shuffled_clock,12,3072,3432,4,0,6,2918,0.0017482517482517483,0.14976689976689977,768.0,0.03628742181610847,0.2594401041666667,4,1,1.0,1.5,3072,3072,0,6,0,0,1,1,15375422686019466041
v16e_design_calibration_not_fresh_evidence,v16d,3511,61001,exposure_matched_local,1671187005,compact_64_16_4,4,shuffled_clock,13,3072,3432,4,0,6,2926,0.0017482517482517483,0.14743589743589744,768.0,0.06108237467509817,0.2643229166666667,4,1,1.0,1.5,3072,3072,0,6,0,0,1,1,7438307721528821966
v16e_design_calibration_not_fresh_evidence,v16d,3511,61001,exposure_matched_local,1671187005,compact_64_16_4,4,shuffled_clock,14,3072,3432,4,0,6,2925,0.0017482517482517483,0.14772727272727273,768.0,0.04430911335201446,0.2610677083333333,4,1,1.0,1.5,3072,3072,0,6,0,0,1,1,7161458449701220880
v16e_design_calibration_not_fresh_evidence,v16d,3511,61001,exposure_matched_local,1671187005,compact_64_16_4,4,shuffled_clock,15,3072,3432,4,0,6,2926,0.0017482517482517483,0.14743589743589744,768.0,0.01968975038578777,0.2545572916666667,4,1,1.0,1.5,3072,3072,0,6,0,0,1,1,16962552690887819520
v16e_design_calibration_not_fresh_evidence,v16d,3511,61043,current_global,1571187047,wide_128_32_8,128,clock,-1,3072,3615,128,0,1185,457,0.3278008298755187,0.873582295988935,24.0,0.6912898603633065,0.0234375,125,2,0.999630905511811,9.2578125,3072,3072,0,1185,0,0,1,1,
v16e_design_calibration_not_fresh_evidence,v16d,3511,61043,current_global,1571187047,wide_128_32_8,128,event_count,-1,3072,3615,128,0,1487,401,0.41134163208852004,0.889073305670816,24.0,0.0,0.0078125,126,2,0.999630905511811,11.6171875,3072,3072,0,1487,0,0,1,1,
v16e_design_calibration_not_fresh_evidence,v16d,3511,61043,current_global,1571187047,wide_128_32_8,128,shuffled_clock,0,3072,3615,128,0,1454,448,0.4022130013831259,0.8760719225449516,24.0,0.23260807796647584,0.01171875,123,2,0.999138779527559,11.359375,3072,3072,0,1454,0,0,1,1,10254610114198000612
v16e_design_calibration_not_fresh_evidence,v16d,3511,61043,current_global,1571187047,wide_128_32_8,128,shuffled_clock,1,3072,3615,128,0,1436,425,0.39723374827109265,0.8824343015214384,24.0,0.27435002325148933,0.013346354166666666,125,2,0.999630905511811,11.21875,3072,3072,0,1436,0,0,1,1,12152478219999519068
v16e_design_calibration_not_fresh_evidence,v16d,3511,61043,current_global,1571187047,wide_128_32_8,128,shuffled_clock,2,3072,3615,128,0,1448,450,0.4005532503457815,0.8755186721991701,24.0,0.2888171641899225,0.014322916666666666,124,2,0.9984005905511811,11.3125,3072,3072,0,1448,0,0,1,1,11900365919407111642
v16e_design_calibration_not_fresh_evidence,v16d,3511,61043,current_global,1571187047,wide_128_32_8,128,shuffled_clock,3,3072,3615,128,0,1414,422,0.39114799446749654,0.8832641770401106,24.0,0.2955080741236455,0.0146484375,121,2,0.9986466535433071,11.046875,3072,3072,0,1414,0,0,1,1,16127599957605874411
v16e_design_calibration_not_fresh_evidence,v16d,3511,61043,current_global,1571187047,wide_128_32_8,128,shuffled_clock,4,3072,3615,128,0,1410,422,0.3900414937759336,0.8832641770401106,24.0,0.2563178083895807,0.013020833333333334,126,2,0.999753937007874,11.015625,3072,3072,0,1410,0,0,1,1,16833119781014029167
v16e_design_calibration_not_fresh_evidence,v16d,3511,61043,current_global,1571187047,wide_128_32_8,128,shuffled_clock,5,3072,3615,128,0,1447,432,0.40027662517289075,0.8804979253112033,24.0,0.2587594910157426,0.012044270833333334,126,2,0.999630905511811,11.3046875,3072,3072,0,1447,0,0,1,1,933667283438513639
v16e_design_calibration_not_fresh_evidence,v16d,3511,61043,current_global,1571187047,wide_128_32_8,128,shuffled_clock,6,3072,3615,128,0,1427,436,0.39474412171507606,0.8793914246196404,24.0,0.29472060705093633,0.013346354166666666,125,2,0.999630905511811,11.1484375,3072,3072,0,1427,0,0,1,1,14068064744370211667
v16e_design_calibration_not_fresh_evidence,v16d,3511,61043,current_global,1571187047,wide_128_32_8,128,shuffled_clock,7,3072,3615,128,0,1446,445,0.4,0.8769017980636238,24.0,0.2882486259138235,0.0126953125,123,2,0.999261811023622,11.296875,3072,3072,0,1446,0,0,1,1,2777600812970138991
v16e_design_calibration_not_fresh_evidence,v16d,3511,61043,current_global,1571187047,wide_128_32_8,128,shuffled_clock,8,3072,3615,128,0,1446,443,0.4,0.8774550484094052,24.0,0.2844773876373839,0.014973958333333334,125,2,0.999507874015748,11.296875,3072,3072,0,1446,0,0,1,1,7515588748114133063
v16e_design_calibration_not_fresh_evidence,v16d,3511,61043,current_global,1571187047,wide_128_32_8,128,shuffled_clock,9,3072,3615,128,0,1443,434,0.3991701244813278,0.8799446749654218,24.0,0.2722994337623503,0.0126953125,125,2,0.999507874015748,11.2734375,3072,3072,0,1443,0,0,1,1,5823269757856772025
v16e_design_calibration_not_fresh_evidence,v16d,3511,61043,current_global,1571187047,wide_128_32_8,128,shuffled_clock,10,3072,3615,128,0,1468,436,0.40608575380359613,0.8793914246196404,24.0,0.2779144458193935,0.013671875,123,2,0.999138779527559,11.46875,3072,3072,0,1468,0,0,1,1,7271930826759837324
v16e_design_calibration_not_fresh_evidence,v16d,3511,61043,current_global,1571187047,wide_128_32_8,128,shuffled_clock,11,3072,3615,128,0,1456,446,0.40276625172890734,0.876625172890733,24.0,0.3033604441174197,0.013671875,119,3,0.9984005905511811,11.375,3072,3072,0,1456,0,0,1,1,8634118555558704624
v16e_design_calibration_not_fresh_evidence,v16d,3511,61043,current_global,1571187047,wide_128_32_8,128,shuffled_clock,12,3072,3615,128,0,1420,439,0.39280774550484093,0.8785615491009682,24.0,0.312855222429201,0.014973958333333334,122,2,0.999261811023622,11.09375,3072,3072,0,1420,0,0,1,1,2910396304609224026
v16e_design_calibration_not_fresh_evidence,v16d,3511,61043,current_global,1571187047,wide_128_32_8,128,shuffled_clock,13,3072,3615,128,0,1443,449,0.3991701244813278,0.8757952973720609,24.0,0.2985456142945717,0.016276041666666668,125,2,0.999507874015748,11.2734375,3072,3072,0,1443,0,0,1,1,10002720228694051205
v16e_design_calibration_not_fresh_evidence,v16d,3511,61043,current_global,1571187047,wide_128_32_8,128,shuffled_clock,14,3072,3615,128,0,1462,451,0.40442600276625174,0.8752420470262794,24.0,0.2611783480379155,0.012044270833333334,123,2,0.999261811023622,11.421875,3072,3072,0,1462,0,0,1,1,13076604189584658235
v16e_design_calibration_not_fresh_evidence,v16d,3511,61043,current_global,1571187047,wide_128_32_8,128,shuffled_clock,15,3072,3615,128,0,1444,439,0.39944674965421856,0.8785615491009682,24.0,0.26825315474495576,0.012044270833333334,126,2,0.999507874015748,11.28125,3072,3072,0,1444,0,0,1,1,5385445830013455641
v16e_design_calibration_not_fresh_evidence,v16d,3511,61043,current_global,1571187047,wide_128_32_8,32,clock,-1,3072,3615,32,0,240,1388,0.06639004149377593,0.6160442600276625,96.0,0.6711459066082347,0.0771484375,32,1,1.0,7.5,3072,3072,0,240,0,0,1,1,
v16e_design_calibration_not_fresh_evidence,v16d,3511,61043,current_global,1571187047,wide_128_32_8,32,event_count,-1,3072,3615,32,0,285,1247,0.07883817427385892,0.6550484094052559,96.0,0.0,0.03125,32,1,1.0,8.90625,3072,3072,0,285,0,0,1,1,
v16e_design_calibration_not_fresh_evidence,v16d,3511,61043,current_global,1571187047,wide_128_32_8,32,shuffled_clock,0,3072,3615,32,0,286,1273,0.07911479944674965,0.6478561549100968,96.0,0.12763245105663376,0.039388020833333336,32,1,1.0,8.9375,3072,3072,0,286,0,0,1,1,8550188367654872965
v16e_design_calibration_not_fresh_evidence,v16d,3511,61043,current_global,1571187047,wide_128_32_8,32,shuffled_clock,1,3072,3615,32,0,289,1263,0.07994467496542185,0.6506224066390042,96.0,0.13029231162863775,0.038736979166666664,32,1,1.0,9.03125,3072,3072,0,289,0,0,1,1,13963823590750109452
v16e_design_calibration_not_fresh_evidence,v16d,3511,61043,current_global,1571187047,wide_128_32_8,32,shuffled_clock,2,3072,3615,32,0,295,1262,0.08160442600276625,0.6508990318118949,96.0,0.16303588919276193,0.041341145833333336,32,1,1.0,9.21875,3072,3072,0,295,0,0,1,1,17773956735684622675
v16e_design_calibration_not_fresh_evidence,v16d,3511,61043,current_global,1571187047,wide_128_32_8,32,shuffled_clock,3,3072,3615,32,0,294,1264,0.08132780082987552,0.6503457814661134,96.0,0.20528686546541766,0.044921875,32,1,1.0,9.1875,3072,3072,0,294,0,0,1,1,764082724955607417
v16e_design_calibration_not_fresh_evidence,v16d,3511,61043,current_global,1571187047,wide_128_32_8,32,shuffled_clock,4,3072,3615,32,0,290,1261,0.08022130013831259,0.6511756569847856,96.0,0.127742100948899,0.039388020833333336,32,1,1.0,9.0625,3072,3072,0,290,0,0,1,1,4815986658990028045
v16e_design_calibration_not_fresh_evidence,v16d,3511,61043,current_global,1571187047,wide_128_32_8,32,shuffled_clock,5,3072,3615,32,0,300,1251,0.08298755186721991,0.653941908713693,96.0,0.12245390837951786,0.037434895833333336,32,1,1.0,9.375,3072,3072,0,300,0,0,1,1,14975097595450651060
v16e_design_calibration_not_fresh_evidence,v16d,3511,61043,current_global,1571187047,wide_128_32_8,32,shuffled_clock,6,3072,3615,32,0,297,1256,0.08215767634854772,0.6525587828492393,96.0,0.15116038623128547,0.0419921875,32,1,1.0,9.28125,3072,3072,0,297,0,0,1,1,5339163140251789879
v16e_design_calibration_not_fresh_evidence,v16d,3511,61043,current_global,1571187047,wide_128_32_8,32,shuffled_clock,7,3072,3615,32,0,296,1274,0.08188105117565699,0.6475795297372061,96.0,0.15479836433939,0.042317708333333336,32,1,1.0,9.25,3072,3072,0,296,0,0,1,1,11374771613799546788
v16e_design_calibration_not_fresh_evidence,v16d,3511,61043,current_global,1571187047,wide_128_32_8,32,shuffled_clock,8,3072,3615,32,0,290,1248,0.08022130013831259,0.6547717842323652,96.0,0.1558799381175361,0.040364583333333336,32,1,1.0,9.0625,3072,3072,0,290,0,0,1,1,1354626561259130270
v16e_design_calibration_not_fresh_evidence,v16d,3511,61043,current_global,1571187047,wide_128_32_8,32,shuffled_clock,9,3072,3615,32,0,292,1267,0.08077455048409406,0.6495159059474412,96.0,0.11250248902065364,0.0390625,32,1,1.0,9.125,3072,3072,0,292,0,0,1,1,5663928640617655805
v16e_design_calibration_not_fresh_evidence,v16d,3511,61043,current_global,1571187047,wide_128_32_8,32,shuffled_clock,10,3072,3615,32,0,295,1262,0.08160442600276625,0.6508990318118949,96.0,0.1389756673346493,0.045247395833333336,32,1,1.0,9.21875,3072,3072,0,295,0,0,1,1,8487006946236571914
v16e_design_calibration_not_fresh_evidence,v16d,3511,61043,current_global,1571187047,wide_128_32_8,32,shuffled_clock,11,3072,3615,32,0,293,1279,0.08105117565698479,0.6461964038727525,96.0,0.16455313116106418,0.044921875,32,1,1.0,9.15625,3072,3072,0,293,0,0,1,1,3198184205962976583
v16e_design_calibration_not_fresh_evidence,v16d,3511,61043,current_global,1571187047,wide_128_32_8,32,shuffled_clock,12,3072,3615,32,0,286,1258,0.07911479944674965,0.6520055325034578,96.0,0.1355071037961164,0.039713541666666664,32,1,1.0,8.9375,3072,3072,0,286,0,0,1,1,4701833064056861532
v16e_design_calibration_not_fresh_evidence,v16d,3511,61043,current_global,1571187047,wide_128_32_8,32,shuffled_clock,13,3072,3615,32,0,286,1259,0.07911479944674965,0.6517289073305671,96.0,0.14426479816381857,0.042317708333333336,32,1,1.0,8.9375,3072,3072,0,286,0,0,1,1,8038348141301748328
v16e_design_calibration_not_fresh_evidence,v16d,3511,61043,current_global,1571187047,wide_128_32_8,32,shuffled_clock,14,3072,3615,32,0,297,1271,0.08215767634854772,0.6484094052558783,96.0,0.14159549129164342,0.04296875,32,1,1.0,9.28125,3072,3072,0,297,0,0,1,1,3187375024180297165
v16e_design_calibration_not_fresh_evidence,v16d,3511,61043,current_global,1571187047,wide_128_32_8,32,shuffled_clock,15,3072,3615,32,0,293,1260,0.08105117565698479,0.6514522821576764,96.0,0.13501543121683043,0.041015625,32,1,1.0,9.15625,3072,3072,0,293,0,0,1,1,15193757505287852967
v16e_design_calibration_not_fresh_evidence,v16d,3511,61043,current_global,1571187047,wide_128_32_8,8,clock,-1,3072,3615,8,0,27,2738,0.007468879668049793,0.2426002766251729,384.0,0.696013696951609,0.283203125,8,1,1.0,3.375,3072,3072,0,27,0,0,1,1,
v16e_design_calibration_not_fresh_evidence,v16d,3511,61043,current_global,1571187047,wide_128_32_8,8,event_count,-1,3072,3615,8,0,28,2478,0.007745504840940526,0.3145228215767635,384.0,0.0,0.125,8,1,1.0,3.5,3072,3072,0,28,0,0,1,1,
v16e_design_calibration_not_fresh_evidence,v16d,3511,61043,current_global,1571187047,wide_128_32_8,8,shuffled_clock,0,3072,3615,8,0,28,2473,0.007745504840940526,0.31590594744121714,384.0,0.06006543018057706,0.13704427083333334,8,1,1.0,3.5,3072,3072,0,28,0,0,1,1,7860941020290811754
v16e_design_calibration_not_fresh_evidence,v16d,3511,61043,current_global,1571187047,wide_128_32_8,8,shuffled_clock,1,3072,3615,8,0,28,2475,0.007745504840940526,0.3153526970954357,384.0,0.06736405144130882,0.13671875,8,1,1.0,3.5,3072,3072,0,28,0,0,1,1,8163039020726340724
v16e_design_calibration_not_fresh_evidence,v16d,3511,61043,current_global,1571187047,wide_128_32_8,8,shuffled_clock,2,3072,3615,8,0,28,2477,0.007745504840940526,0.3147994467496542,384.0,0.054518943755126094,0.1376953125,8,1,1.0,3.5,3072,3072,0,28,0,0,1,1,9856535104211105739
v16e_design_calibration_not_fresh_evidence,v16d,3511,61043,current_global,1571187047,wide_128_32_8,8,shuffled_clock,3,3072,3615,8,0,28,2484,0.007745504840940526,0.3128630705394191,384.0,0.07311569351306753,0.13834635416666666,8,1,1.0,3.5,3072,3072,0,28,0,0,1,1,278971658899247589
v16e_design_calibration_not_fresh_evidence,v16d,3511,61043,current_global,1571187047,wide_128_32_8,8,shuffled_clock,4,3072,3615,8,0,28,2476,0.007745504840940526,0.31507607192254494,384.0,0.06397078946489487,0.13736979166666666,8,1,1.0,3.5,3072,3072,0,28,0,0,1,1,18143482979054301989
v16e_design_calibration_not_fresh_evidence,v16d,3511,61043,current_global,1571187047,wide_128_32_8,8,shuffled_clock,5,3072,3615,8,0,28,2461,0.007745504840940526,0.3192254495159059,384.0,0.06330091980700359,0.13704427083333334,8,1,1.0,3.5,3072,3072,0,28,0,0,1,1,11474416804982456762
v16e_design_calibration_not_fresh_evidence,v16d,3511,61043,current_global,1571187047,wide_128_32_8,8,shuffled_clock,6,3072,3615,8,0,28,2473,0.007745504840940526,0.31590594744121714,384.0,0.05515496072394865,0.13704427083333334,8,1,1.0,3.5,3072,3072,0,28,0,0,1,1,5737829538918098308
v16e_design_calibration_not_fresh_evidence,v16d,3511,61043,current_global,1571187047,wide_128_32_8,8,shuffled_clock,7,3072,3615,8,0,28,2469,0.007745504840940526,0.31701244813278007,384.0,0.06461872590126777,0.1357421875,8,1,1.0,3.5,3072,3072,0,28,0,0,1,1,1208673026292915772
v16e_design_calibration_not_fresh_evidence,v16d,3511,61043,current_global,1571187047,wide_128_32_8,8,shuffled_clock,8,3072,3615,8,0,28,2476,0.007745504840940526,0.31507607192254494,384.0,0.06568933448950905,0.1376953125,8,1,1.0,3.5,3072,3072,0,28,0,0,1,1,6433918452389007569
v16e_design_calibration_not_fresh_evidence,v16d,3511,61043,current_global,1571187047,wide_128_32_8,8,shuffled_clock,9,3072,3615,8,0,28,2464,0.007745504840940526,0.3183955739972337,384.0,0.07611501680831555,0.14322916666666666,8,1,1.0,3.5,3072,3072,0,28,0,0,1,1,1446759012153466491
v16e_design_calibration_not_fresh_evidence,v16d,3511,61043,current_global,1571187047,wide_128_32_8,8,shuffled_clock,10,3072,3615,8,0,28,2470,0.007745504840940526,0.31673582295988933,384.0,0.09974817933553458,0.14518229166666666,8,1,1.0,3.5,3072,3072,0,28,0,0,1,1,6294599009374029758
v16e_design_calibration_not_fresh_evidence,v16d,3511,61043,current_global,1571187047,wide_128_32_8,8,shuffled_clock,11,3072,3615,8,0,28,2486,0.007745504840940526,0.3123098201936376,384.0,0.07320838753826218,0.13834635416666666,8,1,1.0,3.5,3072,3072,0,28,0,0,1,1,16785696022993247082
v16e_design_calibration_not_fresh_evidence,v16d,3511,61043,current_global,1571187047,wide_128_32_8,8,shuffled_clock,12,3072,3615,8,0,28,2477,0.007745504840940526,0.3147994467496542,384.0,0.06605701526615486,0.13671875,8,1,1.0,3.5,3072,3072,0,28,0,0,1,1,14432817447195450460
v16e_design_calibration_not_fresh_evidence,v16d,3511,61043,current_global,1571187047,wide_128_32_8,8,shuffled_clock,13,3072,3615,8,0,28,2465,0.007745504840940526,0.318118948824343,384.0,0.04141011044447732,0.13411458333333334,8,1,1.0,3.5,3072,3072,0,28,0,0,1,1,10448683299931382781
v16e_design_calibration_not_fresh_evidence,v16d,3511,61043,current_global,1571187047,wide_128_32_8,8,shuffled_clock,14,3072,3615,8,0,28,2486,0.007745504840940526,0.3123098201936376,384.0,0.10107962897562102,0.1455078125,8,1,1.0,3.5,3072,3072,0,28,0,0,1,1,1794557350213651912
v16e_design_calibration_not_fresh_evidence,v16d,3511,61043,current_global,1571187047,wide_128_32_8,8,shuffled_clock,15,3072,3615,8,0,28,2478,0.007745504840940526,0.3145228215767635,384.0,0.05767928936478833,0.13834635416666666,8,1,1.0,3.5,3072,3072,0,28,0,0,1,1,12073757023774165764
v16e_design_calibration_not_fresh_evidence,v16d,3511,61043,current_global,1571187047,compact_64_16_4,64,clock,-1,3072,3615,64,0,547,831,0.15131396957123097,0.7701244813278009,48.0,0.676809824692805,0.042317708333333336,64,1,1.0,8.546875,3072,3072,0,547,0,0,1,1,
v16e_design_calibration_not_fresh_evidence,v16d,3511,61043,current_global,1571187047,compact_64_16_4,64,event_count,-1,3072,3615,64,0,690,742,0.1908713692946058,0.794744121715076,48.0,0.0,0.015625,64,1,1.0,10.78125,3072,3072,0,690,0,0,1,1,
v16e_design_calibration_not_fresh_evidence,v16d,3511,61043,current_global,1571187047,compact_64_16_4,64,shuffled_clock,0,3072,3615,64,0,680,796,0.18810511756569848,0.7798063623789765,48.0,0.1998263134713633,0.0224609375,64,1,1.0,10.625,3072,3072,0,680,0,0,1,1,1859824388012379910
v16e_design_calibration_not_fresh_evidence,v16d,3511,61043,current_global,1571187047,compact_64_16_4,64,shuffled_clock,1,3072,3615,64,0,684,777,0.1892116182572614,0.7850622406639004,48.0,0.17131417038162655,0.022135416666666668,64,1,1.0,10.6875,3072,3072,0,684,0,0,1,1,13226186054152523370
v16e_design_calibration_not_fresh_evidence,v16d,3511,61043,current_global,1571187047,compact_64_16_4,64,shuffled_clock,2,3072,3615,64,0,691,772,0.19114799446749653,0.7864453665283541,48.0,0.2070063559248799,0.021809895833333332,64,1,1.0,10.796875,3072,3072,0,691,0,0,1,1,16562437122615611069
v16e_design_calibration_not_fresh_evidence,v16d,3511,61043,current_global,1571187047,compact_64_16_4,64,shuffled_clock,3,3072,3615,64,0,668,765,0.1847856154910097,0.7883817427385892,48.0,0.2337062401861363,0.026041666666666668,64,1,1.0,10.4375,3072,3072,0,668,0,0,1,1,12276244213267467732
v16e_design_calibration_not_fresh_evidence,v16d,3511,61043,current_global,1571187047,compact_64_16_4,64,shuffled_clock,4,3072,3615,64,0,669,771,0.18506224066390042,0.7867219917012448,48.0,0.21609228913833112,0.0234375,64,1,1.0,10.453125,3072,3072,0,669,0,0,1,1,16616158771119299138
v16e_design_calibration_not_fresh_evidence,v16d,3511,61043,current_global,1571187047,compact_64_16_4,64,shuffled_clock,5,3072,3615,64,0,678,780,0.187551867219917,0.7842323651452282,48.0,0.1734721666221777,0.021809895833333332,64,1,1.0,10.59375,3072,3072,0,678,0,0,1,1,17706334055831025363
v16e_design_calibration_not_fresh_evidence,v16d,3511,61043,current_global,1571187047,compact_64_16_4,64,shuffled_clock,6,3072,3615,64,0,694,777,0.19197786998616875,0.7850622406639004,48.0,0.1833198046956487,0.020833333333333332,64,1,1.0,10.84375,3072,3072,0,694,0,0,1,1,10499166810122599648
v16e_design_calibration_not_fresh_evidence,v16d,3511,61043,current_global,1571187047,compact_64_16_4,64,shuffled_clock,7,3072,3615,64,0,663,779,0.183402489626556,0.7845089903181189,48.0,0.20334639779349628,0.021484375,64,1,1.0,10.359375,3072,3072,0,663,0,0,1,1,3255967598611095298
v16e_design_calibration_not_fresh_evidence,v16d,3511,61043,current_global,1571187047,compact_64_16_4,64,shuffled_clock,8,3072,3615,64,0,688,783,0.19031811894882433,0.783402489626556,48.0,0.2126212176311406,0.0224609375,64,1,1.0,10.75,3072,3072,0,688,0,0,1,1,8279625814371668555
v16e_design_calibration_not_fresh_evidence,v16d,3511,61043,current_global,1571187047,compact_64_16_4,64,shuffled_clock,9,3072,3615,64,0,699,783,0.1933609958506224,0.783402489626556,48.0,0.18689275565522093,0.0234375,64,1,1.0,10.921875,3072,3072,0,699,0,0,1,1,17032400072370817195
v16e_design_calibration_not_fresh_evidence,v16d,3511,61043,current_global,1571187047,compact_64_16_4,64,shuffled_clock,10,3072,3615,64,0,691,770,0.19114799446749653,0.7869986168741355,48.0,0.18002057495577392,0.021809895833333332,64,1,1.0,10.796875,3072,3072,0,691,0,0,1,1,12033136415014842273
v16e_design_calibration_not_fresh_evidence,v16d,3511,61043,current_global,1571187047,compact_64_16_4,64,shuffled_clock,11,3072,3615,64,0,687,771,0.1900414937759336,0.7867219917012448,48.0,0.1903262885676318,0.022135416666666668,64,1,1.0,10.734375,3072,3072,0,687,0,0,1,1,10588741316055933908
v16e_design_calibration_not_fresh_evidence,v16d,3511,61043,current_global,1571187047,compact_64_16_4,64,shuffled_clock,12,3072,3615,64,0,693,777,0.19170124481327802,0.7850622406639004,48.0,0.19715374398025542,0.024739583333333332,64,1,1.0,10.828125,3072,3072,0,693,0,0,1,1,11926817748856583480
v16e_design_calibration_not_fresh_evidence,v16d,3511,61043,current_global,1571187047,compact_64_16_4,64,shuffled_clock,13,3072,3615,64,0,664,797,0.18367911479944676,0.7795297372060858,48.0,0.2061392399408377,0.022786458333333332,64,1,1.0,10.375,3072,3072,0,664,0,0,1,1,18129310941131471736
v16e_design_calibration_not_fresh_evidence,v16d,3511,61043,current_global,1571187047,compact_64_16_4,64,shuffled_clock,14,3072,3615,64,0,684,809,0.1892116182572614,0.776210235131397,48.0,0.2029394332805897,0.0244140625,64,1,1.0,10.6875,3072,3072,0,684,0,0,1,1,4751593244001259928
v16e_design_calibration_not_fresh_evidence,v16d,3511,61043,current_global,1571187047,compact_64_16_4,64,shuffled_clock,15,3072,3615,64,0,662,793,0.18312586445366527,0.7806362378976487,48.0,0.22116564295245986,0.024739583333333332,64,1,1.0,10.34375,3072,3072,0,662,0,0,1,1,5329678827463845333
v16e_design_calibration_not_fresh_evidence,v16d,3511,61043,current_global,1571187047,compact_64_16_4,16,clock,-1,3072,3615,16,0,91,2087,0.02517289073305671,0.4226832641770401,192.0,0.6783881657813778,0.15299479166666666,16,1,1.0,5.6875,3072,3072,0,91,0,0,1,1,
v16e_design_calibration_not_fresh_evidence,v16d,3511,61043,current_global,1571187047,compact_64_16_4,16,event_count,-1,3072,3615,16,0,110,1849,0.030428769017980636,0.48852005532503456,192.0,0.0,0.0625,16,1,1.0,6.875,3072,3072,0,110,0,0,1,1,
v16e_design_calibration_not_fresh_evidence,v16d,3511,61043,current_global,1571187047,compact_64_16_4,16,shuffled_clock,0,3072,3615,16,0,109,1857,0.030152143845089904,0.4863070539419087,192.0,0.07894248228463087,0.06966145833333333,16,1,1.0,6.8125,3072,3072,0,109,0,0,1,1,8246529519556719760
v16e_design_calibration_not_fresh_evidence,v16d,3511,61043,current_global,1571187047,compact_64_16_4,16,shuffled_clock,1,3072,3615,16,0,108,1860,0.02987551867219917,0.4854771784232365,192.0,0.10399291063799958,0.07161458333333333,16,1,1.0,6.75,3072,3072,0,108,0,0,1,1,3304389318556572180
v16e_design_calibration_not_fresh_evidence,v16d,3511,61043,current_global,1571187047,compact_64_16_4,16,shuffled_clock,2,3072,3615,16,0,110,1843,0.030428769017980636,0.49017980636237896,192.0,0.10088583344002709,0.07552083333333333,16,1,1.0,6.875,3072,3072,0,110,0,0,1,1,2634407904209767001
v16e_design_calibration_not_fresh_evidence,v16d,3511,61043,current_global,1571187047,compact_64_16_4,16,shuffled_clock,3,3072,3615,16,0,113,1863,0.031258644536652835,0.4846473029045643,192.0,0.0906908285819955,0.07389322916666667,16,1,1.0,7.0625,3072,3072,0,113,0,0,1,1,7446875724847271739
v16e_design_calibration_not_fresh_evidence,v16d,3511,61043,current_global,1571187047,compact_64_16_4,16,shuffled_clock,4,3072,3615,16,0,107,1869,0.029598893499308436,0.4829875518672199,192.0,0.08430423987624296,0.07291666666666667,16,1,1.0,6.6875,3072,3072,0,107,0,0,1,1,14000298640676311777
v16e_design_calibration_not_fresh_evidence,v16d,3511,61043,current_global,1571187047,compact_64_16_4,16,shuffled_clock,5,3072,3615,16,0,108,1855,0.02987551867219917,0.48686030428769017,192.0,0.10446138862260525,0.0732421875,16,1,1.0,6.75,3072,3072,0,108,0,0,1,1,4568356831999148104
v16e_design_calibration_not_fresh_evidence,v16d,3511,61043,current_global,1571187047,compact_64_16_4,16,shuffled_clock,6,3072,3615,16,0,112,1831,0.030982019363762103,0.4934993084370678,192.0,0.10186697593939381,0.0732421875,16,1,1.0,7.0,3072,3072,0,112,0,0,1,1,7525106875651277632
v16e_design_calibration_not_fresh_evidence,v16d,3511,61043,current_global,1571187047,compact_64_16_4,16,shuffled_clock,7,3072,3615,16,0,108,1855,0.02987551867219917,0.48686030428769017,192.0,0.11555772567406718,0.07421875,16,1,1.0,6.75,3072,3072,0,108,0,0,1,1,9787596089822532772
v16e_design_calibration_not_fresh_evidence,v16d,3511,61043,current_global,1571187047,compact_64_16_4,16,shuffled_clock,8,3072,3615,16,0,106,1866,0.029322268326417704,0.4838174273858921,192.0,0.13624214214513913,0.07877604166666667,16,1,1.0,6.625,3072,3072,0,106,0,0,1,1,11168341303813237808
v16e_design_calibration_not_fresh_evidence,v16d,3511,61043,current_global,1571187047,compact_64_16_4,16,shuffled_clock,9,3072,3615,16,0,111,1858,0.030705394190871368,0.486030428769018,192.0,0.09043122642629019,0.0751953125,16,1,1.0,6.9375,3072,3072,0,111,0,0,1,1,1645608589361245495
v16e_design_calibration_not_fresh_evidence,v16d,3511,61043,current_global,1571187047,compact_64_16_4,16,shuffled_clock,10,3072,3615,16,0,108,1867,0.02987551867219917,0.4835408022130014,192.0,0.13718134371996368,0.0810546875,16,1,1.0,6.75,3072,3072,0,108,0,0,1,1,16399236056782522461
v16e_design_calibration_not_fresh_evidence,v16d,3511,61043,current_global,1571187047,compact_64_16_4,16,shuffled_clock,11,3072,3615,16,0,108,1853,0.02987551867219917,0.48741355463347164,192.0,0.11832587515620362,0.07747395833333333,16,1,1.0,6.75,3072,3072,0,108,0,0,1,1,11074814421470529406
v16e_design_calibration_not_fresh_evidence,v16d,3511,61043,current_global,1571187047,compact_64_16_4,16,shuffled_clock,12,3072,3615,16,0,109,1836,0.030152143845089904,0.4921161825726141,192.0,0.07540400446189108,0.072265625,16,1,1.0,6.8125,3072,3072,0,109,0,0,1,1,13502831018820987667
v16e_design_calibration_not_fresh_evidence,v16d,3511,61043,current_global,1571187047,compact_64_16_4,16,shuffled_clock,13,3072,3615,16,0,109,1863,0.030152143845089904,0.4846473029045643,192.0,0.11951205289441329,0.07356770833333333,16,1,1.0,6.8125,3072,3072,0,109,0,0,1,1,5190534597999081752
v16e_design_calibration_not_fresh_evidence,v16d,3511,61043,current_global,1571187047,compact_64_16_4,16,shuffled_clock,14,3072,3615,16,0,109,1857,0.030152143845089904,0.4863070539419087,192.0,0.07880491177820308,0.0693359375,16,1,1.0,6.8125,3072,3072,0,109,0,0,1,1,2736118322633573466
v16e_design_calibration_not_fresh_evidence,v16d,3511,61043,current_global,1571187047,compact_64_16_4,16,shuffled_clock,15,3072,3615,16,0,110,1858,0.030428769017980636,0.486030428769018,192.0,0.08723504859690114,0.07096354166666667,16,1,1.0,6.875,3072,3072,0,110,0,0,1,1,14411824344462583748
v16e_design_calibration_not_fresh_evidence,v16d,3511,61043,current_global,1571187047,compact_64_16_4,4,clock,-1,3072,3615,4,0,6,3175,0.0016597510373443983,0.12171507607192254,768.0,0.733117243207915,0.5026041666666666,4,1,1.0,1.5,3072,3072,0,6,0,0,1,1,
v16e_design_calibration_not_fresh_evidence,v16d,3511,61043,current_global,1571187047,compact_64_16_4,4,event_count,-1,3072,3615,4,0,6,2987,0.0016597510373443983,0.17372060857538035,768.0,0.0,0.25,4,1,1.0,1.5,3072,3072,0,6,0,0,1,1,
v16e_design_calibration_not_fresh_evidence,v16d,3511,61043,current_global,1571187047,compact_64_16_4,4,shuffled_clock,0,3072,3615,4,0,6,2984,0.0016597510373443983,0.17455048409405255,768.0,0.03784264275301617,0.263671875,4,1,1.0,1.5,3072,3072,0,6,0,0,1,1,15459569983246387816
v16e_design_calibration_not_fresh_evidence,v16d,3511,61043,current_global,1571187047,compact_64_16_4,4,shuffled_clock,1,3072,3615,4,0,6,2978,0.0016597510373443983,0.17621023513139697,768.0,0.04085859213806357,0.2610677083333333,4,1,1.0,1.5,3072,3072,0,6,0,0,1,1,5168522707908330580
v16e_design_calibration_not_fresh_evidence,v16d,3511,61043,current_global,1571187047,compact_64_16_4,4,shuffled_clock,2,3072,3615,4,0,6,2979,0.0016597510373443983,0.17593360995850624,768.0,0.018928786881385874,0.2545572916666667,4,1,1.0,1.5,3072,3072,0,6,0,0,1,1,4709997217907422537
v16e_design_calibration_not_fresh_evidence,v16d,3511,61043,current_global,1571187047,compact_64_16_4,4,shuffled_clock,3,3072,3615,4,0,6,2984,0.0016597510373443983,0.17455048409405255,768.0,0.09637762477210654,0.2750651041666667,4,1,1.0,1.5,3072,3072,0,6,0,0,1,1,3137822990378802683
v16e_design_calibration_not_fresh_evidence,v16d,3511,61043,current_global,1571187047,compact_64_16_4,4,shuffled_clock,4,3072,3615,4,0,6,2985,0.0016597510373443983,0.17427385892116182,768.0,0.05403253625324591,0.2688802083333333,4,1,1.0,1.5,3072,3072,0,6,0,0,1,1,10877443699353098483
v16e_design_calibration_not_fresh_evidence,v16d,3511,61043,current_global,1571187047,compact_64_16_4,4,shuffled_clock,5,3072,3615,4,0,6,2977,0.0016597510373443983,0.1764868603042877,768.0,0.03872831587882677,0.2581380208333333,4,1,1.0,1.5,3072,3072,0,6,0,0,1,1,5062435108365388317
v16e_design_calibration_not_fresh_evidence,v16d,3511,61043,current_global,1571187047,compact_64_16_4,4,shuffled_clock,6,3072,3615,4,0,6,2987,0.0016597510373443983,0.17372060857538035,768.0,0.031304206458779446,0.2561848958333333,4,1,1.0,1.5,3072,3072,0,6,0,0,1,1,4532182998260868121
v16e_design_calibration_not_fresh_evidence,v16d,3511,61043,current_global,1571187047,compact_64_16_4,4,shuffled_clock,7,3072,3615,4,0,6,2978,0.0016597510373443983,0.17621023513139697,768.0,0.048684685145416455,0.2672526041666667,4,1,1.0,1.5,3072,3072,0,6,0,0,1,1,6606567354683354677
v16e_design_calibration_not_fresh_evidence,v16d,3511,61043,current_global,1571187047,compact_64_16_4,4,shuffled_clock,8,3072,3615,4,0,6,2966,0.0016597510373443983,0.17952973720608575,768.0,0.05818239089735319,0.2591145833333333,4,1,1.0,1.5,3072,3072,0,6,0,0,1,1,12029956208393364355
v16e_design_calibration_not_fresh_evidence,v16d,3511,61043,current_global,1571187047,compact_64_16_4,4,shuffled_clock,9,3072,3615,4,0,6,2965,0.0016597510373443983,0.1798063623789765,768.0,0.06696135768510378,0.259765625,4,1,1.0,1.5,3072,3072,0,6,0,0,1,1,1099031683976884653
v16e_design_calibration_not_fresh_evidence,v16d,3511,61043,current_global,1571187047,compact_64_16_4,4,shuffled_clock,10,3072,3615,4,0,6,2978,0.0016597510373443983,0.17621023513139697,768.0,0.04504279970180419,0.26171875,4,1,1.0,1.5,3072,3072,0,6,0,0,1,1,8750992124093109518
v16e_design_calibration_not_fresh_evidence,v16d,3511,61043,current_global,1571187047,compact_64_16_4,4,shuffled_clock,11,3072,3615,4,0,6,2960,0.0016597510373443983,0.18118948824343015,768.0,0.06312083147677512,0.2666015625,4,1,1.0,1.5,3072,3072,0,6,0,0,1,1,16030027195232381677
v16e_design_calibration_not_fresh_evidence,v16d,3511,61043,current_global,1571187047,compact_64_16_4,4,shuffled_clock,12,3072,3615,4,0,6,2991,0.0016597510373443983,0.17261410788381742,768.0,0.08854804919806199,0.2802734375,4,1,1.0,1.5,3072,3072,0,6,0,0,1,1,9061929531354024785
v16e_design_calibration_not_fresh_evidence,v16d,3511,61043,current_global,1571187047,compact_64_16_4,4,shuffled_clock,13,3072,3615,4,0,6,2992,0.0016597510373443983,0.1723374827109267,768.0,0.08432434822235509,0.2760416666666667,4,1,1.0,1.5,3072,3072,0,6,0,0,1,1,9898583980899253917
v16e_design_calibration_not_fresh_evidence,v16d,3511,61043,current_global,1571187047,compact_64_16_4,4,shuffled_clock,14,3072,3615,4,0,6,2978,0.0016597510373443983,0.17621023513139697,768.0,0.03143032463581887,0.2607421875,4,1,1.0,1.5,3072,3072,0,6,0,0,1,1,11482595146491082895
v16e_design_calibration_not_fresh_evidence,v16d,3511,61043,current_global,1571187047,compact_64_16_4,4,shuffled_clock,15,3072,3615,4,0,6,2990,0.0016597510373443983,0.17289073305670816,768.0,0.07539351096711887,0.2734375,4,1,1.0,1.5,3072,3072,0,6,0,0,1,1,861967526291826313
v16e_design_calibration_not_fresh_evidence,v16d,3511,61043,exposure_matched_local,1671187047,wide_128_32_8,128,clock,-1,3072,3436,128,0,1046,503,0.3044237485448196,0.8536088474970897,24.0,0.5735732041095024,0.019205729166666668,128,1,1.0,8.171875,3072,3072,0,1046,0,0,1,1,
v16e_design_calibration_not_fresh_evidence,v16d,3511,61043,exposure_matched_local,1671187047,wide_128_32_8,128,event_count,-1,3072,3436,128,0,1225,488,0.35651920838183937,0.8579743888242142,24.0,0.0,0.0078125,127,2,0.999876968503937,9.5703125,3072,3072,0,1225,0,0,1,1,
v16e_design_calibration_not_fresh_evidence,v16d,3511,61043,exposure_matched_local,1671187047,wide_128_32_8,128,shuffled_clock,0,3072,3436,128,0,1194,514,0.34749708963911524,0.8504074505238649,24.0,0.2680492374560827,0.0126953125,127,2,0.999876968503937,9.328125,3072,3072,0,1194,0,0,1,1,5856563993392960593
v16e_design_calibration_not_fresh_evidence,v16d,3511,61043,exposure_matched_local,1671187047,wide_128_32_8,128,shuffled_clock,1,3072,3436,128,0,1194,524,0.34749708963911524,0.8474970896391153,24.0,0.2808989132678616,0.013020833333333334,123,2,0.9993848425196851,9.328125,3072,3072,0,1194,0,0,1,1,13796711303709102251
v16e_design_calibration_not_fresh_evidence,v16d,3511,61043,exposure_matched_local,1671187047,wide_128_32_8,128,shuffled_clock,2,3072,3436,128,0,1205,513,0.35069848661233993,0.8506984866123399,24.0,0.28055804595102335,0.013020833333333334,123,2,0.9993848425196851,9.4140625,3072,3072,0,1205,0,0,1,1,14385067210318458473
v16e_design_calibration_not_fresh_evidence,v16d,3511,61043,exposure_matched_local,1671187047,wide_128_32_8,128,shuffled_clock,3,3072,3436,128,0,1178,511,0.3428405122235157,0.8512805587892899,24.0,0.2661042297058928,0.013671875,126,2,0.999630905511811,9.203125,3072,3072,0,1178,0,0,1,1,8289325099081361554
v16e_design_calibration_not_fresh_evidence,v16d,3511,61043,exposure_matched_local,1671187047,wide_128_32_8,128,shuffled_clock,4,3072,3436,128,0,1209,503,0.3518626309662398,0.8536088474970897,24.0,0.2582835867774028,0.013671875,124,2,0.999507874015748,9.4453125,3072,3072,0,1209,0,0,1,1,4017101451410602599
v16e_design_calibration_not_fresh_evidence,v16d,3511,61043,exposure_matched_local,1671187047,wide_128_32_8,128,shuffled_clock,5,3072,3436,128,0,1183,498,0.34429569266589055,0.8550640279394645,24.0,0.29004517402402713,0.013346354166666666,125,2,0.999630905511811,9.2421875,3072,3072,0,1183,0,0,1,1,14100343229684437959
v16e_design_calibration_not_fresh_evidence,v16d,3511,61043,exposure_matched_local,1671187047,wide_128_32_8,128,shuffled_clock,6,3072,3436,128,0,1216,514,0.3538998835855646,0.8504074505238649,24.0,0.2506553091189199,0.012044270833333334,127,2,0.999876968503937,9.5,3072,3072,0,1216,0,0,1,1,16462111605145540419
v16e_design_calibration_not_fresh_evidence,v16d,3511,61043,exposure_matched_local,1671187047,wide_128_32_8,128,shuffled_clock,7,3072,3436,128,0,1224,507,0.3562281722933644,0.8524447031431898,24.0,0.27801280520871247,0.013671875,126,2,0.999753937007874,9.5625,3072,3072,0,1224,0,0,1,1,7956268974962902119
v16e_design_calibration_not_fresh_evidence,v16d,3511,61043,exposure_matched_local,1671187047,wide_128_32_8,128,shuffled_clock,8,3072,3436,128,0,1199,521,0.3489522700814901,0.8483701979045402,24.0,0.2675387642495999,0.013997395833333334,124,3,0.999261811023622,9.3671875,3072,3072,0,1199,0,0,1,1,1650152460170754738
v16e_design_calibration_not_fresh_evidence,v16d,3511,61043,exposure_matched_local,1671187047,wide_128_32_8,128,shuffled_clock,9,3072,3436,128,0,1201,516,0.34953434225844005,0.8498253783469151,24.0,0.2794351257471264,0.013671875,128,1,1.0,9.3828125,3072,3072,0,1201,0,0,1,1,5565827669062207602
v16e_design_calibration_not_fresh_evidence,v16d,3511,61043,exposure_matched_local,1671187047,wide_128_32_8,128,shuffled_clock,10,3072,3436,128,0,1196,506,0.3480791618160652,0.8527357392316647,24.0,0.2594980517174346,0.013346354166666666,126,2,0.999507874015748,9.34375,3072,3072,0,1196,0,0,1,1,16178275442636066372
v16e_design_calibration_not_fresh_evidence,v16d,3511,61043,exposure_matched_local,1671187047,wide_128_32_8,128,shuffled_clock,11,3072,3436,128,0,1185,494,0.3448777648428405,0.8562281722933643,24.0,0.2565310511955065,0.013020833333333334,127,2,0.999876968503937,9.2578125,3072,3072,0,1185,0,0,1,1,1266303526019950065
v16e_design_calibration_not_fresh_evidence,v16d,3511,61043,exposure_matched_local,1671187047,wide_128_32_8,128,shuffled_clock,12,3072,3436,128,0,1211,510,0.35244470314318976,0.8515715948777648,24.0,0.262223065600613,0.0126953125,124,2,0.9993848425196851,9.4609375,3072,3072,0,1211,0,0,1,1,8854107332866186854
v16e_design_calibration_not_fresh_evidence,v16d,3511,61043,exposure_matched_local,1671187047,wide_128_32_8,128,shuffled_clock,13,3072,3436,128,0,1191,511,0.3466239813736903,0.8512805587892899,24.0,0.29117412480100424,0.014973958333333334,124,2,0.9990157480314961,9.3046875,3072,3072,0,1191,0,0,1,1,3263943620046239555
v16e_design_calibration_not_fresh_evidence,v16d,3511,61043,exposure_matched_local,1671187047,wide_128_32_8,128,shuffled_clock,14,3072,3436,128,0,1206,519,0.3509895227008149,0.8489522700814901,24.0,0.24769276541058968,0.013346354166666666,127,2,0.999876968503937,9.421875,3072,3072,0,1206,0,0,1,1,17631507965739015674
v16e_design_calibration_not_fresh_evidence,v16d,3511,61043,exposure_matched_local,1671187047,wide_128_32_8,128,shuffled_clock,15,3072,3436,128,0,1213,515,0.3530267753201397,0.85011641443539,24.0,0.26102127975787565,0.013997395833333334,126,2,0.999753937007874,9.4765625,3072,3072,0,1213,0,0,1,1,1924184312486531080
v16e_design_calibration_not_fresh_evidence,v16d,3511,61043,exposure_matched_local,1671187047,wide_128_32_8,32,clock,-1,3072,3436,32,0,192,1488,0.05587892898719441,0.5669383003492433,96.0,0.5528341162010918,0.0693359375,32,1,1.0,6.0,3072,3072,0,192,0,0,1,1,
v16e_design_calibration_not_fresh_evidence,v16d,3511,61043,exposure_matched_local,1671187047,wide_128_32_8,32,event_count,-1,3072,3436,32,0,224,1376,0.06519208381839348,0.59953434225844,96.0,0.0,0.03125,32,1,1.0,7.0,3072,3072,0,224,0,0,1,1,
v16e_design_calibration_not_fresh_evidence,v16d,3511,61043,exposure_matched_local,1671187047,wide_128_32_8,32,shuffled_clock,0,3072,3436,32,0,222,1403,0.06461001164144353,0.5916763678696159,96.0,0.16320755113996394,0.041341145833333336,32,1,1.0,6.9375,3072,3072,0,222,0,0,1,1,10041274816525985591
v16e_design_calibration_not_fresh_evidence,v16d,3511,61043,exposure_matched_local,1671187047,wide_128_32_8,32,shuffled_clock,1,3072,3436,32,0,215,1400,0.06257275902211874,0.5925494761350407,96.0,0.15368640684441,0.04296875,32,1,1.0,6.71875,3072,3072,0,215,0,0,1,1,16379471363176158405
v16e_design_calibration_not_fresh_evidence,v16d,3511,61043,exposure_matched_local,1671187047,wide_128_32_8,32,shuffled_clock,2,3072,3436,32,0,217,1398,0.06315483119906869,0.5931315483119907,96.0,0.14896784972233457,0.038411458333333336,32,1,1.0,6.78125,3072,3072,0,217,0,0,1,1,16387026408560944732
v16e_design_calibration_not_fresh_evidence,v16d,3511,61043,exposure_matched_local,1671187047,wide_128_32_8,32,shuffled_clock,3,3072,3436,32,0,221,1412,0.06431897555296857,0.5890570430733411,96.0,0.16956072674343972,0.0439453125,32,1,1.0,6.90625,3072,3072,0,221,0,0,1,1,2314389974297831891
v16e_design_calibration_not_fresh_evidence,v16d,3511,61043,exposure_matched_local,1671187047,wide_128_32_8,32,shuffled_clock,4,3072,3436,32,0,223,1385,0.0649010477299185,0.5969150174621654,96.0,0.14047869230894608,0.041015625,32,1,1.0,6.96875,3072,3072,0,223,0,0,1,1,9027368555915964008
v16e_design_calibration_not_fresh_evidence,v16d,3511,61043,exposure_matched_local,1671187047,wide_128_32_8,32,shuffled_clock,5,3072,3436,32,0,217,1407,0.06315483119906869,0.590512223515716,96.0,0.1301041249666333,0.0400390625,32,1,1.0,6.78125,3072,3072,0,217,0,0,1,1,5531150438496971696
v16e_design_calibration_not_fresh_evidence,v16d,3511,61043,exposure_matched_local,1671187047,wide_128_32_8,32,shuffled_clock,6,3072,3436,32,0,220,1408,0.0640279394644936,0.590221187427241,96.0,0.13801528569698904,0.037760416666666664,32,1,1.0,6.875,3072,3072,0,220,0,0,1,1,15760439878060763637
v16e_design_calibration_not_fresh_evidence,v16d,3511,61043,exposure_matched_local,1671187047,wide_128_32_8,32,shuffled_clock,7,3072,3436,32,0,224,1396,0.06519208381839348,0.5937136204889406,96.0,0.1252238139661518,0.0390625,32,1,1.0,7.0,3072,3072,0,224,0,0,1,1,13507269832701953988
v16e_design_calibration_not_fresh_evidence,v16d,3511,61043,exposure_matched_local,1671187047,wide_128_32_8,32,shuffled_clock,8,3072,3436,32,0,220,1409,0.0640279394644936,0.589930151338766,96.0,0.13925243638596246,0.040364583333333336,32,1,1.0,6.875,3072,3072,0,220,0,0,1,1,13551648037636173244
v16e_design_calibration_not_fresh_evidence,v16d,3511,61043,exposure_matched_local,1671187047,wide_128_32_8,32,shuffled_clock,9,3072,3436,32,0,218,1392,0.06344586728754366,0.5948777648428405,96.0,0.11143964645882265,0.041015625,32,1,1.0,6.8125,3072,3072,0,218,0,0,1,1,2237510565138526214
v16e_design_calibration_not_fresh_evidence,v16d,3511,61043,exposure_matched_local,1671187047,wide_128_32_8,32,shuffled_clock,10,3072,3436,32,0,215,1382,0.06257275902211874,0.5977881257275902,96.0,0.11532931654388785,0.0390625,32,1,1.0,6.71875,3072,3072,0,215,0,0,1,1,5642818464342220091
v16e_design_calibration_not_fresh_evidence,v16d,3511,61043,exposure_matched_local,1671187047,wide_128_32_8,32,shuffled_clock,11,3072,3436,32,0,226,1389,0.06577415599534342,0.5957508731082655,96.0,0.14729015052222674,0.044270833333333336,32,1,1.0,7.0625,3072,3072,0,226,0,0,1,1,11119397177649638500
v16e_design_calibration_not_fresh_evidence,v16d,3511,61043,exposure_matched_local,1671187047,wide_128_32_8,32,shuffled_clock,12,3072,3436,32,0,225,1403,0.06548311990686845,0.5916763678696159,96.0,0.12809781488851193,0.0380859375,32,1,1.0,7.03125,3072,3072,0,225,0,0,1,1,2131018503127972251
v16e_design_calibration_not_fresh_evidence,v16d,3511,61043,exposure_matched_local,1671187047,wide_128_32_8,32,shuffled_clock,13,3072,3436,32,0,219,1407,0.06373690337601863,0.590512223515716,96.0,0.1382180258513733,0.040364583333333336,32,1,1.0,6.84375,3072,3072,0,219,0,0,1,1,2374213468749858055
v16e_design_calibration_not_fresh_evidence,v16d,3511,61043,exposure_matched_local,1671187047,wide_128_32_8,32,shuffled_clock,14,3072,3436,32,0,222,1427,0.06461001164144353,0.5846915017462165,96.0,0.1291861761194224,0.039388020833333336,32,1,1.0,6.9375,3072,3072,0,222,0,0,1,1,11266028601543323982
v16e_design_calibration_not_fresh_evidence,v16d,3511,61043,exposure_matched_local,1671187047,wide_128_32_8,32,shuffled_clock,15,3072,3436,32,0,230,1389,0.06693830034924331,0.5957508731082655,96.0,0.12008714726842377,0.039388020833333336,32,1,1.0,7.1875,3072,3072,0,230,0,0,1,1,2032344576718953799
v16e_design_calibration_not_fresh_evidence,v16d,3511,61043,exposure_matched_local,1671187047,wide_128_32_8,8,clock,-1,3072,3436,8,0,26,2729,0.007566938300349243,0.20576251455180442,384.0,0.566430409651684,0.2451171875,8,1,1.0,3.25,3072,3072,0,26,0,0,1,1,
v16e_design_calibration_not_fresh_evidence,v16d,3511,61043,exposure_matched_local,1671187047,wide_128_32_8,8,event_count,-1,3072,3436,8,0,26,2564,0.007566938300349243,0.25378346915017463,384.0,0.0,0.125,8,1,1.0,3.25,3072,3072,0,26,0,0,1,1,
v16e_design_calibration_not_fresh_evidence,v16d,3511,61043,exposure_matched_local,1671187047,wide_128_32_8,8,shuffled_clock,0,3072,3436,8,0,27,2566,0.007857974388824214,0.2532013969732247,384.0,0.053929339286817694,0.1328125,8,1,1.0,3.375,3072,3072,0,27,0,0,1,1,4216755342801738759
v16e_design_calibration_not_fresh_evidence,v16d,3511,61043,exposure_matched_local,1671187047,wide_128_32_8,8,shuffled_clock,1,3072,3436,8,0,26,2567,0.007566938300349243,0.2529103608847497,384.0,0.047040053327600424,0.13248697916666666,8,1,1.0,3.25,3072,3072,0,26,0,0,1,1,5212218742943100685
v16e_design_calibration_not_fresh_evidence,v16d,3511,61043,exposure_matched_local,1671187047,wide_128_32_8,8,shuffled_clock,2,3072,3436,8,0,27,2567,0.007857974388824214,0.2529103608847497,384.0,0.058081007203882574,0.134765625,8,1,1.0,3.375,3072,3072,0,27,0,0,1,1,17936778413003874352
v16e_design_calibration_not_fresh_evidence,v16d,3511,61043,exposure_matched_local,1671187047,wide_128_32_8,8,shuffled_clock,3,3072,3436,8,0,26,2566,0.007566938300349243,0.2532013969732247,384.0,0.07324807764014145,0.13802083333333334,8,1,1.0,3.25,3072,3072,0,26,0,0,1,1,13308685452479514890
v16e_design_calibration_not_fresh_evidence,v16d,3511,61043,exposure_matched_local,1671187047,wide_128_32_8,8,shuffled_clock,4,3072,3436,8,0,27,2565,0.007857974388824214,0.25349243306169966,384.0,0.046563948123853845,0.13151041666666666,8,1,1.0,3.375,3072,3072,0,27,0,0,1,1,3825331834865458281
v16e_design_calibration_not_fresh_evidence,v16d,3511,61043,exposure_matched_local,1671187047,wide_128_32_8,8,shuffled_clock,5,3072,3436,8,0,27,2566,0.007857974388824214,0.2532013969732247,384.0,0.04773516348912333,0.13606770833333334,8,1,1.0,3.375,3072,3072,0,27,0,0,1,1,15085238644913463490
v16e_design_calibration_not_fresh_evidence,v16d,3511,61043,exposure_matched_local,1671187047,wide_128_32_8,8,shuffled_clock,6,3072,3436,8,0,27,2566,0.007857974388824214,0.2532013969732247,384.0,0.05854619432584566,0.13541666666666666,8,1,1.0,3.375,3072,3072,0,27,0,0,1,1,3526741724310184691
v16e_design_calibration_not_fresh_evidence,v16d,3511,61043,exposure_matched_local,1671187047,wide_128_32_8,8,shuffled_clock,7,3072,3436,8,0,27,2571,0.007857974388824214,0.25174621653084983,384.0,0.0906395376954825,0.14583333333333334,8,1,1.0,3.375,3072,3072,0,27,0,0,1,1,7481292726198852005
v16e_design_calibration_not_fresh_evidence,v16d,3511,61043,exposure_matched_local,1671187047,wide_128_32_8,8,shuffled_clock,8,3072,3436,8,0,27,2561,0.007857974388824214,0.25465657741559955,384.0,0.06693120876205065,0.13736979166666666,8,1,1.0,3.375,3072,3072,0,27,0,0,1,1,14864541993600570848
v16e_design_calibration_not_fresh_evidence,v16d,3511,61043,exposure_matched_local,1671187047,wide_128_32_8,8,shuffled_clock,9,3072,3436,8,0,27,2554,0.007857974388824214,0.25669383003492435,384.0,0.08303051379004044,0.14029947916666666,8,1,1.0,3.375,3072,3072,0,27,0,0,1,1,1271557240084142799
v16e_design_calibration_not_fresh_evidence,v16d,3511,61043,exposure_matched_local,1671187047,wide_128_32_8,8,shuffled_clock,10,3072,3436,8,0,26,2567,0.007566938300349243,0.2529103608847497,384.0,0.061672975666651315,0.13834635416666666,8,1,1.0,3.25,3072,3072,0,26,0,0,1,1,18445775277144697424
v16e_design_calibration_not_fresh_evidence,v16d,3511,61043,exposure_matched_local,1671187047,wide_128_32_8,8,shuffled_clock,11,3072,3436,8,0,27,2558,0.007857974388824214,0.25552968568102447,384.0,0.047286553111415615,0.13248697916666666,8,1,1.0,3.375,3072,3072,0,27,0,0,1,1,9052616129005851118
v16e_design_calibration_not_fresh_evidence,v16d,3511,61043,exposure_matched_local,1671187047,wide_128_32_8,8,shuffled_clock,12,3072,3436,8,0,27,2568,0.007857974388824214,0.25261932479627475,384.0,0.05806432444978176,0.14095052083333334,8,1,1.0,3.375,3072,3072,0,27,0,0,1,1,8912827663164232666
v16e_design_calibration_not_fresh_evidence,v16d,3511,61043,exposure_matched_local,1671187047,wide_128_32_8,8,shuffled_clock,13,3072,3436,8,0,27,2561,0.007857974388824214,0.25465657741559955,384.0,0.08405103885697374,0.13639322916666666,8,1,1.0,3.375,3072,3072,0,27,0,0,1,1,15921709337540361674
v16e_design_calibration_not_fresh_evidence,v16d,3511,61043,exposure_matched_local,1671187047,wide_128_32_8,8,shuffled_clock,14,3072,3436,8,0,26,2569,0.007566938300349243,0.2523282887077998,384.0,0.058181003273105214,0.13671875,8,1,1.0,3.25,3072,3072,0,26,0,0,1,1,317648543278541552
v16e_design_calibration_not_fresh_evidence,v16d,3511,61043,exposure_matched_local,1671187047,wide_128_32_8,8,shuffled_clock,15,3072,3436,8,0,27,2571,0.007857974388824214,0.25174621653084983,384.0,0.07334060434733099,0.13671875,8,1,1.0,3.375,3072,3072,0,27,0,0,1,1,9471383482665662339
v16e_design_calibration_not_fresh_evidence,v16d,3511,61043,exposure_matched_local,1671187047,compact_64_16_4,64,clock,-1,3072,3436,64,0,456,923,0.13271245634458673,0.7313736903376019,48.0,0.5590539651758459,0.036783854166666664,64,1,1.0,7.125,3072,3072,0,456,0,0,1,1,
v16e_design_calibration_not_fresh_evidence,v16d,3511,61043,exposure_matched_local,1671187047,compact_64_16_4,64,event_count,-1,3072,3436,64,0,532,858,0.1548311990686845,0.7502910360884749,48.0,0.0,0.015625,64,1,1.0,8.3125,3072,3072,0,532,0,0,1,1,
v16e_design_calibration_not_fresh_evidence,v16d,3511,61043,exposure_matched_local,1671187047,compact_64_16_4,64,shuffled_clock,0,3072,3436,64,0,533,868,0.15512223515715948,0.7473806752037253,48.0,0.19490450110314164,0.0234375,64,1,1.0,8.328125,3072,3072,0,533,0,0,1,1,17259655821250418264
v16e_design_calibration_not_fresh_evidence,v16d,3511,61043,exposure_matched_local,1671187047,compact_64_16_4,64,shuffled_clock,1,3072,3436,64,0,532,873,0.1548311990686845,0.7459254947613504,48.0,0.17763200869061815,0.023111979166666668,64,1,1.0,8.3125,3072,3072,0,532,0,0,1,1,9145426024231295062
v16e_design_calibration_not_fresh_evidence,v16d,3511,61043,exposure_matched_local,1671187047,compact_64_16_4,64,shuffled_clock,2,3072,3436,64,0,533,872,0.15512223515715948,0.7462165308498254,48.0,0.17006294871480146,0.0234375,64,1,1.0,8.328125,3072,3072,0,533,0,0,1,1,13645234172843587313
v16e_design_calibration_not_fresh_evidence,v16d,3511,61043,exposure_matched_local,1671187047,compact_64_16_4,64,shuffled_clock,3,3072,3436,64,0,544,873,0.15832363213038417,0.7459254947613504,48.0,0.16248049672677176,0.023111979166666668,64,1,1.0,8.5,3072,3072,0,544,0,0,1,1,17987929934380285504
v16e_design_calibration_not_fresh_evidence,v16d,3511,61043,exposure_matched_local,1671187047,compact_64_16_4,64,shuffled_clock,4,3072,3436,64,0,545,875,0.15861466821885914,0.7453434225844005,48.0,0.16616989457309608,0.021809895833333332,64,1,1.0,8.515625,3072,3072,0,545,0,0,1,1,12317614404319110283
v16e_design_calibration_not_fresh_evidence,v16d,3511,61043,exposure_matched_local,1671187047,compact_64_16_4,64,shuffled_clock,5,3072,3436,64,0,527,856,0.15337601862630967,0.7508731082654249,48.0,0.1929149025140177,0.022135416666666668,64,1,1.0,8.234375,3072,3072,0,527,0,0,1,1,4081661884366098289
v16e_design_calibration_not_fresh_evidence,v16d,3511,61043,exposure_matched_local,1671187047,compact_64_16_4,64,shuffled_clock,6,3072,3436,64,0,537,890,0.15628637951105936,0.7409778812572759,48.0,0.19327169013622472,0.0224609375,64,1,1.0,8.390625,3072,3072,0,537,0,0,1,1,8092186487028585676
v16e_design_calibration_not_fresh_evidence,v16d,3511,61043,exposure_matched_local,1671187047,compact_64_16_4,64,shuffled_clock,7,3072,3436,64,0,528,876,0.15366705471478465,0.7450523864959255,48.0,0.1781741612749496,0.021809895833333332,64,1,1.0,8.25,3072,3072,0,528,0,0,1,1,8410755072437428737
v16e_design_calibration_not_fresh_evidence,v16d,3511,61043,exposure_matched_local,1671187047,compact_64_16_4,64,shuffled_clock,8,3072,3436,64,0,534,868,0.15541327124563445,0.7473806752037253,48.0,0.19792101777450508,0.023763020833333332,64,1,1.0,8.34375,3072,3072,0,534,0,0,1,1,11408733310368714608
v16e_design_calibration_not_fresh_evidence,v16d,3511,61043,exposure_matched_local,1671187047,compact_64_16_4,64,shuffled_clock,9,3072,3436,64,0,535,879,0.15570430733410942,0.7441792782305006,48.0,0.16399982793469703,0.0234375,64,1,1.0,8.359375,3072,3072,0,535,0,0,1,1,13419050838361026947
v16e_design_calibration_not_fresh_evidence,v16d,3511,61043,exposure_matched_local,1671187047,compact_64_16_4,64,shuffled_clock,10,3072,3436,64,0,533,875,0.15512223515715948,0.7453434225844005,48.0,0.1751322251794235,0.023763020833333332,64,1,1.0,8.328125,3072,3072,0,533,0,0,1,1,5560855824138349387
v16e_design_calibration_not_fresh_evidence,v16d,3511,61043,exposure_matched_local,1671187047,compact_64_16_4,64,shuffled_clock,11,3072,3436,64,0,535,887,0.15570430733410942,0.7418509895227008,48.0,0.16892484736248067,0.021809895833333332,64,1,1.0,8.359375,3072,3072,0,535,0,0,1,1,9509155366592750675
v16e_design_calibration_not_fresh_evidence,v16d,3511,61043,exposure_matched_local,1671187047,compact_64_16_4,64,shuffled_clock,12,3072,3436,64,0,532,885,0.1548311990686845,0.7424330616996507,48.0,0.22063545592032818,0.021809895833333332,64,1,1.0,8.3125,3072,3072,0,532,0,0,1,1,5677077767381365475
v16e_design_calibration_not_fresh_evidence,v16d,3511,61043,exposure_matched_local,1671187047,compact_64_16_4,64,shuffled_clock,13,3072,3436,64,0,539,874,0.1568684516880093,0.7456344586728755,48.0,0.18795872750460382,0.023111979166666668,64,1,1.0,8.421875,3072,3072,0,539,0,0,1,1,2727274900856055569
v16e_design_calibration_not_fresh_evidence,v16d,3511,61043,exposure_matched_local,1671187047,compact_64_16_4,64,shuffled_clock,14,3072,3436,64,0,530,860,0.15424912689173456,0.7497089639115251,48.0,0.1810128519120099,0.0224609375,64,1,1.0,8.28125,3072,3072,0,530,0,0,1,1,14828098576182947705
v16e_design_calibration_not_fresh_evidence,v16d,3511,61043,exposure_matched_local,1671187047,compact_64_16_4,64,shuffled_clock,15,3072,3436,64,0,524,872,0.15250291036088476,0.7462165308498254,48.0,0.18843461948406884,0.023763020833333332,64,1,1.0,8.1875,3072,3072,0,524,0,0,1,1,1562150170078508580
v16e_design_calibration_not_fresh_evidence,v16d,3511,61043,exposure_matched_local,1671187047,compact_64_16_4,16,clock,-1,3072,3436,16,0,77,2178,0.022409778812572757,0.3661233993015134,192.0,0.5590590484697712,0.13736979166666666,16,1,1.0,4.8125,3072,3072,0,77,0,0,1,1,
v16e_design_calibration_not_fresh_evidence,v16d,3511,61043,exposure_matched_local,1671187047,compact_64_16_4,16,event_count,-1,3072,3436,16,0,85,1987,0.024738067520372525,0.42171129220023285,192.0,0.0,0.0625,16,1,1.0,5.3125,3072,3072,0,85,0,0,1,1,
v16e_design_calibration_not_fresh_evidence,v16d,3511,61043,exposure_matched_local,1671187047,compact_64_16_4,16,shuffled_clock,0,3072,3436,16,0,85,2007,0.024738067520372525,0.4158905704307334,192.0,0.09522375574092533,0.07845052083333333,16,1,1.0,5.3125,3072,3072,0,85,0,0,1,1,17377337458659883424
v16e_design_calibration_not_fresh_evidence,v16d,3511,61043,exposure_matched_local,1671187047,compact_64_16_4,16,shuffled_clock,1,3072,3436,16,0,85,2005,0.024738067520372525,0.41647264260768335,192.0,0.08259219035361277,0.06998697916666667,16,1,1.0,5.3125,3072,3072,0,85,0,0,1,1,18166104252023741848
v16e_design_calibration_not_fresh_evidence,v16d,3511,61043,exposure_matched_local,1671187047,compact_64_16_4,16,shuffled_clock,2,3072,3436,16,0,86,2000,0.025029103608847497,0.4179278230500582,192.0,0.08762804784153598,0.07454427083333333,16,1,1.0,5.375,3072,3072,0,86,0,0,1,1,17945942842455269094
v16e_design_calibration_not_fresh_evidence,v16d,3511,61043,exposure_matched_local,1671187047,compact_64_16_4,16,shuffled_clock,3,3072,3436,16,0,84,1989,0.024447031431897557,0.4211292200232829,192.0,0.07692363336693327,0.0712890625,16,1,1.0,5.25,3072,3072,0,84,0,0,1,1,10608754512060733282
v16e_design_calibration_not_fresh_evidence,v16d,3511,61043,exposure_matched_local,1671187047,compact_64_16_4,16,shuffled_clock,4,3072,3436,16,0,86,1992,0.025029103608847497,0.420256111757858,192.0,0.09114831345832075,0.07389322916666667,16,1,1.0,5.375,3072,3072,0,86,0,0,1,1,15834370587959356651
v16e_design_calibration_not_fresh_evidence,v16d,3511,61043,exposure_matched_local,1671187047,compact_64_16_4,16,shuffled_clock,5,3072,3436,16,0,85,2013,0.024738067520372525,0.4141443538998836,192.0,0.09237024808606654,0.0732421875,16,1,1.0,5.3125,3072,3072,0,85,0,0,1,1,10370376622273329671
v16e_design_calibration_not_fresh_evidence,v16d,3511,61043,exposure_matched_local,1671187047,compact_64_16_4,16,shuffled_clock,6,3072,3436,16,0,85,2000,0.024738067520372525,0.4179278230500582,192.0,0.06350465679920793,0.07063802083333333,16,1,1.0,5.3125,3072,3072,0,85,0,0,1,1,10002714502515941929
v16e_design_calibration_not_fresh_evidence,v16d,3511,61043,exposure_matched_local,1671187047,compact_64_16_4,16,shuffled_clock,7,3072,3436,16,0,85,1991,0.024738067520372525,0.42054714784633296,192.0,0.07316426217258847,0.06868489583333333,16,1,1.0,5.3125,3072,3072,0,85,0,0,1,1,16101828090454919793
v16e_design_calibration_not_fresh_evidence,v16d,3511,61043,exposure_matched_local,1671187047,compact_64_16_4,16,shuffled_clock,8,3072,3436,16,0,90,2010,0.02619324796274738,0.4150174621653085,192.0,0.09499558347433647,0.07552083333333333,16,1,1.0,5.625,3072,3072,0,90,0,0,1,1,1970610470782267410
v16e_design_calibration_not_fresh_evidence,v16d,3511,61043,exposure_matched_local,1671187047,compact_64_16_4,16,shuffled_clock,9,3072,3436,16,0,86,2004,0.025029103608847497,0.4167636786961583,192.0,0.10518598497511532,0.078125,16,1,1.0,5.375,3072,3072,0,86,0,0,1,1,16919278637130621672
v16e_design_calibration_not_fresh_evidence,v16d,3511,61043,exposure_matched_local,1671187047,compact_64_16_4,16,shuffled_clock,10,3072,3436,16,0,83,2017,0.024155995343422585,0.4129802095459837,192.0,0.07348488916222971,0.0703125,16,1,1.0,5.1875,3072,3072,0,83,0,0,1,1,13926951533260507397
v16e_design_calibration_not_fresh_evidence,v16d,3511,61043,exposure_matched_local,1671187047,compact_64_16_4,16,shuffled_clock,11,3072,3436,16,0,86,1993,0.025029103608847497,0.419965075669383,192.0,0.10207979018794472,0.07682291666666667,16,1,1.0,5.375,3072,3072,0,86,0,0,1,1,545458450717648610
v16e_design_calibration_not_fresh_evidence,v16d,3511,61043,exposure_matched_local,1671187047,compact_64_16_4,16,shuffled_clock,12,3072,3436,16,0,84,1989,0.024447031431897557,0.4211292200232829,192.0,0.10549500273402457,0.07291666666666667,16,1,1.0,5.25,3072,3072,0,84,0,0,1,1,4433742284196563824
v16e_design_calibration_not_fresh_evidence,v16d,3511,61043,exposure_matched_local,1671187047,compact_64_16_4,16,shuffled_clock,13,3072,3436,16,0,84,2033,0.024447031431897557,0.4083236321303842,192.0,0.11452018461906698,0.07682291666666667,16,1,1.0,5.25,3072,3072,0,84,0,0,1,1,16930548275130618565
v16e_design_calibration_not_fresh_evidence,v16d,3511,61043,exposure_matched_local,1671187047,compact_64_16_4,16,shuffled_clock,14,3072,3436,16,0,84,1998,0.024447031431897557,0.41850989522700816,192.0,0.08224110612727091,0.0751953125,16,1,1.0,5.25,3072,3072,0,84,0,0,1,1,2242912120560691718
v16e_design_calibration_not_fresh_evidence,v16d,3511,61043,exposure_matched_local,1671187047,compact_64_16_4,16,shuffled_clock,15,3072,3436,16,0,87,2001,0.02532013969732247,0.41763678696158324,192.0,0.07236897483396126,0.072265625,16,1,1.0,5.4375,3072,3072,0,87,0,0,1,1,6248734035922085447
v16e_design_calibration_not_fresh_evidence,v16d,3511,61043,exposure_matched_local,1671187047,compact_64_16_4,4,clock,-1,3072,3436,4,0,6,3076,0.0017462165308498253,0.10477299185098952,768.0,0.5950838985234171,0.4446614583333333,4,1,1.0,1.5,3072,3072,0,6,0,0,1,1,
v16e_design_calibration_not_fresh_evidence,v16d,3511,61043,exposure_matched_local,1671187047,compact_64_16_4,4,event_count,-1,3072,3436,4,0,6,2972,0.0017462165308498253,0.1350407450523865,768.0,0.0,0.25,4,1,1.0,1.5,3072,3072,0,6,0,0,1,1,
v16e_design_calibration_not_fresh_evidence,v16d,3511,61043,exposure_matched_local,1671187047,compact_64_16_4,4,shuffled_clock,0,3072,3436,4,0,6,2968,0.0017462165308498253,0.1362048894062864,768.0,0.04976389203840658,0.2662760416666667,4,1,1.0,1.5,3072,3072,0,6,0,0,1,1,7280330169469985231
v16e_design_calibration_not_fresh_evidence,v16d,3511,61043,exposure_matched_local,1671187047,compact_64_16_4,4,shuffled_clock,1,3072,3436,4,0,6,2977,0.0017462165308498253,0.13358556461001164,768.0,0.05849238918025052,0.2630208333333333,4,1,1.0,1.5,3072,3072,0,6,0,0,1,1,17270424806083747977
v16e_design_calibration_not_fresh_evidence,v16d,3511,61043,exposure_matched_local,1671187047,compact_64_16_4,4,shuffled_clock,2,3072,3436,4,0,6,2976,0.0017462165308498253,0.13387660069848661,768.0,0.053274147253851,0.2698567708333333,4,1,1.0,1.5,3072,3072,0,6,0,0,1,1,15324863148972166856
v16e_design_calibration_not_fresh_evidence,v16d,3511,61043,exposure_matched_local,1671187047,compact_64_16_4,4,shuffled_clock,3,3072,3436,4,0,6,2984,0.0017462165308498253,0.13154831199068684,768.0,0.035019345058931096,0.2600911458333333,4,1,1.0,1.5,3072,3072,0,6,0,0,1,1,639249360129411888
v16e_design_calibration_not_fresh_evidence,v16d,3511,61043,exposure_matched_local,1671187047,compact_64_16_4,4,shuffled_clock,4,3072,3436,4,0,6,2970,0.0017462165308498253,0.13562281722933645,768.0,0.022999377256062103,0.2565104166666667,4,1,1.0,1.5,3072,3072,0,6,0,0,1,1,8424360171509042422
v16e_design_calibration_not_fresh_evidence,v16d,3511,61043,exposure_matched_local,1671187047,compact_64_16_4,4,shuffled_clock,5,3072,3436,4,0,6,2973,0.0017462165308498253,0.13474970896391153,768.0,0.04712750278868192,0.26171875,4,1,1.0,1.5,3072,3072,0,6,0,0,1,1,466516850490960914
v16e_design_calibration_not_fresh_evidence,v16d,3511,61043,exposure_matched_local,1671187047,compact_64_16_4,4,shuffled_clock,6,3072,3436,4,0,6,2968,0.0017462165308498253,0.1362048894062864,768.0,0.06472982657550823,0.2639973958333333,4,1,1.0,1.5,3072,3072,0,6,0,0,1,1,10844300914781657122
v16e_design_calibration_not_fresh_evidence,v16d,3511,61043,exposure_matched_local,1671187047,compact_64_16_4,4,shuffled_clock,7,3072,3436,4,0,6,2971,0.0017462165308498253,0.13533178114086147,768.0,0.05688579402558513,0.2666015625,4,1,1.0,1.5,3072,3072,0,6,0,0,1,1,14275071831285821286
v16e_design_calibration_not_fresh_evidence,v16d,3511,61043,exposure_matched_local,1671187047,compact_64_16_4,4,shuffled_clock,8,3072,3436,4,0,6,2973,0.0017462165308498253,0.13474970896391153,768.0,0.011499688628031052,0.25390625,4,1,1.0,1.5,3072,3072,0,6,0,0,1,1,10162983488863939344
v16e_design_calibration_not_fresh_evidence,v16d,3511,61043,exposure_matched_local,1671187047,compact_64_16_4,4,shuffled_clock,9,3072,3436,4,0,6,2972,0.0017462165308498253,0.1350407450523865,768.0,0.017109725125370682,0.25390625,4,1,1.0,1.5,3072,3072,0,6,0,0,1,1,18008497349019355320
v16e_design_calibration_not_fresh_evidence,v16d,3511,61043,exposure_matched_local,1671187047,compact_64_16_4,4,shuffled_clock,10,3072,3436,4,0,6,2976,0.0017462165308498253,0.13387660069848661,768.0,0.07935233846454474,0.2698567708333333,4,1,1.0,1.5,3072,3072,0,6,0,0,1,1,4258861398903603097
v16e_design_calibration_not_fresh_evidence,v16d,3511,61043,exposure_matched_local,1671187047,compact_64_16_4,4,shuffled_clock,11,3072,3436,4,0,6,2971,0.0017462165308498253,0.13533178114086147,768.0,0.015661127215858262,0.2545572916666667,4,1,1.0,1.5,3072,3072,0,6,0,0,1,1,8557573798325712975
v16e_design_calibration_not_fresh_evidence,v16d,3511,61043,exposure_matched_local,1671187047,compact_64_16_4,4,shuffled_clock,12,3072,3436,4,0,6,2986,0.0017462165308498253,0.1309662398137369,768.0,0.03769300735971388,0.2613932291666667,4,1,1.0,1.5,3072,3072,0,6,0,0,1,1,6634202941300781449
v16e_design_calibration_not_fresh_evidence,v16d,3511,61043,exposure_matched_local,1671187047,compact_64_16_4,4,shuffled_clock,13,3072,3436,4,0,6,2968,0.0017462165308498253,0.1362048894062864,768.0,0.04340711783856336,0.2659505208333333,4,1,1.0,1.5,3072,3072,0,6,0,0,1,1,5560052675594612723
v16e_design_calibration_not_fresh_evidence,v16d,3511,61043,exposure_matched_local,1671187047,compact_64_16_4,4,shuffled_clock,14,3072,3436,4,0,6,2972,0.0017462165308498253,0.1350407450523865,768.0,0.05549788130444627,0.2639973958333333,4,1,1.0,1.5,3072,3072,0,6,0,0,1,1,17569336475444932859
v16e_design_calibration_not_fresh_evidence,v16d,3511,61043,exposure_matched_local,1671187047,compact_64_16_4,4,shuffled_clock,15,3072,3436,4,0,6,2977,0.0017462165308498253,0.13358556461001164,768.0,0.050997802155120155,0.2666015625,4,1,1.0,1.5,3072,3072,0,6,0,0,1,1,1416545261913284590
v16e_design_calibration_not_fresh_evidence,v16d,3511,61091,current_global,1571187095,wide_128_32_8,128,clock,-1,3072,3611,128,0,1176,471,0.32567155912489615,0.8695652173913043,24.0,0.6406505060219196,0.022135416666666668,126,2,0.999753937007874,9.1875,3072,3072,0,1176,0,0,1,1,
v16e_design_calibration_not_fresh_evidence,v16d,3511,61091,current_global,1571187095,wide_128_32_8,128,event_count,-1,3072,3611,128,0,1394,462,0.38604264746607586,0.8720576017723622,24.0,0.0,0.0078125,128,1,1.0,10.890625,3072,3072,0,1394,0,0,1,1,
v16e_design_calibration_not_fresh_evidence,v16d,3511,61091,current_global,1571187095,wide_128_32_8,128,shuffled_clock,0,3072,3611,128,0,1354,488,0.3749653835502631,0.8648573802270839,24.0,0.2741506409408137,0.013997395833333334,125,2,0.999507874015748,10.578125,3072,3072,0,1354,0,0,1,1,10944171846628850081
v16e_design_calibration_not_fresh_evidence,v16d,3511,61091,current_global,1571187095,wide_128_32_8,128,shuffled_clock,1,3072,3611,128,0,1356,488,0.37551924674605375,0.8648573802270839,24.0,0.2844773876373839,0.013671875,125,2,0.999630905511811,10.59375,3072,3072,0,1356,0,0,1,1,2196254463984890587
v16e_design_calibration_not_fresh_evidence,v16d,3511,61091,current_global,1571187095,wide_128_32_8,128,shuffled_clock,2,3072,3611,128,0,1343,483,0.3719191359734146,0.8662420382165605,24.0,0.2693211874551434,0.0126953125,126,2,0.999630905511811,10.4921875,3072,3072,0,1343,0,0,1,1,5008373095034580589
v16e_design_calibration_not_fresh_evidence,v16d,3511,61091,current_global,1571187095,wide_128_32_8,128,shuffled_clock,3,3072,3611,128,0,1356,497,0.37551924674605375,0.862364995846026,24.0,0.2901394210367579,0.014322916666666666,127,2,0.999876968503937,10.59375,3072,3072,0,1356,0,0,1,1,5729480580087744653
v16e_design_calibration_not_fresh_evidence,v16d,3511,61091,current_global,1571187095,wide_128_32_8,128,shuffled_clock,4,3072,3611,128,0,1355,488,0.3752423151481584,0.8648573802270839,24.0,0.28490954190605194,0.015299479166666666,127,2,0.999876968503937,10.5859375,3072,3072,0,1355,0,0,1,1,16317868284383653316
v16e_design_calibration_not_fresh_evidence,v16d,3511,61091,current_global,1571187095,wide_128_32_8,128,shuffled_clock,5,3072,3611,128,0,1347,474,0.3730268623649958,0.8687344225976183,24.0,0.2751957865046016,0.0126953125,127,2,0.999753937007874,10.5234375,3072,3072,0,1347,0,0,1,1,10909863938892509636
v16e_design_calibration_not_fresh_evidence,v16d,3511,61091,current_global,1571187095,wide_128_32_8,128,shuffled_clock,6,3072,3611,128,0,1346,472,0.3727499307671005,0.869288285793409,24.0,0.2789454896153152,0.013997395833333334,128,1,1.0,10.515625,3072,3072,0,1346,0,0,1,1,852630592869720704
v16e_design_calibration_not_fresh_evidence,v16d,3511,61091,current_global,1571187095,wide_128_32_8,128,shuffled_clock,7,3072,3611,128,0,1378,479,0.3816117418997508,0.8673497646081418,24.0,0.26512637505660613,0.013997395833333334,128,1,1.0,10.765625,3072,3072,0,1378,0,0,1,1,3440257972095433527
v16e_design_calibration_not_fresh_evidence,v16d,3511,61091,current_global,1571187095,wide_128_32_8,128,shuffled_clock,8,3072,3611,128,0,1366,478,0.37828856272500694,0.8676266962060372,24.0,0.3033153783154749,0.013020833333333334,127,2,0.999876968503937,10.671875,3072,3072,0,1366,0,0,1,1,14373924891282685492
v16e_design_calibration_not_fresh_evidence,v16d,3511,61091,current_global,1571187095,wide_128_32_8,128,shuffled_clock,9,3072,3611,128,0,1339,481,0.3708114095818333,0.8667959014123512,24.0,0.3027740654896954,0.014973958333333334,128,1,1.0,10.4609375,3072,3072,0,1339,0,0,1,1,355192384574454510
v16e_design_calibration_not_fresh_evidence,v16d,3511,61091,current_global,1571187095,wide_128_32_8,128,shuffled_clock,10,3072,3611,128,0,1370,510,0.3793962891165882,0.8587648850733869,24.0,0.29309268940802147,0.013346354166666666,126,2,0.999753937007874,10.703125,3072,3072,0,1370,0,0,1,1,11206911969430648461
v16e_design_calibration_not_fresh_evidence,v16d,3511,61091,current_global,1571187095,wide_128_32_8,128,shuffled_clock,11,3072,3611,128,0,1357,480,0.37579617834394907,0.8670728330102465,24.0,0.27967962236030813,0.013020833333333334,126,2,0.999753937007874,10.6015625,3072,3072,0,1357,0,0,1,1,2352876960793558262
v16e_design_calibration_not_fresh_evidence,v16d,3511,61091,current_global,1571187095,wide_128_32_8,128,shuffled_clock,12,3072,3611,128,0,1359,489,0.37635004153973967,0.8645804486291886,24.0,0.2807528779508596,0.014322916666666666,126,2,0.999753937007874,10.6171875,3072,3072,0,1359,0,0,1,1,1624889913312349598
v16e_design_calibration_not_fresh_evidence,v16d,3511,61091,current_global,1571187095,wide_128_32_8,128,shuffled_clock,13,3072,3611,128,0,1379,485,0.3818886734976461,0.8656881750207699,24.0,0.2645069200628877,0.0126953125,127,2,0.999876968503937,10.7734375,3072,3072,0,1379,0,0,1,1,13687417892198505793
v16e_design_calibration_not_fresh_evidence,v16d,3511,61091,current_global,1571187095,wide_128_32_8,128,shuffled_clock,14,3072,3611,128,0,1362,490,0.37718083633342564,0.8643035170312933,24.0,0.26352313834736496,0.012369791666666666,124,2,0.999507874015748,10.640625,3072,3072,0,1362,0,0,1,1,3632963254156863634
v16e_design_calibration_not_fresh_evidence,v16d,3511,61091,current_global,1571187095,wide_128_32_8,128,shuffled_clock,15,3072,3611,128,0,1369,490,0.37911935751869286,0.8643035170312933,24.0,0.27539441214323873,0.0126953125,128,1,1.0,10.6953125,3072,3072,0,1369,0,0,1,1,12629651133926685171
v16e_design_calibration_not_fresh_evidence,v16d,3511,61091,current_global,1571187095,wide_128_32_8,32,clock,-1,3072,3611,32,0,231,1493,0.06397119911381889,0.5865411243422874,96.0,0.6263985249081997,0.080078125,32,1,1.0,7.21875,3072,3072,0,231,0,0,1,1,
v16e_design_calibration_not_fresh_evidence,v16d,3511,61091,current_global,1571187095,wide_128_32_8,32,event_count,-1,3072,3611,32,0,281,1346,0.07781777900858489,0.6272500692328995,96.0,0.0,0.03125,32,1,1.0,8.78125,3072,3072,0,281,0,0,1,1,
v16e_design_calibration_not_fresh_evidence,v16d,3511,61091,current_global,1571187095,wide_128_32_8,32,shuffled_clock,0,3072,3611,32,0,286,1356,0.07920243699806148,0.6244807532539463,96.0,0.13884968084575397,0.040690104166666664,32,1,1.0,8.9375,3072,3072,0,286,0,0,1,1,9488689078587819074
v16e_design_calibration_not_fresh_evidence,v16d,3511,61091,current_global,1571187095,wide_128_32_8,32,shuffled_clock,1,3072,3611,32,0,274,1352,0.07587925782331764,0.6255884796455276,96.0,0.1458573328946467,0.040690104166666664,32,1,1.0,8.5625,3072,3072,0,274,0,0,1,1,14126224288344966873
v16e_design_calibration_not_fresh_evidence,v16d,3511,61091,current_global,1571187095,wide_128_32_8,32,shuffled_clock,2,3072,3611,32,0,283,1378,0.07837164220437552,0.6183882581002492,96.0,0.12530764114097517,0.038736979166666664,32,1,1.0,8.84375,3072,3072,0,283,0,0,1,1,8357178988850097205
v16e_design_calibration_not_fresh_evidence,v16d,3511,61091,current_global,1571187095,wide_128_32_8,32,shuffled_clock,3,3072,3611,32,0,280,1365,0.07754084741068956,0.6219883688728884,96.0,0.15621639423555067,0.039388020833333336,32,1,1.0,8.75,3072,3072,0,280,0,0,1,1,5731621776129585888
v16e_design_calibration_not_fresh_evidence,v16d,3511,61091,current_global,1571187095,wide_128_32_8,32,shuffled_clock,4,3072,3611,32,0,279,1365,0.07726391581279424,0.6219883688728884,96.0,0.1455690770143017,0.041666666666666664,32,1,1.0,8.71875,3072,3072,0,279,0,0,1,1,10215439938266919833
v16e_design_calibration_not_fresh_evidence,v16d,3511,61091,current_global,1571187095,wide_128_32_8,32,shuffled_clock,5,3072,3611,32,0,275,1375,0.07615618942121297,0.6192190528939352,96.0,0.13428757992407117,0.044596354166666664,32,1,1.0,8.59375,3072,3072,0,275,0,0,1,1,843009613020598088
v16e_design_calibration_not_fresh_evidence,v16d,3511,61091,current_global,1571187095,wide_128_32_8,32,shuffled_clock,6,3072,3611,32,0,279,1346,0.07726391581279424,0.6272500692328995,96.0,0.16506284781136718,0.0439453125,32,1,1.0,8.71875,3072,3072,0,279,0,0,1,1,5261172845173262933
v16e_design_calibration_not_fresh_evidence,v16d,3511,61091,current_global,1571187095,wide_128_32_8,32,shuffled_clock,7,3072,3611,32,0,281,1360,0.07781777900858489,0.623373026862365,96.0,0.1441434346375302,0.0400390625,32,1,1.0,8.78125,3072,3072,0,281,0,0,1,1,1121644697849908063
v16e_design_calibration_not_fresh_evidence,v16d,3511,61091,current_global,1571187095,wide_128_32_8,32,shuffled_clock,8,3072,3611,32,0,284,1350,0.07864857380227083,0.6261423428413182,96.0,0.14588132850768962,0.0400390625,32,1,1.0,8.875,3072,3072,0,284,0,0,1,1,46003848536284819
v16e_design_calibration_not_fresh_evidence,v16d,3511,61091,current_global,1571187095,wide_128_32_8,32,shuffled_clock,9,3072,3611,32,0,280,1348,0.07754084741068956,0.6266962060371088,96.0,0.15384574997362208,0.041341145833333336,32,1,1.0,8.75,3072,3072,0,280,0,0,1,1,4858075489778653696
v16e_design_calibration_not_fresh_evidence,v16d,3511,61091,current_global,1571187095,wide_128_32_8,32,shuffled_clock,10,3072,3611,32,0,281,1362,0.07781777900858489,0.6228191636665743,96.0,0.1802278526006638,0.039713541666666664,32,1,1.0,8.78125,3072,3072,0,281,0,0,1,1,9896987580819193740
v16e_design_calibration_not_fresh_evidence,v16d,3511,61091,current_global,1571187095,wide_128_32_8,32,shuffled_clock,11,3072,3611,32,0,277,1333,0.0767100526170036,0.6308501800055386,96.0,0.13229179895853177,0.041015625,32,1,1.0,8.65625,3072,3072,0,277,0,0,1,1,17325091971262620892
v16e_design_calibration_not_fresh_evidence,v16d,3511,61091,current_global,1571187095,wide_128_32_8,32,shuffled_clock,12,3072,3611,32,0,287,1379,0.07947936859595679,0.6181113265023539,96.0,0.14067788233073789,0.038736979166666664,32,1,1.0,8.96875,3072,3072,0,287,0,0,1,1,311621712516278085
v16e_design_calibration_not_fresh_evidence,v16d,3511,61091,current_global,1571187095,wide_128_32_8,32,shuffled_clock,13,3072,3611,32,0,272,1358,0.075325394627527,0.6239268900581556,96.0,0.17279152422006672,0.043619791666666664,32,1,1.0,8.5,3072,3072,0,272,0,0,1,1,14326590560258113231
v16e_design_calibration_not_fresh_evidence,v16d,3511,61091,current_global,1571187095,wide_128_32_8,32,shuffled_clock,14,3072,3611,32,0,281,1363,0.07781777900858489,0.6225422320686791,96.0,0.14523205538170375,0.0380859375,32,1,1.0,8.78125,3072,3072,0,281,0,0,1,1,9367992882102633143
v16e_design_calibration_not_fresh_evidence,v16d,3511,61091,current_global,1571187095,wide_128_32_8,32,shuffled_clock,15,3072,3611,32,0,278,1372,0.07698698421489893,0.6200498476876212,96.0,0.1270001270001905,0.0390625,32,1,1.0,8.6875,3072,3072,0,278,0,0,1,1,2918368640712369948
v16e_design_calibration_not_fresh_evidence,v16d,3511,61091,current_global,1571187095,wide_128_32_8,8,clock,-1,3072,3611,8,0,27,2777,0.007477153143173636,0.23096095264469677,384.0,0.6477027475673923,0.27734375,8,1,1.0,3.375,3072,3072,0,27,0,0,1,1,
v16e_design_calibration_not_fresh_evidence,v16d,3511,61091,current_global,1571187095,wide_128_32_8,8,event_count,-1,3072,3611,8,0,28,2576,0.007754084741068956,0.28662420382165604,384.0,0.0,0.125,8,1,1.0,3.5,3072,3072,0,28,0,0,1,1,
v16e_design_calibration_not_fresh_evidence,v16d,3511,61091,current_global,1571187095,wide_128_32_8,8,shuffled_clock,0,3072,3611,8,0,28,2583,0.007754084741068956,0.2846856826363888,384.0,0.0669746189117416,0.13541666666666666,8,1,1.0,3.5,3072,3072,0,28,0,0,1,1,8151432613012032450
v16e_design_calibration_not_fresh_evidence,v16d,3511,61091,current_global,1571187095,wide_128_32_8,8,shuffled_clock,1,3072,3611,8,0,28,2564,0.007754084741068956,0.2899473829963999,384.0,0.0423813338081418,0.13248697916666666,8,1,1.0,3.5,3072,3072,0,28,0,0,1,1,17536882153463451221
v16e_design_calibration_not_fresh_evidence,v16d,3511,61091,current_global,1571187095,wide_128_32_8,8,shuffled_clock,2,3072,3611,8,0,28,2561,0.007754084741068956,0.29077817779008586,384.0,0.0780753810683512,0.14713541666666666,8,1,1.0,3.5,3072,3072,0,28,0,0,1,1,16571554444561334931
v16e_design_calibration_not_fresh_evidence,v16d,3511,61091,current_global,1571187095,wide_128_32_8,8,shuffled_clock,3,3072,3611,8,0,28,2582,0.007754084741068956,0.28496261423428415,384.0,0.08496815317265304,0.14290364583333334,8,1,1.0,3.5,3072,3072,0,28,0,0,1,1,15469369606969970660
v16e_design_calibration_not_fresh_evidence,v16d,3511,61091,current_global,1571187095,wide_128_32_8,8,shuffled_clock,4,3072,3611,8,0,28,2572,0.007754084741068956,0.28773193021323734,384.0,0.06668468413522168,0.138671875,8,1,1.0,3.5,3072,3072,0,28,0,0,1,1,3971408794649695953
v16e_design_calibration_not_fresh_evidence,v16d,3511,61091,current_global,1571187095,wide_128_32_8,8,shuffled_clock,5,3072,3611,8,0,28,2566,0.007754084741068956,0.28939351980060923,384.0,0.0630094563717376,0.1357421875,8,1,1.0,3.5,3072,3072,0,28,0,0,1,1,3216627343181088977
v16e_design_calibration_not_fresh_evidence,v16d,3511,61091,current_global,1571187095,wide_128_32_8,8,shuffled_clock,6,3072,3611,8,0,28,2562,0.007754084741068956,0.29050124619219053,384.0,0.077789458005476,0.14290364583333334,8,1,1.0,3.5,3072,3072,0,28,0,0,1,1,9316163287240505748
v16e_design_calibration_not_fresh_evidence,v16d,3511,61091,current_global,1571187095,wide_128_32_8,8,shuffled_clock,7,3072,3611,8,0,28,2565,0.007754084741068956,0.28967045139850456,384.0,0.062468990323072515,0.13313802083333334,8,1,1.0,3.5,3072,3072,0,28,0,0,1,1,16913715549146870692
v16e_design_calibration_not_fresh_evidence,v16d,3511,61091,current_global,1571187095,wide_128_32_8,8,shuffled_clock,8,3072,3611,8,0,28,2552,0.007754084741068956,0.2932705621711437,384.0,0.08071116350717873,0.1435546875,8,1,1.0,3.5,3072,3072,0,28,0,0,1,1,12744991281967009492
v16e_design_calibration_not_fresh_evidence,v16d,3511,61091,current_global,1571187095,wide_128_32_8,8,shuffled_clock,9,3072,3611,8,0,28,2568,0.007754084741068956,0.2888396566048186,384.0,0.11354712743530558,0.14388020833333334,8,1,1.0,3.5,3072,3072,0,28,0,0,1,1,3014292495544960993
v16e_design_calibration_not_fresh_evidence,v16d,3511,61091,current_global,1571187095,wide_128_32_8,8,shuffled_clock,10,3072,3611,8,0,28,2587,0.007754084741068956,0.2835779562448075,384.0,0.08429274723903103,0.13802083333333334,8,1,1.0,3.5,3072,3072,0,28,0,0,1,1,4539661939231033491
v16e_design_calibration_not_fresh_evidence,v16d,3511,61091,current_global,1571187095,wide_128_32_8,8,shuffled_clock,11,3072,3611,8,0,28,2583,0.007754084741068956,0.2846856826363888,384.0,0.07726460747620724,0.13736979166666666,8,1,1.0,3.5,3072,3072,0,28,0,0,1,1,12628107074561001735
v16e_design_calibration_not_fresh_evidence,v16d,3511,61091,current_global,1571187095,wide_128_32_8,8,shuffled_clock,12,3072,3611,8,0,28,2564,0.007754084741068956,0.2899473829963999,384.0,0.06785126854272618,0.13639322916666666,8,1,1.0,3.5,3072,3072,0,28,0,0,1,1,12624077641780229190
v16e_design_calibration_not_fresh_evidence,v16d,3511,61091,current_global,1571187095,wide_128_32_8,8,shuffled_clock,13,3072,3611,8,0,28,2572,0.007754084741068956,0.28773193021323734,384.0,0.07584725228749879,0.13932291666666666,8,1,1.0,3.5,3072,3072,0,28,0,0,1,1,5365876104939588134
v16e_design_calibration_not_fresh_evidence,v16d,3511,61091,current_global,1571187095,wide_128_32_8,8,shuffled_clock,14,3072,3611,8,0,28,2573,0.007754084741068956,0.287454998615342,384.0,0.08786065130431853,0.14127604166666666,8,1,1.0,3.5,3072,3072,0,28,0,0,1,1,18254751783297662714
v16e_design_calibration_not_fresh_evidence,v16d,3511,61091,current_global,1571187095,wide_128_32_8,8,shuffled_clock,15,3072,3611,8,0,28,2560,0.007754084741068956,0.2910551093879812,384.0,0.06856147492035136,0.13639322916666666,8,1,1.0,3.5,3072,3072,0,28,0,0,1,1,16315922618843801815
v16e_design_calibration_not_fresh_evidence,v16d,3511,61091,current_global,1571187095,compact_64_16_4,64,clock,-1,3072,3611,64,0,550,897,0.15231237884242593,0.7515923566878981,48.0,0.6282543141476625,0.042317708333333336,64,1,1.0,8.59375,3072,3072,0,550,0,0,1,1,
v16e_design_calibration_not_fresh_evidence,v16d,3511,61091,current_global,1571187095,compact_64_16_4,64,event_count,-1,3072,3611,64,0,642,837,0.17779008584879535,0.7682082525616173,48.0,0.0,0.015625,64,1,1.0,10.03125,3072,3072,0,642,0,0,1,1,
v16e_design_calibration_not_fresh_evidence,v16d,3511,61091,current_global,1571187095,compact_64_16_4,64,shuffled_clock,0,3072,3611,64,0,644,853,0.17834394904458598,0.7637773469952922,48.0,0.1986159673065985,0.0224609375,64,1,1.0,10.0625,3072,3072,0,644,0,0,1,1,14925955013865465960
v16e_design_calibration_not_fresh_evidence,v16d,3511,61091,current_global,1571187095,compact_64_16_4,64,shuffled_clock,1,3072,3611,64,0,635,835,0.1758515646635281,0.7687621157574079,48.0,0.18704014744126485,0.021158854166666668,64,1,1.0,9.921875,3072,3072,0,635,0,0,1,1,11816181909692208862
v16e_design_calibration_not_fresh_evidence,v16d,3511,61091,current_global,1571187095,compact_64_16_4,64,shuffled_clock,2,3072,3611,64,0,641,853,0.17751315425090003,0.7637773469952922,48.0,0.21793356713122392,0.022786458333333332,64,1,1.0,10.015625,3072,3072,0,641,0,0,1,1,10596337070044545809
v16e_design_calibration_not_fresh_evidence,v16d,3511,61091,current_global,1571187095,compact_64_16_4,64,shuffled_clock,3,3072,3611,64,0,647,840,0.17917474383827195,0.7673774577679313,48.0,0.19697894676175964,0.021809895833333332,64,1,1.0,10.109375,3072,3072,0,647,0,0,1,1,14775661767010640130
v16e_design_calibration_not_fresh_evidence,v16d,3511,61091,current_global,1571187095,compact_64_16_4,64,shuffled_clock,4,3072,3611,64,0,639,832,0.17695929105510938,0.7695929105510939,48.0,0.19101280232632922,0.0224609375,64,1,1.0,9.984375,3072,3072,0,639,0,0,1,1,15083585699596527645
v16e_design_calibration_not_fresh_evidence,v16d,3511,61091,current_global,1571187095,compact_64_16_4,64,shuffled_clock,5,3072,3611,64,0,642,840,0.17779008584879535,0.7673774577679313,48.0,0.17371028913183165,0.022135416666666668,64,1,1.0,10.03125,3072,3072,0,642,0,0,1,1,2498669726404075889
v16e_design_calibration_not_fresh_evidence,v16d,3511,61091,current_global,1571187095,compact_64_16_4,64,shuffled_clock,6,3072,3611,64,0,648,840,0.17945167543616727,0.7673774577679313,48.0,0.17654270883366452,0.0244140625,64,1,1.0,10.125,3072,3072,0,648,0,0,1,1,5525531939084112168
v16e_design_calibration_not_fresh_evidence,v16d,3511,61091,current_global,1571187095,compact_64_16_4,64,shuffled_clock,7,3072,3611,64,0,641,860,0.17751315425090003,0.7618388258100249,48.0,0.19144512155680862,0.021809895833333332,64,1,1.0,10.015625,3072,3072,0,641,0,0,1,1,5579679692028288163
v16e_design_calibration_not_fresh_evidence,v16d,3511,61091,current_global,1571187095,compact_64_16_4,64,shuffled_clock,8,3072,3611,64,0,643,849,0.17806701744669068,0.7648850733868734,48.0,0.2071394362060157,0.0234375,64,1,1.0,10.046875,3072,3072,0,643,0,0,1,1,17507846542065419489
v16e_design_calibration_not_fresh_evidence,v16d,3511,61091,current_global,1571187095,compact_64_16_4,64,shuffled_clock,9,3072,3611,64,0,642,838,0.17779008584879535,0.767931320963722,48.0,0.18477964855069542,0.022786458333333332,64,1,1.0,10.03125,3072,3072,0,642,0,0,1,1,3192934161643409771
v16e_design_calibration_not_fresh_evidence,v16d,3511,61091,current_global,1571187095,compact_64_16_4,64,shuffled_clock,10,3072,3611,64,0,634,857,0.17557463306563278,0.7626696206037109,48.0,0.22888089445123458,0.025065104166666668,64,1,1.0,9.90625,3072,3072,0,634,0,0,1,1,15158498944995778974
v16e_design_calibration_not_fresh_evidence,v16d,3511,61091,current_global,1571187095,compact_64_16_4,64,shuffled_clock,11,3072,3611,64,0,626,832,0.17335918028247024,0.7695929105510939,48.0,0.19937761404079357,0.025390625,64,1,1.0,9.78125,3072,3072,0,626,0,0,1,1,3840851336535882324
v16e_design_calibration_not_fresh_evidence,v16d,3511,61091,current_global,1571187095,compact_64_16_4,64,shuffled_clock,12,3072,3611,64,0,639,863,0.17695929105510938,0.761008031016339,48.0,0.2205105207710578,0.021809895833333332,64,1,1.0,9.984375,3072,3072,0,639,0,0,1,1,15853345922978292522
v16e_design_calibration_not_fresh_evidence,v16d,3511,61091,current_global,1571187095,compact_64_16_4,64,shuffled_clock,13,3072,3611,64,0,648,831,0.17945167543616727,0.7698698421489892,48.0,0.20503338868630758,0.021158854166666668,64,1,1.0,10.125,3072,3072,0,648,0,0,1,1,17607645364118300050
v16e_design_calibration_not_fresh_evidence,v16d,3511,61091,current_global,1571187095,compact_64_16_4,64,shuffled_clock,14,3072,3611,64,0,643,826,0.17806701744669068,0.7712545001384657,48.0,0.20304125088041322,0.021484375,64,1,1.0,10.046875,3072,3072,0,643,0,0,1,1,327337709134985476
v16e_design_calibration_not_fresh_evidence,v16d,3511,61091,current_global,1571187095,compact_64_16_4,64,shuffled_clock,15,3072,3611,64,0,640,834,0.1772362226530047,0.7690390473553033,48.0,0.19169685752558696,0.0224609375,64,1,1.0,10.0,3072,3072,0,640,0,0,1,1,16289187932212436661
v16e_design_calibration_not_fresh_evidence,v16d,3511,61091,current_global,1571187095,compact_64_16_4,16,clock,-1,3072,3611,16,0,92,2196,0.025477707006369428,0.3918582110218776,192.0,0.628318735094196,0.14518229166666666,16,1,1.0,5.75,3072,3072,0,92,0,0,1,1,
v16e_design_calibration_not_fresh_evidence,v16d,3511,61091,current_global,1571187095,compact_64_16_4,16,event_count,-1,3072,3611,16,0,107,1975,0.029631680974799224,0.4530600941567433,192.0,0.0,0.0625,16,1,1.0,6.6875,3072,3072,0,107,0,0,1,1,
v16e_design_calibration_not_fresh_evidence,v16d,3511,61091,current_global,1571187095,compact_64_16_4,16,shuffled_clock,0,3072,3611,16,0,104,1980,0.028800886181113265,0.4516754361672667,192.0,0.13853252893841964,0.076171875,16,1,1.0,6.5,3072,3072,0,104,0,0,1,1,7267358856159365283
v16e_design_calibration_not_fresh_evidence,v16d,3511,61091,current_global,1571187095,compact_64_16_4,16,shuffled_clock,1,3072,3611,16,0,108,1969,0.029908612572694546,0.4547216837441152,192.0,0.10716180112507613,0.07259114583333333,16,1,1.0,6.75,3072,3072,0,108,0,0,1,1,1129869275722004993
v16e_design_calibration_not_fresh_evidence,v16d,3511,61091,current_global,1571187095,compact_64_16_4,16,shuffled_clock,2,3072,3611,16,0,104,1975,0.028800886181113265,0.4530600941567433,192.0,0.12609474318645983,0.07421875,16,1,1.0,6.5,3072,3072,0,104,0,0,1,1,17279117303295205329
v16e_design_calibration_not_fresh_evidence,v16d,3511,61091,current_global,1571187095,compact_64_16_4,16,shuffled_clock,3,3072,3611,16,0,105,1973,0.029077817779008586,0.4536139573525339,192.0,0.1457589095809317,0.08333333333333333,16,1,1.0,6.5625,3072,3072,0,105,0,0,1,1,2252027172555128000
v16e_design_calibration_not_fresh_evidence,v16d,3511,61091,current_global,1571187095,compact_64_16_4,16,shuffled_clock,4,3072,3611,16,0,104,1978,0.028800886181113265,0.45222929936305734,192.0,0.13970247817203318,0.083984375,16,1,1.0,6.5,3072,3072,0,104,0,0,1,1,1788424629519109572
v16e_design_calibration_not_fresh_evidence,v16d,3511,61091,current_global,1571187095,compact_64_16_4,16,shuffled_clock,5,3072,3611,16,0,104,1959,0.028800886181113265,0.4574909997230684,192.0,0.08920300401850784,0.07454427083333333,16,1,1.0,6.5,3072,3072,0,104,0,0,1,1,6180199225097882124
v16e_design_calibration_not_fresh_evidence,v16d,3511,61091,current_global,1571187095,compact_64_16_4,16,shuffled_clock,6,3072,3611,16,0,107,1989,0.029631680974799224,0.4491830517862088,192.0,0.09661891181528785,0.07259114583333333,16,1,1.0,6.6875,3072,3072,0,107,0,0,1,1,16321654399180401836
v16e_design_calibration_not_fresh_evidence,v16d,3511,61091,current_global,1571187095,compact_64_16_4,16,shuffled_clock,7,3072,3611,16,0,108,1977,0.029908612572694546,0.45250623096095266,192.0,0.1193909360121272,0.07389322916666667,16,1,1.0,6.75,3072,3072,0,108,0,0,1,1,3066915866332824810
v16e_design_calibration_not_fresh_evidence,v16d,3511,61091,current_global,1571187095,compact_64_16_4,16,shuffled_clock,8,3072,3611,16,0,105,1978,0.029077817779008586,0.45222929936305734,192.0,0.1272511414850934,0.07421875,16,1,1.0,6.5625,3072,3072,0,105,0,0,1,1,9352470599767401146
v16e_design_calibration_not_fresh_evidence,v16d,3511,61091,current_global,1571187095,compact_64_16_4,16,shuffled_clock,9,3072,3611,16,0,108,1965,0.029908612572694546,0.4558294101356965,192.0,0.1255917705268704,0.07682291666666667,16,1,1.0,6.75,3072,3072,0,108,0,0,1,1,13319024136586832127
v16e_design_calibration_not_fresh_evidence,v16d,3511,61091,current_global,1571187095,compact_64_16_4,16,shuffled_clock,10,3072,3611,16,0,104,1955,0.028800886181113265,0.4585987261146497,192.0,0.1216715419495059,0.07259114583333333,16,1,1.0,6.5,3072,3072,0,104,0,0,1,1,17502527319839660825
v16e_design_calibration_not_fresh_evidence,v16d,3511,61091,current_global,1571187095,compact_64_16_4,16,shuffled_clock,11,3072,3611,16,0,106,1974,0.029354749376903903,0.4533370257546386,192.0,0.10002169903464836,0.076171875,16,1,1.0,6.625,3072,3072,0,106,0,0,1,1,13174502502712080324
v16e_design_calibration_not_fresh_evidence,v16d,3511,61091,current_global,1571187095,compact_64_16_4,16,shuffled_clock,12,3072,3611,16,0,105,1979,0.029077817779008586,0.451952367765162,192.0,0.12086625509367936,0.076171875,16,1,1.0,6.5625,3072,3072,0,105,0,0,1,1,8117446235521494953
v16e_design_calibration_not_fresh_evidence,v16d,3511,61091,current_global,1571187095,compact_64_16_4,16,shuffled_clock,13,3072,3611,16,0,105,1975,0.029077817779008586,0.4530600941567433,192.0,0.08719357721419284,0.0712890625,16,1,1.0,6.5625,3072,3072,0,105,0,0,1,1,1207832627492765308
v16e_design_calibration_not_fresh_evidence,v16d,3511,61091,current_global,1571187095,compact_64_16_4,16,shuffled_clock,14,3072,3611,16,0,105,1970,0.029077817779008586,0.4544447521462199,192.0,0.09721602162766747,0.0732421875,16,1,1.0,6.5625,3072,3072,0,105,0,0,1,1,1679515360580458960
v16e_design_calibration_not_fresh_evidence,v16d,3511,61091,current_global,1571187095,compact_64_16_4,16,shuffled_clock,15,3072,3611,16,0,105,1965,0.029077817779008586,0.4558294101356965,192.0,0.08035025323198704,0.0732421875,16,1,1.0,6.5625,3072,3072,0,105,0,0,1,1,10114203030595695308
v16e_design_calibration_not_fresh_evidence,v16d,3511,61091,current_global,1571187095,compact_64_16_4,4,clock,-1,3072,3611,4,0,6,3149,0.001661589587371919,0.12794239822763778,768.0,0.661197694438937,0.4729817708333333,4,1,1.0,1.5,3072,3072,0,6,0,0,1,1,
v16e_design_calibration_not_fresh_evidence,v16d,3511,61091,current_global,1571187095,compact_64_16_4,4,event_count,-1,3072,3611,4,0,6,3029,0.001661589587371919,0.16117418997507615,768.0,0.0,0.25,4,1,1.0,1.5,3072,3072,0,6,0,0,1,1,
v16e_design_calibration_not_fresh_evidence,v16d,3511,61091,current_global,1571187095,compact_64_16_4,4,shuffled_clock,0,3072,3611,4,0,6,3028,0.001661589587371919,0.16145112157297148,768.0,0.05202905157462156,0.2623697916666667,4,1,1.0,1.5,3072,3072,0,6,0,0,1,1,16308613737689869430
v16e_design_calibration_not_fresh_evidence,v16d,3511,61091,current_global,1571187095,compact_64_16_4,4,shuffled_clock,1,3072,3611,4,0,6,3040,0.001661589587371919,0.15812794239822764,768.0,0.07064127096657553,0.2737630208333333,4,1,1.0,1.5,3072,3072,0,6,0,0,1,1,17479734884639234444
v16e_design_calibration_not_fresh_evidence,v16d,3511,61091,current_global,1571187095,compact_64_16_4,4,shuffled_clock,2,3072,3611,4,0,6,3029,0.001661589587371919,0.16117418997507615,768.0,0.05401161368276031,0.2649739583333333,4,1,1.0,1.5,3072,3072,0,6,0,0,1,1,4279668725572946619
v16e_design_calibration_not_fresh_evidence,v16d,3511,61091,current_global,1571187095,compact_64_16_4,4,shuffled_clock,3,3072,3611,4,0,6,3024,0.001661589587371919,0.16255884796455275,768.0,0.013447858840997974,0.25390625,4,1,1.0,1.5,3072,3072,0,6,0,0,1,1,1425019033832576262
v16e_design_calibration_not_fresh_evidence,v16d,3511,61091,current_global,1571187095,compact_64_16_4,4,shuffled_clock,4,3072,3611,4,0,6,3033,0.001661589587371919,0.16006646358349488,768.0,0.04159879454689318,0.2610677083333333,4,1,1.0,1.5,3072,3072,0,6,0,0,1,1,4025697407052393889
v16e_design_calibration_not_fresh_evidence,v16d,3511,61091,current_global,1571187095,compact_64_16_4,4,shuffled_clock,5,3072,3611,4,0,6,3025,0.001661589587371919,0.16228191636665742,768.0,0.04575237483716819,0.265625,4,1,1.0,1.5,3072,3072,0,6,0,0,1,1,2038939998419527651
v16e_design_calibration_not_fresh_evidence,v16d,3511,61091,current_global,1571187095,compact_64_16_4,4,shuffled_clock,6,3072,3611,4,0,6,3033,0.001661589587371919,0.16006646358349488,768.0,0.06133167268283227,0.265625,4,1,1.0,1.5,3072,3072,0,6,0,0,1,1,5897409535234805819
v16e_design_calibration_not_fresh_evidence,v16d,3511,61091,current_global,1571187095,compact_64_16_4,4,shuffled_clock,7,3072,3611,4,0,6,3027,0.001661589587371919,0.1617280531708668,768.0,0.01253431343593199,0.25390625,4,1,1.0,1.5,3072,3072,0,6,0,0,1,1,902018724663573236
v16e_design_calibration_not_fresh_evidence,v16d,3511,61091,current_global,1571187095,compact_64_16_4,4,shuffled_clock,8,3072,3611,4,0,6,3028,0.001661589587371919,0.16145112157297148,768.0,0.06481707533673772,0.2666015625,4,1,1.0,1.5,3072,3072,0,6,0,0,1,1,10604081934356138774
v16e_design_calibration_not_fresh_evidence,v16d,3511,61091,current_global,1571187095,compact_64_16_4,4,shuffled_clock,9,3072,3611,4,0,6,3032,0.001661589587371919,0.1603433951813902,768.0,0.02008756330799676,0.2571614583333333,4,1,1.0,1.5,3072,3072,0,6,0,0,1,1,11652813796237950533
v16e_design_calibration_not_fresh_evidence,v16d,3511,61091,current_global,1571187095,compact_64_16_4,4,shuffled_clock,10,3072,3611,4,0,6,3025,0.001661589587371919,0.16228191636665742,768.0,0.042299341633907694,0.2620442708333333,4,1,1.0,1.5,3072,3072,0,6,0,0,1,1,8062606599924300710
v16e_design_calibration_not_fresh_evidence,v16d,3511,61091,current_global,1571187095,compact_64_16_4,4,shuffled_clock,11,3072,3611,4,0,6,3027,0.001661589587371919,0.1617280531708668,768.0,0.05622628422380178,0.2685546875,4,1,1.0,1.5,3072,3072,0,6,0,0,1,1,11288108015257774244
v16e_design_calibration_not_fresh_evidence,v16d,3511,61091,current_global,1571187095,compact_64_16_4,4,shuffled_clock,12,3072,3611,4,0,6,3027,0.001661589587371919,0.1617280531708668,768.0,0.0662486214697598,0.2692057291666667,4,1,1.0,1.5,3072,3072,0,6,0,0,1,1,18032789933656178947
v16e_design_calibration_not_fresh_evidence,v16d,3511,61091,current_global,1571187095,compact_64_16_4,4,shuffled_clock,13,3072,3611,4,0,6,3035,0.001661589587371919,0.15951260038770423,768.0,0.028547020229870396,0.2600911458333333,4,1,1.0,1.5,3072,3072,0,6,0,0,1,1,4920482669300731090
v16e_design_calibration_not_fresh_evidence,v16d,3511,61091,current_global,1571187095,compact_64_16_4,4,shuffled_clock,14,3072,3611,4,0,6,3024,0.001661589587371919,0.16255884796455275,768.0,0.02176206794569735,0.2555338541666667,4,1,1.0,1.5,3072,3072,0,6,0,0,1,1,6711503182808838617
v16e_design_calibration_not_fresh_evidence,v16d,3511,61091,current_global,1571187095,compact_64_16_4,4,shuffled_clock,15,3072,3611,4,0,6,3028,0.001661589587371919,0.16145112157297148,768.0,0.036396276550758035,0.2623697916666667,4,1,1.0,1.5,3072,3072,0,6,0,0,1,1,6924412740646676578
v16e_design_calibration_not_fresh_evidence,v16d,3511,61091,exposure_matched_local,1671187095,wide_128_32_8,128,clock,-1,3072,3673,128,0,1148,496,0.31255104818949087,0.8649605227334604,24.0,0.7113087884146663,0.024088541666666668,127,2,0.999753937007874,8.96875,3072,3072,0,1148,0,0,1,1,
v16e_design_calibration_not_fresh_evidence,v16d,3511,61091,exposure_matched_local,1671187095,wide_128_32_8,128,event_count,-1,3072,3673,128,0,1433,443,0.3901442962156276,0.8793901442962156,24.0,0.0,0.0078125,127,2,0.999876968503937,11.1953125,3072,3072,0,1433,0,0,1,1,
v16e_design_calibration_not_fresh_evidence,v16d,3511,61091,exposure_matched_local,1671187095,wide_128_32_8,128,shuffled_clock,0,3072,3673,128,0,1389,500,0.37816498774843454,0.8638714946909883,24.0,0.29126800651384227,0.014973958333333334,126,2,0.999630905511811,10.8515625,3072,3072,0,1389,0,0,1,1,13572510857210751162
v16e_design_calibration_not_fresh_evidence,v16d,3511,61091,exposure_matched_local,1671187095,wide_128_32_8,128,shuffled_clock,1,3072,3673,128,0,1372,466,0.37353661856792814,0.873128233052001,24.0,0.3039007124779727,0.0146484375,127,2,0.999876968503937,10.71875,3072,3072,0,1372,0,0,1,1,5538939320342622175
v16e_design_calibration_not_fresh_evidence,v16d,3511,61091,exposure_matched_local,1671187095,wide_128_32_8,128,shuffled_clock,2,3072,3673,128,0,1402,484,0.3817043288864688,0.8682276068608766,24.0,0.29239223587084234,0.014322916666666666,121,2,0.99876968503937,10.953125,3072,3072,0,1402,0,0,1,1,6150123639866319075
v16e_design_calibration_not_fresh_evidence,v16d,3511,61091,exposure_matched_local,1671187095,wide_128_32_8,128,shuffled_clock,3,3072,3673,128,0,1375,483,0.3743533895997822,0.8684998638714947,24.0,0.3017791368187546,0.013346354166666666,123,2,0.999138779527559,10.7421875,3072,3072,0,1375,0,0,1,1,5277779136024495395
v16e_design_calibration_not_fresh_evidence,v16d,3511,61091,exposure_matched_local,1671187095,wide_128_32_8,128,shuffled_clock,4,3072,3673,128,0,1377,466,0.3748979036210182,0.873128233052001,24.0,0.28577188989361485,0.013997395833333334,127,2,0.999876968503937,10.7578125,3072,3072,0,1377,0,0,1,1,11783732636693405481
v16e_design_calibration_not_fresh_evidence,v16d,3511,61091,exposure_matched_local,1671187095,wide_128_32_8,128,shuffled_clock,5,3072,3673,128,0,1377,463,0.3748979036210182,0.8739450040838551,24.0,0.29822491761640924,0.0126953125,124,2,0.999261811023622,10.7578125,3072,3072,0,1377,0,0,1,1,2045705816931491888
v16e_design_calibration_not_fresh_evidence,v16d,3511,61091,exposure_matched_local,1671187095,wide_128_32_8,128,shuffled_clock,6,3072,3673,128,0,1413,463,0.3846991560032671,0.8739450040838551,24.0,0.2512000941761084,0.013346354166666666,125,2,0.999507874015748,11.0390625,3072,3072,0,1413,0,0,1,1,2724537516316980669
v16e_design_calibration_not_fresh_evidence,v16d,3511,61091,exposure_matched_local,1671187095,wide_128_32_8,128,shuffled_clock,7,3072,3673,128,0,1353,459,0.36836373536618566,0.8750340321263272,24.0,0.31398923364527065,0.013346354166666666,126,2,0.999630905511811,10.5703125,3072,3072,0,1353,0,0,1,1,13627276903851539547
v16e_design_calibration_not_fresh_evidence,v16d,3511,61091,exposure_matched_local,1671187095,wide_128_32_8,128,shuffled_clock,8,3072,3673,128,0,1399,457,0.38088755785461476,0.8755785461475633,24.0,0.26789619762776046,0.013020833333333334,128,1,1.0,10.9296875,3072,3072,0,1399,0,0,1,1,16033116838674550199
v16e_design_calibration_not_fresh_evidence,v16d,3511,61091,exposure_matched_local,1671187095,wide_128_32_8,128,shuffled_clock,9,3072,3673,128,0,1381,485,0.37598693166349034,0.8679553498502587,24.0,0.3097373509873735,0.014322916666666666,122,2,0.9990157480314961,10.7890625,3072,3072,0,1381,0,0,1,1,8735462287959500270
v16e_design_calibration_not_fresh_evidence,v16d,3511,61091,exposure_matched_local,1671187095,wide_128_32_8,128,shuffled_clock,10,3072,3673,128,0,1383,463,0.3765314456847264,0.8739450040838551,24.0,0.28500548719986646,0.015299479166666666,125,2,0.999630905511811,10.8046875,3072,3072,0,1383,0,0,1,1,999450963520071995
v16e_design_calibration_not_fresh_evidence,v16d,3511,61091,exposure_matched_local,1671187095,wide_128_32_8,128,shuffled_clock,11,3072,3673,128,0,1395,467,0.3797985298121427,0.8728559760413831,24.0,0.2685587403630197,0.013020833333333334,125,2,0.999630905511811,10.8984375,3072,3072,0,1395,0,0,1,1,16866504635768757452
v16e_design_calibration_not_fresh_evidence,v16d,3511,61091,exposure_matched_local,1671187095,wide_128_32_8,128,shuffled_clock,12,3072,3673,128,0,1399,472,0.38088755785461476,0.8714946909882929,24.0,0.30876486082873755,0.015625,124,2,0.999261811023622,10.9296875,3072,3072,0,1399,0,0,1,1,11243330229795179083
v16e_design_calibration_not_fresh_evidence,v16d,3511,61091,exposure_matched_local,1671187095,wide_128_32_8,128,shuffled_clock,13,3072,3673,128,0,1385,484,0.3770759597059624,0.8682276068608766,24.0,0.312855222429201,0.013671875,124,2,0.999507874015748,10.8203125,3072,3072,0,1385,0,0,1,1,14616406785727845816
v16e_design_calibration_not_fresh_evidence,v16d,3511,61091,exposure_matched_local,1671187095,wide_128_32_8,128,shuffled_clock,14,3072,3673,128,0,1396,486,0.3800707868227607,0.8676830928396406,24.0,0.28245192531426616,0.013346354166666666,124,2,0.999507874015748,10.90625,3072,3072,0,1396,0,0,1,1,10780739342920785864
v16e_design_calibration_not_fresh_evidence,v16d,3511,61091,exposure_matched_local,1671187095,wide_128_32_8,128,shuffled_clock,15,3072,3673,128,0,1396,460,0.3800707868227607,0.8747617751157092,24.0,0.32006909523067795,0.014973958333333334,128,1,1.0,10.90625,3072,3072,0,1396,0,0,1,1,6731190790958180857
v16e_design_calibration_not_fresh_evidence,v16d,3511,61091,exposure_matched_local,1671187095,wide_128_32_8,32,clock,-1,3072,3673,32,0,235,1479,0.0639803974952355,0.5973318812959434,96.0,0.6969505630714358,0.09016927083333333,32,1,1.0,7.34375,3072,3072,0,235,0,0,1,1,
v16e_design_calibration_not_fresh_evidence,v16d,3511,61091,exposure_matched_local,1671187095,wide_128_32_8,32,event_count,-1,3072,3673,32,0,293,1314,0.07977130411108085,0.6422542880479173,96.0,0.0,0.03125,32,1,1.0,9.15625,3072,3072,0,293,0,0,1,1,
v16e_design_calibration_not_fresh_evidence,v16d,3511,61091,exposure_matched_local,1671187095,wide_128_32_8,32,shuffled_clock,0,3072,3673,32,0,292,1351,0.07949904710046284,0.6321807786550504,96.0,0.16760906281901378,0.042643229166666664,32,1,1.0,9.125,3072,3072,0,292,0,0,1,1,4011589348822924664
v16e_design_calibration_not_fresh_evidence,v16d,3511,61091,exposure_matched_local,1671187095,wide_128_32_8,32,shuffled_clock,1,3072,3673,32,0,292,1334,0.07949904710046284,0.6368091478355568,96.0,0.143705677287252,0.043619791666666664,32,1,1.0,9.125,3072,3072,0,292,0,0,1,1,15571977788727918021
v16e_design_calibration_not_fresh_evidence,v16d,3511,61091,exposure_matched_local,1671187095,wide_128_32_8,32,shuffled_clock,2,3072,3673,32,0,292,1323,0.07949904710046284,0.639803974952355,96.0,0.15313882883206775,0.040364583333333336,32,1,1.0,9.125,3072,3072,0,292,0,0,1,1,8228811724284350366
v16e_design_calibration_not_fresh_evidence,v16d,3511,61091,exposure_matched_local,1671187095,wide_128_32_8,32,shuffled_clock,3,3072,3673,32,0,282,1351,0.0767764769942826,0.6321807786550504,96.0,0.13318834522832507,0.038736979166666664,32,1,1.0,8.8125,3072,3072,0,282,0,0,1,1,8630039723082880140
v16e_design_calibration_not_fresh_evidence,v16d,3511,61091,exposure_matched_local,1671187095,wide_128_32_8,32,shuffled_clock,4,3072,3673,32,0,288,1351,0.07841001905799075,0.6321807786550504,96.0,0.16301441873909767,0.043294270833333336,32,1,1.0,9.0,3072,3072,0,288,0,0,1,1,7989998197977167162
v16e_design_calibration_not_fresh_evidence,v16d,3511,61091,exposure_matched_local,1671187095,wide_128_32_8,32,shuffled_clock,5,3072,3673,32,0,287,1353,0.07813776204737272,0.6316362646338143,96.0,0.1310423558027591,0.040364583333333336,32,1,1.0,8.96875,3072,3072,0,287,0,0,1,1,12311581819103514836
v16e_design_calibration_not_fresh_evidence,v16d,3511,61091,exposure_matched_local,1671187095,wide_128_32_8,32,shuffled_clock,6,3072,3673,32,0,289,1343,0.07868227606860877,0.6343588347399945,96.0,0.14542473481022292,0.042317708333333336,32,1,1.0,9.03125,3072,3072,0,289,0,0,1,1,5778790042383165095
v16e_design_calibration_not_fresh_evidence,v16d,3511,61091,exposure_matched_local,1671187095,wide_128_32_8,32,shuffled_clock,7,3072,3673,32,0,296,1333,0.08058807514293494,0.6370814048461748,96.0,0.17321639717675708,0.0439453125,32,1,1.0,9.25,3072,3072,0,296,0,0,1,1,229065613217979094
v16e_design_calibration_not_fresh_evidence,v16d,3511,61091,exposure_matched_local,1671187095,wide_128_32_8,32,shuffled_clock,8,3072,3673,32,0,292,1357,0.07949904710046284,0.6305472365913423,96.0,0.13679253481329,0.0400390625,32,1,1.0,9.125,3072,3072,0,292,0,0,1,1,1816000285885380889
v16e_design_calibration_not_fresh_evidence,v16d,3511,61091,exposure_matched_local,1671187095,wide_128_32_8,32,shuffled_clock,9,3072,3673,32,0,284,1359,0.07732099101551865,0.6300027225701061,96.0,0.17204038556464865,0.039713541666666664,32,1,1.0,8.875,3072,3072,0,284,0,0,1,1,1829893315101825089
v16e_design_calibration_not_fresh_evidence,v16d,3511,61091,exposure_matched_local,1671187095,wide_128_32_8,32,shuffled_clock,10,3072,3673,32,0,290,1315,0.07895453307922679,0.6419820310372992,96.0,0.12443870394465913,0.0390625,32,1,1.0,9.0625,3072,3072,0,290,0,0,1,1,16113222015008766901
v16e_design_calibration_not_fresh_evidence,v16d,3511,61091,exposure_matched_local,1671187095,wide_128_32_8,32,shuffled_clock,11,3072,3673,32,0,289,1349,0.07868227606860877,0.6327252926762864,96.0,0.13165526696261118,0.039713541666666664,32,1,1.0,9.03125,3072,3072,0,289,0,0,1,1,12968206657313658163
v16e_design_calibration_not_fresh_evidence,v16d,3511,61091,exposure_matched_local,1671187095,wide_128_32_8,32,shuffled_clock,12,3072,3673,32,0,297,1361,0.08086033215355296,0.6294582085488701,96.0,0.13842046905887975,0.044270833333333336,32,1,1.0,9.28125,3072,3072,0,297,0,0,1,1,8617293785546671832
v16e_design_calibration_not_fresh_evidence,v16d,3511,61091,exposure_matched_local,1671187095,wide_128_32_8,32,shuffled_clock,13,3072,3673,32,0,294,1338,0.08004356112169889,0.6357201197930846,96.0,0.13561038666461417,0.040364583333333336,32,1,1.0,9.1875,3072,3072,0,294,0,0,1,1,5895572391634304429
v16e_design_calibration_not_fresh_evidence,v16d,3511,61091,exposure_matched_local,1671187095,wide_128_32_8,32,shuffled_clock,14,3072,3673,32,0,282,1344,0.0767764769942826,0.6340865777293765,96.0,0.17458508159876054,0.041666666666666664,32,1,1.0,8.8125,3072,3072,0,282,0,0,1,1,15001096637780031392
v16e_design_calibration_not_fresh_evidence,v16d,3511,61091,exposure_matched_local,1671187095,wide_128_32_8,32,shuffled_clock,15,3072,3673,32,0,289,1351,0.07868227606860877,0.6321807786550504,96.0,0.14184247471899453,0.038411458333333336,32,1,1.0,9.03125,3072,3072,0,289,0,0,1,1,15812143758362736060
v16e_design_calibration_not_fresh_evidence,v16d,3511,61091,exposure_matched_local,1671187095,wide_128_32_8,8,clock,-1,3072,3673,8,0,27,2821,0.007350939286686632,0.23196297304655594,384.0,0.7164386576661066,0.3017578125,8,1,1.0,3.375,3072,3072,0,27,0,0,1,1,
v16e_design_calibration_not_fresh_evidence,v16d,3511,61091,exposure_matched_local,1671187095,wide_128_32_8,8,event_count,-1,3072,3673,8,0,28,2573,0.007623196297304655,0.29948271167982576,384.0,0.0,0.125,8,1,1.0,3.5,3072,3072,0,28,0,0,1,1,
v16e_design_calibration_not_fresh_evidence,v16d,3511,61091,exposure_matched_local,1671187095,wide_128_32_8,8,shuffled_clock,0,3072,3673,8,0,28,2571,0.007623196297304655,0.30002722570106183,384.0,0.11608692852857472,0.14485677083333334,8,1,1.0,3.5,3072,3072,0,28,0,0,1,1,55864558177720775
v16e_design_calibration_not_fresh_evidence,v16d,3511,61091,exposure_matched_local,1671187095,wide_128_32_8,8,shuffled_clock,1,3072,3673,8,0,28,2583,0.007623196297304655,0.2967601415736455,384.0,0.09199750902424841,0.14811197916666666,8,1,1.0,3.5,3072,3072,0,28,0,0,1,1,16700716912417582209
v16e_design_calibration_not_fresh_evidence,v16d,3511,61091,exposure_matched_local,1671187095,wide_128_32_8,8,shuffled_clock,2,3072,3673,8,0,28,2571,0.007623196297304655,0.30002722570106183,384.0,0.04593552595369794,0.13509114583333334,8,1,1.0,3.5,3072,3072,0,28,0,0,1,1,16948874665670973030
v16e_design_calibration_not_fresh_evidence,v16d,3511,61091,exposure_matched_local,1671187095,wide_128_32_8,8,shuffled_clock,3,3072,3673,8,0,28,2576,0.007623196297304655,0.2986659406479717,384.0,0.07720188759617667,0.13736979166666666,8,1,1.0,3.5,3072,3072,0,28,0,0,1,1,6912982207002673973
v16e_design_calibration_not_fresh_evidence,v16d,3511,61091,exposure_matched_local,1671187095,wide_128_32_8,8,shuffled_clock,4,3072,3673,8,0,28,2586,0.007623196297304655,0.29594337054179143,384.0,0.08632555782920727,0.14225260416666666,8,1,1.0,3.5,3072,3072,0,28,0,0,1,1,7543359085863288464
v16e_design_calibration_not_fresh_evidence,v16d,3511,61091,exposure_matched_local,1671187095,wide_128_32_8,8,shuffled_clock,5,3072,3673,8,0,28,2573,0.007623196297304655,0.29948271167982576,384.0,0.092742185499535,0.14192708333333334,8,1,1.0,3.5,3072,3072,0,28,0,0,1,1,16743330053716852977
v16e_design_calibration_not_fresh_evidence,v16d,3511,61091,exposure_matched_local,1671187095,wide_128_32_8,8,shuffled_clock,6,3072,3673,8,0,28,2577,0.007623196297304655,0.29839368363735363,384.0,0.04423799552438914,0.13313802083333334,8,1,1.0,3.5,3072,3072,0,28,0,0,1,1,5628592643117244517
v16e_design_calibration_not_fresh_evidence,v16d,3511,61091,exposure_matched_local,1671187095,wide_128_32_8,8,shuffled_clock,7,3072,3673,8,0,28,2555,0.007623196297304655,0.3043833378709502,384.0,0.0899636342148915,0.13834635416666666,8,1,1.0,3.5,3072,3072,0,28,0,0,1,1,8889368739035855643
v16e_design_calibration_not_fresh_evidence,v16d,3511,61091,exposure_matched_local,1671187095,wide_128_32_8,8,shuffled_clock,8,3072,3673,8,0,28,2579,0.007623196297304655,0.2978491696161176,384.0,0.09506354912907404,0.14615885416666666,8,1,1.0,3.5,3072,3072,0,28,0,0,1,1,250921052255001687
v16e_design_calibration_not_fresh_evidence,v16d,3511,61091,exposure_matched_local,1671187095,wide_128_32_8,8,shuffled_clock,9,3072,3673,8,0,28,2593,0.007623196297304655,0.2940375714674653,384.0,0.09925160178228463,0.14713541666666666,8,1,1.0,3.5,3072,3072,0,28,0,0,1,1,9030538583720526900
v16e_design_calibration_not_fresh_evidence,v16d,3511,61091,exposure_matched_local,1671187095,wide_128_32_8,8,shuffled_clock,10,3072,3673,8,0,28,2568,0.007623196297304655,0.3008439967329159,384.0,0.0988309800821986,0.1435546875,8,1,1.0,3.5,3072,3072,0,28,0,0,1,1,6608238139438486813
v16e_design_calibration_not_fresh_evidence,v16d,3511,61091,exposure_matched_local,1671187095,wide_128_32_8,8,shuffled_clock,11,3072,3673,8,0,28,2546,0.007623196297304655,0.3068336509665124,384.0,0.0769756728861128,0.13639322916666666,8,1,1.0,3.5,3072,3072,0,28,0,0,1,1,6006789311887021810
v16e_design_calibration_not_fresh_evidence,v16d,3511,61091,exposure_matched_local,1671187095,wide_128_32_8,8,shuffled_clock,12,3072,3673,8,0,28,2575,0.007623196297304655,0.2989381976585897,384.0,0.053369535239372906,0.1357421875,8,1,1.0,3.5,3072,3072,0,28,0,0,1,1,13068851423099002889
v16e_design_calibration_not_fresh_evidence,v16d,3511,61091,exposure_matched_local,1671187095,wide_128_32_8,8,shuffled_clock,13,3072,3673,8,0,28,2591,0.007623196297304655,0.29458208548870135,384.0,0.11069568296094694,0.14778645833333334,8,1,1.0,3.5,3072,3072,0,28,0,0,1,1,5747300033904730060
v16e_design_calibration_not_fresh_evidence,v16d,3511,61091,exposure_matched_local,1671187095,wide_128_32_8,8,shuffled_clock,14,3072,3673,8,0,28,2573,0.007623196297304655,0.29948271167982576,384.0,0.08797084907910353,0.14290364583333334,8,1,1.0,3.5,3072,3072,0,28,0,0,1,1,13220913295917711476
v16e_design_calibration_not_fresh_evidence,v16d,3511,61091,exposure_matched_local,1671187095,wide_128_32_8,8,shuffled_clock,15,3072,3673,8,0,28,2582,0.007623196297304655,0.29703239858426356,384.0,0.05813102673995419,0.13053385416666666,8,1,1.0,3.5,3072,3072,0,28,0,0,1,1,7624093364302576942
v16e_design_calibration_not_fresh_evidence,v16d,3511,61091,exposure_matched_local,1671187095,compact_64_16_4,64,clock,-1,3072,3673,64,0,545,877,0.14838007078682275,0.7612306016879935,48.0,0.6984211534480999,0.045247395833333336,64,1,1.0,8.515625,3072,3072,0,545,0,0,1,1,
v16e_design_calibration_not_fresh_evidence,v16d,3511,61091,exposure_matched_local,1671187095,compact_64_16_4,64,event_count,-1,3072,3673,64,0,671,785,0.18268445412469372,0.7862782466648516,48.0,0.0,0.015625,64,1,1.0,10.484375,3072,3072,0,671,0,0,1,1,
v16e_design_calibration_not_fresh_evidence,v16d,3511,61091,exposure_matched_local,1671187095,compact_64_16_4,64,shuffled_clock,0,3072,3673,64,0,663,872,0.18050639803974952,0.7625918867410836,48.0,0.20935595579240052,0.027018229166666668,64,1,1.0,10.359375,3072,3072,0,663,0,0,1,1,7843676172394989766
v16e_design_calibration_not_fresh_evidence,v16d,3511,61091,exposure_matched_local,1671187095,compact_64_16_4,64,shuffled_clock,1,3072,3673,64,0,647,838,0.17615028586986115,0.7718486251020964,48.0,0.21197218920110486,0.023763020833333332,64,1,1.0,10.109375,3072,3072,0,647,0,0,1,1,13853913427538712815
v16e_design_calibration_not_fresh_evidence,v16d,3511,61091,exposure_matched_local,1671187095,compact_64_16_4,64,shuffled_clock,2,3072,3673,64,0,646,827,0.1758780288592431,0.7748434522188946,48.0,0.21928867286263418,0.0234375,64,1,1.0,10.09375,3072,3072,0,646,0,0,1,1,8686126222465274668
v16e_design_calibration_not_fresh_evidence,v16d,3511,61091,exposure_matched_local,1671187095,compact_64_16_4,64,shuffled_clock,3,3072,3673,64,0,649,837,0.1766947998910972,0.7721208821127145,48.0,0.21910009148374043,0.022786458333333332,64,1,1.0,10.140625,3072,3072,0,649,0,0,1,1,12515120855699168286
v16e_design_calibration_not_fresh_evidence,v16d,3511,61091,exposure_matched_local,1671187095,compact_64_16_4,64,shuffled_clock,4,3072,3673,64,0,655,836,0.17832834195480535,0.7723931391233324,48.0,0.2001363622435051,0.0234375,64,1,1.0,10.234375,3072,3072,0,655,0,0,1,1,13261069920603440957
v16e_design_calibration_not_fresh_evidence,v16d,3511,61091,exposure_matched_local,1671187095,compact_64_16_4,64,shuffled_clock,5,3072,3673,64,0,653,828,0.17778382793356928,0.7745711952082767,48.0,0.20753816503739728,0.0234375,64,1,1.0,10.203125,3072,3072,0,653,0,0,1,1,6893142929562156238
v16e_design_calibration_not_fresh_evidence,v16d,3511,61091,exposure_matched_local,1671187095,compact_64_16_4,64,shuffled_clock,6,3072,3673,64,0,655,820,0.17832834195480535,0.7767492512932208,48.0,0.20425910335922517,0.024739583333333332,64,1,1.0,10.234375,3072,3072,0,655,0,0,1,1,5520943147278122062
v16e_design_calibration_not_fresh_evidence,v16d,3511,61091,exposure_matched_local,1671187095,compact_64_16_4,64,shuffled_clock,7,3072,3673,64,0,657,819,0.17887285597604138,0.7770215083038389,48.0,0.21167947717764482,0.022786458333333332,64,1,1.0,10.265625,3072,3072,0,657,0,0,1,1,15615316219939381855
v16e_design_calibration_not_fresh_evidence,v16d,3511,61091,exposure_matched_local,1671187095,compact_64_16_4,64,shuffled_clock,8,3072,3673,64,0,644,841,0.17533351483800708,0.7710318540702423,48.0,0.20803550139644397,0.021158854166666668,64,1,1.0,10.0625,3072,3072,0,644,0,0,1,1,3601041115965776706
v16e_design_calibration_not_fresh_evidence,v16d,3511,61091,exposure_matched_local,1671187095,compact_64_16_4,64,shuffled_clock,9,3072,3673,64,0,645,853,0.1756057718486251,0.767764769942826,48.0,0.21368780487932534,0.0234375,64,1,1.0,10.078125,3072,3072,0,645,0,0,1,1,10586536820600233213
v16e_design_calibration_not_fresh_evidence,v16d,3511,61091,exposure_matched_local,1671187095,compact_64_16_4,64,shuffled_clock,10,3072,3673,64,0,654,833,0.17805608494418732,0.7732099101551865,48.0,0.20164529380818977,0.021809895833333332,64,1,1.0,10.21875,3072,3072,0,654,0,0,1,1,13164365672151192335
v16e_design_calibration_not_fresh_evidence,v16d,3511,61091,exposure_matched_local,1671187095,compact_64_16_4,64,shuffled_clock,11,3072,3673,64,0,645,831,0.1756057718486251,0.7737544241764226,48.0,0.22909149801352544,0.023111979166666668,64,1,1.0,10.078125,3072,3072,0,645,0,0,1,1,4586835771209644902
v16e_design_calibration_not_fresh_evidence,v16d,3511,61091,exposure_matched_local,1671187095,compact_64_16_4,64,shuffled_clock,12,3072,3673,64,0,629,808,0.17124965967873673,0.7800163354206371,48.0,0.19122908411177753,0.0224609375,64,1,1.0,9.828125,3072,3072,0,629,0,0,1,1,7602958546059633801
v16e_design_calibration_not_fresh_evidence,v16d,3511,61091,exposure_matched_local,1671187095,compact_64_16_4,64,shuffled_clock,13,3072,3673,64,0,658,857,0.17914511298665942,0.7666757419003539,48.0,0.20462977926207748,0.021809895833333332,64,1,1.0,10.28125,3072,3072,0,658,0,0,1,1,11315630350356062841
v16e_design_calibration_not_fresh_evidence,v16d,3511,61091,exposure_matched_local,1671187095,compact_64_16_4,64,shuffled_clock,14,3072,3673,64,0,658,841,0.17914511298665942,0.7710318540702423,48.0,0.18810528403954496,0.022135416666666668,64,1,1.0,10.28125,3072,3072,0,658,0,0,1,1,17723078026370060294
v16e_design_calibration_not_fresh_evidence,v16d,3511,61091,exposure_matched_local,1671187095,compact_64_16_4,64,shuffled_clock,15,3072,3673,64,0,672,839,0.18295671113531173,0.7715763680914783,48.0,0.21567743240795542,0.023111979166666668,64,1,1.0,10.5,3072,3072,0,672,0,0,1,1,7814336235720192288
v16e_design_calibration_not_fresh_evidence,v16d,3511,61091,exposure_matched_local,1671187095,compact_64_16_4,16,clock,-1,3072,3673,16,0,94,2203,0.0255921589980942,0.4002178056084944,192.0,0.7020246018955936,0.16471354166666666,16,1,1.0,5.875,3072,3072,0,94,0,0,1,1,
v16e_design_calibration_not_fresh_evidence,v16d,3511,61091,exposure_matched_local,1671187095,compact_64_16_4,16,event_count,-1,3072,3673,16,0,108,1953,0.029403757146746527,0.4682820582630003,192.0,0.0,0.0625,16,1,1.0,6.75,3072,3072,0,108,0,0,1,1,
v16e_design_calibration_not_fresh_evidence,v16d,3511,61091,exposure_matched_local,1671187095,compact_64_16_4,16,shuffled_clock,0,3072,3673,16,0,111,1952,0.0302205281786006,0.4685543152736183,192.0,0.10936673249176793,0.0712890625,16,1,1.0,6.9375,3072,3072,0,111,0,0,1,1,504867932103498580
v16e_design_calibration_not_fresh_evidence,v16d,3511,61091,exposure_matched_local,1671187095,compact_64_16_4,16,shuffled_clock,1,3072,3673,16,0,108,1953,0.029403757146746527,0.4682820582630003,192.0,0.12233856520752988,0.07779947916666667,16,1,1.0,6.75,3072,3072,0,108,0,0,1,1,14944165826384039625
v16e_design_calibration_not_fresh_evidence,v16d,3511,61091,exposure_matched_local,1671187095,compact_64_16_4,16,shuffled_clock,2,3072,3673,16,0,108,1955,0.029403757146746527,0.4677375442417642,192.0,0.08867432872074123,0.07584635416666667,16,1,1.0,6.75,3072,3072,0,108,0,0,1,1,829893987108581994
v16e_design_calibration_not_fresh_evidence,v16d,3511,61091,exposure_matched_local,1671187095,compact_64_16_4,16,shuffled_clock,3,3072,3673,16,0,107,1959,0.029131500136128505,0.46664851619929215,192.0,0.13328992348900084,0.08268229166666667,16,1,1.0,6.6875,3072,3072,0,107,0,0,1,1,11825430385099309473
v16e_design_calibration_not_fresh_evidence,v16d,3511,61091,exposure_matched_local,1671187095,compact_64_16_4,16,shuffled_clock,4,3072,3673,16,0,108,1953,0.029403757146746527,0.4682820582630003,192.0,0.07156485015549029,0.07389322916666667,16,1,1.0,6.75,3072,3072,0,108,0,0,1,1,7094964620323802230
v16e_design_calibration_not_fresh_evidence,v16d,3511,61091,exposure_matched_local,1671187095,compact_64_16_4,16,shuffled_clock,5,3072,3673,16,0,105,1950,0.02858698611489246,0.46909882929485436,192.0,0.09164298936634487,0.07194010416666667,16,1,1.0,6.5625,3072,3072,0,105,0,0,1,1,175141854265100992
v16e_design_calibration_not_fresh_evidence,v16d,3511,61091,exposure_matched_local,1671187095,compact_64_16_4,16,shuffled_clock,6,3072,3673,16,0,104,1959,0.028314729104274437,0.46664851619929215,192.0,0.099641283696401,0.07486979166666667,16,1,1.0,6.5,3072,3072,0,104,0,0,1,1,11144794358389314155
v16e_design_calibration_not_fresh_evidence,v16d,3511,61091,exposure_matched_local,1671187095,compact_64_16_4,16,shuffled_clock,7,3072,3673,16,0,108,1949,0.029403757146746527,0.46937108630547236,192.0,0.1369702547798041,0.07486979166666667,16,1,1.0,6.75,3072,3072,0,108,0,0,1,1,16155189536133536754
v16e_design_calibration_not_fresh_evidence,v16d,3511,61091,exposure_matched_local,1671187095,compact_64_16_4,16,shuffled_clock,8,3072,3673,16,0,105,1959,0.02858698611489246,0.46664851619929215,192.0,0.10127943102203996,0.0771484375,16,1,1.0,6.5625,3072,3072,0,105,0,0,1,1,10480133293656541509
v16e_design_calibration_not_fresh_evidence,v16d,3511,61091,exposure_matched_local,1671187095,compact_64_16_4,16,shuffled_clock,9,3072,3673,16,0,108,1953,0.029403757146746527,0.4682820582630003,192.0,0.10477254353899035,0.07877604166666667,16,1,1.0,6.75,3072,3072,0,108,0,0,1,1,6496236599780701214
v16e_design_calibration_not_fresh_evidence,v16d,3511,61091,exposure_matched_local,1671187095,compact_64_16_4,16,shuffled_clock,10,3072,3673,16,0,106,1961,0.02885924312551048,0.4661040021780561,192.0,0.07013545096084776,0.0693359375,16,1,1.0,6.625,3072,3072,0,106,0,0,1,1,10894795410838794859
v16e_design_calibration_not_fresh_evidence,v16d,3511,61091,exposure_matched_local,1671187095,compact_64_16_4,16,shuffled_clock,11,3072,3673,16,0,106,1965,0.02885924312551048,0.465014974135584,192.0,0.09110862335695781,0.07194010416666667,16,1,1.0,6.625,3072,3072,0,106,0,0,1,1,13726398027262158618
v16e_design_calibration_not_fresh_evidence,v16d,3511,61091,exposure_matched_local,1671187095,compact_64_16_4,16,shuffled_clock,12,3072,3673,16,0,104,1931,0.028314729104274437,0.4742717124965968,192.0,0.12713739742528188,0.07649739583333333,16,1,1.0,6.5,3072,3072,0,104,0,0,1,1,18414244925573480197
v16e_design_calibration_not_fresh_evidence,v16d,3511,61091,exposure_matched_local,1671187095,compact_64_16_4,16,shuffled_clock,13,3072,3673,16,0,109,1952,0.029676014157364553,0.4685543152736183,192.0,0.09166272087467264,0.07389322916666667,16,1,1.0,6.8125,3072,3072,0,109,0,0,1,1,9582448668875792339
v16e_design_calibration_not_fresh_evidence,v16d,3511,61091,exposure_matched_local,1671187095,compact_64_16_4,16,shuffled_clock,14,3072,3673,16,0,106,1955,0.02885924312551048,0.4677375442417642,192.0,0.10532343813401825,0.07747395833333333,16,1,1.0,6.625,3072,3072,0,106,0,0,1,1,9093916174370431376
v16e_design_calibration_not_fresh_evidence,v16d,3511,61091,exposure_matched_local,1671187095,compact_64_16_4,16,shuffled_clock,15,3072,3673,16,0,108,1947,0.029403757146746527,0.4699156003267084,192.0,0.1396247865477993,0.0771484375,16,1,1.0,6.75,3072,3072,0,108,0,0,1,1,15335518422749583567
v16e_design_calibration_not_fresh_evidence,v16d,3511,61091,exposure_matched_local,1671187095,compact_64_16_4,4,clock,-1,3072,3673,4,0,6,3231,0.0016335420637081405,0.12033759869316635,768.0,0.728533175956544,0.4993489583333333,4,1,1.0,1.5,3072,3072,0,6,0,0,1,1,
v16e_design_calibration_not_fresh_evidence,v16d,3511,61091,exposure_matched_local,1671187095,compact_64_16_4,4,event_count,-1,3072,3673,4,0,6,3039,0.0016335420637081405,0.17261094473182684,768.0,0.0,0.25,4,1,1.0,1.5,3072,3072,0,6,0,0,1,1,
v16e_design_calibration_not_fresh_evidence,v16d,3511,61091,exposure_matched_local,1671187095,compact_64_16_4,4,shuffled_clock,0,3072,3673,4,0,6,3039,0.0016335420637081405,0.17261094473182684,768.0,0.036597576360820824,0.2626953125,4,1,1.0,1.5,3072,3072,0,6,0,0,1,1,457382560240236497
v16e_design_calibration_not_fresh_evidence,v16d,3511,61091,exposure_matched_local,1671187095,compact_64_16_4,4,shuffled_clock,1,3072,3673,4,0,6,3042,0.0016335420637081405,0.17179417369997277,768.0,0.028348360751402655,0.2581380208333333,4,1,1.0,1.5,3072,3072,0,6,0,0,1,1,14425778375327394109
v16e_design_calibration_not_fresh_evidence,v16d,3511,61091,exposure_matched_local,1671187095,compact_64_16_4,4,shuffled_clock,2,3072,3673,4,0,6,3050,0.0016335420637081405,0.1696161176150286,768.0,0.06510416666666667,0.2744140625,4,1,1.0,1.5,3072,3072,0,6,0,0,1,1,10510180289183581018
v16e_design_calibration_not_fresh_evidence,v16d,3511,61091,exposure_matched_local,1671187095,compact_64_16_4,4,shuffled_clock,3,3072,3673,4,0,6,3040,0.0016335420637081405,0.17233868772120883,768.0,0.024864905533684905,0.2561848958333333,4,1,1.0,1.5,3072,3072,0,6,0,0,1,1,2281206034609616918
v16e_design_calibration_not_fresh_evidence,v16d,3511,61091,exposure_matched_local,1671187095,compact_64_16_4,4,shuffled_clock,4,3072,3673,4,0,6,3033,0.0016335420637081405,0.17424448679553498,768.0,0.046451111951218454,0.2587890625,4,1,1.0,1.5,3072,3072,0,6,0,0,1,1,10620679129009655432
v16e_design_calibration_not_fresh_evidence,v16d,3511,61091,exposure_matched_local,1671187095,compact_64_16_4,4,shuffled_clock,5,3072,3673,4,0,6,3036,0.0016335420637081405,0.1734277157636809,768.0,0.045826427825748306,0.2633463541666667,4,1,1.0,1.5,3072,3072,0,6,0,0,1,1,10526812842193476353
v16e_design_calibration_not_fresh_evidence,v16d,3511,61091,exposure_matched_local,1671187095,compact_64_16_4,4,shuffled_clock,6,3072,3673,4,0,6,3036,0.0016335420637081405,0.1734277157636809,768.0,0.03307735917232231,0.2623697916666667,4,1,1.0,1.5,3072,3072,0,6,0,0,1,1,5938466236142577392
v16e_design_calibration_not_fresh_evidence,v16d,3511,61091,exposure_matched_local,1671187095,compact_64_16_4,4,shuffled_clock,7,3072,3673,4,0,6,3039,0.0016335420637081405,0.17261094473182684,768.0,0.02255274489021976,0.2555338541666667,4,1,1.0,1.5,3072,3072,0,6,0,0,1,1,3738456834474538092
v16e_design_calibration_not_fresh_evidence,v16d,3511,61091,exposure_matched_local,1671187095,compact_64_16_4,4,shuffled_clock,8,3072,3673,4,0,6,3046,0.0016335420637081405,0.17070514565750067,768.0,0.0707372075489887,0.2623697916666667,4,1,1.0,1.5,3072,3072,0,6,0,0,1,1,4714119499400463859
v16e_design_calibration_not_fresh_evidence,v16d,3511,61091,exposure_matched_local,1671187095,compact_64_16_4,4,shuffled_clock,9,3072,3673,4,0,6,3040,0.0016335420637081405,0.17233868772120883,768.0,0.028783601790953562,0.2568359375,4,1,1.0,1.5,3072,3072,0,6,0,0,1,1,5050450880229728111
v16e_design_calibration_not_fresh_evidence,v16d,3511,61091,exposure_matched_local,1671187095,compact_64_16_4,4,shuffled_clock,10,3072,3673,4,0,6,3032,0.0016335420637081405,0.174516743806153,768.0,0.052310701631772566,0.2682291666666667,4,1,1.0,1.5,3072,3072,0,6,0,0,1,1,4452078980816577334
v16e_design_calibration_not_fresh_evidence,v16d,3511,61091,exposure_matched_local,1671187095,compact_64_16_4,4,shuffled_clock,11,3072,3673,4,0,6,3040,0.0016335420637081405,0.17233868772120883,768.0,0.013861735609957737,0.2542317708333333,4,1,1.0,1.5,3072,3072,0,6,0,0,1,1,11829457086158059535
v16e_design_calibration_not_fresh_evidence,v16d,3511,61091,exposure_matched_local,1671187095,compact_64_16_4,4,shuffled_clock,12,3072,3673,4,0,6,3039,0.0016335420637081405,0.17261094473182684,768.0,0.058405368468765116,0.2587890625,4,1,1.0,1.5,3072,3072,0,6,0,0,1,1,10747478572447686780
v16e_design_calibration_not_fresh_evidence,v16d,3511,61091,exposure_matched_local,1671187095,compact_64_16_4,4,shuffled_clock,13,3072,3673,4,0,6,3039,0.0016335420637081405,0.17261094473182684,768.0,0.009801727248816158,0.251953125,4,1,1.0,1.5,3072,3072,0,6,0,0,1,1,9152445573155847441
v16e_design_calibration_not_fresh_evidence,v16d,3511,61091,exposure_matched_local,1671187095,compact_64_16_4,4,shuffled_clock,14,3072,3673,4,0,6,3039,0.0016335420637081405,0.17261094473182684,768.0,0.05403253625324591,0.2652994791666667,4,1,1.0,1.5,3072,3072,0,6,0,0,1,1,15762700164698261336
v16e_design_calibration_not_fresh_evidence,v16d,3511,61091,exposure_matched_local,1671187095,compact_64_16_4,4,shuffled_clock,15,3072,3673,4,0,6,3041,0.0016335420637081405,0.1720664307105908,768.0,0.0884522628693747,0.2724609375,4,1,1.0,1.5,3072,3072,0,6,0,0,1,1,5469280970342336359
