growth_seed,run_offset,arm,run_seed,requested_bins,map_kind,shuffle_index,shuffle_seed,fine_events,fine_edges,occupied_bins,empty_bins,coarse_edges,internalized_fine_edges,edge_retention,fine_edge_crossing_rate,mean_events_per_bin,occupancy_cv,max_bin_fraction,causal_depth,max_layer_width,comparable_pair_fraction,dependency_density
3701,71003,current_global,1573097008,128,clock,-1,,3072,3601,128,0,1221,425,0.3390724798667037,0.8819772285476256,24.0,0.6524484472952271,0.021484375,123,2,0.999138779527559,9.5390625
3701,71003,current_global,1573097008,128,event_count,-1,,3072,3601,128,0,1476,423,0.4098861427381283,0.8825326298250485,24.0,0.0,0.0078125,123,2,0.9993848425196851,11.53125
3701,71003,current_global,1573097008,128,shuffled_clock,0,3851713875115710284,3072,3601,128,0,1439,423,0.39961121910580394,0.8825326298250485,24.0,0.268914818023442,0.0146484375,124,2,0.9993848425196851,11.2421875
3701,71003,current_global,1573097008,128,shuffled_clock,1,11918599102895817040,3072,3601,128,0,1425,439,0.3957234101638434,0.8780894196056651,24.0,0.27820941966412865,0.014973958333333334,125,2,0.999630905511811,11.1328125
3701,71003,current_global,1573097008,128,shuffled_clock,2,5074165302518495906,3072,3601,128,0,1412,430,0.3921133018605943,0.8805887253540683,24.0,0.3022317831460765,0.013997395833333334,122,2,0.999138779527559,11.03125
3701,71003,current_global,1573097008,128,shuffled_clock,3,10672754151834816851,3072,3601,128,0,1469,455,0.40794223826714804,0.8736462093862816,24.0,0.26733430203842007,0.013020833333333334,125,2,0.999630905511811,11.4765625
3701,71003,current_global,1573097008,128,shuffled_clock,4,2319220587982582662,3072,3601,128,0,1444,435,0.40099972229936126,0.879200222160511,24.0,0.278356789367938,0.013997395833333334,122,2,0.999138779527559,11.28125
3701,71003,current_global,1573097008,128,shuffled_clock,5,7398073666171647917,3072,3601,128,0,1440,428,0.3998889197445154,0.8811441266314912,24.0,0.27692893049649353,0.015299479166666666,124,2,0.999507874015748,11.25
3701,71003,current_global,1573097008,128,shuffled_clock,6,17626477977258763512,3072,3601,128,0,1462,449,0.40599833379616773,0.8753124132185504,24.0,0.2658472482555995,0.013346354166666666,125,2,0.9993848425196851,11.421875
3701,71003,current_global,1573097008,128,shuffled_clock,7,65383129462771621,3072,3601,128,0,1426,436,0.39600111080255485,0.8789225215217995,24.0,0.27395111351922846,0.013020833333333334,122,2,0.999138779527559,11.140625
3701,71003,current_global,1573097008,128,shuffled_clock,8,7309769223982861381,3072,3601,128,0,1449,458,0.40238822549291864,0.8728131074701472,24.0,0.2702838662017378,0.013020833333333334,123,2,0.999261811023622,11.3203125
3701,71003,current_global,1573097008,128,shuffled_clock,9,17450510949557478203,3072,3601,128,0,1453,438,0.4034990280477645,0.8783671202443766,24.0,0.24780312084730147,0.013346354166666666,123,2,0.999138779527559,11.3515625
3701,71003,current_global,1573097008,128,shuffled_clock,10,7354353122640960192,3072,3601,128,0,1440,429,0.3998889197445154,0.8808664259927798,24.0,0.2508733651054553,0.013671875,119,2,0.99876968503937,11.25
3701,71003,current_global,1573097008,128,shuffled_clock,11,12981021249954794538,3072,3601,128,0,1461,453,0.40572063315745627,0.8742016106637045,24.0,0.2865839470472166,0.013671875,123,2,0.999261811023622,11.4140625
3701,71003,current_global,1573097008,128,shuffled_clock,12,13259206593864791678,3072,3601,128,0,1471,465,0.40849763954457097,0.8708692029991669,24.0,0.28414081324192286,0.012369791666666666,123,2,0.999261811023622,11.4921875
3701,71003,current_global,1573097008,128,shuffled_clock,13,13447028878669706155,3072,3601,128,0,1451,433,0.40294362677034157,0.8797556234379339,24.0,0.2434621957715484,0.0126953125,124,2,0.9993848425196851,11.3359375
3701,71003,current_global,1573097008,128,shuffled_clock,14,443323777836187836,3072,3601,128,0,1439,425,0.39961121910580394,0.8819772285476256,24.0,0.3018697203827994,0.013671875,121,2,0.9990157480314961,11.2421875
3701,71003,current_global,1573097008,128,shuffled_clock,15,7142418393094868951,3072,3601,128,0,1432,427,0.3976673146348237,0.8814218272702027,24.0,0.2679472206160581,0.0126953125,121,2,0.999138779527559,11.1875
3701,71003,current_global,1573097008,128,shuffled_clock,16,1923713104710673295,3072,3601,128,0,1419,441,0.39405720633157454,0.8775340183282422,24.0,0.2862976016497714,0.013671875,124,2,0.9993848425196851,11.0859375
3701,71003,current_global,1573097008,128,shuffled_clock,17,15848209427252902278,3072,3601,128,0,1453,437,0.4034990280477645,0.878644820883088,24.0,0.258230654388943,0.0146484375,123,2,0.999261811023622,11.3515625
3701,71003,current_global,1573097008,128,shuffled_clock,18,7742272250715721847,3072,3601,128,0,1452,432,0.40322132740905303,0.8800333240766454,24.0,0.2994599981027383,0.015625,127,2,0.999876968503937,11.34375
3701,71003,current_global,1573097008,128,shuffled_clock,19,16782415922694696233,3072,3601,128,0,1439,444,0.39961121910580394,0.8767009164121078,24.0,0.2848135642910981,0.013346354166666666,123,2,0.9993848425196851,11.2421875
3701,71003,current_global,1573097008,128,shuffled_clock,20,11264152869370132046,3072,3601,128,0,1466,437,0.4071091363510136,0.878644820883088,24.0,0.25190655338050555,0.0126953125,123,2,0.999138779527559,11.453125
3701,71003,current_global,1573097008,128,shuffled_clock,21,7649290165889165846,3072,3601,128,0,1445,437,0.4012774229380728,0.878644820883088,24.0,0.27752065965515627,0.013346354166666666,119,2,0.99876968503937,11.2890625
3701,71003,current_global,1573097008,128,shuffled_clock,22,9171324280380755679,3072,3601,128,0,1425,452,0.3957234101638434,0.874479311302416,24.0,0.29285939104309894,0.015950520833333332,123,2,0.999261811023622,11.1328125
3701,71003,current_global,1573097008,128,shuffled_clock,23,9274735185929026162,3072,3601,128,0,1458,443,0.4048875312413219,0.8769786170508193,24.0,0.2668224610518852,0.013671875,120,2,0.9990157480314961,11.390625
3701,71003,current_global,1573097008,128,shuffled_clock,24,14563364406330493476,3072,3601,128,0,1452,441,0.40322132740905303,0.8775340183282422,24.0,0.262223065600613,0.015299479166666666,124,2,0.999507874015748,11.34375
3701,71003,current_global,1573097008,128,shuffled_clock,25,4392679721588948338,3072,3601,128,0,1450,422,0.4026659261316301,0.8828103304637601,24.0,0.2693719405296456,0.015299479166666666,124,2,0.9993848425196851,11.328125
3701,71003,current_global,1573097008,128,shuffled_clock,26,7880963038272800684,3072,3601,128,0,1448,447,0.4021105248542072,0.8758678144959734,24.0,0.28486155714075906,0.013671875,124,2,0.999507874015748,11.3125
3701,71003,current_global,1573097008,128,shuffled_clock,27,16879446468765793438,3072,3601,128,0,1459,439,0.40516523188003334,0.8780894196056651,24.0,0.27194778781980833,0.013671875,123,2,0.9990157480314961,11.3984375
3701,71003,current_global,1573097008,128,shuffled_clock,28,15715975166911857021,3072,3601,128,0,1452,442,0.40322132740905303,0.8772563176895307,24.0,0.2683041098512649,0.013671875,125,2,0.999630905511811,11.34375
3701,71003,current_global,1573097008,128,shuffled_clock,29,10613446455085344319,3072,3601,128,0,1443,458,0.4007220216606498,0.8728131074701472,24.0,0.2885804093635194,0.0146484375,120,2,0.9988927165354331,11.2734375
3701,71003,current_global,1573097008,128,shuffled_clock,30,6010702341304240731,3072,3601,128,0,1436,424,0.39877811718966955,0.8822549291863371,24.0,0.25955072563489934,0.012044270833333334,124,2,0.9993848425196851,11.21875
3701,71003,current_global,1573097008,128,shuffled_clock,31,2274532489755481395,3072,3601,128,0,1437,447,0.399055817828381,0.8758678144959734,24.0,0.2929527326840486,0.013346354166666666,126,2,0.999753937007874,11.2265625
3701,71003,current_global,1573097008,64,clock,-1,,3072,3601,64,0,572,799,0.1588447653429603,0.7781171896695362,48.0,0.6375395516312536,0.040690104166666664,64,1,1.0,8.9375
3701,71003,current_global,1573097008,64,event_count,-1,,3072,3601,64,0,689,719,0.19133574007220217,0.8003332407664537,48.0,0.0,0.015625,64,1,1.0,10.765625
3701,71003,current_global,1573097008,64,shuffled_clock,0,9598353884857191332,3072,3601,64,0,687,747,0.19078033879477924,0.7925576228825326,48.0,0.1992393493819724,0.0224609375,64,1,1.0,10.734375
3701,71003,current_global,1573097008,64,shuffled_clock,1,10025294262953842373,3072,3601,64,0,689,710,0.19133574007220217,0.802832546514857,48.0,0.18489146680513543,0.023763020833333332,64,1,1.0,10.765625
3701,71003,current_global,1573097008,64,shuffled_clock,2,13853217430756039885,3072,3601,64,0,682,772,0.1893918356012219,0.7856151069147459,48.0,0.19000023206149386,0.022135416666666668,64,1,1.0,10.65625
3701,71003,current_global,1573097008,64,shuffled_clock,3,2339688624894971465,3072,3601,64,0,676,746,0.18772563176895307,0.7928353235212441,48.0,0.1870769772432249,0.022786458333333332,64,1,1.0,10.5625
3701,71003,current_global,1573097008,64,shuffled_clock,4,13853097045371450264,3072,3601,64,0,699,772,0.19411274645931686,0.7856151069147459,48.0,0.24056261216234406,0.024088541666666668,64,1,1.0,10.921875
3701,71003,current_global,1573097008,64,shuffled_clock,5,9889628248573753585,3072,3601,64,0,672,731,0.1866148292141072,0.7970008331019162,48.0,0.2028035969646469,0.0224609375,64,1,1.0,10.5
3701,71003,current_global,1573097008,64,shuffled_clock,6,10685095005988047141,3072,3601,64,0,686,756,0.19050263815606777,0.7900583171341294,48.0,0.19327169013622472,0.0224609375,64,1,1.0,10.71875
3701,71003,current_global,1573097008,64,shuffled_clock,7,3380735622697206586,3072,3601,64,0,688,743,0.1910580394334907,0.7936684254373785,48.0,0.20242957710291998,0.0234375,64,1,1.0,10.75
3701,71003,current_global,1573097008,64,shuffled_clock,8,10987498228448032173,3072,3601,64,0,700,741,0.19439044709802833,0.7942238267148014,48.0,0.20202076569185431,0.0234375,64,1,1.0,10.9375
3701,71003,current_global,1573097008,64,shuffled_clock,9,10074910827466466400,3072,3601,64,0,690,745,0.19161344071091363,0.7931130241599555,48.0,0.19101280232632922,0.022786458333333332,64,1,1.0,10.78125
3701,71003,current_global,1573097008,64,shuffled_clock,10,9197732338866942996,3072,3601,64,0,694,747,0.19272424326575952,0.7925576228825326,48.0,0.17665974080464406,0.021809895833333332,64,1,1.0,10.84375
3701,71003,current_global,1573097008,64,shuffled_clock,11,6966887845117630841,3072,3601,64,0,679,736,0.18855873368508747,0.7956123299083588,48.0,0.2044950657654081,0.0234375,64,1,1.0,10.609375
3701,71003,current_global,1573097008,64,shuffled_clock,12,16267596734767524268,3072,3601,64,0,668,734,0.18550402665926133,0.7961677311857818,48.0,0.20833333333333334,0.022135416666666668,64,1,1.0,10.4375
3701,71003,current_global,1573097008,64,shuffled_clock,13,8233579409752651554,3072,3601,64,0,717,758,0.1991113579561233,0.7895029158567065,48.0,0.2387515755232095,0.025390625,64,1,1.0,11.203125
3701,71003,current_global,1573097008,64,shuffled_clock,14,16716068213132730924,3072,3601,64,0,668,741,0.18550402665926133,0.7942238267148014,48.0,0.21774381213910013,0.027669270833333332,64,1,1.0,10.4375
3701,71003,current_global,1573097008,64,shuffled_clock,15,12887809469460381399,3072,3601,64,0,673,725,0.18689252985281865,0.798667036934185,48.0,0.16981971195329837,0.021484375,64,1,1.0,10.515625
3701,71003,current_global,1573097008,64,shuffled_clock,16,11028229493208041378,3072,3601,64,0,681,730,0.18911413496251042,0.7972785337406276,48.0,0.20750496689833223,0.021484375,64,1,1.0,10.640625
3701,71003,current_global,1573097008,64,shuffled_clock,17,6071258801723595174,3072,3601,64,0,688,754,0.1910580394334907,0.7906137184115524,48.0,0.20747176344713988,0.023111979166666668,64,1,1.0,10.75
3701,71003,current_global,1573097008,64,shuffled_clock,18,18362779934370155066,3072,3601,64,0,688,753,0.1910580394334907,0.7908914190502638,48.0,0.20020519676393886,0.021809895833333332,64,1,1.0,10.75
3701,71003,current_global,1573097008,64,shuffled_clock,19,869302427950585268,3072,3601,64,0,684,737,0.18994723687864482,0.7953346292696474,48.0,0.18722422400135633,0.021484375,64,1,1.0,10.6875
3701,71003,current_global,1573097008,64,shuffled_clock,20,10010710607218480655,3072,3601,64,0,689,761,0.19133574007220217,0.7886698139405721,48.0,0.20810172310794026,0.021809895833333332,64,1,1.0,10.765625
3701,71003,current_global,1573097008,64,shuffled_clock,21,499964489373874618,3072,3601,64,0,694,725,0.19272424326575952,0.798667036934185,48.0,0.19564538431078918,0.022135416666666668,64,1,1.0,10.84375
3701,71003,current_global,1573097008,64,shuffled_clock,22,16695032685543478232,3072,3601,64,0,686,745,0.19050263815606777,0.7931130241599555,48.0,0.1929149025140177,0.0224609375,64,1,1.0,10.71875
3701,71003,current_global,1573097008,64,shuffled_clock,23,5788441529824573351,3072,3601,64,0,675,741,0.1874479311302416,0.7942238267148014,48.0,0.21862792638179487,0.024739583333333332,64,1,1.0,10.546875
3701,71003,current_global,1573097008,64,shuffled_clock,24,14248292517105764617,3072,3601,64,0,698,730,0.1938350458206054,0.7972785337406276,48.0,0.1786761156981751,0.0234375,64,1,1.0,10.90625
3701,71003,current_global,1573097008,64,shuffled_clock,25,9413244363928839639,3072,3601,64,0,672,761,0.1866148292141072,0.7886698139405721,48.0,0.21304202581158668,0.0244140625,63,2,0.9995039682539683,10.5
3701,71003,current_global,1573097008,64,shuffled_clock,26,10796762026252735634,3072,3601,64,0,681,743,0.18911413496251042,0.7936684254373785,48.0,0.2224700998477743,0.023763020833333332,64,1,1.0,10.640625
3701,71003,current_global,1573097008,64,shuffled_clock,27,13883849559034920823,3072,3601,64,0,697,748,0.1935573451818939,0.7922799222438212,48.0,0.2151657414559676,0.023763020833333332,64,1,1.0,10.890625
3701,71003,current_global,1573097008,64,shuffled_clock,28,12883096273952369887,3072,3601,64,0,681,739,0.18911413496251042,0.7947792279922243,48.0,0.1981297585789876,0.022786458333333332,64,1,1.0,10.640625
3701,71003,current_global,1573097008,64,shuffled_clock,29,15708260014335826614,3072,3601,64,0,679,750,0.18855873368508747,0.7917245209663982,48.0,0.1906879196909164,0.023111979166666668,64,1,1.0,10.609375
3701,71003,current_global,1573097008,64,shuffled_clock,30,2586660689969999702,3072,3601,64,0,678,740,0.188281033046376,0.7945015273535129,48.0,0.211484110751917,0.023111979166666668,64,1,1.0,10.59375
3701,71003,current_global,1573097008,64,shuffled_clock,31,5739801222308699474,3072,3601,64,0,685,768,0.19022493751735628,0.7867259094695918,48.0,0.21625163750386736,0.022786458333333332,64,1,1.0,10.703125
3701,71003,current_global,1573097008,32,clock,-1,,3072,3601,32,0,248,1365,0.06886975840044432,0.6209386281588448,96.0,0.6323935443867836,0.07552083333333333,32,1,1.0,7.75
3701,71003,current_global,1573097008,32,event_count,-1,,3072,3601,32,0,302,1217,0.08386559289086365,0.6620383226881422,96.0,0.0,0.03125,32,1,1.0,9.4375
3701,71003,current_global,1573097008,32,shuffled_clock,0,13758740055710748421,3072,3601,32,0,296,1247,0.08219938905859484,0.6537073035267981,96.0,0.17386182613734857,0.040690104166666664,32,1,1.0,9.25
3701,71003,current_global,1573097008,32,shuffled_clock,1,11040867913507319454,3072,3601,32,0,291,1245,0.08081088586503749,0.654262704804221,96.0,0.11999967331198064,0.037760416666666664,32,1,1.0,9.09375
3701,71003,current_global,1573097008,32,shuffled_clock,2,15598583144768470516,3072,3601,32,0,305,1230,0.08469869480699806,0.6584282143848931,96.0,0.14017937657333,0.0390625,32,1,1.0,9.53125
3701,71003,current_global,1573097008,32,shuffled_clock,3,13307354531859491609,3072,3601,32,0,291,1220,0.08081088586503749,0.6612052207720078,96.0,0.1578879204692605,0.040364583333333336,32,1,1.0,9.09375
3701,71003,current_global,1573097008,32,shuffled_clock,4,7449188514860379054,3072,3601,32,0,296,1226,0.08219938905859484,0.6595390169397389,96.0,0.15513716615492448,0.039388020833333336,32,1,1.0,9.25
3701,71003,current_global,1573097008,32,shuffled_clock,5,14575702106555257266,3072,3601,32,0,291,1226,0.08081088586503749,0.6595390169397389,96.0,0.1395788195386366,0.037760416666666664,32,1,1.0,9.09375
3701,71003,current_global,1573097008,32,shuffled_clock,6,13124144702347574325,3072,3601,32,0,291,1226,0.08081088586503749,0.6595390169397389,96.0,0.12964596297936112,0.040364583333333336,32,1,1.0,9.09375
3701,71003,current_global,1573097008,32,shuffled_clock,7,17906532839723306471,3072,3601,32,0,306,1244,0.08497639544570952,0.6545404054429326,96.0,0.17273074277096098,0.0419921875,32,1,1.0,9.5625
3701,71003,current_global,1573097008,32,shuffled_clock,8,4264485976240103344,3072,3601,32,0,289,1234,0.08025548458761456,0.6573174118300472,96.0,0.10339092871129917,0.038736979166666664,32,1,1.0,9.03125
3701,71003,current_global,1573097008,32,shuffled_clock,9,15255229588942379726,3072,3601,32,0,294,1215,0.08164398778117189,0.6625937239655652,96.0,0.13743074176239464,0.0390625,32,1,1.0,9.1875
3701,71003,current_global,1573097008,32,shuffled_clock,10,15531766800805041195,3072,3601,32,0,295,1243,0.08192168841988337,0.654818106081644,96.0,0.15304737535790233,0.0380859375,32,1,1.0,9.21875
3701,71003,current_global,1573097008,32,shuffled_clock,11,6038270813096048891,3072,3601,32,0,290,1241,0.08053318522632602,0.655373507359067,96.0,0.136587678786982,0.0400390625,32,1,1.0,9.0625
3701,71003,current_global,1573097008,32,shuffled_clock,12,13023524531207529243,3072,3601,32,0,294,1242,0.08164398778117189,0.6550958067203555,96.0,0.15020800243800517,0.04296875,32,1,1.0,9.1875
3701,71003,current_global,1573097008,32,shuffled_clock,13,13164813728800187572,3072,3601,32,0,295,1236,0.08192168841988337,0.6567620105526243,96.0,0.15016139017856228,0.0419921875,32,1,1.0,9.21875
3701,71003,current_global,1573097008,32,shuffled_clock,14,13227335947076273751,3072,3601,32,0,293,1227,0.08136628714246043,0.6592613163010275,96.0,0.1505106302584257,0.042643229166666664,32,1,1.0,9.15625
3701,71003,current_global,1573097008,32,shuffled_clock,15,2572312275949095927,3072,3601,32,0,291,1235,0.08081088586503749,0.6570397111913358,96.0,0.12856149421852145,0.0419921875,32,1,1.0,9.09375
3701,71003,current_global,1573097008,32,shuffled_clock,16,15837213212147459412,3072,3601,32,0,301,1241,0.08358789225215218,0.655373507359067,96.0,0.12880629576211325,0.038736979166666664,32,1,1.0,9.40625
3701,71003,current_global,1573097008,32,shuffled_clock,17,12611693947295606057,3072,3601,32,0,291,1224,0.08081088586503749,0.6600944182171619,96.0,0.11755375114645279,0.036783854166666664,32,1,1.0,9.09375
3701,71003,current_global,1573097008,32,shuffled_clock,18,6415847485408028760,3072,3601,32,0,290,1249,0.08053318522632602,0.6531519022493751,96.0,0.14238433021593153,0.042643229166666664,32,1,1.0,9.0625
3701,71003,current_global,1573097008,32,shuffled_clock,19,16893561560230832933,3072,3601,32,0,298,1268,0.08275479033601778,0.6478755901138573,96.0,0.14443453577814425,0.040364583333333336,32,1,1.0,9.3125
3701,71003,current_global,1573097008,32,shuffled_clock,20,9636973283665497370,3072,3601,32,0,292,1245,0.08108858650374896,0.654262704804221,96.0,0.1375071275441678,0.0400390625,32,1,1.0,9.125
3701,71003,current_global,1573097008,32,shuffled_clock,21,13145526677551841434,3072,3601,32,0,289,1229,0.08025548458761456,0.6587059150236045,96.0,0.11776199533297178,0.040364583333333336,32,1,1.0,9.03125
3701,71003,current_global,1573097008,32,shuffled_clock,22,12189170144899832473,3072,3601,32,0,288,1224,0.07997778394890308,0.6600944182171619,96.0,0.16262746586087404,0.044596354166666664,32,1,1.0,9.0
3701,71003,current_global,1573097008,32,shuffled_clock,23,15720933730949020052,3072,3601,32,0,283,1233,0.07858928075534574,0.6575951124687587,96.0,0.16228273316613498,0.0419921875,32,1,1.0,8.84375
3701,71003,current_global,1573097008,32,shuffled_clock,24,14272747881856473300,3072,3601,32,0,292,1230,0.08108858650374896,0.6584282143848931,96.0,0.15628359853817997,0.0419921875,32,1,1.0,9.125
3701,71003,current_global,1573097008,32,shuffled_clock,25,13541330008628555896,3072,3601,32,0,303,1249,0.08414329352957511,0.6531519022493751,96.0,0.11944418396237332,0.039713541666666664,32,1,1.0,9.46875
3701,71003,current_global,1573097008,32,shuffled_clock,26,1659540349662473723,3072,3601,32,0,286,1225,0.07942238267148015,0.6598167175784504,96.0,0.15136864403782396,0.0400390625,32,1,1.0,8.9375
3701,71003,current_global,1573097008,32,shuffled_clock,27,2642587967644390510,3072,3601,32,0,293,1242,0.08136628714246043,0.6550958067203555,96.0,0.12831622564368414,0.038736979166666664,32,1,1.0,9.15625
3701,71003,current_global,1573097008,32,shuffled_clock,28,12486739150305059157,3072,3601,32,0,300,1241,0.0833101916134407,0.655373507359067,96.0,0.14060321914157908,0.040364583333333336,32,1,1.0,9.375
3701,71003,current_global,1573097008,32,shuffled_clock,29,6737558076081904853,3072,3601,32,0,301,1233,0.08358789225215218,0.6575951124687587,96.0,0.1390512044363411,0.042643229166666664,32,1,1.0,9.40625
3701,71003,current_global,1573097008,32,shuffled_clock,30,14092515170492895613,3072,3601,32,0,296,1248,0.08219938905859484,0.6534296028880866,96.0,0.12853426526677722,0.039713541666666664,32,1,1.0,9.25
3701,71003,current_global,1573097008,32,shuffled_clock,31,7900793080962380077,3072,3601,32,0,293,1231,0.08136628714246043,0.6581505137461816,96.0,0.1369715325052833,0.039713541666666664,32,1,1.0,9.15625
3701,71003,exposure_matched_local,1673097008,128,clock,-1,,3072,3693,128,0,1293,423,0.35012185215272135,0.8854589764419172,24.0,0.6022885778915433,0.023111979166666668,121,2,0.999138779527559,10.1015625
3701,71003,exposure_matched_local,1673097008,128,event_count,-1,,3072,3693,128,0,1495,403,0.40481992959653396,0.8908746276739778,24.0,0.0,0.0078125,124,2,0.999507874015748,11.6796875
3701,71003,exposure_matched_local,1673097008,128,shuffled_clock,0,7746961794811156004,3072,3693,128,0,1459,416,0.39507175737882483,0.8873544543731384,24.0,0.27089011114926326,0.0126953125,123,2,0.9993848425196851,11.3984375
3701,71003,exposure_matched_local,1673097008,128,shuffled_clock,1,4469318163821129603,3072,3693,128,0,1486,414,0.4023828865421067,0.8878960194963444,24.0,0.2581777111481223,0.013346354166666666,127,2,0.999753937007874,11.609375
3701,71003,exposure_matched_local,1673097008,128,shuffled_clock,2,7803123375350707133,3072,3693,128,0,1488,415,0.40292445166531277,0.8876252369347414,24.0,0.24351833832868153,0.013997395833333334,124,2,0.999507874015748,11.625
3701,71003,exposure_matched_local,1673097008,128,shuffled_clock,3,7474132720471947945,3072,3693,128,0,1480,410,0.4007581911724885,0.8889791497427566,24.0,0.25049164255943945,0.0126953125,127,2,0.999753937007874,11.5625
3701,71003,exposure_matched_local,1673097008,128,shuffled_clock,4,9284749209298551695,3072,3693,128,0,1472,405,0.39859193067966425,0.8903330625507717,24.0,0.24818897845970397,0.013020833333333334,125,2,0.999630905511811,11.5
3701,71003,exposure_matched_local,1673097008,128,shuffled_clock,5,9532929944535408443,3072,3693,128,0,1457,399,0.39453019225561875,0.8919577579203899,24.0,0.2631597653845195,0.012369791666666666,127,2,0.999876968503937,11.3828125
3701,71003,exposure_matched_local,1673097008,128,shuffled_clock,6,12066440455863626906,3072,3693,128,0,1469,413,0.3977795829948551,0.8881668020579475,24.0,0.2790434855746408,0.013671875,127,2,0.999876968503937,11.4765625
3701,71003,exposure_matched_local,1673097008,128,shuffled_clock,7,1352457695176341707,3072,3693,128,0,1456,420,0.3942594096940157,0.8862713241267263,24.0,0.2581247570482631,0.013671875,123,2,0.999261811023622,11.375
3701,71003,exposure_matched_local,1673097008,128,shuffled_clock,8,4069259590469193864,3072,3693,128,0,1469,409,0.3977795829948551,0.8892499323043596,24.0,0.26815121548429405,0.013671875,122,2,0.999138779527559,11.4765625
3701,71003,exposure_matched_local,1673097008,128,shuffled_clock,9,3467103950890894928,3072,3693,128,0,1488,421,0.40292445166531277,0.8860005415651232,24.0,0.2611783480379155,0.0146484375,125,2,0.999630905511811,11.625
3701,71003,exposure_matched_local,1673097008,128,shuffled_clock,10,3471316120072560095,3072,3693,128,0,1472,412,0.39859193067966425,0.8884375846195505,24.0,0.23342939529904175,0.013020833333333334,124,2,0.999507874015748,11.5
3701,71003,exposure_matched_local,1673097008,128,shuffled_clock,11,6898439387433405732,3072,3693,128,0,1494,391,0.40454914703493094,0.8941240184132142,24.0,0.27114231315077403,0.014322916666666666,125,2,0.999261811023622,11.671875
3701,71003,exposure_matched_local,1673097008,128,shuffled_clock,12,7862650644273316614,3072,3693,128,0,1509,392,0.40861088545897645,0.8938532358516111,24.0,0.23691707945435858,0.01171875,127,2,0.999876968503937,11.7890625
3701,71003,exposure_matched_local,1673097008,128,shuffled_clock,13,13924486119083168024,3072,3693,128,0,1495,420,0.40481992959653396,0.8862713241267263,24.0,0.23471423029667807,0.011393229166666666,128,1,1.0,11.6796875
3701,71003,exposure_matched_local,1673097008,128,shuffled_clock,14,11011744219267721715,3072,3693,128,0,1474,410,0.3991334958028703,0.8889791497427566,24.0,0.25870665599916004,0.013997395833333334,124,2,0.999507874015748,11.515625
3701,71003,exposure_matched_local,1673097008,128,shuffled_clock,15,8663706394382805834,3072,3693,128,0,1460,420,0.39534253994042784,0.8862713241267263,24.0,0.2775699134774724,0.013997395833333334,125,2,0.999630905511811,11.40625
3701,71003,exposure_matched_local,1673097008,128,shuffled_clock,16,1768447212205222958,3072,3693,128,0,1462,404,0.3958841050636339,0.8906038451123748,24.0,0.2466973450454898,0.013346354166666666,126,2,0.999753937007874,11.421875
3701,71003,exposure_matched_local,1673097008,128,shuffled_clock,17,7393717981725375946,3072,3693,128,0,1456,418,0.3942594096940157,0.8868128892499323,24.0,0.2638342025575818,0.013346354166666666,125,2,0.999630905511811,11.375
3701,71003,exposure_matched_local,1673097008,128,shuffled_clock,18,2461417291330002248,3072,3693,128,0,1501,415,0.4064446249661522,0.8876252369347414,24.0,0.2396706876011084,0.013346354166666666,124,2,0.999507874015748,11.7265625
3701,71003,exposure_matched_local,1673097008,128,shuffled_clock,19,5259195679470651380,3072,3693,128,0,1484,400,0.4018413214189006,0.8916869753587869,24.0,0.2338389721942974,0.0126953125,125,2,0.999630905511811,11.59375
3701,71003,exposure_matched_local,1673097008,128,shuffled_clock,20,4986009275679903505,3072,3693,128,0,1458,400,0.39480097481722176,0.8916869753587869,24.0,0.2551953602948347,0.014322916666666666,127,2,0.999753937007874,11.390625
3701,71003,exposure_matched_local,1673097008,128,shuffled_clock,21,104224195848789273,3072,3693,128,0,1488,402,0.40292445166531277,0.8911454102355808,24.0,0.255944205971592,0.013346354166666666,126,2,0.999630905511811,11.625
3701,71003,exposure_matched_local,1673097008,128,shuffled_clock,22,6599372137380373486,3072,3693,128,0,1489,420,0.4031952342269158,0.8862713241267263,24.0,0.25589078967006657,0.012369791666666666,127,2,0.999753937007874,11.6328125
3701,71003,exposure_matched_local,1673097008,128,shuffled_clock,23,3713001471848073957,3072,3693,128,0,1479,401,0.40048740861088544,0.8914161927971839,24.0,0.26279588997932646,0.012369791666666666,126,2,0.999753937007874,11.5546875
3701,71003,exposure_matched_local,1673097008,128,shuffled_clock,24,5084492612640563290,3072,3693,128,0,1474,428,0.3991334958028703,0.884105063633902,24.0,0.269929594527443,0.014973958333333334,124,2,0.9993848425196851,11.515625
3701,71003,exposure_matched_local,1673097008,128,shuffled_clock,25,15814730538929374201,3072,3693,128,0,1480,416,0.4007581911724885,0.8873544543731384,24.0,0.2430688347828546,0.012369791666666666,126,2,0.999630905511811,11.5625
3701,71003,exposure_matched_local,1673097008,128,shuffled_clock,26,15620366139635739440,3072,3693,128,0,1476,406,0.39967506092607635,0.8900622799891686,24.0,0.2630558523437912,0.014322916666666666,125,2,0.999630905511811,11.53125
3701,71003,exposure_matched_local,1673097008,128,shuffled_clock,27,16073276350871553959,3072,3693,128,0,1474,420,0.3991334958028703,0.8862713241267263,24.0,0.2590762748409758,0.013020833333333334,123,3,0.999261811023622,11.515625
3701,71003,exposure_matched_local,1673097008,128,shuffled_clock,28,2966114460871908684,3072,3693,128,0,1458,394,0.39480097481722176,0.8933116707284051,24.0,0.25336752083174247,0.013020833333333334,123,2,0.999261811023622,11.390625
3701,71003,exposure_matched_local,1673097008,128,shuffled_clock,29,11909228404817905604,3072,3693,128,0,1468,408,0.3975088004332521,0.8895207148659626,24.0,0.23898526001761444,0.013020833333333334,124,2,0.999507874015748,11.46875
3701,71003,exposure_matched_local,1673097008,128,shuffled_clock,30,18342933100420183497,3072,3693,128,0,1479,420,0.40048740861088544,0.8862713241267263,24.0,0.2530976075551313,0.0126953125,126,2,0.999753937007874,11.5546875
3701,71003,exposure_matched_local,1673097008,128,shuffled_clock,31,13708619747040704491,3072,3693,128,0,1485,403,0.4021121039805037,0.8908746276739778,24.0,0.2636268671993834,0.013997395833333334,124,2,0.9993848425196851,11.6015625
3701,71003,exposure_matched_local,1673097008,64,clock,-1,,3072,3693,64,0,604,761,0.16355266720823178,0.793934470620092,48.0,0.5830498177232285,0.042643229166666664,64,1,1.0,9.4375
3701,71003,exposure_matched_local,1673097008,64,event_count,-1,,3072,3693,64,0,697,720,0.18873544543731383,0.8050365556458164,48.0,0.0,0.015625,64,1,1.0,10.890625
3701,71003,exposure_matched_local,1673097008,64,shuffled_clock,0,15939292867080682182,3072,3693,64,0,679,756,0.18386135932845923,0.7952883834281073,48.0,0.1882883192916062,0.021484375,64,1,1.0,10.609375
3701,71003,exposure_matched_local,1673097008,64,shuffled_clock,1,2081319902987453788,3072,3693,64,0,709,736,0.19198483617655024,0.8007040346601679,48.0,0.1866345399413468,0.0224609375,64,1,1.0,11.078125
3701,71003,exposure_matched_local,1673097008,64,shuffled_clock,2,13961670312028236836,3072,3693,64,0,690,730,0.1868399675060926,0.8023287300297861,48.0,0.1835826827642922,0.022135416666666668,64,1,1.0,10.78125
3701,71003,exposure_matched_local,1673097008,64,shuffled_clock,3,8293676447581603837,3072,3693,64,0,698,740,0.18900622799891686,0.7996209044137558,48.0,0.1765817281089412,0.0224609375,64,1,1.0,10.90625
3701,71003,exposure_matched_local,1673097008,64,shuffled_clock,4,229070935406235885,3072,3693,64,0,692,722,0.18738153262929869,0.8044949905226103,48.0,0.17410643625778022,0.021809895833333332,64,1,1.0,10.8125
3701,71003,exposure_matched_local,1673097008,64,shuffled_clock,5,6489363739068384391,3072,3693,64,0,690,731,0.1868399675060926,0.802057947468183,48.0,0.1945507079250667,0.0224609375,64,1,1.0,10.78125
3701,71003,exposure_matched_local,1673097008,64,shuffled_clock,6,3319610519358949206,3072,3693,64,0,703,752,0.19036014080693203,0.7963715136745194,48.0,0.16533862425396553,0.021809895833333332,64,1,1.0,10.984375
3701,71003,exposure_matched_local,1673097008,64,shuffled_clock,7,4814090400338510556,3072,3693,64,0,699,723,0.1892770105605199,0.8042242079610074,48.0,0.16563004343257884,0.0244140625,64,1,1.0,10.921875
3701,71003,exposure_matched_local,1673097008,64,shuffled_clock,8,6171134779779997413,3072,3693,64,0,692,738,0.18738153262929869,0.8001624695369618,48.0,0.18013534740922832,0.0234375,64,1,1.0,10.8125
3701,71003,exposure_matched_local,1673097008,64,shuffled_clock,9,11791498290400506736,3072,3693,64,0,706,740,0.19117248849174112,0.7996209044137558,48.0,0.16969796283121744,0.023111979166666668,64,1,1.0,11.03125
3701,71003,exposure_matched_local,1673097008,64,shuffled_clock,10,11851128233548297439,3072,3693,64,0,691,747,0.18711075006769565,0.7977254264825345,48.0,0.1874816275537259,0.0234375,64,1,1.0,10.796875
3701,71003,exposure_matched_local,1673097008,64,shuffled_clock,11,10600032862620377982,3072,3693,64,0,701,738,0.18981857568372598,0.8001624695369618,48.0,0.21216710619787638,0.025716145833333332,64,1,1.0,10.953125
3701,71003,exposure_matched_local,1673097008,64,shuffled_clock,12,2175881895450716123,3072,3693,64,0,688,743,0.18629840238288653,0.7988085567289467,48.0,0.19903177229899682,0.0263671875,64,1,1.0,10.75
3701,71003,exposure_matched_local,1673097008,64,shuffled_clock,13,1664884063201989794,3072,3693,64,0,704,726,0.19063092336853507,0.8034118602761983,48.0,0.16500494354199832,0.021158854166666668,64,1,1.0,11.0
3701,71003,exposure_matched_local,1673097008,64,shuffled_clock,14,14866005943972779213,3072,3693,64,0,688,729,0.18629840238288653,0.8025995125913891,48.0,0.1917327928258418,0.021484375,64,1,1.0,10.75
3701,71003,exposure_matched_local,1673097008,64,shuffled_clock,15,15758545342236832151,3072,3693,64,0,698,755,0.18900622799891686,0.7955591659897102,48.0,0.19972285692108346,0.021484375,64,1,1.0,10.90625
3701,71003,exposure_matched_local,1673097008,64,shuffled_clock,16,6190702915489866858,3072,3693,64,0,686,731,0.18575683725968048,0.802057947468183,48.0,0.18533806520166982,0.023111979166666668,64,1,1.0,10.71875
3701,71003,exposure_matched_local,1673097008,64,shuffled_clock,17,10405283833299936043,3072,3693,64,0,703,727,0.19036014080693203,0.8031410777145952,48.0,0.17708819632289427,0.022135416666666668,64,1,1.0,10.984375
3701,71003,exposure_matched_local,1673097008,64,shuffled_clock,18,11281441042247062394,3072,3693,64,0,691,740,0.18711075006769565,0.7996209044137558,48.0,0.17465953275144297,0.021158854166666668,64,1,1.0,10.796875
3701,71003,exposure_matched_local,1673097008,64,shuffled_clock,19,6850929393229930593,3072,3693,64,0,687,727,0.18602761982128352,0.8031410777145952,48.0,0.18294360933777068,0.021484375,64,1,1.0,10.734375
3701,71003,exposure_matched_local,1673097008,64,shuffled_clock,20,17667571287444149298,3072,3693,64,0,695,741,0.18819388031410778,0.7993501218521527,48.0,0.1780968119501519,0.021484375,64,1,1.0,10.859375
3701,71003,exposure_matched_local,1673097008,64,shuffled_clock,21,15275873726080986528,3072,3693,64,0,686,731,0.18575683725968048,0.802057947468183,48.0,0.16081835744625286,0.021158854166666668,64,1,1.0,10.71875
3701,71003,exposure_matched_local,1673097008,64,shuffled_clock,22,8915037757325977690,3072,3693,64,0,696,727,0.18846466287571081,0.8031410777145952,48.0,0.18313180361584067,0.021809895833333332,64,1,1.0,10.875
3701,71003,exposure_matched_local,1673097008,64,shuffled_clock,23,14064860938512747765,3072,3693,64,0,702,752,0.190089358245329,0.7963715136745194,48.0,0.16749134595559748,0.021809895833333332,64,1,1.0,10.96875
3701,71003,exposure_matched_local,1673097008,64,shuffled_clock,24,228398170225022527,3072,3693,64,0,691,733,0.18711075006769565,0.801516382344977,48.0,0.19108492345494268,0.021484375,64,1,1.0,10.796875
3701,71003,exposure_matched_local,1673097008,64,shuffled_clock,25,2438592733931101653,3072,3693,64,0,697,727,0.18873544543731383,0.8031410777145952,48.0,0.17743798131573715,0.025390625,64,1,1.0,10.890625
3701,71003,exposure_matched_local,1673097008,64,shuffled_clock,26,4003078115070413713,3072,3693,64,0,687,736,0.18602761982128352,0.8007040346601679,48.0,0.17634748295416092,0.022786458333333332,64,1,1.0,10.734375
3701,71003,exposure_matched_local,1673097008,64,shuffled_clock,27,11179674452294256428,3072,3693,64,0,693,748,0.1876523151909017,0.7974546439209315,48.0,0.2049661756411689,0.023111979166666668,64,1,1.0,10.828125
3701,71003,exposure_matched_local,1673097008,64,shuffled_clock,28,7587079563529067064,3072,3693,64,0,704,734,0.19063092336853507,0.801245599783374,48.0,0.22539280820252006,0.024088541666666668,64,1,1.0,11.0
3701,71003,exposure_matched_local,1673097008,64,shuffled_clock,29,9019024682215156358,3072,3693,64,0,694,752,0.18792309775250474,0.7963715136745194,48.0,0.17351187640102503,0.022135416666666668,64,1,1.0,10.84375
3701,71003,exposure_matched_local,1673097008,64,shuffled_clock,30,4631648293198573189,3072,3693,64,0,693,747,0.1876523151909017,0.7977254264825345,48.0,0.18766527107660055,0.0224609375,64,1,1.0,10.828125
3701,71003,exposure_matched_local,1673097008,64,shuffled_clock,31,11384543589463800167,3072,3693,64,0,697,736,0.18873544543731383,0.8007040346601679,48.0,0.2120696700934506,0.023111979166666668,64,1,1.0,10.890625
3701,71003,exposure_matched_local,1673097008,32,clock,-1,,3072,3693,32,0,274,1328,0.07419442187923098,0.6404007581911725,96.0,0.5798366299856523,0.08138020833333333,32,1,1.0,8.5625
3701,71003,exposure_matched_local,1673097008,32,event_count,-1,,3072,3693,32,0,307,1218,0.08313024641213106,0.670186839967506,96.0,0.0,0.03125,32,1,1.0,9.59375
3701,71003,exposure_matched_local,1673097008,32,shuffled_clock,0,6577033275017383614,3072,3693,32,0,308,1220,0.0834010289737341,0.6696452748443,96.0,0.14626472293628165,0.0400390625,32,1,1.0,9.625
3701,71003,exposure_matched_local,1673097008,32,shuffled_clock,1,14574496866219657320,3072,3693,32,0,300,1257,0.08123476848090982,0.6596263200649878,96.0,0.13210646061220424,0.041666666666666664,32,1,1.0,9.375
3701,71003,exposure_matched_local,1673097008,32,shuffled_clock,2,13253879736273096799,3072,3693,32,0,294,1228,0.07961007311129163,0.6674790143514757,96.0,0.13247687801229807,0.040364583333333336,32,1,1.0,9.1875
3701,71003,exposure_matched_local,1673097008,32,shuffled_clock,3,12708836836859594167,3072,3693,32,0,303,1245,0.08204711616571893,0.6628757108042242,96.0,0.13776144092500908,0.037760416666666664,32,1,1.0,9.46875
3701,71003,exposure_matched_local,1673097008,32,shuffled_clock,4,6765585433500264719,3072,3693,32,0,312,1206,0.08448415922014622,0.6734362307067425,96.0,0.11244024697493753,0.0380859375,32,1,1.0,9.75
3701,71003,exposure_matched_local,1673097008,32,shuffled_clock,5,12198468601152752480,3072,3693,32,0,304,1248,0.08231789872732197,0.6620633631194152,96.0,0.14664711502135327,0.038736979166666664,32,1,1.0,9.5
3701,71003,exposure_matched_local,1673097008,32,shuffled_clock,6,16414414026027632063,3072,3693,32,0,292,1214,0.07906850798808557,0.6712699702139182,96.0,0.12156457456237185,0.038736979166666664,32,1,1.0,9.125
3701,71003,exposure_matched_local,1673097008,32,shuffled_clock,7,3799499862407885753,3072,3693,32,0,295,1224,0.07988085567289467,0.6685621445978879,96.0,0.11764304379217742,0.036783854166666664,32,1,1.0,9.21875
3701,71003,exposure_matched_local,1673097008,32,shuffled_clock,8,9668303469394508906,3072,3693,32,0,305,1240,0.08258868128892499,0.6642296236122394,96.0,0.15488878395243869,0.041015625,32,1,1.0,9.53125
3701,71003,exposure_matched_local,1673097008,32,shuffled_clock,9,10141190697460648682,3072,3693,32,0,295,1224,0.07988085567289467,0.6685621445978879,96.0,0.15945415403853036,0.039388020833333336,32,1,1.0,9.21875
3701,71003,exposure_matched_local,1673097008,32,shuffled_clock,10,8061603767773791430,3072,3693,32,0,302,1220,0.08177633360411589,0.6696452748443,96.0,0.1190332172548312,0.038736979166666664,32,1,1.0,9.4375
3701,71003,exposure_matched_local,1673097008,32,shuffled_clock,11,10671426019101880259,3072,3693,32,0,310,1227,0.08394259409694016,0.6677497969130788,96.0,0.1104299799237047,0.038736979166666664,32,1,1.0,9.6875
3701,71003,exposure_matched_local,1673097008,32,shuffled_clock,12,9343743488169887698,3072,3693,32,0,300,1210,0.08123476848090982,0.6723531004603304,96.0,0.10240444886309093,0.036783854166666664,32,1,1.0,9.375
3701,71003,exposure_matched_local,1673097008,32,shuffled_clock,13,3177975615641872100,3072,3693,32,0,298,1237,0.08069320335770376,0.6650419712970485,96.0,0.10893006659596859,0.037109375,32,1,1.0,9.3125
3701,71003,exposure_matched_local,1673097008,32,shuffled_clock,14,13521966358475372899,3072,3693,32,0,305,1226,0.08258868128892499,0.6680205794746819,96.0,0.12208175069618961,0.041015625,32,1,1.0,9.53125
3701,71003,exposure_matched_local,1673097008,32,shuffled_clock,15,18049436000122398460,3072,3693,32,0,297,1243,0.08042242079610074,0.6634172759274303,96.0,0.12664132987967142,0.038736979166666664,32,1,1.0,9.28125
3701,71003,exposure_matched_local,1673097008,32,shuffled_clock,16,12547006007990342926,3072,3693,32,0,301,1232,0.08150555104251286,0.6663958841050637,96.0,0.12907775295628496,0.0390625,32,1,1.0,9.40625
3701,71003,exposure_matched_local,1673097008,32,shuffled_clock,17,8539880648803079325,3072,3693,32,0,295,1234,0.07988085567289467,0.6658543189818575,96.0,0.1497646002360737,0.0400390625,32,1,1.0,9.21875
3701,71003,exposure_matched_local,1673097008,32,shuffled_clock,18,2714877712495264921,3072,3693,32,0,298,1229,0.08069320335770376,0.6672082317898728,96.0,0.09743001348086594,0.036458333333333336,32,1,1.0,9.3125
3701,71003,exposure_matched_local,1673097008,32,shuffled_clock,19,4985866964005187805,3072,3693,32,0,300,1261,0.08123476848090982,0.6585431898185757,96.0,0.1575328164594563,0.0400390625,32,1,1.0,9.375
3701,71003,exposure_matched_local,1673097008,32,shuffled_clock,20,17281806809078946107,3072,3693,32,0,307,1224,0.08313024641213106,0.6685621445978879,96.0,0.12664132987967142,0.0380859375,32,1,1.0,9.59375
3701,71003,exposure_matched_local,1673097008,32,shuffled_clock,21,6027481365150464417,3072,3693,32,0,300,1242,0.08123476848090982,0.6636880584890333,96.0,0.11343202139035745,0.037760416666666664,32,1,1.0,9.375
3701,71003,exposure_matched_local,1673097008,32,shuffled_clock,22,15289247231836859978,3072,3693,32,0,302,1233,0.08177633360411589,0.6661251015434606,96.0,0.14424053362775194,0.0380859375,32,1,1.0,9.4375
3701,71003,exposure_matched_local,1673097008,32,shuffled_clock,23,6249565201615997543,3072,3693,32,0,304,1246,0.08231789872732197,0.6626049282426212,96.0,0.09057883356284586,0.0390625,32,1,1.0,9.5
3701,71003,exposure_matched_local,1673097008,32,shuffled_clock,24,12148447585113217892,3072,3693,32,0,306,1221,0.08285946385052803,0.669374492282697,96.0,0.09931581582206045,0.035807291666666664,32,1,1.0,9.5625
3701,71003,exposure_matched_local,1673097008,32,shuffled_clock,25,6409369371448480597,3072,3693,32,0,305,1245,0.08258868128892499,0.6628757108042242,96.0,0.13268808082158207,0.039713541666666664,32,1,1.0,9.53125
3701,71003,exposure_matched_local,1673097008,32,shuffled_clock,26,6401439104794930214,3072,3693,32,0,309,1229,0.08367181153533712,0.6672082317898728,96.0,0.14496670301168765,0.0400390625,32,1,1.0,9.65625
3701,71003,exposure_matched_local,1673097008,32,shuffled_clock,27,8594893890316173329,3072,3693,32,0,304,1253,0.08231789872732197,0.6607094503113999,96.0,0.14213828833482092,0.038411458333333336,32,1,1.0,9.5
3701,71003,exposure_matched_local,1673097008,32,shuffled_clock,28,16146369088609969436,3072,3693,32,0,301,1230,0.08150555104251286,0.6669374492282697,96.0,0.11377094710433733,0.039713541666666664,32,1,1.0,9.40625
3701,71003,exposure_matched_local,1673097008,32,shuffled_clock,29,2547243838062398676,3072,3693,32,0,296,1237,0.0801516382344977,0.6650419712970485,96.0,0.14573729556635945,0.041666666666666664,32,1,1.0,9.25
3701,71003,exposure_matched_local,1673097008,32,shuffled_clock,30,13801898229590369056,3072,3693,32,0,294,1233,0.07961007311129163,0.6661251015434606,96.0,0.1494370409619701,0.04296875,32,1,1.0,9.1875
3701,71003,exposure_matched_local,1673097008,32,shuffled_clock,31,12241409161570623155,3072,3693,32,0,299,1239,0.0809639859193068,0.6645004061738424,96.0,0.12831622564368414,0.038736979166666664,32,1,1.0,9.34375
3701,71047,current_global,1573097052,128,clock,-1,,3072,3614,128,0,1295,407,0.35832872163807417,0.887382401770891,24.0,0.5893948288006715,0.021484375,124,2,0.9993848425196851,10.1171875
3701,71047,current_global,1573097052,128,event_count,-1,,3072,3614,128,0,1493,382,0.41311566131710015,0.8942999446596569,24.0,0.0,0.0078125,128,1,1.0,11.6640625
3701,71047,current_global,1573097052,128,shuffled_clock,0,14678509599714970671,3072,3614,128,0,1471,402,0.4070282235749862,0.8887659103486442,24.0,0.25918178340769576,0.0126953125,123,2,0.999261811023622,11.4921875
3701,71047,current_global,1573097052,128,shuffled_clock,1,10398434751314255191,3072,3614,128,0,1452,403,0.40177089097952406,0.8884892086330936,24.0,0.2522319441125492,0.013020833333333334,125,2,0.999507874015748,11.34375
3701,71047,current_global,1573097052,128,shuffled_clock,2,10900344124542264157,3072,3614,128,0,1438,412,0.39789706696181515,0.8859988931931378,24.0,0.2724500002287978,0.0146484375,124,2,0.999507874015748,11.234375
3701,71047,current_global,1573097052,128,shuffled_clock,3,3445143102696504373,3072,3614,128,0,1414,408,0.39125622578859987,0.8871057000553404,24.0,0.2750964199057657,0.013671875,125,2,0.999630905511811,11.046875
3701,71047,current_global,1573097052,128,shuffled_clock,4,17732684045265724281,3072,3614,128,0,1428,406,0.3951300498063088,0.8876591034864416,24.0,0.2827905098141465,0.013346354166666666,123,2,0.9993848425196851,11.15625
3701,71047,current_global,1573097052,128,shuffled_clock,5,5851099611093290881,3072,3614,128,0,1447,408,0.4003873824017709,0.8871057000553404,24.0,0.2571165570019061,0.0126953125,126,2,0.999753937007874,11.3046875
3701,71047,current_global,1573097052,128,shuffled_clock,6,17666095924007684542,3072,3614,128,0,1450,415,0.4012174875484228,0.8851687880464859,24.0,0.255944205971592,0.0126953125,126,2,0.999753937007874,11.328125
3701,71047,current_global,1573097052,128,shuffled_clock,7,935969381505910396,3072,3614,128,0,1442,410,0.3990038738240177,0.8865522966242391,24.0,0.27454926076740127,0.015625,125,2,0.999630905511811,11.265625
3701,71047,current_global,1573097052,128,shuffled_clock,8,2690498704228165414,3072,3614,128,0,1460,420,0.40398450470392916,0.8837852794687328,24.0,0.2695241424104383,0.0126953125,125,2,0.9993848425196851,11.40625
3701,71047,current_global,1573097052,128,shuffled_clock,9,2617667592318993871,3072,3614,128,0,1470,424,0.4067515218594355,0.8826784726065302,24.0,0.2314887721219923,0.0126953125,128,1,1.0,11.484375
3701,71047,current_global,1573097052,128,shuffled_clock,10,8185037448320762120,3072,3614,128,0,1463,402,0.4048146098505811,0.8887659103486442,24.0,0.2671808526990545,0.01171875,126,2,0.999753937007874,11.4296875
3701,71047,current_global,1573097052,128,shuffled_clock,11,4363680452526477403,3072,3614,128,0,1459,416,0.40370780298837855,0.8848920863309353,24.0,0.25567701286610905,0.013020833333333334,126,2,0.999630905511811,11.3984375
3701,71047,current_global,1573097052,128,shuffled_clock,12,6553658070896078668,3072,3614,128,0,1451,412,0.40149418926397346,0.8859988931931378,24.0,0.24730613358656575,0.0126953125,128,1,1.0,11.3359375
3701,71047,current_global,1573097052,128,shuffled_clock,13,15956560761717997382,3072,3614,128,0,1452,407,0.40177089097952406,0.887382401770891,24.0,0.24351833832868153,0.012369791666666666,123,2,0.999261811023622,11.34375
3701,71047,current_global,1573097052,128,shuffled_clock,14,955286154862933609,3072,3614,128,0,1451,406,0.40149418926397346,0.8876591034864416,24.0,0.26164898714869983,0.014322916666666666,127,2,0.999753937007874,11.3359375
3701,71047,current_global,1573097052,128,shuffled_clock,15,7424210937889797405,3072,3614,128,0,1459,395,0.40370780298837855,0.8907028223574986,24.0,0.24840919942446812,0.013671875,126,2,0.999753937007874,11.3984375
3701,71047,current_global,1573097052,128,shuffled_clock,16,15565524857764750010,3072,3614,128,0,1459,412,0.40370780298837855,0.8859988931931378,24.0,0.24597592510352242,0.0126953125,127,2,0.999876968503937,11.3984375
3701,71047,current_global,1573097052,128,shuffled_clock,17,15789682343592661523,3072,3614,128,0,1447,423,0.4003873824017709,0.8829551743220808,24.0,0.25583736221574793,0.013671875,125,2,0.999507874015748,11.3046875
3701,71047,current_global,1573097052,128,shuffled_clock,18,17995519564860759199,3072,3614,128,0,1431,428,0.3959601549529607,0.8815716657443277,24.0,0.3183131666943556,0.014973958333333334,124,2,0.9990157480314961,11.1796875
3701,71047,current_global,1573097052,128,shuffled_clock,19,9864962385574622597,3072,3614,128,0,1463,413,0.4048146098505811,0.8857221914775871,24.0,0.2671808526990545,0.013020833333333334,126,2,0.999753937007874,11.4296875
3701,71047,current_global,1573097052,128,shuffled_clock,20,7118091344084575642,3072,3614,128,0,1452,392,0.40177089097952406,0.8915329275041505,24.0,0.23430618339376563,0.013346354166666666,127,2,0.999876968503937,11.34375
3701,71047,current_global,1573097052,128,shuffled_clock,21,4131401830182148843,3072,3614,128,0,1436,406,0.3973436635307139,0.8876591034864416,24.0,0.26336746846766995,0.0126953125,122,2,0.999261811023622,11.21875
3701,71047,current_global,1573097052,128,shuffled_clock,22,4506672654866070280,3072,3614,128,0,1421,407,0.39319313779745435,0.887382401770891,24.0,0.30014395787783016,0.013671875,125,2,0.999138779527559,11.1015625
3701,71047,current_global,1573097052,128,shuffled_clock,23,6161905663525010964,3072,3614,128,0,1463,420,0.4048146098505811,0.8837852794687328,24.0,0.2769782895434048,0.014973958333333334,125,2,0.999630905511811,11.4296875
3701,71047,current_global,1573097052,128,shuffled_clock,24,1467657491272822134,3072,3614,128,0,1448,395,0.4006640841173215,0.8907028223574986,24.0,0.2754440461730449,0.0166015625,125,2,0.999507874015748,11.3125
3701,71047,current_global,1573097052,128,shuffled_clock,25,16930387597693734689,3072,3614,128,0,1474,406,0.4078583287216381,0.8876591034864416,24.0,0.2686605249944411,0.013671875,124,2,0.999507874015748,11.515625
3701,71047,current_global,1573097052,128,shuffled_clock,26,11842109685865156996,3072,3614,128,0,1469,403,0.4064748201438849,0.8884892086330936,24.0,0.2406383679860334,0.012044270833333334,122,2,0.9990157480314961,11.4765625
3701,71047,current_global,1573097052,128,shuffled_clock,27,679188106098059738,3072,3614,128,0,1452,405,0.40177089097952406,0.8879358052019922,24.0,0.2749970174021029,0.014322916666666666,125,2,0.999261811023622,11.34375
3701,71047,current_global,1573097052,128,shuffled_clock,28,4271879550632872526,3072,3614,128,0,1443,407,0.39928057553956836,0.887382401770891,24.0,0.2858197218279851,0.014322916666666666,123,3,0.999261811023622,11.2734375
3701,71047,current_global,1573097052,128,shuffled_clock,29,3940211686202489072,3072,3614,128,0,1454,405,0.40232429441062534,0.8879358052019922,24.0,0.2866793319548494,0.012369791666666666,124,2,0.9993848425196851,11.359375
3701,71047,current_global,1573097052,128,shuffled_clock,30,2081928850575305955,3072,3614,128,0,1457,426,0.4031543995572773,0.8821250691754289,24.0,0.27023328439794464,0.013346354166666666,126,2,0.999753937007874,11.3828125
3701,71047,current_global,1573097052,128,shuffled_clock,31,5858506225161044823,3072,3614,128,0,1448,388,0.4006640841173215,0.892639734366353,24.0,0.24301258837812542,0.013346354166666666,127,2,0.999876968503937,11.3125
3701,71047,current_global,1573097052,64,clock,-1,,3072,3614,64,0,604,754,0.1671278361925844,0.7913669064748201,48.0,0.5762155505279201,0.039388020833333336,64,1,1.0,9.4375
3701,71047,current_global,1573097052,64,event_count,-1,,3072,3614,64,0,689,692,0.1906474820143885,0.8085224128389596,48.0,0.0,0.015625,64,1,1.0,10.765625
3701,71047,current_global,1573097052,64,shuffled_clock,0,10592613663037684655,3072,3614,64,0,686,737,0.1898173768677366,0.796070835639181,48.0,0.1631152712371174,0.021484375,64,1,1.0,10.71875
3701,71047,current_global,1573097052,64,shuffled_clock,1,14884769096104265154,3072,3614,64,0,703,755,0.19452130603209739,0.7910902047592695,48.0,0.19387672222708108,0.024088541666666668,64,1,1.0,10.984375
3701,71047,current_global,1573097052,64,shuffled_clock,2,3980850190054102569,3072,3614,64,0,683,745,0.18898727172108468,0.7938572219147759,48.0,0.18803202005077194,0.023111979166666668,64,1,1.0,10.671875
3701,71047,current_global,1573097052,64,shuffled_clock,3,1906650012981062446,3072,3614,64,0,690,703,0.19092418372993913,0.8054786939679026,48.0,0.20422537218842973,0.021809895833333332,64,1,1.0,10.78125
3701,71047,current_global,1573097052,64,shuffled_clock,4,14945251850943849973,3072,3614,64,0,682,726,0.18871057000553404,0.7991145545102379,48.0,0.20633966705667187,0.0224609375,64,1,1.0,10.65625
3701,71047,current_global,1573097052,64,shuffled_clock,5,9764227422502334883,3072,3614,64,0,698,747,0.19313779745434423,0.7933038184836746,48.0,0.1797524875770109,0.022135416666666668,64,1,1.0,10.90625
3701,71047,current_global,1573097052,64,shuffled_clock,6,5222355277088085715,3072,3614,64,0,700,728,0.1936912008854455,0.7985611510791367,48.0,0.17501417176177567,0.022135416666666668,64,1,1.0,10.9375
3701,71047,current_global,1573097052,64,shuffled_clock,7,46118085220270222,3072,3614,64,0,683,741,0.18898727172108468,0.7949640287769785,48.0,0.19490450110314164,0.021158854166666668,64,1,1.0,10.671875
3701,71047,current_global,1573097052,64,shuffled_clock,8,1990190565339010330,3072,3614,64,0,684,730,0.1892639734366353,0.7980077476480354,48.0,0.18492872453182196,0.021809895833333332,64,1,1.0,10.6875
3701,71047,current_global,1573097052,64,shuffled_clock,9,7483073817241517285,3072,3614,64,0,695,743,0.19230769230769232,0.7944106253458771,48.0,0.1889093126213256,0.023763020833333332,64,1,1.0,10.859375
3701,71047,current_global,1573097052,64,shuffled_clock,10,14327842164743670764,3072,3614,64,0,678,750,0.1876037631433315,0.7924737133370227,48.0,0.20499978491837126,0.022135416666666668,64,1,1.0,10.59375
3701,71047,current_global,1573097052,64,shuffled_clock,11,9276056120553504273,3072,3614,64,0,680,725,0.18815716657443277,0.7993912562257885,48.0,0.23258335631915775,0.023111979166666668,64,1,1.0,10.625
3701,71047,current_global,1573097052,64,shuffled_clock,12,18144430042211899749,3072,3614,64,0,687,736,0.19009407858328722,0.7963475373547316,48.0,0.18533806520166982,0.022135416666666668,64,1,1.0,10.734375
3701,71047,current_global,1573097052,64,shuffled_clock,13,5677904095175537776,3072,3614,64,0,673,733,0.1862202545655783,0.7971776425013835,48.0,0.19018144357818267,0.0234375,64,1,1.0,10.515625
3701,71047,current_global,1573097052,64,shuffled_clock,14,5580377096272645616,3072,3614,64,0,685,733,0.18954067515218595,0.7971776425013835,48.0,0.16802521699130027,0.020833333333333332,64,1,1.0,10.703125
3701,71047,current_global,1573097052,64,shuffled_clock,15,11166115701916370781,3072,3614,64,0,711,742,0.19673491975650248,0.7946873270614278,48.0,0.17398768682739738,0.021809895833333332,64,1,1.0,11.109375
3701,71047,current_global,1573097052,64,shuffled_clock,16,3284071437810609542,3072,3614,64,0,686,726,0.1898173768677366,0.7991145545102379,48.0,0.18633899812498247,0.023111979166666668,64,1,1.0,10.71875
3701,71047,current_global,1573097052,64,shuffled_clock,17,8406184628343951554,3072,3614,64,0,691,728,0.19120088544548977,0.7985611510791367,48.0,0.17223662254184158,0.021809895833333332,64,1,1.0,10.796875
3701,71047,current_global,1573097052,64,shuffled_clock,18,5884480729225875037,3072,3614,64,0,708,734,0.19590481460985057,0.7969009407858328,48.0,0.18934643463874792,0.023763020833333332,64,1,1.0,11.0625
3701,71047,current_global,1573097052,64,shuffled_clock,19,12316411472122249938,3072,3614,64,0,689,733,0.1906474820143885,0.7971776425013835,48.0,0.1658794238148599,0.021484375,64,1,1.0,10.765625
3701,71047,current_global,1573097052,64,shuffled_clock,20,17322969782096828444,3072,3614,64,0,682,725,0.18871057000553404,0.7993912562257885,48.0,0.17243650263990154,0.021809895833333332,64,1,1.0,10.65625
3701,71047,current_global,1573097052,64,shuffled_clock,21,13297672031905131515,3072,3614,64,0,680,723,0.18815716657443277,0.7999446596568899,48.0,0.18135506746111937,0.022135416666666668,64,1,1.0,10.625
3701,71047,current_global,1573097052,64,shuffled_clock,22,5872009996317761027,3072,3614,64,0,691,743,0.19120088544548977,0.7944106253458771,48.0,0.18887284012120362,0.024088541666666668,64,1,1.0,10.796875
3701,71047,current_global,1573097052,64,shuffled_clock,23,13059543435588967408,3072,3614,64,0,689,709,0.1906474820143885,0.8038184836745987,48.0,0.20803550139644397,0.022135416666666668,64,1,1.0,10.765625
3701,71047,current_global,1573097052,64,shuffled_clock,24,4144849713806215944,3072,3614,64,0,675,738,0.18677365799667958,0.7957941339236303,48.0,0.17607380306844098,0.021809895833333332,64,1,1.0,10.546875
3701,71047,current_global,1573097052,64,shuffled_clock,25,16875355377475818692,3072,3614,64,0,681,745,0.1884338682899834,0.7938572219147759,48.0,0.17798072493383035,0.024739583333333332,64,1,1.0,10.640625
3701,71047,current_global,1573097052,64,shuffled_clock,26,1185050972573818814,3072,3614,64,0,684,713,0.1892639734366353,0.8027116768123962,48.0,0.19021766516570818,0.021809895833333332,64,1,1.0,10.6875
3701,71047,current_global,1573097052,64,shuffled_clock,27,7089973774651736084,3072,3614,64,0,674,726,0.18649695628112894,0.7991145545102379,48.0,0.20516774871952573,0.0224609375,64,1,1.0,10.53125
3701,71047,current_global,1573097052,64,shuffled_clock,28,11055444290304772285,3072,3614,64,0,672,726,0.18594355285002767,0.7991145545102379,48.0,0.2047307562133314,0.0224609375,64,1,1.0,10.5
3701,71047,current_global,1573097052,64,shuffled_clock,29,2588470170491287530,3072,3614,64,0,700,732,0.1936912008854455,0.7974543442169342,48.0,0.19504583868596767,0.022786458333333332,64,1,1.0,10.9375
3701,71047,current_global,1573097052,64,shuffled_clock,30,6573282156983405284,3072,3614,64,0,686,757,0.1898173768677366,0.7905368013281683,48.0,0.19753775340720067,0.025390625,64,1,1.0,10.71875
3701,71047,current_global,1573097052,64,shuffled_clock,31,1157060115243512704,3072,3614,64,0,695,736,0.19230769230769232,0.7963475373547316,48.0,0.21979076550129958,0.0234375,64,1,1.0,10.859375
3701,71047,current_global,1573097052,32,clock,-1,,3072,3614,32,0,257,1328,0.07111234089651355,0.6325401217487548,96.0,0.5666044004373617,0.07259114583333333,32,1,1.0,8.03125
3701,71047,current_global,1573097052,32,event_count,-1,,3072,3614,32,0,295,1224,0.08162700608743774,0.6613171001660211,96.0,0.0,0.03125,32,1,1.0,9.21875
3701,71047,current_global,1573097052,32,shuffled_clock,0,18330251362972372135,3072,3614,32,0,291,1227,0.08052019922523519,0.6604869950193691,96.0,0.11450693934302014,0.0361328125,32,1,1.0,9.09375
3701,71047,current_global,1573097052,32,shuffled_clock,1,9956993069757718197,3072,3614,32,0,294,1239,0.0813503043718871,0.6571665744327615,96.0,0.12291040169927904,0.038736979166666664,32,1,1.0,9.1875
3701,71047,current_global,1573097052,32,shuffled_clock,2,2139771127015332780,3072,3614,32,0,288,1225,0.07969009407858328,0.6610403984504704,96.0,0.1069847303444829,0.0390625,32,1,1.0,9.0
3701,71047,current_global,1573097052,32,shuffled_clock,3,7828176604027325717,3072,3614,32,0,295,1234,0.08162700608743774,0.6585500830105147,96.0,0.11389394275874647,0.037760416666666664,32,1,1.0,9.21875
3701,71047,current_global,1573097052,32,shuffled_clock,4,5706452116960892383,3072,3614,32,0,293,1227,0.08107360265633647,0.6604869950193691,96.0,0.14221214559537,0.0390625,32,1,1.0,9.15625
3701,71047,current_global,1573097052,32,shuffled_clock,5,6686283471746924876,3072,3614,32,0,286,1218,0.07913669064748201,0.6629773104593248,96.0,0.15341286214787023,0.039388020833333336,32,1,1.0,8.9375
3701,71047,current_global,1573097052,32,shuffled_clock,6,3616104803264028134,3072,3614,32,0,292,1222,0.08079690094078583,0.6618705035971223,96.0,0.11991213554472314,0.0390625,32,1,1.0,9.125
3701,71047,current_global,1573097052,32,shuffled_clock,7,11920531204966177749,3072,3614,32,0,292,1231,0.08079690094078583,0.6593801881571666,96.0,0.11296821126437473,0.039388020833333336,32,1,1.0,9.125
3701,71047,current_global,1573097052,32,shuffled_clock,8,17374818593718172507,3072,3614,32,0,287,1206,0.07941339236303264,0.6662977310459325,96.0,0.12839803389276208,0.0419921875,32,1,1.0,8.96875
3701,71047,current_global,1573097052,32,shuffled_clock,9,13184313171426394319,3072,3614,32,0,284,1250,0.07858328721638075,0.6541228555617045,96.0,0.14211366071818718,0.0419921875,32,1,1.0,8.875
3701,71047,current_global,1573097052,32,shuffled_clock,10,378551663083070046,3072,3614,32,0,281,1246,0.07775318206972884,0.655229662423907,96.0,0.17392221230164837,0.043619791666666664,32,1,1.0,8.78125
3701,71047,current_global,1573097052,32,shuffled_clock,11,17734732285591624496,3072,3614,32,0,300,1228,0.08301051466519092,0.6602102933038185,96.0,0.11817738284969886,0.040364583333333336,32,1,1.0,9.375
3701,71047,current_global,1573097052,32,shuffled_clock,12,3988286380788790912,3072,3614,32,0,277,1225,0.07664637520752629,0.6610403984504704,96.0,0.14537658889438254,0.0419921875,32,1,1.0,8.65625
3701,71047,current_global,1573097052,32,shuffled_clock,13,5948691292662261542,3072,3614,32,0,300,1206,0.08301051466519092,0.6662977310459325,96.0,0.11118808937398822,0.037760416666666664,32,1,1.0,9.375
3701,71047,current_global,1573097052,32,shuffled_clock,14,4116301829612026564,3072,3614,32,0,294,1243,0.0813503043718871,0.656059767570559,96.0,0.13609990993336832,0.039388020833333336,32,1,1.0,9.1875
3701,71047,current_global,1573097052,32,shuffled_clock,15,15627646731477614181,3072,3614,32,0,292,1227,0.08079690094078583,0.6604869950193691,96.0,0.12090051895616895,0.0380859375,32,1,1.0,9.125
3701,71047,current_global,1573097052,32,shuffled_clock,16,13040118088300611374,3072,3614,32,0,291,1232,0.08052019922523519,0.659103486441616,96.0,0.1605043574035288,0.041015625,32,1,1.0,9.09375
3701,71047,current_global,1573097052,32,shuffled_clock,17,14483057660952166150,3072,3614,32,0,292,1244,0.08079690094078583,0.6557830658550083,96.0,0.1591245440518629,0.04296875,32,1,1.0,9.125
3701,71047,current_global,1573097052,32,shuffled_clock,18,16217030821373435383,3072,3614,32,0,279,1224,0.07719977863862756,0.6613171001660211,96.0,0.13763434297293461,0.039388020833333336,32,1,1.0,8.71875
3701,71047,current_global,1573097052,32,shuffled_clock,19,16519062720121302014,3072,3614,32,0,299,1221,0.08273381294964029,0.6621472053126729,96.0,0.13376526141450298,0.0439453125,32,1,1.0,9.34375
3701,71047,current_global,1573097052,32,shuffled_clock,20,4426650439179836432,3072,3614,32,0,296,1231,0.08190370780298838,0.6593801881571666,96.0,0.11707637353515597,0.037760416666666664,32,1,1.0,9.25
3701,71047,current_global,1573097052,32,shuffled_clock,21,814191332710066425,3072,3614,32,0,297,1227,0.08218040951853901,0.6604869950193691,96.0,0.1142621353444644,0.039713541666666664,32,1,1.0,9.28125
3701,71047,current_global,1573097052,32,shuffled_clock,22,377518623179161265,3072,3614,32,0,284,1231,0.07858328721638075,0.6593801881571666,96.0,0.17151059039163574,0.043294270833333336,32,1,1.0,8.875
3701,71047,current_global,1573097052,32,shuffled_clock,23,13332189877328777950,3072,3614,32,0,289,1227,0.07996679579413392,0.6604869950193691,96.0,0.1608093747824459,0.040690104166666664,32,1,1.0,9.03125
3701,71047,current_global,1573097052,32,shuffled_clock,24,3774947061270416774,3072,3614,32,0,292,1257,0.08079690094078583,0.65218594355285,96.0,0.12569809545381683,0.0400390625,32,1,1.0,9.125
3701,71047,current_global,1573097052,32,shuffled_clock,25,16470573915169245899,3072,3614,32,0,287,1238,0.07941339236303264,0.6574432761483121,96.0,0.1189449682245946,0.038736979166666664,32,1,1.0,8.96875
3701,71047,current_global,1573097052,32,shuffled_clock,26,2918505677332437403,3072,3614,32,0,292,1221,0.08079690094078583,0.6621472053126729,96.0,0.15762166746283152,0.044596354166666664,32,1,1.0,9.125
3701,71047,current_global,1573097052,32,shuffled_clock,27,1431986698151537364,3072,3614,32,0,294,1235,0.0813503043718871,0.658273381294964,96.0,0.11529896272929611,0.0380859375,32,1,1.0,9.1875
3701,71047,current_global,1573097052,32,shuffled_clock,28,14108836810651025576,3072,3614,32,0,288,1224,0.07969009407858328,0.6613171001660211,96.0,0.15459472685021464,0.0419921875,32,1,1.0,9.0
3701,71047,current_global,1573097052,32,shuffled_clock,29,11550660293613997095,3072,3614,32,0,284,1215,0.07858328721638075,0.6638074156059768,96.0,0.12716538422950077,0.0380859375,32,1,1.0,8.875
3701,71047,current_global,1573097052,32,shuffled_clock,30,8001894471274551215,3072,3614,32,0,290,1223,0.08024349750968456,0.6615938018815717,96.0,0.14523205538170375,0.042317708333333336,32,1,1.0,9.0625
3701,71047,current_global,1573097052,32,shuffled_clock,31,8435747231024666283,3072,3614,32,0,281,1220,0.07775318206972884,0.6624239070282236,96.0,0.129402749911228,0.039713541666666664,32,1,1.0,8.78125
3701,71047,exposure_matched_local,1673097052,128,clock,-1,,3072,3611,128,0,1313,431,0.36361118803655496,0.8806424813071172,24.0,0.5898121651858538,0.0205078125,121,2,0.99876968503937,10.2578125
3701,71047,exposure_matched_local,1673097052,128,event_count,-1,,3072,3611,128,0,1535,403,0.42509000276931597,0.8883965660481861,24.0,0.0,0.0078125,126,2,0.999753937007874,11.9921875
3701,71047,exposure_matched_local,1673097052,128,shuffled_clock,0,1577233628765162218,3072,3611,128,0,1517,430,0.42010523400720023,0.8809194129050124,24.0,0.23389742463170438,0.014322916666666666,126,2,0.999753937007874,11.8515625
3701,71047,exposure_matched_local,1673097052,128,shuffled_clock,1,7454848750889731259,3072,3611,128,0,1512,410,0.4187205760177236,0.8864580448629189,24.0,0.22851703436642432,0.012369791666666666,127,2,0.999876968503937,11.8125
3701,71047,exposure_matched_local,1673097052,128,shuffled_clock,2,5288245996429767358,3072,3611,128,0,1482,414,0.41041262808086404,0.8853503184713376,24.0,0.26723201226921206,0.0146484375,125,2,0.999630905511811,11.578125
3701,71047,exposure_matched_local,1673097052,128,shuffled_clock,3,13803475230452739527,3072,3611,128,0,1481,406,0.4101356964829687,0.8875657712545001,24.0,0.2763359342474852,0.013346354166666666,125,2,0.999138779527559,11.5703125
3701,71047,exposure_matched_local,1673097052,128,shuffled_clock,4,6684537699618066046,3072,3611,128,0,1494,419,0.4137358072556079,0.883965660481861,24.0,0.26154447386825747,0.013346354166666666,121,2,0.999138779527559,11.671875
3701,71047,exposure_matched_local,1673097052,128,shuffled_clock,5,5765170908570391147,3072,3611,128,0,1514,433,0.41927443921351426,0.8800886181113265,24.0,0.2406951692066961,0.012044270833333334,124,2,0.9993848425196851,11.828125
3701,71047,exposure_matched_local,1673097052,128,shuffled_clock,6,14242736576897418861,3072,3611,128,0,1482,407,0.41041262808086404,0.8872888396566048,24.0,0.25498100044155586,0.014322916666666666,123,2,0.999261811023622,11.578125
3701,71047,exposure_matched_local,1673097052,128,shuffled_clock,7,6280083225541567469,3072,3611,128,0,1509,427,0.41788978122403764,0.8817502076986984,24.0,0.25551656288929914,0.013020833333333334,125,2,0.9993848425196851,11.7890625
3701,71047,exposure_matched_local,1673097052,128,shuffled_clock,8,8662728270863737794,3072,3611,128,0,1517,429,0.42010523400720023,0.8811963445029077,24.0,0.22586956494280955,0.012044270833333334,123,2,0.999261811023622,11.8515625
3701,71047,exposure_matched_local,1673097052,128,shuffled_clock,9,3376140620877662449,3072,3611,128,0,1505,432,0.4167820548324564,0.8803655497092219,24.0,0.2592345215877934,0.013346354166666666,123,2,0.9993848425196851,11.7578125
3701,71047,exposure_matched_local,1673097052,128,shuffled_clock,10,460530158762452200,3072,3611,128,0,1509,425,0.41788978122403764,0.882304070894489,24.0,0.23593413675301275,0.012044270833333334,124,2,0.999507874015748,11.7890625
3701,71047,exposure_matched_local,1673097052,128,shuffled_clock,11,17417787195503207335,3072,3611,128,0,1497,406,0.4145666020492938,0.8875657712545001,24.0,0.24553092080401226,0.013020833333333334,126,2,0.999630905511811,11.6953125
3701,71047,exposure_matched_local,1673097052,128,shuffled_clock,12,434427383358217829,3072,3611,128,0,1500,403,0.41539739684297977,0.8883965660481861,24.0,0.24284377099868323,0.0126953125,123,2,0.9993848425196851,11.71875
3701,71047,exposure_matched_local,1673097052,128,shuffled_clock,13,3005934371624851443,3072,3611,128,0,1505,422,0.4167820548324564,0.883134865688175,24.0,0.24041102890081364,0.012369791666666666,122,2,0.999261811023622,11.7578125
3701,71047,exposure_matched_local,1673097052,128,shuffled_clock,14,11050946146324905783,3072,3611,128,0,1510,412,0.41816671282193296,0.8859041816671283,24.0,0.268914818023442,0.0126953125,124,2,0.999507874015748,11.796875
3701,71047,exposure_matched_local,1673097052,128,shuffled_clock,15,1281321372333428306,3072,3611,128,0,1490,417,0.4126280808640266,0.8845195236776516,24.0,0.26553854223129963,0.0126953125,125,2,0.999630905511811,11.640625
3701,71047,exposure_matched_local,1673097052,128,shuffled_clock,16,17147925700460537793,3072,3611,128,0,1516,414,0.4198283024093049,0.8853503184713376,24.0,0.24475021637671324,0.0126953125,122,2,0.9990157480314961,11.84375
3701,71047,exposure_matched_local,1673097052,128,shuffled_clock,17,6831862894362036840,3072,3611,128,0,1518,428,0.42038216560509556,0.8814732761008031,24.0,0.26651488462566986,0.013671875,127,2,0.999876968503937,11.859375
3701,71047,exposure_matched_local,1673097052,128,shuffled_clock,18,13589847964622199347,3072,3611,128,0,1502,430,0.4159512600387704,0.8809194129050124,24.0,0.2534214689896693,0.012369791666666666,125,2,0.999138779527559,11.734375
3701,71047,exposure_matched_local,1673097052,128,shuffled_clock,19,13329534158802204515,3072,3611,128,0,1495,417,0.4140127388535032,0.8845195236776516,24.0,0.25325959004054827,0.013020833333333334,124,2,0.999507874015748,11.6796875
3701,71047,exposure_matched_local,1673097052,128,shuffled_clock,20,9345681488242791539,3072,3611,128,0,1501,413,0.4156743284408751,0.8856272500692329,24.0,0.225809034440599,0.011393229166666666,126,2,0.999507874015748,11.7265625
3701,71047,exposure_matched_local,1673097052,128,shuffled_clock,21,16659991527624913575,3072,3611,128,0,1507,423,0.41733591802824704,0.8828579340902797,24.0,0.23989872826887157,0.0146484375,124,2,0.999507874015748,11.7734375
3701,71047,exposure_matched_local,1673097052,128,shuffled_clock,22,150954190455724745,3072,3611,128,0,1528,430,0.42315148158404875,0.8809194129050124,24.0,0.24873916529862325,0.014322916666666666,126,2,0.999753937007874,11.9375
3701,71047,exposure_matched_local,1673097052,128,shuffled_clock,23,14729683721184192744,3072,3611,128,0,1491,412,0.4129050124619219,0.8859041816671283,24.0,0.24630915071365975,0.0126953125,125,2,0.9993848425196851,11.6484375
3701,71047,exposure_matched_local,1673097052,128,shuffled_clock,24,14106418557912160948,3072,3611,128,0,1507,408,0.41733591802824704,0.8870119080587096,24.0,0.22146908685061714,0.01171875,125,2,0.999630905511811,11.7734375
3701,71047,exposure_matched_local,1673097052,128,shuffled_clock,25,10434332822244350694,3072,3611,128,0,1487,436,0.4117972860703406,0.8792578233176406,24.0,0.2414323690009271,0.013020833333333334,124,2,0.999507874015748,11.6171875
3701,71047,exposure_matched_local,1673097052,128,shuffled_clock,26,10345575281125641486,3072,3611,128,0,1499,430,0.41512046524508445,0.8809194129050124,24.0,0.278602232312519,0.013020833333333334,120,3,0.9982775590551181,11.7109375
3701,71047,exposure_matched_local,1673097052,128,shuffled_clock,27,11530121645467478953,3072,3611,128,0,1502,412,0.4159512600387704,0.8859041816671283,24.0,0.25727600914560567,0.013020833333333334,124,2,0.999507874015748,11.734375
3701,71047,exposure_matched_local,1673097052,128,shuffled_clock,28,17941057021278919368,3072,3611,128,0,1522,443,0.4214898919966768,0.8773193021323733,24.0,0.23662840251096365,0.013020833333333334,124,2,0.9993848425196851,11.890625
3701,71047,exposure_matched_local,1673097052,128,shuffled_clock,29,9181376703698038861,3072,3611,128,0,1518,417,0.42038216560509556,0.8845195236776516,24.0,0.2338389721942974,0.012044270833333334,126,2,0.999753937007874,11.859375
3701,71047,exposure_matched_local,1673097052,128,shuffled_clock,30,2316905732565625656,3072,3611,128,0,1528,417,0.42315148158404875,0.8845195236776516,24.0,0.22707678660889782,0.012044270833333334,127,2,0.999876968503937,11.9375
3701,71047,exposure_matched_local,1673097052,128,shuffled_clock,31,2843389259435900021,3072,3611,128,0,1497,421,0.4145666020492938,0.8834117972860703,24.0,0.2698789463246278,0.012044270833333334,121,2,0.9990157480314961,11.6953125
3701,71047,exposure_matched_local,1673097052,64,clock,-1,,3072,3611,64,0,631,742,0.17474383827194684,0.7945167543616727,48.0,0.5766697059283153,0.038736979166666664,64,1,1.0,9.859375
3701,71047,exposure_matched_local,1673097052,64,event_count,-1,,3072,3611,64,0,714,730,0.19772916089725837,0.7978399335364165,48.0,0.0,0.015625,64,1,1.0,11.15625
3701,71047,exposure_matched_local,1673097052,64,shuffled_clock,0,3552940952572145031,3072,3611,64,0,718,727,0.19883688728883966,0.7986707283301024,48.0,0.17689357246332038,0.022135416666666668,64,1,1.0,11.21875
3701,71047,exposure_matched_local,1673097052,64,shuffled_clock,1,5194357390352077920,3072,3611,64,0,720,713,0.19939075048463029,0.802547770700637,48.0,0.17856040530350414,0.022135416666666668,64,1,1.0,11.25
3701,71047,exposure_matched_local,1673097052,64,shuffled_clock,2,9548785488586116194,3072,3611,64,0,715,716,0.1980060924951537,0.801716975906951,48.0,0.16969796283121744,0.0205078125,64,1,1.0,11.171875
3701,71047,exposure_matched_local,1673097052,64,shuffled_clock,3,9331867032909780506,3072,3611,64,0,719,752,0.199113818886735,0.7917474383827194,48.0,0.20790299469421278,0.021484375,64,1,1.0,11.234375
3701,71047,exposure_matched_local,1673097052,64,shuffled_clock,4,11234155570426018665,3072,3611,64,0,710,727,0.1966214345056771,0.7986707283301024,48.0,0.1603893933388079,0.021484375,64,1,1.0,11.09375
3701,71047,exposure_matched_local,1673097052,64,shuffled_clock,5,4699102766956447768,3072,3611,64,0,700,730,0.1938521185267239,0.7978399335364165,48.0,0.1969439687011515,0.022135416666666668,64,1,1.0,10.9375
3701,71047,exposure_matched_local,1673097052,64,shuffled_clock,6,4834344335894258742,3072,3611,64,0,716,733,0.19828302409304902,0.7970091387427305,48.0,0.1663770632043186,0.022786458333333332,64,1,1.0,11.1875
3701,71047,exposure_matched_local,1673097052,64,shuffled_clock,7,2702152688209825301,3072,3611,64,0,710,742,0.1966214345056771,0.7945167543616727,48.0,0.16479604999889438,0.0224609375,64,1,1.0,11.09375
3701,71047,exposure_matched_local,1673097052,64,shuffled_clock,8,12494226634195244372,3072,3611,64,0,724,738,0.20049847687621158,0.795624480753254,48.0,0.19771205658538882,0.021484375,64,1,1.0,11.3125
3701,71047,exposure_matched_local,1673097052,64,shuffled_clock,9,7222398108171216940,3072,3611,64,0,710,730,0.1966214345056771,0.7978399335364165,48.0,0.18711379979593723,0.021809895833333332,64,1,1.0,11.09375
3701,71047,exposure_matched_local,1673097052,64,shuffled_clock,10,7169812539201899619,3072,3611,64,0,704,724,0.19495984491830518,0.7995015231237884,48.0,0.1526875635521507,0.021809895833333332,64,1,1.0,11.0
3701,71047,exposure_matched_local,1673097052,64,shuffled_clock,11,9875720206496950281,3072,3611,64,0,728,717,0.20160620326779286,0.8014400443090557,48.0,0.18433169722859552,0.021484375,64,1,1.0,11.375
3701,71047,exposure_matched_local,1673097052,64,shuffled_clock,12,2247499539584397998,3072,3611,64,0,710,747,0.1966214345056771,0.7931320963721961,48.0,0.1874448772588411,0.022135416666666668,64,1,1.0,11.09375
3701,71047,exposure_matched_local,1673097052,64,shuffled_clock,13,6467274516417334736,3072,3611,64,0,721,734,0.1996676820825256,0.7967322071448353,48.0,0.17536809360305042,0.021809895833333332,64,1,1.0,11.265625
3701,71047,exposure_matched_local,1673097052,64,shuffled_clock,14,11353820225804130103,3072,3611,64,0,716,723,0.19828302409304902,0.7997784547216837,48.0,0.2057043112538732,0.023111979166666668,64,1,1.0,11.1875
3701,71047,exposure_matched_local,1673097052,64,shuffled_clock,15,16615619050057194812,3072,3611,64,0,711,737,0.19689836610357242,0.7959014123511493,48.0,0.20171361340825555,0.0224609375,64,1,1.0,11.109375
3701,71047,exposure_matched_local,1673097052,64,shuffled_clock,16,12140985363399941363,3072,3611,64,0,715,756,0.1980060924951537,0.7906397119911381,48.0,0.1695354946629681,0.021809895833333332,64,1,1.0,11.171875
3701,71047,exposure_matched_local,1673097052,64,shuffled_clock,17,13309579001133699329,3072,3611,64,0,707,719,0.19579063971199115,0.800886181113265,48.0,0.18241563245227357,0.023111979166666668,64,1,1.0,11.046875
3701,71047,exposure_matched_local,1673097052,64,shuffled_clock,18,288485163750891407,3072,3611,64,0,718,732,0.19883688728883966,0.7972860703406258,48.0,0.19130112370149124,0.022786458333333332,64,1,1.0,11.21875
3701,71047,exposure_matched_local,1673097052,64,shuffled_clock,19,17962512444279747196,3072,3611,64,0,718,713,0.19883688728883966,0.802547770700637,48.0,0.14231876063832774,0.020182291666666668,64,1,1.0,11.21875
3701,71047,exposure_matched_local,1673097052,64,shuffled_clock,20,17686969665057375477,3072,3611,64,0,705,741,0.1952367765162005,0.794793685959568,48.0,0.19515177469740955,0.021484375,64,1,1.0,11.015625
3701,71047,exposure_matched_local,1673097052,64,shuffled_clock,21,4437642998804558189,3072,3611,64,0,705,727,0.1952367765162005,0.7986707283301024,48.0,0.19309337873177557,0.0234375,64,1,1.0,11.015625
3701,71047,exposure_matched_local,1673097052,64,shuffled_clock,22,11750762276019942664,3072,3611,64,0,723,726,0.20022154527831626,0.7989476599279978,48.0,0.1890186878959266,0.022135416666666668,64,1,1.0,11.296875
3701,71047,exposure_matched_local,1673097052,64,shuffled_clock,23,3512805622396596975,3072,3611,64,0,711,740,0.19689836610357242,0.7950706175574633,48.0,0.18059370781283413,0.0224609375,64,1,1.0,11.109375
3701,71047,exposure_matched_local,1673097052,64,shuffled_clock,24,18446433239399035669,3072,3611,64,0,712,738,0.19717529770146774,0.795624480753254,48.0,0.18444378705180228,0.022135416666666668,64,1,1.0,11.125
3701,71047,exposure_matched_local,1673097052,64,shuffled_clock,25,5501371533812469656,3072,3611,64,0,705,736,0.1952367765162005,0.7961783439490446,48.0,0.18165871784949683,0.021158854166666668,64,1,1.0,11.015625
3701,71047,exposure_matched_local,1673097052,64,shuffled_clock,26,183082286406850939,3072,3611,64,0,703,730,0.19468291332040985,0.7978399335364165,48.0,0.19774689878437027,0.021158854166666668,64,1,1.0,10.984375
3701,71047,exposure_matched_local,1673097052,64,shuffled_clock,27,8048983078170871698,3072,3611,64,0,714,717,0.19772916089725837,0.8014400443090557,48.0,0.18230229560849467,0.021809895833333332,64,1,1.0,11.15625
3701,71047,exposure_matched_local,1673097052,64,shuffled_clock,28,7531585687964729848,3072,3611,64,0,708,738,0.19606757130988645,0.795624480753254,48.0,0.1780968119501519,0.022786458333333332,64,1,1.0,11.0625
3701,71047,exposure_matched_local,1673097052,64,shuffled_clock,29,16441860262658889461,3072,3611,64,0,705,724,0.1952367765162005,0.7995015231237884,48.0,0.16496318599519733,0.020833333333333332,64,1,1.0,11.015625
3701,71047,exposure_matched_local,1673097052,64,shuffled_clock,30,17488186310499736651,3072,3611,64,0,709,724,0.19634450290778177,0.7995015231237884,48.0,0.20140599270554793,0.0224609375,64,1,1.0,11.078125
3701,71047,exposure_matched_local,1673097052,64,shuffled_clock,31,7399732070484209550,3072,3611,64,0,710,728,0.1966214345056771,0.7983937967322071,48.0,0.13608276348795434,0.0205078125,64,1,1.0,11.09375
3701,71047,exposure_matched_local,1673097052,32,clock,-1,,3072,3611,32,0,286,1300,0.07920243699806148,0.6399889227360842,96.0,0.5733472233563759,0.07291666666666667,32,1,1.0,8.9375
3701,71047,exposure_matched_local,1673097052,32,event_count,-1,,3072,3611,32,0,306,1216,0.08474106895596788,0.663251176959291,96.0,0.0,0.03125,32,1,1.0,9.5625
3701,71047,exposure_matched_local,1673097052,32,shuffled_clock,0,12380459426481948397,3072,3611,32,0,320,1211,0.08861811132650235,0.6646358349487677,96.0,0.12023279577224955,0.037760416666666664,32,1,1.0,10.0
3701,71047,exposure_matched_local,1673097052,32,shuffled_clock,1,7496746461783622024,3072,3611,32,0,294,1224,0.08141788978122404,0.6610357241761285,96.0,0.14250719185775432,0.040364583333333336,32,1,1.0,9.1875
3701,71047,exposure_matched_local,1673097052,32,shuffled_clock,2,13912385653035489420,3072,3611,32,0,307,1224,0.0850180005538632,0.6610357241761285,96.0,0.13363436280069194,0.039713541666666664,32,1,1.0,9.59375
3701,71047,exposure_matched_local,1673097052,32,shuffled_clock,3,7463383566246616740,3072,3611,32,0,313,1212,0.08667959014123512,0.6643589033508723,96.0,0.08846751322410588,0.036783854166666664,32,1,1.0,9.78125
3701,71047,exposure_matched_local,1673097052,32,shuffled_clock,4,15728071811404994749,3072,3611,32,0,303,1241,0.08391027416228192,0.656327887011908,96.0,0.12014542785776515,0.039713541666666664,32,1,1.0,9.46875
3701,71047,exposure_matched_local,1673097052,32,shuffled_clock,5,259737071179952808,3072,3611,32,0,302,1239,0.08363334256438659,0.6568817502076987,96.0,0.11611573064501557,0.0380859375,32,1,1.0,9.4375
3701,71047,exposure_matched_local,1673097052,32,shuffled_clock,6,11058776953300962511,3072,3611,32,0,309,1211,0.08557186374965384,0.6646358349487677,96.0,0.12469159984411375,0.040364583333333336,32,1,1.0,9.65625
3701,71047,exposure_matched_local,1673097052,32,shuffled_clock,7,17193368436738376188,3072,3611,32,0,309,1222,0.08557186374965384,0.6615895873719191,96.0,0.11873879875486826,0.039388020833333336,32,1,1.0,9.65625
3701,71047,exposure_matched_local,1673097052,32,shuffled_clock,8,2595777934925267152,3072,3611,32,0,321,1186,0.08889504292439768,0.6715591248961507,96.0,0.10420026339925019,0.03515625,32,1,1.0,10.03125
3701,71047,exposure_matched_local,1673097052,32,shuffled_clock,9,8408031117843990060,3072,3611,32,0,311,1183,0.08612572694544447,0.6723899196898366,96.0,0.13215944094744506,0.041015625,32,1,1.0,9.71875
3701,71047,exposure_matched_local,1673097052,32,shuffled_clock,10,17146313637522541019,3072,3611,32,0,308,1227,0.08529493215175851,0.6602049293824426,96.0,0.14946046186031345,0.039713541666666664,32,1,1.0,9.625
3701,71047,exposure_matched_local,1673097052,32,shuffled_clock,11,8519134391735510000,3072,3611,32,0,306,1215,0.08474106895596788,0.6635281085571864,96.0,0.1439004005165281,0.039713541666666664,32,1,1.0,9.5625
3701,71047,exposure_matched_local,1673097052,32,shuffled_clock,12,6606478519603051623,3072,3611,32,0,318,1209,0.08806424813071172,0.6651896981445583,96.0,0.10606469715262874,0.0380859375,32,1,1.0,9.9375
3701,71047,exposure_matched_local,1673097052,32,shuffled_clock,13,16850301651472177138,3072,3611,32,0,312,1219,0.0864026585433398,0.6624203821656051,96.0,0.11873879875486826,0.0390625,32,1,1.0,9.75
3701,71047,exposure_matched_local,1673097052,32,shuffled_clock,14,3224673795372939689,3072,3611,32,0,307,1233,0.0850180005538632,0.6585433397950706,96.0,0.15309310892394865,0.042317708333333336,32,1,1.0,9.59375
3701,71047,exposure_matched_local,1673097052,32,shuffled_clock,15,13185604261816966680,3072,3611,32,0,309,1200,0.08557186374965384,0.6676820825256162,96.0,0.1577104684092915,0.044270833333333336,32,1,1.0,9.65625
3701,71047,exposure_matched_local,1673097052,32,shuffled_clock,16,12512781651755285845,3072,3611,32,0,313,1199,0.08667959014123512,0.6679590141235114,96.0,0.14062811127581706,0.0419921875,32,1,1.0,9.78125
3701,71047,exposure_matched_local,1673097052,32,shuffled_clock,17,12513306022487021264,3072,3611,32,0,312,1205,0.0864026585433398,0.6662974245361396,96.0,0.10436808483735095,0.0380859375,32,1,1.0,9.75
3701,71047,exposure_matched_local,1673097052,32,shuffled_clock,18,15898826535795511693,3072,3611,32,0,310,1225,0.08584879534754916,0.6607587925782332,96.0,0.14005447288945858,0.041666666666666664,32,1,1.0,9.6875
3701,71047,exposure_matched_local,1673097052,32,shuffled_clock,19,10588813146919715893,3072,3611,32,0,311,1186,0.08612572694544447,0.6715591248961507,96.0,0.13712477312658686,0.039388020833333336,32,1,1.0,9.71875
3701,71047,exposure_matched_local,1673097052,32,shuffled_clock,20,17460683504000357423,3072,3611,32,0,306,1199,0.08474106895596788,0.6679590141235114,96.0,0.1189743918411794,0.038411458333333336,32,1,1.0,9.5625
3701,71047,exposure_matched_local,1673097052,32,shuffled_clock,21,6205347951826937722,3072,3611,32,0,311,1210,0.08612572694544447,0.664912766546663,96.0,0.13168185056045154,0.0400390625,32,1,1.0,9.71875
3701,71047,exposure_matched_local,1673097052,32,shuffled_clock,22,17914993053440736942,3072,3611,32,0,300,1226,0.08307947936859596,0.6604818609803379,96.0,0.10744179261015313,0.038736979166666664,32,1,1.0,9.375
3701,71047,exposure_matched_local,1673097052,32,shuffled_clock,23,4457285144328809078,3072,3611,32,0,308,1242,0.08529493215175851,0.6560509554140127,96.0,0.14547286479162017,0.0390625,32,1,1.0,9.625
3701,71047,exposure_matched_local,1673097052,32,shuffled_clock,24,11528263677593847786,3072,3611,32,0,314,1208,0.08695652173913043,0.6654666297424536,96.0,0.09987811792810382,0.0390625,32,1,1.0,9.8125
3701,71047,exposure_matched_local,1673097052,32,shuffled_clock,25,18129420156914731862,3072,3611,32,0,300,1256,0.08307947936859596,0.6521739130434783,96.0,0.14690943221046576,0.038736979166666664,32,1,1.0,9.375
3701,71047,exposure_matched_local,1673097052,32,shuffled_clock,26,5857164405805260436,3072,3611,32,0,313,1195,0.08667959014123512,0.6690667405150927,96.0,0.10867270045587696,0.039388020833333336,32,1,1.0,9.78125
3701,71047,exposure_matched_local,1673097052,32,shuffled_clock,27,1941979050769461246,3072,3611,32,0,304,1229,0.08418720576017724,0.6596510661866519,96.0,0.14561715928712882,0.040690104166666664,32,1,1.0,9.5
3701,71047,exposure_matched_local,1673097052,32,shuffled_clock,28,15856134709757620251,3072,3611,32,0,315,1202,0.08723345333702576,0.6671282193298256,96.0,0.09875031191820434,0.035807291666666664,32,1,1.0,9.84375
3701,71047,exposure_matched_local,1673097052,32,shuffled_clock,29,14326977491709035198,3072,3611,32,0,304,1213,0.08418720576017724,0.664081971752977,96.0,0.14941361639235182,0.0390625,32,1,1.0,9.5
3701,71047,exposure_matched_local,1673097052,32,shuffled_clock,30,15162625432080589235,3072,3611,32,0,304,1217,0.08418720576017724,0.6629742453613957,96.0,0.11891553732763917,0.038736979166666664,32,1,1.0,9.5
3701,71047,exposure_matched_local,1673097052,32,shuffled_clock,31,14173515172197754984,3072,3611,32,0,304,1216,0.08418720576017724,0.663251176959291,96.0,0.13882446982768948,0.037760416666666664,32,1,1.0,9.5
3701,71089,current_global,1573097094,128,clock,-1,,3072,3677,128,0,1345,420,0.365787326624966,0.8857764481914604,24.0,0.595532360708399,0.022135416666666668,124,2,0.9993848425196851,10.5078125
3701,71089,current_global,1573097094,128,event_count,-1,,3072,3677,128,0,1548,410,0.42099537666576015,0.8884960565678542,24.0,0.0,0.0078125,126,2,0.999753937007874,12.09375
3701,71089,current_global,1573097094,128,shuffled_clock,0,12543534194235129931,3072,3677,128,0,1519,439,0.41310851237421814,0.8806091922763122,24.0,0.2667712229407931,0.0126953125,126,2,0.999630905511811,11.8671875
3701,71089,current_global,1573097094,128,shuffled_clock,1,17642453287371041730,3072,3677,128,0,1515,452,0.4120206690236606,0.8770737013870002,24.0,0.26625829952274144,0.0126953125,123,2,0.999138779527559,11.8359375
3701,71089,current_global,1573097094,128,shuffled_clock,2,3304560544737732586,3072,3677,128,0,1532,406,0.41664400326353007,0.8895838999184118,24.0,0.269929594527443,0.013346354166666666,124,2,0.999507874015748,11.96875
3701,71089,current_global,1573097094,128,shuffled_clock,3,5010488233941155239,3072,3677,128,0,1505,436,0.4093010606472668,0.8814250747892304,24.0,0.2847175543223189,0.013997395833333334,126,2,0.999753937007874,11.7578125
3701,71089,current_global,1573097094,128,shuffled_clock,4,11269233635750942167,3072,3677,128,0,1521,415,0.41365243404949686,0.8871362523796573,24.0,0.22863664548917442,0.013020833333333334,127,2,0.999876968503937,11.8828125
3701,71089,current_global,1573097094,128,shuffled_clock,5,17296439606325595264,3072,3677,128,0,1516,427,0.4122926298613,0.8838727223279848,24.0,0.27043555484871845,0.013020833333333334,124,2,0.9993848425196851,11.84375
3701,71089,current_global,1573097094,128,shuffled_clock,6,115403933369155565,3072,3677,128,0,1489,406,0.4049496872450367,0.8895838999184118,24.0,0.28356289912518523,0.0146484375,124,2,0.9993848425196851,11.6328125
3701,71089,current_global,1573097094,128,shuffled_clock,7,3605946191732939505,3072,3677,128,0,1516,422,0.4122926298613,0.8852325265161817,24.0,0.25482011221408996,0.013671875,125,2,0.999630905511811,11.84375
3701,71089,current_global,1573097094,128,shuffled_clock,8,12472280509813975417,3072,3677,128,0,1529,409,0.41582812075061193,0.8887680174054936,24.0,0.2573291379038686,0.014322916666666666,126,2,0.999507874015748,11.9453125
3701,71089,current_global,1573097094,128,shuffled_clock,9,10855594085715304686,3072,3677,128,0,1541,420,0.41909165080228444,0.8857764481914604,24.0,0.23389742463170438,0.013671875,123,2,0.9990157480314961,12.0390625
3701,71089,current_global,1573097094,128,shuffled_clock,10,13457386074480157630,3072,3677,128,0,1503,425,0.408757138971988,0.8844166440032635,24.0,0.2965240448704822,0.013671875,127,2,0.999753937007874,11.7421875
3701,71089,current_global,1573097094,128,shuffled_clock,11,3414272926440818773,3072,3677,128,0,1529,408,0.41582812075061193,0.889039978243133,24.0,0.21904858699513888,0.013020833333333334,124,2,0.9993848425196851,11.9453125
3701,71089,current_global,1573097094,128,shuffled_clock,12,13557726943341278808,3072,3677,128,0,1516,391,0.4122926298613,0.8936633124830025,24.0,0.24256214760462666,0.013020833333333334,127,2,0.999876968503937,11.84375
3701,71089,current_global,1573097094,128,shuffled_clock,13,10466489235221186224,3072,3677,128,0,1522,410,0.4139243948871362,0.8884960565678542,24.0,0.2416587472681955,0.01171875,125,2,0.9993848425196851,11.890625
3701,71089,current_global,1573097094,128,shuffled_clock,14,10564877322716691362,3072,3677,128,0,1512,404,0.41120478651074244,0.8901278215936905,24.0,0.26284790302090044,0.013020833333333334,125,2,0.999507874015748,11.8125
3701,71089,current_global,1573097094,128,shuffled_clock,15,11793357607229140831,3072,3677,128,0,1509,385,0.4103889039978243,0.8952950775088387,24.0,0.258495207940948,0.014322916666666666,126,2,0.999753937007874,11.7890625
3701,71089,current_global,1573097094,128,shuffled_clock,16,12098770937057249459,3072,3677,128,0,1503,416,0.408757138971988,0.886864291542018,24.0,0.2492332950181051,0.0126953125,125,2,0.999630905511811,11.7421875
3701,71089,current_global,1573097094,128,shuffled_clock,17,8018550753047732883,3072,3677,128,0,1498,415,0.40739733478379114,0.8871362523796573,24.0,0.26492005099807453,0.0126953125,123,2,0.9993848425196851,11.703125
3701,71089,current_global,1573097094,128,shuffled_clock,18,2275012788622848394,3072,3677,128,0,1536,403,0.4177318466140876,0.8903997824313299,24.0,0.2396136435237561,0.0126953125,126,2,0.999753937007874,12.0
3701,71089,current_global,1573097094,128,shuffled_clock,19,15668439777635840580,3072,3677,128,0,1518,414,0.4128365515365787,0.8874082132172967,24.0,0.25626446996253566,0.013671875,126,2,0.999753937007874,11.859375
3701,71089,current_global,1573097094,128,shuffled_clock,20,4263858851180077645,3072,3677,128,0,1516,430,0.4122926298613,0.8830568398150667,24.0,0.2457535236791121,0.013020833333333334,123,2,0.999261811023622,11.84375
3701,71089,current_global,1573097094,128,shuffled_clock,21,7179458242366735312,3072,3677,128,0,1506,429,0.40957302148490615,0.883328800652706,24.0,0.2372054050806496,0.012044270833333334,124,2,0.999507874015748,11.765625
3701,71089,current_global,1573097094,128,shuffled_clock,22,13540838822922937776,3072,3677,128,0,1521,421,0.41365243404949686,0.885504487353821,24.0,0.23898526001761444,0.0126953125,127,2,0.999876968503937,11.8828125
3701,71089,current_global,1573097094,128,shuffled_clock,23,4081716744845183218,3072,3677,128,0,1515,416,0.4120206690236606,0.886864291542018,24.0,0.26336746846766995,0.013346354166666666,126,2,0.999753937007874,11.8359375
3701,71089,current_global,1573097094,128,shuffled_clock,24,2095526519869220881,3072,3677,128,0,1491,438,0.4054936089203155,0.8808811531139515,24.0,0.2652294768979742,0.0126953125,123,2,0.9990157480314961,11.6484375
3701,71089,current_global,1573097094,128,shuffled_clock,25,16559441861774844380,3072,3677,128,0,1518,414,0.4128365515365787,0.8874082132172967,24.0,0.26723201226921206,0.0126953125,127,2,0.999876968503937,11.859375
3701,71089,current_global,1573097094,128,shuffled_clock,26,6573361618824796461,3072,3677,128,0,1506,416,0.40957302148490615,0.886864291542018,24.0,0.2773728457114318,0.0126953125,124,2,0.999507874015748,11.765625
3701,71089,current_global,1573097094,128,shuffled_clock,27,11905849237244032405,3072,3677,128,0,1513,425,0.41147674734838185,0.8844166440032635,24.0,0.2652294768979742,0.012369791666666666,128,1,1.0,11.8203125
3701,71089,current_global,1573097094,128,shuffled_clock,28,18172459238461898738,3072,3677,128,0,1495,408,0.406581452270873,0.889039978243133,24.0,0.2671808526990545,0.013346354166666666,124,2,0.9993848425196851,11.6796875
3701,71089,current_global,1573097094,128,shuffled_clock,29,12556144230022379879,3072,3677,128,0,1526,417,0.4150122382376938,0.8865923307043786,24.0,0.26445523331690074,0.0126953125,128,1,1.0,11.921875
3701,71089,current_global,1573097094,128,shuffled_clock,30,1021555179189438861,3072,3677,128,0,1518,425,0.4128365515365787,0.8844166440032635,24.0,0.2593399657742112,0.013346354166666666,125,2,0.9993848425196851,11.859375
3701,71089,current_global,1573097094,128,shuffled_clock,31,4546038252024909389,3072,3677,128,0,1518,435,0.4128365515365787,0.8816970356268697,24.0,0.25997173276583424,0.013020833333333334,122,2,0.999138779527559,11.859375
3701,71089,current_global,1573097094,64,clock,-1,,3072,3677,64,0,635,795,0.17269513190100624,0.783791134076693,48.0,0.5764546242874923,0.039388020833333336,64,1,1.0,9.921875
3701,71089,current_global,1573097094,64,event_count,-1,,3072,3677,64,0,725,745,0.19717160728855046,0.797389175958662,48.0,0.0,0.015625,64,1,1.0,11.328125
3701,71089,current_global,1573097094,64,shuffled_clock,0,9471055108657675340,3072,3677,64,0,742,742,0.2017949415284199,0.7982050584715801,48.0,0.18298126367784998,0.023763020833333332,64,1,1.0,11.59375
3701,71089,current_global,1573097094,64,shuffled_clock,1,16092653690869534,3072,3677,64,0,741,764,0.20152298069078053,0.7922219200435138,48.0,0.18097478801674896,0.021809895833333332,64,1,1.0,11.578125
3701,71089,current_global,1573097094,64,shuffled_clock,2,17288377163020524065,3072,3677,64,0,727,766,0.1977155289638292,0.7916779983682349,48.0,0.18667144976865144,0.024088541666666668,64,1,1.0,11.359375
3701,71089,current_global,1573097094,64,shuffled_clock,3,3898061233474303840,3072,3677,64,0,729,757,0.19825945063910796,0.7941256459069894,48.0,0.18589480441066208,0.0224609375,64,1,1.0,11.390625
3701,71089,current_global,1573097094,64,shuffled_clock,4,3561654096279656789,3072,3677,64,0,746,742,0.20288278487897743,0.7982050584715801,48.0,0.16863912191171251,0.021484375,64,1,1.0,11.65625
3701,71089,current_global,1573097094,64,shuffled_clock,5,10450954365126964077,3072,3677,64,0,747,754,0.20315474571661682,0.7949415284199075,48.0,0.18399501804849683,0.023111979166666668,64,1,1.0,11.671875
3701,71089,current_global,1573097094,64,shuffled_clock,6,16698455034581589279,3072,3677,64,0,734,741,0.19961925482730486,0.7984770193092194,48.0,0.17902279815011157,0.023763020833333332,64,1,1.0,11.46875
3701,71089,current_global,1573097094,64,shuffled_clock,7,17086742926063513801,3072,3677,64,0,732,747,0.1990753331520261,0.7968452542833832,48.0,0.19816452733569623,0.022786458333333332,64,1,1.0,11.4375
3701,71089,current_global,1573097094,64,shuffled_clock,8,11174768601964325786,3072,3677,64,0,733,757,0.1993472939896655,0.7941256459069894,48.0,0.168884059037037,0.0244140625,64,1,1.0,11.453125
3701,71089,current_global,1573097094,64,shuffled_clock,9,17590027549071139360,3072,3677,64,0,735,768,0.19989121566494425,0.7911340766929562,48.0,0.1936989677914077,0.024088541666666668,64,1,1.0,11.484375
3701,71089,current_global,1573097094,64,shuffled_clock,10,15391897328522500901,3072,3677,64,0,731,747,0.19880337231438672,0.7968452542833832,48.0,0.18692961449704568,0.021158854166666668,64,1,1.0,11.421875
3701,71089,current_global,1573097094,64,shuffled_clock,11,1545506304468221420,3072,3677,64,0,738,778,0.2007070981778624,0.7884144683165624,48.0,0.1717960677340692,0.021158854166666668,64,1,1.0,11.53125
3701,71089,current_global,1573097094,64,shuffled_clock,12,15314140155656795668,3072,3677,64,0,735,758,0.19989121566494425,0.7938536850693501,48.0,0.15939839498726135,0.022135416666666668,64,1,1.0,11.484375
3701,71089,current_global,1573097094,64,shuffled_clock,13,17473244808255526150,3072,3677,64,0,725,733,0.19717160728855046,0.8006527060103346,48.0,0.14495673805756407,0.020833333333333332,64,1,1.0,11.328125
3701,71089,current_global,1573097094,64,shuffled_clock,14,3249416398377047778,3072,3677,64,0,725,741,0.19717160728855046,0.7984770193092194,48.0,0.18934643463874792,0.021158854166666668,64,1,1.0,11.328125
3701,71089,current_global,1573097094,64,shuffled_clock,15,5508934257472103893,3072,3677,64,0,724,740,0.19689964645091107,0.7987489801468588,48.0,0.19659384581324058,0.023111979166666668,64,1,1.0,11.3125
3701,71089,current_global,1573097094,64,shuffled_clock,16,7317645967342786162,3072,3677,64,0,729,765,0.19825945063910796,0.7919499592058743,48.0,0.18722422400135633,0.023763020833333332,64,1,1.0,11.390625
3701,71089,current_global,1573097094,64,shuffled_clock,17,17012582136174891688,3072,3677,64,0,738,768,0.2007070981778624,0.7911340766929562,48.0,0.18887284012120362,0.022786458333333332,64,1,1.0,11.53125
3701,71089,current_global,1573097094,64,shuffled_clock,18,5910239342346855800,3072,3677,64,0,731,756,0.19880337231438672,0.7943976067446288,48.0,0.16319972129260013,0.0224609375,64,1,1.0,11.421875
3701,71089,current_global,1573097094,64,shuffled_clock,19,15132912923733624650,3072,3677,64,0,738,745,0.2007070981778624,0.797389175958662,48.0,0.16933219024319424,0.021158854166666668,64,1,1.0,11.53125
3701,71089,current_global,1573097094,64,shuffled_clock,20,5308201818436688976,3072,3677,64,0,733,750,0.1993472939896655,0.7960293717704651,48.0,0.1862280490242709,0.022786458333333332,64,1,1.0,11.453125
3701,71089,current_global,1573097094,64,shuffled_clock,21,11065349374777712182,3072,3677,64,0,738,770,0.2007070981778624,0.7905901550176775,48.0,0.17813549081084248,0.0234375,64,1,1.0,11.53125
3701,71089,current_global,1573097094,64,shuffled_clock,22,2026418012845694333,3072,3677,64,0,731,756,0.19880337231438672,0.7943976067446288,48.0,0.1910488662938603,0.023763020833333332,64,1,1.0,11.421875
3701,71089,current_global,1573097094,64,shuffled_clock,23,538406279731396113,3072,3677,64,0,728,764,0.19798748980146857,0.7922219200435138,48.0,0.1801735886467697,0.0234375,64,1,1.0,11.375
3701,71089,current_global,1573097094,64,shuffled_clock,24,7356671879152190949,3072,3677,64,0,721,743,0.19608376393799293,0.7979330976339407,48.0,0.19899715506727156,0.023763020833333332,64,1,1.0,11.265625
3701,71089,current_global,1573097094,64,shuffled_clock,25,8561895767526880889,3072,3677,64,0,733,762,0.1993472939896655,0.7927658417187925,48.0,0.19412530499345185,0.023763020833333332,64,1,1.0,11.453125
3701,71089,current_global,1573097094,64,shuffled_clock,26,3629406609857557652,3072,3677,64,0,731,758,0.19880337231438672,0.7938536850693501,48.0,0.19273626102509353,0.024739583333333332,64,1,1.0,11.421875
3701,71089,current_global,1573097094,64,shuffled_clock,27,10440622177631531398,3072,3677,64,0,724,763,0.19689964645091107,0.7924938808811531,48.0,0.19352105008343878,0.024088541666666668,64,1,1.0,11.3125
3701,71089,current_global,1573097094,64,shuffled_clock,28,13613636660105581244,3072,3677,64,0,739,738,0.20097905901550175,0.7992929018221376,48.0,0.1905795024057241,0.022786458333333332,64,1,1.0,11.546875
3701,71089,current_global,1573097094,64,shuffled_clock,29,7419078252305316448,3072,3677,64,0,729,750,0.19825945063910796,0.7960293717704651,48.0,0.17458062624967408,0.022135416666666668,64,1,1.0,11.390625
3701,71089,current_global,1573097094,64,shuffled_clock,30,10141049546367927745,3072,3677,64,0,727,755,0.1977155289638292,0.7946695675822681,48.0,0.19039866974102904,0.021809895833333332,64,1,1.0,11.359375
3701,71089,current_global,1573097094,64,shuffled_clock,31,10632686031828585046,3072,3677,64,0,751,758,0.20424258906717432,0.7938536850693501,48.0,0.17371028913183165,0.022786458333333332,64,1,1.0,11.734375
3701,71089,current_global,1573097094,32,clock,-1,,3072,3677,32,0,281,1346,0.07642099537666576,0.6339407125373946,96.0,0.573444893341047,0.07845052083333333,32,1,1.0,8.78125
3701,71089,current_global,1573097094,32,event_count,-1,,3072,3677,32,0,309,1235,0.0840358988305684,0.6641283655153658,96.0,0.0,0.03125,32,1,1.0,9.65625
3701,71089,current_global,1573097094,32,shuffled_clock,0,11131633385230752773,3072,3677,32,0,311,1280,0.08457982050584716,0.6518901278215937,96.0,0.13263531164835912,0.038411458333333336,32,1,1.0,9.71875
3701,71089,current_global,1573097094,32,shuffled_clock,1,3449064338682285689,3072,3677,32,0,304,1256,0.0826760946423715,0.6584171879249389,96.0,0.13178813132881043,0.042317708333333336,32,1,1.0,9.5
3701,71089,current_global,1573097094,32,shuffled_clock,2,2956140841834086823,3072,3677,32,0,310,1258,0.08430785966820778,0.65787326624966,96.0,0.09970273918361945,0.037109375,32,1,1.0,9.6875
3701,71089,current_global,1573097094,32,shuffled_clock,3,16851844136575026180,3072,3677,32,0,313,1270,0.08512374218112592,0.6546097361979875,96.0,0.1425563068658842,0.041015625,32,1,1.0,9.78125
3701,71089,current_global,1573097094,32,shuffled_clock,4,13139364068069808187,3072,3677,32,0,316,1265,0.08593962469404406,0.6559695403861844,96.0,0.14040392319570533,0.037760416666666664,32,1,1.0,9.875
3701,71089,current_global,1573097094,32,shuffled_clock,5,9316330513242043884,3072,3677,32,0,314,1250,0.0853957030187653,0.660048952950775,96.0,0.12449494742953977,0.038736979166666664,32,1,1.0,9.8125
3701,71089,current_global,1573097094,32,shuffled_clock,6,5841798686612172999,3072,3677,32,0,311,1238,0.08457982050584716,0.6633124830024476,96.0,0.12156457456237185,0.039713541666666664,32,1,1.0,9.71875
3701,71089,current_global,1573097094,32,shuffled_clock,7,4170516750082586994,3072,3677,32,0,314,1263,0.0853957030187653,0.6565134620614631,96.0,0.09656395173248426,0.037434895833333336,32,1,1.0,9.8125
3701,71089,current_global,1573097094,32,shuffled_clock,8,8944187627539205237,3072,3677,32,0,318,1237,0.08648354636932282,0.6635844438400871,96.0,0.15608189882169216,0.045247395833333336,32,1,1.0,9.9375
3701,71089,current_global,1573097094,32,shuffled_clock,9,5898139616702027756,3072,3677,32,0,311,1254,0.08457982050584716,0.6589611096002176,96.0,0.14695707593872023,0.042643229166666664,32,1,1.0,9.71875
3701,71089,current_global,1573097094,32,shuffled_clock,10,8063904469136210007,3072,3677,32,0,313,1251,0.08512374218112592,0.6597769921131357,96.0,0.10688653415091959,0.039713541666666664,32,1,1.0,9.78125
3701,71089,current_global,1573097094,32,shuffled_clock,11,5029640203255685394,3072,3677,32,0,313,1241,0.08512374218112592,0.6624966004895295,96.0,0.1406529990047573,0.0419921875,32,1,1.0,9.78125
3701,71089,current_global,1573097094,32,shuffled_clock,12,8954486088219840407,3072,3677,32,0,317,1235,0.08621158553168344,0.6641283655153658,96.0,0.11725561789660832,0.0390625,32,1,1.0,9.90625
3701,71089,current_global,1573097094,32,shuffled_clock,13,1140528267236743546,3072,3677,32,0,311,1257,0.08457982050584716,0.6581452270872994,96.0,0.16384968169015207,0.039713541666666664,32,1,1.0,9.71875
3701,71089,current_global,1573097094,32,shuffled_clock,14,10082409458273724320,3072,3677,32,0,314,1265,0.0853957030187653,0.6559695403861844,96.0,0.14667098142480228,0.040364583333333336,32,1,1.0,9.8125
3701,71089,current_global,1573097094,32,shuffled_clock,15,9804194150822169073,3072,3677,32,0,324,1252,0.0881153113951591,0.6595050312754963,96.0,0.13122919702009014,0.0400390625,32,1,1.0,10.125
3701,71089,current_global,1573097094,32,shuffled_clock,16,984060290094385138,3072,3677,32,0,316,1231,0.08593962469404406,0.6652162088659233,96.0,0.13509318269532586,0.040364583333333336,32,1,1.0,9.875
3701,71089,current_global,1573097094,32,shuffled_clock,17,41797156185792770,3072,3677,32,0,310,1265,0.08430785966820778,0.6559695403861844,96.0,0.12502799865641565,0.040364583333333336,32,1,1.0,9.6875
3701,71089,current_global,1573097094,32,shuffled_clock,18,1235044672256739016,3072,3677,32,0,307,1234,0.08349197715528964,0.6644003263530052,96.0,0.13064108195321567,0.041341145833333336,32,1,1.0,9.59375
3701,71089,current_global,1573097094,32,shuffled_clock,19,10012049390712327955,3072,3677,32,0,311,1249,0.08457982050584716,0.6603209137884145,96.0,0.1382180258513733,0.0400390625,32,1,1.0,9.71875
3701,71089,current_global,1573097094,32,shuffled_clock,20,4745451171925062040,3072,3677,32,0,317,1254,0.08621158553168344,0.6589611096002176,96.0,0.1297539113435914,0.038736979166666664,32,1,1.0,9.90625
3701,71089,current_global,1573097094,32,shuffled_clock,21,392405056124565492,3072,3677,32,0,309,1285,0.0840358988305684,0.6505303236333968,96.0,0.15795441359516849,0.0390625,32,1,1.0,9.65625
3701,71089,current_global,1573097094,32,shuffled_clock,22,12206027937225099233,3072,3677,32,0,315,1260,0.08566766385640467,0.6573293445743813,96.0,0.1360227339079205,0.041666666666666664,32,1,1.0,9.84375
3701,71089,current_global,1573097094,32,shuffled_clock,23,11732870806998610537,3072,3677,32,0,315,1261,0.08566766385640467,0.6570573837367419,96.0,0.13586825034426883,0.037434895833333336,32,1,1.0,9.84375
3701,71089,current_global,1573097094,32,shuffled_clock,24,9181061767880286538,3072,3677,32,0,307,1248,0.08349197715528964,0.6605928746260539,96.0,0.12347864514340774,0.0400390625,32,1,1.0,9.59375
3701,71089,current_global,1573097094,32,shuffled_clock,25,8471368788371060263,3072,3677,32,0,314,1269,0.0853957030187653,0.6548816970356268,96.0,0.14102578788811063,0.043619791666666664,32,1,1.0,9.8125
3701,71089,current_global,1573097094,32,shuffled_clock,26,17202283409010898509,3072,3677,32,0,308,1271,0.08376393799292901,0.6543377753603481,96.0,0.13997947718240009,0.040690104166666664,32,1,1.0,9.625
3701,71089,current_global,1573097094,32,shuffled_clock,27,4415960174644223261,3072,3677,32,0,317,1267,0.08621158553168344,0.6554256187109057,96.0,0.12815245247465543,0.041666666666666664,32,1,1.0,9.90625
3701,71089,current_global,1573097094,32,shuffled_clock,28,8451911923502617597,3072,3677,32,0,313,1257,0.08512374218112592,0.6581452270872994,96.0,0.11030312177737821,0.037760416666666664,32,1,1.0,9.78125
3701,71089,current_global,1573097094,32,shuffled_clock,29,8349851376963230896,3072,3677,32,0,309,1240,0.0840358988305684,0.6627685613271689,96.0,0.13753258004369984,0.039713541666666664,32,1,1.0,9.65625
3701,71089,current_global,1573097094,32,shuffled_clock,30,18106703064238308016,3072,3677,32,0,322,1259,0.08757138971988034,0.6576013054120207,96.0,0.11228449091322264,0.0390625,32,1,1.0,10.0625
3701,71089,current_global,1573097094,32,shuffled_clock,31,16986871900683968731,3072,3677,32,0,313,1251,0.08512374218112592,0.6597769921131357,96.0,0.13712477312658686,0.04296875,32,1,1.0,9.78125
3701,71089,exposure_matched_local,1673097094,128,clock,-1,,3072,3487,128,0,1188,443,0.34069400630914826,0.8729566963005448,24.0,0.6218534090058633,0.0205078125,124,2,0.999261811023622,9.28125
3701,71089,exposure_matched_local,1673097094,128,event_count,-1,,3072,3487,128,0,1423,399,0.4080871809578434,0.8855749928305133,24.0,0.0,0.0078125,127,2,0.999876968503937,11.1171875
3701,71089,exposure_matched_local,1673097094,128,shuffled_clock,0,17798599482449638343,3072,3487,128,0,1397,430,0.40063091482649843,0.8766848293662174,24.0,0.28322523798749094,0.014973958333333334,126,2,0.999630905511811,10.9140625
3701,71089,exposure_matched_local,1673097094,128,shuffled_clock,1,15404826197201571390,3072,3487,128,0,1391,425,0.39891023802695724,0.8781187266991684,24.0,0.26553854223129963,0.013020833333333334,126,2,0.999753937007874,10.8671875
3701,71089,exposure_matched_local,1673097094,128,shuffled_clock,2,4357438122135900589,3072,3487,128,0,1365,431,0.39145397189561226,0.8763980498996272,24.0,0.24267483618102137,0.0126953125,123,2,0.9993848425196851,10.6640625
3701,71089,exposure_matched_local,1673097094,128,shuffled_clock,3,5069516524240181320,3072,3487,128,0,1388,427,0.3980498996271867,0.877545167765988,24.0,0.2768301860003978,0.012369791666666666,125,2,0.999261811023622,10.84375
3701,71089,exposure_matched_local,1673097094,128,shuffled_clock,4,6102259032631108468,3072,3487,128,0,1403,425,0.40235159162603956,0.8781187266991684,24.0,0.23789596085048684,0.013346354166666666,123,2,0.999261811023622,10.9609375
3701,71089,exposure_matched_local,1673097094,128,shuffled_clock,5,13329308090259255623,3072,3487,128,0,1386,425,0.39747634069400634,0.8781187266991684,24.0,0.27053663336275013,0.0126953125,126,2,0.999753937007874,10.828125
3701,71089,exposure_matched_local,1673097094,128,shuffled_clock,6,16601188096975762359,3072,3487,128,0,1384,429,0.39690278176082594,0.8769716088328076,24.0,0.2799239054205567,0.013020833333333334,125,2,0.999630905511811,10.8125
3701,71089,exposure_matched_local,1673097094,128,shuffled_clock,7,9671976638125026977,3072,3487,128,0,1405,426,0.40292515055921996,0.8778319472325782,24.0,0.26243151004179577,0.0126953125,124,2,0.999507874015748,10.9765625
3701,71089,exposure_matched_local,1673097094,128,shuffled_clock,8,9171064802546343080,3072,3487,128,0,1370,410,0.3928878692285632,0.8824204186980212,24.0,0.25471279693781484,0.013020833333333334,126,2,0.999507874015748,10.703125
3701,71089,exposure_matched_local,1673097094,128,shuffled_clock,9,14790831543398702206,3072,3487,128,0,1373,424,0.3937482076283338,0.8784055061657585,24.0,0.25955072563489934,0.0126953125,125,2,0.999507874015748,10.7265625
3701,71089,exposure_matched_local,1673097094,128,shuffled_clock,10,12079428312391442528,3072,3487,128,0,1399,414,0.4012044737596788,0.8812733008316604,24.0,0.261701228136971,0.013020833333333334,124,2,0.9993848425196851,10.9296875
3701,71089,exposure_matched_local,1673097094,128,shuffled_clock,11,13178376822090042866,3072,3487,128,0,1380,419,0.39575566389446515,0.8798394034987095,24.0,0.2338389721942974,0.013346354166666666,123,2,0.9990157480314961,10.78125
3701,71089,exposure_matched_local,1673097094,128,shuffled_clock,12,7739274147530329091,3072,3487,128,0,1375,416,0.3943217665615142,0.8806997418984801,24.0,0.26393780915987003,0.0126953125,124,2,0.999507874015748,10.7421875
3701,71089,exposure_matched_local,1673097094,128,shuffled_clock,13,6824842917094412643,3072,3487,128,0,1399,435,0.4012044737596788,0.8752509320332664,24.0,0.28341823646848247,0.015625,126,2,0.999630905511811,10.9296875
3701,71089,exposure_matched_local,1673097094,128,shuffled_clock,14,14656675285814301680,3072,3487,128,0,1379,426,0.395468884427875,0.8778319472325782,24.0,0.3021413081303848,0.013346354166666666,125,2,0.999630905511811,10.7734375
3701,71089,exposure_matched_local,1673097094,128,shuffled_clock,15,16805506724642177892,3072,3487,128,0,1426,429,0.408947519357614,0.8769716088328076,24.0,0.268914818023442,0.013346354166666666,126,2,0.999630905511811,11.140625
3701,71089,exposure_matched_local,1673097094,128,shuffled_clock,16,6223078007162040145,3072,3487,128,0,1384,425,0.39690278176082594,0.8781187266991684,24.0,0.2406951692066961,0.013020833333333334,122,2,0.999261811023622,10.8125
3701,71089,exposure_matched_local,1673097094,128,shuffled_clock,17,13468934777663207280,3072,3487,128,0,1386,443,0.39747634069400634,0.8729566963005448,24.0,0.2892428345228878,0.013671875,124,2,0.999507874015748,10.828125
3701,71089,exposure_matched_local,1673097094,128,shuffled_clock,18,17207363233328944902,3072,3487,128,0,1397,437,0.40063091482649843,0.8746773731000861,24.0,0.2788964787233239,0.0126953125,125,2,0.999507874015748,10.9140625
3701,71089,exposure_matched_local,1673097094,128,shuffled_clock,19,3980705034342154808,3072,3487,128,0,1390,407,0.39862345856036707,0.8832807570977917,24.0,0.2683550552822474,0.013346354166666666,125,2,0.999261811023622,10.859375
3701,71089,exposure_matched_local,1673097094,128,shuffled_clock,20,10820732620047558374,3072,3487,128,0,1401,429,0.40177803269285917,0.8769716088328076,24.0,0.2608641169058402,0.013346354166666666,126,2,0.9993848425196851,10.9453125
3701,71089,exposure_matched_local,1673097094,128,shuffled_clock,21,9214570704283621561,3072,3487,128,0,1396,429,0.4003441353599082,0.8769716088328076,24.0,0.26641228023895075,0.013346354166666666,128,1,1.0,10.90625
3701,71089,exposure_matched_local,1673097094,128,shuffled_clock,22,11382468220882003059,3072,3487,128,0,1368,414,0.39231431029538283,0.8812733008316604,24.0,0.28486155714075906,0.014322916666666666,124,2,0.999261811023622,10.6875
3701,71089,exposure_matched_local,1673097094,128,shuffled_clock,23,1660200137645133596,3072,3487,128,0,1392,432,0.39919701749354747,0.876111270433037,24.0,0.2453081159298085,0.013020833333333334,125,2,0.999630905511811,10.875
3701,71089,exposure_matched_local,1673097094,128,shuffled_clock,24,13022531597834955754,3072,3487,128,0,1399,435,0.4012044737596788,0.8752509320332664,24.0,0.28677468513625054,0.013346354166666666,120,2,0.9988927165354331,10.9296875
3701,71089,exposure_matched_local,1673097094,128,shuffled_clock,25,11108795077247741952,3072,3487,128,0,1390,421,0.39862345856036707,0.8792658445655291,24.0,0.2666174495263785,0.013346354166666666,121,2,0.999138779527559,10.859375
3701,71089,exposure_matched_local,1673097094,128,shuffled_clock,26,8465324273585595976,3072,3487,128,0,1383,412,0.3966160022942357,0.8818468597648408,24.0,0.26398959721278875,0.0126953125,128,1,1.0,10.8046875
3701,71089,exposure_matched_local,1673097094,128,shuffled_clock,27,8060670627827197981,3072,3487,128,0,1384,406,0.39690278176082594,0.883567536564382,24.0,0.2807528779508596,0.013671875,125,2,0.999630905511811,10.8125
3701,71089,exposure_matched_local,1673097094,128,shuffled_clock,28,2971001405853092737,3072,3487,128,0,1378,424,0.39518210496128475,0.8784055061657585,24.0,0.26175345869893946,0.013346354166666666,127,2,0.999876968503937,10.765625
3701,71089,exposure_matched_local,1673097094,128,shuffled_clock,29,9453872540137029888,3072,3487,128,0,1382,418,0.39632922282764554,0.8801261829652997,24.0,0.29239223587084234,0.013997395833333334,126,2,0.999753937007874,10.796875
3701,71089,exposure_matched_local,1673097094,128,shuffled_clock,30,10457610937684351780,3072,3487,128,0,1362,412,0.3905936334958417,0.8818468597648408,24.0,0.2705871584604664,0.013671875,124,3,0.999138779527559,10.640625
3701,71089,exposure_matched_local,1673097094,128,shuffled_clock,31,15633778513987181055,3072,3487,128,0,1401,440,0.40177803269285917,0.8738170347003155,24.0,0.25298956161315106,0.013997395833333334,122,2,0.999261811023622,10.9453125
3701,71089,exposure_matched_local,1673097094,64,clock,-1,,3072,3487,64,0,541,783,0.15514769142529394,0.7754516776598795,48.0,0.6080030088166988,0.040364583333333336,64,1,1.0,8.453125
3701,71089,exposure_matched_local,1673097094,64,event_count,-1,,3072,3487,64,0,647,737,0.1855463148838543,0.7886435331230284,48.0,0.0,0.015625,64,1,1.0,10.109375
3701,71089,exposure_matched_local,1673097094,64,shuffled_clock,0,682285243856343278,3072,3487,64,0,643,745,0.18439919701749355,0.7863492973903069,48.0,0.19050718993778007,0.022135416666666668,64,1,1.0,10.046875
3701,71089,exposure_matched_local,1673097094,64,shuffled_clock,1,16016607066906319797,3072,3487,64,0,633,760,0.18153140235159163,0.782047605391454,48.0,0.183732729935041,0.023111979166666668,64,1,1.0,9.890625
3701,71089,exposure_matched_local,1673097094,64,shuffled_clock,2,15684983183943287398,3072,3487,64,0,651,750,0.18669343275021508,0.7849154000573559,48.0,0.18143102770213024,0.022135416666666668,64,1,1.0,10.171875
3701,71089,exposure_matched_local,1673097094,64,shuffled_clock,3,5943131248600971760,3072,3487,64,0,632,753,0.18124462288500143,0.7840550616575853,48.0,0.19774689878437027,0.0234375,64,1,1.0,9.875
3701,71089,exposure_matched_local,1673097094,64,shuffled_clock,4,5403466199881952117,3072,3487,64,0,654,757,0.18755377114998567,0.7829079437912245,48.0,0.21073352825180255,0.023111979166666668,64,1,1.0,10.21875
3701,71089,exposure_matched_local,1673097094,64,shuffled_clock,5,7986274337321875534,3072,3487,64,0,637,719,0.1826785202179524,0.7938055635216519,48.0,0.19021766516570818,0.023111979166666668,64,1,1.0,9.953125
3701,71089,exposure_matched_local,1673097094,64,shuffled_clock,6,13148290344928759846,3072,3487,64,0,625,749,0.1792371666188701,0.7852021795239461,48.0,0.20361725558627583,0.0224609375,64,1,1.0,9.765625
3701,71089,exposure_matched_local,1673097094,64,shuffled_clock,7,9188642152452965556,3072,3487,64,0,646,741,0.18525953541726412,0.7874964152566676,48.0,0.18773867818720244,0.022135416666666668,64,1,1.0,10.09375
3701,71089,exposure_matched_local,1673097094,64,shuffled_clock,8,4510879993938956316,3072,3487,64,0,629,734,0.18038428448523086,0.789503871522799,48.0,0.19561016778916276,0.021484375,64,1,1.0,9.828125
3701,71089,exposure_matched_local,1673097094,64,shuffled_clock,9,8847972387201597482,3072,3487,64,0,639,747,0.18325207915113279,0.7857757384571264,48.0,0.168884059037037,0.021809895833333332,64,1,1.0,9.984375
3701,71089,exposure_matched_local,1673097094,64,shuffled_clock,10,10216820464616476272,3072,3487,64,0,620,758,0.17780326928591914,0.7826211643246344,48.0,0.2116469286301813,0.0224609375,64,1,1.0,9.6875
3701,71089,exposure_matched_local,1673097094,64,shuffled_clock,11,921682464528182867,3072,3487,64,0,644,757,0.18468597648408375,0.7829079437912245,48.0,0.22481130633664784,0.023763020833333332,64,1,1.0,10.0625
3701,71089,exposure_matched_local,1673097094,64,shuffled_clock,12,4291203811854098362,3072,3487,64,0,634,757,0.18181818181818182,0.7829079437912245,48.0,0.19518707392437773,0.022135416666666668,64,1,1.0,9.90625
3701,71089,exposure_matched_local,1673097094,64,shuffled_clock,13,516954573065974914,3072,3487,64,0,632,745,0.18124462288500143,0.7863492973903069,48.0,0.2092572107405467,0.023111979166666668,64,1,1.0,9.875
3701,71089,exposure_matched_local,1673097094,64,shuffled_clock,14,8644319988527136600,3072,3487,64,0,646,735,0.18525953541726412,0.7892170920562088,48.0,0.18806865561274663,0.021809895833333332,64,1,1.0,10.09375
3701,71089,exposure_matched_local,1673097094,64,shuffled_clock,15,12823598042999420904,3072,3487,64,0,634,736,0.18181818181818182,0.7889303125896185,48.0,0.1990663835108573,0.0234375,64,1,1.0,9.90625
3701,71089,exposure_matched_local,1673097094,64,shuffled_clock,16,6327308071229056801,3072,3487,64,0,633,743,0.18153140235159163,0.7869228563234872,48.0,0.1573976809942361,0.020833333333333332,64,1,1.0,9.890625
3701,71089,exposure_matched_local,1673097094,64,shuffled_clock,17,16559848940697446063,3072,3487,64,0,641,773,0.18382563808431315,0.7783194723257815,48.0,0.19778173484537942,0.022786458333333332,64,1,1.0,10.015625
3701,71089,exposure_matched_local,1673097094,64,shuffled_clock,18,7936172357579465529,3072,3487,64,0,646,737,0.18525953541726412,0.7886435331230284,48.0,0.1510088794006774,0.021484375,64,1,1.0,10.09375
3701,71089,exposure_matched_local,1673097094,64,shuffled_clock,19,5252068905257850780,3072,3487,64,0,633,728,0.18153140235159163,0.7912245483223401,48.0,0.1537666410317267,0.0205078125,64,1,1.0,9.890625
3701,71089,exposure_matched_local,1673097094,64,shuffled_clock,20,15550130162437598168,3072,3487,64,0,636,748,0.1823917407513622,0.7854889589905363,48.0,0.16303077743645336,0.0205078125,64,1,1.0,9.9375
3701,71089,exposure_matched_local,1673097094,64,shuffled_clock,21,2431833188339518285,3072,3487,64,0,644,729,0.18468597648408375,0.79093776885575,48.0,0.1787146691813508,0.023111979166666668,64,1,1.0,10.0625
3701,71089,exposure_matched_local,1673097094,64,shuffled_clock,22,14549985359090687895,3072,3487,64,0,629,762,0.18038428448523086,0.7814740464582736,48.0,0.20341414605384459,0.022786458333333332,64,1,1.0,9.828125
3701,71089,exposure_matched_local,1673097094,64,shuffled_clock,23,1087326613232061625,3072,3487,64,0,643,752,0.18439919701749355,0.7843418411241755,48.0,0.20344801172394586,0.0244140625,64,1,1.0,10.046875
3701,71089,exposure_matched_local,1673097094,64,shuffled_clock,24,426113513602344347,3072,3487,64,0,633,741,0.18153140235159163,0.7874964152566676,48.0,0.19778173484537942,0.023763020833333332,64,1,1.0,9.890625
3701,71089,exposure_matched_local,1673097094,64,shuffled_clock,25,188723335613362797,3072,3487,64,0,626,730,0.17952394608546027,0.7906509893891598,48.0,0.1928077374825942,0.025065104166666668,64,1,1.0,9.78125
3701,71089,exposure_matched_local,1673097094,64,shuffled_clock,26,5852083916095135338,3072,3487,64,0,628,733,0.18009750501864066,0.7897906509893892,48.0,0.2069064895416818,0.023763020833333332,64,1,1.0,9.8125
3701,71089,exposure_matched_local,1673097094,64,shuffled_clock,27,8640893397846790786,3072,3487,64,0,643,745,0.18439919701749355,0.7863492973903069,48.0,0.20737212119528023,0.024088541666666668,64,1,1.0,10.046875
3701,71089,exposure_matched_local,1673097094,64,shuffled_clock,28,1132165859862731079,3072,3487,64,0,626,741,0.17952394608546027,0.7874964152566676,48.0,0.1847423607592653,0.022786458333333332,64,1,1.0,9.78125
3701,71089,exposure_matched_local,1673097094,64,shuffled_clock,29,6451137152528921660,3072,3487,64,0,637,729,0.1826785202179524,0.79093776885575,48.0,0.18967361505205085,0.027994791666666668,64,1,1.0,9.953125
3701,71089,exposure_matched_local,1673097094,64,shuffled_clock,30,7007697764264799214,3072,3487,64,0,646,743,0.18525953541726412,0.7869228563234872,48.0,0.19885862587883826,0.023111979166666668,64,1,1.0,10.09375
3701,71089,exposure_matched_local,1673097094,64,shuffled_clock,31,7217335128653975632,3072,3487,64,0,654,762,0.18755377114998567,0.7814740464582736,48.0,0.18059370781283413,0.023763020833333332,64,1,1.0,10.21875
3701,71089,exposure_matched_local,1673097094,32,clock,-1,,3072,3487,32,0,225,1325,0.06452537998279323,0.6200172067679954,96.0,0.6060004151287363,0.0751953125,32,1,1.0,7.03125
3701,71089,exposure_matched_local,1673097094,32,event_count,-1,,3072,3487,32,0,264,1208,0.07570977917981073,0.6535704043590479,96.0,0.0,0.03125,32,1,1.0,8.25
3701,71089,exposure_matched_local,1673097094,32,shuffled_clock,0,14438454103493755049,3072,3487,32,0,269,1222,0.07714367651276169,0.6495554918267852,96.0,0.13643383490998018,0.038411458333333336,32,1,1.0,8.40625
3701,71089,exposure_matched_local,1673097094,32,shuffled_clock,1,6653474249767882921,3072,3487,32,0,255,1228,0.073128763980499,0.647834815027244,96.0,0.15742168218357144,0.041015625,32,1,1.0,7.96875
3701,71089,exposure_matched_local,1673097094,32,shuffled_clock,2,3134669875348258087,3072,3487,32,0,269,1221,0.07714367651276169,0.6498422712933754,96.0,0.118029197985333,0.037434895833333336,32,1,1.0,8.40625
3701,71089,exposure_matched_local,1673097094,32,shuffled_clock,3,12282011701253873329,3072,3487,32,0,269,1241,0.07714367651276169,0.6441066819615715,96.0,0.14289963925651308,0.0458984375,32,1,1.0,8.40625
3701,71089,exposure_matched_local,1673097094,32,shuffled_clock,4,9297274045456829384,3072,3487,32,0,260,1231,0.07456266131344996,0.6469744766274734,96.0,0.11758352289598584,0.043619791666666664,32,1,1.0,8.125
3701,71089,exposure_matched_local,1673097094,32,shuffled_clock,5,4857990807499155693,3072,3487,32,0,253,1228,0.07255520504731862,0.647834815027244,96.0,0.13114915480647069,0.0390625,32,1,1.0,7.90625
3701,71089,exposure_matched_local,1673097094,32,shuffled_clock,6,8262985905637242852,3072,3487,32,0,266,1210,0.07628333811299111,0.6529968454258676,96.0,0.12026190430572826,0.038411458333333336,32,1,1.0,8.3125
3701,71089,exposure_matched_local,1673097094,32,shuffled_clock,7,12368501799595651457,3072,3487,32,0,261,1207,0.07484944078004015,0.6538571838256381,96.0,0.11920951932714051,0.042643229166666664,32,1,1.0,8.15625
3701,71089,exposure_matched_local,1673097094,32,shuffled_clock,8,11969563344201479764,3072,3487,32,0,268,1228,0.07685689704617149,0.647834815027244,96.0,0.1502546002373076,0.038411458333333336,32,1,1.0,8.375
3701,71089,exposure_matched_local,1673097094,32,shuffled_clock,9,2509023694598803529,3072,3487,32,0,264,1227,0.07570977917981073,0.6481215944938342,96.0,0.13064108195321567,0.040364583333333336,32,1,1.0,8.25
3701,71089,exposure_matched_local,1673097094,32,shuffled_clock,10,17908385012257116430,3072,3487,32,0,263,1239,0.07542299971322053,0.644680240894752,96.0,0.13884968084575397,0.042317708333333336,32,1,1.0,8.21875
3701,71089,exposure_matched_local,1673097094,32,shuffled_clock,11,12582028005743778950,3072,3487,32,0,257,1221,0.07370232291367938,0.6498422712933754,96.0,0.12319485105378745,0.040364583333333336,32,1,1.0,8.03125
3701,71089,exposure_matched_local,1673097094,32,shuffled_clock,12,15380006850996476275,3072,3487,32,0,260,1222,0.07456266131344996,0.6495554918267852,96.0,0.1181477607454988,0.038736979166666664,32,1,1.0,8.125
3701,71089,exposure_matched_local,1673097094,32,shuffled_clock,13,8927347382979567806,3072,3487,32,0,267,1226,0.0765701175795813,0.6484083739604244,96.0,0.11926822877139255,0.0390625,32,1,1.0,8.34375
3701,71089,exposure_matched_local,1673097094,32,shuffled_clock,14,3096063113702402490,3072,3487,32,0,262,1234,0.07513622024663034,0.6461141382277029,96.0,0.118029197985333,0.038736979166666664,32,1,1.0,8.1875
3701,71089,exposure_matched_local,1673097094,32,shuffled_clock,15,16115617259484024159,3072,3487,32,0,261,1233,0.07484944078004015,0.6464009176942931,96.0,0.13146903126894827,0.043619791666666664,32,1,1.0,8.15625
3701,71089,exposure_matched_local,1673097094,32,shuffled_clock,16,9460883856800056094,3072,3487,32,0,264,1229,0.07570977917981073,0.6475480355606539,96.0,0.15350409787532102,0.039388020833333336,32,1,1.0,8.25
3701,71089,exposure_matched_local,1673097094,32,shuffled_clock,17,1502897634562598542,3072,3487,32,0,261,1226,0.07484944078004015,0.6484083739604244,96.0,0.14017937657333,0.037434895833333336,32,1,1.0,8.15625
3701,71089,exposure_matched_local,1673097094,32,shuffled_clock,18,1433075461827357951,3072,3487,32,0,265,1225,0.07599655864640092,0.6486951534270147,96.0,0.11707637353515597,0.037760416666666664,32,1,1.0,8.28125
3701,71089,exposure_matched_local,1673097094,32,shuffled_clock,19,17256310013946647931,3072,3487,32,0,274,1218,0.07857757384571265,0.650702609693146,96.0,0.13488574582409849,0.038411458333333336,32,1,1.0,8.5625
3701,71089,exposure_matched_local,1673097094,32,shuffled_clock,20,12053972297820120799,3072,3487,32,0,254,1219,0.0728419845139088,0.6504158302265558,96.0,0.1476461823458037,0.040364583333333336,32,1,1.0,7.9375
3701,71089,exposure_matched_local,1673097094,32,shuffled_clock,21,10096283995821600877,3072,3487,32,0,262,1212,0.07513622024663034,0.6524232864926871,96.0,0.129402749911228,0.0380859375,32,1,1.0,8.1875
3701,71089,exposure_matched_local,1673097094,32,shuffled_clock,22,859029944851755764,3072,3487,32,0,275,1229,0.07886435331230283,0.6475480355606539,96.0,0.14969446930259298,0.041015625,32,1,1.0,8.59375
3701,71089,exposure_matched_local,1673097094,32,shuffled_clock,23,3301162045947447263,3072,3487,32,0,260,1238,0.07456266131344996,0.6449670203613421,96.0,0.1681719656656314,0.042317708333333336,32,1,1.0,8.125
3701,71089,exposure_matched_local,1673097094,32,shuffled_clock,24,12127146243233745834,3072,3487,32,0,263,1239,0.07542299971322053,0.644680240894752,96.0,0.1744246173354452,0.04296875,32,1,1.0,8.21875
3701,71089,exposure_matched_local,1673097094,32,shuffled_clock,25,9105335838484023585,3072,3487,32,0,260,1215,0.07456266131344996,0.6515629480929166,96.0,0.11312302593378488,0.0390625,32,1,1.0,8.125
3701,71089,exposure_matched_local,1673097094,32,shuffled_clock,26,16231647114909243161,3072,3487,32,0,272,1227,0.07800401491253227,0.6481215944938342,96.0,0.13548127077638,0.039388020833333336,32,1,1.0,8.5
3701,71089,exposure_matched_local,1673097094,32,shuffled_clock,27,5464788932715466879,3072,3487,32,0,260,1220,0.07456266131344996,0.6501290507599656,96.0,0.15279559606097043,0.041015625,32,1,1.0,8.125
3701,71089,exposure_matched_local,1673097094,32,shuffled_clock,28,17079294788521220936,3072,3487,32,0,250,1259,0.07169486664754804,0.6389446515629481,96.0,0.15046411175004884,0.040690104166666664,32,1,1.0,7.8125
3701,71089,exposure_matched_local,1673097094,32,shuffled_clock,29,2882918369391950822,3072,3487,32,0,259,1227,0.07427588184685976,0.6481215944938342,96.0,0.1427035504653342,0.041341145833333336,32,1,1.0,8.09375
3701,71089,exposure_matched_local,1673097094,32,shuffled_clock,30,1269808617891412565,3072,3487,32,0,269,1241,0.07714367651276169,0.6441066819615715,96.0,0.12625379266101402,0.038411458333333336,32,1,1.0,8.40625
3701,71089,exposure_matched_local,1673097094,32,shuffled_clock,31,3126001530962971443,3072,3487,32,0,265,1230,0.07599655864640092,0.6472612560940637,96.0,0.14580932982179995,0.0400390625,32,1,1.0,8.28125
3803,71003,current_global,1574117008,128,clock,-1,,3072,3471,128,0,1125,424,0.324114088159032,0.877845001440507,24.0,0.6408851804521498,0.020833333333333332,121,2,0.9986466535433071,8.7890625
3803,71003,current_global,1574117008,128,event_count,-1,,3072,3471,128,0,1406,394,0.4050705848458657,0.8864880437914145,24.0,0.0,0.0078125,126,2,0.999753937007874,10.984375
3803,71003,current_global,1574117008,128,shuffled_clock,0,10815375479094290297,3072,3471,128,0,1368,428,0.3941227312013829,0.8766925957937194,24.0,0.27179694314453234,0.0146484375,126,2,0.999630905511811,10.6875
3803,71003,current_global,1574117008,128,shuffled_clock,1,2115785619227027189,3072,3471,128,0,1370,418,0.39469893402477674,0.8795736099106886,24.0,0.2594980517174346,0.013020833333333334,127,2,0.999876968503937,10.703125
3803,71003,current_global,1574117008,128,shuffled_clock,2,5773386394325901509,3072,3471,128,0,1360,443,0.39181791990780757,0.8723710746182657,24.0,0.3027740654896954,0.013997395833333334,122,2,0.9986466535433071,10.625
3803,71003,current_global,1574117008,128,shuffled_clock,3,16105433350035916671,3072,3471,128,0,1361,418,0.39210602131950445,0.8795736099106886,24.0,0.2859631696271429,0.012369791666666666,124,2,0.999507874015748,10.6328125
3803,71003,current_global,1574117008,128,shuffled_clock,4,12072503520185073595,3072,3471,128,0,1358,444,0.3912417170844137,0.8720829732065687,24.0,0.2784549925071258,0.0126953125,124,2,0.999507874015748,10.609375
3803,71003,current_global,1574117008,128,shuffled_clock,5,8503227893227256646,3072,3471,128,0,1337,419,0.38519158743877846,0.8792855084989917,24.0,0.27410077270193994,0.013671875,125,2,0.999507874015748,10.4453125
3803,71003,current_global,1574117008,128,shuffled_clock,6,8383915097253790764,3072,3471,128,0,1352,418,0.3895131086142322,0.8795736099106886,24.0,0.3008263626038205,0.015299479166666666,126,2,0.999630905511811,10.5625
3803,71003,current_global,1574117008,128,shuffled_clock,7,1027388795365781470,3072,3471,128,0,1353,402,0.3898012100259291,0.8841832324978393,24.0,0.2875839106883227,0.013020833333333334,125,2,0.999507874015748,10.5703125
3803,71003,current_global,1574117008,128,shuffled_clock,8,1632285850905051023,3072,3471,128,0,1360,395,0.39181791990780757,0.8861999423797177,24.0,0.2661042297058928,0.013346354166666666,127,2,0.999630905511811,10.625
3803,71003,current_global,1574117008,128,shuffled_clock,9,13347552067411584864,3072,3471,128,0,1343,415,0.38692019590895993,0.8804379141457793,24.0,0.2875363722285073,0.013346354166666666,125,2,0.999630905511811,10.4921875
3803,71003,current_global,1574117008,128,shuffled_clock,10,11348873987262205854,3072,3471,128,0,1343,411,0.38692019590895993,0.881590319792567,24.0,0.28777398599703713,0.013020833333333334,126,2,0.999630905511811,10.4921875
3803,71003,current_global,1574117008,128,shuffled_clock,11,12035310706163588531,3072,3471,128,0,1374,430,0.3958513396715644,0.8761163929703255,24.0,0.2702838662017378,0.0126953125,125,2,0.999507874015748,10.734375
3803,71003,current_global,1574117008,128,shuffled_clock,12,11172434969477741347,3072,3471,128,0,1389,424,0.40017286084701814,0.877845001440507,24.0,0.27280099881027015,0.013346354166666666,126,2,0.999753937007874,10.8515625
3803,71003,current_global,1574117008,128,shuffled_clock,13,13038232130640837077,3072,3471,128,0,1359,417,0.3915298184961106,0.8798617113223854,24.0,0.2867270125093504,0.013346354166666666,124,2,0.999507874015748,10.6171875
3803,71003,current_global,1574117008,128,shuffled_clock,14,10827953754874495233,3072,3471,128,0,1362,417,0.3923941227312014,0.8798617113223854,24.0,0.27089011114926326,0.0126953125,126,2,0.999630905511811,10.640625
3803,71003,current_global,1574117008,128,shuffled_clock,15,9200464174352025681,3072,3471,128,0,1369,423,0.3944108326130798,0.878133102852204,24.0,0.2631078139941437,0.013346354166666666,124,2,0.999138779527559,10.6953125
3803,71003,current_global,1574117008,128,shuffled_clock,16,3391212731443834872,3072,3471,128,0,1361,425,0.39210602131950445,0.8775569000288101,24.0,0.2965701426624234,0.013346354166666666,125,2,0.999630905511811,10.6328125
3803,71003,current_global,1574117008,128,shuffled_clock,17,3393969712946559023,3072,3471,128,0,1357,433,0.3909536156727168,0.8752520887352349,24.0,0.2813851502827575,0.013346354166666666,125,2,0.999507874015748,10.6015625
3803,71003,current_global,1574117008,128,shuffled_clock,18,17217757651117636891,3072,3471,128,0,1355,433,0.390377412849323,0.8752520887352349,24.0,0.2976284212997044,0.0146484375,124,2,0.999138779527559,10.5859375
3803,71003,current_global,1574117008,128,shuffled_clock,19,2012099539411728637,3072,3471,128,0,1354,418,0.39008931143762604,0.8795736099106886,24.0,0.24879411706452037,0.013997395833333334,126,2,0.999753937007874,10.578125
3803,71003,current_global,1574117008,128,shuffled_clock,20,7652862752727338387,3072,3471,128,0,1373,420,0.3955632382598675,0.8789974070872947,24.0,0.2671808526990545,0.0126953125,126,2,0.999753937007874,10.7265625
3803,71003,current_global,1574117008,128,shuffled_clock,21,17422116130405024037,3072,3471,128,0,1372,405,0.39527513684817056,0.8833189282627485,24.0,0.26871140285210665,0.013346354166666666,126,2,0.999630905511811,10.71875
3803,71003,current_global,1574117008,128,shuffled_clock,22,18281003852651884931,3072,3471,128,0,1344,417,0.38720829732065687,0.8798617113223854,24.0,0.26373055525342187,0.013020833333333334,125,2,0.999630905511811,10.5
3803,71003,current_global,1574117008,128,shuffled_clock,23,16961432908261999081,3072,3471,128,0,1362,420,0.3923941227312014,0.8789974070872947,24.0,0.2876789640410053,0.013020833333333334,122,2,0.9988927165354331,10.640625
3803,71003,current_global,1574117008,128,shuffled_clock,24,17605128459197504596,3072,3471,128,0,1360,435,0.39181791990780757,0.874675885911841,24.0,0.27559289462820663,0.013020833333333334,125,2,0.999507874015748,10.625
3803,71003,current_global,1574117008,128,shuffled_clock,25,15634076698998136606,3072,3471,128,0,1363,422,0.3926822241428983,0.8784212042639009,24.0,0.2652294768979742,0.013346354166666666,123,2,0.9990157480314961,10.6484375
3803,71003,current_global,1574117008,128,shuffled_clock,26,12289330165662053823,3072,3471,128,0,1353,407,0.3898012100259291,0.8827427254393546,24.0,0.27484784623983716,0.013020833333333334,124,2,0.999507874015748,10.5703125
3803,71003,current_global,1574117008,128,shuffled_clock,27,9059339250517978522,3072,3471,128,0,1359,439,0.3915298184961106,0.8735234802650533,24.0,0.2824035229618734,0.013020833333333334,124,2,0.999138779527559,10.6171875
3803,71003,current_global,1574117008,128,shuffled_clock,28,17393940795568160128,3072,3471,128,0,1359,445,0.3915298184961106,0.8717948717948718,24.0,0.3086320111155263,0.017252604166666668,123,2,0.9990157480314961,10.6171875
3803,71003,current_global,1574117008,128,shuffled_clock,29,7137480786210019925,3072,3471,128,0,1363,409,0.3926822241428983,0.8821665226159608,24.0,0.2841889197034953,0.013997395833333334,125,3,0.999261811023622,10.6484375
3803,71003,current_global,1574117008,128,shuffled_clock,30,11795756842798072105,3072,3471,128,0,1359,432,0.3915298184961106,0.8755401901469317,24.0,0.29959691497254665,0.013997395833333334,125,2,0.999630905511811,10.6171875
3803,71003,current_global,1574117008,128,shuffled_clock,31,6175336252265641479,3072,3471,128,0,1368,417,0.3941227312013829,0.8798617113223854,24.0,0.26977762139283246,0.013671875,126,2,0.999753937007874,10.6875
3803,71003,current_global,1574117008,64,clock,-1,,3072,3471,64,0,499,768,0.14376260443676175,0.7787381158167676,48.0,0.6259362476059518,0.039713541666666664,64,1,1.0,7.796875
3803,71003,current_global,1574117008,64,event_count,-1,,3072,3471,64,0,626,736,0.18035148372227025,0.7879573609910688,48.0,0.0,0.015625,64,1,1.0,9.78125
3803,71003,current_global,1574117008,64,shuffled_clock,0,8259301574626492090,3072,3471,64,0,601,723,0.1731489484298473,0.7917026793431288,48.0,0.19951578288207583,0.0244140625,64,1,1.0,9.390625
3803,71003,current_global,1574117008,64,shuffled_clock,1,1819409132054382454,3072,3471,64,0,618,737,0.1780466724286949,0.787669259579372,48.0,0.2048989405481212,0.023111979166666668,64,1,1.0,9.65625
3803,71003,current_global,1574117008,64,shuffled_clock,2,6162160475856189193,3072,3471,64,0,607,748,0.17487755690002882,0.7845001440507059,48.0,0.20667328031745694,0.0224609375,64,1,1.0,9.484375
3803,71003,current_global,1574117008,64,shuffled_clock,3,10432749875165389321,3072,3471,64,0,610,729,0.17574186113511955,0.7899740708729472,48.0,0.1751715586386908,0.023763020833333332,64,1,1.0,9.53125
3803,71003,current_global,1574117008,64,shuffled_clock,4,17264194454881270130,3072,3471,64,0,625,763,0.1800633823105733,0.7801786228752521,48.0,0.2320198765279743,0.0234375,64,1,1.0,9.765625
3803,71003,current_global,1574117008,64,shuffled_clock,5,5898746639932218859,3072,3471,64,0,604,742,0.17401325266493806,0.7862287525208873,48.0,0.17438320378886388,0.021158854166666668,64,1,1.0,9.4375
3803,71003,current_global,1574117008,64,shuffled_clock,6,14698689120277453147,3072,3471,64,0,626,741,0.18035148372227025,0.7865168539325843,48.0,0.17394808566907685,0.022135416666666668,64,1,1.0,9.78125
3803,71003,current_global,1574117008,64,shuffled_clock,7,2187515260602876669,3072,3471,64,0,621,727,0.17891097666378566,0.7905502736963411,48.0,0.18162078931419476,0.0224609375,64,1,1.0,9.703125
3803,71003,current_global,1574117008,64,shuffled_clock,8,908078907072504396,3072,3471,64,0,617,719,0.177758571016998,0.7928550849899164,48.0,0.1862650394008447,0.0234375,64,1,1.0,9.640625
3803,71003,current_global,1574117008,64,shuffled_clock,9,15234939621498571447,3072,3471,64,0,610,720,0.17574186113511955,0.7925669835782195,48.0,0.1747384036214603,0.022135416666666668,64,1,1.0,9.53125
3803,71003,current_global,1574117008,64,shuffled_clock,10,7761988657619654364,3072,3471,64,0,620,742,0.17862287525208873,0.7862287525208873,48.0,0.21076621785538888,0.025716145833333332,64,1,1.0,9.6875
3803,71003,current_global,1574117008,64,shuffled_clock,11,16268257390216046882,3072,3471,64,0,596,716,0.1717084413713627,0.7937193892250072,48.0,0.17477782570963732,0.022786458333333332,64,1,1.0,9.3125
3803,71003,current_global,1574117008,64,shuffled_clock,12,4372012928442951489,3072,3471,64,0,603,749,0.17372515125324114,0.7842120426390089,48.0,0.21216710619787638,0.022135416666666668,64,1,1.0,9.421875
3803,71003,current_global,1574117008,64,shuffled_clock,13,9987666309247822943,3072,3471,64,0,607,710,0.17487755690002882,0.7954479976951887,48.0,0.18511490068340383,0.024088541666666668,64,1,1.0,9.484375
3803,71003,current_global,1574117008,64,shuffled_clock,14,2810973198961378657,3072,3471,64,0,610,731,0.17574186113511955,0.7893978680495535,48.0,0.18681901615514981,0.0224609375,64,1,1.0,9.53125
3803,71003,current_global,1574117008,64,shuffled_clock,15,15274682141708580221,3072,3471,64,0,625,731,0.1800633823105733,0.7893978680495535,48.0,0.2159328231811554,0.025065104166666668,64,1,1.0,9.765625
3803,71003,current_global,1574117008,64,shuffled_clock,16,1303927258880594025,3072,3471,64,0,600,719,0.17286084701815038,0.7928550849899164,48.0,0.21554962354789722,0.022786458333333332,64,1,1.0,9.375
3803,71003,current_global,1574117008,64,shuffled_clock,17,5853067890468603279,3072,3471,64,0,612,733,0.1763180639585134,0.7888216652261596,48.0,0.18916442322050328,0.020833333333333332,64,1,1.0,9.5625
3803,71003,current_global,1574117008,64,shuffled_clock,18,7742418636170991925,3072,3471,64,0,614,746,0.17689426678190723,0.7850763468740997,48.0,0.18905513225911033,0.023111979166666668,64,1,1.0,9.59375
3803,71003,current_global,1574117008,64,shuffled_clock,19,16675887205675997504,3072,3471,64,0,616,741,0.17747046960530108,0.7865168539325843,48.0,0.2187854279701084,0.024739583333333332,64,1,1.0,9.625
3803,71003,current_global,1574117008,64,shuffled_clock,20,12879523265202794546,3072,3471,64,0,623,756,0.1794871794871795,0.7821953327571305,48.0,0.18974624519641373,0.021158854166666668,64,1,1.0,9.734375
3803,71003,current_global,1574117008,64,shuffled_clock,21,16977174564254884083,3072,3471,64,0,619,739,0.1783347738403918,0.7870930567559781,48.0,0.22709804694820604,0.0244140625,64,1,1.0,9.671875
3803,71003,current_global,1574117008,64,shuffled_clock,22,3654893679672772338,3072,3471,64,0,613,728,0.17660616537021032,0.7902621722846442,48.0,0.18395757121427395,0.021484375,64,1,1.0,9.578125
3803,71003,current_global,1574117008,64,shuffled_clock,23,17454531589336342632,3072,3471,64,0,613,742,0.17660616537021032,0.7862287525208873,48.0,0.19610262358538785,0.023111979166666668,64,1,1.0,9.578125
3803,71003,current_global,1574117008,64,shuffled_clock,24,1676969626172381650,3072,3471,64,0,614,747,0.17689426678190723,0.7847882454624028,48.0,0.17203651021385213,0.024088541666666668,64,1,1.0,9.59375
3803,71003,current_global,1574117008,64,shuffled_clock,25,2811882248673797805,3072,3471,64,0,623,709,0.1794871794871795,0.7957360991068856,48.0,0.17979081024828672,0.023111979166666668,64,1,1.0,9.734375
3803,71003,current_global,1574117008,64,shuffled_clock,26,14639491943442076850,3072,3471,64,0,609,708,0.17545375972342264,0.7960242005185826,48.0,0.19144512155680862,0.022135416666666668,64,1,1.0,9.515625
3803,71003,current_global,1574117008,64,shuffled_clock,27,5081594894657984613,3072,3471,64,0,624,729,0.1797752808988764,0.7899740708729472,48.0,0.1856352005671186,0.022135416666666668,64,1,1.0,9.75
3803,71003,current_global,1574117008,64,shuffled_clock,28,3317976079161930602,3072,3471,64,0,614,728,0.17689426678190723,0.7902621722846442,48.0,0.19833827969466675,0.021809895833333332,64,1,1.0,9.59375
3803,71003,current_global,1574117008,64,shuffled_clock,29,2925167352468263959,3072,3471,64,0,611,727,0.1760299625468165,0.7905502736963411,48.0,0.22085392237054569,0.022135416666666668,64,1,1.0,9.546875
3803,71003,current_global,1574117008,64,shuffled_clock,30,15051268818607821103,3072,3471,64,0,598,732,0.17228464419475656,0.7891097666378565,48.0,0.20952042746188146,0.021809895833333332,64,1,1.0,9.34375
3803,71003,current_global,1574117008,64,shuffled_clock,31,990161999727838785,3072,3471,64,0,627,726,0.18063958513396716,0.790838375108038,48.0,0.19140913224893227,0.023763020833333332,64,1,1.0,9.796875
3803,71003,current_global,1574117008,32,clock,-1,,3072,3471,32,0,204,1325,0.058772687986171135,0.6182656295015846,96.0,0.6250280011648625,0.0791015625,32,1,1.0,6.375
3803,71003,current_global,1574117008,32,event_count,-1,,3072,3471,32,0,252,1209,0.07260155574762317,0.651685393258427,96.0,0.0,0.03125,32,1,1.0,7.875
3803,71003,current_global,1574117008,32,shuffled_clock,0,8265971144260339360,3072,3471,32,0,251,1220,0.07231345433592624,0.6485162777297608,96.0,0.14863853463518342,0.042317708333333336,32,1,1.0,7.84375
3803,71003,current_global,1574117008,32,shuffled_clock,1,8621154877019125211,3072,3471,32,0,249,1209,0.07173725151253241,0.651685393258427,96.0,0.147147496589946,0.040690104166666664,32,1,1.0,7.78125
3803,71003,current_global,1574117008,32,shuffled_clock,2,4638154361609604898,3072,3471,32,0,251,1227,0.07231345433592624,0.6464995678478824,96.0,0.12642002550807513,0.039388020833333336,32,1,1.0,7.84375
3803,71003,current_global,1574117008,32,shuffled_clock,3,1637005304235696947,3072,3471,32,0,247,1195,0.07116104868913857,0.6557188130221838,96.0,0.11632654915979639,0.0380859375,32,1,1.0,7.71875
3803,71003,current_global,1574117008,32,shuffled_clock,4,17795914322672527821,3072,3471,32,0,249,1196,0.07173725151253241,0.6554307116104869,96.0,0.13295161252275745,0.041666666666666664,32,1,1.0,7.78125
3803,71003,current_global,1574117008,32,shuffled_clock,5,600191966505144567,3072,3471,32,0,252,1221,0.07260155574762317,0.648228176318064,96.0,0.15402765455974335,0.040690104166666664,32,1,1.0,7.875
3803,71003,current_global,1574117008,32,shuffled_clock,6,968008177677337689,3072,3471,32,0,250,1220,0.07202535292422933,0.6485162777297608,96.0,0.13753258004369984,0.043619791666666664,32,1,1.0,7.8125
3803,71003,current_global,1574117008,32,shuffled_clock,7,633968073573049508,3072,3471,32,0,242,1203,0.06972054163065398,0.6534140017286084,96.0,0.1608093747824459,0.0419921875,32,1,1.0,7.5625
3803,71003,current_global,1574117008,32,shuffled_clock,8,7342222689220953282,3072,3471,32,0,249,1208,0.07173725151253241,0.6519734946701239,96.0,0.12839803389276208,0.038411458333333336,32,1,1.0,7.78125
3803,71003,current_global,1574117008,32,shuffled_clock,9,13746676306902468249,3072,3471,32,0,251,1199,0.07231345433592624,0.6545664073753962,96.0,0.15848535429774488,0.0400390625,32,1,1.0,7.84375
3803,71003,current_global,1574117008,32,shuffled_clock,10,15139456365457815962,3072,3471,32,0,252,1211,0.07260155574762317,0.6511091904350331,96.0,0.129402749911228,0.043619791666666664,32,1,1.0,7.875
3803,71003,current_global,1574117008,32,shuffled_clock,11,13884059536748850477,3072,3471,32,0,261,1209,0.07519446845289542,0.651685393258427,96.0,0.13765977195106807,0.0400390625,32,1,1.0,8.15625
3803,71003,current_global,1574117008,32,shuffled_clock,12,1748505354084682427,3072,3471,32,0,249,1221,0.07173725151253241,0.648228176318064,96.0,0.1313624923282175,0.037760416666666664,32,1,1.0,7.78125
3803,71003,current_global,1574117008,32,shuffled_clock,13,2227560959010632476,3072,3471,32,0,252,1191,0.07260155574762317,0.6568712186689715,96.0,0.1301579203482857,0.036783854166666664,32,1,1.0,7.875
3803,71003,current_global,1574117008,32,shuffled_clock,14,2528514493307878449,3072,3471,32,0,254,1217,0.073177758571017,0.6493805819648516,96.0,0.14015440474155202,0.039388020833333336,32,1,1.0,7.9375
3803,71003,current_global,1574117008,32,shuffled_clock,15,17869081606309296266,3072,3471,32,0,256,1213,0.07375396139441083,0.6505329876116392,96.0,0.13088199389589414,0.041341145833333336,32,1,1.0,8.0
3803,71003,current_global,1574117008,32,shuffled_clock,16,16118648122651761,3072,3471,32,0,252,1196,0.07260155574762317,0.6554307116104869,96.0,0.14757504469660276,0.041015625,32,1,1.0,7.875
3803,71003,current_global,1574117008,32,shuffled_clock,17,9412052742379836580,3072,3471,32,0,257,1196,0.07404206280610776,0.6554307116104869,96.0,0.14640823700802932,0.039388020833333336,32,1,1.0,8.03125
3803,71003,current_global,1574117008,32,shuffled_clock,18,9115615545482875621,3072,3471,32,0,250,1200,0.07202535292422933,0.6542783059636992,96.0,0.13882446982768948,0.0390625,32,1,1.0,7.8125
3803,71003,current_global,1574117008,32,shuffled_clock,19,728458882320472884,3072,3471,32,0,248,1213,0.0714491501008355,0.6505329876116392,96.0,0.14426479816381857,0.041341145833333336,32,1,1.0,7.75
3803,71003,current_global,1574117008,32,shuffled_clock,20,17737403298996601243,3072,3471,32,0,254,1225,0.073177758571017,0.6470757706712763,96.0,0.14849717603484108,0.040364583333333336,32,1,1.0,7.9375
3803,71003,current_global,1574117008,32,shuffled_clock,21,10178680449324011347,3072,3471,32,0,255,1207,0.07346585998271392,0.6522615960818208,96.0,0.13987942035962034,0.040690104166666664,32,1,1.0,7.96875
3803,71003,current_global,1574117008,32,shuffled_clock,22,12436667571700719887,3072,3471,32,0,259,1208,0.07461826562950158,0.6519734946701239,96.0,0.1391015397156138,0.040364583333333336,32,1,1.0,8.09375
3803,71003,current_global,1574117008,32,shuffled_clock,23,4081688671711491260,3072,3471,32,0,256,1213,0.07375396139441083,0.6505329876116392,96.0,0.12996953909739759,0.042317708333333336,32,1,1.0,8.0
3803,71003,current_global,1574117008,32,shuffled_clock,24,8768603004233097607,3072,3471,32,0,250,1199,0.07202535292422933,0.6545664073753962,96.0,0.12924035359134456,0.041341145833333336,32,1,1.0,7.8125
3803,71003,current_global,1574117008,32,shuffled_clock,25,17522852235226751097,3072,3471,32,0,248,1203,0.0714491501008355,0.6534140017286084,96.0,0.13732882796138365,0.0419921875,32,1,1.0,7.75
3803,71003,current_global,1574117008,32,shuffled_clock,26,11464170846022019142,3072,3471,32,0,255,1195,0.07346585998271392,0.6557188130221838,96.0,0.1385215797144798,0.04296875,32,1,1.0,7.96875
3803,71003,current_global,1574117008,32,shuffled_clock,27,15470974693231403841,3072,3471,32,0,258,1209,0.07433016421780467,0.651685393258427,96.0,0.13441784242431198,0.038736979166666664,32,1,1.0,8.0625
3803,71003,current_global,1574117008,32,shuffled_clock,28,11591242318248121084,3072,3471,32,0,249,1189,0.07173725151253241,0.6574474214923653,96.0,0.15623879888166595,0.038411458333333336,32,1,1.0,7.78125
3803,71003,current_global,1574117008,32,shuffled_clock,29,11548524244899563500,3072,3471,32,0,253,1209,0.07288965715932008,0.651685393258427,96.0,0.14211366071818718,0.0390625,32,1,1.0,7.90625
3803,71003,current_global,1574117008,32,shuffled_clock,30,1593767837449182519,3072,3471,32,0,259,1193,0.07461826562950158,0.6562950158455776,96.0,0.14424053362775194,0.039713541666666664,32,1,1.0,8.09375
3803,71003,current_global,1574117008,32,shuffled_clock,31,7552991295464845624,3072,3471,32,0,263,1189,0.07577067127628925,0.6574474214923653,96.0,0.1404288506567443,0.0400390625,32,1,1.0,8.21875
3803,71003,exposure_matched_local,1674117008,128,clock,-1,,3072,3403,128,0,1079,407,0.3170731707317073,0.8803996473699677,24.0,0.7226153953686546,0.0234375,122,2,0.9986466535433071,8.4296875
3803,71003,exposure_matched_local,1674117008,128,event_count,-1,,3072,3403,128,0,1407,402,0.413458712900382,0.8818689391713195,24.0,0.0,0.0078125,127,2,0.999876968503937,10.9921875
3803,71003,exposure_matched_local,1674117008,128,shuffled_clock,0,8084902523155197571,3072,3403,128,0,1375,420,0.4040552453717308,0.8765794886864531,24.0,0.2529355213345012,0.012044270833333334,125,2,0.999630905511811,10.7421875
3803,71003,exposure_matched_local,1674117008,128,shuffled_clock,1,15490839836185216862,3072,3403,128,0,1342,422,0.3943579194828093,0.8759917719659124,24.0,0.28876982875336926,0.014322916666666666,125,2,0.999261811023622,10.484375
3803,71003,exposure_matched_local,1674117008,128,shuffled_clock,2,3706622328750883804,3072,3403,128,0,1333,423,0.39171319424037615,0.8756979136056421,24.0,0.3061415680164024,0.0146484375,124,2,0.9988927165354331,10.4140625
3803,71003,exposure_matched_local,1674117008,128,shuffled_clock,3,1753341583918180467,3072,3403,128,0,1346,433,0.3955333529238907,0.8727593300029386,24.0,0.313902147460363,0.013671875,122,3,0.99876968503937,10.515625
3803,71003,exposure_matched_local,1674117008,128,shuffled_clock,4,4214961764777804507,3072,3403,128,0,1365,409,0.4011166617690273,0.879811930649427,24.0,0.2725001705634886,0.013020833333333334,125,2,0.999507874015748,10.6640625
3803,71003,exposure_matched_local,1674117008,128,shuffled_clock,5,16134354246773487098,3072,3403,128,0,1328,421,0.3902439024390244,0.8762856303261828,24.0,0.29051610333888994,0.013997395833333334,125,2,0.999507874015748,10.375
3803,71003,exposure_matched_local,1674117008,128,shuffled_clock,6,6076020748354899446,3072,3403,128,0,1330,401,0.3908316191595651,0.8821627975315898,24.0,0.2926259066792319,0.014322916666666666,124,2,0.999507874015748,10.390625
3803,71003,exposure_matched_local,1674117008,128,shuffled_clock,7,14662896118088602105,3072,3403,128,0,1358,409,0.3990596532471349,0.879811930649427,24.0,0.28375566794359147,0.012369791666666666,122,2,0.999138779527559,10.609375
3803,71003,exposure_matched_local,1674117008,128,shuffled_clock,8,3296309028955376349,3072,3403,128,0,1360,408,0.3996473699676756,0.8801057890096974,24.0,0.2718472340031633,0.014973958333333334,124,2,0.9993848425196851,10.625
3803,71003,exposure_matched_local,1674117008,128,shuffled_clock,9,2372082722260168950,3072,3403,128,0,1362,421,0.4002350866882163,0.8762856303261828,24.0,0.2633155580565088,0.013020833333333334,122,2,0.999138779527559,10.640625
3803,71003,exposure_matched_local,1674117008,128,shuffled_clock,10,15606514131215074056,3072,3403,128,0,1327,409,0.38995004407875405,0.879811930649427,24.0,0.2910332454484461,0.013346354166666666,118,2,0.9985236220472441,10.3671875
3803,71003,exposure_matched_local,1674117008,128,shuffled_clock,11,2117546597298996641,3072,3403,128,0,1344,424,0.39494563620335,0.8754040552453717,24.0,0.29772026775191374,0.013020833333333334,125,2,0.999630905511811,10.5
3803,71003,exposure_matched_local,1674117008,128,shuffled_clock,12,14156588165123922285,3072,3403,128,0,1341,426,0.39406406112253894,0.874816338524831,24.0,0.2918775016004273,0.013671875,120,2,0.99876968503937,10.4765625
3803,71003,exposure_matched_local,1674117008,128,shuffled_clock,13,13906207715596680246,3072,3403,128,0,1361,433,0.39994122832794593,0.8727593300029386,24.0,0.28815376047570584,0.0146484375,124,2,0.999507874015748,10.6328125
3803,71003,exposure_matched_local,1674117008,128,shuffled_clock,14,3212513322745472720,3072,3403,128,0,1348,411,0.3961210696444314,0.8792242139288863,24.0,0.30014395787783016,0.013671875,125,2,0.999630905511811,10.53125
3803,71003,exposure_matched_local,1674117008,128,shuffled_clock,15,15107726785398162175,3072,3403,128,0,1366,391,0.4014105201292977,0.8851013811342933,24.0,0.27330164338412866,0.013671875,127,2,0.999753937007874,10.671875
3803,71003,exposure_matched_local,1674117008,128,shuffled_clock,16,3504837835844465097,3072,3403,128,0,1352,405,0.3972965030855128,0.8809873640905084,24.0,0.32653835393093794,0.0146484375,124,2,0.9993848425196851,10.5625
3803,71003,exposure_matched_local,1674117008,128,shuffled_clock,17,12406113693136699380,3072,3403,128,0,1362,444,0.4002350866882163,0.8695268880399647,24.0,0.28562834603027937,0.0166015625,126,2,0.999507874015748,10.640625
3803,71003,exposure_matched_local,1674117008,128,shuffled_clock,18,14100359249465431227,3072,3403,128,0,1351,398,0.39700264472524244,0.8830443726124009,24.0,0.2922051646835089,0.013671875,123,2,0.9993848425196851,10.5546875
3803,71003,exposure_matched_local,1674117008,128,shuffled_clock,19,6761331914148307322,3072,3403,128,0,1352,413,0.3972965030855128,0.8786364972083456,24.0,0.2640931428520766,0.013020833333333334,126,2,0.999753937007874,10.5625
3803,71003,exposure_matched_local,1674117008,128,shuffled_clock,20,4019601446721110956,3072,3403,128,0,1331,408,0.39112547751983545,0.8801057890096974,24.0,0.2994143452328789,0.013346354166666666,125,2,0.999507874015748,10.3984375
3803,71003,exposure_matched_local,1674117008,128,shuffled_clock,21,7648831884534427725,3072,3403,128,0,1345,416,0.39523949456362034,0.8777549221275345,24.0,0.30591822110696404,0.015625,122,2,0.9990157480314961,10.5078125
3803,71003,exposure_matched_local,1674117008,128,shuffled_clock,22,12866067915418647321,3072,3403,128,0,1350,410,0.3967087863649721,0.8795180722891566,24.0,0.2734516580199154,0.013997395833333334,120,2,0.9985236220472441,10.546875
3803,71003,exposure_matched_local,1674117008,128,shuffled_clock,23,12158519812708069143,3072,3403,128,0,1367,410,0.401704378489568,0.8795180722891566,24.0,0.2834664655569739,0.013671875,123,2,0.9993848425196851,10.6796875
3803,71003,exposure_matched_local,1674117008,128,shuffled_clock,24,2814136365350597705,3072,3403,128,0,1356,422,0.3984719365265942,0.8759917719659124,24.0,0.2829354934226532,0.013346354166666666,125,2,0.999507874015748,10.59375
3803,71003,exposure_matched_local,1674117008,128,shuffled_clock,25,1456333557184952088,3072,3403,128,0,1353,402,0.39759036144578314,0.8818689391713195,24.0,0.2799727364554542,0.012369791666666666,127,2,0.999753937007874,10.5703125
3803,71003,exposure_matched_local,1674117008,128,shuffled_clock,26,10447379771484595805,3072,3403,128,0,1348,414,0.3961210696444314,0.8783426388480752,24.0,0.3047541785789488,0.013020833333333334,124,2,0.999138779527559,10.53125
3803,71003,exposure_matched_local,1674117008,128,shuffled_clock,27,1107121411066041493,3072,3403,128,0,1364,422,0.400822803408757,0.8759917719659124,24.0,0.3081444054792679,0.015299479166666666,122,2,0.999261811023622,10.65625
3803,71003,exposure_matched_local,1674117008,128,shuffled_clock,28,222774735583138731,3072,3403,128,0,1353,440,0.39759036144578314,0.8707023214810461,24.0,0.306810633216025,0.015950520833333332,120,2,0.99876968503937,10.5703125
3803,71003,exposure_matched_local,1674117008,128,shuffled_clock,29,4902719925900974272,3072,3403,128,0,1360,413,0.3996473699676756,0.8786364972083456,24.0,0.28895912397445417,0.013346354166666666,126,2,0.999630905511811,10.625
3803,71003,exposure_matched_local,1674117008,128,shuffled_clock,30,9242386341305073014,3072,3403,128,0,1341,426,0.39406406112253894,0.874816338524831,24.0,0.30738931174713596,0.014973958333333334,124,2,0.999261811023622,10.4765625
3803,71003,exposure_matched_local,1674117008,128,shuffled_clock,31,1269217334438441123,3072,3403,128,0,1349,407,0.39641492800470174,0.8803996473699677,24.0,0.283032107901625,0.013671875,120,2,0.99876968503937,10.5390625
3803,71003,exposure_matched_local,1674117008,64,clock,-1,,3072,3403,64,0,472,769,0.13870114604760506,0.7740229209521011,48.0,0.7105959040134593,0.044921875,64,1,1.0,7.375
3803,71003,exposure_matched_local,1674117008,64,event_count,-1,,3072,3403,64,0,619,738,0.18189832500734646,0.7831325301204819,48.0,0.0,0.015625,64,1,1.0,9.671875
3803,71003,exposure_matched_local,1674117008,64,shuffled_clock,0,9592563903235362985,3072,3403,64,0,592,749,0.17396414928004703,0.7799000881575081,48.0,0.2110275523858465,0.023111979166666668,64,1,1.0,9.25
3803,71003,exposure_matched_local,1674117008,64,shuffled_clock,1,12925269757727152039,3072,3403,64,0,612,762,0.179841316485454,0.7760799294739935,48.0,0.1923784803916827,0.0234375,64,1,1.0,9.5625
3803,71003,exposure_matched_local,1674117008,64,shuffled_clock,2,12168733161276870737,3072,3403,64,0,599,716,0.17602115780193947,0.7895974140464296,48.0,0.20348187175775342,0.023763020833333332,64,1,1.0,9.359375
3803,71003,exposure_matched_local,1674117008,64,shuffled_clock,3,12839926823064247987,3072,3403,64,0,600,729,0.17631501616220982,0.7857772553629151,48.0,0.21391336697698105,0.024088541666666668,64,1,1.0,9.375
3803,71003,exposure_matched_local,1674117008,64,shuffled_clock,4,581515391040303312,3072,3403,64,0,594,728,0.17455186600058772,0.7860711137231854,48.0,0.2152617761590113,0.023111979166666668,64,1,1.0,9.28125
3803,71003,exposure_matched_local,1674117008,64,shuffled_clock,5,1346015044950852174,3072,3403,64,0,599,748,0.17602115780193947,0.7801939465177784,48.0,0.2070063559248799,0.024088541666666668,64,1,1.0,9.359375
3803,71003,exposure_matched_local,1674117008,64,shuffled_clock,6,59346653009371923,3072,3403,64,0,612,745,0.179841316485454,0.7810755215985895,48.0,0.22557612893896806,0.023111979166666668,64,1,1.0,9.5625
3803,71003,exposure_matched_local,1674117008,64,shuffled_clock,7,10199383952295978200,3072,3403,64,0,603,743,0.17719659124302087,0.7816632383191302,48.0,0.23869385726405032,0.025390625,64,1,1.0,9.421875
3803,71003,exposure_matched_local,1674117008,64,shuffled_clock,8,9085315171103732563,3072,3403,64,0,621,729,0.18248604172788715,0.7857772553629151,48.0,0.18154490847139482,0.021484375,64,1,1.0,9.703125
3803,71003,exposure_matched_local,1674117008,64,shuffled_clock,9,10808214857913905201,3072,3403,64,0,604,735,0.17749044960329122,0.784014105201293,48.0,0.20041155847146,0.024088541666666668,64,1,1.0,9.4375
3803,71003,exposure_matched_local,1674117008,64,shuffled_clock,10,17526235789099255725,3072,3403,64,0,604,722,0.17749044960329122,0.7878342638848075,48.0,0.20089224475705214,0.022135416666666668,64,1,1.0,9.4375
3803,71003,exposure_matched_local,1674117008,64,shuffled_clock,11,12719291887822738805,3072,3403,64,0,607,726,0.17837202468410226,0.7866588304437261,48.0,0.19708384369655496,0.021809895833333332,64,1,1.0,9.484375
3803,71003,exposure_matched_local,1674117008,64,shuffled_clock,12,12148930202747331568,3072,3403,64,0,618,723,0.1816044666470761,0.7875404055245372,48.0,0.1979558231942368,0.0234375,64,1,1.0,9.65625
3803,71003,exposure_matched_local,1674117008,64,shuffled_clock,13,8857145763518217376,3072,3403,64,0,616,740,0.1810167499265354,0.7825448133999412,48.0,0.17603467120818028,0.021484375,64,1,1.0,9.625
3803,71003,exposure_matched_local,1674117008,64,shuffled_clock,14,11660228394709623875,3072,3403,64,0,610,747,0.1792535997649133,0.7804878048780488,48.0,0.20660660076085213,0.021809895833333332,64,1,1.0,9.53125
3803,71003,exposure_matched_local,1674117008,64,shuffled_clock,15,17816641265125832014,3072,3403,64,0,618,752,0.1816044666470761,0.779018513076697,48.0,0.1910488662938603,0.0224609375,64,1,1.0,9.65625
3803,71003,exposure_matched_local,1674117008,64,shuffled_clock,16,16614362931163734212,3072,3403,64,0,594,752,0.17455186600058772,0.779018513076697,48.0,0.2159966236916867,0.025390625,64,1,1.0,9.28125
3803,71003,exposure_matched_local,1674117008,64,shuffled_clock,17,5932613840397545801,3072,3403,64,0,602,742,0.17690273288275052,0.7819570966794005,48.0,0.19806020275498035,0.0234375,64,1,1.0,9.40625
3803,71003,exposure_matched_local,1674117008,64,shuffled_clock,18,17258999225564749687,3072,3403,64,0,605,746,0.17778430796356157,0.7807816632383191,48.0,0.2078698548207745,0.024739583333333332,64,1,1.0,9.453125
3803,71003,exposure_matched_local,1674117008,64,shuffled_clock,19,17455809614848276701,3072,3403,64,0,618,739,0.1816044666470761,0.7828386717602116,48.0,0.20935595579240052,0.022786458333333332,64,1,1.0,9.65625
3803,71003,exposure_matched_local,1674117008,64,shuffled_clock,20,771308702821737190,3072,3403,64,0,599,719,0.17602115780193947,0.7887158389656186,48.0,0.19739820004933187,0.021809895833333332,64,1,1.0,9.359375
3803,71003,exposure_matched_local,1674117008,64,shuffled_clock,21,8843564007336764013,3072,3403,64,0,621,756,0.18248604172788715,0.7778430796356156,48.0,0.2054026672950534,0.021809895833333332,64,1,1.0,9.703125
3803,71003,exposure_matched_local,1674117008,64,shuffled_clock,22,2855572242322364431,3072,3403,64,0,598,734,0.17572729944166912,0.7843079635615633,48.0,0.21317133813051117,0.023111979166666668,64,1,1.0,9.34375
3803,71003,exposure_matched_local,1674117008,64,shuffled_clock,23,3925894087038275681,3072,3403,64,0,602,736,0.17690273288275052,0.7837202468410226,48.0,0.21439591522603332,0.024739583333333332,64,1,1.0,9.40625
3803,71003,exposure_matched_local,1674117008,64,shuffled_clock,24,12004897227396006197,3072,3403,64,0,614,719,0.1804290332059947,0.7887158389656186,48.0,0.2044950657654081,0.023111979166666668,64,1,1.0,9.59375
3803,71003,exposure_matched_local,1674117008,64,shuffled_clock,25,11475994285394020589,3072,3403,64,0,616,725,0.1810167499265354,0.7869526888039965,48.0,0.2116143750764042,0.024088541666666668,64,1,1.0,9.625
3803,71003,exposure_matched_local,1674117008,64,shuffled_clock,26,13669919153496863736,3072,3403,64,0,607,730,0.17837202468410226,0.7854833970026447,48.0,0.17856040530350414,0.021158854166666668,64,1,1.0,9.484375
3803,71003,exposure_matched_local,1674117008,64,shuffled_clock,27,2897140283768364529,3072,3403,64,0,607,748,0.17837202468410226,0.7801939465177784,48.0,0.20171361340825555,0.024088541666666668,64,1,1.0,9.484375
3803,71003,exposure_matched_local,1674117008,64,shuffled_clock,28,1882213008269400792,3072,3403,64,0,606,749,0.17807816632383192,0.7799000881575081,48.0,0.23955817098139362,0.030598958333333332,64,1,1.0,9.46875
3803,71003,exposure_matched_local,1674117008,64,shuffled_clock,29,10858408473001183093,3072,3403,64,0,606,728,0.17807816632383192,0.7860711137231854,48.0,0.20777040348513043,0.025716145833333332,64,1,1.0,9.46875
3803,71003,exposure_matched_local,1674117008,64,shuffled_clock,30,5835526187112985080,3072,3403,64,0,600,752,0.17631501616220982,0.779018513076697,48.0,0.23602355986487342,0.024088541666666668,64,1,1.0,9.375
3803,71003,exposure_matched_local,1674117008,64,shuffled_clock,31,15441213748592595919,3072,3403,64,0,596,721,0.17513958272112842,0.7881281222450779,48.0,0.1928434657766992,0.024088541666666668,64,1,1.0,9.3125
3803,71003,exposure_matched_local,1674117008,32,clock,-1,,3072,3403,32,0,208,1336,0.061122538936232734,0.6074052306788128,96.0,0.7063787469479705,0.07845052083333333,32,1,1.0,6.5
3803,71003,exposure_matched_local,1674117008,32,event_count,-1,,3072,3403,32,0,243,1216,0.07140758154569497,0.6426682339112548,96.0,0.0,0.03125,32,1,1.0,7.59375
3803,71003,exposure_matched_local,1674117008,32,shuffled_clock,0,3628112201432149729,3072,3403,32,0,242,1226,0.07111372318542462,0.6397296503085512,96.0,0.14154604289087178,0.0400390625,32,1,1.0,7.5625
3803,71003,exposure_matched_local,1674117008,32,shuffled_clock,1,10003473697811548997,3072,3403,32,0,247,1212,0.07258301498677637,0.6438436673523362,96.0,0.1576882728608867,0.0380859375,32,1,1.0,7.71875
3803,71003,exposure_matched_local,1674117008,32,shuffled_clock,2,13008760983250014595,3072,3403,32,0,247,1232,0.07258301498677637,0.6379665001469291,96.0,0.1340527884439773,0.038411458333333336,32,1,1.0,7.71875
3803,71003,exposure_matched_local,1674117008,32,shuffled_clock,3,5832126764277869513,3072,3403,32,0,238,1211,0.06993828974434323,0.6441375257126065,96.0,0.15484358074588653,0.0400390625,32,1,1.0,7.4375
3803,71003,exposure_matched_local,1674117008,32,shuffled_clock,4,15697363496449732816,3072,3403,32,0,238,1224,0.06993828974434323,0.640317367029092,96.0,0.12760502386150532,0.038411458333333336,32,1,1.0,7.4375
3803,71003,exposure_matched_local,1674117008,32,shuffled_clock,5,15781021172869920832,3072,3403,32,0,243,1218,0.07140758154569497,0.6420805171907141,96.0,0.1481904364861303,0.040364583333333336,32,1,1.0,7.59375
3803,71003,exposure_matched_local,1674117008,32,shuffled_clock,6,15298588715526176685,3072,3403,32,0,236,1199,0.06935057302380253,0.6476638260358507,96.0,0.14795405025095826,0.041015625,32,1,1.0,7.375
3803,71003,exposure_matched_local,1674117008,32,shuffled_clock,7,7142225340168784657,3072,3403,32,0,241,1225,0.07081986482515427,0.6400235086688216,96.0,0.15384574997362208,0.041015625,32,1,1.0,7.53125
3803,71003,exposure_matched_local,1674117008,32,shuffled_clock,8,16772771047376273049,3072,3403,32,0,235,1219,0.06905671466353218,0.6417866588304437,96.0,0.1413480763004404,0.0390625,32,1,1.0,7.34375
3803,71003,exposure_matched_local,1674117008,32,shuffled_clock,9,14884490388644456794,3072,3403,32,0,243,1219,0.07140758154569497,0.6417866588304437,96.0,0.1727104775344542,0.043619791666666664,32,1,1.0,7.59375
3803,71003,exposure_matched_local,1674117008,32,shuffled_clock,10,17576371322637830951,3072,3403,32,0,241,1210,0.07081986482515427,0.6444313840728769,96.0,0.17620155222689857,0.0458984375,32,1,1.0,7.53125
3803,71003,exposure_matched_local,1674117008,32,shuffled_clock,11,10652552822782587468,3072,3403,32,0,234,1212,0.06876285630326183,0.6438436673523362,96.0,0.16569778866496312,0.0439453125,32,1,1.0,7.3125
3803,71003,exposure_matched_local,1674117008,32,shuffled_clock,12,878608522832972189,3072,3403,32,0,244,1220,0.07170143990596532,0.6414928004701734,96.0,0.16185078474724024,0.04296875,32,1,1.0,7.625
3803,71003,exposure_matched_local,1674117008,32,shuffled_clock,13,17009729057810240744,3072,3403,32,0,240,1194,0.07052600646488393,0.6491331178372025,96.0,0.12907775295628496,0.038411458333333336,32,1,1.0,7.5
3803,71003,exposure_matched_local,1674117008,32,shuffled_clock,14,14259132768469152530,3072,3403,32,0,247,1214,0.07258301498677637,0.6432559506317955,96.0,0.14297310321779969,0.039713541666666664,32,1,1.0,7.71875
3803,71003,exposure_matched_local,1674117008,32,shuffled_clock,15,5043303718291897743,3072,3403,32,0,247,1208,0.07258301498677637,0.6450191007934176,96.0,0.14448299561368935,0.038736979166666664,32,1,1.0,7.71875
3803,71003,exposure_matched_local,1674117008,32,shuffled_clock,16,12800092106139695057,3072,3403,32,0,245,1211,0.07199529826623567,0.6441375257126065,96.0,0.16693946088972056,0.046549479166666664,32,1,1.0,7.65625
3803,71003,exposure_matched_local,1674117008,32,shuffled_clock,17,9985878327813850395,3072,3403,32,0,230,1215,0.06758742286218043,0.6429620922715251,96.0,0.1502546002373076,0.039713541666666664,32,1,1.0,7.1875
3803,71003,exposure_matched_local,1674117008,32,shuffled_clock,18,11962388740499639728,3072,3403,32,0,240,1203,0.07052600646488393,0.6464883925947693,96.0,0.13176156917368248,0.041015625,32,1,1.0,7.5
3803,71003,exposure_matched_local,1674117008,32,shuffled_clock,19,17721677591344154797,3072,3403,32,0,241,1188,0.07081986482515427,0.6508962679988246,96.0,0.15837488843480949,0.0400390625,32,1,1.0,7.53125
3803,71003,exposure_matched_local,1674117008,32,shuffled_clock,20,714410770171021903,3072,3403,32,0,246,1221,0.07228915662650602,0.641198942109903,96.0,0.19145324723842164,0.045572916666666664,32,1,1.0,7.6875
3803,71003,exposure_matched_local,1674117008,32,shuffled_clock,21,18294978749041594788,3072,3403,32,0,243,1210,0.07140758154569497,0.6444313840728769,96.0,0.1502546002373076,0.044270833333333336,32,1,1.0,7.59375
3803,71003,exposure_matched_local,1674117008,32,shuffled_clock,22,887509481036720494,3072,3403,32,0,240,1221,0.07052600646488393,0.641198942109903,96.0,0.1351967817770356,0.041666666666666664,32,1,1.0,7.5
3803,71003,exposure_matched_local,1674117008,32,shuffled_clock,23,4638549536590997413,3072,3403,32,0,241,1213,0.07081986482515427,0.6435498089920658,96.0,0.1219957069284021,0.039388020833333336,32,1,1.0,7.53125
3803,71003,exposure_matched_local,1674117008,32,shuffled_clock,24,14669814308827621525,3072,3403,32,0,248,1211,0.07287687334704672,0.6441375257126065,96.0,0.1448459275987264,0.039388020833333336,32,1,1.0,7.75
3803,71003,exposure_matched_local,1674117008,32,shuffled_clock,25,6075810113266466721,3072,3403,32,0,240,1213,0.07052600646488393,0.6435498089920658,96.0,0.14238433021593153,0.040690104166666664,32,1,1.0,7.5
3803,71003,exposure_matched_local,1674117008,32,shuffled_clock,26,14837414267788776412,3072,3403,32,0,241,1217,0.07081986482515427,0.6423743755509844,96.0,0.1714697691152295,0.044270833333333336,32,1,1.0,7.53125
3803,71003,exposure_matched_local,1674117008,32,shuffled_clock,27,12666669805641585054,3072,3403,32,0,240,1231,0.07052600646488393,0.6382603585071995,96.0,0.15890442422861148,0.0390625,32,1,1.0,7.5
3803,71003,exposure_matched_local,1674117008,32,shuffled_clock,28,8121260414019717398,3072,3403,32,0,237,1229,0.06964443138407288,0.6388480752277402,96.0,0.15083585811467368,0.039388020833333336,32,1,1.0,7.40625
3803,71003,exposure_matched_local,1674117008,32,shuffled_clock,29,3857501263255972087,3072,3403,32,0,247,1201,0.07258301498677637,0.64707610931531,96.0,0.16089641639898586,0.045572916666666664,32,1,1.0,7.71875
3803,71003,exposure_matched_local,1674117008,32,shuffled_clock,30,4235506592750593027,3072,3403,32,0,241,1230,0.07081986482515427,0.6385542168674698,96.0,0.1523826962325812,0.040690104166666664,32,1,1.0,7.53125
3803,71003,exposure_matched_local,1674117008,32,shuffled_clock,31,17919211094111650106,3072,3403,32,0,238,1210,0.06993828974434323,0.6444313840728769,96.0,0.16869149722662116,0.043294270833333336,32,1,1.0,7.4375
3803,71047,current_global,1574117052,128,clock,-1,,3072,3423,128,0,1086,410,0.3172655565293602,0.8802220274612913,24.0,0.7085166506649413,0.0244140625,124,2,0.999138779527559,8.484375
3803,71047,current_global,1574117052,128,event_count,-1,,3072,3423,128,0,1378,389,0.4025708442886357,0.8863569967864446,24.0,0.0,0.0078125,124,2,0.999507874015748,10.765625
3803,71047,current_global,1574117052,128,shuffled_clock,0,8280296303162160538,3072,3423,128,0,1340,415,0.39146947122407244,0.8787613204791119,24.0,0.2922051646835089,0.013020833333333334,123,2,0.999261811023622,10.46875
3803,71047,current_global,1574117052,128,shuffled_clock,1,12275429134110635617,3072,3423,128,0,1324,424,0.3867952088810985,0.876132047911189,24.0,0.28351468644114636,0.0126953125,121,2,0.9981545275590551,10.34375
3803,71047,current_global,1574117052,128,shuffled_clock,2,14527268920609478323,3072,3423,128,0,1337,410,0.39059304703476483,0.8802220274612913,24.0,0.2836111036132725,0.013020833333333334,121,2,0.9985236220472441,10.4453125
3803,71047,current_global,1574117052,128,shuffled_clock,3,9982794590531822122,3072,3423,128,0,1333,395,0.3894244814490213,0.8846041484078294,24.0,0.25347540566559973,0.012369791666666666,124,2,0.999507874015748,10.4140625
3803,71047,current_global,1574117052,128,shuffled_clock,4,3120428150606054396,3072,3423,128,0,1324,424,0.3867952088810985,0.876132047911189,24.0,0.29716876323188796,0.013346354166666666,122,3,0.9985236220472441,10.34375
3803,71047,current_global,1574117052,128,shuffled_clock,5,14094816890329981583,3072,3423,128,0,1307,389,0.3818288051416886,0.8863569967864446,24.0,0.2756920822846944,0.012369791666666666,123,2,0.999261811023622,10.2109375
3803,71047,current_global,1574117052,128,shuffled_clock,6,1390298563733676519,3072,3423,128,0,1321,399,0.3859187846917908,0.8834355828220859,24.0,0.26605285327338274,0.013997395833333334,124,2,0.9990157480314961,10.3203125
3803,71047,current_global,1574117052,128,shuffled_clock,7,6303762729174936087,3072,3423,128,0,1338,424,0.3908851884312007,0.876132047911189,24.0,0.2852452092434253,0.013671875,121,3,0.9984005905511811,10.453125
3803,71047,current_global,1574117052,128,shuffled_clock,8,13208480822163294053,3072,3423,128,0,1332,413,0.38913234005258546,0.8793456032719836,24.0,0.28298380478532453,0.013997395833333334,123,2,0.9986466535433071,10.40625
3803,71047,current_global,1574117052,128,shuffled_clock,9,1119899477242146099,3072,3423,128,0,1336,416,0.390300905638329,0.878469179082676,24.0,0.278356789367938,0.014973958333333334,124,2,0.999138779527559,10.4375
3803,71047,current_global,1574117052,128,shuffled_clock,10,14148927903850855916,3072,3423,128,0,1316,411,0.38445807770961143,0.8799298860648553,24.0,0.2992316641022467,0.012369791666666666,121,2,0.9985236220472441,10.28125
3803,71047,current_global,1574117052,128,shuffled_clock,11,9617095509670473966,3072,3423,128,0,1315,402,0.3841659363131756,0.8825591586327782,24.0,0.3025482326355025,0.013346354166666666,122,3,0.9990157480314961,10.2734375
3803,71047,current_global,1574117052,128,shuffled_clock,12,7572611887330347012,3072,3423,128,0,1337,402,0.39059304703476483,0.8825591586327782,24.0,0.29982497081357246,0.013020833333333334,125,2,0.999507874015748,10.4453125
3803,71047,current_global,1574117052,128,shuffled_clock,13,12040512657330701408,3072,3423,128,0,1347,392,0.39351446099912357,0.885480572597137,24.0,0.26620695282483414,0.015299479166666666,124,2,0.999507874015748,10.5234375
3803,71047,current_global,1574117052,128,shuffled_clock,14,9815483811746967910,3072,3423,128,0,1321,414,0.3859187846917908,0.8790534618755478,24.0,0.2668736893255744,0.013671875,123,2,0.9990157480314961,10.3203125
3803,71047,current_global,1574117052,128,shuffled_clock,15,5642950770301672409,3072,3423,128,0,1315,411,0.3841659363131756,0.8799298860648553,24.0,0.2908922978679225,0.013671875,123,2,0.9985236220472441,10.2734375
3803,71047,current_global,1574117052,128,shuffled_clock,16,13465968610730323904,3072,3423,128,0,1318,399,0.3850423605024832,0.8834355828220859,24.0,0.2691180794417474,0.014973958333333334,124,2,0.9993848425196851,10.296875
3803,71047,current_global,1574117052,128,shuffled_clock,17,14598887953954438494,3072,3423,128,0,1311,407,0.38299737072743206,0.8810984516505989,24.0,0.29042197856618174,0.0146484375,124,2,0.999507874015748,10.2421875
3803,71047,current_global,1574117052,128,shuffled_clock,18,3305925709603851000,3072,3423,128,0,1295,408,0.3783231083844581,0.880806310254163,24.0,0.31758225145495,0.013671875,124,2,0.9993848425196851,10.1171875
3803,71047,current_global,1574117052,128,shuffled_clock,19,2617204020273147341,3072,3423,128,0,1337,397,0.39059304703476483,0.8840198656149576,24.0,0.3022317831460765,0.013671875,123,2,0.999261811023622,10.4453125
3803,71047,current_global,1574117052,128,shuffled_clock,20,1564578393988997661,3072,3423,128,0,1339,416,0.3911773298276366,0.878469179082676,24.0,0.2908453001621682,0.013671875,125,2,0.9993848425196851,10.4609375
3803,71047,current_global,1574117052,128,shuffled_clock,21,12048020417257394122,3072,3423,128,0,1331,405,0.38884019865614955,0.8816827344434707,24.0,0.2664635873709121,0.012369791666666666,121,2,0.99876968503937,10.3984375
3803,71047,current_global,1574117052,128,shuffled_clock,22,2909971821302491908,3072,3423,128,0,1302,402,0.3803680981595092,0.8825591586327782,24.0,0.2808502432660637,0.013997395833333334,121,2,0.9985236220472441,10.171875
3803,71047,current_global,1574117052,128,shuffled_clock,23,10178354259656727039,3072,3423,128,0,1310,391,0.3827052293309962,0.8857727139935729,24.0,0.27053663336275013,0.0126953125,121,2,0.999138779527559,10.234375
3803,71047,current_global,1574117052,128,shuffled_clock,24,3160538713996163255,3072,3423,128,0,1329,404,0.38825591586327785,0.8819748758399065,24.0,0.28886449186974694,0.013671875,123,2,0.999261811023622,10.3828125
3803,71047,current_global,1574117052,128,shuffled_clock,25,18175379985713336931,3072,3423,128,0,1329,397,0.38825591586327785,0.8840198656149576,24.0,0.2533135611844834,0.013346354166666666,121,2,0.9985236220472441,10.3828125
3803,71047,current_global,1574117052,128,shuffled_clock,26,2555259542352207093,3072,3423,128,0,1331,403,0.38884019865614955,0.8822670172363424,24.0,0.29560057939250195,0.013346354166666666,125,2,0.999630905511811,10.3984375
3803,71047,current_global,1574117052,128,shuffled_clock,27,5493249644251028785,3072,3423,128,0,1349,413,0.39409874379199533,0.8793456032719836,24.0,0.29098627050738496,0.013346354166666666,123,2,0.999261811023622,10.5390625
3803,71047,current_global,1574117052,128,shuffled_clock,28,3329054263260042809,3072,3423,128,0,1341,414,0.39176161262050835,0.8790534618755478,24.0,0.28786897658750904,0.013671875,120,2,0.9986466535433071,10.4765625
3803,71047,current_global,1574117052,128,shuffled_clock,29,176087347789173201,3072,3423,128,0,1315,401,0.3841659363131756,0.8828513000292142,24.0,0.3030899487946894,0.013671875,120,2,0.9990157480314961,10.2734375
3803,71047,current_global,1574117052,128,shuffled_clock,30,11791322645488382542,3072,3423,128,0,1344,392,0.39263803680981596,0.885480572597137,24.0,0.27559289462820663,0.013020833333333334,126,2,0.999261811023622,10.5
3803,71047,current_global,1574117052,128,shuffled_clock,31,8253729374872866055,3072,3423,128,0,1315,411,0.3841659363131756,0.8799298860648553,24.0,0.3137279025690793,0.014973958333333334,124,2,0.999507874015748,10.2734375
3803,71047,current_global,1574117052,64,clock,-1,,3072,3423,64,0,461,762,0.13467718375693835,0.7773882559158632,48.0,0.6966829002437648,0.045247395833333336,64,1,1.0,7.203125
3803,71047,current_global,1574117052,64,event_count,-1,,3072,3423,64,0,595,713,0.1738241308793456,0.7917031843412211,48.0,0.0,0.015625,64,1,1.0,9.296875
3803,71047,current_global,1574117052,64,shuffled_clock,0,2306193932835167727,3072,3423,64,0,592,721,0.17294770669003798,0.7893660531697342,48.0,0.20092653548782283,0.022786458333333332,64,1,1.0,9.25
3803,71047,current_global,1574117052,64,shuffled_clock,1,12527498571965702898,3072,3423,64,0,595,732,0.1738241308793456,0.7861524978089395,48.0,0.2028035969646469,0.024088541666666668,64,1,1.0,9.296875
3803,71047,current_global,1574117052,64,shuffled_clock,2,7269265180530931031,3072,3423,64,0,584,731,0.17061057551855097,0.7864446392053754,48.0,0.19746798905630258,0.022786458333333332,64,1,1.0,9.125
3803,71047,current_global,1574117052,64,shuffled_clock,3,8554624387907008158,3072,3423,64,0,589,734,0.17207128250073037,0.7855682150160678,48.0,0.1892736510747908,0.021484375,64,1,1.0,9.203125
3803,71047,current_global,1574117052,64,shuffled_clock,4,17335974068155196064,3072,3423,64,0,593,729,0.17323984808647386,0.7870289219982471,48.0,0.21368780487932534,0.0283203125,64,1,1.0,9.265625
3803,71047,current_global,1574117052,64,shuffled_clock,5,13185427649842675638,3072,3423,64,0,589,710,0.17207128250073037,0.7925796085305288,48.0,0.18388265466821685,0.021484375,64,1,1.0,9.203125
3803,71047,current_global,1574117052,64,shuffled_clock,6,12423227398995413935,3072,3423,64,0,588,728,0.17177914110429449,0.787321063394683,48.0,0.236227795630767,0.0244140625,64,1,1.0,9.1875
3803,71047,current_global,1574117052,64,shuffled_clock,7,6778757724918825261,3072,3423,64,0,568,704,0.16593631317557697,0.794332456909144,48.0,0.21471701157972647,0.0234375,64,1,1.0,8.875
3803,71047,current_global,1574117052,64,shuffled_clock,8,7036725937605286856,3072,3423,64,0,581,741,0.16973415132924335,0.7835232252410167,48.0,0.21947709220674338,0.023111979166666668,64,1,1.0,9.078125
3803,71047,current_global,1574117052,64,shuffled_clock,9,6629706263374216955,3072,3423,64,0,589,746,0.17207128250073037,0.7820625182588373,48.0,0.2058382333456987,0.021158854166666668,64,1,1.0,9.203125
3803,71047,current_global,1574117052,64,shuffled_clock,10,13209131763048974540,3072,3423,64,0,595,730,0.1738241308793456,0.7867367806018113,48.0,0.22851940821176056,0.0234375,64,1,1.0,9.296875
3803,71047,current_global,1574117052,64,shuffled_clock,11,7434254861502965490,3072,3423,64,0,577,690,0.16856558574349986,0.7984224364592463,48.0,0.1935566467084218,0.0234375,64,1,1.0,9.015625
3803,71047,current_global,1574117052,64,shuffled_clock,12,6741317454244298401,3072,3423,64,0,584,718,0.17061057551855097,0.7902424773590417,48.0,0.1923784803916827,0.023111979166666668,64,1,1.0,9.125
3803,71047,current_global,1574117052,64,shuffled_clock,13,7961107995775655151,3072,3423,64,0,589,735,0.17207128250073037,0.7852760736196319,48.0,0.22132133860212153,0.024739583333333332,64,1,1.0,9.203125
3803,71047,current_global,1574117052,64,shuffled_clock,14,1095234038375018549,3072,3423,64,0,591,754,0.1726555652936021,0.7797253870873503,48.0,0.20338027474463402,0.0224609375,64,1,1.0,9.234375
3803,71047,current_global,1574117052,64,shuffled_clock,15,11522888987604870783,3072,3423,64,0,582,707,0.17002629272567923,0.7934560327198364,48.0,0.21138635982885254,0.027669270833333332,64,1,1.0,9.09375
3803,71047,current_global,1574117052,64,shuffled_clock,16,4709562039904676285,3072,3423,64,0,577,721,0.16856558574349986,0.7893660531697342,48.0,0.17956075153569473,0.023111979166666668,64,1,1.0,9.015625
3803,71047,current_global,1574117052,64,shuffled_clock,17,4421747318863783477,3072,3423,64,0,587,731,0.1714869997078586,0.7864446392053754,48.0,0.1922710163778646,0.0234375,64,1,1.0,9.171875
3803,71047,current_global,1574117052,64,shuffled_clock,18,10437414110593416629,3072,3423,64,0,580,738,0.16944200993280747,0.7843996494303243,48.0,0.20242957710291998,0.022135416666666668,64,1,1.0,9.0625
3803,71047,current_global,1574117052,64,shuffled_clock,19,12164223612714396615,3072,3423,64,0,581,743,0.16973415132924335,0.7829389424481449,48.0,0.23756554836659946,0.023763020833333332,64,1,1.0,9.078125
3803,71047,current_global,1574117052,64,shuffled_clock,20,17350272637692208540,3072,3423,64,0,573,721,0.16739702015775634,0.7893660531697342,48.0,0.19302200804786207,0.023763020833333332,64,1,1.0,8.953125
3803,71047,current_global,1574117052,64,shuffled_clock,21,9909809211255295299,3072,3423,64,0,574,710,0.16768916155419222,0.7925796085305288,48.0,0.18989142214588192,0.024088541666666668,64,1,1.0,8.96875
3803,71047,current_global,1574117052,64,shuffled_clock,22,3484582390254388109,3072,3423,64,0,594,719,0.17353198948290974,0.7899503359626059,48.0,0.2137200426112549,0.0224609375,64,1,1.0,9.28125
3803,71047,current_global,1574117052,64,shuffled_clock,23,13225129824294876203,3072,3423,64,0,577,718,0.16856558574349986,0.7902424773590417,48.0,0.17155528826362929,0.022786458333333332,64,1,1.0,9.015625
3803,71047,current_global,1574117052,64,shuffled_clock,24,294215114363475282,3072,3423,64,0,578,731,0.16885772713993574,0.7864446392053754,48.0,0.21723698849660902,0.025716145833333332,64,1,1.0,9.03125
3803,71047,current_global,1574117052,64,shuffled_clock,25,8685426322529258790,3072,3423,64,0,591,745,0.1726555652936021,0.7823546596552732,48.0,0.21339744613663184,0.0234375,64,1,1.0,9.234375
3803,71047,current_global,1574117052,64,shuffled_clock,26,7311186124725720422,3072,3423,64,0,594,707,0.17353198948290974,0.7934560327198364,48.0,0.20130334800710903,0.026692708333333332,64,1,1.0,9.28125
3803,71047,current_global,1574117052,64,shuffled_clock,27,11904012684420696697,3072,3423,64,0,576,729,0.16827344434706398,0.7870289219982471,48.0,0.24156287681841784,0.024739583333333332,64,1,1.0,9.0
3803,71047,current_global,1574117052,64,shuffled_clock,28,15917600453195929010,3072,3423,64,0,602,733,0.17586912065439672,0.7858603564125036,48.0,0.21024257426904136,0.024088541666666668,64,1,1.0,9.40625
3803,71047,current_global,1574117052,64,shuffled_clock,29,4204150565264858014,3072,3423,64,0,601,738,0.17557697925796084,0.7843996494303243,48.0,0.22700701960259648,0.025065104166666668,64,1,1.0,9.390625
3803,71047,current_global,1574117052,64,shuffled_clock,30,6135423857095410217,3072,3423,64,0,593,739,0.17323984808647386,0.7841075080338884,48.0,0.23284979186847524,0.0244140625,64,1,1.0,9.265625
3803,71047,current_global,1574117052,64,shuffled_clock,31,14260313179400693101,3072,3423,64,0,592,742,0.17294770669003798,0.7832310838445807,48.0,0.21426734195196548,0.023111979166666668,64,1,1.0,9.25
3803,71047,current_global,1574117052,32,clock,-1,,3072,3423,32,0,190,1343,0.05550686532281624,0.60765410458662,96.0,0.6950848301804272,0.0791015625,32,1,1.0,5.9375
3803,71047,current_global,1574117052,32,event_count,-1,,3072,3423,32,0,241,1203,0.07040607654104587,0.6485539000876425,96.0,0.0,0.03125,32,1,1.0,7.53125
3803,71047,current_global,1574117052,32,shuffled_clock,0,17235724725005558142,3072,3423,32,0,235,1173,0.06865322816243062,0.6573181419807187,96.0,0.11343202139035745,0.0390625,32,1,1.0,7.34375
3803,71047,current_global,1574117052,32,shuffled_clock,1,10884053433694128193,3072,3423,32,0,227,1210,0.06631609699094361,0.6465089103125913,96.0,0.12842529172852032,0.039713541666666664,32,1,1.0,7.09375
3803,71047,current_global,1574117052,32,shuffled_clock,2,7513535545802772801,3072,3423,32,0,235,1190,0.06865322816243062,0.6523517382413088,96.0,0.1578657498701946,0.0419921875,32,1,1.0,7.34375
3803,71047,current_global,1574117052,32,shuffled_clock,3,7568447386324003423,3072,3423,32,0,234,1190,0.06836108676599474,0.6523517382413088,96.0,0.1437543828223862,0.043294270833333336,32,1,1.0,7.3125
3803,71047,current_global,1574117052,32,shuffled_clock,4,12955249365741844487,3072,3423,32,0,227,1184,0.06631609699094361,0.654104586619924,96.0,0.15534009255449382,0.041666666666666664,32,1,1.0,7.09375
3803,71047,current_global,1574117052,32,shuffled_clock,5,14846554879213384630,3072,3423,32,0,235,1185,0.06865322816243062,0.6538124452234881,96.0,0.12842529172852032,0.039388020833333336,32,1,1.0,7.34375
3803,71047,current_global,1574117052,32,shuffled_clock,6,11702951654756075554,3072,3423,32,0,238,1204,0.06952965235173825,0.6482617586912065,96.0,0.1207266863443991,0.037760416666666664,32,1,1.0,7.4375
3803,71047,current_global,1574117052,32,shuffled_clock,7,3909412752692004435,3072,3423,32,0,238,1206,0.06952965235173825,0.6476774758983348,96.0,0.17746835120945814,0.04296875,32,1,1.0,7.4375
3803,71047,current_global,1574117052,32,shuffled_clock,8,1277585754308939008,3072,3423,32,0,233,1192,0.06806894536955886,0.6517674554484371,96.0,0.14955410877542918,0.0400390625,32,1,1.0,7.28125
3803,71047,current_global,1574117052,32,shuffled_clock,9,9357146156696559411,3072,3423,32,0,233,1192,0.06806894536955886,0.6517674554484371,96.0,0.14564119447080115,0.0419921875,32,1,1.0,7.28125
3803,71047,current_global,1574117052,32,shuffled_clock,10,11668874133643620398,3072,3423,32,0,232,1182,0.067776803973123,0.6546888694127958,96.0,0.14149657720951123,0.0390625,32,1,1.0,7.25
3803,71047,current_global,1574117052,32,shuffled_clock,11,10479100959612451164,3072,3423,32,0,236,1207,0.06894536955886649,0.647385334501899,96.0,0.1721624144620568,0.040690104166666664,32,1,1.0,7.375
3803,71047,current_global,1574117052,32,shuffled_clock,12,2994661352438439874,3072,3423,32,0,234,1175,0.06836108676599474,0.6567338591878469,96.0,0.17760635916882114,0.0439453125,32,1,1.0,7.3125
3803,71047,current_global,1574117052,32,shuffled_clock,13,5682023957327506001,3072,3423,32,0,229,1187,0.06690037978381537,0.6532281624306164,96.0,0.12305270856840782,0.040364583333333336,32,1,1.0,7.15625
3803,71047,current_global,1574117052,32,shuffled_clock,14,1327542483266200123,3072,3423,32,0,245,1204,0.07157464212678936,0.6482617586912065,96.0,0.12248248905638727,0.037434895833333336,32,1,1.0,7.65625
3803,71047,current_global,1574117052,32,shuffled_clock,15,16856575835016667238,3072,3423,32,0,239,1196,0.06982179374817411,0.6505988898626935,96.0,0.15150732353923194,0.039388020833333336,32,1,1.0,7.46875
3803,71047,current_global,1574117052,32,shuffled_clock,16,17975545163991026506,3072,3423,32,0,230,1225,0.06719252118025124,0.6421267893660532,96.0,0.14157076925019935,0.0390625,32,1,1.0,7.1875
3803,71047,current_global,1574117052,32,shuffled_clock,17,17157717099962539519,3072,3423,32,0,236,1205,0.06894536955886649,0.6479696172947707,96.0,0.1069847303444829,0.037760416666666664,32,1,1.0,7.375
3803,71047,current_global,1574117052,32,shuffled_clock,18,16385521726886129906,3072,3423,32,0,238,1199,0.06952965235173825,0.6497224656733859,96.0,0.14346190157773972,0.041341145833333336,32,1,1.0,7.4375
3803,71047,current_global,1574117052,32,shuffled_clock,19,12451585515566729145,3072,3423,32,0,229,1210,0.06690037978381537,0.6465089103125913,96.0,0.1560146076356279,0.0390625,32,1,1.0,7.15625
3803,71047,current_global,1574117052,32,shuffled_clock,20,15098612481973177876,3072,3423,32,0,228,1211,0.06660823838737949,0.6462167689161554,96.0,0.166750650882965,0.045572916666666664,32,1,1.0,7.125
3803,71047,current_global,1574117052,32,shuffled_clock,21,17684700341043922216,3072,3423,32,0,238,1208,0.06952965235173825,0.6470931931054631,96.0,0.16815115101542902,0.043619791666666664,32,1,1.0,7.4375
3803,71047,current_global,1574117052,32,shuffled_clock,22,9312002141778151621,3072,3423,32,0,236,1183,0.06894536955886649,0.65439672801636,96.0,0.15166895602667746,0.041341145833333336,32,1,1.0,7.375
3803,71047,current_global,1574117052,32,shuffled_clock,23,15482768038353434832,3072,3423,32,0,232,1204,0.067776803973123,0.6482617586912065,96.0,0.14496670301168765,0.040364583333333336,32,1,1.0,7.25
3803,71047,current_global,1574117052,32,shuffled_clock,24,5671401814406834746,3072,3423,32,0,244,1218,0.07128250073035348,0.6441717791411042,96.0,0.17351924092539758,0.039388020833333336,32,1,1.0,7.625
3803,71047,current_global,1574117052,32,shuffled_clock,25,9012630772745041506,3072,3423,32,0,232,1207,0.067776803973123,0.647385334501899,96.0,0.16976703017385378,0.041341145833333336,32,1,1.0,7.25
3803,71047,current_global,1574117052,32,shuffled_clock,26,10157054985301468596,3072,3423,32,0,226,1206,0.06602395559450774,0.6476774758983348,96.0,0.16605651081769193,0.040364583333333336,32,1,1.0,7.0625
3803,71047,current_global,1574117052,32,shuffled_clock,27,13819121371728635224,3072,3423,32,0,234,1193,0.06836108676599474,0.6514753140520012,96.0,0.15313882883206775,0.041015625,32,1,1.0,7.3125
3803,71047,current_global,1574117052,32,shuffled_clock,28,13274938975379312291,3072,3423,32,0,237,1190,0.06923751095530237,0.6523517382413088,96.0,0.16024245183213975,0.042643229166666664,32,1,1.0,7.40625
3803,71047,current_global,1574117052,32,shuffled_clock,29,8501789143265276938,3072,3423,32,0,235,1213,0.06865322816243062,0.6456324861232837,96.0,0.1540730971494796,0.040690104166666664,32,1,1.0,7.34375
3803,71047,current_global,1574117052,32,shuffled_clock,30,10252235790635404271,3072,3423,32,0,239,1191,0.06982179374817411,0.6520595968448729,96.0,0.1366389215870541,0.041015625,32,1,1.0,7.46875
3803,71047,current_global,1574117052,32,shuffled_clock,31,5244359481511878073,3072,3423,32,0,236,1199,0.06894536955886649,0.6497224656733859,96.0,0.1443133149965888,0.038736979166666664,32,1,1.0,7.375
3803,71047,exposure_matched_local,1674117052,128,clock,-1,,3072,3401,128,0,1130,419,0.33225521905321964,0.8768009408997354,24.0,0.5828409995840637,0.024739583333333332,125,2,0.999507874015748,8.828125
3803,71047,exposure_matched_local,1674117052,128,event_count,-1,,3072,3401,128,0,1333,402,0.39194354601587766,0.8817994707438989,24.0,0.0,0.0078125,126,2,0.999630905511811,10.4140625
3803,71047,exposure_matched_local,1674117052,128,shuffled_clock,0,16574757701204182666,3072,3401,128,0,1284,430,0.3775360188179947,0.8735665980593943,24.0,0.2656929400787666,0.013671875,125,2,0.9990157480314961,10.03125
3803,71047,exposure_matched_local,1674117052,128,shuffled_clock,1,14820277378070728276,3072,3401,128,0,1306,423,0.38400470449867685,0.8756248162305205,24.0,0.2539603202657185,0.012369791666666666,125,2,0.999630905511811,10.203125
3803,71047,exposure_matched_local,1674117052,128,shuffled_clock,2,5391945359475782966,3072,3401,128,0,1296,416,0.38106439282563953,0.8776830344016465,24.0,0.26758985539190644,0.013020833333333334,126,2,0.999630905511811,10.125
3803,71047,exposure_matched_local,1674117052,128,shuffled_clock,3,14579720949129229895,3072,3401,128,0,1296,395,0.38106439282563953,0.883857688915025,24.0,0.25401414252345234,0.013997395833333334,126,2,0.999630905511811,10.125
3803,71047,exposure_matched_local,1674117052,128,shuffled_clock,4,13104014130980097534,3072,3401,128,0,1292,437,0.37988826815642457,0.8715083798882681,24.0,0.2690164679299351,0.013346354166666666,124,2,0.999261811023622,10.09375
3803,71047,exposure_matched_local,1674117052,128,shuffled_clock,5,10619424080564078327,3072,3401,128,0,1274,404,0.3745957071449574,0.8812114084092914,24.0,0.2597086832875985,0.013346354166666666,122,2,0.999138779527559,9.953125
3803,71047,exposure_matched_local,1674117052,128,shuffled_clock,6,384252106226359056,3072,3401,128,0,1302,401,0.38282857982946195,0.8820935019112026,24.0,0.2490138028619057,0.012369791666666666,128,1,1.0,10.171875
3803,71047,exposure_matched_local,1674117052,128,shuffled_clock,7,387979066509421808,3072,3401,128,0,1295,415,0.3807703616583358,0.8779770655689503,24.0,0.27658317052691883,0.013020833333333334,126,2,0.999630905511811,10.1171875
3803,71047,exposure_matched_local,1674117052,128,shuffled_clock,8,9148173709479389378,3072,3401,128,0,1290,414,0.3793002058218171,0.878271096736254,24.0,0.26373055525342187,0.012044270833333334,126,2,0.999630905511811,10.078125
3803,71047,exposure_matched_local,1674117052,128,shuffled_clock,9,14286857852162372720,3072,3401,128,0,1308,423,0.3845927668332843,0.8756248162305205,24.0,0.2633155580565088,0.013671875,123,2,0.9988927165354331,10.21875
3803,71047,exposure_matched_local,1674117052,128,shuffled_clock,10,16945421085734785501,3072,3401,128,0,1298,437,0.381652455160247,0.8715083798882681,24.0,0.24912357311315383,0.0126953125,124,2,0.9993848425196851,10.140625
3803,71047,exposure_matched_local,1674117052,128,shuffled_clock,11,3404263958189214296,3072,3401,128,0,1307,408,0.3842987356659806,0.8800352837400764,24.0,0.2579128319246467,0.0126953125,128,1,1.0,10.2109375
3803,71047,exposure_matched_local,1674117052,128,shuffled_clock,12,14076233260789231471,3072,3401,128,0,1291,416,0.37959423698912087,0.8776830344016465,24.0,0.27053663336275013,0.013020833333333334,126,2,0.999753937007874,10.0859375
3803,71047,exposure_matched_local,1674117052,128,shuffled_clock,13,794096839436441446,3072,3401,128,0,1300,430,0.38224051749485444,0.8735665980593943,24.0,0.27305143583979413,0.013020833333333334,123,2,0.9993848425196851,10.15625
3803,71047,exposure_matched_local,1674117052,128,shuffled_clock,14,16581269991569724098,3072,3401,128,0,1317,426,0.3872390473390179,0.8747427227286092,24.0,0.24597592510352242,0.0126953125,125,2,0.999507874015748,10.2890625
3803,71047,exposure_matched_local,1674117052,128,shuffled_clock,15,3816566996875215296,3072,3401,128,0,1292,411,0.37988826815642457,0.8791531902381653,24.0,0.27430019126065935,0.012369791666666666,127,2,0.999876968503937,10.09375
3803,71047,exposure_matched_local,1674117052,128,shuffled_clock,16,11336701971126047709,3072,3401,128,0,1290,424,0.3793002058218171,0.8753307850632167,24.0,0.2585480861675297,0.014322916666666666,124,2,0.999507874015748,10.078125
3803,71047,exposure_matched_local,1674117052,128,shuffled_clock,17,16179390345656153893,3072,3401,128,0,1307,417,0.3842987356659806,0.8773890032343429,24.0,0.2652294768979742,0.013997395833333334,126,2,0.999753937007874,10.2109375
3803,71047,exposure_matched_local,1674117052,128,shuffled_clock,18,12999040072395977827,3072,3401,128,0,1292,423,0.37988826815642457,0.8756248162305205,24.0,0.2732015878642519,0.013671875,123,3,0.99876968503937,10.09375
3803,71047,exposure_matched_local,1674117052,128,shuffled_clock,19,2647279846359130666,3072,3401,128,0,1298,409,0.381652455160247,0.8797412525727727,24.0,0.25674411688937554,0.013346354166666666,123,2,0.9993848425196851,10.140625
3803,71047,exposure_matched_local,1674117052,128,shuffled_clock,20,14225117017447511529,3072,3401,128,0,1296,417,0.38106439282563953,0.8773890032343429,24.0,0.25514178721556385,0.013671875,126,2,0.999753937007874,10.125
3803,71047,exposure_matched_local,1674117052,128,shuffled_clock,21,1103715970070697304,3072,3401,128,0,1285,433,0.37783004998529846,0.8726845045574831,24.0,0.26028704122952606,0.013671875,126,2,0.999630905511811,10.0390625
3803,71047,exposure_matched_local,1674117052,128,shuffled_clock,22,16006872657702483311,3072,3401,128,0,1291,431,0.37959423698912087,0.8732725668920905,24.0,0.2924389849695296,0.013671875,126,2,0.999753937007874,10.0859375
3803,71047,exposure_matched_local,1674117052,128,shuffled_clock,23,4584053944458245074,3072,3401,128,0,1321,407,0.3884151720082329,0.8803293149073802,24.0,0.2732516202038096,0.0126953125,125,2,0.9993848425196851,10.3203125
3803,71047,exposure_matched_local,1674117052,128,shuffled_clock,24,10421641967561352755,3072,3401,128,0,1296,425,0.38106439282563953,0.875036753895913,24.0,0.25981393503793254,0.012044270833333334,123,2,0.999138779527559,10.125
3803,71047,exposure_matched_local,1674117052,128,shuffled_clock,25,14294066530338328978,3072,3401,128,0,1293,419,0.3801822993237283,0.8768009408997354,24.0,0.2633155580565088,0.013346354166666666,124,2,0.9993848425196851,10.1015625
3803,71047,exposure_matched_local,1674117052,128,shuffled_clock,26,9808818588450167527,3072,3401,128,0,1290,429,0.3793002058218171,0.873860629226698,24.0,0.28031431552021085,0.013997395833333334,120,2,0.9986466535433071,10.078125
3803,71047,exposure_matched_local,1674117052,128,shuffled_clock,27,6510175281335850062,3072,3401,128,0,1285,423,0.37783004998529846,0.8756248162305205,24.0,0.28500548719986646,0.013020833333333334,125,2,0.999630905511811,10.0390625
3803,71047,exposure_matched_local,1674117052,128,shuffled_clock,28,10646096811539624542,3072,3401,128,0,1317,421,0.3872390473390179,0.8762128785651279,24.0,0.25158074179335516,0.015625,126,2,0.999630905511811,10.2890625
3803,71047,exposure_matched_local,1674117052,128,shuffled_clock,29,14382001272820589966,3072,3401,128,0,1288,444,0.37871214348720966,0.8694501617171421,24.0,0.28065547885757264,0.013346354166666666,122,2,0.99876968503937,10.0625
3803,71047,exposure_matched_local,1674117052,128,shuffled_clock,30,11250795070797661520,3072,3401,128,0,1281,415,0.3766539253160835,0.8779770655689503,24.0,0.2717466429788116,0.013997395833333334,126,2,0.999630905511811,10.0078125
3803,71047,exposure_matched_local,1674117052,128,shuffled_clock,31,7243424806810662985,3072,3401,128,0,1288,437,0.37871214348720966,0.8715083798882681,24.0,0.2636787163231416,0.012369791666666666,124,2,0.999507874015748,10.0625
3803,71047,exposure_matched_local,1674117052,64,clock,-1,,3072,3401,64,0,476,789,0.1399588356365775,0.7680094089973537,48.0,0.5640227771302265,0.0390625,64,1,1.0,7.4375
3803,71047,exposure_matched_local,1674117052,64,event_count,-1,,3072,3401,64,0,567,714,0.1667156718612173,0.7900617465451338,48.0,0.0,0.015625,64,1,1.0,8.859375
3803,71047,exposure_matched_local,1674117052,64,shuffled_clock,0,10357355785820901007,3072,3401,64,0,552,759,0.16230520435166126,0.7768303440164658,48.0,0.19130112370149124,0.021484375,64,1,1.0,8.625
3803,71047,exposure_matched_local,1674117052,64,shuffled_clock,1,3056287139089610135,3072,3401,64,0,569,758,0.16730373419582475,0.7771243751837695,48.0,0.19419627019596616,0.0205078125,64,1,1.0,8.890625
3803,71047,exposure_matched_local,1674117052,64,shuffled_clock,2,2720386346015094576,3072,3401,64,0,563,743,0.16553954719200234,0.7815348426933255,48.0,0.17638654541625354,0.0234375,64,1,1.0,8.796875
3803,71047,exposure_matched_local,1674117052,64,shuffled_clock,3,16690614800410919893,3072,3401,64,0,556,738,0.16348132902087623,0.7830049985298442,48.0,0.1726361513146674,0.024088541666666668,64,1,1.0,8.6875
3803,71047,exposure_matched_local,1674117052,64,shuffled_clock,4,7085026811380383153,3072,3401,64,0,547,755,0.1608350485151426,0.7780064686856807,48.0,0.19589172269241076,0.0205078125,64,1,1.0,8.546875
3803,71047,exposure_matched_local,1674117052,64,shuffled_clock,5,4892162403674881650,3072,3401,64,0,557,762,0.16377536018817995,0.7759482505145545,48.0,0.22857969561769317,0.026041666666666668,64,1,1.0,8.703125
3803,71047,exposure_matched_local,1674117052,64,shuffled_clock,6,14377698214297297900,3072,3401,64,0,561,747,0.1649514848573949,0.7803587180241106,48.0,0.20164529380818977,0.023763020833333332,64,1,1.0,8.765625
3803,71047,exposure_matched_local,1674117052,64,shuffled_clock,7,14907922130842997292,3072,3401,64,0,556,750,0.16348132902087623,0.7794766245221993,48.0,0.16471241840254217,0.0205078125,64,1,1.0,8.6875
3803,71047,exposure_matched_local,1674117052,64,shuffled_clock,8,14391594934698354862,3072,3401,64,0,554,733,0.16289326668626875,0.7844751543663628,48.0,0.18070811625497976,0.020833333333333332,64,1,1.0,8.65625
3803,71047,exposure_matched_local,1674117052,64,shuffled_clock,9,7460680856881364974,3072,3401,64,0,562,762,0.1652455160246986,0.7759482505145545,48.0,0.1929149025140177,0.022135416666666668,64,1,1.0,8.78125
3803,71047,exposure_matched_local,1674117052,64,shuffled_clock,10,9715166463895962086,3072,3401,64,0,565,767,0.16612760952660982,0.7744780946780359,48.0,0.19086847831454345,0.0244140625,64,1,1.0,8.828125
3803,71047,exposure_matched_local,1674117052,64,shuffled_clock,11,3168794465380150901,3072,3401,64,0,565,769,0.16612760952660982,0.7738900323434285,48.0,0.19641855032959654,0.023763020833333332,64,1,1.0,8.828125
3803,71047,exposure_matched_local,1674117052,64,shuffled_clock,12,2217142186519585266,3072,3401,64,0,549,771,0.16142311084975008,0.773301970008821,48.0,0.19018144357818267,0.0224609375,64,1,1.0,8.578125
3803,71047,exposure_matched_local,1674117052,64,shuffled_clock,13,5044938301088881510,3072,3401,64,0,561,741,0.1649514848573949,0.7821229050279329,48.0,0.17767078873882403,0.0234375,64,1,1.0,8.765625
3803,71047,exposure_matched_local,1674117052,64,shuffled_clock,14,15200126347766664474,3072,3401,64,0,548,760,0.16112907968244633,0.776536312849162,48.0,0.20557030191635747,0.0244140625,64,1,1.0,8.5625
3803,71047,exposure_matched_local,1674117052,64,shuffled_clock,15,16614432117853107812,3072,3401,64,0,561,755,0.1649514848573949,0.7780064686856807,48.0,0.19673396974109017,0.021484375,64,1,1.0,8.765625
3803,71047,exposure_matched_local,1674117052,64,shuffled_clock,16,13826672243552721981,3072,3401,64,0,553,766,0.16259923551896502,0.7747721258453396,48.0,0.180097098051666,0.020833333333333332,64,1,1.0,8.640625
3803,71047,exposure_matched_local,1674117052,64,shuffled_clock,17,3039858322935600911,3072,3401,64,0,567,730,0.1667156718612173,0.785357247868274,48.0,0.1937345317259388,0.023763020833333332,64,1,1.0,8.859375
3803,71047,exposure_matched_local,1674117052,64,shuffled_clock,18,6793841772920981291,3072,3401,64,0,554,741,0.16289326668626875,0.7821229050279329,48.0,0.18696646607246473,0.024088541666666668,64,1,1.0,8.65625
3803,71047,exposure_matched_local,1674117052,64,shuffled_clock,19,3026284876681955309,3072,3401,64,0,565,751,0.16612760952660982,0.7791825933548956,48.0,0.20054901497491184,0.021484375,64,1,1.0,8.828125
3803,71047,exposure_matched_local,1674117052,64,shuffled_clock,20,10101634117660541667,3072,3401,64,0,563,767,0.16553954719200234,0.7744780946780359,48.0,0.2256982600410068,0.024739583333333332,64,1,1.0,8.796875
3803,71047,exposure_matched_local,1674117052,64,shuffled_clock,21,5736501926741599875,3072,3401,64,0,565,744,0.16612760952660982,0.7812408115260218,48.0,0.16687321856978052,0.020833333333333332,64,1,1.0,8.828125
3803,71047,exposure_matched_local,1674117052,64,shuffled_clock,22,8402294688587192495,3072,3401,64,0,552,746,0.16230520435166126,0.7806527491914143,48.0,0.20557030191635747,0.024739583333333332,64,1,1.0,8.625
3803,71047,exposure_matched_local,1674117052,64,shuffled_clock,23,14103498777146814776,3072,3401,64,0,568,759,0.16700970302852103,0.7768303440164658,48.0,0.19483379386297583,0.021158854166666668,64,1,1.0,8.875
3803,71047,exposure_matched_local,1674117052,64,shuffled_clock,24,18444295988794430927,3072,3401,64,0,556,755,0.16348132902087623,0.7780064686856807,48.0,0.20140599270554793,0.020833333333333332,64,1,1.0,8.6875
3803,71047,exposure_matched_local,1674117052,64,shuffled_clock,25,15926297269415663406,3072,3401,64,0,556,745,0.16348132902087623,0.780946780358718,48.0,0.18515211344901913,0.021158854166666668,64,1,1.0,8.6875
3803,71047,exposure_matched_local,1674117052,64,shuffled_clock,26,2741347464326546731,3072,3401,64,0,564,765,0.1658335783593061,0.7750661570126434,48.0,0.17038672425535137,0.019856770833333332,64,1,1.0,8.8125
3803,71047,exposure_matched_local,1674117052,64,shuffled_clock,27,9685110406045771759,3072,3401,64,0,561,778,0.1649514848573949,0.7712437518376948,48.0,0.19433812285929042,0.022135416666666668,64,1,1.0,8.765625
3803,71047,exposure_matched_local,1674117052,64,shuffled_clock,28,11576409296264160994,3072,3401,64,0,552,765,0.16230520435166126,0.7750661570126434,48.0,0.16802521699130027,0.020182291666666668,64,1,1.0,8.625
3803,71047,exposure_matched_local,1674117052,64,shuffled_clock,29,867524224124066807,3072,3401,64,0,552,742,0.16230520435166126,0.7818288738606293,48.0,0.19444444444444445,0.021158854166666668,64,1,1.0,8.625
3803,71047,exposure_matched_local,1674117052,64,shuffled_clock,30,13473506245818469321,3072,3401,64,0,552,739,0.16230520435166126,0.7827109673625404,48.0,0.1972585479624852,0.022786458333333332,64,1,1.0,8.625
3803,71047,exposure_matched_local,1674117052,64,shuffled_clock,31,10172799042165854741,3072,3401,64,0,565,740,0.16612760952660982,0.7824169361952367,48.0,0.18290594724589704,0.0224609375,64,1,1.0,8.828125
3803,71047,exposure_matched_local,1674117052,32,clock,-1,,3072,3401,32,0,198,1346,0.05821817112613937,0.6042340488091738,96.0,0.5604552640903598,0.07552083333333333,32,1,1.0,6.1875
3803,71047,exposure_matched_local,1674117052,32,event_count,-1,,3072,3401,32,0,224,1243,0.06586298147603646,0.6345192590414584,96.0,0.0,0.03125,32,1,1.0,7.0
3803,71047,exposure_matched_local,1674117052,32,shuffled_clock,0,8021401011458385318,3072,3401,32,0,227,1239,0.06674507497794767,0.6356953837106734,96.0,0.13804064450027093,0.040690104166666664,32,1,1.0,7.09375
3803,71047,exposure_matched_local,1674117052,32,shuffled_clock,1,16896838787091562733,3072,3401,32,0,225,1264,0.06615701264334019,0.6283446045280799,96.0,0.14000448021505146,0.0439453125,32,1,1.0,7.03125
3803,71047,exposure_matched_local,1674117052,32,shuffled_clock,2,9398846508505944876,3072,3401,32,0,221,1268,0.06498088797412525,0.627168479858865,96.0,0.10893006659596859,0.0419921875,32,1,1.0,6.90625
3803,71047,exposure_matched_local,1674117052,32,shuffled_clock,3,15593209096085837642,3072,3401,32,0,231,1241,0.0679211996471626,0.6351073213760658,96.0,0.12208175069618961,0.037434895833333336,32,1,1.0,7.21875
3803,71047,exposure_matched_local,1674117052,32,shuffled_clock,4,4040884001504240377,3072,3401,32,0,222,1252,0.065274919141429,0.6318729785357248,96.0,0.15208379363606878,0.04296875,32,1,1.0,6.9375
3803,71047,exposure_matched_local,1674117052,32,shuffled_clock,5,13654030626708375432,3072,3401,32,0,230,1261,0.06762716847985886,0.6292266980299912,96.0,0.13686927677434108,0.040690104166666664,32,1,1.0,7.1875
3803,71047,exposure_matched_local,1674117052,32,shuffled_clock,6,2913096857422698355,3072,3401,32,0,227,1266,0.06674507497794767,0.6277565421934725,96.0,0.17202003899896168,0.040364583333333336,32,1,1.0,7.09375
3803,71047,exposure_matched_local,1674117052,32,shuffled_clock,7,17029585972771326872,3072,3401,32,0,221,1262,0.06498088797412525,0.6289326668626875,96.0,0.16567666317387644,0.0400390625,32,1,1.0,6.90625
3803,71047,exposure_matched_local,1674117052,32,shuffled_clock,8,3225454292124845667,3072,3401,32,0,225,1261,0.06615701264334019,0.6292266980299912,96.0,0.15053388412187205,0.041341145833333336,32,1,1.0,7.03125
3803,71047,exposure_matched_local,1674117052,32,shuffled_clock,9,7476079843255097623,3072,3401,32,0,226,1251,0.06645104381064393,0.6321670097030285,96.0,0.14595329167666785,0.044270833333333336,32,1,1.0,7.0625
3803,71047,exposure_matched_local,1674117052,32,shuffled_clock,10,10240125608351717524,3072,3401,32,0,223,1269,0.06556895030873272,0.6268744486915613,96.0,0.16165603140940776,0.044921875,32,1,1.0,6.96875
3803,71047,exposure_matched_local,1674117052,32,shuffled_clock,11,11201111757034612262,3072,3401,32,0,227,1260,0.06674507497794767,0.629520729197295,96.0,0.15307024384893142,0.0400390625,32,1,1.0,7.09375
3803,71047,exposure_matched_local,1674117052,32,shuffled_clock,12,15199676941164592859,3072,3401,32,0,229,1258,0.06733313731255514,0.6301087915319024,96.0,0.15682019616341253,0.040690104166666664,32,1,1.0,7.15625
3803,71047,exposure_matched_local,1674117052,32,shuffled_clock,13,7347921802031129028,3072,3401,32,0,233,1245,0.06850926198177007,0.6339311967068509,96.0,0.13394830457117043,0.039713541666666664,32,1,1.0,7.28125
3803,71047,exposure_matched_local,1674117052,32,shuffled_clock,14,14525377942610152496,3072,3401,32,0,227,1267,0.06674507497794767,0.6274625110261688,96.0,0.10503668927184427,0.039388020833333336,32,1,1.0,7.09375
3803,71047,exposure_matched_local,1674117052,32,shuffled_clock,15,16016064784226224762,3072,3401,32,0,227,1257,0.06674507497794767,0.6304028226992061,96.0,0.09414120885298359,0.0361328125,32,1,1.0,7.09375
3803,71047,exposure_matched_local,1674117052,32,shuffled_clock,16,8352978456921172214,3072,3401,32,0,226,1241,0.06645104381064393,0.6351073213760658,96.0,0.11614587100389957,0.0400390625,32,1,1.0,7.0625
3803,71047,exposure_matched_local,1674117052,32,shuffled_clock,17,9980914613519679401,3072,3401,32,0,223,1262,0.06556895030873272,0.6289326668626875,96.0,0.12418529303894427,0.0390625,32,1,1.0,6.96875
3803,71047,exposure_matched_local,1674117052,32,shuffled_clock,18,6103082523744621958,3072,3401,32,0,223,1265,0.06556895030873272,0.6280505733607762,96.0,0.14887383402996432,0.042643229166666664,32,1,1.0,6.96875
3803,71047,exposure_matched_local,1674117052,32,shuffled_clock,19,8381311233937570037,3072,3401,32,0,227,1254,0.06674507497794767,0.6312849162011173,96.0,0.16143936326296845,0.042643229166666664,32,1,1.0,7.09375
3803,71047,exposure_matched_local,1674117052,32,shuffled_clock,20,4512076700153276456,3072,3401,32,0,227,1268,0.06674507497794767,0.627168479858865,96.0,0.15923448985649005,0.04296875,32,1,1.0,7.09375
3803,71047,exposure_matched_local,1674117052,32,shuffled_clock,21,1662280793658247607,3072,3401,32,0,233,1235,0.06850926198177007,0.6368715083798883,96.0,0.1181477607454988,0.038411458333333336,32,1,1.0,7.28125
3803,71047,exposure_matched_local,1674117052,32,shuffled_clock,22,15403283474867471617,3072,3401,32,0,230,1261,0.06762716847985886,0.6292266980299912,96.0,0.1427280762969951,0.041341145833333336,32,1,1.0,7.1875
3803,71047,exposure_matched_local,1674117052,32,shuffled_clock,23,11532307416558658904,3072,3401,32,0,220,1254,0.06468685680682153,0.6312849162011173,96.0,0.09875031191820434,0.0390625,32,1,1.0,6.875
3803,71047,exposure_matched_local,1674117052,32,shuffled_clock,24,16556926661869630936,3072,3401,32,0,223,1249,0.06556895030873272,0.632755072037636,96.0,0.0895293973666278,0.0361328125,32,1,1.0,6.96875
3803,71047,exposure_matched_local,1674117052,32,shuffled_clock,25,7158898106422906519,3072,3401,32,0,223,1262,0.06556895030873272,0.6289326668626875,96.0,0.13109576618027854,0.038411458333333336,32,1,1.0,6.96875
3803,71047,exposure_matched_local,1674117052,32,shuffled_clock,26,12970020314053656707,3072,3401,32,0,227,1259,0.06674507497794767,0.6298147603645986,96.0,0.1361513363134138,0.0390625,32,1,1.0,7.09375
3803,71047,exposure_matched_local,1674117052,32,shuffled_clock,27,12391431164590882385,3072,3401,32,0,230,1247,0.06762716847985886,0.6333431343722434,96.0,0.13157548394328783,0.039713541666666664,32,1,1.0,7.1875
3803,71047,exposure_matched_local,1674117052,32,shuffled_clock,28,9282527461368488135,3072,3401,32,0,226,1247,0.06645104381064393,0.6333431343722434,96.0,0.1477409792623733,0.039713541666666664,32,1,1.0,7.0625
3803,71047,exposure_matched_local,1674117052,32,shuffled_clock,29,14154930661037875749,3072,3401,32,0,233,1236,0.06850926198177007,0.6365774772125845,96.0,0.12752270688237966,0.040364583333333336,32,1,1.0,7.28125
3803,71047,exposure_matched_local,1674117052,32,shuffled_clock,30,16507400381401474466,3072,3401,32,0,229,1245,0.06733313731255514,0.6339311967068509,96.0,0.10747436553574917,0.038736979166666664,32,1,1.0,7.15625
3803,71047,exposure_matched_local,1674117052,32,shuffled_clock,31,11365419153490155666,3072,3401,32,0,229,1264,0.06733313731255514,0.6283446045280799,96.0,0.09853741124958891,0.038736979166666664,32,1,1.0,7.15625
3803,71089,current_global,1574117094,128,clock,-1,,3072,3604,128,0,1273,409,0.35321864594894564,0.8865149833518313,24.0,0.6843536330093699,0.022135416666666668,120,2,0.9981545275590551,9.9453125
3803,71089,current_global,1574117094,128,event_count,-1,,3072,3604,128,0,1561,372,0.43312985571587126,0.8967813540510544,24.0,0.0,0.0078125,126,2,0.999753937007874,12.1953125
3803,71089,current_global,1574117094,128,shuffled_clock,0,13787694077352048799,3072,3604,128,0,1498,410,0.4156492785793563,0.8862375138734739,24.0,0.2968926267963205,0.013020833333333334,124,2,0.9993848425196851,11.703125
3803,71089,current_global,1574117094,128,shuffled_clock,1,16712162194310024545,3072,3604,128,0,1572,396,0.4361820199778024,0.8901220865704772,24.0,0.24840919942446812,0.013671875,125,2,0.999630905511811,12.28125
3803,71089,current_global,1574117094,128,shuffled_clock,2,14702489969193436344,3072,3604,128,0,1538,411,0.4267480577136515,0.8859600443951166,24.0,0.2656414841007341,0.012369791666666666,125,2,0.999507874015748,12.015625
3803,71089,current_global,1574117094,128,shuffled_clock,3,128203401314456100,3072,3604,128,0,1500,398,0.416204217536071,0.8895671476137624,24.0,0.28322523798749094,0.013020833333333334,123,2,0.999261811023622,11.71875
3803,71089,current_global,1574117094,128,shuffled_clock,4,4007033423502138952,3072,3604,128,0,1536,398,0.4261931187569367,0.8895671476137624,24.0,0.26196227680849615,0.013997395833333334,123,2,0.999261811023622,12.0
3803,71089,current_global,1574117094,128,shuffled_clock,5,12235469382704925111,3072,3604,128,0,1545,398,0.4286903440621532,0.8895671476137624,24.0,0.27265062617662494,0.0126953125,121,2,0.999138779527559,12.0703125
3803,71089,current_global,1574117094,128,shuffled_clock,6,6145538797064350008,3072,3604,128,0,1532,386,0.42508324084350724,0.892896781354051,24.0,0.25336752083174247,0.013671875,128,1,1.0,11.96875
3803,71089,current_global,1574117094,128,shuffled_clock,7,10046781163079986315,3072,3604,128,0,1527,393,0.4236958934517203,0.8909544950055494,24.0,0.27114231315077403,0.013020833333333334,126,2,0.999507874015748,11.9296875
3803,71089,current_global,1574117094,128,shuffled_clock,8,8815132054447318992,3072,3604,128,0,1516,422,0.42064372918978915,0.8829078801331853,24.0,0.30146187999789215,0.013020833333333334,124,2,0.9990157480314961,11.84375
3803,71089,current_global,1574117094,128,shuffled_clock,9,6036299186700128216,3072,3604,128,0,1535,386,0.42591564927857933,0.892896781354051,24.0,0.2584423188952914,0.0126953125,125,2,0.9993848425196851,11.9921875
3803,71089,current_global,1574117094,128,shuffled_clock,10,1964094343546938802,3072,3604,128,0,1566,412,0.4345172031076582,0.8856825749167592,24.0,0.24619812562318066,0.014322916666666666,124,2,0.999261811023622,12.234375
3803,71089,current_global,1574117094,128,shuffled_clock,11,7896477695023345269,3072,3604,128,0,1561,382,0.43312985571587126,0.8940066592674806,24.0,0.2563711357194804,0.013671875,126,2,0.999630905511811,12.1953125
3803,71089,current_global,1574117094,128,shuffled_clock,12,13773960740855006346,3072,3604,128,0,1538,388,0.4267480577136515,0.8923418423973363,24.0,0.2687622710783744,0.0146484375,123,2,0.9993848425196851,12.015625
3803,71089,current_global,1574117094,128,shuffled_clock,13,17538797208103321794,3072,3604,128,0,1548,406,0.4295227524972253,0.8873473917869035,24.0,0.24228019685536925,0.013997395833333334,123,2,0.999261811023622,12.09375
3803,71089,current_global,1574117094,128,shuffled_clock,14,15879812441633749894,3072,3604,128,0,1535,375,0.42591564927857933,0.8959489456159823,24.0,0.25997173276583424,0.013346354166666666,125,2,0.999507874015748,11.9921875
3803,71089,current_global,1574117094,128,shuffled_clock,15,17054888542582266065,3072,3604,128,0,1541,405,0.42758046614872364,0.8876248612652609,24.0,0.2786512949583713,0.013671875,124,2,0.9993848425196851,12.0390625
3803,71089,current_global,1574117094,128,shuffled_clock,16,571527216978912741,3072,3604,128,0,1529,380,0.4242508324084351,0.8945615982241953,24.0,0.26279588997932646,0.015299479166666666,125,2,0.999630905511811,11.9453125
3803,71089,current_global,1574117094,128,shuffled_clock,17,11301508857948651016,3072,3604,128,0,1499,402,0.4159267480577136,0.888457269700333,24.0,0.288343460141069,0.014973958333333334,123,2,0.999138779527559,11.7109375
3803,71089,current_global,1574117094,128,shuffled_clock,18,13587047361279854338,3072,3604,128,0,1524,398,0.42286348501664817,0.8895671476137624,24.0,0.25838941902391643,0.015625,125,2,0.9993848425196851,11.90625
3803,71089,current_global,1574117094,128,shuffled_clock,19,12472120653340396481,3072,3604,128,0,1520,397,0.42175360710321863,0.8898446170921198,24.0,0.2610736463507905,0.013020833333333334,125,2,0.999261811023622,11.875
3803,71089,current_global,1574117094,128,shuffled_clock,20,17609940537398265802,3072,3604,128,0,1524,401,0.42286348501664817,0.8887347391786904,24.0,0.28786897658750904,0.014322916666666666,124,2,0.9993848425196851,11.90625
3803,71089,current_global,1574117094,128,shuffled_clock,21,3067415322460724426,3072,3604,128,0,1513,388,0.419811320754717,0.8923418423973363,24.0,0.2474166614730164,0.013346354166666666,123,2,0.999261811023622,11.8203125
3803,71089,current_global,1574117094,128,shuffled_clock,22,4491262450810414059,3072,3604,128,0,1558,414,0.4322974472807991,0.8851276359600444,24.0,0.24785828014032685,0.014973958333333334,126,2,0.999753937007874,12.171875
3803,71089,current_global,1574117094,128,shuffled_clock,23,2478479146702505144,3072,3604,128,0,1499,392,0.4159267480577136,0.8912319644839067,24.0,0.2964318277807476,0.013020833333333334,125,2,0.999630905511811,11.7109375
3803,71089,current_global,1574117094,128,shuffled_clock,24,8532339044552695701,3072,3604,128,0,1530,390,0.42452830188679247,0.8917869034406215,24.0,0.30880913136603994,0.016927083333333332,124,2,0.999507874015748,11.953125
3803,71089,current_global,1574117094,128,shuffled_clock,25,9490488861720313828,3072,3604,128,0,1530,389,0.42452830188679247,0.8920643729189789,24.0,0.26977762139283246,0.012044270833333334,125,2,0.999507874015748,11.953125
3803,71089,current_global,1574117094,128,shuffled_clock,26,11302282724844623976,3072,3604,128,0,1529,397,0.4242508324084351,0.8898446170921198,24.0,0.2918306625562999,0.014973958333333334,123,2,0.999138779527559,11.9453125
3803,71089,current_global,1574117094,128,shuffled_clock,27,5709071419405610261,3072,3604,128,0,1545,387,0.4286903440621532,0.8926193118756937,24.0,0.276187486246309,0.013997395833333334,125,2,0.9993848425196851,12.0703125
3803,71089,current_global,1574117094,128,shuffled_clock,28,1515222719179136305,3072,3604,128,0,1514,408,0.4200887902330744,0.8867924528301887,24.0,0.27494730267379247,0.013671875,124,3,0.9990157480314961,11.828125
3803,71089,current_global,1574117094,128,shuffled_clock,29,9300934977553618656,3072,3604,128,0,1517,384,0.4209211986681465,0.8934517203107658,24.0,0.27214878399493403,0.0126953125,126,2,0.999630905511811,11.8515625
3803,71089,current_global,1574117094,128,shuffled_clock,30,2170087847558707382,3072,3604,128,0,1520,412,0.42175360710321863,0.8856825749167592,24.0,0.2829354934226532,0.017252604166666668,124,2,0.999138779527559,11.875
3803,71089,current_global,1574117094,128,shuffled_clock,31,2921576156995320342,3072,3604,128,0,1507,411,0.4181465038845727,0.8859600443951166,24.0,0.2750964199057657,0.012369791666666666,124,2,0.999138779527559,11.7734375
3803,71089,current_global,1574117094,64,clock,-1,,3072,3604,64,0,584,753,0.16204217536071033,0.7910654827968924,48.0,0.6685138925370148,0.044270833333333336,64,1,1.0,9.125
3803,71089,current_global,1574117094,64,event_count,-1,,3072,3604,64,0,717,693,0.19894561598224195,0.8077136514983352,48.0,0.0,0.015625,64,1,1.0,11.203125
3803,71089,current_global,1574117094,64,shuffled_clock,0,1145012902817031360,3072,3604,64,0,715,722,0.19839067702552718,0.7996670366259712,48.0,0.19122908411177753,0.0205078125,64,1,1.0,11.171875
3803,71089,current_global,1574117094,64,shuffled_clock,1,4493394738541137558,3072,3604,64,0,720,701,0.1997780244173141,0.8054938956714761,48.0,0.1637896524953584,0.021809895833333332,64,1,1.0,11.25
3803,71089,current_global,1574117094,64,shuffled_clock,2,4852576974420468547,3072,3604,64,0,712,714,0.19755826859045506,0.8018867924528302,48.0,0.19522236676869917,0.022135416666666668,64,1,1.0,11.125
3803,71089,current_global,1574117094,64,shuffled_clock,3,9304338101433722093,3072,3604,64,0,713,719,0.19783573806881244,0.8004994450610433,48.0,0.17070988571071413,0.022135416666666668,64,1,1.0,11.140625
3803,71089,current_global,1574117094,64,shuffled_clock,4,6247598296648739682,3072,3604,64,0,716,718,0.19866814650388456,0.8007769145394007,48.0,0.19910098870599238,0.0224609375,64,1,1.0,11.1875
3803,71089,current_global,1574117094,64,shuffled_clock,5,12935255353356462943,3072,3604,64,0,718,685,0.19922308546059933,0.8099334073251943,48.0,0.17963747051015688,0.0224609375,64,1,1.0,11.21875
3803,71089,current_global,1574117094,64,shuffled_clock,6,10734928884403099263,3072,3604,64,0,704,662,0.195338512763596,0.816315205327414,48.0,0.18108895570007358,0.021809895833333332,64,1,1.0,11.0
3803,71089,current_global,1574117094,64,shuffled_clock,7,11267765184536141751,3072,3604,64,0,702,691,0.19478357380688124,0.80826859045505,48.0,0.20307517873608996,0.0224609375,64,1,1.0,10.96875
3803,71089,current_global,1574117094,64,shuffled_clock,8,6339894068128529379,3072,3604,64,0,710,688,0.1970033296337403,0.8091009988901221,48.0,0.18196186151943775,0.022135416666666668,64,1,1.0,11.09375
3803,71089,current_global,1574117094,64,shuffled_clock,9,1655061216557462735,3072,3604,64,0,710,709,0.1970033296337403,0.803274139844617,48.0,0.19910098870599238,0.0234375,64,1,1.0,11.09375
3803,71089,current_global,1574117094,64,shuffled_clock,10,4917603453950431208,3072,3604,64,0,709,698,0.1967258601553829,0.8063263041065483,48.0,0.17371028913183165,0.0224609375,64,1,1.0,11.078125
3803,71089,current_global,1574117094,64,shuffled_clock,11,433349510039927046,3072,3604,64,0,716,691,0.19866814650388456,0.80826859045505,48.0,0.18861733514755685,0.020833333333333332,64,1,1.0,11.1875
3803,71089,current_global,1574117094,64,shuffled_clock,12,14367282442164995406,3072,3604,64,0,725,703,0.201165371809101,0.8049389567147613,48.0,0.1851893187369359,0.021484375,64,1,1.0,11.328125
3803,71089,current_global,1574117094,64,shuffled_clock,13,12072504822585278484,3072,3604,64,0,707,685,0.19617092119866814,0.8099334073251943,48.0,0.19913558788753882,0.026041666666666668,64,1,1.0,11.046875
3803,71089,current_global,1574117094,64,shuffled_clock,14,1400271565130168906,3072,3604,64,0,698,693,0.1936736958934517,0.8077136514983352,48.0,0.18751837064620094,0.022786458333333332,64,1,1.0,10.90625
3803,71089,current_global,1574117094,64,shuffled_clock,15,8532380690174235617,3072,3604,64,0,709,721,0.1967258601553829,0.7999445061043285,48.0,0.19277200256662008,0.025065104166666668,64,1,1.0,11.078125
3803,71089,current_global,1574117094,64,shuffled_clock,16,5323179419851125974,3072,3604,64,0,717,695,0.19894561598224195,0.8071587125416204,48.0,0.20757135786688377,0.022786458333333332,64,1,1.0,11.203125
3803,71089,current_global,1574117094,64,shuffled_clock,17,5633782955087830540,3072,3604,64,0,708,705,0.19644839067702552,0.8043840177580466,48.0,0.2090266242123946,0.022786458333333332,64,1,1.0,11.0625
3803,71089,current_global,1574117094,64,shuffled_clock,18,18100454125506790158,3072,3604,64,0,714,728,0.19811320754716982,0.7980022197558269,48.0,0.19341422090053473,0.0205078125,64,1,1.0,11.15625
3803,71089,current_global,1574117094,64,shuffled_clock,19,4265496393039807517,3072,3604,64,0,722,707,0.20033296337402887,0.8038290788013318,48.0,0.1866345399413468,0.0224609375,64,1,1.0,11.28125
3803,71089,current_global,1574117094,64,shuffled_clock,20,9488230495382102346,3072,3604,64,0,717,709,0.19894561598224195,0.803274139844617,48.0,0.1754859089294757,0.0234375,64,1,1.0,11.203125
3803,71089,current_global,1574117094,64,shuffled_clock,21,10810939788742288831,3072,3604,64,0,714,694,0.19811320754716982,0.8074361820199778,48.0,0.17556440855716804,0.021484375,64,1,1.0,11.15625
3803,71089,current_global,1574117094,64,shuffled_clock,22,4959929882886627370,3072,3604,64,0,716,705,0.19866814650388456,0.8043840177580466,48.0,0.18792207051205537,0.021809895833333332,64,1,1.0,11.1875
3803,71089,current_global,1574117094,64,shuffled_clock,23,13059260316474754576,3072,3604,64,0,721,724,0.20005549389567148,0.7991120976692564,48.0,0.21953986271916845,0.0263671875,64,1,1.0,11.265625
3803,71089,current_global,1574117094,64,shuffled_clock,24,2128861992039457548,3072,3604,64,0,709,701,0.1967258601553829,0.8054938956714761,48.0,0.20034279485355955,0.0224609375,64,1,1.0,11.078125
3803,71089,current_global,1574117094,64,shuffled_clock,25,17679506850621567957,3072,3604,64,0,702,704,0.19478357380688124,0.804661487236404,48.0,0.18729780397039908,0.023111979166666668,64,1,1.0,10.96875
3803,71089,current_global,1574117094,64,shuffled_clock,26,13918028931367945890,3072,3604,64,0,715,703,0.19839067702552718,0.8049389567147613,48.0,0.1946215180121885,0.023111979166666668,64,1,1.0,11.171875
3803,71089,current_global,1574117094,64,shuffled_clock,27,3824632052160954249,3072,3604,64,0,725,700,0.201165371809101,0.8057713651498335,48.0,0.17634748295416092,0.021809895833333332,64,1,1.0,11.328125
3803,71089,current_global,1574117094,64,shuffled_clock,28,13874702427114454293,3072,3604,64,0,722,688,0.20033296337402887,0.8091009988901221,48.0,0.1813930515577682,0.0244140625,64,1,1.0,11.28125
3803,71089,current_global,1574117094,64,shuffled_clock,29,12025697929357915098,3072,3604,64,0,712,716,0.19755826859045506,0.8013318534961155,48.0,0.21213463246902653,0.025065104166666668,64,1,1.0,11.125
3803,71089,current_global,1574117094,64,shuffled_clock,30,17901785620131285373,3072,3604,64,0,711,703,0.19728079911209767,0.8049389567147613,48.0,0.21865943577539826,0.024739583333333332,64,1,1.0,11.109375
3803,71089,current_global,1574117094,64,shuffled_clock,31,6850338823991300080,3072,3604,64,0,700,681,0.19422863485016648,0.8110432852386238,48.0,0.2019866607256804,0.0224609375,64,1,1.0,10.9375
3803,71089,current_global,1574117094,32,clock,-1,,3072,3604,32,0,250,1296,0.06936736958934517,0.6403995560488346,96.0,0.6667506667510001,0.08268229166666667,32,1,1.0,7.8125
3803,71089,current_global,1574117094,32,event_count,-1,,3072,3604,32,0,293,1156,0.08129855715871254,0.6792452830188679,96.0,0.0,0.03125,32,1,1.0,9.15625
3803,71089,current_global,1574117094,32,shuffled_clock,0,9936152171877296973,3072,3604,32,0,295,1164,0.0818534961154273,0.6770255271920089,96.0,0.15500173429484135,0.041341145833333336,32,1,1.0,9.21875
3803,71089,current_global,1574117094,32,shuffled_clock,1,9597992363666658958,3072,3604,32,0,298,1137,0.08268590455049944,0.6845172031076582,96.0,0.11340115973249054,0.039388020833333336,32,1,1.0,9.3125
3803,71089,current_global,1574117094,32,shuffled_clock,2,18182766137318386500,3072,3604,32,0,289,1172,0.08018867924528301,0.6748057713651499,96.0,0.13778684644683412,0.041666666666666664,32,1,1.0,9.03125
3803,71089,current_global,1574117094,32,shuffled_clock,3,17116153595941959895,3072,3604,32,0,293,1158,0.08129855715871254,0.6786903440621531,96.0,0.136613302589625,0.042643229166666664,32,1,1.0,9.15625
3803,71089,current_global,1574117094,32,shuffled_clock,4,11422261595053821547,3072,3604,32,0,295,1168,0.0818534961154273,0.6759156492785794,96.0,0.13441784242431198,0.042317708333333336,32,1,1.0,9.21875
3803,71089,current_global,1574117094,32,shuffled_clock,5,17802385769048281816,3072,3604,32,0,291,1162,0.08074361820199778,0.6775804661487237,96.0,0.12494398386454088,0.037760416666666664,32,1,1.0,9.09375
3803,71089,current_global,1574117094,32,shuffled_clock,6,6931662076268194621,3072,3604,32,0,294,1174,0.08157602663706992,0.6742508324084351,96.0,0.14964769708795253,0.039388020833333336,32,1,1.0,9.1875
3803,71089,current_global,1574117094,32,shuffled_clock,7,15059053019508285028,3072,3604,32,0,300,1161,0.08324084350721421,0.6778579356270811,96.0,0.13093546968725558,0.044596354166666664,32,1,1.0,9.375
3803,71089,current_global,1574117094,32,shuffled_clock,8,10330929658929438691,3072,3604,32,0,291,1165,0.08074361820199778,0.6767480577136515,96.0,0.15744391531441934,0.0419921875,32,1,1.0,9.09375
3803,71089,current_global,1574117094,32,shuffled_clock,9,3537142968030494475,3072,3604,32,0,293,1154,0.08129855715871254,0.6798002219755827,96.0,0.11923887766260029,0.0390625,32,1,1.0,9.15625
3803,71089,current_global,1574117094,32,shuffled_clock,10,16766278587094680496,3072,3604,32,0,292,1156,0.08102108768035517,0.6792452830188679,96.0,0.12196701218334366,0.037760416666666664,32,1,1.0,9.125
3803,71089,current_global,1574117094,32,shuffled_clock,11,2725512701637873152,3072,3604,32,0,291,1176,0.08074361820199778,0.6736958934517203,96.0,0.12614284906079942,0.037760416666666664,32,1,1.0,9.09375
3803,71089,current_global,1574117094,32,shuffled_clock,12,11913070116554487019,3072,3604,32,0,297,1183,0.08240843507214206,0.6717536071032186,96.0,0.11761328710932067,0.038736979166666664,32,1,1.0,9.28125
3803,71089,current_global,1574117094,32,shuffled_clock,13,5958980479723928527,3072,3604,32,0,287,1190,0.07963374028856826,0.6698113207547169,96.0,0.1914715287612361,0.041666666666666664,32,1,1.0,8.96875
3803,71089,current_global,1574117094,32,shuffled_clock,14,7269893341118306986,3072,3604,32,0,295,1169,0.0818534961154273,0.675638179800222,96.0,0.14280162851846923,0.042317708333333336,32,1,1.0,9.21875
3803,71089,current_global,1574117094,32,shuffled_clock,15,18310318395499394033,3072,3604,32,0,296,1151,0.08213096559378469,0.6806326304106548,96.0,0.12350698868679572,0.038411458333333336,32,1,1.0,9.25
3803,71089,current_global,1574117094,32,shuffled_clock,16,10324522095164777620,3072,3604,32,0,292,1179,0.08102108768035517,0.6728634850166482,96.0,0.13321462289361544,0.043294270833333336,32,1,1.0,9.125
3803,71089,current_global,1574117094,32,shuffled_clock,17,4752682454641759992,3072,3604,32,0,270,1167,0.07491675915649279,0.6761931187569368,96.0,0.13339842161318435,0.041341145833333336,32,1,1.0,8.4375
3803,71089,current_global,1574117094,32,shuffled_clock,18,295933617632052892,3072,3604,32,0,289,1157,0.08018867924528301,0.6789678135405105,96.0,0.13491169287556942,0.040690104166666664,32,1,1.0,9.03125
3803,71089,current_global,1574117094,32,shuffled_clock,19,4826391237121767123,3072,3604,32,0,283,1170,0.07852386237513874,0.6753607103218646,96.0,0.13553293189199497,0.0400390625,32,1,1.0,8.84375
3803,71089,current_global,1574117094,32,shuffled_clock,20,17639069128274914383,3072,3604,32,0,292,1175,0.08102108768035517,0.6739733629300777,96.0,0.12828894463441573,0.0390625,32,1,1.0,9.125
3803,71089,current_global,1574117094,32,shuffled_clock,21,1553572494898697719,3072,3604,32,0,289,1137,0.08018867924528301,0.6845172031076582,96.0,0.14783571539218698,0.0400390625,32,1,1.0,9.03125
3803,71089,current_global,1574117094,32,shuffled_clock,22,3501623982394152872,3072,3604,32,0,294,1170,0.08157602663706992,0.6753607103218646,96.0,0.14482176042952527,0.041341145833333336,32,1,1.0,9.1875
3803,71089,current_global,1574117094,32,shuffled_clock,23,17176259537594241270,3072,3604,32,0,295,1182,0.0818534961154273,0.672031076581576,96.0,0.14346190157773972,0.040690104166666664,32,1,1.0,9.21875
3803,71089,current_global,1574117094,32,shuffled_clock,24,15185207771137800114,3072,3604,32,0,291,1155,0.08074361820199778,0.6795227524972253,96.0,0.14655161054035307,0.040364583333333336,32,1,1.0,9.09375
3803,71089,current_global,1574117094,32,shuffled_clock,25,3322821950343650990,3072,3604,32,0,288,1173,0.07991120976692564,0.6745283018867925,96.0,0.11321581312034901,0.0400390625,32,1,1.0,9.0
3803,71089,current_global,1574117094,32,shuffled_clock,26,15743064694471772558,3072,3604,32,0,294,1173,0.08157602663706992,0.6745283018867925,96.0,0.12978088440517443,0.039388020833333336,32,1,1.0,9.1875
3803,71089,current_global,1574117094,32,shuffled_clock,27,13754529498872225591,3072,3604,32,0,299,1166,0.08296337402885683,0.6764705882352942,96.0,0.15427742316194887,0.043294270833333336,32,1,1.0,9.34375
3803,71089,current_global,1574117094,32,shuffled_clock,28,4486756142920030333,3072,3604,32,0,295,1167,0.0818534961154273,0.6761931187569368,96.0,0.1341310979366521,0.039713541666666664,32,1,1.0,9.21875
3803,71089,current_global,1574117094,32,shuffled_clock,29,1514708350195662414,3072,3604,32,0,286,1165,0.07935627081021088,0.6767480577136515,96.0,0.13321462289361544,0.0390625,32,1,1.0,8.9375
3803,71089,current_global,1574117094,32,shuffled_clock,30,17135556766211028339,3072,3604,32,0,283,1192,0.07852386237513874,0.6692563817980022,96.0,0.1635075258864416,0.041666666666666664,32,1,1.0,8.84375
3803,71089,current_global,1574117094,32,shuffled_clock,31,16589514502701314095,3072,3604,32,0,289,1172,0.08018867924528301,0.6748057713651499,96.0,0.11162794225031396,0.039388020833333336,32,1,1.0,9.03125
3803,71089,exposure_matched_local,1674117094,128,clock,-1,,3072,3573,128,0,1205,426,0.33725160929191156,0.8807724601175483,24.0,0.6589738237877475,0.023763020833333332,121,2,0.9986466535433071,9.4140625
3803,71089,exposure_matched_local,1674117094,128,event_count,-1,,3072,3573,128,0,1480,403,0.41421774419255525,0.887209627763784,24.0,0.0,0.0078125,124,2,0.999507874015748,11.5625
3803,71089,exposure_matched_local,1674117094,128,shuffled_clock,0,9244612355418421720,3072,3573,128,0,1440,431,0.40302267002518893,0.8793730758466275,24.0,0.28510140020517283,0.014322916666666666,122,2,0.9990157480314961,11.25
3803,71089,exposure_matched_local,1674117094,128,shuffled_clock,1,14525874439845742197,3072,3573,128,0,1440,417,0.40302267002518893,0.8832913518052057,24.0,0.3040805886183023,0.013346354166666666,125,2,0.999630905511811,11.25
3803,71089,exposure_matched_local,1674117094,128,shuffled_clock,2,10981416009667389901,3072,3573,128,0,1422,401,0.3979848866498741,0.8877693814721522,24.0,0.2725001705634886,0.013020833333333334,123,2,0.9990157480314961,11.109375
3803,71089,exposure_matched_local,1674117094,128,shuffled_clock,3,14005294513448948654,3072,3573,128,0,1441,435,0.40330254687937306,0.8782535684298909,24.0,0.2972607517074644,0.013346354166666666,127,2,0.999876968503937,11.2578125
3803,71089,exposure_matched_local,1674117094,128,shuffled_clock,4,6468377354034726622,3072,3573,128,0,1408,424,0.39406661069129584,0.8813322138259166,24.0,0.31035462176531803,0.013346354166666666,127,2,0.999876968503937,11.0
3803,71089,exposure_matched_local,1674117094,128,shuffled_clock,5,9281265480255419861,3072,3573,128,0,1425,421,0.3988245172124265,0.8821718443884691,24.0,0.27114231315077403,0.013346354166666666,125,2,0.999630905511811,11.1328125
3803,71089,exposure_matched_local,1674117094,128,shuffled_clock,6,13232311234522942091,3072,3573,128,0,1416,428,0.3963056255247691,0.8802127064091799,24.0,0.30250304583327375,0.013346354166666666,121,2,0.9990157480314961,11.0625
3803,71089,exposure_matched_local,1674117094,128,shuffled_clock,7,15324173523251030512,3072,3573,128,0,1434,418,0.40134340890008396,0.8830114749510215,24.0,0.3036757174723182,0.013020833333333334,125,2,0.999507874015748,11.203125
3803,71089,exposure_matched_local,1674117094,128,shuffled_clock,8,7301248017287121522,3072,3573,128,0,1433,423,0.4010635320458998,0.8816120906801007,24.0,0.29004517402402713,0.013020833333333334,126,2,0.999753937007874,11.1953125
3803,71089,exposure_matched_local,1674117094,128,shuffled_clock,9,5382424216353176710,3072,3573,128,0,1444,436,0.40414217744192554,0.8779736915757067,24.0,0.2943028597012718,0.013020833333333334,119,2,0.9985236220472441,11.28125
3803,71089,exposure_matched_local,1674117094,128,shuffled_clock,10,6263155415561024680,3072,3573,128,0,1418,417,0.3968653792331374,0.8832913518052057,24.0,0.2865839470472166,0.013997395833333334,127,2,0.999753937007874,11.078125
3803,71089,exposure_matched_local,1674117094,128,shuffled_clock,11,2116666826387245006,3072,3573,128,0,1427,418,0.39938427092079487,0.8830114749510215,24.0,0.26764093678120293,0.012369791666666666,126,2,0.999753937007874,11.1484375
3803,71089,exposure_matched_local,1674117094,128,shuffled_clock,12,7380523782453265950,3072,3573,128,0,1437,429,0.40218303946263645,0.8799328295549959,24.0,0.2785531610250732,0.013997395833333334,126,2,0.999753937007874,11.2265625
3803,71089,exposure_matched_local,1674117094,128,shuffled_clock,13,12021350783915242251,3072,3573,128,0,1420,436,0.3974251329415057,0.8779736915757067,24.0,0.30903038892209345,0.013671875,124,2,0.9990157480314961,11.09375
3803,71089,exposure_matched_local,1674117094,128,shuffled_clock,14,2165534375416910782,3072,3573,128,0,1444,425,0.40414217744192554,0.8810523369717325,24.0,0.3097814825471882,0.013671875,122,2,0.999138779527559,11.28125
3803,71089,exposure_matched_local,1674117094,128,shuffled_clock,15,9739818221962033164,3072,3573,128,0,1435,425,0.40162328575426814,0.8810523369717325,24.0,0.31459816194562,0.013671875,124,2,0.9993848425196851,11.2109375
3803,71089,exposure_matched_local,1674117094,128,shuffled_clock,16,9259291196691844503,3072,3573,128,0,1437,436,0.40218303946263645,0.8779736915757067,24.0,0.28380383968962114,0.013997395833333334,121,2,0.9988927165354331,11.2265625
3803,71089,exposure_matched_local,1674117094,128,shuffled_clock,17,10716737999399890615,3072,3573,128,0,1451,427,0.4061013154212147,0.8804925832633641,24.0,0.31026651541243816,0.013346354166666666,127,2,0.999876968503937,11.3359375
3803,71089,exposure_matched_local,1674117094,128,shuffled_clock,18,2632577087548219023,3072,3573,128,0,1414,425,0.3957458718164008,0.8810523369717325,24.0,0.3001894997880957,0.013671875,125,2,0.999507874015748,11.046875
3803,71089,exposure_matched_local,1674117094,128,shuffled_clock,19,13741613920425032521,3072,3573,128,0,1436,412,0.40190316260845227,0.8846907360761265,24.0,0.27928832504051615,0.0126953125,125,2,0.999507874015748,11.21875
3803,71089,exposure_matched_local,1674117094,128,shuffled_clock,20,16651231788103448520,3072,3573,128,0,1450,441,0.4058214385670305,0.8765743073047859,24.0,0.2901865330645161,0.013671875,122,2,0.999138779527559,11.328125
3803,71089,exposure_matched_local,1674117094,128,shuffled_clock,21,7591300834343586459,3072,3573,128,0,1421,439,0.3977050097956899,0.8771340610131542,24.0,0.3214754371533125,0.013671875,123,2,0.9993848425196851,11.1015625
3803,71089,exposure_matched_local,1674117094,128,shuffled_clock,22,6094320553749748164,3072,3573,128,0,1418,414,0.3968653792331374,0.8841309823677582,24.0,0.29164323115446245,0.0126953125,124,2,0.9993848425196851,11.078125
3803,71089,exposure_matched_local,1674117094,128,shuffled_clock,23,4704602865259800457,3072,3573,128,0,1444,406,0.40414217744192554,0.8863699972012314,24.0,0.31083876030530116,0.013671875,126,2,0.999630905511811,11.28125
3803,71089,exposure_matched_local,1674117094,128,shuffled_clock,24,13406894926522920946,3072,3573,128,0,1455,413,0.4072208228379513,0.8844108592219423,24.0,0.29225194370641056,0.013346354166666666,123,2,0.9990157480314961,11.3671875
3803,71089,exposure_matched_local,1674117094,128,shuffled_clock,25,12120818866472065364,3072,3573,128,0,1419,421,0.3971452560873216,0.8821718443884691,24.0,0.30041710578014585,0.012369791666666666,123,2,0.9988927165354331,11.0859375
3803,71089,exposure_matched_local,1674117094,128,shuffled_clock,26,11555748369285564106,3072,3573,128,0,1442,432,0.40358242373355724,0.8790931989924433,24.0,0.2668224610518852,0.014322916666666666,124,2,0.9993848425196851,11.265625
3803,71089,exposure_matched_local,1674117094,128,shuffled_clock,27,4763181924366588716,3072,3573,128,0,1451,433,0.4061013154212147,0.8788133221382591,24.0,0.29164323115446245,0.013020833333333334,125,2,0.999507874015748,11.3359375
3803,71089,exposure_matched_local,1674117094,128,shuffled_clock,28,3366377561531616335,3072,3573,128,0,1445,423,0.4044220542961097,0.8816120906801007,24.0,0.2711927254061415,0.012369791666666666,121,2,0.9986466535433071,11.2890625
3803,71089,exposure_matched_local,1674117094,128,shuffled_clock,29,3991167725350553851,3072,3573,128,0,1434,434,0.40134340890008396,0.878533445284075,24.0,0.28763144129119056,0.013671875,124,2,0.9993848425196851,11.203125
3803,71089,exposure_matched_local,1674117094,128,shuffled_clock,30,15445546314191387331,3072,3573,128,0,1481,423,0.41449762104673943,0.8816120906801007,24.0,0.2706881803637285,0.0126953125,123,2,0.999138779527559,11.5703125
3803,71089,exposure_matched_local,1674117094,128,shuffled_clock,31,4609261049129637525,3072,3573,128,0,1419,397,0.3971452560873216,0.8888888888888888,24.0,0.27305143583979413,0.0126953125,126,2,0.999753937007874,11.0859375
3803,71089,exposure_matched_local,1674117094,64,clock,-1,,3072,3573,64,0,547,806,0.15309263923873495,0.7744192555275679,48.0,0.6415897878771835,0.044596354166666664,64,1,1.0,8.546875
3803,71089,exposure_matched_local,1674117094,64,event_count,-1,,3072,3573,64,0,681,714,0.19059613769941225,0.8001679261125105,48.0,0.0,0.015625,64,1,1.0,10.640625
3803,71089,exposure_matched_local,1674117094,64,shuffled_clock,0,586216516109834294,3072,3573,64,0,677,748,0.1894766302826756,0.7906521130702491,48.0,0.19746798905630258,0.0234375,64,1,1.0,10.578125
3803,71089,exposure_matched_local,1674117094,64,shuffled_clock,1,1076209458318589035,3072,3573,64,0,679,744,0.19003638399104394,0.7917716204869857,48.0,0.19302200804786207,0.0244140625,64,1,1.0,10.609375
3803,71089,exposure_matched_local,1674117094,64,shuffled_clock,2,5609177865873670523,3072,3573,64,0,673,743,0.18835712286593898,0.7920514973411699,48.0,0.18619105129885874,0.022135416666666668,64,1,1.0,10.515625
3803,71089,exposure_matched_local,1674117094,64,shuffled_clock,3,11290782065021813206,3072,3573,64,0,679,749,0.19003638399104394,0.7903722362160649,48.0,0.21158181651400265,0.025716145833333332,64,1,1.0,10.609375
3803,71089,exposure_matched_local,1674117094,64,shuffled_clock,4,18118584240190599774,3072,3573,64,0,642,748,0.17968094038623006,0.7906521130702491,48.0,0.22630792690000448,0.025065104166666668,64,1,1.0,10.03125
3803,71089,exposure_matched_local,1674117094,64,shuffled_clock,5,18162285106853302499,3072,3573,64,0,667,752,0.18667786174083403,0.7895326056535125,48.0,0.21752222210060235,0.0224609375,64,1,1.0,10.421875
3803,71089,exposure_matched_local,1674117094,64,shuffled_clock,6,12564415996574664768,3072,3573,64,0,660,764,0.1847187237615449,0.7861740834033025,48.0,0.21793356713122392,0.022135416666666668,64,1,1.0,10.3125
3803,71089,exposure_matched_local,1674117094,64,shuffled_clock,7,15016020142682627346,3072,3573,64,0,671,764,0.18779736915757067,0.7861740834033025,48.0,0.1998263134713633,0.022135416666666668,64,1,1.0,10.484375
3803,71089,exposure_matched_local,1674117094,64,shuffled_clock,8,8517372534479916981,3072,3573,64,0,663,743,0.1855583543240974,0.7920514973411699,48.0,0.20102937258514067,0.021484375,64,1,1.0,10.359375
3803,71089,exposure_matched_local,1674117094,64,shuffled_clock,9,497754306451726096,3072,3573,64,0,662,752,0.18527847746991324,0.7895326056535125,48.0,0.1878854063676206,0.021809895833333332,64,1,1.0,10.34375
3803,71089,exposure_matched_local,1674117094,64,shuffled_clock,10,9755669263514069858,3072,3573,64,0,659,751,0.18443884690736076,0.7898124825076966,48.0,0.21034085673998135,0.021484375,64,1,1.0,10.296875
3803,71089,exposure_matched_local,1674117094,64,shuffled_clock,11,8473090537264838880,3072,3573,64,0,668,760,0.18695773859501819,0.7872935908200391,48.0,0.23282020297555847,0.024088541666666668,64,1,1.0,10.4375
3803,71089,exposure_matched_local,1674117094,64,shuffled_clock,12,8359609748073035214,3072,3573,64,0,668,739,0.18695773859501819,0.7931710047579065,48.0,0.1835826827642922,0.022135416666666668,64,1,1.0,10.4375
3803,71089,exposure_matched_local,1674117094,64,shuffled_clock,13,18205925963607653120,3072,3573,64,0,671,750,0.18779736915757067,0.7900923593618808,48.0,0.2251481483657417,0.0244140625,64,1,1.0,10.484375
3803,71089,exposure_matched_local,1674117094,64,shuffled_clock,14,10075606904614406428,3072,3573,64,0,668,744,0.18695773859501819,0.7917716204869857,48.0,0.184069888862602,0.0224609375,64,1,1.0,10.4375
3803,71089,exposure_matched_local,1674117094,64,shuffled_clock,15,820932352464107791,3072,3573,64,0,667,768,0.18667786174083403,0.7850545759865659,48.0,0.20109790143410075,0.022135416666666668,64,1,1.0,10.421875
3803,71089,exposure_matched_local,1674117094,64,shuffled_clock,16,7405897585380745274,3072,3573,64,0,661,746,0.1849986006157291,0.7912118667786174,48.0,0.20361725558627583,0.020833333333333332,64,1,1.0,10.328125
3803,71089,exposure_matched_local,1674117094,64,shuffled_clock,17,11411157076894653354,3072,3573,64,0,664,740,0.18583823117828155,0.7928911279037224,48.0,0.2027356446769412,0.0234375,64,1,1.0,10.375
3803,71089,exposure_matched_local,1674117094,64,shuffled_clock,18,12514567957816850571,3072,3573,64,0,657,772,0.18387909319899245,0.7839350685698293,48.0,0.24199029598512833,0.024739583333333332,64,1,1.0,10.265625
3803,71089,exposure_matched_local,1674117094,64,shuffled_clock,19,7275782366047224029,3072,3573,64,0,653,750,0.18275958578225582,0.7900923593618808,48.0,0.18806865561274663,0.020833333333333332,64,1,1.0,10.203125
3803,71089,exposure_matched_local,1674117094,64,shuffled_clock,20,845559439272946764,3072,3573,64,0,666,739,0.18639798488664988,0.7931710047579065,48.0,0.22029171376481493,0.025390625,64,1,1.0,10.40625
3803,71089,exposure_matched_local,1674117094,64,shuffled_clock,21,17208092785848583187,3072,3573,64,0,670,752,0.18751749230338652,0.7895326056535125,48.0,0.1933073326796603,0.023111979166666668,64,1,1.0,10.46875
3803,71089,exposure_matched_local,1674117094,64,shuffled_clock,22,66666180266612865,3072,3573,64,0,666,753,0.18639798488664988,0.7892527287993283,48.0,0.21073352825180255,0.023763020833333332,64,1,1.0,10.40625
3803,71089,exposure_matched_local,1674117094,64,shuffled_clock,23,17263921936861686395,3072,3573,64,0,664,738,0.18583823117828155,0.7934508816120907,48.0,0.21355880528720106,0.021809895833333332,64,1,1.0,10.375
3803,71089,exposure_matched_local,1674117094,64,shuffled_clock,24,9989356209430921026,3072,3573,64,0,665,751,0.18611810803246573,0.7898124825076966,48.0,0.19819928999315786,0.024088541666666668,64,1,1.0,10.390625
3803,71089,exposure_matched_local,1674117094,64,shuffled_clock,25,15440771313769615118,3072,3573,64,0,673,767,0.18835712286593898,0.7853344528407501,48.0,0.23654838127601582,0.025390625,64,1,1.0,10.515625
3803,71089,exposure_matched_local,1674117094,64,shuffled_clock,26,8072442172050066160,3072,3573,64,0,664,742,0.18583823117828155,0.792331374195354,48.0,0.21368780487932534,0.025390625,64,1,1.0,10.375
3803,71089,exposure_matched_local,1674117094,64,shuffled_clock,27,802945852739556244,3072,3573,64,0,657,740,0.18387909319899245,0.7928911279037224,48.0,0.21522976935247662,0.023763020833333332,64,1,1.0,10.265625
3803,71089,exposure_matched_local,1674117094,64,shuffled_clock,28,2402867900207217936,3072,3573,64,0,662,747,0.18527847746991324,0.7909319899244333,48.0,0.22234619557759627,0.021484375,64,1,1.0,10.34375
3803,71089,exposure_matched_local,1674117094,64,shuffled_clock,29,13030205492991339475,3072,3573,64,0,666,763,0.18639798488664988,0.7864539602574867,48.0,0.22539280820252006,0.022135416666666668,64,1,1.0,10.40625
3803,71089,exposure_matched_local,1674117094,64,shuffled_clock,30,1933353164409343879,3072,3573,64,0,675,754,0.1889168765743073,0.7889728519451441,48.0,0.20344801172394586,0.0234375,64,1,1.0,10.546875
3803,71089,exposure_matched_local,1674117094,64,shuffled_clock,31,14629312718435874942,3072,3573,64,0,658,753,0.1841589700531766,0.7892527287993283,48.0,0.21859641244629688,0.024739583333333332,64,1,1.0,10.28125
3803,71089,exposure_matched_local,1674117094,32,clock,-1,,3072,3573,32,0,238,1368,0.06661069129582983,0.6171284634760705,96.0,0.637349980591399,0.08040364583333333,32,1,1.0,7.4375
3803,71089,exposure_matched_local,1674117094,32,event_count,-1,,3072,3573,32,0,285,1224,0.07976490344248531,0.6574307304785895,96.0,0.0,0.03125,32,1,1.0,8.90625
3803,71089,exposure_matched_local,1674117094,32,shuffled_clock,0,11910585565802526419,3072,3573,32,0,273,1244,0.0764063811922754,0.6518331933949062,96.0,0.15459472685021464,0.0419921875,32,1,1.0,8.53125
3803,71089,exposure_matched_local,1674117094,32,shuffled_clock,1,4896296863063415972,3072,3573,32,0,287,1247,0.08032465715085363,0.6509935628323538,96.0,0.16438287438380253,0.04296875,32,1,1.0,8.96875
3803,71089,exposure_matched_local,1674117094,32,shuffled_clock,2,11194636193362924754,3072,3573,32,0,276,1242,0.07724601175482787,0.6523929471032746,96.0,0.16777604573745766,0.042317708333333336,32,1,1.0,8.625
3803,71089,exposure_matched_local,1674117094,32,shuffled_clock,3,11086053819103787478,3072,3573,32,0,291,1248,0.08144416456759027,0.6507136859781696,96.0,0.1460731515077218,0.041015625,32,1,1.0,9.09375
3803,71089,exposure_matched_local,1674117094,32,shuffled_clock,4,18335357477087719710,3072,3573,32,0,288,1240,0.08060453400503778,0.6529527008116429,96.0,0.16599326323938637,0.047200520833333336,32,1,1.0,9.0
3803,71089,exposure_matched_local,1674117094,32,shuffled_clock,5,1771043487846297780,3072,3573,32,0,284,1228,0.07948502658830114,0.6563112230618527,96.0,0.16457440087370537,0.040690104166666664,32,1,1.0,8.875
3803,71089,exposure_matched_local,1674117094,32,shuffled_clock,6,4778713852191094544,3072,3573,32,0,288,1214,0.08060453400503778,0.660229499020431,96.0,0.14462827769726574,0.0419921875,32,1,1.0,9.0
3803,71089,exposure_matched_local,1674117094,32,shuffled_clock,7,18067874244442599365,3072,3573,32,0,282,1249,0.07892527287993283,0.6504338091239854,96.0,0.13279355626019432,0.0400390625,32,1,1.0,8.8125
3803,71089,exposure_matched_local,1674117094,32,shuffled_clock,8,17035990138439786630,3072,3573,32,0,276,1229,0.07724601175482787,0.6560313462076687,96.0,0.14800135770228742,0.043294270833333336,32,1,1.0,8.625
3803,71089,exposure_matched_local,1674117094,32,shuffled_clock,9,7120587002454339954,3072,3573,32,0,295,1246,0.0825636719843269,0.651273439686538,96.0,0.16013319808531976,0.041015625,32,1,1.0,9.21875
3803,71089,exposure_matched_local,1674117094,32,shuffled_clock,10,1589335070454024640,3072,3573,32,0,279,1245,0.07808564231738035,0.6515533165407221,96.0,0.1560594716502535,0.039713541666666664,32,1,1.0,8.71875
3803,71089,exposure_matched_local,1674117094,32,shuffled_clock,11,4966739100931183379,3072,3573,32,0,283,1221,0.07920514973411699,0.6582703610411419,96.0,0.13439180002507034,0.040690104166666664,32,1,1.0,8.84375
3803,71089,exposure_matched_local,1674117094,32,shuffled_clock,12,13987152389731479892,3072,3573,32,0,287,1241,0.08032465715085363,0.6526728239574587,96.0,0.13064108195321567,0.0419921875,32,1,1.0,8.96875
3803,71089,exposure_matched_local,1674117094,32,shuffled_clock,13,8673525306532332392,3072,3573,32,0,280,1235,0.07836551917156451,0.6543520850825637,96.0,0.13730333769147288,0.040690104166666664,32,1,1.0,8.75
3803,71089,exposure_matched_local,1674117094,32,shuffled_clock,14,17631969245527044947,3072,3573,32,0,280,1241,0.07836551917156451,0.6526728239574587,96.0,0.1673373601880206,0.042643229166666664,32,1,1.0,8.75
3803,71089,exposure_matched_local,1674117094,32,shuffled_clock,15,3744316171036522951,3072,3573,32,0,280,1223,0.07836551917156451,0.6577106073327735,96.0,0.14906180611749864,0.040364583333333336,32,1,1.0,8.75
3803,71089,exposure_matched_local,1674117094,32,shuffled_clock,16,4082805395474841614,3072,3573,32,0,286,1222,0.08004478029666946,0.6579904841869577,96.0,0.14595329167666785,0.041666666666666664,32,1,1.0,8.9375
3803,71089,exposure_matched_local,1674117094,32,shuffled_clock,17,15515831382518060531,3072,3573,32,0,286,1235,0.08004478029666946,0.6543520850825637,96.0,0.156663878378299,0.040364583333333336,32,1,1.0,8.9375
3803,71089,exposure_matched_local,1674117094,32,shuffled_clock,18,16754675531518006754,3072,3573,32,0,284,1233,0.07948502658830114,0.654911838790932,96.0,0.13165526696261118,0.040690104166666664,32,1,1.0,8.875
3803,71089,exposure_matched_local,1674117094,32,shuffled_clock,19,8380032125381059542,3072,3573,32,0,288,1226,0.08060453400503778,0.6568709767702211,96.0,0.156663878378299,0.040364583333333336,32,1,1.0,9.0
3803,71089,exposure_matched_local,1674117094,32,shuffled_clock,20,15849991006938935889,3072,3573,32,0,282,1203,0.07892527287993283,0.6633081444164568,96.0,0.1414718378829458,0.041015625,32,1,1.0,8.8125
3803,71089,exposure_matched_local,1674117094,32,shuffled_clock,21,4168052364404745449,3072,3573,32,0,280,1241,0.07836551917156451,0.6526728239574587,96.0,0.17655875812795183,0.045572916666666664,32,1,1.0,8.75
3803,71089,exposure_matched_local,1674117094,32,shuffled_clock,22,1437888028749641105,3072,3573,32,0,277,1249,0.07752588860901204,0.6504338091239854,96.0,0.14688560455120428,0.044270833333333336,32,1,1.0,8.65625
3803,71089,exposure_matched_local,1674117094,32,shuffled_clock,23,7838071476150755638,3072,3573,32,0,283,1253,0.07920514973411699,0.6493143017072488,96.0,0.15558775428405067,0.041341145833333336,32,1,1.0,8.84375
3803,71089,exposure_matched_local,1674117094,32,shuffled_clock,24,282989822401180265,3072,3573,32,0,285,1245,0.07976490344248531,0.6515533165407221,96.0,0.15106773505112434,0.039713541666666664,32,1,1.0,8.90625
3803,71089,exposure_matched_local,1674117094,32,shuffled_clock,25,14199799854279596495,3072,3573,32,0,283,1234,0.07920514973411699,0.6546319619367479,96.0,0.123563656268895,0.038736979166666664,32,1,1.0,8.84375
3803,71089,exposure_matched_local,1674117094,32,shuffled_clock,26,9396534957175457084,3072,3573,32,0,284,1246,0.07948502658830114,0.651273439686538,96.0,0.1849626706017434,0.046549479166666664,32,1,1.0,8.875
3803,71089,exposure_matched_local,1674117094,32,shuffled_clock,27,3004337669844055536,3072,3573,32,0,284,1231,0.07948502658830114,0.6554715924993003,96.0,0.1432421487274015,0.042317708333333336,32,1,1.0,8.875
3803,71089,exposure_matched_local,1674117094,32,shuffled_clock,28,9028633035702561244,3072,3573,32,0,285,1245,0.07976490344248531,0.6515533165407221,96.0,0.191434963969771,0.040364583333333336,32,1,1.0,8.90625
3803,71089,exposure_matched_local,1674117094,32,shuffled_clock,29,1770600697537972350,3072,3573,32,0,285,1204,0.07976490344248531,0.6630282675622726,96.0,0.11991213554472314,0.0380859375,32,1,1.0,8.90625
3803,71089,exposure_matched_local,1674117094,32,shuffled_clock,30,15844504673257319667,3072,3573,32,0,282,1221,0.07892527287993283,0.6582703610411419,96.0,0.13407889669009962,0.039388020833333336,32,1,1.0,8.8125
3803,71089,exposure_matched_local,1674117094,32,shuffled_clock,31,6195760586715018346,3072,3573,32,0,291,1225,0.08144416456759027,0.6571508536244053,96.0,0.129402749911228,0.0390625,32,1,1.0,9.09375
