growth_seed,run_offset,arm,run_seed,scale_window,parent_coarse_event_id,child_coarse_event_id,fine_edge_witness_count,first_parent_event_id,first_child_event_id,conflict_types,witness_resources
3701,71003,current_global,1573097008,16,0,40,1,576,617,RAW;WAW,token:33
3701,71003,current_global,1573097008,16,0,41,4,150,1017,WAR,edge:366:775
3701,71003,current_global,1573097008,16,1,28,1,340,361,RAW;WAW,token:51
3701,71003,current_global,1573097008,16,1,37,1,466,517,RAW;WAW,token:34
3701,71003,current_global,1573097008,16,1,41,1,1,1017,WAR,edge:366:775
3701,71003,current_global,1573097008,16,2,25,1,325,329,RAW;WAW,token:35
3701,71003,current_global,1573097008,16,2,26,1,312,352,RAW;WAW,token:44
3701,71003,current_global,1573097008,16,2,34,2,370,470,RAW;WAR;WAW,token:50
3701,71003,current_global,1573097008,16,2,36,1,417,491,RAW;WAW,token:60
3701,71003,current_global,1573097008,16,3,27,1,328,355,RAW;WAW,token:37
3701,71003,current_global,1573097008,16,4,35,1,460,473,RAW;WAW,token:46
3701,71003,current_global,1573097008,16,4,39,1,514,544,RAW;WAW,token:57
3701,71003,current_global,1573097008,16,4,44,12,294,707,RAW;WAR;WAW,adj:1226;adj:415;edge:33:415;edge:415:1226;token:40;token:54
3701,71003,current_global,1573097008,16,4,49,1,632,752,RAW;WAW,token:55
3701,71003,current_global,1573097008,16,4,53,1,744,793,RAW;WAW,token:68
3701,71003,current_global,1573097008,16,4,59,1,922,982,RAW;WAW,token:29
3701,71003,current_global,1573097008,16,4,65,2,1214,1251,RAW;WAW,token:31
3701,71003,current_global,1573097008,16,4,67,2,225,1736,WAR,edge:33:331
3701,71003,current_global,1573097008,16,4,134,1,196,2090,WAR,edge:9:1096
3701,71003,current_global,1573097008,16,5,60,1,747,986,RAW;WAW,token:24
3701,71003,current_global,1573097008,16,6,29,1,349,363,RAW;WAW,token:16
3701,71003,current_global,1573097008,16,6,31,2,306,1444,RAW;WAR;WAW,edge:327:753;token:48
3701,71003,current_global,1573097008,16,7,55,1,694,844,RAW;WAW,token:19
3701,71003,current_global,1573097008,16,8,24,9,172,415,RAW;WAR;WAW,edge:661:1093;token:26;token:49;token:62
3701,71003,current_global,1573097008,16,8,30,1,297,388,RAW;WAW,token:53
3701,71003,current_global,1573097008,16,8,38,1,530,536,RAW;WAW,token:65
3701,71003,current_global,1573097008,16,8,56,1,797,856,RAW;WAW,token:70
3701,71003,current_global,1573097008,16,8,58,1,964,974,RAW;WAW,token:45
3701,71003,current_global,1573097008,16,8,134,3,36,1936,WAR,edge:239:584
3701,71003,current_global,1573097008,16,9,24,4,239,323,RAW;WAR;WAW,token:18;token:47;token:52
3701,71003,current_global,1573097008,16,9,67,1,138,1193,WAR,edge:299:446
3701,71003,current_global,1573097008,16,9,134,3,11,2318,WAR,edge:239:1247;edge:239:584
3701,71003,current_global,1573097008,16,10,44,1,814,863,RAW;WAW,token:32
3701,71003,current_global,1573097008,16,11,24,10,38,415,RAW;WAR;WAW,edge:661:1093;token:22
3701,71003,current_global,1573097008,16,12,33,2,65,1068,RAW;WAR;WAW,edge:16:27;token:42
3701,71003,current_global,1573097008,16,12,47,1,675,737,RAW;WAW,token:38
3701,71003,current_global,1573097008,16,12,50,1,695,772,RAW;WAW,token:71
3701,71003,current_global,1573097008,16,12,51,1,709,773,RAW;WAW,token:72
3701,71003,current_global,1573097008,16,12,54,1,738,825,RAW;WAW,token:69
3701,71003,current_global,1573097008,16,12,57,1,878,945,RAW;WAW,token:43
3701,71003,current_global,1573097008,16,12,85,4,112,1628,WAR,edge:27:934
3701,71003,current_global,1573097008,16,13,41,1,699,705,RAW;WAW,token:27
3701,71003,current_global,1573097008,16,13,44,3,29,707,WAR,edge:33:415
3701,71003,current_global,1573097008,16,14,41,2,908,966,RAW;WAW,token:76;token:79
3701,71003,current_global,1573097008,16,14,63,1,904,1098,RAW;WAW,token:20
3701,71003,current_global,1573097008,16,15,29,2,201,1134,RAW,edge:641:1082
3701,71003,current_global,1573097008,16,15,48,1,713,742,RAW;WAW,token:12
3701,71003,current_global,1573097008,16,15,82,1,201,1864,WAW,adj:641
3701,71003,current_global,1573097008,16,16,46,1,652,735,RAW;WAW,token:2
3701,71003,current_global,1573097008,16,17,61,1,732,1023,RAW;WAW,token:64
3701,71003,current_global,1573097008,16,17,62,1,983,1086,RAW;WAW,token:36
3701,71003,current_global,1573097008,16,17,64,1,1115,1187,RAW;WAW,token:63
3701,71003,current_global,1573097008,16,17,66,1,1142,1393,RAW;WAW,token:66
3701,71003,current_global,1573097008,16,18,24,3,37,332,RAW;WAR;WAW,edge:79:299;token:39
3701,71003,current_global,1573097008,16,18,52,1,764,783,RAW;WAW,token:75
3701,71003,current_global,1573097008,16,18,67,1,34,1193,WAR,edge:299:446
3701,71003,current_global,1573097008,16,19,31,7,72,1444,RAW;WAR;WAW,edge:327:753;token:59
3701,71003,current_global,1573097008,16,19,45,1,606,697,RAW;WAW,token:10
3701,71003,current_global,1573097008,16,19,76,1,606,2501,WAR,edge:327:553
3701,71003,current_global,1573097008,16,20,43,1,489,653,RAW;WAW,token:25
3701,71003,current_global,1573097008,16,20,67,5,147,1376,WAR,edge:341:516;edge:9:259;edge:9:541
3701,71003,current_global,1573097008,16,20,134,2,174,1676,WAR,edge:239:1247;edge:267:341
3701,71003,current_global,1573097008,16,21,33,1,423,459,RAW;WAW,token:30
3701,71003,current_global,1573097008,16,22,41,2,468,1017,RAW;WAR;WAW,edge:366:775;token:41
3701,71003,current_global,1573097008,16,22,42,2,607,643,RAW;WAW,token:56
3701,71003,current_global,1573097008,16,23,32,1,416,444,RAW;WAW,token:1
3701,71003,current_global,1573097008,16,24,67,37,332,1193,RAW;WAR;WAW,adj:299;adj:446;edge:299:446;edge:341:516;edge:639:993;edge:79:267;edge:9:541;token:18;token:26;token:47;token:49;token:52;token:58;token:61;token:62;token:80;token:81;token:86
3701,71003,current_global,1573097008,16,24,71,1,1119,1131,RAW;WAW,token:22
3701,71003,current_global,1573097008,16,24,83,1,1502,1505,RAW;WAW,token:100
3701,71003,current_global,1573097008,16,24,90,3,332,2282,RAW,edge:446:1093;edge:79:267
3701,71003,current_global,1573097008,16,24,94,2,332,1824,RAW,edge:79:267
3701,71003,current_global,1573097008,16,24,104,1,1899,1968,RAW;WAW,token:74
3701,71003,current_global,1573097008,16,24,108,1,1922,2027,RAW;WAW,token:126
3701,71003,current_global,1573097008,16,24,129,1,2479,2854,RAW;WAW,token:96
3701,71003,current_global,1573097008,16,24,134,38,332,1569,RAW;WAR;WAW,adj:1093;adj:267;adj:661;adj:79;edge:239:1247;edge:267:341;edge:341:1179;edge:446:1093;edge:661:1093;edge:79:267;edge:9:1096;token:39
3701,71003,current_global,1573097008,16,24,135,2,901,2397,RAW,edge:639:993
3701,71003,current_global,1573097008,16,24,171,1,901,3026,RAW,edge:639:993
3701,71003,current_global,1573097008,16,24,177,2,901,2941,RAW,edge:639:993
3701,71003,current_global,1573097008,16,25,81,1,1354,1385,RAW;WAW,token:90
3701,71003,current_global,1573097008,16,25,86,1,1494,1631,RAW;WAW,token:125
3701,71003,current_global,1573097008,16,25,91,1,1627,1772,RAW;WAW,token:35
3701,71003,current_global,1573097008,16,25,106,1,1672,2022,RAW;WAW,token:92
3701,71003,current_global,1573097008,16,26,68,2,929,956,RAW;WAW,token:44;token:67
3701,71003,current_global,1573097008,16,27,89,1,1655,1709,RAW;WAW,token:134
3701,71003,current_global,1573097008,16,27,92,2,1613,1779,RAW;WAR;WAW,token:37
3701,71003,current_global,1573097008,16,28,79,1,1162,1349,RAW;WAW,token:51
3701,71003,current_global,1573097008,16,29,82,3,1319,3050,RAW;WAR;WAW,edge:641:845;edge:845:1448;token:16
3701,71003,current_global,1573097008,16,30,67,2,893,900,RAW;WAW,token:53
3701,71003,current_global,1573097008,16,30,134,3,392,1936,WAR,edge:239:584;edge:9:1096
3701,71003,current_global,1573097008,16,31,74,1,1203,1236,RAW;WAW,token:103
3701,71003,current_global,1573097008,16,31,76,2,1186,1258,RAW;WAW,adj:327;token:48
3701,71003,current_global,1573097008,16,31,82,1,2534,2734,RAW;WAW,token:173
3701,71003,current_global,1573097008,16,32,109,1,1925,2076,RAW;WAW,token:1
3701,71003,current_global,1573097008,16,33,73,5,1068,1867,RAW;WAR;WAW,edge:16:934;token:30
3701,71003,current_global,1573097008,16,33,77,1,1206,1290,RAW;WAW,token:91
3701,71003,current_global,1573097008,16,33,80,1,1183,1381,RAW;WAW,token:105
3701,71003,current_global,1573097008,16,33,85,4,1068,1628,RAW;WAR;WAW,adj:16;adj:27;adj:934;edge:16:27;edge:16:934;edge:27:934;token:42
3701,71003,current_global,1573097008,16,34,96,1,1538,1881,RAW;WAW,token:98
3701,71003,current_global,1573097008,16,34,100,1,1771,1944,RAW;WAW,token:128
3701,71003,current_global,1573097008,16,34,103,1,1960,1967,RAW;WAW,token:50
3701,71003,current_global,1573097008,16,35,112,1,1814,2165,RAW;WAW,token:46
3701,71003,current_global,1573097008,16,36,69,1,1030,1038,RAW;WAW,token:60
3701,71003,current_global,1573097008,16,36,70,1,1079,1082,RAW;WAW,token:94
3701,71003,current_global,1573097008,16,36,72,2,1011,1146,RAW;WAR;WAW,token:88
3701,71003,current_global,1573097008,16,37,75,1,1192,1239,RAW;WAW,token:106
3701,71003,current_global,1573097008,16,37,83,2,1155,1457,RAW;WAR;WAW,token:34
3701,71003,current_global,1573097008,16,38,134,3,845,2716,RAW;WAR;WAW,edge:79:302;token:65
3701,71003,current_global,1573097008,16,39,90,1,1685,1760,RAW;WAW,token:136
3701,71003,current_global,1573097008,16,39,94,2,1600,1806,RAW;WAR;WAW,token:57
3701,71003,current_global,1573097008,16,39,134,3,782,2090,WAR,edge:239:584;edge:9:1096
3701,71003,current_global,1573097008,16,40,95,2,1803,1820,RAW;WAR;WAW,token:33
3701,71003,current_global,1573097008,16,40,97,1,1819,1887,RAW;WAW,token:148
3701,71003,current_global,1573097008,16,41,75,6,1037,2055,RAW,edge:534:1251
3701,71003,current_global,1573097008,16,41,83,3,1017,2178,RAW,edge:366:1538
3701,71003,current_global,1573097008,16,41,84,1,1453,1532,RAW;WAW,token:79
3701,71003,current_global,1573097008,16,41,93,1,1739,1793,RAW;WAW,token:41
3701,71003,current_global,1573097008,16,41,116,1,2319,2324,RAW;WAW,token:76
3701,71003,current_global,1573097008,16,41,122,1,2454,2628,RAW;WAW,token:104
3701,71003,current_global,1573097008,16,42,67,1,1940,2181,RAW;WAW,token:129
3701,71003,current_global,1573097008,16,42,101,1,1938,1957,RAW;WAW,token:97
3701,71003,current_global,1573097008,16,42,111,1,2072,2114,RAW;WAW,token:122
3701,71003,current_global,1573097008,16,42,115,1,2112,2271,RAW;WAW,token:127
3701,71003,current_global,1573097008,16,42,121,1,2591,2599,RAW;WAW,token:152
3701,71003,current_global,1573097008,16,42,124,1,2538,2659,RAW;WAW,token:56
3701,71003,current_global,1573097008,16,42,127,1,2500,2735,RAW;WAW,token:118
3701,71003,current_global,1573097008,16,42,134,3,1690,2090,WAR,edge:239:1247;edge:9:1096
3701,71003,current_global,1573097008,16,43,67,2,1632,1776,RAW;WAW,token:117;token:25
3701,71003,current_global,1573097008,16,44,67,13,707,1989,RAW;WAR;WAW,adj:33;edge:33:1226;edge:33:331;edge:33:415;token:133;token:32;token:40;token:54
3701,71003,current_global,1573097008,16,44,78,1,1212,1341,RAW;WAW,token:77
3701,71003,current_global,1573097008,16,44,88,1,1568,1699,RAW;WAW,token:78
3701,71003,current_global,1573097008,16,44,102,4,707,2822,RAW;WAW,edge:33:1226;edge:33:415;token:107
3701,71003,current_global,1573097008,16,44,110,1,2070,2096,RAW;WAW,token:121
3701,71003,current_global,1573097008,16,44,118,1,2154,2438,RAW;WAW,token:116
3701,71003,current_global,1573097008,16,44,131,1,2760,2968,RAW;WAW,token:131
3701,71003,current_global,1573097008,16,44,138,2,707,2694,RAW,edge:33:1226
3701,71003,current_global,1573097008,16,45,76,1,697,2501,WAR,edge:327:553
3701,71003,current_global,1573097008,16,45,87,1,1639,1656,RAW;WAW,token:99
3701,71003,current_global,1573097008,16,45,99,1,1927,1935,RAW;WAW,token:10
3701,71003,current_global,1573097008,16,46,133,1,2867,3008,RAW,token:2
3701,71003,current_global,1573097008,16,47,105,2,1918,2014,RAW;WAR;WAW,token:38
3701,71003,current_global,1573097008,16,47,107,1,1843,2025,RAW;WAW,token:124
3701,71003,current_global,1573097008,16,47,114,1,2003,2250,RAW;WAW,token:162
3701,71003,current_global,1573097008,16,48,117,1,2150,2428,RAW;WAW,token:142
3701,71003,current_global,1573097008,16,48,119,1,2503,2528,RAW;WAW,token:111
3701,71003,current_global,1573097008,16,48,123,1,2350,2650,RAW;WAW,token:179
3701,71003,current_global,1573097008,16,48,126,1,2375,2724,RAW;WAW,token:12
3701,71003,current_global,1573097008,16,51,120,1,2364,2563,RAW;WAW,token:72
3701,71003,current_global,1573097008,16,52,67,1,1300,1367,RAW;WAW,token:75
3701,71003,current_global,1573097008,16,53,134,1,1959,3007,RAW,edge:34:1403
3701,71003,current_global,1573097008,16,57,98,1,1862,1890,RAW;WAW,token:43
3701,71003,current_global,1573097008,16,58,67,1,1442,1666,RAW;WAW,token:102
3701,71003,current_global,1573097008,16,58,113,1,2200,2217,RAW;WAW,token:45
3701,71003,current_global,1573097008,16,62,132,1,2939,2995,RAW;WAW,token:36
3701,71003,current_global,1573097008,16,64,125,1,2594,2703,RAW;WAW,token:194
3701,71003,current_global,1573097008,16,64,130,2,2567,2897,RAW;WAR;WAW,token:176
3701,71003,current_global,1573097008,16,65,83,1,2435,2602,RAW;WAR;WAW,edge:367:843;token:165
3701,71003,current_global,1573097008,16,66,128,1,2636,2820,RAW;WAW,token:66
3701,71003,current_global,1573097008,16,67,134,42,603,2716,RAW;WAR;WAW,adj:1011;adj:299;adj:341;adj:446;adj:584;adj:9;edge:239:1247;edge:239:584;edge:259:618;edge:267:341;edge:299:584;edge:341:1011;edge:341:1179;edge:79:302;edge:9:1096;token:108;token:110;token:177;token:25;token:62;token:75;token:82;token:84;token:85
3701,71003,current_global,1573097008,16,67,135,1,1630,1657,RAW;WAW,token:120
3701,71003,current_global,1573097008,16,67,136,1,1265,1713,RAW;WAW,token:49
3701,71003,current_global,1573097008,16,67,137,1,1801,1868,RAW;WAW,token:58
3701,71003,current_global,1573097008,16,67,138,1,1880,1954,RAW;WAW,token:119
3701,71003,current_global,1573097008,16,67,141,1,2063,2133,RAW;WAW,token:54
3701,71003,current_global,1573097008,16,67,143,4,1193,2236,RAW;WAW,edge:259:618;edge:299:584;token:52
3701,71003,current_global,1573097008,16,67,146,1,2245,2370,RAW;WAW,token:18
3701,71003,current_global,1573097008,16,67,147,3,1286,2584,RAW;WAW,edge:8:541;token:83
3701,71003,current_global,1573097008,16,67,152,1,2358,2519,RAW;WAW,token:161
3701,71003,current_global,1573097008,16,67,153,1,2449,2556,RAW;WAW,token:182
3701,71003,current_global,1573097008,16,67,154,1,2572,2573,RAW;WAW,token:102
3701,71003,current_global,1573097008,16,67,155,1,2420,2600,RAW;WAW,token:166
3701,71003,current_global,1573097008,16,67,157,1,2613,2626,RAW;WAW,token:89
3701,71003,current_global,1573097008,16,67,159,1,2609,2679,RAW;WAW,token:40
3701,71003,current_global,1573097008,16,67,160,1,2640,2730,RAW;WAW,token:129
3701,71003,current_global,1573097008,16,67,161,1,2737,2752,RAW;WAW,token:113
3701,71003,current_global,1573097008,16,67,164,1,2661,2906,RAW;WAW,token:199
3701,71003,current_global,1573097008,16,67,165,2,1193,3036,RAW;WAW,edge:299:584;token:81
3701,71003,current_global,1573097008,16,67,166,1,2765,2962,RAW;WAW,token:174
3701,71003,current_global,1573097008,16,67,169,1,2710,2985,RAW;WAW,token:47
3701,71003,current_global,1573097008,16,67,171,1,2597,3026,RAW;WAW,token:80
3701,71003,current_global,1573097008,16,67,172,1,2970,3052,RAW;WAW,token:139
3701,71003,current_global,1573097008,16,67,173,1,2845,3067,RAW;WAW,token:186
3701,71003,current_global,1573097008,16,67,175,1,1286,3029,RAW,edge:8:541
3701,71003,current_global,1573097008,16,68,139,1,1924,2074,RAW;WAW,token:101
3701,71003,current_global,1573097008,16,68,140,2,1370,2443,RAW;WAW,edge:131:292;token:138
3701,71003,current_global,1573097008,16,68,142,5,1026,2687,RAW;WAW,edge:131:292;edge:131:940;token:135
3701,71003,current_global,1573097008,16,68,144,1,2127,2239,RAW;WAW,token:137
3701,71003,current_global,1573097008,16,68,145,1,2269,2316,RAW;WAW,token:95
3701,71003,current_global,1573097008,16,68,148,1,2233,2418,RAW;WAW,token:151
3701,71003,current_global,1573097008,16,68,158,1,2377,2662,RAW;WAW,token:164
3701,71003,current_global,1573097008,16,68,162,1,2712,2775,RAW;WAW,token:146
3701,71003,current_global,1573097008,16,68,163,1,2671,2781,RAW;WAW,token:192
3701,71003,current_global,1573097008,16,68,167,1,2727,2969,RAW;WAW,token:44
3701,71003,current_global,1573097008,16,68,170,1,2911,3018,RAW;WAW,token:160
3701,71003,current_global,1573097008,16,69,149,1,2327,2432,RAW;WAW,token:93
3701,71003,current_global,1573097008,16,69,150,1,2427,2437,RAW;WAW,token:185
3701,71003,current_global,1573097008,16,69,151,2,2258,2469,RAW;WAR;WAW,token:145
3701,71003,current_global,1573097008,16,69,156,1,2579,2616,RAW;WAW,token:115
3701,71003,current_global,1573097008,16,71,134,1,1481,1676,RAW;WAR;WAW,edge:267:341;token:22
3701,71003,current_global,1573097008,16,83,168,1,2865,2976,RAW;WAW,token:141
3701,71003,current_global,1573097008,16,88,134,1,1699,2090,WAW,adj:10
3701,71003,current_global,1573097008,16,90,134,3,1894,1936,WAR,edge:239:584;edge:446:1093
3701,71003,current_global,1573097008,16,94,134,2,2067,2716,RAW;WAR;WAW,edge:79:302;token:57
3701,71003,current_global,1573097008,16,101,134,1,2183,2274,RAW;WAW,token:97
3701,71003,current_global,1573097008,16,134,174,1,2474,2502,RAW,token:189
3701,71003,current_global,1573097008,16,134,175,2,2398,2507,RAW;WAR;WAW,token:168
3701,71003,current_global,1573097008,16,134,176,2,2524,2596,RAW;WAW,token:171
3701,71003,current_global,1573097008,16,134,177,1,2390,2611,RAW;WAW,token:22
3701,71003,current_global,1573097008,16,134,178,1,2638,2924,RAW;WAW,token:144
3701,71003,current_global,1573097008,16,134,179,2,2595,2940,RAW;WAW,token:82
3701,71003,current_global,1573097008,16,134,180,1,2871,2983,RAW;WAW,token:84
3701,71003,current_global,1573097008,16,134,181,1,2898,2999,RAW;WAW,token:25
3701,71003,current_global,1573097008,16,134,182,1,2920,3001,RAW;WAW,token:62
3701,71003,exposure_matched_local,1673097008,16,0,25,4,357,799,RAW,edge:239:457
3701,71003,exposure_matched_local,1673097008,16,0,32,5,24,1030,RAW;WAW,adj:1093;adj:446;edge:446:1093;token:57
3701,71003,exposure_matched_local,1673097008,16,0,37,2,357,722,RAW;WAW,edge:239:457;token:39
3701,71003,exposure_matched_local,1673097008,16,0,45,1,819,846,RAW;WAW,token:63
3701,71003,exposure_matched_local,1673097008,16,0,47,3,680,2122,RAW;WAR;WAW,edge:149:532;token:73
3701,71003,exposure_matched_local,1673097008,16,0,48,4,357,1483,RAW,edge:239:457
3701,71003,exposure_matched_local,1673097008,16,0,51,1,730,903,RAW;WAW,token:77
3701,71003,exposure_matched_local,1673097008,16,0,54,1,943,958,RAW;WAW,token:58
3701,71003,exposure_matched_local,1673097008,16,0,64,1,1220,1243,RAW;WAW,token:24
3701,71003,exposure_matched_local,1673097008,16,0,65,2,357,2554,RAW,edge:239:457
3701,71003,exposure_matched_local,1673097008,16,0,67,2,357,2824,RAW,edge:239:457
3701,71003,exposure_matched_local,1673097008,16,0,68,1,1399,1511,RAW;WAW,token:26
3701,71003,exposure_matched_local,1673097008,16,0,72,8,357,1622,RAW;WAR;WAW,adj:239;adj:79;edge:239:1247;edge:239:457
3701,71003,exposure_matched_local,1673097008,16,0,104,6,358,2870,WAR,edge:8:1335
3701,71003,exposure_matched_local,1673097008,16,0,135,1,357,3043,RAW,edge:239:457
3701,71003,exposure_matched_local,1673097008,16,1,32,6,122,1030,WAR,edge:446:584
3701,71003,exposure_matched_local,1673097008,16,1,48,1,828,891,RAW;WAW,token:66
3701,71003,exposure_matched_local,1673097008,16,1,55,1,939,964,RAW;WAW,token:22
3701,71003,exposure_matched_local,1673097008,16,1,60,1,995,1111,RAW;WAW,token:83
3701,71003,exposure_matched_local,1673097008,16,2,22,21,147,479,RAW;WAR;WAW,adj:309;adj:322;adj:554;edge:10:322;edge:309:322;edge:322:554;token:31
3701,71003,exposure_matched_local,1673097008,16,2,23,1,399,422,RAW;WAW,token:47
3701,71003,exposure_matched_local,1673097008,16,2,29,1,442,538,RAW;WAW,token:33
3701,71003,exposure_matched_local,1673097008,16,2,30,1,507,543,RAW;WAW,token:49
3701,71003,exposure_matched_local,1673097008,16,2,49,1,892,893,RAW;WAW,token:43
3701,71003,exposure_matched_local,1673097008,16,2,58,1,945,1081,RAW;WAW,token:90
3701,71003,exposure_matched_local,1673097008,16,2,61,4,147,2301,RAW,edge:10:322
3701,71003,exposure_matched_local,1673097008,16,2,65,1,147,2075,WAW,adj:10
3701,71003,exposure_matched_local,1673097008,16,2,69,4,147,2235,RAW;WAW,edge:10:309;edge:10:322
3701,71003,exposure_matched_local,1673097008,16,2,72,1,136,2340,WAR,edge:9:1033
3701,71003,exposure_matched_local,1673097008,16,2,97,1,147,2025,RAW,edge:10:322
3701,71003,exposure_matched_local,1673097008,16,3,25,1,519,530,RAW;WAW,token:32
3701,71003,exposure_matched_local,1673097008,16,3,72,3,200,2363,WAR,edge:79:299;edge:9:1140
3701,71003,exposure_matched_local,1673097008,16,4,31,7,322,563,RAW;WAW,edge:859:1286;token:35
3701,71003,exposure_matched_local,1673097008,16,4,126,1,322,2941,RAW,edge:859:1286
3701,71003,exposure_matched_local,1673097008,16,5,22,6,5,1275,WAR,edge:495:1293
3701,71003,exposure_matched_local,1673097008,16,5,65,1,1133,1250,RAW;WAW,token:27
3701,71003,exposure_matched_local,1673097008,16,6,21,1,390,401,RAW;WAW,token:42
3701,71003,exposure_matched_local,1673097008,16,6,25,21,44,1584,RAW;WAR;WAW,adj:366;adj:628;adj:752;edge:366:628;edge:366:752;edge:775:1538;edge:80:366;edge:80:889;token:51;token:69;token:75;token:76
3701,71003,exposure_matched_local,1673097008,16,6,57,1,963,1031,RAW;WAW,token:34
3701,71003,exposure_matched_local,1673097008,16,6,115,2,69,3050,WAR,edge:366:775
3701,71003,exposure_matched_local,1673097008,16,7,36,1,641,658,RAW;WAW,token:36
3701,71003,exposure_matched_local,1673097008,16,7,63,1,1121,1185,RAW;WAW,token:71
3701,71003,exposure_matched_local,1673097008,16,7,66,1,1251,1254,RAW;WAW,token:56
3701,71003,exposure_matched_local,1673097008,16,8,27,7,223,1671,RAW;WAR;WAW,edge:123:1088;token:60
3701,71003,exposure_matched_local,1673097008,16,8,28,13,486,522,RAW;WAR;WAW,adj:641;adj:808;edge:28:808;edge:641:808;token:16;token:54;token:61;token:62;token:82
3701,71003,exposure_matched_local,1673097008,16,8,38,1,713,741,RAW;WAW,token:46
3701,71003,exposure_matched_local,1673097008,16,8,40,1,662,753,RAW;WAW,token:55
3701,71003,exposure_matched_local,1673097008,16,8,46,1,746,855,RAW;WAW,token:85
3701,71003,exposure_matched_local,1673097008,16,8,50,1,604,901,RAW;WAW,token:44
3701,71003,exposure_matched_local,1673097008,16,8,59,5,820,1867,RAW;WAW,edge:28:808;token:12
3701,71003,exposure_matched_local,1673097008,16,8,76,5,324,2734,RAW;WAR;WAW,adj:28;edge:15:28;edge:28:808
3701,71003,exposure_matched_local,1673097008,16,9,61,1,910,1152,RAW;WAW,token:20
3701,71003,exposure_matched_local,1673097008,16,9,69,3,30,2239,WAR,edge:31:1368;edge:31:234
3701,71003,exposure_matched_local,1673097008,16,10,36,1,705,718,RAW;WAW,token:38
3701,71003,exposure_matched_local,1673097008,16,11,24,1,361,429,RAW;WAW,token:30
3701,71003,exposure_matched_local,1673097008,16,11,34,2,387,1649,RAW;WAW,edge:296:352;token:59
3701,71003,exposure_matched_local,1673097008,16,11,36,1,850,862,RAW;WAW,token:37
3701,71003,exposure_matched_local,1673097008,16,11,91,1,387,1903,RAW,edge:296:352
3701,71003,exposure_matched_local,1673097008,16,12,32,2,86,1030,RAW;WAR;WAW,edge:446:584;token:18
3701,71003,exposure_matched_local,1673097008,16,13,26,1,467,477,RAW;WAW,token:50
3701,71003,exposure_matched_local,1673097008,16,13,27,1,448,484,RAW;WAW,token:10
3701,71003,exposure_matched_local,1673097008,16,13,39,1,716,747,RAW;WAW,token:52
3701,71003,exposure_matched_local,1673097008,16,13,76,1,165,2734,WAR,edge:15:28
3701,71003,exposure_matched_local,1673097008,16,14,22,1,336,406,RAW;WAW,token:29
3701,71003,exposure_matched_local,1673097008,16,15,25,5,103,766,RAW;WAR;WAW,edge:80:366;token:41;token:45;token:95
3701,71003,exposure_matched_local,1673097008,16,15,115,7,45,3050,WAR,edge:366:775
3701,71003,exposure_matched_local,1673097008,16,16,56,1,845,1002,RAW;WAW,token:19
3701,71003,exposure_matched_local,1673097008,16,16,62,1,1033,1174,RAW;WAW,token:86
3701,71003,exposure_matched_local,1673097008,16,17,22,5,47,1275,RAW;WAR;WAW,edge:495:1293;token:40;token:70
3701,71003,exposure_matched_local,1673097008,16,17,43,1,744,794,RAW;WAW,token:65
3701,71003,exposure_matched_local,1673097008,16,17,69,2,439,2166,WAR,edge:33:325
3701,71003,exposure_matched_local,1673097008,16,18,33,2,565,568,RAW;WAW,edge:208:1067;token:53
3701,71003,exposure_matched_local,1673097008,16,18,35,1,626,629,RAW;WAW,token:72
3701,71003,exposure_matched_local,1673097008,16,18,41,2,473,1858,RAW;WAW,adj:301;token:64
3701,71003,exposure_matched_local,1673097008,16,18,42,3,145,1021,RAW;WAW,edge:208:540;token:48
3701,71003,exposure_matched_local,1673097008,16,18,52,1,739,914,RAW;WAW,token:78
3701,71003,exposure_matched_local,1673097008,16,18,53,1,757,956,RAW;WAW,token:1
3701,71003,exposure_matched_local,1673097008,16,18,76,1,145,2050,RAW;WAW,adj:540
3701,71003,exposure_matched_local,1673097008,16,19,67,1,1140,1313,RAW;WAW,token:25
3701,71003,exposure_matched_local,1673097008,16,20,44,1,813,823,RAW;WAW,token:2
3701,71003,exposure_matched_local,1673097008,16,21,69,1,1959,2130,RAW;WAW,token:42
3701,71003,exposure_matched_local,1673097008,16,22,69,8,1430,1892,RAW;WAR;WAW,adj:309;adj:322;edge:309:322;edge:33:325;token:156;token:70;token:80
3701,71003,exposure_matched_local,1673097008,16,22,74,1,1435,1514,RAW;WAW,token:91
3701,71003,exposure_matched_local,1673097008,16,22,79,1,1696,1708,RAW;WAW,token:67
3701,71003,exposure_matched_local,1673097008,16,22,81,2,1275,1729,RAW;WAW,edge:1226:1293;token:68
3701,71003,exposure_matched_local,1673097008,16,22,85,1,1667,1779,RAW;WAW,token:29
3701,71003,exposure_matched_local,1673097008,16,22,97,1,1880,1987,RAW;WAW,token:31
3701,71003,exposure_matched_local,1673097008,16,22,101,1,2035,2071,RAW;WAW,token:111
3701,71003,exposure_matched_local,1673097008,16,22,102,2,2022,2125,RAW;WAR;WAW,token:147
3701,71003,exposure_matched_local,1673097008,16,22,128,1,2005,2543,RAW;WAW,token:40
3701,71003,exposure_matched_local,1673097008,16,22,142,2,1275,3051,RAW;WAW,edge:1226:1293;token:84
3701,71003,exposure_matched_local,1673097008,16,23,70,1,1014,1082,RAW;WAW,token:47
3701,71003,exposure_matched_local,1673097008,16,24,90,1,1872,1885,RAW;WAW,token:122
3701,71003,exposure_matched_local,1673097008,16,24,93,1,1816,1928,RAW;WAW,token:30
3701,71003,exposure_matched_local,1673097008,16,25,69,16,766,2474,RAW;WAR;WAW,adj:234;adj:31;edge:234:366;edge:31:234;edge:31:889;token:131;token:186;token:32;token:41;token:51;token:75
3701,71003,exposure_matched_local,1673097008,16,25,71,1,1304,1322,RAW;WAW,token:79
3701,71003,exposure_matched_local,1673097008,16,25,72,3,643,2253,RAW;WAR;WAW,edge:239:1247;edge:239:575;token:108
3701,71003,exposure_matched_local,1673097008,16,25,75,1,1459,1518,RAW;WAW,token:74
3701,71003,exposure_matched_local,1673097008,16,25,101,2,878,2531,RAW,edge:31:889
3701,71003,exposure_matched_local,1673097008,16,25,104,2,1016,2870,WAR,edge:8:1335
3701,71003,exposure_matched_local,1673097008,16,25,115,28,587,3050,RAW;WAR;WAW,adj:1538;adj:366;adj:628;adj:752;adj:775;edge:366:1538;edge:366:628;edge:366:752;edge:366:775;token:45;token:76;token:95
3701,71003,exposure_matched_local,1673097008,16,25,124,1,2330,2504,RAW;WAW,token:69
3701,71003,exposure_matched_local,1673097008,16,26,82,1,1713,1741,RAW;WAW,token:50
3701,71003,exposure_matched_local,1673097008,16,27,98,2,1671,1988,RAW,edge:51:1088
3701,71003,exposure_matched_local,1673097008,16,27,99,4,1671,2020,RAW;WAW,edge:51:1088;token:60
3701,71003,exposure_matched_local,1673097008,16,27,108,1,1671,2231,RAW;WAW,token:10
3701,71003,exposure_matched_local,1673097008,16,28,76,12,1076,2409,RAW;WAR;WAW,adj:64;adj:808;edge:15:28;edge:28:808;edge:641:1082;token:126;token:16;token:54
3701,71003,exposure_matched_local,1673097008,16,28,77,3,1076,1681,RAW;WAW,edge:641:1082;token:93
3701,71003,exposure_matched_local,1673097008,16,28,84,1,1700,1744,RAW;WAW,token:82
3701,71003,exposure_matched_local,1673097008,16,28,88,1,1817,1854,RAW;WAW,token:61
3701,71003,exposure_matched_local,1673097008,16,28,96,1,1981,1982,RAW;WAW,token:121
3701,71003,exposure_matched_local,1673097008,16,28,105,1,2168,2176,RAW;WAW,token:97
3701,71003,exposure_matched_local,1673097008,16,28,108,1,874,2616,WAW,adj:908
3701,71003,exposure_matched_local,1673097008,16,28,123,2,2273,2492,RAW;WAR;WAW,token:103
3701,71003,exposure_matched_local,1673097008,16,28,127,2,1076,2802,RAW;WAW,edge:641:1082;token:171
3701,71003,exposure_matched_local,1673097008,16,28,133,1,2694,2710,RAW;WAW,token:133
3701,71003,exposure_matched_local,1673097008,16,28,141,1,3009,3012,RAW;WAW,token:62
3701,71003,exposure_matched_local,1673097008,16,29,80,1,1402,1716,RAW;WAW,token:33
3701,71003,exposure_matched_local,1673097008,16,29,144,1,936,2964,RAW,edge:34:1403
3701,71003,exposure_matched_local,1673097008,16,30,72,11,665,1703,RAW;WAR;WAW,edge:239:575;edge:9:1140;token:106;token:129;token:162;token:169
3701,71003,exposure_matched_local,1673097008,16,30,86,1,1717,1824,RAW;WAW,token:124
3701,71003,exposure_matched_local,1673097008,16,30,89,1,1745,1863,RAW;WAW,token:105
3701,71003,exposure_matched_local,1673097008,16,30,92,1,1894,1906,RAW;WAW,token:87
3701,71003,exposure_matched_local,1673097008,16,30,94,1,1856,1941,RAW;WAW,token:134
3701,71003,exposure_matched_local,1673097008,16,30,104,5,1312,2870,RAW;WAR;WAW,edge:8:1335;token:135;token:49
3701,71003,exposure_matched_local,1673097008,16,30,111,1,2256,2263,RAW;WAW,token:170
3701,71003,exposure_matched_local,1673097008,16,31,73,1,1416,1488,RAW;WAW,token:35
3701,71003,exposure_matched_local,1673097008,16,32,72,10,1228,1622,RAW;WAR;WAW,adj:299;edge:299:1093;edge:9:1140;token:104;token:18;token:81
3701,71003,exposure_matched_local,1673097008,16,32,87,1,1808,1837,RAW;WAW,token:57
3701,71003,exposure_matched_local,1673097008,16,32,118,2,2271,2451,RAW;WAR;WAW,token:120
3701,71003,exposure_matched_local,1673097008,16,32,121,1,2434,2467,RAW;WAW,token:181
3701,71003,exposure_matched_local,1673097008,16,32,139,2,1228,2937,RAW;WAW,edge:299:1093;token:98
3701,71003,exposure_matched_local,1673097008,16,33,76,2,2483,2558,RAW;WAW,token:107
3701,71003,exposure_matched_local,1673097008,16,33,82,1,2473,2476,RAW;WAW,token:184
3701,71003,exposure_matched_local,1673097008,16,33,106,1,2079,2190,RAW;WAW,token:99
3701,71003,exposure_matched_local,1673097008,16,33,117,1,2303,2403,RAW;WAW,token:150
3701,71003,exposure_matched_local,1673097008,16,33,126,1,2374,2526,RAW;WAW,token:101
3701,71003,exposure_matched_local,1673097008,16,33,138,1,2683,2912,RAW;WAW,token:176
3701,71003,exposure_matched_local,1673097008,16,33,140,1,2845,2927,RAW;WAW,token:53
3701,71003,exposure_matched_local,1673097008,16,34,91,1,1853,1903,RAW;WAW,token:59
3701,71003,exposure_matched_local,1673097008,16,34,100,1,1770,2068,RAW;WAW,token:109
3701,71003,exposure_matched_local,1673097008,16,35,78,1,1612,1626,RAW;WAW,token:72
3701,71003,exposure_matched_local,1673097008,16,36,107,1,2209,2212,RAW;WAW,token:36
3701,71003,exposure_matched_local,1673097008,16,36,131,1,2500,2663,RAW;WAW,token:37
3701,71003,exposure_matched_local,1673097008,16,36,136,1,2603,2829,RAW;WAW,token:38
3701,71003,exposure_matched_local,1673097008,16,37,72,5,817,2253,WAR,edge:239:1247
3701,71003,exposure_matched_local,1673097008,16,37,132,1,2588,2703,RAW;WAW,token:39
3701,71003,exposure_matched_local,1673097008,16,38,120,1,2308,2462,RAW;WAW,token:143
3701,71003,exposure_matched_local,1673097008,16,38,130,2,2054,2592,RAW;WAW,token:46
3701,71003,exposure_matched_local,1673097008,16,39,82,1,2691,2805,RAW;WAR;WAW,edge:338:542;token:115
3701,71003,exposure_matched_local,1673097008,16,39,112,1,2266,2269,RAW;WAW,token:52
3701,71003,exposure_matched_local,1673097008,16,41,109,1,2113,2236,RAW;WAW,token:64
3701,71003,exposure_matched_local,1673097008,16,42,76,1,1555,1573,RAW;WAW,token:92
3701,71003,exposure_matched_local,1673097008,16,42,129,1,2031,2548,RAW;WAW,token:89
3701,71003,exposure_matched_local,1673097008,16,42,143,1,2981,3057,RAW;WAW,token:48
3701,71003,exposure_matched_local,1673097008,16,43,113,1,2288,2304,RAW;WAW,token:65
3701,71003,exposure_matched_local,1673097008,16,44,110,1,2213,2250,RAW;WAW,token:2
3701,71003,exposure_matched_local,1673097008,16,45,72,1,1692,1703,RAW;WAW,token:63
3701,71003,exposure_matched_local,1673097008,16,46,98,1,1962,1988,RAW;WAW,token:85
3701,71003,exposure_matched_local,1673097008,16,46,134,1,2630,2744,RAW;WAW,token:137
3701,71003,exposure_matched_local,1673097008,16,47,116,1,2358,2394,RAW;WAW,token:158
3701,71003,exposure_matched_local,1673097008,16,48,72,3,1135,1703,WAR,edge:239:1247;edge:239:575
3701,71003,exposure_matched_local,1673097008,16,48,83,1,1673,1743,RAW;WAW,token:66
3701,71003,exposure_matched_local,1673097008,16,49,72,3,1206,2363,WAR,edge:9:1033;edge:9:1140
3701,71003,exposure_matched_local,1673097008,16,49,135,2,2791,2806,RAW;WAW,token:43
3701,71003,exposure_matched_local,1673097008,16,50,82,1,2082,2096,RAW;WAW,token:130
3701,71003,exposure_matched_local,1673097008,16,50,103,1,2024,2128,RAW;WAW,token:44
3701,71003,exposure_matched_local,1673097008,16,50,122,1,2388,2468,RAW;WAW,token:96
3701,71003,exposure_matched_local,1673097008,16,54,95,1,1918,1973,RAW;WAW,token:58
3701,71003,exposure_matched_local,1673097008,16,55,72,1,1422,1622,WAR,edge:79:299
3701,71003,exposure_matched_local,1673097008,16,55,125,1,2493,2519,RAW;WAW,token:22
3701,71003,exposure_matched_local,1673097008,16,56,114,1,2109,2337,RAW;WAW,token:19
3701,71003,exposure_matched_local,1673097008,16,58,72,2,1711,2340,RAW;WAR;WAW,edge:9:1033;token:90
3701,71003,exposure_matched_local,1673097008,16,59,76,4,1867,2712,WAR,edge:28:808
3701,71003,exposure_matched_local,1673097008,16,59,137,1,2779,2891,RAW;WAW,token:12
3701,71003,exposure_matched_local,1673097008,16,60,72,2,1530,2253,RAW;WAR;WAW,edge:239:1247;edge:9:1140;token:83
3701,71003,exposure_matched_local,1673097008,16,61,119,1,2452,2458,RAW;WAW,token:20
3701,71003,exposure_matched_local,1673097008,16,64,69,3,2817,3001,RAW;WAR;WAW,adj:1054;adj:113;adj:184;edge:113:1054;edge:113:184;edge:184:1054
3701,71003,exposure_matched_local,1673097008,16,64,72,8,1424,2340,RAW;WAR;WAW,edge:9:1033;edge:9:1140;token:24
3701,71003,exposure_matched_local,1673097008,16,64,86,1,2817,3041,RAW,edge:113:1054
3701,71003,exposure_matched_local,1673097008,16,65,69,4,2075,2201,RAW;WAW,adj:10;node:1543;token:27
3701,71003,exposure_matched_local,1673097008,16,65,72,1,2815,2882,RAW;WAW,token:127
3701,71003,exposure_matched_local,1673097008,16,65,101,2,2075,2081,RAW,node:1543
3701,71003,exposure_matched_local,1673097008,16,67,72,1,1974,2253,WAR,edge:239:1247
3701,71003,exposure_matched_local,1673097008,16,68,72,1,2063,2340,WAR,edge:9:1033
3701,71003,exposure_matched_local,1673097008,16,69,144,2,2275,2312,RAW;WAW,token:145
3701,71003,exposure_matched_local,1673097008,16,69,149,1,2596,2655,RAW;WAW,token:70
3701,71003,exposure_matched_local,1673097008,16,69,150,1,2640,2657,RAW;WAW,token:117
3701,71003,exposure_matched_local,1673097008,16,69,151,3,2166,2818,RAW;WAW,edge:309:325;token:51
3701,71003,exposure_matched_local,1673097008,16,69,152,1,2735,2949,RAW;WAW,token:32
3701,71003,exposure_matched_local,1673097008,16,69,153,1,2768,2973,RAW;WAW,token:27
3701,71003,exposure_matched_local,1673097008,16,70,147,1,2489,2594,RAW;WAW,token:47
3701,71003,exposure_matched_local,1673097008,16,70,148,1,2282,2650,RAW;WAW,token:168
3701,71003,exposure_matched_local,1673097008,16,72,144,1,2364,3066,RAW,edge:1214:1247
3701,71003,exposure_matched_local,1673097008,16,72,145,1,2414,2449,RAW;WAW,token:125
3701,71003,exposure_matched_local,1673097008,16,72,146,1,2518,2591,RAW;WAW,token:90
3701,71047,current_global,1573097052,16,0,43,1,647,748,RAW;WAW,token:30
3701,71047,current_global,1573097052,16,0,47,3,410,819,RAW;WAW,edge:479:1390;token:1
3701,71047,current_global,1573097052,16,0,65,1,1404,1446,RAW;WAW,token:38
3701,71047,current_global,1573097052,16,1,29,1,505,510,RAW;WAW,token:31
3701,71047,current_global,1573097052,16,1,34,1,307,943,WAR,edge:10:31
3701,71047,current_global,1573097052,16,1,113,1,147,3052,WAR,edge:10:11
3701,71047,current_global,1573097052,16,2,20,2,564,820,RAW;WAR;WAW,token:73
3701,71047,current_global,1573097052,16,2,34,1,576,759,RAW;WAW,token:71
3701,71047,current_global,1573097052,16,2,35,1,491,575,RAW;WAW,token:42
3701,71047,current_global,1573097052,16,2,41,1,602,714,RAW;WAW,token:76
3701,71047,current_global,1573097052,16,2,44,1,687,752,RAW;WAW,token:68
3701,71047,current_global,1573097052,16,2,50,1,793,849,RAW;WAW,token:82
3701,71047,current_global,1573097052,16,2,56,1,730,949,RAW;WAW,token:32
3701,71047,current_global,1573097052,16,2,113,3,4,3052,WAR,edge:10:11
3701,71047,current_global,1573097052,16,3,25,1,673,829,RAW;WAW,token:2
3701,71047,current_global,1573097052,16,4,26,1,483,494,RAW;WAW,token:19
3701,71047,current_global,1573097052,16,4,28,2,487,508,RAW;WAW,edge:176:679;token:36
3701,71047,current_global,1573097052,16,4,37,1,513,604,RAW;WAW,token:52
3701,71047,current_global,1573097052,16,4,66,5,399,1738,RAW;WAW,edge:176:679;edge:62:319;token:43
3701,71047,current_global,1573097052,16,4,67,6,1412,1767,RAW;WAW,edge:663:1031;token:98
3701,71047,current_global,1573097052,16,4,72,1,440,2645,RAW,edge:527:915
3701,71047,current_global,1573097052,16,5,38,1,629,692,RAW;WAW,token:35
3701,71047,current_global,1573097052,16,6,34,3,341,814,RAW;WAR;WAW,edge:80:234;token:70
3701,71047,current_global,1573097052,16,6,39,1,668,697,RAW;WAW,token:20
3701,71047,current_global,1573097052,16,7,20,42,24,674,RAW;WAR;WAW,adj:1275;adj:584;edge:239:584;edge:446:1093;edge:446:1275;edge:584:1275;token:22;token:24;token:39;token:47;token:48;token:74
3701,71047,current_global,1573097052,16,7,23,5,168,480,RAW;WAW,edge:446:1093;edge:446:1275;token:46
3701,71047,current_global,1573097052,16,7,33,1,448,552,RAW;WAW,token:44
3701,71047,current_global,1573097052,16,7,45,1,696,755,RAW;WAW,token:49
3701,71047,current_global,1573097052,16,7,54,2,744,901,RAW;WAW,token:53;token:57
3701,71047,current_global,1573097052,16,7,73,28,102,3020,RAW;WAR,edge:259:302;edge:267:1247;edge:446:1093;edge:446:1275
3701,71047,current_global,1573097052,16,7,122,2,260,2286,RAW,edge:446:1093
3701,71047,current_global,1573097052,16,7,153,15,48,2887,WAR,edge:239:267;edge:239:477;edge:79:477
3701,71047,current_global,1573097052,16,8,21,1,328,351,RAW;WAW,token:51
3701,71047,current_global,1573097052,16,8,24,2,63,1089,RAW;WAR;WAW,edge:28:641;token:50
3701,71047,current_global,1573097052,16,8,32,1,516,538,RAW;WAW,token:10
3701,71047,current_global,1573097052,16,9,40,1,701,704,RAW;WAW,token:18
3701,71047,current_global,1573097052,16,10,34,3,530,608,RAW;WAW,token:27;token:56
3701,71047,current_global,1573097052,16,11,27,1,475,504,RAW;WAW,token:25
3701,71047,current_global,1573097052,16,12,60,1,1051,1095,RAW;WAW,token:29
3701,71047,current_global,1573097052,16,13,49,1,825,835,RAW;WAW,token:37
3701,71047,current_global,1573097052,16,14,30,1,437,521,RAW;WAW,token:63
3701,71047,current_global,1573097052,16,14,31,3,462,566,RAW;WAR;WAW,edge:8:764;token:54;token:58
3701,71047,current_global,1573097052,16,14,36,1,486,590,RAW;WAW,token:26
3701,71047,current_global,1573097052,16,14,54,1,70,1210,WAR,edge:47:79
3701,71047,current_global,1573097052,16,14,73,2,244,3020,WAR,edge:259:302
3701,71047,current_global,1573097052,16,14,153,3,106,2408,WAR,edge:239:267;edge:239:477;edge:79:477
3701,71047,current_global,1573097052,16,15,30,2,69,521,RAW,edge:366:1538
3701,71047,current_global,1573097052,16,15,34,1,500,814,WAR,edge:80:234
3701,71047,current_global,1573097052,16,15,48,1,722,833,RAW;WAW,token:34
3701,71047,current_global,1573097052,16,15,51,1,725,868,RAW;WAW,token:83
3701,71047,current_global,1573097052,16,15,53,1,763,894,RAW;WAW,token:41
3701,71047,current_global,1573097052,16,15,64,1,1238,1294,RAW;WAW,token:45
3701,71047,current_global,1573097052,16,15,68,1,1986,2009,RAW;WAW,token:59
3701,71047,current_global,1573097052,16,15,153,2,413,2408,WAR,edge:239:267;edge:239:477
3701,71047,current_global,1573097052,16,16,22,1,377,398,RAW;WAW,token:55
3701,71047,current_global,1573097052,16,16,25,1,430,470,RAW;WAW,token:60
3701,71047,current_global,1573097052,16,16,31,1,515,533,RAW;WAW,token:67
3701,71047,current_global,1573097052,16,16,42,1,680,732,RAW;WAW,token:61
3701,71047,current_global,1573097052,16,16,46,2,638,773,RAW;WAR;WAW,token:72
3701,71047,current_global,1573097052,16,16,52,1,733,893,RAW;WAW,token:84
3701,71047,current_global,1573097052,16,16,55,1,934,947,RAW;WAW,token:96
3701,71047,current_global,1573097052,16,16,57,1,808,953,RAW;WAW,token:40
3701,71047,current_global,1573097052,16,16,61,2,720,1172,RAW;WAR;WAW,token:64
3701,71047,current_global,1573097052,16,16,62,1,1199,1278,RAW;WAW,token:80
3701,71047,current_global,1573097052,16,17,34,4,59,814,RAW;WAW,adj:234;adj:31;edge:31:573
3701,71047,current_global,1573097052,16,17,59,1,1029,1070,RAW;WAW,token:33
3701,71047,current_global,1573097052,16,17,68,2,59,2593,RAW,edge:31:573
3701,71047,current_global,1573097052,16,17,76,2,59,1593,RAW,edge:31:573
3701,71047,current_global,1573097052,16,17,101,2,59,2738,RAW,edge:31:573
3701,71047,current_global,1573097052,16,18,24,1,1012,1089,RAW;WAW,token:12
3701,71047,current_global,1573097052,16,19,24,3,784,1089,RAW;WAR;WAW,edge:28:641;token:102;token:85
3701,71047,current_global,1573097052,16,19,58,1,975,1014,RAW;WAW,token:16
3701,71047,current_global,1573097052,16,19,63,1,1214,1284,RAW;WAW,token:89
3701,71047,current_global,1573097052,16,20,73,9,674,1195,RAW;WAR;WAW,edge:239:1275;edge:259:302;token:39;token:47;token:74
3701,71047,current_global,1573097052,16,20,75,1,915,1085,RAW;WAW,token:94
3701,71047,current_global,1573097052,16,20,77,1,1177,1179,RAW;WAW,token:48
3701,71047,current_global,1573097052,16,20,78,1,1265,1266,RAW;WAW,token:24
3701,71047,current_global,1573097052,16,20,85,1,1749,1987,RAW,edge:121:1033
3701,71047,current_global,1573097052,16,20,93,1,1665,1780,RAW;WAW,token:120
3701,71047,current_global,1573097052,16,20,99,1,1749,1899,RAW;WAW,token:65
3701,71047,current_global,1573097052,16,20,105,1,1698,1979,RAW;WAW,token:66
3701,71047,current_global,1573097052,16,20,111,1,1749,2065,RAW,edge:121:1033
3701,71047,current_global,1573097052,16,20,117,5,1749,2148,RAW;WAW,edge:121:1033;token:73
3701,71047,current_global,1573097052,16,20,122,1,2257,2286,RAW;WAW,token:22
3701,71047,current_global,1573097052,16,20,153,11,498,2887,RAW;WAR;WAW,adj:1275;adj:239;edge:239:1275;edge:239:267;edge:239:477;edge:239:575
3701,71047,current_global,1573097052,16,20,154,2,1749,2298,RAW,edge:121:1033
3701,71047,current_global,1573097052,16,20,169,1,1749,2998,RAW,edge:121:1033
3701,71047,current_global,1573097052,16,21,69,1,837,843,RAW;WAW,token:51
3701,71047,current_global,1573097052,16,21,70,6,655,2727,RAW;WAR;WAW,edge:14:66;edge:171:856;token:79;token:90
3701,71047,current_global,1573097052,16,21,71,1,830,1021,RAW;WAW,token:62
3701,71047,current_global,1573097052,16,21,160,1,655,2409,WAW,adj:42
3701,71047,current_global,1573097052,16,22,83,1,1443,1496,RAW;WAW,token:55
3701,71047,current_global,1573097052,16,23,73,1,873,3020,WAR,edge:259:302
3701,71047,current_global,1573097052,16,23,76,1,1067,1090,RAW;WAW,token:46
3701,71047,current_global,1573097052,16,24,70,2,1089,2725,RAW;WAW,edge:245:641;token:85
3701,71047,current_global,1573097052,16,24,82,1,1161,1369,RAW;WAW,token:50
3701,71047,current_global,1573097052,16,24,87,6,1089,1815,RAW;WAR;WAW,adj:245;edge:245:1177;token:12
3701,71047,current_global,1573097052,16,24,88,2,1516,1668,RAW;WAW,token:118
3701,71047,current_global,1573097052,16,24,95,1,1089,2491,RAW,edge:245:641
3701,71047,current_global,1573097052,16,24,102,1,1641,1921,RAW;WAW,token:111
3701,71047,current_global,1573097052,16,24,112,1,1903,2068,RAW;WAW,token:101
3701,71047,current_global,1573097052,16,25,81,3,1087,1704,RAW;WAR;WAW,adj:12;adj:13;edge:12:13;token:2;token:60
3701,71047,current_global,1573097052,16,25,113,1,470,3052,WAR,edge:10:11
3701,71047,current_global,1573097052,16,26,72,1,1027,1033,RAW;WAW,token:19
3701,71047,current_global,1573097052,16,26,74,4,942,2323,RAW;WAR;WAW,edge:229:736;token:78
3701,71047,current_global,1573097052,16,26,79,1,1268,1283,RAW;WAW,token:69
3701,71047,current_global,1573097052,16,27,86,1,1452,1624,RAW;WAW,token:25
3701,71047,current_global,1573097052,16,28,74,2,1599,1699,RAW;WAR;WAW,edge:229:736;token:105;token:36
3701,71047,current_global,1573097052,16,29,80,1,1243,1320,RAW;WAW,token:88
3701,71047,current_global,1573097052,16,29,100,1,1702,1902,RAW;WAW,token:31
3701,71047,current_global,1573097052,16,30,114,1,2093,2107,RAW;WAW,token:63
3701,71047,current_global,1573097052,16,31,73,1,1534,1648,RAW;WAW,token:112
3701,71047,current_global,1573097052,16,31,84,1,1576,1601,RAW;WAW,token:58
3701,71047,current_global,1573097052,16,31,85,1,1577,1615,RAW;WAW,token:117
3701,71047,current_global,1573097052,16,31,89,3,887,1673,RAW;WAW,edge:8:1245;token:109
3701,71047,current_global,1573097052,16,31,90,1,1643,1679,RAW;WAW,token:87
3701,71047,current_global,1573097052,16,31,96,1,1824,1841,RAW;WAW,token:54
3701,71047,current_global,1573097052,16,31,108,1,1834,2037,RAW;WAW,token:127
3701,71047,current_global,1573097052,16,31,111,1,1464,2065,RAW;WAW,token:122
3701,71047,current_global,1573097052,16,31,116,1,1918,2131,RAW;WAW,token:108
3701,71047,current_global,1573097052,16,31,153,8,566,2986,WAR,edge:239:477;edge:239:575;edge:79:477
3701,71047,current_global,1573097052,16,32,95,2,1831,1838,RAW;WAW,token:10
3701,71047,current_global,1573097052,16,33,73,1,1595,1718,RAW;WAW,token:44
3701,71047,current_global,1573097052,16,33,153,1,552,2408,WAR,edge:239:477
3701,71047,current_global,1573097052,16,34,73,3,1660,1802,RAW;WAR;WAW,edge:259:302;token:115;token:133
3701,71047,current_global,1573097052,16,34,77,1,814,1179,RAW,edge:9:234
3701,71047,current_global,1573097052,16,34,98,1,1683,1884,RAW;WAW,token:81
3701,71047,current_global,1573097052,16,34,101,1,943,2608,RAW,edge:10:1368
3701,71047,current_global,1573097052,16,34,103,1,1876,1923,RAW;WAW,token:130
3701,71047,current_global,1573097052,16,34,106,1,1808,2020,RAW;WAW,token:27
3701,71047,current_global,1573097052,16,34,113,2,943,3052,RAW;WAR;WAW,adj:10;edge:10:11
3701,71047,current_global,1573097052,16,34,118,1,2087,2165,RAW;WAW,token:70
3701,71047,current_global,1573097052,16,34,121,1,1861,2263,RAW;WAW,token:97
3701,71047,current_global,1573097052,16,34,124,1,2159,2358,RAW;WAW,token:75
3701,71047,current_global,1573097052,16,34,131,2,814,2694,RAW;WAW,edge:9:234;token:71
3701,71047,current_global,1573097052,16,34,144,1,2504,2830,RAW;WAW,token:56
3701,71047,current_global,1573097052,16,34,146,1,943,2969,RAW,edge:10:1368
3701,71047,current_global,1573097052,16,34,151,1,2828,2963,RAW;WAW,token:134
3701,71047,current_global,1573097052,16,35,135,1,2524,2531,RAW;WAW,token:42
3701,71047,current_global,1573097052,16,36,73,1,2021,3020,WAR,edge:259:302
3701,71047,current_global,1573097052,16,36,126,1,2227,2367,RAW;WAW,token:147
3701,71047,current_global,1573097052,16,36,141,2,2682,2698,RAW;WAW,token:26
3701,71047,current_global,1573097052,16,37,94,2,1736,1789,RAW;WAW,token:52
3701,71047,current_global,1573097052,16,38,110,1,1901,2061,RAW;WAW,token:100
3701,71047,current_global,1573097052,16,38,148,1,2342,2890,RAW;WAW,token:35
3701,71047,current_global,1573097052,16,39,113,1,2005,3052,WAR,edge:10:11
3701,71047,current_global,1573097052,16,39,136,2,2529,2541,RAW;WAW,token:20
3701,71047,current_global,1573097052,16,39,137,2,2446,2569,RAW;WAR;WAW,token:173
3701,71047,current_global,1573097052,16,39,142,1,2468,2773,RAW;WAW,token:178
3701,71047,current_global,1573097052,16,41,97,1,1842,1863,RAW;WAW,token:76
3701,71047,current_global,1573097052,16,41,101,1,1900,1905,RAW;WAW,token:86
3701,71047,current_global,1573097052,16,42,113,1,1974,2088,RAW;WAW,token:61
3701,71047,current_global,1573097052,16,42,147,1,2764,2866,RAW;WAW,token:119
3701,71047,current_global,1573097052,16,43,123,1,2150,2297,RAW;WAW,token:121
3701,71047,current_global,1573097052,16,43,127,1,2312,2370,RAW;WAW,token:165
3701,71047,current_global,1573097052,16,43,130,2,1990,2411,RAW;WAR;WAW,token:91
3701,71047,current_global,1573097052,16,43,139,1,2476,2617,RAW;WAW,token:30
3701,71047,current_global,1573097052,16,44,143,1,2759,2781,RAW;WAW,token:193
3701,71047,current_global,1573097052,16,44,149,1,2867,2914,RAW;WAW,token:95
3701,71047,current_global,1573097052,16,45,104,1,1638,1937,RAW;WAW,token:49
3701,71047,current_global,1573097052,16,46,146,1,2750,2854,RAW;WAW,token:72
3701,71047,current_global,1573097052,16,47,128,1,2198,2383,RAW;WAW,token:1
3701,71047,current_global,1573097052,16,48,107,1,1859,2027,RAW;WAW,token:128
3701,71047,current_global,1573097052,16,48,109,1,1939,2059,RAW;WAW,token:34
3701,71047,current_global,1573097052,16,48,125,6,1071,2366,WAR,edge:184:367
3701,71047,current_global,1573097052,16,49,119,1,2166,2178,RAW;WAW,token:37
3701,71047,current_global,1573097052,16,50,113,1,2113,2182,RAW;WAW,token:142
3701,71047,current_global,1573097052,16,50,115,1,1999,2118,RAW;WAW,token:92
3701,71047,current_global,1573097052,16,50,125,4,1155,2366,WAR,edge:184:367
3701,71047,current_global,1573097052,16,50,133,1,2394,2487,RAW;WAW,token:161
3701,71047,current_global,1573097052,16,50,140,1,2489,2619,RAW;WAW,token:99
3701,71047,current_global,1573097052,16,51,91,1,1523,1720,RAW;WAW,token:83
3701,71047,current_global,1573097052,16,51,92,1,1596,1739,RAW;WAW,token:123
3701,71047,current_global,1573097052,16,52,120,1,2114,2213,RAW;WAW,token:84
3701,71047,current_global,1573097052,16,53,134,1,2406,2488,RAW;WAW,token:41
3701,71047,current_global,1573097052,16,54,73,11,1210,2152,RAW;WAR;WAW,adj:368;edge:368:885;edge:79:368;token:125;token:143
3701,71047,current_global,1573097052,16,54,153,2,1210,2827,RAW;WAW,adj:79;edge:79:368
3701,71047,current_global,1573097052,16,54,163,1,1210,2714,RAW,edge:79:368
3701,71047,current_global,1573097052,16,54,164,2,1210,2803,RAW,edge:79:368
3701,71047,current_global,1573097052,16,56,113,1,2944,3052,RAW;WAR;WAW,edge:10:11;token:126
3701,71047,current_global,1573097052,16,56,125,8,1607,2366,RAW;WAR;WAW,edge:184:367;token:113;token:124;token:166
3701,71047,current_global,1573097052,16,58,145,1,2757,2853,RAW;WAW,token:16
3701,71047,current_global,1573097052,16,60,129,1,2280,2399,RAW;WAW,token:29
3701,71047,current_global,1573097052,16,61,132,1,2436,2451,RAW;WAW,token:64
3701,71047,current_global,1573097052,16,61,138,1,2433,2616,RAW;WAW,token:169
3701,71047,current_global,1573097052,16,63,150,1,2796,2959,RAW;WAW,token:89
3701,71047,current_global,1573097052,16,63,152,1,2733,3007,RAW;WAW,token:196
3701,71047,current_global,1573097052,16,64,153,3,1893,2887,RAW;WAR;WAW,edge:239:267;edge:239:477;token:45
3701,71047,current_global,1573097052,16,69,155,2,2147,2266,RAW;WAW,token:51
3701,71047,current_global,1573097052,16,69,158,1,2196,2384,RAW;WAW,token:116
3701,71047,current_global,1573097052,16,69,160,2,1426,2409,RAW;WAR;WAW,adj:97;edge:42:97
3701,71047,current_global,1573097052,16,70,159,5,1129,2792,RAW;WAR;WAW,adj:14;adj:762;edge:14:762
3701,71047,current_global,1573097052,16,70,160,1,2381,2679,RAW;WAW,token:170
3701,71047,current_global,1573097052,16,71,159,1,2368,2389,RAW;WAW,token:62
3701,71047,current_global,1573097052,16,71,160,1,2273,2409,RAW;WAW,token:145
3701,71047,current_global,1573097052,16,73,153,23,1237,2887,RAW;WAR;WAW,adj:259;adj:267;edge:239:267;edge:239:477;edge:239:575;edge:79:477;token:107;token:115;token:131;token:149;token:171;token:44;token:47;token:74
3701,71047,current_global,1573097052,16,73,157,1,2216,2376,RAW;WAW,token:103
3701,71047,current_global,1573097052,16,73,161,1,2498,2583,RAW;WAW,token:175
3701,71047,current_global,1573097052,16,73,162,1,2678,2709,RAW;WAW,token:190
3701,71047,current_global,1573097052,16,73,163,1,2689,2714,RAW;WAW,token:125
3701,71047,current_global,1573097052,16,73,164,3,2169,2732,RAW;WAW,edge:368:1437;token:144
3701,71047,current_global,1573097052,16,73,165,1,2407,2798,RAW;WAW,token:159
3701,71047,current_global,1573097052,16,73,166,2,2169,3042,RAW;WAW,edge:368:1437;token:200
3701,71047,current_global,1573097052,16,73,167,1,2802,2896,RAW;WAW,token:154
3701,71047,current_global,1573097052,16,73,168,2,2536,2922,RAW;WAR;WAW,token:139
3701,71047,current_global,1573097052,16,73,169,1,2893,2998,RAW;WAW,token:168
3701,71047,current_global,1573097052,16,73,170,1,2823,3000,RAW;WAW,token:143
3701,71047,current_global,1573097052,16,73,171,1,3020,3040,RAW;WAW,token:208
3701,71047,current_global,1573097052,16,75,153,2,2355,2887,WAR,edge:239:267
3701,71047,current_global,1573097052,16,76,153,3,1385,2986,RAW;WAR;WAW,edge:239:575;token:114
3701,71047,current_global,1573097052,16,76,154,1,2153,2202,RAW;WAW,token:110
3701,71047,current_global,1573097052,16,76,156,1,2337,2359,RAW;WAW,token:46
3701,71047,current_global,1573097052,16,78,153,2,1485,2887,WAR,edge:239:267;edge:239:575
3701,71047,current_global,1573097052,16,89,153,1,2747,2976,RAW;WAW,token:109
3701,71047,current_global,1573097052,16,105,153,2,2014,2408,WAR,edge:239:477;edge:79:477
3701,71047,exposure_matched_local,1673097052,16,0,28,3,616,1386,RAW;WAW,edge:47:644;token:26
3701,71047,exposure_matched_local,1673097052,16,0,33,2,616,1111,RAW,edge:47:644
3701,71047,exposure_matched_local,1673097052,16,0,44,3,616,1420,RAW;WAW,edge:47:644;token:75
3701,71047,exposure_matched_local,1673097052,16,0,54,3,616,2204,RAW;WAW,edge:47:644;token:68
3701,71047,exposure_matched_local,1673097052,16,0,88,1,616,2914,RAW,edge:47:644
3701,71047,exposure_matched_local,1673097052,16,0,94,2,616,3045,RAW,edge:47:644
3701,71047,exposure_matched_local,1673097052,16,1,34,1,564,620,RAW;WAW,token:38
3701,71047,exposure_matched_local,1673097052,16,1,36,1,629,644,RAW;WAW,token:50
3701,71047,exposure_matched_local,1673097052,16,1,41,1,96,1085,WAW,adj:17
3701,71047,exposure_matched_local,1673097052,16,1,46,1,1562,1690,RAW;WAW,token:67
3701,71047,exposure_matched_local,1673097052,16,1,60,2,1121,1201,RAW;WAW,token:44
3701,71047,exposure_matched_local,1673097052,16,1,61,4,96,2089,RAW;WAW,edge:17:484;token:30
3701,71047,exposure_matched_local,1673097052,16,1,68,1,96,1375,RAW,edge:17:484
3701,71047,exposure_matched_local,1673097052,16,1,83,1,96,2710,RAW,edge:17:484
3701,71047,exposure_matched_local,1673097052,16,1,87,1,96,2327,RAW,edge:17:484
3701,71047,exposure_matched_local,1673097052,16,1,109,2,183,2977,WAR,edge:153:182
3701,71047,exposure_matched_local,1673097052,16,2,23,1,955,987,RAW;WAW,token:2
3701,71047,exposure_matched_local,1673097052,16,2,64,2,161,1126,WAR,edge:378:601
3701,71047,exposure_matched_local,1673097052,16,3,28,1,3,763,WAR,edge:446:584
3701,71047,exposure_matched_local,1673097052,16,3,29,3,253,1057,RAW;WAR;WAW,edge:971:993;token:69
3701,71047,exposure_matched_local,1673097052,16,3,47,1,751,812,RAW;WAW,token:39
3701,71047,exposure_matched_local,1673097052,16,3,65,1,6,2662,WAR,edge:239:584
3701,71047,exposure_matched_local,1673097052,16,4,22,3,4,1307,RAW;WAR;WAW,edge:10:309;token:73;token:92
3701,71047,exposure_matched_local,1673097052,16,4,48,1,737,832,RAW;WAW,token:32
3701,71047,exposure_matched_local,1673097052,16,5,39,2,676,677,RAW;WAW,token:60
3701,71047,exposure_matched_local,1673097052,16,5,52,2,694,980,RAW;WAW,token:12
3701,71047,exposure_matched_local,1673097052,16,6,22,1,1130,1142,RAW;WAW,token:31
3701,71047,exposure_matched_local,1673097052,16,6,65,1,1130,2192,WAR,edge:76:80
3701,71047,exposure_matched_local,1673097052,16,7,38,1,641,675,RAW;WAW,token:40
3701,71047,exposure_matched_local,1673097052,16,7,40,1,693,704,RAW;WAW,token:80
3701,71047,exposure_matched_local,1673097052,16,8,24,3,369,414,RAW;WAW,edge:239:701;token:46
3701,71047,exposure_matched_local,1673097052,16,8,25,1,410,418,RAW;WAW,token:65
3701,71047,exposure_matched_local,1673097052,16,8,27,1,415,452,RAW;WAW,token:55
3701,71047,exposure_matched_local,1673097052,16,8,28,33,35,1152,RAW;WAR;WAW,adj:299;adj:584;edge:299:584;edge:446:584;edge:446:661;edge:661:1093;token:18;token:24;token:45;token:53;token:56;token:57
3701,71047,exposure_matched_local,1673097052,16,8,29,1,442,479,RAW;WAW,token:22
3701,71047,exposure_matched_local,1673097052,16,8,33,1,533,574,RAW;WAW,token:58
3701,71047,exposure_matched_local,1673097052,16,8,44,1,687,2358,RAW,edge:239:701
3701,71047,exposure_matched_local,1673097052,16,8,65,19,134,2662,RAW;WAR;WAW,adj:239;edge:239:584;edge:239:701;edge:259:302;edge:299:584;edge:9:259
3701,71047,exposure_matched_local,1673097052,16,8,76,4,134,1661,RAW,edge:299:584
3701,71047,exposure_matched_local,1673097052,16,8,95,1,134,1931,RAW,edge:299:584
3701,71047,exposure_matched_local,1673097052,16,8,106,3,134,2313,RAW,edge:299:584
3701,71047,exposure_matched_local,1673097052,16,8,107,2,134,2460,RAW,edge:299:584
3701,71047,exposure_matched_local,1673097052,16,8,115,3,134,2419,RAW,edge:299:584
3701,71047,exposure_matched_local,1673097052,16,9,26,2,402,449,RAW;WAW,token:19
3701,71047,exposure_matched_local,1673097052,16,9,35,1,559,633,RAW;WAW,token:47
3701,71047,exposure_matched_local,1673097052,16,9,41,3,348,841,RAW;WAW,adj:18;edge:18:139;token:59
3701,71047,exposure_matched_local,1673097052,16,9,46,1,706,792,RAW;WAW,token:86
3701,71047,exposure_matched_local,1673097052,16,9,49,2,799,842,RAW;WAW,token:48
3701,71047,exposure_matched_local,1673097052,16,9,51,1,697,899,RAW;WAW,token:51
3701,71047,exposure_matched_local,1673097052,16,9,59,1,930,1167,RAW;WAW,token:82
3701,71047,exposure_matched_local,1673097052,16,9,62,1,2165,2306,RAW;WAW,token:42
3701,71047,exposure_matched_local,1673097052,16,10,41,1,728,757,RAW;WAW,token:37
3701,71047,exposure_matched_local,1673097052,16,11,22,6,539,600,RAW;WAR;WAW,adj:10;edge:31:425;edge:9:10;token:33;token:43;token:78
3701,71047,exposure_matched_local,1673097052,16,11,27,2,178,1451,RAW,edge:121:1033;edge:9:10
3701,71047,exposure_matched_local,1673097052,16,11,30,2,178,513,RAW;WAW,edge:121:1033;token:49
3701,71047,exposure_matched_local,1673097052,16,11,45,1,583,787,RAW;WAW,token:70
3701,71047,exposure_matched_local,1673097052,16,11,56,1,927,1048,RAW;WAW,token:41
3701,71047,exposure_matched_local,1673097052,16,11,65,7,15,1270,RAW;WAR;WAW,adj:9;edge:366:506;edge:9:10
3701,71047,exposure_matched_local,1673097052,16,11,81,1,539,2726,RAW,edge:9:10
3701,71047,exposure_matched_local,1673097052,16,12,58,5,237,1448,RAW;WAR;WAW,adj:588;edge:304:588;token:1;token:54
3701,71047,exposure_matched_local,1673097052,16,13,22,1,656,663,RAW;WAW,token:74
3701,71047,exposure_matched_local,1673097052,16,13,37,1,648,673,RAW;WAW,token:20
3701,71047,exposure_matched_local,1673097052,16,14,22,7,93,1173,RAW;WAR;WAW,adj:366;adj:775;edge:775:1538;token:34
3701,71047,exposure_matched_local,1673097052,16,14,65,1,283,2192,WAR,edge:76:80
3701,71047,exposure_matched_local,1673097052,16,15,22,8,158,1307,RAW;WAR;WAW,edge:10:309;token:29;token:62;token:66
3701,71047,exposure_matched_local,1673097052,16,15,23,1,372,398,RAW;WAW,token:52
3701,71047,exposure_matched_local,1673097052,16,15,32,1,409,568,RAW;WAW,token:63
3701,71047,exposure_matched_local,1673097052,16,15,65,1,231,1795,WAR,edge:10:31
3701,71047,exposure_matched_local,1673097052,16,16,43,1,701,744,RAW;WAW,token:25
3701,71047,exposure_matched_local,1673097052,16,17,55,1,1017,1023,RAW;WAW,token:10
3701,71047,exposure_matched_local,1673097052,16,18,31,6,204,1218,RAW;WAW,edge:51:578;token:16
3701,71047,exposure_matched_local,1673097052,16,18,39,6,204,722,RAW,edge:51:578
3701,71047,exposure_matched_local,1673097052,16,18,42,1,678,723,RAW;WAW,token:61
3701,71047,exposure_matched_local,1673097052,16,18,52,1,204,2309,RAW,edge:51:578
3701,71047,exposure_matched_local,1673097052,16,18,84,5,204,2264,RAW;WAR;WAW,adj:51;adj:578;adj:64;edge:51:578;edge:51:64
3701,71047,exposure_matched_local,1673097052,16,18,89,1,204,2240,RAW,edge:51:578
3701,71047,exposure_matched_local,1673097052,16,18,93,2,204,2441,RAW,edge:51:578
3701,71047,exposure_matched_local,1673097052,16,19,22,1,713,716,RAW;WAW,token:27
3701,71047,exposure_matched_local,1673097052,16,19,57,1,1046,1056,RAW;WAW,token:81
3701,71047,exposure_matched_local,1673097052,16,20,41,4,63,1043,WAR,edge:254:296
3701,71047,exposure_matched_local,1673097052,16,20,53,1,983,995,RAW;WAW,token:36
3701,71047,exposure_matched_local,1673097052,16,21,50,1,839,849,RAW;WAW,token:35
3701,71047,exposure_matched_local,1673097052,16,22,63,1,920,951,RAW;WAW,token:76
3701,71047,exposure_matched_local,1673097052,16,22,65,29,716,2192,RAW;WAR;WAW,adj:10;adj:31;adj:366;edge:10:31;edge:31:1374;edge:31:1423;edge:76:80;token:105;token:126;token:43;token:66;token:73;token:74;token:77;token:83;token:87;token:88;token:91
3701,71047,exposure_matched_local,1673097052,16,22,66,1,1307,2694,RAW,edge:11:309
3701,71047,exposure_matched_local,1673097052,16,22,72,1,1328,1470,RAW;WAW,token:72
3701,71047,exposure_matched_local,1673097052,16,22,75,4,1473,1677,RAW;WAW,edge:761:1054;token:33
3701,71047,exposure_matched_local,1673097052,16,22,77,3,1331,1716,RAW;WAR;WAW,edge:576:1251;token:62
3701,71047,exposure_matched_local,1673097052,16,22,79,1,1307,1606,RAW,edge:11:309
3701,71047,exposure_matched_local,1673097052,16,22,81,1,1571,1649,RAW;WAW,token:29
3701,71047,exposure_matched_local,1673097052,16,22,82,1,1644,1650,RAW;WAW,token:64
3701,71047,exposure_matched_local,1673097052,16,22,91,1,1804,1873,RAW;WAW,token:114
3701,71047,exposure_matched_local,1673097052,16,22,92,1,1854,1907,RAW;WAW,token:27
3701,71047,exposure_matched_local,1673097052,16,22,98,1,1909,1976,RAW;WAW,token:34
3701,71047,exposure_matched_local,1673097052,16,22,103,1,1922,2092,RAW;WAW,token:146
3701,71047,exposure_matched_local,1673097052,16,22,122,1,2178,2417,RAW;WAW,token:147
3701,71047,exposure_matched_local,1673097052,16,22,123,1,1307,2814,RAW,edge:11:309
3701,71047,exposure_matched_local,1673097052,16,22,124,1,804,2606,RAW,edge:184:843
3701,71047,exposure_matched_local,1673097052,16,22,131,1,2608,2658,RAW;WAW,token:31
3701,71047,exposure_matched_local,1673097052,16,22,144,1,3032,3037,RAW;WAW,token:184
3701,71047,exposure_matched_local,1673097052,16,23,64,5,705,1997,RAW;WAR;WAW,adj:12;edge:12:1486;token:109;token:52
3701,71047,exposure_matched_local,1673097052,16,23,66,1,1292,1294,RAW;WAW,token:2
3701,71047,exposure_matched_local,1673097052,16,23,74,1,1397,1535,RAW;WAW,token:106
3701,71047,exposure_matched_local,1673097052,16,24,95,1,1870,1931,RAW;WAW,token:46
3701,71047,exposure_matched_local,1673097052,16,25,67,2,466,1642,RAW;WAW,edge:392:1454;token:65
3701,71047,exposure_matched_local,1673097052,16,26,68,2,1339,1371,RAW;WAR;WAW,token:90
3701,71047,exposure_matched_local,1673097052,16,26,80,1,1365,1622,RAW;WAW,token:115
3701,71047,exposure_matched_local,1673097052,16,26,87,1,1611,1725,RAW;WAW,token:96
3701,71047,exposure_matched_local,1673097052,16,26,97,1,1951,1975,RAW;WAW,token:19
3701,71047,exposure_matched_local,1673097052,16,26,130,1,2533,2620,RAW;WAW,token:71
3701,71047,exposure_matched_local,1673097052,16,27,65,3,1399,1504,RAW;WAW,token:151;token:55;token:79
3701,71047,exposure_matched_local,1673097052,16,27,69,1,1139,1396,RAW;WAW,token:98
3701,71047,exposure_matched_local,1673097052,16,27,100,1,2038,2040,RAW;WAW,token:129
3701,71047,exposure_matched_local,1673097052,16,27,123,2,2132,2433,RAW;WAW,token:154
3701,71047,exposure_matched_local,1673097052,16,28,65,17,763,2662,RAW;WAR;WAW,adj:584;edge:239:584;edge:259:302;edge:299:661;edge:584:661;token:103;token:112;token:119;token:139;token:18;token:57
3701,71047,exposure_matched_local,1673097052,16,28,76,4,593,2893,RAW;WAW,edge:299:661;edge:446:1093;token:120
3701,71047,exposure_matched_local,1673097052,16,28,90,1,1643,1850,RAW;WAW,token:53
3701,71047,exposure_matched_local,1673097052,16,28,95,2,763,1946,RAW,edge:299:661;edge:584:661
3701,71047,exposure_matched_local,1673097052,16,28,106,7,593,2667,RAW;WAW,edge:299:661;edge:446:1093;edge:584:661;token:45
3701,71047,exposure_matched_local,1673097052,16,28,107,2,593,2134,RAW;WAW,edge:446:1093;token:24
3701,71047,exposure_matched_local,1673097052,16,28,108,1,2049,2162,RAW;WAW,token:150
3701,71047,exposure_matched_local,1673097052,16,28,110,1,2200,2232,RAW;WAW,token:118
3701,71047,exposure_matched_local,1673097052,16,28,112,1,2012,2271,RAW;WAW,token:26
3701,71047,exposure_matched_local,1673097052,16,28,115,3,763,2334,RAW;WAW,edge:299:661;edge:584:661;token:138
3701,71047,exposure_matched_local,1673097052,16,28,120,3,593,2406,RAW;WAW,edge:446:1093;token:143
3701,71047,exposure_matched_local,1673097052,16,28,138,1,2295,2780,RAW;WAW,token:56
3701,71047,exposure_matched_local,1673097052,16,28,141,2,2465,2955,RAW;WAR;WAW,token:168
3701,71047,exposure_matched_local,1673097052,16,28,142,1,2480,3007,RAW;WAW,token:110
3701,71047,exposure_matched_local,1673097052,16,29,65,1,1554,1646,RAW;WAW,token:22
3701,71047,exposure_matched_local,1673097052,16,29,71,4,1057,2607,RAW,edge:639:993
3701,71047,exposure_matched_local,1673097052,16,29,99,1,1943,1995,RAW;WAW,token:69
3701,71047,exposure_matched_local,1673097052,16,30,71,1,1389,1446,RAW;WAW,token:49
3701,71047,exposure_matched_local,1673097052,16,31,84,4,1576,1704,RAW;WAR;WAW,edge:51:502;edge:51:64;token:116;token:16
3701,71047,exposure_matched_local,1673097052,16,32,105,1,1871,2099,RAW;WAW,token:63
3701,71047,exposure_matched_local,1673097052,16,33,88,2,1659,1732,RAW;WAR;WAW,token:58
3701,71047,exposure_matched_local,1673097052,16,33,94,1,1679,1911,RAW;WAW,token:125
3701,71047,exposure_matched_local,1673097052,16,34,70,1,1306,1418,RAW;WAW,token:38
3701,71047,exposure_matched_local,1673097052,16,34,83,1,1544,1660,RAW;WAW,token:84
3701,71047,exposure_matched_local,1673097052,16,34,118,1,2231,2374,RAW;WAW,token:93
3701,71047,exposure_matched_local,1673097052,16,37,121,1,2265,2408,RAW;WAW,token:20
3701,71047,exposure_matched_local,1673097052,16,37,124,2,2409,2442,RAW;WAW,token:181
3701,71047,exposure_matched_local,1673097052,16,37,128,2,2207,2580,RAW;WAR;WAW,token:169
3701,71047,exposure_matched_local,1673097052,16,38,85,1,1578,1707,RAW;WAW,token:113
3701,71047,exposure_matched_local,1673097052,16,38,104,1,2055,2095,RAW;WAW,token:40
3701,71047,exposure_matched_local,1673097052,16,38,111,1,2077,2234,RAW;WAW,token:89
3701,71047,exposure_matched_local,1673097052,16,39,84,4,905,2725,RAW;WAR;WAW,edge:51:502;edge:51:64;token:144;token:60
3701,71047,exposure_matched_local,1673097052,16,39,89,1,1807,1833,RAW;WAW,token:85
3701,71047,exposure_matched_local,1673097052,16,39,101,1,1910,2044,RAW;WAW,token:102
3701,71047,exposure_matched_local,1673097052,16,40,140,1,2864,2953,RAW;WAW,token:207
3701,71047,exposure_matched_local,1673097052,16,41,73,2,1509,1521,RAW;WAR;WAW,edge:372:624;token:37
3701,71047,exposure_matched_local,1673097052,16,41,78,3,1085,1736,RAW;WAW,edge:17:1506;token:111
3701,71047,exposure_matched_local,1673097052,16,41,80,1,1428,2497,RAW,edge:18:708
3701,71047,exposure_matched_local,1673097052,16,41,86,1,1703,1715,RAW;WAW,token:94
3701,71047,exposure_matched_local,1673097052,16,41,96,1,1948,1950,RAW;WAW,token:152
3701,71047,exposure_matched_local,1673097052,16,41,102,2,1887,2091,RAW;WAR;WAW,token:59
3701,71047,exposure_matched_local,1673097052,16,41,125,1,2459,2479,RAW;WAW,token:101
3701,71047,exposure_matched_local,1673097052,16,41,134,1,2531,2718,RAW;WAW,token:177
3701,71047,exposure_matched_local,1673097052,16,42,84,1,723,2725,WAR,edge:51:502
3701,71047,exposure_matched_local,1673097052,16,43,65,1,2675,2699,RAW;WAW,token:25
3701,71047,exposure_matched_local,1673097052,16,45,114,2,1853,2519,RAW;WAW,adj:532;token:70
3701,71047,exposure_matched_local,1673097052,16,46,109,1,2103,2191,RAW;WAW,token:67
3701,71047,exposure_matched_local,1673097052,16,46,113,1,2224,2279,RAW;WAW,token:86
3701,71047,exposure_matched_local,1673097052,16,47,65,2,1586,1898,RAW;WAR;WAW,edge:259:302;token:39
3701,71047,exposure_matched_local,1673097052,16,48,79,1,1505,1606,RAW;WAW,token:32
3701,71047,exposure_matched_local,1673097052,16,49,73,1,1857,1987,RAW;WAW,token:48
3701,71047,exposure_matched_local,1673097052,16,49,132,1,2357,2700,RAW;WAW,token:95
3701,71047,exposure_matched_local,1673097052,16,49,136,1,2648,2760,RAW;WAW,token:132
3701,71047,exposure_matched_local,1673097052,16,51,126,1,2434,2523,RAW;WAW,token:166
3701,71047,exposure_matched_local,1673097052,16,51,133,1,2611,2701,RAW;WAW,token:51
3701,71047,exposure_matched_local,1673097052,16,52,84,7,2109,2725,RAW;WAR;WAW,edge:51:502;edge:51:64;token:123;token:158;token:165;token:176;token:97
3701,71047,exposure_matched_local,1673097052,16,52,93,1,1782,1908,RAW;WAW,token:12
3701,71047,exposure_matched_local,1673097052,16,52,135,1,2290,2759,RAW;WAW,token:108
3701,71047,exposure_matched_local,1673097052,16,54,117,2,2244,2373,RAW;WAW,token:153
3701,71047,exposure_matched_local,1673097052,16,54,127,1,2439,2560,RAW;WAW,token:68
3701,71047,exposure_matched_local,1673097052,16,54,139,1,2835,2903,RAW;WAW,token:204
3701,71047,exposure_matched_local,1673097052,16,56,67,2,1758,2469,RAW,edge:1283:1521
3701,71047,exposure_matched_local,1673097052,16,56,137,3,1758,2773,RAW;WAW,edge:1283:1521;token:41
3701,71047,exposure_matched_local,1673097052,16,57,65,1,2225,2486,RAW;WAW,token:170
3701,71047,exposure_matched_local,1673097052,16,58,116,2,1448,2363,RAW;WAW,edge:263:588;token:142
3701,71047,exposure_matched_local,1673097052,16,58,119,1,2219,2380,RAW;WAW,token:121
3701,71047,exposure_matched_local,1673097052,16,58,129,1,2383,2609,RAW;WAW,token:54
3701,71047,exposure_matched_local,1673097052,16,58,143,1,2750,3025,RAW;WAW,token:1
3701,71047,exposure_matched_local,1673097052,16,59,109,1,1167,2977,WAR,edge:153:182
3701,71047,exposure_matched_local,1673097052,16,60,109,3,1480,2977,RAW;WAR;WAW,edge:153:182;token:190
3701,71047,exposure_matched_local,1673097052,16,63,146,1,2770,3026,RAW;WAW,token:76
3701,71047,exposure_matched_local,1673097052,16,64,145,1,2637,2749,RAW;WAW,token:109
3701,71047,exposure_matched_local,1673097052,16,64,148,1,2863,3061,RAW;WAW,token:52
3701,71047,exposure_matched_local,1673097052,16,67,147,1,2987,3053,RAW;WAW,token:65
3701,71089,current_global,1573097094,16,0,24,4,9,1638,RAW;WAR;WAW,edge:17:254;edge:254:828;token:36
3701,71089,current_global,1573097094,16,0,51,1,933,1045,RAW;WAW,token:54
3701,71089,current_global,1573097094,16,1,23,3,458,626,RAW;WAR;WAW,token:25;token:70
3701,71089,current_global,1573097094,16,2,24,6,2,1142,RAW;WAR;WAW,edge:254:352;edge:254:828;token:61;token:77
3701,71089,current_global,1573097094,16,2,32,1,620,622,RAW;WAW,token:37
3701,71089,current_global,1573097094,16,3,23,13,345,563,RAW;WAR;WAW,adj:80;edge:366:889;token:32;token:33;token:41;token:51;token:68;token:72;token:73
3701,71089,current_global,1573097094,16,3,25,1,525,528,RAW;WAW,token:34
3701,71089,current_global,1573097094,16,3,35,4,413,743,RAW;WAW,edge:366:889;token:57
3701,71089,current_global,1573097094,16,3,45,1,817,823,RAW;WAW,token:89
3701,71089,current_global,1573097094,16,3,46,1,996,1029,RAW;WAW,token:96
3701,71089,current_global,1573097094,16,3,80,6,25,1965,RAW,edge:366:889;edge:366:936
3701,71089,current_global,1573097094,16,3,91,4,25,2492,RAW,edge:366:889;edge:366:936
3701,71089,current_global,1573097094,16,3,93,2,492,2606,WAR,edge:197:234
3701,71089,current_global,1573097094,16,3,102,1,413,2690,RAW,edge:366:889
3701,71089,current_global,1573097094,16,4,23,3,485,487,RAW;WAW,adj:446;token:22;token:55
3701,71089,current_global,1573097094,16,4,62,6,4,1776,RAW,edge:299:1093;edge:446:1093
3701,71089,current_global,1573097094,16,5,33,3,238,628,RAW;WAR;WAW,edge:908:1471;token:10
3701,71089,current_global,1573097094,16,5,60,3,44,1627,WAR,edge:578:681
3701,71089,current_global,1573097094,16,6,24,2,407,1638,RAW;WAR;WAW,edge:17:254;token:59
3701,71089,current_global,1573097094,16,6,28,1,515,581,RAW;WAW,token:65
3701,71089,current_global,1573097094,16,6,34,2,739,805,RAW;WAW,token:64
3701,71089,current_global,1573097094,16,6,53,1,670,1158,RAW;WAW,token:38
3701,71089,current_global,1573097094,16,7,23,9,7,792,RAW;WAR;WAW,edge:239:537;edge:267:1247;edge:537:701;token:18
3701,71089,current_global,1573097094,16,7,62,2,443,2976,WAR,edge:267:639
3701,71089,current_global,1573097094,16,8,21,1,422,477,RAW;WAW,token:53
3701,71089,current_global,1573097094,16,8,34,3,89,711,RAW;WAW,adj:15;edge:43:304;token:35
3701,71089,current_global,1573097094,16,8,38,1,698,709,RAW;WAW,token:1
3701,71089,current_global,1573097094,16,8,40,2,737,762,RAW;WAW,token:79
3701,71089,current_global,1573097094,16,8,41,1,758,763,RAW;WAW,token:48
3701,71089,current_global,1573097094,16,8,42,1,766,796,RAW;WAW,token:56
3701,71089,current_global,1573097094,16,8,49,1,902,917,RAW;WAW,token:46
3701,71089,current_global,1573097094,16,8,57,1,642,2575,WAR,edge:14:66
3701,71089,current_global,1573097094,16,8,136,2,89,2720,RAW,edge:43:304
3701,71089,current_global,1573097094,16,9,23,10,72,832,RAW;WAR;WAW,adj:11;edge:10:11;edge:11:579;token:42;token:78;token:80
3701,71089,current_global,1573097094,16,9,27,1,530,558,RAW;WAW,token:47
3701,71089,current_global,1573097094,16,9,37,2,217,706,RAW,edge:11:579
3701,71089,current_global,1573097094,16,9,55,3,341,1257,RAW;WAW,edge:403:1315;token:31
3701,71089,current_global,1573097094,16,9,62,1,217,2336,RAW,edge:11:579
3701,71089,current_global,1573097094,16,9,93,3,217,2753,RAW,edge:11:579
3701,71089,current_global,1573097094,16,10,22,1,425,486,RAW;WAW,token:49
3701,71089,current_global,1573097094,16,10,31,1,562,606,RAW;WAW,token:16
3701,71089,current_global,1573097094,16,10,34,1,607,629,RAW;WAW,token:50
3701,71089,current_global,1573097094,16,10,36,1,595,654,RAW;WAW,token:45
3701,71089,current_global,1573097094,16,10,50,1,876,946,RAW;WAW,token:66
3701,71089,current_global,1573097094,16,10,60,4,257,1627,WAR,edge:28:245;edge:578:681
3701,71089,current_global,1573097094,16,11,23,2,262,832,RAW;WAR;WAW,edge:10:11;token:44
3701,71089,current_global,1573097094,16,11,26,1,524,529,RAW;WAW,token:27
3701,71089,current_global,1573097094,16,11,29,1,561,583,RAW;WAW,token:60
3701,71089,current_global,1573097094,16,11,46,12,26,2094,RAW;WAR;WAW,adj:1293;adj:495;edge:415:1293;edge:495:1293;token:40
3701,71089,current_global,1573097094,16,11,139,2,703,2754,RAW,edge:415:1293
3701,71089,current_global,1573097094,16,12,23,3,497,572,RAW;WAW,token:20;token:52;token:63
3701,71089,current_global,1573097094,16,12,37,1,641,706,RAW;WAW,token:76
3701,71089,current_global,1573097094,16,12,47,2,789,874,RAW;WAW,token:58
3701,71089,current_global,1573097094,16,12,48,1,871,899,RAW;WAW,token:43
3701,71089,current_global,1573097094,16,12,93,4,455,2606,WAR,edge:197:234
3701,71089,current_global,1573097094,16,13,30,1,489,589,RAW;WAW,token:24
3701,71089,current_global,1573097094,16,14,54,11,189,1379,RAW;WAW,edge:389:601;edge:389:798;token:2
3701,71089,current_global,1573097094,16,15,56,1,1138,1276,RAW;WAW,token:12
3701,71089,current_global,1573097094,16,16,23,7,423,935,RAW;WAR;WAW,edge:239:1351;edge:267:1247;token:26;token:62;token:67
3701,71089,current_global,1573097094,16,17,44,1,749,814,RAW;WAW,token:30
3701,71089,current_global,1573097094,16,18,43,1,801,808,RAW;WAW,token:19
3701,71089,current_global,1573097094,16,19,23,11,86,678,RAW;WAR;WAW,edge:239:537;edge:446:584;edge:537:701;token:39
3701,71089,current_global,1573097094,16,19,39,1,665,727,RAW;WAW,token:71
3701,71089,current_global,1573097094,16,19,52,1,980,1051,RAW;WAW,token:69
3701,71089,current_global,1573097094,16,19,62,1,533,3011,WAR,edge:9:239
3701,71089,current_global,1573097094,16,19,158,3,348,3055,WAR,edge:239:584
3701,71089,current_global,1573097094,16,20,23,4,104,1414,RAW;WAR;WAW,edge:33:309;token:29
3701,71089,current_global,1573097094,16,21,57,1,1125,1205,RAW;WAW,token:53
3701,71089,current_global,1573097094,16,22,60,3,600,1627,RAW;WAR;WAW,edge:578:681;token:49
3701,71089,current_global,1573097094,16,22,149,1,2447,2963,RAW;WAW,token:74
3701,71089,current_global,1573097094,16,23,59,1,1209,1243,RAW;WAW,token:68
3701,71089,current_global,1573097094,16,23,61,5,1047,2395,RAW,edge:575:764;edge:618:1096;edge:9:1214
3701,71089,current_global,1573097094,16,23,62,44,547,2035,RAW;WAR;WAW,adj:239;adj:267;adj:639;adj:9;edge:10:618;edge:239:446;edge:239:834;edge:267:639;edge:446:1275;edge:477:541;edge:537:834;edge:618:1096;edge:9:1214;edge:9:239;token:107;token:130;token:135;token:22;token:55;token:62;token:75;token:81;token:90;token:94;token:99
3701,71089,current_global,1573097094,16,23,63,12,1047,2085,RAW;WAR;WAW,adj:8;edge:575:764;edge:618:1096;edge:8:215;edge:9:1214;token:109;token:122;token:42;token:70
3701,71089,current_global,1573097094,16,23,64,1,1374,1408,RAW;WAW,token:98
3701,71089,current_global,1573097094,16,23,65,3,1523,1524,RAW;WAR;WAW,edge:1283:1403;token:121;token:80
3701,71089,current_global,1573097094,16,23,67,1,1584,1644,RAW;WAW,token:39
3701,71089,current_global,1573097094,16,23,69,2,1047,1751,RAW;WAW,edge:9:1214;token:136
3701,71089,current_global,1573097094,16,23,71,2,1720,1796,RAW;WAW,edge:10:618;token:25
3701,71089,current_global,1573097094,16,23,74,2,1123,1867,RAW;WAW,edge:239:834;token:18
3701,71089,current_global,1573097094,16,23,76,5,935,2843,RAW;WAW,edge:184:1351;edge:9:1351;token:33
3701,71089,current_global,1573097094,16,23,78,6,1019,2473,RAW;WAW,edge:184:1351;token:102
3701,71089,current_global,1573097094,16,23,81,1,1663,1969,RAW;WAW,token:67
3701,71089,current_global,1573097094,16,23,84,14,547,3032,RAW;WAW,edge:239:446;edge:446:1275;edge:575:764;edge:584:1247;edge:639:1247;edge:9:1214;token:26
3701,71089,current_global,1573097094,16,23,85,1,1915,2114,RAW;WAW,token:115
3701,71089,current_global,1573097094,16,23,87,2,1306,2127,RAW;WAW,edge:618:1096;token:134
3701,71089,current_global,1573097094,16,23,90,6,688,2157,RAW;WAW,edge:584:1247;edge:639:1247;token:29
3701,71089,current_global,1573097094,16,23,91,1,2108,2167,RAW;WAW,token:85
3701,71089,current_global,1573097094,16,23,93,14,832,2606,RAW;WAR;WAW,adj:31;edge:11:31;edge:197:234;token:111
3701,71089,current_global,1573097094,16,23,94,2,2039,2228,RAW;WAW,edge:10:618;token:78
3701,71089,current_global,1573097094,16,23,95,1,2053,2231,RAW;WAW,token:44
3701,71089,current_global,1573097094,16,23,97,1,2254,2261,RAW;WAW,token:164
3701,71089,current_global,1573097094,16,23,98,1,2158,2269,RAW;WAW,token:32
3701,71089,current_global,1573097094,16,23,100,8,1414,2388,RAW;WAR;WAW,adj:10;adj:309;edge:309:1295;token:103;token:63
3701,71089,current_global,1573097094,16,23,102,1,2263,2310,RAW;WAW,token:86
3701,71089,current_global,1573097094,16,23,103,3,893,2312,RAW;WAW,edge:80:251;token:110
3701,71089,current_global,1573097094,16,23,104,1,2285,2339,RAW;WAW,token:95
3701,71089,current_global,1573097094,16,23,106,4,893,2375,RAW;WAW,edge:33:322;edge:80:251;token:51
3701,71089,current_global,1573097094,16,23,107,1,2110,2380,RAW;WAW,token:105
3701,71089,current_global,1573097094,16,23,111,3,1019,2671,RAW;WAW,edge:184:1351;token:100
3701,71089,current_global,1573097094,16,23,113,2,2062,2469,RAW;WAW,edge:10:618;token:72
3701,71089,current_global,1573097094,16,23,118,2,2062,2521,RAW;WAW,edge:10:618;token:141
3701,71089,current_global,1573097094,16,23,125,2,832,2641,RAW;WAW,edge:11:31;token:132
3701,71089,current_global,1573097094,16,23,134,1,2679,2687,RAW;WAW,token:52
3701,71089,current_global,1573097094,16,23,135,1,2682,2713,RAW;WAW,token:41
3701,71089,current_global,1573097094,16,23,138,1,893,3022,RAW,edge:80:251
3701,71089,current_global,1573097094,16,23,141,1,2752,2758,RAW;WAW,token:144
3701,71089,current_global,1573097094,16,23,147,1,2915,2929,RAW;WAW,token:180
3701,71089,current_global,1573097094,16,23,158,13,678,3055,RAW;WAR;WAW,adj:1214;adj:1247;adj:575;adj:584;edge:239:1247;edge:239:584;edge:584:1247
3701,71089,current_global,1573097094,16,23,159,1,935,3070,RAW,edge:9:1351
3701,71089,current_global,1573097094,16,24,75,2,1142,2055,RAW,edge:254:886
3701,71089,current_global,1573097094,16,24,96,1,2226,2252,RAW;WAW,token:36
3701,71089,current_global,1573097094,16,24,99,1,2256,2283,RAW;WAW,token:101
3701,71089,current_global,1573097094,16,24,105,1,2025,2372,RAW;WAW,token:77
3701,71089,current_global,1573097094,16,24,112,1,2264,2435,RAW;WAW,token:166
3701,71089,current_global,1573097094,16,24,120,1,2462,2541,RAW;WAW,token:156
3701,71089,current_global,1573097094,16,24,121,1,2400,2556,RAW;WAW,token:165
3701,71089,current_global,1573097094,16,24,124,1,2448,2566,RAW;WAW,token:178
3701,71089,current_global,1573097094,16,24,144,1,2788,2857,RAW;WAW,token:196
3701,71089,current_global,1573097094,16,24,146,1,2795,2875,RAW;WAW,token:61
3701,71089,current_global,1573097094,16,24,152,2,2608,3031,RAW;WAR;WAW,token:161
3701,71089,current_global,1573097094,16,24,153,1,2272,3056,RAW;WAW,token:59
3701,71089,current_global,1573097094,16,25,154,1,2924,3069,RAW;WAW,token:34
3701,71089,current_global,1573097094,16,26,110,1,2286,2421,RAW;WAW,token:27
3701,71089,current_global,1573097094,16,27,119,1,2141,2540,RAW;WAW,token:47
3701,71089,current_global,1573097094,16,28,72,5,1069,2624,RAW;WAR;WAW,edge:223:224;edge:295:1388;token:133;token:65
3701,71089,current_global,1573097094,16,29,68,1,1702,1716,RAW;WAW,token:60
3701,71089,current_global,1573097094,16,30,58,1,1220,1240,RAW;WAW,token:87
3701,71089,current_global,1573097094,16,30,61,1,1095,1264,RAW;WAW,token:24
3701,71089,current_global,1573097094,16,30,89,1,1728,2148,RAW;WAW,token:93
3701,71089,current_global,1573097094,16,31,60,1,1718,1746,RAW;WAW,token:16
3701,71089,current_global,1573097094,16,32,75,1,1636,1873,RAW;WAW,token:37
3701,71089,current_global,1573097094,16,33,88,1,2100,2133,RAW;WAW,token:10
3701,71089,current_global,1573097094,16,34,66,1,1509,1590,RAW;WAW,token:50
3701,71089,current_global,1573097094,16,34,70,1,1678,1754,RAW;WAW,token:35
3701,71089,current_global,1573097094,16,34,77,6,1456,1930,RAW;WAR;WAW,edge:16:44;token:112;token:88
3701,71089,current_global,1573097094,16,34,79,1,1689,1957,RAW;WAW,token:114
3701,71089,current_global,1573097094,16,34,122,2,2297,2559,RAW;WAR;WAW,token:137
3701,71089,current_global,1573097094,16,34,128,1,2524,2603,RAW;WAW,token:183
3701,71089,current_global,1573097094,16,34,130,1,2022,2627,RAW;WAW,token:104
3701,71089,current_global,1573097094,16,34,131,1,2334,2636,RAW;WAW,token:117
3701,71089,current_global,1573097094,16,34,136,1,2647,2720,RAW;WAW,token:153
3701,71089,current_global,1573097094,16,34,151,2,1068,3013,RAW;WAW,edge:15:719;token:64
3701,71089,current_global,1573097094,16,35,80,1,1931,1965,RAW;WAW,token:57
3701,71089,current_global,1573097094,16,35,86,1,2072,2122,RAW;WAW,token:119
3701,71089,current_global,1573097094,16,36,60,4,1481,1627,RAW;WAR;WAW,edge:28:245;token:131;token:45;token:82
3701,71089,current_global,1573097094,16,37,100,2,2066,2388,WAR,edge:309:1295
3701,71089,current_global,1573097094,16,37,114,1,2337,2446,RAW;WAW,token:76
3701,71089,current_global,1573097094,16,37,126,1,2103,2584,RAW;WAW,token:145
3701,71089,current_global,1573097094,16,37,132,1,2507,2654,RAW;WAW,token:181
3701,71089,current_global,1573097094,16,37,133,1,2621,2678,RAW;WAW,token:188
3701,71089,current_global,1573097094,16,37,142,3,2249,2762,RAW;WAR;WAW,token:129
3701,71089,current_global,1573097094,16,38,108,1,2360,2385,RAW;WAW,token:1
3701,71089,current_global,1573097094,16,38,143,1,2666,2853,RAW;WAW,token:92
3701,71089,current_global,1573097094,16,39,116,1,2464,2491,RAW;WAW,token:71
3701,71089,current_global,1573097094,16,40,101,1,2174,2305,RAW;WAW,token:83
3701,71089,current_global,1573097094,16,40,109,1,2105,2390,RAW;WAW,token:140
3701,71089,current_global,1573097094,16,40,123,1,2253,2560,RAW;WAW,token:79
3701,71089,current_global,1573097094,16,41,57,3,1012,2575,RAW;WAR;WAW,edge:14:66;token:138;token:84
3701,71089,current_global,1573097094,16,41,73,1,1834,1854,RAW;WAW,token:124
3701,71089,current_global,1573097094,16,41,82,1,1938,2003,RAW;WAW,token:123
3701,71089,current_global,1573097094,16,41,117,1,2516,2518,RAW;WAW,token:108
3701,71089,current_global,1573097094,16,41,127,1,2571,2598,RAW;WAW,token:126
3701,71089,current_global,1573097094,16,41,148,1,2937,2957,RAW;WAW,token:128
3701,71089,current_global,1573097094,16,41,150,1,2724,2970,RAW;WAW,token:48
3701,71089,current_global,1573097094,16,42,115,1,2250,2478,RAW;WAW,token:56
3701,71089,current_global,1573097094,16,42,137,1,2700,2726,RAW;WAW,token:106
3701,71089,current_global,1573097094,16,42,145,1,2486,2860,RAW;WAW,token:125
3701,71089,current_global,1573097094,16,43,83,1,1973,2075,RAW;WAW,token:19
3701,71089,current_global,1573097094,16,44,129,1,2498,2615,RAW;WAW,token:173
3701,71089,current_global,1573097094,16,44,140,1,2736,2757,RAW;WAW,token:30
3701,71089,current_global,1573097094,16,45,92,1,2161,2189,RAW;WAW,token:89
3701,71089,current_global,1573097094,16,45,100,10,1031,2388,RAW;WAR;WAW,edge:309:1295;token:127
3701,71089,current_global,1573097094,16,47,100,6,901,2388,WAR,edge:309:1295
3701,71089,current_global,1573097094,16,47,138,1,2728,2737,RAW;WAW,token:58
3701,71089,current_global,1573097094,16,48,93,2,2593,2606,RAW;WAR;WAW,edge:197:234;token:43
3701,71089,current_global,1573097094,16,48,139,1,2378,2754,RAW;WAW,token:118
3701,71089,current_global,1573097094,16,49,57,1,1201,2575,WAR,edge:14:66
3701,71089,current_global,1573097094,16,50,60,3,1371,1627,RAW;WAR;WAW,edge:28:245;edge:578:681;token:66
3701,71089,current_global,1573097094,16,58,155,1,2049,2077,RAW;WAW,token:155
3701,71089,current_global,1573097094,16,58,156,1,2190,2206,RAW;WAW,token:116
3701,71089,current_global,1573097094,16,62,157,1,2874,2923,RAW;WAW,token:22
3701,71089,current_global,1573097094,16,62,158,8,1760,3043,RAW;WAR;WAW,adj:239;edge:239:575;edge:239:584;edge:239:759;token:148
3701,71089,current_global,1573097094,16,62,159,1,2966,3070,RAW;WAW,token:206
3701,71089,current_global,1573097094,16,63,158,1,1787,3043,WAR,edge:239:575
3701,71089,current_global,1573097094,16,74,158,3,3014,3043,RAW;WAR;WAW,edge:239:575;token:18
3701,71089,current_global,1573097094,16,84,158,3,2146,3055,WAR,edge:239:575;edge:239:584
3701,71089,exposure_matched_local,1673097094,16,0,24,1,363,387,RAW;WAW,token:56
3701,71089,exposure_matched_local,1673097094,16,0,25,1,398,400,RAW;WAW,token:42
3701,71089,exposure_matched_local,1673097094,16,0,26,1,337,403,RAW;WAW,token:54
3701,71089,exposure_matched_local,1673097094,16,0,27,1,397,416,RAW;WAW,token:55
3701,71089,exposure_matched_local,1673097094,16,0,32,1,363,1226,RAW,edge:121:541
3701,71089,exposure_matched_local,1673097094,16,0,33,2,518,526,RAW;WAW,token:20
3701,71089,exposure_matched_local,1673097094,16,0,36,2,498,544,RAW;WAR;WAW,token:39
3701,71089,exposure_matched_local,1673097094,16,0,39,1,529,570,RAW;WAW,token:73
3701,71089,exposure_matched_local,1673097094,16,0,43,4,151,1361,RAW;WAR;WAW,edge:239:1247;token:61;token:68
3701,71089,exposure_matched_local,1673097094,16,0,44,3,363,1016,RAW;WAW,edge:121:541;token:59
3701,71089,exposure_matched_local,1673097094,16,0,54,1,958,1031,RAW;WAW,token:24
3701,71089,exposure_matched_local,1673097094,16,0,57,1,1084,1139,RAW;WAW,token:93
3701,71089,exposure_matched_local,1673097094,16,0,60,6,4,1778,RAW;WAR;WAW,edge:341:516;token:113;token:25
3701,71089,exposure_matched_local,1673097094,16,0,61,1,1243,1362,RAW;WAW,token:112
3701,71089,exposure_matched_local,1673097094,16,0,71,8,25,1832,RAW;WAR,edge:121:541;edge:302:1044;edge:47:368;edge:79:299
3701,71089,exposure_matched_local,1673097094,16,0,80,2,270,2551,RAW,edge:302:1044
3701,71089,exposure_matched_local,1673097094,16,0,95,5,214,2874,RAW;WAR;WAW,adj:9;edge:9:1140
3701,71089,exposure_matched_local,1673097094,16,1,29,1,432,459,RAW;WAW,token:32
3701,71089,exposure_matched_local,1673097094,16,2,28,1,678,779,RAW;WAW,token:43
3701,71089,exposure_matched_local,1673097094,16,2,52,2,761,796,RAW;WAW,token:12;token:76
3701,71089,exposure_matched_local,1673097094,16,3,41,1,599,612,RAW;WAW,token:41
3701,71089,exposure_matched_local,1673097094,16,3,48,1,611,679,RAW;WAW,token:64
3701,71089,exposure_matched_local,1673097094,16,4,21,1,345,360,RAW;WAW,token:38
3701,71089,exposure_matched_local,1673097094,16,5,43,1,1098,1231,RAW;WAW,token:26
3701,71089,exposure_matched_local,1673097094,16,6,38,1,558,563,RAW;WAW,token:34
3701,71089,exposure_matched_local,1673097094,16,7,28,1,839,896,RAW;WAW,token:10
3701,71089,exposure_matched_local,1673097094,16,7,52,1,716,758,RAW;WAW,token:67
3701,71089,exposure_matched_local,1673097094,16,7,63,1,1353,1891,RAW;WAW,token:80
3701,71089,exposure_matched_local,1673097094,16,8,28,15,312,1029,RAW;WAW,adj:1010;adj:14;adj:304;adj:66;edge:14:1010;edge:43:304;token:1;token:57;token:58
3701,71089,exposure_matched_local,1673097094,16,8,49,1,656,682,RAW;WAW,token:45
3701,71089,exposure_matched_local,1673097094,16,8,50,1,655,684,RAW;WAW,token:74
3701,71089,exposure_matched_local,1673097094,16,8,52,1,723,738,RAW;WAW,token:48
3701,71089,exposure_matched_local,1673097094,16,8,53,1,695,858,RAW;WAW,token:35
3701,71089,exposure_matched_local,1673097094,16,8,72,1,323,1650,RAW,edge:14:1010
3701,71089,exposure_matched_local,1673097094,16,8,76,1,323,1438,RAW,edge:14:1010
3701,71089,exposure_matched_local,1673097094,16,8,88,2,312,1784,RAW,edge:43:304
3701,71089,exposure_matched_local,1673097094,16,9,55,1,722,1086,RAW;WAW,token:37
3701,71089,exposure_matched_local,1673097094,16,10,37,1,520,546,RAW;WAW,token:19
3701,71089,exposure_matched_local,1673097094,16,10,40,1,572,594,RAW;WAW,token:62
3701,71089,exposure_matched_local,1673097094,16,11,22,2,370,373,RAW;WAW,token:44;token:50
3701,71089,exposure_matched_local,1673097094,16,11,23,1,369,384,RAW;WAW,token:2
3701,71089,exposure_matched_local,1673097094,16,11,64,13,236,1869,RAW;WAR;WAW,adj:1421;adj:378;edge:344:378;edge:378:1421
3701,71089,exposure_matched_local,1673097094,16,12,35,1,519,540,RAW;WAW,token:69
3701,71089,exposure_matched_local,1673097094,16,12,43,7,319,974,RAW;WAR;WAW,adj:1247;adj:239;edge:239:1247;edge:299:1247
3701,71089,exposure_matched_local,1673097094,16,12,46,1,545,645,RAW;WAW,token:18
3701,71089,exposure_matched_local,1673097094,16,12,58,1,319,2586,RAW,edge:299:1247
3701,71089,exposure_matched_local,1673097094,16,12,71,3,319,1832,RAW;WAW,adj:299;edge:239:299;edge:299:1247
3701,71089,exposure_matched_local,1673097094,16,13,30,1,484,499,RAW;WAW,token:29
3701,71089,exposure_matched_local,1673097094,16,13,31,1,513,516,RAW;WAW,token:53
3701,71089,exposure_matched_local,1673097094,16,13,32,1,453,522,RAW;WAW,token:63
3701,71089,exposure_matched_local,1673097094,16,13,34,8,129,1279,RAW;WAR;WAW,adj:309;edge:10:322;edge:309:1295;token:46;token:52;token:60
3701,71089,exposure_matched_local,1673097094,16,13,42,1,553,623,RAW;WAW,token:70
3701,71089,exposure_matched_local,1673097094,16,13,47,3,553,1272,RAW;WAW,edge:10:322;token:27
3701,71089,exposure_matched_local,1673097094,16,13,64,2,514,2114,RAW;WAW,adj:1004;adj:31;edge:31:1004
3701,71089,exposure_matched_local,1673097094,16,13,69,1,553,2791,RAW,edge:10:322
3701,71089,exposure_matched_local,1673097094,16,13,75,1,553,2705,RAW,edge:10:322
3701,71089,exposure_matched_local,1673097094,16,13,81,1,553,1919,RAW,edge:10:322
3701,71089,exposure_matched_local,1673097094,16,13,93,1,553,2925,RAW,edge:10:322
3701,71089,exposure_matched_local,1673097094,16,13,124,1,553,2640,RAW,edge:10:322
3701,71089,exposure_matched_local,1673097094,16,13,136,1,553,2969,RAW,edge:10:322
3701,71089,exposure_matched_local,1673097094,16,13,154,1,553,2848,RAW,edge:10:322
3701,71089,exposure_matched_local,1673097094,16,14,58,1,1105,1217,RAW;WAW,token:22
3701,71089,exposure_matched_local,1673097094,16,14,59,1,979,1255,RAW;WAW,token:49
3701,71089,exposure_matched_local,1673097094,16,15,28,1,607,1647,WAR,edge:16:277
3701,71089,exposure_matched_local,1673097094,16,15,51,2,491,706,RAW;WAW,token:30;token:47
3701,71089,exposure_matched_local,1673097094,16,16,45,1,598,643,RAW;WAW,token:31
3701,71089,exposure_matched_local,1673097094,16,16,64,4,473,1532,RAW;WAR;WAW,adj:12;adj:345;edge:12:345;edge:12:396
3701,71089,exposure_matched_local,1673097094,16,17,56,1,957,1103,RAW;WAW,token:33
3701,71089,exposure_matched_local,1673097094,16,17,73,1,371,1840,WAR,edge:278:664
3701,71089,exposure_matched_local,1673097094,16,18,52,3,265,1042,RAW;WAR;WAW,edge:641:831;token:16
3701,71089,exposure_matched_local,1673097094,16,19,28,1,608,708,RAW;WAW,token:51
3701,71089,exposure_matched_local,1673097094,16,19,51,1,880,902,RAW;WAW,token:36
3701,71089,exposure_matched_local,1673097094,16,20,34,2,945,1176,RAW;WAW,token:40
3701,71089,exposure_matched_local,1673097094,16,20,62,1,1442,1593,RAW;WAW,token:85
3701,71089,exposure_matched_local,1673097094,16,21,108,2,1988,2135,RAW;WAR;WAW,token:38
3701,71089,exposure_matched_local,1673097094,16,21,114,1,2125,2223,RAW;WAW,token:164
3701,71089,exposure_matched_local,1673097094,16,22,64,10,373,1869,RAW;WAR;WAW,adj:344;edge:344:378;node:1542;token:122;token:44;token:75
3701,71089,exposure_matched_local,1673097094,16,22,103,3,1502,2691,RAW;WAW,node:1542;token:50
3701,71089,exposure_matched_local,1673097094,16,23,64,2,617,1869,RAW;WAR;WAW,edge:344:378;token:2
3701,71089,exposure_matched_local,1673097094,16,23,66,1,995,1088,RAW;WAW,token:82
3701,71089,exposure_matched_local,1673097094,16,24,86,1,1512,1585,RAW;WAW,token:56
3701,71089,exposure_matched_local,1673097094,16,25,70,2,1258,1280,RAW;WAR;WAW,token:42
3701,71089,exposure_matched_local,1673097094,16,25,71,1,1263,1319,RAW;WAW,token:115
3701,71089,exposure_matched_local,1673097094,16,26,67,2,961,1480,RAW,edge:7:968
3701,71089,exposure_matched_local,1673097094,16,26,78,1,1395,1473,RAW;WAW,token:54
3701,71089,exposure_matched_local,1673097094,16,27,67,1,1157,1221,RAW;WAW,token:86
3701,71089,exposure_matched_local,1673097094,16,27,85,1,1544,1548,RAW;WAW,token:55
3701,71089,exposure_matched_local,1673097094,16,27,122,1,2039,2273,RAW;WAW,token:66
3701,71089,exposure_matched_local,1673097094,16,28,64,4,990,2378,RAW;WAR;WAW,edge:13:38;token:57;token:89
3701,71089,exposure_matched_local,1673097094,16,28,65,1,997,1073,RAW;WAW,token:96
3701,71089,exposure_matched_local,1673097094,16,28,72,1,1321,1327,RAW;WAW,token:87
3701,71089,exposure_matched_local,1673097094,16,28,74,1,1343,1352,RAW;WAW,token:1
3701,71089,exposure_matched_local,1673097094,16,28,76,10,500,1953,RAW;WAR;WAW,adj:66;edge:42:66;token:58;token:98
3701,71089,exposure_matched_local,1673097094,16,28,77,1,1149,1462,RAW;WAW,token:106
3701,71089,exposure_matched_local,1673097094,16,28,79,1,1448,1483,RAW;WAW,token:71
3701,71089,exposure_matched_local,1673097094,16,28,88,1,1686,1748,RAW;WAW,token:81
3701,71089,exposure_matched_local,1673097094,16,28,90,2,1633,1792,RAW;WAR;WAW,token:114
3701,71089,exposure_matched_local,1673097094,16,28,91,1,1506,1839,RAW;WAW,token:92
3701,71089,exposure_matched_local,1673097094,16,28,97,1,1836,1915,RAW;WAW,token:65
3701,71089,exposure_matched_local,1673097094,16,28,102,1,1843,2021,RAW;WAW,token:88
3701,71089,exposure_matched_local,1673097094,16,28,107,1,2119,2132,RAW;WAW,token:79
3701,71089,exposure_matched_local,1673097094,16,28,115,1,2206,2225,RAW;WAW,token:154
3701,71089,exposure_matched_local,1673097094,16,28,127,1,2267,2355,RAW;WAW,token:51
3701,71089,exposure_matched_local,1673097094,16,28,133,1,2060,2564,RAW;WAW,token:95
3701,71089,exposure_matched_local,1673097094,16,28,134,1,1770,2585,RAW;WAW,token:141
3701,71089,exposure_matched_local,1673097094,16,28,135,1,2463,2607,RAW;WAW,token:133
3701,71089,exposure_matched_local,1673097094,16,28,137,1,2654,2668,RAW;WAW,token:43
3701,71089,exposure_matched_local,1673097094,16,28,138,1,2656,2673,RAW;WAW,token:110
3701,71089,exposure_matched_local,1673097094,16,28,139,2,1956,2730,RAW;WAR;WAW,token:91
3701,71089,exposure_matched_local,1673097094,16,28,149,1,2624,3043,RAW;WAW,token:195
3701,71089,exposure_matched_local,1673097094,16,29,64,2,1575,1806,RAW;WAW,token:78
3701,71089,exposure_matched_local,1673097094,16,29,73,6,694,1840,WAR,edge:278:664
3701,71089,exposure_matched_local,1673097094,16,29,101,1,1830,2009,RAW;WAW,token:32
3701,71089,exposure_matched_local,1673097094,16,30,95,2,1856,1874,RAW;WAR;WAW,edge:9:1140;token:29
3701,71089,exposure_matched_local,1673097094,16,31,104,1,1819,2041,RAW;WAW,token:53
3701,71089,exposure_matched_local,1673097094,16,32,68,1,1234,1235,RAW;WAW,token:111
3701,71089,exposure_matched_local,1673097094,16,32,69,2,1215,1251,RAW;WAR;WAW,token:105
3701,71089,exposure_matched_local,1673097094,16,32,71,1,1373,1384,RAW;WAW,token:63
3701,71089,exposure_matched_local,1673097094,16,32,73,1,1334,1340,RAW;WAW,token:94
3701,71089,exposure_matched_local,1673097094,16,32,80,1,1489,1492,RAW;WAW,token:100
3701,71089,exposure_matched_local,1673097094,16,33,64,2,1150,1218,RAW;WAW,token:72
3701,71089,exposure_matched_local,1673097094,16,33,95,2,614,2874,WAR,edge:9:1140
3701,71089,exposure_matched_local,1673097094,16,33,105,1,2068,2086,RAW;WAW,token:20
3701,71089,exposure_matched_local,1673097094,16,34,64,1,2221,2243,RAW;WAW,token:134
3701,71089,exposure_matched_local,1673097094,16,34,73,1,1801,1881,RAW;WAW,token:123
3701,71089,exposure_matched_local,1673097094,16,34,75,16,1279,1423,RAW;WAW,edge:554:1295;token:46
3701,71089,exposure_matched_local,1673097094,16,34,81,3,1279,1877,RAW,edge:554:1295
3701,71089,exposure_matched_local,1673097094,16,34,93,4,1279,1855,RAW;WAW,edge:554:1295;token:52
3701,71089,exposure_matched_local,1673097094,16,34,117,1,2224,2233,RAW;WAW,token:169
3701,71089,exposure_matched_local,1673097094,16,34,121,1,1969,2258,RAW;WAW,token:107
3701,71089,exposure_matched_local,1673097094,16,34,124,1,2207,2314,RAW;WAW,token:121
3701,71089,exposure_matched_local,1673097094,16,34,125,1,2047,2318,RAW;WAW,token:60
3701,71089,exposure_matched_local,1673097094,16,34,129,3,1279,2396,RAW;WAW,edge:554:1295;token:108
3701,71089,exposure_matched_local,1673097094,16,34,136,1,2634,2655,RAW;WAW,token:143
3701,71089,exposure_matched_local,1673097094,16,34,140,1,2720,2738,RAW;WAW,token:118
3701,71089,exposure_matched_local,1673097094,16,34,144,1,2726,2815,RAW;WAW,token:178
3701,71089,exposure_matched_local,1673097094,16,35,71,4,790,1832,RAW;WAR;WAW,edge:79:299;token:124;token:69
3701,71089,exposure_matched_local,1673097094,16,36,120,1,2231,2254,RAW;WAW,token:39
3701,71089,exposure_matched_local,1673097094,16,37,84,3,661,1570,RAW;WAR;WAW,edge:103:270;token:19
3701,71089,exposure_matched_local,1673097094,16,38,73,2,1141,1840,WAR,edge:278:664
3701,71089,exposure_matched_local,1673097094,16,38,130,1,2383,2399,RAW;WAW,token:34
3701,71089,exposure_matched_local,1673097094,16,38,146,1,2603,2901,RAW;WAW,token:149
3701,71089,exposure_matched_local,1673097094,16,39,109,1,2104,2146,RAW;WAW,token:148
3701,71089,exposure_matched_local,1673097094,16,39,119,1,2002,2253,RAW;WAW,token:73
3701,71089,exposure_matched_local,1673097094,16,40,87,1,1580,1703,RAW;WAW,token:62
3701,71089,exposure_matched_local,1673097094,16,42,81,1,1431,1493,RAW;WAW,token:70
3701,71089,exposure_matched_local,1673097094,16,42,123,1,2144,2278,RAW;WAW,token:90
3701,71089,exposure_matched_local,1673097094,16,43,71,4,1300,1832,WAR;WAW,adj:239;edge:79:299
3701,71089,exposure_matched_local,1673097094,16,43,112,1,2143,2180,RAW;WAW,token:61
3701,71089,exposure_matched_local,1673097094,16,43,116,1,2212,2227,RAW;WAW,token:155
3701,71089,exposure_matched_local,1673097094,16,44,95,2,766,2874,WAR,edge:9:1140
3701,71089,exposure_matched_local,1673097094,16,44,96,1,1896,1906,RAW;WAW,token:137
3701,71089,exposure_matched_local,1673097094,16,44,113,1,2178,2217,RAW;WAW,token:59
3701,71089,exposure_matched_local,1673097094,16,44,128,1,2356,2377,RAW;WAW,token:77
3701,71089,exposure_matched_local,1673097094,16,44,131,1,2022,2533,RAW;WAW,token:83
3701,71089,exposure_matched_local,1673097094,16,45,66,9,1107,2058,RAW;WAR;WAW,edge:403:881;token:104;token:135;token:31
3701,71089,exposure_matched_local,1673097094,16,46,71,3,669,1832,RAW;WAR;WAW,edge:47:368;edge:79:299;token:18
3701,71089,exposure_matched_local,1673097094,16,47,100,1,1905,1978,RAW;WAW,token:126
3701,71089,exposure_matched_local,1673097094,16,47,111,1,2025,2169,RAW;WAW,token:130
3701,71089,exposure_matched_local,1673097094,16,47,118,1,2036,2246,RAW;WAW,token:27
3701,71089,exposure_matched_local,1673097094,16,48,94,1,1738,1870,RAW;WAW,token:64
3701,71089,exposure_matched_local,1673097094,16,49,76,2,943,1953,RAW;WAW,adj:42;token:117
3701,71089,exposure_matched_local,1673097094,16,49,83,1,1444,1520,RAW;WAW,token:99
3701,71089,exposure_matched_local,1673097094,16,49,89,2,1672,1760,RAW;WAW,token:128
3701,71089,exposure_matched_local,1673097094,16,49,98,1,1782,1922,RAW;WAW,token:45
3701,71089,exposure_matched_local,1673097094,16,49,99,1,1773,1967,RAW;WAW,token:119
3701,71089,exposure_matched_local,1673097094,16,49,126,1,2197,2326,RAW;WAW,token:84
3701,71089,exposure_matched_local,1673097094,16,50,145,1,2618,2888,RAW;WAW,token:74
3701,71089,exposure_matched_local,1673097094,16,51,92,1,1769,1852,RAW;WAW,token:47
3701,71089,exposure_matched_local,1673097094,16,51,148,1,2877,2953,RAW;WAW,token:30
3701,71089,exposure_matched_local,1673097094,16,52,106,1,2093,2120,RAW;WAW,token:76
3701,71089,exposure_matched_local,1673097094,16,52,110,1,1976,2165,RAW;WAW,token:12
3701,71089,exposure_matched_local,1673097094,16,52,141,1,2662,2768,RAW;WAW,token:102
3701,71089,exposure_matched_local,1673097094,16,52,142,1,2529,2792,RAW;WAW,token:48
3701,71089,exposure_matched_local,1673097094,16,52,147,1,2669,2945,RAW;WAW,token:127
3701,71089,exposure_matched_local,1673097094,16,53,82,3,1005,1726,RAW;WAW,edge:235:1483;token:35
3701,71089,exposure_matched_local,1673097094,16,56,73,5,1103,1840,RAW;WAR;WAW,adj:664;adj:973;edge:278:664;edge:973:1478
3701,71089,exposure_matched_local,1673097094,16,56,132,1,2501,2537,RAW;WAW,token:185
3701,71089,exposure_matched_local,1673097094,16,57,95,1,1984,2874,WAR,edge:9:1140
3701,71089,exposure_matched_local,1673097094,16,58,143,1,2714,2809,RAW;WAW,token:151
3701,71089,exposure_matched_local,1673097094,16,64,151,2,2716,2752,RAW;WAW,token:165
3701,71089,exposure_matched_local,1673097094,16,64,152,4,1869,2833,RAW;WAW,edge:378:1302;edge:601:1421;token:2
3701,71089,exposure_matched_local,1673097094,16,64,157,1,2687,2970,RAW;WAW,token:109
3701,71089,exposure_matched_local,1673097094,16,64,159,1,3009,3015,RAW;WAW,token:180
3701,71089,exposure_matched_local,1673097094,16,65,150,1,2297,2481,RAW;WAW,token:145
3701,71089,exposure_matched_local,1673097094,16,65,153,1,2789,2808,RAW;WAW,token:192
3701,71089,exposure_matched_local,1673097094,16,65,155,1,2872,2889,RAW;WAW,token:162
3701,71089,exposure_matched_local,1673097094,16,65,156,1,2897,2932,RAW;WAW,token:96
3701,71089,exposure_matched_local,1673097094,16,67,158,1,2886,3007,RAW;WAW,token:189
3701,71089,exposure_matched_local,1673097094,16,69,154,1,2791,2848,RAW;WAW,token:198
3803,71003,current_global,1574117008,16,0,24,1,275,340,RAW;WAW,token:30
3803,71003,current_global,1574117008,16,1,50,2,647,649,RAW;WAW,token:65
3803,71003,current_global,1574117008,16,1,65,1,972,1004,RAW;WAW,token:92
3803,71003,current_global,1574117008,16,1,70,1,990,1087,RAW;WAW,token:16
3803,71003,current_global,1574117008,16,1,74,1,1383,1425,RAW;WAW,token:46
3803,71003,current_global,1574117008,16,2,46,5,172,936,RAW;WAR;WAW,adj:26;adj:7;edge:7:141;token:15;token:59
3803,71003,current_global,1574117008,16,3,49,1,454,563,RAW;WAW,token:54
3803,71003,current_global,1574117008,16,3,61,1,797,846,RAW;WAW,token:10
3803,71003,current_global,1574117008,16,4,28,2,343,377,RAW;WAR;WAW,token:14
3803,71003,current_global,1574117008,16,4,29,1,366,378,RAW;WAW,token:53
3803,71003,current_global,1574117008,16,5,36,1,406,450,RAW;WAW,token:21
3803,71003,current_global,1574117008,16,5,46,1,406,731,WAR,edge:112:516
3803,71003,current_global,1574117008,16,5,179,3,7,3023,WAR,edge:7:217
3803,71003,current_global,1574117008,16,6,35,1,416,445,RAW;WAW,token:56
3803,71003,current_global,1574117008,16,6,69,1,722,1049,RAW;WAW,token:29
3803,71003,current_global,1574117008,16,7,26,1,289,351,RAW;WAW,token:8
3803,71003,current_global,1574117008,16,8,32,2,408,409,RAW;WAW,token:18;token:52
3803,71003,current_global,1574117008,16,8,41,1,501,524,RAW;WAW,token:40
3803,71003,current_global,1574117008,16,8,90,1,408,3054,WAR,edge:173:1455
3803,71003,current_global,1574117008,16,8,114,2,337,2940,WAR,edge:443:1283
3803,71003,current_global,1574117008,16,9,40,8,50,667,RAW;WAR;WAW,adj:105;edge:505:552;token:36;token:57;token:74
3803,71003,current_global,1574117008,16,9,45,1,424,543,RAW;WAW,token:35
3803,71003,current_global,1574117008,16,9,55,1,708,760,RAW;WAW,token:61
3803,71003,current_global,1574117008,16,9,66,3,50,2851,RAW;WAR;WAW,edge:105:519;token:67
3803,71003,current_global,1574117008,16,9,68,2,50,2488,RAW;WAW,edge:105:519;token:22
3803,71003,current_global,1574117008,16,9,73,1,1008,1338,RAW;WAW,token:100
3803,71003,current_global,1574117008,16,9,86,1,50,3022,RAW,edge:105:519
3803,71003,current_global,1574117008,16,9,134,1,50,2207,RAW,edge:105:519
3803,71003,current_global,1574117008,16,10,43,1,521,533,RAW;WAW,token:1
3803,71003,current_global,1574117008,16,10,51,1,628,710,RAW;WAW,token:60
3803,71003,current_global,1574117008,16,10,60,1,663,838,RAW;WAW,token:34
3803,71003,current_global,1574117008,16,10,72,1,1023,1228,RAW;WAW,token:68
3803,71003,current_global,1574117008,16,11,47,1,504,556,RAW;WAW,token:33
3803,71003,current_global,1574117008,16,12,52,1,629,729,RAW;WAW,token:23
3803,71003,current_global,1574117008,16,13,27,1,348,358,RAW;WAW,token:51
3803,71003,current_global,1574117008,16,13,31,2,308,391,RAW;WAR;WAW,token:45
3803,71003,current_global,1574117008,16,13,33,6,19,530,RAW;WAR;WAW,adj:72;edge:52:72;token:38;token:55
3803,71003,current_global,1574117008,16,13,44,2,392,1281,RAW;WAW,edge:113:670;token:31
3803,71003,current_global,1574117008,16,13,85,8,65,2313,RAW;WAR;WAW,adj:113;adj:670;edge:113:670;edge:72:113;edge:72:399
3803,71003,current_global,1574117008,16,14,25,1,339,349,RAW;WAW,token:47
3803,71003,current_global,1574117008,16,14,33,1,541,637,RAW;WAW,token:50
3803,71003,current_global,1574117008,16,14,34,1,394,412,RAW;WAW,token:44
3803,71003,current_global,1574117008,16,14,37,3,877,926,RAW;WAR;WAW,edge:443:1332;token:58;token:69
3803,71003,current_global,1574117008,16,14,38,1,386,492,RAW;WAW,token:39
3803,71003,current_global,1574117008,16,14,58,1,786,825,RAW;WAW,token:85
3803,71003,current_global,1574117008,16,14,63,2,776,869,RAW;WAR;WAW,token:27
3803,71003,current_global,1574117008,16,14,75,2,1487,1626,RAW;WAR;WAW,token:66
3803,71003,current_global,1574117008,16,14,76,1,1618,1646,RAW;WAW,token:133
3803,71003,current_global,1574117008,16,14,77,1,1628,1655,RAW;WAW,token:111
3803,71003,current_global,1574117008,16,14,78,1,1766,1838,RAW;WAW,token:110
3803,71003,current_global,1574117008,16,14,80,1,2180,2431,RAW;WAW,token:104
3803,71003,current_global,1574117008,16,14,114,4,648,2198,WAR,edge:443:1079;edge:443:1283
3803,71003,current_global,1574117008,16,15,32,1,707,719,RAW;WAW,token:28
3803,71003,current_global,1574117008,16,15,37,1,436,464,RAW;WAW,token:42
3803,71003,current_global,1574117008,16,15,39,2,497,499,RAW;WAW,token:43
3803,71003,current_global,1574117008,16,15,62,1,841,861,RAW;WAW,token:63
3803,71003,current_global,1574117008,16,15,90,2,778,3054,WAR,edge:173:1455
3803,71003,current_global,1574117008,16,15,114,1,436,2198,WAR,edge:443:1079
3803,71003,current_global,1574117008,16,16,30,1,329,390,RAW;WAW,token:41
3803,71003,current_global,1574117008,16,16,56,2,697,771,RAW;WAR;WAW,token:5
3803,71003,current_global,1574117008,16,16,59,1,754,833,RAW;WAW,token:83
3803,71003,current_global,1574117008,16,16,82,2,202,2021,WAR,edge:15:96;edge:96:538
3803,71003,current_global,1574117008,16,17,48,1,495,558,RAW;WAW,token:19
3803,71003,current_global,1574117008,16,18,50,3,347,721,RAW;WAW,adj:2;edge:2:1516
3803,71003,current_global,1574117008,16,18,53,1,744,747,RAW;WAW,token:81
3803,71003,current_global,1574117008,16,18,54,2,626,751,RAW;WAR;WAW,token:37
3803,71003,current_global,1574117008,16,18,64,3,347,1018,RAW;WAW,edge:2:1516;token:48
3803,71003,current_global,1574117008,16,18,67,1,974,1033,RAW;WAW,token:32
3803,71003,current_global,1574117008,16,18,166,1,347,2952,RAW,edge:2:1516
3803,71003,current_global,1574117008,16,19,57,2,753,818,RAW;WAW,token:12
3803,71003,current_global,1574117008,16,20,42,1,498,527,RAW;WAW,token:26
3803,71003,current_global,1574117008,16,20,82,2,240,1335,WAR,edge:15:96;edge:96:466
3803,71003,current_global,1574117008,16,21,46,3,393,936,RAW;WAR;WAW,edge:7:141;token:24;token:49
3803,71003,current_global,1574117008,16,21,71,1,939,1122,RAW;WAW,token:64
3803,71003,current_global,1574117008,16,21,179,1,418,3023,WAR,edge:7:217
3803,71003,current_global,1574117008,16,22,46,1,1296,1306,RAW;WAW,token:2
3803,71003,current_global,1574117008,16,22,79,1,1845,2023,RAW;WAW,token:80
3803,71003,current_global,1574117008,16,23,46,2,274,731,RAW;WAR;WAW,edge:112:516;token:25
3803,71003,current_global,1574117008,16,24,93,1,1309,1473,RAW;WAW,token:116
3803,71003,current_global,1574117008,16,24,95,1,1456,1488,RAW;WAW,token:30
3803,71003,current_global,1574117008,16,25,81,1,682,695,RAW;WAW,token:47
3803,71003,current_global,1574117008,16,26,142,1,2199,2388,RAW;WAW,token:8
3803,71003,current_global,1574117008,16,27,117,1,1949,1957,RAW;WAW,token:51
3803,71003,current_global,1574117008,16,27,155,1,2609,2622,RAW;WAW,token:148
3803,71003,current_global,1574117008,16,28,91,1,1399,1454,RAW;WAW,token:14
3803,71003,current_global,1574117008,16,29,111,1,1776,1803,RAW;WAW,token:53
3803,71003,current_global,1574117008,16,30,82,13,390,1335,RAW;WAR;WAW,edge:15:96;edge:96:1469;edge:96:466;token:41;token:73;token:82
3803,71003,current_global,1574117008,16,31,105,1,1604,1687,RAW;WAW,token:45
3803,71003,current_global,1574117008,16,32,90,6,409,3054,WAR,edge:173:1455;edge:19:20;edge:242:328;edge:328:842
3803,71003,current_global,1574117008,16,32,114,2,1880,1898,RAW;WAW,token:18;token:78
3803,71003,current_global,1574117008,16,32,132,1,2171,2173,RAW;WAW,token:161
3803,71003,current_global,1574117008,16,32,136,1,2206,2254,RAW;WAW,token:52
3803,71003,current_global,1574117008,16,32,168,1,2557,2986,RAW;WAW,token:140
3803,71003,current_global,1574117008,16,33,84,2,1214,1260,RAW;WAR;WAW,token:112
3803,71003,current_global,1574117008,16,33,85,6,530,1740,RAW;WAR;WAW,adj:100;adj:325;adj:72;edge:100:325;edge:72:399;token:38;token:79
3803,71003,current_global,1574117008,16,33,87,1,1244,1367,RAW;WAW,token:109
3803,71003,current_global,1574117008,16,33,89,1,1258,1432,RAW;WAW,token:114
3803,71003,current_global,1574117008,16,33,90,2,1368,1444,RAW;WAW,token:120;token:55
3803,71003,current_global,1574117008,16,33,97,1,1465,1552,RAW;WAW,token:94
3803,71003,current_global,1574117008,16,33,100,1,1535,1595,RAW;WAW,token:50
3803,71003,current_global,1574117008,16,33,101,1,1582,1630,RAW;WAW,token:124
3803,71003,current_global,1574117008,16,33,109,1,1741,1793,RAW;WAW,token:113
3803,71003,current_global,1574117008,16,33,112,2,1423,1853,RAW;WAR;WAW,token:118
3803,71003,current_global,1574117008,16,34,83,1,1020,1074,RAW;WAW,token:44
3803,71003,current_global,1574117008,16,34,85,1,1417,1740,RAW;WAW,token:75
3803,71003,current_global,1574117008,16,34,90,8,1006,2302,RAW;WAR;WAW,edge:242:328;edge:328:842;token:77
3803,71003,current_global,1574117008,16,34,113,1,1750,1869,RAW;WAW,token:96
3803,71003,current_global,1574117008,16,34,126,1,2036,2055,RAW;WAW,token:76
3803,71003,current_global,1574117008,16,34,130,1,2004,2140,RAW;WAW,token:71
3803,71003,current_global,1574117008,16,35,107,1,1673,1751,RAW;WAW,token:56
3803,71003,current_global,1574117008,16,36,86,1,1339,1366,RAW;WAW,token:21
3803,71003,current_global,1574117008,16,36,179,1,474,3023,WAR,edge:7:217
3803,71003,current_global,1574117008,16,37,90,2,1889,2302,RAW;WAR;WAW,edge:242:328;token:106
3803,71003,current_global,1574117008,16,37,114,18,464,2940,RAW;WAR;WAW,adj:443;edge:443:1079;edge:443:1283;edge:443:1539;token:58
3803,71003,current_global,1574117008,16,37,129,3,1872,2430,RAW;WAW,edge:443:1539;token:69
3803,71003,current_global,1574117008,16,37,139,2,1872,2327,RAW;WAW,edge:443:1539;token:107
3803,71003,current_global,1574117008,16,37,150,1,2010,2526,RAW;WAW,token:42
3803,71003,current_global,1574117008,16,38,90,1,642,2302,WAR,edge:242:328
3803,71003,current_global,1574117008,16,38,103,1,1637,1640,RAW;WAW,token:39
3803,71003,current_global,1574117008,16,39,90,1,1290,1439,RAW;WAW,token:62
3803,71003,current_global,1574117008,16,39,119,1,1916,1992,RAW;WAW,token:43
3803,71003,current_global,1574117008,16,40,96,2,667,2442,RAW,edge:105:552
3803,71003,current_global,1574117008,16,40,108,1,1720,1767,RAW;WAW,token:57
3803,71003,current_global,1574117008,16,40,115,2,1831,1924,RAW;WAR;WAW,token:36
3803,71003,current_global,1574117008,16,40,127,2,1950,2068,RAW;WAR;WAW,token:131
3803,71003,current_global,1574117008,16,40,131,1,2002,2157,RAW;WAW,token:155
3803,71003,current_global,1574117008,16,40,134,1,1865,2207,RAW;WAW,token:146
3803,71003,current_global,1574117008,16,41,85,1,1431,1861,RAW;WAW,token:40
3803,71003,current_global,1574117008,16,41,125,1,2019,2035,RAW;WAW,token:128
3803,71003,current_global,1574117008,16,41,160,1,2699,2908,RAW;WAW,token:84
3803,71003,current_global,1574117008,16,42,82,1,1486,1583,RAW;WAW,token:26
3803,71003,current_global,1574117008,16,42,88,1,1377,1388,RAW;WAW,token:105
3803,71003,current_global,1574117008,16,42,92,1,1376,1467,RAW;WAW,token:117
3803,71003,current_global,1574117008,16,42,120,1,1850,2006,RAW;WAW,token:103
3803,71003,current_global,1574117008,16,43,106,1,1601,1703,RAW;WAW,token:99
3803,71003,current_global,1574117008,16,43,116,1,1933,1937,RAW;WAW,token:1
3803,71003,current_global,1574117008,16,44,85,1,1281,2291,WAR,edge:113:670
3803,71003,current_global,1574117008,16,45,96,1,1544,1549,RAW;WAW,token:35
3803,71003,current_global,1574117008,16,46,94,1,1318,1474,RAW;WAW,token:59
3803,71003,current_global,1574117008,16,46,98,4,936,2870,RAW;WAR;WAW,adj:7;edge:6:7;token:87
3803,71003,current_global,1574117008,16,46,123,1,2031,2032,RAW;WAW,token:123
3803,71003,current_global,1574117008,16,46,124,2,1918,2033,RAW;WAW,token:70
3803,71003,current_global,1574117008,16,46,133,2,731,2708,RAW;WAW,edge:516:666;token:136
3803,71003,current_global,1574117008,16,46,144,2,1052,3010,RAW;WAW,edge:516:1002;token:15
3803,71003,current_global,1574117008,16,46,164,1,2618,2931,RAW;WAW,token:95
3803,71003,current_global,1574117008,16,46,170,1,3034,3058,RAW;WAW,token:24
3803,71003,current_global,1574117008,16,46,173,2,731,2781,RAW,edge:516:1002;edge:516:666
3803,71003,current_global,1574117008,16,47,110,1,1702,1798,RAW;WAW,token:101
3803,71003,current_global,1574117008,16,47,118,4,1558,2794,RAW;WAR;WAW,edge:397:412;token:33
3803,71003,current_global,1574117008,16,48,122,1,1777,2025,RAW;WAW,token:19
3803,71003,current_global,1574117008,16,49,147,1,2161,2454,RAW;WAW,token:54
3803,71003,current_global,1574117008,16,50,99,1,1299,1570,RAW;WAW,token:72
3803,71003,current_global,1574117008,16,50,102,1,1602,1638,RAW;WAW,token:65
3803,71003,current_global,1574117008,16,50,104,1,1658,1686,RAW;WAW,token:93
3803,71003,current_global,1574117008,16,51,118,3,2012,2224,RAW;WAR;WAW,token:60;token:91
3803,71003,current_global,1574117008,16,52,154,1,2400,2587,RAW;WAW,token:180
3803,71003,current_global,1574117008,16,52,156,2,2288,2628,RAW;WAR;WAW,token:23
3803,71003,current_global,1574117008,16,53,121,2,1956,2016,RAW;WAR;WAW,token:86
3803,71003,current_global,1574117008,16,53,135,1,1965,2249,RAW;WAW,token:154
3803,71003,current_global,1574117008,16,53,145,2,1947,2443,RAW;WAR;WAW,token:90
3803,71003,current_global,1574117008,16,53,152,1,2341,2559,RAW;WAW,token:175
3803,71003,current_global,1574117008,16,53,159,2,2607,2878,RAW;WAR;WAW,token:81
3803,71003,current_global,1574117008,16,53,161,1,2842,2912,RAW,token:203
3803,71003,current_global,1574117008,16,53,163,1,2787,2927,RAW;WAW,token:188
3803,71003,current_global,1574117008,16,53,165,1,2842,2935,RAW,token:203
3803,71003,current_global,1574117008,16,55,98,1,1118,2870,WAR,edge:6:7
3803,71003,current_global,1574117008,16,55,128,1,2024,2071,RAW;WAW,token:132
3803,71003,current_global,1574117008,16,56,82,5,1701,2223,RAW;WAR;WAW,edge:96:538;token:134;token:5
3803,71003,current_global,1574117008,16,57,137,1,2061,2273,RAW;WAW,token:12
3803,71003,current_global,1574117008,16,57,138,1,1919,2316,RAW;WAW,token:102
3803,71003,current_global,1574117008,16,57,157,1,2537,2639,RAW;WAW,token:89
3803,71003,current_global,1574117008,16,58,82,1,1983,2021,RAW;WAW,token:85
3803,71003,current_global,1574117008,16,59,148,1,2293,2493,RAW;WAW,token:83
3803,71003,current_global,1574117008,16,59,167,1,1969,2985,RAW;WAW,token:151
3803,71003,current_global,1574117008,16,60,146,1,2375,2446,RAW;WAW,token:34
3803,71003,current_global,1574117008,16,61,82,11,905,2021,RAW;WAR;WAW,edge:15:96;edge:96:1469;token:10;token:130
3803,71003,current_global,1574117008,16,62,90,4,861,3054,WAR,edge:173:1455
3803,71003,current_global,1574117008,16,63,162,1,2594,2925,RAW;WAW,token:27
3803,71003,current_global,1574117008,16,64,140,1,2336,2338,RAW;WAW,token:122
3803,71003,current_global,1574117008,16,64,143,1,2366,2413,RAW;WAW,token:98
3803,71003,current_global,1574117008,16,69,141,1,2085,2355,RAW;WAW,token:29
3803,71003,current_global,1574117008,16,70,149,1,2414,2525,RAW;WAW,token:181
3803,71003,current_global,1574117008,16,70,153,1,2517,2575,RAW;WAW,token:186
3803,71003,current_global,1574117008,16,70,166,4,2370,2952,RAW;WAR;WAW,token:173
3803,71003,current_global,1574117008,16,70,169,1,2869,3016,RAW;WAW,token:115
3803,71003,current_global,1574117008,16,72,151,1,2395,2533,RAW;WAW,token:68
3803,71003,current_global,1574117008,16,75,158,1,2656,2733,RAW;WAW,token:143
3803,71003,current_global,1574117008,16,82,171,2,2223,2415,RAW;WAW,edge:135:538;token:130
3803,71003,current_global,1574117008,16,82,172,2,2381,2463,RAW;WAW,token:41
3803,71003,current_global,1574117008,16,82,175,3,1590,2883,RAW;WAW,edge:538:1469;token:10
3803,71003,current_global,1574117008,16,82,176,1,2747,2894,RAW;WAW,token:5
3803,71003,current_global,1574117008,16,82,180,1,2942,3038,RAW;WAW,token:215
3803,71003,current_global,1574117008,16,82,181,1,2902,3053,RAW;WAW,token:150
3803,71003,current_global,1574117008,16,85,174,2,2291,3045,RAW;WAW,edge:72:113;token:200
3803,71003,current_global,1574117008,16,85,178,2,2456,2949,RAW;WAR;WAW,token:38
3803,71003,current_global,1574117008,16,90,177,1,2793,2903,RAW;WAW,token:135
3803,71003,current_global,1574117008,16,94,173,1,2417,2744,RAW;WAW,token:59
3803,71003,current_global,1574117008,16,98,179,2,2870,3023,RAW;WAW,adj:7;token:129
3803,71003,exposure_matched_local,1674117008,16,0,30,1,410,447,RAW;WAW,token:16
3803,71003,exposure_matched_local,1674117008,16,0,44,1,599,633,RAW;WAW,token:34
3803,71003,exposure_matched_local,1674117008,16,1,31,1,460,530,RAW;WAW,token:22
3803,71003,exposure_matched_local,1674117008,16,1,36,2,178,1241,WAR,edge:315:728
3803,71003,exposure_matched_local,1674117008,16,2,23,2,9,542,RAW;WAW,edge:72:1196;token:44
3803,71003,exposure_matched_local,1674117008,16,2,25,5,9,440,RAW;WAW,edge:72:1196;token:43
3803,71003,exposure_matched_local,1674117008,16,2,33,1,453,475,RAW;WAW,token:31
3803,71003,exposure_matched_local,1674117008,16,2,56,6,9,1067,RAW;WAW,edge:72:1196;token:38
3803,71003,exposure_matched_local,1674117008,16,2,64,3,9,1815,RAW,edge:72:1196
3803,71003,exposure_matched_local,1674117008,16,3,38,7,264,611,RAW;WAW,adj:671;adj:689;edge:170:689
3803,71003,exposure_matched_local,1674117008,16,3,52,1,644,738,RAW;WAW,token:5
3803,71003,exposure_matched_local,1674117008,16,3,148,1,264,2649,RAW,edge:170:689
3803,71003,exposure_matched_local,1674117008,16,4,31,2,365,457,RAW;WAW,token:19;token:45
3803,71003,exposure_matched_local,1674117008,16,5,39,1,534,541,RAW;WAW,token:1
3803,71003,exposure_matched_local,1674117008,16,5,43,1,577,597,RAW;WAW,token:40
3803,71003,exposure_matched_local,1674117008,16,6,34,1,390,499,RAW;WAW,token:15
3803,71003,exposure_matched_local,1674117008,16,6,37,1,511,536,RAW;WAW,token:2
3803,71003,exposure_matched_local,1674117008,16,6,55,1,436,1794,RAW,edge:42:462
3803,71003,exposure_matched_local,1674117008,16,6,66,3,436,1173,RAW;WAW,adj:462;edge:42:462
3803,71003,exposure_matched_local,1674117008,16,7,54,1,628,827,RAW;WAW,token:25
3803,71003,exposure_matched_local,1674117008,16,7,66,1,628,1597,WAR,edge:462:580
3803,71003,exposure_matched_local,1674117008,16,8,32,1,456,462,RAW;WAW,token:27
3803,71003,exposure_matched_local,1674117008,16,8,93,2,338,1905,WAR,edge:402:699
3803,71003,exposure_matched_local,1674117008,16,9,60,1,660,925,RAW;WAW,token:29
3803,71003,exposure_matched_local,1674117008,16,9,95,1,172,2460,RAW,edge:99:1377
3803,71003,exposure_matched_local,1674117008,16,10,27,1,366,433,RAW;WAW,token:28
3803,71003,exposure_matched_local,1674117008,16,11,41,5,122,621,RAW;WAW,edge:78:891;token:55
3803,71003,exposure_matched_local,1674117008,16,11,46,2,12,1427,WAR;WAW,adj:556;edge:859:1503
3803,71003,exposure_matched_local,1674117008,16,11,50,1,617,694,RAW;WAW,token:50
3803,71003,exposure_matched_local,1674117008,16,11,51,1,699,709,RAW;WAW,token:53
3803,71003,exposure_matched_local,1674117008,16,11,58,1,775,899,RAW;WAW,token:32
3803,71003,exposure_matched_local,1674117008,16,11,59,5,384,2065,RAW;WAW,edge:0:1304;token:74
3803,71003,exposure_matched_local,1674117008,16,11,61,3,122,1749,RAW;WAW,edge:78:891;token:23
3803,71003,exposure_matched_local,1674117008,16,11,86,2,122,1440,RAW,edge:78:891
3803,71003,exposure_matched_local,1674117008,16,11,136,1,384,3017,RAW,edge:0:1304
3803,71003,exposure_matched_local,1674117008,16,12,25,1,404,428,RAW;WAW,token:18
3803,71003,exposure_matched_local,1674117008,16,13,38,1,498,544,RAW;WAW,token:10
3803,71003,exposure_matched_local,1674117008,16,14,26,1,355,429,RAW;WAW,token:39
3803,71003,exposure_matched_local,1674117008,16,14,29,1,430,445,RAW;WAW,token:47
3803,71003,exposure_matched_local,1674117008,16,14,35,1,423,516,RAW;WAW,token:33
3803,71003,exposure_matched_local,1674117008,16,15,22,3,306,377,RAW;WAW,token:30
3803,71003,exposure_matched_local,1674117008,16,16,21,1,356,369,RAW;WAW,token:41
3803,71003,exposure_matched_local,1674117008,16,16,24,1,395,419,RAW;WAW,token:36
3803,71003,exposure_matched_local,1674117008,16,16,35,1,136,1240,RAW,edge:16:332
3803,71003,exposure_matched_local,1674117008,16,16,38,1,481,538,RAW;WAW,token:26
3803,71003,exposure_matched_local,1674117008,16,16,47,1,622,664,RAW;WAW,token:14
3803,71003,exposure_matched_local,1674117008,16,16,49,1,493,691,RAW;WAW,token:46
3803,71003,exposure_matched_local,1674117008,16,16,63,1,136,2194,RAW;WAW,adj:38
3803,71003,exposure_matched_local,1674117008,16,16,123,1,136,2868,RAW,edge:16:332
3803,71003,exposure_matched_local,1674117008,16,17,28,5,304,643,RAW;WAW,edge:313:1338;token:35
3803,71003,exposure_matched_local,1674117008,16,17,40,1,501,543,RAW;WAW,token:48
3803,71003,exposure_matched_local,1674117008,16,17,42,1,515,592,RAW;WAW,token:51
3803,71003,exposure_matched_local,1674117008,16,17,45,1,636,642,RAW;WAW,token:12
3803,71003,exposure_matched_local,1674117008,16,18,36,3,115,1241,RAW;WAR;WAW,edge:315:728;token:21
3803,71003,exposure_matched_local,1674117008,16,19,46,7,368,1427,RAW;WAR;WAW,edge:859:1503;token:8
3803,71003,exposure_matched_local,1674117008,16,20,48,1,495,688,RAW;WAW,token:24
3803,71003,exposure_matched_local,1674117008,16,20,53,1,755,781,RAW;WAW,token:75
3803,71003,exposure_matched_local,1674117008,16,20,55,2,639,854,RAW;WAR;WAW,token:42
3803,71003,exposure_matched_local,1674117008,16,20,57,1,589,869,RAW;WAW,token:37
3803,71003,exposure_matched_local,1674117008,16,20,66,1,103,1597,WAR,edge:462:580
3803,71003,exposure_matched_local,1674117008,16,21,110,1,1680,1725,RAW;WAW,token:41
3803,71003,exposure_matched_local,1674117008,16,22,62,1,873,1039,RAW;WAW,token:30
3803,71003,exposure_matched_local,1674117008,16,22,64,1,1032,1082,RAW;WAW,token:73
3803,71003,exposure_matched_local,1674117008,16,22,68,1,929,1096,RAW;WAW,token:69
3803,71003,exposure_matched_local,1674117008,16,22,84,1,1420,1434,RAW;WAW,token:52
3803,71003,exposure_matched_local,1674117008,16,22,93,6,562,1543,RAW;WAR;WAW,edge:18:402;edge:402:699;token:136;token:79
3803,71003,exposure_matched_local,1674117008,16,22,104,1,1475,1614,RAW;WAW,token:49
3803,71003,exposure_matched_local,1674117008,16,22,141,1,2216,2432,RAW;WAW,token:68
3803,71003,exposure_matched_local,1674117008,16,23,101,1,1422,1589,RAW;WAW,token:44
3803,71003,exposure_matched_local,1674117008,16,24,63,1,1786,1799,RAW;WAW,token:108
3803,71003,exposure_matched_local,1674117008,16,24,85,1,1407,1435,RAW;WAW,token:54
3803,71003,exposure_matched_local,1674117008,16,24,96,1,1439,1557,RAW;WAW,token:36
3803,71003,exposure_matched_local,1674117008,16,25,71,1,1127,1146,RAW;WAW,token:80
3803,71003,exposure_matched_local,1674117008,16,25,77,1,1183,1255,RAW;WAW,token:99
3803,71003,exposure_matched_local,1674117008,16,25,79,4,548,1953,RAW;WAR;WAW,adj:247;adj:328;edge:247:328
3803,71003,exposure_matched_local,1674117008,16,25,82,2,1301,1367,RAW;WAR;WAW,token:18
3803,71003,exposure_matched_local,1674117008,16,25,83,1,1307,1378,RAW;WAW,token:116
3803,71003,exposure_matched_local,1674117008,16,25,93,1,1493,1515,RAW;WAW,token:95
3803,71003,exposure_matched_local,1674117008,16,25,99,1,1572,1582,RAW;WAW,token:66
3803,71003,exposure_matched_local,1674117008,16,25,106,1,1282,1653,RAW;WAW,token:43
3803,71003,exposure_matched_local,1674117008,16,25,116,1,1841,1911,RAW;WAW,token:61
3803,71003,exposure_matched_local,1674117008,16,27,107,1,1638,1660,RAW;WAW,token:28
3803,71003,exposure_matched_local,1674117008,16,28,100,1,1396,1585,RAW;WAW,token:35
3803,71003,exposure_matched_local,1674117008,16,29,76,1,1230,1247,RAW;WAW,token:47
3803,71003,exposure_matched_local,1674117008,16,30,87,1,1384,1449,RAW;WAW,token:16
3803,71003,exposure_matched_local,1674117008,16,30,102,1,1404,1594,RAW;WAW,token:122
3803,71003,exposure_matched_local,1674117008,16,30,122,1,1969,1982,RAW;WAW,token:162
3803,71003,exposure_matched_local,1674117008,16,31,70,4,821,1624,RAW;WAR;WAW,edge:34:946;token:60
3803,71003,exposure_matched_local,1674117008,16,31,73,1,957,1187,RAW;WAW,token:88
3803,71003,exposure_matched_local,1674117008,16,31,80,2,1342,1361,RAW;WAW,token:121
3803,71003,exposure_matched_local,1674117008,16,31,81,2,1271,1362,RAW;WAR;WAW,token:94
3803,71003,exposure_matched_local,1674117008,16,31,88,1,1366,1459,RAW;WAW,token:98
3803,71003,exposure_matched_local,1674117008,16,31,89,1,1337,1598,RAW;WAW,token:85
3803,71003,exposure_matched_local,1674117008,16,31,90,1,1395,1462,RAW;WAW,token:19
3803,71003,exposure_matched_local,1674117008,16,31,105,1,1574,1652,RAW;WAW,token:62
3803,71003,exposure_matched_local,1674117008,16,31,113,1,1853,1861,RAW;WAW,token:22
3803,71003,exposure_matched_local,1674117008,16,31,115,5,821,2125,RAW;WAW,edge:34:946;token:45
3803,71003,exposure_matched_local,1674117008,16,31,140,1,1856,2425,RAW;WAW,token:56
3803,71003,exposure_matched_local,1674117008,16,32,93,3,797,1905,RAW;WAR;WAW,edge:402:699;token:101
3803,71003,exposure_matched_local,1674117008,16,32,108,1,1430,1698,RAW;WAW,token:27
3803,71003,exposure_matched_local,1674117008,16,32,131,1,1496,2176,RAW;WAW,token:119
3803,71003,exposure_matched_local,1674117008,16,32,139,1,2263,2375,RAW;WAW,token:114
3803,71003,exposure_matched_local,1674117008,16,33,67,1,1080,1090,RAW;WAW,token:58
3803,71003,exposure_matched_local,1674117008,16,33,78,1,1248,1270,RAW;WAW,token:92
3803,71003,exposure_matched_local,1674117008,16,33,79,4,1074,2877,RAW;WAW,edge:308:845;token:127;token:135;token:77
3803,71003,exposure_matched_local,1674117008,16,33,92,2,1310,1488,RAW;WAR;WAW,token:96
3803,71003,exposure_matched_local,1674117008,16,33,93,1,1074,1543,WAW,adj:18
3803,71003,exposure_matched_local,1674117008,16,33,95,2,1370,1550,RAW;WAR;WAW,token:31
3803,71003,exposure_matched_local,1674117008,16,34,65,1,1057,1087,RAW;WAW,token:57
3803,71003,exposure_matched_local,1674117008,16,34,66,1,1085,1088,RAW;WAW,token:15
3803,71003,exposure_matched_local,1674117008,16,35,63,13,804,2194,RAW;WAR;WAW,adj:15;adj:781;edge:15:248;edge:15:67;edge:15:781;edge:38:396;token:102;token:112;token:189;token:91
3803,71003,exposure_matched_local,1674117008,16,35,72,1,1108,1171,RAW;WAW,token:63
3803,71003,exposure_matched_local,1674117008,16,35,74,1,1224,1243,RAW;WAW,token:109
3803,71003,exposure_matched_local,1674117008,16,35,75,7,974,2237,RAW;WAR;WAW,edge:354:707;token:157;token:59;token:64;token:81
3803,71003,exposure_matched_local,1674117008,16,35,109,1,1708,1718,RAW;WAW,token:33
3803,71003,exposure_matched_local,1674117008,16,35,111,1,1704,1776,RAW;WAW,token:128
3803,71003,exposure_matched_local,1674117008,16,35,117,1,1883,1943,RAW;WAW,token:78
3803,71003,exposure_matched_local,1674117008,16,35,119,1,1803,1958,RAW;WAW,token:111
3803,71003,exposure_matched_local,1674117008,16,35,121,1,1922,1970,RAW;WAW,token:118
3803,71003,exposure_matched_local,1674117008,16,35,128,1,2044,2120,RAW;WAW,token:181
3803,71003,exposure_matched_local,1674117008,16,35,130,1,2128,2137,RAW;WAW,token:170
3803,71003,exposure_matched_local,1674117008,16,35,134,1,2047,2272,RAW;WAW,token:142
3803,71003,exposure_matched_local,1674117008,16,35,137,1,1800,2353,RAW;WAW,token:76
3803,71003,exposure_matched_local,1674117008,16,35,138,1,2034,2359,RAW;WAW,token:125
3803,71003,exposure_matched_local,1674117008,16,35,151,1,2477,2707,RAW;WAW,token:151
3803,71003,exposure_matched_local,1674117008,16,35,155,1,2368,2805,RAW;WAW,token:154
3803,71003,exposure_matched_local,1674117008,16,35,158,1,2621,2913,RAW;WAW,token:150
3803,71003,exposure_matched_local,1674117008,16,36,89,1,1456,1460,RAW;WAW,token:130
3803,71003,exposure_matched_local,1674117008,16,36,91,1,1442,1467,RAW;WAW,token:93
3803,71003,exposure_matched_local,1674117008,16,36,97,1,1545,1562,RAW;WAW,token:105
3803,71003,exposure_matched_local,1674117008,16,36,98,2,1397,1567,RAW;WAW,token:110
3803,71003,exposure_matched_local,1674117008,16,36,103,3,1241,2193,RAW;WAW,adj:105;edge:105:728;token:21
3803,71003,exposure_matched_local,1674117008,16,36,124,1,1913,2075,RAW;WAW,token:89
3803,71003,exposure_matched_local,1674117008,16,37,127,1,1828,2117,RAW;WAW,token:2
3803,71003,exposure_matched_local,1674117008,16,38,63,3,1437,1804,RAW;WAW,edge:671:1493;token:10
3803,71003,exposure_matched_local,1674117008,16,38,109,2,1437,2586,RAW,edge:671:1493
3803,71003,exposure_matched_local,1674117008,16,38,148,1,2429,2649,RAW;WAW,token:26
3803,71003,exposure_matched_local,1674117008,16,39,153,1,2566,2789,RAW;WAW,token:1
3803,71003,exposure_matched_local,1674117008,16,40,152,1,2668,2772,RAW;WAW,token:48
3803,71003,exposure_matched_local,1674117008,16,40,160,1,2753,2951,RAW;WAW,token:139
3803,71003,exposure_matched_local,1674117008,16,41,69,1,1062,1098,RAW;WAW,token:71
3803,71003,exposure_matched_local,1674117008,16,41,86,1,1148,1440,RAW;WAW,token:55
3803,71003,exposure_matched_local,1674117008,16,42,63,1,2180,2223,RAW;WAW,token:106
3803,71003,exposure_matched_local,1674117008,16,42,118,1,1936,1951,RAW;WAW,token:117
3803,71003,exposure_matched_local,1674117008,16,42,145,1,2398,2589,RAW;WAW,token:126
3803,71003,exposure_matched_local,1674117008,16,42,156,2,2264,2823,RAW;WAR;WAW,token:51
3803,71003,exposure_matched_local,1674117008,16,42,161,1,2630,3030,RAW;WAW,token:217
3803,71003,exposure_matched_local,1674117008,16,43,75,1,1962,1981,RAW;WAW,token:40
3803,71003,exposure_matched_local,1674117008,16,43,94,1,1371,1539,RAW;WAW,token:113
3803,71003,exposure_matched_local,1674117008,16,43,125,1,1965,2076,RAW;WAW,token:120
3803,71003,exposure_matched_local,1674117008,16,43,132,1,1635,2212,RAW;WAW,token:82
3803,71003,exposure_matched_local,1674117008,16,44,147,1,2453,2614,RAW;WAW,token:141
3803,71003,exposure_matched_local,1674117008,16,44,154,1,2607,2800,RAW;WAW,token:34
3803,71003,exposure_matched_local,1674117008,16,45,63,1,1851,2194,RAW;WAR;WAW,edge:38:396;token:65
3803,71003,exposure_matched_local,1674117008,16,45,112,1,1716,1814,RAW;WAW,token:12
3803,71003,exposure_matched_local,1674117008,16,46,135,1,2178,2314,RAW;WAW,token:8
3803,71003,exposure_matched_local,1674117008,16,47,114,1,1831,1873,RAW;WAW,token:153
3803,71003,exposure_matched_local,1674117008,16,47,120,1,1645,1960,RAW;WAW,token:84
3803,71003,exposure_matched_local,1674117008,16,47,129,1,1642,2133,RAW;WAW,token:90
3803,71003,exposure_matched_local,1674117008,16,47,133,1,2032,2262,RAW;WAW,token:70
3803,71003,exposure_matched_local,1674117008,16,47,143,1,2346,2542,RAW;WAW,token:14
3803,71003,exposure_matched_local,1674117008,16,48,144,1,2481,2563,RAW;WAW,token:24
3803,71003,exposure_matched_local,1674117008,16,48,146,1,2435,2604,RAW;WAW,token:205
3803,71003,exposure_matched_local,1674117008,16,49,63,2,1009,2194,WAR,edge:38:396
3803,71003,exposure_matched_local,1674117008,16,49,123,1,1956,2046,RAW;WAW,token:46
3803,71003,exposure_matched_local,1674117008,16,51,136,1,2249,2330,RAW;WAW,token:53
3803,71003,exposure_matched_local,1674117008,16,51,149,1,2438,2677,RAW;WAW,token:174
3803,71003,exposure_matched_local,1674117008,16,52,63,2,965,2478,WAR,edge:15:248
3803,71003,exposure_matched_local,1674117008,16,52,126,1,2091,2112,RAW;WAW,token:5
3803,71003,exposure_matched_local,1674117008,16,52,142,1,2396,2434,RAW;WAW,token:194
3803,71003,exposure_matched_local,1674117008,16,52,150,1,2139,2680,RAW;WAW,token:146
3803,71003,exposure_matched_local,1674117008,16,52,159,1,2500,2943,RAW;WAW,token:197
3803,71003,exposure_matched_local,1674117008,16,53,66,3,1320,1597,RAW;WAR;WAW,edge:462:580;token:163;token:75
3803,71003,exposure_matched_local,1674117008,16,54,66,1,1526,1597,RAW;WAW,token:25
3803,71003,exposure_matched_local,1674117008,16,55,66,1,1540,1597,WAR,edge:462:580
3803,71003,exposure_matched_local,1674117008,16,55,157,1,2766,2832,RAW;WAW,token:42
3803,71003,exposure_matched_local,1674117008,16,56,163,1,2788,3054,RAW;WAW,token:87
3803,71003,exposure_matched_local,1674117008,16,61,162,1,2675,3031,RAW;WAW,token:23
3803,71003,exposure_matched_local,1674117008,16,62,168,1,2622,2700,RAW;WAW,token:30
3803,71003,exposure_matched_local,1674117008,16,63,172,2,2418,2860,RAW;WAW,edge:15:1257;token:115
3803,71003,exposure_matched_local,1674117008,16,63,175,1,2467,2964,RAW;WAW,token:91
3803,71003,exposure_matched_local,1674117008,16,65,166,1,2306,2655,RAW;WAW,token:129
3803,71003,exposure_matched_local,1674117008,16,65,167,1,2449,2699,RAW;WAW,token:133
3803,71003,exposure_matched_local,1674117008,16,65,169,1,2684,2769,RAW;WAW,token:211
3803,71003,exposure_matched_local,1674117008,16,65,176,1,2881,2965,RAW;WAW,token:143
3803,71003,exposure_matched_local,1674117008,16,66,165,1,2552,2595,RAW;WAW,token:15
3803,71003,exposure_matched_local,1674117008,16,71,170,1,2783,2817,RAW;WAW,token:80
3803,71003,exposure_matched_local,1674117008,16,75,173,1,2740,2878,RAW;WAW,token:188
3803,71003,exposure_matched_local,1674117008,16,77,164,1,2385,2387,RAW;WAW,token:200
3803,71003,exposure_matched_local,1674117008,16,77,171,1,2695,2828,RAW;WAW,token:185
3803,71003,exposure_matched_local,1674117008,16,77,174,1,2585,2906,RAW;WAW,token:156
3803,71003,exposure_matched_local,1674117008,16,77,177,1,2609,3003,RAW;WAW,token:138
3803,71003,exposure_matched_local,1674117008,16,92,178,1,2921,3016,RAW;WAW,token:148
3803,71047,current_global,1574117052,16,0,34,1,464,485,RAW;WAW,token:48
3803,71047,current_global,1574117052,16,0,53,1,647,877,RAW;WAW,token:15
3803,71047,current_global,1574117052,16,1,24,1,310,333,RAW;WAW,token:37
3803,71047,current_global,1574117052,16,1,35,1,462,496,RAW;WAW,token:32
3803,71047,current_global,1574117052,16,2,27,1,331,352,RAW;WAW,token:42
3803,71047,current_global,1574117052,16,2,28,1,355,356,RAW;WAW,token:50
3803,71047,current_global,1574117052,16,2,30,1,397,418,RAW;WAW,token:41
3803,71047,current_global,1574117052,16,2,37,1,493,592,RAW;WAW,token:19
3803,71047,current_global,1574117052,16,2,70,1,245,2929,WAR,edge:34:433
3803,71047,current_global,1574117052,16,3,32,1,476,482,RAW;WAW,token:31
3803,71047,current_global,1574117052,16,4,22,2,164,194,RAW;WAW,token:1;token:40
3803,71047,current_global,1574117052,16,5,44,1,677,683,RAW;WAW,token:18
3803,71047,current_global,1574117052,16,5,47,1,90,2003,RAW,edge:247:1079
3803,71047,current_global,1574117052,16,5,50,1,743,813,RAW;WAW,token:47
3803,71047,current_global,1574117052,16,5,57,1,1573,1590,RAW;WAW,token:30
3803,71047,current_global,1574117052,16,6,24,2,220,603,WAR,edge:282:1373
3803,71047,current_global,1574117052,16,6,38,1,591,633,RAW;WAW,token:8
3803,71047,current_global,1574117052,16,7,43,1,657,665,RAW;WAW,token:25
3803,71047,current_global,1574117052,16,8,26,1,342,348,RAW;WAW,token:10
3803,71047,current_global,1574117052,16,8,29,1,373,526,RAW;WAW,token:44
3803,71047,current_global,1574117052,16,9,56,1,1157,1220,RAW;WAW,token:27
3803,71047,current_global,1574117052,16,10,24,1,573,624,RAW;WAW,token:23
3803,71047,current_global,1574117052,16,10,54,2,605,884,RAW;WAW,token:62
3803,71047,current_global,1574117052,16,11,31,5,154,1385,RAW;WAR;WAW,edge:501:510;token:14
3803,71047,current_global,1574117052,16,11,49,3,287,995,RAW;WAR;WAW,edge:156:330;token:34
3803,71047,current_global,1574117052,16,11,68,3,16,1928,WAR,edge:38:193;edge:501:678
3803,71047,current_global,1574117052,16,12,40,1,628,643,RAW;WAW,token:12
3803,71047,current_global,1574117052,16,13,52,1,737,875,RAW;WAW,token:16
3803,71047,current_global,1574117052,16,14,22,2,498,529,RAW;WAR;WAW,edge:30:73;token:49
3803,71047,current_global,1574117052,16,14,45,1,530,713,RAW;WAW,token:33
3803,71047,current_global,1574117052,16,14,48,1,787,803,RAW;WAW,token:56
3803,71047,current_global,1574117052,16,15,29,3,365,371,RAW;WAW,token:26;token:35;token:39
3803,71047,current_global,1574117052,16,15,31,1,473,477,RAW;WAW,token:45
3803,71047,current_global,1574117052,16,15,36,1,522,523,RAW;WAW,token:36
3803,71047,current_global,1574117052,16,16,47,1,710,736,RAW;WAW,token:52
3803,71047,current_global,1574117052,16,16,55,1,1156,1162,RAW;WAW,token:28
3803,71047,current_global,1574117052,16,17,28,10,438,574,RAW;WAR;WAW,edge:257:310;edge:6:394;token:21;token:51;token:57;token:58;token:64;token:65;token:66
3803,71047,current_global,1574117052,16,17,33,1,479,483,RAW;WAW,token:43
3803,71047,current_global,1574117052,16,17,39,1,629,635,RAW;WAW,token:38
3803,71047,current_global,1574117052,16,17,41,1,634,655,RAW;WAW,token:67
3803,71047,current_global,1574117052,16,17,42,1,588,658,RAW;WAW,token:60
3803,71047,current_global,1574117052,16,18,29,1,400,404,RAW;WAW,token:5
3803,71047,current_global,1574117052,16,19,25,1,307,340,RAW;WAW,token:24
3803,71047,current_global,1574117052,16,19,43,2,516,720,RAW;WAW,adj:42;edge:419:516
3803,71047,current_global,1574117052,16,19,51,2,516,2444,RAW;WAW,edge:419:516;token:2
3803,71047,current_global,1574117052,16,19,124,1,175,2403,WAR,edge:141:446
3803,71047,current_global,1574117052,16,20,23,5,114,622,RAW;WAR;WAW,edge:169:207;token:22;token:46
3803,71047,current_global,1574117052,16,21,46,2,667,718,RAW;WAW,token:29
3803,71047,current_global,1574117052,16,21,100,1,180,1887,WAR,edge:99:144
3803,71047,current_global,1574117052,16,22,59,2,878,897,RAW;WAW,token:83
3803,71047,current_global,1574117052,16,22,60,1,916,929,RAW;WAW,token:84
3803,71047,current_global,1574117052,16,22,61,1,994,1034,RAW;WAW,token:40
3803,71047,current_global,1574117052,16,22,66,1,1003,1165,RAW;WAW,token:86
3803,71047,current_global,1574117052,16,22,78,1,1219,1357,RAW;WAW,token:49
3803,71047,current_global,1574117052,16,22,112,1,1914,2089,RAW;WAW,token:123
3803,71047,current_global,1574117052,16,22,129,2,872,2306,RAW;WAW,edge:73:781;token:1
3803,71047,current_global,1574117052,16,23,75,1,1322,1328,RAW;WAW,token:46
3803,71047,current_global,1574117052,16,23,76,2,622,1344,RAW;WAW,edge:169:403;token:22
3803,71047,current_global,1574117052,16,24,62,1,993,1035,RAW;WAW,token:68
3803,71047,current_global,1574117052,16,24,65,1,1064,1096,RAW;WAW,token:55
3803,71047,current_global,1574117052,16,24,69,1,1287,1342,RAW;WAW,token:37
3803,71047,current_global,1574117052,16,24,71,2,1185,1251,RAW;WAW,token:23
3803,71047,current_global,1574117052,16,25,72,1,1163,1266,RAW;WAW,token:71
3803,71047,current_global,1574117052,16,25,86,1,1303,1622,RAW;WAW,token:24
3803,71047,current_global,1574117052,16,25,124,1,653,2403,WAR,edge:141:446
3803,71047,current_global,1574117052,16,26,64,1,1014,1069,RAW;WAW,token:78
3803,71047,current_global,1574117052,16,26,67,1,1053,1178,RAW;WAW,token:73
3803,71047,current_global,1574117052,16,26,68,1,1204,1366,RAW;WAW,token:85
3803,71047,current_global,1574117052,16,27,58,1,817,819,RAW;WAW,token:53
3803,71047,current_global,1574117052,16,27,63,1,1000,1063,RAW;WAW,token:72
3803,71047,current_global,1574117052,16,27,74,1,1026,1325,RAW;WAW,token:42
3803,71047,current_global,1574117052,16,28,73,7,687,1400,RAW;WAR;WAW,adj:6;edge:240:413;edge:6:244;token:66
3803,71047,current_global,1574117052,16,28,77,1,1343,1348,RAW;WAW,token:98
3803,71047,current_global,1574117052,16,28,79,1,1330,1364,RAW;WAW,token:108
3803,71047,current_global,1574117052,16,28,80,1,1191,1406,RAW;WAW,token:51
3803,71047,current_global,1574117052,16,28,81,6,1315,1444,RAW;WAW,edge:283:310;token:115
3803,71047,current_global,1574117052,16,28,82,8,1275,1452,RAW;WAW,edge:283:310;edge:310:1189;token:58
3803,71047,current_global,1574117052,16,28,83,3,1487,1543,RAW;WAW,edge:628:1091;token:79
3803,71047,current_global,1574117052,16,28,84,1,1571,1589,RAW;WAW,token:70
3803,71047,current_global,1574117052,16,28,89,1,1338,1721,RAW;WAW,token:50
3803,71047,current_global,1574117052,16,28,90,1,1662,1722,RAW;WAW,token:97
3803,71047,current_global,1574117052,16,28,91,1,1699,1729,RAW;WAW,token:96
3803,71047,current_global,1574117052,16,28,92,1,1673,1745,RAW;WAW,token:107
3803,71047,current_global,1574117052,16,28,93,1,1597,1753,RAW;WAW,token:57
3803,71047,current_global,1574117052,16,28,99,1,1510,1816,RAW;WAW,token:124
3803,71047,current_global,1574117052,16,28,104,1,1520,1930,RAW;WAW,token:54
3803,71047,current_global,1574117052,16,28,119,1,2050,2171,RAW;WAW,token:64
3803,71047,current_global,1574117052,16,28,122,4,1597,2206,RAW;WAW,edge:628:1091;token:65
3803,71047,current_global,1574117052,16,28,131,1,2279,2315,RAW;WAW,token:21
3803,71047,current_global,1574117052,16,28,149,3,1279,2678,RAW;WAW,edge:283:310;edge:310:1189;token:69
3803,71047,current_global,1574117052,16,28,152,2,2304,2637,RAW;WAW,token:101
3803,71047,current_global,1574117052,16,28,156,1,2231,2744,RAW;WAW,token:113
3803,71047,current_global,1574117052,16,29,64,2,1820,2074,RAW;WAW,adj:128;edge:15:128
3803,71047,current_global,1574117052,16,29,67,2,465,1178,RAW,edge:15:383
3803,71047,current_global,1574117052,16,29,68,6,1067,1184,RAW;WAW,adj:15;edge:15:128;token:59;token:75
3803,71047,current_global,1574117052,16,29,88,1,1652,1682,RAW;WAW,token:63
3803,71047,current_global,1574117052,16,29,101,1,1820,1855,RAW;WAW,token:39
3803,71047,current_global,1574117052,16,29,103,1,1906,1910,RAW;WAW,token:44
3803,71047,current_global,1574117052,16,29,108,1,1966,2006,RAW;WAW,token:149
3803,71047,current_global,1574117052,16,29,111,1,2065,2083,RAW;WAW,token:143
3803,71047,current_global,1574117052,16,29,125,1,2108,2257,RAW;WAW,token:26
3803,71047,current_global,1574117052,16,29,143,1,2120,2464,RAW;WAW,token:5
3803,71047,current_global,1574117052,16,29,166,1,2759,3030,RAW;WAW,token:35
3803,71047,current_global,1574117052,16,30,70,2,760,2929,RAW;WAR;WAW,edge:34:433;token:41
3803,71047,current_global,1574117052,16,31,68,12,972,1860,RAW;WAR;WAW,adj:501;adj:678;edge:38:193;edge:501:678;edge:510:678;token:114;token:116;token:136;token:139;token:14
3803,71047,current_global,1574117052,16,31,98,1,1777,1814,RAW;WAW,token:137
3803,71047,current_global,1574117052,16,31,106,2,1385,2644,RAW;WAW,edge:510:678;token:132
3803,71047,current_global,1574117052,16,31,127,1,2238,2291,RAW;WAW,token:184
3803,71047,current_global,1574117052,16,31,146,1,2494,2538,RAW;WAW,token:157
3803,71047,current_global,1574117052,16,31,155,1,2483,2715,RAW;WAW,token:166
3803,71047,current_global,1574117052,16,31,159,1,2750,2836,RAW,token:217
3803,71047,current_global,1574117052,16,31,160,1,2718,2847,RAW;WAW,token:178
3803,71047,current_global,1574117052,16,31,162,3,2218,2875,RAW;WAR;WAW,token:179
3803,71047,current_global,1574117052,16,31,167,1,2596,3041,RAW;WAW,token:45
3803,71047,current_global,1574117052,16,32,96,2,1659,1765,RAW;WAR;WAW,token:31
3803,71047,current_global,1574117052,16,32,100,1,1763,1974,RAW;WAW,token:142
3803,71047,current_global,1574117052,16,33,85,1,1584,1609,RAW;WAW,token:76
3803,71047,current_global,1574117052,16,33,107,2,1771,1984,RAW;WAW,token:43
3803,71047,current_global,1574117052,16,34,87,1,1560,1639,RAW;WAW,token:61
3803,71047,current_global,1574117052,16,34,116,1,2084,2151,RAW;WAW,token:92
3803,71047,current_global,1574117052,16,34,135,1,2184,2346,RAW;WAW,token:48
3803,71047,current_global,1574117052,16,35,69,5,1371,1800,RAW;WAR;WAW,edge:0:314;token:100;token:117;token:120
3803,71047,current_global,1574117052,16,35,114,1,1892,2106,RAW;WAW,token:32
3803,71047,current_global,1574117052,16,35,165,1,2680,3006,RAW;WAW,token:186
3803,71047,current_global,1574117052,16,35,168,1,2676,3060,RAW,token:81
3803,71047,current_global,1574117052,16,36,95,1,1502,1758,RAW;WAW,token:36
3803,71047,current_global,1574117052,16,36,164,1,2798,2939,RAW;WAW,token:221
3803,71047,current_global,1574117052,16,37,70,2,840,2929,WAR,edge:34:433
3803,71047,current_global,1574117052,16,37,73,3,1981,3027,RAW;WAR;WAW,edge:240:413;token:19
3803,71047,current_global,1574117052,16,38,69,2,1116,1800,RAW;WAR;WAW,edge:0:314;token:8
3803,71047,current_global,1574117052,16,38,97,1,1784,1805,RAW;WAW,token:109
3803,71047,current_global,1574117052,16,38,118,1,1852,2166,RAW;WAW,token:88
3803,71047,current_global,1574117052,16,39,153,1,2370,2679,RAW;WAW,token:38
3803,71047,current_global,1574117052,16,40,133,1,2031,2323,RAW;WAW,token:12
3803,71047,current_global,1574117052,16,41,145,1,2495,2531,RAW;WAW,token:163
3803,71047,current_global,1574117052,16,42,73,2,1839,1877,RAW;WAR;WAW,token:60
3803,71047,current_global,1574117052,16,42,115,3,2093,2127,RAW;WAW,token:154
3803,71047,current_global,1574117052,16,42,137,1,2358,2418,RAW;WAW,token:148
3803,71047,current_global,1574117052,16,42,150,1,2061,2614,RAW;WAW,token:150
3803,71047,current_global,1574117052,16,43,72,2,1046,1494,RAW,edge:7:1002
3803,71047,current_global,1574117052,16,43,82,2,1046,1948,RAW,edge:7:1002
3803,71047,current_global,1574117052,16,43,94,1,1692,1755,RAW;WAW,token:95
3803,71047,current_global,1574117052,16,43,107,2,1046,2062,RAW,edge:7:1002
3803,71047,current_global,1574117052,16,43,109,1,1907,2047,RAW;WAW,token:140
3803,71047,current_global,1574117052,16,43,117,1,2143,2163,RAW;WAW,token:94
3803,71047,current_global,1574117052,16,43,124,3,1046,2403,RAW;WAR;WAW,adj:42;edge:141:446;token:90
3803,71047,current_global,1574117052,16,43,126,1,2223,2262,RAW;WAW,token:181
3803,71047,current_global,1574117052,16,43,130,2,2100,2309,RAW;WAW,token:153
3803,71047,current_global,1574117052,16,43,138,2,2064,2427,RAW;WAR;WAW,token:77
3803,71047,current_global,1574117052,16,43,148,1,2530,2573,RAW;WAW,token:25
3803,71047,current_global,1574117052,16,43,161,1,2782,2874,RAW;WAW,token:158
3803,71047,current_global,1574117052,16,44,128,1,2226,2294,RAW;WAW,token:18
3803,71047,current_global,1574117052,16,45,102,1,1838,1894,RAW;WAW,token:112
3803,71047,current_global,1574117052,16,45,105,1,1904,1945,RAW;WAW,token:118
3803,71047,current_global,1574117052,16,45,120,1,2118,2191,RAW;WAW,token:147
3803,71047,current_global,1574117052,16,45,123,1,2045,2207,RAW;WAW,token:99
3803,71047,current_global,1574117052,16,45,132,1,2254,2319,RAW;WAW,token:33
3803,71047,current_global,1574117052,16,45,139,1,2131,2432,RAW;WAW,token:175
3803,71047,current_global,1574117052,16,45,140,1,2148,2440,RAW;WAW,token:141
3803,71047,current_global,1574117052,16,45,141,1,2434,2456,RAW;WAW,token:130
3803,71047,current_global,1574117052,16,45,151,2,1464,2618,RAW;WAW,edge:76:1284;token:102
3803,71047,current_global,1574117052,16,45,158,1,2643,2831,RAW;WAW,token:125
3803,71047,current_global,1574117052,16,46,100,9,895,2511,RAW;WAR;WAW,edge:144:438;token:106;token:144;token:162;token:29;token:80
3803,71047,current_global,1574117052,16,46,163,1,2742,2918,RAW;WAW,token:74
3803,71047,current_global,1574117052,16,47,121,1,2196,2198,RAW;WAW,token:52
3803,71047,current_global,1574117052,16,49,68,2,995,1860,WAR;WAW,adj:156;edge:501:678
3803,71047,current_global,1574117052,16,49,110,1,1834,2077,RAW;WAW,token:104
3803,71047,current_global,1574117052,16,49,113,1,1973,2097,RAW;WAW,token:34
3803,71047,current_global,1574117052,16,50,144,1,2415,2510,RAW;WAW,token:47
3803,71047,current_global,1574117052,16,50,147,1,2422,2541,RAW;WAW,token:194
3803,71047,current_global,1574117052,16,51,134,1,2157,2339,RAW;WAW,token:169
3803,71047,current_global,1574117052,16,51,154,1,2395,2706,RAW;WAW,token:91
3803,71047,current_global,1574117052,16,52,136,1,2014,2364,RAW;WAW,token:16
3803,71047,current_global,1574117052,16,56,142,1,2452,2462,RAW;WAW,token:170
3803,71047,current_global,1574117052,16,56,157,1,2781,2796,RAW;WAW,token:27
3803,71047,current_global,1574117052,16,58,176,1,2471,2967,RAW;WAW,token:53
3803,71047,current_global,1574117052,16,60,169,1,2199,2318,RAW;WAW,token:129
3803,71047,current_global,1574117052,16,61,172,1,2588,2598,RAW;WAW,token:103
3803,71047,current_global,1574117052,16,63,170,1,2365,2435,RAW;WAW,token:183
3803,71047,current_global,1574117052,16,64,175,1,2651,2784,RAW;WAW,token:78
3803,71047,current_global,1574117052,16,68,173,1,2647,2675,RAW;WAW,token:196
3803,71047,current_global,1574117052,16,68,174,1,2724,2734,RAW;WAW,token:167
3803,71047,current_global,1574117052,16,82,171,1,2467,2474,RAW;WAW,token:134
3803,71047,current_global,1574117052,16,124,171,3,2403,2474,RAW,edge:42:446
3803,71047,exposure_matched_local,1674117052,16,0,28,5,295,1053,RAW;WAR;WAW,edge:372:721;token:14
3803,71047,exposure_matched_local,1674117052,16,1,21,1,285,311,RAW;WAW,token:53
3803,71047,exposure_matched_local,1674117052,16,1,22,2,230,323,RAW;WAR;WAW,token:29
3803,71047,exposure_matched_local,1674117052,16,2,53,1,759,784,RAW;WAW,token:31
3803,71047,exposure_matched_local,1674117052,16,2,57,1,793,846,RAW;WAW,token:34
3803,71047,exposure_matched_local,1674117052,16,3,46,1,707,711,RAW;WAW,token:19
3803,71047,exposure_matched_local,1674117052,16,4,74,1,1615,1908,RAW;WAW,token:18
3803,71047,exposure_matched_local,1674117052,16,5,24,1,347,356,RAW;WAW,token:45
3803,71047,exposure_matched_local,1674117052,16,5,25,5,242,514,RAW;WAR;WAW,edge:586:1297;token:24
3803,71047,exposure_matched_local,1674117052,16,5,29,2,349,492,RAW;WAR;WAW,token:36
3803,71047,exposure_matched_local,1674117052,16,5,35,1,439,569,RAW;WAW,token:62
3803,71047,exposure_matched_local,1674117052,16,5,36,1,575,594,RAW;WAW,token:49
3803,71047,exposure_matched_local,1674117052,16,5,37,2,306,595,RAW;WAW,edge:217:826;token:44
3803,71047,exposure_matched_local,1674117052,16,5,39,2,306,1565,RAW;WAW,edge:217:826;token:43
3803,71047,exposure_matched_local,1674117052,16,5,49,1,637,747,RAW;WAW,token:2
3803,71047,exposure_matched_local,1674117052,16,5,62,2,895,997,RAW;WAR;WAW,token:46
3803,71047,exposure_matched_local,1674117052,16,5,63,1,306,2308,RAW,edge:217:826
3803,71047,exposure_matched_local,1674117052,16,5,67,1,976,1120,RAW;WAW,token:91
3803,71047,exposure_matched_local,1674117052,16,5,70,4,306,1906,RAW;WAW,edge:217:826;token:25
3803,71047,exposure_matched_local,1674117052,16,5,78,1,306,2045,RAW,edge:217:826
3803,71047,exposure_matched_local,1674117052,16,6,19,3,257,289,RAW;WAW,token:16
3803,71047,exposure_matched_local,1674117052,16,6,20,1,293,310,RAW;WAW,token:52
3803,71047,exposure_matched_local,1674117052,16,6,23,1,303,331,RAW;WAW,token:35
3803,71047,exposure_matched_local,1674117052,16,7,26,1,381,428,RAW;WAW,token:26
3803,71047,exposure_matched_local,1674117052,16,7,31,1,476,500,RAW;WAW,token:47
3803,71047,exposure_matched_local,1674117052,16,7,41,1,544,633,RAW;WAW,token:38
3803,71047,exposure_matched_local,1674117052,16,7,61,4,71,1669,RAW;WAR;WAW,adj:14;edge:14:499;edge:15:385;token:10
3803,71047,exposure_matched_local,1674117052,16,7,91,1,248,2804,WAW,adj:15
3803,71047,exposure_matched_local,1674117052,16,7,153,1,248,3016,RAW,edge:15:385
3803,71047,exposure_matched_local,1674117052,16,8,34,2,523,559,RAW;WAR;WAW,token:1
3803,71047,exposure_matched_local,1674117052,16,8,38,1,552,608,RAW;WAW,token:69
3803,71047,exposure_matched_local,1674117052,16,8,40,1,581,627,RAW;WAW,token:58
3803,71047,exposure_matched_local,1674117052,16,8,50,10,241,984,RAW;WAR;WAW,adj:250;adj:73;edge:73:1013;edge:73:250;edge:73:391;token:33;token:68
3803,71047,exposure_matched_local,1674117052,16,8,52,1,729,768,RAW;WAW,token:56
3803,71047,exposure_matched_local,1674117052,16,9,30,19,228,2614,RAW;WAR;WAW,edge:556:859;edge:78:287;token:101;token:32;token:41;token:57;token:8;token:94
3803,71047,exposure_matched_local,1674117052,16,9,65,1,940,1022,RAW;WAW,token:50
3803,71047,exposure_matched_local,1674117052,16,10,57,3,785,1240,RAW;WAR;WAW,edge:332:904;edge:38:332;token:78
3803,71047,exposure_matched_local,1674117052,16,10,66,2,955,1095,RAW;WAW,token:84
3803,71047,exposure_matched_local,1674117052,16,10,68,1,1094,1124,RAW;WAW,token:65
3803,71047,exposure_matched_local,1674117052,16,10,69,1,1125,1138,RAW;WAW,token:86
3803,71047,exposure_matched_local,1674117052,16,10,71,1,1098,1169,RAW;WAW,token:74
3803,71047,exposure_matched_local,1674117052,16,10,73,2,1694,1852,RAW;WAW,token:72
3803,71047,exposure_matched_local,1674117052,16,10,75,1,2152,2283,RAW;WAW,token:27
3803,71047,exposure_matched_local,1674117052,16,11,30,3,181,2614,RAW;WAR;WAW,edge:281:818;edge:556:859;token:23
3803,71047,exposure_matched_local,1674117052,16,12,27,1,446,449,RAW;WAW,token:12
3803,71047,exposure_matched_local,1674117052,16,12,41,1,254,2057,RAW,edge:938:1499
3803,71047,exposure_matched_local,1674117052,16,12,42,5,195,727,RAW;WAW,edge:1131:1442;token:37
3803,71047,exposure_matched_local,1674117052,16,12,43,5,195,652,RAW;WAW,edge:1131:1442;token:48
3803,71047,exposure_matched_local,1674117052,16,12,89,3,254,1591,RAW,edge:938:1499
3803,71047,exposure_matched_local,1674117052,16,12,94,10,22,2379,RAW;WAR;WAW,adj:313;edge:1131:1442;edge:261:313
3803,71047,exposure_matched_local,1674117052,16,13,51,1,695,756,RAW;WAW,token:15
3803,71047,exposure_matched_local,1674117052,16,13,63,1,911,1008,RAW;WAW,token:51
3803,71047,exposure_matched_local,1674117052,16,14,44,1,661,662,RAW;WAW,token:70
3803,71047,exposure_matched_local,1674117052,16,14,47,1,649,731,RAW;WAW,token:63
3803,71047,exposure_matched_local,1674117052,16,14,55,1,813,827,RAW;WAW,token:40
3803,71047,exposure_matched_local,1674117052,16,14,56,1,689,843,RAW;WAW,token:71
3803,71047,exposure_matched_local,1674117052,16,14,58,6,724,890,RAW;WAR;WAW,edge:16:740;token:5;token:59;token:64
3803,71047,exposure_matched_local,1674117052,16,15,33,2,533,535,RAW;WAR;WAW,token:42
3803,71047,exposure_matched_local,1674117052,16,15,45,1,534,673,RAW;WAW,token:66
3803,71047,exposure_matched_local,1674117052,16,15,48,1,723,745,RAW;WAW,token:39
3803,71047,exposure_matched_local,1674117052,16,15,59,1,778,865,RAW;WAW,token:73
3803,71047,exposure_matched_local,1674117052,16,15,64,1,933,1009,RAW;WAW,token:60
3803,71047,exposure_matched_local,1674117052,16,15,72,1,1383,1389,RAW;WAW,token:21
3803,71047,exposure_matched_local,1674117052,16,15,102,2,665,2651,WAR,edge:207:1167
3803,71047,exposure_matched_local,1674117052,16,16,32,1,520,528,RAW;WAW,token:22
3803,71047,exposure_matched_local,1674117052,16,17,54,2,462,1072,RAW;WAW,edge:17:680;token:30
3803,71047,exposure_matched_local,1674117052,16,18,60,1,861,948,RAW;WAW,token:28
3803,71047,exposure_matched_local,1674117052,16,19,76,1,884,936,RAW;WAW,token:54
3803,71047,exposure_matched_local,1674117052,16,19,77,1,1085,1106,RAW;WAW,token:79
3803,71047,exposure_matched_local,1674117052,16,19,80,1,1129,1192,RAW;WAW,token:61
3803,71047,exposure_matched_local,1674117052,16,19,84,2,1312,1346,RAW;WAR;WAW,token:16
3803,71047,exposure_matched_local,1674117052,16,19,86,1,1329,1411,RAW;WAW,token:103
3803,71047,exposure_matched_local,1674117052,16,19,92,1,1422,1648,RAW;WAW,token:55
3803,71047,exposure_matched_local,1674117052,16,20,76,2,438,950,WAR,edge:119:1489
3803,71047,exposure_matched_local,1674117052,16,20,83,1,1267,1281,RAW;WAW,token:52
3803,71047,exposure_matched_local,1674117052,16,21,100,1,1728,1769,RAW;WAW,token:53
3803,71047,exposure_matched_local,1674117052,16,22,109,1,2026,2066,RAW;WAW,token:29
3803,71047,exposure_matched_local,1674117052,16,23,79,1,1118,1180,RAW;WAW,token:35
3803,71047,exposure_matched_local,1674117052,16,24,93,1,1640,1652,RAW;WAW,token:45
3803,71047,exposure_matched_local,1674117052,16,25,81,1,1268,1270,RAW;WAW,token:24
3803,71047,exposure_matched_local,1674117052,16,26,110,1,1952,2119,RAW;WAW,token:26
3803,71047,exposure_matched_local,1674117052,16,27,113,1,2153,2163,RAW;WAW,token:12
3803,71047,exposure_matched_local,1674117052,16,28,104,3,1053,2782,RAW;WAW,edge:430:721;token:14
3803,71047,exposure_matched_local,1674117052,16,29,78,3,566,1701,RAW;WAR;WAW,edge:9:1383;token:67;token:95
3803,71047,exposure_matched_local,1674117052,16,29,96,1,1660,1720,RAW;WAW,token:36
3803,71047,exposure_matched_local,1674117052,16,30,88,1,1509,1588,RAW;WAW,token:23
3803,71047,exposure_matched_local,1674117052,16,30,127,3,2325,2343,RAW;WAW,edge:859:1444;token:123
3803,71047,exposure_matched_local,1674117052,16,30,137,2,2041,2555,RAW;WAW,edge:859:1444;token:57
3803,71047,exposure_matched_local,1674117052,16,30,143,4,1629,2679,RAW;WAW,edge:799:1162;token:150
3803,71047,exposure_matched_local,1674117052,16,30,150,1,2501,2753,RAW;WAW,token:170
3803,71047,exposure_matched_local,1674117052,16,30,156,1,2606,2859,RAW;WAW,token:8
3803,71047,exposure_matched_local,1674117052,16,30,157,1,2863,2886,RAW;WAW,token:41
3803,71047,exposure_matched_local,1674117052,16,30,158,1,2710,2935,RAW;WAW,token:117
3803,71047,exposure_matched_local,1674117052,16,30,161,1,2700,2983,RAW;WAW,token:94
3803,71047,exposure_matched_local,1674117052,16,31,91,2,1592,1616,RAW;WAW,token:47
3803,71047,exposure_matched_local,1674117052,16,31,99,1,1677,1768,RAW;WAW,token:104
3803,71047,exposure_matched_local,1674117052,16,32,78,1,1776,1829,RAW;WAW,token:128
3803,71047,exposure_matched_local,1674117052,16,32,102,3,1179,2651,RAW;WAR;WAW,edge:207:1167;token:22
3803,71047,exposure_matched_local,1674117052,16,32,106,1,1756,1980,RAW;WAW,token:76
3803,71047,exposure_matched_local,1674117052,16,33,87,1,1412,1432,RAW;WAW,token:42
3803,71047,exposure_matched_local,1674117052,16,34,117,1,2114,2185,RAW;WAW,token:1
3803,71047,exposure_matched_local,1674117052,16,35,78,2,1155,2356,RAW;WAR;WAW,edge:9:51;token:62
3803,71047,exposure_matched_local,1674117052,16,35,82,3,1075,1275,RAW;WAW,edge:183:1083;token:80
3803,71047,exposure_matched_local,1674117052,16,35,126,1,2103,2330,RAW;WAW,token:81
3803,71047,exposure_matched_local,1674117052,16,36,121,1,2149,2237,RAW;WAW,token:49
3803,71047,exposure_matched_local,1674117052,16,37,78,2,1141,1159,RAW;WAW,token:44;token:77
3803,71047,exposure_matched_local,1674117052,16,37,132,1,2120,2391,RAW;WAW,token:88
3803,71047,exposure_matched_local,1674117052,16,38,91,3,788,2659,RAW;WAW,edge:76:1284;token:69
3803,71047,exposure_matched_local,1674117052,16,38,118,1,2180,2219,RAW;WAW,token:138
3803,71047,exposure_matched_local,1674117052,16,39,124,1,2157,2275,RAW;WAW,token:43
3803,71047,exposure_matched_local,1674117052,16,40,85,1,1201,1398,RAW;WAW,token:58
3803,71047,exposure_matched_local,1674117052,16,41,120,1,2187,2236,RAW;WAW,token:38
3803,71047,exposure_matched_local,1674117052,16,42,94,5,1370,2379,RAW;WAR;WAW,edge:261:313;token:37
3803,71047,exposure_matched_local,1674117052,16,43,89,2,1587,1590,RAW;WAW,token:115
3803,71047,exposure_matched_local,1674117052,16,43,94,5,994,2379,RAW;WAR;WAW,edge:261:313;token:93
3803,71047,exposure_matched_local,1674117052,16,43,98,2,1564,1761,RAW;WAR;WAW,token:106
3803,71047,exposure_matched_local,1674117052,16,44,91,1,864,3031,WAR,edge:30:525
3803,71047,exposure_matched_local,1674117052,16,44,135,1,2354,2509,RAW;WAW,token:70
3803,71047,exposure_matched_local,1674117052,16,45,101,1,1806,1817,RAW;WAW,token:109
3803,71047,exposure_matched_local,1674117052,16,45,108,1,2023,2042,RAW;WAW,token:114
3803,71047,exposure_matched_local,1674117052,16,45,144,1,2540,2699,RAW;WAW,token:66
3803,71047,exposure_matched_local,1674117052,16,45,146,1,2663,2716,RAW;WAW,token:113
3803,71047,exposure_matched_local,1674117052,16,46,142,1,2481,2644,RAW;WAW,token:19
3803,71047,exposure_matched_local,1674117052,16,47,95,1,1540,1719,RAW;WAW,token:110
3803,71047,exposure_matched_local,1674117052,16,47,97,3,901,2870,RAW;WAR;WAW,edge:96:466;token:63
3803,71047,exposure_matched_local,1674117052,16,47,131,1,2361,2390,RAW;WAW,token:90
3803,71047,exposure_matched_local,1674117052,16,49,90,1,1600,1605,RAW;WAW,token:2
3803,71047,exposure_matched_local,1674117052,16,49,107,1,1790,2038,RAW;WAW,token:100
3803,71047,exposure_matched_local,1674117052,16,49,123,1,1921,2266,RAW;WAW,token:127
3803,71047,exposure_matched_local,1674117052,16,50,91,2,1484,2648,RAW;WAW,edge:73:250;token:68
3803,71047,exposure_matched_local,1674117052,16,50,105,1,1823,1976,RAW;WAW,token:85
3803,71047,exposure_matched_local,1674117052,16,50,115,1,2100,2168,RAW;WAW,token:82
3803,71047,exposure_matched_local,1674117052,16,50,151,1,2690,2765,RAW;WAW,token:33
3803,71047,exposure_matched_local,1674117052,16,52,129,1,2273,2371,RAW;WAW,token:56
3803,71047,exposure_matched_local,1674117052,16,53,122,1,2082,2250,RAW;WAW,token:107
3803,71047,exposure_matched_local,1674117052,16,53,139,1,2513,2585,RAW;WAW,token:31
3803,71047,exposure_matched_local,1674117052,16,55,119,1,2167,2228,RAW;WAW,token:40
3803,71047,exposure_matched_local,1674117052,16,56,91,1,2136,2155,RAW;WAW,token:71
3803,71047,exposure_matched_local,1674117052,16,57,136,1,2440,2534,RAW;WAW,token:34
3803,71047,exposure_matched_local,1674117052,16,57,140,3,1240,2979,RAW;WAW,edge:18:332;token:159
3803,71047,exposure_matched_local,1674117052,16,57,145,1,2656,2712,RAW;WAW,token:139
3803,71047,exposure_matched_local,1674117052,16,57,148,1,2643,2726,RAW;WAW,token:173
3803,71047,exposure_matched_local,1674117052,16,57,160,2,2874,2980,RAW;WAR;WAW,token:164
3803,71047,exposure_matched_local,1674117052,16,58,91,2,2683,2832,RAW;WAR;WAW,edge:15:37;token:187
3803,71047,exposure_matched_local,1674117052,16,58,111,1,2122,2139,RAW;WAW,token:5
3803,71047,exposure_matched_local,1674117052,16,58,119,1,1555,2745,RAW,edge:423:740
3803,71047,exposure_matched_local,1674117052,16,58,149,1,2687,2735,RAW;WAW,token:64
3803,71047,exposure_matched_local,1674117052,16,58,152,1,2758,2781,RAW;WAW,token:59
3803,71047,exposure_matched_local,1674117052,16,58,153,2,2623,2789,RAW;WAR;WAW,token:180
3803,71047,exposure_matched_local,1674117052,16,58,155,1,2796,2799,RAW;WAW,token:111
3803,71047,exposure_matched_local,1674117052,16,59,102,2,2036,2651,RAW;WAR;WAW,edge:207:1167;token:105
3803,71047,exposure_matched_local,1674117052,16,59,133,1,2416,2498,RAW;WAW,token:73
3803,71047,exposure_matched_local,1674117052,16,59,138,1,2415,2574,RAW;WAW,token:160
3803,71047,exposure_matched_local,1674117052,16,60,125,1,2058,2288,RAW;WAW,token:28
3803,71047,exposure_matched_local,1674117052,16,60,130,1,1992,2388,RAW;WAW,token:132
3803,71047,exposure_matched_local,1674117052,16,60,147,1,2565,2722,RAW;WAW,token:89
3803,71047,exposure_matched_local,1674117052,16,61,97,2,1307,2870,RAW;WAR,edge:13:499;edge:96:466
3803,71047,exposure_matched_local,1674117052,16,61,134,1,2487,2503,RAW;WAW,token:10
3803,71047,exposure_matched_local,1674117052,16,64,128,1,2203,2351,RAW;WAW,token:125
3803,71047,exposure_matched_local,1674117052,16,64,141,1,2592,2615,RAW;WAW,token:92
3803,71047,exposure_matched_local,1674117052,16,64,159,1,2897,2946,RAW;WAW,token:60
3803,71047,exposure_matched_local,1674117052,16,66,112,1,2039,2147,RAW;WAW,token:141
3803,71047,exposure_matched_local,1674117052,16,66,114,1,2022,2165,RAW;WAW,token:112
3803,71047,exposure_matched_local,1674117052,16,66,116,1,2135,2184,RAW;WAW,token:96
3803,71047,exposure_matched_local,1674117052,16,69,103,1,1897,1932,RAW;WAW,token:86
3803,71047,exposure_matched_local,1674117052,16,70,154,1,2670,2795,RAW;WAW,token:126
3803,71047,exposure_matched_local,1674117052,16,70,162,1,2822,3039,RAW;WAW,token:25
3803,71047,exposure_matched_local,1674117052,16,71,163,1,2858,3044,RAW;WAW,token:74
3803,71047,exposure_matched_local,1674117052,16,76,168,1,2396,2444,RAW;WAW,token:54
3803,71047,exposure_matched_local,1674117052,16,76,170,1,2443,2649,RAW;WAW,token:87
3803,71047,exposure_matched_local,1674117052,16,77,164,1,1965,1969,RAW;WAW,token:79
3803,71047,exposure_matched_local,1674117052,16,77,165,1,2050,2060,RAW;WAW,token:120
3803,71047,exposure_matched_local,1674117052,16,78,166,1,2188,2247,RAW;WAW,token:44
3803,71047,exposure_matched_local,1674117052,16,78,167,1,2118,2381,RAW;WAW,token:129
3803,71047,exposure_matched_local,1674117052,16,78,171,1,2727,2750,RAW;WAW,token:135
3803,71047,exposure_matched_local,1674117052,16,78,172,1,2784,2846,RAW;WAW,token:152
3803,71047,exposure_matched_local,1674117052,16,78,177,1,2547,3063,RAW;WAW,token:108
3803,71047,exposure_matched_local,1674117052,16,79,173,1,2709,2991,RAW;WAW,token:163
3803,71047,exposure_matched_local,1674117052,16,82,169,1,2467,2640,RAW;WAW,token:80
3803,71047,exposure_matched_local,1674117052,16,83,176,1,2945,3051,RAW;WAW,token:52
3803,71047,exposure_matched_local,1674117052,16,84,175,1,2933,3017,RAW;WAW,token:16
3803,71047,exposure_matched_local,1674117052,16,86,174,1,2942,3004,RAW;WAW,token:185
3803,71089,current_global,1574117094,16,0,26,4,22,1288,WAR,edge:419:753
3803,71089,current_global,1574117094,16,0,39,1,536,619,RAW;WAW,token:2
3803,71089,current_global,1574117094,16,1,31,3,63,1652,RAW;WAR;WAW,edge:18:375;edge:58:77;token:29
3803,71089,current_global,1574117094,16,1,47,1,559,724,RAW;WAW,token:66
3803,71089,current_global,1574117094,16,2,31,5,529,1011,RAW;WAR;WAW,edge:162:1113;edge:18:181;token:27;token:57
3803,71089,current_global,1574117094,16,2,33,4,529,1093,RAW;WAW,adj:247;token:46;token:55;token:60
3803,71089,current_global,1574117094,16,2,47,2,271,1040,RAW,edge:496:1530
3803,71089,current_global,1574117094,16,2,48,3,529,912,RAW;WAW,edge:162:1113;token:30
3803,71089,current_global,1574117094,16,2,51,1,767,823,RAW;WAW,token:72
3803,71089,current_global,1574117094,16,2,52,6,271,1394,RAW;WAR;WAW,edge:496:1530;token:36
3803,71089,current_global,1574117094,16,2,53,2,271,2407,RAW;WAW,edge:496:1530;token:95
3803,71089,current_global,1574117094,16,2,84,1,529,2317,WAW,adj:162
3803,71089,current_global,1574117094,16,2,98,7,73,2258,RAW;WAR;WAW,adj:402;edge:402:699
3803,71089,current_global,1574117094,16,2,129,1,529,2363,RAW,edge:162:1113
3803,71089,current_global,1574117094,16,3,45,1,645,713,RAW;WAW,token:42
3803,71089,current_global,1574117094,16,3,57,3,302,1861,RAW;WAR;WAW,edge:76:218;token:98
3803,71089,current_global,1574117094,16,3,58,1,992,1052,RAW;WAW,token:33
3803,71089,current_global,1574117094,16,3,65,1,1148,1607,RAW;WAW,token:71
3803,71089,current_global,1574117094,16,4,22,8,212,1613,RAW;WAR;WAW,adj:556;edge:287:556;edge:556:859;token:32
3803,71089,current_global,1574117094,16,4,25,5,245,798,RAW;WAW,edge:556:859;edge:78:827;token:52
3803,71089,current_global,1574117094,16,4,34,7,241,572,RAW;WAW,edge:556:859;edge:78:827;edge:78:867;token:23
3803,71089,current_global,1574117094,16,4,40,4,407,630,RAW;WAW,edge:556:859;token:67
3803,71089,current_global,1574117094,16,4,64,2,407,1711,RAW;WAW,edge:556:859;token:8
3803,71089,current_global,1574117094,16,4,68,13,49,2600,RAW;WAR;WAW,adj:78;edge:0:118;edge:0:556;edge:0:78;edge:556:859;edge:78:827;edge:78:867
3803,71089,current_global,1574117094,16,4,164,1,407,2689,RAW,edge:556:859
3803,71089,current_global,1574117094,16,5,25,2,374,669,RAW;WAR;WAW,edge:230:255;token:40
3803,71089,current_global,1574117094,16,5,32,1,506,532,RAW;WAW,token:44
3803,71089,current_global,1574117094,16,5,42,1,670,675,RAW;WAW,token:16
3803,71089,current_global,1574117094,16,6,26,2,221,1288,RAW;WAR;WAW,edge:419:753;token:15
3803,71089,current_global,1574117094,16,7,44,1,620,682,RAW;WAW,token:50
3803,71089,current_global,1574117094,16,7,54,1,851,886,RAW;WAW,token:12
3803,71089,current_global,1574117094,16,8,50,1,661,801,RAW;WAW,token:1
3803,71089,current_global,1574117094,16,9,27,1,445,446,RAW;WAW,token:26
3803,71089,current_global,1574117094,16,10,36,2,481,593,RAW;WAR;WAW,token:54
3803,71089,current_global,1574117094,16,10,37,1,530,600,RAW;WAW,token:75
3803,71089,current_global,1574117094,16,10,38,15,299,701,RAW;WAW,adj:383;adj:453;edge:453:471;token:10;token:34;token:58
3803,71089,current_global,1574117094,16,10,137,2,299,2511,RAW,edge:453:471
3803,71089,current_global,1574117094,16,11,49,1,704,765,RAW;WAW,token:22
3803,71089,current_global,1574117094,16,12,43,1,653,678,RAW;WAW,token:59
3803,71089,current_global,1574117094,16,12,63,1,839,1302,RAW;WAW,token:21
3803,71089,current_global,1574117094,16,13,31,5,162,1586,RAW;WAR;WAW,edge:18:375;token:51
3803,71089,current_global,1574117094,16,13,33,1,577,626,RAW;WAW,token:18
3803,71089,current_global,1574117094,16,14,21,1,878,925,RAW;WAW,token:100
3803,71089,current_global,1574117094,16,14,26,1,324,1288,WAR,edge:419:753
3803,71089,current_global,1574117094,16,14,30,1,449,499,RAW;WAW,token:35
3803,71089,current_global,1574117094,16,14,46,1,611,721,RAW;WAW,token:49
3803,71089,current_global,1574117094,16,14,56,2,757,923,RAW;WAR;WAW,token:25
3803,71089,current_global,1574117094,16,14,69,2,232,2054,WAR,edge:419:446
3803,71089,current_global,1574117094,16,15,55,1,873,892,RAW;WAW,token:5
3803,71089,current_global,1574117094,16,15,60,1,879,1106,RAW;WAW,token:82
3803,71089,current_global,1574117094,16,16,31,2,355,1676,RAW,edge:38:904
3803,71089,current_global,1574117094,16,16,66,2,355,1879,RAW;WAW,edge:38:904;token:14
3803,71089,current_global,1574117094,16,16,109,1,355,2566,WAW,adj:38
3803,71089,current_global,1574117094,16,17,24,1,347,419,RAW;WAW,token:37
3803,71089,current_global,1574117094,16,17,29,1,476,477,RAW;WAW,token:48
3803,71089,current_global,1574117094,16,17,31,4,565,1567,RAW;WAR;WAW,edge:238:619;token:28;token:38
3803,71089,current_global,1574117094,16,18,26,1,867,905,RAW;WAW,token:94
3803,71089,current_global,1574117094,16,18,62,1,1083,1246,RAW;WAW,token:24
3803,71089,current_global,1574117094,16,19,21,12,164,604,RAW;WAR;WAW,edge:6:361;token:19;token:45;token:47;token:53;token:73;token:74
3803,71089,current_global,1574117094,16,19,23,1,398,416,RAW;WAW,token:64
3803,71089,current_global,1574117094,16,19,25,2,409,423,RAW;WAW,token:41
3803,71089,current_global,1574117094,16,19,28,2,309,447,RAW;WAR;WAW,token:43
3803,71089,current_global,1574117094,16,19,35,2,394,575,RAW;WAW,token:61
3803,71089,current_global,1574117094,16,19,41,3,389,654,RAW;WAR;WAW,token:62
3803,71089,current_global,1574117094,16,20,59,1,770,1097,RAW;WAW,token:31
3803,71089,current_global,1574117094,16,20,61,10,310,1291,RAW;WAW,edge:1114:1176;edge:1114:1441;token:39
3803,71089,current_global,1574117094,16,21,67,2,1126,1174,RAW;WAW,token:79
3803,71089,current_global,1574117094,16,21,69,5,538,1850,RAW;WAR;WAW,edge:419:446;edge:6:68;token:63
3803,71089,current_global,1574117094,16,21,70,3,604,2383,RAW;WAW,adj:6;token:74;token:93
3803,71089,current_global,1574117094,16,21,71,1,1266,1304,RAW;WAW,token:76
3803,71089,current_global,1574117094,16,21,73,1,1274,1320,RAW;WAW,token:115
3803,71089,current_global,1574117094,16,21,76,6,1450,2418,WAR,edge:407:838
3803,71089,current_global,1574117094,16,21,77,5,604,1673,RAW;WAW,edge:310:361;token:87
3803,71089,current_global,1574117094,16,21,80,1,1616,1690,RAW;WAW,token:69
3803,71089,current_global,1574117094,16,21,82,1,1619,1716,RAW;WAW,token:19
3803,71089,current_global,1574117094,16,21,83,1,1654,1717,RAW;WAW,token:56
3803,71089,current_global,1574117094,16,21,87,1,1797,1798,RAW;WAW,token:112
3803,71089,current_global,1574117094,16,21,94,2,538,2580,RAW;WAW,edge:6:68;token:117
3803,71089,current_global,1574117094,16,21,104,1,1899,2063,RAW;WAW,token:85
3803,71089,current_global,1574117094,16,21,107,1,1803,2085,RAW;WAW,token:47
3803,71089,current_global,1574117094,16,21,111,2,604,2762,RAW;WAW,edge:310:361;token:45
3803,71089,current_global,1574117094,16,21,112,1,2066,2181,RAW;WAW,token:142
3803,71089,current_global,1574117094,16,21,115,3,538,2982,RAW;WAW,edge:310:361;edge:6:68;token:146
3803,71089,current_global,1574117094,16,21,128,1,2291,2358,RAW;WAW,token:53
3803,71089,current_global,1574117094,16,21,130,1,2131,2378,RAW;WAW,token:168
3803,71089,current_global,1574117094,16,21,146,2,1864,2462,RAW;WAR;WAW,token:84
3803,71089,current_global,1574117094,16,21,152,1,2453,2505,RAW;WAW,token:199
3803,71089,current_global,1574117094,16,21,153,1,2410,2509,RAW;WAW,token:81
3803,71089,current_global,1574117094,16,21,154,1,2329,2515,RAW;WAW,token:198
3803,71089,current_global,1574117094,16,21,158,1,2478,2560,RAW;WAW,token:120
3803,71089,current_global,1574117094,16,21,163,2,2302,2581,RAW;WAW,token:164
3803,71089,current_global,1574117094,16,21,166,1,2491,2711,RAW;WAW,token:73
3803,71089,current_global,1574117094,16,21,169,1,2301,2771,RAW;WAW,token:100
3803,71089,current_global,1574117094,16,21,172,1,2557,2881,RAW;WAW,token:116
3803,71089,current_global,1574117094,16,22,68,13,677,2032,RAW;WAR;WAW,adj:282;adj:556;edge:0:118;edge:0:282;edge:0:78;edge:152:470;token:32;token:77;token:88;token:89
3803,71089,current_global,1574117094,16,22,103,1,1900,2056,RAW;WAW,token:68
3803,71089,current_global,1574117094,16,23,78,1,1409,1684,RAW;WAW,token:64
3803,71089,current_global,1574117094,16,24,105,9,633,2359,RAW;WAR;WAW,edge:702:1369;token:183;token:217;token:37
3803,71089,current_global,1574117094,16,25,72,1,1315,1317,RAW;WAW,token:114
3803,71089,current_global,1574117094,16,25,74,1,1277,1520,RAW;WAW,token:125
3803,71089,current_global,1574117094,16,25,81,3,669,1784,RAW;WAW,edge:3:255;token:41
3803,71089,current_global,1574117094,16,25,110,1,2052,2121,RAW;WAW,token:138
3803,71089,current_global,1574117094,16,25,119,2,1670,2984,RAW;WAW,edge:400:449;token:52
3803,71089,current_global,1574117094,16,25,134,1,2356,2389,RAW;WAW,token:65
3803,71089,current_global,1574117094,16,25,144,1,2436,2457,RAW;WAW,token:207
3803,71089,current_global,1574117094,16,26,67,1,1288,3011,RAW,edge:419:1007
3803,71089,current_global,1574117094,16,26,69,6,462,2054,RAW;WAR;WAW,adj:419;edge:419:1007;edge:419:446
3803,71089,current_global,1574117094,16,26,97,1,1965,1993,RAW;WAW,token:15
3803,71089,current_global,1574117094,16,26,106,1,1813,2075,RAW;WAW,token:94
3803,71089,current_global,1574117094,16,26,127,2,1288,2601,RAW;WAW,edge:419:1007;token:153
3803,71089,current_global,1574117094,16,27,109,2,2000,2092,RAW;WAW,token:26
3803,71089,current_global,1574117094,16,29,105,1,1897,2402,RAW;WAW,token:48
3803,71089,current_global,1574117094,16,30,139,1,2245,2429,RAW;WAW,token:35
3803,71089,current_global,1574117094,16,31,79,23,922,2913,RAW;WAR;WAW,adj:18;edge:1040:1453;edge:181:214;edge:18:1006;edge:18:382;edge:18:640;edge:58:378;token:130;token:57
3803,71089,current_global,1574117094,16,31,85,1,1632,1749,RAW;WAW,token:101
3803,71089,current_global,1574117094,16,31,86,1,1760,1796,RAW;WAW,token:91
3803,71089,current_global,1574117094,16,31,88,2,1722,1802,RAW;WAW,token:148
3803,71089,current_global,1574117094,16,31,95,1,1747,1956,RAW;WAW,token:105
3803,71089,current_global,1574117094,16,31,98,7,1617,2258,RAW;WAR;WAW,adj:181;edge:402:699;token:124;token:173
3803,71089,current_global,1574117094,16,31,99,2,1989,2037,RAW;WAR;WAW,token:83
3803,71089,current_global,1574117094,16,31,105,3,1567,2359,RAW;WAW,adj:238;edge:238:1073;token:28
3803,71089,current_global,1574117094,16,31,114,1,2114,2203,RAW;WAW,token:92
3803,71089,current_global,1574117094,16,31,116,1,2122,2228,RAW;WAW,token:131
3803,71089,current_global,1574117094,16,31,117,1,2164,2229,RAW;WAW,token:133
3803,71089,current_global,1574117094,16,31,121,3,1586,2548,RAW;WAR;WAW,edge:18:640;token:107
3803,71089,current_global,1574117094,16,31,123,1,2113,2310,RAW;WAW,token:122
3803,71089,current_global,1574117094,16,31,126,1,2266,2342,RAW;WAW,token:99
3803,71089,current_global,1574117094,16,31,129,1,2250,2363,RAW;WAW,token:188
3803,71089,current_global,1574117094,16,31,136,4,1652,2414,RAW;WAR;WAW,edge:58:378;token:102
3803,71089,current_global,1574117094,16,31,141,1,2285,2446,RAW;WAW,token:97
3803,71089,current_global,1574117094,16,31,142,1,2442,2455,RAW;WAW,token:167
3803,71089,current_global,1574117094,16,31,150,2,1617,2784,RAW;WAW,edge:181:214;token:139
3803,71089,current_global,1574117094,16,31,151,2,2450,2498,RAW;WAW,token:141
3803,71089,current_global,1574117094,16,31,155,2,1586,2648,RAW;WAW,edge:18:640;token:202
3803,71089,current_global,1574117094,16,31,157,1,1999,2538,RAW;WAW,token:38
3803,71089,current_global,1574117094,16,31,161,2,1652,2929,RAW;WAW,edge:58:378;token:121
3803,71089,current_global,1574117094,16,31,167,1,2202,2731,RAW,token:127
3803,71089,current_global,1574117094,16,31,170,1,2510,2803,RAW;WAW,token:110
3803,71089,current_global,1574117094,16,31,175,1,2794,2918,RAW;WAW,token:109
3803,71089,current_global,1574117094,16,31,176,1,2701,2932,RAW;WAW,token:27
3803,71089,current_global,1574117094,16,31,178,2,2615,2945,RAW;WAW,token:51
3803,71089,current_global,1574117094,16,31,180,1,2490,2959,RAW;WAW,token:29
3803,71089,current_global,1574117094,16,33,79,9,884,1771,RAW;WAR;WAW,adj:1040;adj:247;edge:1040:1453;edge:247:1040;edge:247:443;token:149;token:90
3803,71089,current_global,1574117094,16,33,84,3,1661,1729,RAW;WAW,token:46
3803,71089,current_global,1574117094,16,33,93,1,1857,1939,RAW;WAW,token:163
3803,71089,current_global,1574117094,16,33,101,1,1840,2046,RAW;WAW,token:132
3803,71089,current_global,1574117094,16,33,102,2,1093,2534,RAW;WAW,edge:247:1040;token:140
3803,71089,current_global,1574117094,16,33,108,2,1093,3057,RAW;WAW,edge:247:1040;token:170
3803,71089,current_global,1574117094,16,33,160,1,2544,2570,RAW;WAW,token:18
3803,71089,current_global,1574117094,16,33,162,1,2292,2579,RAW;WAW,token:60
3803,71089,current_global,1574117094,16,33,170,1,1093,2803,RAW,edge:247:1040
3803,71089,current_global,1574117094,16,33,180,1,1093,2959,RAW,edge:247:1040
3803,71089,current_global,1574117094,16,34,68,3,1149,2227,WAR,edge:0:556;edge:0:78
3803,71089,current_global,1574117094,16,34,133,1,2284,2388,RAW;WAW,token:111
3803,71089,current_global,1574117094,16,34,164,1,2583,2689,RAW;WAW,token:103
3803,71089,current_global,1574117094,16,34,179,1,2710,2949,RAW;WAW,token:23
3803,71089,current_global,1574117094,16,35,76,14,825,2418,RAW;WAR;WAW,edge:407:838;token:136;token:61
3803,71089,current_global,1574117094,16,35,131,1,2279,2382,RAW;WAW,token:78
3803,71089,current_global,1574117094,16,36,90,1,1846,1865,RAW;WAW,token:54
3803,71089,current_global,1574117094,16,37,75,1,1604,1648,RAW;WAW,token:108
3803,71089,current_global,1574117094,16,37,92,1,1807,1907,RAW;WAW,token:75
3803,71089,current_global,1574117094,16,37,135,1,1823,2403,RAW;WAW,token:106
3803,71089,current_global,1574117094,16,37,174,1,2724,2906,RAW;WAW,token:118
3803,71089,current_global,1574117094,16,38,109,1,2368,2702,RAW;WAW,token:187
3803,71089,current_global,1574117094,16,38,132,4,2057,2386,RAW;WAW,edge:383:1410;token:96
3803,71089,current_global,1574117094,16,38,137,1,2168,2421,RAW;WAW,token:58
3803,71089,current_global,1574117094,16,38,147,2,2057,2466,RAW;WAW,edge:383:1410;token:10
3803,71089,current_global,1574117094,16,39,124,1,2119,2311,RAW;WAW,token:2
3803,71089,current_global,1574117094,16,39,125,1,2309,2326,RAW;WAW,token:113
3803,71089,current_global,1574117094,16,40,68,2,2068,2227,RAW;WAR;WAW,edge:0:556;token:67
3803,71089,current_global,1574117094,16,41,96,1,1866,1977,RAW;WAW,token:62
3803,71089,current_global,1574117094,16,41,118,1,2086,2244,RAW;WAW,token:160
3803,71089,current_global,1574117094,16,42,91,1,1588,1903,RAW;WAW,token:16
3803,71089,current_global,1574117094,16,43,69,2,1853,2289,RAW;WAW,token:59
3803,71089,current_global,1574117094,16,44,89,1,1777,1830,RAW;WAW,token:129
3803,71089,current_global,1574117094,16,44,100,1,1884,2045,RAW;WAW,token:151
3803,71089,current_global,1574117094,16,44,149,1,2423,2479,RAW;WAW,token:206
3803,71089,current_global,1574117094,16,44,159,2,2094,2569,RAW;WAR;WAW,token:104
3803,71089,current_global,1574117094,16,44,165,1,2141,2708,RAW;WAW,token:179
3803,71089,current_global,1574117094,16,44,168,1,2474,2752,RAW;WAW,token:147
3803,71089,current_global,1574117094,16,44,177,1,2390,2941,RAW;WAW,token:184
3803,71089,current_global,1574117094,16,47,98,4,864,2258,WAR,edge:402:699
3803,71089,current_global,1574117094,16,47,122,1,2152,2307,RAW;WAW,token:66
3803,71089,current_global,1574117094,16,48,120,1,2166,2274,RAW;WAW,token:30
3803,71089,current_global,1574117094,16,49,113,1,1983,2201,RAW;WAW,token:22
3803,71089,current_global,1574117094,16,49,140,1,2286,2439,RAW;WAW,token:123
3803,71089,current_global,1574117094,16,52,173,2,2834,2884,RAW;WAW,token:36
3803,71089,current_global,1574117094,16,53,98,2,862,2258,WAR,edge:402:699
3803,71089,current_global,1574117094,16,54,138,1,2419,2425,RAW;WAW,token:12
3803,71089,current_global,1574117094,16,54,143,1,2426,2456,RAW;WAW,token:185
3803,71089,current_global,1574117094,16,54,145,1,2435,2458,RAW;WAW,token:195
3803,71089,current_global,1574117094,16,55,181,1,2669,3032,RAW;WAW,token:5
3803,71089,current_global,1574117094,16,56,69,1,2155,2793,RAW;WAW,token:25
3803,71089,current_global,1574117094,16,56,171,1,2839,2866,RAW;WAW,token:158
3803,71089,current_global,1574117094,16,58,148,1,2300,2472,RAW;WAW,token:33
3803,71089,current_global,1574117094,16,58,156,1,2514,2536,RAW;WAW,token:190
3803,71089,current_global,1574117094,16,64,68,2,1458,2394,WAR,edge:0:118;edge:0:556
3803,71089,current_global,1574117094,16,66,79,2,2684,2765,RAW;WAR;WAW,token:14
3803,71089,current_global,1574117094,16,67,182,1,2246,2335,RAW;WAW,token:137
3803,71089,current_global,1574117094,16,68,183,3,2220,2672,RAW;WAR;WAW,edge:314:470;token:174
3803,71089,current_global,1574117094,16,68,184,1,2642,2875,RAW;WAW,token:221
3803,71089,current_global,1574117094,16,68,185,1,2877,2957,RAW;WAW,token:67
3803,71089,current_global,1574117094,16,68,186,2,2600,2963,RAW;WAW,edge:0:886;token:197
3803,71089,current_global,1574117094,16,79,187,1,3026,3039,RAW,token:204
3803,71089,exposure_matched_local,1674117094,16,0,24,1,463,607,RAW;WAW,token:63
3803,71089,exposure_matched_local,1674117094,16,0,33,2,455,535,RAW;WAR;WAW,token:14
3803,71089,exposure_matched_local,1674117094,16,1,28,1,415,476,RAW;WAW,token:28
3803,71089,exposure_matched_local,1674117094,16,2,21,1,257,278,RAW;WAW,token:46
3803,71089,exposure_matched_local,1674117094,16,2,25,1,386,410,RAW;WAW,token:41
3803,71089,exposure_matched_local,1674117094,16,2,29,1,479,513,RAW;WAW,token:19
3803,71089,exposure_matched_local,1674117094,16,2,36,1,395,545,RAW;WAW,token:48
3803,71089,exposure_matched_local,1674117094,16,3,27,1,1179,1197,RAW;WAW,token:24
3803,71089,exposure_matched_local,1674117094,16,3,77,1,978,2812,WAR,edge:141:753
3803,71089,exposure_matched_local,1674117094,16,4,39,1,587,635,RAW;WAW,token:22
3803,71089,exposure_matched_local,1674117094,16,4,45,1,761,767,RAW;WAW,token:21
3803,71089,exposure_matched_local,1674117094,16,4,66,1,530,1532,RAW,edge:207:315
3803,71089,exposure_matched_local,1674117094,16,5,24,8,204,2533,RAW;WAR;WAW,edge:15:135;edge:671:1493;token:60;token:61;token:64;token:65
3803,71089,exposure_matched_local,1674117094,16,5,26,1,429,432,RAW;WAW,token:34
3803,71089,exposure_matched_local,1674117094,16,5,40,1,640,654,RAW;WAW,token:10
3803,71089,exposure_matched_local,1674117094,16,5,54,1,1260,1271,RAW;WAW,token:42
3803,71089,exposure_matched_local,1674117094,16,5,62,2,211,2630,RAW,edge:671:1493
3803,71089,exposure_matched_local,1674117094,16,6,50,1,873,900,RAW;WAW,token:33
3803,71089,exposure_matched_local,1674117094,16,6,114,1,347,2552,WAR,edge:76:82
3803,71089,exposure_matched_local,1674117094,16,7,22,1,235,290,RAW;WAW,token:44
3803,71089,exposure_matched_local,1674117094,16,7,24,4,202,2533,RAW;WAR;WAW,adj:15;edge:15:135;token:26
3803,71089,exposure_matched_local,1674117094,16,7,40,1,215,1803,RAW;WAW,adj:13
3803,71089,exposure_matched_local,1674117094,16,7,58,1,215,2658,RAW,edge:13:423
3803,71089,exposure_matched_local,1674117094,16,8,42,1,666,689,RAW;WAW,token:16
3803,71089,exposure_matched_local,1674117094,16,8,47,1,855,874,RAW;WAW,token:79
3803,71089,exposure_matched_local,1674117094,16,8,52,1,1047,1082,RAW;WAW,token:35
3803,71089,exposure_matched_local,1674117094,16,8,53,1,700,1258,RAW;WAW,token:71
3803,71089,exposure_matched_local,1674117094,16,8,86,1,855,1853,WAR,edge:465:943
3803,71089,exposure_matched_local,1674117094,16,9,40,2,726,844,RAW;WAW,token:12;token:66
3803,71089,exposure_matched_local,1674117094,16,9,43,1,638,695,RAW;WAW,token:70
3803,71089,exposure_matched_local,1674117094,16,10,30,2,261,1566,RAW;WAR;WAW,edge:19:328;token:38
3803,71089,exposure_matched_local,1674117094,16,10,51,1,971,987,RAW;WAW,token:30
3803,71089,exposure_matched_local,1674117094,16,11,27,60,37,628,RAW;WAR;WAW,adj:1002;adj:112;adj:1204;adj:42;edge:1002:1090;edge:1002:1204;edge:112:1002;edge:112:1382;edge:42:112;edge:516:1002;edge:7:274;token:15;token:25;token:36;token:40;token:45;token:49;token:50;token:53;token:56;token:67;token:84
3803,71089,exposure_matched_local,1674117094,16,11,31,2,425,1743,RAW;WAW,edge:7:274;token:43
3803,71089,exposure_matched_local,1674117094,16,11,32,1,520,531,RAW;WAW,token:37
3803,71089,exposure_matched_local,1674117094,16,11,35,1,505,542,RAW;WAW,token:62
3803,71089,exposure_matched_local,1674117094,16,11,37,6,425,880,RAW;WAW,edge:7:274;token:2
3803,71089,exposure_matched_local,1674117094,16,11,45,2,425,1327,RAW,edge:7:274
3803,71089,exposure_matched_local,1674117094,16,11,55,1,962,1324,RAW;WAW,token:47
3803,71089,exposure_matched_local,1674117094,16,11,77,26,37,2008,RAW;WAR;WAW,adj:274;adj:516;adj:7;adj:9;edge:141:753;edge:42:1002;edge:462:580;edge:516:1002;edge:516:1382;edge:753:1007;edge:7:274;edge:9:274
3803,71089,exposure_matched_local,1674117094,16,11,130,1,425,3050,RAW,edge:7:274
3803,71089,exposure_matched_local,1674117094,16,12,24,1,355,907,WAR,edge:156:193
3803,71089,exposure_matched_local,1674117094,16,12,48,1,831,892,RAW;WAW,token:5
3803,71089,exposure_matched_local,1674117094,16,13,46,1,630,815,RAW;WAW,token:31
3803,71089,exposure_matched_local,1674117094,16,14,49,1,891,896,RAW;WAW,token:23
3803,71089,exposure_matched_local,1674117094,16,15,56,1,2009,2253,RAW;WAW,token:8
3803,71089,exposure_matched_local,1674117094,16,16,23,4,279,360,RAW;WAR;WAW,token:29;token:39;token:52
3803,71089,exposure_matched_local,1674117094,16,17,34,1,491,536,RAW;WAW,token:32
3803,71089,exposure_matched_local,1674117094,16,18,23,1,540,2179,WAR,edge:18:162
3803,71089,exposure_matched_local,1674117094,16,18,30,1,1096,1148,RAW;WAW,token:51
3803,71089,exposure_matched_local,1674117094,16,18,38,1,564,633,RAW;WAW,token:18
3803,71089,exposure_matched_local,1674117094,16,19,24,5,836,1092,RAW;WAW,adj:402;adj:602;adj:699;edge:402:699;edge:602:699;token:27
3803,71089,exposure_matched_local,1674117094,16,20,41,1,622,660,RAW;WAW,token:55
3803,71089,exposure_matched_local,1674117094,16,20,44,1,729,736,RAW;WAW,token:1
3803,71089,exposure_matched_local,1674117094,16,21,103,1,2117,2156,RAW;WAW,token:46
3803,71089,exposure_matched_local,1674117094,16,22,58,1,707,959,RAW;WAW,token:44
3803,71089,exposure_matched_local,1674117094,16,22,60,11,776,2772,RAW;WAR;WAW,adj:137;adj:143;edge:128:143;edge:137:143;token:57;token:58;token:89
3803,71089,exposure_matched_local,1674117094,16,22,61,1,1190,1210,RAW;WAW,token:54
3803,71089,exposure_matched_local,1674117094,16,22,65,1,1251,1332,RAW;WAW,token:94
3803,71089,exposure_matched_local,1674117094,16,22,70,1,1369,1417,RAW;WAW,token:103
3803,71089,exposure_matched_local,1674117094,16,23,72,1,2179,2802,RAW,edge:18:1079
3803,71089,exposure_matched_local,1674117094,16,23,85,1,2179,2316,RAW;WAW,adj:1079;adj:162
3803,71089,exposure_matched_local,1674117094,16,23,101,1,2085,2115,RAW;WAW,token:29
3803,71089,exposure_matched_local,1674117094,16,23,108,1,2105,2183,RAW;WAW,token:39
3803,71089,exposure_matched_local,1674117094,16,23,109,1,1988,2185,RAW;WAW,token:104
3803,71089,exposure_matched_local,1674117094,16,23,119,1,2286,2415,RAW;WAW,token:129
3803,71089,exposure_matched_local,1674117094,16,23,122,1,2278,2460,RAW;WAW,token:52
3803,71089,exposure_matched_local,1674117094,16,24,57,1,870,902,RAW;WAW,token:26
3803,71089,exposure_matched_local,1674117094,16,24,59,1,955,1042,RAW;WAW,token:90
3803,71089,exposure_matched_local,1674117094,16,24,62,1,1114,1308,RAW;WAW,token:83
3803,71089,exposure_matched_local,1674117094,16,24,64,1,1125,1326,RAW;WAW,token:59
3803,71089,exposure_matched_local,1674117094,16,24,75,6,907,2046,RAW;WAR;WAW,adj:156;adj:38;edge:38:156;token:139;token:77
3803,71089,exposure_matched_local,1674117094,16,24,91,1,1855,1879,RAW;WAW,token:88
3803,71089,exposure_matched_local,1674117094,16,24,92,1,1714,1897,RAW;WAW,token:61
3803,71089,exposure_matched_local,1674117094,16,24,96,1,1858,1947,RAW;WAW,token:60
3803,71089,exposure_matched_local,1674117094,16,24,115,1,2074,2252,RAW;WAW,token:124
3803,71089,exposure_matched_local,1674117094,16,24,118,4,1408,2367,RAW;WAW,edge:402:699;token:27
3803,71089,exposure_matched_local,1674117094,16,24,126,1,2420,2506,RAW;WAW,token:63
3803,71089,exposure_matched_local,1674117094,16,24,128,1,2455,2550,RAW;WAW,token:64
3803,71089,exposure_matched_local,1674117094,16,24,138,1,2804,2845,RAW;WAW,token:65
3803,71089,exposure_matched_local,1674117094,16,24,146,1,2923,3013,RAW;WAW,token:99
3803,71089,exposure_matched_local,1674117094,16,24,148,1,1599,2857,RAW,edge:193:883
3803,71089,exposure_matched_local,1674117094,16,25,87,1,1580,1744,RAW;WAW,token:41
3803,71089,exposure_matched_local,1674117094,16,25,141,1,2750,2884,RAW,token:107
3803,71089,exposure_matched_local,1674117094,16,26,110,3,1815,2242,RAW;WAR;WAW,edge:372:721;token:34
3803,71089,exposure_matched_local,1674117094,16,27,66,1,1218,1334,RAW;WAW,token:53
3803,71089,exposure_matched_local,1674117094,16,27,68,2,1320,1393,RAW;WAW,edge:217:1204;token:50
3803,71089,exposure_matched_local,1674117094,16,27,73,1,1367,1447,RAW;WAW,token:110
3803,71089,exposure_matched_local,1674117094,16,27,77,52,486,2008,RAW;WAR;WAW,adj:1002;adj:1090;adj:1382;adj:42;edge:112:1002;edge:141:753;edge:26:40;edge:42:1002;edge:42:1090;edge:462:580;edge:516:1382;edge:666:1382;edge:753:1007;edge:7:68;edge:9:274;token:112;token:126;token:15;token:40;token:45;token:49;token:67;token:76;token:97
3803,71089,exposure_matched_local,1674117094,16,27,95,1,1860,1943,RAW;WAW,token:101
3803,71089,exposure_matched_local,1674117094,16,27,102,1,1937,2118,RAW;WAW,token:56
3803,71089,exposure_matched_local,1674117094,16,27,105,2,1915,2174,RAW,edge:42:1090
3803,71089,exposure_matched_local,1674117094,16,27,112,1,1801,2220,RAW;WAW,token:117
3803,71089,exposure_matched_local,1674117094,16,27,113,1,2154,2231,RAW;WAW,token:36
3803,71089,exposure_matched_local,1674117094,16,27,120,1,2396,2428,RAW;WAW,token:114
3803,71089,exposure_matched_local,1674117094,16,27,124,1,2463,2478,RAW;WAW,token:25
3803,71089,exposure_matched_local,1674117094,16,27,129,1,2329,2560,RAW;WAW,token:84
3803,71089,exposure_matched_local,1674117094,16,27,135,1,2583,2781,RAW;WAW,token:151
3803,71089,exposure_matched_local,1674117094,16,27,136,2,2615,2787,RAW;WAW,token:150
3803,71089,exposure_matched_local,1674117094,16,27,142,3,1615,2915,RAW;WAW,edge:217:1204;token:159
3803,71089,exposure_matched_local,1674117094,16,27,143,1,2863,2927,RAW;WAW,token:108
3803,71089,exposure_matched_local,1674117094,16,28,69,1,1397,1414,RAW;WAW,token:28
3803,71089,exposure_matched_local,1674117094,16,28,72,1,1371,1443,RAW;WAW,token:119
3803,71089,exposure_matched_local,1674117094,16,29,121,1,2348,2458,RAW;WAW,token:19
3803,71089,exposure_matched_local,1674117094,16,30,63,1,1304,1321,RAW;WAW,token:109
3803,71089,exposure_matched_local,1674117094,16,30,71,1,1359,1436,RAW;WAW,token:38
3803,71089,exposure_matched_local,1674117094,16,30,82,1,1531,1617,RAW;WAW,token:105
3803,71089,exposure_matched_local,1674117094,16,30,85,2,1566,1692,RAW;WAW,token:51;token:92
3803,71089,exposure_matched_local,1674117094,16,30,108,1,1566,2183,RAW,edge:19:842
3803,71089,exposure_matched_local,1674117094,16,30,126,1,1566,2877,WAW,adj:19
3803,71089,exposure_matched_local,1674117094,16,31,76,1,1351,1476,RAW;WAW,token:87
3803,71089,exposure_matched_local,1674117094,16,31,77,9,719,2812,WAR,edge:141:753;edge:42:1002;edge:753:1007
3803,71089,exposure_matched_local,1674117094,16,31,130,1,2502,2582,RAW;WAW,token:78
3803,71089,exposure_matched_local,1674117094,16,32,77,8,1560,2623,RAW;WAR;WAW,edge:26:40;edge:462:580;edge:68:764;edge:7:68;token:100;token:111;token:128
3803,71089,exposure_matched_local,1674117094,16,32,127,1,2391,2512,RAW;WAW,token:37
3803,71089,exposure_matched_local,1674117094,16,32,147,2,2682,3023,RAW;WAR;WAW,token:91
3803,71089,exposure_matched_local,1674117094,16,33,114,1,2450,2517,RAW;WAW,token:134
3803,71089,exposure_matched_local,1674117094,16,33,123,1,2427,2474,RAW;WAW,token:14
3803,71089,exposure_matched_local,1674117094,16,34,79,1,1354,1565,RAW;WAW,token:85
3803,71089,exposure_matched_local,1674117094,16,34,80,1,1514,1568,RAW;WAW,token:80
3803,71089,exposure_matched_local,1674117094,16,34,93,2,1852,1898,RAW;WAR;WAW,token:81
3803,71089,exposure_matched_local,1674117094,16,34,107,1,1864,2181,RAW;WAW,token:141
3803,71089,exposure_matched_local,1674117094,16,34,117,1,2202,2266,RAW;WAW,token:32
3803,71089,exposure_matched_local,1674117094,16,35,77,3,1946,2834,WAR,edge:753:1007
3803,71089,exposure_matched_local,1674117094,16,35,84,1,1572,1659,RAW;WAW,token:73
3803,71089,exposure_matched_local,1674117094,16,36,74,1,1457,1464,RAW;WAW,token:115
3803,71089,exposure_matched_local,1674117094,16,36,78,3,1450,1524,RAW;WAW,edge:161:741;token:86
3803,71089,exposure_matched_local,1674117094,16,36,89,1,1752,1799,RAW;WAW,token:48
3803,71089,exposure_matched_local,1674117094,16,37,67,1,1315,1390,RAW;WAW,token:98
3803,71089,exposure_matched_local,1674117094,16,37,77,7,1681,1956,RAW;WAR;WAW,token:120;token:2;token:68;token:69;token:93
3803,71089,exposure_matched_local,1674117094,16,37,81,1,1507,1579,RAW;WAW,token:74
3803,71089,exposure_matched_local,1674117094,16,37,83,1,1554,1634,RAW;WAW,token:72
3803,71089,exposure_matched_local,1674117094,16,37,88,1,1735,1770,RAW;WAW,token:136
3803,71089,exposure_matched_local,1674117094,16,37,111,1,2022,2204,RAW;WAW,token:75
3803,71089,exposure_matched_local,1674117094,16,37,133,1,2578,2639,RAW;WAW,token:82
3803,71089,exposure_matched_local,1674117094,16,38,97,1,1990,1997,RAW;WAW,token:18
3803,71089,exposure_matched_local,1674117094,16,39,104,1,2143,2172,RAW;WAW,token:121
3803,71089,exposure_matched_local,1674117094,16,39,116,1,2193,2255,RAW;WAW,token:22
3803,71089,exposure_matched_local,1674117094,16,40,99,9,945,2643,RAW;WAR;WAW,adj:1089;adj:1147;adj:71;edge:1089:1147;edge:71:1089;edge:71:1147;token:10;token:12
3803,71089,exposure_matched_local,1674117094,16,40,139,1,2827,2865,RAW;WAW,token:66
3803,71089,exposure_matched_local,1674117094,16,41,114,3,1840,2552,RAW;WAR;WAW,edge:76:82;token:55
3803,71089,exposure_matched_local,1674117094,16,42,140,1,2697,2871,RAW;WAW,token:16
3803,71089,exposure_matched_local,1674117094,16,42,145,1,2806,3008,RAW;WAW,token:113
3803,71089,exposure_matched_local,1674117094,16,43,134,2,1785,2823,RAW;WAW,edge:309:938;token:70
3803,71089,exposure_matched_local,1674117094,16,44,125,1,2165,2480,RAW;WAW,token:1
3803,71089,exposure_matched_local,1674117094,16,45,77,5,866,3070,RAW;WAR;WAW,edge:7:68;edge:9:274;token:143;token:21
3803,71089,exposure_matched_local,1674117094,16,45,98,1,1967,2004,RAW;WAW,token:116
3803,71089,exposure_matched_local,1674117094,16,45,100,1,2043,2114,RAW;WAW,token:106
3803,71089,exposure_matched_local,1674117094,16,46,71,1,1372,2883,RAW,edge:72:1224
3803,71089,exposure_matched_local,1674117094,16,46,94,1,1905,1919,RAW;WAW,token:102
3803,71089,exposure_matched_local,1674117094,16,46,144,1,2924,2960,RAW;WAW,token:31
3803,71089,exposure_matched_local,1674117094,16,47,86,5,874,1853,RAW;WAR;WAW,edge:465:943;token:135;token:79
3803,71089,exposure_matched_local,1674117094,16,47,90,1,1767,1830,RAW;WAW,token:131
3803,71089,exposure_matched_local,1674117094,16,49,106,1,2099,2176,RAW;WAW,token:95
3803,71089,exposure_matched_local,1674117094,16,49,132,1,2493,2631,RAW;WAW,token:96
3803,71089,exposure_matched_local,1674117094,16,50,137,1,2586,2800,RAW;WAW,token:33
3803,71089,exposure_matched_local,1674117094,16,53,86,2,1966,2089,RAW;WAW,token:132;token:71
3803,71089,exposure_matched_local,1674117094,16,55,77,6,1324,2834,RAW;WAR;WAW,edge:141:753;edge:753:1007;token:127;token:199
3803,71089,exposure_matched_local,1674117094,16,55,105,1,1842,2174,RAW;WAW,token:47
3803,71089,exposure_matched_local,1674117094,16,55,131,1,2537,2584,RAW;WAW,token:125
3803,71089,exposure_matched_local,1674117094,16,57,148,1,2243,2274,RAW;WAW,token:26
3803,71089,exposure_matched_local,1674117094,16,60,152,1,2594,3020,RAW;WAW,token:123
3803,71089,exposure_matched_local,1674117094,16,61,149,1,2581,2635,RAW;WAW,token:54
3803,71089,exposure_matched_local,1674117094,16,71,150,1,2906,2913,RAW;WAW,token:193
3803,71089,exposure_matched_local,1674117094,16,71,154,2,2766,3067,RAW;WAR;WAW,token:38
3803,71089,exposure_matched_local,1674117094,16,81,151,1,2976,2989,RAW;WAW,token:166
3803,71089,exposure_matched_local,1674117094,16,105,153,1,3006,3046,RAW;WAW,token:197
