stage,target_nodes,growth_seed,run_offset,arm,run_seed,null_family,null_replicate,null_seed,null_edge_sha256,comparable_pairs,leave_one_out_js,mean_open_volume,tail_mass_ge_8,prob_open_0,prob_open_1,prob_open_2_3,prob_open_4_7,prob_open_8_15,prob_open_16_31,prob_open_32_63,prob_open_64_127,prob_open_128_plus
v16h,1536,4001,81013,current_global,1840091013,degree_depth_global_age_bin_double_edge_swap,0,17466526809564155810,3a0082b7e4584f6e85b606115635f4a253e86d63c3688bf1959ee1954efe824a,211279,0.00018106375138266542,18.874966276818803,0.8003019703803975,0.01571381916801954,0.018345410570856546,0.04591559028583059,0.11972320959489585,0.2713095007075952,0.3904978724814108,0.12435215994017389,0.012807709237548455,0.0013347280136691295
v16h,1536,4001,81013,current_global,1840091013,degree_depth_global_age_bin_double_edge_swap,1,2368970834420227997,1c84f58fbfa65cf55d4bc96ee68423e9e0c8bac9919286bd3a6cd9e6459e9d7e,215141,0.0001326435130538492,19.240800219391005,0.8040773260326949,0.015427092000130148,0.01796496251295662,0.044858952965729455,0.11767166648848894,0.2678197089350705,0.39072050422746013,0.1297985971990462,0.014650856879906665,0.0010876587912113452
v16h,1536,4001,81013,current_global,1840091013,degree_depth_global_age_bin_double_edge_swap,2,6939045647440926250,c77c3d3bdaa64ac75db58987c93e4d84dce1978f28c330a57233af800dd27741,198413,0.0003467547530904342,19.203590490542453,0.8051488561737385,0.016722694581504237,0.019222530781753212,0.046448569398174516,0.11245734906482942,0.26089016344695154,0.4017125893968641,0.1279452455232268,0.012947740319434714,0.0016531174872614193
v16h,1536,4001,81013,current_global,1840091013,degree_depth_global_age_bin_double_edge_swap,3,10265575642805244095,4eef5c356fe6d231fd8635764f50e78e54e4e5c0a3f20ba284715c5d28dc3152,214942,0.0003374354055275105,19.696280857161465,0.8090042895292683,0.015422765211080198,0.017748974141861527,0.043904867359566765,0.11391910375822314,0.2759628178764504,0.38159596542323043,0.12889988927245488,0.019730904150887216,0.0028147128062454055
v16h,1536,4001,81013,current_global,1840091013,degree_depth_global_age_bin_double_edge_swap,4,6370897229376143072,0cc1d319c203553bf7551114ba20a15bcf7e8c85b28370beb10cb8426c96fa69,207147,0.00023140343766966015,19.726257198993952,0.8083438331233376,0.015978990765012285,0.01836377065562137,0.04446600723157951,0.11284739822444931,0.26470574036795125,0.3930590353710167,0.12917879573443014,0.019136169000757916,0.002264092649181499
v16h,1536,4001,81013,current_global,1840091013,degree_depth_global_age_bin_double_edge_swap,5,6747057556435050314,10f16b80535af0b22c218f8a57898af95dae100579cf1cb13c9382192680de0b,202597,0.00028466950857052264,19.26836034097247,0.7955102987704655,0.01631317344284466,0.01877619115781576,0.04720208097849425,0.12219825565037981,0.2750238157524544,0.3774093397236879,0.12384191276277536,0.01607131398786754,0.003163916543680311
v16h,1536,4001,81013,current_global,1840091013,degree_depth_global_age_bin_double_edge_swap,6,1212508249106204463,3c52ac29bcfff5bdace3bc22b28edf17da037e70eac618e42619d911e64d1362,203888,0.0003155056427409062,18.624342776426275,0.7991544377305188,0.016229498548222553,0.01863768343404222,0.04621164560935415,0.11976673467786235,0.28319959978027154,0.38359295299380053,0.11677980067488032,0.014262732480577573,0.0013193518009887782
v16h,1536,4001,81013,current_global,1840091013,degree_depth_global_age_bin_double_edge_swap,7,9894952637493347816,dec60c8d4f0c704810edc4a192e7fe7eea64ccd86a32982737f2699a7af6805c,208377,0.00037460496781547843,19.35215018932032,0.8011632761773133,0.01590866554370204,0.018279368644332147,0.04528330861851356,0.11936538101613901,0.2685085206140793,0.37895737053513584,0.13634902124514703,0.016599720698541584,0.0007486430844095078
v16h,1536,4001,81013,current_global,1840091013,degree_depth_global_age_bin_double_edge_swap,8,6324137960332827126,3b926d98fe10ac109ce0a9c8c7d7ece3688abc5e84fca0c01260f48428eb7c58,204577,0.0004242763318625544,19.91000943410061,0.804518592021586,0.01621883202901597,0.018726445299324948,0.04544499137244167,0.1150911392776314,0.2683195080580906,0.38074172560942826,0.13173523905424364,0.021141184004066928,0.00258093529575661
v16h,1536,4001,81013,current_global,1840091013,degree_depth_global_age_bin_double_edge_swap,9,9525270281319425814,2f2ee8d7292dd2fff6d2b5905080431950b1ce7d5717cc605edcb8ea9df40f33,211852,0.001528069086523243,20.527448407378735,0.8070256594226158,0.01565243660668769,0.018125861450446538,0.04517776560995412,0.11401827691029587,0.2538092630704454,0.3778581273719389,0.15272454354927026,0.019933727319071805,0.002699998111889432
v16h,1536,4001,81013,current_global,1840091013,degree_depth_global_age_bin_double_edge_swap,10,3851694293042290851,751eb49c8569d2991d6e0db916b352d607ecf783376a1f7a3f52cff7734852f2,200450,0.0006673885145595026,19.879870291843353,0.8038413569468695,0.016557745073584436,0.019037166375654776,0.04589174357695186,0.11467198802693938,0.2747468196557745,0.3733200299326515,0.13317535545023695,0.01840858069343976,0.004190571214766774
v16h,1536,4001,81013,current_global,1840091013,degree_depth_global_age_bin_double_edge_swap,11,12983752663327454298,09ea48f99fa5361fedd14b2a36b54c01f5ef2f4853f46f4c33c342c5f45dd715,201475,0.00021527617837552762,19.14746742772056,0.8000694875294702,0.01648343466931381,0.01914877776399057,0.046968606526864375,0.11732969351036109,0.27776647226703066,0.38444472018860903,0.11848120114158084,0.016696860652686437,0.0026802332795632213
v16h,1536,4001,81013,current_global,1840091013,degree_depth_global_age_bin_double_edge_swap,12,12599545747573795103,2278f537fac08adbcb1fc43a2bc5b51f0abc5749d86c1bd829e928b3529f8cff,191331,0.0012297020386296863,18.178753050995397,0.7791419059117445,0.017404393433369397,0.020420109652905173,0.051335120811577845,0.131698470190403,0.28462193789819734,0.3669243353141937,0.11134630561696746,0.014759761878629181,0.0014895652037568402
v16h,1536,4001,81013,current_global,1840091013,degree_depth_global_age_bin_double_edge_swap,13,3315345122392225740,90888de749abc4d1087f0d47d9e251b60142941520826ad9aeb8348c214e60ca,228271,0.0006716080753110391,20.17777115796575,0.8146238462178725,0.01456163945485848,0.01692286799462043,0.04209470322555209,0.11179694310709638,0.26494824134471745,0.3974968349023748,0.12763776388590753,0.02208778162797727,0.002453224456895532
v16h,1536,4001,81013,current_global,1840091013,degree_depth_global_age_bin_double_edge_swap,14,843438269437072969,47a6e4fb5f39fe0c7986880fdd84397f0552437f2d8b296f39a4e68117dbc4d1,207968,0.0003286517435486029,19.817390175411603,0.8066577550392368,0.015930335436220956,0.0183585936297892,0.045011732574242194,0.11404158332051084,0.26436278658255113,0.3863094322203416,0.13391483305123866,0.0199934605323896,0.0020772426527158024
v16h,1536,4001,81013,current_global,1840091013,degree_depth_global_age_bin_double_edge_swap,15,10858844032517342416,fd76be52967f6356457a7d3b6cff9cdd0777b87f7c8eaef9f8c82fcbb66af466,213399,0.0006595318595422376,19.03723541347429,0.8037619670195267,0.015553025084466187,0.01788668175577205,0.04479402433938303,0.11800430180085192,0.268918785936204,0.3865856915918069,0.13476164368155427,0.013191252067722904,0.00030459374223871713
v16h,1536,4001,81013,current_global,1840091013,degree_depth_global_age_bin_double_edge_swap,16,8051441745522019804,a25c0686a3f191624c2ede76f46ef505892f4f40608d0937230f6cf6c1803233,190281,0.0009811085035442671,18.480005886031712,0.8004057157572222,0.01739007047471897,0.01986535702461097,0.04690957058245437,0.11542928616099347,0.2694068246435535,0.39659766345562614,0.12315995816713177,0.011046820229029699,0.00019444926188111268
v16h,1536,4001,81013,current_global,1840091013,degree_depth_global_age_bin_double_edge_swap,17,10992339137080254174,d902c3d34716332f28986b0f1829e5e0f71406102fb0cdd767d8acf137429fb1,202246,0.00029675888064930537,18.93600367868833,0.7986264252445042,0.016346429595640952,0.018788999535219484,0.04633960622212553,0.11989853940250982,0.28331339062330035,0.3798542369193952,0.11735213551813138,0.01679637668977384,0.0013102854939034641
v16h,1536,4001,81013,current_global,1840091013,degree_depth_global_age_bin_double_edge_swap,18,624882551148037303,2c728559f77af66db958af8b87e2ac9cb1e127a55b53379e0c3e4e1901ca100d,214345,0.0006416667130575791,19.980918612517204,0.8139168163474771,0.015503044157783013,0.0179523665119317,0.043667918542536564,0.10895985444027152,0.25717884718561196,0.3977186311787072,0.1405584454967459,0.01668804963959971,0.0017728428468123819
v16h,1536,4001,81013,current_global,1840091013,degree_depth_global_age_bin_double_edge_swap,19,4675121015892694685,76713968b1b3e71f901b69e0a8a481c4ee609699c3172847a5fc144e49830e93,201477,0.00028753194453493247,19.403792988777877,0.8065387116147252,0.01643860093211632,0.018791226790154707,0.0454245397737707,0.11280692088923301,0.2699613355370588,0.3946058359018647,0.12019734262471647,0.020076733324399312,0.0016974642266859245
v16h,1536,4001,81013,current_global,1840091013,degree_depth_global_age_bin_double_edge_swap,20,13971000788950662661,2584858b627507cc25054067ef105f6ca41a51023c08481eff16e9ebc88bea3e,201983,0.0001696471516609727,18.92612744636925,0.8005871781288524,0.016362763202843803,0.018892679086853843,0.046310828139001795,0.11784655144244813,0.27915715679042297,0.3827153770366813,0.12341137620492813,0.013298148854111484,0.0020051192427085448
v16h,1536,4001,81013,current_global,1840091013,degree_depth_global_age_bin_double_edge_swap,21,15607160636843625033,8f9e13a6b5b66c6d51d0d543cbc23f273b058f8f8389c4e765180fabf22a8b43,209052,0.00014017759937219392,19.441430840173737,0.7997244704666782,0.015847731664848937,0.01835906855710541,0.04629948529552456,0.11976924401584295,0.26720146183724625,0.38286168034747337,0.12928362321336317,0.018708263972600118,0.0016694410959952547
v16h,1536,4001,81013,current_global,1840091013,degree_depth_global_age_bin_double_edge_swap,22,3358373220865620470,a495b72b207913d6e3639cfe021896683088c8716219c7425033b74e25681d9c,209835,0.0002794719985639197,19.687087473491076,0.80432244382491,0.015812424047465867,0.0182762646841566,0.0454499964257631,0.11613887101770438,0.2681249553220387,0.38908666333071223,0.12419281816665476,0.02038744728000572,0.002530559725498606
v16h,1536,4001,81013,current_global,1840091013,degree_depth_global_age_bin_double_edge_swap,23,14720677781095392692,9c4c1496f0b6c8687e660dad80060af086a1f444ad70fe8ace1142f65387e21d,210707,0.00048087335154946834,18.692772428063613,0.8079181042869957,0.015775460710844916,0.01824808857797795,0.04476832758285202,0.11329001884132943,0.27799740872396267,0.4002951966474773,0.11527381624720584,0.013288595063286933,0.0010630876050629547
v16h,1536,4001,81013,current_global,1840091013,degree_depth_global_age_bin_double_edge_swap,24,5233485526736872288,b861d170cdecbe8554c46ac09d56d583249304892ac873c9fdbf95fc1d232d8b,201353,0.0007947605940583971,18.69813213609929,0.800797604207536,0.016478522793303304,0.01918024563825719,0.04693250162649675,0.11661112573440674,0.2682155219937125,0.3987325741359702,0.12295322145684445,0.01031521755325225,0.0005810690677566264
v16h,1536,4001,81013,current_global,1840091013,degree_depth_global_age_bin_double_edge_swap,25,13152559447376952649,245eda030e11c8c47db06df9a0ac0b40d461ac5d5e2bebfbc0f015a2cac4178a,196158,0.0003059184993860757,18.60293233006046,0.7938396598660263,0.01691493591900407,0.01946899948001101,0.047528013132270924,0.12224839160268763,0.279218793013795,0.3804433161023257,0.11845043281436393,0.014580083402155405,0.001147034533386352
v16h,1536,4001,81013,current_global,1840091013,degree_depth_global_age_bin_double_edge_swap,26,3361360669746804212,bdbeb91e471b6875db994676adda07b36b970d15ed806c513a4357961d5a4a4b,190778,0.0013234986312218324,18.08397194645085,0.7918470683202465,0.017381459078090765,0.019907955843965236,0.04818165616580528,0.12268186059189215,0.27589135015567834,0.3924142196689346,0.11359276226818606,0.009476983719296775,0.00047175250815083503
v16h,1536,4001,81013,current_global,1840091013,degree_depth_global_age_bin_double_edge_swap,27,7450736620360085002,44ef9a588278dee39d765c681d25e765fc10f85d931fa86862c7ae27bd3a4e76,206845,0.0009324585506769966,18.350823080084123,0.7984287751698131,0.016055500495540137,0.01867098552055887,0.04691435616040997,0.11993038265367788,0.2776765210664991,0.3951509584471464,0.11483477966593343,0.009693248567768136,0.0010732674224660978
v16h,1536,4001,81013,current_global,1840091013,degree_depth_global_age_bin_double_edge_swap,28,10218794410332164789,037f503d58ef68d809107dcbdc615e24cd3d0d6ef2fa85101d40848cfacca335,207290,0.0002218283396331772,19.10832167494814,0.8027594191712094,0.015987264219209804,0.01838487143615225,0.04569443774422307,0.11717400742920546,0.2659510830237831,0.39091128370881373,0.13150658497756765,0.013266438323122196,0.001124029137922717
v16h,1536,4001,81013,current_global,1840091013,degree_depth_global_age_bin_double_edge_swap,29,15522063238953278750,799320c5ef8283cbd64d6caf3fbfaf9ae5ada55cf2b2e0c0cb9c4c5cdf3dff79,231611,0.0005515431843665403,19.992711917827737,0.818307420632008,0.01440346097551498,0.016881754320822413,0.04188488456938574,0.10852247950226888,0.2749264931285647,0.3857286571017784,0.1364486142713429,0.018798761716844192,0.002404894413477771
v16h,1536,4001,81013,current_global,1840091013,degree_depth_global_age_bin_double_edge_swap,30,11282886966947311949,9d0185e39943603fab4b0bff7cd767e49eb4af3c9cdc09d8d395cbc9a6f839ce,196497,8.391204210055607e-05,19.21464958752551,0.8012081609388438,0.016839951754988626,0.019415054682768693,0.04680987495992305,0.11572695766347578,0.2652763146511143,0.3944945724362204,0.12395609093268599,0.01549641979266859,0.0019847631261545977
v16h,1536,4001,81013,current_global,1840091013,degree_depth_global_age_bin_double_edge_swap,31,5376815303360095176,c4de7e73d8c31e8f65bec3061ccf5cca1b8fb5d6ce2d2192437f3d3c0c1aca5a,204064,0.00022495537564034288,19.05699682452564,0.8040369687941038,0.016254704406460718,0.018758820762113847,0.045716049866708484,0.11523345617061315,0.27980927552140505,0.388686882546652,0.11642915947937901,0.017009369609534263,0.0021022816371334485
v16h,1536,4001,81013,exposure_matched_local,1940091013,degree_depth_global_age_bin_double_edge_swap,0,3358064837115645343,537488472280a7de7aac5fdeb996fa86f056ac88f8b6e3d9d0387f65f83d60eb,332278,0.00043134225318207196,25.45166998717941,0.8699763451086139,0.01014210992000674,0.011824436164898068,0.029475318859509207,0.07858178994697211,0.2143536436357508,0.4075382661506329,0.19423494784487688,0.046217324047935764,0.007632163429417536
v16h,1536,4001,81013,exposure_matched_local,1940091013,degree_depth_global_age_bin_double_edge_swap,1,440116839969158955,ff76b0c3daf54ae6fb24841ac3f4946c6ec81e61ce3aa7b302cf348b2c4b74f9,329031,0.00025276576280967384,24.459272834474564,0.8655385054903642,0.010211803751014343,0.011834751132871978,0.029793545289045712,0.08262139433670383,0.22549547003169915,0.4006157474523677,0.19792663913126726,0.03530670362367072,0.006193945251359295
v16h,1536,4001,81013,exposure_matched_local,1940091013,degree_depth_global_age_bin_double_edge_swap,2,15184147957733442632,cba1aae6ff25315e7ce0f10b8b5d28fd77d5162fa9fcfeaea322849b13069cbe,307101,0.0007105789879584714,23.977844422518977,0.8630418005802651,0.010957307205121442,0.012767786493694257,0.031413118159823644,0.08181998756109554,0.21838092353981264,0.4070484954461236,0.20258481737278616,0.030234352867623354,0.004793211353919395
v16h,1536,4001,81013,exposure_matched_local,1940091013,degree_depth_global_age_bin_double_edge_swap,3,16508925883630084219,88dc9a7c1d588bafc01a6e29e2adb127f087eb4577ee80e885c634fe1712043b,313981,0.00024104117509213285,24.472261060382635,0.8663135667444846,0.010720393909185588,0.012398839420219694,0.03042222300075482,0.08014497692535535,0.21657042942088853,0.4133657769100678,0.19225367140049876,0.038629726002528814,0.005493963010500635
v16h,1536,4001,81013,exposure_matched_local,1940091013,degree_depth_global_age_bin_double_edge_swap,4,14308676946544387265,27d84fc0e725bf985255f3eebef9c4ddaf9061573c31ac8f2158efde6fd1dd49,345193,0.0005476048405526005,25.471324737176015,0.8762025881173721,0.009762654515010443,0.011361759942988416,0.028068355963185812,0.07460464146144331,0.20520404527322397,0.4150315910229929,0.20556905846874068,0.0441057611249359,0.006292132227478541
v16h,1536,4001,81013,exposure_matched_local,1940091013,degree_depth_global_age_bin_double_edge_swap,5,938106538359767757,ff50817395fd40540cc542d7501d511f72e41d43bbc61e70a85688d6df0a9896,314004,0.0006668332435385608,25.67793085438402,0.863046330619992,0.010741901377052521,0.01248073272951937,0.03088177220672348,0.08284926306671253,0.21934115488974662,0.38369256442593086,0.2055833683647342,0.04520961516413804,0.00921962777544235
v16h,1536,4001,81013,exposure_matched_local,1940091013,degree_depth_global_age_bin_double_edge_swap,6,16185469708407542365,fc96cb5c8beb0d9636494a61e5c47e560ed28477a7d778f56f1727e13c1dc3b1,294314,0.0022716190053859633,24.20767955313033,0.8531670256936469,0.01142317388911163,0.013295324041669781,0.033460861528843346,0.08865361484672832,0.2316029818493174,0.3969128210006999,0.16742662598449276,0.0532084780200738,0.004016118839063041
v16h,1536,4001,81013,exposure_matched_local,1940091013,degree_depth_global_age_bin_double_edge_swap,7,12499167332008329484,d418034af10443ebf5bf0ef95c5d6add35f11d70d55d77b535a850c2db43ef34,314867,0.00022037329355805322,24.515598649588558,0.8617797355708918,0.010661644440351005,0.01236077454925413,0.03107026141196124,0.0841275840275418,0.22157291808922497,0.40365297093693525,0.19297354120946306,0.03749202044037641,0.006088284894892129
v16h,1536,4001,81013,exposure_matched_local,1940091013,degree_depth_global_age_bin_double_edge_swap,8,7322410559224394721,0cbabddec41f87ae9891fbac351b91eb4852ece2285226aba5e4a8b36abbdab7,315803,0.00031379870196607864,24.16067611770629,0.8612806084806034,0.010655376928021583,0.012498297989569447,0.03153231603246327,0.08403340056934228,0.2298268224177731,0.39219386769600034,0.1982026769853358,0.035639306783026126,0.005417934598468032
v16h,1536,4001,81013,exposure_matched_local,1940091013,degree_depth_global_age_bin_double_edge_swap,9,15948424444934454110,2bd60ae57efb9365ace72841dc3f01a1b6729d724b82a81ad2b314d803193e66,300477,0.000293421629163122,24.154384528599525,0.8584716966689631,0.011192204395011932,0.013025955397584508,0.032005777480472716,0.08530436605796783,0.22793425120724714,0.39295520123004424,0.19251057485265094,0.04079180769243569,0.004279861686584997
v16h,1536,4001,81013,exposure_matched_local,1940091013,degree_depth_global_age_bin_double_edge_swap,10,17576542275993516154,05e0d5b5d4ff453dd52d53674a4191e022ad049c60eb85757f1ef06f8862409f,344340,0.00022760765264026166,25.273090550037754,0.8756200267177789,0.009757797525701342,0.011276645176279259,0.027719695649648605,0.07562583493059186,0.21741592611953303,0.40160597084277166,0.2114363710286345,0.03946099785096126,0.005700760875878492
v16h,1536,4001,81013,exposure_matched_local,1940091013,degree_depth_global_age_bin_double_edge_swap,11,12604509746632797723,ec9490085c5f20f2f82189fda0e5692e5e1d8f3f18e4cc0659cad96b2ee84913,343661,0.00034010201275563965,25.328483592842947,0.875505221715586,0.009800355582972755,0.01133093368173869,0.027946144601802357,0.0754173444179002,0.21182502524289926,0.40353138703547975,0.21312572564242088,0.04270487486214613,0.004318208932640014
v16h,1536,4001,81013,exposure_matched_local,1940091013,degree_depth_global_age_bin_double_edge_swap,12,1290559056617632086,5740ff4d7eda7c42ec6bf2c39a3a3920a1fd548dafc215d52e879dbdb86065ed,319301,0.0004626983733646765,25.470390008174107,0.86375864779628,0.01058249112906004,0.012339453994819935,0.03064506531454646,0.08267434176529356,0.22080732600273723,0.384173554107253,0.20429939148327128,0.04672393760119761,0.0077544386018208525
v16h,1536,4001,81013,exposure_matched_local,1940091013,degree_depth_global_age_bin_double_edge_swap,13,4997016662304161409,21b7a9ab404a43e871a9ff08cbc7c1d16286f71df6b7fbbd8c6969b5dd7c5cbb,320955,0.0002610108533872462,25.24575719337602,0.866647972457198,0.010456294496113162,0.012107616332507672,0.02991696655294356,0.08087115016123755,0.22170086149148635,0.3971615958623483,0.19426710909629075,0.04747706064713122,0.006041345359941425
v16h,1536,4001,81013,exposure_matched_local,1940091013,degree_depth_global_age_bin_double_edge_swap,14,3946028209627091886,b8709947596dedfcfdb2f4f680a971c7566d37705043fc6971658f105ec3b3ef,347854,0.00016213153748302536,25.192997636939637,0.8725643517107752,0.009667849155105303,0.011231723654176752,0.02824173360087853,0.0782943418790642,0.21910916648938922,0.3967871578305841,0.21117480322204144,0.03960569664284441,0.005887527525916045
v16h,1536,4001,81013,exposure_matched_local,1940091013,degree_depth_global_age_bin_double_edge_swap,15,17050747387017975485,3f2e31eea3858a851689090203d2f02baa73afabe7752e3725a600ed608dce1b,348223,0.000481669158499959,25.51420210612165,0.8730009218230846,0.009623143790042588,0.011107824583671957,0.02788155865637824,0.07838655114682258,0.2225671480631664,0.3983137242514136,0.20125034819641438,0.04181515867705465,0.009054542635035596
v16h,1536,4001,81013,exposure_matched_local,1940091013,degree_depth_global_age_bin_double_edge_swap,16,17750840323890117798,beb8917ace6229b5a9b606cb260d5ec3c6ed11e05087114cfc3b3ae1418f64f1,375051,0.001480685843280692,26.665200199439543,0.8847330096440217,0.008918787044961886,0.010262604285817128,0.025372549333290674,0.07071304969190857,0.20210318063410043,0.4108641224793428,0.21500542592874036,0.04895867495353965,0.007801605648298498
v16h,1536,4001,81013,exposure_matched_local,1940091013,degree_depth_global_age_bin_double_edge_swap,17,2023452681777670832,39c76963af29f45d6fdb6ef63d49c6343e57ac202b222bdb3c7daffe1a2ed0f7,326223,0.0004621787846812288,25.854286791550564,0.8720936292045625,0.010293572188349687,0.011853854571872614,0.028909672218083948,0.07684927181713122,0.2120359386064134,0.39296738733933534,0.2143349794465749,0.045747847331426665,0.0070074764808122055
v16h,1536,4001,81013,exposure_matched_local,1940091013,degree_depth_global_age_bin_double_edge_swap,18,15824454560058070220,1010a386d0114308246b0a6fbe3e4bf2f5a7ac9ab2e091eb948579a83651d5e8,296381,0.003459615114536064,22.382227605683227,0.8522779800324582,0.011326636997648297,0.013135119997570695,0.03291034175605049,0.09034992121627229,0.24228273742243936,0.3996949871955355,0.185015233770046,0.023321333013924646,0.001963688630512752
v16h,1536,4001,81013,exposure_matched_local,1940091013,degree_depth_global_age_bin_double_edge_swap,19,14069378607818016093,f4fd33aa8e861719fa0867fd50c68c05721f433cf8234d353070141e84188bd9,286388,0.001128941096542081,23.629893710630334,0.856048437783706,0.011725351620877969,0.013541070156570805,0.0329448161235806,0.08574032431526461,0.22556112686285737,0.4021327709261561,0.18442462673017027,0.042040867634118746,0.0018890456304035085
v16h,1536,4001,81013,exposure_matched_local,1940091013,degree_depth_global_age_bin_double_edge_swap,20,226910881502445316,1a6e7c66facdce47d7627d09b20c43b654f64fe6c818c55c2c91c180b1ef54ba,300761,0.0023786039400873803,23.186726337523815,0.8572886777208482,0.011191610614408118,0.012930532881590366,0.03182593487852481,0.0867632439046286,0.2404932820412221,0.3959156938565838,0.1803824299028132,0.03976579410229385,0.0007314778179351711
v16h,1536,4001,81013,exposure_matched_local,1940091013,degree_depth_global_age_bin_double_edge_swap,21,4058048379005691211,43bea0c09ccb3e86d1dc0168b541cba18beabf9539f753f8ca5d1ac7fa273f0e,323373,0.0009578671366425914,24.785436632000817,0.8698840039211685,0.0103935702733376,0.011998528015635196,0.02943659489196686,0.0782873028978919,0.20810952058458806,0.4029031489951233,0.21562097021087104,0.04140419886632465,0.0018461652642613948
v16h,1536,4001,81013,exposure_matched_local,1940091013,degree_depth_global_age_bin_double_edge_swap,22,8028465925186022956,af066a60d4aa6b8c1ff2c13591268423c9dbbfc0012d10014eed9445c873e1f3,328365,0.0014596281187182498,25.208968678147794,0.8718286053629345,0.010235561037260366,0.011892254046564037,0.029168760373365004,0.07687481917987606,0.20584715179754237,0.39242002040412344,0.23162943675483075,0.03957486333805369,0.0023571330683842674
v16h,1536,4001,81013,exposure_matched_local,1940091013,degree_depth_global_age_bin_double_edge_swap,23,6859049934212997443,5dd5f3f35aafe27421b37c0e12296fe1b74c09d8a3a5d7cdfd29e21f0c4ee1d4,356802,0.0017342046649766307,26.13867074736128,0.8806929333355755,0.009416987572939614,0.010793100935532873,0.02657776581969832,0.07251921233625372,0.20235592849815864,0.40401679362783843,0.21827792445109612,0.05329566538304158,0.0027466213754407205
v16h,1536,4001,81013,exposure_matched_local,1940091013,degree_depth_global_age_bin_double_edge_swap,24,1430955218048384083,9bd4b577dba75319ba3ab0e24f073fae9a294a4c6d29feac70e73d7e0964ccd9,325654,0.0006012988919024774,25.053685813777815,0.8651052958047498,0.010339194359657796,0.011975900802692428,0.029737082916223966,0.08284252611667599,0.23154329441677363,0.38251948386938284,0.19653988589116056,0.049718412793946946,0.004784218833485847
v16h,1536,4001,81013,exposure_matched_local,1940091013,degree_depth_global_age_bin_double_edge_swap,25,4802965903085623221,1c9cbccca25cbc14662182f83f0f89cdcd0d245a2aaf6486da9c0f1c5fbbe99e,336041,0.0007728934725949863,24.030856353837777,0.8712419020298119,0.010010683220202297,0.011564065099199205,0.02845188533542038,0.07873146431536628,0.2226722334477043,0.41605934990075616,0.19619332164825126,0.030811716427459744,0.005505280605640383
v16h,1536,4001,81013,exposure_matched_local,1940091013,degree_depth_global_age_bin_double_edge_swap,26,4432906923959607235,2ed7ca101d5365a53012fcfbfd319544323b84407f08323048da4e9e5ba9e250,327097,0.00037337078162626516,24.073345215639396,0.8673879613692574,0.010278296652063455,0.011874153538552784,0.02944080807833762,0.08101878036178871,0.22855911243453778,0.39636560408686106,0.2043094250329413,0.03402354653206847,0.004130273282848818
v16h,1536,4001,81013,exposure_matched_local,1940091013,degree_depth_global_age_bin_double_edge_swap,27,283973717696013392,2bf2dffadb85dc626d54ce456313c969015347f3e89f67fa16d2a413f232e2c9,305445,0.0014582829892246314,24.01616330272226,0.8527590891977279,0.011006891584409631,0.012843556123033607,0.03253940971369641,0.09085105338113245,0.23572819983957832,0.39304948517736416,0.17935798588944,0.036124343171438394,0.00849907511990702
v16h,1536,4001,81013,exposure_matched_local,1940091013,degree_depth_global_age_bin_double_edge_swap,28,14125849346837222953,bf99090e11794ffe2cabd1a9176f118b3b0d5245e04e39218deb908734d3ba40,295662,0.001338545710090956,23.584167055624327,0.8566437350758637,0.011377857147688915,0.013248236161562866,0.03251009598798628,0.08622007562689828,0.22386711853400165,0.3925259248736733,0.20886011729610163,0.0275449668878652,0.003845607484221848
v16h,1536,4001,81013,exposure_matched_local,1940091013,degree_depth_global_age_bin_double_edge_swap,29,10202301858798831948,3939f1de4aab345c02715003f908f637b6654498eafc442cd08c38e988c91af6,362961,0.001008109789946096,24.846341617969976,0.8757414708467302,0.00926545827237637,0.010786282823774454,0.027044227892252887,0.0771625601648662,0.2179765870162359,0.3963015310184841,0.2205112946018994,0.038880210270524934,0.002071847939585796
v16h,1536,4001,81013,exposure_matched_local,1940091013,degree_depth_global_age_bin_double_edge_swap,30,1865713190875394897,9cce27ac0850376a26ca80ea8deb4ac63e4238d951e427e368c51497cef42b5b,343616,0.0008673134188284865,25.86259952970758,0.8763328832184765,0.009769626559880798,0.011300405103371205,0.027757729558577016,0.07483935555969454,0.20629714565095922,0.39617188955112687,0.22077260663065748,0.04835339448686906,0.004737846898863848
v16h,1536,4001,81013,exposure_matched_local,1940091013,degree_depth_global_age_bin_double_edge_swap,31,12844897523036169074,c7ffb9452273245133c3071ec50ab1d2e79905ec37609f3047fd6a8a6fa99181,329205,0.0007096024774572714,25.946683677343906,0.8699108458255495,0.010194255858811379,0.011716103947388406,0.028863474127063683,0.0793153202411871,0.2153004966510229,0.39303473519539495,0.20252730061815585,0.05089230114973953,0.00815601221123616
v16h,1536,4001,81047,current_global,1840091047,degree_depth_global_age_bin_double_edge_swap,0,17284597348461640998,997198352ccbf24b3ddff01cc2b90323a4aa4f71aeeb985b675ef231c24c0f3a,228297,0.0009165955579247099,19.91984125941208,0.806751731297389,0.014704529625882075,0.017464092826449756,0.04431508079387815,0.1167645654564011,0.25914050556949936,0.3948759729650412,0.13015939762677564,0.021555254777767558,0.0010206003583051902
v16h,1536,4001,81047,current_global,1840091047,degree_depth_global_age_bin_double_edge_swap,1,10740756325713570412,97d4e1671992d6116db1ddd12173bfbbb18a03e8a35105a015581367331b28a6,265535,0.0006500421012672064,21.80106577287363,0.8325079556367334,0.01259720940742275,0.014924586212740317,0.03783305402301015,0.1021371947200934,0.2493456606473723,0.39761989944828363,0.15660082475003295,0.024309413071723126,0.00463215771932137
v16h,1536,4001,81047,current_global,1840091047,degree_depth_global_age_bin_double_edge_swap,2,11737838573569642651,16e5042af6ff6220c2340cbd9434f463765018b1f41b79a70efb94ade592a088,240099,0.0005964435793290414,20.873089850436696,0.8198159925697317,0.013919258305948796,0.016372413046285075,0.04136210479843731,0.10853023127959717,0.245515391567645,0.3956367998200742,0.15569410951315915,0.021678557594992067,0.0012911340738611988
v16h,1536,4001,81047,current_global,1840091047,degree_depth_global_age_bin_double_edge_swap,3,8914800269490230351,681d034114b070dd873e74da1b6987178fded937fffd01683bd616bcf5345477,216528,0.0017657183950143985,19.530282457696003,0.8018039237419641,0.015485295204315377,0.01820087933200325,0.04526897214217099,0.1192409295795463,0.2749759846301633,0.38417664228182963,0.11701950786965196,0.02368746767161753,0.0019443212887016923
v16h,1536,4001,81047,current_global,1840091047,degree_depth_global_age_bin_double_edge_swap,4,4802790047984703511,1c5255607f15cd5dddbcfffaf01f9d5bad606ae37b7fad0194f3a71ee3e8a22e,236888,0.00040644219236358743,20.792268920333658,0.8193745567525582,0.014082604437540103,0.01640859815609064,0.04096450643342001,0.10916973422039107,0.24524247745770153,0.4034100503191382,0.14662203235284185,0.022516970044915742,0.0015830265779608929
v16h,1536,4001,81047,current_global,1840091047,degree_depth_global_age_bin_double_edge_swap,5,11243870566260746683,c3c13b490b7c95a09bd8be3855a1caa3f0ce418ba409e402cf049bdd2078a2f6,217635,0.0002690723683835063,20.332611942013003,0.8074758196062214,0.01536517563810968,0.018002619064029224,0.04448273485422841,0.11467365083741127,0.2606841730420199,0.38523674960369425,0.13555264548441198,0.02324534197164978,0.0027569095044455167
v16h,1536,4001,81047,current_global,1840091047,degree_depth_global_age_bin_double_edge_swap,6,3091226195307832714,ae14aaf1209ae417cb1deb5bf21472c1cf777306bbf0fb6593e66988b19e4f22,225118,0.0010796864561537388,19.78302046038078,0.8030410717934594,0.014863316127542001,0.01761298518998925,0.045043044092431525,0.11943958279657779,0.26966746328592117,0.38443394131077924,0.12337529651116304,0.02228608996170897,0.003278280723887028
v16h,1536,4001,81047,current_global,1840091047,degree_depth_global_age_bin_double_edge_swap,7,1539172340004506003,d879b08bc095a8558c65a7c84e9340aa384c92fdba3f5760c7604b3e27c96154,256329,0.0021410822392343622,22.71836975137421,0.8323209625130203,0.013034030484260462,0.015273340121484498,0.03833354790132993,0.10103811897990474,0.2317334363259717,0.39081414900381933,0.17498215184391933,0.030023914578529935,0.004767310760780091
v16h,1536,4001,81047,current_global,1840091047,degree_depth_global_age_bin_double_edge_swap,8,4498589167336340100,29029b47139c23a86bf02d64400aba43e0f5d7dff880778c79e12ca2e6a33168,246778,0.00025093241532902377,21.296586405595313,0.8239186637382586,0.013570901782168588,0.015937401227013752,0.03993467813176215,0.10663835512079683,0.26081741484249,0.3799730932254901,0.152602744166822,0.027603757223091198,0.0029216542803653487
v16h,1536,4001,81047,current_global,1840091047,degree_depth_global_age_bin_double_edge_swap,9,3513944040056920740,1ae97d065c4c99811d3cbce8ab6d7b529d8c1dc6f69e013d888ed4c3819d937a,244882,0.001331770632313934,21.88139593763527,0.8260631651162601,0.013688225349351933,0.01607304742692399,0.039823261815895,0.104352300291569,0.24564892478826536,0.37621384993588747,0.17452487320423715,0.026927254759435155,0.0027482624284349195
v16h,1536,4001,81047,current_global,1840091047,degree_depth_global_age_bin_double_edge_swap,10,13212958742071656058,d20edc33ee432c422f6216d6e4a420fe2739643391f4a4c7d1214f00c66b33a4,244757,0.0002721155542149265,20.79406513399004,0.8233635810211761,0.01365027353660978,0.01599137103331059,0.03985585703371099,0.10713891737519254,0.25070171639626243,0.4024317997033793,0.14583852555800242,0.02232826844584629,0.0020632709176857046
v16h,1536,4001,81047,current_global,1840091047,degree_depth_global_age_bin_double_edge_swap,11,5028463660530638688,c76b52005e9d9555d50e0fa9b641cf413669740a961de96155413443456bd0f7,229932,0.0003513825524724634,21.289198545656976,0.81922046518101,0.014512986448167285,0.016961536454256042,0.04191674060156916,0.10738827131499748,0.24976079884487587,0.3971043612894247,0.14240297131325783,0.024568133187203172,0.005384200546248456
v16h,1536,4001,81047,current_global,1840091047,degree_depth_global_age_bin_double_edge_swap,12,11320554039629729971,e40597216bf93bd4686ef564012bf985b59ae2fb3a65d31a3ed49eb877a8a303,248758,0.0004935306248512194,20.988020485773323,0.8242508783637109,0.013410623979932304,0.015649747947804694,0.039355518214489585,0.1073332314940625,0.2605102147468624,0.38412834964101655,0.151918732261877,0.026503670233721126,0.0011899114802338016
v16h,1536,4001,81047,current_global,1840091047,degree_depth_global_age_bin_double_edge_swap,13,6122238796589549519,f2b65ddfc86c841ac28a48cf23c610d060f4b35c01c0d17b5e17621d44c337ed,241277,0.00025133043885239975,20.466919764420147,0.8171147685025925,0.013988071801290632,0.016570166240462206,0.041582910928103387,0.11074408252755132,0.25821773314489155,0.3936968712309918,0.1392383028635137,0.02442006490465316,0.0015417963585422564
v16h,1536,4001,81047,current_global,1840091047,degree_depth_global_age_bin_double_edge_swap,14,4441229484982416272,70b717c4260dbcad47bb01a972acd3f138117247e3e97a09dd4ae98c7cd7c189,252572,0.0007342777332461641,21.401426127995187,0.8253131780244841,0.01324770758437198,0.015595552951237667,0.03878893939153984,0.10705462204836641,0.2598546157135391,0.39064504378949366,0.1479380137149011,0.020544636776839872,0.00633086802971034
v16h,1536,4001,81047,current_global,1840091047,degree_depth_global_age_bin_double_edge_swap,15,18219959108064747373,060eaab340933de217793ae9289d4428200c1d5d00a1eff63f8534bfe2d74ecf,219422,0.00032789647566198587,20.444372031974915,0.8084467373371859,0.015240039740773486,0.017924364922387,0.044279971926242584,0.11410888607341105,0.2591399221591272,0.387431524642014,0.13265761865264195,0.02636927928831202,0.0028483925950907383
v16h,1536,4001,81047,current_global,1840091047,degree_depth_global_age_bin_double_edge_swap,16,3965818566003642104,373088be988c7b537885031d9f1e8885c2341d9d3a139acfa600fc2d2e746542,218650,0.00025622456917980224,20.496880859821633,0.8062520009147038,0.015289275097187286,0.017850445918134006,0.04436313743425566,0.11624514063571918,0.25807912188428994,0.3749828493025383,0.14715755774068146,0.02270752343928653,0.003324948547907615
v16h,1536,4001,81047,current_global,1840091047,degree_depth_global_age_bin_double_edge_swap,17,15633320524320190259,391fc6287f17f35924eb1bc50e63007c65de5b27cfc9b73e952d590b4fb95d9a,232939,0.00020547056374441776,21.328704081326013,0.8148614014827916,0.01438574047282765,0.016995865870463943,0.04235443613993363,0.11140255603398315,0.25245235877203903,0.38810160599985405,0.1419684981905134,0.027908594095449882,0.004430344424935283
v16h,1536,4001,81047,current_global,1840091047,degree_depth_global_age_bin_double_edge_swap,18,12949746790072241617,b849f8da99deb4181d3289f398979896be523c8a2f3581f07e49b757a3e58ee7,208647,0.0017206685438518347,20.01931971224125,0.8044831701390387,0.01598393458808418,0.01861517299553792,0.045258259165001175,0.11565946311233806,0.2588918124871194,0.3739473848174189,0.15562169597454073,0.014953486031431077,0.0010687908285285674
v16h,1536,4001,81047,current_global,1840091047,degree_depth_global_age_bin_double_edge_swap,19,13741601743543987645,3ff418f5b18030987ab9ab18efcf9ee324f387343fc6f2791609342950389003,240082,0.0012855348739842917,21.940536983197408,0.8149757166301513,0.013957731108537916,0.0165193558867387,0.0415233128681034,0.11302388350646862,0.2559292241817379,0.37017352404595094,0.14722886347164718,0.037170633366932965,0.00447347156388234
v16h,1536,4001,81047,current_global,1840091047,degree_depth_global_age_bin_double_edge_swap,20,8333936171274382282,c2593bf1fcf585701de1a0871081956f2c31e4fbe996aec3f6c3828be328d75b,235712,0.0003083079564422012,21.658557901167526,0.8189315775183275,0.014208016562584849,0.016706828672278035,0.04158464566929134,0.10856893157751833,0.2463642071680695,0.3945492804778713,0.1456650488732012,0.027546327721965788,0.004806713277219658
v16h,1536,4001,81047,current_global,1840091047,degree_depth_global_age_bin_double_edge_swap,21,12653892414028075958,3dcf421686b3d243d6e3b237eec83fe2ca103fa76e2cb736f3cc510bf0333228,213049,0.0005134158356858288,20.073091166820777,0.8067580697398251,0.0156583696708269,0.01839013560260785,0.045041281583109986,0.11415214340363015,0.2558472464081033,0.3852869527667344,0.14465216921928759,0.019155217813742378,0.0018164835319574371
v16h,1536,4001,81047,current_global,1840091047,degree_depth_global_age_bin_double_edge_swap,22,5604999400761804975,2fe8016f2ecbb36b58f75ee3b2bb6bbc4a9384877c561079e915f9c85e49b1b6,258278,0.0008648273137196222,20.18451436049528,0.8234460542516203,0.012970520137216487,0.015409752282424364,0.03914774003205848,0.10902593329668032,0.2679941768172279,0.4007000209077041,0.1314629972355369,0.022026653450932715,0.001262205840218679
v16h,1536,4001,81047,current_global,1840091047,degree_depth_global_age_bin_double_edge_swap,23,4806212108759132085,fcffe2f2968cb726f78bd018778a7b9f6e6b0ba85ee86f66c0290192cdb72367,245286,0.001034587433896757,22.164799458591194,0.8279681677714994,0.013588219466255718,0.01590388362972204,0.03954159634059832,0.10299813279192453,0.24174229267059677,0.3886279689831462,0.16199456960446174,0.031220697471523038,0.004382639041771646
v16h,1536,4001,81047,current_global,1840091047,degree_depth_global_age_bin_double_edge_swap,24,214282851225456530,20a616a1b3dd697c875ac869bd9778b63b97bb3b9f95893f868990be555b870a,232988,0.0002988963630459065,20.6519906604632,0.8204328119903171,0.0143612546568922,0.016713307123113638,0.04134118495373152,0.10715144127594554,0.2514292581592185,0.40132968221539306,0.14314471131560424,0.022889590880217008,0.001639569419884286
v16h,1536,4001,81047,current_global,1840091047,degree_depth_global_age_bin_double_edge_swap,25,836802426269745595,cb9a9de1415b1dcca7f0836c61711dd7bd834b8b17a2fba7448daa6ec4f1d038,247674,0.000429432496509736,21.774506003859912,0.8266148243255247,0.013521806891316811,0.01579495627316553,0.0391563103111348,0.10491210219885817,0.2558282258129638,0.38588224843948093,0.1505244797596841,0.030899488844206496,0.0034803814691893374
v16h,1536,4001,81047,current_global,1840091047,degree_depth_global_age_bin_double_edge_swap,26,9343452512050177931,37653bc98d154290443a7c605b66b1c586a0b54c2e91c171e76ec8ca4df06869,262380,0.000489111310639075,21.541356048479305,0.829979419163046,0.012729628782681607,0.015027822242548975,0.037575272505526336,0.10468785730619712,0.24799146276393016,0.39928348197271135,0.15381507736870187,0.024647457885509566,0.004241939172193002
v16h,1536,4001,81047,current_global,1840091047,degree_depth_global_age_bin_double_edge_swap,27,3060288288712673259,b8d59aa693cbb9c6a0aaa1343c66560b62bf9c2d2044cf3d9d4cb7f33ab55a61,230413,0.0005310632316693148,20.237360739194404,0.8084092477420979,0.014534770173557915,0.017038969155386198,0.042957645618953794,0.11705936731000421,0.26775832960813845,0.38070334573136067,0.13329109034646483,0.024833668239205253,0.0018228138169287323
v16h,1536,4001,81047,current_global,1840091047,degree_depth_global_age_bin_double_edge_swap,28,7212082326795147254,764e0c4ccea97fa2bab330b42ea637da03cfa1c69aa18a853241baef0244fd1a,238732,0.0001605710562588548,20.915176851029607,0.816157867399427,0.01404084915302515,0.01671749074275757,0.04187959720523432,0.11120419549955599,0.25598160280146776,0.3795804500444013,0.1530796039073103,0.02519142804483689,0.002324782601410787
v16h,1536,4001,81047,current_global,1840091047,degree_depth_global_age_bin_double_edge_swap,29,13574105794321384360,cfc89f495881c5d9a7908c76a1270355aface63097119c8a35d1bcf080c596ac,217839,0.000789748540042196,19.819421682986057,0.8047824310614721,0.015369148775012739,0.018063799411491974,0.04528573855003007,0.11649888220199321,0.25910420080885427,0.3916057271654754,0.13135388979934723,0.021437850889877385,0.0012807623979177282
v16h,1536,4001,81047,current_global,1840091047,degree_depth_global_age_bin_double_edge_swap,30,16058216420924772206,42c39a1e91d7eecd4c8a4e0bd85b40d3543b2c34ccb5b34b61567414f63cf85e,221436,0.0007592361208534701,20.57526328148991,0.8069284127242182,0.015119492765403999,0.01784262721508698,0.04447334670062682,0.11563612059466392,0.2648756299788652,0.38038078722520274,0.13415614443902527,0.02182571939522029,0.005690131685904731
v16h,1536,4001,81047,current_global,1840091047,degree_depth_global_age_bin_double_edge_swap,31,1055331147916644327,2d3d8860ea2671ca4f757eb2851614a91db3846b8935a919f5177a389a1a0ce7,228123,0.0001363992446743252,21.19636336537745,0.8151961880213745,0.01459300465099968,0.01710042389412729,0.04241571432955028,0.1106946691039483,0.25132055952271365,0.3920428891431377,0.14104671602600352,0.026735576859851923,0.004050446469667679
v16h,1536,4001,81047,exposure_matched_local,1940091047,degree_depth_global_age_bin_double_edge_swap,0,3396237771459257883,e81094cbb3164398ea47c5717fefff5bd7f38c5a736d768d6ab19c7927363ada,227683,0.0008153811213498596,20.554152044728855,0.8039730678179751,0.014884730085250106,0.017950395945239655,0.04618263111431244,0.1170091750372228,0.25316778152079866,0.36827518962768413,0.16051264257761888,0.020041021947180947,0.0019764321446924015
v16h,1536,4001,81047,exposure_matched_local,1940091047,degree_depth_global_age_bin_double_edge_swap,1,1816548445190503878,63fed881caa237bb968016cb4c86cd2d02e5a70cb7ecbda2b70be8adeb19952d,250265,0.0007505907605323143,22.69181068067848,0.8162347911214113,0.013553633148862206,0.01642658781691407,0.04249895111182147,0.11128603680099095,0.24623099514514615,0.36873314286855935,0.16422991628873393,0.027762571674025533,0.009278165144946357
v16h,1536,4001,81047,exposure_matched_local,1940091047,degree_depth_global_age_bin_double_edge_swap,2,14701987261282334561,55c0ef9eaf3ac70726709e1f115f84f9306c9046a149dcbc6a3bd3a3f1bdc6cc,261975,0.0014649824318635919,23.08773356236282,0.8207882431529726,0.013008874892642427,0.015913732226357478,0.04148105735280084,0.10880809237522665,0.24541654738047525,0.37171867544613035,0.15891210993415403,0.03558736520660368,0.009153545185609313
v16h,1536,4001,81047,exposure_matched_local,1940091047,degree_depth_global_age_bin_double_edge_swap,3,17903364322568487104,e6e7e1f5e360abe8fb51ce5823adfd03b2d45c58b27fbb3e0f33c36bc877495f,237824,0.0007949414822088218,20.385205025565124,0.806798304628633,0.014279467168998923,0.017462493272335844,0.044848291173304626,0.11661144375672766,0.25786295748116256,0.37647167653390745,0.14469944160387513,0.025867868675995696,0.001896360333692142
v16h,1536,4001,81047,exposure_matched_local,1940091047,degree_depth_global_age_bin_double_edge_swap,4,17924722455482721266,c8e5999c3e00d24da8186de7c0c7ae5078c31d6ea990f9f59f6bd5279f188ce5,246798,0.00025515524181877385,21.21625783029036,0.8096662047504437,0.013752137375505473,0.01655604988695208,0.043570045138129156,0.1164555628489696,0.25683757566917076,0.37977212132999455,0.1441664843313155,0.023103914942584625,0.005786108477378261
v16h,1536,4001,81047,exposure_matched_local,1940091047,degree_depth_global_age_bin_double_edge_swap,5,18092142173057888971,36366485244315d5f7542bcd564d706e372de1bbfa0e54cc630a9a2eea173a57,230756,0.00019596793478243702,21.295255594654094,0.8055825200644837,0.014677841529581029,0.017598675657404358,0.04519492450900518,0.11694603823952573,0.25253947893012535,0.37716029052332334,0.14596803550070203,0.02382603269254104,0.006088682417791954
v16h,1536,4001,81047,exposure_matched_local,1940091047,degree_depth_global_age_bin_double_edge_swap,6,14455656187596536876,fb4ba656ba3f5d390cb8bf9d93325a4eca3194b1c8e09c2cacebb461fc734585,221858,0.0008677092640933548,20.916063427958424,0.7974875821471391,0.015225955340803577,0.018232382875533,0.0466830134590594,0.12237106617746486,0.26006725022311566,0.3432195368208494,0.16839149365810563,0.022266494784952538,0.00354280666011593
v16h,1536,4001,81047,exposure_matched_local,1940091047,degree_depth_global_age_bin_double_edge_swap,7,11173736171866748603,deffcaa82f9d04c126a0f5961c2a94b879621e54bf02ed1c6019ad42f34d81fa,245155,0.00026756214234854424,20.750423201647937,0.8036018029409965,0.013856539740164386,0.016850563928942915,0.04507760396483857,0.12061348942505762,0.2618465868532153,0.3692765801227795,0.14640941445208133,0.021292651587771,0.004776569925149395
v16h,1536,4001,81047,exposure_matched_local,1940091047,degree_depth_global_age_bin_double_edge_swap,8,106553168976105648,d25de2a8e266c7752b46d655a0ef477a4b518a96cf3a7766a10020be1b8b5cc7,242769,0.0007138901021978834,20.490680441077732,0.8079697160675374,0.014013321305438503,0.01700381844469434,0.04389357784560632,0.1171195663367234,0.27147617694186654,0.37261759120810317,0.13887687472453236,0.020212630113399983,0.004786443079635373
v16h,1536,4001,81047,exposure_matched_local,1940091047,degree_depth_global_age_bin_double_edge_swap,9,5348556623113988676,b98419a3f4a991c410820ed280e8522943294507a771f3fa0209f0eabb59a448,248086,0.00044143601062834203,21.52545488258104,0.8141571874269407,0.013668647162677459,0.016494280209282265,0.042682779358770746,0.11299710584232887,0.250691292535653,0.3694162508162492,0.16306039034850817,0.028018509710342383,0.0029707440161879347
v16h,1536,4001,81047,exposure_matched_local,1940091047,degree_depth_global_age_bin_double_edge_swap,10,4225674743977340556,f5e9638c1f27d3ff88101d17fe4a7379a0eea35c88524715500c8dd357e2feaa,223883,0.0006975396448944971,20.363989226515635,0.7977872370836553,0.01515970395251091,0.01839353590938124,0.04726129272879138,0.12139823032566117,0.26071206835713295,0.36571334134346956,0.1457770353264875,0.023248750463411693,0.0023360415931535667
v16h,1536,4001,81047,exposure_matched_local,1940091047,degree_depth_global_age_bin_double_edge_swap,11,11447636778774770380,2e85458dba5ba9399e1e2426e34e4eef33d6abc4467a1df72a2bd4ece0f5c6b9,236690,0.0005194827281120291,20.821707718957285,0.8118129198529722,0.014377455743799908,0.017182812962102327,0.043398538172292875,0.11322827326883265,0.2537623051248468,0.38487473066035743,0.15014153534158603,0.018564366893404877,0.00446998183277705
v16h,1536,4001,81047,exposure_matched_local,1940091047,degree_depth_global_age_bin_double_edge_swap,12,7596273962930372213,062e27c13c068b18679046d48990679f980736f10fbb12ea0f8c3c124c31c72d,246792,0.00042226768726766356,22.21667233945995,0.8175265000486239,0.013768679697883238,0.016588868358779863,0.04201919024927874,0.11009676164543421,0.25785681869752664,0.35914454277286134,0.1672177380141982,0.026475736652727802,0.006831663911309929
v16h,1536,4001,81047,exposure_matched_local,1940091047,degree_depth_global_age_bin_double_edge_swap,13,6035022735948229611,c9d8cbb52a00195d3237eff9e9798ebd76a3dc4f85970cb967d4c3a4d36a6b66,240334,0.00042959163665539117,20.746232326678705,0.8070476919620195,0.014163622292309868,0.017288440253979877,0.04528281474947365,0.11621743074221708,0.25214493163680546,0.3763762097747302,0.154093886008638,0.021794669085522647,0.0026379954563232836
v16h,1536,4001,81047,exposure_matched_local,1940091047,degree_depth_global_age_bin_double_edge_swap,14,8924869529629907493,51e1dc740600c8f6b6f8942815e7e3224bc043da9129009aa7d1c189c1ef7344,243324,0.0006028764477099496,22.01450740576351,0.8050664957012049,0.013948480215679505,0.016878729595107757,0.044315398398842694,0.11979089608916506,0.25465634298301854,0.35020384343509064,0.16319393072611005,0.030128552876000723,0.006883825680985024
v16h,1536,4001,81047,exposure_matched_local,1940091047,degree_depth_global_age_bin_double_edge_swap,15,1151265724809000462,cc6115c1b14e4990dc46990db7b4255598ab11bcfd00e8e4425fc6ec6bd5312b,217866,0.00041931839025663735,21.121648169058044,0.7990645626210606,0.015587562997438792,0.018621538009602232,0.04651483021673873,0.12021150615515959,0.26238146383556865,0.35591602177485243,0.15050994648086438,0.022968246536862108,0.007288883992913075
v16h,1536,4001,81047,exposure_matched_local,1940091047,degree_depth_global_age_bin_double_edge_swap,16,2939363468892392456,47202e7141ff5f10b1b921994be1c575660e65929027fbd35f0386f8b57e7eca,244367,0.00034381002724362094,21.81035491698961,0.8112511100107626,0.013946236603141995,0.017019482990747525,0.04343057777850528,0.1143525926168427,0.2596463515941187,0.35709404297634295,0.15866708679977248,0.02887051033895739,0.006973118301570998
v16h,1536,4001,81047,exposure_matched_local,1940091047,degree_depth_global_age_bin_double_edge_swap,17,3827920654614789344,de73e15c2cb8569a75c2cc476b31f8a2b60a18a2e408b1c134db0c91a4334f4b,247722,0.00035585324622099026,21.97527066631143,0.8142151282486013,0.013753320254155868,0.016566958122411414,0.04302807179015186,0.1124365215846796,0.24786252331242278,0.3719734218196204,0.15921476493811612,0.030497896835969353,0.00466652134247261
v16h,1536,4001,81047,exposure_matched_local,1940091047,degree_depth_global_age_bin_double_edge_swap,18,1845738246059548108,14160e557dbbbe4dcba18cd8c3841b4dbf4d7800984c15719ae0791883902bae,251124,0.0007553602239611862,21.76302145553591,0.8158837864959143,0.013407718895844285,0.01593236807314315,0.041437696118252335,0.11333843041684587,0.2528511810898202,0.3668347111387203,0.1696174001688409,0.01905034962807219,0.007530144470460808
v16h,1536,4001,81047,exposure_matched_local,1940091047,degree_depth_global_age_bin_double_edge_swap,19,3778736648462557058,01b3d70cae3eb00da9f172b6b6fb3f4f5a279f7ff4c6ae711dcc77a558071012,252364,0.00028029464889769165,21.52988540362334,0.8182942099507061,0.013432977762279882,0.016186936330062924,0.041681856366201205,0.11040401959074987,0.25028926471287505,0.38255852657272826,0.15693601306049992,0.022392258800779826,0.0061181468038230494
v16h,1536,4001,81047,exposure_matched_local,1940091047,degree_depth_global_age_bin_double_edge_swap,20,1571433453241806911,ca369f12980d5d3448ad355b1ba7081fdea2142876ee1d622c4d868af43dd828,248449,0.000392078908582648,21.378423740888472,0.8019835056691715,0.0137010010102677,0.016663379607082338,0.044250530289918655,0.12340158342355977,0.2589666289661057,0.35065546651425444,0.15917954992775177,0.02802989748399068,0.005151962777068936
v16h,1536,4001,81047,exposure_matched_local,1940091047,degree_depth_global_age_bin_double_edge_swap,21,15329939265254566457,7d908e2365b218cab1039e76a9353835719d7fbfd4d549116f6d7837432982b8,257436,0.0007000581300368545,22.19135241380382,0.8196561475473516,0.013211050513525693,0.015957364160412685,0.041357852048664524,0.10981758573004552,0.25395826535527277,0.3675476623316086,0.15875013595612114,0.033620006525893815,0.005780077378455228
v16h,1536,4001,81047,exposure_matched_local,1940091047,degree_depth_global_age_bin_double_edge_swap,22,3959144637982572048,5740d4893c42db8bd3d44eaa87297dd7ae2a1456194635ee1e9f45ce00005d50,258334,0.0010497665274669492,22.08484365201638,0.8176856317790148,0.01321157880882888,0.01624253872893231,0.04271214783961848,0.11014810284360556,0.2334961716227829,0.3825009483846493,0.1682860173264069,0.029732826495931623,0.003669667949244002
v16h,1536,4001,81047,exposure_matched_local,1940091047,degree_depth_global_age_bin_double_edge_swap,23,18112823025825045737,5458db2dc238a2da5d027a1905d936fd535047b01361b70e16a4442909166b59,231661,0.00038301108603229744,20.940158248475143,0.8066182913826669,0.014624818161019766,0.01761625823941017,0.04493203430875287,0.11620859790815027,0.2607646517972382,0.3736105775249179,0.14494886925291697,0.02060338166545081,0.006690811142143045
v16h,1536,4001,81047,exposure_matched_local,1940091047,degree_depth_global_age_bin_double_edge_swap,24,11564364655302869907,4f5e3acfec451d9da9b5b18c8862044aad50425704126a563f5a2fa2a664b92b,240893,0.00028932313665883905,21.00633891395765,0.8125557820277053,0.014118301486552121,0.017136238911051795,0.04343837305359641,0.11275130452109443,0.25699792023844614,0.3758058557118721,0.15584512625937658,0.01964357619357972,0.004263303624430764
v16h,1536,4001,81047,exposure_matched_local,1940091047,degree_depth_global_age_bin_double_edge_swap,25,10751370994671798960,a3cd3964dd294911d850471e3bf1f2ee5872ace194785f267541ad53c16cb725,234323,0.000726474273956905,20.979835526175407,0.7995203202417176,0.014462942178104583,0.017437468793076224,0.04515561852656376,0.12342365026053781,0.2703447804952992,0.3514763808930408,0.14873913358910565,0.021436222649931932,0.007523802614340035
v16h,1536,4001,81047,exposure_matched_local,1940091047,degree_depth_global_age_bin_double_edge_swap,26,506836179369335193,6232e79a245248e8be8bd394216d69aff445e355ca0a2f755e351a22a86a2efb,241269,0.0004440780492805101,21.000103618782354,0.8079280802755431,0.014108733405452005,0.017167559860570565,0.044746734972167995,0.11604889148626636,0.25159054830914873,0.3710464253592463,0.16254056675329198,0.01848973552341992,0.004260804330436152
v16h,1536,4001,81047,exposure_matched_local,1940091047,degree_depth_global_age_bin_double_edge_swap,27,18116226508308631876,551186743e0e5fd49cf026e9ac50514500e3f4ed8ac90a22347039156a35ac3a,238955,0.0003080428662492411,20.99078487581344,0.8074867652905359,0.014228620451549455,0.017425875164779978,0.045230273482454855,0.11562846561067984,0.253420100018832,0.36675943169215963,0.1596744156849616,0.02481638802284949,0.0028164298717331714
v16h,1536,4001,81047,exposure_matched_local,1940091047,degree_depth_global_age_bin_double_edge_swap,28,10769734973503227025,0a2ba13b17f4eb3e988680e7066058d9f6b3e06f2f7bfeccce79afc2dde96fe2,243004,0.00115244434471273,20.849846093068425,0.8149248572039967,0.014024460502707774,0.017131405244358116,0.04383055422956001,0.11008872281937745,0.24549801649355565,0.38927754275649784,0.16039653668252374,0.016193149083965696,0.0035596121874537047
v16h,1536,4001,81047,exposure_matched_local,1940091047,degree_depth_global_age_bin_double_edge_swap,29,17697289558036246090,be9274a6f8182e3c4312acade92e832c7f1ebf39464ef419c7361b898a197858,225143,0.0005143295839991396,20.85810351643178,0.7977552044700479,0.015065980288083574,0.01817511537111969,0.04750314244724464,0.12150055742350417,0.26299729505247776,0.3634134749914499,0.14264267598814975,0.02199935152325411,0.006702406914716424
v16h,1536,4001,81047,exposure_matched_local,1940091047,degree_depth_global_age_bin_double_edge_swap,30,574395334000764467,1822ebe88c14b07d98241782c9a0c0a1d6d6c39db1ed93c40ac36d0a1083e3d1,235542,0.0006180353052428869,21.721871258629033,0.808997970637933,0.01446451163699043,0.017512800264920907,0.04417895746830714,0.11484575999184858,0.25454483701420555,0.36207979893182535,0.15493202910733542,0.033450509887833164,0.003990795696733491
v16h,1536,4001,81047,exposure_matched_local,1940091047,degree_depth_global_age_bin_double_edge_swap,31,5489720754941089380,2929a4bb41b7f1956981963002ca0b839b3e4d487d52b6f83b7beaeaf1a7f426,245046,0.0004945817239966404,20.954465692155757,0.8061139541147376,0.013874945928519544,0.0170131322282347,0.04483239881491638,0.11816556891359173,0.2596084000554998,0.37799841662381756,0.13739869249038955,0.025644164769063768,0.005464280175966962
v16h,1536,4001,81091,current_global,1840091091,degree_depth_global_age_bin_double_edge_swap,0,3902444924953494296,f325c29c95ad321d71ab3c1be455eb1bf1263cc40c95293a1f6cc549089571ac,172217,0.0008981379027028864,18.785723825174053,0.7972093347346662,0.019208324381448986,0.02124645069882764,0.0485550207006277,0.11378086948442953,0.25817428012333277,0.41486612819872604,0.10763165076618453,0.0148417403624497,0.0016955352839731269
v16h,1536,4001,81091,current_global,1840091091,degree_depth_global_age_bin_double_edge_swap,1,12037546811270519770,3896ff65b9c9ee11f90035bc458a22fd880a7a55f460955de45ad844ff7b5e6e,166293,0.00026680685308064244,17.857721010505553,0.7908631151040634,0.019880572242968735,0.021985291022472382,0.05017649570336695,0.11709452592712863,0.2614180993788073,0.41754613844238786,0.10341385386035491,0.008136241453338385,0.00034878196917489013
v16h,1536,4001,81091,current_global,1840091091,degree_depth_global_age_bin_double_edge_swap,2,13476453024052737134,773965e75f68121b6faf9c3e94b4e8cf5c3cc5f601abf037d5bde7ee09e52581,169450,0.0001276278172841852,17.807217468279728,0.7851165535556212,0.019610504573620537,0.02175863086456182,0.050776040129831806,0.12273827087636471,0.2712717615815875,0.40023015638831516,0.10421953378577752,0.008922986131602242,0.00047211566833874297
v16h,1536,4001,81091,current_global,1840091091,degree_depth_global_age_bin_double_edge_swap,3,14883289460269716474,552c713035115b2bb0cba89b666f7338a878a1bd4755d3f16c2b715e22d7fbbf,175191,8.20105588287642e-05,18.241941652253825,0.7935738708038654,0.018973577409798447,0.02109126610385237,0.048843833301939026,0.11751745238054466,0.2645284289718079,0.407572306796582,0.1108104868400774,0.010143215119498148,0.0005194330759000177
v16h,1536,4001,81091,current_global,1840091091,degree_depth_global_age_bin_double_edge_swap,4,3189961263199451544,78340ae7639241a6f3961196a6d642ace184a9e8682e5e17c9d32f365c4dab69,175755,0.0006249036132150394,18.876720434696026,0.7949816505931553,0.018833034622059118,0.02088703024096043,0.048374157207476315,0.1169241273363489,0.2625757446445336,0.3970640949048391,0.12091263406446474,0.013205883189667434,0.0012232937896503656
v16h,1536,4001,81091,current_global,1840091091,degree_depth_global_age_bin_double_edge_swap,5,17769415652126429914,ac5469f8993026c3d30a9560caf27a19e075f58c893641ef953156e3f484d1b4,163972,0.00014542631624422502,17.840728904934988,0.7822981972531896,0.020277852316249116,0.02251603932378699,0.052027175371404874,0.12288073573536945,0.2687775961749567,0.39625057936720903,0.10749396238382163,0.009513819432586052,0.000262239894616154
v16h,1536,4001,81091,current_global,1840091091,degree_depth_global_age_bin_double_edge_swap,6,4097835513730526737,ee830fddd4b33bb1208ac2ed474391b41390034d46f6f301044a1d11454bc582,188740,0.0019826375585456496,19.518899014517327,0.8086362191374378,0.017606230793684435,0.019598389318639397,0.04552823990675003,0.1086309208434884,0.24447917770477906,0.4198103210766133,0.12844124192010173,0.015068347991946594,0.000837130443997033
v16h,1536,4001,81091,current_global,1840091091,degree_depth_global_age_bin_double_edge_swap,7,8090374642663373039,dd311b59bf5c08a71fcf463e742a73c39a4761276476d6a8a2f04eaa38d058b3,160184,0.0005095031638965888,17.49967537332068,0.7723180842031664,0.02081356440093892,0.023285721420366577,0.05422514108774909,0.12935748888777907,0.27030789591969234,0.38811616640863006,0.10445487689157469,0.009276831643609849,0.0001623133396593917
v16h,1536,4001,81091,current_global,1840091091,degree_depth_global_age_bin_double_edge_swap,8,17608540700036037472,538d10cd8c99e8b8a2040c33166d9425092c5f2575f29c5d18b779d00fdad4fc,157305,0.0007006712863322048,17.30203108610661,0.7729379231429389,0.02113728107816026,0.023667397730523506,0.054874288802008835,0.12738310924636853,0.2671943040589937,0.39684688980006994,0.10311178919932615,0.005479800387781698,0.0003051396967674263
v16h,1536,4001,81091,current_global,1840091091,degree_depth_global_age_bin_double_edge_swap,9,15714920258946515981,b81cda931cc53cb608f8e2e861e71a8a0a169bcf76f905c6d18804777446b54c,155070,0.0009463747804408661,17.163532598181465,0.7751273618365899,0.021358096343586767,0.023621590249564714,0.05411749532469207,0.12577545624556652,0.27117430837686207,0.4018185335654866,0.09619526665376926,0.005771587025214419,0.0001676662152576256
v16h,1536,4001,81091,current_global,1840091091,degree_depth_global_age_bin_double_edge_swap,10,10835025642172961213,c752604527b46244a7d16225bd05fa2a1e97443deea9644d5891a3fdad5c7574,180165,0.0007576613121579399,18.061538034579414,0.7961646268698138,0.01848860766519579,0.020725446118835512,0.04845003191518885,0.11617128743096605,0.2602336746870924,0.4205644825576555,0.11001581883273666,0.005050925540476785,0.00029972525185246855
v16h,1536,4001,81091,current_global,1840091091,degree_depth_global_age_bin_double_edge_swap,11,13412416251539468362,d2cfe252fe5f6ded811360e607e2fa27628821470a3a80b734b17f997422210d,168583,0.00026714062015217746,17.638320589857816,0.7801083145987436,0.0197825403510437,0.022226440388414016,0.05250826002621854,0.1253744446355801,0.2679155074948245,0.3961431461060724,0.10874761986677185,0.007041042097957683,0.0002609990331172182
v16h,1536,4001,81091,current_global,1840091091,degree_depth_global_age_bin_double_edge_swap,12,15178834252064159263,b12aa8066b38807fe25d64969300c16f64797c05ef8497e44111458d85f5a9bf,165445,0.00044718236458750294,17.80681797576234,0.7835594910695397,0.020067091782767686,0.02236392758922905,0.05176342591193448,0.12224606364652905,0.2557224455257034,0.4139200338481066,0.1071171688476533,0.006685001057753332,0.00011484179032306809
v16h,1536,4001,81091,current_global,1840091091,degree_depth_global_age_bin_double_edge_swap,13,4602369986275640755,e339c3e58c555de590aaf40f1d762a5adb21c0ae35ee833df02472c22c516a4d,165978,0.0002731331676534441,18.315089951680342,0.7841581414404318,0.020026750533203196,0.022400559110243527,0.05166347347238791,0.12175107544373351,0.262980635987902,0.39988432201858076,0.10782151851450192,0.012055814626034776,0.0014158502934123799
v16h,1536,4001,81091,current_global,1840091091,degree_depth_global_age_bin_double_edge_swap,14,16985151917818872599,c3b2719a4c6e17328eb8dadd3d8e105c982f001da3de3736709f76e6a744a8eb,168610,8.770148498037208e-05,17.834570903267895,0.785694798647767,0.019696340667813297,0.021955993120218256,0.05133740584781448,0.12131546171638694,0.263110135816381,0.40764486092165353,0.10624518118735543,0.008320977403475475,0.00037364331890160727
v16h,1536,4001,81091,current_global,1840091091,degree_depth_global_age_bin_double_edge_swap,15,15241609267203811785,bbe243d024ea41dd03b3f5cd28a204ab2a2f6bd744bf930f67c745a286c54d08,178348,0.0007011578402821971,18.756162110032072,0.8003902482786462,0.018604077421669994,0.020566532845896785,0.04749142126628838,0.1129477201874986,0.2520409536411959,0.4175936932289681,0.1213862785116738,0.008040460223832058,0.0013288626729764282
v16h,1536,4001,81091,current_global,1840091091,degree_depth_global_age_bin_double_edge_swap,16,6353249512984524530,646cd21240c7fdf689f160c13f8ce43a5ce3ff3fde1d3249198d58085ccfb339,169819,0.0004264235380155952,17.897873618381926,0.7881214705068338,0.019526672516031775,0.021740794610732604,0.05027705969296722,0.12033400267343465,0.26193771015021877,0.4084171971334185,0.1117307250660998,0.0058591794793279904,0.00017665867776868314
v16h,1536,4001,81091,current_global,1840091091,degree_depth_global_age_bin_double_edge_swap,17,4815331581732809405,9e2f5f8dfe0cccd50556da58f8ef0f6c5114bc41ad4140424f93681aa6558733,171858,0.00044608864144221925,18.464476486401566,0.7905887418682866,0.01938809947747559,0.021756333717371318,0.050599913882391274,0.1176669110544752,0.25907435208136953,0.39836958419160007,0.12051228339675779,0.012289215515134589,0.0003433066834246878
v16h,1536,4001,81091,current_global,1840091091,degree_depth_global_age_bin_double_edge_swap,18,15178078834600842338,ebb5f189fab4697f5c608457950a3ea692b9556f2d41b17e92cddc07c98483f6,171598,0.0019808216749005224,19.309939509784495,0.790947446939941,0.019394165433163555,0.021631953752374738,0.050152099674821385,0.1178743341996993,0.25802165526404736,0.3967994964976282,0.11534516719309083,0.01697572232776606,0.0038054056574085946
v16h,1536,4001,81091,current_global,1840091091,degree_depth_global_age_bin_double_edge_swap,19,12427455260714872835,276ce777459ca38bea675fbedb80a6b8fb7983f00a0dbfb113269dab9b7c0c34,160830,0.0004221135441346022,17.703227009886216,0.7821364173350743,0.020630479388173847,0.022875085493999876,0.05249642479636884,0.12186159298638313,0.2675495865199279,0.4004165889448486,0.106410495554312,0.007747310825094821,1.2435490891002923e-05
v16h,1536,4001,81091,current_global,1840091091,degree_depth_global_age_bin_double_edge_swap,20,16593502635390381086,4fd8d354c231e6925de6b352c3b11bc275de8944d898deb30b1c7e0f80eab611,171125,8.141945705975186e-05,18.140236669101533,0.7870153396639883,0.019430241051862675,0.021738495252008765,0.05057706355003652,0.12123886048210372,0.2609028487947407,0.4086720233747261,0.10750620891161432,0.008800584368151936,0.0011336742147552959
v16h,1536,4001,81091,current_global,1840091091,degree_depth_global_age_bin_double_edge_swap,21,5977880006083126142,3de58e602dad2cce0769fb42d978b57b56816220c9574f1b23e5d950eb09e3ac,161773,0.0003325819074629628,17.724496671261583,0.7829365839787851,0.02050403961105994,0.0226613835436074,0.05206678493939038,0.1218312079271572,0.26496386912525577,0.4054384847904162,0.10350305675236288,0.00897553979959573,5.563351115451899e-05
v16h,1536,4001,81091,current_global,1840091091,degree_depth_global_age_bin_double_edge_swap,22,17078430923774010039,778acaf50e7961fc190549a2de2b30f57dc38dacd75b4f1e418ad173b00b1eb9,170317,6.977218523436213e-05,18.186945519237657,0.7899681182735723,0.019516548553579503,0.02168896821808745,0.04991868104769342,0.11890768390706741,0.2645126440695879,0.4014866396190633,0.11361754845376562,0.009934416411749854,0.000416869719405579
v16h,1536,4001,81091,current_global,1840091091,degree_depth_global_age_bin_double_edge_swap,23,15253529611799944757,83cef8897cbd6657b8dfdedefc07904ed9474dd949153b80ab11089735046387,172053,0.001815420666804987,18.585296391228283,0.7824391321278908,0.019313816091553183,0.02160962029142183,0.05117609108821119,0.12546134040092297,0.2762346486257142,0.36573613944540345,0.12407223355593916,0.015105810418882554,0.0012903000819514917
v16h,1536,4001,81091,current_global,1840091091,degree_depth_global_age_bin_double_edge_swap,24,18306777177844490455,8db0a7c3319efcbe272cb0d040f58e9091f8540eb15ee63a9126ba94a11dce1b,165094,0.000657548842735852,17.58503034634814,0.7782172580469309,0.02007341272244903,0.022375131743128156,0.052461022205531394,0.12687317528196057,0.2689740390323089,0.3912680048941815,0.1123905169176348,0.004966867360412856,0.0006178298423928187
v16h,1536,4001,81091,current_global,1840091091,degree_depth_global_age_bin_double_edge_swap,25,2034407752381480631,4e93d7fa4ad9ea1732eeece9523399645af4e1e15d7d3938c8fbbc28646b8a44,157743,0.0005761454488859611,17.611120620249395,0.7780123365220644,0.021034213879538237,0.023449535003138015,0.05383440152653367,0.12366951306872571,0.2631875899405996,0.40003042924250204,0.10922196230577585,0.004957430757624744,0.0006149242755621486
v16h,1536,4001,81091,current_global,1840091091,degree_depth_global_age_bin_double_edge_swap,26,7380146995189707387,297aa4fd9eaf06324e9971c162342a0baebd880b04a569fa80f3593078c70e3d,176408,0.00036241260606543785,18.527816198811845,0.7985238764681873,0.01879733345426511,0.02091741871116956,0.047951340075280034,0.11381003129109792,0.2645911750034012,0.40738515260078906,0.11379869393678291,0.012323704140401796,0.00042515078681238945
v16h,1536,4001,81091,current_global,1840091091,degree_depth_global_age_bin_double_edge_swap,27,14941903002623940622,fec64fe296fdfe5f47a6e3ad34772d700b858d7cfb2f5020fa31a35ad432f4e1,173586,0.0003267789026427909,18.64905579943083,0.7972359522081274,0.019033793047826437,0.021067367183989494,0.04883458343414791,0.11382830412590877,0.2580219602963373,0.4141232587881511,0.1125378774785985,0.011844273155669237,0.0007085824893712626
v16h,1536,4001,81091,current_global,1840091091,degree_depth_global_age_bin_double_edge_swap,28,16093786210868861815,948f5df0e47819fdeff5da349ef1f3fa10f3f771405765cbd491f0ed1766073a,164760,0.0003842963819770913,17.655984462248117,0.7870599660111678,0.02015659140568099,0.022280893420733187,0.05076474872541879,0.11973780043699928,0.2670793882010197,0.41137411993202233,0.10172978878368535,0.006548919640689488,0.0003277494537509104
v16h,1536,4001,81091,current_global,1840091091,degree_depth_global_age_bin_double_edge_swap,29,10546241571350109482,d412b04b354ca64b5593ea664f6d219758bf437d02c5169797181b6e5bc306e3,164745,0.0012023744984582863,17.3234513945795,0.7747367143160642,0.020213056541928436,0.02276852104767975,0.053446235090594554,0.12883547300373305,0.27475795927038754,0.38378706485781056,0.1111960909284045,0.004983459285562536,1.2139973899056117e-05
v16h,1536,4001,81091,current_global,1840091091,degree_depth_global_age_bin_double_edge_swap,30,7919945426121319006,fd22ecd3f8a7b3cb3c19125fe3ed3fccbe7d9ae9408de40cc6cf6e12cb319a03,157202,0.0002195255719847511,17.740003307845956,0.7824073485070165,0.02103662803272223,0.0231994503886719,0.05244208088955611,0.1209144921820333,0.2640551646925612,0.4076156791898322,0.10226969122530248,0.008110583834811261,0.0003562295645093574
v16h,1536,4001,81091,current_global,1840091091,degree_depth_global_age_bin_double_edge_swap,31,16799392837629886705,0510660394ca10819423cd457f187e393885d63bb2f2841d87fb55b341779456,169437,0.0003738049151255649,17.919645650005606,0.784633816698832,0.019582499690150322,0.021901945855981868,0.05103371754693485,0.12284802020810094,0.2671494419754835,0.40335345880769846,0.10553775149465583,0.006840300524678789,0.0017528638963154447
v16h,1536,4001,81091,exposure_matched_local,1940091091,degree_depth_global_age_bin_double_edge_swap,0,9509088192217978243,33d4c83cfc813ced950ca30971b1fdf938cddd7b9add7109964fe27d18de3e15,208819,0.0006625137861343607,19.70030026003381,0.7915611127339944,0.01608570101379664,0.01880097117599452,0.047122148846608786,0.12643006622960554,0.286238321225559,0.3714460848869116,0.10157121717851345,0.027195801148362935,0.005109688294647518
v16h,1536,4001,81091,exposure_matched_local,1940091091,degree_depth_global_age_bin_double_edge_swap,1,13372314842488896435,0f828fef1d0d1ab38d8b2868e447876269fd377d9e71c7ca7615d925cdc71752,198231,0.0006582904422060467,19.04882687369786,0.7961065625457169,0.01696505591960894,0.019643748959547194,0.04772714661178121,0.1195574859633458,0.27895233338882414,0.3935913151827918,0.10465063486538433,0.013580116127144593,0.005332162981572005
v16h,1536,4001,81091,exposure_matched_local,1940091091,degree_depth_global_age_bin_double_edge_swap,2,8364939273167307133,589c3edb206ddd54aefe59e2121f92620c0516b727c50d42439b9f38f8b72ea7,207341,0.00039659160324106134,20.198566612488605,0.7980380146714832,0.016243772336392705,0.01894463709541287,0.04699986977973483,0.11977370611697638,0.27007682995644855,0.37920141216643116,0.12010166826628597,0.023338365301604602,0.005319738980712932
v16h,1536,4001,81091,exposure_matched_local,1940091091,degree_depth_global_age_bin_double_edge_swap,3,8846759888561749059,37268c285a512a3e01f59412deefae46de48588b2cddab8c8303a2b4865be00d,209403,0.0005870074231829125,19.643099669059183,0.795170078747678,0.016031288950015044,0.018758088470556773,0.046637345214729495,0.12340319861702077,0.2847141635984203,0.3828789463379226,0.097037769277422,0.024584175011819316,0.005955024522093762
v16h,1536,4001,81091,exposure_matched_local,1940091091,degree_depth_global_age_bin_double_edge_swap,4,17875872822667650566,128ec499b7b32ef8850f15d46e4bd4be89d8786214d2bad627da2ce8946be002,199275,0.00017418768247727626,19.670274745954085,0.7945251536820976,0.016815957847196087,0.019495671810312382,0.048064232844059716,0.12109898381633422,0.2824488771797767,0.3766704303098733,0.11098231087692886,0.01731777694141262,0.007105758374106134
v16h,1536,4001,81091,exposure_matched_local,1940091091,degree_depth_global_age_bin_double_edge_swap,5,13764541882266451495,0825ae3046bce53f3e534b7556ecea1bb2d8c072436d254a073f47eb15ced8b3,199436,9.532105781628631e-05,19.940477145550453,0.7977546681642231,0.016807396859142783,0.019264325397621292,0.046837080567199506,0.11933652901181331,0.2779438015202872,0.3813704647104836,0.11114843859684309,0.021039330913175155,0.006252632423434084
v16h,1536,4001,81091,exposure_matched_local,1940091091,degree_depth_global_age_bin_double_edge_swap,6,16291309003038964566,36ddfd4a7db634775db49363649ccdcc47e947518af936b698715e16c6b03ed2,193502,0.0003598396140409682,18.819149156081075,0.7900021705202014,0.01732798627404368,0.01987059565275811,0.048552469741914815,0.12424677781108205,0.2837386693677585,0.3754793232111296,0.11163708902233568,0.015808622133104567,0.0033384667858730142
v16h,1536,4001,81091,exposure_matched_local,1940091091,degree_depth_global_age_bin_double_edge_swap,7,3616776975244954462,5a060f1446bf18193a5ebd783d821332bd97342eef32ea239ad31c180482a4ef,221592,0.0003857204821145864,20.04724899815878,0.8088288385862306,0.015185566265930178,0.017726271706559802,0.04399978338568179,0.11425954005559767,0.2811698978302466,0.3886241380555255,0.11050037907505686,0.02327701361059966,0.005257410014801979
v16h,1536,4001,81091,exposure_matched_local,1940091091,degree_depth_global_age_bin_double_edge_swap,8,4547668180739291575,f45b80fcbf47d2977960302e6007824ffcee7f4f90c9bdee6f1c0ff2a693a112,191129,0.0005179857043518217,18.837533812241993,0.78106409806989,0.017569285665702223,0.020289961230373202,0.05030110553605157,0.13077554949798303,0.2935713575647861,0.3587943221593793,0.10616389977449785,0.01720304087815036,0.005331477693076404
v16h,1536,4001,81091,exposure_matched_local,1940091091,degree_depth_global_age_bin_double_edge_swap,9,216491121905928717,a5756e8aa1137a297383bb47339836e717ad30c030ba7302101d040682a738a2,190972,0.001299642757456062,18.141690928513082,0.7831043294304925,0.017583729551976207,0.020359005508660957,0.05027962214356031,0.1286733133653101,0.29307437739563913,0.36753031858073437,0.10571706847077059,0.015201181325010997,0.001581383658337348
v16h,1536,4001,81091,exposure_matched_local,1940091091,degree_depth_global_age_bin_double_edge_swap,10,8017197931758445792,f92ecffa0c16c80c27f847e97d79e29730631ecfa50d844dfce92d5cd7310b48,193543,0.0017345246822338995,17.959941718377827,0.7826271164547413,0.017370816821068186,0.02020739577251567,0.05070707801367138,0.12908759293800345,0.28982706685336074,0.38540272704256934,0.09149904672346713,0.013423373617232346,0.0024749022181117376
v16h,1536,4001,81091,exposure_matched_local,1940091091,degree_depth_global_age_bin_double_edge_swap,11,3543653813606453731,ada2ce70016c08c4c7f93a267a0e16734198dbd0787599fbe7e764691e0ddd7d,215534,0.0012399945079532041,21.097200441693655,0.8032607384449785,0.015617025620087781,0.018192025388105822,0.04481891488117884,0.11811129566564904,0.28228492952388023,0.36213776016776933,0.12266278174209173,0.028357474922750005,0.007817792088487199
v16h,1536,4001,81091,exposure_matched_local,1940091091,degree_depth_global_age_bin_double_edge_swap,12,6258492162764959254,776cc6142382a9931b4adfbb758ea5c5df3da8d86dbf02899974f98a56db5096,205381,0.00012402526673025406,19.51662033002079,0.7903116646622619,0.016389052541374325,0.019232548288303203,0.04797425273029151,0.12609248177776913,0.2812821049658927,0.3781508513445742,0.10427936371913663,0.02036702518733476,0.00623231944532357
v16h,1536,4001,81091,exposure_matched_local,1940091091,degree_depth_global_age_bin_double_edge_swap,13,7103129390467519636,4409e0bb88cde53169ece8a2bfa11eb4be12d70d00d307dd946395e07b68a214,220336,0.00043470447167370574,19.83334543606129,0.8028647157069203,0.015199513470336214,0.017682085542081186,0.04429598431486457,0.11995770096579769,0.28907668288432214,0.3721725001815409,0.11268244862391984,0.024871105947280515,0.004061978069856946
v16h,1536,4001,81091,exposure_matched_local,1940091091,degree_depth_global_age_bin_double_edge_swap,14,393061935378868473,46e1a4144e5cb1fe890bbac47fc5b9ed87b9204265782540e3dadc3a2af05c80,194393,0.00017530236768344067,19.79443189826794,0.7924616627141924,0.017263996131547946,0.019974999099761824,0.048448246593241526,0.12185109546125632,0.27985061190474964,0.3718137998796253,0.11557514931093198,0.018431733652960754,0.006790367965924699
v16h,1536,4001,81091,exposure_matched_local,1940091091,degree_depth_global_age_bin_double_edge_swap,15,11097852474101135697,d44a5d3a1c4e95d32ba84c82060202fa5557176df7d93a7ffe415f886722c57d,211406,0.0006160195040264592,20.530500553437463,0.800100280975942,0.01585101652744009,0.018154640833278148,0.04495142048948469,0.12094264117385504,0.2855264278213485,0.36384492398512813,0.11841196560173316,0.02588857459107121,0.006428388976661022
v16h,1536,4001,81091,exposure_matched_local,1940091091,degree_depth_global_age_bin_double_edge_swap,16,2139833743892409913,4300dd2117302220962888e2a80c8f4e917f7cdc8259a006ecfd432d5bbd5b78,199397,6.758215859053123e-05,19.404188628715577,0.7894501923298746,0.01685582029819907,0.019594076139560775,0.04858648826211026,0.1255134229702553,0.28252180323675885,0.369443873277933,0.11120026881046355,0.020707432910224328,0.005576814094494902
v16h,1536,4001,81091,exposure_matched_local,1940091091,degree_depth_global_age_bin_double_edge_swap,17,13595994155203918507,3a1b4d7b3541128f4bb1c16419862304de53cefffb67cba2ce06066b92fee72d,200579,0.0002219564175871261,19.613982520602853,0.7898483889140937,0.01679637449583456,0.01963316199602152,0.048993164787938914,0.1247289098061113,0.28325497684204226,0.3741518304508448,0.10667617248066846,0.018277087830730038,0.007488321309808105
v16h,1536,4001,81091,exposure_matched_local,1940091091,degree_depth_global_age_bin_double_edge_swap,18,17686935366057385581,8228904d6805f5a57215f5add5fbf61a15e222846072d830f8ea7be2e5e4f6e7,199457,0.0007075898716580873,18.61468888031004,0.7937299768872489,0.016790586442190548,0.01953804579433161,0.04793013030377475,0.12201126057245422,0.2852043297552856,0.3817715096486962,0.10849456273783321,0.01618393939545867,0.0020756353499751827
v16h,1536,4001,81091,exposure_matched_local,1940091091,degree_depth_global_age_bin_double_edge_swap,19,10869004640267693748,e332ebf9ff28f923504667732e86d689adcd19497d5f8c2ec7aa66afa7bc223e,210900,0.000581626481498678,20.256652441915598,0.8070744428639165,0.015964912280701755,0.01834044570886676,0.044632527264106214,0.11398767188240873,0.2676908487434803,0.39678520625889047,0.1157325746799431,0.020957799905168325,0.005908013276434329
v16h,1536,4001,81091,exposure_matched_local,1940091091,degree_depth_global_age_bin_double_edge_swap,20,9016143957479771770,d1b513a3e647476a165435e1ea1080f1a31c3c313247e45f0876ba015f257ca8,210865,0.0007634759694930405,19.54827496265383,0.8019016906551585,0.015939107960069237,0.018428852583406444,0.04530860977402604,0.11842173902733977,0.2732316885210917,0.40478979441822965,0.10243994973087046,0.01587271477011358,0.005567543214853105
v16h,1536,4001,81091,exposure_matched_local,1940091091,degree_depth_global_age_bin_double_edge_swap,21,2377082412177013317,f83ec20f9915d11f1e3ae3ae0aa4bafa7f14286e39e11ac8d697be746e00b5ca,208772,4.9193384638568935e-05,19.837511735290175,0.7961172954227578,0.016017473607571896,0.018417220700093884,0.045944858505929914,0.12350315176364647,0.28322763588987027,0.37574962159676584,0.11109727358074838,0.01976797654857931,0.006274787806794015
v16h,1536,4001,81091,exposure_matched_local,1940091091,degree_depth_global_age_bin_double_edge_swap,22,8645326167455520928,d110c9ae2ad47a3a1566dc9c8c9636ab1782753d18484ed63518437ebf2a5628,209878,0.00022245868966541357,20.098190377266793,0.7979778728594707,0.01598547727727537,0.018410695737523703,0.04629356102116468,0.1213323931045655,0.2790144750759965,0.37481775126502065,0.11531937601844881,0.021522027082400252,0.007304243417604513
v16h,1536,4001,81091,exposure_matched_local,1940091091,degree_depth_global_age_bin_double_edge_swap,23,11623079386861439130,dcfb60bba71bbbda7869e67730bc0c253fadf93f233b0380208dc92aa814c938,209866,0.0006919199996245509,18.66085978672105,0.7968417942877837,0.016034040768871567,0.018588051423289148,0.04608178552028437,0.12245432799977128,0.2868592339874015,0.38605586421812016,0.106672829329191,0.014466373781365251,0.0027874929717057553
v16h,1536,4001,81091,exposure_matched_local,1940091091,degree_depth_global_age_bin_double_edge_swap,24,5354850710788994133,3c5f87cdeb313c129a9daf8ff0eac8fb4c470723d069e159483b8c9afb80d0f2,225267,0.0004619107112350416,19.13364585136749,0.8021370196255998,0.014951146861280169,0.017530308478383428,0.04447167139438977,0.12090985364034679,0.2869838902280405,0.37988697856321607,0.11580480052559851,0.016154163725712156,0.003307186583032579
v16h,1536,4001,81091,exposure_matched_local,1940091091,degree_depth_global_age_bin_double_edge_swap,25,16966576261539479627,7d99a69c99648d22d34e77b37582e199ce726cce05f03b9216d0e635e1754156,202140,0.00015106107662914958,19.198090432373604,0.7848768180468982,0.01656772533887405,0.019372711981794796,0.04909468685069754,0.13008805778173543,0.28184426635005444,0.3714554269318294,0.10830117740180073,0.018788958147818342,0.0044869892153952705
v16h,1536,4001,81091,exposure_matched_local,1940091091,degree_depth_global_age_bin_double_edge_swap,26,11600964578719181015,786979886b482308d706806a0ad623f2b535811d66c61f0a24ee892f3c8e5fb9,193798,0.000246888969096688,19.249589779048286,0.792103117679233,0.01732732019938286,0.01997440634062271,0.048504112529541066,0.12209104325122035,0.2772680832619532,0.37838883786210387,0.11580098865829369,0.016326277876964675,0.004318930019917646
v16h,1536,4001,81091,exposure_matched_local,1940091091,degree_depth_global_age_bin_double_edge_swap,27,3886245923038838672,dbf57b99fe1a361b1fc872ad81815a447d661ea03687e974625ca309f11b90d6,206738,0.0008605546498700367,18.48681906567733,0.7871025162282697,0.016271802958333737,0.01915467886890654,0.04867997175168571,0.1287910301928044,0.28887770995172635,0.3729406301695866,0.10882372858400488,0.01395002370149658,0.002510423821455175
v16h,1536,4001,81091,exposure_matched_local,1940091091,degree_depth_global_age_bin_double_edge_swap,28,12521063030378776025,85c4ac225a21d0eb6e22d1436fb67cf9335aacddfd43bb39e03a6c9c25edbe52,196969,0.00035197394326636844,19.84549853022557,0.7857733958135544,0.01706867578146815,0.019932070528864948,0.04945955962613406,0.12776629824997843,0.28126761063923766,0.362691591062553,0.1119363960826323,0.023511313963110948,0.006366484066020541
v16h,1536,4001,81091,exposure_matched_local,1940091091,degree_depth_global_age_bin_double_edge_swap,29,15078279159194386876,df7d9c4450e871ba8655f2fde45764dd1589817a8ecc234a3cfe43845f2e2d8e,206269,0.00035193726667946424,20.01616335949658,0.7977931729925485,0.016240928108440918,0.018621314884931812,0.046318157357625234,0.12102642665645347,0.2763963562144578,0.3846869864109488,0.11117036491183842,0.017423849439324377,0.008115616015979134
v16h,1536,4001,81091,exposure_matched_local,1940091091,degree_depth_global_age_bin_double_edge_swap,30,18406876485480466689,c23c8be31a493393a42447a03973f6a31a418c57947caba4681aa46f7e1e1b7e,211128,0.00038151968085721943,19.877950816566255,0.7941438369140995,0.01589083399643818,0.018410632412564888,0.04668258118297905,0.12487211549391838,0.2877401386836422,0.3637035352961237,0.11174737599939373,0.024605926262741086,0.006346860672198856
v16h,1536,4001,81091,exposure_matched_local,1940091091,degree_depth_global_age_bin_double_edge_swap,31,1708123711035816795,76465d42b68f86785824013a2a3142f90b5aaf235fd96983a59b3b74c8783f73,209029,0.0007138394000609754,20.215730831607097,0.7991092145109052,0.016069540590061666,0.01879165091925044,0.046744710064153774,0.11928488391562893,0.26816374761396744,0.37572298580579727,0.12851326849384534,0.020777021370240494,0.005932191227054619
v16h,1536,4127,81013,current_global,1841351013,degree_depth_global_age_bin_double_edge_swap,0,6398405585556992576,d5854e8a8a9baeff06e6d3bd731f787ea95385ee50b83782b9a8deddd3dc1bab,256216,0.0004607842944732922,21.288647079027072,0.8294017547694134,0.013211509039248134,0.015537671339807038,0.039170075249008646,0.10267898960252288,0.24247119617822463,0.394663096762107,0.1708051019452337,0.018242420457738783,0.00321993942610922
v16h,1536,4127,81013,current_global,1841351013,degree_depth_global_age_bin_double_edge_swap,1,9810009988211861755,c23d1649cfc1648b9247fb755b3b390eab4476cb0d1357c2bd0a4d187423611b,271685,0.0004847110623668679,22.6458729778972,0.8393396764635516,0.012444558956144065,0.014737655741023611,0.03707970627749048,0.0963984025617903,0.2318457036641699,0.3912104091134954,0.1837127555809117,0.02992068019949574,0.0026501279054787713
v16h,1536,4127,81013,current_global,1841351013,degree_depth_global_age_bin_double_edge_swap,2,11900416300673098034,b326f0f6c2908b144f6f45ba183a4ebc4459beb1b5c5ee611d7e185dfd6eb180,270385,0.0004306149620259559,22.71953325813192,0.8411635260831777,0.012500693455628086,0.014667973445272481,0.03641844037206206,0.09524936664385968,0.23167335466094643,0.39977069733897963,0.17553118701111378,0.030338221425005085,0.003850065647132792
v16h,1536,4127,81013,current_global,1841351013,degree_depth_global_age_bin_double_edge_swap,3,7096049912862440107,2cbe28a4a00df1581a9fa51203797aa8ad87a3ce2fc837e7cec38a652583fd97,253151,0.0004569961451109478,21.099067355056864,0.8325110309657082,0.013391217099675688,0.015785045289175237,0.038783176839119735,0.09952952980632113,0.24238102950412996,0.4044187066217396,0.1640048824614558,0.020276435803137257,0.0014299765752456043
v16h,1536,4127,81013,current_global,1841351013,degree_depth_global_age_bin_double_edge_swap,4,9064674056267920425,6ff72accf7e6d7f77d63dfa699da22ec00e2db98fc76efa0a2692bffe3e262a1,253091,2.5303333232621077e-05,22.007827224199993,0.8326965399796911,0.013350929112453624,0.01562283921593419,0.03849208387496987,0.09983760781695121,0.24067232734471,0.39324590759845274,0.16918815761919626,0.026832246109107002,0.002757901308225105
v16h,1536,4127,81013,current_global,1841351013,degree_depth_global_age_bin_double_edge_swap,5,987627747577018590,a2c379d4a5ad9cd912518df405299ee382979b334be2c3777f8b75fbda028e8d,245514,0.0012603252193381024,20.60193716040633,0.821032609138379,0.013771108775874289,0.016308642277018826,0.041533273051638606,0.1073543667570892,0.24928517314694884,0.39180657722166556,0.16216183191182582,0.016687439412823708,0.0010915874451151461
v16h,1536,4127,81013,current_global,1841351013,degree_depth_global_age_bin_double_edge_swap,6,13608660652996651687,29cf8faa281f53e8fafd6fd6c14a287d89dcbb6600ce691bf7134d01ce29f33e,234953,0.0006468350949826586,20.95153073167825,0.818708422535571,0.01438159972420016,0.016952326635539874,0.04228079658484889,0.10767685451984013,0.24633862942801327,0.39348720807991383,0.15339663677416335,0.02339616859542121,0.0020897796580592715
v16h,1536,4127,81013,current_global,1841351013,degree_depth_global_age_bin_double_edge_swap,7,13352900962665103486,565f8f7faa80dcd2f8b9854487d95af0f1edd7853c484820d067d7a14e673fe8,247148,0.0004056122676838878,21.3466546360885,0.8234822859177496,0.013692200624726885,0.01628578827261398,0.04089452473821354,0.10564520044669591,0.24722433521614579,0.38955200932234935,0.1604949261171444,0.022261964490912327,0.003949050771197825
v16h,1536,4127,81013,current_global,1841351013,degree_depth_global_age_bin_double_edge_swap,8,11646373022747277683,54fcc3c5788143546ff66662fb7008fb0a8a3d37e0397b65f30f098916f3a5f6,261305,0.00019845762955353997,21.81460362411741,0.8329576548477833,0.012946556705765293,0.015330743766862479,0.03834216719924992,0.10042287748033907,0.24873997818641053,0.3893266489351524,0.16368994087369165,0.027630546679168023,0.0035705401733606324
v16h,1536,4127,81013,current_global,1841351013,degree_depth_global_age_bin_double_edge_swap,9,12470668077152245847,fab822f39c3a0c81c9dd6ffb15767ec573af54823471b92ecc5fa52e2fadb4a1,246839,0.00017945344923075344,21.96373344568727,0.830792540886975,0.013709340906420784,0.016217048359456972,0.03990455317028509,0.09937651667686224,0.23334238106620103,0.3995843444512415,0.1711642001466543,0.02285700395804553,0.0038446112648325426
v16h,1536,4127,81013,current_global,1841351013,degree_depth_global_age_bin_double_edge_swap,10,2466154226768484554,cc8990e790af5c0f11786b147a1935976d950fba3172ab3aab11eddd22320206,261100,0.0003353595132183586,21.53402527767139,0.8348180773649942,0.01295289161240904,0.01530065109153581,0.037698199923400996,0.0992301800076599,0.23642282650325547,0.4033397165836844,0.17220605132133282,0.02139793182688625,0.0014515511298353121
v16h,1536,4127,81013,current_global,1841351013,degree_depth_global_age_bin_double_edge_swap,11,8273956046935880704,2de402d97cca2238947ba60297e4b7ba6af970173b81e50544c31636789189ca,246106,0.0012094118758090226,22.301284812235377,0.8213208942488196,0.013774552428628314,0.01643194395910705,0.04186813811934695,0.10660447124409807,0.24405337537483848,0.37924309037569176,0.15941911208991247,0.03296953345306494,0.005635782955311939
v16h,1536,4127,81013,current_global,1841351013,degree_depth_global_age_bin_double_edge_swap,12,9442566194214045766,2e7865672adbbd92cd7b02128fbfd799e9470899794ca457147c4893bd8db120,253119,0.0005084652591704618,21.883446126130398,0.8329797447050596,0.013353402944859927,0.015684322393814766,0.03893030550847625,0.09905222444778938,0.2398397591646617,0.3814885488643681,0.186279971080796,0.023593645676539494,0.001777819918694369
v16h,1536,4127,81013,current_global,1841351013,degree_depth_global_age_bin_double_edge_swap,13,15478782965542815012,2986012760f5012f1ccc85cc3ce5600e5629d4b2afcc171c18bc2993338b85fa,284615,0.00029687154781975395,21.794778911863393,0.8421446515468264,0.011896772833476801,0.01412434341127488,0.03592221070569014,0.09591202150273176,0.23865221439488432,0.4100943379653216,0.1678337403158653,0.02366354549127769,0.0019008133794775398
v16h,1536,4127,81013,current_global,1841351013,degree_depth_global_age_bin_double_edge_swap,14,12754816848048358762,3dca385465ea467a1278ef4707984671610617c1406378ca05128579df1b5fe3,253835,0.00040211705238758143,21.470262178186616,0.8304646719325546,0.013327555301672346,0.01573857033112061,0.039131719424035295,0.10133748301061714,0.24489136643882836,0.402111607934288,0.15338310319695866,0.027454842712785865,0.0026237516496936987
v16h,1536,4127,81013,current_global,1841351013,degree_depth_global_age_bin_double_edge_swap,15,18087975121672001959,5a467a23b877c249c6ccced815c77285924c5d323632e41a3b8a38bac7c3d42e,276705,0.00042737494833010987,22.741125024845957,0.8417881859742324,0.012244086662691315,0.014517265680056377,0.03629135722158978,0.09515910446143004,0.23277136300392115,0.3975605789559278,0.1791077139914349,0.027950344229413997,0.004398185793534631
v16h,1536,4127,81013,current_global,1841351013,degree_depth_global_age_bin_double_edge_swap,16,17466864729911678403,68b134cfbd4dd1852d29face53a57090ffd9b4c2f6b2b35ec9e8d375387d21d4,247182,0.0003497767577624569,21.3227783576474,0.827463164793553,0.013641770031798431,0.016105541665655265,0.03988154477267762,0.10290797873631576,0.24777289608466635,0.38217993219571006,0.17260965604291575,0.023363351700366533,0.0015373287698942479
v16h,1536,4127,81013,current_global,1841351013,degree_depth_global_age_bin_double_edge_swap,17,6079501402885830712,2a3c043f9d443e6fb3fd861575e8c158f6a64971d1f49db6b45eb2fcc54015bb,237371,0.00019043253760419823,21.80434846716743,0.8238285215969937,0.014230887513638987,0.016708022462727123,0.041340349073812725,0.10389221935282743,0.23915305576502605,0.3840738759157606,0.17136044419916502,0.026393283088498594,0.0028478626285435038
v16h,1536,4127,81013,current_global,1841351013,degree_depth_global_age_bin_double_edge_swap,18,8770171224159247412,25a5317a3d374c9e7c76feea4cea96afba84dc43d3d65c889b09ba3b56e6d044,264875,0.00023534525277294844,21.730990089664935,0.8346314299197735,0.012730533270410571,0.015135441245870693,0.0380556866446437,0.09944690891930155,0.23425766871165643,0.4011212836243511,0.1737989617744219,0.02397357243983011,0.0014799433695139217
v16h,1536,4127,81013,current_global,1841351013,degree_depth_global_age_bin_double_edge_swap,19,1708978409695885801,e218568bd95a63e01cfe34204d951f7dfa6060f027d11e8a93648c22cb635197,261277,0.00010655581929970546,21.45767518763611,0.8310452125521955,0.012970908269767335,0.015424243236105742,0.03910409259138768,0.10145554335054367,0.2379467002453335,0.3997290232205667,0.1684036482353977,0.022914378226939227,0.002051462623958481
v16h,1536,4127,81013,current_global,1841351013,degree_depth_global_age_bin_double_edge_swap,20,149139556898884714,a9ff073962669435d92ed28b3d0aff25d4377207302e85f9cb665308be0dbb68,241239,0.0005300077848111183,21.213928925256695,0.8249453861108693,0.013998565737712394,0.016514742641115243,0.0408557488631606,0.10368555664714246,0.2381662998105613,0.3934977346117336,0.17157673510502033,0.020519070299578425,0.0011855462839756425
v16h,1536,4127,81013,current_global,1841351013,degree_depth_global_age_bin_double_edge_swap,21,10674025190156474533,5f76ac7a0bf9b3beeb5354c7e4b351b0970277cfff355a244028c2b875f67941,269818,0.00045230034861946553,22.331949684602215,0.838442950433255,0.012515844013371977,0.014798864419719959,0.03713984982469665,0.0971024913089564,0.23603688412188956,0.3871424441660675,0.1862811228309453,0.02696261924704801,0.0020198800673046275
v16h,1536,4127,81013,current_global,1841351013,degree_depth_global_age_bin_double_edge_swap,22,5284313648396949034,7b953b96dbce92e2e1c8115f6c8f29cf6fcb515c53ac5ce0250ed5766f3d266e,247805,0.00026930753180466464,21.485389721757027,0.8314682916002502,0.013587296462944654,0.015818889852908538,0.03881277617481487,0.10031274590908174,0.2429531284679486,0.3953148645104013,0.17039204212990053,0.02120215492019935,0.0016061015718004076
v16h,1536,4127,81013,current_global,1841351013,degree_depth_global_age_bin_double_edge_swap,23,13005781861605934090,d754c92e107d33a6bb643e7f13d71d91184a2fd27343694a6a64c74757905334,271760,0.0007365976237183524,23.078017368266117,0.8414520164851339,0.012400647630261996,0.014615837503679717,0.03651015602001766,0.09502134236090669,0.22935678539888135,0.39775537238740066,0.18030615248748896,0.028506770680011777,0.005526935531351192
v16h,1536,4127,81013,current_global,1841351013,degree_depth_global_age_bin_double_edge_swap,24,8396388165733462086,5021e1cbf4799d361e7af5f060e8a21db6b973da94577d78ae12daa3f850db9c,252146,0.0003454434512515255,21.55299310716807,0.8291188438444393,0.013397000150706337,0.015669493071474465,0.03916381778810689,0.10265084514527298,0.24947847675553053,0.39443814298065405,0.15578672673768373,0.02693280876952242,0.0024826886010485987
v16h,1536,4127,81013,current_global,1841351013,degree_depth_global_age_bin_double_edge_swap,25,7159357978393390298,c1a39ac737d412bd37ed9a98178b08d26bfb7902abcb3ad4350bcb3b0ca50185,276103,0.0001274759120033831,21.989869722531086,0.8416750270732298,0.012241808310666671,0.014400423030535707,0.03592862084077319,0.09575412074479452,0.2441335298783425,0.39801813091491217,0.17205173431654128,0.025139169078206323,0.0023324628852276143
v16h,1536,4127,81013,current_global,1841351013,degree_depth_global_age_bin_double_edge_swap,26,9963248274462382210,ae02e9daf8f4843f114352a59d7051eaa9bc3ec3fcbbd513496f171984664bde,276896,0.0002774850880977472,21.628727031087482,0.8413772679995377,0.01225008667514157,0.014503640355945915,0.03619048306945568,0.0956785218999191,0.24393274009014215,0.4081532416502947,0.16399659077776493,0.02322532647636658,0.002069369004969375
v16h,1536,4127,81013,current_global,1841351013,degree_depth_global_age_bin_double_edge_swap,27,9439987819722544640,c70aa5f5d0e00fda7eff35f10c19dc0a2e09cbebd519204fc47ae0e8abdc4961,268869,0.0005595126865735192,22.60786107732762,0.8435632222383391,0.012548862085253413,0.014620502921497086,0.03599522444015487,0.09327218831475552,0.23431857149764385,0.4111147064183673,0.16496881380895528,0.02849714916929806,0.004663981344074624
v16h,1536,4127,81013,current_global,1841351013,degree_depth_global_age_bin_double_edge_swap,28,15036702827479397878,0bc52b09362aa769c02c061d53039518fe235093802a33782f82496c1f625741,280388,0.0004833146842537838,22.8600047077621,0.8423078020457366,0.012076123086580026,0.01435510792187968,0.03613564061229439,0.09512532633350929,0.2337974521020871,0.3937543689458893,0.18173031656133642,0.029020500164058376,0.004005164272365436
v16h,1536,4127,81013,current_global,1841351013,degree_depth_global_age_bin_double_edge_swap,29,16927172001397146131,519c6b3d35fad976ab2b6a86983850724d7079aa60b029d2db0d8f7725fb80fb,248984,0.0002467163974030185,22.05565819490409,0.8263583202133471,0.013623365356810076,0.01619782797288179,0.04046444751469974,0.10335603894226135,0.2426179995501719,0.3824743758635093,0.1696735533206953,0.027877293320052694,0.003715098158917842
v16h,1536,4127,81013,current_global,1841351013,degree_depth_global_age_bin_double_edge_swap,30,2171602814656301855,09e15363659c907b663e5911a993f1250b39cad893c0ec0366d71cd3faa94602,277643,0.0003801475781746851,21.654941777750565,0.8441523827361036,0.012112677070914808,0.01427372561166678,0.035797769077556434,0.09366344550375842,0.23994842297482738,0.41417575807781937,0.1640163807479389,0.023713905987184983,0.002297914948332931
v16h,1536,4127,81013,current_global,1841351013,degree_depth_global_age_bin_double_edge_swap,31,17579767243970636082,f9cd47d520c5d47598aa6468f486fddf73b0232df541aa27718d55a6c542293a,275371,0.0003562406148275373,22.454002055408885,0.83667851734569,0.012321558915063677,0.014729219852489914,0.03742224126723584,0.09884846261952057,0.2406970959178708,0.39172970283726316,0.16896477842619592,0.03176078817304655,0.003526151991313537
v16h,1536,4127,81013,exposure_matched_local,1941351013,degree_depth_global_age_bin_double_edge_swap,0,9950617611609569626,0f602c5c3b0a5fd6eea5bd48dfb976faac6f05a1e29b0b4de4a2e524c41c7699,297392,0.00031253710113710693,25.932405713670846,0.8594783988809382,0.011210792489374293,0.01285508688868564,0.03163165115403239,0.08482407058696939,0.2214047452520579,0.37454269112820787,0.20740638618389196,0.046584978748587726,0.009539597568192823
v16h,1536,4127,81013,exposure_matched_local,1941351013,degree_depth_global_age_bin_double_edge_swap,1,12635098868365717425,ba2891daa4282e6d4ff74d656e8eeeda9f73abc366d452e85daeeb3846aa1017,306247,0.0007610610170175469,25.475338533928497,0.8653211296763723,0.010880106580635892,0.012391958125304085,0.030387236446397844,0.08101956917128984,0.2195743958308163,0.3909719931950354,0.20009338866992982,0.04921517598539741,0.005466175995193423
v16h,1536,4127,81013,exposure_matched_local,1941351013,degree_depth_global_age_bin_double_edge_swap,2,13557031024785040624,43fb91b42769f05007be0dedefefc4a0396fac099e28bc414cb27a67d0b3ad19,314897,0.0002111740563988103,25.418590840814616,0.8613197331190834,0.01061299409013106,0.012245273851449839,0.030600482062388655,0.08522151687694707,0.2232888849369794,0.38708212526635694,0.19868718977951522,0.04376034068282645,0.0085011924534054
v16h,1536,4127,81013,exposure_matched_local,1941351013,degree_depth_global_age_bin_double_edge_swap,3,13393100701840870803,f758792678d48ebce7aead9964dd61391ccc8875de6cc491e4b9e4aed6eb6311,298999,0.0004548526646493382,25.780487560159063,0.857554707540828,0.011187328385713664,0.012829474346068048,0.03186967180492242,0.08655881792246797,0.23420145217876984,0.38314174963795866,0.18213104391653484,0.0445620219465617,0.01351843986100288
v16h,1536,4127,81013,exposure_matched_local,1941351013,degree_depth_global_age_bin_double_edge_swap,4,11227727824185938047,d6e419302a45bf84666aa4f5d2adc3eb1a64f282b5ec6d5d5d36517c164b70eb,303411,0.00046156583666645713,24.92462699111107,0.8599193832787868,0.010985099419599157,0.012530857483743173,0.03116564659817871,0.08539901321969211,0.22540382517443336,0.39327512845612056,0.18790683264614666,0.04663311481785433,0.00670048218423195
v16h,1536,4127,81013,exposure_matched_local,1941351013,degree_depth_global_age_bin_double_edge_swap,5,6762121277766813614,888783076474108577b0fdb9c2222c4f76aa61513bf0f33ec6cc79f0fb4670d6,341982,0.00416255742078215,29.727684498014515,0.8782918399213994,0.00966717546537537,0.010918703323566738,0.026925393734173145,0.07419688755548538,0.20129129603312454,0.37094934821130937,0.21413700136264482,0.07440450082168067,0.017509693492639963
v16h,1536,4127,81013,exposure_matched_local,1941351013,degree_depth_global_age_bin_double_edge_swap,6,2611698885632290785,39e45cd9d730e5c4b29e43cb2b335f6077a4566ae9d2a962fccaeb87c2184ae0,298145,0.00012060616853260485,26.179724630632744,0.8614432574753895,0.011155645742843247,0.01272870583105536,0.031404182528635395,0.08326820842207651,0.21780006372738098,0.39186637374431904,0.19352328564960003,0.04558855590400644,0.012664978450083013
v16h,1536,4127,81013,exposure_matched_local,1941351013,degree_depth_global_age_bin_double_edge_swap,7,17732477188915948378,b05e3e213228fc9e7c718a3a314d828208f03e4810417a497f4718ca0e406a13,298833,0.000425813014882142,25.16308774466006,0.8609825554741277,0.011166772076711741,0.012665937162227733,0.03106417296617174,0.0841205623207611,0.23151726884246385,0.3955620697847962,0.17782841921742243,0.046832177169188145,0.009242620460257067
v16h,1536,4127,81013,exposure_matched_local,1941351013,degree_depth_global_age_bin_double_edge_swap,8,8355476185125900927,7271040d2b72fb3d59532c5c80a56127a3a9892d2428cf4420abd5099d748f1a,325222,0.00285858744663607,29.370645282299474,0.8709281659912306,0.01022993524423317,0.011715074625947813,0.02914316989625548,0.07798365424233293,0.20811015244971126,0.36790561524128135,0.20945999963102127,0.06530308527713377,0.020149313392082948
v16h,1536,4127,81013,exposure_matched_local,1941351013,degree_depth_global_age_bin_double_edge_swap,9,10814483576720854889,02c91e8d7f278456078f7295bebf45db453587926739e22e1f62fcce11be174a,316959,0.001433075866119325,25.058212576390005,0.8706299552939024,0.010484005817787159,0.011878507945822646,0.029095245757337698,0.07791228518515013,0.21725207361204446,0.4201426682946375,0.18891086859814676,0.03553771938957405,0.00878662539949962
v16h,1536,4127,81013,exposure_matched_local,1941351013,degree_depth_global_age_bin_double_edge_swap,10,15468104271004078292,21db98bfd9b914087169e2292ecb545efa3dc7ba6ecc05d0aad4820f48fadc20,341143,0.0002920252407546212,26.46453833143286,0.8730678923501288,0.009778890377349088,0.011185924964018022,0.02792377390126721,0.07804351840723685,0.22329932022641533,0.38420251917817455,0.20509874158344155,0.048428371679911354,0.012038939682186063
v16h,1536,4127,81013,exposure_matched_local,1941351013,degree_depth_global_age_bin_double_edge_swap,11,3710023308314953447,8b442058708e76b0f07786276fce7a5cdb07aca41cda726fe64605bc59fdf30b,300178,0.0005639450156878939,24.75334301647689,0.8592401841574,0.011146719613029602,0.012812397977200194,0.031627900778871204,0.08517279747349905,0.2274750314813211,0.3907081798133108,0.19292553085169467,0.04119222594593874,0.0069392160651346865
v16h,1536,4127,81013,exposure_matched_local,1941351013,degree_depth_global_age_bin_double_edge_swap,12,17550293486395296277,55ff9b8db46bea23617138ca2ff80d212f5ebffc970dfe8418ef32290a1de43f,256885,0.0028231859075493713,24.234350000973198,0.8350545964147381,0.012994141347295483,0.014753683554898107,0.03672460439496272,0.10047297428810557,0.25301204819277107,0.3555793448430231,0.17185900305584212,0.044623080366701054,0.009981119956400724
v16h,1536,4127,81013,exposure_matched_local,1941351013,degree_depth_global_age_bin_double_edge_swap,13,11723992918086247581,16e30bf00554bdab8962d663f35968af48923343e40f05eb922069cf00b2fb0b,345566,0.0020113560788700005,27.578696978290687,0.8805003964510397,0.009647939901494939,0.01094436373948826,0.026750316871451473,0.07215698303652558,0.1993135898786339,0.40150072634460565,0.20831910546755178,0.0619563267219576,0.009410648038290803
v16h,1536,4127,81013,exposure_matched_local,1941351013,degree_depth_global_age_bin_double_edge_swap,14,12023482799627143754,c278e74c125d8a8cb247b7f1261b7c584cda1cae502966efc11957e16022c1f0,299321,0.0012722805743266888,24.595534559887213,0.8611624309687593,0.011108475516251784,0.012625241797267817,0.03125073082075765,0.08385312089696347,0.22671646827319167,0.4133221524717611,0.1674155839383137,0.04557314722321521,0.008135079062277622
v16h,1536,4127,81013,exposure_matched_local,1941351013,degree_depth_global_age_bin_double_edge_swap,15,12189358718865240652,c31f1a2f2a9a8c859cbb80f3999ecf78626de88f8d7ccc246608dd55af0d1121,296063,0.0009032189513492713,25.174023771967452,0.8518592326633183,0.011288137997655904,0.013047898589151632,0.032489706582720566,0.09131502416715362,0.24372515309241613,0.37079608056393404,0.18045145796671655,0.0450681105035077,0.01181843053674387
v16h,1536,4127,81013,exposure_matched_local,1941351013,degree_depth_global_age_bin_double_edge_swap,16,7627369182908037997,dbe2c4a38b112d58b64be17af52f8fee1961294da8a4c91ecfad850553df0a5f,296915,0.00032970760049263597,25.61989795059192,0.8616809524611421,0.011174915379822507,0.012714076419177206,0.03119411279322365,0.08323594294663456,0.22090160483640098,0.38225418048936566,0.20456359564185037,0.0461445194752707,0.007817052018254382
v16h,1536,4127,81013,exposure_matched_local,1941351013,degree_depth_global_age_bin_double_edge_swap,17,4780120636260640067,248f1c7728db659d766ec8f3245b4aaede9318945f215e1eb3fbdd6178c1997a,281952,0.0016190894868021628,24.01178569401884,0.849140988537056,0.011838894563613665,0.013569685620247417,0.033782345931222334,0.09166808534786063,0.2382745999319033,0.39260228691408466,0.1732741743275451,0.0361976506639428,0.00879227669958007
v16h,1536,4127,81013,exposure_matched_local,1941351013,degree_depth_global_age_bin_double_edge_swap,18,2043350943102489500,d73559c67ab331015e19510a7cc5666f80886d9c5528ce676bc84159bfb5942b,333274,0.0005959497621652244,25.405126112448016,0.8744126454508903,0.009982776934294304,0.011297010867934493,0.027721934504341773,0.07658563224253917,0.22219555080804382,0.40130343201089796,0.19948450824246716,0.04384080366305202,0.0075883507264293045
v16h,1536,4127,81013,exposure_matched_local,1941351013,degree_depth_global_age_bin_double_edge_swap,19,13303801674496909992,c0fe78d25a2f6c448b3afd35356786ae3f5d9a113d40af5cc89ad26c87eb5b2d,305735,0.0008464448793338768,25.72549430061982,0.8686018937969157,0.010921222627438795,0.01238981470881646,0.02980031726822248,0.07828675159860664,0.2144013606554696,0.4012919685348423,0.19440692102637905,0.05249317219160384,0.006008471388620864
v16h,1536,4127,81013,exposure_matched_local,1941351013,degree_depth_global_age_bin_double_edge_swap,20,9647721506348047937,3b27b8a99617fe9f737b019878d7565b7c9a36381a6546f1a908d5f82c3cc181,314484,0.0019445962462874356,27.620622988768904,0.8740476463031506,0.010623751923786265,0.012111903944238816,0.029276529171595376,0.07394016865722898,0.19390811615217307,0.39190547054858116,0.22408771193447044,0.052034443723687054,0.012111903944238816
v16h,1536,4127,81013,exposure_matched_local,1941351013,degree_depth_global_age_bin_double_edge_swap,21,1025082776503666065,2267e080f0ea7215f0be790256c79c3aa8ee35a931ab9dab0eca632c04bb4dd7,312920,0.00020300319457672452,26.61182091269334,0.865090118880225,0.010628914738591334,0.012057394861306404,0.029854275853253228,0.08236929566662406,0.2202096382461971,0.3836028377860156,0.1949795474881759,0.05399463121564617,0.012303464144190208
v16h,1536,4127,81013,exposure_matched_local,1941351013,degree_depth_global_age_bin_double_edge_swap,22,67547348083047911,59d9da49081dcbb68b88dbc74d0956040c2c163196cfafb40807a85881e81dd5,335001,0.0009034440325312288,26.881716770994714,0.8786093175841266,0.009931313637869737,0.011199966567263978,0.02719991880621252,0.07305948340452716,0.21073668436810636,0.398551049101346,0.20585908698780003,0.05428939018092483,0.009173106945949415
v16h,1536,4127,81013,exposure_matched_local,1941351013,degree_depth_global_age_bin_double_edge_swap,23,13475651112007121049,73663306380e208dda49024bb9e4cef9d916174c05b7d2b25232a17882e9276d,286067,0.0038900317325257293,23.153862556673786,0.8526708778013542,0.01163713395812869,0.01332554960900768,0.03277903428217865,0.08958740434933075,0.24700856792289919,0.3945509268807657,0.17900002446979205,0.025521993099518643,0.0065893654283786665
v16h,1536,4127,81013,exposure_matched_local,1941351013,degree_depth_global_age_bin_double_edge_swap,24,6876140869611988451,61cbdf5997e8e27bc0f491c115d116a87168f9f7cedcb8875ffdff215bc73a05,321460,0.0005838741442504443,27.21860884713495,0.8614944316555715,0.010393205997635787,0.012076152553972501,0.03059167548061967,0.08544453431220059,0.22423629689541466,0.38253281901325203,0.18873887886517762,0.04906675791700367,0.01691967896472345
v16h,1536,4127,81013,exposure_matched_local,1941351013,degree_depth_global_age_bin_double_edge_swap,25,284491567414317845,1230a454196bafb60eab3cf91f988433713c57aa0f674021745af9c697d08593,320178,0.0019409384531384564,28.18506268388209,0.872973783333021,0.010372355377321365,0.011687248967761682,0.028468539374972672,0.07649807294692328,0.20775006402688503,0.3713840426262891,0.21717294754792646,0.0638769684363073,0.012789760695613064
v16h,1536,4127,81013,exposure_matched_local,1941351013,degree_depth_global_age_bin_double_edge_swap,26,12024300591686933419,cf311a7bf29fba838214eecb5c23f54070483903b5fcd4bb94cf57df3830c775,319794,0.0010507132181708366,27.971531673514825,0.8721082947147226,0.010409826325697168,0.011829490234338356,0.028730995578403598,0.07692139314683828,0.20760552105417862,0.38349374910098377,0.2117206701814293,0.054375629311369196,0.014912725066761728
v16h,1536,4127,81013,exposure_matched_local,1941351013,degree_depth_global_age_bin_double_edge_swap,27,16433554342663488354,157043bf909f967a0cbd9a4ee6c7210bc00727eac742597ac3bfe249e1f5c65f,315047,8.474702901933966e-05,25.69873701384238,0.863839363650503,0.010541284316308361,0.012023602827514624,0.02997330557027999,0.08362244363539409,0.23072430462756352,0.3835745142788219,0.19364094881081234,0.045383704653591365,0.010515891279713821
v16h,1536,4127,81013,exposure_matched_local,1941351013,degree_depth_global_age_bin_double_edge_swap,28,14242337755612873173,f21f092178f0a7b69bd533633c3c1f0b0eb270e69d420f5c021c5bfab0c04a28,306196,0.0001416613540702665,25.61991338880978,0.8586983500764216,0.010881918770983292,0.012560582110804843,0.03154515408431201,0.08631399495747821,0.2313126232870449,0.37789847026087864,0.19197507478869744,0.046447373577708395,0.011064808162092255
v16h,1536,4127,81013,exposure_matched_local,1941351013,degree_depth_global_age_bin_double_edge_swap,29,3745301342035828655,5a8e0f3596a04741e78ba2a82faa5f1acbe1e35bc09f4d55773cbcfb89004b87,291833,0.001439252460611551,24.46683891129516,0.8507879506430047,0.011414062151984183,0.013031425507053692,0.03277902087837907,0.09198754081957831,0.24302940380285987,0.38658410803438953,0.17051532897239174,0.03941295192798621,0.01124615790537739
v16h,1536,4127,81013,exposure_matched_local,1941351013,degree_depth_global_age_bin_double_edge_swap,30,265063562506519143,41a5cf58268744bda29c640ce055d02ec9e996be1c7245cff33c072f1dce9276,294847,0.0005400034355220512,26.571564235010023,0.8602190288522522,0.011293993155772316,0.012826991626165435,0.031222973270882866,0.0844370130949272,0.228888203034116,0.38085176379613833,0.1894202756005657,0.044796114595027255,0.01626267182640488
v16h,1536,4127,81013,exposure_matched_local,1941351013,degree_depth_global_age_bin_double_edge_swap,31,3422472117128707777,420f8afa17ede723f93e0d730ab1e038fd167cf34aac40c2cede217ba0280990,287019,0.0009557365396232057,25.08128730153753,0.8546158965085935,0.011602019378508042,0.013068821227862964,0.0322034429776426,0.08850981990739289,0.2337580438925646,0.3852358206251154,0.18690400287089007,0.03592096690463001,0.012797062215393406
v16h,1536,4127,81047,current_global,1841351047,degree_depth_global_age_bin_double_edge_swap,0,387839634949721771,7d7c8838390319bc7661f77f15c09b8dca6a096bc8ecde5579d3e2101121c01c,189065,0.0002988742260870597,22.59862481157274,0.8194642054319943,0.01749133895750139,0.019427181128183427,0.043942559437230584,0.09967471504509032,0.20784386322164336,0.3770184857059741,0.21085869938909899,0.01959643508846164,0.0041467220268161745
v16h,1536,4127,81047,current_global,1841351047,degree_depth_global_age_bin_double_edge_swap,1,18169539461056228929,3d2911f99bb20653c8a4e422bff21fe6d01def7d833a1e0afd69f1eeea76778e,193845,0.00022202966541374393,22.239268487709253,0.8206040908973665,0.017065180943537362,0.01896360494209291,0.04336454383657046,0.10000257938043282,0.2167350202481364,0.38464236890298953,0.19453171348242151,0.02046996311485981,0.00422502514895922
v16h,1536,4127,81047,current_global,1841351047,degree_depth_global_age_bin_double_edge_swap,2,6529008465077732855,47ed5699ee85de947d3b684f7cc5920295192f4e08cd213b789bbff0c701a843,212363,0.0003771590172154375,23.751552765783117,0.8351454820284137,0.01557239255425851,0.017253476358876075,0.0395925843955868,0.092436064662865,0.20845439177257807,0.3804805921935554,0.21421810767412403,0.026172167467967584,0.005820222920188545
v16h,1536,4127,81047,current_global,1841351047,degree_depth_global_age_bin_double_edge_swap,3,17729963426383329509,36c83d6347f3e2e1426fe140c7e19c8db10273a45610c9e42f24cf7ea35e7f73,214955,0.00038530725146889886,23.805791909934637,0.8300900188411527,0.015389267521109069,0.017245469982089274,0.04044567467609499,0.09682956897955386,0.21155125491381918,0.3866483682631248,0.19705054546300388,0.027722081365867273,0.007117768835337629
v16h,1536,4127,81047,current_global,1841351047,degree_depth_global_age_bin_double_edge_swap,4,10287025048693850046,72d0597f68ccb68f0eaedb5e1f5a7af48632667fddd75e3bf74dd1af24663630,199225,0.00017084115925310671,22.48327770109173,0.821006399799222,0.016569205671978917,0.01845149956079809,0.04288618396285607,0.10108671100514494,0.21817041034006776,0.3692006525285481,0.20780022587526667,0.02169908395030744,0.004136027105031999
v16h,1536,4127,81047,current_global,1841351047,degree_depth_global_age_bin_double_edge_swap,5,5919906600461661743,9d24fa5efde7a91969d321fb4e888070b071f8da0aea62c9974845548534c268,204581,0.00015650691930218895,23.298551673909113,0.8270464999193474,0.01619407471857113,0.01814440246161667,0.04183184166662593,0.09678318123383892,0.20844066653306026,0.3800010753686804,0.20715022411660908,0.026463845616161812,0.0049906882848358355
v16h,1536,4127,81047,current_global,1841351047,degree_depth_global_age_bin_double_edge_swap,6,12670751683477059883,c34eba2cbc60a2111f332812e26d9d8c0bc57db085d7ff4d711efec6b8cda73c,201762,7.702893211179932e-05,23.23098006562187,0.8255221498597357,0.016350948146826458,0.01814514130510205,0.04196528583182165,0.09801647485651412,0.2144606020955383,0.3763691874584907,0.20763572922552315,0.020999990087330618,0.006056640992852965
v16h,1536,4127,81047,current_global,1841351047,degree_depth_global_age_bin_double_edge_swap,7,17840468842715030983,7c53ff305509cdcb41281c7ce848bea0aa6c3b116bbacf30637231f4ffb11faa,201735,0.00011084717685125122,22.87780504126701,0.8230996108756536,0.01639774952288894,0.018395419733809204,0.04293751703968077,0.09916970282796739,0.21189679530076586,0.37705405606364784,0.20819887476144447,0.021820705380821374,0.004129179368974149
v16h,1536,4127,81047,current_global,1841351047,degree_depth_global_age_bin_double_edge_swap,8,8657566432678182035,37949ac05e76958c2cbc6fdbcb948c0c62ba3fdfd506f26510745d3c5bca9657,201299,0.0006290394288147997,22.68873665542303,0.8277885136041412,0.016408427264914382,0.018191843973392813,0.041430906263816514,0.09618030889373519,0.21456639128858068,0.39738399097859406,0.1845364358491597,0.02636376733118396,0.004937928156622735
v16h,1536,4127,81047,current_global,1841351047,degree_depth_global_age_bin_double_edge_swap,9,13527269435434600028,46f42d65a66536f6df750d581e1669ebeba78436701de3797cb270e0b4348ac4,209280,0.0003291364079840976,22.9626624617737,0.8334336773700306,0.015792240061162078,0.01744552752293578,0.03976968654434251,0.09355886850152906,0.20823776758409787,0.3928803516819572,0.2052895642201835,0.023040902140672784,0.003985091743119266
v16h,1536,4127,81047,current_global,1841351047,degree_depth_global_age_bin_double_edge_swap,10,16537871422714803780,2cff86cdc43f458d4e08916ca03cf714c252d543ac700d7f61802ccf84bdb7d0,184473,0.00042584679554410717,22.414564733050366,0.8127314024274556,0.017937584361939145,0.020084239970076922,0.0459254199801597,0.10332135326036873,0.21563589251543586,0.36669322881939365,0.20623072211109486,0.020626324719606664,0.0035452342619245094
v16h,1536,4127,81047,current_global,1841351047,degree_depth_global_age_bin_double_edge_swap,11,4124972978164420906,acc726449136bf3b6704b58d5aafeffda763154cc846fc3e64acc36bdd9ba9e6,214051,0.0010746245894543741,24.414452630447883,0.8386319148240372,0.015416886629821864,0.017108072375275053,0.039070128147030384,0.08977299802383544,0.19895258606593755,0.38577254953258805,0.22384852208118625,0.02218162961163461,0.007876627532690807
v16h,1536,4127,81047,current_global,1841351047,degree_depth_global_age_bin_double_edge_swap,12,112422131354000575,1eaae9736dd592de326abb52524dd8515896d324cf55d4222daa3acfbdaf0e53,200562,0.0002734898166490596,22.554526779748905,0.8255900918419241,0.016488666846162285,0.018228777136247147,0.041657941185269394,0.09803452299039699,0.21411832749972576,0.38384140565012315,0.2048992331548349,0.01870244612638486,0.004028679410855496
v16h,1536,4127,81047,current_global,1841351047,degree_depth_global_age_bin_double_edge_swap,13,3669817896001958318,1bc7377ec88a030e00693c65131b661318b0a4d85a79e3f2b48627cabe737980,197926,0.00014304221319590246,22.47369218798945,0.8223730080939341,0.016703212311672037,0.018592807412871476,0.0426977759364611,0.09963319624506128,0.21706597415195578,0.37677717934985805,0.20284348695977283,0.021977910936410577,0.003708456695936865
v16h,1536,4127,81047,current_global,1841351047,degree_depth_global_age_bin_double_edge_swap,14,18338160298535538237,04e6817f5889ddc6b4c2d564b00533ac25ffe48a0513377012b63e2dd839d1d8,211693,0.00045506637375921765,22.724832658614126,0.8257523867109446,0.015602783275781438,0.01743562611895528,0.04077602943885721,0.10043317445546145,0.22694184503030332,0.3630445976012433,0.2108477842914031,0.019882565791027575,0.005035593996967306
v16h,1536,4127,81047,current_global,1841351047,degree_depth_global_age_bin_double_edge_swap,15,9331134373385132244,da9ead9a25af63fb13967bba69589c08aba3ba0ba26fcd923096711bab46cfc7,196791,0.00014201928391170972,22.801921835856316,0.8203932090390312,0.0168452825586536,0.01872036830952635,0.04329974439888003,0.10074139569390876,0.21547225228796033,0.3832339893592695,0.1938249208551204,0.021682902165241297,0.006179144371439751
v16h,1536,4127,81047,current_global,1841351047,degree_depth_global_age_bin_double_edge_swap,16,17978098035943023895,118db7c676fce8ff556be924fa8b6f4de4568a54fbba36a5bb6b209cdb76d897,186189,0.0005602783059125629,22.162232999801276,0.8135765270773246,0.017745409234702372,0.019786346132156036,0.04575995359554002,0.10313176396027693,0.21480323757042574,0.37711680067028663,0.20041463244337743,0.016493992663368942,0.004747863729865889
v16h,1536,4127,81047,current_global,1841351047,degree_depth_global_age_bin_double_edge_swap,17,3489670370008892567,837c1beb391b748ac9f6977802f1b32007f39d746f5d8db2cc270422c767a5fc,192631,0.00036734697060549425,22.72094315037559,0.8130518971505105,0.017177920480088874,0.019109073825085268,0.0447591509154809,0.1059019576288344,0.22131432635453277,0.36870493326619286,0.1954929372738552,0.02085853263493415,0.006681167620995582
v16h,1536,4127,81047,current_global,1841351047,degree_depth_global_age_bin_double_edge_swap,18,4542886457192585490,b8f41b224f0dc483ff386c7e9eee8177de2e4e5e688a9d2c1b158c9d449531fc,203534,0.00011560990859246705,23.55971975198247,0.827984513643912,0.01625772598189983,0.018021559051558955,0.04128057228767675,0.09645562903495239,0.21052010966226772,0.38430925545609085,0.20157320152898286,0.025361856004402213,0.006220090992168385
v16h,1536,4127,81047,current_global,1841351047,degree_depth_global_age_bin_double_edge_swap,19,5351658696017709351,2756d4a88ca01996b8f25cbcc1130c3b8ad8073bdcc63599f17adb52a524ef0c,203379,0.0002996400183948504,23.42901184488074,0.8278583334562566,0.016220947098766342,0.017892702786423378,0.04094818049061112,0.09707983616794261,0.2091268026689088,0.373042447843681,0.2127702466823025,0.02752988263291687,0.005388953628447381
v16h,1536,4127,81047,current_global,1841351047,degree_depth_global_age_bin_double_edge_swap,20,12241121726251224473,9a98573bc519d8c26b18d6363c4fa324d3c64084adbf205c711c01a21baf96a3,196720,0.00020712847683606645,22.2673241154941,0.822844652297682,0.016795445302968687,0.01862545750305002,0.04291378609190728,0.09882065880439203,0.21503151687677918,0.38692557950386336,0.19571980479869866,0.021223058153721025,0.003944692964619764
v16h,1536,4127,81047,current_global,1841351047,degree_depth_global_age_bin_double_edge_swap,21,2377056595844623214,309eeaff9b10af31d33dd41ea9b95d874331690e8a0012d52fb56538ba1029a6,193070,8.839875495462467e-05,22.878199616719325,0.8188377272491842,0.01711814367845859,0.01908634174133734,0.04385973999067696,0.10109804734034288,0.215636815662713,0.3752162428134873,0.20002071787434608,0.021634640285906667,0.0063293106127311335
v16h,1536,4127,81047,current_global,1841351047,degree_depth_global_age_bin_double_edge_swap,22,5403847991647931883,c2562078c6abb8dd5930f73dba5eabff89ebec23515b187cbd2ad50870c7e4f2,203955,0.00012430461244804233,23.086675982447108,0.8254713049447182,0.016253585349709495,0.018077517099360153,0.04222990365521806,0.09796768895099409,0.21159079208648968,0.386129293226447,0.19871049986516634,0.02223039395945184,0.006810325807163345
v16h,1536,4127,81047,current_global,1841351047,degree_depth_global_age_bin_double_edge_swap,23,5583575780444867408,bf66693da3cb75a532a2fee0269af4345df9858b19c04eb81691074af28f4bd6,192580,0.00033446782010445556,22.509642745871844,0.8173122858033025,0.017182469623013813,0.019088171149652094,0.04386229099594974,0.10255478242808183,0.21663204901858968,0.36710977256205213,0.20698411049953266,0.02331498597985253,0.0032713677432755217
v16h,1536,4127,81047,current_global,1841351047,degree_depth_global_age_bin_double_edge_swap,24,11427422565540860570,b547411e20254e87f52b1f6e87cd399a0a809566dd4197b1f46728395c7d4114,203599,0.00021219037730234208,23.68867234121975,0.8240413754487989,0.016286916929847396,0.018114037888201807,0.0419943123492748,0.09956335738387713,0.21307079111390528,0.37616098310895435,0.20203439113158708,0.024906802096277488,0.007868407998074646
v16h,1536,4127,81047,current_global,1841351047,degree_depth_global_age_bin_double_edge_swap,25,967375493439877212,abd9b7a8b35352b903d62ef67246fc2a03948d1ff5a89354f915fb97704e0121,178892,0.001981137717464616,21.83586745075241,0.7979451289045905,0.0184971938376227,0.020638150392415535,0.04843145585045726,0.11448807101491403,0.23630458600719986,0.35274914473537106,0.18009189902287415,0.023651141470831562,0.005148357668313843
v16h,1536,4127,81047,current_global,1841351047,degree_depth_global_age_bin_double_edge_swap,26,6538426334802679442,1601c26e57b64e338df238dd3afa4a8826d5b69c96cb7c1a626bb8466c191671,206838,0.00021765008951981154,23.793838656339744,0.8320279639137876,0.01594968042622729,0.01754996664055928,0.04017636991268529,0.09429601910674054,0.2082934470455139,0.38194625745752714,0.21056092207428034,0.025314497336079444,0.0059128400003867765
v16h,1536,4127,81047,current_global,1841351047,degree_depth_global_age_bin_double_edge_swap,27,64535803587846325,108927de14695a30c944bdaf44f804dddfba90b622c84453fbfd82691030fdc8,195603,5.537115716976669e-05,22.87445489077366,0.8205037755044656,0.01689135647203775,0.018910752902562843,0.04356272654304893,0.1001313885778848,0.21132088976140448,0.3826270558222522,0.19779348987489967,0.023215390356998614,0.005546949688910702
v16h,1536,4127,81047,current_global,1841351047,degree_depth_global_age_bin_double_edge_swap,28,9729390787286869740,ddab1e111b844230024012bc160b6f6869e9d3609d086bc7fd0ce39293b78be7,218039,0.0016184223622831154,24.789262471392732,0.832456578868918,0.015171597741688414,0.017107031310912266,0.04009374469704961,0.09517104738143176,0.20732529501602925,0.3761758217566582,0.20387637074101422,0.035755071340448266,0.009324020014768
v16h,1536,4127,81047,current_global,1841351047,degree_depth_global_age_bin_double_edge_swap,29,13014824675012196309,5a310b7f4b5460af02cadd2229ef525a21ccd5632e50469efe585c3a1d0d685b,205861,8.273666359538063e-05,23.126026785063708,0.822603601459237,0.01605937987282681,0.01790528560533564,0.042072077761207805,0.10135965530139268,0.2190750069221465,0.3745682766526928,0.1987554709245559,0.024497112129057957,0.005707734830783878
v16h,1536,4127,81047,current_global,1841351047,degree_depth_global_age_bin_double_edge_swap,30,12328453532719061228,5f89bef8d14ef5bfc2b77be8c58f7ffcbdfebd989681064c52d096c1623dfd28,211322,0.00017543131496683948,22.933821372124058,0.8291185962654148,0.015686961130407625,0.01746150424470713,0.04082868797380301,0.09690425038566737,0.21458248549606762,0.3894672584965124,0.19854534785777156,0.020636753390560376,0.005886751024502891
v16h,1536,4127,81047,current_global,1841351047,degree_depth_global_age_bin_double_edge_swap,31,7217423585219779157,a56d3e6449be65d9a311d1d2c278533071dabf8bbda94175e2c1bca6504d6aa5,199553,0.00014313683395249761,22.773072817747668,0.8256553396841941,0.016516915305708257,0.01834099211738235,0.042028934668985184,0.09745781822373004,0.21503560457622786,0.3745721687972619,0.21047040134701056,0.02129760013630464,0.004279564827389215
v16h,1536,4127,81047,exposure_matched_local,1941351047,degree_depth_global_age_bin_double_edge_swap,0,3927314887228714269,6eae9ead9755b72b2d703f35ff8867aeee44c2548ddeca25a5bf6113c48ba58f,203425,0.0007942265483855562,21.89103109254025,0.8264077669902913,0.016236942362049894,0.017982057269263857,0.04095366842816763,0.09841956495022736,0.22335504485682683,0.39451886444635614,0.1838613739707509,0.02292245299250338,0.0017500307238540003
v16h,1536,4127,81047,exposure_matched_local,1941351047,degree_depth_global_age_bin_double_edge_swap,1,4544535382779931764,0fa183bfb6ef8dd8af08d975674c2bb21ecf19baef68d06ec5d5c5562cd881f7,221363,0.0016432936093664923,22.241042992731394,0.8354738596784467,0.01499798972728053,0.016804976441410716,0.03911222742734784,0.0936109467255142,0.22158174582021387,0.4042184104841369,0.18018368019949133,0.028875647691800347,0.0006143754828042627
v16h,1536,4127,81047,exposure_matched_local,1941351047,degree_depth_global_age_bin_double_edge_swap,2,11871890051220036591,a9f356c66fcc0a3416e2ea8fff6bd97e88b9e6b248871c44a9eeebfaaa0aaf6b,216063,0.00019069640186980763,21.528341270833042,0.8337059098503677,0.015273323058552366,0.016930247196419564,0.039141361547326475,0.09494915834733388,0.2255684684559596,0.4058538481831688,0.1829466405631691,0.018300217991974562,0.0010367346560956757
v16h,1536,4127,81047,exposure_matched_local,1941351047,degree_depth_global_age_bin_double_edge_swap,3,4935235755418885132,a5968b4888885dc694373db33e5c559ff40b09aace13f06af7bbd04ffe8a7beb,199734,0.00016384239807494278,21.34209999299068,0.8247819600068091,0.016526980884576485,0.018319364755124315,0.0417355082259405,0.09863618612754964,0.22762774490071797,0.3946098310753302,0.18360419357745802,0.018354411367118267,0.0005857790861846255
v16h,1536,4127,81047,exposure_matched_local,1941351047,degree_depth_global_age_bin_double_edge_swap,4,13431657059055340638,4ca7d76ff6c28bf62d21ef1234204638893e14f88bc06041547444cecabfe136,216062,0.00015142836032497304,21.365691329340653,0.8339920948616601,0.015315048458312892,0.01692106895243032,0.03887310123945904,0.09489868648813767,0.23079023613592395,0.3983162240468014,0.1872008960390999,0.01671279540131999,0.0009719432385148707
v16h,1536,4127,81047,exposure_matched_local,1941351047,degree_depth_global_age_bin_double_edge_swap,5,15900864144476446493,975d9d78f7a683813d74aca0b41545cf7f77cdb1345e2d176bf05be56e404c7b,202720,0.0013495319966840497,20.185882004735596,0.8239690213101816,0.016298342541436465,0.01803472770323599,0.041249013417521706,0.10044889502762432,0.2387134964483031,0.402767363851618,0.1746152328334649,0.00776440410418311,0.0001085240726124704
v16h,1536,4127,81047,exposure_matched_local,1941351047,degree_depth_global_age_bin_double_edge_swap,6,9674443026281148377,2c75bf5247d20b7b4df959e290120dcacb4433130e2e834e74f95ac3c75f888e,242622,0.0007394286587828567,21.587642505626036,0.8459084501817642,0.01364674266966722,0.015171748646041991,0.035503787785114295,0.08976927071741227,0.22927846609128602,0.4153868981378441,0.18558086241148783,0.015559182596796664,0.00010304094434964677
v16h,1536,4127,81047,exposure_matched_local,1941351047,degree_depth_global_age_bin_double_edge_swap,7,13697542957588943247,65f7f7d379eb3e1defd18e4784c412215b965beb14d84bd20a519580261ff2dd,217877,7.688685294675653e-05,21.2085396806455,0.8318822087691679,0.015233365614543986,0.017050904868343146,0.03960950444516861,0.09622401630277634,0.22703176562923116,0.40926761429613956,0.17967936037305451,0.01524254510572479,0.000660923365017877
v16h,1536,4127,81047,exposure_matched_local,1941351047,degree_depth_global_age_bin_double_edge_swap,8,12844223377429905555,259d5863ae0f72011ef25cb8f4adf5c7615c17f513c99baccd3ce5c37ced3178,193403,0.0003478574801344208,20.553388520343532,0.8185085029704814,0.017093840323056,0.018970750195188287,0.04297761668640093,0.10244928982487345,0.23924137681421695,0.39339100220782514,0.17232928134517045,0.012807453865762165,0.0007393887375066571
v16h,1536,4127,81047,exposure_matched_local,1941351047,degree_depth_global_age_bin_double_edge_swap,9,14624085621438265038,a710b1ee9a2157700e1b413df6f9c383b30f2a7fedadde7976b68227761d5ea1,199609,0.0007413138968593268,20.578015019362855,0.8238756769484342,0.016552359863533206,0.018335846580064024,0.041786692984785254,0.09944942362318332,0.22948364051721115,0.40528232694918565,0.1789849155098217,0.010009568706821837,0.00011522526539384497
v16h,1536,4127,81047,exposure_matched_local,1941351047,degree_depth_global_age_bin_double_edge_swap,10,13881944755410308302,229c5678e0ad9e701012c1295af1f4c63ceaa7fc4f775df345822316fb3e4e82,199958,0.0001305583165083501,21.232668860460695,0.8234879324658179,0.016573480430890488,0.018398863761389894,0.041928805049060304,0.0996109182928415,0.2282379299652927,0.3946878844557357,0.1821732563838406,0.017823742986027066,0.0005651186749217336
v16h,1536,4127,81047,exposure_matched_local,1941351047,degree_depth_global_age_bin_double_edge_swap,11,6134211026086965224,8f3780c970d58bb15d10508d27d54b140cfee31e0435315f4f5c95c2d75b09d6,199598,0.0003449028690976707,20.50007515105362,0.817553282097015,0.016573312357839258,0.01841200813635407,0.04310163428491268,0.104359763123879,0.23852944418280744,0.396832633593523,0.16583833505345744,0.01576669104900851,0.0005861782182186194
v16h,1536,4127,81047,exposure_matched_local,1941351047,degree_depth_global_age_bin_double_edge_swap,12,605575310804976855,3517012c74c884be5d407ccd1b231c09dce4d65609ef62e34d790ba5b560aa8a,198519,0.00046441299066291817,21.124335705902205,0.8234174058906201,0.01664828051723009,0.01845667165359487,0.04217228577617256,0.09930535616238244,0.23223469793823262,0.39965444113661663,0.17148988258050868,0.01774641218220926,0.0022919720530528566
v16h,1536,4127,81047,exposure_matched_local,1941351047,degree_depth_global_age_bin_double_edge_swap,13,4252974452356213726,eee1ecba0a735cdc86a85fbdcc3297738dc05017e6320a742290295b8b255169,190588,0.0009025475319621558,20.142160052049448,0.818776628119294,0.017309589271097867,0.019072554410561,0.04337628811887422,0.10146494008017294,0.23257497848762776,0.41168908850504754,0.1629535962390077,0.011459273406510378,9.969148110059395e-05
v16h,1536,4127,81047,exposure_matched_local,1941351047,degree_depth_global_age_bin_double_edge_swap,14,11367402536428145886,b23eea0a87d2f6d5fc316d754afbeb40df44ec2c9048fdb452c2df307a3a4478,205793,0.0004948326979353034,20.602109887119582,0.8236626124309379,0.01606954561136676,0.017843172508297173,0.04126962530309583,0.10115504414630236,0.23659696879874437,0.399862969100018,0.17598266218967604,0.010991627509196134,0.00022838483330336795
v16h,1536,4127,81047,exposure_matched_local,1941351047,degree_depth_global_age_bin_double_edge_swap,15,14473452006349077448,eddab9aff71d17ce9eaeb4273675d5e40d3d14b3fa6422502b53aa4d41bf9303,207742,0.0005408505386036314,20.432122536607906,0.8203540930577351,0.01592841120235677,0.017772044170172616,0.04184517334000828,0.10410027822972726,0.24352802996023915,0.3900848167438457,0.17457711969654668,0.011788660935198467,0.00037546572190505533
v16h,1536,4127,81047,exposure_matched_local,1941351047,degree_depth_global_age_bin_double_edge_swap,16,10733379078280023126,1278bf216b56dbbc55f560898df3b0b970c09dc94fd54c930c66364fa312ceeb,218119,0.0005045865315877015,21.561895112301084,0.8333524360555477,0.015202710447049546,0.016917370793007487,0.039079584997180436,0.09544789770721487,0.230025811598256,0.4082358712445958,0.17261678258198507,0.020745556324758503,0.0017284143059522554
v16h,1536,4127,81047,exposure_matched_local,1941351047,degree_depth_global_age_bin_double_edge_swap,17,7061952300361651038,6bc68221cf165acb2758dc093c8ee441fef305218c40f03fcd78afe4bb68c118,201276,0.0003524059143932009,20.901935650549493,0.821598203461913,0.01644508038713011,0.018273415608418293,0.041992090462847034,0.10169121007969156,0.2332717263856595,0.39007631312227986,0.1835340527434965,0.014606808561378406,0.00010930264909874997
v16h,1536,4127,81047,exposure_matched_local,1941351047,degree_depth_global_age_bin_double_edge_swap,18,13152417815960593955,1cb936017e2beb7407bcceb319ef8aafc9f0ffea11d771e033a4635602af7d0d,196182,0.00015823856542324604,20.7540803947355,0.8226136954460653,0.016821115087011042,0.01849812928811002,0.04207827425553822,0.09998878592327533,0.23208551243233325,0.4040635736204137,0.17139696812143826,0.01406856898186378,0.0009990722900164134
v16h,1536,4127,81047,exposure_matched_local,1941351047,degree_depth_global_age_bin_double_edge_swap,19,8001643090392741416,7b4a113b05e9c9b07d476341f1033fcc519b2c395404620f342b724171f4dd2f,207716,6.162691584438257e-05,20.939749465616515,0.8301767798340042,0.015954476304184558,0.01763946927535674,0.040107646979529746,0.09612162760692484,0.23195131814593,0.4080378978990545,0.17340503379614475,0.016224075179572108,0.0005584548133027788
v16h,1536,4127,81047,exposure_matched_local,1941351047,degree_depth_global_age_bin_double_edge_swap,20,13672323251868522472,d305c503e59b7df9f198f80e5fd033d6d5c810f309ae4ad0e38c0f5b08af81de,239249,0.0007370523176029331,21.7068033722189,0.8450819021187131,0.013814059828881207,0.015419082211419901,0.03602104919978767,0.08966390664119808,0.2389142692341452,0.4075502927911924,0.17694117843752744,0.01997082537440073,0.0017053362814473624
v16h,1536,4127,81047,exposure_matched_local,1941351047,degree_depth_global_age_bin_double_edge_swap,21,16425241254446791250,870f73459553dd47a3eb0e1d83fa8e69dd27222d83e09a13d7d50f4055ea3932,189665,0.0003553461332255355,20.325484406717106,0.8172883768750164,0.01742546068067382,0.019233912424538,0.04364537473967258,0.10240687528009912,0.2352516278701922,0.39702106345398464,0.17172910131020483,0.01261698257453932,0.0006696016660954841
v16h,1536,4127,81047,exposure_matched_local,1941351047,degree_depth_global_age_bin_double_edge_swap,22,7150919407484883547,606319a47f199149bebd75df72f52175475d0bfa2d69524712a6dca0b5f5c9f9,211503,0.00016851650352340294,20.658614771421682,0.8256951438041068,0.015673536545580912,0.017479657498948007,0.04061408112414481,0.10053758102721948,0.23233240190446472,0.4044197954638941,0.17550578478792264,0.013021091899405682,0.00041606974841964416
v16h,1536,4127,81047,exposure_matched_local,1941351047,degree_depth_global_age_bin_double_edge_swap,23,17006782305315967231,5e642086a857ee0c01dbffc58020d11a032f5628c0b4d720d9a35b8639fa4074,205674,3.005515226164628e-05,21.147383723757013,0.8282670634110291,0.01606425702811245,0.01783891011989848,0.040748952225366356,0.09708081721559361,0.2318523488627634,0.3981883952273987,0.1820210624580647,0.015616947207717067,0.000588309655085232
v16h,1536,4127,81047,exposure_matched_local,1941351047,degree_depth_global_age_bin_double_edge_swap,24,7479549036824874797,347c27ea18cb1985661760f32181a80bde4fb4c3604cbd1b24920f7cc0dfd8c5,234202,0.00020280617137505194,21.179870368314532,0.8375931887857491,0.0141672573248734,0.015862375214558373,0.03736945030358409,0.09500772837123508,0.24160340219127077,0.40156787730249954,0.17770557040503496,0.01600327922050196,0.0007130596664417896
v16h,1536,4127,81047,exposure_matched_local,1941351047,degree_depth_global_age_bin_double_edge_swap,25,817257368480771387,dc64f5f394255fe06f87d8983bd2065fcfa81b186ec5986b83c07aba9acf894a,201536,0.00045091216190244505,20.454762424579233,0.8213222451571928,0.016463559860273102,0.01836396475071451,0.04231998253413782,0.1015302476976818,0.23819565735154016,0.4060564861860908,0.1616088440774849,0.015074229914258495,0.00038702762781835505
v16h,1536,4127,81047,exposure_matched_local,1941351047,degree_depth_global_age_bin_double_edge_swap,26,8897952514809349195,758a54c57477247f0a9c88c0cd0680a3281f116782e6d027ac097d4cb0c0a0ea,224529,0.0009731252039401336,22.069817261912714,0.8406842768640131,0.014759786041001385,0.016380957470972568,0.03761206792886442,0.0905629116951485,0.21584294233707005,0.40685612994312537,0.2001077811774871,0.01747213054883779,0.00040529285749279603
v16h,1536,4127,81047,exposure_matched_local,1941351047,degree_depth_global_age_bin_double_edge_swap,27,7209486186358701076,c9fd2663156cc30e190048e7798cd72e1abf2fd57b4a5b49f7d529ed60ea8f04,201852,0.0001909210750365496,20.54851574420863,0.823771872461011,0.01632384123020827,0.018013197788478687,0.041104373501377245,0.10078671501892476,0.2363662485385332,0.404083189663714,0.16858886709073975,0.014198521689158394,0.0005350454788657035
v16h,1536,4127,81047,exposure_matched_local,1941351047,degree_depth_global_age_bin_double_edge_swap,28,16423966427403234221,17a2f012889c9cacbae0dbc19028712f7ef04c3bc6799edb1bd7ec23d7d12186,217248,0.0007359817022939738,21.49443493150685,0.836739578730299,0.01519921932537929,0.016791869200176758,0.03844454264250994,0.092824790101635,0.2232011341876565,0.4007723891589336,0.19915948593312713,0.012773420238621299,0.0008331492119605244
v16h,1536,4127,81047,exposure_matched_local,1941351047,degree_depth_global_age_bin_double_edge_swap,29,13042975546801170948,3b7e7a7beddb746765c2785edee0bbe78caae991d1a5a2d203a9bcea3311bf5c,206170,0.0004077862402515232,21.395843236164332,0.8302080807100936,0.01605956249696852,0.01777659213270602,0.04032109424261532,0.09563467041761653,0.22527040791579764,0.39440267740214385,0.19290391424552553,0.017369161371683563,0.0002619197749430082
v16h,1536,4127,81047,exposure_matched_local,1941351047,degree_depth_global_age_bin_double_edge_swap,30,14886274317682368215,577251da2a99de34a77c8c4fa465b684b6e467b27a0b1e7265071a8d18b1e6a6,213455,0.0001290369230683537,20.833941580192548,0.8274624628141762,0.015464617835140896,0.017151155981354384,0.03988662715794898,0.10003513621137945,0.23787215103886064,0.3989693377995362,0.1750439202642243,0.015286594364151695,0.000290459347403434
v16h,1536,4127,81047,exposure_matched_local,1941351047,degree_depth_global_age_bin_double_edge_swap,31,2592254532581416137,01dd1bac73a57ea85faac1c8651dec33ed22137191488f7a87534b84e928593a,228957,0.0008536018018990468,21.693588752473172,0.8385242643815214,0.014404451490891302,0.015928755181103874,0.036897758094314656,0.09424477085216874,0.2416174216119184,0.3959215049114026,0.17687163965286057,0.022209410500661695,0.001904287704678171
v16h,1536,4127,81091,current_global,1841351091,degree_depth_global_age_bin_double_edge_swap,0,2099440245330810219,331b3429c9eab22cad5fee3b8d622b4b851a3837950c9cccca94e21839d340dd,304265,0.0007297921652176078,24.395816147108604,0.8418779682184938,0.011236915189062167,0.013626279723267546,0.03558082592476953,0.09767801094440702,0.23283322104086898,0.39411697040408855,0.16491216538215042,0.0402576701230835,0.009757941268302303
v16h,1536,4127,81091,current_global,1841351091,degree_depth_global_age_bin_double_edge_swap,1,16870631124337193005,176fad807dc6fdb207b52b98c351160510cd85736f337c995355f643483b1aba,296888,9.733122995722621e-05,24.94674422677912,0.8405156153162135,0.01148918110533265,0.013887391878418798,0.03610789253860042,0.09799991916143462,0.22570127455471423,0.3760677427177926,0.1909305866185228,0.03597652986984991,0.011839481555333998
v16h,1536,4127,81091,current_global,1841351091,degree_depth_global_age_bin_double_edge_swap,2,259001324456780587,2f1b92250083fe93f544e8bbd80ee97b0fccc2298a57f41fb5737c13f3715f7c,316166,0.0007367461188491795,25.949887084632756,0.8521852444601886,0.010763333185731546,0.012904613399290246,0.03353934325639063,0.09060746569839895,0.21658875400896996,0.3910951841754015,0.18691763187692542,0.04425523301050714,0.013328441388384583
v16h,1536,4127,81091,current_global,1841351091,degree_depth_global_age_bin_double_edge_swap,3,11120813079714301147,d754373fab4af0507877e2104664232f009326b2f0927ed7bb63791a0f405cb7,283085,0.00026348353746658503,25.05887277672784,0.8402282000105975,0.012028189413073811,0.014483282406344384,0.03645548156914001,0.09680484660084426,0.22978257413850964,0.3704399738594415,0.19091792217885087,0.03569952487768691,0.013388204956108589
v16h,1536,4127,81091,current_global,1841351091,degree_depth_global_age_bin_double_edge_swap,4,15319045427803138989,3eae24d4d74719848284400d9e5c5308caeaf976778b8181e3d62ed1bb2423e7,297852,0.0006781669220157578,25.796063145454788,0.840914279575091,0.011509071619462014,0.01400359910291017,0.036450989081825876,0.09712206062071095,0.22844231363227374,0.37626405060231255,0.18176476907994574,0.03780736741737507,0.016635778843183863
v16h,1536,4127,81091,current_global,1841351091,degree_depth_global_age_bin_double_edge_swap,5,6342509923220016509,2c388b1048c49f61b1fa89a4cd5c6913199b28195d1164af143041b7f135590c,274892,0.0009125460467231438,23.291470832181364,0.8308972250920361,0.012415785108333455,0.014991342054334066,0.038513307044221005,0.10318234070107533,0.23921394584054828,0.3750272834422246,0.1807873637646785,0.02712337936353186,0.008745252681052923
v16h,1536,4127,81091,current_global,1841351091,degree_depth_global_age_bin_double_edge_swap,6,13652331139194394997,1d7a97984cade04c93d83f0d0554bffcfa580d04442f4e08e75e7f4f1adeae06,313746,0.0008731080853193922,26.206214581221754,0.8502196043933627,0.010900537377368954,0.013246384017644847,0.034336692738712205,0.0912967814729112,0.21509118841355745,0.3736493851714444,0.20637713309492392,0.042763891810572885,0.0123380059028641
v16h,1536,4127,81091,current_global,1841351091,degree_depth_global_age_bin_double_edge_swap,7,14597879859474653260,539ea59a64dc3bb114d9f8da4f2abeedd9321a6a478bf393a860e4f24b4438ee,286155,0.00036743836383130145,24.138921214027363,0.8449686358791564,0.01188866173926718,0.014177631004176058,0.035526200835211685,0.09343887054218868,0.22424909576977511,0.3860460240079677,0.1938984116999528,0.03390470199716936,0.00687040240429138
v16h,1536,4127,81091,current_global,1841351091,degree_depth_global_age_bin_double_edge_swap,8,8552661090521848149,658d28df82271a2488b25ee31c75610210ed77c04c6b6114ea530c5952f9c198,296486,0.0005446486845042901,24.204168156337904,0.8482525313168244,0.011555351686082986,0.013966932671357164,0.035043813198599595,0.09118137112713585,0.22135277888331995,0.3915935322409827,0.19359092840808673,0.03544518122272215,0.0062701105617128635
v16h,1536,4127,81091,current_global,1841351091,degree_depth_global_age_bin_double_edge_swap,9,10155995990007611996,f9a996de0aad0807fba94f91b67d95c601a68666c46440f4f0a602fd773c064c,278439,5.8049026589611995e-05,24.336371700803408,0.840618591504782,0.012210933094860993,0.014613613753820406,0.036787231673723865,0.09576962997281271,0.22619676122956914,0.3838686390915066,0.1868200934495527,0.03468264144031547,0.009050456293838148
v16h,1536,4127,81091,current_global,1841351091,degree_depth_global_age_bin_double_edge_swap,10,6920489272998945701,7e1d0b1055ee77edcab1f8d079a0573e8ab9e577b6a2ac3313da67a2f90ead74,302295,0.00037593120656942685,24.93645611075274,0.8499082022527663,0.011273755768371954,0.013529830132817281,0.03428439107494335,0.09100382077110107,0.21518384359648687,0.3952033609553582,0.19282158156767396,0.037635422352337945,0.009063993780909376
v16h,1536,4127,81091,current_global,1841351091,degree_depth_global_age_bin_double_edge_swap,11,2137626589885755571,b243549aee3287f288c7314f2514270a6401910ea923d8023203a6921251cbc4,288874,9.348763286558238e-05,24.184277574305753,0.8450639379106462,0.011818301404764708,0.014220732914696372,0.035503368250517524,0.09339365951937523,0.2259670306085006,0.3890588976508789,0.18421180168516377,0.03697113620471209,0.00885507176139078
v16h,1536,4127,81091,current_global,1841351091,degree_depth_global_age_bin_double_edge_swap,12,16165281098120974514,8a6c13eaa9f14d1d2b8b238aa1108ef9c85e318cf2805371b3df77e801964d70,277447,0.00012176662988270189,24.610873428078154,0.8388485007947464,0.01226900993703302,0.014626216899083428,0.037012474454580516,0.09724379791455666,0.22136119691328435,0.3799356273450425,0.19359012712337853,0.034366924133257884,0.009594625279783166
v16h,1536,4127,81091,current_global,1841351091,degree_depth_global_age_bin_double_edge_swap,13,11011405905563667086,d9c84c5738dd688ef08004d6e0af16563cccf33a8d6695c9b2ecbf632e584d71,275985,0.0009156020254858273,23.133724658948857,0.8315488160588438,0.012362990742250484,0.015011685417685744,0.03958910810370129,0.1014873996775187,0.22938203163215393,0.3829266083301629,0.18300269942207004,0.030914723626284037,0.005322753048172908
v16h,1536,4127,81091,current_global,1841351091,degree_depth_global_age_bin_double_edge_swap,14,5949690417380594225,bbc2a906b6c91b386478d0fdbefa5352fc0071511bd2f8ef6d3e45df59aa364d,283784,0.00031075900462865333,25.182423956248414,0.8435711668029205,0.012005609900487695,0.014391227130493615,0.03639035322639754,0.09364164293970062,0.22601344684689764,0.38530713500408764,0.17812491190482901,0.04206015843035548,0.012065514616750768
v16h,1536,4127,81091,current_global,1841351091,degree_depth_global_age_bin_double_edge_swap,15,6101353978734125096,77406fdb5568113bca0ed30ad69b436280aebcbe14179875adeaddde11c99471,304965,0.0010635013162943162,26.635886085288476,0.8482579968193071,0.011188169134162937,0.013509747020149853,0.03486629613234306,0.09217779089403702,0.21980555145672453,0.3647336579607496,0.20595806076107095,0.04373288738051907,0.014027839260242978
v16h,1536,4127,81091,current_global,1841351091,degree_depth_global_age_bin_double_edge_swap,16,1292328677690933305,9a06337b7990ff715693144b99772d1a9bdec592a3f5eec1c7322064ac77b2ff,276911,0.0004493979338367058,24.01302945711799,0.8401363615024322,0.012281924517263669,0.014582302617086356,0.036936055266854693,0.09606335609636309,0.22991863811838462,0.381711091289259,0.18306965053753732,0.03937366157357418,0.006063319983677066
v16h,1536,4127,81091,current_global,1841351091,degree_depth_global_age_bin_double_edge_swap,17,16710832293538120570,c13ed444541fe89cbdabe98cd20f2b6c6e7cc6e9294d983587936cb83c90f99a,300191,0.00023362805173932647,25.114343867737542,0.848802928801996,0.011356103280911153,0.013771232315425845,0.034874463258392156,0.09119527234327478,0.22298803095362618,0.39134084632783794,0.18555852773734055,0.03650009493955515,0.012415428843636219
v16h,1536,4127,81091,current_global,1841351091,degree_depth_global_age_bin_double_edge_swap,18,10571640287761109672,8699f03118ad05832382a1b39bc1d0ac5ca1a80d222d602b20c280bbae2869a1,283331,0.0002545742893583299,24.575891801461893,0.8335903942738352,0.012074217081787733,0.014760121553942209,0.03809325488562847,0.10148201220480639,0.23382898447398978,0.36711125856330584,0.18312856694113952,0.039176793220650055,0.010344791074750028
v16h,1536,4127,81091,current_global,1841351091,degree_depth_global_age_bin_double_edge_swap,19,12440158471057208605,045ce8dde914ce00c5a958d7e4411bae881fb7c015db426750c81dbea337a890,274959,0.00037608667367509073,23.80845871566306,0.8371575398513961,0.012361843038416637,0.01471128422783033,0.037300106561341875,0.09846922632101514,0.2336857495117454,0.37139719012652794,0.19247233223862467,0.03155379529311643,0.008048472681381588
v16h,1536,4127,81091,current_global,1841351091,degree_depth_global_age_bin_double_edge_swap,20,4812306745411052234,f572b40f4b8814c757e9c1e5952f56decc6e6c75dce53700a3dd30a7c19e8349,296121,0.0013008409444426505,26.20066797018786,0.8499397205871924,0.01146490792615181,0.013747758517632994,0.03492491245132902,0.08992270051769378,0.21291296463270082,0.3751945995049321,0.21357147922639733,0.03390168208266216,0.014358995140499998
v16h,1536,4127,81091,current_global,1841351091,degree_depth_global_age_bin_double_edge_swap,21,2975918302138579582,081cec9ecfd1e82842443d3955ff97a648327261c028b1becb76d19ddb1cbeb9,293822,0.00019404729487531956,24.417848221031782,0.8408253976897577,0.011622683121073302,0.013981253956477051,0.03633832728658848,0.09723233794610342,0.2336040187596572,0.3845151145931891,0.177753878198365,0.033976353030065826,0.010976033108480644
v16h,1536,4127,81091,current_global,1841351091,degree_depth_global_age_bin_double_edge_swap,22,16036594826555012825,1c4b2f827ea0d7649178ec95e65dddbc66032d57efbd3037da9e573e29ab2114,288539,0.00014990416194035118,24.31141717410818,0.8384204561601725,0.011877077275515615,0.014504105164293216,0.03735716835505772,0.09784119304496099,0.23041252655620212,0.37068125972572163,0.1925112376489833,0.036216941210720215,0.008598491018545153
v16h,1536,4127,81091,current_global,1841351091,degree_depth_global_age_bin_double_edge_swap,23,16578072689926420908,dd6aaa0daddbceb0748633099fdb39fe57a05a6a1155bb2a1625d2346d1fe885,295645,0.0002654232130022918,24.879541341811972,0.8444959326218945,0.01153072096602344,0.013881513301425697,0.03512997006545012,0.09496186304520625,0.23203504202675507,0.38280708281892134,0.177053560858462,0.041154086827106834,0.011446160090649258
v16h,1536,4127,81091,current_global,1841351091,degree_depth_global_age_bin_double_edge_swap,24,9407828882869937279,9d74860b3aedd1f3c8c60ea2f69a189816f0f4dd8e76d77cdcd16722428e7124,285185,9.634945004063121e-05,24.07019303259288,0.8371723618002349,0.011985202587793889,0.014530918526570472,0.037330154110489684,0.09898136297491102,0.2325998912986307,0.3777092063046794,0.18199414415204165,0.03530339954766205,0.009565720497221103
v16h,1536,4127,81091,current_global,1841351091,degree_depth_global_age_bin_double_edge_swap,25,17244339448584594900,7320b11ef2c8f5dee0fbce79e312a9e2740f1b4d6ad874fdd51dfce6ca630403,288923,3.6184803625017705e-05,24.72530051259332,0.8401200319808392,0.011764380128961695,0.014107564991364481,0.0363764740086459,0.09763154889018874,0.2291856307735971,0.37757118678679097,0.18446783399037114,0.03842200170979811,0.010473378720281874
v16h,1536,4127,81091,current_global,1841351091,degree_depth_global_age_bin_double_edge_swap,26,18349696136040719485,68bc5890361e6de3523754219fc1d6068451f2edba5c3e43c2de8868a647f1c4,255728,0.0008891407047874295,23.088515923168366,0.8285913157730088,0.013279734718138021,0.015731558530939122,0.03955765500844648,0.10283973596946756,0.23919946192829883,0.37649768504035536,0.17511574798223112,0.030583275980729525,0.007195144841393981
v16h,1536,4127,81091,current_global,1841351091,degree_depth_global_age_bin_double_edge_swap,27,1870147181969270410,ad4ebd5d2b61f8acfea494b42e9c6a80e860dbc65754e90f1970d11e62de2e49,295021,0.00018731382454195957,25.26287281244386,0.844156856630545,0.011619511831361158,0.014243053884299762,0.03624826707251348,0.09373231058128065,0.22554665600075927,0.37533260344178887,0.19020340924883314,0.04200039997152745,0.011073787967636202
v16h,1536,4127,81091,current_global,1841351091,degree_depth_global_age_bin_double_edge_swap,28,8737641231357401171,6ebb43b118c4f9e055c6c79eb4ce762673348912e574a8ad228aacc19471bf5e,280838,0.00014482420494927863,24.13193371267421,0.836824076513862,0.012138670692712525,0.0147665202002578,0.037883050014599164,0.09838768257856843,0.2248093206759769,0.38353784032075433,0.18251803530861208,0.03781895612417123,0.00813992408434756
v16h,1536,4127,81091,current_global,1841351091,degree_depth_global_age_bin_double_edge_swap,29,16555353600680291690,8997a65dbdaac7f4e3a8bc879e991179cdb8848fe596c3c921bf84219b1717a3,305548,0.00015590851791897768,24.924316310366947,0.8457034573945829,0.011196276853391285,0.01358215403144514,0.03504850301752916,0.09446960870305157,0.23111262387579037,0.38805686831528924,0.17861023472580412,0.03690091245892626,0.011022818018772827
v16h,1536,4127,81091,current_global,1841351091,degree_depth_global_age_bin_double_edge_swap,30,1532699500786664294,c46515aa245ab4d3d78bd6935bcc072430523474d9b7edf1fda897a33f02efa4,302263,0.0001612132906949278,24.73360947254543,0.846418516325187,0.011288182807687345,0.013656980841187973,0.03530700085686968,0.093329319169068,0.22233617743488288,0.3847278694382045,0.1922497957077115,0.038684853918607306,0.008419819825780859
v16h,1536,4127,81091,current_global,1841351091,degree_depth_global_age_bin_double_edge_swap,31,11169867752812164062,8d7cb9e0ef481b089c5095ddf446e502fcde6b6235463e2a9b97d4600deee4d2,269210,0.0005657224967369819,23.40680881096542,0.8331711303443409,0.012722410014486832,0.015222317150180157,0.03833067122320865,0.10055347126778351,0.23994651015935514,0.37433973477954013,0.17886408380075033,0.03262508822109134,0.007395713383603878
v16h,1536,4127,81091,exposure_matched_local,1941351091,degree_depth_global_age_bin_double_edge_swap,0,14527249275973508696,72ff72095847dec052df906f12e23652952122e7f82adda2589ab4bb88639745,272376,0.0002148588115995282,25.465654095808734,0.8598261227127206,0.012222075366405263,0.013738361676506007,0.032231180427056715,0.08198225981731136,0.20397905836050165,0.3822803771257379,0.22659852556759774,0.040623990366258404,0.006344171292624901
v16h,1536,4127,81091,exposure_matched_local,1941351091,degree_depth_global_age_bin_double_edge_swap,1,15317891657426762217,1ffd939a2d7824d74f1102291b6d751e0abae1a6cb7107cd61f27bbf28766e5c,258312,0.0017103426859190298,24.6993713029205,0.8585199293877172,0.01278299111152405,0.014180525875685218,0.032867230326117255,0.0816493232989563,0.19978165938864628,0.37493031682616373,0.251196227817523,0.031531636160921674,0.0010800891944625106
v16h,1536,4127,81091,exposure_matched_local,1941351091,degree_depth_global_age_bin_double_edge_swap,2,11874828842005558471,d6c8cf85d08e759a877d0e3ad62f62c5f883082889a96405c122d66848a21837,266124,0.00045061295022185994,25.508864288827766,0.8572695435210654,0.012456599179329937,0.013846928499496475,0.03271031549202627,0.08371661330808194,0.214542844688942,0.35746494115525096,0.2347514692399032,0.04695931220032767,0.0035509762366415657
v16h,1536,4127,81091,exposure_matched_local,1941351091,degree_depth_global_age_bin_double_edge_swap,3,1960232893680883579,c44edff52e8d9c1ac5ee05453e9ccdfa87bffc9c226531afed29da0a2e890be4,275096,0.0005492716749213899,25.00287899496903,0.8595472126094164,0.012039433506848518,0.01350437665396807,0.03200700846250036,0.0829019687672667,0.21974147206793265,0.37788263006368683,0.21367086398929827,0.04412641405182191,0.004125832436676651
v16h,1536,4127,81091,exposure_matched_local,1941351091,degree_depth_global_age_bin_double_edge_swap,4,18027619517203803342,a71c0038f78da2a258f8a668a29d7af19362f4949fda9bc7d0242a46f602fe59,304217,0.001652545669279787,27.31986378144548,0.8727191445579965,0.010880391299631514,0.012208390721097112,0.02915024472662606,0.07504182869464888,0.20004141780373877,0.3728358375764668,0.23414865046989483,0.05684429206783316,0.00884894664006285
v16h,1536,4127,81091,exposure_matched_local,1941351091,degree_depth_global_age_bin_double_edge_swap,5,9578745938150582,1253defd307fc4636281d13cb182a1a764723109368eb92f4777005bc062d759,286072,8.185451995948296e-05,25.888573505970523,0.8678619368550575,0.011598478704661764,0.01296177186162924,0.030485332363880423,0.07709248021477111,0.2041269330797841,0.37779999440700246,0.23871612740848458,0.042045359210268744,0.005173522749517604
v16h,1536,4127,81091,exposure_matched_local,1941351091,degree_depth_global_age_bin_double_edge_swap,6,15227459651178602264,f86c9c43776ecfd0ba59cf2be501e1e151ba84d270e9e3eff59326081647fd63,292778,0.0004604760446793775,25.685287145892108,0.8711139498186339,0.011312325379639181,0.012644392679777853,0.029602634077697094,0.07532669804425196,0.1973372316225946,0.38794923115807883,0.2441679361154185,0.03845234273066966,0.00320720819187234
v16h,1536,4127,81091,exposure_matched_local,1941351091,degree_depth_global_age_bin_double_edge_swap,7,10950425006102674240,31e6126562602de7fa0b21e6af1a3196b1f166eabca5b1751e927a502b8c443b,254198,0.0016585758885701133,23.746272590657675,0.8521821572160285,0.013025279506526408,0.014567384479814947,0.03394991305989819,0.086275265737732,0.22445495243865018,0.3852469334927891,0.20543041251308036,0.03457147577872367,0.0024783829927851517
v16h,1536,4127,81091,exposure_matched_local,1941351091,degree_depth_global_age_bin_double_edge_swap,8,13302944678491506501,c58d4adc5583c80466ba855969e198dfdbb90abca3636260a86f8e771808460a,261185,0.0008950395936405406,26.53372896605854,0.8580469781955319,0.012695981775369949,0.01418917625437908,0.032827306315446905,0.08224055745927217,0.2055248195723338,0.3659168788406685,0.22660183394911654,0.052694450293853015,0.007308995539560082
v16h,1536,4127,81091,exposure_matched_local,1941351091,degree_depth_global_age_bin_double_edge_swap,9,8236139462606383130,d0e7754a980486a8b623ca887723ac1a178027ddd6273fd7775d57592e2c0140,268583,0.0001273110729770065,25.91306225636023,0.8631074937728747,0.012323937106965072,0.013679197864347334,0.031725760751797394,0.07916361050401552,0.20218331018716748,0.37430514961855366,0.2353946452307108,0.04656661069390095,0.004657778042541784
v16h,1536,4127,81091,exposure_matched_local,1941351091,degree_depth_global_age_bin_double_edge_swap,10,16289357276760411590,bba87a709534bd278e52eb1a99ed87c2aac3ded53629b2b93e0fe8f4ddd9c92e,281763,0.0009566544098027944,26.81258362524533,0.8623949915354393,0.011775854175317554,0.0132238796435302,0.03149455393362507,0.08111072071208782,0.20817495554774756,0.35028729819032306,0.2473426248300877,0.0501485290829527,0.006441583884328319
v16h,1536,4127,81091,exposure_matched_local,1941351091,degree_depth_global_age_bin_double_edge_swap,11,4759960834768015832,bb462b6ce572acdb2dfa4ea03a50588d073fe75aaf2416084d8d8ffdb5853e73,266215,0.00017714136454522085,25.443735326709614,0.8638130834100257,0.012358432094359821,0.013661889825892606,0.03164359634130308,0.07852299832841876,0.20152132674717804,0.38529008508160695,0.2323911124467066,0.04159795653888774,0.003012602595646376
v16h,1536,4127,81091,exposure_matched_local,1941351091,degree_depth_global_age_bin_double_edge_swap,12,4830673037049767640,d5a77ca93f54d41e262ddc84d4eaafb7eda8119c8ec766814bbf3a06c9d41a00,269745,0.0007183767765256498,24.783017294111104,0.8584959869506386,0.012311627648334537,0.013835288883945949,0.03270866929878218,0.08264842721829876,0.21089547535635508,0.3696342842314037,0.2427774379506571,0.031881962594302024,0.003306826817920629
v16h,1536,4127,81091,exposure_matched_local,1941351091,degree_depth_global_age_bin_double_edge_swap,13,7370695441385113966,ce6842a88401ec11c83b73de3554d83424186c16801f3712bafc78187c2b3c38,292915,0.0006997611385232455,25.235867060410015,0.8679787651707833,0.011320690302647526,0.012676032296058584,0.0299711520406944,0.07805336018981616,0.20201423621187034,0.3854428759196354,0.24374989331375996,0.03191710905894202,0.0048546506665756274
v16h,1536,4127,81091,exposure_matched_local,1941351091,degree_depth_global_age_bin_double_edge_swap,14,17243901551843577597,dc21a3aa52283b98adde8dda38b2de41e008eb5073239fccd94b6f8dd4f17305,287040,0.00022369970300328704,25.750595735785954,0.869805602006689,0.011541945373467113,0.012855351170568562,0.029974916387959866,0.0758221850613155,0.2026407469342252,0.38017697881828316,0.24404960981047938,0.03898062987736901,0.003957636566332219
v16h,1536,4127,81091,exposure_matched_local,1941351091,degree_depth_global_age_bin_double_edge_swap,15,3166193756155577676,ba06c256b8957e2b3306b30520937cdb5508a090c3fc34ceedd0cf9278f599e7,282865,0.00010197849915731949,25.362604069078888,0.8656037332296325,0.01173704770827073,0.013129938309794425,0.030770862425538684,0.07875841832676365,0.20668163258091315,0.3864882541141534,0.22805578632916762,0.04031958708217701,0.004058473123221325
v16h,1536,4127,81091,exposure_matched_local,1941351091,degree_depth_global_age_bin_double_edge_swap,16,10272815387509094239,bcd59261b349530cdc5e958e90f7649ea7914026b6c40e854acd892017f348f0,291313,0.00036085959457182824,25.68657766732003,0.8711866617692997,0.011417272830254743,0.012769769972503802,0.029741206194024983,0.07488508923391678,0.19813739860562352,0.3896324571852269,0.2401231664910251,0.038226924304785574,0.005066715182638605
v16h,1536,4127,81091,exposure_matched_local,1941351091,degree_depth_global_age_bin_double_edge_swap,17,15795488472587603478,df72f48b6d85bbb15ad3e61a1c021d1349794986ade02d34b9fcc81b4bd8b588,276030,0.0006877301317807784,26.56729341013658,0.8664420533999927,0.011984204615440351,0.013277542296127232,0.03101112197949498,0.07728507770894467,0.19576495308480962,0.3786400028982357,0.2338441473752853,0.053483317030757524,0.004709633010904612
v16h,1536,4127,81091,exposure_matched_local,1941351091,degree_depth_global_age_bin_double_edge_swap,18,13475339114392259168,00db5828bbbad5a18c4b9d5186bd26b2c63f10bb773a6026e5d3d81bd50e7cf8,244938,0.001194096487915743,24.18129485829067,0.8473001330949057,0.013550367848190154,0.015163020846091665,0.03534772064767411,0.08863875756313842,0.22381174011382474,0.366843854363145,0.21695286154047147,0.0371685896022667,0.002523087475197805
v16h,1536,4127,81091,exposure_matched_local,1941351091,degree_depth_global_age_bin_double_edge_swap,19,9180962202156613776,5465f5e2510f61626dd8d4e62bc3fd9e851845a61a64f3bd04a14c4f600d8679,268983,0.0007163723088930441,26.182286612908623,0.8612960670376939,0.012346505169471677,0.013807564046798497,0.032158166129457995,0.080391697616578,0.2062881297331058,0.37565571058394026,0.2212927954554749,0.051014376373228046,0.007045054891944844
v16h,1536,4127,81091,exposure_matched_local,1941351091,degree_depth_global_age_bin_double_edge_swap,20,7585783411654916094,5ad73640303bca94dd994cd97aece9ff5345eb130791fa831ffcb827cd1c18fd,253069,0.0035006756261809864,24.079255064824217,0.8524157443226946,0.01305572788449,0.014486167804037635,0.03401443874990615,0.08602792123887161,0.21281942869336032,0.3621700010669027,0.24947346375889579,0.02781850009286005,0.00013435071067574456
v16h,1536,4127,81091,exposure_matched_local,1941351091,degree_depth_global_age_bin_double_edge_swap,21,18273712893210307220,a5208ed82b3d1952a83f1cf6b559626f476472a515818e11d0a566988c2ef7ab,268073,0.0012796416701240047,23.973917552308514,0.8569643343417651,0.012403337896766925,0.013880547462817965,0.03268512681247272,0.08406665348617727,0.22061901049341037,0.38946854028566846,0.21034941974760607,0.033893752821059935,0.0026336109940202856
v16h,1536,4127,81091,exposure_matched_local,1941351091,degree_depth_global_age_bin_double_edge_swap,22,15986246456249285561,12690b466ce2b780b6a7495531e7b3fa882811c806987c94b3430d0109b3b999,264035,0.000870257902037233,24.784066506334387,0.8598026776753082,0.012551366296134982,0.013914821898611927,0.03243509383225709,0.0812960402976878,0.2003711629140076,0.38126384759596266,0.24364572878595642,0.03212074156835268,0.002401196811028841
v16h,1536,4127,81091,exposure_matched_local,1941351091,degree_depth_global_age_bin_double_edge_swap,23,7519147745929779978,51b0fccea50e8f1f50517b38fab50892a2bbf99b8a4e63411fbbce418bca9c2a,262123,0.0006316111196623862,24.36450826520374,0.8567428268408342,0.01263910454252393,0.014084990634167929,0.03283954479385632,0.08369353318861755,0.21233161531036956,0.387978162923513,0.21784429447244233,0.0350827664874887,0.0035059876470206735
v16h,1536,4127,81091,exposure_matched_local,1941351091,degree_depth_global_age_bin_double_edge_swap,24,17771406871910872413,20d0a71b6a26ae17dce836dec35ebe74d72f9ec0444935189def5a2658d45f6b,294168,0.000250439936738487,26.09455821163417,0.8695983247667999,0.011289467243207963,0.012642435615022709,0.029738108835767316,0.07673166353920209,0.20489992113350194,0.37352125316145873,0.23914565826330533,0.047785619102009735,0.0042458731065241635
v16h,1536,4127,81091,exposure_matched_local,1941351091,degree_depth_global_age_bin_double_edge_swap,25,9726993189873951841,585f9c6f08e31e7d07aea10b33ae63e26784391d4bc96b8c0604435ee260d60e,284293,0.00018939161577233302,25.429416130541377,0.8664722662886529,0.011674575174204078,0.01301122433545673,0.030644440770613415,0.07819749343107288,0.20455656664075444,0.384687628608513,0.22923884865262248,0.04480588688430598,0.003183335502456972
v16h,1536,4127,81091,exposure_matched_local,1941351091,degree_depth_global_age_bin_double_edge_swap,26,3488103119434234618,c65e87f1dfdb4560773a374bbc54a66d0f6454fcf9f3b19af10afa4f8f472999,284369,0.000997328438851839,26.81330946762833,0.8686178873224578,0.01169255439235641,0.013042912553759375,0.030541303728606143,0.07610534200282028,0.19334034300503922,0.36319711360943,0.2617444236186082,0.045043587732840076,0.00529241935654027
v16h,1536,4127,81091,exposure_matched_local,1941351091,degree_depth_global_age_bin_double_edge_swap,27,13653242027401179937,8b154d86d3aa1bfec8405e98da3c84041850f2b874dcc8287ee86ec50b995f99,320941,0.0038088416650614637,27.856506336055535,0.8776036717028987,0.01032276960562845,0.011531714551895831,0.027254230528352564,0.07328761361122449,0.2088950928675364,0.37730922506005776,0.21498032348624826,0.06524875288604448,0.011170277403011769
v16h,1536,4127,81091,exposure_matched_local,1941351091,degree_depth_global_age_bin_double_edge_swap,28,11023361068768520736,4d02cfb0504a88a9a704c15ab42299261c15e5a46c41b1ec0bce368a019a4782,274829,0.0003229764822654356,25.217313311186228,0.8600693522153776,0.012098432115970295,0.013630293746293149,0.03226733714418784,0.08193458477817116,0.20784196718686893,0.3866768063050115,0.2188378955641508,0.04092726750088237,0.00578541565846399
v16h,1536,4127,81091,exposure_matched_local,1941351091,degree_depth_global_age_bin_double_edge_swap,29,16779449368798191266,83125bc02f2a76c9555768c23a424b573ffaf0970a19b284aa4d733db6cca93b,301032,0.0006749411560504536,26.041317866539107,0.8758171888702861,0.01097225544128199,0.012144888251082942,0.02822291317866539,0.07284275425868346,0.1964608413723458,0.38112227271519306,0.2532156049855165,0.041254750325546784,0.0037637194716840733
v16h,1536,4127,81091,exposure_matched_local,1941351091,degree_depth_global_age_bin_double_edge_swap,30,240743559642000349,ff3e65ea35742d4e744c218de973a0d6c66ef1b7fde450762ebda296f8f6d38e,282669,0.0004105674719004222,26.32627207086734,0.8688076867290011,0.011706271292571877,0.013001071925113825,0.030289844305530497,0.07619512574778274,0.197198843877468,0.37221980478934724,0.2516547622838019,0.04334751953698496,0.004386756241398951
v16h,1536,4127,81091,exposure_matched_local,1941351091,degree_depth_global_age_bin_double_edge_swap,31,7099489616324254877,29bd72c077982623e8c2b5cb4be8292f85d562cc604d5dc2239b479720891dcc,253343,0.0010971353442699406,24.211393249468113,0.850495178473453,0.013104763107723521,0.014695491882546588,0.034210536703204744,0.08749402983307215,0.22312438078020708,0.366988628065508,0.22445064596219355,0.03189746707033547,0.004034056595208867
