stage,target_nodes,growth_seed,run_offset,arm,run_seed,protocol,null_replicate,burnin_seed,direct_prefix_seed,staged_reset_seed,edge_count,k_accepted_swaps,burnin_target_accepted_swaps,burnin_accepted_swaps,burnin_attempted_swaps,burnin_changed_edge_fraction,burnin_pass,incremental_target_swaps,incremental_accepted_swaps,incremental_attempted_swaps,segment_1_target_swaps,segment_1_accepted_swaps,segment_2_target_swaps,segment_2_accepted_swaps,incremental_changed_edge_fraction,exact_effort_pass,total_accepted_swaps_since_source,direct_k_prefix_edge_sha256,staged_k_prefix_edge_sha256,path_prefix_reuse_pass,matched_direct_staged_effort_pass,final_changed_edge_fraction_from_source,final_structure_pass,null_edge_sha256,run_unique_null_count,run_unique_null_fraction,run_uniqueness_pass,perturbation_integrity_pass
v16u,1536,9299,123078,exposure_matched_local,1993113078,burnin,0,8061714324268930033,7247891221663171466,13140504390879625967,3628,363,363,917,48163,0.10005512679162072,1,0,0,0,0,0,0,0,0.0,1,917,b6f3b530f9e21d0aa882d6bee81eb7be05e1b3fa7084c194d204066e1a969cec,b6f3b530f9e21d0aa882d6bee81eb7be05e1b3fa7084c194d204066e1a969cec,1,1,0.10005512679162072,1,fe7499d76791e0064159726f1a6110637cb5bda7a355f2eefc6d9dcf37c8c603,16,1.0,1,1
v16u,1536,9299,123078,exposure_matched_local,1993113078,burnin,1,6814026081449359796,12942446663685665514,6069507569575588566,3628,363,363,819,41578,0.10005512679162072,1,0,0,0,0,0,0,0,0.0,1,819,fe7a8e219127bde1fb92745d78908ce46b33e347cdfc0fa7d2474e26f1949c92,fe7a8e219127bde1fb92745d78908ce46b33e347cdfc0fa7d2474e26f1949c92,1,1,0.10005512679162072,1,a7cea3f08a18673ab7932763a5e5d6a4762f27065187cbf2a5073cff5bed29e2,16,1.0,1,1
v16u,1536,9299,123078,exposure_matched_local,1993113078,burnin,2,8839714680063316151,15314825701566581327,8098494785375191124,3628,363,363,908,46968,0.10005512679162072,1,0,0,0,0,0,0,0,0.0,1,908,83e76a99a3ca23a7bc90332af40782cfadb14a37823a2f2bd466cdcbd729f5b2,83e76a99a3ca23a7bc90332af40782cfadb14a37823a2f2bd466cdcbd729f5b2,1,1,0.10005512679162072,1,bd97f228489447bcfd264dac8b6392b978d011f98c658801d70218a10d25a637,16,1.0,1,1
v16u,1536,9299,123078,exposure_matched_local,1993113078,burnin,3,1945945769189680641,5788719193894307082,5130836247057215941,3628,363,363,1137,56065,0.10005512679162072,1,0,0,0,0,0,0,0,0.0,1,1137,98d42e980a2cb034e84f8709b2bf9fc6bf3239acb926931b0c572c6332dc9d15,98d42e980a2cb034e84f8709b2bf9fc6bf3239acb926931b0c572c6332dc9d15,1,1,0.10005512679162072,1,48c6ced526e51a7de5172943547816c54adffae1ebc505a21ebafefab4200fd1,16,1.0,1,1
v16u,1536,9299,123078,exposure_matched_local,1993113078,burnin,4,1022978989406800306,12098060930529111244,8887215938929551357,3628,363,363,1131,54581,0.10005512679162072,1,0,0,0,0,0,0,0,0.0,1,1131,4a2eff82dbb76c9872fc737f0a17e46d50c4aa012c39d6f0658c4ac485d1f940,4a2eff82dbb76c9872fc737f0a17e46d50c4aa012c39d6f0658c4ac485d1f940,1,1,0.10005512679162072,1,a497f3f81215a0bb39d52415a8b4c10526a3cd5ab5d26655d7738dd4f6b56b94,16,1.0,1,1
v16u,1536,9299,123078,exposure_matched_local,1993113078,burnin,5,6672129399358843050,4790268486166972232,7994508332214930025,3628,363,363,1166,61065,0.10005512679162072,1,0,0,0,0,0,0,0,0.0,1,1166,4dde0a78acdd7efc8abe4ef8816a346cc46380482df34d37039ab6404b421151,4dde0a78acdd7efc8abe4ef8816a346cc46380482df34d37039ab6404b421151,1,1,0.10005512679162072,1,731afecb0e62c9c15edad3986309b5dfd2682aeb3eb77565c4c6a21b7021b44c,16,1.0,1,1
v16u,1536,9299,123078,exposure_matched_local,1993113078,burnin,6,10304846398147559731,17034692918504695063,3971552558777577243,3628,363,363,881,40494,0.10005512679162072,1,0,0,0,0,0,0,0,0.0,1,881,90c52477ea66f39cc9ed76416df4cfffa1ec3415a3d533b57e8704c27aa8308c,90c52477ea66f39cc9ed76416df4cfffa1ec3415a3d533b57e8704c27aa8308c,1,1,0.10005512679162072,1,815469dbedefb98bbf86b10dc443d18b6d2d6e5486151254f710c30e0724f84b,16,1.0,1,1
v16u,1536,9299,123078,exposure_matched_local,1993113078,burnin,7,4307238561627605317,11466512624896054252,3908081227079493113,3628,363,363,786,39942,0.10033076074972437,1,0,0,0,0,0,0,0,0.0,1,786,6552fbe1186a55bac16740abc08e723f4a3a8e22d6a2dcf425211e33901c943e,6552fbe1186a55bac16740abc08e723f4a3a8e22d6a2dcf425211e33901c943e,1,1,0.10033076074972437,1,622ac7941da6ace06444d150b7846f5303923201d82eeed52fb73683a38a94eb,16,1.0,1,1
v16u,1536,9299,123078,exposure_matched_local,1993113078,burnin,8,17495975078090962530,8205043445140410497,6382687098448733785,3628,363,363,1179,57770,0.10033076074972437,1,0,0,0,0,0,0,0,0.0,1,1179,06a93cb2173bfe5bcd9bde9a79bf7db8190622b346f57bc56606afc12c6cea8a,06a93cb2173bfe5bcd9bde9a79bf7db8190622b346f57bc56606afc12c6cea8a,1,1,0.10033076074972437,1,5de9131a0a1604d0e97a68756988f786492d7a9d0f735f2abe94251cc37f44c2,16,1.0,1,1
v16u,1536,9299,123078,exposure_matched_local,1993113078,burnin,9,10259753078694384780,4298620440657188757,12921651694701238151,3628,363,363,708,37663,0.10005512679162072,1,0,0,0,0,0,0,0,0.0,1,708,445b2695694b88b66251fbf5bc12ca8eb6660c2350bb2e128c5d7cc5855e9066,445b2695694b88b66251fbf5bc12ca8eb6660c2350bb2e128c5d7cc5855e9066,1,1,0.10005512679162072,1,ac993140f38fb9c71cd4f3e9226ea6bb56904048de2e457fc7c8a7ed03d1c0c8,16,1.0,1,1
v16u,1536,9299,123078,exposure_matched_local,1993113078,burnin,10,13012978856430490448,17965658663748762903,16929373613068492435,3628,363,363,988,45809,0.10005512679162072,1,0,0,0,0,0,0,0,0.0,1,988,431358b1ab53506853683e03da05993f4cfa86ff1957da79c2d01d5ca1901567,431358b1ab53506853683e03da05993f4cfa86ff1957da79c2d01d5ca1901567,1,1,0.10005512679162072,1,f53d33f6a9cdd697717d5cf62d7d0f04c68f44f38ba83a2bad51209275cda75e,16,1.0,1,1
v16u,1536,9299,123078,exposure_matched_local,1993113078,burnin,11,5055174375678625769,812703488283545644,12175366105809270867,3628,363,363,870,42224,0.10005512679162072,1,0,0,0,0,0,0,0,0.0,1,870,0e8c3620229e4224a98522843d98c94e2cc92cf81ca7a5d2a94341ebd5ee3e3b,0e8c3620229e4224a98522843d98c94e2cc92cf81ca7a5d2a94341ebd5ee3e3b,1,1,0.10005512679162072,1,9881542c5a4d599e25549927463e104e51797fa82cce30e52cc6c967a4771281,16,1.0,1,1
v16u,1536,9299,123078,exposure_matched_local,1993113078,burnin,12,17226432229141183140,6849196859063192090,10264078923360916326,3628,363,363,1257,61699,0.10005512679162072,1,0,0,0,0,0,0,0,0.0,1,1257,9c7ca84f1dd7473cfbb5a3303cafcb516acb9ae9a5e716cd450e871e183bb928,9c7ca84f1dd7473cfbb5a3303cafcb516acb9ae9a5e716cd450e871e183bb928,1,1,0.10005512679162072,1,b2e361df577fa17e38528f3a6b9f372e36d1c63199d2e2662edf96ea6eb96e4e,16,1.0,1,1
v16u,1536,9299,123078,exposure_matched_local,1993113078,burnin,13,8008540572094287965,14350579346267177616,11849298390528593038,3628,363,363,890,46917,0.10005512679162072,1,0,0,0,0,0,0,0,0.0,1,890,6151cfb88fa192e0c4b431c405f76d726d325a96c4ee2d23d9c9507249475729,6151cfb88fa192e0c4b431c405f76d726d325a96c4ee2d23d9c9507249475729,1,1,0.10005512679162072,1,65d1c137bee939d239c47a3ec9c58d83458e88deec6d922407356809af8247e5,16,1.0,1,1
v16u,1536,9299,123078,exposure_matched_local,1993113078,burnin,14,15134377197740112672,4837706730831447422,6199870089697898521,3628,363,363,748,36735,0.10033076074972437,1,0,0,0,0,0,0,0,0.0,1,748,93e5f0cec33be0b33367fa1b11dfb743e5a3e8dd7b6fea85a2bcd3692db4e43b,93e5f0cec33be0b33367fa1b11dfb743e5a3e8dd7b6fea85a2bcd3692db4e43b,1,1,0.10033076074972437,1,4c143709435c693e8f27a5af3c61721efeae11f74c4ab468b73e4293200d2306,16,1.0,1,1
v16u,1536,9299,123078,exposure_matched_local,1993113078,burnin,15,6176453969762259490,17364633883190396740,5533824951913162064,3628,363,363,1012,49044,0.10005512679162072,1,0,0,0,0,0,0,0,0.0,1,1012,ef1fb4aa6f861906adedb489fbf995c480def34eeec4c66bc3356b39e6d12f7f,ef1fb4aa6f861906adedb489fbf995c480def34eeec4c66bc3356b39e6d12f7f,1,1,0.10005512679162072,1,af4bb3182ca0ee547ababa717eb1ce184f941b8c39dfa94c0a718e9360a783c3,16,1.0,1,1
v16u,1536,9299,123078,exposure_matched_local,1993113078,direct_plus_k,0,8061714324268930033,7247891221663171466,13140504390879625967,3628,363,363,917,48163,0.10005512679162072,1,363,363,18457,363,363,0,0,0.07579933847850055,1,1280,b6f3b530f9e21d0aa882d6bee81eb7be05e1b3fa7084c194d204066e1a969cec,b6f3b530f9e21d0aa882d6bee81eb7be05e1b3fa7084c194d204066e1a969cec,1,1,0.10970231532524807,1,b6f3b530f9e21d0aa882d6bee81eb7be05e1b3fa7084c194d204066e1a969cec,16,1.0,1,1
v16u,1536,9299,123078,exposure_matched_local,1993113078,direct_plus_k,1,6814026081449359796,12942446663685665514,6069507569575588566,3628,363,363,819,41578,0.10005512679162072,1,363,363,19333,363,363,0,0,0.07497243660418963,1,1182,fe7a8e219127bde1fb92745d78908ce46b33e347cdfc0fa7d2474e26f1949c92,fe7a8e219127bde1fb92745d78908ce46b33e347cdfc0fa7d2474e26f1949c92,1,1,0.11328555678059538,1,fe7a8e219127bde1fb92745d78908ce46b33e347cdfc0fa7d2474e26f1949c92,16,1.0,1,1
v16u,1536,9299,123078,exposure_matched_local,1993113078,direct_plus_k,2,8839714680063316151,15314825701566581327,8098494785375191124,3628,363,363,908,46968,0.10005512679162072,1,363,363,19429,363,363,0,0,0.07359426681367144,1,1271,83e76a99a3ca23a7bc90332af40782cfadb14a37823a2f2bd466cdcbd729f5b2,83e76a99a3ca23a7bc90332af40782cfadb14a37823a2f2bd466cdcbd729f5b2,1,1,0.10749724366041896,1,83e76a99a3ca23a7bc90332af40782cfadb14a37823a2f2bd466cdcbd729f5b2,16,1.0,1,1
v16u,1536,9299,123078,exposure_matched_local,1993113078,direct_plus_k,3,1945945769189680641,5788719193894307082,5130836247057215941,3628,363,363,1137,56065,0.10005512679162072,1,363,363,17862,363,363,0,0,0.0697353914002205,1,1500,98d42e980a2cb034e84f8709b2bf9fc6bf3239acb926931b0c572c6332dc9d15,98d42e980a2cb034e84f8709b2bf9fc6bf3239acb926931b0c572c6332dc9d15,1,1,0.10446527012127894,1,98d42e980a2cb034e84f8709b2bf9fc6bf3239acb926931b0c572c6332dc9d15,16,1.0,1,1
v16u,1536,9299,123078,exposure_matched_local,1993113078,direct_plus_k,4,1022978989406800306,12098060930529111244,8887215938929551357,3628,363,363,1131,54581,0.10005512679162072,1,363,363,18425,363,363,0,0,0.07276736493936053,1,1494,4a2eff82dbb76c9872fc737f0a17e46d50c4aa012c39d6f0658c4ac485d1f940,4a2eff82dbb76c9872fc737f0a17e46d50c4aa012c39d6f0658c4ac485d1f940,1,1,0.10997794928335171,1,4a2eff82dbb76c9872fc737f0a17e46d50c4aa012c39d6f0658c4ac485d1f940,16,1.0,1,1
v16u,1536,9299,123078,exposure_matched_local,1993113078,direct_plus_k,5,6672129399358843050,4790268486166972232,7994508332214930025,3628,363,363,1166,61065,0.10005512679162072,1,363,363,18946,363,363,0,0,0.07194046306504961,1,1529,4dde0a78acdd7efc8abe4ef8816a346cc46380482df34d37039ab6404b421151,4dde0a78acdd7efc8abe4ef8816a346cc46380482df34d37039ab6404b421151,1,1,0.10942668136714444,1,4dde0a78acdd7efc8abe4ef8816a346cc46380482df34d37039ab6404b421151,16,1.0,1,1
v16u,1536,9299,123078,exposure_matched_local,1993113078,direct_plus_k,6,10304846398147559731,17034692918504695063,3971552558777577243,3628,363,363,881,40494,0.10005512679162072,1,363,363,15826,363,363,0,0,0.07662624035281147,1,1244,90c52477ea66f39cc9ed76416df4cfffa1ec3415a3d533b57e8704c27aa8308c,90c52477ea66f39cc9ed76416df4cfffa1ec3415a3d533b57e8704c27aa8308c,1,1,0.10859977949283352,1,90c52477ea66f39cc9ed76416df4cfffa1ec3415a3d533b57e8704c27aa8308c,16,1.0,1,1
v16u,1536,9299,123078,exposure_matched_local,1993113078,direct_plus_k,7,4307238561627605317,11466512624896054252,3908081227079493113,3628,363,363,786,39942,0.10033076074972437,1,363,363,18911,363,363,0,0,0.07221609702315325,1,1149,6552fbe1186a55bac16740abc08e723f4a3a8e22d6a2dcf425211e33901c943e,6552fbe1186a55bac16740abc08e723f4a3a8e22d6a2dcf425211e33901c943e,1,1,0.10474090407938258,1,6552fbe1186a55bac16740abc08e723f4a3a8e22d6a2dcf425211e33901c943e,16,1.0,1,1
v16u,1536,9299,123078,exposure_matched_local,1993113078,direct_plus_k,8,17495975078090962530,8205043445140410497,6382687098448733785,3628,363,363,1179,57770,0.10033076074972437,1,363,363,18932,363,363,0,0,0.07083792723263506,1,1542,06a93cb2173bfe5bcd9bde9a79bf7db8190622b346f57bc56606afc12c6cea8a,06a93cb2173bfe5bcd9bde9a79bf7db8190622b346f57bc56606afc12c6cea8a,1,1,0.10722160970231533,1,06a93cb2173bfe5bcd9bde9a79bf7db8190622b346f57bc56606afc12c6cea8a,16,1.0,1,1
v16u,1536,9299,123078,exposure_matched_local,1993113078,direct_plus_k,9,10259753078694384780,4298620440657188757,12921651694701238151,3628,363,363,708,37663,0.10005512679162072,1,363,363,19350,363,363,0,0,0.07194046306504961,1,1071,445b2695694b88b66251fbf5bc12ca8eb6660c2350bb2e128c5d7cc5855e9066,445b2695694b88b66251fbf5bc12ca8eb6660c2350bb2e128c5d7cc5855e9066,1,1,0.10391400220507166,1,445b2695694b88b66251fbf5bc12ca8eb6660c2350bb2e128c5d7cc5855e9066,16,1.0,1,1
v16u,1536,9299,123078,exposure_matched_local,1993113078,direct_plus_k,10,13012978856430490448,17965658663748762903,16929373613068492435,3628,363,363,988,45809,0.10005512679162072,1,363,363,20476,363,363,0,0,0.0733186328555678,1,1351,431358b1ab53506853683e03da05993f4cfa86ff1957da79c2d01d5ca1901567,431358b1ab53506853683e03da05993f4cfa86ff1957da79c2d01d5ca1901567,1,1,0.10970231532524807,1,431358b1ab53506853683e03da05993f4cfa86ff1957da79c2d01d5ca1901567,16,1.0,1,1
v16u,1536,9299,123078,exposure_matched_local,1993113078,direct_plus_k,11,5055174375678625769,812703488283545644,12175366105809270867,3628,363,363,870,42224,0.10005512679162072,1,363,363,20309,363,363,0,0,0.0733186328555678,1,1233,0e8c3620229e4224a98522843d98c94e2cc92cf81ca7a5d2a94341ebd5ee3e3b,0e8c3620229e4224a98522843d98c94e2cc92cf81ca7a5d2a94341ebd5ee3e3b,1,1,0.10997794928335171,1,0e8c3620229e4224a98522843d98c94e2cc92cf81ca7a5d2a94341ebd5ee3e3b,16,1.0,1,1
v16u,1536,9299,123078,exposure_matched_local,1993113078,direct_plus_k,12,17226432229141183140,6849196859063192090,10264078923360916326,3628,363,363,1257,61699,0.10005512679162072,1,363,363,19141,363,363,0,0,0.07442116868798236,1,1620,9c7ca84f1dd7473cfbb5a3303cafcb516acb9ae9a5e716cd450e871e183bb928,9c7ca84f1dd7473cfbb5a3303cafcb516acb9ae9a5e716cd450e871e183bb928,1,1,0.10804851157662625,1,9c7ca84f1dd7473cfbb5a3303cafcb516acb9ae9a5e716cd450e871e183bb928,16,1.0,1,1
v16u,1536,9299,123078,exposure_matched_local,1993113078,direct_plus_k,13,8008540572094287965,14350579346267177616,11849298390528593038,3628,363,363,890,46917,0.10005512679162072,1,363,363,19628,363,363,0,0,0.0733186328555678,1,1253,6151cfb88fa192e0c4b431c405f76d726d325a96c4ee2d23d9c9507249475729,6151cfb88fa192e0c4b431c405f76d726d325a96c4ee2d23d9c9507249475729,1,1,0.10970231532524807,1,6151cfb88fa192e0c4b431c405f76d726d325a96c4ee2d23d9c9507249475729,16,1.0,1,1
v16u,1536,9299,123078,exposure_matched_local,1993113078,direct_plus_k,14,15134377197740112672,4837706730831447422,6199870089697898521,3628,363,363,748,36735,0.10033076074972437,1,363,363,18553,363,363,0,0,0.07249173098125689,1,1111,93e5f0cec33be0b33367fa1b11dfb743e5a3e8dd7b6fea85a2bcd3692db4e43b,93e5f0cec33be0b33367fa1b11dfb743e5a3e8dd7b6fea85a2bcd3692db4e43b,1,1,0.10997794928335171,1,93e5f0cec33be0b33367fa1b11dfb743e5a3e8dd7b6fea85a2bcd3692db4e43b,16,1.0,1,1
v16u,1536,9299,123078,exposure_matched_local,1993113078,direct_plus_k,15,6176453969762259490,17364633883190396740,5533824951913162064,3628,363,363,1012,49044,0.10005512679162072,1,363,363,18771,363,363,0,0,0.07249173098125689,1,1375,ef1fb4aa6f861906adedb489fbf995c480def34eeec4c66bc3356b39e6d12f7f,ef1fb4aa6f861906adedb489fbf995c480def34eeec4c66bc3356b39e6d12f7f,1,1,0.10446527012127894,1,ef1fb4aa6f861906adedb489fbf995c480def34eeec4c66bc3356b39e6d12f7f,16,1.0,1,1
v16u,1536,9299,123078,exposure_matched_local,1993113078,direct_plus_2k,0,8061714324268930033,7247891221663171466,13140504390879625967,3628,363,363,917,48163,0.10005512679162072,1,726,726,37552,726,726,0,0,0.09206174200661521,1,1643,b6f3b530f9e21d0aa882d6bee81eb7be05e1b3fa7084c194d204066e1a969cec,b6f3b530f9e21d0aa882d6bee81eb7be05e1b3fa7084c194d204066e1a969cec,1,1,0.11273428886438809,1,dbcdb85c4370f61b5c5fc19380b3110c4c4452c46d934ebe197c78fd4ae6da96,16,1.0,1,1
v16u,1536,9299,123078,exposure_matched_local,1993113078,direct_plus_2k,1,6814026081449359796,12942446663685665514,6069507569575588566,3628,363,363,819,41578,0.10005512679162072,1,726,726,38440,726,726,0,0,0.09288864388092613,1,1545,fe7a8e219127bde1fb92745d78908ce46b33e347cdfc0fa7d2474e26f1949c92,fe7a8e219127bde1fb92745d78908ce46b33e347cdfc0fa7d2474e26f1949c92,1,1,0.12045203969128997,1,6863d49faa54627c2c095688ea646ac9b66936a36032d0c1c12e6da56c451807,16,1.0,1,1
v16u,1536,9299,123078,exposure_matched_local,1993113078,direct_plus_2k,2,8839714680063316151,15314825701566581327,8098494785375191124,3628,363,363,908,46968,0.10005512679162072,1,726,726,38088,726,726,0,0,0.09068357221609702,1,1634,83e76a99a3ca23a7bc90332af40782cfadb14a37823a2f2bd466cdcbd729f5b2,83e76a99a3ca23a7bc90332af40782cfadb14a37823a2f2bd466cdcbd729f5b2,1,1,0.11273428886438809,1,abdf623640ac24ab95e35eb9bc5ecafa5ab03e084a61847ab6b5530f28bdc23e,16,1.0,1,1
v16u,1536,9299,123078,exposure_matched_local,1993113078,direct_plus_2k,3,1945945769189680641,5788719193894307082,5130836247057215941,3628,363,363,1137,56065,0.10005512679162072,1,726,726,36113,726,726,0,0,0.09426681367144432,1,1863,98d42e980a2cb034e84f8709b2bf9fc6bf3239acb926931b0c572c6332dc9d15,98d42e980a2cb034e84f8709b2bf9fc6bf3239acb926931b0c572c6332dc9d15,1,1,0.1149393605292172,1,d803d8833b4e16c31adac08265bc434e3698945588bd5b2d10821cdb0a8b419a,16,1.0,1,1
v16u,1536,9299,123078,exposure_matched_local,1993113078,direct_plus_2k,4,1022978989406800306,12098060930529111244,8887215938929551357,3628,363,363,1131,54581,0.10005512679162072,1,726,726,38345,726,726,0,0,0.09013230429988975,1,1857,4a2eff82dbb76c9872fc737f0a17e46d50c4aa012c39d6f0658c4ac485d1f940,4a2eff82dbb76c9872fc737f0a17e46d50c4aa012c39d6f0658c4ac485d1f940,1,1,0.11962513781697905,1,9ac6f889e010ca5276ff477b15577a8530e562c5eec009f67328ce28d80ef213,16,1.0,1,1
v16u,1536,9299,123078,exposure_matched_local,1993113078,direct_plus_2k,5,6672129399358843050,4790268486166972232,7994508332214930025,3628,363,363,1166,61065,0.10005512679162072,1,726,726,37725,726,726,0,0,0.09371554575523705,1,1892,4dde0a78acdd7efc8abe4ef8816a346cc46380482df34d37039ab6404b421151,4dde0a78acdd7efc8abe4ef8816a346cc46380482df34d37039ab6404b421151,1,1,0.11576626240352811,1,08aaeb67bba861b29c71cc07a34b14985903817277dce61ba1ae4506b2b8a599,16,1.0,1,1
v16u,1536,9299,123078,exposure_matched_local,1993113078,direct_plus_2k,6,10304846398147559731,17034692918504695063,3971552558777577243,3628,363,363,881,40494,0.10005512679162072,1,726,726,32315,726,726,0,0,0.0934399117971334,1,1607,90c52477ea66f39cc9ed76416df4cfffa1ec3415a3d533b57e8704c27aa8308c,90c52477ea66f39cc9ed76416df4cfffa1ec3415a3d533b57e8704c27aa8308c,1,1,0.12017640573318633,1,7bd4fff46e8a717e58e473dc3fe2ab2d71423cadcf2f6f748fcc4767960e8013,16,1.0,1,1
v16u,1536,9299,123078,exposure_matched_local,1993113078,direct_plus_2k,7,4307238561627605317,11466512624896054252,3908081227079493113,3628,363,363,786,39942,0.10033076074972437,1,726,726,36241,726,726,0,0,0.08847850055126792,1,1512,6552fbe1186a55bac16740abc08e723f4a3a8e22d6a2dcf425211e33901c943e,6552fbe1186a55bac16740abc08e723f4a3a8e22d6a2dcf425211e33901c943e,1,1,0.11108048511576626,1,d950a30fe4edba4b56cf09b2f71f801c9fd0e3bda8a12404b4b52e8d1ceffbfe,16,1.0,1,1
v16u,1536,9299,123078,exposure_matched_local,1993113078,direct_plus_2k,8,17495975078090962530,8205043445140410497,6382687098448733785,3628,363,363,1179,57770,0.10033076074972437,1,726,726,36245,726,726,0,0,0.09371554575523705,1,1905,06a93cb2173bfe5bcd9bde9a79bf7db8190622b346f57bc56606afc12c6cea8a,06a93cb2173bfe5bcd9bde9a79bf7db8190622b346f57bc56606afc12c6cea8a,1,1,0.11742006615214995,1,02934db308495fc0b0fb3e1cf29afbf683aae889a61cfe7fda1b623fbfd6c3df,16,1.0,1,1
v16u,1536,9299,123078,exposure_matched_local,1993113078,direct_plus_2k,9,10259753078694384780,4298620440657188757,12921651694701238151,3628,363,363,708,37663,0.10005512679162072,1,726,726,37519,726,726,0,0,0.09233737596471886,1,1434,445b2695694b88b66251fbf5bc12ca8eb6660c2350bb2e128c5d7cc5855e9066,445b2695694b88b66251fbf5bc12ca8eb6660c2350bb2e128c5d7cc5855e9066,1,1,0.11769570011025358,1,68c35b669c43581c9df78680e42f72849a4891c60557708c7ac7662f92793534,16,1.0,1,1
v16u,1536,9299,123078,exposure_matched_local,1993113078,direct_plus_2k,10,13012978856430490448,17965658663748762903,16929373613068492435,3628,363,363,988,45809,0.10005512679162072,1,726,726,39836,726,726,0,0,0.09040793825799338,1,1714,431358b1ab53506853683e03da05993f4cfa86ff1957da79c2d01d5ca1901567,431358b1ab53506853683e03da05993f4cfa86ff1957da79c2d01d5ca1901567,1,1,0.11659316427783903,1,69134ae372b7bb826d6f441d2516a78a2d01bc206566201babaa9dbb4c16d04d,16,1.0,1,1
v16u,1536,9299,123078,exposure_matched_local,1993113078,direct_plus_2k,11,5055174375678625769,812703488283545644,12175366105809270867,3628,363,363,870,42224,0.10005512679162072,1,726,726,41757,726,726,0,0,0.09536934950385888,1,1596,0e8c3620229e4224a98522843d98c94e2cc92cf81ca7a5d2a94341ebd5ee3e3b,0e8c3620229e4224a98522843d98c94e2cc92cf81ca7a5d2a94341ebd5ee3e3b,1,1,0.1199007717750827,1,99f6536ef2319927b4fddc846c52e899e7fdf4007ae86df0bb8a39f04bf23b49,16,1.0,1,1
v16u,1536,9299,123078,exposure_matched_local,1993113078,direct_plus_2k,12,17226432229141183140,6849196859063192090,10264078923360916326,3628,363,363,1257,61699,0.10005512679162072,1,726,726,38830,726,726,0,0,0.09729878721058434,1,1983,9c7ca84f1dd7473cfbb5a3303cafcb516acb9ae9a5e716cd450e871e183bb928,9c7ca84f1dd7473cfbb5a3303cafcb516acb9ae9a5e716cd450e871e183bb928,1,1,0.1207276736493936,1,fa4aa3e384c512885e9e61287b02632187ace89e55ba35ea82eefe1d67dd21ab,16,1.0,1,1
v16u,1536,9299,123078,exposure_matched_local,1993113078,direct_plus_2k,13,8008540572094287965,14350579346267177616,11849298390528593038,3628,363,363,890,46917,0.10005512679162072,1,726,726,36895,726,726,0,0,0.09564498346196251,1,1616,6151cfb88fa192e0c4b431c405f76d726d325a96c4ee2d23d9c9507249475729,6151cfb88fa192e0c4b431c405f76d726d325a96c4ee2d23d9c9507249475729,1,1,0.12045203969128997,1,ff734a83c8a6d23639573e301baac37741dc2a1afdfc3ba231c927245bb74df5,16,1.0,1,1
v16u,1536,9299,123078,exposure_matched_local,1993113078,direct_plus_2k,14,15134377197740112672,4837706730831447422,6199870089697898521,3628,363,363,748,36735,0.10033076074972437,1,726,726,38040,726,726,0,0,0.09509371554575524,1,1474,93e5f0cec33be0b33367fa1b11dfb743e5a3e8dd7b6fea85a2bcd3692db4e43b,93e5f0cec33be0b33367fa1b11dfb743e5a3e8dd7b6fea85a2bcd3692db4e43b,1,1,0.12155457552370452,1,c49135e4298b8905c80d6e413c73157c3d1bab24850c6bb1fb6720966f65a0d4,16,1.0,1,1
v16u,1536,9299,123078,exposure_matched_local,1993113078,direct_plus_2k,15,6176453969762259490,17364633883190396740,5533824951913162064,3628,363,363,1012,49044,0.10005512679162072,1,726,726,37356,726,726,0,0,0.09288864388092613,1,1738,ef1fb4aa6f861906adedb489fbf995c480def34eeec4c66bc3356b39e6d12f7f,ef1fb4aa6f861906adedb489fbf995c480def34eeec4c66bc3356b39e6d12f7f,1,1,0.1163175303197354,1,bc2f58d922c2ed78b4b46a70701dae519930cdfbb710d1050c034d45abdbb592,16,1.0,1,1
v16u,1536,9299,123078,exposure_matched_local,1993113078,staged_plus_k_plus_k,0,8061714324268930033,7247891221663171466,13140504390879625967,3628,363,363,917,48163,0.10005512679162072,1,726,726,36729,363,363,363,363,0.09426681367144432,1,1643,b6f3b530f9e21d0aa882d6bee81eb7be05e1b3fa7084c194d204066e1a969cec,b6f3b530f9e21d0aa882d6bee81eb7be05e1b3fa7084c194d204066e1a969cec,1,1,0.1149393605292172,1,f4e9bc58428f629915ab4abde6cd4d2750917fad17d06de8014452eec2093388,16,1.0,1,1
v16u,1536,9299,123078,exposure_matched_local,1993113078,staged_plus_k_plus_k,1,6814026081449359796,12942446663685665514,6069507569575588566,3628,363,363,819,41578,0.10005512679162072,1,726,726,37692,363,363,363,363,0.0912348401323043,1,1545,fe7a8e219127bde1fb92745d78908ce46b33e347cdfc0fa7d2474e26f1949c92,fe7a8e219127bde1fb92745d78908ce46b33e347cdfc0fa7d2474e26f1949c92,1,1,0.1199007717750827,1,f575499b90f1b79468813b025d33125008995f68f1d904a86f0f2ec5ed3d4ee7,16,1.0,1,1
v16u,1536,9299,123078,exposure_matched_local,1993113078,staged_plus_k_plus_k,2,8839714680063316151,15314825701566581327,8098494785375191124,3628,363,363,908,46968,0.10005512679162072,1,726,726,38368,363,363,363,363,0.08710033076074973,1,1634,83e76a99a3ca23a7bc90332af40782cfadb14a37823a2f2bd466cdcbd729f5b2,83e76a99a3ca23a7bc90332af40782cfadb14a37823a2f2bd466cdcbd729f5b2,1,1,0.11466372657111357,1,84249f7492437b340c1fe021832880be2b35ca018e6de2db8057748ca9d0388c,16,1.0,1,1
v16u,1536,9299,123078,exposure_matched_local,1993113078,staged_plus_k_plus_k,3,1945945769189680641,5788719193894307082,5130836247057215941,3628,363,363,1137,56065,0.10005512679162072,1,726,726,36202,363,363,363,363,0.08737596471885337,1,1863,98d42e980a2cb034e84f8709b2bf9fc6bf3239acb926931b0c572c6332dc9d15,98d42e980a2cb034e84f8709b2bf9fc6bf3239acb926931b0c572c6332dc9d15,1,1,0.11549062844542447,1,671e0c3e5e27cedae62d028f2335dc51e0ad8d3ccd9831efbe187ec076fa344a,16,1.0,1,1
v16u,1536,9299,123078,exposure_matched_local,1993113078,staged_plus_k_plus_k,4,1022978989406800306,12098060930529111244,8887215938929551357,3628,363,363,1131,54581,0.10005512679162072,1,726,726,37019,363,363,363,363,0.09399117971334069,1,1857,4a2eff82dbb76c9872fc737f0a17e46d50c4aa012c39d6f0658c4ac485d1f940,4a2eff82dbb76c9872fc737f0a17e46d50c4aa012c39d6f0658c4ac485d1f940,1,1,0.12183020948180816,1,fed35a8867ee44559c90eaa3b14a8f8a6531ff355e604d0bc0f8c86cd66d8ffc,16,1.0,1,1
v16u,1536,9299,123078,exposure_matched_local,1993113078,staged_plus_k_plus_k,5,6672129399358843050,4790268486166972232,7994508332214930025,3628,363,363,1166,61065,0.10005512679162072,1,726,726,36427,363,363,363,363,0.09068357221609702,1,1892,4dde0a78acdd7efc8abe4ef8816a346cc46380482df34d37039ab6404b421151,4dde0a78acdd7efc8abe4ef8816a346cc46380482df34d37039ab6404b421151,1,1,0.1163175303197354,1,3d4ee3b8fecc897bad1ad780529eb8a34984a145e990a9e158c6bb07988c1376,16,1.0,1,1
v16u,1536,9299,123078,exposure_matched_local,1993113078,staged_plus_k_plus_k,6,10304846398147559731,17034692918504695063,3971552558777577243,3628,363,363,881,40494,0.10005512679162072,1,726,726,33517,363,363,363,363,0.09426681367144432,1,1607,90c52477ea66f39cc9ed76416df4cfffa1ec3415a3d533b57e8704c27aa8308c,90c52477ea66f39cc9ed76416df4cfffa1ec3415a3d533b57e8704c27aa8308c,1,1,0.1185226019845645,1,fa46c1d4cc62c000d74ece7f950d5c230333e270922216b72b9692c5f644e099,16,1.0,1,1
v16u,1536,9299,123078,exposure_matched_local,1993113078,staged_plus_k_plus_k,7,4307238561627605317,11466512624896054252,3908081227079493113,3628,363,363,786,39942,0.10033076074972437,1,726,726,36236,363,363,363,363,0.08902976846747519,1,1512,6552fbe1186a55bac16740abc08e723f4a3a8e22d6a2dcf425211e33901c943e,6552fbe1186a55bac16740abc08e723f4a3a8e22d6a2dcf425211e33901c943e,1,1,0.10970231532524807,1,f79bcb212ca58a1286c75b43b80af754fb80830a0aad926a54c6705751515c31,16,1.0,1,1
v16u,1536,9299,123078,exposure_matched_local,1993113078,staged_plus_k_plus_k,8,17495975078090962530,8205043445140410497,6382687098448733785,3628,363,363,1179,57770,0.10033076074972437,1,726,726,38031,363,363,363,363,0.09013230429988975,1,1905,06a93cb2173bfe5bcd9bde9a79bf7db8190622b346f57bc56606afc12c6cea8a,06a93cb2173bfe5bcd9bde9a79bf7db8190622b346f57bc56606afc12c6cea8a,1,1,0.1149393605292172,1,60207c64d42fd7e97e610feb3e9699915ed92e5bd40868ae36771c5d4460328e,16,1.0,1,1
v16u,1536,9299,123078,exposure_matched_local,1993113078,staged_plus_k_plus_k,9,10259753078694384780,4298620440657188757,12921651694701238151,3628,363,363,708,37663,0.10005512679162072,1,726,726,37600,363,363,363,363,0.08572216097023153,1,1434,445b2695694b88b66251fbf5bc12ca8eb6660c2350bb2e128c5d7cc5855e9066,445b2695694b88b66251fbf5bc12ca8eb6660c2350bb2e128c5d7cc5855e9066,1,1,0.11052921719955898,1,cd7ce042d2f45808deb87ad20095cb1ead53543a209edb147127f5f65077df4c,16,1.0,1,1
v16u,1536,9299,123078,exposure_matched_local,1993113078,staged_plus_k_plus_k,10,13012978856430490448,17965658663748762903,16929373613068492435,3628,363,363,988,45809,0.10005512679162072,1,726,726,36950,363,363,363,363,0.09592061742006615,1,1714,431358b1ab53506853683e03da05993f4cfa86ff1957da79c2d01d5ca1901567,431358b1ab53506853683e03da05993f4cfa86ff1957da79c2d01d5ca1901567,1,1,0.11549062844542447,1,7daadbc49f71ce6f391f5dcfb518a2cc958d653685da8817063a2f457bf44ddf,16,1.0,1,1
v16u,1536,9299,123078,exposure_matched_local,1993113078,staged_plus_k_plus_k,11,5055174375678625769,812703488283545644,12175366105809270867,3628,363,363,870,42224,0.10005512679162072,1,726,726,38723,363,363,363,363,0.09013230429988975,1,1596,0e8c3620229e4224a98522843d98c94e2cc92cf81ca7a5d2a94341ebd5ee3e3b,0e8c3620229e4224a98522843d98c94e2cc92cf81ca7a5d2a94341ebd5ee3e3b,1,1,0.11742006615214995,1,c98dbc95b248d57fd362390377ff7bd76d8c8a26524531787249f72af1c1fa72,16,1.0,1,1
v16u,1536,9299,123078,exposure_matched_local,1993113078,staged_plus_k_plus_k,12,17226432229141183140,6849196859063192090,10264078923360916326,3628,363,363,1257,61699,0.10005512679162072,1,726,726,39538,363,363,363,363,0.09013230429988975,1,1983,9c7ca84f1dd7473cfbb5a3303cafcb516acb9ae9a5e716cd450e871e183bb928,9c7ca84f1dd7473cfbb5a3303cafcb516acb9ae9a5e716cd450e871e183bb928,1,1,0.11383682469680265,1,ae71effb498256f304abf961548f253ee8bc4aa66184f81ec968f33ec0deae49,16,1.0,1,1
v16u,1536,9299,123078,exposure_matched_local,1993113078,staged_plus_k_plus_k,13,8008540572094287965,14350579346267177616,11849298390528593038,3628,363,363,890,46917,0.10005512679162072,1,726,726,39214,363,363,363,363,0.09674751929437707,1,1616,6151cfb88fa192e0c4b431c405f76d726d325a96c4ee2d23d9c9507249475729,6151cfb88fa192e0c4b431c405f76d726d325a96c4ee2d23d9c9507249475729,1,1,0.11742006615214995,1,757ebe5330e76348636a8b56b966a3c824776e65f9c82b09a0166deb4a53c404,16,1.0,1,1
v16u,1536,9299,123078,exposure_matched_local,1993113078,staged_plus_k_plus_k,14,15134377197740112672,4837706730831447422,6199870089697898521,3628,363,363,748,36735,0.10033076074972437,1,726,726,35673,363,363,363,363,0.09151047409040794,1,1474,93e5f0cec33be0b33367fa1b11dfb743e5a3e8dd7b6fea85a2bcd3692db4e43b,93e5f0cec33be0b33367fa1b11dfb743e5a3e8dd7b6fea85a2bcd3692db4e43b,1,1,0.12127894156560089,1,b643317073f6c9e38bcb4d489ccba47bc52001b9a2c45f6d3a84a4a0ca4e299b,16,1.0,1,1
v16u,1536,9299,123078,exposure_matched_local,1993113078,staged_plus_k_plus_k,15,6176453969762259490,17364633883190396740,5533824951913162064,3628,363,363,1012,49044,0.10005512679162072,1,726,726,36427,363,363,363,363,0.09454244762954796,1,1738,ef1fb4aa6f861906adedb489fbf995c480def34eeec4c66bc3356b39e6d12f7f,ef1fb4aa6f861906adedb489fbf995c480def34eeec4c66bc3356b39e6d12f7f,1,1,0.11190738699007717,1,e24cd9ebed238b4e0d629a13abdc6a5446954b1676530195f3cdad5807e3023f,16,1.0,1,1
v16u,1536,9299,123403,exposure_matched_local,1993113403,burnin,0,5228208737343125161,2990141056351075832,5959740808717961664,3574,358,358,1286,84297,0.10016787912702854,1,0,0,0,0,0,0,0,0.0,1,1286,fb80b0fef2112777aa355a19b639605f3e2b8d3e20e568ecfb7f309415ea6e0a,fb80b0fef2112777aa355a19b639605f3e2b8d3e20e568ecfb7f309415ea6e0a,1,1,0.10016787912702854,1,ef0e3594dfe11fa6b29d9045c4bc78933dd3bc138553f5b56cf019607535bab0,16,1.0,1,1
v16u,1536,9299,123403,exposure_matched_local,1993113403,burnin,1,10479365922874863066,1415052405259873553,17172815064012170856,3574,358,358,1121,75929,0.10016787912702854,1,0,0,0,0,0,0,0,0.0,1,1121,90dd0664f4a3f45a51ab9dc4c40a883b29510034a45901f61d1ef2968339924f,90dd0664f4a3f45a51ab9dc4c40a883b29510034a45901f61d1ef2968339924f,1,1,0.10016787912702854,1,39897a6f0bd0322b807680b6e3409fabb2770c68b4b49aefa3ea3e4f13e2be6f,16,1.0,1,1
v16u,1536,9299,123403,exposure_matched_local,1993113403,burnin,2,13036848566529985551,14192853502918896979,5239705075775621465,3574,358,358,1092,70520,0.10016787912702854,1,0,0,0,0,0,0,0,0.0,1,1092,ae8f7fc51050fef2f02c2aaa769a7ec5c99f99191260398617e4b272fb24ad88,ae8f7fc51050fef2f02c2aaa769a7ec5c99f99191260398617e4b272fb24ad88,1,1,0.10016787912702854,1,d9f8b1a87b366980c71bb6cb4dfe572eddd29a4be689b0423d4b261052b2e5c2,16,1.0,1,1
v16u,1536,9299,123403,exposure_matched_local,1993113403,burnin,3,7638817894724159577,6611765534268376721,3386787950569109727,3574,358,358,921,63781,0.1004476776720761,1,0,0,0,0,0,0,0,0.0,1,921,595a9f191e185075c133b07f7c10a5697237e83075f3460a3a140e8bfadfdcbd,595a9f191e185075c133b07f7c10a5697237e83075f3460a3a140e8bfadfdcbd,1,1,0.1004476776720761,1,34b425da1c0b0095c78530eb6f9d1de887e2a3fa566535cf068433877a3f65f9,16,1.0,1,1
v16u,1536,9299,123403,exposure_matched_local,1993113403,burnin,4,12136233587423087636,2141467040117944552,7644586951462772572,3574,358,358,1239,78882,0.1004476776720761,1,0,0,0,0,0,0,0,0.0,1,1239,a95ce1b0f2ae6b324a43776d1e264c7e7cd08c90962af5f6260b91d9098358e3,a95ce1b0f2ae6b324a43776d1e264c7e7cd08c90962af5f6260b91d9098358e3,1,1,0.1004476776720761,1,36b43c99c57dfd0ecb194030e0679c34d8e82ad4969a961e7adfa56216d91d9c,16,1.0,1,1
v16u,1536,9299,123403,exposure_matched_local,1993113403,burnin,5,12830405887641428435,17365913447885860783,756377313249836937,3574,358,358,1075,73025,0.10016787912702854,1,0,0,0,0,0,0,0,0.0,1,1075,1d026d49fa69619eb526f96545e39a3b9cff8cae5a2641be6592afe523fb2192,1d026d49fa69619eb526f96545e39a3b9cff8cae5a2641be6592afe523fb2192,1,1,0.10016787912702854,1,b31cffd150d4324c3e4aa4e2d3c4fa44820d4fb6be39d28762d6dab117220d7b,16,1.0,1,1
v16u,1536,9299,123403,exposure_matched_local,1993113403,burnin,6,10376909254035771362,13626591063860052998,15974720587115930071,3574,358,358,892,60646,0.10016787912702854,1,0,0,0,0,0,0,0,0.0,1,892,3acc2661f04d53de682b442c870a072bda227672d858ff38e0630f20bc4f385b,3acc2661f04d53de682b442c870a072bda227672d858ff38e0630f20bc4f385b,1,1,0.10016787912702854,1,d0e9dd01d3628fb408900fd3580564e1346d5debe2b0a220abcda7cf0f26aede,16,1.0,1,1
v16u,1536,9299,123403,exposure_matched_local,1993113403,burnin,7,4502413694453026580,16761094617453724740,234021312165550758,3574,358,358,1283,82954,0.10016787912702854,1,0,0,0,0,0,0,0,0.0,1,1283,d622096d686c3f96f506b47b1e686ec0884c5c314790e3f49ec3d9e4207994cd,d622096d686c3f96f506b47b1e686ec0884c5c314790e3f49ec3d9e4207994cd,1,1,0.10016787912702854,1,38593598c064f5de44ade12eb8122fb70d273370099abfb04cdd84009571a83c,16,1.0,1,1
v16u,1536,9299,123403,exposure_matched_local,1993113403,burnin,8,13237410231690736495,11116856978534489170,18154391887953365722,3574,358,358,1102,70636,0.10016787912702854,1,0,0,0,0,0,0,0,0.0,1,1102,0f73b75352deb3f714502f2f502184d40ad6af87ad519c6d797fc4622c7c6e5c,0f73b75352deb3f714502f2f502184d40ad6af87ad519c6d797fc4622c7c6e5c,1,1,0.10016787912702854,1,9b7ef2d6592458e799d8392b92afe7e6ab330b7f607f1795f0f3a59e63ecd282,16,1.0,1,1
v16u,1536,9299,123403,exposure_matched_local,1993113403,burnin,9,17837666459757576850,13109186686521933648,15123376245760667045,3574,358,358,1119,73608,0.10016787912702854,1,0,0,0,0,0,0,0,0.0,1,1119,6cd0c5dcb59e7b14539d0c2b53b22c5350e364eb033f3edd5c89a74df7731238,6cd0c5dcb59e7b14539d0c2b53b22c5350e364eb033f3edd5c89a74df7731238,1,1,0.10016787912702854,1,e1ce8cb876c5c9ac4d6eb3a3d7f80784bf2cc456dace08bff36227dfc33192b2,16,1.0,1,1
v16u,1536,9299,123403,exposure_matched_local,1993113403,burnin,10,16630643036864383695,17340375061283747538,4013485839102619618,3574,358,358,1084,72429,0.10016787912702854,1,0,0,0,0,0,0,0,0.0,1,1084,918f54a78009ef08ed024b6ad238aa70c4cabc418b5355798c67b915bf45b746,918f54a78009ef08ed024b6ad238aa70c4cabc418b5355798c67b915bf45b746,1,1,0.10016787912702854,1,85842c49477b876393663ae9a9bbd3514cfe3c6be3bf245d50db7556c336d759,16,1.0,1,1
v16u,1536,9299,123403,exposure_matched_local,1993113403,burnin,11,7729610016569226646,6912369794718537527,14368152351987354330,3574,358,358,1302,85198,0.1004476776720761,1,0,0,0,0,0,0,0,0.0,1,1302,af930b802b86a7c288d27d7d7246c9d4735cfe7c1c56b4ea49a04c6cda610654,af930b802b86a7c288d27d7d7246c9d4735cfe7c1c56b4ea49a04c6cda610654,1,1,0.1004476776720761,1,e5bc21cb82779b3041ab1afed4bf47699ace568ec1890f82861be67fc0d4d963,16,1.0,1,1
v16u,1536,9299,123403,exposure_matched_local,1993113403,burnin,12,14255162940654732287,8084585144190903168,17221591300919948063,3574,358,358,1032,68048,0.1004476776720761,1,0,0,0,0,0,0,0,0.0,1,1032,545a19e0379a2a2535626cef9f8b7f426363d4823ccd422d100b9e54163c69ff,545a19e0379a2a2535626cef9f8b7f426363d4823ccd422d100b9e54163c69ff,1,1,0.1004476776720761,1,66466e9da503291af0521c474908ace3e6bd50e634c43727dfe4689bb9d81bbe,16,1.0,1,1
v16u,1536,9299,123403,exposure_matched_local,1993113403,burnin,13,17970542958583679702,5391415870317975985,9278328025930459621,3574,358,358,1233,77675,0.10016787912702854,1,0,0,0,0,0,0,0,0.0,1,1233,b01ae990d2df5b8b7c4f12beae4056da9826180d1bf79c2d2e89f9e35f4867dd,b01ae990d2df5b8b7c4f12beae4056da9826180d1bf79c2d2e89f9e35f4867dd,1,1,0.10016787912702854,1,16f7a532c56a1f0a3c9652002740bd22a3d030fd82efcdef2098470df892cc1e,16,1.0,1,1
v16u,1536,9299,123403,exposure_matched_local,1993113403,burnin,14,10234863726116756376,10926532236512926026,7304558564923433824,3574,358,358,1107,70505,0.10016787912702854,1,0,0,0,0,0,0,0,0.0,1,1107,7d1e59094604c56ae26c98f9f39e1ce146bdf751cac9472479db1492801fb6c4,7d1e59094604c56ae26c98f9f39e1ce146bdf751cac9472479db1492801fb6c4,1,1,0.10016787912702854,1,f28cde331527f382afe1feb27ed73320d92d08c0ee5e9a1200a730e1bdd9d643,16,1.0,1,1
v16u,1536,9299,123403,exposure_matched_local,1993113403,burnin,15,16133530385245990700,9121628350713258112,16089892073333266187,3574,358,358,1163,74622,0.10016787912702854,1,0,0,0,0,0,0,0,0.0,1,1163,377df6b1ed8cafdb9368981c9b6544ad178d7a2445021a266cd5815a5f317ec1,377df6b1ed8cafdb9368981c9b6544ad178d7a2445021a266cd5815a5f317ec1,1,1,0.10016787912702854,1,eab75fa503bcf12d0910ac28918a62b7d58e54a470c03015b8fe3beb61453d7f,16,1.0,1,1
v16u,1536,9299,123403,exposure_matched_local,1993113403,direct_plus_k,0,5228208737343125161,2990141056351075832,5959740808717961664,3574,358,358,1286,84297,0.10016787912702854,1,358,358,23643,358,358,0,0,0.07022943480693901,1,1644,fb80b0fef2112777aa355a19b639605f3e2b8d3e20e568ecfb7f309415ea6e0a,fb80b0fef2112777aa355a19b639605f3e2b8d3e20e568ecfb7f309415ea6e0a,1,1,0.1119194180190263,1,fb80b0fef2112777aa355a19b639605f3e2b8d3e20e568ecfb7f309415ea6e0a,16,1.0,1,1
v16u,1536,9299,123403,exposure_matched_local,1993113403,direct_plus_k,1,10479365922874863066,1415052405259873553,17172815064012170856,3574,358,358,1121,75929,0.10016787912702854,1,358,358,24219,358,358,0,0,0.07246782316731953,1,1479,90dd0664f4a3f45a51ab9dc4c40a883b29510034a45901f61d1ef2968339924f,90dd0664f4a3f45a51ab9dc4c40a883b29510034a45901f61d1ef2968339924f,1,1,0.10408505875769446,1,90dd0664f4a3f45a51ab9dc4c40a883b29510034a45901f61d1ef2968339924f,16,1.0,1,1
v16u,1536,9299,123403,exposure_matched_local,1993113403,direct_plus_k,2,13036848566529985551,14192853502918896979,5239705075775621465,3574,358,358,1092,70520,0.10016787912702854,1,358,358,24629,358,358,0,0,0.0727476217123671,1,1450,ae8f7fc51050fef2f02c2aaa769a7ec5c99f99191260398617e4b272fb24ad88,ae8f7fc51050fef2f02c2aaa769a7ec5c99f99191260398617e4b272fb24ad88,1,1,0.10716284275321768,1,ae8f7fc51050fef2f02c2aaa769a7ec5c99f99191260398617e4b272fb24ad88,16,1.0,1,1
v16u,1536,9299,123403,exposure_matched_local,1993113403,direct_plus_k,3,7638817894724159577,6611765534268376721,3386787950569109727,3574,358,358,921,63781,0.1004476776720761,1,358,358,23930,358,358,0,0,0.06799104644655848,1,1279,595a9f191e185075c133b07f7c10a5697237e83075f3460a3a140e8bfadfdcbd,595a9f191e185075c133b07f7c10a5697237e83075f3460a3a140e8bfadfdcbd,1,1,0.10800223838836039,1,595a9f191e185075c133b07f7c10a5697237e83075f3460a3a140e8bfadfdcbd,16,1.0,1,1
v16u,1536,9299,123403,exposure_matched_local,1993113403,direct_plus_k,4,12136233587423087636,2141467040117944552,7644586951462772572,3574,358,358,1239,78882,0.1004476776720761,1,358,358,24935,358,358,0,0,0.07162842753217684,1,1597,a95ce1b0f2ae6b324a43776d1e264c7e7cd08c90962af5f6260b91d9098358e3,a95ce1b0f2ae6b324a43776d1e264c7e7cd08c90962af5f6260b91d9098358e3,1,1,0.10688304420817012,1,a95ce1b0f2ae6b324a43776d1e264c7e7cd08c90962af5f6260b91d9098358e3,16,1.0,1,1
v16u,1536,9299,123403,exposure_matched_local,1993113403,direct_plus_k,5,12830405887641428435,17365913447885860783,756377313249836937,3574,358,358,1075,73025,0.10016787912702854,1,358,358,22571,358,358,0,0,0.0719082260772244,1,1433,1d026d49fa69619eb526f96545e39a3b9cff8cae5a2641be6592afe523fb2192,1d026d49fa69619eb526f96545e39a3b9cff8cae5a2641be6592afe523fb2192,1,1,0.11052042529378847,1,1d026d49fa69619eb526f96545e39a3b9cff8cae5a2641be6592afe523fb2192,16,1.0,1,1
v16u,1536,9299,123403,exposure_matched_local,1993113403,direct_plus_k,6,10376909254035771362,13626591063860052998,15974720587115930071,3574,358,358,892,60646,0.10016787912702854,1,358,358,23707,358,358,0,0,0.06994963626189143,1,1250,3acc2661f04d53de682b442c870a072bda227672d858ff38e0630f20bc4f385b,3acc2661f04d53de682b442c870a072bda227672d858ff38e0630f20bc4f385b,1,1,0.10548405148293229,1,3acc2661f04d53de682b442c870a072bda227672d858ff38e0630f20bc4f385b,16,1.0,1,1
v16u,1536,9299,123403,exposure_matched_local,1993113403,direct_plus_k,7,4502413694453026580,16761094617453724740,234021312165550758,3574,358,358,1283,82954,0.10016787912702854,1,358,358,25011,358,358,0,0,0.06966983771684387,1,1641,d622096d686c3f96f506b47b1e686ec0884c5c314790e3f49ec3d9e4207994cd,d622096d686c3f96f506b47b1e686ec0884c5c314790e3f49ec3d9e4207994cd,1,1,0.11024062674874091,1,d622096d686c3f96f506b47b1e686ec0884c5c314790e3f49ec3d9e4207994cd,16,1.0,1,1
v16u,1536,9299,123403,exposure_matched_local,1993113403,direct_plus_k,8,13237410231690736495,11116856978534489170,18154391887953365722,3574,358,358,1102,70636,0.10016787912702854,1,358,358,22571,358,358,0,0,0.07442641298265248,1,1460,0f73b75352deb3f714502f2f502184d40ad6af87ad519c6d797fc4622c7c6e5c,0f73b75352deb3f714502f2f502184d40ad6af87ad519c6d797fc4622c7c6e5c,1,1,0.10884163402350308,1,0f73b75352deb3f714502f2f502184d40ad6af87ad519c6d797fc4622c7c6e5c,16,1.0,1,1
v16u,1536,9299,123403,exposure_matched_local,1993113403,direct_plus_k,9,17837666459757576850,13109186686521933648,15123376245760667045,3574,358,358,1119,73608,0.10016787912702854,1,358,358,25547,358,358,0,0,0.07330721880246223,1,1477,6cd0c5dcb59e7b14539d0c2b53b22c5350e364eb033f3edd5c89a74df7731238,6cd0c5dcb59e7b14539d0c2b53b22c5350e364eb033f3edd5c89a74df7731238,1,1,0.11135982092893117,1,6cd0c5dcb59e7b14539d0c2b53b22c5350e364eb033f3edd5c89a74df7731238,16,1.0,1,1
v16u,1536,9299,123403,exposure_matched_local,1993113403,direct_plus_k,10,16630643036864383695,17340375061283747538,4013485839102619618,3574,358,358,1084,72429,0.10016787912702854,1,358,358,25239,358,358,0,0,0.07078903189703413,1,1442,918f54a78009ef08ed024b6ad238aa70c4cabc418b5355798c67b915bf45b746,918f54a78009ef08ed024b6ad238aa70c4cabc418b5355798c67b915bf45b746,1,1,0.10772243984331281,1,918f54a78009ef08ed024b6ad238aa70c4cabc418b5355798c67b915bf45b746,16,1.0,1,1
v16u,1536,9299,123403,exposure_matched_local,1993113403,direct_plus_k,11,7729610016569226646,6912369794718537527,14368152351987354330,3574,358,358,1302,85198,0.1004476776720761,1,358,358,26953,358,358,0,0,0.07442641298265248,1,1660,af930b802b86a7c288d27d7d7246c9d4735cfe7c1c56b4ea49a04c6cda610654,af930b802b86a7c288d27d7d7246c9d4735cfe7c1c56b4ea49a04c6cda610654,1,1,0.1110800223838836,1,af930b802b86a7c288d27d7d7246c9d4735cfe7c1c56b4ea49a04c6cda610654,16,1.0,1,1
v16u,1536,9299,123403,exposure_matched_local,1993113403,direct_plus_k,12,14255162940654732287,8084585144190903168,17221591300919948063,3574,358,358,1032,68048,0.1004476776720761,1,358,358,22259,358,358,0,0,0.0752658086177952,1,1390,545a19e0379a2a2535626cef9f8b7f426363d4823ccd422d100b9e54163c69ff,545a19e0379a2a2535626cef9f8b7f426363d4823ccd422d100b9e54163c69ff,1,1,0.11024062674874091,1,545a19e0379a2a2535626cef9f8b7f426363d4823ccd422d100b9e54163c69ff,16,1.0,1,1
v16u,1536,9299,123403,exposure_matched_local,1993113403,direct_plus_k,13,17970542958583679702,5391415870317975985,9278328025930459621,3574,358,358,1233,77675,0.10016787912702854,1,358,358,24642,358,358,0,0,0.06911024062674874,1,1591,b01ae990d2df5b8b7c4f12beae4056da9826180d1bf79c2d2e89f9e35f4867dd,b01ae990d2df5b8b7c4f12beae4056da9826180d1bf79c2d2e89f9e35f4867dd,1,1,0.1038052602126469,1,b01ae990d2df5b8b7c4f12beae4056da9826180d1bf79c2d2e89f9e35f4867dd,16,1.0,1,1
v16u,1536,9299,123403,exposure_matched_local,1993113403,direct_plus_k,14,10234863726116756376,10926532236512926026,7304558564923433824,3574,358,358,1107,70505,0.10016787912702854,1,358,358,22689,358,358,0,0,0.0727476217123671,1,1465,7d1e59094604c56ae26c98f9f39e1ce146bdf751cac9472479db1492801fb6c4,7d1e59094604c56ae26c98f9f39e1ce146bdf751cac9472479db1492801fb6c4,1,1,0.11303861219921657,1,7d1e59094604c56ae26c98f9f39e1ce146bdf751cac9472479db1492801fb6c4,16,1.0,1,1
v16u,1536,9299,123403,exposure_matched_local,1993113403,direct_plus_k,15,16133530385245990700,9121628350713258112,16089892073333266187,3574,358,358,1163,74622,0.10016787912702854,1,358,358,23638,358,358,0,0,0.0710688304420817,1,1521,377df6b1ed8cafdb9368981c9b6544ad178d7a2445021a266cd5815a5f317ec1,377df6b1ed8cafdb9368981c9b6544ad178d7a2445021a266cd5815a5f317ec1,1,1,0.10968102965864578,1,377df6b1ed8cafdb9368981c9b6544ad178d7a2445021a266cd5815a5f317ec1,16,1.0,1,1
v16u,1536,9299,123403,exposure_matched_local,1993113403,direct_plus_2k,0,5228208737343125161,2990141056351075832,5959740808717961664,3574,358,358,1286,84297,0.10016787912702854,1,716,716,46916,716,716,0,0,0.09345271404588697,1,2002,fb80b0fef2112777aa355a19b639605f3e2b8d3e20e568ecfb7f309415ea6e0a,fb80b0fef2112777aa355a19b639605f3e2b8d3e20e568ecfb7f309415ea6e0a,1,1,0.11919418019026301,1,267fce4b033c2009eb26176a66c77446556ce0233c4b0cac22074e2a26fce700,16,1.0,1,1
v16u,1536,9299,123403,exposure_matched_local,1993113403,direct_plus_2k,1,10479365922874863066,1415052405259873553,17172815064012170856,3574,358,358,1121,75929,0.10016787912702854,1,716,716,48897,716,716,0,0,0.08589815332960268,1,1837,90dd0664f4a3f45a51ab9dc4c40a883b29510034a45901f61d1ef2968339924f,90dd0664f4a3f45a51ab9dc4c40a883b29510034a45901f61d1ef2968339924f,1,1,0.11080022383883603,1,2a026998b2a34db027ad9cc21bdf5d2a2570c95b173612416112438857ef9a5b,16,1.0,1,1
v16u,1536,9299,123403,exposure_matched_local,1993113403,direct_plus_2k,2,13036848566529985551,14192853502918896979,5239705075775621465,3574,358,358,1092,70520,0.10016787912702854,1,716,716,48915,716,716,0,0,0.08925573587017348,1,1808,ae8f7fc51050fef2f02c2aaa769a7ec5c99f99191260398617e4b272fb24ad88,ae8f7fc51050fef2f02c2aaa769a7ec5c99f99191260398617e4b272fb24ad88,1,1,0.11751538891997762,1,07c4bbe5720e2d46d6d3112395d55085bc3fccf928c0b2b1838965b918a51e01,16,1.0,1,1
v16u,1536,9299,123403,exposure_matched_local,1993113403,direct_plus_2k,3,7638817894724159577,6611765534268376721,3386787950569109727,3574,358,358,921,63781,0.1004476776720761,1,716,716,46804,716,716,0,0,0.08673754896474538,1,1637,595a9f191e185075c133b07f7c10a5697237e83075f3460a3a140e8bfadfdcbd,595a9f191e185075c133b07f7c10a5697237e83075f3460a3a140e8bfadfdcbd,1,1,0.11415780637940683,1,05755e1e099f33fc9c10108e39f928420897ee76862d9e452c5cfc65dd1318ed,16,1.0,1,1
v16u,1536,9299,123403,exposure_matched_local,1993113403,direct_plus_2k,4,12136233587423087636,2141467040117944552,7644586951462772572,3574,358,358,1239,78882,0.1004476776720761,1,716,716,46638,716,716,0,0,0.0833799664241746,1,1955,a95ce1b0f2ae6b324a43776d1e264c7e7cd08c90962af5f6260b91d9098358e3,a95ce1b0f2ae6b324a43776d1e264c7e7cd08c90962af5f6260b91d9098358e3,1,1,0.11052042529378847,1,021ab9cb7a47d6497207af4fc52e19076faae61a53a6fb98694232fb683a8be7,16,1.0,1,1
v16u,1536,9299,123403,exposure_matched_local,1993113403,direct_plus_2k,5,12830405887641428435,17365913447885860783,756377313249836937,3574,358,358,1075,73025,0.10016787912702854,1,716,716,45851,716,716,0,0,0.08533855623950755,1,1791,1d026d49fa69619eb526f96545e39a3b9cff8cae5a2641be6592afe523fb2192,1d026d49fa69619eb526f96545e39a3b9cff8cae5a2641be6592afe523fb2192,1,1,0.11331841074426413,1,29b134942cb592577524baa19037173e59948b607918ac14b476e4fd4fd7367f,16,1.0,1,1
v16u,1536,9299,123403,exposure_matched_local,1993113403,direct_plus_2k,6,10376909254035771362,13626591063860052998,15974720587115930071,3574,358,358,892,60646,0.10016787912702854,1,716,716,48319,716,716,0,0,0.08729714605484051,1,1608,3acc2661f04d53de682b442c870a072bda227672d858ff38e0630f20bc4f385b,3acc2661f04d53de682b442c870a072bda227672d858ff38e0630f20bc4f385b,1,1,0.11695579182988249,1,a9106002d8b6c21467b397457d457eb20c8f28c3865b10401cd436a096dcd6ff,16,1.0,1,1
v16u,1536,9299,123403,exposure_matched_local,1993113403,direct_plus_2k,7,4502413694453026580,16761094617453724740,234021312165550758,3574,358,358,1283,82954,0.10016787912702854,1,716,716,49200,716,716,0,0,0.08533855623950755,1,1999,d622096d686c3f96f506b47b1e686ec0884c5c314790e3f49ec3d9e4207994cd,d622096d686c3f96f506b47b1e686ec0884c5c314790e3f49ec3d9e4207994cd,1,1,0.11415780637940683,1,cfaf8e5c9018942a098d90f03e3c185efec73e70e6f0751c42dfdee1cb165395,16,1.0,1,1
v16u,1536,9299,123403,exposure_matched_local,1993113403,direct_plus_2k,8,13237410231690736495,11116856978534489170,18154391887953365722,3574,358,358,1102,70636,0.10016787912702854,1,716,716,46765,716,716,0,0,0.0889759373251259,1,1818,0f73b75352deb3f714502f2f502184d40ad6af87ad519c6d797fc4622c7c6e5c,0f73b75352deb3f714502f2f502184d40ad6af87ad519c6d797fc4622c7c6e5c,1,1,0.12031337437045328,1,5ae6511f257546991d49bfa05ed9d7d92cb6d339ac87edb0cbad2c91ba6f1a02,16,1.0,1,1
v16u,1536,9299,123403,exposure_matched_local,1993113403,direct_plus_2k,9,17837666459757576850,13109186686521933648,15123376245760667045,3574,358,358,1119,73608,0.10016787912702854,1,716,716,50305,716,716,0,0,0.091494124230554,1,1835,6cd0c5dcb59e7b14539d0c2b53b22c5350e364eb033f3edd5c89a74df7731238,6cd0c5dcb59e7b14539d0c2b53b22c5350e364eb033f3edd5c89a74df7731238,1,1,0.12115277000559597,1,01b1dabfdca66a589bb374c5ba70f2f193547dd1431a4af35992f206281ea053,16,1.0,1,1
v16u,1536,9299,123403,exposure_matched_local,1993113403,direct_plus_2k,10,16630643036864383695,17340375061283747538,4013485839102619618,3574,358,358,1084,72429,0.10016787912702854,1,716,716,49849,716,716,0,0,0.08282036933407946,1,1800,918f54a78009ef08ed024b6ad238aa70c4cabc418b5355798c67b915bf45b746,918f54a78009ef08ed024b6ad238aa70c4cabc418b5355798c67b915bf45b746,1,1,0.11303861219921657,1,5083a62a5266461cb68db594838155da129db012d5e6a976c0bf51092a826711,16,1.0,1,1
v16u,1536,9299,123403,exposure_matched_local,1993113403,direct_plus_2k,11,7729610016569226646,6912369794718537527,14368152351987354330,3574,358,358,1302,85198,0.1004476776720761,1,716,716,51005,716,716,0,0,0.09373251259093453,1,2018,af930b802b86a7c288d27d7d7246c9d4735cfe7c1c56b4ea49a04c6cda610654,af930b802b86a7c288d27d7d7246c9d4735cfe7c1c56b4ea49a04c6cda610654,1,1,0.11779518746502518,1,7dda06bda7772b86afd3cfb2bbb190e4ffe1dd82faa18a2467340c08139e4f57,16,1.0,1,1
v16u,1536,9299,123403,exposure_matched_local,1993113403,direct_plus_2k,12,14255162940654732287,8084585144190903168,17221591300919948063,3574,358,358,1032,68048,0.1004476776720761,1,716,716,45062,716,716,0,0,0.0889759373251259,1,1748,545a19e0379a2a2535626cef9f8b7f426363d4823ccd422d100b9e54163c69ff,545a19e0379a2a2535626cef9f8b7f426363d4823ccd422d100b9e54163c69ff,1,1,0.11919418019026301,1,69d18fc63ad351b866269f585dc24cbb56722485b57a81898cdf522951e10911,16,1.0,1,1
v16u,1536,9299,123403,exposure_matched_local,1993113403,direct_plus_2k,13,17970542958583679702,5391415870317975985,9278328025930459621,3574,358,358,1233,77675,0.10016787912702854,1,716,716,52109,716,716,0,0,0.08869613878007834,1,1949,b01ae990d2df5b8b7c4f12beae4056da9826180d1bf79c2d2e89f9e35f4867dd,b01ae990d2df5b8b7c4f12beae4056da9826180d1bf79c2d2e89f9e35f4867dd,1,1,0.11135982092893117,1,a05ed36fe7d96b122ffa44832b3e581572978595b66b98d4c41bb16668847ceb,16,1.0,1,1
v16u,1536,9299,123403,exposure_matched_local,1993113403,direct_plus_2k,14,10234863726116756376,10926532236512926026,7304558564923433824,3574,358,358,1107,70505,0.10016787912702854,1,716,716,46829,716,716,0,0,0.09457190822607722,1,1823,7d1e59094604c56ae26c98f9f39e1ce146bdf751cac9472479db1492801fb6c4,7d1e59094604c56ae26c98f9f39e1ce146bdf751cac9472479db1492801fb6c4,1,1,0.11975377728035815,1,55f9c78a46c1270fd123db153211bd53ed26e8888176f35e0b1963deed3f1c31,16,1.0,1,1
v16u,1536,9299,123403,exposure_matched_local,1993113403,direct_plus_2k,15,16133530385245990700,9121628350713258112,16089892073333266187,3574,358,358,1163,74622,0.10016787912702854,1,716,716,47058,716,716,0,0,0.09065472859541131,1,1879,377df6b1ed8cafdb9368981c9b6544ad178d7a2445021a266cd5815a5f317ec1,377df6b1ed8cafdb9368981c9b6544ad178d7a2445021a266cd5815a5f317ec1,1,1,0.1225517627308338,1,47cdef31f5212c4952dabc3a8ee604843a7c1fb74d469538e2983657a27bd56a,16,1.0,1,1
v16u,1536,9299,123403,exposure_matched_local,1993113403,staged_plus_k_plus_k,0,5228208737343125161,2990141056351075832,5959740808717961664,3574,358,358,1286,84297,0.10016787912702854,1,716,716,48130,358,358,358,358,0.09429210968102966,1,2002,fb80b0fef2112777aa355a19b639605f3e2b8d3e20e568ecfb7f309415ea6e0a,fb80b0fef2112777aa355a19b639605f3e2b8d3e20e568ecfb7f309415ea6e0a,1,1,0.12479015109121433,1,81b2193ee5afa58cc55edb9f951f75e82e0bc532f81f4b8a5d6a7b09c09b070f,16,1.0,1,1
v16u,1536,9299,123403,exposure_matched_local,1993113403,staged_plus_k_plus_k,1,10479365922874863066,1415052405259873553,17172815064012170856,3574,358,358,1121,75929,0.10016787912702854,1,716,716,48307,358,358,358,358,0.09093452714045887,1,1837,90dd0664f4a3f45a51ab9dc4c40a883b29510034a45901f61d1ef2968339924f,90dd0664f4a3f45a51ab9dc4c40a883b29510034a45901f61d1ef2968339924f,1,1,0.11611639619473979,1,1a8b9f10771835fd184b78236c00cc6162f718fe5fe1d52229f5ca7fe0e36afa,16,1.0,1,1
v16u,1536,9299,123403,exposure_matched_local,1993113403,staged_plus_k_plus_k,2,13036848566529985551,14192853502918896979,5239705075775621465,3574,358,358,1092,70520,0.10016787912702854,1,716,716,48742,358,358,358,358,0.0889759373251259,1,1808,ae8f7fc51050fef2f02c2aaa769a7ec5c99f99191260398617e4b272fb24ad88,ae8f7fc51050fef2f02c2aaa769a7ec5c99f99191260398617e4b272fb24ad88,1,1,0.11919418019026301,1,8868fadc70ad1a394dd1829a305801424567286ec867bf015c9e418f700c9292,16,1.0,1,1
v16u,1536,9299,123403,exposure_matched_local,1993113403,staged_plus_k_plus_k,3,7638817894724159577,6611765534268376721,3386787950569109727,3574,358,358,921,63781,0.1004476776720761,1,716,716,47859,358,358,358,358,0.0800223838836038,1,1637,595a9f191e185075c133b07f7c10a5697237e83075f3460a3a140e8bfadfdcbd,595a9f191e185075c133b07f7c10a5697237e83075f3460a3a140e8bfadfdcbd,1,1,0.11359820928931169,1,dd9a7c362c95bb55af02e33c4bedd672eb594363bed16251f7ffe5a87a4280de,16,1.0,1,1
v16u,1536,9299,123403,exposure_matched_local,1993113403,staged_plus_k_plus_k,4,12136233587423087636,2141467040117944552,7644586951462772572,3574,358,358,1239,78882,0.1004476776720761,1,716,716,47386,358,358,358,358,0.08925573587017348,1,1955,a95ce1b0f2ae6b324a43776d1e264c7e7cd08c90962af5f6260b91d9098358e3,a95ce1b0f2ae6b324a43776d1e264c7e7cd08c90962af5f6260b91d9098358e3,1,1,0.11695579182988249,1,ae32a99c1c0a8ad80ccf22ba1bedbc741eed52f6c268f80cc62948027edb2082,16,1.0,1,1
v16u,1536,9299,123403,exposure_matched_local,1993113403,staged_plus_k_plus_k,5,12830405887641428435,17365913447885860783,756377313249836937,3574,358,358,1075,73025,0.10016787912702854,1,716,716,49006,358,358,358,358,0.0889759373251259,1,1791,1d026d49fa69619eb526f96545e39a3b9cff8cae5a2641be6592afe523fb2192,1d026d49fa69619eb526f96545e39a3b9cff8cae5a2641be6592afe523fb2192,1,1,0.11443760492445439,1,2b52c12fcf71772a06c29e496cfa3dfdecd058588c17d048dce15c30ed764226,16,1.0,1,1
v16u,1536,9299,123403,exposure_matched_local,1993113403,staged_plus_k_plus_k,6,10376909254035771362,13626591063860052998,15974720587115930071,3574,358,358,892,60646,0.10016787912702854,1,716,716,48160,358,358,358,358,0.08841634023503078,1,1608,3acc2661f04d53de682b442c870a072bda227672d858ff38e0630f20bc4f385b,3acc2661f04d53de682b442c870a072bda227672d858ff38e0630f20bc4f385b,1,1,0.11443760492445439,1,9827308023e911ed14aa57dd6f7ae7b1128e792086e6541d6933d86ac748ffc1,16,1.0,1,1
v16u,1536,9299,123403,exposure_matched_local,1993113403,staged_plus_k_plus_k,7,4502413694453026580,16761094617453724740,234021312165550758,3574,358,358,1283,82954,0.10016787912702854,1,716,716,48573,358,358,358,358,0.08673754896474538,1,1999,d622096d686c3f96f506b47b1e686ec0884c5c314790e3f49ec3d9e4207994cd,d622096d686c3f96f506b47b1e686ec0884c5c314790e3f49ec3d9e4207994cd,1,1,0.11779518746502518,1,0d3a2e67344b251ffdaa65c8545991fd3915b2b82a6094654e7f39bd8cad7be7,16,1.0,1,1
v16u,1536,9299,123403,exposure_matched_local,1993113403,staged_plus_k_plus_k,8,13237410231690736495,11116856978534489170,18154391887953365722,3574,358,358,1102,70636,0.10016787912702854,1,716,716,45591,358,358,358,358,0.09541130386121992,1,1818,0f73b75352deb3f714502f2f502184d40ad6af87ad519c6d797fc4622c7c6e5c,0f73b75352deb3f714502f2f502184d40ad6af87ad519c6d797fc4622c7c6e5c,1,1,0.11639619473978735,1,ab08874130993844fde21a7feb79a287b5fa8f23d0cd6ca1c734dbfbd8e3e0fa,16,1.0,1,1
v16u,1536,9299,123403,exposure_matched_local,1993113403,staged_plus_k_plus_k,9,17837666459757576850,13109186686521933648,15123376245760667045,3574,358,358,1119,73608,0.10016787912702854,1,716,716,48851,358,358,358,358,0.09289311695579183,1,1835,6cd0c5dcb59e7b14539d0c2b53b22c5350e364eb033f3edd5c89a74df7731238,6cd0c5dcb59e7b14539d0c2b53b22c5350e364eb033f3edd5c89a74df7731238,1,1,0.12059317291550084,1,d42433b7570fb91be179ea5fa735f370f01464d35e2946ddbe3a276036f00462,16,1.0,1,1
v16u,1536,9299,123403,exposure_matched_local,1993113403,staged_plus_k_plus_k,10,16630643036864383695,17340375061283747538,4013485839102619618,3574,358,358,1084,72429,0.10016787912702854,1,716,716,49308,358,358,358,358,0.08813654168998321,1,1800,918f54a78009ef08ed024b6ad238aa70c4cabc418b5355798c67b915bf45b746,918f54a78009ef08ed024b6ad238aa70c4cabc418b5355798c67b915bf45b746,1,1,0.11443760492445439,1,5da8e8a3d3104075ea359566a7ac2a65afc8bef0fb75a1ab92c045ca1d382940,16,1.0,1,1
v16u,1536,9299,123403,exposure_matched_local,1993113403,staged_plus_k_plus_k,11,7729610016569226646,6912369794718537527,14368152351987354330,3574,358,358,1302,85198,0.1004476776720761,1,716,716,53611,358,358,358,358,0.09009513150531617,1,2018,af930b802b86a7c288d27d7d7246c9d4735cfe7c1c56b4ea49a04c6cda610654,af930b802b86a7c288d27d7d7246c9d4735cfe7c1c56b4ea49a04c6cda610654,1,1,0.11667599328483493,1,7adfbbeef42e138402c9af677b7848bd882ec79575b1ed91b90a5fb9b1c1a962,16,1.0,1,1
v16u,1536,9299,123403,exposure_matched_local,1993113403,staged_plus_k_plus_k,12,14255162940654732287,8084585144190903168,17221591300919948063,3574,358,358,1032,68048,0.1004476776720761,1,716,716,44866,358,358,358,358,0.09065472859541131,1,1748,545a19e0379a2a2535626cef9f8b7f426363d4823ccd422d100b9e54163c69ff,545a19e0379a2a2535626cef9f8b7f426363d4823ccd422d100b9e54163c69ff,1,1,0.11835478455512032,1,440541500736ed0ef32a9432814335dd5664860220b7ec5e9f410b56d45837ad,16,1.0,1,1
v16u,1536,9299,123403,exposure_matched_local,1993113403,staged_plus_k_plus_k,13,17970542958583679702,5391415870317975985,9278328025930459621,3574,358,358,1233,77675,0.10016787912702854,1,716,716,49490,358,358,358,358,0.08869613878007834,1,1949,b01ae990d2df5b8b7c4f12beae4056da9826180d1bf79c2d2e89f9e35f4867dd,b01ae990d2df5b8b7c4f12beae4056da9826180d1bf79c2d2e89f9e35f4867dd,1,1,0.1119194180190263,1,9c236923fff48f0a9fe7a0b68aab3531108737bd32ed08424d2d499b89526161,16,1.0,1,1
v16u,1536,9299,123403,exposure_matched_local,1993113403,staged_plus_k_plus_k,14,10234863726116756376,10926532236512926026,7304558564923433824,3574,358,358,1107,70505,0.10016787912702854,1,716,716,49079,358,358,358,358,0.0923335198656967,1,1823,7d1e59094604c56ae26c98f9f39e1ce146bdf751cac9472479db1492801fb6c4,7d1e59094604c56ae26c98f9f39e1ce146bdf751cac9472479db1492801fb6c4,1,1,0.1208729714605484,1,0e90ed5a298d5360a7cb2b9da516873f52920dde29a1ca18ff66628a1e8619bd,16,1.0,1,1
v16u,1536,9299,123403,exposure_matched_local,1993113403,staged_plus_k_plus_k,15,16133530385245990700,9121628350713258112,16089892073333266187,3574,358,358,1163,74622,0.10016787912702854,1,716,716,49691,358,358,358,358,0.09373251259093453,1,1879,377df6b1ed8cafdb9368981c9b6544ad178d7a2445021a266cd5815a5f317ec1,377df6b1ed8cafdb9368981c9b6544ad178d7a2445021a266cd5815a5f317ec1,1,1,0.12059317291550084,1,de787e39da3e85aa0193cf3f45dec016cae5ad17a0bac6a8ac02d364c8d6d94d,16,1.0,1,1
v16u,1536,9299,127341,exposure_matched_local,1993117341,burnin,0,3978502811550789435,2627194868468749993,9821904231644670698,3523,353,353,1117,91453,0.10019869429463525,1,0,0,0,0,0,0,0,0.0,1,1117,0b4f3aa11058d55eaf35f53890f65f7ec7307e021478f769b35c67fc7c5381ce,0b4f3aa11058d55eaf35f53890f65f7ec7307e021478f769b35c67fc7c5381ce,1,1,0.10019869429463525,1,202d4f36c67e8d61b7d50ffb74f5c540febc54b5a6f4f43fa5d0557d9844a644,16,1.0,1,1
v16u,1536,9299,127341,exposure_matched_local,1993117341,burnin,1,8972925990124739909,12094884401304608114,11371337250858657675,3523,353,353,1052,85628,0.10048254328697133,1,0,0,0,0,0,0,0,0.0,1,1052,4ce5475320a9abbb9ae306a5b86d776f58839dd255425e0c96959b9d892e54f4,4ce5475320a9abbb9ae306a5b86d776f58839dd255425e0c96959b9d892e54f4,1,1,0.10048254328697133,1,8f7babdcadae9e9742c99439de6374a0a8bff8e079d45399a7c6ef815847c527,16,1.0,1,1
v16u,1536,9299,127341,exposure_matched_local,1993117341,burnin,2,2362167397052005487,18119187529609327479,7378077823512653948,3523,353,353,948,72613,0.10019869429463525,1,0,0,0,0,0,0,0,0.0,1,948,94d79a12c8d03ed3b9f5aaada7ad8b5643d4c1de79ef5d99bb29ab6a5b2c3b72,94d79a12c8d03ed3b9f5aaada7ad8b5643d4c1de79ef5d99bb29ab6a5b2c3b72,1,1,0.10019869429463525,1,5685c4b97980a0a222f7b86fa3965cc0a90caf62e59544c9a90edc3cedd15d0e,16,1.0,1,1
v16u,1536,9299,127341,exposure_matched_local,1993117341,burnin,3,8359068640647363903,3331570057158231506,15500456063577839649,3523,353,353,986,80913,0.10019869429463525,1,0,0,0,0,0,0,0,0.0,1,986,fe4e57f34490bba957176eb7d1d1f17f17b8d2f3fa1ca9f6415ae8a981746924,fe4e57f34490bba957176eb7d1d1f17f17b8d2f3fa1ca9f6415ae8a981746924,1,1,0.10019869429463525,1,964a2c59a688988d587ce92a8f4f5c7ab6adb1f6fe6dc9fc0e5071c6f03d3779,16,1.0,1,1
v16u,1536,9299,127341,exposure_matched_local,1993117341,burnin,4,16286027093626744562,4694465577774885306,17371238395220589944,3523,353,353,991,78390,0.10019869429463525,1,0,0,0,0,0,0,0,0.0,1,991,5d815b7e8d46bf804a5e59ce1db40a57544ed6a8ad77a98081ff8c84757e0766,5d815b7e8d46bf804a5e59ce1db40a57544ed6a8ad77a98081ff8c84757e0766,1,1,0.10019869429463525,1,51f6d3523ae9b1a930ad485528a7fa0eca4e27649139f53b2962c5fb00043a8f,16,1.0,1,1
v16u,1536,9299,127341,exposure_matched_local,1993117341,burnin,5,4469588405903058323,12296966824871915344,6257071662946247,3523,353,353,1066,86835,0.10019869429463525,1,0,0,0,0,0,0,0,0.0,1,1066,66ddc00bb6b6368b546a380735b71482fa3e928fb6f306f5ddb86841bd9f90bf,66ddc00bb6b6368b546a380735b71482fa3e928fb6f306f5ddb86841bd9f90bf,1,1,0.10019869429463525,1,703f4f0f44b715cf06f6a4eedd30132c60d3c2436ae5a6e5d8a04d3ebf3c621e,16,1.0,1,1
v16u,1536,9299,127341,exposure_matched_local,1993117341,burnin,6,16205871316647170329,11562461360140762059,13522636045815245659,3523,353,353,1240,102761,0.10019869429463525,1,0,0,0,0,0,0,0,0.0,1,1240,8bca1b31c4fc555fb9b4b685cfe9e2f850c5c12fd6b41c1f3ba2f830e80518c1,8bca1b31c4fc555fb9b4b685cfe9e2f850c5c12fd6b41c1f3ba2f830e80518c1,1,1,0.10019869429463525,1,323d3c7729bc689e862f94cebfd4dce7f58089d9613ab75e954ff641cc105d42,16,1.0,1,1
v16u,1536,9299,127341,exposure_matched_local,1993117341,burnin,7,18379764617980080218,9735771293539059721,11651362497774440216,3523,353,353,1157,93862,0.10019869429463525,1,0,0,0,0,0,0,0,0.0,1,1157,790ad311d3cc3876d0da19be20a756e15bc18d9bdc7fe6584ab598915540d64f,790ad311d3cc3876d0da19be20a756e15bc18d9bdc7fe6584ab598915540d64f,1,1,0.10019869429463525,1,bff9081501d08a39efe3d09252004e76219d0b7589e2636d8926f44a39540115,16,1.0,1,1
v16u,1536,9299,127341,exposure_matched_local,1993117341,burnin,8,6299898769981341232,7811960872712216341,17135963403802011825,3523,353,353,1139,88030,0.10019869429463525,1,0,0,0,0,0,0,0,0.0,1,1139,4963814d4da5b5752dcf1675963c6bae6ef384698aea78ca66e6d4e67582a1ed,4963814d4da5b5752dcf1675963c6bae6ef384698aea78ca66e6d4e67582a1ed,1,1,0.10019869429463525,1,ab6724883d706593a63aa5be912d3a5bfe6d3854569b327eb7b373675126a983,16,1.0,1,1
v16u,1536,9299,127341,exposure_matched_local,1993117341,burnin,9,10197411190536809769,15965327470621902294,13022892058508281808,3523,353,353,1431,116852,0.10019869429463525,1,0,0,0,0,0,0,0,0.0,1,1431,bfc69d84d8b74edee36584c6f0eefe741374f4caf56aa404e8b4ea93794f6dd7,bfc69d84d8b74edee36584c6f0eefe741374f4caf56aa404e8b4ea93794f6dd7,1,1,0.10019869429463525,1,83e47f51c43a7e1c7ba2b018ac7c50e895dddc38d395903d899f51c8971af404,16,1.0,1,1
v16u,1536,9299,127341,exposure_matched_local,1993117341,burnin,10,7877935361605360745,17289268443631986392,10095080784762127522,3523,353,353,1039,82703,0.10048254328697133,1,0,0,0,0,0,0,0,0.0,1,1039,ab9050e9c8997b257a18199cfd4f660148808b8250bdd539a55ceda5877368ac,ab9050e9c8997b257a18199cfd4f660148808b8250bdd539a55ceda5877368ac,1,1,0.10048254328697133,1,6e00c7fac29f203d81246d183f4a0270186f2513f05d55e2f9949d1f7e13f0f1,16,1.0,1,1
v16u,1536,9299,127341,exposure_matched_local,1993117341,burnin,11,6238819719088509224,8712062665370689621,8016475124266349739,3523,353,353,1249,100896,0.10019869429463525,1,0,0,0,0,0,0,0,0.0,1,1249,b0db730feb2a30fc9d62759d2c90ff600234d73e6597acf85eeb0e0084b596ab,b0db730feb2a30fc9d62759d2c90ff600234d73e6597acf85eeb0e0084b596ab,1,1,0.10019869429463525,1,6cd3b4907bb64bb168b22488011577a73c839b7b10c8d1f727353415fbefbdf4,16,1.0,1,1
v16u,1536,9299,127341,exposure_matched_local,1993117341,burnin,12,9834677074535139082,11624451435380028041,1501019145508893812,3523,353,353,1207,96438,0.10019869429463525,1,0,0,0,0,0,0,0,0.0,1,1207,c82547f53e182d984819740cfae0b087c3fe23de541b72cde968d4b90a8f9db8,c82547f53e182d984819740cfae0b087c3fe23de541b72cde968d4b90a8f9db8,1,1,0.10019869429463525,1,c648e78f19397e1671aa1168304a22ab5f8c0b6c463a50c09f55bbfb8dff8d9f,16,1.0,1,1
v16u,1536,9299,127341,exposure_matched_local,1993117341,burnin,13,4678500892863955224,6396572657884118645,3155016809476372674,3523,353,353,1162,91457,0.10048254328697133,1,0,0,0,0,0,0,0,0.0,1,1162,56b2530419ee8a1cafc639e957af5431dfd5ca3038cb6a461731300c48618b1a,56b2530419ee8a1cafc639e957af5431dfd5ca3038cb6a461731300c48618b1a,1,1,0.10048254328697133,1,ddc380c8e91c1ae81fd6759dc8074e1a0c424b31d61b1d80f29b8de9a697653e,16,1.0,1,1
v16u,1536,9299,127341,exposure_matched_local,1993117341,burnin,14,91802163540304348,4729036024824149008,6220518726088149485,3523,353,353,1121,93924,0.10019869429463525,1,0,0,0,0,0,0,0,0.0,1,1121,d51625b178278974e0025a5a8290da58e958f9b9f553f4a300abd685da80a8a0,d51625b178278974e0025a5a8290da58e958f9b9f553f4a300abd685da80a8a0,1,1,0.10019869429463525,1,d99cdfcefae8ef4329bbf449fb902318cd5e64622f314908ebd1fc1474ca301b,16,1.0,1,1
v16u,1536,9299,127341,exposure_matched_local,1993117341,burnin,15,239050656987110716,3097203651762213563,4424694877605235173,3523,353,353,1009,77245,0.10019869429463525,1,0,0,0,0,0,0,0,0.0,1,1009,7234a9ce9311036a00ee251830bdaf437183c266e82816488d3b5853f60f2567,7234a9ce9311036a00ee251830bdaf437183c266e82816488d3b5853f60f2567,1,1,0.10019869429463525,1,a8575cad0a4e61e6e126d238ef0918d51d6be02a9e8d6e829434585e9dde4917,16,1.0,1,1
v16u,1536,9299,127341,exposure_matched_local,1993117341,direct_plus_k,0,3978502811550789435,2627194868468749993,9821904231644670698,3523,353,353,1117,91453,0.10019869429463525,1,353,353,29485,353,353,0,0,0.06642066420664207,1,1470,0b4f3aa11058d55eaf35f53890f65f7ec7307e021478f769b35c67fc7c5381ce,0b4f3aa11058d55eaf35f53890f65f7ec7307e021478f769b35c67fc7c5381ce,1,1,0.11268804995742265,1,0b4f3aa11058d55eaf35f53890f65f7ec7307e021478f769b35c67fc7c5381ce,16,1.0,1,1
v16u,1536,9299,127341,exposure_matched_local,1993117341,direct_plus_k,1,8972925990124739909,12094884401304608114,11371337250858657675,3523,353,353,1052,85628,0.10048254328697133,1,353,353,26455,353,353,0,0,0.07408458699971615,1,1405,4ce5475320a9abbb9ae306a5b86d776f58839dd255425e0c96959b9d892e54f4,4ce5475320a9abbb9ae306a5b86d776f58839dd255425e0c96959b9d892e54f4,1,1,0.11410729491910304,1,4ce5475320a9abbb9ae306a5b86d776f58839dd255425e0c96959b9d892e54f4,16,1.0,1,1
v16u,1536,9299,127341,exposure_matched_local,1993117341,direct_plus_k,2,2362167397052005487,18119187529609327479,7378077823512653948,3523,353,353,948,72613,0.10019869429463525,1,353,353,27991,353,353,0,0,0.06925915413000285,1,1301,94d79a12c8d03ed3b9f5aaada7ad8b5643d4c1de79ef5d99bb29ab6a5b2c3b72,94d79a12c8d03ed3b9f5aaada7ad8b5643d4c1de79ef5d99bb29ab6a5b2c3b72,1,1,0.10871416406471757,1,94d79a12c8d03ed3b9f5aaada7ad8b5643d4c1de79ef5d99bb29ab6a5b2c3b72,16,1.0,1,1
v16u,1536,9299,127341,exposure_matched_local,1993117341,direct_plus_k,3,8359068640647363903,3331570057158231506,15500456063577839649,3523,353,353,986,80913,0.10019869429463525,1,353,353,28415,353,353,0,0,0.06443372126028953,1,1339,fe4e57f34490bba957176eb7d1d1f17f17b8d2f3fa1ca9f6415ae8a981746924,fe4e57f34490bba957176eb7d1d1f17f17b8d2f3fa1ca9f6415ae8a981746924,1,1,0.11240420096508658,1,fe4e57f34490bba957176eb7d1d1f17f17b8d2f3fa1ca9f6415ae8a981746924,16,1.0,1,1
v16u,1536,9299,127341,exposure_matched_local,1993117341,direct_plus_k,4,16286027093626744562,4694465577774885306,17371238395220589944,3523,353,353,991,78390,0.10019869429463525,1,353,353,30407,353,353,0,0,0.06301447629860914,1,1344,5d815b7e8d46bf804a5e59ce1db40a57544ed6a8ad77a98081ff8c84757e0766,5d815b7e8d46bf804a5e59ce1db40a57544ed6a8ad77a98081ff8c84757e0766,1,1,0.10928186204938972,1,5d815b7e8d46bf804a5e59ce1db40a57544ed6a8ad77a98081ff8c84757e0766,16,1.0,1,1
v16u,1536,9299,127341,exposure_matched_local,1993117341,direct_plus_k,5,4469588405903058323,12296966824871915344,6257071662946247,3523,353,353,1066,86835,0.10019869429463525,1,353,353,29693,353,353,0,0,0.06812375816065853,1,1419,66ddc00bb6b6368b546a380735b71482fa3e928fb6f306f5ddb86841bd9f90bf,66ddc00bb6b6368b546a380735b71482fa3e928fb6f306f5ddb86841bd9f90bf,1,1,0.11382344592676696,1,66ddc00bb6b6368b546a380735b71482fa3e928fb6f306f5ddb86841bd9f90bf,16,1.0,1,1
v16u,1536,9299,127341,exposure_matched_local,1993117341,direct_plus_k,6,16205871316647170329,11562461360140762059,13522636045815245659,3523,353,353,1240,102761,0.10019869429463525,1,353,353,29468,353,353,0,0,0.07152994606869145,1,1593,8bca1b31c4fc555fb9b4b685cfe9e2f850c5c12fd6b41c1f3ba2f830e80518c1,8bca1b31c4fc555fb9b4b685cfe9e2f850c5c12fd6b41c1f3ba2f830e80518c1,1,1,0.11183650298041442,1,8bca1b31c4fc555fb9b4b685cfe9e2f850c5c12fd6b41c1f3ba2f830e80518c1,16,1.0,1,1
v16u,1536,9299,127341,exposure_matched_local,1993117341,direct_plus_k,7,18379764617980080218,9735771293539059721,11651362497774440216,3523,353,353,1157,93862,0.10019869429463525,1,353,353,27344,353,353,0,0,0.06897530513766677,1,1510,790ad311d3cc3876d0da19be20a756e15bc18d9bdc7fe6584ab598915540d64f,790ad311d3cc3876d0da19be20a756e15bc18d9bdc7fe6584ab598915540d64f,1,1,0.1121203519727505,1,790ad311d3cc3876d0da19be20a756e15bc18d9bdc7fe6584ab598915540d64f,16,1.0,1,1
v16u,1536,9299,127341,exposure_matched_local,1993117341,direct_plus_k,8,6299898769981341232,7811960872712216341,17135963403802011825,3523,353,353,1139,88030,0.10019869429463525,1,353,353,28144,353,353,0,0,0.06812375816065853,1,1492,4963814d4da5b5752dcf1675963c6bae6ef384698aea78ca66e6d4e67582a1ed,4963814d4da5b5752dcf1675963c6bae6ef384698aea78ca66e6d4e67582a1ed,1,1,0.11070110701107011,1,4963814d4da5b5752dcf1675963c6bae6ef384698aea78ca66e6d4e67582a1ed,16,1.0,1,1
v16u,1536,9299,127341,exposure_matched_local,1993117341,direct_plus_k,9,10197411190536809769,15965327470621902294,13022892058508281808,3523,353,353,1431,116852,0.10019869429463525,1,353,353,29705,353,353,0,0,0.06812375816065853,1,1784,bfc69d84d8b74edee36584c6f0eefe741374f4caf56aa404e8b4ea93794f6dd7,bfc69d84d8b74edee36584c6f0eefe741374f4caf56aa404e8b4ea93794f6dd7,1,1,0.11353959693443089,1,bfc69d84d8b74edee36584c6f0eefe741374f4caf56aa404e8b4ea93794f6dd7,16,1.0,1,1
v16u,1536,9299,127341,exposure_matched_local,1993117341,direct_plus_k,10,7877935361605360745,17289268443631986392,10095080784762127522,3523,353,353,1039,82703,0.10048254328697133,1,353,353,25241,353,353,0,0,0.06755606017598638,1,1392,ab9050e9c8997b257a18199cfd4f660148808b8250bdd539a55ceda5877368ac,ab9050e9c8997b257a18199cfd4f660148808b8250bdd539a55ceda5877368ac,1,1,0.11268804995742265,1,ab9050e9c8997b257a18199cfd4f660148808b8250bdd539a55ceda5877368ac,16,1.0,1,1
v16u,1536,9299,127341,exposure_matched_local,1993117341,direct_plus_k,11,6238819719088509224,8712062665370689621,8016475124266349739,3523,353,353,1249,100896,0.10019869429463525,1,353,353,29068,353,353,0,0,0.06783990916832246,1,1602,b0db730feb2a30fc9d62759d2c90ff600234d73e6597acf85eeb0e0084b596ab,b0db730feb2a30fc9d62759d2c90ff600234d73e6597acf85eeb0e0084b596ab,1,1,0.11410729491910304,1,b0db730feb2a30fc9d62759d2c90ff600234d73e6597acf85eeb0e0084b596ab,16,1.0,1,1
v16u,1536,9299,127341,exposure_matched_local,1993117341,direct_plus_k,12,9834677074535139082,11624451435380028041,1501019145508893812,3523,353,353,1207,96438,0.10019869429463525,1,353,353,31251,353,353,0,0,0.06131138234459268,1,1560,c82547f53e182d984819740cfae0b087c3fe23de541b72cde968d4b90a8f9db8,c82547f53e182d984819740cfae0b087c3fe23de541b72cde968d4b90a8f9db8,1,1,0.10445642917967642,1,c82547f53e182d984819740cfae0b087c3fe23de541b72cde968d4b90a8f9db8,16,1.0,1,1
v16u,1536,9299,127341,exposure_matched_local,1993117341,direct_plus_k,13,4678500892863955224,6396572657884118645,3155016809476372674,3523,353,353,1162,91457,0.10048254328697133,1,353,353,26094,353,353,0,0,0.06613681521430599,1,1515,56b2530419ee8a1cafc639e957af5431dfd5ca3038cb6a461731300c48618b1a,56b2530419ee8a1cafc639e957af5431dfd5ca3038cb6a461731300c48618b1a,1,1,0.10786261708770933,1,56b2530419ee8a1cafc639e957af5431dfd5ca3038cb6a461731300c48618b1a,16,1.0,1,1
v16u,1536,9299,127341,exposure_matched_local,1993117341,direct_plus_k,14,91802163540304348,4729036024824149008,6220518726088149485,3523,353,353,1121,93924,0.10019869429463525,1,353,353,27717,353,353,0,0,0.06698836219131422,1,1474,d51625b178278974e0025a5a8290da58e958f9b9f553f4a300abd685da80a8a0,d51625b178278974e0025a5a8290da58e958f9b9f553f4a300abd685da80a8a0,1,1,0.11240420096508658,1,d51625b178278974e0025a5a8290da58e958f9b9f553f4a300abd685da80a8a0,16,1.0,1,1
v16u,1536,9299,127341,exposure_matched_local,1993117341,direct_plus_k,15,239050656987110716,3097203651762213563,4424694877605235173,3523,353,353,1009,77245,0.10019869429463525,1,353,353,29016,353,353,0,0,0.061879080329264834,1,1362,7234a9ce9311036a00ee251830bdaf437183c266e82816488d3b5853f60f2567,7234a9ce9311036a00ee251830bdaf437183c266e82816488d3b5853f60f2567,1,1,0.11070110701107011,1,7234a9ce9311036a00ee251830bdaf437183c266e82816488d3b5853f60f2567,16,1.0,1,1
v16u,1536,9299,127341,exposure_matched_local,1993117341,direct_plus_2k,0,3978502811550789435,2627194868468749993,9821904231644670698,3523,353,353,1117,91453,0.10019869429463525,1,706,706,56625,706,706,0,0,0.08742548963951179,1,1823,0b4f3aa11058d55eaf35f53890f65f7ec7307e021478f769b35c67fc7c5381ce,0b4f3aa11058d55eaf35f53890f65f7ec7307e021478f769b35c67fc7c5381ce,1,1,0.12319046267385751,1,0d459dc5de6f0a01738b59ac9bc58bc6b01da2eabf9372d4a34317347bc6b483,16,1.0,1,1
v16u,1536,9299,127341,exposure_matched_local,1993117341,direct_plus_2k,1,8972925990124739909,12094884401304608114,11371337250858657675,3523,353,353,1052,85628,0.10048254328697133,1,706,706,54107,706,706,0,0,0.09679250638660233,1,1758,4ce5475320a9abbb9ae306a5b86d776f58839dd255425e0c96959b9d892e54f4,4ce5475320a9abbb9ae306a5b86d776f58839dd255425e0c96959b9d892e54f4,1,1,0.12858359352824297,1,b5e58a3fb7e255f3be325abd6c60927ce8bf02f1c4e5cfa910aff2d377e0b981,16,1.0,1,1
v16u,1536,9299,127341,exposure_matched_local,1993117341,direct_plus_2k,2,2362167397052005487,18119187529609327479,7378077823512653948,3523,353,353,948,72613,0.10019869429463525,1,706,706,53838,706,706,0,0,0.08629009367016748,1,1654,94d79a12c8d03ed3b9f5aaada7ad8b5643d4c1de79ef5d99bb29ab6a5b2c3b72,94d79a12c8d03ed3b9f5aaada7ad8b5643d4c1de79ef5d99bb29ab6a5b2c3b72,1,1,0.12120351972750497,1,a01f66a07641a00322aa729d587496550f0605650768a315037cea823971eac1,16,1.0,1,1
v16u,1536,9299,127341,exposure_matched_local,1993117341,direct_plus_2k,3,8359068640647363903,3331570057158231506,15500456063577839649,3523,353,353,986,80913,0.10019869429463525,1,706,706,57019,706,706,0,0,0.08231620777746239,1,1692,fe4e57f34490bba957176eb7d1d1f17f17b8d2f3fa1ca9f6415ae8a981746924,fe4e57f34490bba957176eb7d1d1f17f17b8d2f3fa1ca9f6415ae8a981746924,1,1,0.11808118081180811,1,6747a3f55f839307412a73058ae76469f938a8c7715e8a7345bbd6c0a6524927,16,1.0,1,1
v16u,1536,9299,127341,exposure_matched_local,1993117341,direct_plus_2k,4,16286027093626744562,4694465577774885306,17371238395220589944,3523,353,353,991,78390,0.10019869429463525,1,706,706,59111,706,706,0,0,0.08629009367016748,1,1697,5d815b7e8d46bf804a5e59ce1db40a57544ed6a8ad77a98081ff8c84757e0766,5d815b7e8d46bf804a5e59ce1db40a57544ed6a8ad77a98081ff8c84757e0766,1,1,0.12432585864320182,1,0c1ca4a2c8c8f18ea012f6a3f988b3aea04dd054d6dd57eb1f56ce9e36fc3fa0,16,1.0,1,1
v16u,1536,9299,127341,exposure_matched_local,1993117341,direct_plus_2k,5,4469588405903058323,12296966824871915344,6257071662946247,3523,353,353,1066,86835,0.10019869429463525,1,706,706,57331,706,706,0,0,0.08685779165483963,1,1772,66ddc00bb6b6368b546a380735b71482fa3e928fb6f306f5ddb86841bd9f90bf,66ddc00bb6b6368b546a380735b71482fa3e928fb6f306f5ddb86841bd9f90bf,1,1,0.12347431166619359,1,46768c1cd05bc05adcbdc78556caa32c14217f02eb5146fb45a3feb5155fdb4b,16,1.0,1,1
v16u,1536,9299,127341,exposure_matched_local,1993117341,direct_plus_2k,6,16205871316647170329,11562461360140762059,13522636045815245659,3523,353,353,1240,102761,0.10019869429463525,1,706,706,57896,706,706,0,0,0.09054782855520863,1,1946,8bca1b31c4fc555fb9b4b685cfe9e2f850c5c12fd6b41c1f3ba2f830e80518c1,8bca1b31c4fc555fb9b4b685cfe9e2f850c5c12fd6b41c1f3ba2f830e80518c1,1,1,0.1257451036048822,1,d48db2818f62adcd202fb4cbc430021a9a05b9a71670827d1dc0d2c786e2c90d,16,1.0,1,1
v16u,1536,9299,127341,exposure_matched_local,1993117341,direct_plus_2k,7,18379764617980080218,9735771293539059721,11651362497774440216,3523,353,353,1157,93862,0.10019869429463525,1,706,706,56394,706,706,0,0,0.0860062446778314,1,1863,790ad311d3cc3876d0da19be20a756e15bc18d9bdc7fe6584ab598915540d64f,790ad311d3cc3876d0da19be20a756e15bc18d9bdc7fe6584ab598915540d64f,1,1,0.1169457848424638,1,ab84173707fcedac7ebe5d2e366ea36111202941af825d892e1a44248805eb9d,16,1.0,1,1
v16u,1536,9299,127341,exposure_matched_local,1993117341,direct_plus_2k,8,6299898769981341232,7811960872712216341,17135963403802011825,3523,353,353,1139,88030,0.10019869429463525,1,706,706,55270,706,706,0,0,0.08231620777746239,1,1845,4963814d4da5b5752dcf1675963c6bae6ef384698aea78ca66e6d4e67582a1ed,4963814d4da5b5752dcf1675963c6bae6ef384698aea78ca66e6d4e67582a1ed,1,1,0.11779733181947204,1,8b9fc8868f83012a831b49914921001af0959d2a5694ef530cf100ae48e2027f,16,1.0,1,1
v16u,1536,9299,127341,exposure_matched_local,1993117341,direct_plus_2k,9,10197411190536809769,15965327470621902294,13022892058508281808,3523,353,353,1431,116852,0.10019869429463525,1,706,706,59655,706,706,0,0,0.08174850979279023,1,2137,bfc69d84d8b74edee36584c6f0eefe741374f4caf56aa404e8b4ea93794f6dd7,bfc69d84d8b74edee36584c6f0eefe741374f4caf56aa404e8b4ea93794f6dd7,1,1,0.12290661368152143,1,d77c82c6fa70958d355138add2dca1289754ec080c8307700238988a41a37d05,16,1.0,1,1
v16u,1536,9299,127341,exposure_matched_local,1993117341,direct_plus_2k,10,7877935361605360745,17289268443631986392,10095080784762127522,3523,353,353,1039,82703,0.10048254328697133,1,706,706,55435,706,706,0,0,0.08401930173147885,1,1745,ab9050e9c8997b257a18199cfd4f660148808b8250bdd539a55ceda5877368ac,ab9050e9c8997b257a18199cfd4f660148808b8250bdd539a55ceda5877368ac,1,1,0.11722963383479988,1,ec4d5f12d3dbccfa652e5d63eaf2b32b666edd64dbe058db264e5032c08db91d,16,1.0,1,1
v16u,1536,9299,127341,exposure_matched_local,1993117341,direct_plus_2k,11,6238819719088509224,8712062665370689621,8016475124266349739,3523,353,353,1249,100896,0.10019869429463525,1,706,706,58794,706,706,0,0,0.08543854669315924,1,1955,b0db730feb2a30fc9d62759d2c90ff600234d73e6597acf85eeb0e0084b596ab,b0db730feb2a30fc9d62759d2c90ff600234d73e6597acf85eeb0e0084b596ab,1,1,0.12659665058189043,1,f755332be726db46e14ee2868b9f15798bc3418bdaef6d889c82c14556f529f9,16,1.0,1,1
v16u,1536,9299,127341,exposure_matched_local,1993117341,direct_plus_2k,12,9834677074535139082,11624451435380028041,1501019145508893812,3523,353,353,1207,96438,0.10019869429463525,1,706,706,59530,706,706,0,0,0.08373545273914278,1,1913,c82547f53e182d984819740cfae0b087c3fe23de541b72cde968d4b90a8f9db8,c82547f53e182d984819740cfae0b087c3fe23de541b72cde968d4b90a8f9db8,1,1,0.12035197275049674,1,8f6e08b670ea200a3b3fefc1d9a28c3e86baff76ec09e05cb7b6602891dcc83b,16,1.0,1,1
v16u,1536,9299,127341,exposure_matched_local,1993117341,direct_plus_2k,13,4678500892863955224,6396572657884118645,3155016809476372674,3523,353,353,1162,91457,0.10048254328697133,1,706,706,52050,706,706,0,0,0.0860062446778314,1,1868,56b2530419ee8a1cafc639e957af5431dfd5ca3038cb6a461731300c48618b1a,56b2530419ee8a1cafc639e957af5431dfd5ca3038cb6a461731300c48618b1a,1,1,0.12290661368152143,1,abdb5b005df015f9633e2d87362e31b935eb1a979c96cdf55829ee42bc13e096,16,1.0,1,1
v16u,1536,9299,127341,exposure_matched_local,1993117341,direct_plus_2k,14,91802163540304348,4729036024824149008,6220518726088149485,3523,353,353,1121,93924,0.10019869429463525,1,706,706,53315,706,706,0,0,0.08146466080045416,1,1827,d51625b178278974e0025a5a8290da58e958f9b9f553f4a300abd685da80a8a0,d51625b178278974e0025a5a8290da58e958f9b9f553f4a300abd685da80a8a0,1,1,0.11751348282713596,1,d5f3acb9d5b4a089536f0451a71c353ef0828b6cf8e43b21ccbe4697a913ca2b,16,1.0,1,1
v16u,1536,9299,127341,exposure_matched_local,1993117341,direct_plus_2k,15,239050656987110716,3097203651762213563,4424694877605235173,3523,353,353,1009,77245,0.10019869429463525,1,706,706,57615,706,706,0,0,0.07976156684643769,1,1715,7234a9ce9311036a00ee251830bdaf437183c266e82816488d3b5853f60f2567,7234a9ce9311036a00ee251830bdaf437183c266e82816488d3b5853f60f2567,1,1,0.12290661368152143,1,102caffc580acd7ff91aeab0ddfe15cfffd02dd7b7b441fe39e960f545bc90d8,16,1.0,1,1
v16u,1536,9299,127341,exposure_matched_local,1993117341,staged_plus_k_plus_k,0,3978502811550789435,2627194868468749993,9821904231644670698,3523,353,353,1117,91453,0.10019869429463525,1,706,706,54817,353,353,353,353,0.08827703661652,1,1823,0b4f3aa11058d55eaf35f53890f65f7ec7307e021478f769b35c67fc7c5381ce,0b4f3aa11058d55eaf35f53890f65f7ec7307e021478f769b35c67fc7c5381ce,1,1,0.12290661368152143,1,63fd9e878493b3ccbc71ff9d3084329a397d1a8528c73925ab4bd889d073a0d8,16,1.0,1,1
v16u,1536,9299,127341,exposure_matched_local,1993117341,staged_plus_k_plus_k,1,8972925990124739909,12094884401304608114,11371337250858657675,3523,353,353,1052,85628,0.10048254328697133,1,706,706,59346,353,353,353,353,0.0908316775475447,1,1758,4ce5475320a9abbb9ae306a5b86d776f58839dd255425e0c96959b9d892e54f4,4ce5475320a9abbb9ae306a5b86d776f58839dd255425e0c96959b9d892e54f4,1,1,0.12631280158955435,1,9b8c2289d4a8045b6d2e8099358b2271775ceeb3e81fb455a7f61bc167f48c21,16,1.0,1,1
v16u,1536,9299,127341,exposure_matched_local,1993117341,staged_plus_k_plus_k,2,2362167397052005487,18119187529609327479,7378077823512653948,3523,353,353,948,72613,0.10019869429463525,1,706,706,55465,353,353,353,353,0.0834516037468067,1,1654,94d79a12c8d03ed3b9f5aaada7ad8b5643d4c1de79ef5d99bb29ab6a5b2c3b72,94d79a12c8d03ed3b9f5aaada7ad8b5643d4c1de79ef5d99bb29ab6a5b2c3b72,1,1,0.1158103888731195,1,6ad26eb54a3f94c13c351ba9872ee58c4826e07c5a363b8820d353e60988b8f4,16,1.0,1,1
v16u,1536,9299,127341,exposure_matched_local,1993117341,staged_plus_k_plus_k,3,8359068640647363903,3331570057158231506,15500456063577839649,3523,353,353,986,80913,0.10019869429463525,1,706,706,55682,353,353,353,353,0.08770933863184786,1,1692,fe4e57f34490bba957176eb7d1d1f17f17b8d2f3fa1ca9f6415ae8a981746924,fe4e57f34490bba957176eb7d1d1f17f17b8d2f3fa1ca9f6415ae8a981746924,1,1,0.12148736871984105,1,80629bc91e578f6d9eb1e33be66a670ee93076aaca705da24c706ac45a5245a6,16,1.0,1,1
v16u,1536,9299,127341,exposure_matched_local,1993117341,staged_plus_k_plus_k,4,16286027093626744562,4694465577774885306,17371238395220589944,3523,353,353,991,78390,0.10019869429463525,1,706,706,57042,353,353,353,353,0.08146466080045416,1,1697,5d815b7e8d46bf804a5e59ce1db40a57544ed6a8ad77a98081ff8c84757e0766,5d815b7e8d46bf804a5e59ce1db40a57544ed6a8ad77a98081ff8c84757e0766,1,1,0.11637808685779165,1,8be742d5dd2d6d922600b3e8d9fa99e0b50cbc55a54648b3a6701d480d9ca765,16,1.0,1,1
v16u,1536,9299,127341,exposure_matched_local,1993117341,staged_plus_k_plus_k,5,4469588405903058323,12296966824871915344,6257071662946247,3523,353,353,1066,86835,0.10019869429463525,1,706,706,55849,353,353,353,353,0.08799318762418393,1,1772,66ddc00bb6b6368b546a380735b71482fa3e928fb6f306f5ddb86841bd9f90bf,66ddc00bb6b6368b546a380735b71482fa3e928fb6f306f5ddb86841bd9f90bf,1,1,0.12375816065852967,1,ef2f7aff03380e7ff6a8e3331e1a10acca8f210b3a243cc26b5c3ae7c3ad56fc,16,1.0,1,1
v16u,1536,9299,127341,exposure_matched_local,1993117341,staged_plus_k_plus_k,6,16205871316647170329,11562461360140762059,13522636045815245659,3523,353,353,1240,102761,0.10019869429463525,1,706,706,56552,353,353,353,353,0.08998013057053647,1,1946,8bca1b31c4fc555fb9b4b685cfe9e2f850c5c12fd6b41c1f3ba2f830e80518c1,8bca1b31c4fc555fb9b4b685cfe9e2f850c5c12fd6b41c1f3ba2f830e80518c1,1,1,0.11836502980414419,1,22b0f973f32508eb51581de23a53fb5feb9b6834c250c73115d8b2209084f72d,16,1.0,1,1
v16u,1536,9299,127341,exposure_matched_local,1993117341,staged_plus_k_plus_k,7,18379764617980080218,9735771293539059721,11651362497774440216,3523,353,353,1157,93862,0.10019869429463525,1,706,706,55025,353,353,353,353,0.08430315072381493,1,1863,790ad311d3cc3876d0da19be20a756e15bc18d9bdc7fe6584ab598915540d64f,790ad311d3cc3876d0da19be20a756e15bc18d9bdc7fe6584ab598915540d64f,1,1,0.12262276468918536,1,e8a8053e0685906de4173377694ee148bdae3420e4a37bbea9fd93b9d1013298,16,1.0,1,1
v16u,1536,9299,127341,exposure_matched_local,1993117341,staged_plus_k_plus_k,8,6299898769981341232,7811960872712216341,17135963403802011825,3523,353,353,1139,88030,0.10019869429463525,1,706,706,59025,353,353,353,353,0.080896962815782,1,1845,4963814d4da5b5752dcf1675963c6bae6ef384698aea78ca66e6d4e67582a1ed,4963814d4da5b5752dcf1675963c6bae6ef384698aea78ca66e6d4e67582a1ed,1,1,0.11921657678115243,1,d2765882edbe338efcf14db0b1cf75aaa9802a5c1b99fbb2cc328b5f5d76721c,16,1.0,1,1
v16u,1536,9299,127341,exposure_matched_local,1993117341,staged_plus_k_plus_k,9,10197411190536809769,15965327470621902294,13022892058508281808,3523,353,353,1431,116852,0.10019869429463525,1,706,706,57893,353,353,353,353,0.08714164064717571,1,2137,bfc69d84d8b74edee36584c6f0eefe741374f4caf56aa404e8b4ea93794f6dd7,bfc69d84d8b74edee36584c6f0eefe741374f4caf56aa404e8b4ea93794f6dd7,1,1,0.12375816065852967,1,561b55dfc09b6521e6a20b6f1a9acf95f52a3ad3a361c6d79c5d13bf9d19d7f9,16,1.0,1,1
v16u,1536,9299,127341,exposure_matched_local,1993117341,staged_plus_k_plus_k,10,7877935361605360745,17289268443631986392,10095080784762127522,3523,353,353,1039,82703,0.10048254328697133,1,706,706,52633,353,353,353,353,0.08118081180811808,1,1745,ab9050e9c8997b257a18199cfd4f660148808b8250bdd539a55ceda5877368ac,ab9050e9c8997b257a18199cfd4f660148808b8250bdd539a55ceda5877368ac,1,1,0.11836502980414419,1,641624dd04d0d42225c5097fa42d91618f2c381216fdb52f769970828aaf57cf,16,1.0,1,1
v16u,1536,9299,127341,exposure_matched_local,1993117341,staged_plus_k_plus_k,11,6238819719088509224,8712062665370689621,8016475124266349739,3523,353,353,1249,100896,0.10019869429463525,1,706,706,57330,353,353,353,353,0.08799318762418393,1,1955,b0db730feb2a30fc9d62759d2c90ff600234d73e6597acf85eeb0e0084b596ab,b0db730feb2a30fc9d62759d2c90ff600234d73e6597acf85eeb0e0084b596ab,1,1,0.12290661368152143,1,98b5d60edea7605c8102f256befb9176c448d8e386f614e83caef9d84c5a6364,16,1.0,1,1
v16u,1536,9299,127341,exposure_matched_local,1993117341,staged_plus_k_plus_k,12,9834677074535139082,11624451435380028041,1501019145508893812,3523,353,353,1207,96438,0.10019869429463525,1,706,706,63404,353,353,353,353,0.08685779165483963,1,1913,c82547f53e182d984819740cfae0b087c3fe23de541b72cde968d4b90a8f9db8,c82547f53e182d984819740cfae0b087c3fe23de541b72cde968d4b90a8f9db8,1,1,0.12233891569684928,1,62d30fc85351d26ffff14af32b161973c43afc9a422cdc3f87e1a65d887c21e9,16,1.0,1,1
v16u,1536,9299,127341,exposure_matched_local,1993117341,staged_plus_k_plus_k,13,4678500892863955224,6396572657884118645,3155016809476372674,3523,353,353,1162,91457,0.10048254328697133,1,706,706,53371,353,353,353,353,0.08032926483110985,1,1868,56b2530419ee8a1cafc639e957af5431dfd5ca3038cb6a461731300c48618b1a,56b2530419ee8a1cafc639e957af5431dfd5ca3038cb6a461731300c48618b1a,1,1,0.11439114391143912,1,f45c57600e3ad62c5f2ac594e9d12cd861f57a95728579743b9ddb541483b74b,16,1.0,1,1
v16u,1536,9299,127341,exposure_matched_local,1993117341,staged_plus_k_plus_k,14,91802163540304348,4729036024824149008,6220518726088149485,3523,353,353,1121,93924,0.10019869429463525,1,706,706,54853,353,353,353,353,0.08146466080045416,1,1827,d51625b178278974e0025a5a8290da58e958f9b9f553f4a300abd685da80a8a0,d51625b178278974e0025a5a8290da58e958f9b9f553f4a300abd685da80a8a0,1,1,0.12006812375816066,1,5a82aca27626ef141ef60dd9f9c5c91786dda851b259734ea3ce3274a0b4462e,16,1.0,1,1
v16u,1536,9299,127341,exposure_matched_local,1993117341,staged_plus_k_plus_k,15,239050656987110716,3097203651762213563,4424694877605235173,3523,353,353,1009,77245,0.10019869429463525,1,706,706,55003,353,353,353,353,0.07692307692307693,1,1715,7234a9ce9311036a00ee251830bdaf437183c266e82816488d3b5853f60f2567,7234a9ce9311036a00ee251830bdaf437183c266e82816488d3b5853f60f2567,1,1,0.12063582174283281,1,54af5050ad9d1f9d7a0e01935564724574b26bc26ee5758065e6b402d2fbc452,16,1.0,1,1
v16u,1536,9365,123078,exposure_matched_local,1993773078,burnin,0,1255321487021119034,4044387844007538946,10478602399275189529,3567,357,357,813,82220,0.10008410428931876,1,0,0,0,0,0,0,0,0.0,1,813,7b3f47be10f895d72d175ed82c4c4b5954bca8d36a574195153e238fa27740cf,7b3f47be10f895d72d175ed82c4c4b5954bca8d36a574195153e238fa27740cf,1,1,0.10008410428931876,1,9ce869507895fca963d9d6d56eeacfcd9a5353826df07537b90f74229fc656c9,16,1.0,1,1
v16u,1536,9365,123078,exposure_matched_local,1993773078,burnin,1,14985801387066635062,1726573936135275142,9243612539708670903,3567,357,357,701,67886,0.10008410428931876,1,0,0,0,0,0,0,0,0.0,1,701,9a5f850ece181efa655c39dcedd7c105d8a0a7da99c5eda34d10198d04badb2b,9a5f850ece181efa655c39dcedd7c105d8a0a7da99c5eda34d10198d04badb2b,1,1,0.10008410428931876,1,c8fa35e2e665f8c3d9e573f1c02a1baf810ace700aad5bdaf5e6cc7cecb2c86a,16,1.0,1,1
v16u,1536,9365,123078,exposure_matched_local,1993773078,burnin,2,15795097823859218273,6064391234657642314,3306222096656981376,3567,357,357,730,65988,0.10008410428931876,1,0,0,0,0,0,0,0,0.0,1,730,c9846e2325b907683d691c3a9d73976065305329dcc71e4ef891f85d56083189,c9846e2325b907683d691c3a9d73976065305329dcc71e4ef891f85d56083189,1,1,0.10008410428931876,1,6edd1d8b86477859656e6b892918a9088904936361da83acdbe8272b882be0cd,16,1.0,1,1
v16u,1536,9365,123078,exposure_matched_local,1993773078,burnin,3,1332659234209658565,2792398210551674231,15031915665162992319,3567,357,357,744,74858,0.10008410428931876,1,0,0,0,0,0,0,0,0.0,1,744,c1eef969b0548b25c4ff27c4c8fab8f140300337db8d53b53a693e4b6e73e794,c1eef969b0548b25c4ff27c4c8fab8f140300337db8d53b53a693e4b6e73e794,1,1,0.10008410428931876,1,cf1dc21300764b9240f0e86dc2949db0e96f9a69ea487e672ddf006aa7ff2b5d,16,1.0,1,1
v16u,1536,9365,123078,exposure_matched_local,1993773078,burnin,4,6668022326993611605,18011507173556011022,15734747759142855714,3567,357,357,848,90352,0.10008410428931876,1,0,0,0,0,0,0,0,0.0,1,848,d0c9a5df8691421326d4d69ccaa74f483b17b7ceaa1cd74cd11dac6c53b83162,d0c9a5df8691421326d4d69ccaa74f483b17b7ceaa1cd74cd11dac6c53b83162,1,1,0.10008410428931876,1,dac5f166e5ffcbd512be5b9088eef4f6ffaae974c54762ff1a4e68b41851a2d9,16,1.0,1,1
v16u,1536,9365,123078,exposure_matched_local,1993773078,burnin,5,11238283453466774696,357488879727487158,10982540127512023954,3567,357,357,768,76584,0.10008410428931876,1,0,0,0,0,0,0,0,0.0,1,768,e351e516a2ece836b012e5e2306eb6ccfde9ce9116326cdb94b49d59c0c59c22,e351e516a2ece836b012e5e2306eb6ccfde9ce9116326cdb94b49d59c0c59c22,1,1,0.10008410428931876,1,521426113603f434a2feeeedc736f9f4f739c9b1deafbd28c1c639a3230aadbe,16,1.0,1,1
v16u,1536,9365,123078,exposure_matched_local,1993773078,burnin,6,16672800504588431003,2736874694782129301,13045846016513795119,3567,357,357,745,73379,0.10008410428931876,1,0,0,0,0,0,0,0,0.0,1,745,1aa175821d1597ae0e4596f184a6c65bb5ce1540cda1b0afaf780834a473e0fc,1aa175821d1597ae0e4596f184a6c65bb5ce1540cda1b0afaf780834a473e0fc,1,1,0.10008410428931876,1,524e00bad556fee9a780949775ed1123bf97b7286a1ee65fca44851859cd1ab0,16,1.0,1,1
v16u,1536,9365,123078,exposure_matched_local,1993773078,burnin,7,16627503464337801135,1261005958671450474,16103862166842038832,3567,357,357,921,86949,0.10036445192038128,1,0,0,0,0,0,0,0,0.0,1,921,4c3ca9e86e7408dd1d355e349971f97f45bec0d02260ac19329e55c6e0830dd4,4c3ca9e86e7408dd1d355e349971f97f45bec0d02260ac19329e55c6e0830dd4,1,1,0.10036445192038128,1,ac5ed7bc5a80b391de2fd2b8c27c47d2aa67e6455dd94219f00959ebf0e6daea,16,1.0,1,1
v16u,1536,9365,123078,exposure_matched_local,1993773078,burnin,8,8351293147172102716,3963585298313092093,857583678595940410,3567,357,357,731,68218,0.10008410428931876,1,0,0,0,0,0,0,0,0.0,1,731,19ee40db541e8061a962fda99ae14d1e8c16924b34617f8614602d902028c7a9,19ee40db541e8061a962fda99ae14d1e8c16924b34617f8614602d902028c7a9,1,1,0.10008410428931876,1,03fd6fb0bc6d909f8858898cf52da63133d038e2dde4252ef5fef12fc13f8d03,16,1.0,1,1
v16u,1536,9365,123078,exposure_matched_local,1993773078,burnin,9,4186014462919057195,1529260556623591781,7800262013575161639,3567,357,357,768,77140,0.10036445192038128,1,0,0,0,0,0,0,0,0.0,1,768,cf1c5121fe4699e0225d63eb46a1bd2e72ad701030af7f8d601ac4d9dd697f87,cf1c5121fe4699e0225d63eb46a1bd2e72ad701030af7f8d601ac4d9dd697f87,1,1,0.10036445192038128,1,c22c00e34191570600c853993ac72cbb24162551840940afb3370acb05d0a6ad,16,1.0,1,1
v16u,1536,9365,123078,exposure_matched_local,1993773078,burnin,10,5546959281709687285,11915644703194744880,17614173577689653541,3567,357,357,950,90883,0.10008410428931876,1,0,0,0,0,0,0,0,0.0,1,950,afce065f271aa835a634d0b6b4c8f53032dadaae57085b692e978e893dce8b24,afce065f271aa835a634d0b6b4c8f53032dadaae57085b692e978e893dce8b24,1,1,0.10008410428931876,1,72978ac2de84135f32b9f4fa00d8d92f29615e651aa2769b24eb9fb112cc684c,16,1.0,1,1
v16u,1536,9365,123078,exposure_matched_local,1993773078,burnin,11,10154594360124467319,9394371397169013275,8209423081264227426,3567,357,357,955,89671,0.10008410428931876,1,0,0,0,0,0,0,0,0.0,1,955,05d4b6a6d791550b6599d113a367921cc25077236710d3a706414cfbd2971df1,05d4b6a6d791550b6599d113a367921cc25077236710d3a706414cfbd2971df1,1,1,0.10008410428931876,1,52074fab3dcacfd64ad859d97cc65f6ba911630692ef234d7c6d76e59a85c04d,16,1.0,1,1
v16u,1536,9365,123078,exposure_matched_local,1993773078,burnin,12,1109670350934177009,841700415680250730,9085714006105786269,3567,357,357,792,76777,0.10036445192038128,1,0,0,0,0,0,0,0,0.0,1,792,df98dd60fa01e6868567b959b075365f924bec448e5838079a3ca6ba93990da3,df98dd60fa01e6868567b959b075365f924bec448e5838079a3ca6ba93990da3,1,1,0.10036445192038128,1,098b1956e94af5bc6a77c54a0720ef6adce0f5af51fe4e5c6389bf0507ed3f6f,16,1.0,1,1
v16u,1536,9365,123078,exposure_matched_local,1993773078,burnin,13,13364799744231709912,15433246734610858190,15217787107215013345,3567,357,357,941,92505,0.10008410428931876,1,0,0,0,0,0,0,0,0.0,1,941,ebf71589a098266b425389f3d7f368ca5ae0431418597f5169ffe27a1d560ae8,ebf71589a098266b425389f3d7f368ca5ae0431418597f5169ffe27a1d560ae8,1,1,0.10008410428931876,1,218d1359df660d4fec86bd4e2ffa42205090b9f9ea4c42929bcb82007f5ced13,16,1.0,1,1
v16u,1536,9365,123078,exposure_matched_local,1993773078,burnin,14,12236871346504571051,16647890880357307174,6199398689771592967,3567,357,357,791,74378,0.10008410428931876,1,0,0,0,0,0,0,0,0.0,1,791,57b9911ba9921017daf870cfed657b2c9a87e6ee85cc6579756bdddff8b2bc47,57b9911ba9921017daf870cfed657b2c9a87e6ee85cc6579756bdddff8b2bc47,1,1,0.10008410428931876,1,80dfe740d93b01649b0bd808b0fb71c469512a3a843e00b45e27a96b7e5e3e92,16,1.0,1,1
v16u,1536,9365,123078,exposure_matched_local,1993773078,burnin,15,13340355118034396701,16671748482634904193,1947869998182654773,3567,357,357,791,78171,0.10008410428931876,1,0,0,0,0,0,0,0,0.0,1,791,b34ef56a4607a3bb2d41db51ed491dde580e18dd493ab042b7fcc6e41521cb9d,b34ef56a4607a3bb2d41db51ed491dde580e18dd493ab042b7fcc6e41521cb9d,1,1,0.10008410428931876,1,b637de860f6ce01bc485c9a2adb0ce72e91846f7647332ce4d07548c31081efc,16,1.0,1,1
v16u,1536,9365,123078,exposure_matched_local,1993773078,direct_plus_k,0,1255321487021119034,4044387844007538946,10478602399275189529,3567,357,357,813,82220,0.10008410428931876,1,357,357,34578,357,357,0,0,0.07653490328006729,1,1170,7b3f47be10f895d72d175ed82c4c4b5954bca8d36a574195153e238fa27740cf,7b3f47be10f895d72d175ed82c4c4b5954bca8d36a574195153e238fa27740cf,1,1,0.12139052425007009,1,7b3f47be10f895d72d175ed82c4c4b5954bca8d36a574195153e238fa27740cf,16,1.0,1,1
v16u,1536,9365,123078,exposure_matched_local,1993773078,direct_plus_k,1,14985801387066635062,1726573936135275142,9243612539708670903,3567,357,357,701,67886,0.10008410428931876,1,357,357,37088,357,357,0,0,0.07036725539669189,1,1058,9a5f850ece181efa655c39dcedd7c105d8a0a7da99c5eda34d10198d04badb2b,9a5f850ece181efa655c39dcedd7c105d8a0a7da99c5eda34d10198d04badb2b,1,1,0.11017661900756939,1,9a5f850ece181efa655c39dcedd7c105d8a0a7da99c5eda34d10198d04badb2b,16,1.0,1,1
v16u,1536,9365,123078,exposure_matched_local,1993773078,direct_plus_k,2,15795097823859218273,6064391234657642314,3306222096656981376,3567,357,357,730,65988,0.10008410428931876,1,357,357,33713,357,357,0,0,0.07289038407625456,1,1087,c9846e2325b907683d691c3a9d73976065305329dcc71e4ef891f85d56083189,c9846e2325b907683d691c3a9d73976065305329dcc71e4ef891f85d56083189,1,1,0.11970843846369499,1,c9846e2325b907683d691c3a9d73976065305329dcc71e4ef891f85d56083189,16,1.0,1,1
v16u,1536,9365,123078,exposure_matched_local,1993773078,direct_plus_k,3,1332659234209658565,2792398210551674231,15031915665162992319,3567,357,357,744,74858,0.10008410428931876,1,357,357,34536,357,357,0,0,0.08242220353238015,1,1101,c1eef969b0548b25c4ff27c4c8fab8f140300337db8d53b53a693e4b6e73e794,c1eef969b0548b25c4ff27c4c8fab8f140300337db8d53b53a693e4b6e73e794,1,1,0.12363330529857022,1,c1eef969b0548b25c4ff27c4c8fab8f140300337db8d53b53a693e4b6e73e794,16,1.0,1,1
v16u,1536,9365,123078,exposure_matched_local,1993773078,direct_plus_k,4,6668022326993611605,18011507173556011022,15734747759142855714,3567,357,357,848,90352,0.10008410428931876,1,357,357,35495,357,357,0,0,0.07204934118306701,1,1205,d0c9a5df8691421326d4d69ccaa74f483b17b7ceaa1cd74cd11dac6c53b83162,d0c9a5df8691421326d4d69ccaa74f483b17b7ceaa1cd74cd11dac6c53b83162,1,1,0.11718530978413233,1,d0c9a5df8691421326d4d69ccaa74f483b17b7ceaa1cd74cd11dac6c53b83162,16,1.0,1,1
v16u,1536,9365,123078,exposure_matched_local,1993773078,direct_plus_k,5,11238283453466774696,357488879727487158,10982540127512023954,3567,357,357,768,76584,0.10008410428931876,1,357,357,34544,357,357,0,0,0.06756377908606673,1,1125,e351e516a2ece836b012e5e2306eb6ccfde9ce9116326cdb94b49d59c0c59c22,e351e516a2ece836b012e5e2306eb6ccfde9ce9116326cdb94b49d59c0c59c22,1,1,0.11241940005606953,1,e351e516a2ece836b012e5e2306eb6ccfde9ce9116326cdb94b49d59c0c59c22,16,1.0,1,1
v16u,1536,9365,123078,exposure_matched_local,1993773078,direct_plus_k,6,16672800504588431003,2736874694782129301,13045846016513795119,3567,357,357,745,73379,0.10008410428931876,1,357,357,30909,357,357,0,0,0.07541351275581722,1,1102,1aa175821d1597ae0e4596f184a6c65bb5ce1540cda1b0afaf780834a473e0fc,1aa175821d1597ae0e4596f184a6c65bb5ce1540cda1b0afaf780834a473e0fc,1,1,0.12111017661900757,1,1aa175821d1597ae0e4596f184a6c65bb5ce1540cda1b0afaf780834a473e0fc,16,1.0,1,1
v16u,1536,9365,123078,exposure_matched_local,1993773078,direct_plus_k,7,16627503464337801135,1261005958671450474,16103862166842038832,3567,357,357,921,86949,0.10036445192038128,1,357,357,36601,357,357,0,0,0.06952621250350434,1,1278,4c3ca9e86e7408dd1d355e349971f97f45bec0d02260ac19329e55c6e0830dd4,4c3ca9e86e7408dd1d355e349971f97f45bec0d02260ac19329e55c6e0830dd4,1,1,0.11718530978413233,1,4c3ca9e86e7408dd1d355e349971f97f45bec0d02260ac19329e55c6e0830dd4,16,1.0,1,1
v16u,1536,9365,123078,exposure_matched_local,1993773078,direct_plus_k,8,8351293147172102716,3963585298313092093,857583678595940410,3567,357,357,731,68218,0.10008410428931876,1,357,357,37654,357,357,0,0,0.07737594617325484,1,1088,19ee40db541e8061a962fda99ae14d1e8c16924b34617f8614602d902028c7a9,19ee40db541e8061a962fda99ae14d1e8c16924b34617f8614602d902028c7a9,1,1,0.11886739557050743,1,19ee40db541e8061a962fda99ae14d1e8c16924b34617f8614602d902028c7a9,16,1.0,1,1
v16u,1536,9365,123078,exposure_matched_local,1993773078,direct_plus_k,9,4186014462919057195,1529260556623591781,7800262013575161639,3567,357,357,768,77140,0.10036445192038128,1,357,357,34566,357,357,0,0,0.06924586487244183,1,1125,cf1c5121fe4699e0225d63eb46a1bd2e72ad701030af7f8d601ac4d9dd697f87,cf1c5121fe4699e0225d63eb46a1bd2e72ad701030af7f8d601ac4d9dd697f87,1,1,0.11298009531819456,1,cf1c5121fe4699e0225d63eb46a1bd2e72ad701030af7f8d601ac4d9dd697f87,16,1.0,1,1
v16u,1536,9365,123078,exposure_matched_local,1993773078,direct_plus_k,10,5546959281709687285,11915644703194744880,17614173577689653541,3567,357,357,950,90883,0.10008410428931876,1,357,357,35052,357,357,0,0,0.07008690776562938,1,1307,afce065f271aa835a634d0b6b4c8f53032dadaae57085b692e978e893dce8b24,afce065f271aa835a634d0b6b4c8f53032dadaae57085b692e978e893dce8b24,1,1,0.11382113821138211,1,afce065f271aa835a634d0b6b4c8f53032dadaae57085b692e978e893dce8b24,16,1.0,1,1
v16u,1536,9365,123078,exposure_matched_local,1993773078,direct_plus_k,11,10154594360124467319,9394371397169013275,8209423081264227426,3567,357,357,955,89671,0.10008410428931876,1,357,357,38301,357,357,0,0,0.07933837959069245,1,1312,05d4b6a6d791550b6599d113a367921cc25077236710d3a706414cfbd2971df1,05d4b6a6d791550b6599d113a367921cc25077236710d3a706414cfbd2971df1,1,1,0.12419400056069527,1,05d4b6a6d791550b6599d113a367921cc25077236710d3a706414cfbd2971df1,16,1.0,1,1
v16u,1536,9365,123078,exposure_matched_local,1993773078,direct_plus_k,12,1109670350934177009,841700415680250730,9085714006105786269,3567,357,357,792,76777,0.10036445192038128,1,357,357,34541,357,357,0,0,0.07176899355200449,1,1149,df98dd60fa01e6868567b959b075365f924bec448e5838079a3ca6ba93990da3,df98dd60fa01e6868567b959b075365f924bec448e5838079a3ca6ba93990da3,1,1,0.11802635267731988,1,df98dd60fa01e6868567b959b075365f924bec448e5838079a3ca6ba93990da3,16,1.0,1,1
v16u,1536,9365,123078,exposure_matched_local,1993773078,direct_plus_k,13,13364799744231709912,15433246734610858190,15217787107215013345,3567,357,357,941,92505,0.10008410428931876,1,357,357,37865,357,357,0,0,0.07092795065881694,1,1298,ebf71589a098266b425389f3d7f368ca5ae0431418597f5169ffe27a1d560ae8,ebf71589a098266b425389f3d7f368ca5ae0431418597f5169ffe27a1d560ae8,1,1,0.12054948135688254,1,ebf71589a098266b425389f3d7f368ca5ae0431418597f5169ffe27a1d560ae8,16,1.0,1,1
v16u,1536,9365,123078,exposure_matched_local,1993773078,direct_plus_k,14,12236871346504571051,16647890880357307174,6199398689771592967,3567,357,357,791,74378,0.10008410428931876,1,357,357,33035,357,357,0,0,0.07120829828987946,1,1148,57b9911ba9921017daf870cfed657b2c9a87e6ee85cc6579756bdddff8b2bc47,57b9911ba9921017daf870cfed657b2c9a87e6ee85cc6579756bdddff8b2bc47,1,1,0.11718530978413233,1,57b9911ba9921017daf870cfed657b2c9a87e6ee85cc6579756bdddff8b2bc47,16,1.0,1,1
v16u,1536,9365,123078,exposure_matched_local,1993773078,direct_plus_k,15,13340355118034396701,16671748482634904193,1947869998182654773,3567,357,357,791,78171,0.10008410428931876,1,357,357,35531,357,357,0,0,0.07261003644519204,1,1148,b34ef56a4607a3bb2d41db51ed491dde580e18dd493ab042b7fcc6e41521cb9d,b34ef56a4607a3bb2d41db51ed491dde580e18dd493ab042b7fcc6e41521cb9d,1,1,0.11886739557050743,1,b34ef56a4607a3bb2d41db51ed491dde580e18dd493ab042b7fcc6e41521cb9d,16,1.0,1,1
v16u,1536,9365,123078,exposure_matched_local,1993773078,direct_plus_2k,0,1255321487021119034,4044387844007538946,10478602399275189529,3567,357,357,813,82220,0.10008410428931876,1,714,714,70334,714,714,0,0,0.09671993271656855,1,1527,7b3f47be10f895d72d175ed82c4c4b5954bca8d36a574195153e238fa27740cf,7b3f47be10f895d72d175ed82c4c4b5954bca8d36a574195153e238fa27740cf,1,1,0.13260442949257079,1,2c2db56af09e81853f9bcae3eed56de44a6d087925a841d99921fc4b55ae7122,16,1.0,1,1
v16u,1536,9365,123078,exposure_matched_local,1993773078,direct_plus_2k,1,14985801387066635062,1726573936135275142,9243612539708670903,3567,357,357,701,67886,0.10008410428931876,1,714,714,71580,714,714,0,0,0.09195402298850575,1,1415,9a5f850ece181efa655c39dcedd7c105d8a0a7da99c5eda34d10198d04badb2b,9a5f850ece181efa655c39dcedd7c105d8a0a7da99c5eda34d10198d04badb2b,1,1,0.13064199607513316,1,891cdead26a0669b85187b0ce0ffe69336f3e44d837b9fcc01a1a9eb8455c00c,16,1.0,1,1
v16u,1536,9365,123078,exposure_matched_local,1993773078,direct_plus_2k,2,15795097823859218273,6064391234657642314,3306222096656981376,3567,357,357,730,65988,0.10008410428931876,1,714,714,65571,714,714,0,0,0.10148584244463134,1,1444,c9846e2325b907683d691c3a9d73976065305329dcc71e4ef891f85d56083189,c9846e2325b907683d691c3a9d73976065305329dcc71e4ef891f85d56083189,1,1,0.13484721054107093,1,f855b98e80d7f8cf3d0e81d0e8f963f22761fc798b8bf56729c779fb6b6de813,16,1.0,1,1
v16u,1536,9365,123078,exposure_matched_local,1993773078,direct_plus_2k,3,1332659234209658565,2792398210551674231,15031915665162992319,3567,357,357,744,74858,0.10008410428931876,1,714,714,68077,714,714,0,0,0.10288758059994393,1,1458,c1eef969b0548b25c4ff27c4c8fab8f140300337db8d53b53a693e4b6e73e794,c1eef969b0548b25c4ff27c4c8fab8f140300337db8d53b53a693e4b6e73e794,1,1,0.13961312026913372,1,16407ca240a3290122ad0e607ceffe5f08b7423aec29d4a8f9bc9eca9263c23f,16,1.0,1,1
v16u,1536,9365,123078,exposure_matched_local,1993773078,direct_plus_2k,4,6668022326993611605,18011507173556011022,15734747759142855714,3567,357,357,848,90352,0.10008410428931876,1,714,714,69619,714,714,0,0,0.09223437061956827,1,1562,d0c9a5df8691421326d4d69ccaa74f483b17b7ceaa1cd74cd11dac6c53b83162,d0c9a5df8691421326d4d69ccaa74f483b17b7ceaa1cd74cd11dac6c53b83162,1,1,0.12699747687132043,1,31921d57030e834b56780c2baed168636ef0354d033ca6851bb2267b75684862,16,1.0,1,1
v16u,1536,9365,123078,exposure_matched_local,1993773078,direct_plus_2k,5,11238283453466774696,357488879727487158,10982540127512023954,3567,357,357,768,76584,0.10008410428931876,1,714,714,72278,714,714,0,0,0.09335576114381834,1,1482,e351e516a2ece836b012e5e2306eb6ccfde9ce9116326cdb94b49d59c0c59c22,e351e516a2ece836b012e5e2306eb6ccfde9ce9116326cdb94b49d59c0c59c22,1,1,0.1295206055508831,1,36564492ed46ac0eeb0c6c3b30e892c217bf5f24611f39f31e586fdc4dc3eea6,16,1.0,1,1
v16u,1536,9365,123078,exposure_matched_local,1993773078,direct_plus_2k,6,16672800504588431003,2736874694782129301,13045846016513795119,3567,357,357,745,73379,0.10008410428931876,1,714,714,67639,714,714,0,0,0.10344827586206896,1,1459,1aa175821d1597ae0e4596f184a6c65bb5ce1540cda1b0afaf780834a473e0fc,1aa175821d1597ae0e4596f184a6c65bb5ce1540cda1b0afaf780834a473e0fc,1,1,0.13652929632744604,1,e3ddfe9307f4fb69463e0d9d42410ddd704496118a52333231995c5dcc92bc9d,16,1.0,1,1
v16u,1536,9365,123078,exposure_matched_local,1993773078,direct_plus_2k,7,16627503464337801135,1261005958671450474,16103862166842038832,3567,357,357,921,86949,0.10036445192038128,1,714,714,71886,714,714,0,0,0.09167367535744322,1,1635,4c3ca9e86e7408dd1d355e349971f97f45bec0d02260ac19329e55c6e0830dd4,4c3ca9e86e7408dd1d355e349971f97f45bec0d02260ac19329e55c6e0830dd4,1,1,0.13176338659938325,1,917db89893907774e676c68a8bd5cf9d1b4fb86f05d80894a44f95edf5982f9e,16,1.0,1,1
v16u,1536,9365,123078,exposure_matched_local,1993773078,direct_plus_2k,8,8351293147172102716,3963585298313092093,857583678595940410,3567,357,357,731,68218,0.10008410428931876,1,714,714,78001,714,714,0,0,0.10008410428931876,1,1445,19ee40db541e8061a962fda99ae14d1e8c16924b34617f8614602d902028c7a9,19ee40db541e8061a962fda99ae14d1e8c16924b34617f8614602d902028c7a9,1,1,0.13680964395850856,1,71ac9e43546b3e5f8c64e4775f45ce74025dfad13fc7201a00eb206dd516b222,16,1.0,1,1
v16u,1536,9365,123078,exposure_matched_local,1993773078,direct_plus_2k,9,4186014462919057195,1529260556623591781,7800262013575161639,3567,357,357,768,77140,0.10036445192038128,1,714,714,69723,714,714,0,0,0.09167367535744322,1,1482,cf1c5121fe4699e0225d63eb46a1bd2e72ad701030af7f8d601ac4d9dd697f87,cf1c5121fe4699e0225d63eb46a1bd2e72ad701030af7f8d601ac4d9dd697f87,1,1,0.1250350434538828,1,1d8722b4981e4f7ad6a98abaee9829764c80e9cb6d1a7dcff763796c216d3ee4,16,1.0,1,1
v16u,1536,9365,123078,exposure_matched_local,1993773078,direct_plus_2k,10,5546959281709687285,11915644703194744880,17614173577689653541,3567,357,357,950,90883,0.10008410428931876,1,714,714,69998,714,714,0,0,0.09363610877488085,1,1664,afce065f271aa835a634d0b6b4c8f53032dadaae57085b692e978e893dce8b24,afce065f271aa835a634d0b6b4c8f53032dadaae57085b692e978e893dce8b24,1,1,0.12727782450238295,1,c8b3b0b8612bb3eab4ea609867677044265b7637676b8452e08dbce44c92f510,16,1.0,1,1
v16u,1536,9365,123078,exposure_matched_local,1993773078,direct_plus_2k,11,10154594360124467319,9394371397169013275,8209423081264227426,3567,357,357,955,89671,0.10008410428931876,1,714,714,72105,714,714,0,0,0.10148584244463134,1,1669,05d4b6a6d791550b6599d113a367921cc25077236710d3a706414cfbd2971df1,05d4b6a6d791550b6599d113a367921cc25077236710d3a706414cfbd2971df1,1,1,0.13849172974488366,1,a4cabc19398da0e87f41cb148e996aa2d1dfbb9443bbf37dc6f0c66b86bdec2f,16,1.0,1,1
v16u,1536,9365,123078,exposure_matched_local,1993773078,direct_plus_2k,12,1109670350934177009,841700415680250730,9085714006105786269,3567,357,357,792,76777,0.10036445192038128,1,714,714,69549,714,714,0,0,0.09391645640594337,1,1506,df98dd60fa01e6868567b959b075365f924bec448e5838079a3ca6ba93990da3,df98dd60fa01e6868567b959b075365f924bec448e5838079a3ca6ba93990da3,1,1,0.13176338659938325,1,3d17341d3ec349daa787e92082241c716364c88ebb3f5f7ff79c08d408a9c927,16,1.0,1,1
v16u,1536,9365,123078,exposure_matched_local,1993773078,direct_plus_2k,13,13364799744231709912,15433246734610858190,15217787107215013345,3567,357,357,941,92505,0.10008410428931876,1,714,714,73440,714,714,0,0,0.08438463694981778,1,1655,ebf71589a098266b425389f3d7f368ca5ae0431418597f5169ffe27a1d560ae8,ebf71589a098266b425389f3d7f368ca5ae0431418597f5169ffe27a1d560ae8,1,1,0.12363330529857022,1,7ca2b1d6e4f91587617af21ae1b2b61b41ca37a05dcfed9508b85b336cc10ee2,16,1.0,1,1
v16u,1536,9365,123078,exposure_matched_local,1993773078,direct_plus_2k,14,12236871346504571051,16647890880357307174,6199398689771592967,3567,357,357,791,74378,0.10008410428931876,1,714,714,64359,714,714,0,0,0.09251471825063078,1,1505,57b9911ba9921017daf870cfed657b2c9a87e6ee85cc6579756bdddff8b2bc47,57b9911ba9921017daf870cfed657b2c9a87e6ee85cc6579756bdddff8b2bc47,1,1,0.13036164844407064,1,8c68ef8365020e026006b2001c1c8fb06f4babc1b2e9f2f00dae0a09d78b65d8,16,1.0,1,1
v16u,1536,9365,123078,exposure_matched_local,1993773078,direct_plus_2k,15,13340355118034396701,16671748482634904193,1947869998182654773,3567,357,357,791,78171,0.10008410428931876,1,714,714,70195,714,714,0,0,0.09784132324081861,1,1505,b34ef56a4607a3bb2d41db51ed491dde580e18dd493ab042b7fcc6e41521cb9d,b34ef56a4607a3bb2d41db51ed491dde580e18dd493ab042b7fcc6e41521cb9d,1,1,0.13176338659938325,1,77558621194482aab00624edb21688fc790528923b354baef6b7b6fc97991545,16,1.0,1,1
v16u,1536,9365,123078,exposure_matched_local,1993773078,staged_plus_k_plus_k,0,1255321487021119034,4044387844007538946,10478602399275189529,3567,357,357,813,82220,0.10008410428931876,1,714,714,72885,357,357,357,357,0.10036445192038128,1,1527,7b3f47be10f895d72d175ed82c4c4b5954bca8d36a574195153e238fa27740cf,7b3f47be10f895d72d175ed82c4c4b5954bca8d36a574195153e238fa27740cf,1,1,0.13568825343425847,1,9f908565af382ed559c7cca36934a110410db2b166acb284811253edb374b0e6,16,1.0,1,1
v16u,1536,9365,123078,exposure_matched_local,1993773078,staged_plus_k_plus_k,1,14985801387066635062,1726573936135275142,9243612539708670903,3567,357,357,701,67886,0.10008410428931876,1,714,714,73013,357,357,357,357,0.09335576114381834,1,1415,9a5f850ece181efa655c39dcedd7c105d8a0a7da99c5eda34d10198d04badb2b,9a5f850ece181efa655c39dcedd7c105d8a0a7da99c5eda34d10198d04badb2b,1,1,0.127838519764508,1,cb99fa09b5da71974a76361947f3303a3519723f7eb8c1d0d508d74bf7e4eb95,16,1.0,1,1
v16u,1536,9365,123078,exposure_matched_local,1993773078,staged_plus_k_plus_k,2,15795097823859218273,6064391234657642314,3306222096656981376,3567,357,357,730,65988,0.10008410428931876,1,714,714,68364,357,357,357,357,0.09643958508550603,1,1444,c9846e2325b907683d691c3a9d73976065305329dcc71e4ef891f85d56083189,c9846e2325b907683d691c3a9d73976065305329dcc71e4ef891f85d56083189,1,1,0.13176338659938325,1,17277d2d9962a2ae217a8c450264c91f433a06c3ce275e1db87b56b7c5336f21,16,1.0,1,1
v16u,1536,9365,123078,exposure_matched_local,1993773078,staged_plus_k_plus_k,3,1332659234209658565,2792398210551674231,15031915665162992319,3567,357,357,744,74858,0.10008410428931876,1,714,714,70192,357,357,357,357,0.10204653770675638,1,1458,c1eef969b0548b25c4ff27c4c8fab8f140300337db8d53b53a693e4b6e73e794,c1eef969b0548b25c4ff27c4c8fab8f140300337db8d53b53a693e4b6e73e794,1,1,0.13568825343425847,1,e4d031c89f52fbc59835c49f601c8ed9f05509f4f8a97cb1eea36997edd388df,16,1.0,1,1
v16u,1536,9365,123078,exposure_matched_local,1993773078,staged_plus_k_plus_k,4,6668022326993611605,18011507173556011022,15734747759142855714,3567,357,357,848,90352,0.10008410428931876,1,714,714,70880,357,357,357,357,0.0975609756097561,1,1562,d0c9a5df8691421326d4d69ccaa74f483b17b7ceaa1cd74cd11dac6c53b83162,d0c9a5df8691421326d4d69ccaa74f483b17b7ceaa1cd74cd11dac6c53b83162,1,1,0.12924025791982058,1,8979fa97aea1d4e2d70669850eee99bd147c197c32160bff0700c5addf310654,16,1.0,1,1
v16u,1536,9365,123078,exposure_matched_local,1993773078,staged_plus_k_plus_k,5,11238283453466774696,357488879727487158,10982540127512023954,3567,357,357,768,76584,0.10008410428931876,1,714,714,67917,357,357,357,357,0.09671993271656855,1,1482,e351e516a2ece836b012e5e2306eb6ccfde9ce9116326cdb94b49d59c0c59c22,e351e516a2ece836b012e5e2306eb6ccfde9ce9116326cdb94b49d59c0c59c22,1,1,0.1328847771236333,1,2361715b87855734fafdb1f04c698760bc3d151dfe0b6226a46cfed366c563e5,16,1.0,1,1
v16u,1536,9365,123078,exposure_matched_local,1993773078,staged_plus_k_plus_k,6,16672800504588431003,2736874694782129301,13045846016513795119,3567,357,357,745,73379,0.10008410428931876,1,714,714,66792,357,357,357,357,0.10485001401738156,1,1459,1aa175821d1597ae0e4596f184a6c65bb5ce1540cda1b0afaf780834a473e0fc,1aa175821d1597ae0e4596f184a6c65bb5ce1540cda1b0afaf780834a473e0fc,1,1,0.14073451079338378,1,181f2334a7edcbc2f33332bdce94b4af0d7f664e128b40e0cbd7799a982aed3e,16,1.0,1,1
v16u,1536,9365,123078,exposure_matched_local,1993773078,staged_plus_k_plus_k,7,16627503464337801135,1261005958671450474,16103862166842038832,3567,357,357,921,86949,0.10036445192038128,1,714,714,73766,357,357,357,357,0.08971124194000561,1,1635,4c3ca9e86e7408dd1d355e349971f97f45bec0d02260ac19329e55c6e0830dd4,4c3ca9e86e7408dd1d355e349971f97f45bec0d02260ac19329e55c6e0830dd4,1,1,0.127838519764508,1,aa0944149911198ec578a8f914f09a29ef834bb4c917c6f667e1e169a4378a04,16,1.0,1,1
v16u,1536,9365,123078,exposure_matched_local,1993773078,staged_plus_k_plus_k,8,8351293147172102716,3963585298313092093,857583678595940410,3567,357,357,731,68218,0.10008410428931876,1,714,714,71125,357,357,357,357,0.095878889823381,1,1445,19ee40db541e8061a962fda99ae14d1e8c16924b34617f8614602d902028c7a9,19ee40db541e8061a962fda99ae14d1e8c16924b34617f8614602d902028c7a9,1,1,0.13232408186150826,1,25bd3834b62a0e737a19d07d4922ddc51f3b2c6b974c08322d22e0ad140f891f,16,1.0,1,1
v16u,1536,9365,123078,exposure_matched_local,1993773078,staged_plus_k_plus_k,9,4186014462919057195,1529260556623591781,7800262013575161639,3567,357,357,768,77140,0.10036445192038128,1,714,714,70444,357,357,357,357,0.0961592374544435,1,1482,cf1c5121fe4699e0225d63eb46a1bd2e72ad701030af7f8d601ac4d9dd697f87,cf1c5121fe4699e0225d63eb46a1bd2e72ad701030af7f8d601ac4d9dd697f87,1,1,0.13092234370619568,1,59eab0d40e3694a86903709d39c166c4aa0d60d76f8effe98e30bfc5828bddf3,16,1.0,1,1
v16u,1536,9365,123078,exposure_matched_local,1993773078,staged_plus_k_plus_k,10,5546959281709687285,11915644703194744880,17614173577689653541,3567,357,357,950,90883,0.10008410428931876,1,714,714,67623,357,357,357,357,0.09251471825063078,1,1664,afce065f271aa835a634d0b6b4c8f53032dadaae57085b692e978e893dce8b24,afce065f271aa835a634d0b6b4c8f53032dadaae57085b692e978e893dce8b24,1,1,0.12391365292963274,1,2fcbebe7aa2915e9d5ac13a2de49379e24d2360460176c3e6b1c0890c1b788d2,16,1.0,1,1
v16u,1536,9365,123078,exposure_matched_local,1993773078,staged_plus_k_plus_k,11,10154594360124467319,9394371397169013275,8209423081264227426,3567,357,357,955,89671,0.10008410428931876,1,714,714,73213,357,357,357,357,0.10120549481356883,1,1669,05d4b6a6d791550b6599d113a367921cc25077236710d3a706414cfbd2971df1,05d4b6a6d791550b6599d113a367921cc25077236710d3a706414cfbd2971df1,1,1,0.1443790299971965,1,eaf0532692601561237ef8c39fb457565fda323b00b0c9c527225a4f782b2078,16,1.0,1,1
v16u,1536,9365,123078,exposure_matched_local,1993773078,staged_plus_k_plus_k,12,1109670350934177009,841700415680250730,9085714006105786269,3567,357,357,792,76777,0.10036445192038128,1,714,714,69558,357,357,357,357,0.09784132324081861,1,1506,df98dd60fa01e6868567b959b075365f924bec448e5838079a3ca6ba93990da3,df98dd60fa01e6868567b959b075365f924bec448e5838079a3ca6ba93990da3,1,1,0.1328847771236333,1,4c5d624a21afbaaeb81ddf2b3675dc2e3694138267755b3256fcf17b6a137366,16,1.0,1,1
v16u,1536,9365,123078,exposure_matched_local,1993773078,staged_plus_k_plus_k,13,13364799744231709912,15433246734610858190,15217787107215013345,3567,357,357,941,92505,0.10008410428931876,1,714,714,72026,357,357,357,357,0.09643958508550603,1,1655,ebf71589a098266b425389f3d7f368ca5ae0431418597f5169ffe27a1d560ae8,ebf71589a098266b425389f3d7f368ca5ae0431418597f5169ffe27a1d560ae8,1,1,0.13484721054107093,1,25d17e45baca885ef89a8197d2ba64ab6606da208720729cf3eda90284a1a126,16,1.0,1,1
v16u,1536,9365,123078,exposure_matched_local,1993773078,staged_plus_k_plus_k,14,12236871346504571051,16647890880357307174,6199398689771592967,3567,357,357,791,74378,0.10008410428931876,1,714,714,66442,357,357,357,357,0.09195402298850575,1,1505,57b9911ba9921017daf870cfed657b2c9a87e6ee85cc6579756bdddff8b2bc47,57b9911ba9921017daf870cfed657b2c9a87e6ee85cc6579756bdddff8b2bc47,1,1,0.12643678160919541,1,1ef2aa2413c60dc14a5f080388bc304307e748a28ef96b9510e7f2ff9adef39d,16,1.0,1,1
v16u,1536,9365,123078,exposure_matched_local,1993773078,staged_plus_k_plus_k,15,13340355118034396701,16671748482634904193,1947869998182654773,3567,357,357,791,78171,0.10008410428931876,1,714,714,69582,357,357,357,357,0.10260723296888141,1,1505,b34ef56a4607a3bb2d41db51ed491dde580e18dd493ab042b7fcc6e41521cb9d,b34ef56a4607a3bb2d41db51ed491dde580e18dd493ab042b7fcc6e41521cb9d,1,1,0.13708999158957108,1,b7ce9534491d09aba8b5fdda8fdae7aab19af89959b36f8661ff090bb1f51565,16,1.0,1,1
v16u,1536,9365,123403,exposure_matched_local,1993773403,burnin,0,14398260498257740744,1736524846794830508,6637685450465160447,3604,361,361,1207,74468,0.10016648168701443,1,0,0,0,0,0,0,0,0.0,1,1207,bc46be19676fc0b30e2f223632a4c0bcef33e23e4403fbbe52abe0d7c2e134c4,bc46be19676fc0b30e2f223632a4c0bcef33e23e4403fbbe52abe0d7c2e134c4,1,1,0.10016648168701443,1,14dbc732c8faaf454206709778ce9c9eb2e4afba651daeab751978cf5dee23d6,16,1.0,1,1
v16u,1536,9365,123403,exposure_matched_local,1993773403,burnin,1,7188612116513978172,647077156519511089,13679844941887349736,3604,361,361,1057,65254,0.10016648168701443,1,0,0,0,0,0,0,0,0.0,1,1057,b506f198d02839763476a9705578e09d975b770e09c1d8592b1867b467577c27,b506f198d02839763476a9705578e09d975b770e09c1d8592b1867b467577c27,1,1,0.10016648168701443,1,890c6a1c84bca888bc43851ebeecb788bffebd00cf197080a13e14e9a026d5f7,16,1.0,1,1
v16u,1536,9365,123403,exposure_matched_local,1993773403,burnin,2,7464343612484813483,3226668743490663825,2180864701880085298,3604,361,361,1140,68545,0.10016648168701443,1,0,0,0,0,0,0,0,0.0,1,1140,ce6d9954632689c21f3b25e6fdb682da638bbfaed53b1118688e4071d7479ce0,ce6d9954632689c21f3b25e6fdb682da638bbfaed53b1118688e4071d7479ce0,1,1,0.10016648168701443,1,826b9511db1f20916ba8ed5a025b8ccdf5acf341c407536cd421845f28433726,16,1.0,1,1
v16u,1536,9365,123403,exposure_matched_local,1993773403,burnin,3,9177280593352944719,941149791403320592,4155315313216562932,3604,361,361,911,55855,0.10016648168701443,1,0,0,0,0,0,0,0,0.0,1,911,1462adb3c08ede2b7aaa3ed69ca16e793fb28b50a6621266fc969429e0254bb2,1462adb3c08ede2b7aaa3ed69ca16e793fb28b50a6621266fc969429e0254bb2,1,1,0.10016648168701443,1,776d9f320e5ddd61e012a3a47e53c4569de913e2c420ffbca1e50e6cf1df7443,16,1.0,1,1
v16u,1536,9365,123403,exposure_matched_local,1993773403,burnin,4,11722003226113622008,17820720128878286061,7279853689273637243,3604,361,361,1099,74120,0.10016648168701443,1,0,0,0,0,0,0,0,0.0,1,1099,611f45c604e4b546a2d419779983b2aad4b388a5d2b393c7e58bbe5600362450,611f45c604e4b546a2d419779983b2aad4b388a5d2b393c7e58bbe5600362450,1,1,0.10016648168701443,1,cb1b54508eef42564cd427a2c706b5021bdaa6c05afb4db772a68ad447aaec8d,16,1.0,1,1
v16u,1536,9365,123403,exposure_matched_local,1993773403,burnin,5,10476443570182634237,16170001842967668194,4332325698127332411,3604,361,361,1059,63215,0.10016648168701443,1,0,0,0,0,0,0,0,0.0,1,1059,faf00854d4ec25930ceb449e31e1920e4da86557c5680d31ba22a3293ee34a0d,faf00854d4ec25930ceb449e31e1920e4da86557c5680d31ba22a3293ee34a0d,1,1,0.10016648168701443,1,c9619ecd5539d7fac0f2bcc7bf62524850466f48fa838e3f215fce1345df9b31,16,1.0,1,1
v16u,1536,9365,123403,exposure_matched_local,1993773403,burnin,6,3406715114940172194,1227415608470011305,10433222393412189200,3604,361,361,1153,72206,0.10016648168701443,1,0,0,0,0,0,0,0,0.0,1,1153,eae5aa3e1c0f35734d8a3a0fae44ceee517361e286b7c57a8ebaff4f0ed798e4,eae5aa3e1c0f35734d8a3a0fae44ceee517361e286b7c57a8ebaff4f0ed798e4,1,1,0.10016648168701443,1,994908d558f452c988093eb91cecc4677decc1c884491299aa8f1078f38d1a91,16,1.0,1,1
v16u,1536,9365,123403,exposure_matched_local,1993773403,burnin,7,2846708645104029189,1106499515914064480,5146649905205346790,3604,361,361,1120,68760,0.10016648168701443,1,0,0,0,0,0,0,0,0.0,1,1120,95dc9657cc3a6132de26c30ac8b003bf606fb2cec84e586594a1ac571adaa765,95dc9657cc3a6132de26c30ac8b003bf606fb2cec84e586594a1ac571adaa765,1,1,0.10016648168701443,1,27c9a771049c7a6131b12aa570e96210ff387485f6741a0cf419378a42152e26,16,1.0,1,1
v16u,1536,9365,123403,exposure_matched_local,1993773403,burnin,8,7514182457381728701,9988412462555811706,3077962863086048167,3604,361,361,1163,72714,0.10016648168701443,1,0,0,0,0,0,0,0,0.0,1,1163,96f586dcf3a70052da9cc7935026c6736dc28bebbce2c70cd247cde7bfa5ed03,96f586dcf3a70052da9cc7935026c6736dc28bebbce2c70cd247cde7bfa5ed03,1,1,0.10016648168701443,1,328e72d84220b9c4674bfc7e782be493dc64fce254184b3505185983d9d3c0f2,16,1.0,1,1
v16u,1536,9365,123403,exposure_matched_local,1993773403,burnin,9,9080918515925279408,17636591838374632633,6240155353096440065,3604,361,361,1111,68308,0.10016648168701443,1,0,0,0,0,0,0,0,0.0,1,1111,5c1f873bee718c76326814755edf0ed059686dfcc3390bce3eece8f276fc527c,5c1f873bee718c76326814755edf0ed059686dfcc3390bce3eece8f276fc527c,1,1,0.10016648168701443,1,a1f2ef9e6822addaa0db95258008661163494dad55799f3e83c7dc9646d6c00c,16,1.0,1,1
v16u,1536,9365,123403,exposure_matched_local,1993773403,burnin,10,9014636494380002262,12675367327362075994,2222687902484484319,3604,361,361,1834,107002,0.10016648168701443,1,0,0,0,0,0,0,0,0.0,1,1834,3d4cfe57182136f3b94007967df46989cd9cbb14ed177f2efb18f82eb17c8601,3d4cfe57182136f3b94007967df46989cd9cbb14ed177f2efb18f82eb17c8601,1,1,0.10016648168701443,1,6e9becf2dffec299c58785eb9fb21347361afac6d8ca324b47f4cc2deefb2a97,16,1.0,1,1
v16u,1536,9365,123403,exposure_matched_local,1993773403,burnin,11,17994222151190411751,10458829062638643499,5539689703028239749,3604,361,361,1210,75462,0.10016648168701443,1,0,0,0,0,0,0,0,0.0,1,1210,04a6c1d2932275eb7f199f087a69ba3628970b901d86a1f5f17bc5f94878f2a4,04a6c1d2932275eb7f199f087a69ba3628970b901d86a1f5f17bc5f94878f2a4,1,1,0.10016648168701443,1,e2d3aa149a317dfbde280f2e70cecf5379e7588db6a2910cc87c5c65d4d3b517,16,1.0,1,1
v16u,1536,9365,123403,exposure_matched_local,1993773403,burnin,12,1176717979371250338,10401437957540079369,5614993743207178694,3604,361,361,1092,63537,0.10016648168701443,1,0,0,0,0,0,0,0,0.0,1,1092,a5296b91405e4c3d64adf4cf296577b7e843386d6d8c399db76c10a9b94d9141,a5296b91405e4c3d64adf4cf296577b7e843386d6d8c399db76c10a9b94d9141,1,1,0.10016648168701443,1,240cd087129752ee948474df8c50e13327688315f9a6564e99da6b023eca3dc2,16,1.0,1,1
v16u,1536,9365,123403,exposure_matched_local,1993773403,burnin,13,17385538719470230434,12489055494709425147,4391903856333136708,3604,361,361,1048,67567,0.1004439511653718,1,0,0,0,0,0,0,0,0.0,1,1048,898ea9da74a575ab00ed71899f868b537d5f8d0702f90b9b45edb4a8fcdc5adf,898ea9da74a575ab00ed71899f868b537d5f8d0702f90b9b45edb4a8fcdc5adf,1,1,0.1004439511653718,1,dc8edfa4a91fb55ab4671dbaa12dd9e84dd1163dbc511c2dab26de26aea821a2,16,1.0,1,1
v16u,1536,9365,123403,exposure_matched_local,1993773403,burnin,14,9267929074437682880,8506593042454620766,16396957814999968546,3604,361,361,1005,61064,0.10016648168701443,1,0,0,0,0,0,0,0,0.0,1,1005,ada35e2871e292097cd9ef5be7d84d9d7fe957d1a006c697e3f272e0210309f5,ada35e2871e292097cd9ef5be7d84d9d7fe957d1a006c697e3f272e0210309f5,1,1,0.10016648168701443,1,37a08602d250c6ae58077b0a23d4021e6220cfb041d73e85648bcda7abdcf88d,16,1.0,1,1
v16u,1536,9365,123403,exposure_matched_local,1993773403,burnin,15,5700531110732583677,10661900041477371470,13086042031357160063,3604,361,361,1326,84446,0.10016648168701443,1,0,0,0,0,0,0,0,0.0,1,1326,5de0fdc6b26259aec0051741483d5cce7a1ac30e51e5e3deed495c4890bdfdb3,5de0fdc6b26259aec0051741483d5cce7a1ac30e51e5e3deed495c4890bdfdb3,1,1,0.10016648168701443,1,f6be6870daa35f736ec6e57b371f29e53bd0c1760c26a0041ef0805869d0ac52,16,1.0,1,1
v16u,1536,9365,123403,exposure_matched_local,1993773403,direct_plus_k,0,14398260498257740744,1736524846794830508,6637685450465160447,3604,361,361,1207,74468,0.10016648168701443,1,361,361,21385,361,361,0,0,0.07574916759156493,1,1568,bc46be19676fc0b30e2f223632a4c0bcef33e23e4403fbbe52abe0d7c2e134c4,bc46be19676fc0b30e2f223632a4c0bcef33e23e4403fbbe52abe0d7c2e134c4,1,1,0.10821309655937847,1,bc46be19676fc0b30e2f223632a4c0bcef33e23e4403fbbe52abe0d7c2e134c4,16,1.0,1,1
v16u,1536,9365,123403,exposure_matched_local,1993773403,direct_plus_k,1,7188612116513978172,647077156519511089,13679844941887349736,3604,361,361,1057,65254,0.10016648168701443,1,361,361,24249,361,361,0,0,0.07269700332963375,1,1418,b506f198d02839763476a9705578e09d975b770e09c1d8592b1867b467577c27,b506f198d02839763476a9705578e09d975b770e09c1d8592b1867b467577c27,1,1,0.11154273029966703,1,b506f198d02839763476a9705578e09d975b770e09c1d8592b1867b467577c27,16,1.0,1,1
v16u,1536,9365,123403,exposure_matched_local,1993773403,direct_plus_k,2,7464343612484813483,3226668743490663825,2180864701880085298,3604,361,361,1140,68545,0.10016648168701443,1,361,361,21609,361,361,0,0,0.07158712541620421,1,1501,ce6d9954632689c21f3b25e6fdb682da638bbfaed53b1118688e4071d7479ce0,ce6d9954632689c21f3b25e6fdb682da638bbfaed53b1118688e4071d7479ce0,1,1,0.11043285238623751,1,ce6d9954632689c21f3b25e6fdb682da638bbfaed53b1118688e4071d7479ce0,16,1.0,1,1
v16u,1536,9365,123403,exposure_matched_local,1993773403,direct_plus_k,3,9177280593352944719,941149791403320592,4155315313216562932,3604,361,361,911,55855,0.10016648168701443,1,361,361,23116,361,361,0,0,0.07214206437291898,1,1272,1462adb3c08ede2b7aaa3ed69ca16e793fb28b50a6621266fc969429e0254bb2,1462adb3c08ede2b7aaa3ed69ca16e793fb28b50a6621266fc969429e0254bb2,1,1,0.10793562708102108,1,1462adb3c08ede2b7aaa3ed69ca16e793fb28b50a6621266fc969429e0254bb2,16,1.0,1,1
v16u,1536,9365,123403,exposure_matched_local,1993773403,direct_plus_k,4,11722003226113622008,17820720128878286061,7279853689273637243,3604,361,361,1099,74120,0.10016648168701443,1,361,361,20449,361,361,0,0,0.06548279689234185,1,1460,611f45c604e4b546a2d419779983b2aad4b388a5d2b393c7e58bbe5600362450,611f45c604e4b546a2d419779983b2aad4b388a5d2b393c7e58bbe5600362450,1,1,0.10460599334073252,1,611f45c604e4b546a2d419779983b2aad4b388a5d2b393c7e58bbe5600362450,16,1.0,1,1
v16u,1536,9365,123403,exposure_matched_local,1993773403,direct_plus_k,5,10476443570182634237,16170001842967668194,4332325698127332411,3604,361,361,1059,63215,0.10016648168701443,1,361,361,22993,361,361,0,0,0.07241953385127636,1,1420,faf00854d4ec25930ceb449e31e1920e4da86557c5680d31ba22a3293ee34a0d,faf00854d4ec25930ceb449e31e1920e4da86557c5680d31ba22a3293ee34a0d,1,1,0.11043285238623751,1,faf00854d4ec25930ceb449e31e1920e4da86557c5680d31ba22a3293ee34a0d,16,1.0,1,1
v16u,1536,9365,123403,exposure_matched_local,1993773403,direct_plus_k,6,3406715114940172194,1227415608470011305,10433222393412189200,3604,361,361,1153,72206,0.10016648168701443,1,361,361,23690,361,361,0,0,0.07547169811320754,1,1514,eae5aa3e1c0f35734d8a3a0fae44ceee517361e286b7c57a8ebaff4f0ed798e4,eae5aa3e1c0f35734d8a3a0fae44ceee517361e286b7c57a8ebaff4f0ed798e4,1,1,0.10654827968923418,1,eae5aa3e1c0f35734d8a3a0fae44ceee517361e286b7c57a8ebaff4f0ed798e4,16,1.0,1,1
v16u,1536,9365,123403,exposure_matched_local,1993773403,direct_plus_k,7,2846708645104029189,1106499515914064480,5146649905205346790,3604,361,361,1120,68760,0.10016648168701443,1,361,361,21073,361,361,0,0,0.07380688124306327,1,1481,95dc9657cc3a6132de26c30ac8b003bf606fb2cec84e586594a1ac571adaa765,95dc9657cc3a6132de26c30ac8b003bf606fb2cec84e586594a1ac571adaa765,1,1,0.1048834628190899,1,95dc9657cc3a6132de26c30ac8b003bf606fb2cec84e586594a1ac571adaa765,16,1.0,1,1
v16u,1536,9365,123403,exposure_matched_local,1993773403,direct_plus_k,8,7514182457381728701,9988412462555811706,3077962863086048167,3604,361,361,1163,72714,0.10016648168701443,1,361,361,22155,361,361,0,0,0.07269700332963375,1,1524,96f586dcf3a70052da9cc7935026c6736dc28bebbce2c70cd247cde7bfa5ed03,96f586dcf3a70052da9cc7935026c6736dc28bebbce2c70cd247cde7bfa5ed03,1,1,0.11126526082130965,1,96f586dcf3a70052da9cc7935026c6736dc28bebbce2c70cd247cde7bfa5ed03,16,1.0,1,1
v16u,1536,9365,123403,exposure_matched_local,1993773403,direct_plus_k,9,9080918515925279408,17636591838374632633,6240155353096440065,3604,361,361,1111,68308,0.10016648168701443,1,361,361,20803,361,361,0,0,0.07519422863485016,1,1472,5c1f873bee718c76326814755edf0ed059686dfcc3390bce3eece8f276fc527c,5c1f873bee718c76326814755edf0ed059686dfcc3390bce3eece8f276fc527c,1,1,0.10599334073251943,1,5c1f873bee718c76326814755edf0ed059686dfcc3390bce3eece8f276fc527c,16,1.0,1,1
v16u,1536,9365,123403,exposure_matched_local,1993773403,direct_plus_k,10,9014636494380002262,12675367327362075994,2222687902484484319,3604,361,361,1834,107002,0.10016648168701443,1,361,361,21575,361,361,0,0,0.06936736958934517,1,2195,3d4cfe57182136f3b94007967df46989cd9cbb14ed177f2efb18f82eb17c8601,3d4cfe57182136f3b94007967df46989cd9cbb14ed177f2efb18f82eb17c8601,1,1,0.11098779134295228,1,3d4cfe57182136f3b94007967df46989cd9cbb14ed177f2efb18f82eb17c8601,16,1.0,1,1
v16u,1536,9365,123403,exposure_matched_local,1993773403,direct_plus_k,11,17994222151190411751,10458829062638643499,5539689703028239749,3604,361,361,1210,75462,0.10016648168701443,1,361,361,21534,361,361,0,0,0.07352941176470588,1,1571,04a6c1d2932275eb7f199f087a69ba3628970b901d86a1f5f17bc5f94878f2a4,04a6c1d2932275eb7f199f087a69ba3628970b901d86a1f5f17bc5f94878f2a4,1,1,0.1107103218645949,1,04a6c1d2932275eb7f199f087a69ba3628970b901d86a1f5f17bc5f94878f2a4,16,1.0,1,1
v16u,1536,9365,123403,exposure_matched_local,1993773403,direct_plus_k,12,1176717979371250338,10401437957540079369,5614993743207178694,3604,361,361,1092,63537,0.10016648168701443,1,361,361,22201,361,361,0,0,0.06881243063263041,1,1453,a5296b91405e4c3d64adf4cf296577b7e843386d6d8c399db76c10a9b94d9141,a5296b91405e4c3d64adf4cf296577b7e843386d6d8c399db76c10a9b94d9141,1,1,0.103496115427303,1,a5296b91405e4c3d64adf4cf296577b7e843386d6d8c399db76c10a9b94d9141,16,1.0,1,1
v16u,1536,9365,123403,exposure_matched_local,1993773403,direct_plus_k,13,17385538719470230434,12489055494709425147,4391903856333136708,3604,361,361,1048,67567,0.1004439511653718,1,361,361,23956,361,361,0,0,0.07519422863485016,1,1409,898ea9da74a575ab00ed71899f868b537d5f8d0702f90b9b45edb4a8fcdc5adf,898ea9da74a575ab00ed71899f868b537d5f8d0702f90b9b45edb4a8fcdc5adf,1,1,0.1090455049944506,1,898ea9da74a575ab00ed71899f868b537d5f8d0702f90b9b45edb4a8fcdc5adf,16,1.0,1,1
v16u,1536,9365,123403,exposure_matched_local,1993773403,direct_plus_k,14,9267929074437682880,8506593042454620766,16396957814999968546,3604,361,361,1005,61064,0.10016648168701443,1,361,361,21617,361,361,0,0,0.07158712541620421,1,1366,ada35e2871e292097cd9ef5be7d84d9d7fe957d1a006c697e3f272e0210309f5,ada35e2871e292097cd9ef5be7d84d9d7fe957d1a006c697e3f272e0210309f5,1,1,0.10099889012208657,1,ada35e2871e292097cd9ef5be7d84d9d7fe957d1a006c697e3f272e0210309f5,16,1.0,1,1
v16u,1536,9365,123403,exposure_matched_local,1993773403,direct_plus_k,15,5700531110732583677,10661900041477371470,13086042031357160063,3604,361,361,1326,84446,0.10016648168701443,1,361,361,23221,361,361,0,0,0.07796892341842397,1,1687,5de0fdc6b26259aec0051741483d5cce7a1ac30e51e5e3deed495c4890bdfdb3,5de0fdc6b26259aec0051741483d5cce7a1ac30e51e5e3deed495c4890bdfdb3,1,1,0.11237513873473919,1,5de0fdc6b26259aec0051741483d5cce7a1ac30e51e5e3deed495c4890bdfdb3,16,1.0,1,1
v16u,1536,9365,123403,exposure_matched_local,1993773403,direct_plus_2k,0,14398260498257740744,1736524846794830508,6637685450465160447,3604,361,361,1207,74468,0.10016648168701443,1,722,722,44292,722,722,0,0,0.09073251942286349,1,1929,bc46be19676fc0b30e2f223632a4c0bcef33e23e4403fbbe52abe0d7c2e134c4,bc46be19676fc0b30e2f223632a4c0bcef33e23e4403fbbe52abe0d7c2e134c4,1,1,0.11875693673695893,1,77aec08e885cac13bc1aa26fbc2264f8063bd49a9eb9edd79c07221e8d956c81,16,1.0,1,1
v16u,1536,9365,123403,exposure_matched_local,1993773403,direct_plus_2k,1,7188612116513978172,647077156519511089,13679844941887349736,3604,361,361,1057,65254,0.10016648168701443,1,722,722,46014,722,722,0,0,0.09045504994450611,1,1779,b506f198d02839763476a9705578e09d975b770e09c1d8592b1867b467577c27,b506f198d02839763476a9705578e09d975b770e09c1d8592b1867b467577c27,1,1,0.11903440621531632,1,d439b31b2b047ec121fb5666266be2e1a7d5775e129e66609bd6652f84c5964a,16,1.0,1,1
v16u,1536,9365,123403,exposure_matched_local,1993773403,direct_plus_2k,2,7464343612484813483,3226668743490663825,2180864701880085298,3604,361,361,1140,68545,0.10016648168701443,1,722,722,46575,722,722,0,0,0.08296337402885683,1,1862,ce6d9954632689c21f3b25e6fdb682da638bbfaed53b1118688e4071d7479ce0,ce6d9954632689c21f3b25e6fdb682da638bbfaed53b1118688e4071d7479ce0,1,1,0.11403995560488346,1,cb87066975dd8996202bb76827f94ce729849c46c5c688ebb997ab09fa0432b1,16,1.0,1,1
v16u,1536,9365,123403,exposure_matched_local,1993773403,direct_plus_2k,3,9177280593352944719,941149791403320592,4155315313216562932,3604,361,361,911,55855,0.10016648168701443,1,722,722,45663,722,722,0,0,0.08546059933407325,1,1633,1462adb3c08ede2b7aaa3ed69ca16e793fb28b50a6621266fc969429e0254bb2,1462adb3c08ede2b7aaa3ed69ca16e793fb28b50a6621266fc969429e0254bb2,1,1,0.1120976692563818,1,5165179a76b39398c4f8ea4367beb38037ced49339d8a908c04a1c75ebebc0c4,16,1.0,1,1
v16u,1536,9365,123403,exposure_matched_local,1993773403,direct_plus_2k,4,11722003226113622008,17820720128878286061,7279853689273637243,3604,361,361,1099,74120,0.10016648168701443,1,722,722,41706,722,722,0,0,0.08102108768035517,1,1821,611f45c604e4b546a2d419779983b2aad4b388a5d2b393c7e58bbe5600362450,611f45c604e4b546a2d419779983b2aad4b388a5d2b393c7e58bbe5600362450,1,1,0.11431742508324085,1,956dc3337f75b68f8a16149f65ec365e2a568a9241ac0c5375bbbd6bab0a968d,16,1.0,1,1
v16u,1536,9365,123403,exposure_matched_local,1993773403,direct_plus_2k,5,10476443570182634237,16170001842967668194,4332325698127332411,3604,361,361,1059,63215,0.10016648168701443,1,722,722,45074,722,722,0,0,0.08657047724750278,1,1781,faf00854d4ec25930ceb449e31e1920e4da86557c5680d31ba22a3293ee34a0d,faf00854d4ec25930ceb449e31e1920e4da86557c5680d31ba22a3293ee34a0d,1,1,0.11376248612652608,1,247402e8cd2055f9f4f89a9b870e75f464d873f23f0c8ec4f56dd6b9a2eba7a9,16,1.0,1,1
v16u,1536,9365,123403,exposure_matched_local,1993773403,direct_plus_2k,6,3406715114940172194,1227415608470011305,10433222393412189200,3604,361,361,1153,72206,0.10016648168701443,1,722,722,44688,722,722,0,0,0.08962264150943396,1,1875,eae5aa3e1c0f35734d8a3a0fae44ceee517361e286b7c57a8ebaff4f0ed798e4,eae5aa3e1c0f35734d8a3a0fae44ceee517361e286b7c57a8ebaff4f0ed798e4,1,1,0.11043285238623751,1,fb1d2e6bff20995b7f6c98422a9b0710132554a79b1c17b7d794799743941e34,16,1.0,1,1
v16u,1536,9365,123403,exposure_matched_local,1993773403,direct_plus_2k,7,2846708645104029189,1106499515914064480,5146649905205346790,3604,361,361,1120,68760,0.10016648168701443,1,722,722,43355,722,722,0,0,0.08407325194228635,1,1842,95dc9657cc3a6132de26c30ac8b003bf606fb2cec84e586594a1ac571adaa765,95dc9657cc3a6132de26c30ac8b003bf606fb2cec84e586594a1ac571adaa765,1,1,0.1076581576026637,1,2cdd80b2028427e2a615a5f3b4af530231ca19c8135f9bd130d5f39d430e83c4,16,1.0,1,1
v16u,1536,9365,123403,exposure_matched_local,1993773403,direct_plus_2k,8,7514182457381728701,9988412462555811706,3077962863086048167,3604,361,361,1163,72714,0.10016648168701443,1,722,722,44682,722,722,0,0,0.0876803551609323,1,1885,96f586dcf3a70052da9cc7935026c6736dc28bebbce2c70cd247cde7bfa5ed03,96f586dcf3a70052da9cc7935026c6736dc28bebbce2c70cd247cde7bfa5ed03,1,1,0.1162597114317425,1,5b1c231d9d7d36623278eb861a2102eea6a8e80099719295e93ea677714c1688,16,1.0,1,1
v16u,1536,9365,123403,exposure_matched_local,1993773403,direct_plus_2k,9,9080918515925279408,17636591838374632633,6240155353096440065,3604,361,361,1111,68308,0.10016648168701443,1,722,722,45242,722,722,0,0,0.0890677025527192,1,1833,5c1f873bee718c76326814755edf0ed059686dfcc3390bce3eece8f276fc527c,5c1f873bee718c76326814755edf0ed059686dfcc3390bce3eece8f276fc527c,1,1,0.11681465038845727,1,87ebcb19d20fd3a0404cc69c1d5484e231823d6e69fd300a4876402d7f79e89c,16,1.0,1,1
v16u,1536,9365,123403,exposure_matched_local,1993773403,direct_plus_2k,10,9014636494380002262,12675367327362075994,2222687902484484319,3604,361,361,1834,107002,0.10016648168701443,1,722,722,45283,722,722,0,0,0.0876803551609323,1,2556,3d4cfe57182136f3b94007967df46989cd9cbb14ed177f2efb18f82eb17c8601,3d4cfe57182136f3b94007967df46989cd9cbb14ed177f2efb18f82eb17c8601,1,1,0.11653718091009989,1,ab96c4a27dd95adc606c92827ed6650b1a113e48f8a89631f014b684aa0c6562,16,1.0,1,1
v16u,1536,9365,123403,exposure_matched_local,1993773403,direct_plus_2k,11,17994222151190411751,10458829062638643499,5539689703028239749,3604,361,361,1210,75462,0.10016648168701443,1,722,722,44224,722,722,0,0,0.08657047724750278,1,1932,04a6c1d2932275eb7f199f087a69ba3628970b901d86a1f5f17bc5f94878f2a4,04a6c1d2932275eb7f199f087a69ba3628970b901d86a1f5f17bc5f94878f2a4,1,1,0.11542730299667037,1,8df24f3be61a9d1991b3bc65b531b674628a4458f54cf75d4e21ab8b93c0ce11,16,1.0,1,1
v16u,1536,9365,123403,exposure_matched_local,1993773403,direct_plus_2k,12,1176717979371250338,10401437957540079369,5614993743207178694,3604,361,361,1092,63537,0.10016648168701443,1,722,722,45808,722,722,0,0,0.08795782463928968,1,1814,a5296b91405e4c3d64adf4cf296577b7e843386d6d8c399db76c10a9b94d9141,a5296b91405e4c3d64adf4cf296577b7e843386d6d8c399db76c10a9b94d9141,1,1,0.11403995560488346,1,826931b1bfc190c8cb7d110f500e9a6516e33d8f9657dd75bb43a5b57364257e,16,1.0,1,1
v16u,1536,9365,123403,exposure_matched_local,1993773403,direct_plus_2k,13,17385538719470230434,12489055494709425147,4391903856333136708,3604,361,361,1048,67567,0.1004439511653718,1,722,722,47585,722,722,0,0,0.08712541620421754,1,1770,898ea9da74a575ab00ed71899f868b537d5f8d0702f90b9b45edb4a8fcdc5adf,898ea9da74a575ab00ed71899f868b537d5f8d0702f90b9b45edb4a8fcdc5adf,1,1,0.11736958934517203,1,2a6c6d16dd991b1c102613dcd85408ec88110f2a74e6b823f6d307ce27fc531b,16,1.0,1,1
v16u,1536,9365,123403,exposure_matched_local,1993773403,direct_plus_2k,14,9267929074437682880,8506593042454620766,16396957814999968546,3604,361,361,1005,61064,0.10016648168701443,1,722,722,42321,722,722,0,0,0.0890677025527192,1,1727,ada35e2871e292097cd9ef5be7d84d9d7fe957d1a006c697e3f272e0210309f5,ada35e2871e292097cd9ef5be7d84d9d7fe957d1a006c697e3f272e0210309f5,1,1,0.1107103218645949,1,a7f8d0bc78eddc0ed47d92382054a913878c0e91bcc9756ce00d1b4d01b96f85,16,1.0,1,1
v16u,1536,9365,123403,exposure_matched_local,1993773403,direct_plus_2k,15,5700531110732583677,10661900041477371470,13086042031357160063,3604,361,361,1326,84446,0.10016648168701443,1,722,722,44066,722,722,0,0,0.09544950055493896,1,2048,5de0fdc6b26259aec0051741483d5cce7a1ac30e51e5e3deed495c4890bdfdb3,5de0fdc6b26259aec0051741483d5cce7a1ac30e51e5e3deed495c4890bdfdb3,1,1,0.12125416204217536,1,3503d505294c4487290b99c53f9f9377964d3a1c04900b3534e12ef87af3b4c3,16,1.0,1,1
v16u,1536,9365,123403,exposure_matched_local,1993773403,staged_plus_k_plus_k,0,14398260498257740744,1736524846794830508,6637685450465160447,3604,361,361,1207,74468,0.10016648168701443,1,722,722,43471,361,361,361,361,0.09017758046614872,1,1929,bc46be19676fc0b30e2f223632a4c0bcef33e23e4403fbbe52abe0d7c2e134c4,bc46be19676fc0b30e2f223632a4c0bcef33e23e4403fbbe52abe0d7c2e134c4,1,1,0.11736958934517203,1,d13df0c249e38edacc663474e1294db1e428b241dbda07684442790c3011ff51,16,1.0,1,1
v16u,1536,9365,123403,exposure_matched_local,1993773403,staged_plus_k_plus_k,1,7188612116513978172,647077156519511089,13679844941887349736,3604,361,361,1057,65254,0.10016648168701443,1,722,722,47487,361,361,361,361,0.0876803551609323,1,1779,b506f198d02839763476a9705578e09d975b770e09c1d8592b1867b467577c27,b506f198d02839763476a9705578e09d975b770e09c1d8592b1867b467577c27,1,1,0.11820199778024418,1,02832d7816a7fe66826ce69b84c54c7dadb5d1b836fd7b2c1c6f95dd68d57a6d,16,1.0,1,1
v16u,1536,9365,123403,exposure_matched_local,1993773403,staged_plus_k_plus_k,2,7464343612484813483,3226668743490663825,2180864701880085298,3604,361,361,1140,68545,0.10016648168701443,1,722,722,45328,361,361,361,361,0.08518312985571587,1,1862,ce6d9954632689c21f3b25e6fdb682da638bbfaed53b1118688e4071d7479ce0,ce6d9954632689c21f3b25e6fdb682da638bbfaed53b1118688e4071d7479ce0,1,1,0.11570477247502775,1,5e7f8b7d77c96c6242239b455cfbd0771eb4fdc9cd2a4e3141e3c30addbeb012,16,1.0,1,1
v16u,1536,9365,123403,exposure_matched_local,1993773403,staged_plus_k_plus_k,3,9177280593352944719,941149791403320592,4155315313216562932,3604,361,361,911,55855,0.10016648168701443,1,722,722,43873,361,361,361,361,0.09128745837957825,1,1633,1462adb3c08ede2b7aaa3ed69ca16e793fb28b50a6621266fc969429e0254bb2,1462adb3c08ede2b7aaa3ed69ca16e793fb28b50a6621266fc969429e0254bb2,1,1,0.11709211986681466,1,91c9316128112ad7697f7a80644b7f2cf88f866d07e2c93e8d64d18f8f406354,16,1.0,1,1
v16u,1536,9365,123403,exposure_matched_local,1993773403,staged_plus_k_plus_k,4,11722003226113622008,17820720128878286061,7279853689273637243,3604,361,361,1099,74120,0.10016648168701443,1,722,722,42540,361,361,361,361,0.08296337402885683,1,1821,611f45c604e4b546a2d419779983b2aad4b388a5d2b393c7e58bbe5600362450,611f45c604e4b546a2d419779983b2aad4b388a5d2b393c7e58bbe5600362450,1,1,0.11403995560488346,1,03473c98b3cfbff1367c121a860a93d6aa3f58bc1b0cb3a6b1e231af0fb41482,16,1.0,1,1
v16u,1536,9365,123403,exposure_matched_local,1993773403,staged_plus_k_plus_k,5,10476443570182634237,16170001842967668194,4332325698127332411,3604,361,361,1059,63215,0.10016648168701443,1,722,722,45840,361,361,361,361,0.09211986681465038,1,1781,faf00854d4ec25930ceb449e31e1920e4da86557c5680d31ba22a3293ee34a0d,faf00854d4ec25930ceb449e31e1920e4da86557c5680d31ba22a3293ee34a0d,1,1,0.11736958934517203,1,25f377041522559b268e3a77d41c01b7b9305f0f774bf75ef972d9802e4742d9,16,1.0,1,1
v16u,1536,9365,123403,exposure_matched_local,1993773403,staged_plus_k_plus_k,6,3406715114940172194,1227415608470011305,10433222393412189200,3604,361,361,1153,72206,0.10016648168701443,1,722,722,46063,361,361,361,361,0.08684794672586016,1,1875,eae5aa3e1c0f35734d8a3a0fae44ceee517361e286b7c57a8ebaff4f0ed798e4,eae5aa3e1c0f35734d8a3a0fae44ceee517361e286b7c57a8ebaff4f0ed798e4,1,1,0.11320754716981132,1,fe55814e8703262c6cc12f8f84a84f50578bbafb0aca866c6a16b130cc038512,16,1.0,1,1
v16u,1536,9365,123403,exposure_matched_local,1993773403,staged_plus_k_plus_k,7,2846708645104029189,1106499515914064480,5146649905205346790,3604,361,361,1120,68760,0.10016648168701443,1,722,722,43413,361,361,361,361,0.0932297447280799,1,1842,95dc9657cc3a6132de26c30ac8b003bf606fb2cec84e586594a1ac571adaa765,95dc9657cc3a6132de26c30ac8b003bf606fb2cec84e586594a1ac571adaa765,1,1,0.1162597114317425,1,a54a29f6938737f24ba259510271ace0fb5a4a1b918ca257db50dd20a38048dd,16,1.0,1,1
v16u,1536,9365,123403,exposure_matched_local,1993773403,staged_plus_k_plus_k,8,7514182457381728701,9988412462555811706,3077962863086048167,3604,361,361,1163,72714,0.10016648168701443,1,722,722,46110,361,361,361,361,0.08879023307436182,1,1885,96f586dcf3a70052da9cc7935026c6736dc28bebbce2c70cd247cde7bfa5ed03,96f586dcf3a70052da9cc7935026c6736dc28bebbce2c70cd247cde7bfa5ed03,1,1,0.11847946725860155,1,e065703b27766a093509daef9507dc294d9e79a7e2fce6131b58116b3078d4b9,16,1.0,1,1
v16u,1536,9365,123403,exposure_matched_local,1993773403,staged_plus_k_plus_k,9,9080918515925279408,17636591838374632633,6240155353096440065,3604,361,361,1111,68308,0.10016648168701443,1,722,722,41124,361,361,361,361,0.08518312985571587,1,1833,5c1f873bee718c76326814755edf0ed059686dfcc3390bce3eece8f276fc527c,5c1f873bee718c76326814755edf0ed059686dfcc3390bce3eece8f276fc527c,1,1,0.11293007769145394,1,a43389c03e1d0da58ef7314115913ee5f0f1781df004d1cb9dcb87042e50d334,16,1.0,1,1
v16u,1536,9365,123403,exposure_matched_local,1993773403,staged_plus_k_plus_k,10,9014636494380002262,12675367327362075994,2222687902484484319,3604,361,361,1834,107002,0.10016648168701443,1,722,722,45731,361,361,361,361,0.08684794672586016,1,2556,3d4cfe57182136f3b94007967df46989cd9cbb14ed177f2efb18f82eb17c8601,3d4cfe57182136f3b94007967df46989cd9cbb14ed177f2efb18f82eb17c8601,1,1,0.11764705882352941,1,0f4a444a646b2aee240eb7f48c2de9d62fe6230275e3b9a29bbd6b14043b3f52,16,1.0,1,1
v16u,1536,9365,123403,exposure_matched_local,1993773403,staged_plus_k_plus_k,11,17994222151190411751,10458829062638643499,5539689703028239749,3604,361,361,1210,75462,0.10016648168701443,1,722,722,43132,361,361,361,361,0.08851276359600443,1,1932,04a6c1d2932275eb7f199f087a69ba3628970b901d86a1f5f17bc5f94878f2a4,04a6c1d2932275eb7f199f087a69ba3628970b901d86a1f5f17bc5f94878f2a4,1,1,0.11847946725860155,1,3068b5230d046597e961b5b56508eacf669af879c89125dcf765bba3e301f449,16,1.0,1,1
v16u,1536,9365,123403,exposure_matched_local,1993773403,staged_plus_k_plus_k,12,1176717979371250338,10401437957540079369,5614993743207178694,3604,361,361,1092,63537,0.10016648168701443,1,722,722,44695,361,361,361,361,0.08851276359600443,1,1814,a5296b91405e4c3d64adf4cf296577b7e843386d6d8c399db76c10a9b94d9141,a5296b91405e4c3d64adf4cf296577b7e843386d6d8c399db76c10a9b94d9141,1,1,0.11348501664816871,1,e5c76b18cab338d4f8eaa99e7971ce3734cc4891f960499feed57293df691671,16,1.0,1,1
v16u,1536,9365,123403,exposure_matched_local,1993773403,staged_plus_k_plus_k,13,17385538719470230434,12489055494709425147,4391903856333136708,3604,361,361,1048,67567,0.1004439511653718,1,722,722,46398,361,361,361,361,0.09128745837957825,1,1770,898ea9da74a575ab00ed71899f868b537d5f8d0702f90b9b45edb4a8fcdc5adf,898ea9da74a575ab00ed71899f868b537d5f8d0702f90b9b45edb4a8fcdc5adf,1,1,0.11514983351831298,1,016feeec9cc932d7a4bdd977bf28d180d74371e8275912356250951feb917387,16,1.0,1,1
v16u,1536,9365,123403,exposure_matched_local,1993773403,staged_plus_k_plus_k,14,9267929074437682880,8506593042454620766,16396957814999968546,3604,361,361,1005,61064,0.10016648168701443,1,722,722,45490,361,361,361,361,0.08629300776914539,1,1727,ada35e2871e292097cd9ef5be7d84d9d7fe957d1a006c697e3f272e0210309f5,ada35e2871e292097cd9ef5be7d84d9d7fe957d1a006c697e3f272e0210309f5,1,1,0.11320754716981132,1,988f2c46dfd45c55aeae49269d1636a7903b51a094a8d6c59b9b298afde01d30,16,1.0,1,1
v16u,1536,9365,123403,exposure_matched_local,1993773403,staged_plus_k_plus_k,15,5700531110732583677,10661900041477371470,13086042031357160063,3604,361,361,1326,84446,0.10016648168701443,1,722,722,47239,361,361,361,361,0.08990011098779134,1,2048,5de0fdc6b26259aec0051741483d5cce7a1ac30e51e5e3deed495c4890bdfdb3,5de0fdc6b26259aec0051741483d5cce7a1ac30e51e5e3deed495c4890bdfdb3,1,1,0.11764705882352941,1,fddfcb03c9128872835a406b738889cd3ace312ab96a5af81082b155c82d532b,16,1.0,1,1
v16u,1536,9365,127341,exposure_matched_local,1993777341,burnin,0,7464738751205596948,4556695398546181719,8603070878532177282,3587,359,359,863,61946,0.10008363534987455,1,0,0,0,0,0,0,0,0.0,1,863,64a5e5819abf6c6b2f51b8a10946ab7e2f0d95211f734cad5f9162bd2242c9a1,64a5e5819abf6c6b2f51b8a10946ab7e2f0d95211f734cad5f9162bd2242c9a1,1,1,0.10008363534987455,1,41c8f9b95aa60654601ed60b4728629723b8080e056074dba51861742e0fd6ff,16,1.0,1,1
v16u,1536,9365,127341,exposure_matched_local,1993777341,burnin,1,9999302273765636250,11781724555502230456,15689938055499517636,3587,359,359,798,57060,0.10008363534987455,1,0,0,0,0,0,0,0,0.0,1,798,aedf1456f8c360f92b825388a2d4a62db982f6108b1ff6b4a7220d5918ba01e6,aedf1456f8c360f92b825388a2d4a62db982f6108b1ff6b4a7220d5918ba01e6,1,1,0.10008363534987455,1,b9abf1eede2ec2f10ac2b04b30ea7ba90c48026d1838017a092fe20d955d649f,16,1.0,1,1
v16u,1536,9365,127341,exposure_matched_local,1993777341,burnin,2,1119860028551854262,16066879064032636594,6465538921218743140,3587,359,359,974,66480,0.10008363534987455,1,0,0,0,0,0,0,0,0.0,1,974,17982b4448f435ba7c8ea71c0a9e1e4ad32cc32448fe7a0b018d08d0b65d6318,17982b4448f435ba7c8ea71c0a9e1e4ad32cc32448fe7a0b018d08d0b65d6318,1,1,0.10008363534987455,1,c5d7e53c5e19e28a856357c024e5d541d7368b7f2f22312fec8de317292bf277,16,1.0,1,1
v16u,1536,9365,127341,exposure_matched_local,1993777341,burnin,3,16917645274593823325,220668763942266667,7528524872485545941,3587,359,359,988,68879,0.10036241984945637,1,0,0,0,0,0,0,0,0.0,1,988,a6641e59d0da91f9bb4e262de2e5a0d1341eb86ef608be8eb3735849338d190e,a6641e59d0da91f9bb4e262de2e5a0d1341eb86ef608be8eb3735849338d190e,1,1,0.10036241984945637,1,9d830c738cc910fab35f204cd40ae0aaa33216807fb9f075c7f38c5204c19f69,16,1.0,1,1
v16u,1536,9365,127341,exposure_matched_local,1993777341,burnin,4,7475782357588652240,3665810206162798011,7615007162732155891,3587,359,359,745,53941,0.10008363534987455,1,0,0,0,0,0,0,0,0.0,1,745,a2063e759a2ee7de9586c2792312539fcb81f51430090d132f2a92c7f7f2937d,a2063e759a2ee7de9586c2792312539fcb81f51430090d132f2a92c7f7f2937d,1,1,0.10008363534987455,1,fe6acf1d8919b692014239b058f2735bc7e645fa1adb8ea4113d30addf69d316,16,1.0,1,1
v16u,1536,9365,127341,exposure_matched_local,1993777341,burnin,5,2335418702413696413,9625733693755972867,2666398401882562005,3587,359,359,761,56821,0.10008363534987455,1,0,0,0,0,0,0,0,0.0,1,761,dd4e1ab93cff5254da152ed5269b0ca167a83fdf3216563a1673ba1deed4eebb,dd4e1ab93cff5254da152ed5269b0ca167a83fdf3216563a1673ba1deed4eebb,1,1,0.10008363534987455,1,19511046df0f4e269e1501d0b56701dabcf676d9db496e2562e9475f773b1868,16,1.0,1,1
v16u,1536,9365,127341,exposure_matched_local,1993777341,burnin,6,5135678281473596483,16346429063568107929,10357952784051769976,3587,359,359,928,68289,0.10036241984945637,1,0,0,0,0,0,0,0,0.0,1,928,6125214049c4b0c51afa9f604f096b85e4344613d4f9b1d6f6b7e5d3a14d654e,6125214049c4b0c51afa9f604f096b85e4344613d4f9b1d6f6b7e5d3a14d654e,1,1,0.10036241984945637,1,8734b7675474a5e8755a971f9d734f21d30d3b5725e0407ccce9dbf2203fb5ae,16,1.0,1,1
v16u,1536,9365,127341,exposure_matched_local,1993777341,burnin,7,10627819952939482430,1449167950411191668,541923951554537478,3587,359,359,755,47311,0.10008363534987455,1,0,0,0,0,0,0,0,0.0,1,755,60b3cbc144a8050fbff829df486fa3883861a6894af5962b72b542d05ca38359,60b3cbc144a8050fbff829df486fa3883861a6894af5962b72b542d05ca38359,1,1,0.10008363534987455,1,b9d29f54bac2eaf4ad5ad621eaa631dff9457372365a78ae874324ec24fbcb52,16,1.0,1,1
v16u,1536,9365,127341,exposure_matched_local,1993777341,burnin,8,3668077360190873246,14014288846508717630,10293054497011647133,3587,359,359,975,68643,0.10008363534987455,1,0,0,0,0,0,0,0,0.0,1,975,2de9c28c8d1836bce23a673da607b4593ad6956c8e000414ad83512fe4ada4e8,2de9c28c8d1836bce23a673da607b4593ad6956c8e000414ad83512fe4ada4e8,1,1,0.10008363534987455,1,935a74ddcd194ae14ef8f408a6aea87c33952b04c8e8930ec25f9baf746c84b6,16,1.0,1,1
v16u,1536,9365,127341,exposure_matched_local,1993777341,burnin,9,770758994855507123,17889216490102806544,9505379654921969080,3587,359,359,731,50270,0.10008363534987455,1,0,0,0,0,0,0,0,0.0,1,731,da71526f7ef3f04fc2805ed6a3e32f75ac1102e13c3de673593c0af2075f26c7,da71526f7ef3f04fc2805ed6a3e32f75ac1102e13c3de673593c0af2075f26c7,1,1,0.10008363534987455,1,41ee769e35a969f5a5f5821489a485ceb67d7ba982de22b0fa2d4ccd4ff98f5d,16,1.0,1,1
v16u,1536,9365,127341,exposure_matched_local,1993777341,burnin,10,6775450262510941226,10327562383461463953,7010084987939078013,3587,359,359,957,67368,0.10008363534987455,1,0,0,0,0,0,0,0,0.0,1,957,2e61ae3d99a67f9180fba96e988440ebb6a760a8f4c600472c0f6ae7ee8c1b99,2e61ae3d99a67f9180fba96e988440ebb6a760a8f4c600472c0f6ae7ee8c1b99,1,1,0.10008363534987455,1,f68983a3e960d1585282121b94be0de0a693a6b8a6cef3cab2d0c1f69059568e,16,1.0,1,1
v16u,1536,9365,127341,exposure_matched_local,1993777341,burnin,11,17227217976039440349,12921114502494339130,3418281983043520862,3587,359,359,866,62374,0.10008363534987455,1,0,0,0,0,0,0,0,0.0,1,866,a25eb18a58b5c478824afaacd8737d919084106ab8d0db4441adeb48182d9736,a25eb18a58b5c478824afaacd8737d919084106ab8d0db4441adeb48182d9736,1,1,0.10008363534987455,1,1320e9b559cb3373c13f4c98b1a772869aa9fa447ba1c79ecb96dcf125bcbe91,16,1.0,1,1
v16u,1536,9365,127341,exposure_matched_local,1993777341,burnin,12,16985676265325084587,12381974479092419056,17660717219440634802,3587,359,359,1044,76504,0.10036241984945637,1,0,0,0,0,0,0,0,0.0,1,1044,c16bbe7480aea198773fbc76048b75e31ea56c924eff3bec1ecb61eb4d449b64,c16bbe7480aea198773fbc76048b75e31ea56c924eff3bec1ecb61eb4d449b64,1,1,0.10036241984945637,1,55aae8deeaee19cd6d3ecd33c21aa87f13f58db68c1c6403be0ea8d01d090a93,16,1.0,1,1
v16u,1536,9365,127341,exposure_matched_local,1993777341,burnin,13,5871803190788802713,6961117828076262685,2123868315996140401,3587,359,359,834,57060,0.10008363534987455,1,0,0,0,0,0,0,0,0.0,1,834,245327d8ef6fecd5e02165ecd80a59f598ffe405592ea8732c3f4761f4e53f83,245327d8ef6fecd5e02165ecd80a59f598ffe405592ea8732c3f4761f4e53f83,1,1,0.10008363534987455,1,f55364411dbec44ec44e635018fc04c853596ea75a6c3b8c273896d30015003e,16,1.0,1,1
v16u,1536,9365,127341,exposure_matched_local,1993777341,burnin,14,12257573723219690765,9922383284317937690,303622314835663303,3587,359,359,787,58621,0.10008363534987455,1,0,0,0,0,0,0,0,0.0,1,787,fcb45cc6075adaeea6292df6e13db25ae529c229fcd3a59f814e684d484c7d97,fcb45cc6075adaeea6292df6e13db25ae529c229fcd3a59f814e684d484c7d97,1,1,0.10008363534987455,1,9aae6c6c24c6a2d6ba3eb9085abb869ac7bc634072d92af54d9d256cf5355028,16,1.0,1,1
v16u,1536,9365,127341,exposure_matched_local,1993777341,burnin,15,17941582708210342813,5285282136918282048,181029507541785756,3587,359,359,1047,72338,0.10008363534987455,1,0,0,0,0,0,0,0,0.0,1,1047,3cfcebd6c5853ae04540c5ac82069a945da34ab09a61acd0df56d466c7be0b0b,3cfcebd6c5853ae04540c5ac82069a945da34ab09a61acd0df56d466c7be0b0b,1,1,0.10008363534987455,1,45f9699323a6bb44f587cc5f643cc3ac6f5ee15e1bc8a0c56ef30956e400e28f,16,1.0,1,1
v16u,1536,9365,127341,exposure_matched_local,1993777341,direct_plus_k,0,7464738751205596948,4556695398546181719,8603070878532177282,3587,359,359,863,61946,0.10008363534987455,1,359,359,22393,359,359,0,0,0.069417340395874,1,1222,64a5e5819abf6c6b2f51b8a10946ab7e2f0d95211f734cad5f9162bd2242c9a1,64a5e5819abf6c6b2f51b8a10946ab7e2f0d95211f734cad5f9162bd2242c9a1,1,1,0.10928352383607472,1,64a5e5819abf6c6b2f51b8a10946ab7e2f0d95211f734cad5f9162bd2242c9a1,16,1.0,1,1
v16u,1536,9365,127341,exposure_matched_local,1993777341,direct_plus_k,1,9999302273765636250,11781724555502230456,15689938055499517636,3587,359,359,798,57060,0.10008363534987455,1,359,359,24435,359,359,0,0,0.06969612489545582,1,1157,aedf1456f8c360f92b825388a2d4a62db982f6108b1ff6b4a7220d5918ba01e6,aedf1456f8c360f92b825388a2d4a62db982f6108b1ff6b4a7220d5918ba01e6,1,1,0.10816838583774742,1,aedf1456f8c360f92b825388a2d4a62db982f6108b1ff6b4a7220d5918ba01e6,16,1.0,1,1
v16u,1536,9365,127341,exposure_matched_local,1993777341,direct_plus_k,2,1119860028551854262,16066879064032636594,6465538921218743140,3587,359,359,974,66480,0.10008363534987455,1,359,359,25148,359,359,0,0,0.07415667688876498,1,1333,17982b4448f435ba7c8ea71c0a9e1e4ad32cc32448fe7a0b018d08d0b65d6318,17982b4448f435ba7c8ea71c0a9e1e4ad32cc32448fe7a0b018d08d0b65d6318,1,1,0.1126289378310566,1,17982b4448f435ba7c8ea71c0a9e1e4ad32cc32448fe7a0b018d08d0b65d6318,16,1.0,1,1
v16u,1536,9365,127341,exposure_matched_local,1993777341,direct_plus_k,3,16917645274593823325,220668763942266667,7528524872485545941,3587,359,359,988,68879,0.10036241984945637,1,359,359,22145,359,359,0,0,0.07527181488709228,1,1347,a6641e59d0da91f9bb4e262de2e5a0d1341eb86ef608be8eb3735849338d190e,a6641e59d0da91f9bb4e262de2e5a0d1341eb86ef608be8eb3735849338d190e,1,1,0.11318650683022025,1,a6641e59d0da91f9bb4e262de2e5a0d1341eb86ef608be8eb3735849338d190e,16,1.0,1,1
v16u,1536,9365,127341,exposure_matched_local,1993777341,direct_plus_k,4,7475782357588652240,3665810206162798011,7615007162732155891,3587,359,359,745,53941,0.10008363534987455,1,359,359,23997,359,359,0,0,0.07387789238918316,1,1104,a2063e759a2ee7de9586c2792312539fcb81f51430090d132f2a92c7f7f2937d,a2063e759a2ee7de9586c2792312539fcb81f51430090d132f2a92c7f7f2937d,1,1,0.11207136883189295,1,a2063e759a2ee7de9586c2792312539fcb81f51430090d132f2a92c7f7f2937d,16,1.0,1,1
v16u,1536,9365,127341,exposure_matched_local,1993777341,direct_plus_k,5,2335418702413696413,9625733693755972867,2666398401882562005,3587,359,359,761,56821,0.10008363534987455,1,359,359,25015,359,359,0,0,0.07276275439085587,1,1120,dd4e1ab93cff5254da152ed5269b0ca167a83fdf3216563a1673ba1deed4eebb,dd4e1ab93cff5254da152ed5269b0ca167a83fdf3216563a1673ba1deed4eebb,1,1,0.11346529132980206,1,dd4e1ab93cff5254da152ed5269b0ca167a83fdf3216563a1673ba1deed4eebb,16,1.0,1,1
v16u,1536,9365,127341,exposure_matched_local,1993777341,direct_plus_k,6,5135678281473596483,16346429063568107929,10357952784051769976,3587,359,359,928,68289,0.10036241984945637,1,359,359,28170,359,359,0,0,0.07332032339001951,1,1287,6125214049c4b0c51afa9f604f096b85e4344613d4f9b1d6f6b7e5d3a14d654e,6125214049c4b0c51afa9f604f096b85e4344613d4f9b1d6f6b7e5d3a14d654e,1,1,0.11235015333147477,1,6125214049c4b0c51afa9f604f096b85e4344613d4f9b1d6f6b7e5d3a14d654e,16,1.0,1,1
v16u,1536,9365,127341,exposure_matched_local,1993777341,direct_plus_k,7,10627819952939482430,1449167950411191668,541923951554537478,3587,359,359,755,47311,0.10008363534987455,1,359,359,25802,359,359,0,0,0.07053247839420128,1,1114,60b3cbc144a8050fbff829df486fa3883861a6894af5962b72b542d05ca38359,60b3cbc144a8050fbff829df486fa3883861a6894af5962b72b542d05ca38359,1,1,0.11290772233063842,1,60b3cbc144a8050fbff829df486fa3883861a6894af5962b72b542d05ca38359,16,1.0,1,1
v16u,1536,9365,127341,exposure_matched_local,1993777341,direct_plus_k,8,3668077360190873246,14014288846508717630,10293054497011647133,3587,359,359,975,68643,0.10008363534987455,1,359,359,21912,359,359,0,0,0.0708112628937831,1,1334,2de9c28c8d1836bce23a673da607b4593ad6956c8e000414ad83512fe4ada4e8,2de9c28c8d1836bce23a673da607b4593ad6956c8e000414ad83512fe4ada4e8,1,1,0.10510175634234736,1,2de9c28c8d1836bce23a673da607b4593ad6956c8e000414ad83512fe4ada4e8,16,1.0,1,1
v16u,1536,9365,127341,exposure_matched_local,1993777341,direct_plus_k,9,770758994855507123,17889216490102806544,9505379654921969080,3587,359,359,731,50270,0.10008363534987455,1,359,359,24012,359,359,0,0,0.07582938388625593,1,1090,da71526f7ef3f04fc2805ed6a3e32f75ac1102e13c3de673593c0af2075f26c7,da71526f7ef3f04fc2805ed6a3e32f75ac1102e13c3de673593c0af2075f26c7,1,1,0.11207136883189295,1,da71526f7ef3f04fc2805ed6a3e32f75ac1102e13c3de673593c0af2075f26c7,16,1.0,1,1
v16u,1536,9365,127341,exposure_matched_local,1993777341,direct_plus_k,10,6775450262510941226,10327562383461463953,7010084987939078013,3587,359,359,957,67368,0.10008363534987455,1,359,359,24190,359,359,0,0,0.07359910788960133,1,1316,2e61ae3d99a67f9180fba96e988440ebb6a760a8f4c600472c0f6ae7ee8c1b99,2e61ae3d99a67f9180fba96e988440ebb6a760a8f4c600472c0f6ae7ee8c1b99,1,1,0.10956230833565654,1,2e61ae3d99a67f9180fba96e988440ebb6a760a8f4c600472c0f6ae7ee8c1b99,16,1.0,1,1
v16u,1536,9365,127341,exposure_matched_local,1993777341,direct_plus_k,11,17227217976039440349,12921114502494339130,3418281983043520862,3587,359,359,866,62374,0.10008363534987455,1,359,359,25457,359,359,0,0,0.06662949540005576,1,1225,a25eb18a58b5c478824afaacd8737d919084106ab8d0db4441adeb48182d9736,a25eb18a58b5c478824afaacd8737d919084106ab8d0db4441adeb48182d9736,1,1,0.10900473933649289,1,a25eb18a58b5c478824afaacd8737d919084106ab8d0db4441adeb48182d9736,16,1.0,1,1
v16u,1536,9365,127341,exposure_matched_local,1993777341,direct_plus_k,12,16985676265325084587,12381974479092419056,17660717219440634802,3587,359,359,1044,76504,0.10036241984945637,1,359,359,30219,359,359,0,0,0.07499303038751046,1,1403,c16bbe7480aea198773fbc76048b75e31ea56c924eff3bec1ecb61eb4d449b64,c16bbe7480aea198773fbc76048b75e31ea56c924eff3bec1ecb61eb4d449b64,1,1,0.11123501533314747,1,c16bbe7480aea198773fbc76048b75e31ea56c924eff3bec1ecb61eb4d449b64,16,1.0,1,1
v16u,1536,9365,127341,exposure_matched_local,1993777341,direct_plus_k,13,5871803190788802713,6961117828076262685,2123868315996140401,3587,359,359,834,57060,0.10008363534987455,1,359,359,26549,359,359,0,0,0.07387789238918316,1,1193,245327d8ef6fecd5e02165ecd80a59f598ffe405592ea8732c3f4761f4e53f83,245327d8ef6fecd5e02165ecd80a59f598ffe405592ea8732c3f4761f4e53f83,1,1,0.11095623083356565,1,245327d8ef6fecd5e02165ecd80a59f598ffe405592ea8732c3f4761f4e53f83,16,1.0,1,1
v16u,1536,9365,127341,exposure_matched_local,1993777341,direct_plus_k,14,12257573723219690765,9922383284317937690,303622314835663303,3587,359,359,787,58621,0.10008363534987455,1,359,359,25002,359,359,0,0,0.07053247839420128,1,1146,fcb45cc6075adaeea6292df6e13db25ae529c229fcd3a59f814e684d484c7d97,fcb45cc6075adaeea6292df6e13db25ae529c229fcd3a59f814e684d484c7d97,1,1,0.10844717033732924,1,fcb45cc6075adaeea6292df6e13db25ae529c229fcd3a59f814e684d484c7d97,16,1.0,1,1
v16u,1536,9365,127341,exposure_matched_local,1993777341,direct_plus_k,15,17941582708210342813,5285282136918282048,181029507541785756,3587,359,359,1047,72338,0.10008363534987455,1,359,359,24711,359,359,0,0,0.0755505993866741,1,1406,3cfcebd6c5853ae04540c5ac82069a945da34ab09a61acd0df56d466c7be0b0b,3cfcebd6c5853ae04540c5ac82069a945da34ab09a61acd0df56d466c7be0b0b,1,1,0.11179258433231112,1,3cfcebd6c5853ae04540c5ac82069a945da34ab09a61acd0df56d466c7be0b0b,16,1.0,1,1
v16u,1536,9365,127341,exposure_matched_local,1993777341,direct_plus_2k,0,7464738751205596948,4556695398546181719,8603070878532177282,3587,359,359,863,61946,0.10008363534987455,1,718,718,49387,718,718,0,0,0.09032617786451073,1,1581,64a5e5819abf6c6b2f51b8a10946ab7e2f0d95211f734cad5f9162bd2242c9a1,64a5e5819abf6c6b2f51b8a10946ab7e2f0d95211f734cad5f9162bd2242c9a1,1,1,0.11848341232227488,1,acc3b25dd10d074369a30280c6f00ca2ae376bd9824cb01145def551fbfb8af1,16,1.0,1,1
v16u,1536,9365,127341,exposure_matched_local,1993777341,direct_plus_2k,1,9999302273765636250,11781724555502230456,15689938055499517636,3587,359,359,798,57060,0.10008363534987455,1,718,718,47156,718,718,0,0,0.08948982436576526,1,1516,aedf1456f8c360f92b825388a2d4a62db982f6108b1ff6b4a7220d5918ba01e6,aedf1456f8c360f92b825388a2d4a62db982f6108b1ff6b4a7220d5918ba01e6,1,1,0.12182882631725676,1,526a8ba7afb635a8b15478c1b965fd478945e3093aebda2daf716fee1ebbbbbc,16,1.0,1,1
v16u,1536,9365,127341,exposure_matched_local,1993777341,direct_plus_2k,2,1119860028551854262,16066879064032636594,6465538921218743140,3587,359,359,974,66480,0.10008363534987455,1,718,718,49705,718,718,0,0,0.08865347086701979,1,1692,17982b4448f435ba7c8ea71c0a9e1e4ad32cc32448fe7a0b018d08d0b65d6318,17982b4448f435ba7c8ea71c0a9e1e4ad32cc32448fe7a0b018d08d0b65d6318,1,1,0.11820462782269306,1,fe705427a45af172a8e9aef7f96ca5f3ab3f13aa158381a043baa02ba35d1822,16,1.0,1,1
v16u,1536,9365,127341,exposure_matched_local,1993777341,direct_plus_2k,3,16917645274593823325,220668763942266667,7528524872485545941,3587,359,359,988,68879,0.10036241984945637,1,718,718,48922,718,718,0,0,0.09255645386116532,1,1706,a6641e59d0da91f9bb4e262de2e5a0d1341eb86ef608be8eb3735849338d190e,a6641e59d0da91f9bb4e262de2e5a0d1341eb86ef608be8eb3735849338d190e,1,1,0.12824086980763869,1,12e8b28b37ca9fccc625e78d7117277e2f4af3d91d56a90f65848c1841c9818c,16,1.0,1,1
v16u,1536,9365,127341,exposure_matched_local,1993777341,direct_plus_2k,4,7475782357588652240,3665810206162798011,7615007162732155891,3587,359,359,745,53941,0.10008363534987455,1,718,718,50365,718,718,0,0,0.09813214385280178,1,1463,a2063e759a2ee7de9586c2792312539fcb81f51430090d132f2a92c7f7f2937d,a2063e759a2ee7de9586c2792312539fcb81f51430090d132f2a92c7f7f2937d,1,1,0.1268469473097296,1,f02f26158965cb024d8525ecefba35246563ffe62c804df04af45164d96d5797,16,1.0,1,1
v16u,1536,9365,127341,exposure_matched_local,1993777341,direct_plus_2k,5,2335418702413696413,9625733693755972867,2666398401882562005,3587,359,359,761,56821,0.10008363534987455,1,718,718,49736,718,718,0,0,0.09199888486200167,1,1479,dd4e1ab93cff5254da152ed5269b0ca167a83fdf3216563a1673ba1deed4eebb,dd4e1ab93cff5254da152ed5269b0ca167a83fdf3216563a1673ba1deed4eebb,1,1,0.12656816281014777,1,48aad6d29246aa1475067ebbfc2d387781d4cb2a1dcdf731d9f7bafb51e63e5f,16,1.0,1,1
v16u,1536,9365,127341,exposure_matched_local,1993777341,direct_plus_2k,6,5135678281473596483,16346429063568107929,10357952784051769976,3587,359,359,928,68289,0.10036241984945637,1,718,718,53202,718,718,0,0,0.09060496236409256,1,1646,6125214049c4b0c51afa9f604f096b85e4344613d4f9b1d6f6b7e5d3a14d654e,6125214049c4b0c51afa9f604f096b85e4344613d4f9b1d6f6b7e5d3a14d654e,1,1,0.11987733482018399,1,46538e8d8007cff1d948f2eededa62303858826cd8221fdf6cedabb07530fc5a,16,1.0,1,1
v16u,1536,9365,127341,exposure_matched_local,1993777341,direct_plus_2k,7,10627819952939482430,1449167950411191668,541923951554537478,3587,359,359,755,47311,0.10008363534987455,1,718,718,50930,718,718,0,0,0.0875383328686925,1,1473,60b3cbc144a8050fbff829df486fa3883861a6894af5962b72b542d05ca38359,60b3cbc144a8050fbff829df486fa3883861a6894af5962b72b542d05ca38359,1,1,0.11987733482018399,1,e57447c6b34dd09f1a81b1c1fd97b6ec8ce9039e11ef5ef204db1d7c84cfebf7,16,1.0,1,1
v16u,1536,9365,127341,exposure_matched_local,1993777341,direct_plus_2k,8,3668077360190873246,14014288846508717630,10293054497011647133,3587,359,359,975,68643,0.10008363534987455,1,718,718,46867,718,718,0,0,0.08698076386952885,1,1693,2de9c28c8d1836bce23a673da607b4593ad6956c8e000414ad83512fe4ada4e8,2de9c28c8d1836bce23a673da607b4593ad6956c8e000414ad83512fe4ada4e8,1,1,0.11736827432394759,1,a35f661deff688e4bf2d9b8614d13af900a9e63b92b8fbba356bbc12242acdac,16,1.0,1,1
v16u,1536,9365,127341,exposure_matched_local,1993777341,direct_plus_2k,9,770758994855507123,17889216490102806544,9505379654921969080,3587,359,359,731,50270,0.10008363534987455,1,718,718,49168,718,718,0,0,0.09673822135489267,1,1449,da71526f7ef3f04fc2805ed6a3e32f75ac1102e13c3de673593c0af2075f26c7,da71526f7ef3f04fc2805ed6a3e32f75ac1102e13c3de673593c0af2075f26c7,1,1,0.12796208530805686,1,e56238278c05673561780d7e982fc8a2d3c13cdc3fc20ba043e17aafa670a745,16,1.0,1,1
v16u,1536,9365,127341,exposure_matched_local,1993777341,direct_plus_2k,10,6775450262510941226,10327562383461463953,7010084987939078013,3587,359,359,957,67368,0.10008363534987455,1,718,718,50582,718,718,0,0,0.09116253136325621,1,1675,2e61ae3d99a67f9180fba96e988440ebb6a760a8f4c600472c0f6ae7ee8c1b99,2e61ae3d99a67f9180fba96e988440ebb6a760a8f4c600472c0f6ae7ee8c1b99,1,1,0.11820462782269306,1,e109291818b500825ce041bdc658787b2c0c8d3183b9434626db2b1360d65fd7,16,1.0,1,1
v16u,1536,9365,127341,exposure_matched_local,1993777341,direct_plus_2k,11,17227217976039440349,12921114502494339130,3418281983043520862,3587,359,359,866,62374,0.10008363534987455,1,718,718,52141,718,718,0,0,0.08837468636743798,1,1584,a25eb18a58b5c478824afaacd8737d919084106ab8d0db4441adeb48182d9736,a25eb18a58b5c478824afaacd8737d919084106ab8d0db4441adeb48182d9736,1,1,0.12266517981600224,1,63cffcb9afbb457f8370465a903b247cd0ec53713c84147333ff931f39dc8c33,16,1.0,1,1
v16u,1536,9365,127341,exposure_matched_local,1993777341,direct_plus_2k,12,16985676265325084587,12381974479092419056,17660717219440634802,3587,359,359,1044,76504,0.10036241984945637,1,718,718,54544,718,718,0,0,0.09116253136325621,1,1762,c16bbe7480aea198773fbc76048b75e31ea56c924eff3bec1ecb61eb4d449b64,c16bbe7480aea198773fbc76048b75e31ea56c924eff3bec1ecb61eb4d449b64,1,1,0.11597435182603848,1,81e6e9b8ef7e7d93fd66d1230cbf47a55729e27f70ff6bda601fcf8b56ede5f2,16,1.0,1,1
v16u,1536,9365,127341,exposure_matched_local,1993777341,direct_plus_2k,13,5871803190788802713,6961117828076262685,2123868315996140401,3587,359,359,834,57060,0.10008363534987455,1,718,718,52699,718,718,0,0,0.08809590186785615,1,1552,245327d8ef6fecd5e02165ecd80a59f598ffe405592ea8732c3f4761f4e53f83,245327d8ef6fecd5e02165ecd80a59f598ffe405592ea8732c3f4761f4e53f83,1,1,0.115137998327293,1,68a324707cb58fee39b1870bb0e006cb543b94eb6aa4a2c5f9e59607cfd0d479,16,1.0,1,1
v16u,1536,9365,127341,exposure_matched_local,1993777341,direct_plus_2k,14,12257573723219690765,9922383284317937690,303622314835663303,3587,359,359,787,58621,0.10008363534987455,1,718,718,50219,718,718,0,0,0.09144131586283803,1,1505,fcb45cc6075adaeea6292df6e13db25ae529c229fcd3a59f814e684d484c7d97,fcb45cc6075adaeea6292df6e13db25ae529c229fcd3a59f814e684d484c7d97,1,1,0.12294396431558405,1,482cfd983ee4171adbac80fd1e055e583bd52c7dbd7b5a24a77c73e1beadc651,16,1.0,1,1
v16u,1536,9365,127341,exposure_matched_local,1993777341,direct_plus_2k,15,17941582708210342813,5285282136918282048,181029507541785756,3587,359,359,1047,72338,0.10008363534987455,1,718,718,49932,718,718,0,0,0.09060496236409256,1,1765,3cfcebd6c5853ae04540c5ac82069a945da34ab09a61acd0df56d466c7be0b0b,3cfcebd6c5853ae04540c5ac82069a945da34ab09a61acd0df56d466c7be0b0b,1,1,0.11987733482018399,1,4f942089e62709692f7e274cf79f309ec85cc1b03a318cd29ca5661e7fa49b1f,16,1.0,1,1
v16u,1536,9365,127341,exposure_matched_local,1993777341,staged_plus_k_plus_k,0,7464738751205596948,4556695398546181719,8603070878532177282,3587,359,359,863,61946,0.10008363534987455,1,718,718,47824,359,359,359,359,0.08921103986618344,1,1581,64a5e5819abf6c6b2f51b8a10946ab7e2f0d95211f734cad5f9162bd2242c9a1,64a5e5819abf6c6b2f51b8a10946ab7e2f0d95211f734cad5f9162bd2242c9a1,1,1,0.11541678282687483,1,330b752f2d7f9d63444c9a481521413dc186fb836f22be8bac6f1eec17d3f35d,16,1.0,1,1
v16u,1536,9365,127341,exposure_matched_local,1993777341,staged_plus_k_plus_k,1,9999302273765636250,11781724555502230456,15689938055499517636,3587,359,359,798,57060,0.10008363534987455,1,718,718,49222,359,359,359,359,0.08781711736827433,1,1516,aedf1456f8c360f92b825388a2d4a62db982f6108b1ff6b4a7220d5918ba01e6,aedf1456f8c360f92b825388a2d4a62db982f6108b1ff6b4a7220d5918ba01e6,1,1,0.12071368831892947,1,66d168ab6e3ca8cae257b4acb008791e5ae5613108afc309883de90ecd935d76,16,1.0,1,1
v16u,1536,9365,127341,exposure_matched_local,1993777341,staged_plus_k_plus_k,2,1119860028551854262,16066879064032636594,6465538921218743140,3587,359,359,974,66480,0.10008363534987455,1,718,718,49337,359,359,359,359,0.09311402286032897,1,1692,17982b4448f435ba7c8ea71c0a9e1e4ad32cc32448fe7a0b018d08d0b65d6318,17982b4448f435ba7c8ea71c0a9e1e4ad32cc32448fe7a0b018d08d0b65d6318,1,1,0.12628937831056594,1,0b879972fe6ab61dec925fcc259348bb4f15ebe2842a7822200abc96422cb06c,16,1.0,1,1
v16u,1536,9365,127341,exposure_matched_local,1993777341,staged_plus_k_plus_k,3,16917645274593823325,220668763942266667,7528524872485545941,3587,359,359,988,68879,0.10036241984945637,1,718,718,48103,359,359,359,359,0.08976860886534709,1,1706,a6641e59d0da91f9bb4e262de2e5a0d1341eb86ef608be8eb3735849338d190e,a6641e59d0da91f9bb4e262de2e5a0d1341eb86ef608be8eb3735849338d190e,1,1,0.12489545581265682,1,0a78ccb4aa38fb1f53cf9fbf6aa50d95680041ea35127cb97d1d2ffaa4e657d0,16,1.0,1,1
v16u,1536,9365,127341,exposure_matched_local,1993777341,staged_plus_k_plus_k,4,7475782357588652240,3665810206162798011,7615007162732155891,3587,359,359,745,53941,0.10008363534987455,1,718,718,49807,359,359,359,359,0.09562308335656537,1,1463,a2063e759a2ee7de9586c2792312539fcb81f51430090d132f2a92c7f7f2937d,a2063e759a2ee7de9586c2792312539fcb81f51430090d132f2a92c7f7f2937d,1,1,0.12015611931976582,1,8f0df2a64424b4789299d34b51967dc48b4e0c30a7491b5befba5bee95f3b48f,16,1.0,1,1
v16u,1536,9365,127341,exposure_matched_local,1993777341,staged_plus_k_plus_k,5,2335418702413696413,9625733693755972867,2666398401882562005,3587,359,359,761,56821,0.10008363534987455,1,718,718,51303,359,359,359,359,0.09367159185949261,1,1479,dd4e1ab93cff5254da152ed5269b0ca167a83fdf3216563a1673ba1deed4eebb,dd4e1ab93cff5254da152ed5269b0ca167a83fdf3216563a1673ba1deed4eebb,1,1,0.12656816281014777,1,756490694c7900e2f800a40281de9d58b2ada3e082b55f7ec616281331296da7,16,1.0,1,1
v16u,1536,9365,127341,exposure_matched_local,1993777341,staged_plus_k_plus_k,6,5135678281473596483,16346429063568107929,10357952784051769976,3587,359,359,928,68289,0.10036241984945637,1,718,718,52020,359,359,359,359,0.08558684137161973,1,1646,6125214049c4b0c51afa9f604f096b85e4344613d4f9b1d6f6b7e5d3a14d654e,6125214049c4b0c51afa9f604f096b85e4344613d4f9b1d6f6b7e5d3a14d654e,1,1,0.11708948982436576,1,641676132138f617012b9d3d03f9721969814983f90cba62a7d6738d9e48e698,16,1.0,1,1
v16u,1536,9365,127341,exposure_matched_local,1993777341,staged_plus_k_plus_k,7,10627819952939482430,1449167950411191668,541923951554537478,3587,359,359,755,47311,0.10008363534987455,1,718,718,51660,359,359,359,359,0.08781711736827433,1,1473,60b3cbc144a8050fbff829df486fa3883861a6894af5962b72b542d05ca38359,60b3cbc144a8050fbff829df486fa3883861a6894af5962b72b542d05ca38359,1,1,0.12099247281851129,1,f817a0046795514f3445e4adff2318a50e02c36284bf354c6e862afe6f94a943,16,1.0,1,1
v16u,1536,9365,127341,exposure_matched_local,1993777341,staged_plus_k_plus_k,8,3668077360190873246,14014288846508717630,10293054497011647133,3587,359,359,975,68643,0.10008363534987455,1,718,718,46167,359,359,359,359,0.09116253136325621,1,1693,2de9c28c8d1836bce23a673da607b4593ad6956c8e000414ad83512fe4ada4e8,2de9c28c8d1836bce23a673da607b4593ad6956c8e000414ad83512fe4ada4e8,1,1,0.11569556732645665,1,8b5b9e1c21cbb08ea87fd491af4833fc3513efb36276eb73e01fe41aa4a8f939,16,1.0,1,1
v16u,1536,9365,127341,exposure_matched_local,1993777341,staged_plus_k_plus_k,9,770758994855507123,17889216490102806544,9505379654921969080,3587,359,359,731,50270,0.10008363534987455,1,718,718,49036,359,359,359,359,0.09534429885698355,1,1449,da71526f7ef3f04fc2805ed6a3e32f75ac1102e13c3de673593c0af2075f26c7,da71526f7ef3f04fc2805ed6a3e32f75ac1102e13c3de673593c0af2075f26c7,1,1,0.12712573180931142,1,65c986fcc447ab8309d41ff0419248429218a7ea7adde14463a75d26cded605b,16,1.0,1,1
v16u,1536,9365,127341,exposure_matched_local,1993777341,staged_plus_k_plus_k,10,6775450262510941226,10327562383461463953,7010084987939078013,3587,359,359,957,67368,0.10008363534987455,1,718,718,52031,359,359,359,359,0.09004739336492891,1,1675,2e61ae3d99a67f9180fba96e988440ebb6a760a8f4c600472c0f6ae7ee8c1b99,2e61ae3d99a67f9180fba96e988440ebb6a760a8f4c600472c0f6ae7ee8c1b99,1,1,0.12099247281851129,1,900bdb20b83b7abc3a89c93d2ac0a22402809845519e3523378c70402f0be47e,16,1.0,1,1
v16u,1536,9365,127341,exposure_matched_local,1993777341,staged_plus_k_plus_k,11,17227217976039440349,12921114502494339130,3418281983043520862,3587,359,359,866,62374,0.10008363534987455,1,718,718,50952,359,359,359,359,0.08698076386952885,1,1584,a25eb18a58b5c478824afaacd8737d919084106ab8d0db4441adeb48182d9736,a25eb18a58b5c478824afaacd8737d919084106ab8d0db4441adeb48182d9736,1,1,0.1162531363256203,1,352305771ab45b82a44a803ab738f8066ad041be0b959dc01cce6358c22e6480,16,1.0,1,1
v16u,1536,9365,127341,exposure_matched_local,1993777341,staged_plus_k_plus_k,12,16985676265325084587,12381974479092419056,17660717219440634802,3587,359,359,1044,76504,0.10036241984945637,1,718,718,55059,359,359,359,359,0.09032617786451073,1,1762,c16bbe7480aea198773fbc76048b75e31ea56c924eff3bec1ecb61eb4d449b64,c16bbe7480aea198773fbc76048b75e31ea56c924eff3bec1ecb61eb4d449b64,1,1,0.11987733482018399,1,95247a955a1488375badb1aadf4a96f98d7b02f7f491cbf66e0644a495c1d6ff,16,1.0,1,1
v16u,1536,9365,127341,exposure_matched_local,1993777341,staged_plus_k_plus_k,13,5871803190788802713,6961117828076262685,2123868315996140401,3587,359,359,834,57060,0.10008363534987455,1,718,718,51898,359,359,359,359,0.09255645386116532,1,1552,245327d8ef6fecd5e02165ecd80a59f598ffe405592ea8732c3f4761f4e53f83,245327d8ef6fecd5e02165ecd80a59f598ffe405592ea8732c3f4761f4e53f83,1,1,0.12182882631725676,1,f96adcfc48edca4c11964773490d45a1443b636e59dba547ff95f39e20b03690,16,1.0,1,1
v16u,1536,9365,127341,exposure_matched_local,1993777341,staged_plus_k_plus_k,14,12257573723219690765,9922383284317937690,303622314835663303,3587,359,359,787,58621,0.10008363534987455,1,718,718,48271,359,359,359,359,0.09562308335656537,1,1505,fcb45cc6075adaeea6292df6e13db25ae529c229fcd3a59f814e684d484c7d97,fcb45cc6075adaeea6292df6e13db25ae529c229fcd3a59f814e684d484c7d97,1,1,0.124616671313075,1,0bac71074af75b7c99013e14b3d436599f9eb09dcf81536772c3f82805721fcd,16,1.0,1,1
v16u,1536,9365,127341,exposure_matched_local,1993777341,staged_plus_k_plus_k,15,17941582708210342813,5285282136918282048,181029507541785756,3587,359,359,1047,72338,0.10008363534987455,1,718,718,49680,359,359,359,359,0.09144131586283803,1,1765,3cfcebd6c5853ae04540c5ac82069a945da34ab09a61acd0df56d466c7be0b0b,3cfcebd6c5853ae04540c5ac82069a945da34ab09a61acd0df56d466c7be0b0b,1,1,0.1235015333147477,1,c006bdf69de2190072a4a345c65c43608546ea02bc88c5b503df5f3ffd9450f0,16,1.0,1,1
