stage,target_nodes,growth_seed,run_offset,arm,run_seed,seed_family,left_replicate,right_replicate,left_endpoint_sha256,right_endpoint_sha256,changed_edge_fraction
v16x,1536,9299,123078,exposure_matched_local,1993113078,seed_family_a,0,1,0e4e4ed0e7e11378ce5a8ddd993efbde67de91f1f0991e725983e30cbf9e65ea,fbe4e2950c5e28b6d1cba3e63f80d692fa614953083594825e90ae549a8118c2,0.4558985667034179
v16x,1536,9299,123078,exposure_matched_local,1993113078,seed_family_a,0,2,0e4e4ed0e7e11378ce5a8ddd993efbde67de91f1f0991e725983e30cbf9e65ea,0f2cff6b72384518ab91f691a017b7b6cd14fee3facc4809756a0a3b948aba16,0.438257993384785
v16x,1536,9299,123078,exposure_matched_local,1993113078,seed_family_a,0,3,0e4e4ed0e7e11378ce5a8ddd993efbde67de91f1f0991e725983e30cbf9e65ea,bc68e4444655032cb7970706758bf59321383b762fcf3a5761eb09098ea7d560,0.4561742006615215
v16x,1536,9299,123078,exposure_matched_local,1993113078,seed_family_a,0,4,0e4e4ed0e7e11378ce5a8ddd993efbde67de91f1f0991e725983e30cbf9e65ea,0cd0db0f464e739b5a5aba87625ca6012fb3f92198ea4872d0be7a2539e3e689,0.44514884233737595
v16x,1536,9299,123078,exposure_matched_local,1993113078,seed_family_a,0,5,0e4e4ed0e7e11378ce5a8ddd993efbde67de91f1f0991e725983e30cbf9e65ea,600416b2b256d8c07341b1a36f2b4e74064350f6c6b1c2dd87b3672be9c7e307,0.4434950385887541
v16x,1536,9299,123078,exposure_matched_local,1993113078,seed_family_a,0,6,0e4e4ed0e7e11378ce5a8ddd993efbde67de91f1f0991e725983e30cbf9e65ea,c2b9ed2c6a6541b3aab37cd6cfdba8ea684a9eba1207f2388a636520f4a6066a,0.42061742006615216
v16x,1536,9299,123078,exposure_matched_local,1993113078,seed_family_a,0,7,0e4e4ed0e7e11378ce5a8ddd993efbde67de91f1f0991e725983e30cbf9e65ea,69a594cab782e48e50a5522a6e12d2a853b755801655cc88ee7eddb45d94f16d,0.4520396912899669
v16x,1536,9299,123078,exposure_matched_local,1993113078,seed_family_a,0,8,0e4e4ed0e7e11378ce5a8ddd993efbde67de91f1f0991e725983e30cbf9e65ea,d31a7036916385e8b37d9222aaff7cc3d5c834bada34024fc7356c60acfad01a,0.4454244762954796
v16x,1536,9299,123078,exposure_matched_local,1993113078,seed_family_a,0,9,0e4e4ed0e7e11378ce5a8ddd993efbde67de91f1f0991e725983e30cbf9e65ea,9fd008cdf921b391a7b1630e1cc4401f1720c4155dd97bb49978158939c6ac92,0.44955898566703417
v16x,1536,9299,123078,exposure_matched_local,1993113078,seed_family_a,0,10,0e4e4ed0e7e11378ce5a8ddd993efbde67de91f1f0991e725983e30cbf9e65ea,1a443f94f9dbd45d6370c8a37a1502feccbba29c0d64ff2e8cd7f8ea759e79dd,0.4368798235942668
v16x,1536,9299,123078,exposure_matched_local,1993113078,seed_family_a,0,11,0e4e4ed0e7e11378ce5a8ddd993efbde67de91f1f0991e725983e30cbf9e65ea,7321ccfea0343ec2410cf3764bec8dac97a1bc0d1a42e0a1d1e2cb6479ce141e,0.4316427783902977
v16x,1536,9299,123078,exposure_matched_local,1993113078,seed_family_a,0,12,0e4e4ed0e7e11378ce5a8ddd993efbde67de91f1f0991e725983e30cbf9e65ea,5df441cb8a3476f679ce3786cbd30a4e37fcd288668c12447bd0efe819f3b605,0.43577728776185226
v16x,1536,9299,123078,exposure_matched_local,1993113078,seed_family_a,0,13,0e4e4ed0e7e11378ce5a8ddd993efbde67de91f1f0991e725983e30cbf9e65ea,77ec8d34576bf60a35e97aa4abd8a6c637dfb15c771531770eff2b20d79383a5,0.45148842337375966
v16x,1536,9299,123078,exposure_matched_local,1993113078,seed_family_a,0,14,0e4e4ed0e7e11378ce5a8ddd993efbde67de91f1f0991e725983e30cbf9e65ea,1c09aeef3c3dfcf19c7780c11e5db40c6eefb1b8fe196b5210e740ad340464d4,0.4454244762954796
v16x,1536,9299,123078,exposure_matched_local,1993113078,seed_family_a,0,15,0e4e4ed0e7e11378ce5a8ddd993efbde67de91f1f0991e725983e30cbf9e65ea,f05fea792fba43b219816a37bfa6293bbcbc7a8f7fa4335415e0b8fae81f4c2f,0.428335170893054
v16x,1536,9299,123078,exposure_matched_local,1993113078,seed_family_a,1,2,fbe4e2950c5e28b6d1cba3e63f80d692fa614953083594825e90ae549a8118c2,0f2cff6b72384518ab91f691a017b7b6cd14fee3facc4809756a0a3b948aba16,0.4426681367144432
v16x,1536,9299,123078,exposure_matched_local,1993113078,seed_family_a,1,3,fbe4e2950c5e28b6d1cba3e63f80d692fa614953083594825e90ae549a8118c2,bc68e4444655032cb7970706758bf59321383b762fcf3a5761eb09098ea7d560,0.441289966923925
v16x,1536,9299,123078,exposure_matched_local,1993113078,seed_family_a,1,4,fbe4e2950c5e28b6d1cba3e63f80d692fa614953083594825e90ae549a8118c2,0cd0db0f464e739b5a5aba87625ca6012fb3f92198ea4872d0be7a2539e3e689,0.4360529217199559
v16x,1536,9299,123078,exposure_matched_local,1993113078,seed_family_a,1,5,fbe4e2950c5e28b6d1cba3e63f80d692fa614953083594825e90ae549a8118c2,600416b2b256d8c07341b1a36f2b4e74064350f6c6b1c2dd87b3672be9c7e307,0.4355016538037486
v16x,1536,9299,123078,exposure_matched_local,1993113078,seed_family_a,1,6,fbe4e2950c5e28b6d1cba3e63f80d692fa614953083594825e90ae549a8118c2,c2b9ed2c6a6541b3aab37cd6cfdba8ea684a9eba1207f2388a636520f4a6066a,0.4415656008820287
v16x,1536,9299,123078,exposure_matched_local,1993113078,seed_family_a,1,7,fbe4e2950c5e28b6d1cba3e63f80d692fa614953083594825e90ae549a8118c2,69a594cab782e48e50a5522a6e12d2a853b755801655cc88ee7eddb45d94f16d,0.43054024255788315
v16x,1536,9299,123078,exposure_matched_local,1993113078,seed_family_a,1,8,fbe4e2950c5e28b6d1cba3e63f80d692fa614953083594825e90ae549a8118c2,d31a7036916385e8b37d9222aaff7cc3d5c834bada34024fc7356c60acfad01a,0.4374310915104741
v16x,1536,9299,123078,exposure_matched_local,1993113078,seed_family_a,1,9,fbe4e2950c5e28b6d1cba3e63f80d692fa614953083594825e90ae549a8118c2,9fd008cdf921b391a7b1630e1cc4401f1720c4155dd97bb49978158939c6ac92,0.4432194046306505
v16x,1536,9299,123078,exposure_matched_local,1993113078,seed_family_a,1,10,fbe4e2950c5e28b6d1cba3e63f80d692fa614953083594825e90ae549a8118c2,1a443f94f9dbd45d6370c8a37a1502feccbba29c0d64ff2e8cd7f8ea759e79dd,0.432194046306505
v16x,1536,9299,123078,exposure_matched_local,1993113078,seed_family_a,1,11,fbe4e2950c5e28b6d1cba3e63f80d692fa614953083594825e90ae549a8118c2,7321ccfea0343ec2410cf3764bec8dac97a1bc0d1a42e0a1d1e2cb6479ce141e,0.4341234840132304
v16x,1536,9299,123078,exposure_matched_local,1993113078,seed_family_a,1,12,fbe4e2950c5e28b6d1cba3e63f80d692fa614953083594825e90ae549a8118c2,5df441cb8a3476f679ce3786cbd30a4e37fcd288668c12447bd0efe819f3b605,0.43632855567805956
v16x,1536,9299,123078,exposure_matched_local,1993113078,seed_family_a,1,13,fbe4e2950c5e28b6d1cba3e63f80d692fa614953083594825e90ae549a8118c2,77ec8d34576bf60a35e97aa4abd8a6c637dfb15c771531770eff2b20d79383a5,0.4410143329658214
v16x,1536,9299,123078,exposure_matched_local,1993113078,seed_family_a,1,14,fbe4e2950c5e28b6d1cba3e63f80d692fa614953083594825e90ae549a8118c2,1c09aeef3c3dfcf19c7780c11e5db40c6eefb1b8fe196b5210e740ad340464d4,0.4360529217199559
v16x,1536,9299,123078,exposure_matched_local,1993113078,seed_family_a,1,15,fbe4e2950c5e28b6d1cba3e63f80d692fa614953083594825e90ae549a8118c2,f05fea792fba43b219816a37bfa6293bbcbc7a8f7fa4335415e0b8fae81f4c2f,0.4360529217199559
v16x,1536,9299,123078,exposure_matched_local,1993113078,seed_family_a,2,3,0f2cff6b72384518ab91f691a017b7b6cd14fee3facc4809756a0a3b948aba16,bc68e4444655032cb7970706758bf59321383b762fcf3a5761eb09098ea7d560,0.4567254685777288
v16x,1536,9299,123078,exposure_matched_local,1993113078,seed_family_a,2,4,0f2cff6b72384518ab91f691a017b7b6cd14fee3facc4809756a0a3b948aba16,0cd0db0f464e739b5a5aba87625ca6012fb3f92198ea4872d0be7a2539e3e689,0.4525909592061742
v16x,1536,9299,123078,exposure_matched_local,1993113078,seed_family_a,2,5,0f2cff6b72384518ab91f691a017b7b6cd14fee3facc4809756a0a3b948aba16,600416b2b256d8c07341b1a36f2b4e74064350f6c6b1c2dd87b3672be9c7e307,0.44046306504961413
v16x,1536,9299,123078,exposure_matched_local,1993113078,seed_family_a,2,6,0f2cff6b72384518ab91f691a017b7b6cd14fee3facc4809756a0a3b948aba16,c2b9ed2c6a6541b3aab37cd6cfdba8ea684a9eba1207f2388a636520f4a6066a,0.4570011025358324
v16x,1536,9299,123078,exposure_matched_local,1993113078,seed_family_a,2,7,0f2cff6b72384518ab91f691a017b7b6cd14fee3facc4809756a0a3b948aba16,69a594cab782e48e50a5522a6e12d2a853b755801655cc88ee7eddb45d94f16d,0.4547960308710033
v16x,1536,9299,123078,exposure_matched_local,1993113078,seed_family_a,2,8,0f2cff6b72384518ab91f691a017b7b6cd14fee3facc4809756a0a3b948aba16,d31a7036916385e8b37d9222aaff7cc3d5c834bada34024fc7356c60acfad01a,0.4567254685777288
v16x,1536,9299,123078,exposure_matched_local,1993113078,seed_family_a,2,9,0f2cff6b72384518ab91f691a017b7b6cd14fee3facc4809756a0a3b948aba16,9fd008cdf921b391a7b1630e1cc4401f1720c4155dd97bb49978158939c6ac92,0.4396361631753032
v16x,1536,9299,123078,exposure_matched_local,1993113078,seed_family_a,2,10,0f2cff6b72384518ab91f691a017b7b6cd14fee3facc4809756a0a3b948aba16,1a443f94f9dbd45d6370c8a37a1502feccbba29c0d64ff2e8cd7f8ea759e79dd,0.45093715545755236
v16x,1536,9299,123078,exposure_matched_local,1993113078,seed_family_a,2,11,0f2cff6b72384518ab91f691a017b7b6cd14fee3facc4809756a0a3b948aba16,7321ccfea0343ec2410cf3764bec8dac97a1bc0d1a42e0a1d1e2cb6479ce141e,0.4445975744211687
v16x,1536,9299,123078,exposure_matched_local,1993113078,seed_family_a,2,12,0f2cff6b72384518ab91f691a017b7b6cd14fee3facc4809756a0a3b948aba16,5df441cb8a3476f679ce3786cbd30a4e37fcd288668c12447bd0efe819f3b605,0.43522601984564496
v16x,1536,9299,123078,exposure_matched_local,1993113078,seed_family_a,2,13,0f2cff6b72384518ab91f691a017b7b6cd14fee3facc4809756a0a3b948aba16,77ec8d34576bf60a35e97aa4abd8a6c637dfb15c771531770eff2b20d79383a5,0.45011025358324147
v16x,1536,9299,123078,exposure_matched_local,1993113078,seed_family_a,2,14,0f2cff6b72384518ab91f691a017b7b6cd14fee3facc4809756a0a3b948aba16,1c09aeef3c3dfcf19c7780c11e5db40c6eefb1b8fe196b5210e740ad340464d4,0.45011025358324147
v16x,1536,9299,123078,exposure_matched_local,1993113078,seed_family_a,2,15,0f2cff6b72384518ab91f691a017b7b6cd14fee3facc4809756a0a3b948aba16,f05fea792fba43b219816a37bfa6293bbcbc7a8f7fa4335415e0b8fae81f4c2f,0.44046306504961413
v16x,1536,9299,123078,exposure_matched_local,1993113078,seed_family_a,3,4,bc68e4444655032cb7970706758bf59321383b762fcf3a5761eb09098ea7d560,0cd0db0f464e739b5a5aba87625ca6012fb3f92198ea4872d0be7a2539e3e689,0.45011025358324147
v16x,1536,9299,123078,exposure_matched_local,1993113078,seed_family_a,3,5,bc68e4444655032cb7970706758bf59321383b762fcf3a5761eb09098ea7d560,600416b2b256d8c07341b1a36f2b4e74064350f6c6b1c2dd87b3672be9c7e307,0.4410143329658214
v16x,1536,9299,123078,exposure_matched_local,1993113078,seed_family_a,3,6,bc68e4444655032cb7970706758bf59321383b762fcf3a5761eb09098ea7d560,c2b9ed2c6a6541b3aab37cd6cfdba8ea684a9eba1207f2388a636520f4a6066a,0.4346747519294377
v16x,1536,9299,123078,exposure_matched_local,1993113078,seed_family_a,3,7,bc68e4444655032cb7970706758bf59321383b762fcf3a5761eb09098ea7d560,69a594cab782e48e50a5522a6e12d2a853b755801655cc88ee7eddb45d94f16d,0.44652701212789414
v16x,1536,9299,123078,exposure_matched_local,1993113078,seed_family_a,3,8,bc68e4444655032cb7970706758bf59321383b762fcf3a5761eb09098ea7d560,d31a7036916385e8b37d9222aaff7cc3d5c834bada34024fc7356c60acfad01a,0.44707828004410144
v16x,1536,9299,123078,exposure_matched_local,1993113078,seed_family_a,3,9,bc68e4444655032cb7970706758bf59321383b762fcf3a5761eb09098ea7d560,9fd008cdf921b391a7b1630e1cc4401f1720c4155dd97bb49978158939c6ac92,0.4445975744211687
v16x,1536,9299,123078,exposure_matched_local,1993113078,seed_family_a,3,10,bc68e4444655032cb7970706758bf59321383b762fcf3a5761eb09098ea7d560,1a443f94f9dbd45d6370c8a37a1502feccbba29c0d64ff2e8cd7f8ea759e79dd,0.43632855567805956
v16x,1536,9299,123078,exposure_matched_local,1993113078,seed_family_a,3,11,bc68e4444655032cb7970706758bf59321383b762fcf3a5761eb09098ea7d560,7321ccfea0343ec2410cf3764bec8dac97a1bc0d1a42e0a1d1e2cb6479ce141e,0.4445975744211687
v16x,1536,9299,123078,exposure_matched_local,1993113078,seed_family_a,3,12,bc68e4444655032cb7970706758bf59321383b762fcf3a5761eb09098ea7d560,5df441cb8a3476f679ce3786cbd30a4e37fcd288668c12447bd0efe819f3b605,0.4473539140022051
v16x,1536,9299,123078,exposure_matched_local,1993113078,seed_family_a,3,13,bc68e4444655032cb7970706758bf59321383b762fcf3a5761eb09098ea7d560,77ec8d34576bf60a35e97aa4abd8a6c637dfb15c771531770eff2b20d79383a5,0.4558985667034179
v16x,1536,9299,123078,exposure_matched_local,1993113078,seed_family_a,3,14,bc68e4444655032cb7970706758bf59321383b762fcf3a5761eb09098ea7d560,1c09aeef3c3dfcf19c7780c11e5db40c6eefb1b8fe196b5210e740ad340464d4,0.44239250275633957
v16x,1536,9299,123078,exposure_matched_local,1993113078,seed_family_a,3,15,bc68e4444655032cb7970706758bf59321383b762fcf3a5761eb09098ea7d560,f05fea792fba43b219816a37bfa6293bbcbc7a8f7fa4335415e0b8fae81f4c2f,0.44707828004410144
v16x,1536,9299,123078,exposure_matched_local,1993113078,seed_family_a,4,5,0cd0db0f464e739b5a5aba87625ca6012fb3f92198ea4872d0be7a2539e3e689,600416b2b256d8c07341b1a36f2b4e74064350f6c6b1c2dd87b3672be9c7e307,0.4445975744211687
v16x,1536,9299,123078,exposure_matched_local,1993113078,seed_family_a,4,6,0cd0db0f464e739b5a5aba87625ca6012fb3f92198ea4872d0be7a2539e3e689,c2b9ed2c6a6541b3aab37cd6cfdba8ea684a9eba1207f2388a636520f4a6066a,0.4506615214994487
v16x,1536,9299,123078,exposure_matched_local,1993113078,seed_family_a,4,7,0cd0db0f464e739b5a5aba87625ca6012fb3f92198ea4872d0be7a2539e3e689,69a594cab782e48e50a5522a6e12d2a853b755801655cc88ee7eddb45d94f16d,0.45011025358324147
v16x,1536,9299,123078,exposure_matched_local,1993113078,seed_family_a,4,8,0cd0db0f464e739b5a5aba87625ca6012fb3f92198ea4872d0be7a2539e3e689,d31a7036916385e8b37d9222aaff7cc3d5c834bada34024fc7356c60acfad01a,0.4553472987872106
v16x,1536,9299,123078,exposure_matched_local,1993113078,seed_family_a,4,9,0cd0db0f464e739b5a5aba87625ca6012fb3f92198ea4872d0be7a2539e3e689,9fd008cdf921b391a7b1630e1cc4401f1720c4155dd97bb49978158939c6ac92,0.43660418963616315
v16x,1536,9299,123078,exposure_matched_local,1993113078,seed_family_a,4,10,0cd0db0f464e739b5a5aba87625ca6012fb3f92198ea4872d0be7a2539e3e689,1a443f94f9dbd45d6370c8a37a1502feccbba29c0d64ff2e8cd7f8ea759e79dd,0.44514884233737595
v16x,1536,9299,123078,exposure_matched_local,1993113078,seed_family_a,4,11,0cd0db0f464e739b5a5aba87625ca6012fb3f92198ea4872d0be7a2539e3e689,7321ccfea0343ec2410cf3764bec8dac97a1bc0d1a42e0a1d1e2cb6479ce141e,0.45093715545755236
v16x,1536,9299,123078,exposure_matched_local,1993113078,seed_family_a,4,12,0cd0db0f464e739b5a5aba87625ca6012fb3f92198ea4872d0be7a2539e3e689,5df441cb8a3476f679ce3786cbd30a4e37fcd288668c12447bd0efe819f3b605,0.44570011025358325
v16x,1536,9299,123078,exposure_matched_local,1993113078,seed_family_a,4,13,0cd0db0f464e739b5a5aba87625ca6012fb3f92198ea4872d0be7a2539e3e689,77ec8d34576bf60a35e97aa4abd8a6c637dfb15c771531770eff2b20d79383a5,0.44845644983461963
v16x,1536,9299,123078,exposure_matched_local,1993113078,seed_family_a,4,14,0cd0db0f464e739b5a5aba87625ca6012fb3f92198ea4872d0be7a2539e3e689,1c09aeef3c3dfcf19c7780c11e5db40c6eefb1b8fe196b5210e740ad340464d4,0.4368798235942668
v16x,1536,9299,123078,exposure_matched_local,1993113078,seed_family_a,4,15,0cd0db0f464e739b5a5aba87625ca6012fb3f92198ea4872d0be7a2539e3e689,f05fea792fba43b219816a37bfa6293bbcbc7a8f7fa4335415e0b8fae81f4c2f,0.432194046306505
v16x,1536,9299,123078,exposure_matched_local,1993113078,seed_family_a,5,6,600416b2b256d8c07341b1a36f2b4e74064350f6c6b1c2dd87b3672be9c7e307,c2b9ed2c6a6541b3aab37cd6cfdba8ea684a9eba1207f2388a636520f4a6066a,0.45231532524807055
v16x,1536,9299,123078,exposure_matched_local,1993113078,seed_family_a,5,7,600416b2b256d8c07341b1a36f2b4e74064350f6c6b1c2dd87b3672be9c7e307,69a594cab782e48e50a5522a6e12d2a853b755801655cc88ee7eddb45d94f16d,0.4421168687982359
v16x,1536,9299,123078,exposure_matched_local,1993113078,seed_family_a,5,8,600416b2b256d8c07341b1a36f2b4e74064350f6c6b1c2dd87b3672be9c7e307,d31a7036916385e8b37d9222aaff7cc3d5c834bada34024fc7356c60acfad01a,0.4410143329658214
v16x,1536,9299,123078,exposure_matched_local,1993113078,seed_family_a,5,9,600416b2b256d8c07341b1a36f2b4e74064350f6c6b1c2dd87b3672be9c7e307,9fd008cdf921b391a7b1630e1cc4401f1720c4155dd97bb49978158939c6ac92,0.448180815876516
v16x,1536,9299,123078,exposure_matched_local,1993113078,seed_family_a,5,10,600416b2b256d8c07341b1a36f2b4e74064350f6c6b1c2dd87b3672be9c7e307,1a443f94f9dbd45d6370c8a37a1502feccbba29c0d64ff2e8cd7f8ea759e79dd,0.44046306504961413
v16x,1536,9299,123078,exposure_matched_local,1993113078,seed_family_a,5,11,600416b2b256d8c07341b1a36f2b4e74064350f6c6b1c2dd87b3672be9c7e307,7321ccfea0343ec2410cf3764bec8dac97a1bc0d1a42e0a1d1e2cb6479ce141e,0.4440463065049614
v16x,1536,9299,123078,exposure_matched_local,1993113078,seed_family_a,5,12,600416b2b256d8c07341b1a36f2b4e74064350f6c6b1c2dd87b3672be9c7e307,5df441cb8a3476f679ce3786cbd30a4e37fcd288668c12447bd0efe819f3b605,0.43770672546857775
v16x,1536,9299,123078,exposure_matched_local,1993113078,seed_family_a,5,13,600416b2b256d8c07341b1a36f2b4e74064350f6c6b1c2dd87b3672be9c7e307,77ec8d34576bf60a35e97aa4abd8a6c637dfb15c771531770eff2b20d79383a5,0.44377067254685776
v16x,1536,9299,123078,exposure_matched_local,1993113078,seed_family_a,5,14,600416b2b256d8c07341b1a36f2b4e74064350f6c6b1c2dd87b3672be9c7e307,1c09aeef3c3dfcf19c7780c11e5db40c6eefb1b8fe196b5210e740ad340464d4,0.44514884233737595
v16x,1536,9299,123078,exposure_matched_local,1993113078,seed_family_a,5,15,600416b2b256d8c07341b1a36f2b4e74064350f6c6b1c2dd87b3672be9c7e307,f05fea792fba43b219816a37bfa6293bbcbc7a8f7fa4335415e0b8fae81f4c2f,0.44652701212789414
v16x,1536,9299,123078,exposure_matched_local,1993113078,seed_family_a,6,7,c2b9ed2c6a6541b3aab37cd6cfdba8ea684a9eba1207f2388a636520f4a6066a,69a594cab782e48e50a5522a6e12d2a853b755801655cc88ee7eddb45d94f16d,0.4421168687982359
v16x,1536,9299,123078,exposure_matched_local,1993113078,seed_family_a,6,8,c2b9ed2c6a6541b3aab37cd6cfdba8ea684a9eba1207f2388a636520f4a6066a,d31a7036916385e8b37d9222aaff7cc3d5c834bada34024fc7356c60acfad01a,0.432194046306505
v16x,1536,9299,123078,exposure_matched_local,1993113078,seed_family_a,6,9,c2b9ed2c6a6541b3aab37cd6cfdba8ea684a9eba1207f2388a636520f4a6066a,9fd008cdf921b391a7b1630e1cc4401f1720c4155dd97bb49978158939c6ac92,0.4440463065049614
v16x,1536,9299,123078,exposure_matched_local,1993113078,seed_family_a,6,10,c2b9ed2c6a6541b3aab37cd6cfdba8ea684a9eba1207f2388a636520f4a6066a,1a443f94f9dbd45d6370c8a37a1502feccbba29c0d64ff2e8cd7f8ea759e79dd,0.44900771775082693
v16x,1536,9299,123078,exposure_matched_local,1993113078,seed_family_a,6,11,c2b9ed2c6a6541b3aab37cd6cfdba8ea684a9eba1207f2388a636520f4a6066a,7321ccfea0343ec2410cf3764bec8dac97a1bc0d1a42e0a1d1e2cb6479ce141e,0.4434950385887541
v16x,1536,9299,123078,exposure_matched_local,1993113078,seed_family_a,6,12,c2b9ed2c6a6541b3aab37cd6cfdba8ea684a9eba1207f2388a636520f4a6066a,5df441cb8a3476f679ce3786cbd30a4e37fcd288668c12447bd0efe819f3b605,0.4330209481808159
v16x,1536,9299,123078,exposure_matched_local,1993113078,seed_family_a,6,13,c2b9ed2c6a6541b3aab37cd6cfdba8ea684a9eba1207f2388a636520f4a6066a,77ec8d34576bf60a35e97aa4abd8a6c637dfb15c771531770eff2b20d79383a5,0.44514884233737595
v16x,1536,9299,123078,exposure_matched_local,1993113078,seed_family_a,6,14,c2b9ed2c6a6541b3aab37cd6cfdba8ea684a9eba1207f2388a636520f4a6066a,1c09aeef3c3dfcf19c7780c11e5db40c6eefb1b8fe196b5210e740ad340464d4,0.4421168687982359
v16x,1536,9299,123078,exposure_matched_local,1993113078,seed_family_a,6,15,c2b9ed2c6a6541b3aab37cd6cfdba8ea684a9eba1207f2388a636520f4a6066a,f05fea792fba43b219816a37bfa6293bbcbc7a8f7fa4335415e0b8fae81f4c2f,0.45507166482910694
v16x,1536,9299,123078,exposure_matched_local,1993113078,seed_family_a,7,8,69a594cab782e48e50a5522a6e12d2a853b755801655cc88ee7eddb45d94f16d,d31a7036916385e8b37d9222aaff7cc3d5c834bada34024fc7356c60acfad01a,0.4407386990077177
v16x,1536,9299,123078,exposure_matched_local,1993113078,seed_family_a,7,9,69a594cab782e48e50a5522a6e12d2a853b755801655cc88ee7eddb45d94f16d,9fd008cdf921b391a7b1630e1cc4401f1720c4155dd97bb49978158939c6ac92,0.4335722160970232
v16x,1536,9299,123078,exposure_matched_local,1993113078,seed_family_a,7,10,69a594cab782e48e50a5522a6e12d2a853b755801655cc88ee7eddb45d94f16d,1a443f94f9dbd45d6370c8a37a1502feccbba29c0d64ff2e8cd7f8ea759e79dd,0.4396361631753032
v16x,1536,9299,123078,exposure_matched_local,1993113078,seed_family_a,7,11,69a594cab782e48e50a5522a6e12d2a853b755801655cc88ee7eddb45d94f16d,7321ccfea0343ec2410cf3764bec8dac97a1bc0d1a42e0a1d1e2cb6479ce141e,0.4553472987872106
v16x,1536,9299,123078,exposure_matched_local,1993113078,seed_family_a,7,12,69a594cab782e48e50a5522a6e12d2a853b755801655cc88ee7eddb45d94f16d,5df441cb8a3476f679ce3786cbd30a4e37fcd288668c12447bd0efe819f3b605,0.44046306504961413
v16x,1536,9299,123078,exposure_matched_local,1993113078,seed_family_a,7,13,69a594cab782e48e50a5522a6e12d2a853b755801655cc88ee7eddb45d94f16d,77ec8d34576bf60a35e97aa4abd8a6c637dfb15c771531770eff2b20d79383a5,0.4396361631753032
v16x,1536,9299,123078,exposure_matched_local,1993113078,seed_family_a,7,14,69a594cab782e48e50a5522a6e12d2a853b755801655cc88ee7eddb45d94f16d,1c09aeef3c3dfcf19c7780c11e5db40c6eefb1b8fe196b5210e740ad340464d4,0.44955898566703417
v16x,1536,9299,123078,exposure_matched_local,1993113078,seed_family_a,7,15,69a594cab782e48e50a5522a6e12d2a853b755801655cc88ee7eddb45d94f16d,f05fea792fba43b219816a37bfa6293bbcbc7a8f7fa4335415e0b8fae81f4c2f,0.44294377067254687
v16x,1536,9299,123078,exposure_matched_local,1993113078,seed_family_a,8,9,d31a7036916385e8b37d9222aaff7cc3d5c834bada34024fc7356c60acfad01a,9fd008cdf921b391a7b1630e1cc4401f1720c4155dd97bb49978158939c6ac92,0.441289966923925
v16x,1536,9299,123078,exposure_matched_local,1993113078,seed_family_a,8,10,d31a7036916385e8b37d9222aaff7cc3d5c834bada34024fc7356c60acfad01a,1a443f94f9dbd45d6370c8a37a1502feccbba29c0d64ff2e8cd7f8ea759e79dd,0.43577728776185226
v16x,1536,9299,123078,exposure_matched_local,1993113078,seed_family_a,8,11,d31a7036916385e8b37d9222aaff7cc3d5c834bada34024fc7356c60acfad01a,7321ccfea0343ec2410cf3764bec8dac97a1bc0d1a42e0a1d1e2cb6479ce141e,0.45148842337375966
v16x,1536,9299,123078,exposure_matched_local,1993113078,seed_family_a,8,12,d31a7036916385e8b37d9222aaff7cc3d5c834bada34024fc7356c60acfad01a,5df441cb8a3476f679ce3786cbd30a4e37fcd288668c12447bd0efe819f3b605,0.4448732083792723
v16x,1536,9299,123078,exposure_matched_local,1993113078,seed_family_a,8,13,d31a7036916385e8b37d9222aaff7cc3d5c834bada34024fc7356c60acfad01a,77ec8d34576bf60a35e97aa4abd8a6c637dfb15c771531770eff2b20d79383a5,0.43936052921719954
v16x,1536,9299,123078,exposure_matched_local,1993113078,seed_family_a,8,14,d31a7036916385e8b37d9222aaff7cc3d5c834bada34024fc7356c60acfad01a,1c09aeef3c3dfcf19c7780c11e5db40c6eefb1b8fe196b5210e740ad340464d4,0.45893054024255786
v16x,1536,9299,123078,exposure_matched_local,1993113078,seed_family_a,8,15,d31a7036916385e8b37d9222aaff7cc3d5c834bada34024fc7356c60acfad01a,f05fea792fba43b219816a37bfa6293bbcbc7a8f7fa4335415e0b8fae81f4c2f,0.4531422271223815
v16x,1536,9299,123078,exposure_matched_local,1993113078,seed_family_a,9,10,9fd008cdf921b391a7b1630e1cc4401f1720c4155dd97bb49978158939c6ac92,1a443f94f9dbd45d6370c8a37a1502feccbba29c0d64ff2e8cd7f8ea759e79dd,0.4250275633958104
v16x,1536,9299,123078,exposure_matched_local,1993113078,seed_family_a,9,11,9fd008cdf921b391a7b1630e1cc4401f1720c4155dd97bb49978158939c6ac92,7321ccfea0343ec2410cf3764bec8dac97a1bc0d1a42e0a1d1e2cb6479ce141e,0.4445975744211687
v16x,1536,9299,123078,exposure_matched_local,1993113078,seed_family_a,9,12,9fd008cdf921b391a7b1630e1cc4401f1720c4155dd97bb49978158939c6ac92,5df441cb8a3476f679ce3786cbd30a4e37fcd288668c12447bd0efe819f3b605,0.44046306504961413
v16x,1536,9299,123078,exposure_matched_local,1993113078,seed_family_a,9,13,9fd008cdf921b391a7b1630e1cc4401f1720c4155dd97bb49978158939c6ac92,77ec8d34576bf60a35e97aa4abd8a6c637dfb15c771531770eff2b20d79383a5,0.4503858875413451
v16x,1536,9299,123078,exposure_matched_local,1993113078,seed_family_a,9,14,9fd008cdf921b391a7b1630e1cc4401f1720c4155dd97bb49978158939c6ac92,1c09aeef3c3dfcf19c7780c11e5db40c6eefb1b8fe196b5210e740ad340464d4,0.45011025358324147
v16x,1536,9299,123078,exposure_matched_local,1993113078,seed_family_a,9,15,9fd008cdf921b391a7b1630e1cc4401f1720c4155dd97bb49978158939c6ac92,f05fea792fba43b219816a37bfa6293bbcbc7a8f7fa4335415e0b8fae81f4c2f,0.4520396912899669
v16x,1536,9299,123078,exposure_matched_local,1993113078,seed_family_a,10,11,1a443f94f9dbd45d6370c8a37a1502feccbba29c0d64ff2e8cd7f8ea759e79dd,7321ccfea0343ec2410cf3764bec8dac97a1bc0d1a42e0a1d1e2cb6479ce141e,0.4476295479603087
v16x,1536,9299,123078,exposure_matched_local,1993113078,seed_family_a,10,12,1a443f94f9dbd45d6370c8a37a1502feccbba29c0d64ff2e8cd7f8ea759e79dd,5df441cb8a3476f679ce3786cbd30a4e37fcd288668c12447bd0efe819f3b605,0.45369349503858875
v16x,1536,9299,123078,exposure_matched_local,1993113078,seed_family_a,10,13,1a443f94f9dbd45d6370c8a37a1502feccbba29c0d64ff2e8cd7f8ea759e79dd,77ec8d34576bf60a35e97aa4abd8a6c637dfb15c771531770eff2b20d79383a5,0.45755237045203967
v16x,1536,9299,123078,exposure_matched_local,1993113078,seed_family_a,10,14,1a443f94f9dbd45d6370c8a37a1502feccbba29c0d64ff2e8cd7f8ea759e79dd,1c09aeef3c3dfcf19c7780c11e5db40c6eefb1b8fe196b5210e740ad340464d4,0.4572767364939361
v16x,1536,9299,123078,exposure_matched_local,1993113078,seed_family_a,10,15,1a443f94f9dbd45d6370c8a37a1502feccbba29c0d64ff2e8cd7f8ea759e79dd,f05fea792fba43b219816a37bfa6293bbcbc7a8f7fa4335415e0b8fae81f4c2f,0.45093715545755236
v16x,1536,9299,123078,exposure_matched_local,1993113078,seed_family_a,11,12,7321ccfea0343ec2410cf3764bec8dac97a1bc0d1a42e0a1d1e2cb6479ce141e,5df441cb8a3476f679ce3786cbd30a4e37fcd288668c12447bd0efe819f3b605,0.4476295479603087
v16x,1536,9299,123078,exposure_matched_local,1993113078,seed_family_a,11,13,7321ccfea0343ec2410cf3764bec8dac97a1bc0d1a42e0a1d1e2cb6479ce141e,77ec8d34576bf60a35e97aa4abd8a6c637dfb15c771531770eff2b20d79383a5,0.441289966923925
v16x,1536,9299,123078,exposure_matched_local,1993113078,seed_family_a,11,14,7321ccfea0343ec2410cf3764bec8dac97a1bc0d1a42e0a1d1e2cb6479ce141e,1c09aeef3c3dfcf19c7780c11e5db40c6eefb1b8fe196b5210e740ad340464d4,0.4308158765159868
v16x,1536,9299,123078,exposure_matched_local,1993113078,seed_family_a,11,15,7321ccfea0343ec2410cf3764bec8dac97a1bc0d1a42e0a1d1e2cb6479ce141e,f05fea792fba43b219816a37bfa6293bbcbc7a8f7fa4335415e0b8fae81f4c2f,0.43660418963616315
v16x,1536,9299,123078,exposure_matched_local,1993113078,seed_family_a,12,13,5df441cb8a3476f679ce3786cbd30a4e37fcd288668c12447bd0efe819f3b605,77ec8d34576bf60a35e97aa4abd8a6c637dfb15c771531770eff2b20d79383a5,0.4476295479603087
v16x,1536,9299,123078,exposure_matched_local,1993113078,seed_family_a,12,14,5df441cb8a3476f679ce3786cbd30a4e37fcd288668c12447bd0efe819f3b605,1c09aeef3c3dfcf19c7780c11e5db40c6eefb1b8fe196b5210e740ad340464d4,0.4473539140022051
v16x,1536,9299,123078,exposure_matched_local,1993113078,seed_family_a,12,15,5df441cb8a3476f679ce3786cbd30a4e37fcd288668c12447bd0efe819f3b605,f05fea792fba43b219816a37bfa6293bbcbc7a8f7fa4335415e0b8fae81f4c2f,0.4434950385887541
v16x,1536,9299,123078,exposure_matched_local,1993113078,seed_family_a,13,14,77ec8d34576bf60a35e97aa4abd8a6c637dfb15c771531770eff2b20d79383a5,1c09aeef3c3dfcf19c7780c11e5db40c6eefb1b8fe196b5210e740ad340464d4,0.4498346196251378
v16x,1536,9299,123078,exposure_matched_local,1993113078,seed_family_a,13,15,77ec8d34576bf60a35e97aa4abd8a6c637dfb15c771531770eff2b20d79383a5,f05fea792fba43b219816a37bfa6293bbcbc7a8f7fa4335415e0b8fae81f4c2f,0.44239250275633957
v16x,1536,9299,123078,exposure_matched_local,1993113078,seed_family_a,14,15,1c09aeef3c3dfcf19c7780c11e5db40c6eefb1b8fe196b5210e740ad340464d4,f05fea792fba43b219816a37bfa6293bbcbc7a8f7fa4335415e0b8fae81f4c2f,0.4558985667034179
v16x,1536,9299,123078,exposure_matched_local,1993113078,seed_family_b,0,1,a174d9b7b362a05c052d477a68dc9c0ea08c711728fe6985e0b8d20b89db7c2d,04ee87d5033a577edae7866f74da30c7e23c093b490dce9c002b5fee0c920f3d,0.44514884233737595
v16x,1536,9299,123078,exposure_matched_local,1993113078,seed_family_b,0,2,a174d9b7b362a05c052d477a68dc9c0ea08c711728fe6985e0b8d20b89db7c2d,4458853fa57b882d8f3e24997de64cea8a0c10fcdc61ec5363cfb5cd48bb3076,0.4525909592061742
v16x,1536,9299,123078,exposure_matched_local,1993113078,seed_family_b,0,3,a174d9b7b362a05c052d477a68dc9c0ea08c711728fe6985e0b8d20b89db7c2d,ac8a58e7808f523257e64d724c43eff1a012268becdc5bd0ea56435aabdaafe7,0.4434950385887541
v16x,1536,9299,123078,exposure_matched_local,1993113078,seed_family_b,0,4,a174d9b7b362a05c052d477a68dc9c0ea08c711728fe6985e0b8d20b89db7c2d,08e2b1968c1d049fbad632bebe7db259e8ac17cff8203d91991db2e34edc36f0,0.438257993384785
v16x,1536,9299,123078,exposure_matched_local,1993113078,seed_family_b,0,5,a174d9b7b362a05c052d477a68dc9c0ea08c711728fe6985e0b8d20b89db7c2d,e449724307a79f6ceadd3ad43851690ebabe31ea81c31950946d64db82918569,0.4335722160970232
v16x,1536,9299,123078,exposure_matched_local,1993113078,seed_family_b,0,6,a174d9b7b362a05c052d477a68dc9c0ea08c711728fe6985e0b8d20b89db7c2d,535cb1b1d59745dc8be694f392118c1ac3ac18a78e41bae3bd26f9cd7fa4f8b3,0.43770672546857775
v16x,1536,9299,123078,exposure_matched_local,1993113078,seed_family_b,0,7,a174d9b7b362a05c052d477a68dc9c0ea08c711728fe6985e0b8d20b89db7c2d,2739bc01965444d5b2e3597409379734c7666333cfab7d2b035bc9b242aab079,0.44046306504961413
v16x,1536,9299,123078,exposure_matched_local,1993113078,seed_family_b,0,8,a174d9b7b362a05c052d477a68dc9c0ea08c711728fe6985e0b8d20b89db7c2d,d166b7fd4e8e99f1b969ad70d497a2c67414287d0df12ccce7d70ee3fd2d3357,0.44900771775082693
v16x,1536,9299,123078,exposure_matched_local,1993113078,seed_family_b,0,9,a174d9b7b362a05c052d477a68dc9c0ea08c711728fe6985e0b8d20b89db7c2d,ce06d169a40c2d76bfdfa620ec7aeb846590ae2af747516c34d59a0e173bb7b2,0.4487320837927233
v16x,1536,9299,123078,exposure_matched_local,1993113078,seed_family_b,0,10,a174d9b7b362a05c052d477a68dc9c0ea08c711728fe6985e0b8d20b89db7c2d,62a34329feecc88afff02f4e9c3c8446383a406aaa088cc859435c9960e9b876,0.4335722160970232
v16x,1536,9299,123078,exposure_matched_local,1993113078,seed_family_b,0,11,a174d9b7b362a05c052d477a68dc9c0ea08c711728fe6985e0b8d20b89db7c2d,e11dd701bf73b7752f4ef44c6e934da30852029833e80f39f69f8574eeb19bea,0.4415656008820287
v16x,1536,9299,123078,exposure_matched_local,1993113078,seed_family_b,0,12,a174d9b7b362a05c052d477a68dc9c0ea08c711728fe6985e0b8d20b89db7c2d,fa678a268adeed866ca2f7504f02262709a89060c5f01e6a273e598c9c841883,0.44790518191841233
v16x,1536,9299,123078,exposure_matched_local,1993113078,seed_family_b,0,13,a174d9b7b362a05c052d477a68dc9c0ea08c711728fe6985e0b8d20b89db7c2d,de6ea5de379e0052725590fba0c9d0eee593220faf759b65a27445e987c385d6,0.4440463065049614
v16x,1536,9299,123078,exposure_matched_local,1993113078,seed_family_b,0,14,a174d9b7b362a05c052d477a68dc9c0ea08c711728fe6985e0b8d20b89db7c2d,7308a24e70ebbbf6a6982ad9a5a61995ec46809bec8c162fcc828c38d0dadb1a,0.4445975744211687
v16x,1536,9299,123078,exposure_matched_local,1993113078,seed_family_b,0,15,a174d9b7b362a05c052d477a68dc9c0ea08c711728fe6985e0b8d20b89db7c2d,093fe385605c189e71a0557ce723e267df463e37c4797e1d9dfe3bb871fb7af0,0.448180815876516
v16x,1536,9299,123078,exposure_matched_local,1993113078,seed_family_b,1,2,04ee87d5033a577edae7866f74da30c7e23c093b490dce9c002b5fee0c920f3d,4458853fa57b882d8f3e24997de64cea8a0c10fcdc61ec5363cfb5cd48bb3076,0.4432194046306505
v16x,1536,9299,123078,exposure_matched_local,1993113078,seed_family_b,1,3,04ee87d5033a577edae7866f74da30c7e23c093b490dce9c002b5fee0c920f3d,ac8a58e7808f523257e64d724c43eff1a012268becdc5bd0ea56435aabdaafe7,0.44239250275633957
v16x,1536,9299,123078,exposure_matched_local,1993113078,seed_family_b,1,4,04ee87d5033a577edae7866f74da30c7e23c093b490dce9c002b5fee0c920f3d,08e2b1968c1d049fbad632bebe7db259e8ac17cff8203d91991db2e34edc36f0,0.44790518191841233
v16x,1536,9299,123078,exposure_matched_local,1993113078,seed_family_b,1,5,04ee87d5033a577edae7866f74da30c7e23c093b490dce9c002b5fee0c920f3d,e449724307a79f6ceadd3ad43851690ebabe31ea81c31950946d64db82918569,0.44900771775082693
v16x,1536,9299,123078,exposure_matched_local,1993113078,seed_family_b,1,6,04ee87d5033a577edae7866f74da30c7e23c093b490dce9c002b5fee0c920f3d,535cb1b1d59745dc8be694f392118c1ac3ac18a78e41bae3bd26f9cd7fa4f8b3,0.4564498346196251
v16x,1536,9299,123078,exposure_matched_local,1993113078,seed_family_b,1,7,04ee87d5033a577edae7866f74da30c7e23c093b490dce9c002b5fee0c920f3d,2739bc01965444d5b2e3597409379734c7666333cfab7d2b035bc9b242aab079,0.4410143329658214
v16x,1536,9299,123078,exposure_matched_local,1993113078,seed_family_b,1,8,04ee87d5033a577edae7866f74da30c7e23c093b490dce9c002b5fee0c920f3d,d166b7fd4e8e99f1b969ad70d497a2c67414287d0df12ccce7d70ee3fd2d3357,0.4459757442116869
v16x,1536,9299,123078,exposure_matched_local,1993113078,seed_family_b,1,9,04ee87d5033a577edae7866f74da30c7e23c093b490dce9c002b5fee0c920f3d,ce06d169a40c2d76bfdfa620ec7aeb846590ae2af747516c34d59a0e173bb7b2,0.45011025358324147
v16x,1536,9299,123078,exposure_matched_local,1993113078,seed_family_b,1,10,04ee87d5033a577edae7866f74da30c7e23c093b490dce9c002b5fee0c920f3d,62a34329feecc88afff02f4e9c3c8446383a406aaa088cc859435c9960e9b876,0.4330209481808159
v16x,1536,9299,123078,exposure_matched_local,1993113078,seed_family_b,1,11,04ee87d5033a577edae7866f74da30c7e23c093b490dce9c002b5fee0c920f3d,e11dd701bf73b7752f4ef44c6e934da30852029833e80f39f69f8574eeb19bea,0.4360529217199559
v16x,1536,9299,123078,exposure_matched_local,1993113078,seed_family_b,1,12,04ee87d5033a577edae7866f74da30c7e23c093b490dce9c002b5fee0c920f3d,fa678a268adeed866ca2f7504f02262709a89060c5f01e6a273e598c9c841883,0.438257993384785
v16x,1536,9299,123078,exposure_matched_local,1993113078,seed_family_b,1,13,04ee87d5033a577edae7866f74da30c7e23c093b490dce9c002b5fee0c920f3d,de6ea5de379e0052725590fba0c9d0eee593220faf759b65a27445e987c385d6,0.44790518191841233
v16x,1536,9299,123078,exposure_matched_local,1993113078,seed_family_b,1,14,04ee87d5033a577edae7866f74da30c7e23c093b490dce9c002b5fee0c920f3d,7308a24e70ebbbf6a6982ad9a5a61995ec46809bec8c162fcc828c38d0dadb1a,0.43329658213891953
v16x,1536,9299,123078,exposure_matched_local,1993113078,seed_family_b,1,15,04ee87d5033a577edae7866f74da30c7e23c093b490dce9c002b5fee0c920f3d,093fe385605c189e71a0557ce723e267df463e37c4797e1d9dfe3bb871fb7af0,0.44239250275633957
v16x,1536,9299,123078,exposure_matched_local,1993113078,seed_family_b,2,3,4458853fa57b882d8f3e24997de64cea8a0c10fcdc61ec5363cfb5cd48bb3076,ac8a58e7808f523257e64d724c43eff1a012268becdc5bd0ea56435aabdaafe7,0.4415656008820287
v16x,1536,9299,123078,exposure_matched_local,1993113078,seed_family_b,2,4,4458853fa57b882d8f3e24997de64cea8a0c10fcdc61ec5363cfb5cd48bb3076,08e2b1968c1d049fbad632bebe7db259e8ac17cff8203d91991db2e34edc36f0,0.4401874310915105
v16x,1536,9299,123078,exposure_matched_local,1993113078,seed_family_b,2,5,4458853fa57b882d8f3e24997de64cea8a0c10fcdc61ec5363cfb5cd48bb3076,e449724307a79f6ceadd3ad43851690ebabe31ea81c31950946d64db82918569,0.4468026460859978
v16x,1536,9299,123078,exposure_matched_local,1993113078,seed_family_b,2,6,4458853fa57b882d8f3e24997de64cea8a0c10fcdc61ec5363cfb5cd48bb3076,535cb1b1d59745dc8be694f392118c1ac3ac18a78e41bae3bd26f9cd7fa4f8b3,0.45011025358324147
v16x,1536,9299,123078,exposure_matched_local,1993113078,seed_family_b,2,7,4458853fa57b882d8f3e24997de64cea8a0c10fcdc61ec5363cfb5cd48bb3076,2739bc01965444d5b2e3597409379734c7666333cfab7d2b035bc9b242aab079,0.4401874310915105
v16x,1536,9299,123078,exposure_matched_local,1993113078,seed_family_b,2,8,4458853fa57b882d8f3e24997de64cea8a0c10fcdc61ec5363cfb5cd48bb3076,d166b7fd4e8e99f1b969ad70d497a2c67414287d0df12ccce7d70ee3fd2d3357,0.4341234840132304
v16x,1536,9299,123078,exposure_matched_local,1993113078,seed_family_b,2,9,4458853fa57b882d8f3e24997de64cea8a0c10fcdc61ec5363cfb5cd48bb3076,ce06d169a40c2d76bfdfa620ec7aeb846590ae2af747516c34d59a0e173bb7b2,0.43522601984564496
v16x,1536,9299,123078,exposure_matched_local,1993113078,seed_family_b,2,10,4458853fa57b882d8f3e24997de64cea8a0c10fcdc61ec5363cfb5cd48bb3076,62a34329feecc88afff02f4e9c3c8446383a406aaa088cc859435c9960e9b876,0.43798235942668134
v16x,1536,9299,123078,exposure_matched_local,1993113078,seed_family_b,2,11,4458853fa57b882d8f3e24997de64cea8a0c10fcdc61ec5363cfb5cd48bb3076,e11dd701bf73b7752f4ef44c6e934da30852029833e80f39f69f8574eeb19bea,0.428335170893054
v16x,1536,9299,123078,exposure_matched_local,1993113078,seed_family_b,2,12,4458853fa57b882d8f3e24997de64cea8a0c10fcdc61ec5363cfb5cd48bb3076,fa678a268adeed866ca2f7504f02262709a89060c5f01e6a273e598c9c841883,0.4388092613009923
v16x,1536,9299,123078,exposure_matched_local,1993113078,seed_family_b,2,13,4458853fa57b882d8f3e24997de64cea8a0c10fcdc61ec5363cfb5cd48bb3076,de6ea5de379e0052725590fba0c9d0eee593220faf759b65a27445e987c385d6,0.43715545755237045
v16x,1536,9299,123078,exposure_matched_local,1993113078,seed_family_b,2,14,4458853fa57b882d8f3e24997de64cea8a0c10fcdc61ec5363cfb5cd48bb3076,7308a24e70ebbbf6a6982ad9a5a61995ec46809bec8c162fcc828c38d0dadb1a,0.4308158765159868
v16x,1536,9299,123078,exposure_matched_local,1993113078,seed_family_b,2,15,4458853fa57b882d8f3e24997de64cea8a0c10fcdc61ec5363cfb5cd48bb3076,093fe385605c189e71a0557ce723e267df463e37c4797e1d9dfe3bb871fb7af0,0.43853362734288864
v16x,1536,9299,123078,exposure_matched_local,1993113078,seed_family_b,3,4,ac8a58e7808f523257e64d724c43eff1a012268becdc5bd0ea56435aabdaafe7,08e2b1968c1d049fbad632bebe7db259e8ac17cff8203d91991db2e34edc36f0,0.45369349503858875
v16x,1536,9299,123078,exposure_matched_local,1993113078,seed_family_b,3,5,ac8a58e7808f523257e64d724c43eff1a012268becdc5bd0ea56435aabdaafe7,e449724307a79f6ceadd3ad43851690ebabe31ea81c31950946d64db82918569,0.44845644983461963
v16x,1536,9299,123078,exposure_matched_local,1993113078,seed_family_b,3,6,ac8a58e7808f523257e64d724c43eff1a012268becdc5bd0ea56435aabdaafe7,535cb1b1d59745dc8be694f392118c1ac3ac18a78e41bae3bd26f9cd7fa4f8b3,0.4401874310915105
v16x,1536,9299,123078,exposure_matched_local,1993113078,seed_family_b,3,7,ac8a58e7808f523257e64d724c43eff1a012268becdc5bd0ea56435aabdaafe7,2739bc01965444d5b2e3597409379734c7666333cfab7d2b035bc9b242aab079,0.45424476295479604
v16x,1536,9299,123078,exposure_matched_local,1993113078,seed_family_b,3,8,ac8a58e7808f523257e64d724c43eff1a012268becdc5bd0ea56435aabdaafe7,d166b7fd4e8e99f1b969ad70d497a2c67414287d0df12ccce7d70ee3fd2d3357,0.4454244762954796
v16x,1536,9299,123078,exposure_matched_local,1993113078,seed_family_b,3,9,ac8a58e7808f523257e64d724c43eff1a012268becdc5bd0ea56435aabdaafe7,ce06d169a40c2d76bfdfa620ec7aeb846590ae2af747516c34d59a0e173bb7b2,0.4434950385887541
v16x,1536,9299,123078,exposure_matched_local,1993113078,seed_family_b,3,10,ac8a58e7808f523257e64d724c43eff1a012268becdc5bd0ea56435aabdaafe7,62a34329feecc88afff02f4e9c3c8446383a406aaa088cc859435c9960e9b876,0.44377067254685776
v16x,1536,9299,123078,exposure_matched_local,1993113078,seed_family_b,3,11,ac8a58e7808f523257e64d724c43eff1a012268becdc5bd0ea56435aabdaafe7,e11dd701bf73b7752f4ef44c6e934da30852029833e80f39f69f8574eeb19bea,0.4492833517089305
v16x,1536,9299,123078,exposure_matched_local,1993113078,seed_family_b,3,12,ac8a58e7808f523257e64d724c43eff1a012268becdc5bd0ea56435aabdaafe7,fa678a268adeed866ca2f7504f02262709a89060c5f01e6a273e598c9c841883,0.4476295479603087
v16x,1536,9299,123078,exposure_matched_local,1993113078,seed_family_b,3,13,ac8a58e7808f523257e64d724c43eff1a012268becdc5bd0ea56435aabdaafe7,de6ea5de379e0052725590fba0c9d0eee593220faf759b65a27445e987c385d6,0.4487320837927233
v16x,1536,9299,123078,exposure_matched_local,1993113078,seed_family_b,3,14,ac8a58e7808f523257e64d724c43eff1a012268becdc5bd0ea56435aabdaafe7,7308a24e70ebbbf6a6982ad9a5a61995ec46809bec8c162fcc828c38d0dadb1a,0.4517640573318633
v16x,1536,9299,123078,exposure_matched_local,1993113078,seed_family_b,3,15,ac8a58e7808f523257e64d724c43eff1a012268becdc5bd0ea56435aabdaafe7,093fe385605c189e71a0557ce723e267df463e37c4797e1d9dfe3bb871fb7af0,0.4396361631753032
v16x,1536,9299,123078,exposure_matched_local,1993113078,seed_family_b,4,5,08e2b1968c1d049fbad632bebe7db259e8ac17cff8203d91991db2e34edc36f0,e449724307a79f6ceadd3ad43851690ebabe31ea81c31950946d64db82918569,0.448180815876516
v16x,1536,9299,123078,exposure_matched_local,1993113078,seed_family_b,4,6,08e2b1968c1d049fbad632bebe7db259e8ac17cff8203d91991db2e34edc36f0,535cb1b1d59745dc8be694f392118c1ac3ac18a78e41bae3bd26f9cd7fa4f8b3,0.4410143329658214
v16x,1536,9299,123078,exposure_matched_local,1993113078,seed_family_b,4,7,08e2b1968c1d049fbad632bebe7db259e8ac17cff8203d91991db2e34edc36f0,2739bc01965444d5b2e3597409379734c7666333cfab7d2b035bc9b242aab079,0.4421168687982359
v16x,1536,9299,123078,exposure_matched_local,1993113078,seed_family_b,4,8,08e2b1968c1d049fbad632bebe7db259e8ac17cff8203d91991db2e34edc36f0,d166b7fd4e8e99f1b969ad70d497a2c67414287d0df12ccce7d70ee3fd2d3357,0.4440463065049614
v16x,1536,9299,123078,exposure_matched_local,1993113078,seed_family_b,4,9,08e2b1968c1d049fbad632bebe7db259e8ac17cff8203d91991db2e34edc36f0,ce06d169a40c2d76bfdfa620ec7aeb846590ae2af747516c34d59a0e173bb7b2,0.44046306504961413
v16x,1536,9299,123078,exposure_matched_local,1993113078,seed_family_b,4,10,08e2b1968c1d049fbad632bebe7db259e8ac17cff8203d91991db2e34edc36f0,62a34329feecc88afff02f4e9c3c8446383a406aaa088cc859435c9960e9b876,0.44514884233737595
v16x,1536,9299,123078,exposure_matched_local,1993113078,seed_family_b,4,11,08e2b1968c1d049fbad632bebe7db259e8ac17cff8203d91991db2e34edc36f0,e11dd701bf73b7752f4ef44c6e934da30852029833e80f39f69f8574eeb19bea,0.4448732083792723
v16x,1536,9299,123078,exposure_matched_local,1993113078,seed_family_b,4,12,08e2b1968c1d049fbad632bebe7db259e8ac17cff8203d91991db2e34edc36f0,fa678a268adeed866ca2f7504f02262709a89060c5f01e6a273e598c9c841883,0.45148842337375966
v16x,1536,9299,123078,exposure_matched_local,1993113078,seed_family_b,4,13,08e2b1968c1d049fbad632bebe7db259e8ac17cff8203d91991db2e34edc36f0,de6ea5de379e0052725590fba0c9d0eee593220faf759b65a27445e987c385d6,0.4517640573318633
v16x,1536,9299,123078,exposure_matched_local,1993113078,seed_family_b,4,14,08e2b1968c1d049fbad632bebe7db259e8ac17cff8203d91991db2e34edc36f0,7308a24e70ebbbf6a6982ad9a5a61995ec46809bec8c162fcc828c38d0dadb1a,0.4360529217199559
v16x,1536,9299,123078,exposure_matched_local,1993113078,seed_family_b,4,15,08e2b1968c1d049fbad632bebe7db259e8ac17cff8203d91991db2e34edc36f0,093fe385605c189e71a0557ce723e267df463e37c4797e1d9dfe3bb871fb7af0,0.4360529217199559
v16x,1536,9299,123078,exposure_matched_local,1993113078,seed_family_b,5,6,e449724307a79f6ceadd3ad43851690ebabe31ea81c31950946d64db82918569,535cb1b1d59745dc8be694f392118c1ac3ac18a78e41bae3bd26f9cd7fa4f8b3,0.44432194046306506
v16x,1536,9299,123078,exposure_matched_local,1993113078,seed_family_b,5,7,e449724307a79f6ceadd3ad43851690ebabe31ea81c31950946d64db82918569,2739bc01965444d5b2e3597409379734c7666333cfab7d2b035bc9b242aab079,0.4476295479603087
v16x,1536,9299,123078,exposure_matched_local,1993113078,seed_family_b,5,8,e449724307a79f6ceadd3ad43851690ebabe31ea81c31950946d64db82918569,d166b7fd4e8e99f1b969ad70d497a2c67414287d0df12ccce7d70ee3fd2d3357,0.4374310915104741
v16x,1536,9299,123078,exposure_matched_local,1993113078,seed_family_b,5,9,e449724307a79f6ceadd3ad43851690ebabe31ea81c31950946d64db82918569,ce06d169a40c2d76bfdfa620ec7aeb846590ae2af747516c34d59a0e173bb7b2,0.44239250275633957
v16x,1536,9299,123078,exposure_matched_local,1993113078,seed_family_b,5,10,e449724307a79f6ceadd3ad43851690ebabe31ea81c31950946d64db82918569,62a34329feecc88afff02f4e9c3c8446383a406aaa088cc859435c9960e9b876,0.43632855567805956
v16x,1536,9299,123078,exposure_matched_local,1993113078,seed_family_b,5,11,e449724307a79f6ceadd3ad43851690ebabe31ea81c31950946d64db82918569,e11dd701bf73b7752f4ef44c6e934da30852029833e80f39f69f8574eeb19bea,0.4459757442116869
v16x,1536,9299,123078,exposure_matched_local,1993113078,seed_family_b,5,12,e449724307a79f6ceadd3ad43851690ebabe31ea81c31950946d64db82918569,fa678a268adeed866ca2f7504f02262709a89060c5f01e6a273e598c9c841883,0.4396361631753032
v16x,1536,9299,123078,exposure_matched_local,1993113078,seed_family_b,5,13,e449724307a79f6ceadd3ad43851690ebabe31ea81c31950946d64db82918569,de6ea5de379e0052725590fba0c9d0eee593220faf759b65a27445e987c385d6,0.4545203969128997
v16x,1536,9299,123078,exposure_matched_local,1993113078,seed_family_b,5,14,e449724307a79f6ceadd3ad43851690ebabe31ea81c31950946d64db82918569,7308a24e70ebbbf6a6982ad9a5a61995ec46809bec8c162fcc828c38d0dadb1a,0.44707828004410144
v16x,1536,9299,123078,exposure_matched_local,1993113078,seed_family_b,5,15,e449724307a79f6ceadd3ad43851690ebabe31ea81c31950946d64db82918569,093fe385605c189e71a0557ce723e267df463e37c4797e1d9dfe3bb871fb7af0,0.43632855567805956
v16x,1536,9299,123078,exposure_matched_local,1993113078,seed_family_b,6,7,535cb1b1d59745dc8be694f392118c1ac3ac18a78e41bae3bd26f9cd7fa4f8b3,2739bc01965444d5b2e3597409379734c7666333cfab7d2b035bc9b242aab079,0.44790518191841233
v16x,1536,9299,123078,exposure_matched_local,1993113078,seed_family_b,6,8,535cb1b1d59745dc8be694f392118c1ac3ac18a78e41bae3bd26f9cd7fa4f8b3,d166b7fd4e8e99f1b969ad70d497a2c67414287d0df12ccce7d70ee3fd2d3357,0.45011025358324147
v16x,1536,9299,123078,exposure_matched_local,1993113078,seed_family_b,6,9,535cb1b1d59745dc8be694f392118c1ac3ac18a78e41bae3bd26f9cd7fa4f8b3,ce06d169a40c2d76bfdfa620ec7aeb846590ae2af747516c34d59a0e173bb7b2,0.45011025358324147
v16x,1536,9299,123078,exposure_matched_local,1993113078,seed_family_b,6,10,535cb1b1d59745dc8be694f392118c1ac3ac18a78e41bae3bd26f9cd7fa4f8b3,62a34329feecc88afff02f4e9c3c8446383a406aaa088cc859435c9960e9b876,0.44570011025358325
v16x,1536,9299,123078,exposure_matched_local,1993113078,seed_family_b,6,11,535cb1b1d59745dc8be694f392118c1ac3ac18a78e41bae3bd26f9cd7fa4f8b3,e11dd701bf73b7752f4ef44c6e934da30852029833e80f39f69f8574eeb19bea,0.45507166482910694
v16x,1536,9299,123078,exposure_matched_local,1993113078,seed_family_b,6,12,535cb1b1d59745dc8be694f392118c1ac3ac18a78e41bae3bd26f9cd7fa4f8b3,fa678a268adeed866ca2f7504f02262709a89060c5f01e6a273e598c9c841883,0.4407386990077177
v16x,1536,9299,123078,exposure_matched_local,1993113078,seed_family_b,6,13,535cb1b1d59745dc8be694f392118c1ac3ac18a78e41bae3bd26f9cd7fa4f8b3,de6ea5de379e0052725590fba0c9d0eee593220faf759b65a27445e987c385d6,0.4534178610804851
v16x,1536,9299,123078,exposure_matched_local,1993113078,seed_family_b,6,14,535cb1b1d59745dc8be694f392118c1ac3ac18a78e41bae3bd26f9cd7fa4f8b3,7308a24e70ebbbf6a6982ad9a5a61995ec46809bec8c162fcc828c38d0dadb1a,0.4487320837927233
v16x,1536,9299,123078,exposure_matched_local,1993113078,seed_family_b,6,15,535cb1b1d59745dc8be694f392118c1ac3ac18a78e41bae3bd26f9cd7fa4f8b3,093fe385605c189e71a0557ce723e267df463e37c4797e1d9dfe3bb871fb7af0,0.43908489525909594
v16x,1536,9299,123078,exposure_matched_local,1993113078,seed_family_b,7,8,2739bc01965444d5b2e3597409379734c7666333cfab7d2b035bc9b242aab079,d166b7fd4e8e99f1b969ad70d497a2c67414287d0df12ccce7d70ee3fd2d3357,0.4407386990077177
v16x,1536,9299,123078,exposure_matched_local,1993113078,seed_family_b,7,9,2739bc01965444d5b2e3597409379734c7666333cfab7d2b035bc9b242aab079,ce06d169a40c2d76bfdfa620ec7aeb846590ae2af747516c34d59a0e173bb7b2,0.45286659316427785
v16x,1536,9299,123078,exposure_matched_local,1993113078,seed_family_b,7,10,2739bc01965444d5b2e3597409379734c7666333cfab7d2b035bc9b242aab079,62a34329feecc88afff02f4e9c3c8446383a406aaa088cc859435c9960e9b876,0.4244762954796031
v16x,1536,9299,123078,exposure_matched_local,1993113078,seed_family_b,7,11,2739bc01965444d5b2e3597409379734c7666333cfab7d2b035bc9b242aab079,e11dd701bf73b7752f4ef44c6e934da30852029833e80f39f69f8574eeb19bea,0.4346747519294377
v16x,1536,9299,123078,exposure_matched_local,1993113078,seed_family_b,7,12,2739bc01965444d5b2e3597409379734c7666333cfab7d2b035bc9b242aab079,fa678a268adeed866ca2f7504f02262709a89060c5f01e6a273e598c9c841883,0.4448732083792723
v16x,1536,9299,123078,exposure_matched_local,1993113078,seed_family_b,7,13,2739bc01965444d5b2e3597409379734c7666333cfab7d2b035bc9b242aab079,de6ea5de379e0052725590fba0c9d0eee593220faf759b65a27445e987c385d6,0.4534178610804851
v16x,1536,9299,123078,exposure_matched_local,1993113078,seed_family_b,7,14,2739bc01965444d5b2e3597409379734c7666333cfab7d2b035bc9b242aab079,7308a24e70ebbbf6a6982ad9a5a61995ec46809bec8c162fcc828c38d0dadb1a,0.4426681367144432
v16x,1536,9299,123078,exposure_matched_local,1993113078,seed_family_b,7,15,2739bc01965444d5b2e3597409379734c7666333cfab7d2b035bc9b242aab079,093fe385605c189e71a0557ce723e267df463e37c4797e1d9dfe3bb871fb7af0,0.44239250275633957
v16x,1536,9299,123078,exposure_matched_local,1993113078,seed_family_b,8,9,d166b7fd4e8e99f1b969ad70d497a2c67414287d0df12ccce7d70ee3fd2d3357,ce06d169a40c2d76bfdfa620ec7aeb846590ae2af747516c34d59a0e173bb7b2,0.4506615214994487
v16x,1536,9299,123078,exposure_matched_local,1993113078,seed_family_b,8,10,d166b7fd4e8e99f1b969ad70d497a2c67414287d0df12ccce7d70ee3fd2d3357,62a34329feecc88afff02f4e9c3c8446383a406aaa088cc859435c9960e9b876,0.44377067254685776
v16x,1536,9299,123078,exposure_matched_local,1993113078,seed_family_b,8,11,d166b7fd4e8e99f1b969ad70d497a2c67414287d0df12ccce7d70ee3fd2d3357,e11dd701bf73b7752f4ef44c6e934da30852029833e80f39f69f8574eeb19bea,0.45011025358324147
v16x,1536,9299,123078,exposure_matched_local,1993113078,seed_family_b,8,12,d166b7fd4e8e99f1b969ad70d497a2c67414287d0df12ccce7d70ee3fd2d3357,fa678a268adeed866ca2f7504f02262709a89060c5f01e6a273e598c9c841883,0.4468026460859978
v16x,1536,9299,123078,exposure_matched_local,1993113078,seed_family_b,8,13,d166b7fd4e8e99f1b969ad70d497a2c67414287d0df12ccce7d70ee3fd2d3357,de6ea5de379e0052725590fba0c9d0eee593220faf759b65a27445e987c385d6,0.4368798235942668
v16x,1536,9299,123078,exposure_matched_local,1993113078,seed_family_b,8,14,d166b7fd4e8e99f1b969ad70d497a2c67414287d0df12ccce7d70ee3fd2d3357,7308a24e70ebbbf6a6982ad9a5a61995ec46809bec8c162fcc828c38d0dadb1a,0.46223814773980154
v16x,1536,9299,123078,exposure_matched_local,1993113078,seed_family_b,8,15,d166b7fd4e8e99f1b969ad70d497a2c67414287d0df12ccce7d70ee3fd2d3357,093fe385605c189e71a0557ce723e267df463e37c4797e1d9dfe3bb871fb7af0,0.45424476295479604
v16x,1536,9299,123078,exposure_matched_local,1993113078,seed_family_b,9,10,ce06d169a40c2d76bfdfa620ec7aeb846590ae2af747516c34d59a0e173bb7b2,62a34329feecc88afff02f4e9c3c8446383a406aaa088cc859435c9960e9b876,0.4462513781697905
v16x,1536,9299,123078,exposure_matched_local,1993113078,seed_family_b,9,11,ce06d169a40c2d76bfdfa620ec7aeb846590ae2af747516c34d59a0e173bb7b2,e11dd701bf73b7752f4ef44c6e934da30852029833e80f39f69f8574eeb19bea,0.4476295479603087
v16x,1536,9299,123078,exposure_matched_local,1993113078,seed_family_b,9,12,ce06d169a40c2d76bfdfa620ec7aeb846590ae2af747516c34d59a0e173bb7b2,fa678a268adeed866ca2f7504f02262709a89060c5f01e6a273e598c9c841883,0.45011025358324147
v16x,1536,9299,123078,exposure_matched_local,1993113078,seed_family_b,9,13,ce06d169a40c2d76bfdfa620ec7aeb846590ae2af747516c34d59a0e173bb7b2,de6ea5de379e0052725590fba0c9d0eee593220faf759b65a27445e987c385d6,0.4368798235942668
v16x,1536,9299,123078,exposure_matched_local,1993113078,seed_family_b,9,14,ce06d169a40c2d76bfdfa620ec7aeb846590ae2af747516c34d59a0e173bb7b2,7308a24e70ebbbf6a6982ad9a5a61995ec46809bec8c162fcc828c38d0dadb1a,0.43660418963616315
v16x,1536,9299,123078,exposure_matched_local,1993113078,seed_family_b,9,15,ce06d169a40c2d76bfdfa620ec7aeb846590ae2af747516c34d59a0e173bb7b2,093fe385605c189e71a0557ce723e267df463e37c4797e1d9dfe3bb871fb7af0,0.4547960308710033
v16x,1536,9299,123078,exposure_matched_local,1993113078,seed_family_b,10,11,62a34329feecc88afff02f4e9c3c8446383a406aaa088cc859435c9960e9b876,e11dd701bf73b7752f4ef44c6e934da30852029833e80f39f69f8574eeb19bea,0.43274531422271223
v16x,1536,9299,123078,exposure_matched_local,1993113078,seed_family_b,10,12,62a34329feecc88afff02f4e9c3c8446383a406aaa088cc859435c9960e9b876,fa678a268adeed866ca2f7504f02262709a89060c5f01e6a273e598c9c841883,0.441289966923925
v16x,1536,9299,123078,exposure_matched_local,1993113078,seed_family_b,10,13,62a34329feecc88afff02f4e9c3c8446383a406aaa088cc859435c9960e9b876,de6ea5de379e0052725590fba0c9d0eee593220faf759b65a27445e987c385d6,0.4440463065049614
v16x,1536,9299,123078,exposure_matched_local,1993113078,seed_family_b,10,14,62a34329feecc88afff02f4e9c3c8446383a406aaa088cc859435c9960e9b876,7308a24e70ebbbf6a6982ad9a5a61995ec46809bec8c162fcc828c38d0dadb1a,0.43495038588754137
v16x,1536,9299,123078,exposure_matched_local,1993113078,seed_family_b,10,15,62a34329feecc88afff02f4e9c3c8446383a406aaa088cc859435c9960e9b876,093fe385605c189e71a0557ce723e267df463e37c4797e1d9dfe3bb871fb7af0,0.45231532524807055
v16x,1536,9299,123078,exposure_matched_local,1993113078,seed_family_b,11,12,e11dd701bf73b7752f4ef44c6e934da30852029833e80f39f69f8574eeb19bea,fa678a268adeed866ca2f7504f02262709a89060c5f01e6a273e598c9c841883,0.4330209481808159
v16x,1536,9299,123078,exposure_matched_local,1993113078,seed_family_b,11,13,e11dd701bf73b7752f4ef44c6e934da30852029833e80f39f69f8574eeb19bea,de6ea5de379e0052725590fba0c9d0eee593220faf759b65a27445e987c385d6,0.4432194046306505
v16x,1536,9299,123078,exposure_matched_local,1993113078,seed_family_b,11,14,e11dd701bf73b7752f4ef44c6e934da30852029833e80f39f69f8574eeb19bea,7308a24e70ebbbf6a6982ad9a5a61995ec46809bec8c162fcc828c38d0dadb1a,0.43798235942668134
v16x,1536,9299,123078,exposure_matched_local,1993113078,seed_family_b,11,15,e11dd701bf73b7752f4ef44c6e934da30852029833e80f39f69f8574eeb19bea,093fe385605c189e71a0557ce723e267df463e37c4797e1d9dfe3bb871fb7af0,0.4459757442116869
v16x,1536,9299,123078,exposure_matched_local,1993113078,seed_family_b,12,13,fa678a268adeed866ca2f7504f02262709a89060c5f01e6a273e598c9c841883,de6ea5de379e0052725590fba0c9d0eee593220faf759b65a27445e987c385d6,0.43439911797133407
v16x,1536,9299,123078,exposure_matched_local,1993113078,seed_family_b,12,14,fa678a268adeed866ca2f7504f02262709a89060c5f01e6a273e598c9c841883,7308a24e70ebbbf6a6982ad9a5a61995ec46809bec8c162fcc828c38d0dadb1a,0.441289966923925
v16x,1536,9299,123078,exposure_matched_local,1993113078,seed_family_b,12,15,fa678a268adeed866ca2f7504f02262709a89060c5f01e6a273e598c9c841883,093fe385605c189e71a0557ce723e267df463e37c4797e1d9dfe3bb871fb7af0,0.44955898566703417
v16x,1536,9299,123078,exposure_matched_local,1993113078,seed_family_b,13,14,de6ea5de379e0052725590fba0c9d0eee593220faf759b65a27445e987c385d6,7308a24e70ebbbf6a6982ad9a5a61995ec46809bec8c162fcc828c38d0dadb1a,0.4448732083792723
v16x,1536,9299,123078,exposure_matched_local,1993113078,seed_family_b,13,15,de6ea5de379e0052725590fba0c9d0eee593220faf759b65a27445e987c385d6,093fe385605c189e71a0557ce723e267df463e37c4797e1d9dfe3bb871fb7af0,0.43936052921719954
v16x,1536,9299,123078,exposure_matched_local,1993113078,seed_family_b,14,15,7308a24e70ebbbf6a6982ad9a5a61995ec46809bec8c162fcc828c38d0dadb1a,093fe385605c189e71a0557ce723e267df463e37c4797e1d9dfe3bb871fb7af0,0.4468026460859978
v16x,1536,9299,123403,exposure_matched_local,1993113403,seed_family_a,0,1,f9430db811d539f52a31fb9c0393b23a0d0735507812789a95273a1d89b57960,8cd664c473358d5465f3127d0783931b01509e9367f7ebc926d6ae88b1226975,0.39563514269725797
v16x,1536,9299,123403,exposure_matched_local,1993113403,seed_family_a,0,2,f9430db811d539f52a31fb9c0393b23a0d0735507812789a95273a1d89b57960,e63f055eb35b3e79fdc7c469fda2f26b447c1d6d82351cdfc4ba97973e25f2d4,0.4029099048684947
v16x,1536,9299,123403,exposure_matched_local,1993113403,seed_family_a,0,3,f9430db811d539f52a31fb9c0393b23a0d0735507812789a95273a1d89b57960,0f46449b7225f3ee383a5a34685d39e15c8f554f5be2cc5989a30dcd0f8c70d0,0.40710688304420817
v16x,1536,9299,123403,exposure_matched_local,1993113403,seed_family_a,0,4,f9430db811d539f52a31fb9c0393b23a0d0735507812789a95273a1d89b57960,121fbc22401359321bd054d92e64a5a5bd33d59dee12377d7b1b57b8561dbc79,0.40318970341354227
v16x,1536,9299,123403,exposure_matched_local,1993113403,seed_family_a,0,5,f9430db811d539f52a31fb9c0393b23a0d0735507812789a95273a1d89b57960,8edf76e542e06a5034018c0561bb25642d4ddac39055530f693dc2d8edb22190,0.39899272523782875
v16x,1536,9299,123403,exposure_matched_local,1993113403,seed_family_a,0,6,f9430db811d539f52a31fb9c0393b23a0d0735507812789a95273a1d89b57960,5e254a81145d6ca708207da65e0155315eb65cd70431a9e8e3b01c8a39b134fa,0.3987129266927812
v16x,1536,9299,123403,exposure_matched_local,1993113403,seed_family_a,0,7,f9430db811d539f52a31fb9c0393b23a0d0735507812789a95273a1d89b57960,98d8abf825408cc667f628a5a6230b1a239cc6236bf50abd7545737d84b75208,0.4062674874090655
v16x,1536,9299,123403,exposure_matched_local,1993113403,seed_family_a,0,8,f9430db811d539f52a31fb9c0393b23a0d0735507812789a95273a1d89b57960,12c256603290fe80aaae3563e46cb308fb3d6af47737e5a6da267a8a5de9a537,0.39647453833240065
v16x,1536,9299,123403,exposure_matched_local,1993113403,seed_family_a,0,9,f9430db811d539f52a31fb9c0393b23a0d0735507812789a95273a1d89b57960,8a79aead4721c32534f21c8b124599afad58a5fd86c12e3bdb03bdc5a87cedf1,0.40794627867935085
v16x,1536,9299,123403,exposure_matched_local,1993113403,seed_family_a,0,10,f9430db811d539f52a31fb9c0393b23a0d0735507812789a95273a1d89b57960,db59efc51103a5001d2d2cd705526d73346c9ec5c7bf0d03075ef9abaea52683,0.39899272523782875
v16x,1536,9299,123403,exposure_matched_local,1993113403,seed_family_a,0,11,f9430db811d539f52a31fb9c0393b23a0d0735507812789a95273a1d89b57960,96957e8a9da17aeb561557049cc83544468e2aa7a6b05acc6367c34c39371d36,0.40011191941801905
v16x,1536,9299,123403,exposure_matched_local,1993113403,seed_family_a,0,12,f9430db811d539f52a31fb9c0393b23a0d0735507812789a95273a1d89b57960,2e48a0e06685da53df49c3198a64b3686632adeed563bc7bb2757733264bf2f8,0.3813654168998321
v16x,1536,9299,123403,exposure_matched_local,1993113403,seed_family_a,0,13,f9430db811d539f52a31fb9c0393b23a0d0735507812789a95273a1d89b57960,13bf8655a2264a3aa5dd0534977b39584e029747e44780259a3feba445c38607,0.3978735310576385
v16x,1536,9299,123403,exposure_matched_local,1993113403,seed_family_a,0,14,f9430db811d539f52a31fb9c0393b23a0d0735507812789a95273a1d89b57960,47afbe889836af335f0816b2f071d083e2b12da90ad96c606ca302b530d1e199,0.38304420817011753
v16x,1536,9299,123403,exposure_matched_local,1993113403,seed_family_a,0,15,f9430db811d539f52a31fb9c0393b23a0d0735507812789a95273a1d89b57960,c324c6314e18e0e121c352741111ae7547574328a2f9b74975464604d026333a,0.40207050923335197
v16x,1536,9299,123403,exposure_matched_local,1993113403,seed_family_a,1,2,8cd664c473358d5465f3127d0783931b01509e9367f7ebc926d6ae88b1226975,e63f055eb35b3e79fdc7c469fda2f26b447c1d6d82351cdfc4ba97973e25f2d4,0.4093452714045887
v16x,1536,9299,123403,exposure_matched_local,1993113403,seed_family_a,1,3,8cd664c473358d5465f3127d0783931b01509e9367f7ebc926d6ae88b1226975,0f46449b7225f3ee383a5a34685d39e15c8f554f5be2cc5989a30dcd0f8c70d0,0.4099048684946838
v16x,1536,9299,123403,exposure_matched_local,1993113403,seed_family_a,1,4,8cd664c473358d5465f3127d0783931b01509e9367f7ebc926d6ae88b1226975,121fbc22401359321bd054d92e64a5a5bd33d59dee12377d7b1b57b8561dbc79,0.39255735870173475
v16x,1536,9299,123403,exposure_matched_local,1993113403,seed_family_a,1,5,8cd664c473358d5465f3127d0783931b01509e9367f7ebc926d6ae88b1226975,8edf76e542e06a5034018c0561bb25642d4ddac39055530f693dc2d8edb22190,0.39647453833240065
v16x,1536,9299,123403,exposure_matched_local,1993113403,seed_family_a,1,6,8cd664c473358d5465f3127d0783931b01509e9367f7ebc926d6ae88b1226975,5e254a81145d6ca708207da65e0155315eb65cd70431a9e8e3b01c8a39b134fa,0.38444320089535533
v16x,1536,9299,123403,exposure_matched_local,1993113403,seed_family_a,1,7,8cd664c473358d5465f3127d0783931b01509e9367f7ebc926d6ae88b1226975,98d8abf825408cc667f628a5a6230b1a239cc6236bf50abd7545737d84b75208,0.39647453833240065
v16x,1536,9299,123403,exposure_matched_local,1993113403,seed_family_a,1,8,8cd664c473358d5465f3127d0783931b01509e9367f7ebc926d6ae88b1226975,12c256603290fe80aaae3563e46cb308fb3d6af47737e5a6da267a8a5de9a537,0.39899272523782875
v16x,1536,9299,123403,exposure_matched_local,1993113403,seed_family_a,1,9,8cd664c473358d5465f3127d0783931b01509e9367f7ebc926d6ae88b1226975,8a79aead4721c32534f21c8b124599afad58a5fd86c12e3bdb03bdc5a87cedf1,0.4101846670397314
v16x,1536,9299,123403,exposure_matched_local,1993113403,seed_family_a,1,10,8cd664c473358d5465f3127d0783931b01509e9367f7ebc926d6ae88b1226975,db59efc51103a5001d2d2cd705526d73346c9ec5c7bf0d03075ef9abaea52683,0.41130386121992163
v16x,1536,9299,123403,exposure_matched_local,1993113403,seed_family_a,1,11,8cd664c473358d5465f3127d0783931b01509e9367f7ebc926d6ae88b1226975,96957e8a9da17aeb561557049cc83544468e2aa7a6b05acc6367c34c39371d36,0.40067151650811417
v16x,1536,9299,123403,exposure_matched_local,1993113403,seed_family_a,1,12,8cd664c473358d5465f3127d0783931b01509e9367f7ebc926d6ae88b1226975,2e48a0e06685da53df49c3198a64b3686632adeed563bc7bb2757733264bf2f8,0.3928371572467823
v16x,1536,9299,123403,exposure_matched_local,1993113403,seed_family_a,1,13,8cd664c473358d5465f3127d0783931b01509e9367f7ebc926d6ae88b1226975,13bf8655a2264a3aa5dd0534977b39584e029747e44780259a3feba445c38607,0.3978735310576385
v16x,1536,9299,123403,exposure_matched_local,1993113403,seed_family_a,1,14,8cd664c473358d5465f3127d0783931b01509e9367f7ebc926d6ae88b1226975,47afbe889836af335f0816b2f071d083e2b12da90ad96c606ca302b530d1e199,0.3945159485170677
v16x,1536,9299,123403,exposure_matched_local,1993113403,seed_family_a,1,15,8cd664c473358d5465f3127d0783931b01509e9367f7ebc926d6ae88b1226975,c324c6314e18e0e121c352741111ae7547574328a2f9b74975464604d026333a,0.3858421936205932
v16x,1536,9299,123403,exposure_matched_local,1993113403,seed_family_a,2,3,e63f055eb35b3e79fdc7c469fda2f26b447c1d6d82351cdfc4ba97973e25f2d4,0f46449b7225f3ee383a5a34685d39e15c8f554f5be2cc5989a30dcd0f8c70d0,0.39899272523782875
v16x,1536,9299,123403,exposure_matched_local,1993113403,seed_family_a,2,4,e63f055eb35b3e79fdc7c469fda2f26b447c1d6d82351cdfc4ba97973e25f2d4,121fbc22401359321bd054d92e64a5a5bd33d59dee12377d7b1b57b8561dbc79,0.39199776161163963
v16x,1536,9299,123403,exposure_matched_local,1993113403,seed_family_a,2,5,e63f055eb35b3e79fdc7c469fda2f26b447c1d6d82351cdfc4ba97973e25f2d4,8edf76e542e06a5034018c0561bb25642d4ddac39055530f693dc2d8edb22190,0.40318970341354227
v16x,1536,9299,123403,exposure_matched_local,1993113403,seed_family_a,2,6,e63f055eb35b3e79fdc7c469fda2f26b447c1d6d82351cdfc4ba97973e25f2d4,5e254a81145d6ca708207da65e0155315eb65cd70431a9e8e3b01c8a39b134fa,0.39199776161163963
v16x,1536,9299,123403,exposure_matched_local,1993113403,seed_family_a,2,7,e63f055eb35b3e79fdc7c469fda2f26b447c1d6d82351cdfc4ba97973e25f2d4,98d8abf825408cc667f628a5a6230b1a239cc6236bf50abd7545737d84b75208,0.4037493005036374
v16x,1536,9299,123403,exposure_matched_local,1993113403,seed_family_a,2,8,e63f055eb35b3e79fdc7c469fda2f26b447c1d6d82351cdfc4ba97973e25f2d4,12c256603290fe80aaae3563e46cb308fb3d6af47737e5a6da267a8a5de9a537,0.41158365976496925
v16x,1536,9299,123403,exposure_matched_local,1993113403,seed_family_a,2,9,e63f055eb35b3e79fdc7c469fda2f26b447c1d6d82351cdfc4ba97973e25f2d4,8a79aead4721c32534f21c8b124599afad58a5fd86c12e3bdb03bdc5a87cedf1,0.3970341354224958
v16x,1536,9299,123403,exposure_matched_local,1993113403,seed_family_a,2,10,e63f055eb35b3e79fdc7c469fda2f26b447c1d6d82351cdfc4ba97973e25f2d4,db59efc51103a5001d2d2cd705526d73346c9ec5c7bf0d03075ef9abaea52683,0.3978735310576385
v16x,1536,9299,123403,exposure_matched_local,1993113403,seed_family_a,2,11,e63f055eb35b3e79fdc7c469fda2f26b447c1d6d82351cdfc4ba97973e25f2d4,96957e8a9da17aeb561557049cc83544468e2aa7a6b05acc6367c34c39371d36,0.38416340235030777
v16x,1536,9299,123403,exposure_matched_local,1993113403,seed_family_a,2,12,e63f055eb35b3e79fdc7c469fda2f26b447c1d6d82351cdfc4ba97973e25f2d4,2e48a0e06685da53df49c3198a64b3686632adeed563bc7bb2757733264bf2f8,0.4003917179630666
v16x,1536,9299,123403,exposure_matched_local,1993113403,seed_family_a,2,13,e63f055eb35b3e79fdc7c469fda2f26b447c1d6d82351cdfc4ba97973e25f2d4,13bf8655a2264a3aa5dd0534977b39584e029747e44780259a3feba445c38607,0.3855623950755456
v16x,1536,9299,123403,exposure_matched_local,1993113403,seed_family_a,2,14,e63f055eb35b3e79fdc7c469fda2f26b447c1d6d82351cdfc4ba97973e25f2d4,47afbe889836af335f0816b2f071d083e2b12da90ad96c606ca302b530d1e199,0.40318970341354227
v16x,1536,9299,123403,exposure_matched_local,1993113403,seed_family_a,2,15,e63f055eb35b3e79fdc7c469fda2f26b447c1d6d82351cdfc4ba97973e25f2d4,c324c6314e18e0e121c352741111ae7547574328a2f9b74975464604d026333a,0.40011191941801905
v16x,1536,9299,123403,exposure_matched_local,1993113403,seed_family_a,3,4,0f46449b7225f3ee383a5a34685d39e15c8f554f5be2cc5989a30dcd0f8c70d0,121fbc22401359321bd054d92e64a5a5bd33d59dee12377d7b1b57b8561dbc79,0.38808058198097367
v16x,1536,9299,123403,exposure_matched_local,1993113403,seed_family_a,3,5,0f46449b7225f3ee383a5a34685d39e15c8f554f5be2cc5989a30dcd0f8c70d0,8edf76e542e06a5034018c0561bb25642d4ddac39055530f693dc2d8edb22190,0.39759373251259095
v16x,1536,9299,123403,exposure_matched_local,1993113403,seed_family_a,3,6,0f46449b7225f3ee383a5a34685d39e15c8f554f5be2cc5989a30dcd0f8c70d0,5e254a81145d6ca708207da65e0155315eb65cd70431a9e8e3b01c8a39b134fa,0.40318970341354227
v16x,1536,9299,123403,exposure_matched_local,1993113403,seed_family_a,3,7,0f46449b7225f3ee383a5a34685d39e15c8f554f5be2cc5989a30dcd0f8c70d0,98d8abf825408cc667f628a5a6230b1a239cc6236bf50abd7545737d84b75208,0.39311695579182987
v16x,1536,9299,123403,exposure_matched_local,1993113403,seed_family_a,3,8,0f46449b7225f3ee383a5a34685d39e15c8f554f5be2cc5989a30dcd0f8c70d0,12c256603290fe80aaae3563e46cb308fb3d6af47737e5a6da267a8a5de9a537,0.39955232232792387
v16x,1536,9299,123403,exposure_matched_local,1993113403,seed_family_a,3,9,0f46449b7225f3ee383a5a34685d39e15c8f554f5be2cc5989a30dcd0f8c70d0,8a79aead4721c32534f21c8b124599afad58a5fd86c12e3bdb03bdc5a87cedf1,0.38444320089535533
v16x,1536,9299,123403,exposure_matched_local,1993113403,seed_family_a,3,10,0f46449b7225f3ee383a5a34685d39e15c8f554f5be2cc5989a30dcd0f8c70d0,db59efc51103a5001d2d2cd705526d73346c9ec5c7bf0d03075ef9abaea52683,0.41046446558477895
v16x,1536,9299,123403,exposure_matched_local,1993113403,seed_family_a,3,11,0f46449b7225f3ee383a5a34685d39e15c8f554f5be2cc5989a30dcd0f8c70d0,96957e8a9da17aeb561557049cc83544468e2aa7a6b05acc6367c34c39371d36,0.4003917179630666
v16x,1536,9299,123403,exposure_matched_local,1993113403,seed_family_a,3,12,0f46449b7225f3ee383a5a34685d39e15c8f554f5be2cc5989a30dcd0f8c70d0,2e48a0e06685da53df49c3198a64b3686632adeed563bc7bb2757733264bf2f8,0.3992725237828763
v16x,1536,9299,123403,exposure_matched_local,1993113403,seed_family_a,3,13,0f46449b7225f3ee383a5a34685d39e15c8f554f5be2cc5989a30dcd0f8c70d0,13bf8655a2264a3aa5dd0534977b39584e029747e44780259a3feba445c38607,0.4034695019585898
v16x,1536,9299,123403,exposure_matched_local,1993113403,seed_family_a,3,14,0f46449b7225f3ee383a5a34685d39e15c8f554f5be2cc5989a30dcd0f8c70d0,47afbe889836af335f0816b2f071d083e2b12da90ad96c606ca302b530d1e199,0.39815332960268607
v16x,1536,9299,123403,exposure_matched_local,1993113403,seed_family_a,3,15,0f46449b7225f3ee383a5a34685d39e15c8f554f5be2cc5989a30dcd0f8c70d0,c324c6314e18e0e121c352741111ae7547574328a2f9b74975464604d026333a,0.4101846670397314
v16x,1536,9299,123403,exposure_matched_local,1993113403,seed_family_a,4,5,121fbc22401359321bd054d92e64a5a5bd33d59dee12377d7b1b57b8561dbc79,8edf76e542e06a5034018c0561bb25642d4ddac39055530f693dc2d8edb22190,0.4029099048684947
v16x,1536,9299,123403,exposure_matched_local,1993113403,seed_family_a,4,6,121fbc22401359321bd054d92e64a5a5bd33d59dee12377d7b1b57b8561dbc79,5e254a81145d6ca708207da65e0155315eb65cd70431a9e8e3b01c8a39b134fa,0.39899272523782875
v16x,1536,9299,123403,exposure_matched_local,1993113403,seed_family_a,4,7,121fbc22401359321bd054d92e64a5a5bd33d59dee12377d7b1b57b8561dbc79,98d8abf825408cc667f628a5a6230b1a239cc6236bf50abd7545737d84b75208,0.38108561835478455
v16x,1536,9299,123403,exposure_matched_local,1993113403,seed_family_a,4,8,121fbc22401359321bd054d92e64a5a5bd33d59dee12377d7b1b57b8561dbc79,12c256603290fe80aaae3563e46cb308fb3d6af47737e5a6da267a8a5de9a537,0.40542809177392275
v16x,1536,9299,123403,exposure_matched_local,1993113403,seed_family_a,4,9,121fbc22401359321bd054d92e64a5a5bd33d59dee12377d7b1b57b8561dbc79,8a79aead4721c32534f21c8b124599afad58a5fd86c12e3bdb03bdc5a87cedf1,0.40235030777839953
v16x,1536,9299,123403,exposure_matched_local,1993113403,seed_family_a,4,10,121fbc22401359321bd054d92e64a5a5bd33d59dee12377d7b1b57b8561dbc79,db59efc51103a5001d2d2cd705526d73346c9ec5c7bf0d03075ef9abaea52683,0.4034695019585898
v16x,1536,9299,123403,exposure_matched_local,1993113403,seed_family_a,4,11,121fbc22401359321bd054d92e64a5a5bd33d59dee12377d7b1b57b8561dbc79,96957e8a9da17aeb561557049cc83544468e2aa7a6b05acc6367c34c39371d36,0.4009513150531617
v16x,1536,9299,123403,exposure_matched_local,1993113403,seed_family_a,4,12,121fbc22401359321bd054d92e64a5a5bd33d59dee12377d7b1b57b8561dbc79,2e48a0e06685da53df49c3198a64b3686632adeed563bc7bb2757733264bf2f8,0.40318970341354227
v16x,1536,9299,123403,exposure_matched_local,1993113403,seed_family_a,4,13,121fbc22401359321bd054d92e64a5a5bd33d59dee12377d7b1b57b8561dbc79,13bf8655a2264a3aa5dd0534977b39584e029747e44780259a3feba445c38607,0.4043088975937325
v16x,1536,9299,123403,exposure_matched_local,1993113403,seed_family_a,4,14,121fbc22401359321bd054d92e64a5a5bd33d59dee12377d7b1b57b8561dbc79,47afbe889836af335f0816b2f071d083e2b12da90ad96c606ca302b530d1e199,0.4009513150531617
v16x,1536,9299,123403,exposure_matched_local,1993113403,seed_family_a,4,15,121fbc22401359321bd054d92e64a5a5bd33d59dee12377d7b1b57b8561dbc79,c324c6314e18e0e121c352741111ae7547574328a2f9b74975464604d026333a,0.3945159485170677
v16x,1536,9299,123403,exposure_matched_local,1993113403,seed_family_a,5,6,8edf76e542e06a5034018c0561bb25642d4ddac39055530f693dc2d8edb22190,5e254a81145d6ca708207da65e0155315eb65cd70431a9e8e3b01c8a39b134fa,0.40570789031897037
v16x,1536,9299,123403,exposure_matched_local,1993113403,seed_family_a,5,7,8edf76e542e06a5034018c0561bb25642d4ddac39055530f693dc2d8edb22190,98d8abf825408cc667f628a5a6230b1a239cc6236bf50abd7545737d84b75208,0.40011191941801905
v16x,1536,9299,123403,exposure_matched_local,1993113403,seed_family_a,5,8,8edf76e542e06a5034018c0561bb25642d4ddac39055530f693dc2d8edb22190,12c256603290fe80aaae3563e46cb308fb3d6af47737e5a6da267a8a5de9a537,0.39059876888640177
v16x,1536,9299,123403,exposure_matched_local,1993113403,seed_family_a,5,9,8edf76e542e06a5034018c0561bb25642d4ddac39055530f693dc2d8edb22190,8a79aead4721c32534f21c8b124599afad58a5fd86c12e3bdb03bdc5a87cedf1,0.3970341354224958
v16x,1536,9299,123403,exposure_matched_local,1993113403,seed_family_a,5,10,8edf76e542e06a5034018c0561bb25642d4ddac39055530f693dc2d8edb22190,db59efc51103a5001d2d2cd705526d73346c9ec5c7bf0d03075ef9abaea52683,0.38947957470621153
v16x,1536,9299,123403,exposure_matched_local,1993113403,seed_family_a,5,11,8edf76e542e06a5034018c0561bb25642d4ddac39055530f693dc2d8edb22190,96957e8a9da17aeb561557049cc83544468e2aa7a6b05acc6367c34c39371d36,0.4059876888640179
v16x,1536,9299,123403,exposure_matched_local,1993113403,seed_family_a,5,12,8edf76e542e06a5034018c0561bb25642d4ddac39055530f693dc2d8edb22190,2e48a0e06685da53df49c3198a64b3686632adeed563bc7bb2757733264bf2f8,0.3847229994404029
v16x,1536,9299,123403,exposure_matched_local,1993113403,seed_family_a,5,13,8edf76e542e06a5034018c0561bb25642d4ddac39055530f693dc2d8edb22190,13bf8655a2264a3aa5dd0534977b39584e029747e44780259a3feba445c38607,0.4051482932288752
v16x,1536,9299,123403,exposure_matched_local,1993113403,seed_family_a,5,14,8edf76e542e06a5034018c0561bb25642d4ddac39055530f693dc2d8edb22190,47afbe889836af335f0816b2f071d083e2b12da90ad96c606ca302b530d1e199,0.39171796306659207
v16x,1536,9299,123403,exposure_matched_local,1993113403,seed_family_a,5,15,8edf76e542e06a5034018c0561bb25642d4ddac39055530f693dc2d8edb22190,c324c6314e18e0e121c352741111ae7547574328a2f9b74975464604d026333a,0.4029099048684947
v16x,1536,9299,123403,exposure_matched_local,1993113403,seed_family_a,6,7,5e254a81145d6ca708207da65e0155315eb65cd70431a9e8e3b01c8a39b134fa,98d8abf825408cc667f628a5a6230b1a239cc6236bf50abd7545737d84b75208,0.4029099048684947
v16x,1536,9299,123403,exposure_matched_local,1993113403,seed_family_a,6,8,5e254a81145d6ca708207da65e0155315eb65cd70431a9e8e3b01c8a39b134fa,12c256603290fe80aaae3563e46cb308fb3d6af47737e5a6da267a8a5de9a537,0.3978735310576385
v16x,1536,9299,123403,exposure_matched_local,1993113403,seed_family_a,6,9,5e254a81145d6ca708207da65e0155315eb65cd70431a9e8e3b01c8a39b134fa,8a79aead4721c32534f21c8b124599afad58a5fd86c12e3bdb03bdc5a87cedf1,0.3973139339675434
v16x,1536,9299,123403,exposure_matched_local,1993113403,seed_family_a,6,10,5e254a81145d6ca708207da65e0155315eb65cd70431a9e8e3b01c8a39b134fa,db59efc51103a5001d2d2cd705526d73346c9ec5c7bf0d03075ef9abaea52683,0.39311695579182987
v16x,1536,9299,123403,exposure_matched_local,1993113403,seed_family_a,6,11,5e254a81145d6ca708207da65e0155315eb65cd70431a9e8e3b01c8a39b134fa,96957e8a9da17aeb561557049cc83544468e2aa7a6b05acc6367c34c39371d36,0.3922775601566872
v16x,1536,9299,123403,exposure_matched_local,1993113403,seed_family_a,6,12,5e254a81145d6ca708207da65e0155315eb65cd70431a9e8e3b01c8a39b134fa,2e48a0e06685da53df49c3198a64b3686632adeed563bc7bb2757733264bf2f8,0.40318970341354227
v16x,1536,9299,123403,exposure_matched_local,1993113403,seed_family_a,6,13,5e254a81145d6ca708207da65e0155315eb65cd70431a9e8e3b01c8a39b134fa,13bf8655a2264a3aa5dd0534977b39584e029747e44780259a3feba445c38607,0.40458869613878007
v16x,1536,9299,123403,exposure_matched_local,1993113403,seed_family_a,6,14,5e254a81145d6ca708207da65e0155315eb65cd70431a9e8e3b01c8a39b134fa,47afbe889836af335f0816b2f071d083e2b12da90ad96c606ca302b530d1e199,0.3987129266927812
v16x,1536,9299,123403,exposure_matched_local,1993113403,seed_family_a,6,15,5e254a81145d6ca708207da65e0155315eb65cd70431a9e8e3b01c8a39b134fa,c324c6314e18e0e121c352741111ae7547574328a2f9b74975464604d026333a,0.40067151650811417
v16x,1536,9299,123403,exposure_matched_local,1993113403,seed_family_a,7,8,98d8abf825408cc667f628a5a6230b1a239cc6236bf50abd7545737d84b75208,12c256603290fe80aaae3563e46cb308fb3d6af47737e5a6da267a8a5de9a537,0.39199776161163963
v16x,1536,9299,123403,exposure_matched_local,1993113403,seed_family_a,7,9,98d8abf825408cc667f628a5a6230b1a239cc6236bf50abd7545737d84b75208,8a79aead4721c32534f21c8b124599afad58a5fd86c12e3bdb03bdc5a87cedf1,0.39003917179630665
v16x,1536,9299,123403,exposure_matched_local,1993113403,seed_family_a,7,10,98d8abf825408cc667f628a5a6230b1a239cc6236bf50abd7545737d84b75208,db59efc51103a5001d2d2cd705526d73346c9ec5c7bf0d03075ef9abaea52683,0.40654728595411305
v16x,1536,9299,123403,exposure_matched_local,1993113403,seed_family_a,7,11,98d8abf825408cc667f628a5a6230b1a239cc6236bf50abd7545737d84b75208,96957e8a9da17aeb561557049cc83544468e2aa7a6b05acc6367c34c39371d36,0.40151091214325685
v16x,1536,9299,123403,exposure_matched_local,1993113403,seed_family_a,7,12,98d8abf825408cc667f628a5a6230b1a239cc6236bf50abd7545737d84b75208,2e48a0e06685da53df49c3198a64b3686632adeed563bc7bb2757733264bf2f8,0.40235030777839953
v16x,1536,9299,123403,exposure_matched_local,1993113403,seed_family_a,7,13,98d8abf825408cc667f628a5a6230b1a239cc6236bf50abd7545737d84b75208,13bf8655a2264a3aa5dd0534977b39584e029747e44780259a3feba445c38607,0.4037493005036374
v16x,1536,9299,123403,exposure_matched_local,1993113403,seed_family_a,7,14,98d8abf825408cc667f628a5a6230b1a239cc6236bf50abd7545737d84b75208,47afbe889836af335f0816b2f071d083e2b12da90ad96c606ca302b530d1e199,0.40402909904868495
v16x,1536,9299,123403,exposure_matched_local,1993113403,seed_family_a,7,15,98d8abf825408cc667f628a5a6230b1a239cc6236bf50abd7545737d84b75208,c324c6314e18e0e121c352741111ae7547574328a2f9b74975464604d026333a,0.39059876888640177
v16x,1536,9299,123403,exposure_matched_local,1993113403,seed_family_a,8,9,12c256603290fe80aaae3563e46cb308fb3d6af47737e5a6da267a8a5de9a537,8a79aead4721c32534f21c8b124599afad58a5fd86c12e3bdb03bdc5a87cedf1,0.3978735310576385
v16x,1536,9299,123403,exposure_matched_local,1993113403,seed_family_a,8,10,12c256603290fe80aaae3563e46cb308fb3d6af47737e5a6da267a8a5de9a537,db59efc51103a5001d2d2cd705526d73346c9ec5c7bf0d03075ef9abaea52683,0.39339675433687743
v16x,1536,9299,123403,exposure_matched_local,1993113403,seed_family_a,8,11,12c256603290fe80aaae3563e46cb308fb3d6af47737e5a6da267a8a5de9a537,96957e8a9da17aeb561557049cc83544468e2aa7a6b05acc6367c34c39371d36,0.39423614997202017
v16x,1536,9299,123403,exposure_matched_local,1993113403,seed_family_a,8,12,12c256603290fe80aaae3563e46cb308fb3d6af47737e5a6da267a8a5de9a537,2e48a0e06685da53df49c3198a64b3686632adeed563bc7bb2757733264bf2f8,0.40738668158925573
v16x,1536,9299,123403,exposure_matched_local,1993113403,seed_family_a,8,13,12c256603290fe80aaae3563e46cb308fb3d6af47737e5a6da267a8a5de9a537,13bf8655a2264a3aa5dd0534977b39584e029747e44780259a3feba445c38607,0.40906547285954115
v16x,1536,9299,123403,exposure_matched_local,1993113403,seed_family_a,8,14,12c256603290fe80aaae3563e46cb308fb3d6af47737e5a6da267a8a5de9a537,47afbe889836af335f0816b2f071d083e2b12da90ad96c606ca302b530d1e199,0.39507554560716285
v16x,1536,9299,123403,exposure_matched_local,1993113403,seed_family_a,8,15,12c256603290fe80aaae3563e46cb308fb3d6af47737e5a6da267a8a5de9a537,c324c6314e18e0e121c352741111ae7547574328a2f9b74975464604d026333a,0.40906547285954115
v16x,1536,9299,123403,exposure_matched_local,1993113403,seed_family_a,9,10,8a79aead4721c32534f21c8b124599afad58a5fd86c12e3bdb03bdc5a87cedf1,db59efc51103a5001d2d2cd705526d73346c9ec5c7bf0d03075ef9abaea52683,0.38808058198097367
v16x,1536,9299,123403,exposure_matched_local,1993113403,seed_family_a,9,11,8a79aead4721c32534f21c8b124599afad58a5fd86c12e3bdb03bdc5a87cedf1,96957e8a9da17aeb561557049cc83544468e2aa7a6b05acc6367c34c39371d36,0.38276440962506997
v16x,1536,9299,123403,exposure_matched_local,1993113403,seed_family_a,9,12,8a79aead4721c32534f21c8b124599afad58a5fd86c12e3bdb03bdc5a87cedf1,2e48a0e06685da53df49c3198a64b3686632adeed563bc7bb2757733264bf2f8,0.3970341354224958
v16x,1536,9299,123403,exposure_matched_local,1993113403,seed_family_a,9,13,8a79aead4721c32534f21c8b124599afad58a5fd86c12e3bdb03bdc5a87cedf1,13bf8655a2264a3aa5dd0534977b39584e029747e44780259a3feba445c38607,0.41214325685506437
v16x,1536,9299,123403,exposure_matched_local,1993113403,seed_family_a,9,14,8a79aead4721c32534f21c8b124599afad58a5fd86c12e3bdb03bdc5a87cedf1,47afbe889836af335f0816b2f071d083e2b12da90ad96c606ca302b530d1e199,0.4003917179630666
v16x,1536,9299,123403,exposure_matched_local,1993113403,seed_family_a,9,15,8a79aead4721c32534f21c8b124599afad58a5fd86c12e3bdb03bdc5a87cedf1,c324c6314e18e0e121c352741111ae7547574328a2f9b74975464604d026333a,0.40906547285954115
v16x,1536,9299,123403,exposure_matched_local,1993113403,seed_family_a,10,11,db59efc51103a5001d2d2cd705526d73346c9ec5c7bf0d03075ef9abaea52683,96957e8a9da17aeb561557049cc83544468e2aa7a6b05acc6367c34c39371d36,0.3973139339675434
v16x,1536,9299,123403,exposure_matched_local,1993113403,seed_family_a,10,12,db59efc51103a5001d2d2cd705526d73346c9ec5c7bf0d03075ef9abaea52683,2e48a0e06685da53df49c3198a64b3686632adeed563bc7bb2757733264bf2f8,0.3970341354224958
v16x,1536,9299,123403,exposure_matched_local,1993113403,seed_family_a,10,13,db59efc51103a5001d2d2cd705526d73346c9ec5c7bf0d03075ef9abaea52683,13bf8655a2264a3aa5dd0534977b39584e029747e44780259a3feba445c38607,0.39563514269725797
v16x,1536,9299,123403,exposure_matched_local,1993113403,seed_family_a,10,14,db59efc51103a5001d2d2cd705526d73346c9ec5c7bf0d03075ef9abaea52683,47afbe889836af335f0816b2f071d083e2b12da90ad96c606ca302b530d1e199,0.39423614997202017
v16x,1536,9299,123403,exposure_matched_local,1993113403,seed_family_a,10,15,db59efc51103a5001d2d2cd705526d73346c9ec5c7bf0d03075ef9abaea52683,c324c6314e18e0e121c352741111ae7547574328a2f9b74975464604d026333a,0.4012311135982093
v16x,1536,9299,123403,exposure_matched_local,1993113403,seed_family_a,11,12,96957e8a9da17aeb561557049cc83544468e2aa7a6b05acc6367c34c39371d36,2e48a0e06685da53df49c3198a64b3686632adeed563bc7bb2757733264bf2f8,0.4009513150531617
v16x,1536,9299,123403,exposure_matched_local,1993113403,seed_family_a,11,13,96957e8a9da17aeb561557049cc83544468e2aa7a6b05acc6367c34c39371d36,13bf8655a2264a3aa5dd0534977b39584e029747e44780259a3feba445c38607,0.3855623950755456
v16x,1536,9299,123403,exposure_matched_local,1993113403,seed_family_a,11,14,96957e8a9da17aeb561557049cc83544468e2aa7a6b05acc6367c34c39371d36,47afbe889836af335f0816b2f071d083e2b12da90ad96c606ca302b530d1e199,0.39815332960268607
v16x,1536,9299,123403,exposure_matched_local,1993113403,seed_family_a,11,15,96957e8a9da17aeb561557049cc83544468e2aa7a6b05acc6367c34c39371d36,c324c6314e18e0e121c352741111ae7547574328a2f9b74975464604d026333a,0.4009513150531617
v16x,1536,9299,123403,exposure_matched_local,1993113403,seed_family_a,12,13,2e48a0e06685da53df49c3198a64b3686632adeed563bc7bb2757733264bf2f8,13bf8655a2264a3aa5dd0534977b39584e029747e44780259a3feba445c38607,0.4127028539451595
v16x,1536,9299,123403,exposure_matched_local,1993113403,seed_family_a,12,14,2e48a0e06685da53df49c3198a64b3686632adeed563bc7bb2757733264bf2f8,47afbe889836af335f0816b2f071d083e2b12da90ad96c606ca302b530d1e199,0.39955232232792387
v16x,1536,9299,123403,exposure_matched_local,1993113403,seed_family_a,12,15,2e48a0e06685da53df49c3198a64b3686632adeed563bc7bb2757733264bf2f8,c324c6314e18e0e121c352741111ae7547574328a2f9b74975464604d026333a,0.3939563514269726
v16x,1536,9299,123403,exposure_matched_local,1993113403,seed_family_a,13,14,13bf8655a2264a3aa5dd0534977b39584e029747e44780259a3feba445c38607,47afbe889836af335f0816b2f071d083e2b12da90ad96c606ca302b530d1e199,0.3967543368774482
v16x,1536,9299,123403,exposure_matched_local,1993113403,seed_family_a,13,15,13bf8655a2264a3aa5dd0534977b39584e029747e44780259a3feba445c38607,c324c6314e18e0e121c352741111ae7547574328a2f9b74975464604d026333a,0.39647453833240065
v16x,1536,9299,123403,exposure_matched_local,1993113403,seed_family_a,14,15,47afbe889836af335f0816b2f071d083e2b12da90ad96c606ca302b530d1e199,c324c6314e18e0e121c352741111ae7547574328a2f9b74975464604d026333a,0.39899272523782875
v16x,1536,9299,123403,exposure_matched_local,1993113403,seed_family_b,0,1,7e5b8ed4198c4a1eabd3b84adec41b47c07bbe8c41c718d854666f2df93e8d8e,88c45e7af763ae6893b82d6f42cba8ba05562b6a82bed0150372c7cd3842a331,0.40151091214325685
v16x,1536,9299,123403,exposure_matched_local,1993113403,seed_family_b,0,2,7e5b8ed4198c4a1eabd3b84adec41b47c07bbe8c41c718d854666f2df93e8d8e,4e23033b8ba589dabd6164250a4fd48c484461ee25c3a40190095bc1e103b1ec,0.40794627867935085
v16x,1536,9299,123403,exposure_matched_local,1993113403,seed_family_b,0,3,7e5b8ed4198c4a1eabd3b84adec41b47c07bbe8c41c718d854666f2df93e8d8e,41dfc62f61662dc76843a793e5e7e274afe09d7de6d1a6c25c3d10309484a92e,0.40542809177392275
v16x,1536,9299,123403,exposure_matched_local,1993113403,seed_family_b,0,4,7e5b8ed4198c4a1eabd3b84adec41b47c07bbe8c41c718d854666f2df93e8d8e,ddb316f55e7d1204a5b0129c24fccb238e53a015775ad45219b039d4b0b6d729,0.40067151650811417
v16x,1536,9299,123403,exposure_matched_local,1993113403,seed_family_b,0,5,7e5b8ed4198c4a1eabd3b84adec41b47c07bbe8c41c718d854666f2df93e8d8e,951d5801583555faef4a5bdd308e050f948ddde447dd94d4f562b4c78d3dae66,0.40710688304420817
v16x,1536,9299,123403,exposure_matched_local,1993113403,seed_family_b,0,6,7e5b8ed4198c4a1eabd3b84adec41b47c07bbe8c41c718d854666f2df93e8d8e,208a9d040ca972d69c6384e532e36ff01956258c9e15263327140da1fffbe4e2,0.3939563514269726
v16x,1536,9299,123403,exposure_matched_local,1993113403,seed_family_b,0,7,7e5b8ed4198c4a1eabd3b84adec41b47c07bbe8c41c718d854666f2df93e8d8e,3e74b03e9af2617d99c61c49153d046aaa40f02dba3c95f8178edce23f906245,0.39899272523782875
v16x,1536,9299,123403,exposure_matched_local,1993113403,seed_family_b,0,8,7e5b8ed4198c4a1eabd3b84adec41b47c07bbe8c41c718d854666f2df93e8d8e,160b60cda70888cf4d425aff39e4ca80e89029024a0ccf0254550db38b7c697f,0.39423614997202017
v16x,1536,9299,123403,exposure_matched_local,1993113403,seed_family_b,0,9,7e5b8ed4198c4a1eabd3b84adec41b47c07bbe8c41c718d854666f2df93e8d8e,f94023fc72c7516fb97dd038bc6c7c75af23ae32360fa11fad943a85ea633876,0.39955232232792387
v16x,1536,9299,123403,exposure_matched_local,1993113403,seed_family_b,0,10,7e5b8ed4198c4a1eabd3b84adec41b47c07bbe8c41c718d854666f2df93e8d8e,007d673f595157324b0a157a8e9ca302a325311a92fd6708fc01c1a0380479be,0.4177392277560157
v16x,1536,9299,123403,exposure_matched_local,1993113403,seed_family_b,0,11,7e5b8ed4198c4a1eabd3b84adec41b47c07bbe8c41c718d854666f2df93e8d8e,d41cb4878c6a129cf8d3e67c05bacdc007c2e9f2da2e695a768132028c0c8e78,0.4009513150531617
v16x,1536,9299,123403,exposure_matched_local,1993113403,seed_family_b,0,12,7e5b8ed4198c4a1eabd3b84adec41b47c07bbe8c41c718d854666f2df93e8d8e,7df0a9a96a1724669a55a09cddfd61ffa3a35523b0171f08221e504e889b5395,0.38864017907106885
v16x,1536,9299,123403,exposure_matched_local,1993113403,seed_family_b,0,13,7e5b8ed4198c4a1eabd3b84adec41b47c07bbe8c41c718d854666f2df93e8d8e,7d8840322a327f23e8d0ad36f01fc0de075ca3a3db5bfd469617cd3c4f61ee03,0.40235030777839953
v16x,1536,9299,123403,exposure_matched_local,1993113403,seed_family_b,0,14,7e5b8ed4198c4a1eabd3b84adec41b47c07bbe8c41c718d854666f2df93e8d8e,5a4d021b35e5c6c25ee608283b0044bb9b8fbe98dcd1f1e4dc384f641b054c9c,0.4076664801343033
v16x,1536,9299,123403,exposure_matched_local,1993113403,seed_family_b,0,15,7e5b8ed4198c4a1eabd3b84adec41b47c07bbe8c41c718d854666f2df93e8d8e,3afbcf37944818c4be5319371d7c360671529422b1bba62613a440e94a5f8d95,0.3970341354224958
v16x,1536,9299,123403,exposure_matched_local,1993113403,seed_family_b,1,2,88c45e7af763ae6893b82d6f42cba8ba05562b6a82bed0150372c7cd3842a331,4e23033b8ba589dabd6164250a4fd48c484461ee25c3a40190095bc1e103b1ec,0.3889199776161164
v16x,1536,9299,123403,exposure_matched_local,1993113403,seed_family_b,1,3,88c45e7af763ae6893b82d6f42cba8ba05562b6a82bed0150372c7cd3842a331,41dfc62f61662dc76843a793e5e7e274afe09d7de6d1a6c25c3d10309484a92e,0.40402909904868495
v16x,1536,9299,123403,exposure_matched_local,1993113403,seed_family_b,1,4,88c45e7af763ae6893b82d6f42cba8ba05562b6a82bed0150372c7cd3842a331,ddb316f55e7d1204a5b0129c24fccb238e53a015775ad45219b039d4b0b6d729,0.4062674874090655
v16x,1536,9299,123403,exposure_matched_local,1993113403,seed_family_b,1,5,88c45e7af763ae6893b82d6f42cba8ba05562b6a82bed0150372c7cd3842a331,951d5801583555faef4a5bdd308e050f948ddde447dd94d4f562b4c78d3dae66,0.4034695019585898
v16x,1536,9299,123403,exposure_matched_local,1993113403,seed_family_b,1,6,88c45e7af763ae6893b82d6f42cba8ba05562b6a82bed0150372c7cd3842a331,208a9d040ca972d69c6384e532e36ff01956258c9e15263327140da1fffbe4e2,0.40263010632344715
v16x,1536,9299,123403,exposure_matched_local,1993113403,seed_family_b,1,7,88c45e7af763ae6893b82d6f42cba8ba05562b6a82bed0150372c7cd3842a331,3e74b03e9af2617d99c61c49153d046aaa40f02dba3c95f8178edce23f906245,0.3824846110800224
v16x,1536,9299,123403,exposure_matched_local,1993113403,seed_family_b,1,8,88c45e7af763ae6893b82d6f42cba8ba05562b6a82bed0150372c7cd3842a331,160b60cda70888cf4d425aff39e4ca80e89029024a0ccf0254550db38b7c697f,0.40235030777839953
v16x,1536,9299,123403,exposure_matched_local,1993113403,seed_family_b,1,9,88c45e7af763ae6893b82d6f42cba8ba05562b6a82bed0150372c7cd3842a331,f94023fc72c7516fb97dd038bc6c7c75af23ae32360fa11fad943a85ea633876,0.39759373251259095
v16x,1536,9299,123403,exposure_matched_local,1993113403,seed_family_b,1,10,88c45e7af763ae6893b82d6f42cba8ba05562b6a82bed0150372c7cd3842a331,007d673f595157324b0a157a8e9ca302a325311a92fd6708fc01c1a0380479be,0.3992725237828763
v16x,1536,9299,123403,exposure_matched_local,1993113403,seed_family_b,1,11,88c45e7af763ae6893b82d6f42cba8ba05562b6a82bed0150372c7cd3842a331,d41cb4878c6a129cf8d3e67c05bacdc007c2e9f2da2e695a768132028c0c8e78,0.40402909904868495
v16x,1536,9299,123403,exposure_matched_local,1993113403,seed_family_b,1,12,88c45e7af763ae6893b82d6f42cba8ba05562b6a82bed0150372c7cd3842a331,7df0a9a96a1724669a55a09cddfd61ffa3a35523b0171f08221e504e889b5395,0.39647453833240065
v16x,1536,9299,123403,exposure_matched_local,1993113403,seed_family_b,1,13,88c45e7af763ae6893b82d6f42cba8ba05562b6a82bed0150372c7cd3842a331,7d8840322a327f23e8d0ad36f01fc0de075ca3a3db5bfd469617cd3c4f61ee03,0.4017907106883044
v16x,1536,9299,123403,exposure_matched_local,1993113403,seed_family_b,1,14,88c45e7af763ae6893b82d6f42cba8ba05562b6a82bed0150372c7cd3842a331,5a4d021b35e5c6c25ee608283b0044bb9b8fbe98dcd1f1e4dc384f641b054c9c,0.3903189703413542
v16x,1536,9299,123403,exposure_matched_local,1993113403,seed_family_b,1,15,88c45e7af763ae6893b82d6f42cba8ba05562b6a82bed0150372c7cd3842a331,3afbcf37944818c4be5319371d7c360671529422b1bba62613a440e94a5f8d95,0.3970341354224958
v16x,1536,9299,123403,exposure_matched_local,1993113403,seed_family_b,2,3,4e23033b8ba589dabd6164250a4fd48c484461ee25c3a40190095bc1e103b1ec,41dfc62f61662dc76843a793e5e7e274afe09d7de6d1a6c25c3d10309484a92e,0.4099048684946838
v16x,1536,9299,123403,exposure_matched_local,1993113403,seed_family_b,2,4,4e23033b8ba589dabd6164250a4fd48c484461ee25c3a40190095bc1e103b1ec,ddb316f55e7d1204a5b0129c24fccb238e53a015775ad45219b039d4b0b6d729,0.39199776161163963
v16x,1536,9299,123403,exposure_matched_local,1993113403,seed_family_b,2,5,4e23033b8ba589dabd6164250a4fd48c484461ee25c3a40190095bc1e103b1ec,951d5801583555faef4a5bdd308e050f948ddde447dd94d4f562b4c78d3dae66,0.39647453833240065
v16x,1536,9299,123403,exposure_matched_local,1993113403,seed_family_b,2,6,4e23033b8ba589dabd6164250a4fd48c484461ee25c3a40190095bc1e103b1ec,208a9d040ca972d69c6384e532e36ff01956258c9e15263327140da1fffbe4e2,0.3945159485170677
v16x,1536,9299,123403,exposure_matched_local,1993113403,seed_family_b,2,7,4e23033b8ba589dabd6164250a4fd48c484461ee25c3a40190095bc1e103b1ec,3e74b03e9af2617d99c61c49153d046aaa40f02dba3c95f8178edce23f906245,0.4003917179630666
v16x,1536,9299,123403,exposure_matched_local,1993113403,seed_family_b,2,8,4e23033b8ba589dabd6164250a4fd48c484461ee25c3a40190095bc1e103b1ec,160b60cda70888cf4d425aff39e4ca80e89029024a0ccf0254550db38b7c697f,0.3883603805260213
v16x,1536,9299,123403,exposure_matched_local,1993113403,seed_family_b,2,9,4e23033b8ba589dabd6164250a4fd48c484461ee25c3a40190095bc1e103b1ec,f94023fc72c7516fb97dd038bc6c7c75af23ae32360fa11fad943a85ea633876,0.3973139339675434
v16x,1536,9299,123403,exposure_matched_local,1993113403,seed_family_b,2,10,4e23033b8ba589dabd6164250a4fd48c484461ee25c3a40190095bc1e103b1ec,007d673f595157324b0a157a8e9ca302a325311a92fd6708fc01c1a0380479be,0.3945159485170677
v16x,1536,9299,123403,exposure_matched_local,1993113403,seed_family_b,2,11,4e23033b8ba589dabd6164250a4fd48c484461ee25c3a40190095bc1e103b1ec,d41cb4878c6a129cf8d3e67c05bacdc007c2e9f2da2e695a768132028c0c8e78,0.40151091214325685
v16x,1536,9299,123403,exposure_matched_local,1993113403,seed_family_b,2,12,4e23033b8ba589dabd6164250a4fd48c484461ee25c3a40190095bc1e103b1ec,7df0a9a96a1724669a55a09cddfd61ffa3a35523b0171f08221e504e889b5395,0.4082260772243984
v16x,1536,9299,123403,exposure_matched_local,1993113403,seed_family_b,2,13,4e23033b8ba589dabd6164250a4fd48c484461ee25c3a40190095bc1e103b1ec,7d8840322a327f23e8d0ad36f01fc0de075ca3a3db5bfd469617cd3c4f61ee03,0.3914381645215445
v16x,1536,9299,123403,exposure_matched_local,1993113403,seed_family_b,2,14,4e23033b8ba589dabd6164250a4fd48c484461ee25c3a40190095bc1e103b1ec,5a4d021b35e5c6c25ee608283b0044bb9b8fbe98dcd1f1e4dc384f641b054c9c,0.39591494124230553
v16x,1536,9299,123403,exposure_matched_local,1993113403,seed_family_b,2,15,4e23033b8ba589dabd6164250a4fd48c484461ee25c3a40190095bc1e103b1ec,3afbcf37944818c4be5319371d7c360671529422b1bba62613a440e94a5f8d95,0.4127028539451595
v16x,1536,9299,123403,exposure_matched_local,1993113403,seed_family_b,3,4,41dfc62f61662dc76843a793e5e7e274afe09d7de6d1a6c25c3d10309484a92e,ddb316f55e7d1204a5b0129c24fccb238e53a015775ad45219b039d4b0b6d729,0.40794627867935085
v16x,1536,9299,123403,exposure_matched_local,1993113403,seed_family_b,3,5,41dfc62f61662dc76843a793e5e7e274afe09d7de6d1a6c25c3d10309484a92e,951d5801583555faef4a5bdd308e050f948ddde447dd94d4f562b4c78d3dae66,0.40738668158925573
v16x,1536,9299,123403,exposure_matched_local,1993113403,seed_family_b,3,6,41dfc62f61662dc76843a793e5e7e274afe09d7de6d1a6c25c3d10309484a92e,208a9d040ca972d69c6384e532e36ff01956258c9e15263327140da1fffbe4e2,0.40542809177392275
v16x,1536,9299,123403,exposure_matched_local,1993113403,seed_family_b,3,7,41dfc62f61662dc76843a793e5e7e274afe09d7de6d1a6c25c3d10309484a92e,3e74b03e9af2617d99c61c49153d046aaa40f02dba3c95f8178edce23f906245,0.40402909904868495
v16x,1536,9299,123403,exposure_matched_local,1993113403,seed_family_b,3,8,41dfc62f61662dc76843a793e5e7e274afe09d7de6d1a6c25c3d10309484a92e,160b60cda70888cf4d425aff39e4ca80e89029024a0ccf0254550db38b7c697f,0.408505875769446
v16x,1536,9299,123403,exposure_matched_local,1993113403,seed_family_b,3,9,41dfc62f61662dc76843a793e5e7e274afe09d7de6d1a6c25c3d10309484a92e,f94023fc72c7516fb97dd038bc6c7c75af23ae32360fa11fad943a85ea633876,0.3945159485170677
v16x,1536,9299,123403,exposure_matched_local,1993113403,seed_family_b,3,10,41dfc62f61662dc76843a793e5e7e274afe09d7de6d1a6c25c3d10309484a92e,007d673f595157324b0a157a8e9ca302a325311a92fd6708fc01c1a0380479be,0.38528259653049807
v16x,1536,9299,123403,exposure_matched_local,1993113403,seed_family_b,3,11,41dfc62f61662dc76843a793e5e7e274afe09d7de6d1a6c25c3d10309484a92e,d41cb4878c6a129cf8d3e67c05bacdc007c2e9f2da2e695a768132028c0c8e78,0.40710688304420817
v16x,1536,9299,123403,exposure_matched_local,1993113403,seed_family_b,3,12,41dfc62f61662dc76843a793e5e7e274afe09d7de6d1a6c25c3d10309484a92e,7df0a9a96a1724669a55a09cddfd61ffa3a35523b0171f08221e504e889b5395,0.393676552881925
v16x,1536,9299,123403,exposure_matched_local,1993113403,seed_family_b,3,13,41dfc62f61662dc76843a793e5e7e274afe09d7de6d1a6c25c3d10309484a92e,7d8840322a327f23e8d0ad36f01fc0de075ca3a3db5bfd469617cd3c4f61ee03,0.39507554560716285
v16x,1536,9299,123403,exposure_matched_local,1993113403,seed_family_b,3,14,41dfc62f61662dc76843a793e5e7e274afe09d7de6d1a6c25c3d10309484a92e,5a4d021b35e5c6c25ee608283b0044bb9b8fbe98dcd1f1e4dc384f641b054c9c,0.387241186345831
v16x,1536,9299,123403,exposure_matched_local,1993113403,seed_family_b,3,15,41dfc62f61662dc76843a793e5e7e274afe09d7de6d1a6c25c3d10309484a92e,3afbcf37944818c4be5319371d7c360671529422b1bba62613a440e94a5f8d95,0.3970341354224958
v16x,1536,9299,123403,exposure_matched_local,1993113403,seed_family_b,4,5,ddb316f55e7d1204a5b0129c24fccb238e53a015775ad45219b039d4b0b6d729,951d5801583555faef4a5bdd308e050f948ddde447dd94d4f562b4c78d3dae66,0.40011191941801905
v16x,1536,9299,123403,exposure_matched_local,1993113403,seed_family_b,4,6,ddb316f55e7d1204a5b0129c24fccb238e53a015775ad45219b039d4b0b6d729,208a9d040ca972d69c6384e532e36ff01956258c9e15263327140da1fffbe4e2,0.38947957470621153
v16x,1536,9299,123403,exposure_matched_local,1993113403,seed_family_b,4,7,ddb316f55e7d1204a5b0129c24fccb238e53a015775ad45219b039d4b0b6d729,3e74b03e9af2617d99c61c49153d046aaa40f02dba3c95f8178edce23f906245,0.39171796306659207
v16x,1536,9299,123403,exposure_matched_local,1993113403,seed_family_b,4,8,ddb316f55e7d1204a5b0129c24fccb238e53a015775ad45219b039d4b0b6d729,160b60cda70888cf4d425aff39e4ca80e89029024a0ccf0254550db38b7c697f,0.39171796306659207
v16x,1536,9299,123403,exposure_matched_local,1993113403,seed_family_b,4,9,ddb316f55e7d1204a5b0129c24fccb238e53a015775ad45219b039d4b0b6d729,f94023fc72c7516fb97dd038bc6c7c75af23ae32360fa11fad943a85ea633876,0.4034695019585898
v16x,1536,9299,123403,exposure_matched_local,1993113403,seed_family_b,4,10,ddb316f55e7d1204a5b0129c24fccb238e53a015775ad45219b039d4b0b6d729,007d673f595157324b0a157a8e9ca302a325311a92fd6708fc01c1a0380479be,0.4037493005036374
v16x,1536,9299,123403,exposure_matched_local,1993113403,seed_family_b,4,11,ddb316f55e7d1204a5b0129c24fccb238e53a015775ad45219b039d4b0b6d729,d41cb4878c6a129cf8d3e67c05bacdc007c2e9f2da2e695a768132028c0c8e78,0.39647453833240065
v16x,1536,9299,123403,exposure_matched_local,1993113403,seed_family_b,4,12,ddb316f55e7d1204a5b0129c24fccb238e53a015775ad45219b039d4b0b6d729,7df0a9a96a1724669a55a09cddfd61ffa3a35523b0171f08221e504e889b5395,0.39899272523782875
v16x,1536,9299,123403,exposure_matched_local,1993113403,seed_family_b,4,13,ddb316f55e7d1204a5b0129c24fccb238e53a015775ad45219b039d4b0b6d729,7d8840322a327f23e8d0ad36f01fc0de075ca3a3db5bfd469617cd3c4f61ee03,0.4029099048684947
v16x,1536,9299,123403,exposure_matched_local,1993113403,seed_family_b,4,14,ddb316f55e7d1204a5b0129c24fccb238e53a015775ad45219b039d4b0b6d729,5a4d021b35e5c6c25ee608283b0044bb9b8fbe98dcd1f1e4dc384f641b054c9c,0.41214325685506437
v16x,1536,9299,123403,exposure_matched_local,1993113403,seed_family_b,4,15,ddb316f55e7d1204a5b0129c24fccb238e53a015775ad45219b039d4b0b6d729,3afbcf37944818c4be5319371d7c360671529422b1bba62613a440e94a5f8d95,0.3914381645215445
v16x,1536,9299,123403,exposure_matched_local,1993113403,seed_family_b,5,6,951d5801583555faef4a5bdd308e050f948ddde447dd94d4f562b4c78d3dae66,208a9d040ca972d69c6384e532e36ff01956258c9e15263327140da1fffbe4e2,0.40235030777839953
v16x,1536,9299,123403,exposure_matched_local,1993113403,seed_family_b,5,7,951d5801583555faef4a5bdd308e050f948ddde447dd94d4f562b4c78d3dae66,3e74b03e9af2617d99c61c49153d046aaa40f02dba3c95f8178edce23f906245,0.39955232232792387
v16x,1536,9299,123403,exposure_matched_local,1993113403,seed_family_b,5,8,951d5801583555faef4a5bdd308e050f948ddde447dd94d4f562b4c78d3dae66,160b60cda70888cf4d425aff39e4ca80e89029024a0ccf0254550db38b7c697f,0.4101846670397314
v16x,1536,9299,123403,exposure_matched_local,1993113403,seed_family_b,5,9,951d5801583555faef4a5bdd308e050f948ddde447dd94d4f562b4c78d3dae66,f94023fc72c7516fb97dd038bc6c7c75af23ae32360fa11fad943a85ea633876,0.38919977616116397
v16x,1536,9299,123403,exposure_matched_local,1993113403,seed_family_b,5,10,951d5801583555faef4a5bdd308e050f948ddde447dd94d4f562b4c78d3dae66,007d673f595157324b0a157a8e9ca302a325311a92fd6708fc01c1a0380479be,0.40486849468382763
v16x,1536,9299,123403,exposure_matched_local,1993113403,seed_family_b,5,11,951d5801583555faef4a5bdd308e050f948ddde447dd94d4f562b4c78d3dae66,d41cb4878c6a129cf8d3e67c05bacdc007c2e9f2da2e695a768132028c0c8e78,0.38752098489087855
v16x,1536,9299,123403,exposure_matched_local,1993113403,seed_family_b,5,12,951d5801583555faef4a5bdd308e050f948ddde447dd94d4f562b4c78d3dae66,7df0a9a96a1724669a55a09cddfd61ffa3a35523b0171f08221e504e889b5395,0.39647453833240065
v16x,1536,9299,123403,exposure_matched_local,1993113403,seed_family_b,5,13,951d5801583555faef4a5bdd308e050f948ddde447dd94d4f562b4c78d3dae66,7d8840322a327f23e8d0ad36f01fc0de075ca3a3db5bfd469617cd3c4f61ee03,0.40570789031897037
v16x,1536,9299,123403,exposure_matched_local,1993113403,seed_family_b,5,14,951d5801583555faef4a5bdd308e050f948ddde447dd94d4f562b4c78d3dae66,5a4d021b35e5c6c25ee608283b0044bb9b8fbe98dcd1f1e4dc384f641b054c9c,0.39815332960268607
v16x,1536,9299,123403,exposure_matched_local,1993113403,seed_family_b,5,15,951d5801583555faef4a5bdd308e050f948ddde447dd94d4f562b4c78d3dae66,3afbcf37944818c4be5319371d7c360671529422b1bba62613a440e94a5f8d95,0.40654728595411305
v16x,1536,9299,123403,exposure_matched_local,1993113403,seed_family_b,6,7,208a9d040ca972d69c6384e532e36ff01956258c9e15263327140da1fffbe4e2,3e74b03e9af2617d99c61c49153d046aaa40f02dba3c95f8178edce23f906245,0.39507554560716285
v16x,1536,9299,123403,exposure_matched_local,1993113403,seed_family_b,6,8,208a9d040ca972d69c6384e532e36ff01956258c9e15263327140da1fffbe4e2,160b60cda70888cf4d425aff39e4ca80e89029024a0ccf0254550db38b7c697f,0.40263010632344715
v16x,1536,9299,123403,exposure_matched_local,1993113403,seed_family_b,6,9,208a9d040ca972d69c6384e532e36ff01956258c9e15263327140da1fffbe4e2,f94023fc72c7516fb97dd038bc6c7c75af23ae32360fa11fad943a85ea633876,0.4012311135982093
v16x,1536,9299,123403,exposure_matched_local,1993113403,seed_family_b,6,10,208a9d040ca972d69c6384e532e36ff01956258c9e15263327140da1fffbe4e2,007d673f595157324b0a157a8e9ca302a325311a92fd6708fc01c1a0380479be,0.3914381645215445
v16x,1536,9299,123403,exposure_matched_local,1993113403,seed_family_b,6,11,208a9d040ca972d69c6384e532e36ff01956258c9e15263327140da1fffbe4e2,d41cb4878c6a129cf8d3e67c05bacdc007c2e9f2da2e695a768132028c0c8e78,0.40235030777839953
v16x,1536,9299,123403,exposure_matched_local,1993113403,seed_family_b,6,12,208a9d040ca972d69c6384e532e36ff01956258c9e15263327140da1fffbe4e2,7df0a9a96a1724669a55a09cddfd61ffa3a35523b0171f08221e504e889b5395,0.40318970341354227
v16x,1536,9299,123403,exposure_matched_local,1993113403,seed_family_b,6,13,208a9d040ca972d69c6384e532e36ff01956258c9e15263327140da1fffbe4e2,7d8840322a327f23e8d0ad36f01fc0de075ca3a3db5bfd469617cd3c4f61ee03,0.4012311135982093
v16x,1536,9299,123403,exposure_matched_local,1993113403,seed_family_b,6,14,208a9d040ca972d69c6384e532e36ff01956258c9e15263327140da1fffbe4e2,5a4d021b35e5c6c25ee608283b0044bb9b8fbe98dcd1f1e4dc384f641b054c9c,0.4037493005036374
v16x,1536,9299,123403,exposure_matched_local,1993113403,seed_family_b,6,15,208a9d040ca972d69c6384e532e36ff01956258c9e15263327140da1fffbe4e2,3afbcf37944818c4be5319371d7c360671529422b1bba62613a440e94a5f8d95,0.40011191941801905
v16x,1536,9299,123403,exposure_matched_local,1993113403,seed_family_b,7,8,3e74b03e9af2617d99c61c49153d046aaa40f02dba3c95f8178edce23f906245,160b60cda70888cf4d425aff39e4ca80e89029024a0ccf0254550db38b7c697f,0.39003917179630665
v16x,1536,9299,123403,exposure_matched_local,1993113403,seed_family_b,7,9,3e74b03e9af2617d99c61c49153d046aaa40f02dba3c95f8178edce23f906245,f94023fc72c7516fb97dd038bc6c7c75af23ae32360fa11fad943a85ea633876,0.4034695019585898
v16x,1536,9299,123403,exposure_matched_local,1993113403,seed_family_b,7,10,3e74b03e9af2617d99c61c49153d046aaa40f02dba3c95f8178edce23f906245,007d673f595157324b0a157a8e9ca302a325311a92fd6708fc01c1a0380479be,0.408505875769446
v16x,1536,9299,123403,exposure_matched_local,1993113403,seed_family_b,7,11,3e74b03e9af2617d99c61c49153d046aaa40f02dba3c95f8178edce23f906245,d41cb4878c6a129cf8d3e67c05bacdc007c2e9f2da2e695a768132028c0c8e78,0.39059876888640177
v16x,1536,9299,123403,exposure_matched_local,1993113403,seed_family_b,7,12,3e74b03e9af2617d99c61c49153d046aaa40f02dba3c95f8178edce23f906245,7df0a9a96a1724669a55a09cddfd61ffa3a35523b0171f08221e504e889b5395,0.3914381645215445
v16x,1536,9299,123403,exposure_matched_local,1993113403,seed_family_b,7,13,3e74b03e9af2617d99c61c49153d046aaa40f02dba3c95f8178edce23f906245,7d8840322a327f23e8d0ad36f01fc0de075ca3a3db5bfd469617cd3c4f61ee03,0.4059876888640179
v16x,1536,9299,123403,exposure_matched_local,1993113403,seed_family_b,7,14,3e74b03e9af2617d99c61c49153d046aaa40f02dba3c95f8178edce23f906245,5a4d021b35e5c6c25ee608283b0044bb9b8fbe98dcd1f1e4dc384f641b054c9c,0.3998321208729715
v16x,1536,9299,123403,exposure_matched_local,1993113403,seed_family_b,7,15,3e74b03e9af2617d99c61c49153d046aaa40f02dba3c95f8178edce23f906245,3afbcf37944818c4be5319371d7c360671529422b1bba62613a440e94a5f8d95,0.40011191941801905
v16x,1536,9299,123403,exposure_matched_local,1993113403,seed_family_b,8,9,160b60cda70888cf4d425aff39e4ca80e89029024a0ccf0254550db38b7c697f,f94023fc72c7516fb97dd038bc6c7c75af23ae32360fa11fad943a85ea633876,0.39759373251259095
v16x,1536,9299,123403,exposure_matched_local,1993113403,seed_family_b,8,10,160b60cda70888cf4d425aff39e4ca80e89029024a0ccf0254550db38b7c697f,007d673f595157324b0a157a8e9ca302a325311a92fd6708fc01c1a0380479be,0.3928371572467823
v16x,1536,9299,123403,exposure_matched_local,1993113403,seed_family_b,8,11,160b60cda70888cf4d425aff39e4ca80e89029024a0ccf0254550db38b7c697f,d41cb4878c6a129cf8d3e67c05bacdc007c2e9f2da2e695a768132028c0c8e78,0.39899272523782875
v16x,1536,9299,123403,exposure_matched_local,1993113403,seed_family_b,8,12,160b60cda70888cf4d425aff39e4ca80e89029024a0ccf0254550db38b7c697f,7df0a9a96a1724669a55a09cddfd61ffa3a35523b0171f08221e504e889b5395,0.4029099048684947
v16x,1536,9299,123403,exposure_matched_local,1993113403,seed_family_b,8,13,160b60cda70888cf4d425aff39e4ca80e89029024a0ccf0254550db38b7c697f,7d8840322a327f23e8d0ad36f01fc0de075ca3a3db5bfd469617cd3c4f61ee03,0.3973139339675434
v16x,1536,9299,123403,exposure_matched_local,1993113403,seed_family_b,8,14,160b60cda70888cf4d425aff39e4ca80e89029024a0ccf0254550db38b7c697f,5a4d021b35e5c6c25ee608283b0044bb9b8fbe98dcd1f1e4dc384f641b054c9c,0.3939563514269726
v16x,1536,9299,123403,exposure_matched_local,1993113403,seed_family_b,8,15,160b60cda70888cf4d425aff39e4ca80e89029024a0ccf0254550db38b7c697f,3afbcf37944818c4be5319371d7c360671529422b1bba62613a440e94a5f8d95,0.3978735310576385
v16x,1536,9299,123403,exposure_matched_local,1993113403,seed_family_b,9,10,f94023fc72c7516fb97dd038bc6c7c75af23ae32360fa11fad943a85ea633876,007d673f595157324b0a157a8e9ca302a325311a92fd6708fc01c1a0380479be,0.38612199216564075
v16x,1536,9299,123403,exposure_matched_local,1993113403,seed_family_b,9,11,f94023fc72c7516fb97dd038bc6c7c75af23ae32360fa11fad943a85ea633876,d41cb4878c6a129cf8d3e67c05bacdc007c2e9f2da2e695a768132028c0c8e78,0.4068270844991606
v16x,1536,9299,123403,exposure_matched_local,1993113403,seed_family_b,9,12,f94023fc72c7516fb97dd038bc6c7c75af23ae32360fa11fad943a85ea633876,7df0a9a96a1724669a55a09cddfd61ffa3a35523b0171f08221e504e889b5395,0.4051482932288752
v16x,1536,9299,123403,exposure_matched_local,1993113403,seed_family_b,9,13,f94023fc72c7516fb97dd038bc6c7c75af23ae32360fa11fad943a85ea633876,7d8840322a327f23e8d0ad36f01fc0de075ca3a3db5bfd469617cd3c4f61ee03,0.3939563514269726
v16x,1536,9299,123403,exposure_matched_local,1993113403,seed_family_b,9,14,f94023fc72c7516fb97dd038bc6c7c75af23ae32360fa11fad943a85ea633876,5a4d021b35e5c6c25ee608283b0044bb9b8fbe98dcd1f1e4dc384f641b054c9c,0.3939563514269726
v16x,1536,9299,123403,exposure_matched_local,1993113403,seed_family_b,9,15,f94023fc72c7516fb97dd038bc6c7c75af23ae32360fa11fad943a85ea633876,3afbcf37944818c4be5319371d7c360671529422b1bba62613a440e94a5f8d95,0.4009513150531617
v16x,1536,9299,123403,exposure_matched_local,1993113403,seed_family_b,10,11,007d673f595157324b0a157a8e9ca302a325311a92fd6708fc01c1a0380479be,d41cb4878c6a129cf8d3e67c05bacdc007c2e9f2da2e695a768132028c0c8e78,0.40402909904868495
v16x,1536,9299,123403,exposure_matched_local,1993113403,seed_family_b,10,12,007d673f595157324b0a157a8e9ca302a325311a92fd6708fc01c1a0380479be,7df0a9a96a1724669a55a09cddfd61ffa3a35523b0171f08221e504e889b5395,0.4051482932288752
v16x,1536,9299,123403,exposure_matched_local,1993113403,seed_family_b,10,13,007d673f595157324b0a157a8e9ca302a325311a92fd6708fc01c1a0380479be,7d8840322a327f23e8d0ad36f01fc0de075ca3a3db5bfd469617cd3c4f61ee03,0.3945159485170677
v16x,1536,9299,123403,exposure_matched_local,1993113403,seed_family_b,10,14,007d673f595157324b0a157a8e9ca302a325311a92fd6708fc01c1a0380479be,5a4d021b35e5c6c25ee608283b0044bb9b8fbe98dcd1f1e4dc384f641b054c9c,0.39899272523782875
v16x,1536,9299,123403,exposure_matched_local,1993113403,seed_family_b,10,15,007d673f595157324b0a157a8e9ca302a325311a92fd6708fc01c1a0380479be,3afbcf37944818c4be5319371d7c360671529422b1bba62613a440e94a5f8d95,0.40207050923335197
v16x,1536,9299,123403,exposure_matched_local,1993113403,seed_family_b,11,12,d41cb4878c6a129cf8d3e67c05bacdc007c2e9f2da2e695a768132028c0c8e78,7df0a9a96a1724669a55a09cddfd61ffa3a35523b0171f08221e504e889b5395,0.3973139339675434
v16x,1536,9299,123403,exposure_matched_local,1993113403,seed_family_b,11,13,d41cb4878c6a129cf8d3e67c05bacdc007c2e9f2da2e695a768132028c0c8e78,7d8840322a327f23e8d0ad36f01fc0de075ca3a3db5bfd469617cd3c4f61ee03,0.3939563514269726
v16x,1536,9299,123403,exposure_matched_local,1993113403,seed_family_b,11,14,d41cb4878c6a129cf8d3e67c05bacdc007c2e9f2da2e695a768132028c0c8e78,5a4d021b35e5c6c25ee608283b0044bb9b8fbe98dcd1f1e4dc384f641b054c9c,0.3939563514269726
v16x,1536,9299,123403,exposure_matched_local,1993113403,seed_family_b,11,15,d41cb4878c6a129cf8d3e67c05bacdc007c2e9f2da2e695a768132028c0c8e78,3afbcf37944818c4be5319371d7c360671529422b1bba62613a440e94a5f8d95,0.39563514269725797
v16x,1536,9299,123403,exposure_matched_local,1993113403,seed_family_b,12,13,7df0a9a96a1724669a55a09cddfd61ffa3a35523b0171f08221e504e889b5395,7d8840322a327f23e8d0ad36f01fc0de075ca3a3db5bfd469617cd3c4f61ee03,0.4012311135982093
v16x,1536,9299,123403,exposure_matched_local,1993113403,seed_family_b,12,14,7df0a9a96a1724669a55a09cddfd61ffa3a35523b0171f08221e504e889b5395,5a4d021b35e5c6c25ee608283b0044bb9b8fbe98dcd1f1e4dc384f641b054c9c,0.40067151650811417
v16x,1536,9299,123403,exposure_matched_local,1993113403,seed_family_b,12,15,7df0a9a96a1724669a55a09cddfd61ffa3a35523b0171f08221e504e889b5395,3afbcf37944818c4be5319371d7c360671529422b1bba62613a440e94a5f8d95,0.40318970341354227
v16x,1536,9299,123403,exposure_matched_local,1993113403,seed_family_b,13,14,7d8840322a327f23e8d0ad36f01fc0de075ca3a3db5bfd469617cd3c4f61ee03,5a4d021b35e5c6c25ee608283b0044bb9b8fbe98dcd1f1e4dc384f641b054c9c,0.39171796306659207
v16x,1536,9299,123403,exposure_matched_local,1993113403,seed_family_b,13,15,7d8840322a327f23e8d0ad36f01fc0de075ca3a3db5bfd469617cd3c4f61ee03,3afbcf37944818c4be5319371d7c360671529422b1bba62613a440e94a5f8d95,0.40542809177392275
v16x,1536,9299,123403,exposure_matched_local,1993113403,seed_family_b,14,15,5a4d021b35e5c6c25ee608283b0044bb9b8fbe98dcd1f1e4dc384f641b054c9c,3afbcf37944818c4be5319371d7c360671529422b1bba62613a440e94a5f8d95,0.4087856743144936
v16x,1536,9299,127341,exposure_matched_local,1993117341,seed_family_a,0,1,0a19ef1b31d44a6a6324df35f0486f65716ff44252bcde04c0339e145f9916b5,e5b3b85f3b882eb7b36aca05d96e90c7a5825390a4305d3a3a78aad1c882c745,0.41271643485665627
v16x,1536,9299,127341,exposure_matched_local,1993117341,seed_family_a,0,2,0a19ef1b31d44a6a6324df35f0486f65716ff44252bcde04c0339e145f9916b5,813f08692fc07720148898354737fb83b55aa95dc86f19f47c2d35b9be6af82e,0.41810956571104174
v16x,1536,9299,127341,exposure_matched_local,1993117341,seed_family_a,0,3,0a19ef1b31d44a6a6324df35f0486f65716ff44252bcde04c0339e145f9916b5,70401db4ad1b2eb46f769a845f79466df186c0367a99d2a1594564f71dfcd4f3,0.4183934147033778
v16x,1536,9299,127341,exposure_matched_local,1993117341,seed_family_a,0,4,0a19ef1b31d44a6a6324df35f0486f65716ff44252bcde04c0339e145f9916b5,91bb3879caec212c910ed53c0ee328c4142de128412bc4edd45af2210028bdde,0.4175418677263696
v16x,1536,9299,127341,exposure_matched_local,1993117341,seed_family_a,0,5,0a19ef1b31d44a6a6324df35f0486f65716ff44252bcde04c0339e145f9916b5,3b6bf1deb044c21efa0306f08a3c14ea40bd8f22fc918bbb66efd5b474bda419,0.42293499858075506
v16x,1536,9299,127341,exposure_matched_local,1993117341,seed_family_a,0,6,0a19ef1b31d44a6a6324df35f0486f65716ff44252bcde04c0339e145f9916b5,0543236b3ae3426cc9821bcace23cc66086bd52f1e3d94721b4466aa94013d5f,0.41952881067272213
v16x,1536,9299,127341,exposure_matched_local,1993117341,seed_family_a,0,7,0a19ef1b31d44a6a6324df35f0486f65716ff44252bcde04c0339e145f9916b5,f35b2cdb939d5f4a45de985dc91f7d70e42bc8ff9af1ba938ce95b3c14a2b063,0.42179960261141075
v16x,1536,9299,127341,exposure_matched_local,1993117341,seed_family_a,0,8,0a19ef1b31d44a6a6324df35f0486f65716ff44252bcde04c0339e145f9916b5,4c1132ce37a26e2fb5d50300613be537af367cabec015546a3853f40102c3bdb,0.43145046835083734
v16x,1536,9299,127341,exposure_matched_local,1993117341,seed_family_a,0,9,0a19ef1b31d44a6a6324df35f0486f65716ff44252bcde04c0339e145f9916b5,87334625e496d1ff69cd0fd67d13ccba39afee6d8c6bbe04039f73c888ba005b,0.41186488787964803
v16x,1536,9299,127341,exposure_matched_local,1993117341,seed_family_a,0,10,0a19ef1b31d44a6a6324df35f0486f65716ff44252bcde04c0339e145f9916b5,555e81923a3bbf42c0dd17cc955e0000d863814942e7471c5003fe01d0cac2c8,0.4246380925347715
v16x,1536,9299,127341,exposure_matched_local,1993117341,seed_family_a,0,11,0a19ef1b31d44a6a6324df35f0486f65716ff44252bcde04c0339e145f9916b5,d8b0281f3734d1784f7a79922c868c3951034d06d0d10b06677774869520ff96,0.40789100198694295
v16x,1536,9299,127341,exposure_matched_local,1993117341,seed_family_a,0,12,0a19ef1b31d44a6a6324df35f0486f65716ff44252bcde04c0339e145f9916b5,83cab0ef4574fe8dbff86720a2ce9de83e13f923329b81262328a5a29346978b,0.4235026965654272
v16x,1536,9299,127341,exposure_matched_local,1993117341,seed_family_a,0,13,0a19ef1b31d44a6a6324df35f0486f65716ff44252bcde04c0339e145f9916b5,9990179919b0989086a9d78332c62389cb635f261fed37614aca61026346fa3c,0.426625035481124
v16x,1536,9299,127341,exposure_matched_local,1993117341,seed_family_a,0,14,0a19ef1b31d44a6a6324df35f0486f65716ff44252bcde04c0339e145f9916b5,93af8def34c44a113e6cf0d386cf95380af9a940e2e5b17b7ce4898a51e7d79d,0.41697416974169743
v16x,1536,9299,127341,exposure_matched_local,1993117341,seed_family_a,0,15,0a19ef1b31d44a6a6324df35f0486f65716ff44252bcde04c0339e145f9916b5,7c288553588d3a721ed96bd4db4ba8ba5bf30bdcb345a45d5390864c83650715,0.41952881067272213
v16x,1536,9299,127341,exposure_matched_local,1993117341,seed_family_a,1,2,e5b3b85f3b882eb7b36aca05d96e90c7a5825390a4305d3a3a78aad1c882c745,813f08692fc07720148898354737fb83b55aa95dc86f19f47c2d35b9be6af82e,0.41810956571104174
v16x,1536,9299,127341,exposure_matched_local,1993117341,seed_family_a,1,3,e5b3b85f3b882eb7b36aca05d96e90c7a5825390a4305d3a3a78aad1c882c745,70401db4ad1b2eb46f769a845f79466df186c0367a99d2a1594564f71dfcd4f3,0.42435424354243545
v16x,1536,9299,127341,exposure_matched_local,1993117341,seed_family_a,1,4,e5b3b85f3b882eb7b36aca05d96e90c7a5825390a4305d3a3a78aad1c882c745,91bb3879caec212c910ed53c0ee328c4142de128412bc4edd45af2210028bdde,0.4121487368719841
v16x,1536,9299,127341,exposure_matched_local,1993117341,seed_family_a,1,5,e5b3b85f3b882eb7b36aca05d96e90c7a5825390a4305d3a3a78aad1c882c745,3b6bf1deb044c21efa0306f08a3c14ea40bd8f22fc918bbb66efd5b474bda419,0.4200965086573943
v16x,1536,9299,127341,exposure_matched_local,1993117341,seed_family_a,1,6,e5b3b85f3b882eb7b36aca05d96e90c7a5825390a4305d3a3a78aad1c882c745,0543236b3ae3426cc9821bcace23cc66086bd52f1e3d94721b4466aa94013d5f,0.42747658245813225
v16x,1536,9299,127341,exposure_matched_local,1993117341,seed_family_a,1,7,e5b3b85f3b882eb7b36aca05d96e90c7a5825390a4305d3a3a78aad1c882c745,f35b2cdb939d5f4a45de985dc91f7d70e42bc8ff9af1ba938ce95b3c14a2b063,0.41952881067272213
v16x,1536,9299,127341,exposure_matched_local,1993117341,seed_family_a,1,8,e5b3b85f3b882eb7b36aca05d96e90c7a5825390a4305d3a3a78aad1c882c745,4c1132ce37a26e2fb5d50300613be537af367cabec015546a3853f40102c3bdb,0.4209480556344025
v16x,1536,9299,127341,exposure_matched_local,1993117341,seed_family_a,1,9,e5b3b85f3b882eb7b36aca05d96e90c7a5825390a4305d3a3a78aad1c882c745,87334625e496d1ff69cd0fd67d13ccba39afee6d8c6bbe04039f73c888ba005b,0.4291796764121487
v16x,1536,9299,127341,exposure_matched_local,1993117341,seed_family_a,1,10,e5b3b85f3b882eb7b36aca05d96e90c7a5825390a4305d3a3a78aad1c882c745,555e81923a3bbf42c0dd17cc955e0000d863814942e7471c5003fe01d0cac2c8,0.4095940959409594
v16x,1536,9299,127341,exposure_matched_local,1993117341,seed_family_a,1,11,e5b3b85f3b882eb7b36aca05d96e90c7a5825390a4305d3a3a78aad1c882c745,d8b0281f3734d1784f7a79922c868c3951034d06d0d10b06677774869520ff96,0.4280442804428044
v16x,1536,9299,127341,exposure_matched_local,1993117341,seed_family_a,1,12,e5b3b85f3b882eb7b36aca05d96e90c7a5825390a4305d3a3a78aad1c882c745,83cab0ef4574fe8dbff86720a2ce9de83e13f923329b81262328a5a29346978b,0.4186772636957139
v16x,1536,9299,127341,exposure_matched_local,1993117341,seed_family_a,1,13,e5b3b85f3b882eb7b36aca05d96e90c7a5825390a4305d3a3a78aad1c882c745,9990179919b0989086a9d78332c62389cb635f261fed37614aca61026346fa3c,0.42634118648878794
v16x,1536,9299,127341,exposure_matched_local,1993117341,seed_family_a,1,14,e5b3b85f3b882eb7b36aca05d96e90c7a5825390a4305d3a3a78aad1c882c745,93af8def34c44a113e6cf0d386cf95380af9a940e2e5b17b7ce4898a51e7d79d,0.426625035481124
v16x,1536,9299,127341,exposure_matched_local,1993117341,seed_family_a,1,15,e5b3b85f3b882eb7b36aca05d96e90c7a5825390a4305d3a3a78aad1c882c745,7c288553588d3a721ed96bd4db4ba8ba5bf30bdcb345a45d5390864c83650715,0.41697416974169743
v16x,1536,9299,127341,exposure_matched_local,1993117341,seed_family_a,2,3,813f08692fc07720148898354737fb83b55aa95dc86f19f47c2d35b9be6af82e,70401db4ad1b2eb46f769a845f79466df186c0367a99d2a1594564f71dfcd4f3,0.42577348850411584
v16x,1536,9299,127341,exposure_matched_local,1993117341,seed_family_a,2,4,813f08692fc07720148898354737fb83b55aa95dc86f19f47c2d35b9be6af82e,91bb3879caec212c910ed53c0ee328c4142de128412bc4edd45af2210028bdde,0.4183934147033778
v16x,1536,9299,127341,exposure_matched_local,1993117341,seed_family_a,2,5,813f08692fc07720148898354737fb83b55aa95dc86f19f47c2d35b9be6af82e,3b6bf1deb044c21efa0306f08a3c14ea40bd8f22fc918bbb66efd5b474bda419,0.4149872267953449
v16x,1536,9299,127341,exposure_matched_local,1993117341,seed_family_a,2,6,813f08692fc07720148898354737fb83b55aa95dc86f19f47c2d35b9be6af82e,0543236b3ae3426cc9821bcace23cc66086bd52f1e3d94721b4466aa94013d5f,0.4161226227646892
v16x,1536,9299,127341,exposure_matched_local,1993117341,seed_family_a,2,7,813f08692fc07720148898354737fb83b55aa95dc86f19f47c2d35b9be6af82e,f35b2cdb939d5f4a45de985dc91f7d70e42bc8ff9af1ba938ce95b3c14a2b063,0.4209480556344025
v16x,1536,9299,127341,exposure_matched_local,1993117341,seed_family_a,2,8,813f08692fc07720148898354737fb83b55aa95dc86f19f47c2d35b9be6af82e,4c1132ce37a26e2fb5d50300613be537af367cabec015546a3853f40102c3bdb,0.42577348850411584
v16x,1536,9299,127341,exposure_matched_local,1993117341,seed_family_a,2,9,813f08692fc07720148898354737fb83b55aa95dc86f19f47c2d35b9be6af82e,87334625e496d1ff69cd0fd67d13ccba39afee6d8c6bbe04039f73c888ba005b,0.4098779449332955
v16x,1536,9299,127341,exposure_matched_local,1993117341,seed_family_a,2,10,813f08692fc07720148898354737fb83b55aa95dc86f19f47c2d35b9be6af82e,555e81923a3bbf42c0dd17cc955e0000d863814942e7471c5003fe01d0cac2c8,0.41952881067272213
v16x,1536,9299,127341,exposure_matched_local,1993117341,seed_family_a,2,11,813f08692fc07720148898354737fb83b55aa95dc86f19f47c2d35b9be6af82e,d8b0281f3734d1784f7a79922c868c3951034d06d0d10b06677774869520ff96,0.4252057905194437
v16x,1536,9299,127341,exposure_matched_local,1993117341,seed_family_a,2,12,813f08692fc07720148898354737fb83b55aa95dc86f19f47c2d35b9be6af82e,83cab0ef4574fe8dbff86720a2ce9de83e13f923329b81262328a5a29346978b,0.4121487368719841
v16x,1536,9299,127341,exposure_matched_local,1993117341,seed_family_a,2,13,813f08692fc07720148898354737fb83b55aa95dc86f19f47c2d35b9be6af82e,9990179919b0989086a9d78332c62389cb635f261fed37614aca61026346fa3c,0.40391711609423786
v16x,1536,9299,127341,exposure_matched_local,1993117341,seed_family_a,2,14,813f08692fc07720148898354737fb83b55aa95dc86f19f47c2d35b9be6af82e,93af8def34c44a113e6cf0d386cf95380af9a940e2e5b17b7ce4898a51e7d79d,0.41441952881067273
v16x,1536,9299,127341,exposure_matched_local,1993117341,seed_family_a,2,15,813f08692fc07720148898354737fb83b55aa95dc86f19f47c2d35b9be6af82e,7c288553588d3a721ed96bd4db4ba8ba5bf30bdcb345a45d5390864c83650715,0.4235026965654272
v16x,1536,9299,127341,exposure_matched_local,1993117341,seed_family_a,3,4,70401db4ad1b2eb46f769a845f79466df186c0367a99d2a1594564f71dfcd4f3,91bb3879caec212c910ed53c0ee328c4142de128412bc4edd45af2210028bdde,0.42066420664206644
v16x,1536,9299,127341,exposure_matched_local,1993117341,seed_family_a,3,5,70401db4ad1b2eb46f769a845f79466df186c0367a99d2a1594564f71dfcd4f3,3b6bf1deb044c21efa0306f08a3c14ea40bd8f22fc918bbb66efd5b474bda419,0.4132841328413284
v16x,1536,9299,127341,exposure_matched_local,1993117341,seed_family_a,3,6,70401db4ad1b2eb46f769a845f79466df186c0367a99d2a1594564f71dfcd4f3,0543236b3ae3426cc9821bcace23cc66086bd52f1e3d94721b4466aa94013d5f,0.4212319046267386
v16x,1536,9299,127341,exposure_matched_local,1993117341,seed_family_a,3,7,70401db4ad1b2eb46f769a845f79466df186c0367a99d2a1594564f71dfcd4f3,f35b2cdb939d5f4a45de985dc91f7d70e42bc8ff9af1ba938ce95b3c14a2b063,0.42861197842747656
v16x,1536,9299,127341,exposure_matched_local,1993117341,seed_family_a,3,8,70401db4ad1b2eb46f769a845f79466df186c0367a99d2a1594564f71dfcd4f3,4c1132ce37a26e2fb5d50300613be537af367cabec015546a3853f40102c3bdb,0.4158387737723531
v16x,1536,9299,127341,exposure_matched_local,1993117341,seed_family_a,3,9,70401db4ad1b2eb46f769a845f79466df186c0367a99d2a1594564f71dfcd4f3,87334625e496d1ff69cd0fd67d13ccba39afee6d8c6bbe04039f73c888ba005b,0.4200965086573943
v16x,1536,9299,127341,exposure_matched_local,1993117341,seed_family_a,3,10,70401db4ad1b2eb46f769a845f79466df186c0367a99d2a1594564f71dfcd4f3,555e81923a3bbf42c0dd17cc955e0000d863814942e7471c5003fe01d0cac2c8,0.41669032074936135
v16x,1536,9299,127341,exposure_matched_local,1993117341,seed_family_a,3,11,70401db4ad1b2eb46f769a845f79466df186c0367a99d2a1594564f71dfcd4f3,d8b0281f3734d1784f7a79922c868c3951034d06d0d10b06677774869520ff96,0.4164064717570253
v16x,1536,9299,127341,exposure_matched_local,1993117341,seed_family_a,3,12,70401db4ad1b2eb46f769a845f79466df186c0367a99d2a1594564f71dfcd4f3,83cab0ef4574fe8dbff86720a2ce9de83e13f923329b81262328a5a29346978b,0.4147033778030088
v16x,1536,9299,127341,exposure_matched_local,1993117341,seed_family_a,3,13,70401db4ad1b2eb46f769a845f79466df186c0367a99d2a1594564f71dfcd4f3,9990179919b0989086a9d78332c62389cb635f261fed37614aca61026346fa3c,0.42407039455009937
v16x,1536,9299,127341,exposure_matched_local,1993117341,seed_family_a,3,14,70401db4ad1b2eb46f769a845f79466df186c0367a99d2a1594564f71dfcd4f3,93af8def34c44a113e6cf0d386cf95380af9a940e2e5b17b7ce4898a51e7d79d,0.4112971898949759
v16x,1536,9299,127341,exposure_matched_local,1993117341,seed_family_a,3,15,70401db4ad1b2eb46f769a845f79466df186c0367a99d2a1594564f71dfcd4f3,7c288553588d3a721ed96bd4db4ba8ba5bf30bdcb345a45d5390864c83650715,0.42066420664206644
v16x,1536,9299,127341,exposure_matched_local,1993117341,seed_family_a,4,5,91bb3879caec212c910ed53c0ee328c4142de128412bc4edd45af2210028bdde,3b6bf1deb044c21efa0306f08a3c14ea40bd8f22fc918bbb66efd5b474bda419,0.4215157536190747
v16x,1536,9299,127341,exposure_matched_local,1993117341,seed_family_a,4,6,91bb3879caec212c910ed53c0ee328c4142de128412bc4edd45af2210028bdde,0543236b3ae3426cc9821bcace23cc66086bd52f1e3d94721b4466aa94013d5f,0.41555492478001704
v16x,1536,9299,127341,exposure_matched_local,1993117341,seed_family_a,4,7,91bb3879caec212c910ed53c0ee328c4142de128412bc4edd45af2210028bdde,f35b2cdb939d5f4a45de985dc91f7d70e42bc8ff9af1ba938ce95b3c14a2b063,0.41158103888731196
v16x,1536,9299,127341,exposure_matched_local,1993117341,seed_family_a,4,8,91bb3879caec212c910ed53c0ee328c4142de128412bc4edd45af2210028bdde,4c1132ce37a26e2fb5d50300613be537af367cabec015546a3853f40102c3bdb,0.41697416974169743
v16x,1536,9299,127341,exposure_matched_local,1993117341,seed_family_a,4,9,91bb3879caec212c910ed53c0ee328c4142de128412bc4edd45af2210028bdde,87334625e496d1ff69cd0fd67d13ccba39afee6d8c6bbe04039f73c888ba005b,0.4135679818336645
v16x,1536,9299,127341,exposure_matched_local,1993117341,seed_family_a,4,10,91bb3879caec212c910ed53c0ee328c4142de128412bc4edd45af2210028bdde,555e81923a3bbf42c0dd17cc955e0000d863814942e7471c5003fe01d0cac2c8,0.4138518308260006
v16x,1536,9299,127341,exposure_matched_local,1993117341,seed_family_a,4,11,91bb3879caec212c910ed53c0ee328c4142de128412bc4edd45af2210028bdde,d8b0281f3734d1784f7a79922c868c3951034d06d0d10b06677774869520ff96,0.4147033778030088
v16x,1536,9299,127341,exposure_matched_local,1993117341,seed_family_a,4,12,91bb3879caec212c910ed53c0ee328c4142de128412bc4edd45af2210028bdde,83cab0ef4574fe8dbff86720a2ce9de83e13f923329b81262328a5a29346978b,0.42974737439682087
v16x,1536,9299,127341,exposure_matched_local,1993117341,seed_family_a,4,13,91bb3879caec212c910ed53c0ee328c4142de128412bc4edd45af2210028bdde,9990179919b0989086a9d78332c62389cb635f261fed37614aca61026346fa3c,0.4246380925347715
v16x,1536,9299,127341,exposure_matched_local,1993117341,seed_family_a,4,14,91bb3879caec212c910ed53c0ee328c4142de128412bc4edd45af2210028bdde,93af8def34c44a113e6cf0d386cf95380af9a940e2e5b17b7ce4898a51e7d79d,0.41044564291796765
v16x,1536,9299,127341,exposure_matched_local,1993117341,seed_family_a,4,15,91bb3879caec212c910ed53c0ee328c4142de128412bc4edd45af2210028bdde,7c288553588d3a721ed96bd4db4ba8ba5bf30bdcb345a45d5390864c83650715,0.41300028384899234
v16x,1536,9299,127341,exposure_matched_local,1993117341,seed_family_a,5,6,3b6bf1deb044c21efa0306f08a3c14ea40bd8f22fc918bbb66efd5b474bda419,0543236b3ae3426cc9821bcace23cc66086bd52f1e3d94721b4466aa94013d5f,0.4135679818336645
v16x,1536,9299,127341,exposure_matched_local,1993117341,seed_family_a,5,7,3b6bf1deb044c21efa0306f08a3c14ea40bd8f22fc918bbb66efd5b474bda419,f35b2cdb939d5f4a45de985dc91f7d70e42bc8ff9af1ba938ce95b3c14a2b063,0.41810956571104174
v16x,1536,9299,127341,exposure_matched_local,1993117341,seed_family_a,5,8,3b6bf1deb044c21efa0306f08a3c14ea40bd8f22fc918bbb66efd5b474bda419,4c1132ce37a26e2fb5d50300613be537af367cabec015546a3853f40102c3bdb,0.41413567981833665
v16x,1536,9299,127341,exposure_matched_local,1993117341,seed_family_a,5,9,3b6bf1deb044c21efa0306f08a3c14ea40bd8f22fc918bbb66efd5b474bda419,87334625e496d1ff69cd0fd67d13ccba39afee6d8c6bbe04039f73c888ba005b,0.4073233040022708
v16x,1536,9299,127341,exposure_matched_local,1993117341,seed_family_a,5,10,3b6bf1deb044c21efa0306f08a3c14ea40bd8f22fc918bbb66efd5b474bda419,555e81923a3bbf42c0dd17cc955e0000d863814942e7471c5003fe01d0cac2c8,0.4249219415271076
v16x,1536,9299,127341,exposure_matched_local,1993117341,seed_family_a,5,11,3b6bf1deb044c21efa0306f08a3c14ea40bd8f22fc918bbb66efd5b474bda419,d8b0281f3734d1784f7a79922c868c3951034d06d0d10b06677774869520ff96,0.4280442804428044
v16x,1536,9299,127341,exposure_matched_local,1993117341,seed_family_a,5,12,3b6bf1deb044c21efa0306f08a3c14ea40bd8f22fc918bbb66efd5b474bda419,83cab0ef4574fe8dbff86720a2ce9de83e13f923329b81262328a5a29346978b,0.426625035481124
v16x,1536,9299,127341,exposure_matched_local,1993117341,seed_family_a,5,13,3b6bf1deb044c21efa0306f08a3c14ea40bd8f22fc918bbb66efd5b474bda419,9990179919b0989086a9d78332c62389cb635f261fed37614aca61026346fa3c,0.4235026965654272
v16x,1536,9299,127341,exposure_matched_local,1993117341,seed_family_a,5,14,3b6bf1deb044c21efa0306f08a3c14ea40bd8f22fc918bbb66efd5b474bda419,93af8def34c44a113e6cf0d386cf95380af9a940e2e5b17b7ce4898a51e7d79d,0.43514050525120634
v16x,1536,9299,127341,exposure_matched_local,1993117341,seed_family_a,5,15,3b6bf1deb044c21efa0306f08a3c14ea40bd8f22fc918bbb66efd5b474bda419,7c288553588d3a721ed96bd4db4ba8ba5bf30bdcb345a45d5390864c83650715,0.41697416974169743
v16x,1536,9299,127341,exposure_matched_local,1993117341,seed_family_a,6,7,0543236b3ae3426cc9821bcace23cc66086bd52f1e3d94721b4466aa94013d5f,f35b2cdb939d5f4a45de985dc91f7d70e42bc8ff9af1ba938ce95b3c14a2b063,0.4198126596650582
v16x,1536,9299,127341,exposure_matched_local,1993117341,seed_family_a,6,8,0543236b3ae3426cc9821bcace23cc66086bd52f1e3d94721b4466aa94013d5f,4c1132ce37a26e2fb5d50300613be537af367cabec015546a3853f40102c3bdb,0.4223673005960829
v16x,1536,9299,127341,exposure_matched_local,1993117341,seed_family_a,6,9,0543236b3ae3426cc9821bcace23cc66086bd52f1e3d94721b4466aa94013d5f,87334625e496d1ff69cd0fd67d13ccba39afee6d8c6bbe04039f73c888ba005b,0.41810956571104174
v16x,1536,9299,127341,exposure_matched_local,1993117341,seed_family_a,6,10,0543236b3ae3426cc9821bcace23cc66086bd52f1e3d94721b4466aa94013d5f,555e81923a3bbf42c0dd17cc955e0000d863814942e7471c5003fe01d0cac2c8,0.43145046835083734
v16x,1536,9299,127341,exposure_matched_local,1993117341,seed_family_a,6,11,0543236b3ae3426cc9821bcace23cc66086bd52f1e3d94721b4466aa94013d5f,d8b0281f3734d1784f7a79922c868c3951034d06d0d10b06677774869520ff96,0.4061879080329265
v16x,1536,9299,127341,exposure_matched_local,1993117341,seed_family_a,6,12,0543236b3ae3426cc9821bcace23cc66086bd52f1e3d94721b4466aa94013d5f,83cab0ef4574fe8dbff86720a2ce9de83e13f923329b81262328a5a29346978b,0.40647175702526256
v16x,1536,9299,127341,exposure_matched_local,1993117341,seed_family_a,6,13,0543236b3ae3426cc9821bcace23cc66086bd52f1e3d94721b4466aa94013d5f,9990179919b0989086a9d78332c62389cb635f261fed37614aca61026346fa3c,0.4209480556344025
v16x,1536,9299,127341,exposure_matched_local,1993117341,seed_family_a,6,14,0543236b3ae3426cc9821bcace23cc66086bd52f1e3d94721b4466aa94013d5f,93af8def34c44a113e6cf0d386cf95380af9a940e2e5b17b7ce4898a51e7d79d,0.4135679818336645
v16x,1536,9299,127341,exposure_matched_local,1993117341,seed_family_a,6,15,0543236b3ae3426cc9821bcace23cc66086bd52f1e3d94721b4466aa94013d5f,7c288553588d3a721ed96bd4db4ba8ba5bf30bdcb345a45d5390864c83650715,0.42208345160374683
v16x,1536,9299,127341,exposure_matched_local,1993117341,seed_family_a,7,8,f35b2cdb939d5f4a45de985dc91f7d70e42bc8ff9af1ba938ce95b3c14a2b063,4c1132ce37a26e2fb5d50300613be537af367cabec015546a3853f40102c3bdb,0.41186488787964803
v16x,1536,9299,127341,exposure_matched_local,1993117341,seed_family_a,7,9,f35b2cdb939d5f4a45de985dc91f7d70e42bc8ff9af1ba938ce95b3c14a2b063,87334625e496d1ff69cd0fd67d13ccba39afee6d8c6bbe04039f73c888ba005b,0.42974737439682087
v16x,1536,9299,127341,exposure_matched_local,1993117341,seed_family_a,7,10,f35b2cdb939d5f4a45de985dc91f7d70e42bc8ff9af1ba938ce95b3c14a2b063,555e81923a3bbf42c0dd17cc955e0000d863814942e7471c5003fe01d0cac2c8,0.4200965086573943
v16x,1536,9299,127341,exposure_matched_local,1993117341,seed_family_a,7,11,f35b2cdb939d5f4a45de985dc91f7d70e42bc8ff9af1ba938ce95b3c14a2b063,d8b0281f3734d1784f7a79922c868c3951034d06d0d10b06677774869520ff96,0.41271643485665627
v16x,1536,9299,127341,exposure_matched_local,1993117341,seed_family_a,7,12,f35b2cdb939d5f4a45de985dc91f7d70e42bc8ff9af1ba938ce95b3c14a2b063,83cab0ef4574fe8dbff86720a2ce9de83e13f923329b81262328a5a29346978b,0.4317343173431734
v16x,1536,9299,127341,exposure_matched_local,1993117341,seed_family_a,7,13,f35b2cdb939d5f4a45de985dc91f7d70e42bc8ff9af1ba938ce95b3c14a2b063,9990179919b0989086a9d78332c62389cb635f261fed37614aca61026346fa3c,0.4291796764121487
v16x,1536,9299,127341,exposure_matched_local,1993117341,seed_family_a,7,14,f35b2cdb939d5f4a45de985dc91f7d70e42bc8ff9af1ba938ce95b3c14a2b063,93af8def34c44a113e6cf0d386cf95380af9a940e2e5b17b7ce4898a51e7d79d,0.4161226227646892
v16x,1536,9299,127341,exposure_matched_local,1993117341,seed_family_a,7,15,f35b2cdb939d5f4a45de985dc91f7d70e42bc8ff9af1ba938ce95b3c14a2b063,7c288553588d3a721ed96bd4db4ba8ba5bf30bdcb345a45d5390864c83650715,0.40675560601759864
v16x,1536,9299,127341,exposure_matched_local,1993117341,seed_family_a,8,9,4c1132ce37a26e2fb5d50300613be537af367cabec015546a3853f40102c3bdb,87334625e496d1ff69cd0fd67d13ccba39afee6d8c6bbe04039f73c888ba005b,0.4172580187340335
v16x,1536,9299,127341,exposure_matched_local,1993117341,seed_family_a,8,10,4c1132ce37a26e2fb5d50300613be537af367cabec015546a3853f40102c3bdb,555e81923a3bbf42c0dd17cc955e0000d863814942e7471c5003fe01d0cac2c8,0.41158103888731196
v16x,1536,9299,127341,exposure_matched_local,1993117341,seed_family_a,8,11,4c1132ce37a26e2fb5d50300613be537af367cabec015546a3853f40102c3bdb,d8b0281f3734d1784f7a79922c868c3951034d06d0d10b06677774869520ff96,0.42179960261141075
v16x,1536,9299,127341,exposure_matched_local,1993117341,seed_family_a,8,12,4c1132ce37a26e2fb5d50300613be537af367cabec015546a3853f40102c3bdb,83cab0ef4574fe8dbff86720a2ce9de83e13f923329b81262328a5a29346978b,0.41441952881067273
v16x,1536,9299,127341,exposure_matched_local,1993117341,seed_family_a,8,13,4c1132ce37a26e2fb5d50300613be537af367cabec015546a3853f40102c3bdb,9990179919b0989086a9d78332c62389cb635f261fed37614aca61026346fa3c,0.4164064717570253
v16x,1536,9299,127341,exposure_matched_local,1993117341,seed_family_a,8,14,4c1132ce37a26e2fb5d50300613be537af367cabec015546a3853f40102c3bdb,93af8def34c44a113e6cf0d386cf95380af9a940e2e5b17b7ce4898a51e7d79d,0.4269088844734601
v16x,1536,9299,127341,exposure_matched_local,1993117341,seed_family_a,8,15,4c1132ce37a26e2fb5d50300613be537af367cabec015546a3853f40102c3bdb,7c288553588d3a721ed96bd4db4ba8ba5bf30bdcb345a45d5390864c83650715,0.42293499858075506
v16x,1536,9299,127341,exposure_matched_local,1993117341,seed_family_a,9,10,87334625e496d1ff69cd0fd67d13ccba39afee6d8c6bbe04039f73c888ba005b,555e81923a3bbf42c0dd17cc955e0000d863814942e7471c5003fe01d0cac2c8,0.4110133409026398
v16x,1536,9299,127341,exposure_matched_local,1993117341,seed_family_a,9,11,87334625e496d1ff69cd0fd67d13ccba39afee6d8c6bbe04039f73c888ba005b,d8b0281f3734d1784f7a79922c868c3951034d06d0d10b06677774869520ff96,0.408174850979279
v16x,1536,9299,127341,exposure_matched_local,1993117341,seed_family_a,9,12,87334625e496d1ff69cd0fd67d13ccba39afee6d8c6bbe04039f73c888ba005b,83cab0ef4574fe8dbff86720a2ce9de83e13f923329b81262328a5a29346978b,0.4198126596650582
v16x,1536,9299,127341,exposure_matched_local,1993117341,seed_family_a,9,13,87334625e496d1ff69cd0fd67d13ccba39afee6d8c6bbe04039f73c888ba005b,9990179919b0989086a9d78332c62389cb635f261fed37614aca61026346fa3c,0.42605733749645186
v16x,1536,9299,127341,exposure_matched_local,1993117341,seed_family_a,9,14,87334625e496d1ff69cd0fd67d13ccba39afee6d8c6bbe04039f73c888ba005b,93af8def34c44a113e6cf0d386cf95380af9a940e2e5b17b7ce4898a51e7d79d,0.4164064717570253
v16x,1536,9299,127341,exposure_matched_local,1993117341,seed_family_a,9,15,87334625e496d1ff69cd0fd67d13ccba39afee6d8c6bbe04039f73c888ba005b,7c288553588d3a721ed96bd4db4ba8ba5bf30bdcb345a45d5390864c83650715,0.4172580187340335
v16x,1536,9299,127341,exposure_matched_local,1993117341,seed_family_a,10,11,555e81923a3bbf42c0dd17cc955e0000d863814942e7471c5003fe01d0cac2c8,d8b0281f3734d1784f7a79922c868c3951034d06d0d10b06677774869520ff96,0.4161226227646892
v16x,1536,9299,127341,exposure_matched_local,1993117341,seed_family_a,10,12,555e81923a3bbf42c0dd17cc955e0000d863814942e7471c5003fe01d0cac2c8,83cab0ef4574fe8dbff86720a2ce9de83e13f923329b81262328a5a29346978b,0.42861197842747656
v16x,1536,9299,127341,exposure_matched_local,1993117341,seed_family_a,10,13,555e81923a3bbf42c0dd17cc955e0000d863814942e7471c5003fe01d0cac2c8,9990179919b0989086a9d78332c62389cb635f261fed37614aca61026346fa3c,0.4198126596650582
v16x,1536,9299,127341,exposure_matched_local,1993117341,seed_family_a,10,14,555e81923a3bbf42c0dd17cc955e0000d863814942e7471c5003fe01d0cac2c8,93af8def34c44a113e6cf0d386cf95380af9a940e2e5b17b7ce4898a51e7d79d,0.4223673005960829
v16x,1536,9299,127341,exposure_matched_local,1993117341,seed_family_a,10,15,555e81923a3bbf42c0dd17cc955e0000d863814942e7471c5003fe01d0cac2c8,7c288553588d3a721ed96bd4db4ba8ba5bf30bdcb345a45d5390864c83650715,0.4249219415271076
v16x,1536,9299,127341,exposure_matched_local,1993117341,seed_family_a,11,12,d8b0281f3734d1784f7a79922c868c3951034d06d0d10b06677774869520ff96,83cab0ef4574fe8dbff86720a2ce9de83e13f923329b81262328a5a29346978b,0.42293499858075506
v16x,1536,9299,127341,exposure_matched_local,1993117341,seed_family_a,11,13,d8b0281f3734d1784f7a79922c868c3951034d06d0d10b06677774869520ff96,9990179919b0989086a9d78332c62389cb635f261fed37614aca61026346fa3c,0.4183934147033778
v16x,1536,9299,127341,exposure_matched_local,1993117341,seed_family_a,11,14,d8b0281f3734d1784f7a79922c868c3951034d06d0d10b06677774869520ff96,93af8def34c44a113e6cf0d386cf95380af9a940e2e5b17b7ce4898a51e7d79d,0.4209480556344025
v16x,1536,9299,127341,exposure_matched_local,1993117341,seed_family_a,11,15,d8b0281f3734d1784f7a79922c868c3951034d06d0d10b06677774869520ff96,7c288553588d3a721ed96bd4db4ba8ba5bf30bdcb345a45d5390864c83650715,0.4164064717570253
v16x,1536,9299,127341,exposure_matched_local,1993117341,seed_family_a,12,13,83cab0ef4574fe8dbff86720a2ce9de83e13f923329b81262328a5a29346978b,9990179919b0989086a9d78332c62389cb635f261fed37614aca61026346fa3c,0.4124325858643202
v16x,1536,9299,127341,exposure_matched_local,1993117341,seed_family_a,12,14,83cab0ef4574fe8dbff86720a2ce9de83e13f923329b81262328a5a29346978b,93af8def34c44a113e6cf0d386cf95380af9a940e2e5b17b7ce4898a51e7d79d,0.41300028384899234
v16x,1536,9299,127341,exposure_matched_local,1993117341,seed_family_a,12,15,83cab0ef4574fe8dbff86720a2ce9de83e13f923329b81262328a5a29346978b,7c288553588d3a721ed96bd4db4ba8ba5bf30bdcb345a45d5390864c83650715,0.41669032074936135
v16x,1536,9299,127341,exposure_matched_local,1993117341,seed_family_a,13,14,9990179919b0989086a9d78332c62389cb635f261fed37614aca61026346fa3c,93af8def34c44a113e6cf0d386cf95380af9a940e2e5b17b7ce4898a51e7d79d,0.4183934147033778
v16x,1536,9299,127341,exposure_matched_local,1993117341,seed_family_a,13,15,9990179919b0989086a9d78332c62389cb635f261fed37614aca61026346fa3c,7c288553588d3a721ed96bd4db4ba8ba5bf30bdcb345a45d5390864c83650715,0.4147033778030088
v16x,1536,9299,127341,exposure_matched_local,1993117341,seed_family_a,14,15,93af8def34c44a113e6cf0d386cf95380af9a940e2e5b17b7ce4898a51e7d79d,7c288553588d3a721ed96bd4db4ba8ba5bf30bdcb345a45d5390864c83650715,0.4198126596650582
v16x,1536,9299,127341,exposure_matched_local,1993117341,seed_family_b,0,1,a2a0d9e62fd25ef8552a10ea1b58528f67bcecdadf1fa4b454bf5f002a4e6aa1,02f0878dc3e556abb07b370996ceaff64ae6643f93e62ea4e36ff9a11388f2e5,0.4161226227646892
v16x,1536,9299,127341,exposure_matched_local,1993117341,seed_family_b,0,2,a2a0d9e62fd25ef8552a10ea1b58528f67bcecdadf1fa4b454bf5f002a4e6aa1,6a8fee186083d3f3c164cc4fdaeb483e746a539d8ab7792b1196ecf01a6feb96,0.430315072381493
v16x,1536,9299,127341,exposure_matched_local,1993117341,seed_family_b,0,3,a2a0d9e62fd25ef8552a10ea1b58528f67bcecdadf1fa4b454bf5f002a4e6aa1,15cf0b4ee62fd23cbe7bbe3ab70fd596b61c1145523f3e797045a0faa4523b05,0.42719273346579617
v16x,1536,9299,127341,exposure_matched_local,1993117341,seed_family_b,0,4,a2a0d9e62fd25ef8552a10ea1b58528f67bcecdadf1fa4b454bf5f002a4e6aa1,b5221ad0a7000432f47bf9f578eea415d5ec421dc6f465370cb44ce895de73fb,0.4215157536190747
v16x,1536,9299,127341,exposure_matched_local,1993117341,seed_family_b,0,5,a2a0d9e62fd25ef8552a10ea1b58528f67bcecdadf1fa4b454bf5f002a4e6aa1,557d552917dad5add74667218f4d65dd0ca68cbcd376c45cc7a51e08d303cb49,0.4294635254044848
v16x,1536,9299,127341,exposure_matched_local,1993117341,seed_family_b,0,6,a2a0d9e62fd25ef8552a10ea1b58528f67bcecdadf1fa4b454bf5f002a4e6aa1,44502505b8c51288c7ffd7153ef7de2ca1cb0b34a115e86fcd0ef8ce895fff80,0.4186772636957139
v16x,1536,9299,127341,exposure_matched_local,1993117341,seed_family_b,0,7,a2a0d9e62fd25ef8552a10ea1b58528f67bcecdadf1fa4b454bf5f002a4e6aa1,aa5fd6206bb5a70de59e3ab6611424e76680825901a7a0af2fae0e26b78c2d20,0.42208345160374683
v16x,1536,9299,127341,exposure_matched_local,1993117341,seed_family_b,0,8,a2a0d9e62fd25ef8552a10ea1b58528f67bcecdadf1fa4b454bf5f002a4e6aa1,c6b400483c19211bf799f962a59806c808945d8525132e7c6e63df7a4cd37b69,0.4161226227646892
v16x,1536,9299,127341,exposure_matched_local,1993117341,seed_family_b,0,9,a2a0d9e62fd25ef8552a10ea1b58528f67bcecdadf1fa4b454bf5f002a4e6aa1,70e93e9a07ff427db690d19184aacddb35d994e094da18899eae5976b47f448f,0.4149872267953449
v16x,1536,9299,127341,exposure_matched_local,1993117341,seed_family_b,0,10,a2a0d9e62fd25ef8552a10ea1b58528f67bcecdadf1fa4b454bf5f002a4e6aa1,6494feea30e949a603ca837f99d015e785f1851dab85db27d456eb890dae1c8c,0.4158387737723531
v16x,1536,9299,127341,exposure_matched_local,1993117341,seed_family_b,0,11,a2a0d9e62fd25ef8552a10ea1b58528f67bcecdadf1fa4b454bf5f002a4e6aa1,7bdc5a1f0eda2069eae37d98434c7fda9c2fd8ffda65c475fe790e9fc2b5a3df,0.42861197842747656
v16x,1536,9299,127341,exposure_matched_local,1993117341,seed_family_b,0,12,a2a0d9e62fd25ef8552a10ea1b58528f67bcecdadf1fa4b454bf5f002a4e6aa1,63aba88b15073f782bda7717d39f102207f8b29083ed248fbb6559487e0af2fd,0.42208345160374683
v16x,1536,9299,127341,exposure_matched_local,1993117341,seed_family_b,0,13,a2a0d9e62fd25ef8552a10ea1b58528f67bcecdadf1fa4b454bf5f002a4e6aa1,4b7dfe466228312b28330c199e4240a35db90bf510935cb1e602a353e8a38545,0.41044564291796765
v16x,1536,9299,127341,exposure_matched_local,1993117341,seed_family_b,0,14,a2a0d9e62fd25ef8552a10ea1b58528f67bcecdadf1fa4b454bf5f002a4e6aa1,59cd3fffc0006b102a31d607047a84a4417e15a688d160a8583256d1c87fc0e7,0.4308827703661652
v16x,1536,9299,127341,exposure_matched_local,1993117341,seed_family_b,0,15,a2a0d9e62fd25ef8552a10ea1b58528f67bcecdadf1fa4b454bf5f002a4e6aa1,c8f39024da69b33ae78925c09e9bc5fea069271b17c4e4a3ab8f422a7c8186a7,0.42577348850411584
v16x,1536,9299,127341,exposure_matched_local,1993117341,seed_family_b,1,2,02f0878dc3e556abb07b370996ceaff64ae6643f93e62ea4e36ff9a11388f2e5,6a8fee186083d3f3c164cc4fdaeb483e746a539d8ab7792b1196ecf01a6feb96,0.41697416974169743
v16x,1536,9299,127341,exposure_matched_local,1993117341,seed_family_b,1,3,02f0878dc3e556abb07b370996ceaff64ae6643f93e62ea4e36ff9a11388f2e5,15cf0b4ee62fd23cbe7bbe3ab70fd596b61c1145523f3e797045a0faa4523b05,0.4172580187340335
v16x,1536,9299,127341,exposure_matched_local,1993117341,seed_family_b,1,4,02f0878dc3e556abb07b370996ceaff64ae6643f93e62ea4e36ff9a11388f2e5,b5221ad0a7000432f47bf9f578eea415d5ec421dc6f465370cb44ce895de73fb,0.4149872267953449
v16x,1536,9299,127341,exposure_matched_local,1993117341,seed_family_b,1,5,02f0878dc3e556abb07b370996ceaff64ae6643f93e62ea4e36ff9a11388f2e5,557d552917dad5add74667218f4d65dd0ca68cbcd376c45cc7a51e08d303cb49,0.41896111268805
v16x,1536,9299,127341,exposure_matched_local,1993117341,seed_family_b,1,6,02f0878dc3e556abb07b370996ceaff64ae6643f93e62ea4e36ff9a11388f2e5,44502505b8c51288c7ffd7153ef7de2ca1cb0b34a115e86fcd0ef8ce895fff80,0.41697416974169743
v16x,1536,9299,127341,exposure_matched_local,1993117341,seed_family_b,1,7,02f0878dc3e556abb07b370996ceaff64ae6643f93e62ea4e36ff9a11388f2e5,aa5fd6206bb5a70de59e3ab6611424e76680825901a7a0af2fae0e26b78c2d20,0.408174850979279
v16x,1536,9299,127341,exposure_matched_local,1993117341,seed_family_b,1,8,02f0878dc3e556abb07b370996ceaff64ae6643f93e62ea4e36ff9a11388f2e5,c6b400483c19211bf799f962a59806c808945d8525132e7c6e63df7a4cd37b69,0.4132841328413284
v16x,1536,9299,127341,exposure_matched_local,1993117341,seed_family_b,1,9,02f0878dc3e556abb07b370996ceaff64ae6643f93e62ea4e36ff9a11388f2e5,70e93e9a07ff427db690d19184aacddb35d994e094da18899eae5976b47f448f,0.4291796764121487
v16x,1536,9299,127341,exposure_matched_local,1993117341,seed_family_b,1,10,02f0878dc3e556abb07b370996ceaff64ae6643f93e62ea4e36ff9a11388f2e5,6494feea30e949a603ca837f99d015e785f1851dab85db27d456eb890dae1c8c,0.41413567981833665
v16x,1536,9299,127341,exposure_matched_local,1993117341,seed_family_b,1,11,02f0878dc3e556abb07b370996ceaff64ae6643f93e62ea4e36ff9a11388f2e5,7bdc5a1f0eda2069eae37d98434c7fda9c2fd8ffda65c475fe790e9fc2b5a3df,0.4138518308260006
v16x,1536,9299,127341,exposure_matched_local,1993117341,seed_family_b,1,12,02f0878dc3e556abb07b370996ceaff64ae6643f93e62ea4e36ff9a11388f2e5,63aba88b15073f782bda7717d39f102207f8b29083ed248fbb6559487e0af2fd,0.4073233040022708
v16x,1536,9299,127341,exposure_matched_local,1993117341,seed_family_b,1,13,02f0878dc3e556abb07b370996ceaff64ae6643f93e62ea4e36ff9a11388f2e5,4b7dfe466228312b28330c199e4240a35db90bf510935cb1e602a353e8a38545,0.4200965086573943
v16x,1536,9299,127341,exposure_matched_local,1993117341,seed_family_b,1,14,02f0878dc3e556abb07b370996ceaff64ae6643f93e62ea4e36ff9a11388f2e5,59cd3fffc0006b102a31d607047a84a4417e15a688d160a8583256d1c87fc0e7,0.4138518308260006
v16x,1536,9299,127341,exposure_matched_local,1993117341,seed_family_b,1,15,02f0878dc3e556abb07b370996ceaff64ae6643f93e62ea4e36ff9a11388f2e5,c8f39024da69b33ae78925c09e9bc5fea069271b17c4e4a3ab8f422a7c8186a7,0.42321884757309114
v16x,1536,9299,127341,exposure_matched_local,1993117341,seed_family_b,2,3,6a8fee186083d3f3c164cc4fdaeb483e746a539d8ab7792b1196ecf01a6feb96,15cf0b4ee62fd23cbe7bbe3ab70fd596b61c1145523f3e797045a0faa4523b05,0.41952881067272213
v16x,1536,9299,127341,exposure_matched_local,1993117341,seed_family_b,2,4,6a8fee186083d3f3c164cc4fdaeb483e746a539d8ab7792b1196ecf01a6feb96,b5221ad0a7000432f47bf9f578eea415d5ec421dc6f465370cb44ce895de73fb,0.42605733749645186
v16x,1536,9299,127341,exposure_matched_local,1993117341,seed_family_b,2,5,6a8fee186083d3f3c164cc4fdaeb483e746a539d8ab7792b1196ecf01a6feb96,557d552917dad5add74667218f4d65dd0ca68cbcd376c45cc7a51e08d303cb49,0.4277604314504683
v16x,1536,9299,127341,exposure_matched_local,1993117341,seed_family_b,2,6,6a8fee186083d3f3c164cc4fdaeb483e746a539d8ab7792b1196ecf01a6feb96,44502505b8c51288c7ffd7153ef7de2ca1cb0b34a115e86fcd0ef8ce895fff80,0.408174850979279
v16x,1536,9299,127341,exposure_matched_local,1993117341,seed_family_b,2,7,6a8fee186083d3f3c164cc4fdaeb483e746a539d8ab7792b1196ecf01a6feb96,aa5fd6206bb5a70de59e3ab6611424e76680825901a7a0af2fae0e26b78c2d20,0.4280442804428044
v16x,1536,9299,127341,exposure_matched_local,1993117341,seed_family_b,2,8,6a8fee186083d3f3c164cc4fdaeb483e746a539d8ab7792b1196ecf01a6feb96,c6b400483c19211bf799f962a59806c808945d8525132e7c6e63df7a4cd37b69,0.4158387737723531
v16x,1536,9299,127341,exposure_matched_local,1993117341,seed_family_b,2,9,6a8fee186083d3f3c164cc4fdaeb483e746a539d8ab7792b1196ecf01a6feb96,70e93e9a07ff427db690d19184aacddb35d994e094da18899eae5976b47f448f,0.42548963951177976
v16x,1536,9299,127341,exposure_matched_local,1993117341,seed_family_b,2,10,6a8fee186083d3f3c164cc4fdaeb483e746a539d8ab7792b1196ecf01a6feb96,6494feea30e949a603ca837f99d015e785f1851dab85db27d456eb890dae1c8c,0.4121487368719841
v16x,1536,9299,127341,exposure_matched_local,1993117341,seed_family_b,2,11,6a8fee186083d3f3c164cc4fdaeb483e746a539d8ab7792b1196ecf01a6feb96,7bdc5a1f0eda2069eae37d98434c7fda9c2fd8ffda65c475fe790e9fc2b5a3df,0.4200965086573943
v16x,1536,9299,127341,exposure_matched_local,1993117341,seed_family_b,2,12,6a8fee186083d3f3c164cc4fdaeb483e746a539d8ab7792b1196ecf01a6feb96,63aba88b15073f782bda7717d39f102207f8b29083ed248fbb6559487e0af2fd,0.4235026965654272
v16x,1536,9299,127341,exposure_matched_local,1993117341,seed_family_b,2,13,6a8fee186083d3f3c164cc4fdaeb483e746a539d8ab7792b1196ecf01a6feb96,4b7dfe466228312b28330c199e4240a35db90bf510935cb1e602a353e8a38545,0.4161226227646892
v16x,1536,9299,127341,exposure_matched_local,1993117341,seed_family_b,2,14,6a8fee186083d3f3c164cc4fdaeb483e746a539d8ab7792b1196ecf01a6feb96,59cd3fffc0006b102a31d607047a84a4417e15a688d160a8583256d1c87fc0e7,0.4249219415271076
v16x,1536,9299,127341,exposure_matched_local,1993117341,seed_family_b,2,15,6a8fee186083d3f3c164cc4fdaeb483e746a539d8ab7792b1196ecf01a6feb96,c8f39024da69b33ae78925c09e9bc5fea069271b17c4e4a3ab8f422a7c8186a7,0.42548963951177976
v16x,1536,9299,127341,exposure_matched_local,1993117341,seed_family_b,3,4,15cf0b4ee62fd23cbe7bbe3ab70fd596b61c1145523f3e797045a0faa4523b05,b5221ad0a7000432f47bf9f578eea415d5ec421dc6f465370cb44ce895de73fb,0.42861197842747656
v16x,1536,9299,127341,exposure_matched_local,1993117341,seed_family_b,3,5,15cf0b4ee62fd23cbe7bbe3ab70fd596b61c1145523f3e797045a0faa4523b05,557d552917dad5add74667218f4d65dd0ca68cbcd376c45cc7a51e08d303cb49,0.41782571671870566
v16x,1536,9299,127341,exposure_matched_local,1993117341,seed_family_b,3,6,15cf0b4ee62fd23cbe7bbe3ab70fd596b61c1145523f3e797045a0faa4523b05,44502505b8c51288c7ffd7153ef7de2ca1cb0b34a115e86fcd0ef8ce895fff80,0.41271643485665627
v16x,1536,9299,127341,exposure_matched_local,1993117341,seed_family_b,3,7,15cf0b4ee62fd23cbe7bbe3ab70fd596b61c1145523f3e797045a0faa4523b05,aa5fd6206bb5a70de59e3ab6611424e76680825901a7a0af2fae0e26b78c2d20,0.41782571671870566
v16x,1536,9299,127341,exposure_matched_local,1993117341,seed_family_b,3,8,15cf0b4ee62fd23cbe7bbe3ab70fd596b61c1145523f3e797045a0faa4523b05,c6b400483c19211bf799f962a59806c808945d8525132e7c6e63df7a4cd37b69,0.4183934147033778
v16x,1536,9299,127341,exposure_matched_local,1993117341,seed_family_b,3,9,15cf0b4ee62fd23cbe7bbe3ab70fd596b61c1145523f3e797045a0faa4523b05,70e93e9a07ff427db690d19184aacddb35d994e094da18899eae5976b47f448f,0.4277604314504683
v16x,1536,9299,127341,exposure_matched_local,1993117341,seed_family_b,3,10,15cf0b4ee62fd23cbe7bbe3ab70fd596b61c1145523f3e797045a0faa4523b05,6494feea30e949a603ca837f99d015e785f1851dab85db27d456eb890dae1c8c,0.4073233040022708
v16x,1536,9299,127341,exposure_matched_local,1993117341,seed_family_b,3,11,15cf0b4ee62fd23cbe7bbe3ab70fd596b61c1145523f3e797045a0faa4523b05,7bdc5a1f0eda2069eae37d98434c7fda9c2fd8ffda65c475fe790e9fc2b5a3df,0.4138518308260006
v16x,1536,9299,127341,exposure_matched_local,1993117341,seed_family_b,3,12,15cf0b4ee62fd23cbe7bbe3ab70fd596b61c1145523f3e797045a0faa4523b05,63aba88b15073f782bda7717d39f102207f8b29083ed248fbb6559487e0af2fd,0.40760715299460687
v16x,1536,9299,127341,exposure_matched_local,1993117341,seed_family_b,3,13,15cf0b4ee62fd23cbe7bbe3ab70fd596b61c1145523f3e797045a0faa4523b05,4b7dfe466228312b28330c199e4240a35db90bf510935cb1e602a353e8a38545,0.4095940959409594
v16x,1536,9299,127341,exposure_matched_local,1993117341,seed_family_b,3,14,15cf0b4ee62fd23cbe7bbe3ab70fd596b61c1145523f3e797045a0faa4523b05,59cd3fffc0006b102a31d607047a84a4417e15a688d160a8583256d1c87fc0e7,0.42889582741981264
v16x,1536,9299,127341,exposure_matched_local,1993117341,seed_family_b,3,15,15cf0b4ee62fd23cbe7bbe3ab70fd596b61c1145523f3e797045a0faa4523b05,c8f39024da69b33ae78925c09e9bc5fea069271b17c4e4a3ab8f422a7c8186a7,0.42435424354243545
v16x,1536,9299,127341,exposure_matched_local,1993117341,seed_family_b,4,5,b5221ad0a7000432f47bf9f578eea415d5ec421dc6f465370cb44ce895de73fb,557d552917dad5add74667218f4d65dd0ca68cbcd376c45cc7a51e08d303cb49,0.41669032074936135
v16x,1536,9299,127341,exposure_matched_local,1993117341,seed_family_b,4,6,b5221ad0a7000432f47bf9f578eea415d5ec421dc6f465370cb44ce895de73fb,44502505b8c51288c7ffd7153ef7de2ca1cb0b34a115e86fcd0ef8ce895fff80,0.41952881067272213
v16x,1536,9299,127341,exposure_matched_local,1993117341,seed_family_b,4,7,b5221ad0a7000432f47bf9f578eea415d5ec421dc6f465370cb44ce895de73fb,aa5fd6206bb5a70de59e3ab6611424e76680825901a7a0af2fae0e26b78c2d20,0.41952881067272213
v16x,1536,9299,127341,exposure_matched_local,1993117341,seed_family_b,4,8,b5221ad0a7000432f47bf9f578eea415d5ec421dc6f465370cb44ce895de73fb,c6b400483c19211bf799f962a59806c808945d8525132e7c6e63df7a4cd37b69,0.422651149588419
v16x,1536,9299,127341,exposure_matched_local,1993117341,seed_family_b,4,9,b5221ad0a7000432f47bf9f578eea415d5ec421dc6f465370cb44ce895de73fb,70e93e9a07ff427db690d19184aacddb35d994e094da18899eae5976b47f448f,0.4175418677263696
v16x,1536,9299,127341,exposure_matched_local,1993117341,seed_family_b,4,10,b5221ad0a7000432f47bf9f578eea415d5ec421dc6f465370cb44ce895de73fb,6494feea30e949a603ca837f99d015e785f1851dab85db27d456eb890dae1c8c,0.4124325858643202
v16x,1536,9299,127341,exposure_matched_local,1993117341,seed_family_b,4,11,b5221ad0a7000432f47bf9f578eea415d5ec421dc6f465370cb44ce895de73fb,7bdc5a1f0eda2069eae37d98434c7fda9c2fd8ffda65c475fe790e9fc2b5a3df,0.4249219415271076
v16x,1536,9299,127341,exposure_matched_local,1993117341,seed_family_b,4,12,b5221ad0a7000432f47bf9f578eea415d5ec421dc6f465370cb44ce895de73fb,63aba88b15073f782bda7717d39f102207f8b29083ed248fbb6559487e0af2fd,0.4030655691172296
v16x,1536,9299,127341,exposure_matched_local,1993117341,seed_family_b,4,13,b5221ad0a7000432f47bf9f578eea415d5ec421dc6f465370cb44ce895de73fb,4b7dfe466228312b28330c199e4240a35db90bf510935cb1e602a353e8a38545,0.4135679818336645
v16x,1536,9299,127341,exposure_matched_local,1993117341,seed_family_b,4,14,b5221ad0a7000432f47bf9f578eea415d5ec421dc6f465370cb44ce895de73fb,59cd3fffc0006b102a31d607047a84a4417e15a688d160a8583256d1c87fc0e7,0.4149872267953449
v16x,1536,9299,127341,exposure_matched_local,1993117341,seed_family_b,4,15,b5221ad0a7000432f47bf9f578eea415d5ec421dc6f465370cb44ce895de73fb,c8f39024da69b33ae78925c09e9bc5fea069271b17c4e4a3ab8f422a7c8186a7,0.41300028384899234
v16x,1536,9299,127341,exposure_matched_local,1993117341,seed_family_b,5,6,557d552917dad5add74667218f4d65dd0ca68cbcd376c45cc7a51e08d303cb49,44502505b8c51288c7ffd7153ef7de2ca1cb0b34a115e86fcd0ef8ce895fff80,0.40931024694862334
v16x,1536,9299,127341,exposure_matched_local,1993117341,seed_family_b,5,7,557d552917dad5add74667218f4d65dd0ca68cbcd376c45cc7a51e08d303cb49,aa5fd6206bb5a70de59e3ab6611424e76680825901a7a0af2fae0e26b78c2d20,0.4235026965654272
v16x,1536,9299,127341,exposure_matched_local,1993117341,seed_family_b,5,8,557d552917dad5add74667218f4d65dd0ca68cbcd376c45cc7a51e08d303cb49,c6b400483c19211bf799f962a59806c808945d8525132e7c6e63df7a4cd37b69,0.42208345160374683
v16x,1536,9299,127341,exposure_matched_local,1993117341,seed_family_b,5,9,557d552917dad5add74667218f4d65dd0ca68cbcd376c45cc7a51e08d303cb49,70e93e9a07ff427db690d19184aacddb35d994e094da18899eae5976b47f448f,0.4342889582741981
v16x,1536,9299,127341,exposure_matched_local,1993117341,seed_family_b,5,10,557d552917dad5add74667218f4d65dd0ca68cbcd376c45cc7a51e08d303cb49,6494feea30e949a603ca837f99d015e785f1851dab85db27d456eb890dae1c8c,0.41669032074936135
v16x,1536,9299,127341,exposure_matched_local,1993117341,seed_family_b,5,11,557d552917dad5add74667218f4d65dd0ca68cbcd376c45cc7a51e08d303cb49,7bdc5a1f0eda2069eae37d98434c7fda9c2fd8ffda65c475fe790e9fc2b5a3df,0.41186488787964803
v16x,1536,9299,127341,exposure_matched_local,1993117341,seed_family_b,5,12,557d552917dad5add74667218f4d65dd0ca68cbcd376c45cc7a51e08d303cb49,63aba88b15073f782bda7717d39f102207f8b29083ed248fbb6559487e0af2fd,0.4132841328413284
v16x,1536,9299,127341,exposure_matched_local,1993117341,seed_family_b,5,13,557d552917dad5add74667218f4d65dd0ca68cbcd376c45cc7a51e08d303cb49,4b7dfe466228312b28330c199e4240a35db90bf510935cb1e602a353e8a38545,0.4342889582741981
v16x,1536,9299,127341,exposure_matched_local,1993117341,seed_family_b,5,14,557d552917dad5add74667218f4d65dd0ca68cbcd376c45cc7a51e08d303cb49,59cd3fffc0006b102a31d607047a84a4417e15a688d160a8583256d1c87fc0e7,0.42634118648878794
v16x,1536,9299,127341,exposure_matched_local,1993117341,seed_family_b,5,15,557d552917dad5add74667218f4d65dd0ca68cbcd376c45cc7a51e08d303cb49,c8f39024da69b33ae78925c09e9bc5fea069271b17c4e4a3ab8f422a7c8186a7,0.4249219415271076
v16x,1536,9299,127341,exposure_matched_local,1993117341,seed_family_b,6,7,44502505b8c51288c7ffd7153ef7de2ca1cb0b34a115e86fcd0ef8ce895fff80,aa5fd6206bb5a70de59e3ab6611424e76680825901a7a0af2fae0e26b78c2d20,0.4124325858643202
v16x,1536,9299,127341,exposure_matched_local,1993117341,seed_family_b,6,8,44502505b8c51288c7ffd7153ef7de2ca1cb0b34a115e86fcd0ef8ce895fff80,c6b400483c19211bf799f962a59806c808945d8525132e7c6e63df7a4cd37b69,0.4059040590405904
v16x,1536,9299,127341,exposure_matched_local,1993117341,seed_family_b,6,9,44502505b8c51288c7ffd7153ef7de2ca1cb0b34a115e86fcd0ef8ce895fff80,70e93e9a07ff427db690d19184aacddb35d994e094da18899eae5976b47f448f,0.41271643485665627
v16x,1536,9299,127341,exposure_matched_local,1993117341,seed_family_b,6,10,44502505b8c51288c7ffd7153ef7de2ca1cb0b34a115e86fcd0ef8ce895fff80,6494feea30e949a603ca837f99d015e785f1851dab85db27d456eb890dae1c8c,0.41271643485665627
v16x,1536,9299,127341,exposure_matched_local,1993117341,seed_family_b,6,11,44502505b8c51288c7ffd7153ef7de2ca1cb0b34a115e86fcd0ef8ce895fff80,7bdc5a1f0eda2069eae37d98434c7fda9c2fd8ffda65c475fe790e9fc2b5a3df,0.41896111268805
v16x,1536,9299,127341,exposure_matched_local,1993117341,seed_family_b,6,12,44502505b8c51288c7ffd7153ef7de2ca1cb0b34a115e86fcd0ef8ce895fff80,63aba88b15073f782bda7717d39f102207f8b29083ed248fbb6559487e0af2fd,0.41016179392563157
v16x,1536,9299,127341,exposure_matched_local,1993117341,seed_family_b,6,13,44502505b8c51288c7ffd7153ef7de2ca1cb0b34a115e86fcd0ef8ce895fff80,4b7dfe466228312b28330c199e4240a35db90bf510935cb1e602a353e8a38545,0.4164064717570253
v16x,1536,9299,127341,exposure_matched_local,1993117341,seed_family_b,6,14,44502505b8c51288c7ffd7153ef7de2ca1cb0b34a115e86fcd0ef8ce895fff80,59cd3fffc0006b102a31d607047a84a4417e15a688d160a8583256d1c87fc0e7,0.42548963951177976
v16x,1536,9299,127341,exposure_matched_local,1993117341,seed_family_b,6,15,44502505b8c51288c7ffd7153ef7de2ca1cb0b34a115e86fcd0ef8ce895fff80,c8f39024da69b33ae78925c09e9bc5fea069271b17c4e4a3ab8f422a7c8186a7,0.4249219415271076
v16x,1536,9299,127341,exposure_matched_local,1993117341,seed_family_b,7,8,aa5fd6206bb5a70de59e3ab6611424e76680825901a7a0af2fae0e26b78c2d20,c6b400483c19211bf799f962a59806c808945d8525132e7c6e63df7a4cd37b69,0.42293499858075506
v16x,1536,9299,127341,exposure_matched_local,1993117341,seed_family_b,7,9,aa5fd6206bb5a70de59e3ab6611424e76680825901a7a0af2fae0e26b78c2d20,70e93e9a07ff427db690d19184aacddb35d994e094da18899eae5976b47f448f,0.4110133409026398
v16x,1536,9299,127341,exposure_matched_local,1993117341,seed_family_b,7,10,aa5fd6206bb5a70de59e3ab6611424e76680825901a7a0af2fae0e26b78c2d20,6494feea30e949a603ca837f99d015e785f1851dab85db27d456eb890dae1c8c,0.42747658245813225
v16x,1536,9299,127341,exposure_matched_local,1993117341,seed_family_b,7,11,aa5fd6206bb5a70de59e3ab6611424e76680825901a7a0af2fae0e26b78c2d20,7bdc5a1f0eda2069eae37d98434c7fda9c2fd8ffda65c475fe790e9fc2b5a3df,0.41669032074936135
v16x,1536,9299,127341,exposure_matched_local,1993117341,seed_family_b,7,12,aa5fd6206bb5a70de59e3ab6611424e76680825901a7a0af2fae0e26b78c2d20,63aba88b15073f782bda7717d39f102207f8b29083ed248fbb6559487e0af2fd,0.41952881067272213
v16x,1536,9299,127341,exposure_matched_local,1993117341,seed_family_b,7,13,aa5fd6206bb5a70de59e3ab6611424e76680825901a7a0af2fae0e26b78c2d20,4b7dfe466228312b28330c199e4240a35db90bf510935cb1e602a353e8a38545,0.4098779449332955
v16x,1536,9299,127341,exposure_matched_local,1993117341,seed_family_b,7,14,aa5fd6206bb5a70de59e3ab6611424e76680825901a7a0af2fae0e26b78c2d20,59cd3fffc0006b102a31d607047a84a4417e15a688d160a8583256d1c87fc0e7,0.41952881067272213
v16x,1536,9299,127341,exposure_matched_local,1993117341,seed_family_b,7,15,aa5fd6206bb5a70de59e3ab6611424e76680825901a7a0af2fae0e26b78c2d20,c8f39024da69b33ae78925c09e9bc5fea069271b17c4e4a3ab8f422a7c8186a7,0.4215157536190747
v16x,1536,9299,127341,exposure_matched_local,1993117341,seed_family_b,8,9,c6b400483c19211bf799f962a59806c808945d8525132e7c6e63df7a4cd37b69,70e93e9a07ff427db690d19184aacddb35d994e094da18899eae5976b47f448f,0.41952881067272213
v16x,1536,9299,127341,exposure_matched_local,1993117341,seed_family_b,8,10,c6b400483c19211bf799f962a59806c808945d8525132e7c6e63df7a4cd37b69,6494feea30e949a603ca837f99d015e785f1851dab85db27d456eb890dae1c8c,0.4212319046267386
v16x,1536,9299,127341,exposure_matched_local,1993117341,seed_family_b,8,11,c6b400483c19211bf799f962a59806c808945d8525132e7c6e63df7a4cd37b69,7bdc5a1f0eda2069eae37d98434c7fda9c2fd8ffda65c475fe790e9fc2b5a3df,0.43003122338915695
v16x,1536,9299,127341,exposure_matched_local,1993117341,seed_family_b,8,12,c6b400483c19211bf799f962a59806c808945d8525132e7c6e63df7a4cd37b69,63aba88b15073f782bda7717d39f102207f8b29083ed248fbb6559487e0af2fd,0.41669032074936135
v16x,1536,9299,127341,exposure_matched_local,1993117341,seed_family_b,8,13,c6b400483c19211bf799f962a59806c808945d8525132e7c6e63df7a4cd37b69,4b7dfe466228312b28330c199e4240a35db90bf510935cb1e602a353e8a38545,0.422651149588419
v16x,1536,9299,127341,exposure_matched_local,1993117341,seed_family_b,8,14,c6b400483c19211bf799f962a59806c808945d8525132e7c6e63df7a4cd37b69,59cd3fffc0006b102a31d607047a84a4417e15a688d160a8583256d1c87fc0e7,0.422651149588419
v16x,1536,9299,127341,exposure_matched_local,1993117341,seed_family_b,8,15,c6b400483c19211bf799f962a59806c808945d8525132e7c6e63df7a4cd37b69,c8f39024da69b33ae78925c09e9bc5fea069271b17c4e4a3ab8f422a7c8186a7,0.42548963951177976
v16x,1536,9299,127341,exposure_matched_local,1993117341,seed_family_b,9,10,70e93e9a07ff427db690d19184aacddb35d994e094da18899eae5976b47f448f,6494feea30e949a603ca837f99d015e785f1851dab85db27d456eb890dae1c8c,0.4198126596650582
v16x,1536,9299,127341,exposure_matched_local,1993117341,seed_family_b,9,11,70e93e9a07ff427db690d19184aacddb35d994e094da18899eae5976b47f448f,7bdc5a1f0eda2069eae37d98434c7fda9c2fd8ffda65c475fe790e9fc2b5a3df,0.43627590122055065
v16x,1536,9299,127341,exposure_matched_local,1993117341,seed_family_b,9,12,70e93e9a07ff427db690d19184aacddb35d994e094da18899eae5976b47f448f,63aba88b15073f782bda7717d39f102207f8b29083ed248fbb6559487e0af2fd,0.4237865455577633
v16x,1536,9299,127341,exposure_matched_local,1993117341,seed_family_b,9,13,70e93e9a07ff427db690d19184aacddb35d994e094da18899eae5976b47f448f,4b7dfe466228312b28330c199e4240a35db90bf510935cb1e602a353e8a38545,0.42066420664206644
v16x,1536,9299,127341,exposure_matched_local,1993117341,seed_family_b,9,14,70e93e9a07ff427db690d19184aacddb35d994e094da18899eae5976b47f448f,59cd3fffc0006b102a31d607047a84a4417e15a688d160a8583256d1c87fc0e7,0.4161226227646892
v16x,1536,9299,127341,exposure_matched_local,1993117341,seed_family_b,9,15,70e93e9a07ff427db690d19184aacddb35d994e094da18899eae5976b47f448f,c8f39024da69b33ae78925c09e9bc5fea069271b17c4e4a3ab8f422a7c8186a7,0.41896111268805
v16x,1536,9299,127341,exposure_matched_local,1993117341,seed_family_b,10,11,6494feea30e949a603ca837f99d015e785f1851dab85db27d456eb890dae1c8c,7bdc5a1f0eda2069eae37d98434c7fda9c2fd8ffda65c475fe790e9fc2b5a3df,0.4198126596650582
v16x,1536,9299,127341,exposure_matched_local,1993117341,seed_family_b,10,12,6494feea30e949a603ca837f99d015e785f1851dab85db27d456eb890dae1c8c,63aba88b15073f782bda7717d39f102207f8b29083ed248fbb6559487e0af2fd,0.4124325858643202
v16x,1536,9299,127341,exposure_matched_local,1993117341,seed_family_b,10,13,6494feea30e949a603ca837f99d015e785f1851dab85db27d456eb890dae1c8c,4b7dfe466228312b28330c199e4240a35db90bf510935cb1e602a353e8a38545,0.41441952881067273
v16x,1536,9299,127341,exposure_matched_local,1993117341,seed_family_b,10,14,6494feea30e949a603ca837f99d015e785f1851dab85db27d456eb890dae1c8c,59cd3fffc0006b102a31d607047a84a4417e15a688d160a8583256d1c87fc0e7,0.4249219415271076
v16x,1536,9299,127341,exposure_matched_local,1993117341,seed_family_b,10,15,6494feea30e949a603ca837f99d015e785f1851dab85db27d456eb890dae1c8c,c8f39024da69b33ae78925c09e9bc5fea069271b17c4e4a3ab8f422a7c8186a7,0.4107294919103037
v16x,1536,9299,127341,exposure_matched_local,1993117341,seed_family_b,11,12,7bdc5a1f0eda2069eae37d98434c7fda9c2fd8ffda65c475fe790e9fc2b5a3df,63aba88b15073f782bda7717d39f102207f8b29083ed248fbb6559487e0af2fd,0.4161226227646892
v16x,1536,9299,127341,exposure_matched_local,1993117341,seed_family_b,11,13,7bdc5a1f0eda2069eae37d98434c7fda9c2fd8ffda65c475fe790e9fc2b5a3df,4b7dfe466228312b28330c199e4240a35db90bf510935cb1e602a353e8a38545,0.4200965086573943
v16x,1536,9299,127341,exposure_matched_local,1993117341,seed_family_b,11,14,7bdc5a1f0eda2069eae37d98434c7fda9c2fd8ffda65c475fe790e9fc2b5a3df,59cd3fffc0006b102a31d607047a84a4417e15a688d160a8583256d1c87fc0e7,0.422651149588419
v16x,1536,9299,127341,exposure_matched_local,1993117341,seed_family_b,11,15,7bdc5a1f0eda2069eae37d98434c7fda9c2fd8ffda65c475fe790e9fc2b5a3df,c8f39024da69b33ae78925c09e9bc5fea069271b17c4e4a3ab8f422a7c8186a7,0.42577348850411584
v16x,1536,9299,127341,exposure_matched_local,1993117341,seed_family_b,12,13,63aba88b15073f782bda7717d39f102207f8b29083ed248fbb6559487e0af2fd,4b7dfe466228312b28330c199e4240a35db90bf510935cb1e602a353e8a38545,0.40164632415554924
v16x,1536,9299,127341,exposure_matched_local,1993117341,seed_family_b,12,14,63aba88b15073f782bda7717d39f102207f8b29083ed248fbb6559487e0af2fd,59cd3fffc0006b102a31d607047a84a4417e15a688d160a8583256d1c87fc0e7,0.42038035764973036
v16x,1536,9299,127341,exposure_matched_local,1993117341,seed_family_b,12,15,63aba88b15073f782bda7717d39f102207f8b29083ed248fbb6559487e0af2fd,c8f39024da69b33ae78925c09e9bc5fea069271b17c4e4a3ab8f422a7c8186a7,0.4215157536190747
v16x,1536,9299,127341,exposure_matched_local,1993117341,seed_family_b,13,14,4b7dfe466228312b28330c199e4240a35db90bf510935cb1e602a353e8a38545,59cd3fffc0006b102a31d607047a84a4417e15a688d160a8583256d1c87fc0e7,0.426625035481124
v16x,1536,9299,127341,exposure_matched_local,1993117341,seed_family_b,13,15,4b7dfe466228312b28330c199e4240a35db90bf510935cb1e602a353e8a38545,c8f39024da69b33ae78925c09e9bc5fea069271b17c4e4a3ab8f422a7c8186a7,0.42435424354243545
v16x,1536,9299,127341,exposure_matched_local,1993117341,seed_family_b,14,15,59cd3fffc0006b102a31d607047a84a4417e15a688d160a8583256d1c87fc0e7,c8f39024da69b33ae78925c09e9bc5fea069271b17c4e4a3ab8f422a7c8186a7,0.41782571671870566
v16x,1536,9365,123078,exposure_matched_local,1993773078,seed_family_a,0,1,96816860150608a14bd8d6a9e73a5c82436a4b18f67cc5255810a3cbbd64b555,2ae1cb9627ca1259cb1ed7c2dd507b26f28233d50d6d31f1bf1c4307fc294d03,0.4477151668068405
v16x,1536,9365,123078,exposure_matched_local,1993773078,seed_family_a,0,2,96816860150608a14bd8d6a9e73a5c82436a4b18f67cc5255810a3cbbd64b555,38a49c74e4115b188255067000c663f518252058eaa562bc7e57652dd7a638af,0.4493972525932156
v16x,1536,9365,123078,exposure_matched_local,1993773078,seed_family_a,0,3,96816860150608a14bd8d6a9e73a5c82436a4b18f67cc5255810a3cbbd64b555,ba48d273cdbfe60b25992df855705ae36d6f745af0503ce3391ab38ac920c051,0.4477151668068405
v16x,1536,9365,123078,exposure_matched_local,1993773078,seed_family_a,0,4,96816860150608a14bd8d6a9e73a5c82436a4b18f67cc5255810a3cbbd64b555,a6e59e5fd4fada3f6b6658059d2765b9438d8d836fff8b0b81b4c65e7ed7bc9b,0.45164003364171573
v16x,1536,9365,123078,exposure_matched_local,1993773078,seed_family_a,0,5,96816860150608a14bd8d6a9e73a5c82436a4b18f67cc5255810a3cbbd64b555,033cd92a52d88c078148be936adeda72476a6aa661cc8679dd35f737f4d0919a,0.45023829548640315
v16x,1536,9365,123078,exposure_matched_local,1993773078,seed_family_a,0,6,96816860150608a14bd8d6a9e73a5c82436a4b18f67cc5255810a3cbbd64b555,66d8a0ea1e77881a97603e438e040c7a15ee502e57c6868d0697b7de34b1a223,0.4522007289038408
v16x,1536,9365,123078,exposure_matched_local,1993773078,seed_family_a,0,7,96816860150608a14bd8d6a9e73a5c82436a4b18f67cc5255810a3cbbd64b555,db369926bc70c8d97f76ff6d5a8ec59c79cb19b66a3754d25eeaee8adb4d08cc,0.45023829548640315
v16x,1536,9365,123078,exposure_matched_local,1993773078,seed_family_a,0,8,96816860150608a14bd8d6a9e73a5c82436a4b18f67cc5255810a3cbbd64b555,be5af9eb6d585046a2c7d32370c5bdb574704de26ff38fe3ca9f64f24ac2795c,0.43986543313709
v16x,1536,9365,123078,exposure_matched_local,1993773078,seed_family_a,0,9,96816860150608a14bd8d6a9e73a5c82436a4b18f67cc5255810a3cbbd64b555,8367d180b3ba728d7341968002362d8f90beb53b5724a4246c9aa1061fae95dc,0.44715447154471544
v16x,1536,9365,123078,exposure_matched_local,1993773078,seed_family_a,0,10,96816860150608a14bd8d6a9e73a5c82436a4b18f67cc5255810a3cbbd64b555,c43101649b59261f09173e585c63c02efd6f13582051af99ba222dfbd70629fc,0.45724698626296606
v16x,1536,9365,123078,exposure_matched_local,1993773078,seed_family_a,0,11,96816860150608a14bd8d6a9e73a5c82436a4b18f67cc5255810a3cbbd64b555,7ff4695813eb70b771b2fad1e4a1294289a34c38ba2276d0a2a9e8924cb3460d,0.4463134286515279
v16x,1536,9365,123078,exposure_matched_local,1993773078,seed_family_a,0,12,96816860150608a14bd8d6a9e73a5c82436a4b18f67cc5255810a3cbbd64b555,585bb464b51f31d25b683823d2b53c81ed91b87aac0f2dc57470e9cec53b60dc,0.45528455284552843
v16x,1536,9365,123078,exposure_matched_local,1993773078,seed_family_a,0,13,96816860150608a14bd8d6a9e73a5c82436a4b18f67cc5255810a3cbbd64b555,7a7b9e20c9c47f307e8eebe2b6dd466084d624495eeff1c950af67cacfa48a78,0.456686291000841
v16x,1536,9365,123078,exposure_matched_local,1993773078,seed_family_a,0,14,96816860150608a14bd8d6a9e73a5c82436a4b18f67cc5255810a3cbbd64b555,82d46fc4d8cb6e46271ceda0cb1a02ebd0bcad679c3e39a4850bc45d81c78aa1,0.44883655733109057
v16x,1536,9365,123078,exposure_matched_local,1993773078,seed_family_a,0,15,96816860150608a14bd8d6a9e73a5c82436a4b18f67cc5255810a3cbbd64b555,527de53e31d90e70946ddf09534ef4e0150b266e1d7f8522826ca71f3af7488a,0.44883655733109057
v16x,1536,9365,123078,exposure_matched_local,1993773078,seed_family_a,1,2,2ae1cb9627ca1259cb1ed7c2dd507b26f28233d50d6d31f1bf1c4307fc294d03,38a49c74e4115b188255067000c663f518252058eaa562bc7e57652dd7a638af,0.45248107653490327
v16x,1536,9365,123078,exposure_matched_local,1993773078,seed_family_a,1,3,2ae1cb9627ca1259cb1ed7c2dd507b26f28233d50d6d31f1bf1c4307fc294d03,ba48d273cdbfe60b25992df855705ae36d6f745af0503ce3391ab38ac920c051,0.4541631623212784
v16x,1536,9365,123078,exposure_matched_local,1993773078,seed_family_a,1,4,2ae1cb9627ca1259cb1ed7c2dd507b26f28233d50d6d31f1bf1c4307fc294d03,a6e59e5fd4fada3f6b6658059d2765b9438d8d836fff8b0b81b4c65e7ed7bc9b,0.44126717129240256
v16x,1536,9365,123078,exposure_matched_local,1993773078,seed_family_a,1,5,2ae1cb9627ca1259cb1ed7c2dd507b26f28233d50d6d31f1bf1c4307fc294d03,033cd92a52d88c078148be936adeda72476a6aa661cc8679dd35f737f4d0919a,0.44379029997196523
v16x,1536,9365,123078,exposure_matched_local,1993773078,seed_family_a,1,6,2ae1cb9627ca1259cb1ed7c2dd507b26f28233d50d6d31f1bf1c4307fc294d03,66d8a0ea1e77881a97603e438e040c7a15ee502e57c6868d0697b7de34b1a223,0.45051864311746564
v16x,1536,9365,123078,exposure_matched_local,1993773078,seed_family_a,1,7,2ae1cb9627ca1259cb1ed7c2dd507b26f28233d50d6d31f1bf1c4307fc294d03,db369926bc70c8d97f76ff6d5a8ec59c79cb19b66a3754d25eeaee8adb4d08cc,0.44238856181665265
v16x,1536,9365,123078,exposure_matched_local,1993773078,seed_family_a,1,8,2ae1cb9627ca1259cb1ed7c2dd507b26f28233d50d6d31f1bf1c4307fc294d03,be5af9eb6d585046a2c7d32370c5bdb574704de26ff38fe3ca9f64f24ac2795c,0.44463134286515277
v16x,1536,9365,123078,exposure_matched_local,1993773078,seed_family_a,1,9,2ae1cb9627ca1259cb1ed7c2dd507b26f28233d50d6d31f1bf1c4307fc294d03,8367d180b3ba728d7341968002362d8f90beb53b5724a4246c9aa1061fae95dc,0.4530417717970283
v16x,1536,9365,123078,exposure_matched_local,1993773078,seed_family_a,1,10,2ae1cb9627ca1259cb1ed7c2dd507b26f28233d50d6d31f1bf1c4307fc294d03,c43101649b59261f09173e585c63c02efd6f13582051af99ba222dfbd70629fc,0.44379029997196523
v16x,1536,9365,123078,exposure_matched_local,1993773078,seed_family_a,1,11,2ae1cb9627ca1259cb1ed7c2dd507b26f28233d50d6d31f1bf1c4307fc294d03,7ff4695813eb70b771b2fad1e4a1294289a34c38ba2276d0a2a9e8924cb3460d,0.45528455284552843
v16x,1536,9365,123078,exposure_matched_local,1993773078,seed_family_a,1,12,2ae1cb9627ca1259cb1ed7c2dd507b26f28233d50d6d31f1bf1c4307fc294d03,585bb464b51f31d25b683823d2b53c81ed91b87aac0f2dc57470e9cec53b60dc,0.44379029997196523
v16x,1536,9365,123078,exposure_matched_local,1993773078,seed_family_a,1,13,2ae1cb9627ca1259cb1ed7c2dd507b26f28233d50d6d31f1bf1c4307fc294d03,7a7b9e20c9c47f307e8eebe2b6dd466084d624495eeff1c950af67cacfa48a78,0.44238856181665265
v16x,1536,9365,123078,exposure_matched_local,1993773078,seed_family_a,1,14,2ae1cb9627ca1259cb1ed7c2dd507b26f28233d50d6d31f1bf1c4307fc294d03,82d46fc4d8cb6e46271ceda0cb1a02ebd0bcad679c3e39a4850bc45d81c78aa1,0.46173254835996635
v16x,1536,9365,123078,exposure_matched_local,1993773078,seed_family_a,1,15,2ae1cb9627ca1259cb1ed7c2dd507b26f28233d50d6d31f1bf1c4307fc294d03,527de53e31d90e70946ddf09534ef4e0150b266e1d7f8522826ca71f3af7488a,0.4544435099523409
v16x,1536,9365,123078,exposure_matched_local,1993773078,seed_family_a,2,3,38a49c74e4115b188255067000c663f518252058eaa562bc7e57652dd7a638af,ba48d273cdbfe60b25992df855705ae36d6f745af0503ce3391ab38ac920c051,0.44547238575834036
v16x,1536,9365,123078,exposure_matched_local,1993773078,seed_family_a,2,4,38a49c74e4115b188255067000c663f518252058eaa562bc7e57652dd7a638af,a6e59e5fd4fada3f6b6658059d2765b9438d8d836fff8b0b81b4c65e7ed7bc9b,0.45472385758340345
v16x,1536,9365,123078,exposure_matched_local,1993773078,seed_family_a,2,5,38a49c74e4115b188255067000c663f518252058eaa562bc7e57652dd7a638af,033cd92a52d88c078148be936adeda72476a6aa661cc8679dd35f737f4d0919a,0.44070647603027757
v16x,1536,9365,123078,exposure_matched_local,1993773078,seed_family_a,2,6,38a49c74e4115b188255067000c663f518252058eaa562bc7e57652dd7a638af,66d8a0ea1e77881a97603e438e040c7a15ee502e57c6868d0697b7de34b1a223,0.4519203812727782
v16x,1536,9365,123078,exposure_matched_local,1993773078,seed_family_a,2,7,38a49c74e4115b188255067000c663f518252058eaa562bc7e57652dd7a638af,db369926bc70c8d97f76ff6d5a8ec59c79cb19b66a3754d25eeaee8adb4d08cc,0.44911690496215306
v16x,1536,9365,123078,exposure_matched_local,1993773078,seed_family_a,2,8,38a49c74e4115b188255067000c663f518252058eaa562bc7e57652dd7a638af,be5af9eb6d585046a2c7d32370c5bdb574704de26ff38fe3ca9f64f24ac2795c,0.44463134286515277
v16x,1536,9365,123078,exposure_matched_local,1993773078,seed_family_a,2,9,38a49c74e4115b188255067000c663f518252058eaa562bc7e57652dd7a638af,8367d180b3ba728d7341968002362d8f90beb53b5724a4246c9aa1061fae95dc,0.45248107653490327
v16x,1536,9365,123078,exposure_matched_local,1993773078,seed_family_a,2,10,38a49c74e4115b188255067000c663f518252058eaa562bc7e57652dd7a638af,c43101649b59261f09173e585c63c02efd6f13582051af99ba222dfbd70629fc,0.45836837678721615
v16x,1536,9365,123078,exposure_matched_local,1993773078,seed_family_a,2,11,38a49c74e4115b188255067000c663f518252058eaa562bc7e57652dd7a638af,7ff4695813eb70b771b2fad1e4a1294289a34c38ba2276d0a2a9e8924cb3460d,0.45864872441827864
v16x,1536,9365,123078,exposure_matched_local,1993773078,seed_family_a,2,12,38a49c74e4115b188255067000c663f518252058eaa562bc7e57652dd7a638af,585bb464b51f31d25b683823d2b53c81ed91b87aac0f2dc57470e9cec53b60dc,0.44575273338940286
v16x,1536,9365,123078,exposure_matched_local,1993773078,seed_family_a,2,13,38a49c74e4115b188255067000c663f518252058eaa562bc7e57652dd7a638af,7a7b9e20c9c47f307e8eebe2b6dd466084d624495eeff1c950af67cacfa48a78,0.447995514437903
v16x,1536,9365,123078,exposure_matched_local,1993773078,seed_family_a,2,14,38a49c74e4115b188255067000c663f518252058eaa562bc7e57652dd7a638af,82d46fc4d8cb6e46271ceda0cb1a02ebd0bcad679c3e39a4850bc45d81c78aa1,0.43762265208858986
v16x,1536,9365,123078,exposure_matched_local,1993773078,seed_family_a,2,15,38a49c74e4115b188255067000c663f518252058eaa562bc7e57652dd7a638af,527de53e31d90e70946ddf09534ef4e0150b266e1d7f8522826ca71f3af7488a,0.45528455284552843
v16x,1536,9365,123078,exposure_matched_local,1993773078,seed_family_a,3,4,ba48d273cdbfe60b25992df855705ae36d6f745af0503ce3391ab38ac920c051,a6e59e5fd4fada3f6b6658059d2765b9438d8d836fff8b0b81b4c65e7ed7bc9b,0.447434819175778
v16x,1536,9365,123078,exposure_matched_local,1993773078,seed_family_a,3,5,ba48d273cdbfe60b25992df855705ae36d6f745af0503ce3391ab38ac920c051,033cd92a52d88c078148be936adeda72476a6aa661cc8679dd35f737f4d0919a,0.45808802915615365
v16x,1536,9365,123078,exposure_matched_local,1993773078,seed_family_a,3,6,ba48d273cdbfe60b25992df855705ae36d6f745af0503ce3391ab38ac920c051,66d8a0ea1e77881a97603e438e040c7a15ee502e57c6868d0697b7de34b1a223,0.45724698626296606
v16x,1536,9365,123078,exposure_matched_local,1993773078,seed_family_a,3,7,ba48d273cdbfe60b25992df855705ae36d6f745af0503ce3391ab38ac920c051,db369926bc70c8d97f76ff6d5a8ec59c79cb19b66a3754d25eeaee8adb4d08cc,0.4499579478553406
v16x,1536,9365,123078,exposure_matched_local,1993773078,seed_family_a,3,8,ba48d273cdbfe60b25992df855705ae36d6f745af0503ce3391ab38ac920c051,be5af9eb6d585046a2c7d32370c5bdb574704de26ff38fe3ca9f64f24ac2795c,0.44883655733109057
v16x,1536,9365,123078,exposure_matched_local,1993773078,seed_family_a,3,9,ba48d273cdbfe60b25992df855705ae36d6f745af0503ce3391ab38ac920c051,8367d180b3ba728d7341968002362d8f90beb53b5724a4246c9aa1061fae95dc,0.4589290720493412
v16x,1536,9365,123078,exposure_matched_local,1993773078,seed_family_a,3,10,ba48d273cdbfe60b25992df855705ae36d6f745af0503ce3391ab38ac920c051,c43101649b59261f09173e585c63c02efd6f13582051af99ba222dfbd70629fc,0.455564900476591
v16x,1536,9365,123078,exposure_matched_local,1993773078,seed_family_a,3,11,ba48d273cdbfe60b25992df855705ae36d6f745af0503ce3391ab38ac920c051,7ff4695813eb70b771b2fad1e4a1294289a34c38ba2276d0a2a9e8924cb3460d,0.44911690496215306
v16x,1536,9365,123078,exposure_matched_local,1993773078,seed_family_a,3,12,ba48d273cdbfe60b25992df855705ae36d6f745af0503ce3391ab38ac920c051,585bb464b51f31d25b683823d2b53c81ed91b87aac0f2dc57470e9cec53b60dc,0.45023829548640315
v16x,1536,9365,123078,exposure_matched_local,1993773078,seed_family_a,3,13,ba48d273cdbfe60b25992df855705ae36d6f745af0503ce3391ab38ac920c051,7a7b9e20c9c47f307e8eebe2b6dd466084d624495eeff1c950af67cacfa48a78,0.44575273338940286
v16x,1536,9365,123078,exposure_matched_local,1993773078,seed_family_a,3,14,ba48d273cdbfe60b25992df855705ae36d6f745af0503ce3391ab38ac920c051,82d46fc4d8cb6e46271ceda0cb1a02ebd0bcad679c3e39a4850bc45d81c78aa1,0.45164003364171573
v16x,1536,9365,123078,exposure_matched_local,1993773078,seed_family_a,3,15,ba48d273cdbfe60b25992df855705ae36d6f745af0503ce3391ab38ac920c051,527de53e31d90e70946ddf09534ef4e0150b266e1d7f8522826ca71f3af7488a,0.45472385758340345
v16x,1536,9365,123078,exposure_matched_local,1993773078,seed_family_a,4,5,a6e59e5fd4fada3f6b6658059d2765b9438d8d836fff8b0b81b4c65e7ed7bc9b,033cd92a52d88c078148be936adeda72476a6aa661cc8679dd35f737f4d0919a,0.4639753294084665
v16x,1536,9365,123078,exposure_matched_local,1993773078,seed_family_a,4,6,a6e59e5fd4fada3f6b6658059d2765b9438d8d836fff8b0b81b4c65e7ed7bc9b,66d8a0ea1e77881a97603e438e040c7a15ee502e57c6868d0697b7de34b1a223,0.4527614241659658
v16x,1536,9365,123078,exposure_matched_local,1993773078,seed_family_a,4,7,a6e59e5fd4fada3f6b6658059d2765b9438d8d836fff8b0b81b4c65e7ed7bc9b,db369926bc70c8d97f76ff6d5a8ec59c79cb19b66a3754d25eeaee8adb4d08cc,0.44350995234090274
v16x,1536,9365,123078,exposure_matched_local,1993773078,seed_family_a,4,8,a6e59e5fd4fada3f6b6658059d2765b9438d8d836fff8b0b81b4c65e7ed7bc9b,be5af9eb6d585046a2c7d32370c5bdb574704de26ff38fe3ca9f64f24ac2795c,0.4681805438744043
v16x,1536,9365,123078,exposure_matched_local,1993773078,seed_family_a,4,9,a6e59e5fd4fada3f6b6658059d2765b9438d8d836fff8b0b81b4c65e7ed7bc9b,8367d180b3ba728d7341968002362d8f90beb53b5724a4246c9aa1061fae95dc,0.4522007289038408
v16x,1536,9365,123078,exposure_matched_local,1993773078,seed_family_a,4,10,a6e59e5fd4fada3f6b6658059d2765b9438d8d836fff8b0b81b4c65e7ed7bc9b,c43101649b59261f09173e585c63c02efd6f13582051af99ba222dfbd70629fc,0.4451920381272778
v16x,1536,9365,123078,exposure_matched_local,1993773078,seed_family_a,4,11,a6e59e5fd4fada3f6b6658059d2765b9438d8d836fff8b0b81b4c65e7ed7bc9b,7ff4695813eb70b771b2fad1e4a1294289a34c38ba2276d0a2a9e8924cb3460d,0.44883655733109057
v16x,1536,9365,123078,exposure_matched_local,1993773078,seed_family_a,4,12,a6e59e5fd4fada3f6b6658059d2765b9438d8d836fff8b0b81b4c65e7ed7bc9b,585bb464b51f31d25b683823d2b53c81ed91b87aac0f2dc57470e9cec53b60dc,0.44350995234090274
v16x,1536,9365,123078,exposure_matched_local,1993773078,seed_family_a,4,13,a6e59e5fd4fada3f6b6658059d2765b9438d8d836fff8b0b81b4c65e7ed7bc9b,7a7b9e20c9c47f307e8eebe2b6dd466084d624495eeff1c950af67cacfa48a78,0.4575273338940286
v16x,1536,9365,123078,exposure_matched_local,1993773078,seed_family_a,4,14,a6e59e5fd4fada3f6b6658059d2765b9438d8d836fff8b0b81b4c65e7ed7bc9b,82d46fc4d8cb6e46271ceda0cb1a02ebd0bcad679c3e39a4850bc45d81c78aa1,0.46145220072890386
v16x,1536,9365,123078,exposure_matched_local,1993773078,seed_family_a,4,15,a6e59e5fd4fada3f6b6658059d2765b9438d8d836fff8b0b81b4c65e7ed7bc9b,527de53e31d90e70946ddf09534ef4e0150b266e1d7f8522826ca71f3af7488a,0.45388281469021585
v16x,1536,9365,123078,exposure_matched_local,1993773078,seed_family_a,5,6,033cd92a52d88c078148be936adeda72476a6aa661cc8679dd35f737f4d0919a,66d8a0ea1e77881a97603e438e040c7a15ee502e57c6868d0697b7de34b1a223,0.45724698626296606
v16x,1536,9365,123078,exposure_matched_local,1993773078,seed_family_a,5,7,033cd92a52d88c078148be936adeda72476a6aa661cc8679dd35f737f4d0919a,db369926bc70c8d97f76ff6d5a8ec59c79cb19b66a3754d25eeaee8adb4d08cc,0.4519203812727782
v16x,1536,9365,123078,exposure_matched_local,1993773078,seed_family_a,5,8,033cd92a52d88c078148be936adeda72476a6aa661cc8679dd35f737f4d0919a,be5af9eb6d585046a2c7d32370c5bdb574704de26ff38fe3ca9f64f24ac2795c,0.4507989907485282
v16x,1536,9365,123078,exposure_matched_local,1993773078,seed_family_a,5,9,033cd92a52d88c078148be936adeda72476a6aa661cc8679dd35f737f4d0919a,8367d180b3ba728d7341968002362d8f90beb53b5724a4246c9aa1061fae95dc,0.4592094196804037
v16x,1536,9365,123078,exposure_matched_local,1993773078,seed_family_a,5,10,033cd92a52d88c078148be936adeda72476a6aa661cc8679dd35f737f4d0919a,c43101649b59261f09173e585c63c02efd6f13582051af99ba222dfbd70629fc,0.4600504625735913
v16x,1536,9365,123078,exposure_matched_local,1993773078,seed_family_a,5,11,033cd92a52d88c078148be936adeda72476a6aa661cc8679dd35f737f4d0919a,7ff4695813eb70b771b2fad1e4a1294289a34c38ba2276d0a2a9e8924cb3460d,0.45051864311746564
v16x,1536,9365,123078,exposure_matched_local,1993773078,seed_family_a,5,12,033cd92a52d88c078148be936adeda72476a6aa661cc8679dd35f737f4d0919a,585bb464b51f31d25b683823d2b53c81ed91b87aac0f2dc57470e9cec53b60dc,0.456686291000841
v16x,1536,9365,123078,exposure_matched_local,1993773078,seed_family_a,5,13,033cd92a52d88c078148be936adeda72476a6aa661cc8679dd35f737f4d0919a,7a7b9e20c9c47f307e8eebe2b6dd466084d624495eeff1c950af67cacfa48a78,0.45696663863190357
v16x,1536,9365,123078,exposure_matched_local,1993773078,seed_family_a,5,14,033cd92a52d88c078148be936adeda72476a6aa661cc8679dd35f737f4d0919a,82d46fc4d8cb6e46271ceda0cb1a02ebd0bcad679c3e39a4850bc45d81c78aa1,0.4496776002242781
v16x,1536,9365,123078,exposure_matched_local,1993773078,seed_family_a,5,15,033cd92a52d88c078148be936adeda72476a6aa661cc8679dd35f737f4d0919a,527de53e31d90e70946ddf09534ef4e0150b266e1d7f8522826ca71f3af7488a,0.44575273338940286
v16x,1536,9365,123078,exposure_matched_local,1993773078,seed_family_a,6,7,66d8a0ea1e77881a97603e438e040c7a15ee502e57c6868d0697b7de34b1a223,db369926bc70c8d97f76ff6d5a8ec59c79cb19b66a3754d25eeaee8adb4d08cc,0.4592094196804037
v16x,1536,9365,123078,exposure_matched_local,1993773078,seed_family_a,6,8,66d8a0ea1e77881a97603e438e040c7a15ee502e57c6868d0697b7de34b1a223,be5af9eb6d585046a2c7d32370c5bdb574704de26ff38fe3ca9f64f24ac2795c,0.448556209700028
v16x,1536,9365,123078,exposure_matched_local,1993773078,seed_family_a,6,9,66d8a0ea1e77881a97603e438e040c7a15ee502e57c6868d0697b7de34b1a223,8367d180b3ba728d7341968002362d8f90beb53b5724a4246c9aa1061fae95dc,0.4622932436220914
v16x,1536,9365,123078,exposure_matched_local,1993773078,seed_family_a,6,10,66d8a0ea1e77881a97603e438e040c7a15ee502e57c6868d0697b7de34b1a223,c43101649b59261f09173e585c63c02efd6f13582051af99ba222dfbd70629fc,0.44210821418559015
v16x,1536,9365,123078,exposure_matched_local,1993773078,seed_family_a,6,11,66d8a0ea1e77881a97603e438e040c7a15ee502e57c6868d0697b7de34b1a223,7ff4695813eb70b771b2fad1e4a1294289a34c38ba2276d0a2a9e8924cb3460d,0.4384636949817774
v16x,1536,9365,123078,exposure_matched_local,1993773078,seed_family_a,6,12,66d8a0ea1e77881a97603e438e040c7a15ee502e57c6868d0697b7de34b1a223,585bb464b51f31d25b683823d2b53c81ed91b87aac0f2dc57470e9cec53b60dc,0.4603308102046538
v16x,1536,9365,123078,exposure_matched_local,1993773078,seed_family_a,6,13,66d8a0ea1e77881a97603e438e040c7a15ee502e57c6868d0697b7de34b1a223,7a7b9e20c9c47f307e8eebe2b6dd466084d624495eeff1c950af67cacfa48a78,0.44603308102046535
v16x,1536,9365,123078,exposure_matched_local,1993773078,seed_family_a,6,14,66d8a0ea1e77881a97603e438e040c7a15ee502e57c6868d0697b7de34b1a223,82d46fc4d8cb6e46271ceda0cb1a02ebd0bcad679c3e39a4850bc45d81c78aa1,0.4418278665545276
v16x,1536,9365,123078,exposure_matched_local,1993773078,seed_family_a,6,15,66d8a0ea1e77881a97603e438e040c7a15ee502e57c6868d0697b7de34b1a223,527de53e31d90e70946ddf09534ef4e0150b266e1d7f8522826ca71f3af7488a,0.44883655733109057
v16x,1536,9365,123078,exposure_matched_local,1993773078,seed_family_a,7,8,db369926bc70c8d97f76ff6d5a8ec59c79cb19b66a3754d25eeaee8adb4d08cc,be5af9eb6d585046a2c7d32370c5bdb574704de26ff38fe3ca9f64f24ac2795c,0.4578076815250911
v16x,1536,9365,123078,exposure_matched_local,1993773078,seed_family_a,7,9,db369926bc70c8d97f76ff6d5a8ec59c79cb19b66a3754d25eeaee8adb4d08cc,8367d180b3ba728d7341968002362d8f90beb53b5724a4246c9aa1061fae95dc,0.4440706476030278
v16x,1536,9365,123078,exposure_matched_local,1993773078,seed_family_a,7,10,db369926bc70c8d97f76ff6d5a8ec59c79cb19b66a3754d25eeaee8adb4d08cc,c43101649b59261f09173e585c63c02efd6f13582051af99ba222dfbd70629fc,0.4600504625735913
v16x,1536,9365,123078,exposure_matched_local,1993773078,seed_family_a,7,11,db369926bc70c8d97f76ff6d5a8ec59c79cb19b66a3754d25eeaee8adb4d08cc,7ff4695813eb70b771b2fad1e4a1294289a34c38ba2276d0a2a9e8924cb3460d,0.4499579478553406
v16x,1536,9365,123078,exposure_matched_local,1993773078,seed_family_a,7,12,db369926bc70c8d97f76ff6d5a8ec59c79cb19b66a3754d25eeaee8adb4d08cc,585bb464b51f31d25b683823d2b53c81ed91b87aac0f2dc57470e9cec53b60dc,0.45948976731146624
v16x,1536,9365,123078,exposure_matched_local,1993773078,seed_family_a,7,13,db369926bc70c8d97f76ff6d5a8ec59c79cb19b66a3754d25eeaee8adb4d08cc,7a7b9e20c9c47f307e8eebe2b6dd466084d624495eeff1c950af67cacfa48a78,0.4418278665545276
v16x,1536,9365,123078,exposure_matched_local,1993773078,seed_family_a,7,14,db369926bc70c8d97f76ff6d5a8ec59c79cb19b66a3754d25eeaee8adb4d08cc,82d46fc4d8cb6e46271ceda0cb1a02ebd0bcad679c3e39a4850bc45d81c78aa1,0.4451920381272778
v16x,1536,9365,123078,exposure_matched_local,1993773078,seed_family_a,7,15,db369926bc70c8d97f76ff6d5a8ec59c79cb19b66a3754d25eeaee8adb4d08cc,527de53e31d90e70946ddf09534ef4e0150b266e1d7f8522826ca71f3af7488a,0.4451920381272778
v16x,1536,9365,123078,exposure_matched_local,1993773078,seed_family_a,8,9,be5af9eb6d585046a2c7d32370c5bdb574704de26ff38fe3ca9f64f24ac2795c,8367d180b3ba728d7341968002362d8f90beb53b5724a4246c9aa1061fae95dc,0.4381833473507149
v16x,1536,9365,123078,exposure_matched_local,1993773078,seed_family_a,8,10,be5af9eb6d585046a2c7d32370c5bdb574704de26ff38fe3ca9f64f24ac2795c,c43101649b59261f09173e585c63c02efd6f13582051af99ba222dfbd70629fc,0.4465937762825904
v16x,1536,9365,123078,exposure_matched_local,1993773078,seed_family_a,8,11,be5af9eb6d585046a2c7d32370c5bdb574704de26ff38fe3ca9f64f24ac2795c,7ff4695813eb70b771b2fad1e4a1294289a34c38ba2276d0a2a9e8924cb3460d,0.4443509952340903
v16x,1536,9365,123078,exposure_matched_local,1993773078,seed_family_a,8,12,be5af9eb6d585046a2c7d32370c5bdb574704de26ff38fe3ca9f64f24ac2795c,585bb464b51f31d25b683823d2b53c81ed91b87aac0f2dc57470e9cec53b60dc,0.45864872441827864
v16x,1536,9365,123078,exposure_matched_local,1993773078,seed_family_a,8,13,be5af9eb6d585046a2c7d32370c5bdb574704de26ff38fe3ca9f64f24ac2795c,7a7b9e20c9c47f307e8eebe2b6dd466084d624495eeff1c950af67cacfa48a78,0.45836837678721615
v16x,1536,9365,123078,exposure_matched_local,1993773078,seed_family_a,8,14,be5af9eb6d585046a2c7d32370c5bdb574704de26ff38fe3ca9f64f24ac2795c,82d46fc4d8cb6e46271ceda0cb1a02ebd0bcad679c3e39a4850bc45d81c78aa1,0.45864872441827864
v16x,1536,9365,123078,exposure_matched_local,1993773078,seed_family_a,8,15,be5af9eb6d585046a2c7d32370c5bdb574704de26ff38fe3ca9f64f24ac2795c,527de53e31d90e70946ddf09534ef4e0150b266e1d7f8522826ca71f3af7488a,0.45023829548640315
v16x,1536,9365,123078,exposure_matched_local,1993773078,seed_family_a,9,10,8367d180b3ba728d7341968002362d8f90beb53b5724a4246c9aa1061fae95dc,c43101649b59261f09173e585c63c02efd6f13582051af99ba222dfbd70629fc,0.4373423044575273
v16x,1536,9365,123078,exposure_matched_local,1993773078,seed_family_a,9,11,8367d180b3ba728d7341968002362d8f90beb53b5724a4246c9aa1061fae95dc,7ff4695813eb70b771b2fad1e4a1294289a34c38ba2276d0a2a9e8924cb3460d,0.4527614241659658
v16x,1536,9365,123078,exposure_matched_local,1993773078,seed_family_a,9,12,8367d180b3ba728d7341968002362d8f90beb53b5724a4246c9aa1061fae95dc,585bb464b51f31d25b683823d2b53c81ed91b87aac0f2dc57470e9cec53b60dc,0.4600504625735913
v16x,1536,9365,123078,exposure_matched_local,1993773078,seed_family_a,9,13,8367d180b3ba728d7341968002362d8f90beb53b5724a4246c9aa1061fae95dc,7a7b9e20c9c47f307e8eebe2b6dd466084d624495eeff1c950af67cacfa48a78,0.448556209700028
v16x,1536,9365,123078,exposure_matched_local,1993773078,seed_family_a,9,14,8367d180b3ba728d7341968002362d8f90beb53b5724a4246c9aa1061fae95dc,82d46fc4d8cb6e46271ceda0cb1a02ebd0bcad679c3e39a4850bc45d81c78aa1,0.4704233249229044
v16x,1536,9365,123078,exposure_matched_local,1993773078,seed_family_a,9,15,8367d180b3ba728d7341968002362d8f90beb53b5724a4246c9aa1061fae95dc,527de53e31d90e70946ddf09534ef4e0150b266e1d7f8522826ca71f3af7488a,0.45051864311746564
v16x,1536,9365,123078,exposure_matched_local,1993773078,seed_family_a,10,11,c43101649b59261f09173e585c63c02efd6f13582051af99ba222dfbd70629fc,7ff4695813eb70b771b2fad1e4a1294289a34c38ba2276d0a2a9e8924cb3460d,0.4653770675637791
v16x,1536,9365,123078,exposure_matched_local,1993773078,seed_family_a,10,12,c43101649b59261f09173e585c63c02efd6f13582051af99ba222dfbd70629fc,585bb464b51f31d25b683823d2b53c81ed91b87aac0f2dc57470e9cec53b60dc,0.4465937762825904
v16x,1536,9365,123078,exposure_matched_local,1993773078,seed_family_a,10,13,c43101649b59261f09173e585c63c02efd6f13582051af99ba222dfbd70629fc,7a7b9e20c9c47f307e8eebe2b6dd466084d624495eeff1c950af67cacfa48a78,0.45528455284552843
v16x,1536,9365,123078,exposure_matched_local,1993773078,seed_family_a,10,14,c43101649b59261f09173e585c63c02efd6f13582051af99ba222dfbd70629fc,82d46fc4d8cb6e46271ceda0cb1a02ebd0bcad679c3e39a4850bc45d81c78aa1,0.4513596860106532
v16x,1536,9365,123078,exposure_matched_local,1993773078,seed_family_a,10,15,c43101649b59261f09173e585c63c02efd6f13582051af99ba222dfbd70629fc,527de53e31d90e70946ddf09534ef4e0150b266e1d7f8522826ca71f3af7488a,0.4592094196804037
v16x,1536,9365,123078,exposure_matched_local,1993773078,seed_family_a,11,12,7ff4695813eb70b771b2fad1e4a1294289a34c38ba2276d0a2a9e8924cb3460d,585bb464b51f31d25b683823d2b53c81ed91b87aac0f2dc57470e9cec53b60dc,0.45164003364171573
v16x,1536,9365,123078,exposure_matched_local,1993773078,seed_family_a,11,13,7ff4695813eb70b771b2fad1e4a1294289a34c38ba2276d0a2a9e8924cb3460d,7a7b9e20c9c47f307e8eebe2b6dd466084d624495eeff1c950af67cacfa48a78,0.45696663863190357
v16x,1536,9365,123078,exposure_matched_local,1993773078,seed_family_a,11,14,7ff4695813eb70b771b2fad1e4a1294289a34c38ba2276d0a2a9e8924cb3460d,82d46fc4d8cb6e46271ceda0cb1a02ebd0bcad679c3e39a4850bc45d81c78aa1,0.4527614241659658
v16x,1536,9365,123078,exposure_matched_local,1993773078,seed_family_a,11,15,7ff4695813eb70b771b2fad1e4a1294289a34c38ba2276d0a2a9e8924cb3460d,527de53e31d90e70946ddf09534ef4e0150b266e1d7f8522826ca71f3af7488a,0.44883655733109057
v16x,1536,9365,123078,exposure_matched_local,1993773078,seed_family_a,12,13,585bb464b51f31d25b683823d2b53c81ed91b87aac0f2dc57470e9cec53b60dc,7a7b9e20c9c47f307e8eebe2b6dd466084d624495eeff1c950af67cacfa48a78,0.4589290720493412
v16x,1536,9365,123078,exposure_matched_local,1993773078,seed_family_a,12,14,585bb464b51f31d25b683823d2b53c81ed91b87aac0f2dc57470e9cec53b60dc,82d46fc4d8cb6e46271ceda0cb1a02ebd0bcad679c3e39a4850bc45d81c78aa1,0.45500420521446594
v16x,1536,9365,123078,exposure_matched_local,1993773078,seed_family_a,12,15,585bb464b51f31d25b683823d2b53c81ed91b87aac0f2dc57470e9cec53b60dc,527de53e31d90e70946ddf09534ef4e0150b266e1d7f8522826ca71f3af7488a,0.45164003364171573
v16x,1536,9365,123078,exposure_matched_local,1993773078,seed_family_a,13,14,7a7b9e20c9c47f307e8eebe2b6dd466084d624495eeff1c950af67cacfa48a78,82d46fc4d8cb6e46271ceda0cb1a02ebd0bcad679c3e39a4850bc45d81c78aa1,0.4482758620689655
v16x,1536,9365,123078,exposure_matched_local,1993773078,seed_family_a,13,15,7a7b9e20c9c47f307e8eebe2b6dd466084d624495eeff1c950af67cacfa48a78,527de53e31d90e70946ddf09534ef4e0150b266e1d7f8522826ca71f3af7488a,0.4530417717970283
v16x,1536,9365,123078,exposure_matched_local,1993773078,seed_family_a,14,15,82d46fc4d8cb6e46271ceda0cb1a02ebd0bcad679c3e39a4850bc45d81c78aa1,527de53e31d90e70946ddf09534ef4e0150b266e1d7f8522826ca71f3af7488a,0.4600504625735913
v16x,1536,9365,123078,exposure_matched_local,1993773078,seed_family_b,0,1,0b6a6d5c1c6b019368600c76196556a487064fe8a6380bdc2b64ec7d3bcd2cb2,d5b031cab9c2d395bee208d4510d79acdee22fdb202bad64d0d3f91c8551c59f,0.45472385758340345
v16x,1536,9365,123078,exposure_matched_local,1993773078,seed_family_b,0,2,0b6a6d5c1c6b019368600c76196556a487064fe8a6380bdc2b64ec7d3bcd2cb2,10cdc33abb84f5cd92ac332c4a5839145385874f1b84d60cd174086b5fd0db25,0.4541631623212784
v16x,1536,9365,123078,exposure_matched_local,1993773078,seed_family_b,0,3,0b6a6d5c1c6b019368600c76196556a487064fe8a6380bdc2b64ec7d3bcd2cb2,51f07113ab3280e4c7ed0ba07c8f8d93c0bfbec6b3dafea57d102cb638089f15,0.4634146341463415
v16x,1536,9365,123078,exposure_matched_local,1993773078,seed_family_b,0,4,0b6a6d5c1c6b019368600c76196556a487064fe8a6380bdc2b64ec7d3bcd2cb2,1a065de9851576f2d655c07dfb3a6d308e4373186d7063df90eb7b7d010a86be,0.4482758620689655
v16x,1536,9365,123078,exposure_matched_local,1993773078,seed_family_b,0,5,0b6a6d5c1c6b019368600c76196556a487064fe8a6380bdc2b64ec7d3bcd2cb2,9da95653d74beb7231c9e3b06ed8850b37b6d3c2815cad7e787f9b6496b33b6e,0.45836837678721615
v16x,1536,9365,123078,exposure_matched_local,1993773078,seed_family_b,0,6,0b6a6d5c1c6b019368600c76196556a487064fe8a6380bdc2b64ec7d3bcd2cb2,7ca4e5c86d106eeb3335a761de8a6f254042c5ec050dd1aae1c7d40191dc5999,0.45248107653490327
v16x,1536,9365,123078,exposure_matched_local,1993773078,seed_family_b,0,7,0b6a6d5c1c6b019368600c76196556a487064fe8a6380bdc2b64ec7d3bcd2cb2,a26b0f5def4a3b0bfcf1ef4a617f0a91fe2b1ae3182b18cd568b72aedf7484ad,0.4373423044575273
v16x,1536,9365,123078,exposure_matched_local,1993773078,seed_family_b,0,8,0b6a6d5c1c6b019368600c76196556a487064fe8a6380bdc2b64ec7d3bcd2cb2,1e7768dc480011982ba145b186c9f1137886bc792d6a9fc9a88f2b9b44a0af3c,0.44238856181665265
v16x,1536,9365,123078,exposure_matched_local,1993773078,seed_family_b,0,9,0b6a6d5c1c6b019368600c76196556a487064fe8a6380bdc2b64ec7d3bcd2cb2,bfe395ea1779a92d297cd482ff8a7fa1fa70906be21a3c4ab4ed03b738acefbf,0.4611718530978413
v16x,1536,9365,123078,exposure_matched_local,1993773078,seed_family_b,0,10,0b6a6d5c1c6b019368600c76196556a487064fe8a6380bdc2b64ec7d3bcd2cb2,662f70bdde9ab0b681844b157d48a3848a980f7c0620b27aea5709c7ca07461c,0.4622932436220914
v16x,1536,9365,123078,exposure_matched_local,1993773078,seed_family_b,0,11,0b6a6d5c1c6b019368600c76196556a487064fe8a6380bdc2b64ec7d3bcd2cb2,89541c188ee3cc92dfca017de1a627d5e1d4c4f65b8a8eed42101f035a0d4334,0.4527614241659658
v16x,1536,9365,123078,exposure_matched_local,1993773078,seed_family_b,0,12,0b6a6d5c1c6b019368600c76196556a487064fe8a6380bdc2b64ec7d3bcd2cb2,1ed9a11b0138eccc989fc55ecd88b5fefa39fa3920f47f6ec76c98df081adbac,0.4482758620689655
v16x,1536,9365,123078,exposure_matched_local,1993773078,seed_family_b,0,13,0b6a6d5c1c6b019368600c76196556a487064fe8a6380bdc2b64ec7d3bcd2cb2,7624991b33827281a0d933661f2bb171190d93d06aa4f6823c30e7d8ea74c3ae,0.45164003364171573
v16x,1536,9365,123078,exposure_matched_local,1993773078,seed_family_b,0,14,0b6a6d5c1c6b019368600c76196556a487064fe8a6380bdc2b64ec7d3bcd2cb2,04a45cde54b654fb5d7d9a3bd17153a72cbfb9089de6626ff2c81fa886d37cdf,0.4465937762825904
v16x,1536,9365,123078,exposure_matched_local,1993773078,seed_family_b,0,15,0b6a6d5c1c6b019368600c76196556a487064fe8a6380bdc2b64ec7d3bcd2cb2,aff7b0ca04f4b6423e386fb40a4f3bfae3c1e07bb0a724a9da87a9504d20bf0b,0.447434819175778
v16x,1536,9365,123078,exposure_matched_local,1993773078,seed_family_b,1,2,d5b031cab9c2d395bee208d4510d79acdee22fdb202bad64d0d3f91c8551c59f,10cdc33abb84f5cd92ac332c4a5839145385874f1b84d60cd174086b5fd0db25,0.4578076815250911
v16x,1536,9365,123078,exposure_matched_local,1993773078,seed_family_b,1,3,d5b031cab9c2d395bee208d4510d79acdee22fdb202bad64d0d3f91c8551c59f,51f07113ab3280e4c7ed0ba07c8f8d93c0bfbec6b3dafea57d102cb638089f15,0.45528455284552843
v16x,1536,9365,123078,exposure_matched_local,1993773078,seed_family_b,1,4,d5b031cab9c2d395bee208d4510d79acdee22fdb202bad64d0d3f91c8551c59f,1a065de9851576f2d655c07dfb3a6d308e4373186d7063df90eb7b7d010a86be,0.4493972525932156
v16x,1536,9365,123078,exposure_matched_local,1993773078,seed_family_b,1,5,d5b031cab9c2d395bee208d4510d79acdee22fdb202bad64d0d3f91c8551c59f,9da95653d74beb7231c9e3b06ed8850b37b6d3c2815cad7e787f9b6496b33b6e,0.45724698626296606
v16x,1536,9365,123078,exposure_matched_local,1993773078,seed_family_b,1,6,d5b031cab9c2d395bee208d4510d79acdee22fdb202bad64d0d3f91c8551c59f,7ca4e5c86d106eeb3335a761de8a6f254042c5ec050dd1aae1c7d40191dc5999,0.4381833473507149
v16x,1536,9365,123078,exposure_matched_local,1993773078,seed_family_b,1,7,d5b031cab9c2d395bee208d4510d79acdee22fdb202bad64d0d3f91c8551c59f,a26b0f5def4a3b0bfcf1ef4a617f0a91fe2b1ae3182b18cd568b72aedf7484ad,0.448556209700028
v16x,1536,9365,123078,exposure_matched_local,1993773078,seed_family_b,1,8,d5b031cab9c2d395bee208d4510d79acdee22fdb202bad64d0d3f91c8551c59f,1e7768dc480011982ba145b186c9f1137886bc792d6a9fc9a88f2b9b44a0af3c,0.45164003364171573
v16x,1536,9365,123078,exposure_matched_local,1993773078,seed_family_b,1,9,d5b031cab9c2d395bee208d4510d79acdee22fdb202bad64d0d3f91c8551c59f,bfe395ea1779a92d297cd482ff8a7fa1fa70906be21a3c4ab4ed03b738acefbf,0.44715447154471544
v16x,1536,9365,123078,exposure_matched_local,1993773078,seed_family_b,1,10,d5b031cab9c2d395bee208d4510d79acdee22fdb202bad64d0d3f91c8551c59f,662f70bdde9ab0b681844b157d48a3848a980f7c0620b27aea5709c7ca07461c,0.4440706476030278
v16x,1536,9365,123078,exposure_matched_local,1993773078,seed_family_b,1,11,d5b031cab9c2d395bee208d4510d79acdee22fdb202bad64d0d3f91c8551c59f,89541c188ee3cc92dfca017de1a627d5e1d4c4f65b8a8eed42101f035a0d4334,0.45360246705915336
v16x,1536,9365,123078,exposure_matched_local,1993773078,seed_family_b,1,12,d5b031cab9c2d395bee208d4510d79acdee22fdb202bad64d0d3f91c8551c59f,1ed9a11b0138eccc989fc55ecd88b5fefa39fa3920f47f6ec76c98df081adbac,0.4589290720493412
v16x,1536,9365,123078,exposure_matched_local,1993773078,seed_family_b,1,13,d5b031cab9c2d395bee208d4510d79acdee22fdb202bad64d0d3f91c8551c59f,7624991b33827281a0d933661f2bb171190d93d06aa4f6823c30e7d8ea74c3ae,0.45051864311746564
v16x,1536,9365,123078,exposure_matched_local,1993773078,seed_family_b,1,14,d5b031cab9c2d395bee208d4510d79acdee22fdb202bad64d0d3f91c8551c59f,04a45cde54b654fb5d7d9a3bd17153a72cbfb9089de6626ff2c81fa886d37cdf,0.4611718530978413
v16x,1536,9365,123078,exposure_matched_local,1993773078,seed_family_b,1,15,d5b031cab9c2d395bee208d4510d79acdee22fdb202bad64d0d3f91c8551c59f,aff7b0ca04f4b6423e386fb40a4f3bfae3c1e07bb0a724a9da87a9504d20bf0b,0.44126717129240256
v16x,1536,9365,123078,exposure_matched_local,1993773078,seed_family_b,2,3,10cdc33abb84f5cd92ac332c4a5839145385874f1b84d60cd174086b5fd0db25,51f07113ab3280e4c7ed0ba07c8f8d93c0bfbec6b3dafea57d102cb638089f15,0.448556209700028
v16x,1536,9365,123078,exposure_matched_local,1993773078,seed_family_b,2,4,10cdc33abb84f5cd92ac332c4a5839145385874f1b84d60cd174086b5fd0db25,1a065de9851576f2d655c07dfb3a6d308e4373186d7063df90eb7b7d010a86be,0.447434819175778
v16x,1536,9365,123078,exposure_matched_local,1993773078,seed_family_b,2,5,10cdc33abb84f5cd92ac332c4a5839145385874f1b84d60cd174086b5fd0db25,9da95653d74beb7231c9e3b06ed8850b37b6d3c2815cad7e787f9b6496b33b6e,0.46313428651527894
v16x,1536,9365,123078,exposure_matched_local,1993773078,seed_family_b,2,6,10cdc33abb84f5cd92ac332c4a5839145385874f1b84d60cd174086b5fd0db25,7ca4e5c86d106eeb3335a761de8a6f254042c5ec050dd1aae1c7d40191dc5999,0.4533221194280908
v16x,1536,9365,123078,exposure_matched_local,1993773078,seed_family_b,2,7,10cdc33abb84f5cd92ac332c4a5839145385874f1b84d60cd174086b5fd0db25,a26b0f5def4a3b0bfcf1ef4a617f0a91fe2b1ae3182b18cd568b72aedf7484ad,0.4510793383795907
v16x,1536,9365,123078,exposure_matched_local,1993773078,seed_family_b,2,8,10cdc33abb84f5cd92ac332c4a5839145385874f1b84d60cd174086b5fd0db25,1e7768dc480011982ba145b186c9f1137886bc792d6a9fc9a88f2b9b44a0af3c,0.456125595738716
v16x,1536,9365,123078,exposure_matched_local,1993773078,seed_family_b,2,9,10cdc33abb84f5cd92ac332c4a5839145385874f1b84d60cd174086b5fd0db25,bfe395ea1779a92d297cd482ff8a7fa1fa70906be21a3c4ab4ed03b738acefbf,0.456125595738716
v16x,1536,9365,123078,exposure_matched_local,1993773078,seed_family_b,2,10,10cdc33abb84f5cd92ac332c4a5839145385874f1b84d60cd174086b5fd0db25,662f70bdde9ab0b681844b157d48a3848a980f7c0620b27aea5709c7ca07461c,0.45388281469021585
v16x,1536,9365,123078,exposure_matched_local,1993773078,seed_family_b,2,11,10cdc33abb84f5cd92ac332c4a5839145385874f1b84d60cd174086b5fd0db25,89541c188ee3cc92dfca017de1a627d5e1d4c4f65b8a8eed42101f035a0d4334,0.46145220072890386
v16x,1536,9365,123078,exposure_matched_local,1993773078,seed_family_b,2,12,10cdc33abb84f5cd92ac332c4a5839145385874f1b84d60cd174086b5fd0db25,1ed9a11b0138eccc989fc55ecd88b5fefa39fa3920f47f6ec76c98df081adbac,0.44911690496215306
v16x,1536,9365,123078,exposure_matched_local,1993773078,seed_family_b,2,13,10cdc33abb84f5cd92ac332c4a5839145385874f1b84d60cd174086b5fd0db25,7624991b33827281a0d933661f2bb171190d93d06aa4f6823c30e7d8ea74c3ae,0.44687412391365294
v16x,1536,9365,123078,exposure_matched_local,1993773078,seed_family_b,2,14,10cdc33abb84f5cd92ac332c4a5839145385874f1b84d60cd174086b5fd0db25,04a45cde54b654fb5d7d9a3bd17153a72cbfb9089de6626ff2c81fa886d37cdf,0.45696663863190357
v16x,1536,9365,123078,exposure_matched_local,1993773078,seed_family_b,2,15,10cdc33abb84f5cd92ac332c4a5839145385874f1b84d60cd174086b5fd0db25,aff7b0ca04f4b6423e386fb40a4f3bfae3c1e07bb0a724a9da87a9504d20bf0b,0.45023829548640315
v16x,1536,9365,123078,exposure_matched_local,1993773078,seed_family_b,3,4,51f07113ab3280e4c7ed0ba07c8f8d93c0bfbec6b3dafea57d102cb638089f15,1a065de9851576f2d655c07dfb3a6d308e4373186d7063df90eb7b7d010a86be,0.43762265208858986
v16x,1536,9365,123078,exposure_matched_local,1993773078,seed_family_b,3,5,51f07113ab3280e4c7ed0ba07c8f8d93c0bfbec6b3dafea57d102cb638089f15,9da95653d74beb7231c9e3b06ed8850b37b6d3c2815cad7e787f9b6496b33b6e,0.4507989907485282
v16x,1536,9365,123078,exposure_matched_local,1993773078,seed_family_b,3,6,51f07113ab3280e4c7ed0ba07c8f8d93c0bfbec6b3dafea57d102cb638089f15,7ca4e5c86d106eeb3335a761de8a6f254042c5ec050dd1aae1c7d40191dc5999,0.45248107653490327
v16x,1536,9365,123078,exposure_matched_local,1993773078,seed_family_b,3,7,51f07113ab3280e4c7ed0ba07c8f8d93c0bfbec6b3dafea57d102cb638089f15,a26b0f5def4a3b0bfcf1ef4a617f0a91fe2b1ae3182b18cd568b72aedf7484ad,0.46061115783571627
v16x,1536,9365,123078,exposure_matched_local,1993773078,seed_family_b,3,8,51f07113ab3280e4c7ed0ba07c8f8d93c0bfbec6b3dafea57d102cb638089f15,1e7768dc480011982ba145b186c9f1137886bc792d6a9fc9a88f2b9b44a0af3c,0.46285393888421644
v16x,1536,9365,123078,exposure_matched_local,1993773078,seed_family_b,3,9,51f07113ab3280e4c7ed0ba07c8f8d93c0bfbec6b3dafea57d102cb638089f15,bfe395ea1779a92d297cd482ff8a7fa1fa70906be21a3c4ab4ed03b738acefbf,0.46173254835996635
v16x,1536,9365,123078,exposure_matched_local,1993773078,seed_family_b,3,10,51f07113ab3280e4c7ed0ba07c8f8d93c0bfbec6b3dafea57d102cb638089f15,662f70bdde9ab0b681844b157d48a3848a980f7c0620b27aea5709c7ca07461c,0.45388281469021585
v16x,1536,9365,123078,exposure_matched_local,1993773078,seed_family_b,3,11,51f07113ab3280e4c7ed0ba07c8f8d93c0bfbec6b3dafea57d102cb638089f15,89541c188ee3cc92dfca017de1a627d5e1d4c4f65b8a8eed42101f035a0d4334,0.4499579478553406
v16x,1536,9365,123078,exposure_matched_local,1993773078,seed_family_b,3,12,51f07113ab3280e4c7ed0ba07c8f8d93c0bfbec6b3dafea57d102cb638089f15,1ed9a11b0138eccc989fc55ecd88b5fefa39fa3920f47f6ec76c98df081adbac,0.45360246705915336
v16x,1536,9365,123078,exposure_matched_local,1993773078,seed_family_b,3,13,51f07113ab3280e4c7ed0ba07c8f8d93c0bfbec6b3dafea57d102cb638089f15,7624991b33827281a0d933661f2bb171190d93d06aa4f6823c30e7d8ea74c3ae,0.455564900476591
v16x,1536,9365,123078,exposure_matched_local,1993773078,seed_family_b,3,14,51f07113ab3280e4c7ed0ba07c8f8d93c0bfbec6b3dafea57d102cb638089f15,04a45cde54b654fb5d7d9a3bd17153a72cbfb9089de6626ff2c81fa886d37cdf,0.4496776002242781
v16x,1536,9365,123078,exposure_matched_local,1993773078,seed_family_b,3,15,51f07113ab3280e4c7ed0ba07c8f8d93c0bfbec6b3dafea57d102cb638089f15,aff7b0ca04f4b6423e386fb40a4f3bfae3c1e07bb0a724a9da87a9504d20bf0b,0.4496776002242781
v16x,1536,9365,123078,exposure_matched_local,1993773078,seed_family_b,4,5,1a065de9851576f2d655c07dfb3a6d308e4373186d7063df90eb7b7d010a86be,9da95653d74beb7231c9e3b06ed8850b37b6d3c2815cad7e787f9b6496b33b6e,0.45472385758340345
v16x,1536,9365,123078,exposure_matched_local,1993773078,seed_family_b,4,6,1a065de9851576f2d655c07dfb3a6d308e4373186d7063df90eb7b7d010a86be,7ca4e5c86d106eeb3335a761de8a6f254042c5ec050dd1aae1c7d40191dc5999,0.45977011494252873
v16x,1536,9365,123078,exposure_matched_local,1993773078,seed_family_b,4,7,1a065de9851576f2d655c07dfb3a6d308e4373186d7063df90eb7b7d010a86be,a26b0f5def4a3b0bfcf1ef4a617f0a91fe2b1ae3182b18cd568b72aedf7484ad,0.447434819175778
v16x,1536,9365,123078,exposure_matched_local,1993773078,seed_family_b,4,8,1a065de9851576f2d655c07dfb3a6d308e4373186d7063df90eb7b7d010a86be,1e7768dc480011982ba145b186c9f1137886bc792d6a9fc9a88f2b9b44a0af3c,0.4611718530978413
v16x,1536,9365,123078,exposure_matched_local,1993773078,seed_family_b,4,9,1a065de9851576f2d655c07dfb3a6d308e4373186d7063df90eb7b7d010a86be,bfe395ea1779a92d297cd482ff8a7fa1fa70906be21a3c4ab4ed03b738acefbf,0.4440706476030278
v16x,1536,9365,123078,exposure_matched_local,1993773078,seed_family_b,4,10,1a065de9851576f2d655c07dfb3a6d308e4373186d7063df90eb7b7d010a86be,662f70bdde9ab0b681844b157d48a3848a980f7c0620b27aea5709c7ca07461c,0.4443509952340903
v16x,1536,9365,123078,exposure_matched_local,1993773078,seed_family_b,4,11,1a065de9851576f2d655c07dfb3a6d308e4373186d7063df90eb7b7d010a86be,89541c188ee3cc92dfca017de1a627d5e1d4c4f65b8a8eed42101f035a0d4334,0.4600504625735913
v16x,1536,9365,123078,exposure_matched_local,1993773078,seed_family_b,4,12,1a065de9851576f2d655c07dfb3a6d308e4373186d7063df90eb7b7d010a86be,1ed9a11b0138eccc989fc55ecd88b5fefa39fa3920f47f6ec76c98df081adbac,0.45023829548640315
v16x,1536,9365,123078,exposure_matched_local,1993773078,seed_family_b,4,13,1a065de9851576f2d655c07dfb3a6d308e4373186d7063df90eb7b7d010a86be,7624991b33827281a0d933661f2bb171190d93d06aa4f6823c30e7d8ea74c3ae,0.4564059433697785
v16x,1536,9365,123078,exposure_matched_local,1993773078,seed_family_b,4,14,1a065de9851576f2d655c07dfb3a6d308e4373186d7063df90eb7b7d010a86be,04a45cde54b654fb5d7d9a3bd17153a72cbfb9089de6626ff2c81fa886d37cdf,0.4558452481076535
v16x,1536,9365,123078,exposure_matched_local,1993773078,seed_family_b,4,15,1a065de9851576f2d655c07dfb3a6d308e4373186d7063df90eb7b7d010a86be,aff7b0ca04f4b6423e386fb40a4f3bfae3c1e07bb0a724a9da87a9504d20bf0b,0.45528455284552843
v16x,1536,9365,123078,exposure_matched_local,1993773078,seed_family_b,5,6,9da95653d74beb7231c9e3b06ed8850b37b6d3c2815cad7e787f9b6496b33b6e,7ca4e5c86d106eeb3335a761de8a6f254042c5ec050dd1aae1c7d40191dc5999,0.44883655733109057
v16x,1536,9365,123078,exposure_matched_local,1993773078,seed_family_b,5,7,9da95653d74beb7231c9e3b06ed8850b37b6d3c2815cad7e787f9b6496b33b6e,a26b0f5def4a3b0bfcf1ef4a617f0a91fe2b1ae3182b18cd568b72aedf7484ad,0.44126717129240256
v16x,1536,9365,123078,exposure_matched_local,1993773078,seed_family_b,5,8,9da95653d74beb7231c9e3b06ed8850b37b6d3c2815cad7e787f9b6496b33b6e,1e7768dc480011982ba145b186c9f1137886bc792d6a9fc9a88f2b9b44a0af3c,0.463694981777404
v16x,1536,9365,123078,exposure_matched_local,1993773078,seed_family_b,5,9,9da95653d74beb7231c9e3b06ed8850b37b6d3c2815cad7e787f9b6496b33b6e,bfe395ea1779a92d297cd482ff8a7fa1fa70906be21a3c4ab4ed03b738acefbf,0.4432296047098402
v16x,1536,9365,123078,exposure_matched_local,1993773078,seed_family_b,5,10,9da95653d74beb7231c9e3b06ed8850b37b6d3c2815cad7e787f9b6496b33b6e,662f70bdde9ab0b681844b157d48a3848a980f7c0620b27aea5709c7ca07461c,0.4440706476030278
v16x,1536,9365,123078,exposure_matched_local,1993773078,seed_family_b,5,11,9da95653d74beb7231c9e3b06ed8850b37b6d3c2815cad7e787f9b6496b33b6e,89541c188ee3cc92dfca017de1a627d5e1d4c4f65b8a8eed42101f035a0d4334,0.4477151668068405
v16x,1536,9365,123078,exposure_matched_local,1993773078,seed_family_b,5,12,9da95653d74beb7231c9e3b06ed8850b37b6d3c2815cad7e787f9b6496b33b6e,1ed9a11b0138eccc989fc55ecd88b5fefa39fa3920f47f6ec76c98df081adbac,0.4513596860106532
v16x,1536,9365,123078,exposure_matched_local,1993773078,seed_family_b,5,13,9da95653d74beb7231c9e3b06ed8850b37b6d3c2815cad7e787f9b6496b33b6e,7624991b33827281a0d933661f2bb171190d93d06aa4f6823c30e7d8ea74c3ae,0.45948976731146624
v16x,1536,9365,123078,exposure_matched_local,1993773078,seed_family_b,5,14,9da95653d74beb7231c9e3b06ed8850b37b6d3c2815cad7e787f9b6496b33b6e,04a45cde54b654fb5d7d9a3bd17153a72cbfb9089de6626ff2c81fa886d37cdf,0.44547238575834036
v16x,1536,9365,123078,exposure_matched_local,1993773078,seed_family_b,5,15,9da95653d74beb7231c9e3b06ed8850b37b6d3c2815cad7e787f9b6496b33b6e,aff7b0ca04f4b6423e386fb40a4f3bfae3c1e07bb0a724a9da87a9504d20bf0b,0.4443509952340903
v16x,1536,9365,123078,exposure_matched_local,1993773078,seed_family_b,6,7,7ca4e5c86d106eeb3335a761de8a6f254042c5ec050dd1aae1c7d40191dc5999,a26b0f5def4a3b0bfcf1ef4a617f0a91fe2b1ae3182b18cd568b72aedf7484ad,0.43902439024390244
v16x,1536,9365,123078,exposure_matched_local,1993773078,seed_family_b,6,8,7ca4e5c86d106eeb3335a761de8a6f254042c5ec050dd1aae1c7d40191dc5999,1e7768dc480011982ba145b186c9f1137886bc792d6a9fc9a88f2b9b44a0af3c,0.4493972525932156
v16x,1536,9365,123078,exposure_matched_local,1993773078,seed_family_b,6,9,7ca4e5c86d106eeb3335a761de8a6f254042c5ec050dd1aae1c7d40191dc5999,bfe395ea1779a92d297cd482ff8a7fa1fa70906be21a3c4ab4ed03b738acefbf,0.456686291000841
v16x,1536,9365,123078,exposure_matched_local,1993773078,seed_family_b,6,10,7ca4e5c86d106eeb3335a761de8a6f254042c5ec050dd1aae1c7d40191dc5999,662f70bdde9ab0b681844b157d48a3848a980f7c0620b27aea5709c7ca07461c,0.45164003364171573
v16x,1536,9365,123078,exposure_matched_local,1993773078,seed_family_b,6,11,7ca4e5c86d106eeb3335a761de8a6f254042c5ec050dd1aae1c7d40191dc5999,89541c188ee3cc92dfca017de1a627d5e1d4c4f65b8a8eed42101f035a0d4334,0.44603308102046535
v16x,1536,9365,123078,exposure_matched_local,1993773078,seed_family_b,6,12,7ca4e5c86d106eeb3335a761de8a6f254042c5ec050dd1aae1c7d40191dc5999,1ed9a11b0138eccc989fc55ecd88b5fefa39fa3920f47f6ec76c98df081adbac,0.455564900476591
v16x,1536,9365,123078,exposure_matched_local,1993773078,seed_family_b,6,13,7ca4e5c86d106eeb3335a761de8a6f254042c5ec050dd1aae1c7d40191dc5999,7624991b33827281a0d933661f2bb171190d93d06aa4f6823c30e7d8ea74c3ae,0.4530417717970283
v16x,1536,9365,123078,exposure_matched_local,1993773078,seed_family_b,6,14,7ca4e5c86d106eeb3335a761de8a6f254042c5ec050dd1aae1c7d40191dc5999,04a45cde54b654fb5d7d9a3bd17153a72cbfb9089de6626ff2c81fa886d37cdf,0.463694981777404
v16x,1536,9365,123078,exposure_matched_local,1993773078,seed_family_b,6,15,7ca4e5c86d106eeb3335a761de8a6f254042c5ec050dd1aae1c7d40191dc5999,aff7b0ca04f4b6423e386fb40a4f3bfae3c1e07bb0a724a9da87a9504d20bf0b,0.456125595738716
v16x,1536,9365,123078,exposure_matched_local,1993773078,seed_family_b,7,8,a26b0f5def4a3b0bfcf1ef4a617f0a91fe2b1ae3182b18cd568b72aedf7484ad,1e7768dc480011982ba145b186c9f1137886bc792d6a9fc9a88f2b9b44a0af3c,0.44210821418559015
v16x,1536,9365,123078,exposure_matched_local,1993773078,seed_family_b,7,9,a26b0f5def4a3b0bfcf1ef4a617f0a91fe2b1ae3182b18cd568b72aedf7484ad,bfe395ea1779a92d297cd482ff8a7fa1fa70906be21a3c4ab4ed03b738acefbf,0.4432296047098402
v16x,1536,9365,123078,exposure_matched_local,1993773078,seed_family_b,7,10,a26b0f5def4a3b0bfcf1ef4a617f0a91fe2b1ae3182b18cd568b72aedf7484ad,662f70bdde9ab0b681844b157d48a3848a980f7c0620b27aea5709c7ca07461c,0.440426128399215
v16x,1536,9365,123078,exposure_matched_local,1993773078,seed_family_b,7,11,a26b0f5def4a3b0bfcf1ef4a617f0a91fe2b1ae3182b18cd568b72aedf7484ad,89541c188ee3cc92dfca017de1a627d5e1d4c4f65b8a8eed42101f035a0d4334,0.4499579478553406
v16x,1536,9365,123078,exposure_matched_local,1993773078,seed_family_b,7,12,a26b0f5def4a3b0bfcf1ef4a617f0a91fe2b1ae3182b18cd568b72aedf7484ad,1ed9a11b0138eccc989fc55ecd88b5fefa39fa3920f47f6ec76c98df081adbac,0.4493972525932156
v16x,1536,9365,123078,exposure_matched_local,1993773078,seed_family_b,7,13,a26b0f5def4a3b0bfcf1ef4a617f0a91fe2b1ae3182b18cd568b72aedf7484ad,7624991b33827281a0d933661f2bb171190d93d06aa4f6823c30e7d8ea74c3ae,0.44883655733109057
v16x,1536,9365,123078,exposure_matched_local,1993773078,seed_family_b,7,14,a26b0f5def4a3b0bfcf1ef4a617f0a91fe2b1ae3182b18cd568b72aedf7484ad,04a45cde54b654fb5d7d9a3bd17153a72cbfb9089de6626ff2c81fa886d37cdf,0.4510793383795907
v16x,1536,9365,123078,exposure_matched_local,1993773078,seed_family_b,7,15,a26b0f5def4a3b0bfcf1ef4a617f0a91fe2b1ae3182b18cd568b72aedf7484ad,aff7b0ca04f4b6423e386fb40a4f3bfae3c1e07bb0a724a9da87a9504d20bf0b,0.44575273338940286
v16x,1536,9365,123078,exposure_matched_local,1993773078,seed_family_b,8,9,1e7768dc480011982ba145b186c9f1137886bc792d6a9fc9a88f2b9b44a0af3c,bfe395ea1779a92d297cd482ff8a7fa1fa70906be21a3c4ab4ed03b738acefbf,0.45500420521446594
v16x,1536,9365,123078,exposure_matched_local,1993773078,seed_family_b,8,10,1e7768dc480011982ba145b186c9f1137886bc792d6a9fc9a88f2b9b44a0af3c,662f70bdde9ab0b681844b157d48a3848a980f7c0620b27aea5709c7ca07461c,0.45388281469021585
v16x,1536,9365,123078,exposure_matched_local,1993773078,seed_family_b,8,11,1e7768dc480011982ba145b186c9f1137886bc792d6a9fc9a88f2b9b44a0af3c,89541c188ee3cc92dfca017de1a627d5e1d4c4f65b8a8eed42101f035a0d4334,0.45864872441827864
v16x,1536,9365,123078,exposure_matched_local,1993773078,seed_family_b,8,12,1e7768dc480011982ba145b186c9f1137886bc792d6a9fc9a88f2b9b44a0af3c,1ed9a11b0138eccc989fc55ecd88b5fefa39fa3920f47f6ec76c98df081adbac,0.45360246705915336
v16x,1536,9365,123078,exposure_matched_local,1993773078,seed_family_b,8,13,1e7768dc480011982ba145b186c9f1137886bc792d6a9fc9a88f2b9b44a0af3c,7624991b33827281a0d933661f2bb171190d93d06aa4f6823c30e7d8ea74c3ae,0.44238856181665265
v16x,1536,9365,123078,exposure_matched_local,1993773078,seed_family_b,8,14,1e7768dc480011982ba145b186c9f1137886bc792d6a9fc9a88f2b9b44a0af3c,04a45cde54b654fb5d7d9a3bd17153a72cbfb9089de6626ff2c81fa886d37cdf,0.44463134286515277
v16x,1536,9365,123078,exposure_matched_local,1993773078,seed_family_b,8,15,1e7768dc480011982ba145b186c9f1137886bc792d6a9fc9a88f2b9b44a0af3c,aff7b0ca04f4b6423e386fb40a4f3bfae3c1e07bb0a724a9da87a9504d20bf0b,0.4522007289038408
v16x,1536,9365,123078,exposure_matched_local,1993773078,seed_family_b,9,10,bfe395ea1779a92d297cd482ff8a7fa1fa70906be21a3c4ab4ed03b738acefbf,662f70bdde9ab0b681844b157d48a3848a980f7c0620b27aea5709c7ca07461c,0.448556209700028
v16x,1536,9365,123078,exposure_matched_local,1993773078,seed_family_b,9,11,bfe395ea1779a92d297cd482ff8a7fa1fa70906be21a3c4ab4ed03b738acefbf,89541c188ee3cc92dfca017de1a627d5e1d4c4f65b8a8eed42101f035a0d4334,0.4522007289038408
v16x,1536,9365,123078,exposure_matched_local,1993773078,seed_family_b,9,12,bfe395ea1779a92d297cd482ff8a7fa1fa70906be21a3c4ab4ed03b738acefbf,1ed9a11b0138eccc989fc55ecd88b5fefa39fa3920f47f6ec76c98df081adbac,0.44210821418559015
v16x,1536,9365,123078,exposure_matched_local,1993773078,seed_family_b,9,13,bfe395ea1779a92d297cd482ff8a7fa1fa70906be21a3c4ab4ed03b738acefbf,7624991b33827281a0d933661f2bb171190d93d06aa4f6823c30e7d8ea74c3ae,0.4622932436220914
v16x,1536,9365,123078,exposure_matched_local,1993773078,seed_family_b,9,14,bfe395ea1779a92d297cd482ff8a7fa1fa70906be21a3c4ab4ed03b738acefbf,04a45cde54b654fb5d7d9a3bd17153a72cbfb9089de6626ff2c81fa886d37cdf,0.456125595738716
v16x,1536,9365,123078,exposure_matched_local,1993773078,seed_family_b,9,15,bfe395ea1779a92d297cd482ff8a7fa1fa70906be21a3c4ab4ed03b738acefbf,aff7b0ca04f4b6423e386fb40a4f3bfae3c1e07bb0a724a9da87a9504d20bf0b,0.4395850855060275
v16x,1536,9365,123078,exposure_matched_local,1993773078,seed_family_b,10,11,662f70bdde9ab0b681844b157d48a3848a980f7c0620b27aea5709c7ca07461c,89541c188ee3cc92dfca017de1a627d5e1d4c4f65b8a8eed42101f035a0d4334,0.45836837678721615
v16x,1536,9365,123078,exposure_matched_local,1993773078,seed_family_b,10,12,662f70bdde9ab0b681844b157d48a3848a980f7c0620b27aea5709c7ca07461c,1ed9a11b0138eccc989fc55ecd88b5fefa39fa3920f47f6ec76c98df081adbac,0.45948976731146624
v16x,1536,9365,123078,exposure_matched_local,1993773078,seed_family_b,10,13,662f70bdde9ab0b681844b157d48a3848a980f7c0620b27aea5709c7ca07461c,7624991b33827281a0d933661f2bb171190d93d06aa4f6823c30e7d8ea74c3ae,0.463694981777404
v16x,1536,9365,123078,exposure_matched_local,1993773078,seed_family_b,10,14,662f70bdde9ab0b681844b157d48a3848a980f7c0620b27aea5709c7ca07461c,04a45cde54b654fb5d7d9a3bd17153a72cbfb9089de6626ff2c81fa886d37cdf,0.4541631623212784
v16x,1536,9365,123078,exposure_matched_local,1993773078,seed_family_b,10,15,662f70bdde9ab0b681844b157d48a3848a980f7c0620b27aea5709c7ca07461c,aff7b0ca04f4b6423e386fb40a4f3bfae3c1e07bb0a724a9da87a9504d20bf0b,0.45864872441827864
v16x,1536,9365,123078,exposure_matched_local,1993773078,seed_family_b,11,12,89541c188ee3cc92dfca017de1a627d5e1d4c4f65b8a8eed42101f035a0d4334,1ed9a11b0138eccc989fc55ecd88b5fefa39fa3920f47f6ec76c98df081adbac,0.4558452481076535
v16x,1536,9365,123078,exposure_matched_local,1993773078,seed_family_b,11,13,89541c188ee3cc92dfca017de1a627d5e1d4c4f65b8a8eed42101f035a0d4334,7624991b33827281a0d933661f2bb171190d93d06aa4f6823c30e7d8ea74c3ae,0.44350995234090274
v16x,1536,9365,123078,exposure_matched_local,1993773078,seed_family_b,11,14,89541c188ee3cc92dfca017de1a627d5e1d4c4f65b8a8eed42101f035a0d4334,04a45cde54b654fb5d7d9a3bd17153a72cbfb9089de6626ff2c81fa886d37cdf,0.4373423044575273
v16x,1536,9365,123078,exposure_matched_local,1993773078,seed_family_b,11,15,89541c188ee3cc92dfca017de1a627d5e1d4c4f65b8a8eed42101f035a0d4334,aff7b0ca04f4b6423e386fb40a4f3bfae3c1e07bb0a724a9da87a9504d20bf0b,0.45051864311746564
v16x,1536,9365,123078,exposure_matched_local,1993773078,seed_family_b,12,13,1ed9a11b0138eccc989fc55ecd88b5fefa39fa3920f47f6ec76c98df081adbac,7624991b33827281a0d933661f2bb171190d93d06aa4f6823c30e7d8ea74c3ae,0.4603308102046538
v16x,1536,9365,123078,exposure_matched_local,1993773078,seed_family_b,12,14,1ed9a11b0138eccc989fc55ecd88b5fefa39fa3920f47f6ec76c98df081adbac,04a45cde54b654fb5d7d9a3bd17153a72cbfb9089de6626ff2c81fa886d37cdf,0.447995514437903
v16x,1536,9365,123078,exposure_matched_local,1993773078,seed_family_b,12,15,1ed9a11b0138eccc989fc55ecd88b5fefa39fa3920f47f6ec76c98df081adbac,aff7b0ca04f4b6423e386fb40a4f3bfae3c1e07bb0a724a9da87a9504d20bf0b,0.45528455284552843
v16x,1536,9365,123078,exposure_matched_local,1993773078,seed_family_b,13,14,7624991b33827281a0d933661f2bb171190d93d06aa4f6823c30e7d8ea74c3ae,04a45cde54b654fb5d7d9a3bd17153a72cbfb9089de6626ff2c81fa886d37cdf,0.455564900476591
v16x,1536,9365,123078,exposure_matched_local,1993773078,seed_family_b,13,15,7624991b33827281a0d933661f2bb171190d93d06aa4f6823c30e7d8ea74c3ae,aff7b0ca04f4b6423e386fb40a4f3bfae3c1e07bb0a724a9da87a9504d20bf0b,0.45360246705915336
v16x,1536,9365,123078,exposure_matched_local,1993773078,seed_family_b,14,15,04a45cde54b654fb5d7d9a3bd17153a72cbfb9089de6626ff2c81fa886d37cdf,aff7b0ca04f4b6423e386fb40a4f3bfae3c1e07bb0a724a9da87a9504d20bf0b,0.44575273338940286
v16x,1536,9365,123403,exposure_matched_local,1993773403,seed_family_a,0,1,915d965e9e19d109f8ce656212d0821b2142be22bef0174ad1ca88df417e6152,2ce0dce3cde44ab99121b54dfa1bec3938d32971523989c856df39329a3d72d0,0.40732519422863483
v16x,1536,9365,123403,exposure_matched_local,1993773403,seed_family_a,0,2,915d965e9e19d109f8ce656212d0821b2142be22bef0174ad1ca88df417e6152,c3f49c11bbc00ca7449a610ad2fe09faa08d7d399ba5406af31c21e094c5b103,0.4037180910099889
v16x,1536,9365,123403,exposure_matched_local,1993773403,seed_family_a,0,3,915d965e9e19d109f8ce656212d0821b2142be22bef0174ad1ca88df417e6152,29373759a46e917422e667c2d6fcef1ace10ed6f3b89ec0dadbcdbc64b889248,0.39289678135405104
v16x,1536,9365,123403,exposure_matched_local,1993773403,seed_family_a,0,4,915d965e9e19d109f8ce656212d0821b2142be22bef0174ad1ca88df417e6152,7ae7ef4af1cc5d17486cdf014549794641f851fd84cb0aaeb2f92765cde21731,0.40704772475027745
v16x,1536,9365,123403,exposure_matched_local,1993773403,seed_family_a,0,5,915d965e9e19d109f8ce656212d0821b2142be22bef0174ad1ca88df417e6152,06a9e8461efd0ab5cb21c1ef5b7295c492b2b52216c624026bd9b4a0ee3bece9,0.3995560488346282
v16x,1536,9365,123403,exposure_matched_local,1993773403,seed_family_a,0,6,915d965e9e19d109f8ce656212d0821b2142be22bef0174ad1ca88df417e6152,2a2f35ee2f5a092e7616acf6895e425795fa4f443aa3c7d7cecc1a5aa2184502,0.4076026637069922
v16x,1536,9365,123403,exposure_matched_local,1993773403,seed_family_a,0,7,915d965e9e19d109f8ce656212d0821b2142be22bef0174ad1ca88df417e6152,1a97351a81af257797bfa858901b65a0d2cb87276b37f658487f9c6631e04188,0.39900110987791343
v16x,1536,9365,123403,exposure_matched_local,1993773403,seed_family_a,0,8,915d965e9e19d109f8ce656212d0821b2142be22bef0174ad1ca88df417e6152,9601f88fc191b8e42e8b3376c8bf9e7feb377276b694e27ed1f4b4e03f0cb91f,0.4009433962264151
v16x,1536,9365,123403,exposure_matched_local,1993773403,seed_family_a,0,9,915d965e9e19d109f8ce656212d0821b2142be22bef0174ad1ca88df417e6152,4209a2a2517edca32d3387f5ac5e6ea4f8a05422b7bad4631404bd018bdeec1a,0.38817980022197557
v16x,1536,9365,123403,exposure_matched_local,1993773403,seed_family_a,0,10,915d965e9e19d109f8ce656212d0821b2142be22bef0174ad1ca88df417e6152,426abd26ad10da9f3dff206df9d54c4377fd07801e02ba06ea57a0524ac6a6a2,0.3834628190899001
v16x,1536,9365,123403,exposure_matched_local,1993773403,seed_family_a,0,11,915d965e9e19d109f8ce656212d0821b2142be22bef0174ad1ca88df417e6152,c0732c22ae16dd2314217585206f2907e4dde084de8989c1d9332780ae256dbf,0.3998335183129856
v16x,1536,9365,123403,exposure_matched_local,1993773403,seed_family_a,0,12,915d965e9e19d109f8ce656212d0821b2142be22bef0174ad1ca88df417e6152,e28c7fbfb2a9f401c0a4f874d5297703cd3ff361b23d486ade9991be060c9863,0.3976137624861265
v16x,1536,9365,123403,exposure_matched_local,1993773403,seed_family_a,0,13,915d965e9e19d109f8ce656212d0821b2142be22bef0174ad1ca88df417e6152,8b9548b734e3bcd8b53ad6e17123d9940445824a451c19a08534f190f8116479,0.40455049944506105
v16x,1536,9365,123403,exposure_matched_local,1993773403,seed_family_a,0,14,915d965e9e19d109f8ce656212d0821b2142be22bef0174ad1ca88df417e6152,60c3d85af330063dbbd8d72f3044e13863225fd1bfefe4a49e567368080420f1,0.3951165371809101
v16x,1536,9365,123403,exposure_matched_local,1993773403,seed_family_a,0,15,915d965e9e19d109f8ce656212d0821b2142be22bef0174ad1ca88df417e6152,aaea483295aaf30b7e1e6b6d5e274ff3ec35552403d0448fd82632e1d300d879,0.40455049944506105
v16x,1536,9365,123403,exposure_matched_local,1993773403,seed_family_a,1,2,2ce0dce3cde44ab99121b54dfa1bec3938d32971523989c856df39329a3d72d0,c3f49c11bbc00ca7449a610ad2fe09faa08d7d399ba5406af31c21e094c5b103,0.40427302996670367
v16x,1536,9365,123403,exposure_matched_local,1993773403,seed_family_a,1,3,2ce0dce3cde44ab99121b54dfa1bec3938d32971523989c856df39329a3d72d0,29373759a46e917422e667c2d6fcef1ace10ed6f3b89ec0dadbcdbc64b889248,0.40288568257491675
v16x,1536,9365,123403,exposure_matched_local,1993773403,seed_family_a,1,4,2ce0dce3cde44ab99121b54dfa1bec3938d32971523989c856df39329a3d72d0,7ae7ef4af1cc5d17486cdf014549794641f851fd84cb0aaeb2f92765cde21731,0.39039955604883464
v16x,1536,9365,123403,exposure_matched_local,1993773403,seed_family_a,1,5,2ce0dce3cde44ab99121b54dfa1bec3938d32971523989c856df39329a3d72d0,06a9e8461efd0ab5cb21c1ef5b7295c492b2b52216c624026bd9b4a0ee3bece9,0.3851276359600444
v16x,1536,9365,123403,exposure_matched_local,1993773403,seed_family_a,1,6,2ce0dce3cde44ab99121b54dfa1bec3938d32971523989c856df39329a3d72d0,2a2f35ee2f5a092e7616acf6895e425795fa4f443aa3c7d7cecc1a5aa2184502,0.3837402885682575
v16x,1536,9365,123403,exposure_matched_local,1993773403,seed_family_a,1,7,2ce0dce3cde44ab99121b54dfa1bec3938d32971523989c856df39329a3d72d0,1a97351a81af257797bfa858901b65a0d2cb87276b37f658487f9c6631e04188,0.39678135405105436
v16x,1536,9365,123403,exposure_matched_local,1993773403,seed_family_a,1,8,2ce0dce3cde44ab99121b54dfa1bec3938d32971523989c856df39329a3d72d0,9601f88fc191b8e42e8b3376c8bf9e7feb377276b694e27ed1f4b4e03f0cb91f,0.3920643729189789
v16x,1536,9365,123403,exposure_matched_local,1993773403,seed_family_a,1,9,2ce0dce3cde44ab99121b54dfa1bec3938d32971523989c856df39329a3d72d0,4209a2a2517edca32d3387f5ac5e6ea4f8a05422b7bad4631404bd018bdeec1a,0.3890122086570477
v16x,1536,9365,123403,exposure_matched_local,1993773403,seed_family_a,1,10,2ce0dce3cde44ab99121b54dfa1bec3938d32971523989c856df39329a3d72d0,426abd26ad10da9f3dff206df9d54c4377fd07801e02ba06ea57a0524ac6a6a2,0.3909544950055494
v16x,1536,9365,123403,exposure_matched_local,1993773403,seed_family_a,1,11,2ce0dce3cde44ab99121b54dfa1bec3938d32971523989c856df39329a3d72d0,c0732c22ae16dd2314217585206f2907e4dde084de8989c1d9332780ae256dbf,0.38596004439511655
v16x,1536,9365,123403,exposure_matched_local,1993773403,seed_family_a,1,12,2ce0dce3cde44ab99121b54dfa1bec3938d32971523989c856df39329a3d72d0,e28c7fbfb2a9f401c0a4f874d5297703cd3ff361b23d486ade9991be060c9863,0.39428412874583796
v16x,1536,9365,123403,exposure_matched_local,1993773403,seed_family_a,1,13,2ce0dce3cde44ab99121b54dfa1bec3938d32971523989c856df39329a3d72d0,8b9548b734e3bcd8b53ad6e17123d9940445824a451c19a08534f190f8116479,0.39872364039955605
v16x,1536,9365,123403,exposure_matched_local,1993773403,seed_family_a,1,14,2ce0dce3cde44ab99121b54dfa1bec3938d32971523989c856df39329a3d72d0,60c3d85af330063dbbd8d72f3044e13863225fd1bfefe4a49e567368080420f1,0.3879023307436182
v16x,1536,9365,123403,exposure_matched_local,1993773403,seed_family_a,1,15,2ce0dce3cde44ab99121b54dfa1bec3938d32971523989c856df39329a3d72d0,aaea483295aaf30b7e1e6b6d5e274ff3ec35552403d0448fd82632e1d300d879,0.38845726970033295
v16x,1536,9365,123403,exposure_matched_local,1993773403,seed_family_a,2,3,c3f49c11bbc00ca7449a610ad2fe09faa08d7d399ba5406af31c21e094c5b103,29373759a46e917422e667c2d6fcef1ace10ed6f3b89ec0dadbcdbc64b889248,0.3951165371809101
v16x,1536,9365,123403,exposure_matched_local,1993773403,seed_family_a,2,4,c3f49c11bbc00ca7449a610ad2fe09faa08d7d399ba5406af31c21e094c5b103,7ae7ef4af1cc5d17486cdf014549794641f851fd84cb0aaeb2f92765cde21731,0.4095449500554939
v16x,1536,9365,123403,exposure_matched_local,1993773403,seed_family_a,2,5,c3f49c11bbc00ca7449a610ad2fe09faa08d7d399ba5406af31c21e094c5b103,06a9e8461efd0ab5cb21c1ef5b7295c492b2b52216c624026bd9b4a0ee3bece9,0.40593784683684797
v16x,1536,9365,123403,exposure_matched_local,1993773403,seed_family_a,2,6,c3f49c11bbc00ca7449a610ad2fe09faa08d7d399ba5406af31c21e094c5b103,2a2f35ee2f5a092e7616acf6895e425795fa4f443aa3c7d7cecc1a5aa2184502,0.3865149833518313
v16x,1536,9365,123403,exposure_matched_local,1993773403,seed_family_a,2,7,c3f49c11bbc00ca7449a610ad2fe09faa08d7d399ba5406af31c21e094c5b103,1a97351a81af257797bfa858901b65a0d2cb87276b37f658487f9c6631e04188,0.3934517203107658
v16x,1536,9365,123403,exposure_matched_local,1993773403,seed_family_a,2,8,c3f49c11bbc00ca7449a610ad2fe09faa08d7d399ba5406af31c21e094c5b103,9601f88fc191b8e42e8b3376c8bf9e7feb377276b694e27ed1f4b4e03f0cb91f,0.3934517203107658
v16x,1536,9365,123403,exposure_matched_local,1993773403,seed_family_a,2,9,c3f49c11bbc00ca7449a610ad2fe09faa08d7d399ba5406af31c21e094c5b103,4209a2a2517edca32d3387f5ac5e6ea4f8a05422b7bad4631404bd018bdeec1a,0.40482796892341844
v16x,1536,9365,123403,exposure_matched_local,1993773403,seed_family_a,2,10,c3f49c11bbc00ca7449a610ad2fe09faa08d7d399ba5406af31c21e094c5b103,426abd26ad10da9f3dff206df9d54c4377fd07801e02ba06ea57a0524ac6a6a2,0.4020532741398446
v16x,1536,9365,123403,exposure_matched_local,1993773403,seed_family_a,2,11,c3f49c11bbc00ca7449a610ad2fe09faa08d7d399ba5406af31c21e094c5b103,c0732c22ae16dd2314217585206f2907e4dde084de8989c1d9332780ae256dbf,0.3912319644839068
v16x,1536,9365,123403,exposure_matched_local,1993773403,seed_family_a,2,12,c3f49c11bbc00ca7449a610ad2fe09faa08d7d399ba5406af31c21e094c5b103,e28c7fbfb2a9f401c0a4f874d5297703cd3ff361b23d486ade9991be060c9863,0.39234184239733627
v16x,1536,9365,123403,exposure_matched_local,1993773403,seed_family_a,2,13,c3f49c11bbc00ca7449a610ad2fe09faa08d7d399ba5406af31c21e094c5b103,8b9548b734e3bcd8b53ad6e17123d9940445824a451c19a08534f190f8116479,0.39705882352941174
v16x,1536,9365,123403,exposure_matched_local,1993773403,seed_family_a,2,14,c3f49c11bbc00ca7449a610ad2fe09faa08d7d399ba5406af31c21e094c5b103,60c3d85af330063dbbd8d72f3044e13863225fd1bfefe4a49e567368080420f1,0.39178690344062156
v16x,1536,9365,123403,exposure_matched_local,1993773403,seed_family_a,2,15,c3f49c11bbc00ca7449a610ad2fe09faa08d7d399ba5406af31c21e094c5b103,aaea483295aaf30b7e1e6b6d5e274ff3ec35552403d0448fd82632e1d300d879,0.40593784683684797
v16x,1536,9365,123403,exposure_matched_local,1993773403,seed_family_a,3,4,29373759a46e917422e667c2d6fcef1ace10ed6f3b89ec0dadbcdbc64b889248,7ae7ef4af1cc5d17486cdf014549794641f851fd84cb0aaeb2f92765cde21731,0.38041065482796893
v16x,1536,9365,123403,exposure_matched_local,1993773403,seed_family_a,3,5,29373759a46e917422e667c2d6fcef1ace10ed6f3b89ec0dadbcdbc64b889248,06a9e8461efd0ab5cb21c1ef5b7295c492b2b52216c624026bd9b4a0ee3bece9,0.3867924528301887
v16x,1536,9365,123403,exposure_matched_local,1993773403,seed_family_a,3,6,29373759a46e917422e667c2d6fcef1ace10ed6f3b89ec0dadbcdbc64b889248,2a2f35ee2f5a092e7616acf6895e425795fa4f443aa3c7d7cecc1a5aa2184502,0.38290788013318533
v16x,1536,9365,123403,exposure_matched_local,1993773403,seed_family_a,3,7,29373759a46e917422e667c2d6fcef1ace10ed6f3b89ec0dadbcdbc64b889248,1a97351a81af257797bfa858901b65a0d2cb87276b37f658487f9c6631e04188,0.39594894561598226
v16x,1536,9365,123403,exposure_matched_local,1993773403,seed_family_a,3,8,29373759a46e917422e667c2d6fcef1ace10ed6f3b89ec0dadbcdbc64b889248,9601f88fc191b8e42e8b3376c8bf9e7feb377276b694e27ed1f4b4e03f0cb91f,0.4037180910099889
v16x,1536,9365,123403,exposure_matched_local,1993773403,seed_family_a,3,9,29373759a46e917422e667c2d6fcef1ace10ed6f3b89ec0dadbcdbc64b889248,4209a2a2517edca32d3387f5ac5e6ea4f8a05422b7bad4631404bd018bdeec1a,0.40316315205327413
v16x,1536,9365,123403,exposure_matched_local,1993773403,seed_family_a,3,10,29373759a46e917422e667c2d6fcef1ace10ed6f3b89ec0dadbcdbc64b889248,426abd26ad10da9f3dff206df9d54c4377fd07801e02ba06ea57a0524ac6a6a2,0.39456159822419534
v16x,1536,9365,123403,exposure_matched_local,1993773403,seed_family_a,3,11,29373759a46e917422e667c2d6fcef1ace10ed6f3b89ec0dadbcdbc64b889248,c0732c22ae16dd2314217585206f2907e4dde084de8989c1d9332780ae256dbf,0.3956714761376249
v16x,1536,9365,123403,exposure_matched_local,1993773403,seed_family_a,3,12,29373759a46e917422e667c2d6fcef1ace10ed6f3b89ec0dadbcdbc64b889248,e28c7fbfb2a9f401c0a4f874d5297703cd3ff361b23d486ade9991be060c9863,0.40455049944506105
v16x,1536,9365,123403,exposure_matched_local,1993773403,seed_family_a,3,13,29373759a46e917422e667c2d6fcef1ace10ed6f3b89ec0dadbcdbc64b889248,8b9548b734e3bcd8b53ad6e17123d9940445824a451c19a08534f190f8116479,0.39261931187569366
v16x,1536,9365,123403,exposure_matched_local,1993773403,seed_family_a,3,14,29373759a46e917422e667c2d6fcef1ace10ed6f3b89ec0dadbcdbc64b889248,60c3d85af330063dbbd8d72f3044e13863225fd1bfefe4a49e567368080420f1,0.38873473917869034
v16x,1536,9365,123403,exposure_matched_local,1993773403,seed_family_a,3,15,29373759a46e917422e667c2d6fcef1ace10ed6f3b89ec0dadbcdbc64b889248,aaea483295aaf30b7e1e6b6d5e274ff3ec35552403d0448fd82632e1d300d879,0.38429522752497225
v16x,1536,9365,123403,exposure_matched_local,1993773403,seed_family_a,4,5,7ae7ef4af1cc5d17486cdf014549794641f851fd84cb0aaeb2f92765cde21731,06a9e8461efd0ab5cb21c1ef5b7295c492b2b52216c624026bd9b4a0ee3bece9,0.3748612652608213
v16x,1536,9365,123403,exposure_matched_local,1993773403,seed_family_a,4,6,7ae7ef4af1cc5d17486cdf014549794641f851fd84cb0aaeb2f92765cde21731,2a2f35ee2f5a092e7616acf6895e425795fa4f443aa3c7d7cecc1a5aa2184502,0.39178690344062156
v16x,1536,9365,123403,exposure_matched_local,1993773403,seed_family_a,4,7,7ae7ef4af1cc5d17486cdf014549794641f851fd84cb0aaeb2f92765cde21731,1a97351a81af257797bfa858901b65a0d2cb87276b37f658487f9c6631e04188,0.3867924528301887
v16x,1536,9365,123403,exposure_matched_local,1993773403,seed_family_a,4,8,7ae7ef4af1cc5d17486cdf014549794641f851fd84cb0aaeb2f92765cde21731,9601f88fc191b8e42e8b3376c8bf9e7feb377276b694e27ed1f4b4e03f0cb91f,0.3956714761376249
v16x,1536,9365,123403,exposure_matched_local,1993773403,seed_family_a,4,9,7ae7ef4af1cc5d17486cdf014549794641f851fd84cb0aaeb2f92765cde21731,4209a2a2517edca32d3387f5ac5e6ea4f8a05422b7bad4631404bd018bdeec1a,0.39844617092119866
v16x,1536,9365,123403,exposure_matched_local,1993773403,seed_family_a,4,10,7ae7ef4af1cc5d17486cdf014549794641f851fd84cb0aaeb2f92765cde21731,426abd26ad10da9f3dff206df9d54c4377fd07801e02ba06ea57a0524ac6a6a2,0.38873473917869034
v16x,1536,9365,123403,exposure_matched_local,1993773403,seed_family_a,4,11,7ae7ef4af1cc5d17486cdf014549794641f851fd84cb0aaeb2f92765cde21731,c0732c22ae16dd2314217585206f2907e4dde084de8989c1d9332780ae256dbf,0.40149833518312983
v16x,1536,9365,123403,exposure_matched_local,1993773403,seed_family_a,4,12,7ae7ef4af1cc5d17486cdf014549794641f851fd84cb0aaeb2f92765cde21731,e28c7fbfb2a9f401c0a4f874d5297703cd3ff361b23d486ade9991be060c9863,0.3920643729189789
v16x,1536,9365,123403,exposure_matched_local,1993773403,seed_family_a,4,13,7ae7ef4af1cc5d17486cdf014549794641f851fd84cb0aaeb2f92765cde21731,8b9548b734e3bcd8b53ad6e17123d9940445824a451c19a08534f190f8116479,0.3892896781354051
v16x,1536,9365,123403,exposure_matched_local,1993773403,seed_family_a,4,14,7ae7ef4af1cc5d17486cdf014549794641f851fd84cb0aaeb2f92765cde21731,60c3d85af330063dbbd8d72f3044e13863225fd1bfefe4a49e567368080420f1,0.38873473917869034
v16x,1536,9365,123403,exposure_matched_local,1993773403,seed_family_a,4,15,7ae7ef4af1cc5d17486cdf014549794641f851fd84cb0aaeb2f92765cde21731,aaea483295aaf30b7e1e6b6d5e274ff3ec35552403d0448fd82632e1d300d879,0.3867924528301887
v16x,1536,9365,123403,exposure_matched_local,1993773403,seed_family_a,5,6,06a9e8461efd0ab5cb21c1ef5b7295c492b2b52216c624026bd9b4a0ee3bece9,2a2f35ee2f5a092e7616acf6895e425795fa4f443aa3c7d7cecc1a5aa2184502,0.40316315205327413
v16x,1536,9365,123403,exposure_matched_local,1993773403,seed_family_a,5,7,06a9e8461efd0ab5cb21c1ef5b7295c492b2b52216c624026bd9b4a0ee3bece9,1a97351a81af257797bfa858901b65a0d2cb87276b37f658487f9c6631e04188,0.3948390677025527
v16x,1536,9365,123403,exposure_matched_local,1993773403,seed_family_a,5,8,06a9e8461efd0ab5cb21c1ef5b7295c492b2b52216c624026bd9b4a0ee3bece9,9601f88fc191b8e42e8b3376c8bf9e7feb377276b694e27ed1f4b4e03f0cb91f,0.39678135405105436
v16x,1536,9365,123403,exposure_matched_local,1993773403,seed_family_a,5,9,06a9e8461efd0ab5cb21c1ef5b7295c492b2b52216c624026bd9b4a0ee3bece9,4209a2a2517edca32d3387f5ac5e6ea4f8a05422b7bad4631404bd018bdeec1a,0.3992785793562708
v16x,1536,9365,123403,exposure_matched_local,1993773403,seed_family_a,5,10,06a9e8461efd0ab5cb21c1ef5b7295c492b2b52216c624026bd9b4a0ee3bece9,426abd26ad10da9f3dff206df9d54c4377fd07801e02ba06ea57a0524ac6a6a2,0.38984461709211987
v16x,1536,9365,123403,exposure_matched_local,1993773403,seed_family_a,5,11,06a9e8461efd0ab5cb21c1ef5b7295c492b2b52216c624026bd9b4a0ee3bece9,c0732c22ae16dd2314217585206f2907e4dde084de8989c1d9332780ae256dbf,0.39012208657047726
v16x,1536,9365,123403,exposure_matched_local,1993773403,seed_family_a,5,12,06a9e8461efd0ab5cb21c1ef5b7295c492b2b52216c624026bd9b4a0ee3bece9,e28c7fbfb2a9f401c0a4f874d5297703cd3ff361b23d486ade9991be060c9863,0.3940066592674806
v16x,1536,9365,123403,exposure_matched_local,1993773403,seed_family_a,5,13,06a9e8461efd0ab5cb21c1ef5b7295c492b2b52216c624026bd9b4a0ee3bece9,8b9548b734e3bcd8b53ad6e17123d9940445824a451c19a08534f190f8116479,0.38596004439511655
v16x,1536,9365,123403,exposure_matched_local,1993773403,seed_family_a,5,14,06a9e8461efd0ab5cb21c1ef5b7295c492b2b52216c624026bd9b4a0ee3bece9,60c3d85af330063dbbd8d72f3044e13863225fd1bfefe4a49e567368080420f1,0.3934517203107658
v16x,1536,9365,123403,exposure_matched_local,1993773403,seed_family_a,5,15,06a9e8461efd0ab5cb21c1ef5b7295c492b2b52216c624026bd9b4a0ee3bece9,aaea483295aaf30b7e1e6b6d5e274ff3ec35552403d0448fd82632e1d300d879,0.3998335183129856
v16x,1536,9365,123403,exposure_matched_local,1993773403,seed_family_a,6,7,2a2f35ee2f5a092e7616acf6895e425795fa4f443aa3c7d7cecc1a5aa2184502,1a97351a81af257797bfa858901b65a0d2cb87276b37f658487f9c6631e04188,0.38873473917869034
v16x,1536,9365,123403,exposure_matched_local,1993773403,seed_family_a,6,8,2a2f35ee2f5a092e7616acf6895e425795fa4f443aa3c7d7cecc1a5aa2184502,9601f88fc191b8e42e8b3376c8bf9e7feb377276b694e27ed1f4b4e03f0cb91f,0.38845726970033295
v16x,1536,9365,123403,exposure_matched_local,1993773403,seed_family_a,6,9,2a2f35ee2f5a092e7616acf6895e425795fa4f443aa3c7d7cecc1a5aa2184502,4209a2a2517edca32d3387f5ac5e6ea4f8a05422b7bad4631404bd018bdeec1a,0.39705882352941174
v16x,1536,9365,123403,exposure_matched_local,1993773403,seed_family_a,6,10,2a2f35ee2f5a092e7616acf6895e425795fa4f443aa3c7d7cecc1a5aa2184502,426abd26ad10da9f3dff206df9d54c4377fd07801e02ba06ea57a0524ac6a6a2,0.3976137624861265
v16x,1536,9365,123403,exposure_matched_local,1993773403,seed_family_a,6,11,2a2f35ee2f5a092e7616acf6895e425795fa4f443aa3c7d7cecc1a5aa2184502,c0732c22ae16dd2314217585206f2907e4dde084de8989c1d9332780ae256dbf,0.39594894561598226
v16x,1536,9365,123403,exposure_matched_local,1993773403,seed_family_a,6,12,2a2f35ee2f5a092e7616acf6895e425795fa4f443aa3c7d7cecc1a5aa2184502,e28c7fbfb2a9f401c0a4f874d5297703cd3ff361b23d486ade9991be060c9863,0.413984461709212
v16x,1536,9365,123403,exposure_matched_local,1993773403,seed_family_a,6,13,2a2f35ee2f5a092e7616acf6895e425795fa4f443aa3c7d7cecc1a5aa2184502,8b9548b734e3bcd8b53ad6e17123d9940445824a451c19a08534f190f8116479,0.38873473917869034
v16x,1536,9365,123403,exposure_matched_local,1993773403,seed_family_a,6,14,2a2f35ee2f5a092e7616acf6895e425795fa4f443aa3c7d7cecc1a5aa2184502,60c3d85af330063dbbd8d72f3044e13863225fd1bfefe4a49e567368080420f1,0.38817980022197557
v16x,1536,9365,123403,exposure_matched_local,1993773403,seed_family_a,6,15,2a2f35ee2f5a092e7616acf6895e425795fa4f443aa3c7d7cecc1a5aa2184502,aaea483295aaf30b7e1e6b6d5e274ff3ec35552403d0448fd82632e1d300d879,0.39456159822419534
v16x,1536,9365,123403,exposure_matched_local,1993773403,seed_family_a,7,8,1a97351a81af257797bfa858901b65a0d2cb87276b37f658487f9c6631e04188,9601f88fc191b8e42e8b3376c8bf9e7feb377276b694e27ed1f4b4e03f0cb91f,0.40038845726970035
v16x,1536,9365,123403,exposure_matched_local,1993773403,seed_family_a,7,9,1a97351a81af257797bfa858901b65a0d2cb87276b37f658487f9c6631e04188,4209a2a2517edca32d3387f5ac5e6ea4f8a05422b7bad4631404bd018bdeec1a,0.3934517203107658
v16x,1536,9365,123403,exposure_matched_local,1993773403,seed_family_a,7,10,1a97351a81af257797bfa858901b65a0d2cb87276b37f658487f9c6631e04188,426abd26ad10da9f3dff206df9d54c4377fd07801e02ba06ea57a0524ac6a6a2,0.3934517203107658
v16x,1536,9365,123403,exposure_matched_local,1993773403,seed_family_a,7,11,1a97351a81af257797bfa858901b65a0d2cb87276b37f658487f9c6631e04188,c0732c22ae16dd2314217585206f2907e4dde084de8989c1d9332780ae256dbf,0.39039955604883464
v16x,1536,9365,123403,exposure_matched_local,1993773403,seed_family_a,7,12,1a97351a81af257797bfa858901b65a0d2cb87276b37f658487f9c6631e04188,e28c7fbfb2a9f401c0a4f874d5297703cd3ff361b23d486ade9991be060c9863,0.4017758046614872
v16x,1536,9365,123403,exposure_matched_local,1993773403,seed_family_a,7,13,1a97351a81af257797bfa858901b65a0d2cb87276b37f658487f9c6631e04188,8b9548b734e3bcd8b53ad6e17123d9940445824a451c19a08534f190f8116479,0.4009433962264151
v16x,1536,9365,123403,exposure_matched_local,1993773403,seed_family_a,7,14,1a97351a81af257797bfa858901b65a0d2cb87276b37f658487f9c6631e04188,60c3d85af330063dbbd8d72f3044e13863225fd1bfefe4a49e567368080420f1,0.3978912319644839
v16x,1536,9365,123403,exposure_matched_local,1993773403,seed_family_a,7,15,1a97351a81af257797bfa858901b65a0d2cb87276b37f658487f9c6631e04188,aaea483295aaf30b7e1e6b6d5e274ff3ec35552403d0448fd82632e1d300d879,0.40260821309655936
v16x,1536,9365,123403,exposure_matched_local,1993773403,seed_family_a,8,9,9601f88fc191b8e42e8b3376c8bf9e7feb377276b694e27ed1f4b4e03f0cb91f,4209a2a2517edca32d3387f5ac5e6ea4f8a05422b7bad4631404bd018bdeec1a,0.39678135405105436
v16x,1536,9365,123403,exposure_matched_local,1993773403,seed_family_a,8,10,9601f88fc191b8e42e8b3376c8bf9e7feb377276b694e27ed1f4b4e03f0cb91f,426abd26ad10da9f3dff206df9d54c4377fd07801e02ba06ea57a0524ac6a6a2,0.3998335183129856
v16x,1536,9365,123403,exposure_matched_local,1993773403,seed_family_a,8,11,9601f88fc191b8e42e8b3376c8bf9e7feb377276b694e27ed1f4b4e03f0cb91f,c0732c22ae16dd2314217585206f2907e4dde084de8989c1d9332780ae256dbf,0.3981687014428413
v16x,1536,9365,123403,exposure_matched_local,1993773403,seed_family_a,8,12,9601f88fc191b8e42e8b3376c8bf9e7feb377276b694e27ed1f4b4e03f0cb91f,e28c7fbfb2a9f401c0a4f874d5297703cd3ff361b23d486ade9991be060c9863,0.384850166481687
v16x,1536,9365,123403,exposure_matched_local,1993773403,seed_family_a,8,13,9601f88fc191b8e42e8b3376c8bf9e7feb377276b694e27ed1f4b4e03f0cb91f,8b9548b734e3bcd8b53ad6e17123d9940445824a451c19a08534f190f8116479,0.3809655937846837
v16x,1536,9365,123403,exposure_matched_local,1993773403,seed_family_a,8,14,9601f88fc191b8e42e8b3376c8bf9e7feb377276b694e27ed1f4b4e03f0cb91f,60c3d85af330063dbbd8d72f3044e13863225fd1bfefe4a49e567368080420f1,0.3879023307436182
v16x,1536,9365,123403,exposure_matched_local,1993773403,seed_family_a,8,15,9601f88fc191b8e42e8b3376c8bf9e7feb377276b694e27ed1f4b4e03f0cb91f,aaea483295aaf30b7e1e6b6d5e274ff3ec35552403d0448fd82632e1d300d879,0.3953940066592675
v16x,1536,9365,123403,exposure_matched_local,1993773403,seed_family_a,9,10,4209a2a2517edca32d3387f5ac5e6ea4f8a05422b7bad4631404bd018bdeec1a,426abd26ad10da9f3dff206df9d54c4377fd07801e02ba06ea57a0524ac6a6a2,0.4020532741398446
v16x,1536,9365,123403,exposure_matched_local,1993773403,seed_family_a,9,11,4209a2a2517edca32d3387f5ac5e6ea4f8a05422b7bad4631404bd018bdeec1a,c0732c22ae16dd2314217585206f2907e4dde084de8989c1d9332780ae256dbf,0.3956714761376249
v16x,1536,9365,123403,exposure_matched_local,1993773403,seed_family_a,9,12,4209a2a2517edca32d3387f5ac5e6ea4f8a05422b7bad4631404bd018bdeec1a,e28c7fbfb2a9f401c0a4f874d5297703cd3ff361b23d486ade9991be060c9863,0.40482796892341844
v16x,1536,9365,123403,exposure_matched_local,1993773403,seed_family_a,9,13,4209a2a2517edca32d3387f5ac5e6ea4f8a05422b7bad4631404bd018bdeec1a,8b9548b734e3bcd8b53ad6e17123d9940445824a451c19a08534f190f8116479,0.3978912319644839
v16x,1536,9365,123403,exposure_matched_local,1993773403,seed_family_a,9,14,4209a2a2517edca32d3387f5ac5e6ea4f8a05422b7bad4631404bd018bdeec1a,60c3d85af330063dbbd8d72f3044e13863225fd1bfefe4a49e567368080420f1,0.3951165371809101
v16x,1536,9365,123403,exposure_matched_local,1993773403,seed_family_a,9,15,4209a2a2517edca32d3387f5ac5e6ea4f8a05422b7bad4631404bd018bdeec1a,aaea483295aaf30b7e1e6b6d5e274ff3ec35552403d0448fd82632e1d300d879,0.3978912319644839
v16x,1536,9365,123403,exposure_matched_local,1993773403,seed_family_a,10,11,426abd26ad10da9f3dff206df9d54c4377fd07801e02ba06ea57a0524ac6a6a2,c0732c22ae16dd2314217585206f2907e4dde084de8989c1d9332780ae256dbf,0.39594894561598226
v16x,1536,9365,123403,exposure_matched_local,1993773403,seed_family_a,10,12,426abd26ad10da9f3dff206df9d54c4377fd07801e02ba06ea57a0524ac6a6a2,e28c7fbfb2a9f401c0a4f874d5297703cd3ff361b23d486ade9991be060c9863,0.39289678135405104
v16x,1536,9365,123403,exposure_matched_local,1993773403,seed_family_a,10,13,426abd26ad10da9f3dff206df9d54c4377fd07801e02ba06ea57a0524ac6a6a2,8b9548b734e3bcd8b53ad6e17123d9940445824a451c19a08534f190f8116479,0.39844617092119866
v16x,1536,9365,123403,exposure_matched_local,1993773403,seed_family_a,10,14,426abd26ad10da9f3dff206df9d54c4377fd07801e02ba06ea57a0524ac6a6a2,60c3d85af330063dbbd8d72f3044e13863225fd1bfefe4a49e567368080420f1,0.3976137624861265
v16x,1536,9365,123403,exposure_matched_local,1993773403,seed_family_a,10,15,426abd26ad10da9f3dff206df9d54c4377fd07801e02ba06ea57a0524ac6a6a2,aaea483295aaf30b7e1e6b6d5e274ff3ec35552403d0448fd82632e1d300d879,0.38873473917869034
v16x,1536,9365,123403,exposure_matched_local,1993773403,seed_family_a,11,12,c0732c22ae16dd2314217585206f2907e4dde084de8989c1d9332780ae256dbf,e28c7fbfb2a9f401c0a4f874d5297703cd3ff361b23d486ade9991be060c9863,0.3865149833518313
v16x,1536,9365,123403,exposure_matched_local,1993773403,seed_family_a,11,13,c0732c22ae16dd2314217585206f2907e4dde084de8989c1d9332780ae256dbf,8b9548b734e3bcd8b53ad6e17123d9940445824a451c19a08534f190f8116479,0.3915094339622642
v16x,1536,9365,123403,exposure_matched_local,1993773403,seed_family_a,11,14,c0732c22ae16dd2314217585206f2907e4dde084de8989c1d9332780ae256dbf,60c3d85af330063dbbd8d72f3044e13863225fd1bfefe4a49e567368080420f1,0.40149833518312983
v16x,1536,9365,123403,exposure_matched_local,1993773403,seed_family_a,11,15,c0732c22ae16dd2314217585206f2907e4dde084de8989c1d9332780ae256dbf,aaea483295aaf30b7e1e6b6d5e274ff3ec35552403d0448fd82632e1d300d879,0.3995560488346282
v16x,1536,9365,123403,exposure_matched_local,1993773403,seed_family_a,12,13,e28c7fbfb2a9f401c0a4f874d5297703cd3ff361b23d486ade9991be060c9863,8b9548b734e3bcd8b53ad6e17123d9940445824a451c19a08534f190f8116479,0.3937291897891232
v16x,1536,9365,123403,exposure_matched_local,1993773403,seed_family_a,12,14,e28c7fbfb2a9f401c0a4f874d5297703cd3ff361b23d486ade9991be060c9863,60c3d85af330063dbbd8d72f3044e13863225fd1bfefe4a49e567368080420f1,0.40427302996670367
v16x,1536,9365,123403,exposure_matched_local,1993773403,seed_family_a,12,15,e28c7fbfb2a9f401c0a4f874d5297703cd3ff361b23d486ade9991be060c9863,aaea483295aaf30b7e1e6b6d5e274ff3ec35552403d0448fd82632e1d300d879,0.3834628190899001
v16x,1536,9365,123403,exposure_matched_local,1993773403,seed_family_a,13,14,8b9548b734e3bcd8b53ad6e17123d9940445824a451c19a08534f190f8116479,60c3d85af330063dbbd8d72f3044e13863225fd1bfefe4a49e567368080420f1,0.38152053274139847
v16x,1536,9365,123403,exposure_matched_local,1993773403,seed_family_a,13,15,8b9548b734e3bcd8b53ad6e17123d9940445824a451c19a08534f190f8116479,aaea483295aaf30b7e1e6b6d5e274ff3ec35552403d0448fd82632e1d300d879,0.39705882352941174
v16x,1536,9365,123403,exposure_matched_local,1993773403,seed_family_a,14,15,60c3d85af330063dbbd8d72f3044e13863225fd1bfefe4a49e567368080420f1,aaea483295aaf30b7e1e6b6d5e274ff3ec35552403d0448fd82632e1d300d879,0.39456159822419534
v16x,1536,9365,123403,exposure_matched_local,1993773403,seed_family_b,0,1,2e9ac5d644069ce89ab4b301e354d6b145905130f32fbac2113fead0e97b8e72,bddb82347b78a2c809e74b93cb350567d5d4b57d21ceaad04ffa59ec85868d3c,0.3951165371809101
v16x,1536,9365,123403,exposure_matched_local,1993773403,seed_family_b,0,2,2e9ac5d644069ce89ab4b301e354d6b145905130f32fbac2113fead0e97b8e72,673bb45c6e88e76296ffb2c8a1b013525cde26f750579e49319169eef43a47a4,0.3876248612652608
v16x,1536,9365,123403,exposure_matched_local,1993773403,seed_family_b,0,3,2e9ac5d644069ce89ab4b301e354d6b145905130f32fbac2113fead0e97b8e72,957a0e49505fcfdbb7ef2e1a2a8d6d213ade5d83aa35e2ed408c3e2f2189d3de,0.3976137624861265
v16x,1536,9365,123403,exposure_matched_local,1993773403,seed_family_b,0,4,2e9ac5d644069ce89ab4b301e354d6b145905130f32fbac2113fead0e97b8e72,b34b97f780b55d0afa9e53f40e957d25698819e5dccf539deb419fa1a2f02469,0.4017758046614872
v16x,1536,9365,123403,exposure_matched_local,1993773403,seed_family_b,0,5,2e9ac5d644069ce89ab4b301e354d6b145905130f32fbac2113fead0e97b8e72,a1bc2c867ea6e0b30a23480936c489aa4fced0eca338fce503d341f870caccb0,0.39678135405105436
v16x,1536,9365,123403,exposure_matched_local,1993773403,seed_family_b,0,6,2e9ac5d644069ce89ab4b301e354d6b145905130f32fbac2113fead0e97b8e72,f33e79d02fe32fcef4d388b2139bee74b2f6eee374555ece314017d1781c1b37,0.3909544950055494
v16x,1536,9365,123403,exposure_matched_local,1993773403,seed_family_b,0,7,2e9ac5d644069ce89ab4b301e354d6b145905130f32fbac2113fead0e97b8e72,a73100b65156edd1d36bdb128d0284d3de7845346c7bc4892c23190705fb4eac,0.39456159822419534
v16x,1536,9365,123403,exposure_matched_local,1993773403,seed_family_b,0,8,2e9ac5d644069ce89ab4b301e354d6b145905130f32fbac2113fead0e97b8e72,ca0b3dd30fac57f88bd940044623314b6e306f50444b8d2d87b0095962aede55,0.3992785793562708
v16x,1536,9365,123403,exposure_matched_local,1993773403,seed_family_b,0,9,2e9ac5d644069ce89ab4b301e354d6b145905130f32fbac2113fead0e97b8e72,649388d6dc2d82d0f0d1773d6faf0337a5a0437d69f9f669bdae3a4e79bb8e2c,0.3995560488346282
v16x,1536,9365,123403,exposure_matched_local,1993773403,seed_family_b,0,10,2e9ac5d644069ce89ab4b301e354d6b145905130f32fbac2113fead0e97b8e72,df5278c57876b0b292581f0fbd62fbc19c9a2dfa9efffd201ed6195205c0eada,0.40732519422863483
v16x,1536,9365,123403,exposure_matched_local,1993773403,seed_family_b,0,11,2e9ac5d644069ce89ab4b301e354d6b145905130f32fbac2113fead0e97b8e72,74ecc204cdc839df6556cbb0a0c414b9b8a5c16732f3f58db8efa6338ff447ef,0.3909544950055494
v16x,1536,9365,123403,exposure_matched_local,1993773403,seed_family_b,0,12,2e9ac5d644069ce89ab4b301e354d6b145905130f32fbac2113fead0e97b8e72,d6f4199c13e414cdc30387314a2a00dcd0f1f373c401d02290706ba35ec28e08,0.40316315205327413
v16x,1536,9365,123403,exposure_matched_local,1993773403,seed_family_b,0,13,2e9ac5d644069ce89ab4b301e354d6b145905130f32fbac2113fead0e97b8e72,d6e7b7516bb7428f2e5f42b5af89229b2e3a1c2eef9c7150e2a181ef339d1bb5,0.3920643729189789
v16x,1536,9365,123403,exposure_matched_local,1993773403,seed_family_b,0,14,2e9ac5d644069ce89ab4b301e354d6b145905130f32fbac2113fead0e97b8e72,4b39436880aaaa20c476cf3183ed10166f73bce555d7ef5daf8bd6ef7fbb5627,0.39594894561598226
v16x,1536,9365,123403,exposure_matched_local,1993773403,seed_family_b,0,15,2e9ac5d644069ce89ab4b301e354d6b145905130f32fbac2113fead0e97b8e72,a8f41400d992e8d3638311ec38ee954f90c69b2e4652433fc7359597a25444cb,0.39456159822419534
v16x,1536,9365,123403,exposure_matched_local,1993773403,seed_family_b,1,2,bddb82347b78a2c809e74b93cb350567d5d4b57d21ceaad04ffa59ec85868d3c,673bb45c6e88e76296ffb2c8a1b013525cde26f750579e49319169eef43a47a4,0.39650388457269703
v16x,1536,9365,123403,exposure_matched_local,1993773403,seed_family_b,1,3,bddb82347b78a2c809e74b93cb350567d5d4b57d21ceaad04ffa59ec85868d3c,957a0e49505fcfdbb7ef2e1a2a8d6d213ade5d83aa35e2ed408c3e2f2189d3de,0.38845726970033295
v16x,1536,9365,123403,exposure_matched_local,1993773403,seed_family_b,1,4,bddb82347b78a2c809e74b93cb350567d5d4b57d21ceaad04ffa59ec85868d3c,b34b97f780b55d0afa9e53f40e957d25698819e5dccf539deb419fa1a2f02469,0.39705882352941174
v16x,1536,9365,123403,exposure_matched_local,1993773403,seed_family_b,1,5,bddb82347b78a2c809e74b93cb350567d5d4b57d21ceaad04ffa59ec85868d3c,a1bc2c867ea6e0b30a23480936c489aa4fced0eca338fce503d341f870caccb0,0.3953940066592675
v16x,1536,9365,123403,exposure_matched_local,1993773403,seed_family_b,1,6,bddb82347b78a2c809e74b93cb350567d5d4b57d21ceaad04ffa59ec85868d3c,f33e79d02fe32fcef4d388b2139bee74b2f6eee374555ece314017d1781c1b37,0.4037180910099889
v16x,1536,9365,123403,exposure_matched_local,1993773403,seed_family_b,1,7,bddb82347b78a2c809e74b93cb350567d5d4b57d21ceaad04ffa59ec85868d3c,a73100b65156edd1d36bdb128d0284d3de7845346c7bc4892c23190705fb4eac,0.3940066592674806
v16x,1536,9365,123403,exposure_matched_local,1993773403,seed_family_b,1,8,bddb82347b78a2c809e74b93cb350567d5d4b57d21ceaad04ffa59ec85868d3c,ca0b3dd30fac57f88bd940044623314b6e306f50444b8d2d87b0095962aede55,0.4009433962264151
v16x,1536,9365,123403,exposure_matched_local,1993773403,seed_family_b,1,9,bddb82347b78a2c809e74b93cb350567d5d4b57d21ceaad04ffa59ec85868d3c,649388d6dc2d82d0f0d1773d6faf0337a5a0437d69f9f669bdae3a4e79bb8e2c,0.3973362930077691
v16x,1536,9365,123403,exposure_matched_local,1993773403,seed_family_b,1,10,bddb82347b78a2c809e74b93cb350567d5d4b57d21ceaad04ffa59ec85868d3c,df5278c57876b0b292581f0fbd62fbc19c9a2dfa9efffd201ed6195205c0eada,0.3931742508324084
v16x,1536,9365,123403,exposure_matched_local,1993773403,seed_family_b,1,11,bddb82347b78a2c809e74b93cb350567d5d4b57d21ceaad04ffa59ec85868d3c,74ecc204cdc839df6556cbb0a0c414b9b8a5c16732f3f58db8efa6338ff447ef,0.390677025527192
v16x,1536,9365,123403,exposure_matched_local,1993773403,seed_family_b,1,12,bddb82347b78a2c809e74b93cb350567d5d4b57d21ceaad04ffa59ec85868d3c,d6f4199c13e414cdc30387314a2a00dcd0f1f373c401d02290706ba35ec28e08,0.40316315205327413
v16x,1536,9365,123403,exposure_matched_local,1993773403,seed_family_b,1,13,bddb82347b78a2c809e74b93cb350567d5d4b57d21ceaad04ffa59ec85868d3c,d6e7b7516bb7428f2e5f42b5af89229b2e3a1c2eef9c7150e2a181ef339d1bb5,0.4017758046614872
v16x,1536,9365,123403,exposure_matched_local,1993773403,seed_family_b,1,14,bddb82347b78a2c809e74b93cb350567d5d4b57d21ceaad04ffa59ec85868d3c,4b39436880aaaa20c476cf3183ed10166f73bce555d7ef5daf8bd6ef7fbb5627,0.39428412874583796
v16x,1536,9365,123403,exposure_matched_local,1993773403,seed_family_b,1,15,bddb82347b78a2c809e74b93cb350567d5d4b57d21ceaad04ffa59ec85868d3c,a8f41400d992e8d3638311ec38ee954f90c69b2e4652433fc7359597a25444cb,0.3937291897891232
v16x,1536,9365,123403,exposure_matched_local,1993773403,seed_family_b,2,3,673bb45c6e88e76296ffb2c8a1b013525cde26f750579e49319169eef43a47a4,957a0e49505fcfdbb7ef2e1a2a8d6d213ade5d83aa35e2ed408c3e2f2189d3de,0.3920643729189789
v16x,1536,9365,123403,exposure_matched_local,1993773403,seed_family_b,2,4,673bb45c6e88e76296ffb2c8a1b013525cde26f750579e49319169eef43a47a4,b34b97f780b55d0afa9e53f40e957d25698819e5dccf539deb419fa1a2f02469,0.39039955604883464
v16x,1536,9365,123403,exposure_matched_local,1993773403,seed_family_b,2,5,673bb45c6e88e76296ffb2c8a1b013525cde26f750579e49319169eef43a47a4,a1bc2c867ea6e0b30a23480936c489aa4fced0eca338fce503d341f870caccb0,0.39705882352941174
v16x,1536,9365,123403,exposure_matched_local,1993773403,seed_family_b,2,6,673bb45c6e88e76296ffb2c8a1b013525cde26f750579e49319169eef43a47a4,f33e79d02fe32fcef4d388b2139bee74b2f6eee374555ece314017d1781c1b37,0.3973362930077691
v16x,1536,9365,123403,exposure_matched_local,1993773403,seed_family_b,2,7,673bb45c6e88e76296ffb2c8a1b013525cde26f750579e49319169eef43a47a4,a73100b65156edd1d36bdb128d0284d3de7845346c7bc4892c23190705fb4eac,0.38984461709211987
v16x,1536,9365,123403,exposure_matched_local,1993773403,seed_family_b,2,8,673bb45c6e88e76296ffb2c8a1b013525cde26f750579e49319169eef43a47a4,ca0b3dd30fac57f88bd940044623314b6e306f50444b8d2d87b0095962aede55,0.390677025527192
v16x,1536,9365,123403,exposure_matched_local,1993773403,seed_family_b,2,9,673bb45c6e88e76296ffb2c8a1b013525cde26f750579e49319169eef43a47a4,649388d6dc2d82d0f0d1773d6faf0337a5a0437d69f9f669bdae3a4e79bb8e2c,0.3937291897891232
v16x,1536,9365,123403,exposure_matched_local,1993773403,seed_family_b,2,10,673bb45c6e88e76296ffb2c8a1b013525cde26f750579e49319169eef43a47a4,df5278c57876b0b292581f0fbd62fbc19c9a2dfa9efffd201ed6195205c0eada,0.3981687014428413
v16x,1536,9365,123403,exposure_matched_local,1993773403,seed_family_b,2,11,673bb45c6e88e76296ffb2c8a1b013525cde26f750579e49319169eef43a47a4,74ecc204cdc839df6556cbb0a0c414b9b8a5c16732f3f58db8efa6338ff447ef,0.39178690344062156
v16x,1536,9365,123403,exposure_matched_local,1993773403,seed_family_b,2,12,673bb45c6e88e76296ffb2c8a1b013525cde26f750579e49319169eef43a47a4,d6f4199c13e414cdc30387314a2a00dcd0f1f373c401d02290706ba35ec28e08,0.39178690344062156
v16x,1536,9365,123403,exposure_matched_local,1993773403,seed_family_b,2,13,673bb45c6e88e76296ffb2c8a1b013525cde26f750579e49319169eef43a47a4,d6e7b7516bb7428f2e5f42b5af89229b2e3a1c2eef9c7150e2a181ef339d1bb5,0.3981687014428413
v16x,1536,9365,123403,exposure_matched_local,1993773403,seed_family_b,2,14,673bb45c6e88e76296ffb2c8a1b013525cde26f750579e49319169eef43a47a4,4b39436880aaaa20c476cf3183ed10166f73bce555d7ef5daf8bd6ef7fbb5627,0.402330743618202
v16x,1536,9365,123403,exposure_matched_local,1993773403,seed_family_b,2,15,673bb45c6e88e76296ffb2c8a1b013525cde26f750579e49319169eef43a47a4,a8f41400d992e8d3638311ec38ee954f90c69b2e4652433fc7359597a25444cb,0.4037180910099889
v16x,1536,9365,123403,exposure_matched_local,1993773403,seed_family_b,3,4,957a0e49505fcfdbb7ef2e1a2a8d6d213ade5d83aa35e2ed408c3e2f2189d3de,b34b97f780b55d0afa9e53f40e957d25698819e5dccf539deb419fa1a2f02469,0.3787458379578246
v16x,1536,9365,123403,exposure_matched_local,1993773403,seed_family_b,3,5,957a0e49505fcfdbb7ef2e1a2a8d6d213ade5d83aa35e2ed408c3e2f2189d3de,a1bc2c867ea6e0b30a23480936c489aa4fced0eca338fce503d341f870caccb0,0.40260821309655936
v16x,1536,9365,123403,exposure_matched_local,1993773403,seed_family_b,3,6,957a0e49505fcfdbb7ef2e1a2a8d6d213ade5d83aa35e2ed408c3e2f2189d3de,f33e79d02fe32fcef4d388b2139bee74b2f6eee374555ece314017d1781c1b37,0.38873473917869034
v16x,1536,9365,123403,exposure_matched_local,1993773403,seed_family_b,3,7,957a0e49505fcfdbb7ef2e1a2a8d6d213ade5d83aa35e2ed408c3e2f2189d3de,a73100b65156edd1d36bdb128d0284d3de7845346c7bc4892c23190705fb4eac,0.39261931187569366
v16x,1536,9365,123403,exposure_matched_local,1993773403,seed_family_b,3,8,957a0e49505fcfdbb7ef2e1a2a8d6d213ade5d83aa35e2ed408c3e2f2189d3de,ca0b3dd30fac57f88bd940044623314b6e306f50444b8d2d87b0095962aede55,0.3915094339622642
v16x,1536,9365,123403,exposure_matched_local,1993773403,seed_family_b,3,9,957a0e49505fcfdbb7ef2e1a2a8d6d213ade5d83aa35e2ed408c3e2f2189d3de,649388d6dc2d82d0f0d1773d6faf0337a5a0437d69f9f669bdae3a4e79bb8e2c,0.3937291897891232
v16x,1536,9365,123403,exposure_matched_local,1993773403,seed_family_b,3,10,957a0e49505fcfdbb7ef2e1a2a8d6d213ade5d83aa35e2ed408c3e2f2189d3de,df5278c57876b0b292581f0fbd62fbc19c9a2dfa9efffd201ed6195205c0eada,0.390677025527192
v16x,1536,9365,123403,exposure_matched_local,1993773403,seed_family_b,3,11,957a0e49505fcfdbb7ef2e1a2a8d6d213ade5d83aa35e2ed408c3e2f2189d3de,74ecc204cdc839df6556cbb0a0c414b9b8a5c16732f3f58db8efa6338ff447ef,0.39650388457269703
v16x,1536,9365,123403,exposure_matched_local,1993773403,seed_family_b,3,12,957a0e49505fcfdbb7ef2e1a2a8d6d213ade5d83aa35e2ed408c3e2f2189d3de,d6f4199c13e414cdc30387314a2a00dcd0f1f373c401d02290706ba35ec28e08,0.39678135405105436
v16x,1536,9365,123403,exposure_matched_local,1993773403,seed_family_b,3,13,957a0e49505fcfdbb7ef2e1a2a8d6d213ade5d83aa35e2ed408c3e2f2189d3de,d6e7b7516bb7428f2e5f42b5af89229b2e3a1c2eef9c7150e2a181ef339d1bb5,0.40066592674805773
v16x,1536,9365,123403,exposure_matched_local,1993773403,seed_family_b,3,14,957a0e49505fcfdbb7ef2e1a2a8d6d213ade5d83aa35e2ed408c3e2f2189d3de,4b39436880aaaa20c476cf3183ed10166f73bce555d7ef5daf8bd6ef7fbb5627,0.3948390677025527
v16x,1536,9365,123403,exposure_matched_local,1993773403,seed_family_b,3,15,957a0e49505fcfdbb7ef2e1a2a8d6d213ade5d83aa35e2ed408c3e2f2189d3de,a8f41400d992e8d3638311ec38ee954f90c69b2e4652433fc7359597a25444cb,0.39678135405105436
v16x,1536,9365,123403,exposure_matched_local,1993773403,seed_family_b,4,5,b34b97f780b55d0afa9e53f40e957d25698819e5dccf539deb419fa1a2f02469,a1bc2c867ea6e0b30a23480936c489aa4fced0eca338fce503d341f870caccb0,0.39289678135405104
v16x,1536,9365,123403,exposure_matched_local,1993773403,seed_family_b,4,6,b34b97f780b55d0afa9e53f40e957d25698819e5dccf539deb419fa1a2f02469,f33e79d02fe32fcef4d388b2139bee74b2f6eee374555ece314017d1781c1b37,0.3953940066592675
v16x,1536,9365,123403,exposure_matched_local,1993773403,seed_family_b,4,7,b34b97f780b55d0afa9e53f40e957d25698819e5dccf539deb419fa1a2f02469,a73100b65156edd1d36bdb128d0284d3de7845346c7bc4892c23190705fb4eac,0.3895671476137625
v16x,1536,9365,123403,exposure_matched_local,1993773403,seed_family_b,4,8,b34b97f780b55d0afa9e53f40e957d25698819e5dccf539deb419fa1a2f02469,ca0b3dd30fac57f88bd940044623314b6e306f50444b8d2d87b0095962aede55,0.39594894561598226
v16x,1536,9365,123403,exposure_matched_local,1993773403,seed_family_b,4,9,b34b97f780b55d0afa9e53f40e957d25698819e5dccf539deb419fa1a2f02469,649388d6dc2d82d0f0d1773d6faf0337a5a0437d69f9f669bdae3a4e79bb8e2c,0.3931742508324084
v16x,1536,9365,123403,exposure_matched_local,1993773403,seed_family_b,4,10,b34b97f780b55d0afa9e53f40e957d25698819e5dccf539deb419fa1a2f02469,df5278c57876b0b292581f0fbd62fbc19c9a2dfa9efffd201ed6195205c0eada,0.39428412874583796
v16x,1536,9365,123403,exposure_matched_local,1993773403,seed_family_b,4,11,b34b97f780b55d0afa9e53f40e957d25698819e5dccf539deb419fa1a2f02469,74ecc204cdc839df6556cbb0a0c414b9b8a5c16732f3f58db8efa6338ff447ef,0.3953940066592675
v16x,1536,9365,123403,exposure_matched_local,1993773403,seed_family_b,4,12,b34b97f780b55d0afa9e53f40e957d25698819e5dccf539deb419fa1a2f02469,d6f4199c13e414cdc30387314a2a00dcd0f1f373c401d02290706ba35ec28e08,0.39594894561598226
v16x,1536,9365,123403,exposure_matched_local,1993773403,seed_family_b,4,13,b34b97f780b55d0afa9e53f40e957d25698819e5dccf539deb419fa1a2f02469,d6e7b7516bb7428f2e5f42b5af89229b2e3a1c2eef9c7150e2a181ef339d1bb5,0.3915094339622642
v16x,1536,9365,123403,exposure_matched_local,1993773403,seed_family_b,4,14,b34b97f780b55d0afa9e53f40e957d25698819e5dccf539deb419fa1a2f02469,4b39436880aaaa20c476cf3183ed10166f73bce555d7ef5daf8bd6ef7fbb5627,0.39012208657047726
v16x,1536,9365,123403,exposure_matched_local,1993773403,seed_family_b,4,15,b34b97f780b55d0afa9e53f40e957d25698819e5dccf539deb419fa1a2f02469,a8f41400d992e8d3638311ec38ee954f90c69b2e4652433fc7359597a25444cb,0.39622641509433965
v16x,1536,9365,123403,exposure_matched_local,1993773403,seed_family_b,5,6,a1bc2c867ea6e0b30a23480936c489aa4fced0eca338fce503d341f870caccb0,f33e79d02fe32fcef4d388b2139bee74b2f6eee374555ece314017d1781c1b37,0.3895671476137625
v16x,1536,9365,123403,exposure_matched_local,1993773403,seed_family_b,5,7,a1bc2c867ea6e0b30a23480936c489aa4fced0eca338fce503d341f870caccb0,a73100b65156edd1d36bdb128d0284d3de7845346c7bc4892c23190705fb4eac,0.3973362930077691
v16x,1536,9365,123403,exposure_matched_local,1993773403,seed_family_b,5,8,a1bc2c867ea6e0b30a23480936c489aa4fced0eca338fce503d341f870caccb0,ca0b3dd30fac57f88bd940044623314b6e306f50444b8d2d87b0095962aede55,0.3892896781354051
v16x,1536,9365,123403,exposure_matched_local,1993773403,seed_family_b,5,9,a1bc2c867ea6e0b30a23480936c489aa4fced0eca338fce503d341f870caccb0,649388d6dc2d82d0f0d1773d6faf0337a5a0437d69f9f669bdae3a4e79bb8e2c,0.40427302996670367
v16x,1536,9365,123403,exposure_matched_local,1993773403,seed_family_b,5,10,a1bc2c867ea6e0b30a23480936c489aa4fced0eca338fce503d341f870caccb0,df5278c57876b0b292581f0fbd62fbc19c9a2dfa9efffd201ed6195205c0eada,0.38013318534961155
v16x,1536,9365,123403,exposure_matched_local,1993773403,seed_family_b,5,11,a1bc2c867ea6e0b30a23480936c489aa4fced0eca338fce503d341f870caccb0,74ecc204cdc839df6556cbb0a0c414b9b8a5c16732f3f58db8efa6338ff447ef,0.4064927857935627
v16x,1536,9365,123403,exposure_matched_local,1993773403,seed_family_b,5,12,a1bc2c867ea6e0b30a23480936c489aa4fced0eca338fce503d341f870caccb0,d6f4199c13e414cdc30387314a2a00dcd0f1f373c401d02290706ba35ec28e08,0.3956714761376249
v16x,1536,9365,123403,exposure_matched_local,1993773403,seed_family_b,5,13,a1bc2c867ea6e0b30a23480936c489aa4fced0eca338fce503d341f870caccb0,d6e7b7516bb7428f2e5f42b5af89229b2e3a1c2eef9c7150e2a181ef339d1bb5,0.3992785793562708
v16x,1536,9365,123403,exposure_matched_local,1993773403,seed_family_b,5,14,a1bc2c867ea6e0b30a23480936c489aa4fced0eca338fce503d341f870caccb0,4b39436880aaaa20c476cf3183ed10166f73bce555d7ef5daf8bd6ef7fbb5627,0.3951165371809101
v16x,1536,9365,123403,exposure_matched_local,1993773403,seed_family_b,5,15,a1bc2c867ea6e0b30a23480936c489aa4fced0eca338fce503d341f870caccb0,a8f41400d992e8d3638311ec38ee954f90c69b2e4652433fc7359597a25444cb,0.40704772475027745
v16x,1536,9365,123403,exposure_matched_local,1993773403,seed_family_b,6,7,f33e79d02fe32fcef4d388b2139bee74b2f6eee374555ece314017d1781c1b37,a73100b65156edd1d36bdb128d0284d3de7845346c7bc4892c23190705fb4eac,0.39012208657047726
v16x,1536,9365,123403,exposure_matched_local,1993773403,seed_family_b,6,8,f33e79d02fe32fcef4d388b2139bee74b2f6eee374555ece314017d1781c1b37,ca0b3dd30fac57f88bd940044623314b6e306f50444b8d2d87b0095962aede55,0.3890122086570477
v16x,1536,9365,123403,exposure_matched_local,1993773403,seed_family_b,6,9,f33e79d02fe32fcef4d388b2139bee74b2f6eee374555ece314017d1781c1b37,649388d6dc2d82d0f0d1773d6faf0337a5a0437d69f9f669bdae3a4e79bb8e2c,0.390677025527192
v16x,1536,9365,123403,exposure_matched_local,1993773403,seed_family_b,6,10,f33e79d02fe32fcef4d388b2139bee74b2f6eee374555ece314017d1781c1b37,df5278c57876b0b292581f0fbd62fbc19c9a2dfa9efffd201ed6195205c0eada,0.3912319644839068
v16x,1536,9365,123403,exposure_matched_local,1993773403,seed_family_b,6,11,f33e79d02fe32fcef4d388b2139bee74b2f6eee374555ece314017d1781c1b37,74ecc204cdc839df6556cbb0a0c414b9b8a5c16732f3f58db8efa6338ff447ef,0.38623751387347394
v16x,1536,9365,123403,exposure_matched_local,1993773403,seed_family_b,6,12,f33e79d02fe32fcef4d388b2139bee74b2f6eee374555ece314017d1781c1b37,d6f4199c13e414cdc30387314a2a00dcd0f1f373c401d02290706ba35ec28e08,0.40427302996670367
v16x,1536,9365,123403,exposure_matched_local,1993773403,seed_family_b,6,13,f33e79d02fe32fcef4d388b2139bee74b2f6eee374555ece314017d1781c1b37,d6e7b7516bb7428f2e5f42b5af89229b2e3a1c2eef9c7150e2a181ef339d1bb5,0.39872364039955605
v16x,1536,9365,123403,exposure_matched_local,1993773403,seed_family_b,6,14,f33e79d02fe32fcef4d388b2139bee74b2f6eee374555ece314017d1781c1b37,4b39436880aaaa20c476cf3183ed10166f73bce555d7ef5daf8bd6ef7fbb5627,0.3978912319644839
v16x,1536,9365,123403,exposure_matched_local,1993773403,seed_family_b,6,15,f33e79d02fe32fcef4d388b2139bee74b2f6eee374555ece314017d1781c1b37,a8f41400d992e8d3638311ec38ee954f90c69b2e4652433fc7359597a25444cb,0.4020532741398446
v16x,1536,9365,123403,exposure_matched_local,1993773403,seed_family_b,7,8,a73100b65156edd1d36bdb128d0284d3de7845346c7bc4892c23190705fb4eac,ca0b3dd30fac57f88bd940044623314b6e306f50444b8d2d87b0095962aede55,0.39428412874583796
v16x,1536,9365,123403,exposure_matched_local,1993773403,seed_family_b,7,9,a73100b65156edd1d36bdb128d0284d3de7845346c7bc4892c23190705fb4eac,649388d6dc2d82d0f0d1773d6faf0337a5a0437d69f9f669bdae3a4e79bb8e2c,0.3953940066592675
v16x,1536,9365,123403,exposure_matched_local,1993773403,seed_family_b,7,10,a73100b65156edd1d36bdb128d0284d3de7845346c7bc4892c23190705fb4eac,df5278c57876b0b292581f0fbd62fbc19c9a2dfa9efffd201ed6195205c0eada,0.40427302996670367
v16x,1536,9365,123403,exposure_matched_local,1993773403,seed_family_b,7,11,a73100b65156edd1d36bdb128d0284d3de7845346c7bc4892c23190705fb4eac,74ecc204cdc839df6556cbb0a0c414b9b8a5c16732f3f58db8efa6338ff447ef,0.390677025527192
v16x,1536,9365,123403,exposure_matched_local,1993773403,seed_family_b,7,12,a73100b65156edd1d36bdb128d0284d3de7845346c7bc4892c23190705fb4eac,d6f4199c13e414cdc30387314a2a00dcd0f1f373c401d02290706ba35ec28e08,0.40677025527192007
v16x,1536,9365,123403,exposure_matched_local,1993773403,seed_family_b,7,13,a73100b65156edd1d36bdb128d0284d3de7845346c7bc4892c23190705fb4eac,d6e7b7516bb7428f2e5f42b5af89229b2e3a1c2eef9c7150e2a181ef339d1bb5,0.38429522752497225
v16x,1536,9365,123403,exposure_matched_local,1993773403,seed_family_b,7,14,a73100b65156edd1d36bdb128d0284d3de7845346c7bc4892c23190705fb4eac,4b39436880aaaa20c476cf3183ed10166f73bce555d7ef5daf8bd6ef7fbb5627,0.39289678135405104
v16x,1536,9365,123403,exposure_matched_local,1993773403,seed_family_b,7,15,a73100b65156edd1d36bdb128d0284d3de7845346c7bc4892c23190705fb4eac,a8f41400d992e8d3638311ec38ee954f90c69b2e4652433fc7359597a25444cb,0.41120976692563815
v16x,1536,9365,123403,exposure_matched_local,1993773403,seed_family_b,8,9,ca0b3dd30fac57f88bd940044623314b6e306f50444b8d2d87b0095962aede55,649388d6dc2d82d0f0d1773d6faf0337a5a0437d69f9f669bdae3a4e79bb8e2c,0.3948390677025527
v16x,1536,9365,123403,exposure_matched_local,1993773403,seed_family_b,8,10,ca0b3dd30fac57f88bd940044623314b6e306f50444b8d2d87b0095962aede55,df5278c57876b0b292581f0fbd62fbc19c9a2dfa9efffd201ed6195205c0eada,0.39234184239733627
v16x,1536,9365,123403,exposure_matched_local,1993773403,seed_family_b,8,11,ca0b3dd30fac57f88bd940044623314b6e306f50444b8d2d87b0095962aede55,74ecc204cdc839df6556cbb0a0c414b9b8a5c16732f3f58db8efa6338ff447ef,0.38817980022197557
v16x,1536,9365,123403,exposure_matched_local,1993773403,seed_family_b,8,12,ca0b3dd30fac57f88bd940044623314b6e306f50444b8d2d87b0095962aede55,d6f4199c13e414cdc30387314a2a00dcd0f1f373c401d02290706ba35ec28e08,0.402330743618202
v16x,1536,9365,123403,exposure_matched_local,1993773403,seed_family_b,8,13,ca0b3dd30fac57f88bd940044623314b6e306f50444b8d2d87b0095962aede55,d6e7b7516bb7428f2e5f42b5af89229b2e3a1c2eef9c7150e2a181ef339d1bb5,0.39900110987791343
v16x,1536,9365,123403,exposure_matched_local,1993773403,seed_family_b,8,14,ca0b3dd30fac57f88bd940044623314b6e306f50444b8d2d87b0095962aede55,4b39436880aaaa20c476cf3183ed10166f73bce555d7ef5daf8bd6ef7fbb5627,0.39456159822419534
v16x,1536,9365,123403,exposure_matched_local,1993773403,seed_family_b,8,15,ca0b3dd30fac57f88bd940044623314b6e306f50444b8d2d87b0095962aede55,a8f41400d992e8d3638311ec38ee954f90c69b2e4652433fc7359597a25444cb,0.40593784683684797
v16x,1536,9365,123403,exposure_matched_local,1993773403,seed_family_b,9,10,649388d6dc2d82d0f0d1773d6faf0337a5a0437d69f9f669bdae3a4e79bb8e2c,df5278c57876b0b292581f0fbd62fbc19c9a2dfa9efffd201ed6195205c0eada,0.3831853496115427
v16x,1536,9365,123403,exposure_matched_local,1993773403,seed_family_b,9,11,649388d6dc2d82d0f0d1773d6faf0337a5a0437d69f9f669bdae3a4e79bb8e2c,74ecc204cdc839df6556cbb0a0c414b9b8a5c16732f3f58db8efa6338ff447ef,0.4037180910099889
v16x,1536,9365,123403,exposure_matched_local,1993773403,seed_family_b,9,12,649388d6dc2d82d0f0d1773d6faf0337a5a0437d69f9f669bdae3a4e79bb8e2c,d6f4199c13e414cdc30387314a2a00dcd0f1f373c401d02290706ba35ec28e08,0.3865149833518313
v16x,1536,9365,123403,exposure_matched_local,1993773403,seed_family_b,9,13,649388d6dc2d82d0f0d1773d6faf0337a5a0437d69f9f669bdae3a4e79bb8e2c,d6e7b7516bb7428f2e5f42b5af89229b2e3a1c2eef9c7150e2a181ef339d1bb5,0.4034406215316315
v16x,1536,9365,123403,exposure_matched_local,1993773403,seed_family_b,9,14,649388d6dc2d82d0f0d1773d6faf0337a5a0437d69f9f669bdae3a4e79bb8e2c,4b39436880aaaa20c476cf3183ed10166f73bce555d7ef5daf8bd6ef7fbb5627,0.3890122086570477
v16x,1536,9365,123403,exposure_matched_local,1993773403,seed_family_b,9,15,649388d6dc2d82d0f0d1773d6faf0337a5a0437d69f9f669bdae3a4e79bb8e2c,a8f41400d992e8d3638311ec38ee954f90c69b2e4652433fc7359597a25444cb,0.4039955604883463
v16x,1536,9365,123403,exposure_matched_local,1993773403,seed_family_b,10,11,df5278c57876b0b292581f0fbd62fbc19c9a2dfa9efffd201ed6195205c0eada,74ecc204cdc839df6556cbb0a0c414b9b8a5c16732f3f58db8efa6338ff447ef,0.39622641509433965
v16x,1536,9365,123403,exposure_matched_local,1993773403,seed_family_b,10,12,df5278c57876b0b292581f0fbd62fbc19c9a2dfa9efffd201ed6195205c0eada,d6f4199c13e414cdc30387314a2a00dcd0f1f373c401d02290706ba35ec28e08,0.3973362930077691
v16x,1536,9365,123403,exposure_matched_local,1993773403,seed_family_b,10,13,df5278c57876b0b292581f0fbd62fbc19c9a2dfa9efffd201ed6195205c0eada,d6e7b7516bb7428f2e5f42b5af89229b2e3a1c2eef9c7150e2a181ef339d1bb5,0.3873473917869034
v16x,1536,9365,123403,exposure_matched_local,1993773403,seed_family_b,10,14,df5278c57876b0b292581f0fbd62fbc19c9a2dfa9efffd201ed6195205c0eada,4b39436880aaaa20c476cf3183ed10166f73bce555d7ef5daf8bd6ef7fbb5627,0.39678135405105436
v16x,1536,9365,123403,exposure_matched_local,1993773403,seed_family_b,10,15,df5278c57876b0b292581f0fbd62fbc19c9a2dfa9efffd201ed6195205c0eada,a8f41400d992e8d3638311ec38ee954f90c69b2e4652433fc7359597a25444cb,0.39900110987791343
v16x,1536,9365,123403,exposure_matched_local,1993773403,seed_family_b,11,12,74ecc204cdc839df6556cbb0a0c414b9b8a5c16732f3f58db8efa6338ff447ef,d6f4199c13e414cdc30387314a2a00dcd0f1f373c401d02290706ba35ec28e08,0.39039955604883464
v16x,1536,9365,123403,exposure_matched_local,1993773403,seed_family_b,11,13,74ecc204cdc839df6556cbb0a0c414b9b8a5c16732f3f58db8efa6338ff447ef,d6e7b7516bb7428f2e5f42b5af89229b2e3a1c2eef9c7150e2a181ef339d1bb5,0.40316315205327413
v16x,1536,9365,123403,exposure_matched_local,1993773403,seed_family_b,11,14,74ecc204cdc839df6556cbb0a0c414b9b8a5c16732f3f58db8efa6338ff447ef,4b39436880aaaa20c476cf3183ed10166f73bce555d7ef5daf8bd6ef7fbb5627,0.39900110987791343
v16x,1536,9365,123403,exposure_matched_local,1993773403,seed_family_b,11,15,74ecc204cdc839df6556cbb0a0c414b9b8a5c16732f3f58db8efa6338ff447ef,a8f41400d992e8d3638311ec38ee954f90c69b2e4652433fc7359597a25444cb,0.39594894561598226
v16x,1536,9365,123403,exposure_matched_local,1993773403,seed_family_b,12,13,d6f4199c13e414cdc30387314a2a00dcd0f1f373c401d02290706ba35ec28e08,d6e7b7516bb7428f2e5f42b5af89229b2e3a1c2eef9c7150e2a181ef339d1bb5,0.39261931187569366
v16x,1536,9365,123403,exposure_matched_local,1993773403,seed_family_b,12,14,d6f4199c13e414cdc30387314a2a00dcd0f1f373c401d02290706ba35ec28e08,4b39436880aaaa20c476cf3183ed10166f73bce555d7ef5daf8bd6ef7fbb5627,0.3948390677025527
v16x,1536,9365,123403,exposure_matched_local,1993773403,seed_family_b,12,15,d6f4199c13e414cdc30387314a2a00dcd0f1f373c401d02290706ba35ec28e08,a8f41400d992e8d3638311ec38ee954f90c69b2e4652433fc7359597a25444cb,0.3909544950055494
v16x,1536,9365,123403,exposure_matched_local,1993773403,seed_family_b,13,14,d6e7b7516bb7428f2e5f42b5af89229b2e3a1c2eef9c7150e2a181ef339d1bb5,4b39436880aaaa20c476cf3183ed10166f73bce555d7ef5daf8bd6ef7fbb5627,0.390677025527192
v16x,1536,9365,123403,exposure_matched_local,1993773403,seed_family_b,13,15,d6e7b7516bb7428f2e5f42b5af89229b2e3a1c2eef9c7150e2a181ef339d1bb5,a8f41400d992e8d3638311ec38ee954f90c69b2e4652433fc7359597a25444cb,0.40011098779134296
v16x,1536,9365,123403,exposure_matched_local,1993773403,seed_family_b,14,15,4b39436880aaaa20c476cf3183ed10166f73bce555d7ef5daf8bd6ef7fbb5627,a8f41400d992e8d3638311ec38ee954f90c69b2e4652433fc7359597a25444cb,0.3890122086570477
v16x,1536,9365,127341,exposure_matched_local,1993777341,seed_family_a,0,1,0e89b0d8221800e2106a08663a456a436f24bd77c2bab05e49ebb441aaad63b6,8ae97f493c447fc151b2b41433163622918fea9489e017da2ac7aecce9343c5f,0.44438249233342625
v16x,1536,9365,127341,exposure_matched_local,1993777341,seed_family_a,0,2,0e89b0d8221800e2106a08663a456a436f24bd77c2bab05e49ebb441aaad63b6,8a1d0d9021e86e798296ec80f1d8dd48d5f4b2ead84f8f314ac8a950576ad012,0.4538611653192082
v16x,1536,9365,127341,exposure_matched_local,1993777341,seed_family_a,0,3,0e89b0d8221800e2106a08663a456a436f24bd77c2bab05e49ebb441aaad63b6,652e2e62264ce5b1790c9ea3552a323d587114ff81a78d7d82dde05d9ee46e96,0.4471703373292445
v16x,1536,9365,127341,exposure_matched_local,1993777341,seed_family_a,0,4,0e89b0d8221800e2106a08663a456a436f24bd77c2bab05e49ebb441aaad63b6,665f5ef92d03f082583e067b391006fd26640b26d15b85a2685c8da0145dfa1e,0.44549763033175355
v16x,1536,9365,127341,exposure_matched_local,1993777341,seed_family_a,0,5,0e89b0d8221800e2106a08663a456a436f24bd77c2bab05e49ebb441aaad63b6,87e8df99395eb57a470718dd9dd960841f15be0309b7231eec642794b46b9890,0.4474491218288263
v16x,1536,9365,127341,exposure_matched_local,1993777341,seed_family_a,0,6,0e89b0d8221800e2106a08663a456a436f24bd77c2bab05e49ebb441aaad63b6,f9b5a2322f689354b795a8c589b7e83fed55091c7f490ded702ae734d5d35a15,0.452746027320881
v16x,1536,9365,127341,exposure_matched_local,1993777341,seed_family_a,0,7,0e89b0d8221800e2106a08663a456a436f24bd77c2bab05e49ebb441aaad63b6,af16321cdc8a0af4582fde3b7081a48b22e8a7ecf34b91b073aecc7bee0d7316,0.4597156398104265
v16x,1536,9365,127341,exposure_matched_local,1993777341,seed_family_a,0,8,0e89b0d8221800e2106a08663a456a436f24bd77c2bab05e49ebb441aaad63b6,1d359458ba8bb762210b388996ff7a63b9fcdf123942c56ebc0b952d7ab27da3,0.4560914413158628
v16x,1536,9365,127341,exposure_matched_local,1993777341,seed_family_a,0,9,0e89b0d8221800e2106a08663a456a436f24bd77c2bab05e49ebb441aaad63b6,6c84ec5c025481c7774a0883f65bdaf6dec6130463874e91448e61c626d1f7fb,0.43964315584053526
v16x,1536,9365,127341,exposure_matched_local,1993777341,seed_family_a,0,10,0e89b0d8221800e2106a08663a456a436f24bd77c2bab05e49ebb441aaad63b6,0455eb28215935fbabc752969af32f34dbf141cb2d6877f5e9235ca7a273e15b,0.4494006133258991
v16x,1536,9365,127341,exposure_matched_local,1993777341,seed_family_a,0,11,0e89b0d8221800e2106a08663a456a436f24bd77c2bab05e49ebb441aaad63b6,59a9d07b5873383d068fb7efc1c7718715f949db2d25199da563dbf50e9e5e59,0.44912182882631724
v16x,1536,9365,127341,exposure_matched_local,1993777341,seed_family_a,0,12,0e89b0d8221800e2106a08663a456a436f24bd77c2bab05e49ebb441aaad63b6,87e672b033821608202eb05a89bcf22f12b13ce4f8bd6d11cfd6cab5e88c080f,0.4555338723166992
v16x,1536,9365,127341,exposure_matched_local,1993777341,seed_family_a,0,13,0e89b0d8221800e2106a08663a456a436f24bd77c2bab05e49ebb441aaad63b6,06aede5df8853a1b02303c5886b706c20f1fabab3d647561b27f106bdbe3682f,0.45358238081962643
v16x,1536,9365,127341,exposure_matched_local,1993777341,seed_family_a,0,14,0e89b0d8221800e2106a08663a456a436f24bd77c2bab05e49ebb441aaad63b6,c941d284414081c63f49cad1b4efdf87a4996d94ab0f2f4513420967f1a52ab6,0.45330359632004463
v16x,1536,9365,127341,exposure_matched_local,1993777341,seed_family_a,0,15,0e89b0d8221800e2106a08663a456a436f24bd77c2bab05e49ebb441aaad63b6,275e74b665ad4a3550e3a814aaccd4a6167e389ece1b1c60c036fae6206e317d,0.44103707833844435
v16x,1536,9365,127341,exposure_matched_local,1993777341,seed_family_a,1,2,8ae97f493c447fc151b2b41433163622918fea9489e017da2ac7aecce9343c5f,8a1d0d9021e86e798296ec80f1d8dd48d5f4b2ead84f8f314ac8a950576ad012,0.4379704488430443
v16x,1536,9365,127341,exposure_matched_local,1993777341,seed_family_a,1,3,8ae97f493c447fc151b2b41433163622918fea9489e017da2ac7aecce9343c5f,652e2e62264ce5b1790c9ea3552a323d587114ff81a78d7d82dde05d9ee46e96,0.4505157513242264
v16x,1536,9365,127341,exposure_matched_local,1993777341,seed_family_a,1,4,8ae97f493c447fc151b2b41433163622918fea9489e017da2ac7aecce9343c5f,665f5ef92d03f082583e067b391006fd26640b26d15b85a2685c8da0145dfa1e,0.4505157513242264
v16x,1536,9365,127341,exposure_matched_local,1993777341,seed_family_a,1,5,8ae97f493c447fc151b2b41433163622918fea9489e017da2ac7aecce9343c5f,87e8df99395eb57a470718dd9dd960841f15be0309b7231eec642794b46b9890,0.44549763033175355
v16x,1536,9365,127341,exposure_matched_local,1993777341,seed_family_a,1,6,8ae97f493c447fc151b2b41433163622918fea9489e017da2ac7aecce9343c5f,f9b5a2322f689354b795a8c589b7e83fed55091c7f490ded702ae734d5d35a15,0.4474491218288263
v16x,1536,9365,127341,exposure_matched_local,1993777341,seed_family_a,1,7,8ae97f493c447fc151b2b41433163622918fea9489e017da2ac7aecce9343c5f,af16321cdc8a0af4582fde3b7081a48b22e8a7ecf34b91b073aecc7bee0d7316,0.4424310008363535
v16x,1536,9365,127341,exposure_matched_local,1993777341,seed_family_a,1,8,8ae97f493c447fc151b2b41433163622918fea9489e017da2ac7aecce9343c5f,1d359458ba8bb762210b388996ff7a63b9fcdf123942c56ebc0b952d7ab27da3,0.44633398383049905
v16x,1536,9365,127341,exposure_matched_local,1993777341,seed_family_a,1,9,8ae97f493c447fc151b2b41433163622918fea9489e017da2ac7aecce9343c5f,6c84ec5c025481c7774a0883f65bdaf6dec6130463874e91448e61c626d1f7fb,0.4457764148313354
v16x,1536,9365,127341,exposure_matched_local,1993777341,seed_family_a,1,10,8ae97f493c447fc151b2b41433163622918fea9489e017da2ac7aecce9343c5f,0455eb28215935fbabc752969af32f34dbf141cb2d6877f5e9235ca7a273e15b,0.44103707833844435
v16x,1536,9365,127341,exposure_matched_local,1993777341,seed_family_a,1,11,8ae97f493c447fc151b2b41433163622918fea9489e017da2ac7aecce9343c5f,59a9d07b5873383d068fb7efc1c7718715f949db2d25199da563dbf50e9e5e59,0.4505157513242264
v16x,1536,9365,127341,exposure_matched_local,1993777341,seed_family_a,1,12,8ae97f493c447fc151b2b41433163622918fea9489e017da2ac7aecce9343c5f,87e672b033821608202eb05a89bcf22f12b13ce4f8bd6d11cfd6cab5e88c080f,0.4507945358238082
v16x,1536,9365,127341,exposure_matched_local,1993777341,seed_family_a,1,13,8ae97f493c447fc151b2b41433163622918fea9489e017da2ac7aecce9343c5f,06aede5df8853a1b02303c5886b706c20f1fabab3d647561b27f106bdbe3682f,0.44884304432673544
v16x,1536,9365,127341,exposure_matched_local,1993777341,seed_family_a,1,14,8ae97f493c447fc151b2b41433163622918fea9489e017da2ac7aecce9343c5f,c941d284414081c63f49cad1b4efdf87a4996d94ab0f2f4513420967f1a52ab6,0.45776414831335377
v16x,1536,9365,127341,exposure_matched_local,1993777341,seed_family_a,1,15,8ae97f493c447fc151b2b41433163622918fea9489e017da2ac7aecce9343c5f,275e74b665ad4a3550e3a814aaccd4a6167e389ece1b1c60c036fae6206e317d,0.4516308893225537
v16x,1536,9365,127341,exposure_matched_local,1993777341,seed_family_a,2,3,8a1d0d9021e86e798296ec80f1d8dd48d5f4b2ead84f8f314ac8a950576ad012,652e2e62264ce5b1790c9ea3552a323d587114ff81a78d7d82dde05d9ee46e96,0.4435461388346808
v16x,1536,9365,127341,exposure_matched_local,1993777341,seed_family_a,2,4,8a1d0d9021e86e798296ec80f1d8dd48d5f4b2ead84f8f314ac8a950576ad012,665f5ef92d03f082583e067b391006fd26640b26d15b85a2685c8da0145dfa1e,0.4530248118204628
v16x,1536,9365,127341,exposure_matched_local,1993777341,seed_family_a,2,5,8a1d0d9021e86e798296ec80f1d8dd48d5f4b2ead84f8f314ac8a950576ad012,87e8df99395eb57a470718dd9dd960841f15be0309b7231eec642794b46b9890,0.4485642598271536
v16x,1536,9365,127341,exposure_matched_local,1993777341,seed_family_a,2,6,8a1d0d9021e86e798296ec80f1d8dd48d5f4b2ead84f8f314ac8a950576ad012,f9b5a2322f689354b795a8c589b7e83fed55091c7f490ded702ae734d5d35a15,0.45218845832171733
v16x,1536,9365,127341,exposure_matched_local,1993777341,seed_family_a,2,7,8a1d0d9021e86e798296ec80f1d8dd48d5f4b2ead84f8f314ac8a950576ad012,af16321cdc8a0af4582fde3b7081a48b22e8a7ecf34b91b073aecc7bee0d7316,0.46027320880959016
v16x,1536,9365,127341,exposure_matched_local,1993777341,seed_family_a,2,8,8a1d0d9021e86e798296ec80f1d8dd48d5f4b2ead84f8f314ac8a950576ad012,1d359458ba8bb762210b388996ff7a63b9fcdf123942c56ebc0b952d7ab27da3,0.4519096738221355
v16x,1536,9365,127341,exposure_matched_local,1993777341,seed_family_a,2,9,8a1d0d9021e86e798296ec80f1d8dd48d5f4b2ead84f8f314ac8a950576ad012,6c84ec5c025481c7774a0883f65bdaf6dec6130463874e91448e61c626d1f7fb,0.4457764148313354
v16x,1536,9365,127341,exposure_matched_local,1993777341,seed_family_a,2,10,8a1d0d9021e86e798296ec80f1d8dd48d5f4b2ead84f8f314ac8a950576ad012,0455eb28215935fbabc752969af32f34dbf141cb2d6877f5e9235ca7a273e15b,0.4435461388346808
v16x,1536,9365,127341,exposure_matched_local,1993777341,seed_family_a,2,11,8a1d0d9021e86e798296ec80f1d8dd48d5f4b2ead84f8f314ac8a950576ad012,59a9d07b5873383d068fb7efc1c7718715f949db2d25199da563dbf50e9e5e59,0.44884304432673544
v16x,1536,9365,127341,exposure_matched_local,1993777341,seed_family_a,2,12,8a1d0d9021e86e798296ec80f1d8dd48d5f4b2ead84f8f314ac8a950576ad012,87e672b033821608202eb05a89bcf22f12b13ce4f8bd6d11cfd6cab5e88c080f,0.4505157513242264
v16x,1536,9365,127341,exposure_matched_local,1993777341,seed_family_a,2,13,8a1d0d9021e86e798296ec80f1d8dd48d5f4b2ead84f8f314ac8a950576ad012,06aede5df8853a1b02303c5886b706c20f1fabab3d647561b27f106bdbe3682f,0.4457764148313354
v16x,1536,9365,127341,exposure_matched_local,1993777341,seed_family_a,2,14,8a1d0d9021e86e798296ec80f1d8dd48d5f4b2ead84f8f314ac8a950576ad012,c941d284414081c63f49cad1b4efdf87a4996d94ab0f2f4513420967f1a52ab6,0.4505157513242264
v16x,1536,9365,127341,exposure_matched_local,1993777341,seed_family_a,2,15,8a1d0d9021e86e798296ec80f1d8dd48d5f4b2ead84f8f314ac8a950576ad012,275e74b665ad4a3550e3a814aaccd4a6167e389ece1b1c60c036fae6206e317d,0.4619459158070811
v16x,1536,9365,127341,exposure_matched_local,1993777341,seed_family_a,3,4,652e2e62264ce5b1790c9ea3552a323d587114ff81a78d7d82dde05d9ee46e96,665f5ef92d03f082583e067b391006fd26640b26d15b85a2685c8da0145dfa1e,0.460551993309172
v16x,1536,9365,127341,exposure_matched_local,1993777341,seed_family_a,3,5,652e2e62264ce5b1790c9ea3552a323d587114ff81a78d7d82dde05d9ee46e96,87e8df99395eb57a470718dd9dd960841f15be0309b7231eec642794b46b9890,0.44438249233342625
v16x,1536,9365,127341,exposure_matched_local,1993777341,seed_family_a,3,6,652e2e62264ce5b1790c9ea3552a323d587114ff81a78d7d82dde05d9ee46e96,f9b5a2322f689354b795a8c589b7e83fed55091c7f490ded702ae734d5d35a15,0.4438249233342626
v16x,1536,9365,127341,exposure_matched_local,1993777341,seed_family_a,3,7,652e2e62264ce5b1790c9ea3552a323d587114ff81a78d7d82dde05d9ee46e96,af16321cdc8a0af4582fde3b7081a48b22e8a7ecf34b91b073aecc7bee0d7316,0.4541399498187901
v16x,1536,9365,127341,exposure_matched_local,1993777341,seed_family_a,3,8,652e2e62264ce5b1790c9ea3552a323d587114ff81a78d7d82dde05d9ee46e96,1d359458ba8bb762210b388996ff7a63b9fcdf123942c56ebc0b952d7ab27da3,0.455812656816281
v16x,1536,9365,127341,exposure_matched_local,1993777341,seed_family_a,3,9,652e2e62264ce5b1790c9ea3552a323d587114ff81a78d7d82dde05d9ee46e96,6c84ec5c025481c7774a0883f65bdaf6dec6130463874e91448e61c626d1f7fb,0.4446612768330081
v16x,1536,9365,127341,exposure_matched_local,1993777341,seed_family_a,3,10,652e2e62264ce5b1790c9ea3552a323d587114ff81a78d7d82dde05d9ee46e96,0455eb28215935fbabc752969af32f34dbf141cb2d6877f5e9235ca7a273e15b,0.44549763033175355
v16x,1536,9365,127341,exposure_matched_local,1993777341,seed_family_a,3,11,652e2e62264ce5b1790c9ea3552a323d587114ff81a78d7d82dde05d9ee46e96,59a9d07b5873383d068fb7efc1c7718715f949db2d25199da563dbf50e9e5e59,0.457485363813772
v16x,1536,9365,127341,exposure_matched_local,1993777341,seed_family_a,3,12,652e2e62264ce5b1790c9ea3552a323d587114ff81a78d7d82dde05d9ee46e96,87e672b033821608202eb05a89bcf22f12b13ce4f8bd6d11cfd6cab5e88c080f,0.4365765263451352
v16x,1536,9365,127341,exposure_matched_local,1993777341,seed_family_a,3,13,652e2e62264ce5b1790c9ea3552a323d587114ff81a78d7d82dde05d9ee46e96,06aede5df8853a1b02303c5886b706c20f1fabab3d647561b27f106bdbe3682f,0.44800669082798994
v16x,1536,9365,127341,exposure_matched_local,1993777341,seed_family_a,3,14,652e2e62264ce5b1790c9ea3552a323d587114ff81a78d7d82dde05d9ee46e96,c941d284414081c63f49cad1b4efdf87a4996d94ab0f2f4513420967f1a52ab6,0.4457764148313354
v16x,1536,9365,127341,exposure_matched_local,1993777341,seed_family_a,3,15,652e2e62264ce5b1790c9ea3552a323d587114ff81a78d7d82dde05d9ee46e96,275e74b665ad4a3550e3a814aaccd4a6167e389ece1b1c60c036fae6206e317d,0.45358238081962643
v16x,1536,9365,127341,exposure_matched_local,1993777341,seed_family_a,4,5,665f5ef92d03f082583e067b391006fd26640b26d15b85a2685c8da0145dfa1e,87e8df99395eb57a470718dd9dd960841f15be0309b7231eec642794b46b9890,0.45135210482297183
v16x,1536,9365,127341,exposure_matched_local,1993777341,seed_family_a,4,6,665f5ef92d03f082583e067b391006fd26640b26d15b85a2685c8da0145dfa1e,f9b5a2322f689354b795a8c589b7e83fed55091c7f490ded702ae734d5d35a15,0.4471703373292445
v16x,1536,9365,127341,exposure_matched_local,1993777341,seed_family_a,4,7,665f5ef92d03f082583e067b391006fd26640b26d15b85a2685c8da0145dfa1e,af16321cdc8a0af4582fde3b7081a48b22e8a7ecf34b91b073aecc7bee0d7316,0.45135210482297183
v16x,1536,9365,127341,exposure_matched_local,1993777341,seed_family_a,4,8,665f5ef92d03f082583e067b391006fd26640b26d15b85a2685c8da0145dfa1e,1d359458ba8bb762210b388996ff7a63b9fcdf123942c56ebc0b952d7ab27da3,0.441594647337608
v16x,1536,9365,127341,exposure_matched_local,1993777341,seed_family_a,4,9,665f5ef92d03f082583e067b391006fd26640b26d15b85a2685c8da0145dfa1e,6c84ec5c025481c7774a0883f65bdaf6dec6130463874e91448e61c626d1f7fb,0.452746027320881
v16x,1536,9365,127341,exposure_matched_local,1993777341,seed_family_a,4,10,665f5ef92d03f082583e067b391006fd26640b26d15b85a2685c8da0145dfa1e,0455eb28215935fbabc752969af32f34dbf141cb2d6877f5e9235ca7a273e15b,0.44772790632840814
v16x,1536,9365,127341,exposure_matched_local,1993777341,seed_family_a,4,11,665f5ef92d03f082583e067b391006fd26640b26d15b85a2685c8da0145dfa1e,59a9d07b5873383d068fb7efc1c7718715f949db2d25199da563dbf50e9e5e59,0.4546975188179537
v16x,1536,9365,127341,exposure_matched_local,1993777341,seed_family_a,4,12,665f5ef92d03f082583e067b391006fd26640b26d15b85a2685c8da0145dfa1e,87e672b033821608202eb05a89bcf22f12b13ce4f8bd6d11cfd6cab5e88c080f,0.4591580708112629
v16x,1536,9365,127341,exposure_matched_local,1993777341,seed_family_a,4,13,665f5ef92d03f082583e067b391006fd26640b26d15b85a2685c8da0145dfa1e,06aede5df8853a1b02303c5886b706c20f1fabab3d647561b27f106bdbe3682f,0.4541399498187901
v16x,1536,9365,127341,exposure_matched_local,1993777341,seed_family_a,4,14,665f5ef92d03f082583e067b391006fd26640b26d15b85a2685c8da0145dfa1e,c941d284414081c63f49cad1b4efdf87a4996d94ab0f2f4513420967f1a52ab6,0.44995818232506274
v16x,1536,9365,127341,exposure_matched_local,1993777341,seed_family_a,4,15,665f5ef92d03f082583e067b391006fd26640b26d15b85a2685c8da0145dfa1e,275e74b665ad4a3550e3a814aaccd4a6167e389ece1b1c60c036fae6206e317d,0.4457764148313354
v16x,1536,9365,127341,exposure_matched_local,1993777341,seed_family_a,5,6,87e8df99395eb57a470718dd9dd960841f15be0309b7231eec642794b46b9890,f9b5a2322f689354b795a8c589b7e83fed55091c7f490ded702ae734d5d35a15,0.4482854753275718
v16x,1536,9365,127341,exposure_matched_local,1993777341,seed_family_a,5,7,87e8df99395eb57a470718dd9dd960841f15be0309b7231eec642794b46b9890,af16321cdc8a0af4582fde3b7081a48b22e8a7ecf34b91b073aecc7bee0d7316,0.43964315584053526
v16x,1536,9365,127341,exposure_matched_local,1993777341,seed_family_a,5,8,87e8df99395eb57a470718dd9dd960841f15be0309b7231eec642794b46b9890,1d359458ba8bb762210b388996ff7a63b9fcdf123942c56ebc0b952d7ab27da3,0.4530248118204628
v16x,1536,9365,127341,exposure_matched_local,1993777341,seed_family_a,5,9,87e8df99395eb57a470718dd9dd960841f15be0309b7231eec642794b46b9890,6c84ec5c025481c7774a0883f65bdaf6dec6130463874e91448e61c626d1f7fb,0.4555338723166992
v16x,1536,9365,127341,exposure_matched_local,1993777341,seed_family_a,5,10,87e8df99395eb57a470718dd9dd960841f15be0309b7231eec642794b46b9890,0455eb28215935fbabc752969af32f34dbf141cb2d6877f5e9235ca7a273e15b,0.4619459158070811
v16x,1536,9365,127341,exposure_matched_local,1993777341,seed_family_a,5,11,87e8df99395eb57a470718dd9dd960841f15be0309b7231eec642794b46b9890,59a9d07b5873383d068fb7efc1c7718715f949db2d25199da563dbf50e9e5e59,0.4664064678003903
v16x,1536,9365,127341,exposure_matched_local,1993777341,seed_family_a,5,12,87e8df99395eb57a470718dd9dd960841f15be0309b7231eec642794b46b9890,87e672b033821608202eb05a89bcf22f12b13ce4f8bd6d11cfd6cab5e88c080f,0.45776414831335377
v16x,1536,9365,127341,exposure_matched_local,1993777341,seed_family_a,5,13,87e8df99395eb57a470718dd9dd960841f15be0309b7231eec642794b46b9890,06aede5df8853a1b02303c5886b706c20f1fabab3d647561b27f106bdbe3682f,0.4516308893225537
v16x,1536,9365,127341,exposure_matched_local,1993777341,seed_family_a,5,14,87e8df99395eb57a470718dd9dd960841f15be0309b7231eec642794b46b9890,c941d284414081c63f49cad1b4efdf87a4996d94ab0f2f4513420967f1a52ab6,0.4449400613325899
v16x,1536,9365,127341,exposure_matched_local,1993777341,seed_family_a,5,15,87e8df99395eb57a470718dd9dd960841f15be0309b7231eec642794b46b9890,275e74b665ad4a3550e3a814aaccd4a6167e389ece1b1c60c036fae6206e317d,0.4552550878171174
v16x,1536,9365,127341,exposure_matched_local,1993777341,seed_family_a,6,7,f9b5a2322f689354b795a8c589b7e83fed55091c7f490ded702ae734d5d35a15,af16321cdc8a0af4582fde3b7081a48b22e8a7ecf34b91b073aecc7bee0d7316,0.4413158628380262
v16x,1536,9365,127341,exposure_matched_local,1993777341,seed_family_a,6,8,f9b5a2322f689354b795a8c589b7e83fed55091c7f490ded702ae734d5d35a15,1d359458ba8bb762210b388996ff7a63b9fcdf123942c56ebc0b952d7ab27da3,0.4446612768330081
v16x,1536,9365,127341,exposure_matched_local,1993777341,seed_family_a,6,9,f9b5a2322f689354b795a8c589b7e83fed55091c7f490ded702ae734d5d35a15,6c84ec5c025481c7774a0883f65bdaf6dec6130463874e91448e61c626d1f7fb,0.44661276833008084
v16x,1536,9365,127341,exposure_matched_local,1993777341,seed_family_a,6,10,f9b5a2322f689354b795a8c589b7e83fed55091c7f490ded702ae734d5d35a15,0455eb28215935fbabc752969af32f34dbf141cb2d6877f5e9235ca7a273e15b,0.4538611653192082
v16x,1536,9365,127341,exposure_matched_local,1993777341,seed_family_a,6,11,f9b5a2322f689354b795a8c589b7e83fed55091c7f490ded702ae734d5d35a15,59a9d07b5873383d068fb7efc1c7718715f949db2d25199da563dbf50e9e5e59,0.45023696682464454
v16x,1536,9365,127341,exposure_matched_local,1993777341,seed_family_a,6,12,f9b5a2322f689354b795a8c589b7e83fed55091c7f490ded702ae734d5d35a15,87e672b033821608202eb05a89bcf22f12b13ce4f8bd6d11cfd6cab5e88c080f,0.4460551993309172
v16x,1536,9365,127341,exposure_matched_local,1993777341,seed_family_a,6,13,f9b5a2322f689354b795a8c589b7e83fed55091c7f490ded702ae734d5d35a15,06aede5df8853a1b02303c5886b706c20f1fabab3d647561b27f106bdbe3682f,0.45776414831335377
v16x,1536,9365,127341,exposure_matched_local,1993777341,seed_family_a,6,14,f9b5a2322f689354b795a8c589b7e83fed55091c7f490ded702ae734d5d35a15,c941d284414081c63f49cad1b4efdf87a4996d94ab0f2f4513420967f1a52ab6,0.45218845832171733
v16x,1536,9365,127341,exposure_matched_local,1993777341,seed_family_a,6,15,f9b5a2322f689354b795a8c589b7e83fed55091c7f490ded702ae734d5d35a15,275e74b665ad4a3550e3a814aaccd4a6167e389ece1b1c60c036fae6206e317d,0.4494006133258991
v16x,1536,9365,127341,exposure_matched_local,1993777341,seed_family_a,7,8,af16321cdc8a0af4582fde3b7081a48b22e8a7ecf34b91b073aecc7bee0d7316,1d359458ba8bb762210b388996ff7a63b9fcdf123942c56ebc0b952d7ab27da3,0.4546975188179537
v16x,1536,9365,127341,exposure_matched_local,1993777341,seed_family_a,7,9,af16321cdc8a0af4582fde3b7081a48b22e8a7ecf34b91b073aecc7bee0d7316,6c84ec5c025481c7774a0883f65bdaf6dec6130463874e91448e61c626d1f7fb,0.4546975188179537
v16x,1536,9365,127341,exposure_matched_local,1993777341,seed_family_a,7,10,af16321cdc8a0af4582fde3b7081a48b22e8a7ecf34b91b073aecc7bee0d7316,0455eb28215935fbabc752969af32f34dbf141cb2d6877f5e9235ca7a273e15b,0.45218845832171733
v16x,1536,9365,127341,exposure_matched_local,1993777341,seed_family_a,7,11,af16321cdc8a0af4582fde3b7081a48b22e8a7ecf34b91b073aecc7bee0d7316,59a9d07b5873383d068fb7efc1c7718715f949db2d25199da563dbf50e9e5e59,0.45887928631168107
v16x,1536,9365,127341,exposure_matched_local,1993777341,seed_family_a,7,12,af16321cdc8a0af4582fde3b7081a48b22e8a7ecf34b91b073aecc7bee0d7316,87e672b033821608202eb05a89bcf22f12b13ce4f8bd6d11cfd6cab5e88c080f,0.43713409534429887
v16x,1536,9365,127341,exposure_matched_local,1993777341,seed_family_a,7,13,af16321cdc8a0af4582fde3b7081a48b22e8a7ecf34b91b073aecc7bee0d7316,06aede5df8853a1b02303c5886b706c20f1fabab3d647561b27f106bdbe3682f,0.4597156398104265
v16x,1536,9365,127341,exposure_matched_local,1993777341,seed_family_a,7,14,af16321cdc8a0af4582fde3b7081a48b22e8a7ecf34b91b073aecc7bee0d7316,c941d284414081c63f49cad1b4efdf87a4996d94ab0f2f4513420967f1a52ab6,0.43964315584053526
v16x,1536,9365,127341,exposure_matched_local,1993777341,seed_family_a,7,15,af16321cdc8a0af4582fde3b7081a48b22e8a7ecf34b91b073aecc7bee0d7316,275e74b665ad4a3550e3a814aaccd4a6167e389ece1b1c60c036fae6206e317d,0.4519096738221355
v16x,1536,9365,127341,exposure_matched_local,1993777341,seed_family_a,8,9,1d359458ba8bb762210b388996ff7a63b9fcdf123942c56ebc0b952d7ab27da3,6c84ec5c025481c7774a0883f65bdaf6dec6130463874e91448e61c626d1f7fb,0.44549763033175355
v16x,1536,9365,127341,exposure_matched_local,1993777341,seed_family_a,8,10,1d359458ba8bb762210b388996ff7a63b9fcdf123942c56ebc0b952d7ab27da3,0455eb28215935fbabc752969af32f34dbf141cb2d6877f5e9235ca7a273e15b,0.4530248118204628
v16x,1536,9365,127341,exposure_matched_local,1993777341,seed_family_a,8,11,1d359458ba8bb762210b388996ff7a63b9fcdf123942c56ebc0b952d7ab27da3,59a9d07b5873383d068fb7efc1c7718715f949db2d25199da563dbf50e9e5e59,0.441594647337608
v16x,1536,9365,127341,exposure_matched_local,1993777341,seed_family_a,8,12,1d359458ba8bb762210b388996ff7a63b9fcdf123942c56ebc0b952d7ab27da3,87e672b033821608202eb05a89bcf22f12b13ce4f8bd6d11cfd6cab5e88c080f,0.44884304432673544
v16x,1536,9365,127341,exposure_matched_local,1993777341,seed_family_a,8,13,1d359458ba8bb762210b388996ff7a63b9fcdf123942c56ebc0b952d7ab27da3,06aede5df8853a1b02303c5886b706c20f1fabab3d647561b27f106bdbe3682f,0.44410370783384445
v16x,1536,9365,127341,exposure_matched_local,1993777341,seed_family_a,8,14,1d359458ba8bb762210b388996ff7a63b9fcdf123942c56ebc0b952d7ab27da3,c941d284414081c63f49cad1b4efdf87a4996d94ab0f2f4513420967f1a52ab6,0.4552550878171174
v16x,1536,9365,127341,exposure_matched_local,1993777341,seed_family_a,8,15,1d359458ba8bb762210b388996ff7a63b9fcdf123942c56ebc0b952d7ab27da3,275e74b665ad4a3550e3a814aaccd4a6167e389ece1b1c60c036fae6206e317d,0.45218845832171733
v16x,1536,9365,127341,exposure_matched_local,1993777341,seed_family_a,9,10,6c84ec5c025481c7774a0883f65bdaf6dec6130463874e91448e61c626d1f7fb,0455eb28215935fbabc752969af32f34dbf141cb2d6877f5e9235ca7a273e15b,0.45246724282129913
v16x,1536,9365,127341,exposure_matched_local,1993777341,seed_family_a,9,11,6c84ec5c025481c7774a0883f65bdaf6dec6130463874e91448e61c626d1f7fb,59a9d07b5873383d068fb7efc1c7718715f949db2d25199da563dbf50e9e5e59,0.455812656816281
v16x,1536,9365,127341,exposure_matched_local,1993777341,seed_family_a,9,12,6c84ec5c025481c7774a0883f65bdaf6dec6130463874e91448e61c626d1f7fb,87e672b033821608202eb05a89bcf22f12b13ce4f8bd6d11cfd6cab5e88c080f,0.44884304432673544
v16x,1536,9365,127341,exposure_matched_local,1993777341,seed_family_a,9,13,6c84ec5c025481c7774a0883f65bdaf6dec6130463874e91448e61c626d1f7fb,06aede5df8853a1b02303c5886b706c20f1fabab3d647561b27f106bdbe3682f,0.44438249233342625
v16x,1536,9365,127341,exposure_matched_local,1993777341,seed_family_a,9,14,6c84ec5c025481c7774a0883f65bdaf6dec6130463874e91448e61c626d1f7fb,c941d284414081c63f49cad1b4efdf87a4996d94ab0f2f4513420967f1a52ab6,0.45330359632004463
v16x,1536,9365,127341,exposure_matched_local,1993777341,seed_family_a,9,15,6c84ec5c025481c7774a0883f65bdaf6dec6130463874e91448e61c626d1f7fb,275e74b665ad4a3550e3a814aaccd4a6167e389ece1b1c60c036fae6206e317d,0.4560914413158628
v16x,1536,9365,127341,exposure_matched_local,1993777341,seed_family_a,10,11,0455eb28215935fbabc752969af32f34dbf141cb2d6877f5e9235ca7a273e15b,59a9d07b5873383d068fb7efc1c7718715f949db2d25199da563dbf50e9e5e59,0.45860050181209927
v16x,1536,9365,127341,exposure_matched_local,1993777341,seed_family_a,10,12,0455eb28215935fbabc752969af32f34dbf141cb2d6877f5e9235ca7a273e15b,87e672b033821608202eb05a89bcf22f12b13ce4f8bd6d11cfd6cab5e88c080f,0.47058823529411764
v16x,1536,9365,127341,exposure_matched_local,1993777341,seed_family_a,10,13,0455eb28215935fbabc752969af32f34dbf141cb2d6877f5e9235ca7a273e15b,06aede5df8853a1b02303c5886b706c20f1fabab3d647561b27f106bdbe3682f,0.4496793978254809
v16x,1536,9365,127341,exposure_matched_local,1993777341,seed_family_a,10,14,0455eb28215935fbabc752969af32f34dbf141cb2d6877f5e9235ca7a273e15b,c941d284414081c63f49cad1b4efdf87a4996d94ab0f2f4513420967f1a52ab6,0.4546975188179537
v16x,1536,9365,127341,exposure_matched_local,1993777341,seed_family_a,10,15,0455eb28215935fbabc752969af32f34dbf141cb2d6877f5e9235ca7a273e15b,275e74b665ad4a3550e3a814aaccd4a6167e389ece1b1c60c036fae6206e317d,0.44215221633677165
v16x,1536,9365,127341,exposure_matched_local,1993777341,seed_family_a,11,12,59a9d07b5873383d068fb7efc1c7718715f949db2d25199da563dbf50e9e5e59,87e672b033821608202eb05a89bcf22f12b13ce4f8bd6d11cfd6cab5e88c080f,0.44103707833844435
v16x,1536,9365,127341,exposure_matched_local,1993777341,seed_family_a,11,13,59a9d07b5873383d068fb7efc1c7718715f949db2d25199da563dbf50e9e5e59,06aede5df8853a1b02303c5886b706c20f1fabab3d647561b27f106bdbe3682f,0.4538611653192082
v16x,1536,9365,127341,exposure_matched_local,1993777341,seed_family_a,11,14,59a9d07b5873383d068fb7efc1c7718715f949db2d25199da563dbf50e9e5e59,c941d284414081c63f49cad1b4efdf87a4996d94ab0f2f4513420967f1a52ab6,0.4449400613325899
v16x,1536,9365,127341,exposure_matched_local,1993777341,seed_family_a,11,15,59a9d07b5873383d068fb7efc1c7718715f949db2d25199da563dbf50e9e5e59,275e74b665ad4a3550e3a814aaccd4a6167e389ece1b1c60c036fae6206e317d,0.4546975188179537
v16x,1536,9365,127341,exposure_matched_local,1993777341,seed_family_a,12,13,87e672b033821608202eb05a89bcf22f12b13ce4f8bd6d11cfd6cab5e88c080f,06aede5df8853a1b02303c5886b706c20f1fabab3d647561b27f106bdbe3682f,0.44438249233342625
v16x,1536,9365,127341,exposure_matched_local,1993777341,seed_family_a,12,14,87e672b033821608202eb05a89bcf22f12b13ce4f8bd6d11cfd6cab5e88c080f,c941d284414081c63f49cad1b4efdf87a4996d94ab0f2f4513420967f1a52ab6,0.4580429328129356
v16x,1536,9365,127341,exposure_matched_local,1993777341,seed_family_a,12,15,87e672b033821608202eb05a89bcf22f12b13ce4f8bd6d11cfd6cab5e88c080f,275e74b665ad4a3550e3a814aaccd4a6167e389ece1b1c60c036fae6206e317d,0.441594647337608
v16x,1536,9365,127341,exposure_matched_local,1993777341,seed_family_a,13,14,06aede5df8853a1b02303c5886b706c20f1fabab3d647561b27f106bdbe3682f,c941d284414081c63f49cad1b4efdf87a4996d94ab0f2f4513420967f1a52ab6,0.4560914413158628
v16x,1536,9365,127341,exposure_matched_local,1993777341,seed_family_a,13,15,06aede5df8853a1b02303c5886b706c20f1fabab3d647561b27f106bdbe3682f,275e74b665ad4a3550e3a814aaccd4a6167e389ece1b1c60c036fae6206e317d,0.44800669082798994
v16x,1536,9365,127341,exposure_matched_local,1993777341,seed_family_a,14,15,c941d284414081c63f49cad1b4efdf87a4996d94ab0f2f4513420967f1a52ab6,275e74b665ad4a3550e3a814aaccd4a6167e389ece1b1c60c036fae6206e317d,0.45135210482297183
v16x,1536,9365,127341,exposure_matched_local,1993777341,seed_family_b,0,1,d2bf0c29a3ed90540e2821cfcc7f651ef96d9036fdf68d0b1631c775811e7cec,d1230088dbea5973ff9a01ecbff1c93fc3ee043a010b937fb0de9cfec5be07aa,0.4427097853359353
v16x,1536,9365,127341,exposure_matched_local,1993777341,seed_family_b,0,2,d2bf0c29a3ed90540e2821cfcc7f651ef96d9036fdf68d0b1631c775811e7cec,b2abefa8d1587e51eaa499411fc7f99d1b7a77722f2b49b2d3b46357b4c959ae,0.45107332032339004
v16x,1536,9365,127341,exposure_matched_local,1993777341,seed_family_b,0,3,d2bf0c29a3ed90540e2821cfcc7f651ef96d9036fdf68d0b1631c775811e7cec,4384bd1fbee107e4580cfbec45d153390bdf5abbc19009f302322a22a111ddbe,0.44633398383049905
v16x,1536,9365,127341,exposure_matched_local,1993777341,seed_family_b,0,4,d2bf0c29a3ed90540e2821cfcc7f651ef96d9036fdf68d0b1631c775811e7cec,bec2942b8fba5675029c79a7647617dabe408af4bff6f6d365579cf9d54b3ddc,0.45023696682464454
v16x,1536,9365,127341,exposure_matched_local,1993777341,seed_family_b,0,5,d2bf0c29a3ed90540e2821cfcc7f651ef96d9036fdf68d0b1631c775811e7cec,d4903283176b3dff6f74047494c9e49980d96ab993ac76cbfc4df6555e0b9185,0.4457764148313354
v16x,1536,9365,127341,exposure_matched_local,1993777341,seed_family_b,0,6,d2bf0c29a3ed90540e2821cfcc7f651ef96d9036fdf68d0b1631c775811e7cec,893e1e4a8f5acc099dd5336bc101cd8ef338a77ff1379c44a2318fcfffebe8a4,0.44800669082798994
v16x,1536,9365,127341,exposure_matched_local,1993777341,seed_family_b,0,7,d2bf0c29a3ed90540e2821cfcc7f651ef96d9036fdf68d0b1631c775811e7cec,f154e98c4d83a32d6aa19be3048b50b86ebacaca0757f9f630b55618e20b8589,0.44549763033175355
v16x,1536,9365,127341,exposure_matched_local,1993777341,seed_family_b,0,8,d2bf0c29a3ed90540e2821cfcc7f651ef96d9036fdf68d0b1631c775811e7cec,4e16ac2b9423ad0d0e1250f6c386125db96696012b7ee60794a39af7b8eb9e8f,0.4546975188179537
v16x,1536,9365,127341,exposure_matched_local,1993777341,seed_family_b,0,9,d2bf0c29a3ed90540e2821cfcc7f651ef96d9036fdf68d0b1631c775811e7cec,e4f21359ab32c999d5fb780a799841f87aebaec06bd2caa5b6c5a1a8408b5964,0.45107332032339004
v16x,1536,9365,127341,exposure_matched_local,1993777341,seed_family_b,0,10,d2bf0c29a3ed90540e2821cfcc7f651ef96d9036fdf68d0b1631c775811e7cec,b5dba7d0abb94f7402f7902508e7f23c4c64c34db9ad86149b3fe68c526c8a58,0.4346250348480625
v16x,1536,9365,127341,exposure_matched_local,1993777341,seed_family_b,0,11,d2bf0c29a3ed90540e2821cfcc7f651ef96d9036fdf68d0b1631c775811e7cec,cf57fcf7dcf0c012ea11d545a377e16ff083c271a66349e204928a8410a2f3fe,0.44884304432673544
v16x,1536,9365,127341,exposure_matched_local,1993777341,seed_family_b,0,12,d2bf0c29a3ed90540e2821cfcc7f651ef96d9036fdf68d0b1631c775811e7cec,abce971cb27d1a34899b18bf04e2555768f5b75305f3a46f62544ed4df9231bd,0.4544187343183719
v16x,1536,9365,127341,exposure_matched_local,1993777341,seed_family_b,0,13,d2bf0c29a3ed90540e2821cfcc7f651ef96d9036fdf68d0b1631c775811e7cec,0c28c50396fc2131b1aae3aa7d52e6cd1803c55c097c231bf4e385b7ca7c4d69,0.4530248118204628
v16x,1536,9365,127341,exposure_matched_local,1993777341,seed_family_b,0,14,d2bf0c29a3ed90540e2821cfcc7f651ef96d9036fdf68d0b1631c775811e7cec,fe77a198ba58c9cf837e7ef182560318fe72aceb484ff980fc56266bd8abd501,0.4505157513242264
v16x,1536,9365,127341,exposure_matched_local,1993777341,seed_family_b,0,15,d2bf0c29a3ed90540e2821cfcc7f651ef96d9036fdf68d0b1631c775811e7cec,8d7f9f7126229531f3a738e207ff2cb381ab6d89b44e776d59a518e278df2d6a,0.457485363813772
v16x,1536,9365,127341,exposure_matched_local,1993777341,seed_family_b,1,2,d1230088dbea5973ff9a01ecbff1c93fc3ee043a010b937fb0de9cfec5be07aa,b2abefa8d1587e51eaa499411fc7f99d1b7a77722f2b49b2d3b46357b4c959ae,0.455812656816281
v16x,1536,9365,127341,exposure_matched_local,1993777341,seed_family_b,1,3,d1230088dbea5973ff9a01ecbff1c93fc3ee043a010b937fb0de9cfec5be07aa,4384bd1fbee107e4580cfbec45d153390bdf5abbc19009f302322a22a111ddbe,0.44438249233342625
v16x,1536,9365,127341,exposure_matched_local,1993777341,seed_family_b,1,4,d1230088dbea5973ff9a01ecbff1c93fc3ee043a010b937fb0de9cfec5be07aa,bec2942b8fba5675029c79a7647617dabe408af4bff6f6d365579cf9d54b3ddc,0.44326735433509895
v16x,1536,9365,127341,exposure_matched_local,1993777341,seed_family_b,1,5,d1230088dbea5973ff9a01ecbff1c93fc3ee043a010b937fb0de9cfec5be07aa,d4903283176b3dff6f74047494c9e49980d96ab993ac76cbfc4df6555e0b9185,0.455812656816281
v16x,1536,9365,127341,exposure_matched_local,1993777341,seed_family_b,1,6,d1230088dbea5973ff9a01ecbff1c93fc3ee043a010b937fb0de9cfec5be07aa,893e1e4a8f5acc099dd5336bc101cd8ef338a77ff1379c44a2318fcfffebe8a4,0.44912182882631724
v16x,1536,9365,127341,exposure_matched_local,1993777341,seed_family_b,1,7,d1230088dbea5973ff9a01ecbff1c93fc3ee043a010b937fb0de9cfec5be07aa,f154e98c4d83a32d6aa19be3048b50b86ebacaca0757f9f630b55618e20b8589,0.44298856983551715
v16x,1536,9365,127341,exposure_matched_local,1993777341,seed_family_b,1,8,d1230088dbea5973ff9a01ecbff1c93fc3ee043a010b937fb0de9cfec5be07aa,4e16ac2b9423ad0d0e1250f6c386125db96696012b7ee60794a39af7b8eb9e8f,0.45107332032339004
v16x,1536,9365,127341,exposure_matched_local,1993777341,seed_family_b,1,9,d1230088dbea5973ff9a01ecbff1c93fc3ee043a010b937fb0de9cfec5be07aa,e4f21359ab32c999d5fb780a799841f87aebaec06bd2caa5b6c5a1a8408b5964,0.4549763033175355
v16x,1536,9365,127341,exposure_matched_local,1993777341,seed_family_b,1,10,d1230088dbea5973ff9a01ecbff1c93fc3ee043a010b937fb0de9cfec5be07aa,b5dba7d0abb94f7402f7902508e7f23c4c64c34db9ad86149b3fe68c526c8a58,0.44661276833008084
v16x,1536,9365,127341,exposure_matched_local,1993777341,seed_family_b,1,11,d1230088dbea5973ff9a01ecbff1c93fc3ee043a010b937fb0de9cfec5be07aa,cf57fcf7dcf0c012ea11d545a377e16ff083c271a66349e204928a8410a2f3fe,0.4546975188179537
v16x,1536,9365,127341,exposure_matched_local,1993777341,seed_family_b,1,12,d1230088dbea5973ff9a01ecbff1c93fc3ee043a010b937fb0de9cfec5be07aa,abce971cb27d1a34899b18bf04e2555768f5b75305f3a46f62544ed4df9231bd,0.4541399498187901
v16x,1536,9365,127341,exposure_matched_local,1993777341,seed_family_b,1,13,d1230088dbea5973ff9a01ecbff1c93fc3ee043a010b937fb0de9cfec5be07aa,0c28c50396fc2131b1aae3aa7d52e6cd1803c55c097c231bf4e385b7ca7c4d69,0.4468915528296627
v16x,1536,9365,127341,exposure_matched_local,1993777341,seed_family_b,1,14,d1230088dbea5973ff9a01ecbff1c93fc3ee043a010b937fb0de9cfec5be07aa,fe77a198ba58c9cf837e7ef182560318fe72aceb484ff980fc56266bd8abd501,0.45107332032339004
v16x,1536,9365,127341,exposure_matched_local,1993777341,seed_family_b,1,15,d1230088dbea5973ff9a01ecbff1c93fc3ee043a010b937fb0de9cfec5be07aa,8d7f9f7126229531f3a738e207ff2cb381ab6d89b44e776d59a518e278df2d6a,0.4485642598271536
v16x,1536,9365,127341,exposure_matched_local,1993777341,seed_family_b,2,3,b2abefa8d1587e51eaa499411fc7f99d1b7a77722f2b49b2d3b46357b4c959ae,4384bd1fbee107e4580cfbec45d153390bdf5abbc19009f302322a22a111ddbe,0.45246724282129913
v16x,1536,9365,127341,exposure_matched_local,1993777341,seed_family_b,2,4,b2abefa8d1587e51eaa499411fc7f99d1b7a77722f2b49b2d3b46357b4c959ae,bec2942b8fba5675029c79a7647617dabe408af4bff6f6d365579cf9d54b3ddc,0.44772790632840814
v16x,1536,9365,127341,exposure_matched_local,1993777341,seed_family_b,2,5,b2abefa8d1587e51eaa499411fc7f99d1b7a77722f2b49b2d3b46357b4c959ae,d4903283176b3dff6f74047494c9e49980d96ab993ac76cbfc4df6555e0b9185,0.452746027320881
v16x,1536,9365,127341,exposure_matched_local,1993777341,seed_family_b,2,6,b2abefa8d1587e51eaa499411fc7f99d1b7a77722f2b49b2d3b46357b4c959ae,893e1e4a8f5acc099dd5336bc101cd8ef338a77ff1379c44a2318fcfffebe8a4,0.44661276833008084
v16x,1536,9365,127341,exposure_matched_local,1993777341,seed_family_b,2,7,b2abefa8d1587e51eaa499411fc7f99d1b7a77722f2b49b2d3b46357b4c959ae,f154e98c4d83a32d6aa19be3048b50b86ebacaca0757f9f630b55618e20b8589,0.44438249233342625
v16x,1536,9365,127341,exposure_matched_local,1993777341,seed_family_b,2,8,b2abefa8d1587e51eaa499411fc7f99d1b7a77722f2b49b2d3b46357b4c959ae,4e16ac2b9423ad0d0e1250f6c386125db96696012b7ee60794a39af7b8eb9e8f,0.4650125453024812
v16x,1536,9365,127341,exposure_matched_local,1993777341,seed_family_b,2,9,b2abefa8d1587e51eaa499411fc7f99d1b7a77722f2b49b2d3b46357b4c959ae,e4f21359ab32c999d5fb780a799841f87aebaec06bd2caa5b6c5a1a8408b5964,0.4505157513242264
v16x,1536,9365,127341,exposure_matched_local,1993777341,seed_family_b,2,10,b2abefa8d1587e51eaa499411fc7f99d1b7a77722f2b49b2d3b46357b4c959ae,b5dba7d0abb94f7402f7902508e7f23c4c64c34db9ad86149b3fe68c526c8a58,0.45664901031502647
v16x,1536,9365,127341,exposure_matched_local,1993777341,seed_family_b,2,11,b2abefa8d1587e51eaa499411fc7f99d1b7a77722f2b49b2d3b46357b4c959ae,cf57fcf7dcf0c012ea11d545a377e16ff083c271a66349e204928a8410a2f3fe,0.4541399498187901
v16x,1536,9365,127341,exposure_matched_local,1993777341,seed_family_b,2,12,b2abefa8d1587e51eaa499411fc7f99d1b7a77722f2b49b2d3b46357b4c959ae,abce971cb27d1a34899b18bf04e2555768f5b75305f3a46f62544ed4df9231bd,0.452746027320881
v16x,1536,9365,127341,exposure_matched_local,1993777341,seed_family_b,2,13,b2abefa8d1587e51eaa499411fc7f99d1b7a77722f2b49b2d3b46357b4c959ae,0c28c50396fc2131b1aae3aa7d52e6cd1803c55c097c231bf4e385b7ca7c4d69,0.4507945358238082
v16x,1536,9365,127341,exposure_matched_local,1993777341,seed_family_b,2,14,b2abefa8d1587e51eaa499411fc7f99d1b7a77722f2b49b2d3b46357b4c959ae,fe77a198ba58c9cf837e7ef182560318fe72aceb484ff980fc56266bd8abd501,0.4507945358238082
v16x,1536,9365,127341,exposure_matched_local,1993777341,seed_family_b,2,15,b2abefa8d1587e51eaa499411fc7f99d1b7a77722f2b49b2d3b46357b4c959ae,8d7f9f7126229531f3a738e207ff2cb381ab6d89b44e776d59a518e278df2d6a,0.4505157513242264
v16x,1536,9365,127341,exposure_matched_local,1993777341,seed_family_b,3,4,4384bd1fbee107e4580cfbec45d153390bdf5abbc19009f302322a22a111ddbe,bec2942b8fba5675029c79a7647617dabe408af4bff6f6d365579cf9d54b3ddc,0.4505157513242264
v16x,1536,9365,127341,exposure_matched_local,1993777341,seed_family_b,3,5,4384bd1fbee107e4580cfbec45d153390bdf5abbc19009f302322a22a111ddbe,d4903283176b3dff6f74047494c9e49980d96ab993ac76cbfc4df6555e0b9185,0.4563702258154447
v16x,1536,9365,127341,exposure_matched_local,1993777341,seed_family_b,3,6,4384bd1fbee107e4580cfbec45d153390bdf5abbc19009f302322a22a111ddbe,893e1e4a8f5acc099dd5336bc101cd8ef338a77ff1379c44a2318fcfffebe8a4,0.4507945358238082
v16x,1536,9365,127341,exposure_matched_local,1993777341,seed_family_b,3,7,4384bd1fbee107e4580cfbec45d153390bdf5abbc19009f302322a22a111ddbe,f154e98c4d83a32d6aa19be3048b50b86ebacaca0757f9f630b55618e20b8589,0.4457764148313354
v16x,1536,9365,127341,exposure_matched_local,1993777341,seed_family_b,3,8,4384bd1fbee107e4580cfbec45d153390bdf5abbc19009f302322a22a111ddbe,4e16ac2b9423ad0d0e1250f6c386125db96696012b7ee60794a39af7b8eb9e8f,0.45358238081962643
v16x,1536,9365,127341,exposure_matched_local,1993777341,seed_family_b,3,9,4384bd1fbee107e4580cfbec45d153390bdf5abbc19009f302322a22a111ddbe,e4f21359ab32c999d5fb780a799841f87aebaec06bd2caa5b6c5a1a8408b5964,0.4563702258154447
v16x,1536,9365,127341,exposure_matched_local,1993777341,seed_family_b,3,10,4384bd1fbee107e4580cfbec45d153390bdf5abbc19009f302322a22a111ddbe,b5dba7d0abb94f7402f7902508e7f23c4c64c34db9ad86149b3fe68c526c8a58,0.4560914413158628
v16x,1536,9365,127341,exposure_matched_local,1993777341,seed_family_b,3,11,4384bd1fbee107e4580cfbec45d153390bdf5abbc19009f302322a22a111ddbe,cf57fcf7dcf0c012ea11d545a377e16ff083c271a66349e204928a8410a2f3fe,0.4519096738221355
v16x,1536,9365,127341,exposure_matched_local,1993777341,seed_family_b,3,12,4384bd1fbee107e4580cfbec45d153390bdf5abbc19009f302322a22a111ddbe,abce971cb27d1a34899b18bf04e2555768f5b75305f3a46f62544ed4df9231bd,0.44047950933928076
v16x,1536,9365,127341,exposure_matched_local,1993777341,seed_family_b,3,13,4384bd1fbee107e4580cfbec45d153390bdf5abbc19009f302322a22a111ddbe,0c28c50396fc2131b1aae3aa7d52e6cd1803c55c097c231bf4e385b7ca7c4d69,0.45218845832171733
v16x,1536,9365,127341,exposure_matched_local,1993777341,seed_family_b,3,14,4384bd1fbee107e4580cfbec45d153390bdf5abbc19009f302322a22a111ddbe,fe77a198ba58c9cf837e7ef182560318fe72aceb484ff980fc56266bd8abd501,0.4538611653192082
v16x,1536,9365,127341,exposure_matched_local,1993777341,seed_family_b,3,15,4384bd1fbee107e4580cfbec45d153390bdf5abbc19009f302322a22a111ddbe,8d7f9f7126229531f3a738e207ff2cb381ab6d89b44e776d59a518e278df2d6a,0.460551993309172
v16x,1536,9365,127341,exposure_matched_local,1993777341,seed_family_b,4,5,bec2942b8fba5675029c79a7647617dabe408af4bff6f6d365579cf9d54b3ddc,d4903283176b3dff6f74047494c9e49980d96ab993ac76cbfc4df6555e0b9185,0.44661276833008084
v16x,1536,9365,127341,exposure_matched_local,1993777341,seed_family_b,4,6,bec2942b8fba5675029c79a7647617dabe408af4bff6f6d365579cf9d54b3ddc,893e1e4a8f5acc099dd5336bc101cd8ef338a77ff1379c44a2318fcfffebe8a4,0.4546975188179537
v16x,1536,9365,127341,exposure_matched_local,1993777341,seed_family_b,4,7,bec2942b8fba5675029c79a7647617dabe408af4bff6f6d365579cf9d54b3ddc,f154e98c4d83a32d6aa19be3048b50b86ebacaca0757f9f630b55618e20b8589,0.44633398383049905
v16x,1536,9365,127341,exposure_matched_local,1993777341,seed_family_b,4,8,bec2942b8fba5675029c79a7647617dabe408af4bff6f6d365579cf9d54b3ddc,4e16ac2b9423ad0d0e1250f6c386125db96696012b7ee60794a39af7b8eb9e8f,0.43852801784220796
v16x,1536,9365,127341,exposure_matched_local,1993777341,seed_family_b,4,9,bec2942b8fba5675029c79a7647617dabe408af4bff6f6d365579cf9d54b3ddc,e4f21359ab32c999d5fb780a799841f87aebaec06bd2caa5b6c5a1a8408b5964,0.4583217173125174
v16x,1536,9365,127341,exposure_matched_local,1993777341,seed_family_b,4,10,bec2942b8fba5675029c79a7647617dabe408af4bff6f6d365579cf9d54b3ddc,b5dba7d0abb94f7402f7902508e7f23c4c64c34db9ad86149b3fe68c526c8a58,0.4519096738221355
v16x,1536,9365,127341,exposure_matched_local,1993777341,seed_family_b,4,11,bec2942b8fba5675029c79a7647617dabe408af4bff6f6d365579cf9d54b3ddc,cf57fcf7dcf0c012ea11d545a377e16ff083c271a66349e204928a8410a2f3fe,0.4474491218288263
v16x,1536,9365,127341,exposure_matched_local,1993777341,seed_family_b,4,12,bec2942b8fba5675029c79a7647617dabe408af4bff6f6d365579cf9d54b3ddc,abce971cb27d1a34899b18bf04e2555768f5b75305f3a46f62544ed4df9231bd,0.4427097853359353
v16x,1536,9365,127341,exposure_matched_local,1993777341,seed_family_b,4,13,bec2942b8fba5675029c79a7647617dabe408af4bff6f6d365579cf9d54b3ddc,0c28c50396fc2131b1aae3aa7d52e6cd1803c55c097c231bf4e385b7ca7c4d69,0.455812656816281
v16x,1536,9365,127341,exposure_matched_local,1993777341,seed_family_b,4,14,bec2942b8fba5675029c79a7647617dabe408af4bff6f6d365579cf9d54b3ddc,fe77a198ba58c9cf837e7ef182560318fe72aceb484ff980fc56266bd8abd501,0.44800669082798994
v16x,1536,9365,127341,exposure_matched_local,1993777341,seed_family_b,4,15,bec2942b8fba5675029c79a7647617dabe408af4bff6f6d365579cf9d54b3ddc,8d7f9f7126229531f3a738e207ff2cb381ab6d89b44e776d59a518e278df2d6a,0.45246724282129913
v16x,1536,9365,127341,exposure_matched_local,1993777341,seed_family_b,5,6,d4903283176b3dff6f74047494c9e49980d96ab993ac76cbfc4df6555e0b9185,893e1e4a8f5acc099dd5336bc101cd8ef338a77ff1379c44a2318fcfffebe8a4,0.4544187343183719
v16x,1536,9365,127341,exposure_matched_local,1993777341,seed_family_b,5,7,d4903283176b3dff6f74047494c9e49980d96ab993ac76cbfc4df6555e0b9185,f154e98c4d83a32d6aa19be3048b50b86ebacaca0757f9f630b55618e20b8589,0.4388068023417898
v16x,1536,9365,127341,exposure_matched_local,1993777341,seed_family_b,5,8,d4903283176b3dff6f74047494c9e49980d96ab993ac76cbfc4df6555e0b9185,4e16ac2b9423ad0d0e1250f6c386125db96696012b7ee60794a39af7b8eb9e8f,0.44549763033175355
v16x,1536,9365,127341,exposure_matched_local,1993777341,seed_family_b,5,9,d4903283176b3dff6f74047494c9e49980d96ab993ac76cbfc4df6555e0b9185,e4f21359ab32c999d5fb780a799841f87aebaec06bd2caa5b6c5a1a8408b5964,0.4427097853359353
v16x,1536,9365,127341,exposure_matched_local,1993777341,seed_family_b,5,10,d4903283176b3dff6f74047494c9e49980d96ab993ac76cbfc4df6555e0b9185,b5dba7d0abb94f7402f7902508e7f23c4c64c34db9ad86149b3fe68c526c8a58,0.45664901031502647
v16x,1536,9365,127341,exposure_matched_local,1993777341,seed_family_b,5,11,d4903283176b3dff6f74047494c9e49980d96ab993ac76cbfc4df6555e0b9185,cf57fcf7dcf0c012ea11d545a377e16ff083c271a66349e204928a8410a2f3fe,0.44800669082798994
v16x,1536,9365,127341,exposure_matched_local,1993777341,seed_family_b,5,12,d4903283176b3dff6f74047494c9e49980d96ab993ac76cbfc4df6555e0b9185,abce971cb27d1a34899b18bf04e2555768f5b75305f3a46f62544ed4df9231bd,0.44884304432673544
v16x,1536,9365,127341,exposure_matched_local,1993777341,seed_family_b,5,13,d4903283176b3dff6f74047494c9e49980d96ab993ac76cbfc4df6555e0b9185,0c28c50396fc2131b1aae3aa7d52e6cd1803c55c097c231bf4e385b7ca7c4d69,0.441594647337608
v16x,1536,9365,127341,exposure_matched_local,1993777341,seed_family_b,5,14,d4903283176b3dff6f74047494c9e49980d96ab993ac76cbfc4df6555e0b9185,fe77a198ba58c9cf837e7ef182560318fe72aceb484ff980fc56266bd8abd501,0.45330359632004463
v16x,1536,9365,127341,exposure_matched_local,1993777341,seed_family_b,5,15,d4903283176b3dff6f74047494c9e49980d96ab993ac76cbfc4df6555e0b9185,8d7f9f7126229531f3a738e207ff2cb381ab6d89b44e776d59a518e278df2d6a,0.4505157513242264
v16x,1536,9365,127341,exposure_matched_local,1993777341,seed_family_b,6,7,893e1e4a8f5acc099dd5336bc101cd8ef338a77ff1379c44a2318fcfffebe8a4,f154e98c4d83a32d6aa19be3048b50b86ebacaca0757f9f630b55618e20b8589,0.44995818232506274
v16x,1536,9365,127341,exposure_matched_local,1993777341,seed_family_b,6,8,893e1e4a8f5acc099dd5336bc101cd8ef338a77ff1379c44a2318fcfffebe8a4,4e16ac2b9423ad0d0e1250f6c386125db96696012b7ee60794a39af7b8eb9e8f,0.44521884583217175
v16x,1536,9365,127341,exposure_matched_local,1993777341,seed_family_b,6,9,893e1e4a8f5acc099dd5336bc101cd8ef338a77ff1379c44a2318fcfffebe8a4,e4f21359ab32c999d5fb780a799841f87aebaec06bd2caa5b6c5a1a8408b5964,0.45107332032339004
v16x,1536,9365,127341,exposure_matched_local,1993777341,seed_family_b,6,10,893e1e4a8f5acc099dd5336bc101cd8ef338a77ff1379c44a2318fcfffebe8a4,b5dba7d0abb94f7402f7902508e7f23c4c64c34db9ad86149b3fe68c526c8a58,0.4507945358238082
v16x,1536,9365,127341,exposure_matched_local,1993777341,seed_family_b,6,11,893e1e4a8f5acc099dd5336bc101cd8ef338a77ff1379c44a2318fcfffebe8a4,cf57fcf7dcf0c012ea11d545a377e16ff083c271a66349e204928a8410a2f3fe,0.4485642598271536
v16x,1536,9365,127341,exposure_matched_local,1993777341,seed_family_b,6,12,893e1e4a8f5acc099dd5336bc101cd8ef338a77ff1379c44a2318fcfffebe8a4,abce971cb27d1a34899b18bf04e2555768f5b75305f3a46f62544ed4df9231bd,0.4460551993309172
v16x,1536,9365,127341,exposure_matched_local,1993777341,seed_family_b,6,13,893e1e4a8f5acc099dd5336bc101cd8ef338a77ff1379c44a2318fcfffebe8a4,0c28c50396fc2131b1aae3aa7d52e6cd1803c55c097c231bf4e385b7ca7c4d69,0.4474491218288263
v16x,1536,9365,127341,exposure_matched_local,1993777341,seed_family_b,6,14,893e1e4a8f5acc099dd5336bc101cd8ef338a77ff1379c44a2318fcfffebe8a4,fe77a198ba58c9cf837e7ef182560318fe72aceb484ff980fc56266bd8abd501,0.44521884583217175
v16x,1536,9365,127341,exposure_matched_local,1993777341,seed_family_b,6,15,893e1e4a8f5acc099dd5336bc101cd8ef338a77ff1379c44a2318fcfffebe8a4,8d7f9f7126229531f3a738e207ff2cb381ab6d89b44e776d59a518e278df2d6a,0.44884304432673544
v16x,1536,9365,127341,exposure_matched_local,1993777341,seed_family_b,7,8,f154e98c4d83a32d6aa19be3048b50b86ebacaca0757f9f630b55618e20b8589,4e16ac2b9423ad0d0e1250f6c386125db96696012b7ee60794a39af7b8eb9e8f,0.457485363813772
v16x,1536,9365,127341,exposure_matched_local,1993777341,seed_family_b,7,9,f154e98c4d83a32d6aa19be3048b50b86ebacaca0757f9f630b55618e20b8589,e4f21359ab32c999d5fb780a799841f87aebaec06bd2caa5b6c5a1a8408b5964,0.4505157513242264
v16x,1536,9365,127341,exposure_matched_local,1993777341,seed_family_b,7,10,f154e98c4d83a32d6aa19be3048b50b86ebacaca0757f9f630b55618e20b8589,b5dba7d0abb94f7402f7902508e7f23c4c64c34db9ad86149b3fe68c526c8a58,0.44521884583217175
v16x,1536,9365,127341,exposure_matched_local,1993777341,seed_family_b,7,11,f154e98c4d83a32d6aa19be3048b50b86ebacaca0757f9f630b55618e20b8589,cf57fcf7dcf0c012ea11d545a377e16ff083c271a66349e204928a8410a2f3fe,0.4678003902982994
v16x,1536,9365,127341,exposure_matched_local,1993777341,seed_family_b,7,12,f154e98c4d83a32d6aa19be3048b50b86ebacaca0757f9f630b55618e20b8589,abce971cb27d1a34899b18bf04e2555768f5b75305f3a46f62544ed4df9231bd,0.441594647337608
v16x,1536,9365,127341,exposure_matched_local,1993777341,seed_family_b,7,13,f154e98c4d83a32d6aa19be3048b50b86ebacaca0757f9f630b55618e20b8589,0c28c50396fc2131b1aae3aa7d52e6cd1803c55c097c231bf4e385b7ca7c4d69,0.46110956230833566
v16x,1536,9365,127341,exposure_matched_local,1993777341,seed_family_b,7,14,f154e98c4d83a32d6aa19be3048b50b86ebacaca0757f9f630b55618e20b8589,fe77a198ba58c9cf837e7ef182560318fe72aceb484ff980fc56266bd8abd501,0.45664901031502647
v16x,1536,9365,127341,exposure_matched_local,1993777341,seed_family_b,7,15,f154e98c4d83a32d6aa19be3048b50b86ebacaca0757f9f630b55618e20b8589,8d7f9f7126229531f3a738e207ff2cb381ab6d89b44e776d59a518e278df2d6a,0.4591580708112629
v16x,1536,9365,127341,exposure_matched_local,1993777341,seed_family_b,8,9,4e16ac2b9423ad0d0e1250f6c386125db96696012b7ee60794a39af7b8eb9e8f,e4f21359ab32c999d5fb780a799841f87aebaec06bd2caa5b6c5a1a8408b5964,0.4438249233342626
v16x,1536,9365,127341,exposure_matched_local,1993777341,seed_family_b,8,10,4e16ac2b9423ad0d0e1250f6c386125db96696012b7ee60794a39af7b8eb9e8f,b5dba7d0abb94f7402f7902508e7f23c4c64c34db9ad86149b3fe68c526c8a58,0.4471703373292445
v16x,1536,9365,127341,exposure_matched_local,1993777341,seed_family_b,8,11,4e16ac2b9423ad0d0e1250f6c386125db96696012b7ee60794a39af7b8eb9e8f,cf57fcf7dcf0c012ea11d545a377e16ff083c271a66349e204928a8410a2f3fe,0.4471703373292445
v16x,1536,9365,127341,exposure_matched_local,1993777341,seed_family_b,8,12,4e16ac2b9423ad0d0e1250f6c386125db96696012b7ee60794a39af7b8eb9e8f,abce971cb27d1a34899b18bf04e2555768f5b75305f3a46f62544ed4df9231bd,0.455812656816281
v16x,1536,9365,127341,exposure_matched_local,1993777341,seed_family_b,8,13,4e16ac2b9423ad0d0e1250f6c386125db96696012b7ee60794a39af7b8eb9e8f,0c28c50396fc2131b1aae3aa7d52e6cd1803c55c097c231bf4e385b7ca7c4d69,0.44912182882631724
v16x,1536,9365,127341,exposure_matched_local,1993777341,seed_family_b,8,14,4e16ac2b9423ad0d0e1250f6c386125db96696012b7ee60794a39af7b8eb9e8f,fe77a198ba58c9cf837e7ef182560318fe72aceb484ff980fc56266bd8abd501,0.4591580708112629
v16x,1536,9365,127341,exposure_matched_local,1993777341,seed_family_b,8,15,4e16ac2b9423ad0d0e1250f6c386125db96696012b7ee60794a39af7b8eb9e8f,8d7f9f7126229531f3a738e207ff2cb381ab6d89b44e776d59a518e278df2d6a,0.4468915528296627
v16x,1536,9365,127341,exposure_matched_local,1993777341,seed_family_b,9,10,e4f21359ab32c999d5fb780a799841f87aebaec06bd2caa5b6c5a1a8408b5964,b5dba7d0abb94f7402f7902508e7f23c4c64c34db9ad86149b3fe68c526c8a58,0.4519096738221355
v16x,1536,9365,127341,exposure_matched_local,1993777341,seed_family_b,9,11,e4f21359ab32c999d5fb780a799841f87aebaec06bd2caa5b6c5a1a8408b5964,cf57fcf7dcf0c012ea11d545a377e16ff083c271a66349e204928a8410a2f3fe,0.4530248118204628
v16x,1536,9365,127341,exposure_matched_local,1993777341,seed_family_b,9,12,e4f21359ab32c999d5fb780a799841f87aebaec06bd2caa5b6c5a1a8408b5964,abce971cb27d1a34899b18bf04e2555768f5b75305f3a46f62544ed4df9231bd,0.4546975188179537
v16x,1536,9365,127341,exposure_matched_local,1993777341,seed_family_b,9,13,e4f21359ab32c999d5fb780a799841f87aebaec06bd2caa5b6c5a1a8408b5964,0c28c50396fc2131b1aae3aa7d52e6cd1803c55c097c231bf4e385b7ca7c4d69,0.44215221633677165
v16x,1536,9365,127341,exposure_matched_local,1993777341,seed_family_b,9,14,e4f21359ab32c999d5fb780a799841f87aebaec06bd2caa5b6c5a1a8408b5964,fe77a198ba58c9cf837e7ef182560318fe72aceb484ff980fc56266bd8abd501,0.4627822693058266
v16x,1536,9365,127341,exposure_matched_local,1993777341,seed_family_b,9,15,e4f21359ab32c999d5fb780a799841f87aebaec06bd2caa5b6c5a1a8408b5964,8d7f9f7126229531f3a738e207ff2cb381ab6d89b44e776d59a518e278df2d6a,0.4438249233342626
v16x,1536,9365,127341,exposure_matched_local,1993777341,seed_family_b,10,11,b5dba7d0abb94f7402f7902508e7f23c4c64c34db9ad86149b3fe68c526c8a58,cf57fcf7dcf0c012ea11d545a377e16ff083c271a66349e204928a8410a2f3fe,0.44326735433509895
v16x,1536,9365,127341,exposure_matched_local,1993777341,seed_family_b,10,12,b5dba7d0abb94f7402f7902508e7f23c4c64c34db9ad86149b3fe68c526c8a58,abce971cb27d1a34899b18bf04e2555768f5b75305f3a46f62544ed4df9231bd,0.44995818232506274
v16x,1536,9365,127341,exposure_matched_local,1993777341,seed_family_b,10,13,b5dba7d0abb94f7402f7902508e7f23c4c64c34db9ad86149b3fe68c526c8a58,0c28c50396fc2131b1aae3aa7d52e6cd1803c55c097c231bf4e385b7ca7c4d69,0.4616671313074993
v16x,1536,9365,127341,exposure_matched_local,1993777341,seed_family_b,10,14,b5dba7d0abb94f7402f7902508e7f23c4c64c34db9ad86149b3fe68c526c8a58,fe77a198ba58c9cf837e7ef182560318fe72aceb484ff980fc56266bd8abd501,0.44661276833008084
v16x,1536,9365,127341,exposure_matched_local,1993777341,seed_family_b,10,15,b5dba7d0abb94f7402f7902508e7f23c4c64c34db9ad86149b3fe68c526c8a58,8d7f9f7126229531f3a738e207ff2cb381ab6d89b44e776d59a518e278df2d6a,0.44521884583217175
v16x,1536,9365,127341,exposure_matched_local,1993777341,seed_family_b,11,12,cf57fcf7dcf0c012ea11d545a377e16ff083c271a66349e204928a8410a2f3fe,abce971cb27d1a34899b18bf04e2555768f5b75305f3a46f62544ed4df9231bd,0.4552550878171174
v16x,1536,9365,127341,exposure_matched_local,1993777341,seed_family_b,11,13,cf57fcf7dcf0c012ea11d545a377e16ff083c271a66349e204928a8410a2f3fe,0c28c50396fc2131b1aae3aa7d52e6cd1803c55c097c231bf4e385b7ca7c4d69,0.4468915528296627
v16x,1536,9365,127341,exposure_matched_local,1993777341,seed_family_b,11,14,cf57fcf7dcf0c012ea11d545a377e16ff083c271a66349e204928a8410a2f3fe,fe77a198ba58c9cf837e7ef182560318fe72aceb484ff980fc56266bd8abd501,0.4546975188179537
v16x,1536,9365,127341,exposure_matched_local,1993777341,seed_family_b,11,15,cf57fcf7dcf0c012ea11d545a377e16ff083c271a66349e204928a8410a2f3fe,8d7f9f7126229531f3a738e207ff2cb381ab6d89b44e776d59a518e278df2d6a,0.4516308893225537
v16x,1536,9365,127341,exposure_matched_local,1993777341,seed_family_b,12,13,abce971cb27d1a34899b18bf04e2555768f5b75305f3a46f62544ed4df9231bd,0c28c50396fc2131b1aae3aa7d52e6cd1803c55c097c231bf4e385b7ca7c4d69,0.4516308893225537
v16x,1536,9365,127341,exposure_matched_local,1993777341,seed_family_b,12,14,abce971cb27d1a34899b18bf04e2555768f5b75305f3a46f62544ed4df9231bd,fe77a198ba58c9cf837e7ef182560318fe72aceb484ff980fc56266bd8abd501,0.44326735433509895
v16x,1536,9365,127341,exposure_matched_local,1993777341,seed_family_b,12,15,abce971cb27d1a34899b18bf04e2555768f5b75305f3a46f62544ed4df9231bd,8d7f9f7126229531f3a738e207ff2cb381ab6d89b44e776d59a518e278df2d6a,0.4446612768330081
v16x,1536,9365,127341,exposure_matched_local,1993777341,seed_family_b,13,14,0c28c50396fc2131b1aae3aa7d52e6cd1803c55c097c231bf4e385b7ca7c4d69,fe77a198ba58c9cf837e7ef182560318fe72aceb484ff980fc56266bd8abd501,0.4482854753275718
v16x,1536,9365,127341,exposure_matched_local,1993777341,seed_family_b,13,15,0c28c50396fc2131b1aae3aa7d52e6cd1803c55c097c231bf4e385b7ca7c4d69,8d7f9f7126229531f3a738e207ff2cb381ab6d89b44e776d59a518e278df2d6a,0.4494006133258991
v16x,1536,9365,127341,exposure_matched_local,1993777341,seed_family_b,14,15,fe77a198ba58c9cf837e7ef182560318fe72aceb484ff980fc56266bd8abd501,8d7f9f7126229531f3a738e207ff2cb381ab6d89b44e776d59a518e278df2d6a,0.4357401728463897
